u,v,label,score_total,score_degree,score_cn,score_residual,score_interaction,interaction_share,degree_u,degree_v,degree_score,cn_raw,cn,cn_expected,cn_residual,quadrant,model_cn_expected,model_cn_residual,model_cn_normalized,cn_feature_mode,interaction_mode,rank
733,1062,1,6.762667655944824,0.9215202331542969,2.657914638519287,2.841801166534424,0.3371729552745819,0.049889396876096725,25,3,4.6443908991413725,1,1,0.29320403018845265,0.39994315037149264,HH,0.29320403933525085,0.39994314312934875,0.1154700443148613,raw_plus_residual,audited,3.0
1416,1468,1,2.8395745754241943,1.0171034336090088,-0.8357876539230347,2.6390788555145264,0.014921469613909721,0.0033108117058873177,17,2,3.988984046564274,0,0,0.23777347371227117,-0.23777347371227117,HL,0.23777347803115845,-0.23777347803115845,0.0,raw_plus_residual,audited,44.0
350,1778,1,5.698760032653809,-0.17762935161590576,2.6356303691864014,2.9401566982269287,0.29634353518486023,0.0489843524992466,13,6,4.584967478670572,1,1,0.6943235818748424,-0.0011764013148971575,HL,0.6943235993385315,-0.0011764168739318848,0.1132277101278305,raw_plus_residual,audited,69.0
657,1740,1,2.015352964401245,-0.45448946952819824,-0.50960773229599,2.959338426589966,0.01585317775607109,0.004024375695735216,10,12,4.962844630259907,0,0,0.5532227172659,-0.5532227172659,HL,0.5532227158546448,-0.5532227158546448,0.0,raw_plus_residual,audited,187.0
1602,2073,1,1.836470127105713,0.07735279947519302,-0.9540973901748657,2.7729873657226562,-0.06403134018182755,0.016552114859223366,7,2,3.1780538303479453,0,0,0.11211141868836359,-0.11211141868836359,HL,0.1121114194393158,-0.1121114194393158,0.0,raw_plus_residual,audited,83.0
507,1300,1,5.77280330657959,-0.01976044476032257,2.6213886737823486,2.8660507202148438,0.3008654713630676,0.051801323890686035,16,6,4.77912349311153,5,5,0.8377997277101631,0.9539597415178919,HH,0.8377997279167175,0.9539597630500793,0.5103103518486023,raw_plus_residual,audited,12.0
1682,2189,1,1.5083558559417725,-0.3294270634651184,-0.6759449243545532,2.5354413986206055,-0.025972113013267517,0.007281658239662647,8,4,3.8066624897703196,0,0,0.3975265844681462,-0.3975265844681462,HL,0.3975265920162201,-0.3975265920162201,0.0,raw_plus_residual,audited,77.0
306,1798,1,6.85948371887207,1.0498807430267334,2.6305453777313232,2.8367531299591064,0.33804574608802795,0.049312129616737366,64,5,5.966146739123692,5,5,0.6749152196721875,1.1168442495558675,HH,0.6749151945114136,1.1168442964553833,0.279508501291275,raw_plus_residual,audited,9.0
661,1878,1,2.630279064178467,0.7170037627220154,-0.8964288234710693,2.821434259414673,-0.015988711267709732,0.0035922781098634005,12,2,3.6635616461296463,0,0,0.17478280430069226,-0.17478280430069226,HL,0.17478279769420624,-0.17478279769420624,0.0,raw_plus_residual,audited,13.0
2446,2448,1,1.8219133615493774,-0.12717191874980927,-0.9525696039199829,2.972541093826294,-0.07514490932226181,0.018206235021352768,6,2,3.0445224377234226,0,0,0.1138261761982892,-0.1138261761982892,HL,0.11382617801427841,-0.11382617801427841,0.0,raw_plus_residual,audited,33.0
1704,1912,1,-1.0648494958877563,-0.007612861692905426,-0.7453436255455017,-0.29119348526000977,-0.02495817467570305,0.02334485575556755,3,9,3.6888794541139367,0,0,0.32911160597804856,-0.32911160597804856,HL,0.32911160588264465,-0.32911160588264465,0.0,raw_plus_residual,audited,237.00000000000003
4,1761,1,4.41188907623291,-0.6350057721138,2.658273220062256,2.1171317100524902,0.26723161339759827,0.04706735536456108,4,5,3.401197381662155,2,2,0.25458177557444955,0.8440305130936601,HH,0.2545817792415619,0.844030499458313,0.4472135901451111,raw_plus_residual,audited,14.0
236,2046,1,5.497878074645996,-0.22817492485046387,2.6269304752349854,2.8031699657440186,0.2916940450668335,0.04902445897459984,9,4,3.9120230054281464,2,2,0.3873850488666309,0.7112272398014787,HH,0.3873850405216217,0.711227297782898,0.3333333432674408,raw_plus_residual,audited,13.0
1411,2218,1,1.3137269020080566,1.3908644914627075,-1.0377793312072754,0.9254198670387268,0.03096318058669567,0.00914710108190775,0,1,0.6931471805599453,0,0,0.0017507562059211408,-0.0017507562059211408,LL,0.0017507561715319753,-0.0017507561715319753,0.0,raw_plus_residual,audited,67.0
1359,1914,1,6.411696434020996,0.5618136525154114,2.6372337341308594,2.8721542358398438,0.33623650670051575,0.05247597023844719,4,22,4.74493212836325,1,1,0.5479365771641735,0.14521060339577174,HH,0.5479365587234497,0.1452106237411499,0.10660035908222198,raw_plus_residual,audited,19.0
1013,1844,1,3.3257482051849365,1.7965306043624878,-1.0766264200210571,2.567030191421509,0.03455531224608421,0.0063117691315710545,29,1,4.0943445622221,0,0,-0.11304463302721786,0.11304463302721786,HH,-0.1130446344614029,0.1130446344614029,0.0,raw_plus_residual,audited,9.0
2263,2490,1,5.3064398765563965,-0.5690075755119324,2.6599700450897217,2.937856435775757,0.27336204051971436,0.04244622960686684,2,1,1.791759469228055,1,1,0.0023449622714699233,0.6908022182884753,LH,0.0023449622094631195,0.6908022165298462,0.7071067690849304,raw_plus_residual,audited,11.0
1072,1802,1,6.783982753753662,1.2888871431350708,2.631948471069336,2.522331714630127,0.3365570306777954,0.049641698598861694,26,2,4.394449154672438,1,1,0.1850842735215646,0.5080629070383806,HH,0.185084268450737,0.5080628991127014,0.1386750489473343,raw_plus_residual,audited,28.0
968,1986,1,3.7384085655212402,1.9241546392440796,-1.042912483215332,2.794863224029541,0.058044519275426865,0.009973328560590744,1,55,4.718498871295095,0,0,-0.009174020886994727,0.009174020886994727,HH,-0.00917402096092701,0.00917402096092701,0.0,raw_plus_residual,audited,35.0
968,1603,1,2.411547899246216,1.3908644914627075,-1.0377793312072754,2.023240804672241,0.03096318058669567,0.006907034665346146,1,0,0.6931471805599453,0,0,0.0017507562059211408,-0.0017507562059211408,LL,0.0017507561715319753,-0.0017507561715319753,0.0,raw_plus_residual,audited,59.0
650,1486,1,1.822379231452942,-0.12717191874980927,-0.9525696039199829,2.9730069637298584,-0.07514490932226181,0.018204178661108017,6,2,3.0445224377234226,0,0,0.1138261761982892,-0.1138261761982892,HL,0.11382617801427841,-0.11382617801427841,0.0,raw_plus_residual,audited,46.0
73,1751,1,3.1647982597351074,1.307690143585205,-1.0389947891235352,2.9005682468414307,-0.00872387271374464,0.001659800298511982,11,1,3.1780538303479458,0,0,-0.0008313379849196862,0.0008313379849196862,HH,-0.0008313379948958755,0.0008313379948958755,0.0,raw_plus_residual,audited,122.0
1602,2074,1,5.597889423370361,-0.27597954869270325,2.6681087017059326,2.904223680496216,0.2972777187824249,0.048372529447078705,7,3,3.465735902799726,1,1,0.30228549038446784,0.39086169017547745,HH,0.30228549242019653,0.3908616900444031,0.2182178795337677,raw_plus_residual,audited,23.0
1599,2614,1,1.4197731018066406,-0.6350057721138,-0.8192272782325745,2.934709072113037,-0.06496158987283707,0.014585315249860287,5,4,3.401197381662155,0,0,0.25458177557444955,-0.25458177557444955,HL,0.2545817792415619,-0.2545817792415619,0.0,raw_plus_residual,audited,205.0
1201,2533,1,-1.967677354812622,1.5386931896209717,-1.037890076637268,-2.4757351875305176,0.002996104536578059,0.0005926642916165292,2,0,1.0986122886681096,0,0,0.0015157287779257898,-0.0015157287779257898,LL,0.0015157287707552314,-0.0015157287707552314,0.0,raw_plus_residual,audited,332.0
1409,1826,1,5.397928237915039,-0.5684739947319031,2.664691686630249,3.0227720737457275,0.2746795415878296,0.04206027090549469,4,6,3.5553480614894135,1,1,0.3825360044576253,0.31061117610232,HH,0.38253599405288696,0.31061118841171265,0.20412413775920868,raw_plus_residual,audited,9.0
756,885,1,-2.075228214263916,-0.27279266715049744,-0.5386176109313965,-1.272326946258545,0.004250611178576946,0.0020357451867312193,10,5,4.189654742026425,0,0,0.5266828745079822,-0.5266828745079822,HL,0.5266828536987305,-0.5266828536987305,0.0,raw_plus_residual,audited,226.0
1153,1401,1,5.918102741241455,-0.0021177977323532104,2.6503920555114746,2.964630603790283,0.3009394407272339,0.05085085332393646,1,4,2.3025850929940455,1,1,0.004185919348928459,0.6889612612110169,LH,0.004185919184237719,0.6889612674713135,0.5,raw_plus_residual,audited,5.0
102,1251,1,5.494523048400879,-0.27597954869270325,2.625070333480835,2.852158308029175,0.28901544213294983,0.04783263057470322,7,3,3.465735902799726,2,2,0.30228549038446784,0.7963267982836417,HH,0.30228549242019653,0.7963268160820007,0.4364357590675354,raw_plus_residual,audited,8.0
567,1513,1,5.48173713684082,-0.3733779788017273,2.605750799179077,2.956277847290039,0.2888278365135193,0.04640375077724457,5,2,2.8903717578961645,1,1,0.10194086582036256,0.5912063147395827,LH,0.10194086283445358,0.5912063121795654,0.3162277638912201,raw_plus_residual,audited,7.0
1282,1735,1,5.287660598754883,-0.44846269488334656,2.6206014156341553,2.8300158977508545,0.28124767541885376,0.04550691694021225,4,7,3.688879454113936,2,2,0.3975265844681462,0.7010857041999634,HH,0.3975265920162201,0.7010856866836548,0.37796449661254883,raw_plus_residual,audited,29.0
1440,1701,1,7.764548301696777,1.948233962059021,2.6373770236968994,2.825284004211426,0.34939491748809814,0.04502343758940697,1,65,4.882801922586371,1,1,0.021792498899605994,0.6713546816603393,HH,0.021792499348521233,0.6713547110557556,0.12403473258018494,raw_plus_residual,audited,1.0
118,581,1,6.169575214385986,0.40858209133148193,2.6445345878601074,2.7801005840301514,0.3320988416671753,0.05386565998196602,18,4,4.553876891600541,1,1,0.4843898450565798,0.2087573355033655,HH,0.4843898415565491,0.20875734090805054,0.1178511381149292,raw_plus_residual,audited,25.0
124,1367,1,1.488210678100586,-0.13495168089866638,-0.8016854524612427,2.462127685546875,-0.041538503021001816,0.012074081227183342,3,8,3.58351893845611,0,0,0.2723434861600855,-0.2723434861600855,HL,0.2723434865474701,-0.2723434865474701,0.0,raw_plus_residual,audited,79.0
1042,1517,1,7.371636390686035,1.601029396057129,2.646336555480957,2.7828924655914307,0.3371196985244751,0.0457584373652935,17,1,3.58351893845611,1,1,0.012189025545326035,0.6809581550146192,HH,0.012189025990664959,0.6809581518173218,0.24253563582897186,raw_plus_residual,audited,2.0
492,1533,1,1.4806439876556396,-0.5966776609420776,-0.8514032363891602,3.0026791095733643,-0.07821281999349594,0.01726943999528885,5,3,3.1780538303479453,0,0,0.22175131833629452,-0.22175131833629452,HL,0.22175131738185883,-0.22175131738185883,0.0,raw_plus_residual,audited,46.0
972,1000,1,0.9701608419418335,-0.7427729964256287,-0.905755877494812,2.6974103450775146,-0.08297935873270035,0.01873580738902092,3,3,2.772588722239781,0,0,0.16522986077655458,-0.16522986077655458,LL,0.16522985696792603,-0.16522985696792603,0.0,raw_plus_residual,audited,70.0
468,647,1,1.4832243919372559,-0.2706082761287689,-1.0381578207015991,2.8361904621124268,-0.048458557575941086,0.01155586913228035,1,1,1.3862943611198906,0,0,0.000947015262518225,-0.000947015262518225,LL,0.0009470152435824275,-0.0009470152435824275,0.0,raw_plus_residual,audited,20.0
121,1910,1,0.41556718945503235,-0.0021177977323532104,-1.0366313457489014,1.5506950616836548,-0.10063742846250534,0.03741054981946945,4,1,2.3025850929940455,0,0,0.004185919348928459,-0.004185919348928459,LL,0.004185919184237719,-0.004185919184237719,0.0,raw_plus_residual,audited,102.0
547,598,1,3.390256881713867,1.7687180042266846,-1.03012216091156,2.608999252319336,0.03840308636426926,0.007051299791783094,1,26,3.9889840465642745,0,0,0.01793321804059085,-0.01793321804059085,HL,0.01793321780860424,-0.01793321780860424,0.0,raw_plus_residual,audited,94.0
452,1258,1,0.7817195057868958,-0.5690075755119324,-1.037499189376831,2.5000734329223633,-0.11610579490661621,0.027495721355080605,2,1,1.791759469228055,0,0,0.0023449622714699233,-0.0023449622714699233,LL,0.0023449622094631195,-0.0023449622094631195,0.0,raw_plus_residual,audited,92.0
1109,2671,1,6.280406951904297,0.3004456162452698,2.6527259349823,3.005397319793701,0.3175796568393707,0.0506010428071022,3,12,3.951243718581427,3,3,0.3225417819760807,1.0637525791438098,HH,0.3225417733192444,1.0637526512145996,0.5,raw_plus_residual,audited,6.0
1365,1702,1,5.514642715454102,-0.007612861692905426,2.650627851486206,2.555943250656128,0.3114255368709564,0.0563603937625885,3,9,3.6888794541139367,1,1,0.32911160597804856,0.3640355745818967,HH,0.32911160588264465,0.36403557658195496,0.19245009124279022,raw_plus_residual,audited,18.0
326,1358,1,7.796268939971924,1.8509619235992432,2.613469362258911,2.9867961406707764,0.3407832682132721,0.04373496025800705,2,139,6.040254711277413,1,1,0.29947694750774245,0.39367023305220283,HH,0.2994769513607025,0.3936702311038971,0.059976015239953995,raw_plus_residual,audited,3.0
718,2059,1,1.0127143859863281,-0.7081918120384216,-0.9900997877120972,2.8163669109344482,-0.1096196323633194,0.023705242201685905,2,3,2.484906649788,0,0,0.07148812393195868,-0.07148812393195868,LL,0.07148812711238861,-0.07148812711238861,0.0,raw_plus_residual,audited,88.0
1085,1421,1,5.205301284790039,-0.5966776609420776,2.6327126026153564,2.890117645263672,0.2748897969722748,0.04298916086554527,3,5,3.1780538303479453,3,3,0.22175131833629452,1.164543042783596,HH,0.22175131738185883,1.1645430326461792,0.774596631526947,raw_plus_residual,audited,11.0
166,2617,1,0.1865096241235733,1.3908644914627075,-1.0377793312072754,-0.20179739594459534,0.03096318058669567,0.011634151451289654,1,0,0.6931471805599453,0,0,0.0017507562059211408,-0.0017507562059211408,LL,0.0017507561715319753,-0.0017507561715319753,0.0,raw_plus_residual,audited,116.0
1856,2045,1,6.51403284072876,0.7138423323631287,2.633408308029175,2.83186936378479,0.3306540250778198,0.050793468952178955,4,27,4.941642422609304,1,1,0.5522982246262746,0.14084895593367064,HH,0.5522982478141785,0.14084893465042114,0.09622504562139511,raw_plus_residual,audited,45.0
307,991,1,4.02573299407959,2.040757894515991,-1.0381578207015991,2.788717269897461,0.23015671968460083,0.03774428740143776,0,0,0.0,0,0,0.000947015262518225,-0.000947015262518225,LL,0.0009470152435824275,-0.0009470152435824275,0.0,raw_plus_residual,audited,1.0
958,1798,1,5.354217529296875,-0.3733779788017273,2.6254708766937256,2.812453508377075,0.28541243076324463,0.04681413620710373,2,5,2.8903717578961645,1,1,0.10194086582036256,0.5912063147395827,LH,0.10194086283445358,0.5912063121795654,0.3162277638912201,raw_plus_residual,audited,26.0
1358,1568,1,7.7803168296813965,1.8509619235992432,2.630946636199951,2.9494802951812744,0.34466928243637085,0.044324420392513275,139,2,6.040254711277413,1,1,0.29947694750774245,0.39367023305220283,HH,0.2994769513607025,0.3936702311038971,0.059976015239953995,raw_plus_residual,audited,22.0
1501,2228,1,5.353766441345215,-0.42821234464645386,2.6302363872528076,2.864095449447632,0.2833884358406067,0.04566411301493645,6,3,3.332204510175204,1,1,0.282183781426312,0.4109633991336333,HH,0.28218379616737366,0.41096338629722595,0.2357022762298584,raw_plus_residual,audited,6.0
14,2668,1,5.123067855834961,-0.6782795786857605,2.633657932281494,2.89080548286438,0.2726256549358368,0.04210195317864418,4,3,2.995732273553991,1,1,0.17500289572026875,0.5181442848396766,HH,0.17500290274620056,0.5181442499160767,0.28867512941360474,raw_plus_residual,audited,15.0
1038,1358,1,4.317663669586182,1.6542401313781738,-0.436467707157135,2.976072311401367,0.11956046521663666,0.02305295318365097,3,139,6.327936783729195,0,0,0.6169456046054784,-0.6169456046054784,HL,0.6169456243515015,-0.6169456243515015,0.0,raw_plus_residual,audited,180.0
1385,2335,1,1.4569487571716309,-0.3733779788017273,-0.9631465673446655,2.8795881271362305,-0.09037351608276367,0.020985443145036697,2,5,2.8903717578961645,0,0,0.10194086582036256,-0.10194086582036256,LL,0.10194086283445358,-0.10194086283445358,0.0,raw_plus_residual,audited,47.0
647,904,1,2.5332632064819336,0.64394611120224,-1.0364536046981812,2.9815053939819336,-0.05999327078461647,0.012705327942967415,1,6,2.6390573296152584,0,0,0.004563153246322025,-0.004563153246322025,LL,0.004563153255730867,-0.004563153255730867,0.0,raw_plus_residual,audited,18.0
1849,1914,1,2.8677287101745605,0.3796430230140686,-0.5073541402816772,2.9478540420532227,0.043327197432518005,0.01117204874753952,5,22,4.927253685157204,0,0,0.5552552796524749,-0.5552552796524749,HL,0.5552552938461304,-0.5552552938461304,0.0,raw_plus_residual,audited,95.0
1773,1780,1,1.0689743757247925,-0.6099170446395874,-0.9636331796646118,2.7431657314300537,-0.10489976406097412,0.023724304512143135,4,2,2.7080502011022096,0,0,0.10139347569890247,-0.10139347569890247,LL,0.10139347612857819,-0.10139347612857819,0.0,raw_plus_residual,audited,86.0
306,656,1,7.493170738220215,1.6683151721954346,2.623161792755127,2.854905843734741,0.3425290286540985,0.045738156884908676,64,2,5.272999558563747,2,2,0.24995649039937953,0.84865579826873,HH,0.24995648860931396,0.8486558198928833,0.1767766922712326,raw_plus_residual,audited,9.0
1351,1535,1,1.8828710317611694,-0.4523867070674896,-0.5551307797431946,2.894235610961914,-0.008105740882456303,0.00207315431907773,8,5,3.9889840465642745,0,0,0.5116131068814218,-0.5116131068814218,HL,0.511613130569458,-0.511613130569458,0.0,raw_plus_residual,audited,75.0
2457,2458,1,5.510741710662842,-0.4339163899421692,2.675985813140869,2.985949993133545,0.27846354246139526,0.043685246258974075,3,1,2.0794415416798357,1,1,0.0032970954741361556,0.6898500850858091,LH,0.0032970954198390245,0.6898500919342041,0.5773502588272095,raw_plus_residual,audited,3.0
109,1805,1,2.9766361713409424,0.9974271059036255,-0.8467692136764526,2.7997326850891113,0.021987013518810272,0.004712260793894529,28,3,4.7535901911063645,0,0,0.22656333034930798,-0.22656333034930798,HL,0.22656333446502686,-0.22656333446502686,0.0,raw_plus_residual,audited,12.0
907,1351,1,3.819486618041992,2.0748143196105957,-1.0374921560287476,2.708542823791504,0.06936318427324295,0.011776006780564785,0,8,2.1972245773362196,0,0,0.002360157616860452,-0.002360157616860452,LL,0.0023601576685905457,-0.0023601576685905457,0.0,raw_plus_residual,audited,19.0
748,1617,1,3.6760096549987793,2.1181490421295166,-1.0374921560287476,2.51587176322937,0.0752224549651146,0.013089598156511784,10,0,2.3978952727983707,0,0,0.002360157616860452,-0.002360157616860452,LL,0.0023601576685905457,-0.0023601576685905457,0.0,raw_plus_residual,audited,149.0
1357,2170,1,1.0858933925628662,-0.2706082761287689,-1.0381578207015991,2.438859462738037,-0.048458557575941086,0.012765406630933285,1,1,1.3862943611198906,0,0,0.000947015262518225,-0.000947015262518225,LL,0.0009470152435824275,-0.0009470152435824275,0.0,raw_plus_residual,audited,69.0
645,1495,1,1.9007365703582764,0.6270694732666016,-0.8993301391601562,2.1913790702819824,-0.022640515118837357,0.006052935495972633,11,2,3.58351893845611,0,0,0.17174160171348118,-0.17174160171348118,HL,0.17174160480499268,-0.17174160480499268,0.0,raw_plus_residual,audited,131.0
56,1849,1,5.5374908447265625,-0.3733779788017273,2.637730836868286,2.971384048461914,0.2974955141544342,0.047371987253427505,2,5,2.8903717578961645,2,2,0.10194086582036256,0.996671422847747,LH,0.10194086283445358,0.9966714382171631,0.6324555277824402,raw_plus_residual,audited,4.0
743,1570,1,1.9718306064605713,0.3676947057247162,-1.036747932434082,2.714813709259033,-0.07818859815597534,0.01862766593694687,5,1,2.4849066497880004,0,0,0.0039391469196593705,-0.0039391469196593705,LL,0.0039391471073031425,-0.0039391471073031425,0.0,raw_plus_residual,audited,90.0
8,281,1,-2.286167860031128,0.3676947057247162,-1.036747932434082,-1.5431846380233765,-0.07818859815597534,0.025840500369668007,1,5,2.4849066497880004,0,0,0.0039391469196593705,-0.0039391469196593705,LL,0.0039391471073031425,-0.0039391471073031425,0.0,raw_plus_residual,audited,146.0
598,1301,1,2.8146731853485107,0.6859741806983948,-0.5200520753860474,2.5906224250793457,0.05387003347277641,0.013990331441164017,26,4,4.90527477843843,0,0,0.5436571881679066,-0.5436571881679066,HL,0.5436571836471558,-0.5436571836471558,0.0,raw_plus_residual,audited,98.00000000000001
1388,2181,1,5.230364799499512,-0.6901364326477051,2.6713974475860596,2.9701571464538574,0.274688184261322,0.0415792353451252,4,4,3.2188758248682006,1,1,0.27580413011603466,0.4173430504439106,HH,0.2758041322231293,0.41734305024147034,0.25,raw_plus_residual,audited,20.0
1818,2305,1,5.202662944793701,-0.6782795786857605,2.6505863666534424,2.94781494140625,0.2782827913761139,0.04245375096797943,3,4,2.995732273553991,1,1,0.17500289572026875,0.5181442848396766,HH,0.17500290274620056,0.5181442499160767,0.28867512941360474,raw_plus_residual,audited,12.0
2228,2394,1,6.261813640594482,0.449432909488678,2.6300346851348877,2.857295274734497,0.3207923173904419,0.05126480013132095,3,14,4.0943445622221,1,1,0.3634640768570485,0.3296831037028968,HH,0.3634640872478485,0.3296830952167511,0.15430335700511932,raw_plus_residual,audited,7.0
2303,2541,1,0.7759440541267395,-0.5690075755119324,-1.037499189376831,2.494297981262207,-0.11610579490661621,0.027533380314707756,2,1,1.791759469228055,0,0,0.0023449622714699233,-0.0023449622714699233,LL,0.0023449622094631195,-0.0023449622094631195,0.0,raw_plus_residual,audited,88.0
661,1879,1,-0.315284788608551,0.3004456162452698,-0.7518771290779114,0.13970281183719635,-0.007814723998308182,0.006513136904686689,12,3,3.951243718581427,0,0,0.3225417819760807,-0.3225417819760807,HL,0.3225417733192444,-0.3225417733192444,0.0,raw_plus_residual,audited,167.0
1395,2072,1,1.0550318956375122,-0.6099170446395874,-0.9636331796646118,2.7292232513427734,-0.10489976406097412,0.02379935048520565,4,2,2.7080502011022096,0,0,0.10139347569890247,-0.10139347569890247,LL,0.10139347612857819,-0.10139347612857819,0.0,raw_plus_residual,audited,58.0
1091,2176,1,5.8146562576293945,-0.12717191874980927,2.6643736362457275,2.9784293174743652,0.29476678371429443,0.048603355884552,2,6,3.0445224377234226,2,2,0.1138261761982892,0.9847861124698204,HH,0.11382617801427841,0.9847861528396606,0.5773502588272095,raw_plus_residual,audited,1.0
387,2191,1,0.6165041923522949,1.5386931896209717,-1.037890076637268,0.10844631493091583,0.002996104536578059,0.0011146115139126778,2,0,1.0986122886681096,0,0,0.0015157287779257898,-0.0015157287779257898,LL,0.0015157287707552314,-0.0015157287707552314,0.0,raw_plus_residual,audited,101.0
1300,2508,1,5.603524208068848,-0.12717191874980927,2.618069648742676,2.8069007396698,0.3014672100543976,0.0515010803937912,6,2,3.0445224377234226,1,1,0.1138261761982892,0.5793210043616561,HH,0.11382617801427841,0.579321026802063,0.28867512941360474,raw_plus_residual,audited,7.0
926,1862,1,3.3665926456451416,1.7502979040145874,-1.0377097129821777,2.622265100479126,0.027480756863951683,0.005053697153925896,0,3,1.3862943611198906,0,0,0.0018984381124396209,-0.0018984381124396209,LL,0.0018984380876645446,-0.0018984380876645446,0.0,raw_plus_residual,audited,65.0
1125,2332,1,0.9803906083106995,-0.5690075755119324,-1.037499189376831,2.698744535446167,-0.11610579490661621,0.026260215789079666,1,2,1.791759469228055,0,0,0.0023449622714699233,-0.0023449622714699233,LL,0.0023449622094631195,-0.0023449622094631195,0.0,raw_plus_residual,audited,41.0
577,2351,1,5.465312480926514,-0.44846269488334656,2.6524317264556885,2.9697673320770264,0.2873174548149109,0.04519006237387657,7,4,3.688879454113936,2,2,0.3975265844681462,0.7010857041999634,HH,0.3975265920162201,0.7010856866836548,0.37796449661254883,raw_plus_residual,audited,4.0
45,2667,1,5.066995143890381,-0.6588211059570312,2.633983612060547,2.815439224243164,0.2721349000930786,0.042651839554309845,5,5,3.58351893845611,1,1,0.33549153052292413,0.35765565003702116,HH,0.3354915380477905,0.3576556444168091,0.20000000298023224,raw_plus_residual,audited,31.0
1273,2125,1,5.647092342376709,-0.27597954869270325,2.6561501026153564,2.9758565425872803,0.286806583404541,0.046298012137413025,7,3,3.465735902799726,3,3,0.30228549038446784,1.0840088707354227,HH,0.30228549242019653,1.0840089321136475,0.6546536684036255,raw_plus_residual,audited,9.0
2045,2047,1,0.5400730967521667,1.7786011695861816,-0.9997985363006592,-0.2866709530353546,0.043682701885700226,0.014051517471671104,27,1,4.025351690735149,0,0,0.06046751643518605,-0.06046751643518605,HL,0.060467515140771866,-0.060467515140771866,0.0,raw_plus_residual,audited,208.0
341,2045,1,2.4941811561584473,0.973747968673706,-0.7814763784408569,2.2679824829101562,0.029668325558304787,0.007320316042751074,3,27,4.718498871295094,0,0,0.29273801388401777,-0.29273801388401777,HL,0.29273802042007446,-0.29273802042007446,0.0,raw_plus_residual,audited,160.0
6,1042,1,3.0214507579803467,1.0171034336090088,-0.8357876539230347,2.8209547996520996,0.014921469613909721,0.0031823862809687853,2,17,3.988984046564274,0,0,0.23777347371227117,-0.23777347371227117,HL,0.23777347803115845,-0.23777347803115845,0.0,raw_plus_residual,audited,62.0
1920,1926,1,5.316858768463135,-0.42821234464645386,2.6393544673919678,2.8114840984344482,0.2899743914604187,0.04700489342212677,3,6,3.332204510175204,1,1,0.282183781426312,0.4109633991336333,HH,0.28218379616737366,0.41096338629722595,0.2357022762298584,raw_plus_residual,audited,22.0
1568,1729,1,0.9824230074882507,-0.6099170446395874,-0.9636331796646118,2.656614303588867,-0.10489976406097412,0.02419797144830227,2,4,2.7080502011022096,0,0,0.10139347569890247,-0.10139347569890247,LL,0.10139347612857819,-0.10139347612857819,0.0,raw_plus_residual,audited,239.00000000000003
360,1824,1,2.560007333755493,0.64394611120224,-1.0364536046981812,3.008249521255493,-0.05999327078461647,0.012633772566914558,1,6,2.6390573296152584,0,0,0.004563153246322025,-0.004563153246322025,LL,0.004563153255730867,-0.004563153255730867,0.0,raw_plus_residual,audited,8.0
482,2308,1,1.3257390260696411,-0.42821234464645386,-0.7919400334358215,2.600062608718872,-0.058429863303899765,0.015064503997564316,6,3,3.332204510175204,0,0,0.282183781426312,-0.282183781426312,HL,0.28218379616737366,-0.28218379616737366,0.0,raw_plus_residual,audited,51.0
1522,1697,1,0.6825240254402161,-0.7081918120384216,-0.9900997877120972,2.4861764907836914,-0.1096196323633194,0.025528036057949066,2,3,2.484906649788,0,0,0.07148812393195868,-0.07148812393195868,LL,0.07148812711238861,-0.07148812711238861,0.0,raw_plus_residual,audited,67.0
741,1088,1,1.0642900466918945,-0.4339163899421692,-1.037050485610962,2.6551873683929443,-0.12418913841247559,0.029218614101409912,3,1,2.0794415416798357,0,0,0.0032970954741361556,-0.0032970954741361556,LL,0.0032970954198390245,-0.0032970954198390245,0.0,raw_plus_residual,audited,43.0
1191,1558,1,5.8118414878845215,0.07735279947519302,2.6422672271728516,2.7765016555786133,0.31146159768104553,0.05363015830516815,2,7,3.1780538303479453,1,1,0.11211141868836359,0.5810357618715817,HH,0.1121114194393158,0.5810357332229614,0.26726123690605164,raw_plus_residual,audited,4.0
306,2078,1,7.490080833435059,1.6683151721954346,2.631178617477417,2.8418331146240234,0.3444952070713043,0.04601968824863434,64,2,5.272999558563747,1,1,0.24995649039937953,0.4431906901605658,HH,0.24995648860931396,0.44319069385528564,0.0883883461356163,raw_plus_residual,audited,11.0
86,2295,1,-2.4267547130584717,-0.7081918120384216,-0.9900997877120972,-0.6231021881103516,-0.1096196323633194,0.045092154294252396,2,3,2.484906649788,0,0,0.07148812393195868,-0.07148812393195868,LL,0.07148812711238861,-0.07148812711238861,0.0,raw_plus_residual,audited,185.0
364,1632,1,6.355402946472168,0.3969429135322571,2.6088342666625977,3.026989459991455,0.318377822637558,0.050129204988479614,9,2,3.4011973816621555,1,1,0.13552594396412831,0.557621236595817,HH,0.13552594184875488,0.5576212406158447,0.2357022762298584,raw_plus_residual,audited,10.0
1358,1742,1,6.746229648590088,0.7984495162963867,2.6174874305725098,2.988332509994507,0.3377020061016083,0.050089508295059204,139,12,7.50659178007084,2,2,1.5451255685686538,-0.44651327990054424,HL,1.5451256036758423,-0.446513295173645,0.048970211297273636,raw_plus_residual,audited,119.0
109,176,1,1.4530563354492188,1.3291109800338745,-0.9416483640670776,1.0354751348495483,0.025859924033284187,0.0077608623541891575,28,2,4.465908118654584,0,0,0.12606237657082928,-0.12606237657082928,HL,0.12606237828731537,-0.12606237828731537,0.0,raw_plus_residual,audited,225.0
52,2053,1,1.771342158317566,-0.0021177977323532104,-1.0366313457489014,2.9064700603485107,-0.10063742846250534,0.024874195456504822,4,1,2.3025850929940455,0,0,0.004185919348928459,-0.004185919348928459,LL,0.004185919184237719,-0.004185919184237719,0.0,raw_plus_residual,audited,40.0
1240,2237,1,1.3075565099716187,-0.6099170446395874,-0.9636331796646118,2.98174786567688,-0.10489976406097412,0.022509723901748657,4,2,2.7080502011022096,0,0,0.10139347569890247,-0.10139347569890247,LL,0.10139347612857819,-0.10139347612857819,0.0,raw_plus_residual,audited,27.0
779,1370,1,1.5137183666229248,-0.6588211059570312,-0.7389967441558838,2.9513838291168213,-0.044106267392635345,0.010039420798420906,5,5,3.58351893845611,0,0,0.33549153052292413,-0.33549153052292413,HL,0.3354915380477905,-0.3354915380477905,0.0,raw_plus_residual,audited,21.0
2509,2519,1,5.105342864990234,-0.6099170446395874,2.6424338817596436,2.792754888534546,0.2758128345012665,0.04363492876291275,4,2,2.7080502011022096,1,1,0.10139347569890247,0.5917537048610428,LH,0.10139347612857819,0.5917537212371826,0.3535533845424652,raw_plus_residual,audited,6.0
71,1986,1,-0.06372537463903427,2.272562026977539,-1.0456637144088745,-1.3932783603668213,0.09839600324630737,0.02045697532594204,0,55,4.02535169073515,0,0,-0.015859136301903675,0.015859136301903675,HH,-0.01585913635790348,0.01585913635790348,0.0,raw_plus_residual,audited,296.0
2139,2140,1,1.1637133359909058,-0.7427729964256287,-0.905755877494812,2.890962839126587,-0.08297935873270035,0.017951300367712975,3,3,2.772588722239781,0,0,0.16522986077655458,-0.16522986077655458,LL,0.16522985696792603,-0.16522985696792603,0.0,raw_plus_residual,audited,25.0
249,621,1,4.865009784698486,-0.7676249742507935,2.6604790687561035,2.7079274654388428,0.25996947288513184,0.04064562916755676,2,2,2.197224577336219,1,1,0.06070196315592073,0.6324452174040246,LH,0.06070196256041527,0.632445216178894,0.5,raw_plus_residual,audited,12.0
1194,1366,1,3.477271318435669,1.5386931896209717,-1.037890076637268,2.9692132472991943,0.002996104536578059,0.0005399561487138271,0,2,1.0986122886681096,0,0,0.0015157287779257898,-0.0015157287779257898,LL,0.0015157287707552314,-0.0015157287707552314,0.0,raw_plus_residual,audited,17.0
963,2400,1,7.495689392089844,1.5675294399261475,2.6533563137054443,2.9307780265808105,0.33976688981056213,0.045354072004556656,16,1,3.5263605246161616,1,1,0.005202108399755801,0.6879450721601895,HH,0.005202108528465033,0.6879450678825378,0.25,raw_plus_residual,audited,1.0
649,1457,1,-1.7886139154434204,1.3908644914627075,-1.0377793312072754,-2.1769208908081055,0.03096318058669567,0.006678096950054169,0,1,0.6931471805599453,0,0,0.0017507562059211408,-0.0017507562059211408,LL,0.0017507561715319753,-0.0017507561715319753,0.0,raw_plus_residual,audited,315.0
873,1358,1,2.3203771114349365,1.6542401313781738,2.647933006286621,-2.3376100063323975,0.35155531764030457,0.050284408032894135,3,139,6.327936783729195,1,1,0.6169456046054784,0.07620157595446686,HH,0.6169456243515015,0.07620155811309814,0.048970211297273636,raw_plus_residual,audited,212.0
152,2238,1,5.714441776275635,-0.13495168089866638,2.6521308422088623,2.8871803283691406,0.3058233857154846,0.05114029720425606,3,8,3.58351893845611,1,1,0.2723434861600855,0.42080369439985976,HH,0.2723434865474701,0.4208036959171295,0.20412413775920868,raw_plus_residual,audited,3.0
438,1985,1,1.2244648933410645,-0.4339163899421692,-1.037050485610962,2.8153622150421143,-0.12418913841247559,0.028157491236925125,3,1,2.0794415416798357,0,0,0.0032970954741361556,-0.0032970954741361556,LL,0.0032970954198390245,-0.0032970954198390245,0.0,raw_plus_residual,audited,56.0
241,1441,1,1.0571588277816772,2.189077138900757,-1.0341565608978271,-0.18827304244041443,0.08625268191099167,0.0246594101190567,0,17,2.8903717578961645,0,0,0.009427852671146774,-0.009427852671146774,LL,0.009427852928638458,-0.009427852928638458,0.0,raw_plus_residual,audited,100.0
876,2168,1,1.2799601554870605,-0.5966776609420776,-0.8514032363891602,2.801995277404785,-0.07821281999349594,0.018070146441459656,3,5,3.1780538303479453,0,0,0.22175131833629452,-0.22175131833629452,HL,0.22175131738185883,-0.22175131738185883,0.0,raw_plus_residual,audited,96.0
1013,1120,1,6.5390400886535645,0.7650590538978577,2.6417698860168457,2.7913026809692383,0.33664998412132263,0.051516640931367874,29,4,5.0106352940962555,1,1,0.229794191306339,0.4633529892536063,HH,0.2297941893339157,0.4633529782295227,0.09284766763448715,raw_plus_residual,audited,21.0
315,1602,1,1.7521421909332275,-0.44846269488334656,-0.6759449243545532,2.905662775039673,-0.03337153419852257,0.008212627843022346,4,7,3.688879454113936,0,0,0.3975265844681462,-0.3975265844681462,HL,0.3975265920162201,-0.3975265920162201,0.0,raw_plus_residual,audited,81.0
889,1832,1,2.0780069828033447,1.7502979040145874,-1.0377097129821777,1.33367919921875,0.027480756863951683,0.006623197812587023,3,0,1.3862943611198906,0,0,0.0018984381124396209,-0.0018984381124396209,LL,0.0018984380876645446,-0.0018984380876645446,0.0,raw_plus_residual,audited,15.0
404,1170,1,5.614043235778809,-0.2706082761287689,2.663339614868164,2.9476726055145264,0.2693806290626526,0.043794598430395126,1,1,1.3862943611198906,1,1,0.000947015262518225,0.692200165297427,LH,0.0009470152435824275,0.6922001838684082,1.0,raw_plus_residual,audited,1.0
154,1358,1,6.8936920166015625,0.9185200929641724,2.6338376998901367,3.0009195804595947,0.33615630865097046,0.04879302531480789,10,139,7.3395376954076745,7,7,1.3162890849258364,0.7631524567539993,HH,1.3162890672683716,0.7631524801254272,0.18775463104248047,raw_plus_residual,audited,113.0
1623,1767,1,6.9883713722229,1.845362663269043,2.610962152481079,2.1863772869110107,0.3414105176925659,0.04888387769460678,36,1,4.304065093204169,1,1,0.0018624584662153127,0.6912847220937299,HH,0.0018624584190547466,0.691284716129303,0.1666666716337204,raw_plus_residual,audited,9.0
606,1666,1,-0.28093692660331726,-0.6901364326477051,-0.7982593178749084,1.2629444599151611,-0.059744372963905334,0.02125314064323902,4,4,3.2188758248682006,0,0,0.27580413011603466,-0.27580413011603466,HL,0.2758041322231293,-0.2758041322231293,0.0,raw_plus_residual,audited,158.0
155,1358,1,7.209062099456787,1.3661054372787476,2.638329029083252,2.8615734577178955,0.3387957811355591,0.04702359810471535,5,139,6.733401891837358,3,3,0.6285958047157693,0.7576985564041213,HH,0.6285958290100098,0.7576985359191895,0.11379648745059967,raw_plus_residual,audited,104.0
354,1803,1,5.06618070602417,-0.7081918120384216,2.6170146465301514,2.877638578414917,0.275460809469223,0.04252050071954727,2,3,2.484906649788,1,1,0.07148812393195868,0.6216590566279866,LH,0.07148812711238861,0.6216590404510498,0.40824827551841736,raw_plus_residual,audited,4.0
738,2162,1,5.0368170738220215,-0.6782795786857605,2.619189500808716,2.8204188346862793,0.27122995257377625,0.04245186224579811,3,4,2.995732273553991,1,1,0.17500289572026875,0.5181442848396766,HH,0.17500290274620056,0.5181442499160767,0.28867512941360474,raw_plus_residual,audited,13.0
1421,1975,1,5.134211540222168,-0.6588211059570312,2.6372783184051514,2.8753464221954346,0.2761492133140564,0.04282980039715767,5,5,3.58351893845611,2,2,0.33549153052292413,0.7631207581451854,HH,0.3354915380477905,0.7631207704544067,0.4000000059604645,raw_plus_residual,audited,10.0
1844,2276,1,5.149624824523926,-0.5690075755119324,2.641176700592041,2.8009002208709717,0.27229684591293335,0.043336037546396255,1,2,1.791759469228055,1,1,0.0023449622714699233,0.6908022182884753,LH,0.0023449622094631195,0.6908022165298462,0.7071067690849304,raw_plus_residual,audited,9.0
1526,1977,1,2.344348430633545,0.64394611120224,-1.0364536046981812,2.792590618133545,-0.05999327078461647,0.013234831392765045,6,1,2.6390573296152584,0,0,0.004563153246322025,-0.004563153246322025,LL,0.004563153255730867,-0.004563153255730867,0.0,raw_plus_residual,audited,54.0
171,775,1,0.8994128108024597,-0.7676249742507935,-0.9995923042297363,2.761016368865967,-0.09864497929811478,0.021319983527064323,2,2,2.197224577336219,0,0,0.06070196315592073,-0.06070196315592073,LL,0.06070196256041527,-0.06070196256041527,0.0,raw_plus_residual,audited,56.0
1752,1754,1,5.171300411224365,-0.7081918120384216,2.6113250255584717,2.989781379699707,0.27412712574005127,0.04163898155093193,2,3,2.484906649788,2,2,0.07148812393195868,1.0271241647361509,LH,0.07148812711238861,1.0271241664886475,0.8164965510368347,raw_plus_residual,audited,102.0
331,2480,1,0.8954582810401917,-0.5690075755119324,-1.037499189376831,2.613812208175659,-0.11610579490661621,0.026774544268846512,1,2,1.791759469228055,0,0,0.0023449622714699233,-0.0023449622714699233,LL,0.0023449622094631195,-0.0023449622094631195,0.0,raw_plus_residual,audited,87.0
1015,1452,1,2.4100899696350098,0.7170037627220154,-0.8964288234710693,2.601245164871216,-0.015988711267709732,0.003779241582378745,12,2,3.6635616461296463,0,0,0.17478280430069226,-0.17478280430069226,HL,0.17478279769420624,-0.17478279769420624,0.0,raw_plus_residual,audited,39.0
1206,2671,1,4.186953544616699,2.1465976238250732,-1.0390727519989014,2.996070146560669,0.07909997552633286,0.01263408176600933,0,12,2.5649493574615367,0,0,-0.0009966649886615833,0.0009966649886615833,LH,-0.0009966649813577533,0.0009966649813577533,0.0,raw_plus_residual,audited,13.0
1136,1189,1,5.088913440704346,-0.6782795786857605,2.614834785461426,2.8726298809051514,0.2754697799682617,0.0427667498588562,3,4,2.995732273553991,2,2,0.17500289572026875,0.9236093929478408,HH,0.17500290274620056,0.9236093759536743,0.5773502588272095,raw_plus_residual,audited,44.0
1469,2590,1,5.717573642730713,-0.12717191874980927,2.630093812942505,2.9114418029785156,0.2989509105682373,0.050095174461603165,6,2,3.0445224377234226,1,1,0.1138261761982892,0.5793210043616561,HH,0.11382617801427841,0.579321026802063,0.28867512941360474,raw_plus_residual,audited,7.0
332,2122,1,1.6280646324157715,-0.44846269488334656,-0.6759449243545532,2.781585216522217,-0.03337153419852257,0.008471298962831497,4,7,3.688879454113936,0,0,0.3975265844681462,-0.3975265844681462,HL,0.3975265920162201,-0.3975265920162201,0.0,raw_plus_residual,audited,37.0
306,2086,1,3.6469264030456543,1.4055960178375244,-0.6966732144355774,2.861313819885254,0.0724310576915741,0.014382616616785526,64,3,5.560681631015528,0,0,0.3772061318217747,-0.3772061318217747,HL,0.37720614671707153,-0.37720614671707153,0.0,raw_plus_residual,audited,169.0
177,726,1,1.1489847898483276,-0.7676249742507935,-0.9995923042297363,3.0105884075164795,-0.09864497929811478,0.02022884599864483,2,2,2.197224577336219,0,0,0.06070196315592073,-0.06070196315592073,LL,0.06070196256041527,-0.06070196256041527,0.0,raw_plus_residual,audited,32.0
486,2668,1,5.052047252655029,-0.7427729964256287,2.633612632751465,2.884674072265625,0.27227500081062317,0.04167473688721657,3,3,2.772588722239781,1,1,0.16522986077655458,0.5279173197833907,LH,0.16522985696792603,0.5279173254966736,0.3333333432674408,raw_plus_residual,audited,12.0
242,2280,1,5.008960723876953,-0.7427729964256287,2.6362411975860596,2.842543601989746,0.26869064569473267,0.04139913246035576,3,3,2.772588722239781,2,2,0.16522986077655458,0.933382427891555,LH,0.16522985696792603,0.9333824515342712,0.6666666865348816,raw_plus_residual,audited,23.0
33,698,1,5.459843635559082,-0.44846269488334656,2.64789080619812,2.9686551094055176,0.28750184178352356,0.045257989317178726,7,4,3.688879454113936,2,2,0.3975265844681462,0.7010857041999634,HH,0.3975265920162201,0.7010856866836548,0.37796449661254883,raw_plus_residual,audited,2.0
231,551,1,-1.3156976699829102,2.0748143196105957,-1.0374921560287476,-2.4266417026519775,0.06936318427324295,0.012367927469313145,8,0,2.1972245773362196,0,0,0.002360157616860452,-0.002360157616860452,LL,0.0023601576685905457,-0.0023601576685905457,0.0,raw_plus_residual,audited,332.0
1026,1303,1,0.7215545177459717,-0.6782795786857605,-0.8962187767028809,2.378115653991699,-0.0863213911652565,0.02137231081724167,3,4,2.995732273553991,0,0,0.17500289572026875,-0.17500289572026875,HL,0.17500290274620056,-0.17500290274620056,0.0,raw_plus_residual,audited,103.00000000000001
964,965,1,1.5602400302886963,-0.3733779788017273,-0.9631465673446655,2.982879400253296,-0.09037351608276367,0.020493896678090096,5,2,2.8903717578961645,0,0,0.10194086582036256,-0.10194086582036256,LL,0.10194086283445358,-0.10194086283445358,0.0,raw_plus_residual,audited,33.0
277,973,1,2.129270076751709,0.1906164586544037,-0.635521650314331,2.559485912322998,0.01043085940182209,0.0030714638996869326,4,14,4.31748811353631,0,0,0.4373456969350062,-0.4373456969350062,HL,0.4373456835746765,-0.4373456835746765,0.0,raw_plus_residual,audited,42.0
1289,1705,1,-0.6280154585838318,-0.5690075755119324,-1.037499189376831,1.0903384685516357,-0.11610579490661621,0.04127544164657593,1,2,1.791759469228055,0,0,0.0023449622714699233,-0.0023449622714699233,LL,0.0023449622094631195,-0.0023449622094631195,0.0,raw_plus_residual,audited,126.0
371,1354,1,1.736427903175354,-0.42821234464645386,-0.7919400334358215,3.010751485824585,-0.058429863303899765,0.013622131198644638,6,3,3.332204510175204,0,0,0.282183781426312,-0.282183781426312,HL,0.28218379616737366,-0.28218379616737366,0.0,raw_plus_residual,audited,43.0
1042,2052,1,6.397961616516113,0.622063398361206,2.6458048820495605,2.8003957271575928,0.32543888688087463,0.05089990794658661,17,3,4.276666119016055,2,2,0.3808845492807628,0.7177277393873467,HH,0.3808845579624176,0.717727780342102,0.28005602955818176,raw_plus_residual,audited,14.0
372,1834,1,0.2387801855802536,-0.6099170446395874,-0.9636331796646118,1.9129714965820312,-0.10489976406097412,0.02920842356979847,2,4,2.7080502011022096,0,0,0.10139347569890247,-0.10139347569890247,LL,0.10139347612857819,-0.10139347612857819,0.0,raw_plus_residual,audited,159.0
541,647,1,1.3848564624786377,-0.4339163899421692,-1.037050485610962,2.9757537841796875,-0.12418913841247559,0.02716945856809616,3,1,2.0794415416798357,0,0,0.0032970954741361556,-0.0032970954741361556,LL,0.0032970954198390245,-0.0032970954198390245,0.0,raw_plus_residual,audited,22.0
297,899,1,0.9762057065963745,-0.7427729964256287,-0.905755877494812,2.7034552097320557,-0.08297935873270035,0.018710270524024963,3,3,2.772588722239781,0,0,0.16522986077655458,-0.16522986077655458,LL,0.16522985696792603,-0.16522985696792603,0.0,raw_plus_residual,audited,98.00000000000001
13,1701,1,3.5315654277801514,1.948233962059021,-1.0282090902328491,2.5433425903320312,0.0639394000172615,0.011451028287410736,1,65,4.882801922586371,0,0,0.021792498899605994,-0.021792498899605994,HL,0.021792499348521233,-0.021792499348521233,0.0,raw_plus_residual,audited,109.0
210,1671,1,5.39285135269165,-0.27597954869270325,2.626401662826538,2.7442221641540527,0.2939479649066925,0.0494815930724144,7,3,3.465735902799726,1,1,0.30228549038446784,0.39086169017547745,HH,0.30228549242019653,0.3908616900444031,0.2182178795337677,raw_plus_residual,audited,11.0
1709,1739,1,1.7145582437515259,-0.42821234464645386,-0.7919400334358215,2.988881826400757,-0.058429863303899765,0.013691941276192665,3,6,3.332204510175204,0,0,0.282183781426312,-0.282183781426312,HL,0.28218379616737366,-0.28218379616737366,0.0,raw_plus_residual,audited,45.0
876,1358,1,7.191921710968018,1.6542401313781738,2.61200213432312,2.5771265029907227,0.34429433941841125,0.0479007326066494,3,139,6.327936783729195,1,1,0.6169456046054784,0.07620157595446686,HH,0.6169456243515015,0.07620155811309814,0.048970211297273636,raw_plus_residual,audited,100.0
725,1652,1,1.305438756942749,-0.6901364326477051,-0.7982593178749084,2.84932017326355,-0.059744372963905334,0.013586107641458511,4,4,3.2188758248682006,0,0,0.27580413011603466,-0.27580413011603466,HL,0.2758041322231293,-0.2758041322231293,0.0,raw_plus_residual,audited,66.0
1624,1705,1,3.0610568523406982,0.9713116884231567,-0.854702353477478,2.931704521179199,0.008484456688165665,0.0017801291542127728,16,2,3.9318256327243257,0,0,0.2183233705959279,-0.2183233705959279,HL,0.21832336485385895,-0.21832336485385895,0.0,raw_plus_residual,audited,121.0
2382,2383,1,6.081736087799072,0.2470514178276062,2.661994218826294,2.854736328125,0.3136953115463257,0.051616039127111435,2,8,3.295836866004329,1,1,0.13552594396412831,0.557621236595817,HH,0.13552594184875488,0.5576212406158447,0.25,raw_plus_residual,audited,2.0
1257,2677,1,3.4923038482666016,1.4861490726470947,-1.0383679866790771,3.0336124897003174,0.006651748437434435,0.0011953297071158886,14,1,3.4011973816621555,0,0,0.0005006467647070033,-0.0005006467647070033,HL,0.0005006467690691352,-0.0005006467690691352,0.0,raw_plus_residual,audited,26.0
1282,1776,1,5.672842502593994,-0.04471062868833542,2.6322498321533203,2.7761363983154297,0.30490830540657043,0.0529538094997406,4,11,4.0943445622221,1,1,0.3877549002280812,0.3053922803318641,HH,0.387754887342453,0.3053922951221466,0.15075567364692688,raw_plus_residual,audited,37.0
681,1445,1,5.316158294677734,-0.4339163899421692,2.631612539291382,2.843031167984009,0.2711719274520874,0.04388085752725601,3,1,2.0794415416798357,1,1,0.0032970954741361556,0.6898500850858091,LH,0.0032970954198390245,0.6898500919342041,0.5773502588272095,raw_plus_residual,audited,2.0
513,1528,1,1.7612050771713257,-0.0021177977323532104,-1.0366313457489014,2.8963329792022705,-0.10063742846250534,0.024936676025390625,1,4,2.3025850929940455,0,0,0.004185919348928459,-0.004185919348928459,LL,0.004185919184237719,-0.004185919184237719,0.0,raw_plus_residual,audited,50.0
310,1950,1,5.395700931549072,-0.4237070083618164,2.633999824523926,2.9078006744384766,0.27334895730018616,0.043813951313495636,15,13,5.41164605185504,8,8,1.0096609704882655,1.187563606847954,HH,1.0096609592437744,1.1875636577606201,0.572891891002655,raw_plus_residual,audited,23.0
88,696,1,2.9965012073516846,1.381212592124939,-0.9523762464523315,2.5345797538757324,0.02882644534111023,0.005886557977646589,31,2,4.564348191467836,0,0,0.11404298955359075,-0.11404298955359075,HL,0.1140429899096489,-0.1140429899096489,0.0,raw_plus_residual,audited,17.0
832,2600,1,1.6491990089416504,2.040757894515991,-1.0381578207015991,0.41218364238739014,0.23015671968460083,0.0618492029607296,0,0,0.0,0,0,0.000947015262518225,-0.000947015262518225,LL,0.0009470152435824275,-0.0009470152435824275,0.0,raw_plus_residual,audited,2.0
1731,1755,1,5.263739585876465,-0.6099170446395874,2.601807117462158,2.9893808364868164,0.27821025252342224,0.042938217520713806,4,2,2.7080502011022096,1,1,0.10139347569890247,0.5917537048610428,LH,0.10139347612857819,0.5917537212371826,0.3535533845424652,raw_plus_residual,audited,67.0
291,1692,1,3.6092686653137207,2.194981336593628,-1.0341565608978271,2.357006549835205,0.08717865496873856,0.015366418287158012,0,18,2.9444389791664403,0,0,0.009427852671146774,-0.009427852671146774,LL,0.009427852928638458,-0.009427852928638458,0.0,raw_plus_residual,audited,14.0
876,2584,1,3.139308214187622,1.7502979040145874,-1.0377097129821777,2.3949804306030273,0.027480756863951683,0.005274143069982529,3,0,1.3862943611198906,0,0,0.0018984381124396209,-0.0018984381124396209,LL,0.0018984380876645446,-0.0018984380876645446,0.0,raw_plus_residual,audited,63.0
51,1392,1,5.255412578582764,-0.3733779788017273,2.6216135025024414,2.7204508781433105,0.28246796131134033,0.04709439352154732,5,2,2.8903717578961645,1,1,0.10194086582036256,0.5912063147395827,LH,0.10194086283445358,0.5912063121795654,0.3162277638912201,raw_plus_residual,audited,4.0
1254,1308,1,1.216308832168579,-0.5690075755119324,-1.037499189376831,2.9346628189086914,-0.11610579490661621,0.024929983541369438,1,2,1.791759469228055,0,0,0.0023449622714699233,-0.0023449622714699233,LL,0.0023449622094631195,-0.0023449622094631195,0.0,raw_plus_residual,audited,114.0
124,306,1,7.028770923614502,1.4055960178375244,2.6396594047546387,2.635868549346924,0.34338799118995667,0.04888424649834633,3,64,5.560681631015528,1,1,0.3772061318217747,0.3159410487381706,HH,0.37720614671707153,0.3159410357475281,0.07216878235340118,raw_plus_residual,audited,44.0
571,696,1,1.8991994857788086,1.5386931896209717,-1.037890076637268,1.391141653060913,0.002996104536578059,0.0007545492262579501,0,2,1.0986122886681096,0,0,0.0015157287779257898,-0.0015157287779257898,LL,0.0015157287707552314,-0.0015157287707552314,0.0,raw_plus_residual,audited,50.0
426,1789,1,1.2090579271316528,-0.5684739947319031,-0.691236138343811,2.5069689750671387,-0.042459554970264435,0.011146760545670986,6,4,3.5553480614894135,0,0,0.3825360044576253,-0.3825360044576253,HL,0.38253599405288696,-0.38253599405288696,0.0,raw_plus_residual,audited,57.0
2001,2335,1,2.445751667022705,0.0003639981150627136,-0.4999115467071533,2.9166173934936523,0.02442323789000511,0.00709706312045455,14,5,4.499809670330265,0,0,0.5617022434165849,-0.5617022434165849,HL,0.5617022514343262,-0.5617022514343262,0.0,raw_plus_residual,audited,66.0
36,1552,1,5.296915531158447,-0.5684739947319031,2.63942551612854,2.9443185329437256,0.2773864269256592,0.04314206540584564,6,4,3.5553480614894135,1,1,0.3825360044576253,0.31061117610232,HH,0.38253599405288696,0.31061118841171265,0.20412413775920868,raw_plus_residual,audited,7.0
217,2473,1,1.2462058067321777,-0.5690075755119324,-1.037499189376831,2.96455979347229,-0.11610579490661621,0.024770963937044144,2,1,1.791759469228055,0,0,0.0023449622714699233,-0.0023449622714699233,LL,0.0023449622094631195,-0.0023449622094631195,0.0,raw_plus_residual,audited,19.0
2164,2217,1,1.2600371837615967,-0.4339163899421692,-1.037050485610962,2.8509345054626465,-0.12418913841247559,0.02793220989406109,1,3,2.0794415416798357,0,0,0.0032970954741361556,-0.0032970954741361556,LL,0.0032970954198390245,-0.0032970954198390245,0.0,raw_plus_residual,audited,45.0
1701,1867,1,7.101656436920166,1.673166036605835,2.6355879306793213,2.4414360523223877,0.34720778465270996,0.04892043396830559,65,2,5.288267030694534,1,1,0.12559219103856972,0.5675549895213756,HH,0.1255921870470047,0.5675550103187561,0.08770579844713211,raw_plus_residual,audited,14.0
549,1497,1,3.2645390033721924,1.7502979040145874,-1.0377097129821777,2.5202112197875977,0.027480756863951683,0.0051503567956388,3,0,1.3862943611198906,0,0,0.0018984381124396209,-0.0018984381124396209,LL,0.0018984380876645446,-0.0018984380876645446,0.0,raw_plus_residual,audited,45.0
308,1670,1,0.9497252106666565,-0.7081918120384216,-0.9900997877120972,2.753377676010132,-0.1096196323633194,0.024032600224018097,3,2,2.484906649788,0,0,0.07148812393195868,-0.07148812393195868,LL,0.07148812711238861,-0.07148812711238861,0.0,raw_plus_residual,audited,77.0
1102,2464,1,5.697486877441406,-0.22817492485046387,2.6463356018066406,2.9815967082977295,0.2934707999229431,0.04772210493683815,4,9,3.9120230054281464,4,4,0.3873850488666309,1.2220528635674694,HH,0.3873850405216217,1.2220529317855835,0.6666666865348816,raw_plus_residual,audited,8.0
836,2078,1,1.0513744354248047,-0.3733779788017273,-0.9631465673446655,2.4740138053894043,-0.09037351608276367,0.023167280480265617,5,2,2.8903717578961645,0,0,0.10194086582036256,-0.10194086582036256,LL,0.10194086283445358,-0.10194086283445358,0.0,raw_plus_residual,audited,53.0
1396,2394,1,5.816732883453369,0.0003639981150627136,2.627830982208252,2.8796546459198,0.3046247363090515,0.05240878835320473,5,14,4.499809670330265,3,3,0.5617022434165849,0.8245921177033056,HH,0.5617022514343262,0.824592113494873,0.35856857895851135,raw_plus_residual,audited,17.0
294,306,1,1.522679090499878,1.9462414979934692,-0.9608150720596313,0.46109551191329956,0.07189851999282837,0.0209004245698452,1,64,4.867534450455582,0,0,0.10456393115546972,-0.10456393115546972,HL,0.10456392914056778,-0.10456392914056778,0.0,raw_plus_residual,audited,213.0
1876,1986,1,3.681553363800049,1.9241546392440796,-1.042912483215332,2.7380082607269287,0.058044519275426865,0.010071718133985996,1,55,4.718498871295095,0,0,-0.009174020886994727,0.009174020886994727,HH,-0.00917402096092701,0.00917402096092701,0.0,raw_plus_residual,audited,145.0
1050,1320,1,1.818241834640503,-0.27597954869270325,-0.7720020413398743,2.9073877334594727,-0.04542287811636925,0.011353470385074615,7,3,3.465735902799726,0,0,0.30228549038446784,-0.30228549038446784,HL,0.30228549242019653,-0.30228549242019653,0.0,raw_plus_residual,audited,27.0
561,1016,1,0.5132696628570557,1.7502979040145874,-1.0377097129821777,-0.23105798661708832,0.027480756863951683,0.009020297788083553,0,3,1.3862943611198906,0,0,0.0018984381124396209,-0.0018984381124396209,LL,0.0018984380876645446,-0.0018984380876645446,0.0,raw_plus_residual,audited,15.0
858,2182,1,3.498725652694702,1.601029396057129,-1.0328505039215088,2.9072887897491455,0.018999379128217697,0.00341705116443336,1,17,3.58351893845611,0,0,0.012189025545326035,-0.012189025545326035,HL,0.012189025990664959,-0.012189025990664959,0.0,raw_plus_residual,audited,5.0
151,2238,1,2.0173370838165283,-0.13495168089866638,-0.8016854524612427,2.9912540912628174,-0.041538503021001816,0.010464602150022984,3,8,3.58351893845611,0,0,0.2723434861600855,-0.2723434861600855,HL,0.2723434865474701,-0.2723434865474701,0.0,raw_plus_residual,audited,71.0
1171,1909,1,-0.7568269371986389,-0.27597954869270325,-0.7720020413398743,0.33231884241104126,-0.04542287811636925,0.03185952827334404,7,3,3.465735902799726,0,0,0.30228549038446784,-0.30228549038446784,HL,0.30228549242019653,-0.30228549242019653,0.0,raw_plus_residual,audited,92.0
611,2690,1,0.868454098701477,2.040757894515991,-1.0381578207015991,-0.36856138706207275,0.23015671968460083,0.062582828104496,0,0,0.0,0,0,0.000947015262518225,-0.000947015262518225,LL,0.0009470152435824275,-0.0009470152435824275,0.0,raw_plus_residual,audited,132.0
1154,1358,1,6.94048547744751,0.9886536598205566,2.618757963180542,2.991527795791626,0.3372872769832611,0.04862691089510918,9,139,7.24422751560335,4,4,1.2454957046303154,0.36394220780378483,HH,1.2454956769943237,0.3639422655105591,0.1130918487906456,raw_plus_residual,audited,120.0
541,1022,1,1.7156575918197632,-0.42821234464645386,-0.7919400334358215,2.989981174468994,-0.058429863303899765,0.013688414357602596,3,6,3.332204510175204,0,0,0.282183781426312,-0.282183781426312,HL,0.28218379616737366,-0.28218379616737366,0.0,raw_plus_residual,audited,24.0
132,379,1,5.3024396896362305,-0.6350057721138,2.6696512699127197,2.9942924976348877,0.2692428529262543,0.040991928428411484,4,5,3.401197381662155,3,3,0.25458177557444955,1.131712585545441,HH,0.2545817792415619,1.131712555885315,0.6708203554153442,raw_plus_residual,audited,16.0
1203,1410,1,1.4223967790603638,-0.42821234464645386,-0.7919400334358215,2.6967203617095947,-0.058429863303899765,0.014698217622935772,6,3,3.332204510175204,0,0,0.282183781426312,-0.282183781426312,HL,0.28218379616737366,-0.28218379616737366,0.0,raw_plus_residual,audited,92.99999999999999
2151,2423,1,0.8451569676399231,-0.7081918120384216,-0.9900997877120972,2.6488094329833984,-0.1096196323633194,0.024596476927399635,2,3,2.484906649788,0,0,0.07148812393195868,-0.07148812393195868,LL,0.07148812711238861,-0.07148812711238861,0.0,raw_plus_residual,audited,111.0
1641,2495,1,0.9567524790763855,-0.7676249742507935,-0.9995923042297363,2.8183560371398926,-0.09864497929811478,0.021059004589915276,2,2,2.197224577336219,0,0,0.06070196315592073,-0.06070196315592073,LL,0.06070196256041527,-0.06070196256041527,0.0,raw_plus_residual,audited,35.0
478,514,1,5.2108588218688965,-0.6099170446395874,2.660745859146118,2.8875184059143066,0.2682529389858246,0.04174211248755455,2,4,2.7080502011022096,1,1,0.10139347569890247,0.5917537048610428,LH,0.10139347612857819,0.5917537212371826,0.3535533845424652,raw_plus_residual,audited,12.0
2471,2493,1,1.016317367553711,-0.4339163899421692,-1.037050485610962,2.6072146892547607,-0.12418913841247559,0.029552161693572998,1,3,2.0794415416798357,0,0,0.0032970954741361556,-0.0032970954741361556,LL,0.0032970954198390245,-0.0032970954198390245,0.0,raw_plus_residual,audited,42.0
42,87,1,1.1722030639648438,-0.5690075755119324,-1.037499189376831,2.890557050704956,-0.11610579490661621,0.02516833320260048,1,2,1.791759469228055,0,0,0.0023449622714699233,-0.0023449622714699233,LL,0.0023449622094631195,-0.0023449622094631195,0.0,raw_plus_residual,audited,40.0
793,1902,1,5.814111709594727,-0.12717191874980927,2.6638636589050293,2.9739537239074707,0.299207478761673,0.04933999851346016,2,6,3.0445224377234226,1,1,0.1138261761982892,0.5793210043616561,HH,0.11382617801427841,0.579321026802063,0.28867512941360474,raw_plus_residual,audited,4.0
30,738,1,1.164330005645752,-0.6782795786857605,-0.8962187767028809,2.8208911418914795,-0.0863213911652565,0.019260812550783157,4,3,2.995732273553991,0,0,0.17500289572026875,-0.17500289572026875,HL,0.17500290274620056,-0.17500290274620056,0.0,raw_plus_residual,audited,48.0
424,436,1,3.199155330657959,1.601029396057129,-1.0328505039215088,2.6077184677124023,0.018999379128217697,0.0036116389092057943,1,17,3.58351893845611,0,0,0.012189025545326035,-0.012189025545326035,HL,0.012189025990664959,-0.012189025990664959,0.0,raw_plus_residual,audited,48.0
417,1072,1,5.98515510559082,0.6859741806983948,2.6333835124969482,2.331620693206787,0.32991823554039,0.05516200512647629,4,26,4.90527477843843,1,1,0.5436571881679066,0.14948999239203864,HH,0.5436571836471558,0.14948999881744385,0.0980580672621727,raw_plus_residual,audited,122.99999999999999
1675,1914,1,2.909956455230713,0.829626202583313,-0.7596367001533508,2.812086820602417,0.023621490225195885,0.005338224116712809,3,22,4.5217885770490405,0,0,0.3147350472158925,-0.3147350472158925,HL,0.3147350549697876,-0.3147350549697876,0.0,raw_plus_residual,audited,92.99999999999999
405,2059,1,1.007615566253662,-0.7081918120384216,-0.9900997877120972,2.8112680912017822,-0.1096196323633194,0.023731408640742302,2,3,2.484906649788,0,0,0.07148812393195868,-0.07148812393195868,LL,0.07148812711238861,-0.07148812711238861,0.0,raw_plus_residual,audited,87.0
1623,1769,1,3.2717702388763428,1.4516898393630981,-0.9424777030944824,2.7222487926483154,0.03605048730969429,0.006996743846684694,36,2,4.709530201312334,0,0,0.12513436794437854,-0.12513436794437854,HL,0.12513436377048492,-0.12513436377048492,0.0,raw_plus_residual,audited,70.0
1194,2670,1,3.4723246097564697,1.5386931896209717,-1.037890076637268,2.964266777038574,0.002996104536578059,0.000540437875315547,0,2,1.0986122886681096,0,0,0.0015157287779257898,-0.0015157287779257898,LL,0.0015157287707552314,-0.0015157287707552314,0.0,raw_plus_residual,audited,10.0
85,2488,1,0.957213282585144,1.5386931896209717,-1.037890076637268,0.44915539026260376,0.002996104536578059,0.0009892263915389776,2,0,1.0986122886681096,0,0,0.0015157287779257898,-0.0015157287779257898,LL,0.0015157287707552314,-0.0015157287707552314,0.0,raw_plus_residual,audited,74.0
2251,2252,1,0.6008806824684143,1.5386931896209717,-1.037890076637268,0.09282277524471283,0.002996104536578059,0.0011211277451366186,0,2,1.0986122886681096,0,0,0.0015157287779257898,-0.0015157287779257898,LL,0.0015157287707552314,-0.0015157287707552314,0.0,raw_plus_residual,audited,114.0
472,2029,1,1.8660389184951782,-0.12717191874980927,-0.9525696039199829,3.0166666507720947,-0.07514490932226181,0.01801365427672863,6,2,3.0445224377234226,0,0,0.1138261761982892,-0.1138261761982892,HL,0.11382617801427841,-0.11382617801427841,0.0,raw_plus_residual,audited,23.0
267,2000,1,-0.05177709832787514,-0.7081918120384216,-0.9900997877120972,1.751875400543213,-0.1096196323633194,0.030793877318501472,2,3,2.484906649788,0,0,0.07148812393195868,-0.07148812393195868,LL,0.07148812711238861,-0.07148812711238861,0.0,raw_plus_residual,audited,143.0
1889,1890,1,5.8152689933776855,0.64394611120224,2.6366543769836426,2.2096879482269287,0.32072168588638306,0.055192068219184875,6,1,2.6390573296152584,1,1,0.004563153246322025,0.6885840273136232,LH,0.004563153255730867,0.68858402967453,0.40824827551841736,raw_plus_residual,audited,6.0
1134,2296,1,0.8185004591941833,-0.7676249742507935,-0.9995923042297363,2.6801040172576904,-0.09864497929811478,0.0216994509100914,2,2,2.197224577336219,0,0,0.06070196315592073,-0.06070196315592073,LL,0.06070196256041527,-0.06070196256041527,0.0,raw_plus_residual,audited,59.0
1635,2383,1,-0.163225457072258,-0.13495168089866638,-0.8016854524612427,0.8106915354728699,-0.041538503021001816,0.02322056144475937,3,8,3.58351893845611,0,0,0.2723434861600855,-0.2723434861600855,HL,0.2723434865474701,-0.2723434865474701,0.0,raw_plus_residual,audited,75.0
423,525,1,6.066839218139648,0.11877439171075821,2.670236349105835,2.955003261566162,0.31856676936149597,0.05254639685153961,4,13,4.248495242049359,1,1,0.4190042503445498,0.2741429302153955,HH,0.41900426149368286,0.27414292097091675,0.1386750489473343,raw_plus_residual,audited,20.0
252,973,1,2.5716333389282227,0.449432909488678,-0.7106903791427612,2.8215818405151367,0.007050250191241503,0.001767531270161271,3,14,4.0943445622221,0,0,0.3634640768570485,-0.3634640768570485,HL,0.3634640872478485,-0.3634640872478485,0.0,raw_plus_residual,audited,155.0
1224,1370,1,6.124972820281982,0.3056418001651764,2.6404333114624023,2.851024627685547,0.32361432909965515,0.05287198722362518,20,5,4.836281906951478,2,2,0.6412748630746363,0.45733742559347323,HH,0.6412748694419861,0.4573374390602112,0.20000000298023224,raw_plus_residual,audited,4.0
109,1772,1,6.5749287605285645,0.7401584982872009,2.6333839893341064,2.8657333850860596,0.33139440417289734,0.05043540522456169,28,4,4.976733742420574,1,1,0.5436990626517276,0.14944811790821766,HH,0.5436990857124329,0.14944809675216675,0.09449112415313721,raw_plus_residual,audited,62.0
402,776,1,5.639527797698975,-0.12717191874980927,2.6233716011047363,2.8404757976531982,0.29859352111816406,0.05069832503795624,6,2,3.0445224377234226,2,2,0.1138261761982892,0.9847861124698204,HH,0.11382617801427841,0.9847861528396606,0.5773502588272095,raw_plus_residual,audited,5.0
1013,1293,1,3.0136892795562744,1.347473382949829,-1.0367177724838257,2.6842310428619385,0.01444418914616108,0.0028417406138032675,29,2,4.499809670330265,0,0,0.004002819265675286,-0.004002819265675286,HL,0.004002819303423166,-0.004002819303423166,0.0,raw_plus_residual,audited,95.0
560,2526,1,1.4851279258728027,-0.2706082761287689,-1.0381578207015991,2.8380939960479736,-0.048458557575941086,0.011550625786185265,1,1,1.3862943611198906,0,0,0.000947015262518225,-0.000947015262518225,LL,0.0009470152435824275,-0.0009470152435824275,0.0,raw_plus_residual,audited,11.0
306,308,1,7.2049946784973145,1.4055960178375244,2.6290581226348877,2.8249807357788086,0.34110140800476074,0.04737035185098648,64,3,5.560681631015528,2,2,0.3772061318217747,0.7214061568463348,HH,0.37720614671707153,0.7214061617851257,0.14433756470680237,raw_plus_residual,audited,28.0
1142,2326,1,0.7528074383735657,-0.4339163899421692,-1.037050485610962,2.3437047004699707,-0.12418913841247559,0.031529203057289124,1,3,2.0794415416798357,0,0,0.0032970954741361556,-0.0032970954741361556,LL,0.0032970954198390245,-0.0032970954198390245,0.0,raw_plus_residual,audited,141.0
71,2691,1,2.1480777263641357,1.3908644914627075,-1.0377793312072754,1.7597707509994507,0.03096318058669567,0.007338329218327999,0,1,0.6931471805599453,0,0,0.0017507562059211408,-0.0017507562059211408,LL,0.0017507561715319753,-0.0017507561715319753,0.0,raw_plus_residual,audited,80.0
460,1989,1,2.7041304111480713,-0.5690075755119324,2.629467725753784,0.36723679304122925,0.2721748948097229,0.07091790437698364,2,1,1.791759469228055,1,1,0.0023449622714699233,0.6908022182884753,LH,0.0023449622094631195,0.6908022165298462,0.7071067690849304,raw_plus_residual,audited,88.0
1531,1889,1,-0.13554202020168304,-0.12717191874980927,-0.9525696039199829,1.0150856971740723,-0.07514490932226181,0.03462943434715271,2,6,3.0445224377234226,0,0,0.1138261761982892,-0.1138261761982892,HL,0.11382617801427841,-0.11382617801427841,0.0,raw_plus_residual,audited,132.0
1070,1470,1,1.4283602237701416,-0.6588211059570312,-0.7389967441558838,2.866025686264038,-0.044106267392635345,0.010238341987133026,5,5,3.58351893845611,0,0,0.33549153052292413,-0.33549153052292413,HL,0.3354915380477905,-0.3354915380477905,0.0,raw_plus_residual,audited,92.99999999999999
825,1765,1,3.766451120376587,2.166900396347046,-1.0374541282653809,2.5503687858581543,0.08237739652395248,0.014112723991274834,0,14,2.70805020110221,0,0,0.0024409355255765467,-0.0024409355255765467,LL,0.002440935466438532,-0.002440935466438532,0.0,raw_plus_residual,audited,133.0
1399,2227,1,0.7370352745056152,-0.6782795786857605,-0.8962187767028809,2.3935964107513428,-0.0863213911652565,0.02129070833325386,4,3,2.995732273553991,0,0,0.17500289572026875,-0.17500289572026875,HL,0.17500290274620056,-0.17500290274620056,0.0,raw_plus_residual,audited,133.0
1920,2310,1,0.43248680233955383,-0.4339163899421692,-1.037050485610962,2.0233840942382812,-0.12418913841247559,0.03432023152709007,3,1,2.0794415416798357,0,0,0.0032970954741361556,-0.0032970954741361556,LL,0.0032970954198390245,-0.0032970954198390245,0.0,raw_plus_residual,audited,122.0
310,1241,1,2.968474864959717,0.9200029373168945,-0.8595386743545532,2.8997907638549805,0.003961029928177595,0.0008457787334918976,15,2,3.8712010109078907,0,0,0.21329432445503607,-0.21329432445503607,HL,0.21329432725906372,-0.21329432725906372,0.0,raw_plus_residual,audited,92.0
653,1231,1,2.0845980644226074,2.040757894515991,-1.0381578207015991,0.8475827574729919,0.23015671968460083,0.05537065491080284,0,0,0.0,0,0,0.000947015262518225,-0.000947015262518225,LL,0.0009470152435824275,-0.0009470152435824275,0.0,raw_plus_residual,audited,3.0
472,1182,1,5.554850101470947,-0.42821234464645386,2.6741244792938232,3.0197811126708984,0.28489845991134644,0.04446663707494736,6,3,3.332204510175204,2,2,0.282183781426312,0.8164285072417976,HH,0.28218379616737366,0.816428542137146,0.4714045524597168,raw_plus_residual,audited,1.0
634,2227,1,1.0744390487670898,-0.4339163899421692,-1.037050485610962,2.6653363704681396,-0.12418913841247559,0.02914901077747345,1,3,2.0794415416798357,0,0,0.0032970954741361556,-0.0032970954741361556,LL,0.0032970954198390245,-0.0032970954198390245,0.0,raw_plus_residual,audited,74.0
165,2706,1,5.024668216705322,-0.7427729964256287,2.631761312484741,2.8607606887817383,0.2706606090068817,0.04160197451710701,3,3,2.772588722239781,2,2,0.16522986077655458,0.933382427891555,LH,0.16522985696792603,0.9333824515342712,0.6666666865348816,raw_plus_residual,audited,9.0
1200,2414,1,0.6358721852302551,-0.5690075755119324,-1.037499189376831,2.3542261123657227,-0.11610579490661621,0.02847937121987343,2,1,1.791759469228055,0,0,0.0023449622714699233,-0.0023449622714699233,LL,0.0023449622094631195,-0.0023449622094631195,0.0,raw_plus_residual,audited,61.0
839,965,1,1.1206647157669067,-0.7676249742507935,-0.9995923042297363,2.9822683334350586,-0.09864497929811478,0.02034701406955719,2,2,2.197224577336219,0,0,0.06070196315592073,-0.06070196315592073,LL,0.06070196256041527,-0.06070196256041527,0.0,raw_plus_residual,audited,37.0
456,2347,1,6.129605293273926,0.3969429135322571,2.6451947689056396,2.763524293899536,0.3196846842765808,0.05219046398997307,9,2,3.4011973816621555,1,1,0.13552594396412831,0.557621236595817,HH,0.13552594184875488,0.5576212406158447,0.2357022762298584,raw_plus_residual,audited,8.0
1224,1525,1,2.881892442703247,0.756616473197937,-0.7564537525177002,2.85807204246521,0.019399035722017288,0.004418369848281145,20,3,4.430816798843313,0,0,0.3179377400424653,-0.3179377400424653,HL,0.3179377317428589,-0.3179377317428589,0.0,raw_plus_residual,audited,131.0
1725,2597,1,5.593754291534424,-0.19843405485153198,2.609139919281006,2.8801662921905518,0.298623651266098,0.04988398030400276,11,5,4.276666119016055,2,2,0.5147589372115182,0.5838533514565913,HH,0.5147589445114136,0.5838533639907837,0.2696799635887146,raw_plus_residual,audited,45.0
186,1672,1,3.4198241233825684,1.9502147436141968,-1.0377932786941528,2.449723720550537,0.05342039465904236,0.009728449396789074,5,0,1.791759469228055,0,0,0.0017205072864927562,-0.0017205072864927562,LL,0.0017205072799697518,-0.0017205072799697518,0.0,raw_plus_residual,audited,4.0
281,2247,1,1.3537852764129639,-0.6588211059570312,-0.7389967441558838,2.7914507389068604,-0.044106267392635345,0.010418700985610485,5,5,3.58351893845611,0,0,0.33549153052292413,-0.33549153052292413,HL,0.3354915380477905,-0.3354915380477905,0.0,raw_plus_residual,audited,59.0
1148,1317,1,6.0084147453308105,0.07735279947519302,2.6045658588409424,3.0117204189300537,0.31051719188690186,0.05171704292297363,2,7,3.1780538303479453,1,1,0.11211141868836359,0.5810357618715817,HH,0.1121114194393158,0.5810357332229614,0.26726123690605164,raw_plus_residual,audited,3.0
2221,2507,1,1.5781314373016357,-0.3733779788017273,-0.9631465673446655,3.0007708072662354,-0.09037351608276367,0.020411081612110138,5,2,2.8903717578961645,0,0,0.10194086582036256,-0.10194086582036256,LL,0.10194086283445358,-0.10194086283445358,0.0,raw_plus_residual,audited,42.0
2247,2543,1,1.3960480690002441,-0.3733779788017273,-0.9631465673446655,2.8186874389648438,-0.09037351608276367,0.02128646709024906,5,2,2.8903717578961645,0,0,0.10194086582036256,-0.10194086582036256,LL,0.10194086283445358,-0.10194086283445358,0.0,raw_plus_residual,audited,42.0
676,1955,1,1.8500577211380005,-0.12717191874980927,-0.9525696039199829,3.000685453414917,-0.07514490932226181,0.01808292791247368,2,6,3.0445224377234226,0,0,0.1138261761982892,-0.1138261761982892,HL,0.11382617801427841,-0.11382617801427841,0.0,raw_plus_residual,audited,21.0
1072,1725,1,5.684162139892578,-0.05299264192581177,2.6221930980682373,2.807661533355713,0.30304157733917236,0.05237597972154617,26,11,5.780743515792329,3,3,0.22760229663384074,1.1586920644860499,HH,0.2276023030281067,1.1586921215057373,0.17739370465278625,raw_plus_residual,audited,196.00000000000003
764,1358,1,7.607762336730957,1.6542401313781738,2.615511894226074,2.9898204803466797,0.3439311385154724,0.045233242213726044,3,139,6.327936783729195,1,1,0.6169456046054784,0.07620157595446686,HH,0.6169456243515015,0.07620155811309814,0.048970211297273636,raw_plus_residual,audited,47.0
639,900,1,-1.4576877355575562,1.3908644914627075,-1.0377793312072754,-1.8459947109222412,0.03096318058669567,0.007191372103989124,0,1,0.6931471805599453,0,0,0.0017507562059211408,-0.0017507562059211408,LL,0.0017507561715319753,-0.0017507561715319753,0.0,raw_plus_residual,audited,160.0
1901,2284,1,2.215085744857788,0.3676947057247162,-1.036747932434082,2.958069086074829,-0.07818859815597534,0.017607267946004868,5,1,2.4849066497880004,0,0,0.0039391469196593705,-0.0039391469196593705,LL,0.0039391471073031425,-0.0039391471073031425,0.0,raw_plus_residual,audited,34.0
90,155,1,5.510523796081543,-0.3733779788017273,2.6315300464630127,2.96211838722229,0.28599485754966736,0.04573706537485123,2,5,2.8903717578961645,2,2,0.10194086582036256,0.996671422847747,LH,0.10194086283445358,0.9966714382171631,0.6324555277824402,raw_plus_residual,audited,5.0
1037,2654,1,4.833437919616699,-0.7676249742507935,2.6014277935028076,2.7230255603790283,0.2723506689071655,0.042792633175849915,2,2,2.197224577336219,1,1,0.06070196315592073,0.6324452174040246,LH,0.06070196256041527,0.632445216178894,0.5,raw_plus_residual,audited,10.0
609,2448,1,1.8273547887802124,-0.12717191874980927,-0.9525696039199829,2.977982521057129,-0.07514490932226181,0.018182262778282166,6,2,3.0445224377234226,0,0,0.1138261761982892,-0.1138261761982892,HL,0.11382617801427841,-0.11382617801427841,0.0,raw_plus_residual,audited,181.0
454,1441,1,-0.3648262321949005,-0.14737120270729065,-0.6212775707244873,0.3918173909187317,0.007746459916234016,0.006631035823374987,8,17,5.087596335232384,0,0,0.45096541819015157,-0.45096541819015157,HL,0.45096540451049805,-0.45096540451049805,0.0,raw_plus_residual,audited,187.0
434,1524,1,5.293264865875244,-0.6099170446395874,2.6606268882751465,2.9573309421539307,0.2809658348560333,0.04316680133342743,4,2,2.7080502011022096,1,1,0.10139347569890247,0.5917537048610428,LH,0.10139347612857819,0.5917537212371826,0.3535533845424652,raw_plus_residual,audited,8.0
1676,1914,1,2.9373977184295654,0.5618136525154114,-0.5153778791427612,2.838865280151367,0.047837965190410614,0.012068424373865128,4,22,4.74493212836325,0,0,0.5479365771641735,-0.5479365771641735,HL,0.5479365587234497,-0.5479365587234497,0.0,raw_plus_residual,audited,61.0
449,2581,1,1.2263703346252441,-0.5690075755119324,-1.037499189376831,2.9447243213653564,-0.11610579490661621,0.02487623691558838,2,1,1.791759469228055,0,0,0.0023449622714699233,-0.0023449622714699233,LL,0.0023449622094631195,-0.0023449622094631195,0.0,raw_plus_residual,audited,68.0
487,1773,1,1.583996295928955,-0.3294270634651184,-0.6759449243545532,2.611081838607788,-0.025972113013267517,0.007130443584173918,8,4,3.8066624897703196,0,0,0.3975265844681462,-0.3975265844681462,HL,0.3975265920162201,-0.3975265920162201,0.0,raw_plus_residual,audited,165.0
666,1973,1,2.3651134967803955,0.3004456162452698,-0.7518771290779114,2.820101022720337,-0.007814723998308182,0.002013980410993099,3,12,3.951243718581427,0,0,0.3225417819760807,-0.3225417819760807,HL,0.3225417733192444,-0.3225417733192444,0.0,raw_plus_residual,audited,83.0
873,2313,1,-1.5073015689849854,1.7502979040145874,-1.0377097129821777,-2.251629114151001,0.027480756863951683,0.005423351190984249,3,0,1.3862943611198906,0,0,0.0018984381124396209,-0.0018984381124396209,LL,0.0018984380876645446,-0.0018984380876645446,0.0,raw_plus_residual,audited,305.0
1986,1991,1,2.659731864929199,1.9241546392440796,-1.042912483215332,1.7161865234375,0.058044519275426865,0.012242326512932777,55,1,4.718498871295095,0,0,-0.009174020886994727,0.009174020886994727,HH,-0.00917402096092701,0.00917402096092701,0.0,raw_plus_residual,audited,149.0
210,1079,1,1.686147928237915,-0.27597954869270325,-0.7720020413398743,2.7752938270568848,-0.04542287811636925,0.011741126887500286,7,3,3.465735902799726,0,0,0.30228549038446784,-0.30228549038446784,HL,0.30228549242019653,-0.30228549242019653,0.0,raw_plus_residual,audited,77.0
108,2157,1,1.2088321447372437,-0.6099170446395874,-0.9636331796646118,2.883023500442505,-0.10489976406097412,0.02299690432846546,2,4,2.7080502011022096,0,0,0.10139347569890247,-0.10139347569890247,LL,0.10139347612857819,-0.10139347612857819,0.0,raw_plus_residual,audited,12.0
534,609,1,2.5298194885253906,0.64394611120224,-1.0364536046981812,2.9780616760253906,-0.05999327078461647,0.012714601121842861,1,6,2.6390573296152584,0,0,0.004563153246322025,-0.004563153246322025,LL,0.004563153255730867,-0.004563153255730867,0.0,raw_plus_residual,audited,150.0
1807,2034,1,2.9603075981140137,0.8906110525131226,-0.8114982843399048,2.8513808250427246,0.025555461645126343,0.005580957978963852,4,35,5.19295685089021,0,0,0.2624139609088321,-0.2624139609088321,HL,0.26241394877433777,-0.26241394877433777,0.0,raw_plus_residual,audited,76.0
1310,2692,1,3.9712440967559814,2.040757894515991,-1.0381578207015991,2.7342288494110107,0.23015671968460083,0.03808460012078285,0,0,0.0,0,0,0.000947015262518225,-0.000947015262518225,LL,0.0009470152435824275,-0.0009470152435824275,0.0,raw_plus_residual,audited,1.0
201,1701,1,6.744729518890381,1.0575226545333862,2.6389753818511963,2.7013139724731445,0.3426590859889984,0.050836075097322464,5,65,5.98141421125448,1,1,0.5274465015810267,0.1657006789789186,HH,0.5274465084075928,0.16570067405700684,0.055470023304224014,raw_plus_residual,audited,30.0
2075,2077,1,5.299525260925293,-0.5423831939697266,2.634514570236206,2.929309844970703,0.2738250195980072,0.042919058352708817,7,5,3.8712010109078907,3,3,0.5181578413702574,0.8681365197496331,HH,0.5181578397750854,0.8681365251541138,0.5070925354957581,raw_plus_residual,audited,10.0
367,2451,1,2.974189043045044,1.1251734495162964,-1.0379129648208618,2.9059767723083496,-0.023306936025619507,0.004576834850013256,1,9,2.9957322735539913,0,0,0.001466763694855263,-0.001466763694855263,HL,0.0014667636714875698,-0.0014667636714875698,0.0,raw_plus_residual,audited,29.0
40,1364,1,3.230217218399048,1.5386931896209717,-1.037890076637268,2.7221593856811523,0.002996104536578059,0.000565117341466248,2,0,1.0986122886681096,0,0,0.0015157287779257898,-0.0015157287779257898,LL,0.0015157287707552314,-0.0015157287707552314,0.0,raw_plus_residual,audited,17.0
110,567,1,5.225122928619385,-0.6350057721138,2.610999345779419,2.967679500579834,0.27719131112098694,0.04270476475358009,4,5,3.401197381662155,1,1,0.25458177557444955,0.43856540498549573,HH,0.2545817792415619,0.4385654032230377,0.22360679507255554,raw_plus_residual,audited,16.0
961,2555,1,5.10120964050293,-0.6782795786857605,2.638241767883301,2.8642735481262207,0.272715300321579,0.04225844517350197,3,4,2.995732273553991,2,2,0.17500289572026875,0.9236093929478408,HH,0.17500290274620056,0.9236093759536743,0.5773502588272095,raw_plus_residual,audited,5.0
444,2289,1,1.3249595165252686,-0.6782795786857605,-0.8962187767028809,2.981520652770996,-0.0863213911652565,0.018594369292259216,4,3,2.995732273553991,0,0,0.17500289572026875,-0.17500289572026875,HL,0.17500290274620056,-0.17500290274620056,0.0,raw_plus_residual,audited,18.0
142,1628,1,2.737746000289917,0.5102765560150146,-0.7449233531951904,2.9626266956329346,0.005507455673068762,0.0013040539342910051,3,15,4.1588830833596715,0,0,0.32953422809860516,-0.32953422809860516,HL,0.32953423261642456,-0.32953423261642456,0.0,raw_plus_residual,audited,85.0
290,1765,1,2.5574259757995605,0.1906164586544037,-0.635521650314331,2.9876418113708496,0.01043085940182209,0.0027275849133729935,4,14,4.31748811353631,0,0,0.4373456969350062,-0.4373456969350062,HL,0.4373456835746765,-0.4373456835746765,0.0,raw_plus_residual,audited,182.0
167,1056,1,5.369537353515625,-0.5690075755119324,2.6825201511383057,2.9801788330078125,0.27158716320991516,0.041761476546525955,2,1,1.791759469228055,1,1,0.0023449622714699233,0.6908022182884753,LH,0.0023449622094631195,0.6908022165298462,0.7071067690849304,raw_plus_residual,audited,1.0
353,1345,1,5.425347805023193,-0.4339163899421692,2.6245341300964355,2.958763837814331,0.2717074155807495,0.043204132467508316,3,1,2.0794415416798357,1,1,0.0032970954741361556,0.6898500850858091,LH,0.0032970954198390245,0.6898500919342041,0.5773502588272095,raw_plus_residual,audited,2.0
2304,2385,1,-1.3736847639083862,-0.6099170446395874,-0.9636331796646118,0.3005065321922302,-0.10489976406097412,0.053007613867521286,2,4,2.7080502011022096,0,0,0.10139347569890247,-0.10139347569890247,LL,0.10139347612857819,-0.10139347612857819,0.0,raw_plus_residual,audited,212.0
306,2080,1,6.450749397277832,0.6166943907737732,2.634276866912842,2.8657257556915283,0.32979339361190796,0.051158592104911804,64,9,6.476972362889683,7,7,1.4653425039597192,0.6140990377201165,HH,1.4653425216674805,0.6140990257263184,0.2916666567325592,raw_plus_residual,audited,92.0
918,1098,1,1.120283842086792,-0.5690075755119324,-1.037499189376831,2.8386378288269043,-0.11610579490661621,0.025454815477132797,2,1,1.791759469228055,0,0,0.0023449622714699233,-0.0023449622714699233,LL,0.0023449622094631195,-0.0023449622094631195,0.0,raw_plus_residual,audited,52.0
962,1809,1,5.744205951690674,-0.12717191874980927,2.6447293758392334,2.923798084259033,0.29859161376953125,0.04981266334652901,6,2,3.0445224377234226,2,2,0.1138261761982892,0.9847861124698204,HH,0.11382617801427841,0.9847861528396606,0.5773502588272095,raw_plus_residual,audited,7.0
1721,2476,1,5.252742290496826,-0.6084291338920593,2.6084611415863037,2.9716761112213135,0.2767752707004547,0.04280907288193703,6,5,3.737669618283368,1,1,0.4774595824663788,0.21568759809356647,HH,0.477459579706192,0.2156876027584076,0.18257418274879456,raw_plus_residual,audited,16.0
347,408,1,5.314844131469727,-0.5966776609420776,2.6702935695648193,2.9585883617401123,0.27838099002838135,0.04280189797282219,3,5,3.1780538303479453,1,1,0.22175131833629452,0.47139586222365076,HH,0.22175131738185883,0.4713958501815796,0.25819888710975647,raw_plus_residual,audited,21.0
526,1007,1,5.11808443069458,-0.7427729964256287,2.6065032482147217,2.972191095352173,0.2779046595096588,0.04211077466607094,3,3,2.772588722239781,1,1,0.16522986077655458,0.5279173197833907,LH,0.16522985696792603,0.5279173254966736,0.3333333432674408,raw_plus_residual,audited,32.0
309,2305,1,1.0875123739242554,-0.6099170446395874,-0.9636331796646118,2.7617037296295166,-0.10489976406097412,0.02362525649368763,2,4,2.7080502011022096,0,0,0.10139347569890247,-0.10139347569890247,LL,0.10139347612857819,-0.10139347612857819,0.0,raw_plus_residual,audited,53.0
717,1907,1,3.480844020843506,2.044316530227661,-1.0374921560287476,2.4044084548950195,0.06535248458385468,0.011771893128752708,0,7,2.0794415416798357,0,0,0.002360157616860452,-0.002360157616860452,LL,0.0023601576685905457,-0.0023601576685905457,0.0,raw_plus_residual,audited,15.0
482,2230,1,0.7401830554008484,-0.42821234464645386,-0.7919400334358215,2.0145065784454346,-0.058429863303899765,0.017743177711963654,6,3,3.332204510175204,0,0,0.282183781426312,-0.282183781426312,HL,0.28218379616737366,-0.28218379616737366,0.0,raw_plus_residual,audited,85.0
1623,1772,1,6.776633262634277,0.9083231687545776,2.6371357440948486,2.890634298324585,0.33628132939338684,0.04965486377477646,36,4,5.220355825078324,1,1,0.2624139609088321,0.43073321965111316,HH,0.26241394877433777,0.43073323369026184,0.0833333358168602,raw_plus_residual,audited,25.0
870,1119,1,6.681464672088623,0.7170037627220154,2.658090114593506,2.9797937870025635,0.32231828570365906,0.04827142879366875,2,12,3.6635616461296463,1,1,0.17478280430069226,0.518364376259253,HH,0.17478279769420624,0.5183643698692322,0.20412413775920868,raw_plus_residual,audited,4.0
833,1678,1,1.0161199569702148,0.64394611120224,-1.0364536046981812,1.4643620252609253,-0.05999327078461647,0.018720081076025963,6,1,2.6390573296152584,0,0,0.004563153246322025,-0.004563153246322025,LL,0.004563153255730867,-0.004563153255730867,0.0,raw_plus_residual,audited,65.0
1133,1500,1,5.164648056030273,-0.7081918120384216,2.66829252243042,2.9323627948760986,0.26792556047439575,0.040738146752119064,3,2,2.484906649788,2,2,0.07148812393195868,1.0271241647361509,LH,0.07148812711238861,1.0271241664886475,0.8164965510368347,raw_plus_residual,audited,7.0
733,862,1,3.4925336837768555,1.7578113079071045,-1.0295997858047485,2.723068952560425,0.03699445351958275,0.006668701767921448,25,1,3.9512437185814275,0,0,0.018987486214978984,-0.018987486214978984,HL,0.018987486138939857,-0.018987486138939857,0.0,raw_plus_residual,audited,59.0
1301,2140,1,1.2089855670928955,-0.6782795786857605,-0.8962187767028809,2.865546703338623,-0.0863213911652565,0.019070791080594063,4,3,2.995732273553991,0,0,0.17500289572026875,-0.17500289572026875,HL,0.17500290274620056,-0.17500290274620056,0.0,raw_plus_residual,audited,51.0
551,2388,1,3.579361915588379,1.8752477169036865,-1.0377932786941528,2.694091796875,0.043557047843933105,0.007708270568400621,0,4,1.6094379124341003,0,0,0.0017205072864927562,-0.0017205072864927562,LL,0.0017205072799697518,-0.0017205072799697518,0.0,raw_plus_residual,audited,34.0
269,321,1,-0.2959533631801605,-0.6099170446395874,-0.9636331796646118,1.3782379627227783,-0.10489976406097412,0.034318115562200546,4,2,2.7080502011022096,0,0,0.10139347569890247,-0.10139347569890247,LL,0.10139347612857819,-0.10139347612857819,0.0,raw_plus_residual,audited,98.99999999999999
88,415,1,5.621545314788818,-0.19504450261592865,2.6436057090759277,2.8792600631713867,0.2894655764102936,0.04818502813577652,31,19,6.461468176353717,10,10,1.2162361921910274,1.1816590806073433,HH,1.2162362337112427,1.1816591024398804,0.4120428264141083,raw_plus_residual,audited,66.0
1955,2235,1,1.8454350233078003,-0.12717191874980927,-0.9525696039199829,2.996062755584717,-0.07514490932226181,0.018103066831827164,6,2,3.0445224377234226,0,0,0.1138261761982892,-0.1138261761982892,HL,0.11382617801427841,-0.11382617801427841,0.0,raw_plus_residual,audited,17.0
657,2522,1,6.3568243980407715,0.5224152207374573,2.5883381366729736,2.9258997440338135,0.31591254472732544,0.04972991347312927,10,2,3.4965075614664802,1,1,0.12850763696410694,0.5646395435958383,HH,0.12850764393806458,0.5646395683288574,0.22360679507255554,raw_plus_residual,audited,8.0
901,1042,1,6.186793804168701,0.36193689703941345,2.6571578979492188,2.844350814819336,0.31909000873565674,0.0516115166246891,4,17,4.499809670330265,1,1,0.4807594682816577,0.21238771227828757,HH,0.48075947165489197,0.21238771080970764,0.12126781791448593,raw_plus_residual,audited,18.0
119,1549,1,5.586613655090332,-0.3733779788017273,2.6725056171417236,2.9946420192718506,0.28858524560928345,0.045596491545438766,5,2,2.8903717578961645,1,1,0.10194086582036256,0.5912063147395827,LH,0.10194086283445358,0.5912063121795654,0.3162277638912201,raw_plus_residual,audited,7.0
482,1810,1,6.402451992034912,0.6089590787887573,2.6433212757110596,2.814181089401245,0.33173200488090515,0.05184776335954666,6,38,5.60947179518496,2,2,0.5372479731912012,0.5613643154769083,HH,0.5372479557991028,0.5613643527030945,0.13245323300361633,raw_plus_residual,audited,5.0
48,598,1,2.7318999767303467,0.23486784100532532,-0.26757222414016724,2.6880571842193604,0.0722886174917221,0.022155489772558212,7,26,5.375278407684165,0,0,0.7689747394016817,-0.7689747394016817,HL,0.7689747214317322,-0.7689747214317322,0.0,raw_plus_residual,audited,75.0
744,1154,1,5.891748905181885,-0.007612861692905426,2.595630168914795,2.9962456226348877,0.3032275140285492,0.05137084424495697,3,9,3.6888794541139367,1,1,0.32911160597804856,0.3640355745818967,HH,0.32911160588264465,0.36403557658195496,0.19245009124279022,raw_plus_residual,audited,18.0
1951,2206,1,5.0050578117370605,-0.7676249742507935,2.6353394985198975,2.8675034046173096,0.26558107137680054,0.04063327610492706,2,2,2.197224577336219,1,1,0.06070196315592073,0.6324452174040246,LH,0.06070196256041527,0.632445216178894,0.5,raw_plus_residual,audited,14.0
537,1165,1,5.887841701507568,-0.0021177977323532104,2.6376872062683105,2.9435644149780273,0.3044488728046417,0.05170826613903046,4,1,2.3025850929940455,1,1,0.004185919348928459,0.6889612612110169,LH,0.004185919184237719,0.6889612674713135,0.5,raw_plus_residual,audited,2.0
439,1169,1,3.5842888355255127,1.6779060363769531,-1.0355714559555054,2.911240816116333,0.026454584673047066,0.004681255202740431,1,20,3.7376696182833684,0,0,0.006432866314957059,-0.006432866314957059,HL,0.006432866211980581,-0.006432866211980581,0.0,raw_plus_residual,audited,140.0
649,1171,1,0.9685125946998596,2.044316530227661,-1.0374921560287476,-0.1079229861497879,0.06535248458385468,0.020077049732208252,0,7,2.0794415416798357,0,0,0.002360157616860452,-0.002360157616860452,LL,0.0023601576685905457,-0.0023601576685905457,0.0,raw_plus_residual,audited,88.0
117,259,1,5.575100421905518,-0.2706082761287689,2.6551754474639893,2.913175344467163,0.27309873700141907,0.044681962579488754,1,1,1.3862943611198906,1,1,0.000947015262518225,0.692200165297427,LH,0.0009470152435824275,0.6922001838684082,1.0,raw_plus_residual,audited,1.0
760,985,1,1.3768346309661865,-0.5966776609420776,-0.8514032363891602,2.898869752883911,-0.07821281999349594,0.017674561589956284,5,3,3.1780538303479453,0,0,0.22175131833629452,-0.22175131833629452,HL,0.22175131738185883,-0.22175131738185883,0.0,raw_plus_residual,audited,192.0
1724,2215,1,3.9384660720825195,-0.6782795786857605,2.6141774654388428,1.7300727367401123,0.26823699474334717,0.05069907754659653,4,3,2.995732273553991,1,1,0.17500289572026875,0.5181442848396766,HH,0.17500290274620056,0.5181442499160767,0.28867512941360474,raw_plus_residual,audited,138.0
2181,2196,1,3.098022937774658,1.8752477169036865,-1.0377932786941528,2.2127525806427,0.043557047843933105,0.008426018990576267,4,0,1.6094379124341003,0,0,0.0017205072864927562,-0.0017205072864927562,LL,0.0017205072799697518,-0.0017205072799697518,0.0,raw_plus_residual,audited,30.0
56,447,1,5.1932477951049805,-0.7081918120384216,2.643664836883545,2.97133469581604,0.2821812331676483,0.04271995648741722,2,3,2.484906649788,1,1,0.07148812393195868,0.6216590566279866,LH,0.07148812711238861,0.6216590404510498,0.40824827551841736,raw_plus_residual,audited,7.0
1061,1196,1,-3.529971122741699,-0.4339163899421692,-1.037050485610962,-1.9390738010406494,-0.12418913841247559,0.03513895347714424,1,3,2.0794415416798357,0,0,0.0032970954741361556,-0.0032970954741361556,LL,0.0032970954198390245,-0.0032970954198390245,0.0,raw_plus_residual,audited,268.0
1131,1909,1,2.7218191623687744,0.7155530452728271,-0.8056521415710449,2.798112154006958,0.009547524154186249,0.0022055490408092737,19,3,4.382026634673881,0,0,0.26833327095277754,-0.26833327095277754,HL,0.2683332562446594,-0.2683332562446594,0.0,raw_plus_residual,audited,21.0
448,1826,1,5.543888568878174,-0.42821234464645386,2.665271520614624,3.0187082290649414,0.28386247158050537,0.04438086971640587,3,6,3.332204510175204,1,1,0.282183781426312,0.4109633991336333,HH,0.28218379616737366,0.41096338629722595,0.2357022762298584,raw_plus_residual,audited,5.0
133,1623,1,6.4539971351623535,0.5756790041923523,2.6222662925720215,2.9219753742218018,0.32981792092323303,0.05113663524389267,6,36,5.556828061699537,2,2,0.4692091491410242,0.6294031395270854,HH,0.46920913457870483,0.6294031739234924,0.13608276844024658,raw_plus_residual,audited,45.0
985,1073,1,1.115922212600708,-0.4339163899421692,-1.037050485610962,2.706819534301758,-0.12418913841247559,0.0288679338991642,3,1,2.0794415416798357,0,0,0.0032970954741361556,-0.0032970954741361556,LL,0.0032970954198390245,-0.0032970954198390245,0.0,raw_plus_residual,audited,179.0
701,2062,1,5.488046646118164,-0.4339163899421692,2.6759190559387207,2.9718775749206543,0.2699076235294342,0.04249429702758789,3,1,2.0794415416798357,1,1,0.0032970954741361556,0.6898500850858091,LH,0.0032970954198390245,0.6898500919342041,0.5773502588272095,raw_plus_residual,audited,10.0
767,873,1,1.0837825536727905,-0.7427729964256287,-0.905755877494812,2.8110320568084717,-0.08297935873270035,0.01826717145740986,3,3,2.772588722239781,0,0,0.16522986077655458,-0.16522986077655458,LL,0.16522985696792603,-0.16522985696792603,0.0,raw_plus_residual,audited,98.00000000000001
1712,1725,1,6.5363569259643555,0.6270694732666016,2.6028103828430176,2.9804394245147705,0.3217785656452179,0.04926113411784172,2,11,3.58351893845611,1,1,0.17174160171348118,0.5214055788464641,HH,0.17174160480499268,0.5214055776596069,0.21320071816444397,raw_plus_residual,audited,13.0
6,373,1,0.666341245174408,-0.7676249742507935,-0.9995923042297363,2.527944803237915,-0.09864497929811478,0.02245091088116169,2,2,2.197224577336219,0,0,0.06070196315592073,-0.06070196315592073,LL,0.06070196256041527,-0.06070196256041527,0.0,raw_plus_residual,audited,102.0
1463,2133,1,5.2234416007995605,-0.6284047961235046,2.644258499145508,2.927258014678955,0.27607133984565735,0.04262996092438698,6,6,3.8918202981106265,3,3,0.4950999842333055,0.8911943768865851,HH,0.4950999915599823,0.8911943435668945,0.5,raw_plus_residual,audited,33.0
229,1894,1,3.298452377319336,2.133909225463867,-1.0390727519989014,2.12213397026062,0.07722341269254684,0.01437426172196865,0,11,2.4849066497880004,0,0,-0.0009966649886615833,0.0009966649886615833,LH,-0.0009966649813577533,0.0009966649813577533,0.0,raw_plus_residual,audited,15.0
1358,1745,1,7.263973712921143,1.3661054372787476,2.616549491882324,2.9343671798706055,0.34269270300865173,0.04720470309257507,139,5,6.733401891837358,2,2,0.6285958047157693,0.4700164839523403,HH,0.6285958290100098,0.4700164794921875,0.07586432248353958,raw_plus_residual,audited,98.00000000000001
1334,1542,1,6.4357781410217285,0.7138423323631287,2.621433734893799,2.7634754180908203,0.3327680230140686,0.05174018815159798,4,27,4.941642422609304,1,1,0.5522982246262746,0.14084895593367064,HH,0.5522982478141785,0.14084893465042114,0.09622504562139511,raw_plus_residual,audited,15.0
442,2362,1,-1.6868374347686768,2.0039572715759277,-1.0387792587280273,-2.7162833213806152,0.060009200125932693,0.010312579572200775,6,0,1.9459101490553132,0,0,-0.0003730568266564629,0.0003730568266564629,LH,-0.00037305682781152427,0.00037305682781152427,0.0,raw_plus_residual,audited,262.0
383,2268,1,5.470775604248047,-0.3733779788017273,2.6468048095703125,2.895691394805908,0.29739898443222046,0.04786510393023491,2,5,2.8903717578961645,1,1,0.10194086582036256,0.5912063147395827,LH,0.10194086283445358,0.5912063121795654,0.3162277638912201,raw_plus_residual,audited,3.0
525,1628,1,5.489336967468262,-0.4237070083618164,2.652644395828247,2.9744443893432617,0.28169697523117065,0.04448437690734863,13,15,5.41164605185504,4,4,1.0096609704882655,0.5997769419458348,HH,1.0096609592437744,0.5997769832611084,0.2864459455013275,raw_plus_residual,audited,92.0
1899,1902,1,1.679508090019226,-0.42821234464645386,-0.7919400334358215,2.953831672668457,-0.058429863303899765,0.013805328868329525,3,6,3.332204510175204,0,0,0.282183781426312,-0.282183781426312,HL,0.28218379616737366,-0.28218379616737366,0.0,raw_plus_residual,audited,49.00000000000001
1986,2001,1,5.388019561767578,0.2357347011566162,2.636587381362915,2.188539505004883,0.32289955019950867,0.05997657775878906,55,14,6.73340189183736,2,2,1.0002124077622778,0.09839988090583174,HH,1.0002124309539795,0.09839987754821777,0.0720749944448471,raw_plus_residual,audited,94.0
1358,1761,1,7.306665897369385,1.3661054372787476,2.6137964725494385,2.9817309379577637,0.3407745957374573,0.046666063368320465,139,5,6.733401891837358,2,2,0.6285958047157693,0.4700164839523403,HH,0.6285958290100098,0.4700164794921875,0.07586432248353958,raw_plus_residual,audited,85.0
745,1986,1,5.983996391296387,0.7087100744247437,2.6286933422088623,2.310255289077759,0.33207955956459045,0.055534135550260544,7,55,6.104793232414986,6,6,0.8440828426639999,1.1018273063913133,HH,0.8440828323364258,1.1018273830413818,0.3057883381843567,raw_plus_residual,audited,62.0
32,518,1,0.9731911420822144,-0.7427729964256287,-0.905755877494812,2.7004406452178955,-0.08297935873270035,0.01872299611568451,3,3,2.772588722239781,0,0,0.16522986077655458,-0.16522986077655458,LL,0.16522985696792603,-0.16522985696792603,0.0,raw_plus_residual,audited,85.0
1427,2446,1,1.8179746866226196,-0.12717191874980927,-0.9525696039199829,2.968602418899536,-0.07514490932226181,0.018223626539111137,2,6,3.0445224377234226,0,0,0.1138261761982892,-0.1138261761982892,HL,0.11382617801427841,-0.11382617801427841,0.0,raw_plus_residual,audited,25.0
368,428,1,5.2804741859436035,-0.6782795786857605,2.6598477363586426,3.019357681274414,0.2752896249294281,0.04150444641709328,3,4,2.995732273553991,1,1,0.17500289572026875,0.5181442848396766,HH,0.17500290274620056,0.5181442499160767,0.28867512941360474,raw_plus_residual,audited,20.0
47,163,1,3.2380049228668213,1.3908644914627075,-1.0377793312072754,2.849698066711426,0.03096318058669567,0.005831871181726456,1,0,0.6931471805599453,0,0,0.0017507562059211408,-0.0017507562059211408,LL,0.0017507561715319753,-0.0017507561715319753,0.0,raw_plus_residual,audited,20.0
1671,2137,1,0.6629331707954407,-0.7081918120384216,-0.9900997877120972,2.466585636138916,-0.1096196323633194,0.025645039975643158,3,2,2.484906649788,0,0,0.07148812393195868,-0.07148812393195868,LL,0.07148812711238861,-0.07148812711238861,0.0,raw_plus_residual,audited,96.0
710,2212,1,4.9269914627075195,-0.7427729964256287,2.6239871978759766,2.781329870223999,0.2601884603500366,0.04060192406177521,3,3,2.772588722239781,1,1,0.16522986077655458,0.5279173197833907,LH,0.16522985696792603,0.5279173254966736,0.3333333432674408,raw_plus_residual,audited,3.0
218,2119,1,-0.6793258786201477,1.2252533435821533,-1.0374140739440918,-0.8561969995498657,-0.015226862393319607,0.004858461674302816,10,1,3.091042453358316,0,0,0.002525484620602349,-0.002525484620602349,HL,0.0025254846550524235,-0.0025254846550524235,0.0,raw_plus_residual,audited,165.0
441,1537,1,2.345020055770874,0.3969429135322571,-0.9331808090209961,2.9196560382843018,-0.04265658184885979,0.009937616065144539,9,2,3.4011973816621555,0,0,0.13552594396412831,-0.13552594396412831,HL,0.13552594184875488,-0.13552594184875488,0.0,raw_plus_residual,audited,10.0
665,2122,1,1.7888834476470947,-0.44846269488334656,-0.6759449243545532,2.94240403175354,-0.03337153419852257,0.008139035664498806,4,7,3.688879454113936,0,0,0.3975265844681462,-0.3975265844681462,HL,0.3975265920162201,-0.3975265920162201,0.0,raw_plus_residual,audited,49.00000000000001
325,1848,1,3.651242256164551,1.8752477169036865,-1.0377932786941528,2.7659718990325928,0.043557047843933105,0.00761144794523716,0,4,1.6094379124341003,0,0,0.0017205072864927562,-0.0017205072864927562,LL,0.0017205072799697518,-0.0017205072799697518,0.0,raw_plus_residual,audited,17.0
120,2405,1,5.209375381469727,-0.5684739947319031,2.651202917098999,2.8492894172668457,0.27309855818748474,0.04306145757436752,4,6,3.5553480614894135,3,3,0.3825360044576253,1.0037583566622652,HH,0.38253599405288696,1.003758430480957,0.6123723983764648,raw_plus_residual,audited,9.0
1215,1894,1,-0.45703813433647156,0.2108386754989624,-0.7622427344322205,0.10475525259971619,-0.01464799139648676,0.013407961465418339,3,11,3.8712010109078907,0,0,0.31211233284001444,-0.31211233284001444,HL,0.31211233139038086,-0.31211233139038086,0.0,raw_plus_residual,audited,231.0
1206,1257,1,4.221868991851807,2.166900396347046,-1.0374541282653809,3.005786418914795,0.08237739652395248,0.013091323897242546,0,14,2.70805020110221,0,0,0.0024409355255765467,-0.0024409355255765467,LL,0.002440935466438532,-0.002440935466438532,0.0,raw_plus_residual,audited,22.0
50,1441,1,2.2832226753234863,2.189077138900757,-1.0341565608978271,1.0377908945083618,0.08625268191099167,0.019840622320771217,0,17,2.8903717578961645,0,0,0.009427852671146774,-0.009427852671146774,LL,0.009427852928638458,-0.009427852928638458,0.0,raw_plus_residual,audited,84.0
1185,1992,1,1.599820852279663,0.3676947057247162,-1.036747932434082,2.342803955078125,-0.07818859815597534,0.020439136773347855,5,1,2.4849066497880004,0,0,0.0039391469196593705,-0.0039391469196593705,LL,0.0039391471073031425,-0.0039391471073031425,0.0,raw_plus_residual,audited,55.0
1090,2367,1,5.5981903076171875,-0.2353576421737671,2.643705129623413,2.8985226154327393,0.28706133365631104,0.04733356460928917,6,12,4.51085950651685,5,5,0.6428560865467221,1.1489033826813329,HH,0.6428560614585876,1.1489033699035645,0.589255690574646,raw_plus_residual,audited,7.0
1041,2448,1,1.2882739305496216,-0.6099170446395874,-0.9636331796646118,2.962465286254883,-0.10489976406097412,0.022603249177336693,4,2,2.7080502011022096,0,0,0.10139347569890247,-0.10139347569890247,LL,0.10139347612857819,-0.10139347612857819,0.0,raw_plus_residual,audited,52.0
86,1336,1,5.331233978271484,-0.12717191874980927,2.6314029693603516,2.5198066234588623,0.3029380440711975,0.05427714064717293,2,6,3.0445224377234226,1,1,0.1138261761982892,0.5793210043616561,HH,0.11382617801427841,0.579321026802063,0.28867512941360474,raw_plus_residual,audited,15.0
1462,1663,1,5.24029016494751,-0.7081918120384216,2.6616058349609375,3.0143840312957764,0.26823312044143677,0.04032116383314133,3,2,2.484906649788,1,1,0.07148812393195868,0.6216590566279866,LH,0.07148812711238861,0.6216590404510498,0.40824827551841736,raw_plus_residual,audited,12.0
542,1245,1,5.003342151641846,-0.7427729964256287,2.6318459510803223,2.8422560691833496,0.2677547335624695,0.04129067435860634,3,3,2.772588722239781,1,1,0.16522986077655458,0.5279173197833907,LH,0.16522985696792603,0.5279173254966736,0.3333333432674408,raw_plus_residual,audited,56.0
1224,1660,1,6.905691146850586,1.130126953125,2.639655113220215,2.793504238128662,0.3381460905075073,0.04899650812149048,20,2,4.143134726391533,2,2,0.147646245345424,0.9509660433226855,HH,0.1476462483406067,0.9509660601615906,0.3162277638912201,raw_plus_residual,audited,7.0
219,507,1,6.753385543823242,0.9713116884231567,2.6253247261047363,2.8225841522216797,0.32990625500679016,0.048881322145462036,2,16,3.9318256327243257,1,1,0.2183233705959279,0.4748238099640174,HH,0.21832336485385895,0.47482383251190186,0.1767766922712326,raw_plus_residual,audited,3.0
372,626,1,-0.8594765663146973,-0.7081918120384216,-0.9900997877120972,0.9441758990287781,-0.1096196323633194,0.039831455796957016,2,3,2.484906649788,0,0,0.07148812393195868,-0.07148812393195868,LL,0.07148812711238861,-0.07148812711238861,0.0,raw_plus_residual,audited,282.0
59,1725,1,5.387851715087891,-0.4674942195415497,2.6111106872558594,2.955415964126587,0.2845606505870819,0.045035526156425476,9,11,4.787491742782047,1,1,0.7745008550980955,-0.08135367453815023,HL,0.774500846862793,-0.08135366439819336,0.10050378739833832,raw_plus_residual,audited,242.0
1424,1621,1,0.5316112637519836,-0.2706082761287689,-1.0381578207015991,1.8845772743225098,-0.048458557575941086,0.014948030933737755,1,1,1.3862943611198906,0,0,0.000947015262518225,-0.000947015262518225,LL,0.0009470152435824275,-0.0009470152435824275,0.0,raw_plus_residual,audited,55.0
868,2099,1,5.86995792388916,0.07735279947519302,2.6480212211608887,2.8325467109680176,0.3077786862850189,0.05247092992067337,7,2,3.1780538303479453,1,1,0.11211141868836359,0.5810357618715817,HH,0.1121114194393158,0.5810357332229614,0.26726123690605164,raw_plus_residual,audited,2.0
1281,1746,1,1.5502517223358154,-0.7081918120384216,2.601370096206665,-0.6243168115615845,0.27713173627853394,0.06581121683120728,3,2,2.484906649788,1,1,0.07148812393195868,0.6216590566279866,LH,0.07148812711238861,0.6216590404510498,0.40824827551841736,raw_plus_residual,audited,265.0
443,1264,1,5.101217269897461,-0.7081918120384216,2.6466925144195557,2.8755054473876953,0.28295260667800903,0.043441999703645706,3,2,2.484906649788,1,1,0.07148812393195868,0.6216590566279866,LH,0.07148812711238861,0.6216590404510498,0.40824827551841736,raw_plus_residual,audited,11.0
807,1956,1,5.235171794891357,-0.7081918120384216,2.6677916049957275,3.0004262924194336,0.2708873152732849,0.04075149819254875,3,2,2.484906649788,1,1,0.07148812393195868,0.6216590566279866,LH,0.07148812711238861,0.6216590404510498,0.40824827551841736,raw_plus_residual,audited,8.0
1204,1839,1,0.8825066089630127,-0.6350057721138,-0.8192272782325745,2.397442579269409,-0.06496158987283707,0.01658606342971325,4,5,3.401197381662155,0,0,0.25458177557444955,-0.25458177557444955,HL,0.2545817792415619,-0.2545817792415619,0.0,raw_plus_residual,audited,119.0
750,1441,1,-0.5774911046028137,2.189077138900757,-1.0341565608978271,-1.8229230642318726,0.08625268191099167,0.01680549420416355,0,17,2.8903717578961645,0,0,0.009427852671146774,-0.009427852671146774,LL,0.009427852928638458,-0.009427852928638458,0.0,raw_plus_residual,audited,92.99999999999999
2112,2436,1,1.2678444385528564,-0.5966776609420776,-0.8514032363891602,2.789879560470581,-0.07821281999349594,0.018120871856808662,5,3,3.1780538303479453,0,0,0.22175131833629452,-0.22175131833629452,HL,0.22175131738185883,-0.22175131738185883,0.0,raw_plus_residual,audited,65.0
624,1232,1,-3.50433349609375,-0.2706082761287689,-1.0381578207015991,-2.151367425918579,-0.048458557575941086,0.013811396434903145,1,1,1.3862943611198906,0,0,0.000947015262518225,-0.000947015262518225,LL,0.0009470152435824275,-0.0009470152435824275,0.0,raw_plus_residual,audited,306.0
205,1701,1,5.7467217445373535,1.948233962059021,2.6401822566986084,0.8050147294998169,0.34903231263160706,0.06078094244003296,1,65,4.882801922586371,1,1,0.021792498899605994,0.6713546816603393,HH,0.021792499348521233,0.6713547110557556,0.12403473258018494,raw_plus_residual,audited,52.0
921,1914,1,3.2251791954040527,1.1895334720611572,-0.901163637638092,2.9128100872039795,0.019740525633096695,0.0039298334158957005,2,22,4.234106504597259,0,0,0.16987591549112013,-0.16987591549112013,HL,0.16987591981887817,-0.16987591981887817,0.0,raw_plus_residual,audited,47.0
519,598,1,0.8255157470703125,-0.0020326748490333557,-0.41320228576660156,1.1892104148864746,0.04728156700730324,0.02862553484737873,10,26,5.6937321388027,0,0,0.6373512807731108,-0.6373512807731108,HL,0.6373512744903564,-0.6373512744903564,0.0,raw_plus_residual,audited,144.0
1515,2234,1,1.2769856452941895,1.3908644914627075,-1.0377793312072754,0.8886786103248596,0.03096318058669567,0.009247473441064358,1,0,0.6931471805599453,0,0,0.0017507562059211408,-0.0017507562059211408,LL,0.0017507561715319753,-0.0017507561715319753,0.0,raw_plus_residual,audited,84.0
469,2412,1,0.8570869565010071,-0.5690075755119324,-1.037499189376831,2.5754408836364746,-0.11610579490661621,0.027013573795557022,2,1,1.791759469228055,0,0,0.0023449622714699233,-0.0023449622714699233,LL,0.0023449622094631195,-0.0023449622094631195,0.0,raw_plus_residual,audited,19.0
64,1209,1,1.2609283924102783,-0.5690075755119324,-1.037499189376831,2.9792823791503906,-0.11610579490661621,0.024693405255675316,2,1,1.791759469228055,0,0,0.0023449622714699233,-0.0023449622714699233,LL,0.0023449622094631195,-0.0023449622094631195,0.0,raw_plus_residual,audited,37.0
306,1779,1,6.933760166168213,1.0498807430267334,2.640428066253662,2.8985579013824463,0.3406347930431366,0.04915718734264374,64,5,5.966146739123692,1,1,0.6749152196721875,0.018231960887757803,HH,0.6749151945114136,0.018231987953186035,0.055901698768138885,raw_plus_residual,audited,54.0
1433,2359,1,2.363229274749756,0.5224152207374573,-0.9394623041152954,2.8116891384124756,-0.035671476274728775,0.00827790703624487,2,10,3.4965075614664802,0,0,0.12850763696410694,-0.12850763696410694,HL,0.12850764393806458,-0.12850764393806458,0.0,raw_plus_residual,audited,44.0
1070,1358,1,4.841348648071289,1.3661054372787476,2.6258747577667236,0.5021384358406067,0.34297117590904236,0.070904441177845,5,139,6.733401891837358,2,2,0.6285958047157693,0.4700164839523403,HH,0.6285958290100098,0.4700164794921875,0.07586432248353958,raw_plus_residual,audited,176.0
1810,1812,1,3.071117401123047,0.9415560960769653,-0.7453745007514954,2.8325703144073486,0.038106948137283325,0.008361173793673515,38,4,5.272999558563747,0,0,0.3290806771110165,-0.3290806771110165,HL,0.3290806710720062,-0.3290806710720062,0.0,raw_plus_residual,audited,144.0
695,1336,1,4.802116394042969,-0.6084291338920593,2.6488163471221924,2.4884226322174072,0.26904839277267456,0.044731684029102325,5,6,3.737669618283368,1,1,0.4774595824663788,0.21568759809356647,HH,0.477459579706192,0.2156876027584076,0.18257418274879456,raw_plus_residual,audited,35.0
667,2364,1,0.018656883388757706,-0.7676249742507935,-0.9995923042297363,1.8802604675292969,-0.09864497929811478,0.02633255533874035,2,2,2.197224577336219,0,0,0.06070196315592073,-0.06070196315592073,LL,0.06070196256041527,-0.06070196256041527,0.0,raw_plus_residual,audited,98.00000000000001
945,2388,1,1.2135372161865234,-0.6782795786857605,-0.8962187767028809,2.870098352432251,-0.0863213911652565,0.019051633775234222,3,4,2.995732273553991,0,0,0.17500289572026875,-0.17500289572026875,HL,0.17500290274620056,-0.17500290274620056,0.0,raw_plus_residual,audited,92.99999999999999
843,2542,1,2.9641644954681396,1.7502979040145874,-1.0377097129821777,2.219836950302124,0.027480756863951683,0.005457593128085136,3,0,1.3862943611198906,0,0,0.0018984381124396209,-0.0018984381124396209,LL,0.0018984380876645446,-0.0018984380876645446,0.0,raw_plus_residual,audited,24.0
1358,1713,1,-1.3473284244537354,1.6542401313781738,-0.436467707157135,-2.688920021057129,0.11956046521663666,0.024404138326644897,139,3,6.327936783729195,0,0,0.6169456046054784,-0.6169456046054784,HL,0.6169456243515015,-0.6169456243515015,0.0,raw_plus_residual,audited,339.0
905,1483,1,6.638671875,0.756616473197937,2.6199512481689453,2.9315249919891357,0.32632017135620117,0.04918598756194115,3,20,4.430816798843313,3,3,0.3179377400424653,1.0683566210774254,HH,0.3179377317428589,1.0683566331863403,0.3872983157634735,raw_plus_residual,audited,7.0
1059,1600,1,3.4297821521759033,2.040757894515991,-1.0381578207015991,2.1927669048309326,0.23015671968460083,0.041832685470581055,0,0,0.0,0,0,0.000947015262518225,-0.000947015262518225,LL,0.0009470152435824275,-0.0009470152435824275,0.0,raw_plus_residual,audited,2.0
403,806,1,6.51300048828125,0.64394611120224,2.6021945476531982,2.9485604763031006,0.314040869474411,0.04824908822774887,6,1,2.6390573296152584,1,1,0.004563153246322025,0.6885840273136232,LH,0.004563153255730867,0.68858402967453,0.40824827551841736,raw_plus_residual,audited,1.0
228,322,1,3.4993224143981934,1.8752477169036865,-1.0377932786941528,2.6140520572662354,0.043557047843933105,0.007819023914635181,4,0,1.6094379124341003,0,0,0.0017205072864927562,-0.0017205072864927562,LL,0.0017205072799697518,-0.0017205072799697518,0.0,raw_plus_residual,audited,157.0
1148,2220,1,5.189108371734619,-0.7081918120384216,2.603895664215088,3.0107905864715576,0.2783556282520294,0.042167212814092636,2,3,2.484906649788,1,1,0.07148812393195868,0.6216590566279866,LH,0.07148812711238861,0.6216590404510498,0.40824827551841736,raw_plus_residual,audited,5.0
1317,1720,1,1.9080712795257568,-0.27597954869270325,-0.7720020413398743,2.9972171783447266,-0.04542287811636925,0.011104149743914604,7,3,3.465735902799726,0,0,0.30228549038446784,-0.30228549038446784,HL,0.30228549242019653,-0.30228549242019653,0.0,raw_plus_residual,audited,175.0
1553,1827,1,5.206654071807861,-0.7427729964256287,2.6630184650421143,3.013723373413086,0.2684269845485687,0.04013596475124359,3,3,2.772588722239781,1,1,0.16522986077655458,0.5279173197833907,LH,0.16522985696792603,0.5279173254966736,0.3333333432674408,raw_plus_residual,audited,17.0
2147,2486,1,5.315598964691162,-0.6099170446395874,2.662498712539673,2.9794552326202393,0.2793033719062805,0.04276464506983757,4,2,2.7080502011022096,1,1,0.10139347569890247,0.5917537048610428,LH,0.10139347612857819,0.5917537212371826,0.3535533845424652,raw_plus_residual,audited,5.0
604,1914,1,6.423916339874268,0.5618136525154114,2.6405725479125977,2.8840463161468506,0.33322516083717346,0.051906999200582504,4,22,4.74493212836325,1,1,0.5479365771641735,0.14521060339577174,HH,0.5479365587234497,0.1452106237411499,0.10660035908222198,raw_plus_residual,audited,17.0
2164,2282,1,2.0200884342193604,0.3676947057247162,-1.036747932434082,2.7630715370178223,-0.07818859815597534,0.018415937200188637,1,5,2.4849066497880004,0,0,0.0039391469196593705,-0.0039391469196593705,LL,0.0039391471073031425,-0.0039391471073031425,0.0,raw_plus_residual,audited,55.0
175,2217,1,1.6335567235946655,-0.42821234464645386,-0.7919400334358215,2.9078803062438965,-0.058429863303899765,0.013956858776509762,6,3,3.332204510175204,0,0,0.282183781426312,-0.282183781426312,HL,0.28218379616737366,-0.28218379616737366,0.0,raw_plus_residual,audited,58.0
1957,2630,1,-1.349473237991333,0.3676947057247162,-1.036747932434082,-0.6064901351928711,-0.07818859815597534,0.03742654249072075,5,1,2.4849066497880004,0,0,0.0039391469196593705,-0.0039391469196593705,LL,0.0039391471073031425,-0.0039391471073031425,0.0,raw_plus_residual,audited,145.0
1054,1432,1,5.3871049880981445,-0.3733779788017273,2.6310019493103027,2.836472988128662,0.288749098777771,0.04710731655359268,5,2,2.8903717578961645,1,1,0.10194086582036256,0.5912063147395827,LH,0.10194086283445358,0.5912063121795654,0.3162277638912201,raw_plus_residual,audited,7.0
289,1722,1,4.825747013092041,-0.7676249742507935,2.601210117340088,2.7168936729431152,0.2710094153881073,0.042633410543203354,2,2,2.197224577336219,1,1,0.06070196315592073,0.6324452174040246,LH,0.06070196256041527,0.632445216178894,0.5,raw_plus_residual,audited,200.0
466,1305,1,5.746764659881592,-0.0021177977323532104,2.6003615856170654,2.8469574451446533,0.2973051965236664,0.0517345629632473,4,1,2.3025850929940455,1,1,0.004185919348928459,0.6889612612110169,LH,0.004185919184237719,0.6889612674713135,0.5,raw_plus_residual,audited,46.0
1098,2067,1,1.1134076118469238,-0.5690075755119324,-1.037499189376831,2.831761598587036,-0.11610579490661621,0.02549324557185173,1,2,1.791759469228055,0,0,0.0023449622714699233,-0.0023449622714699233,LL,0.0023449622094631195,-0.0023449622094631195,0.0,raw_plus_residual,audited,27.0
981,1221,1,0.4078367054462433,-0.0021177977323532104,-1.0366313457489014,1.5429645776748657,-0.10063742846250534,0.03751836344599724,1,4,2.3025850929940455,0,0,0.004185919348928459,-0.004185919348928459,LL,0.004185919184237719,-0.004185919184237719,0.0,raw_plus_residual,audited,90.0
293,2038,1,0.7984868288040161,1.3908644914627075,-1.0377793312072754,0.4101797938346863,0.03096318058669567,0.010789366438984871,0,1,0.6931471805599453,0,0,0.0017507562059211408,-0.0017507562059211408,LL,0.0017507561715319753,-0.0017507561715319753,0.0,raw_plus_residual,audited,106.0
1270,2034,1,2.6471099853515625,1.839274525642395,-1.0377808809280396,1.7947269678115845,0.0466308519244194,0.009882739745080471,1,35,4.276666119016055,0,0,0.0017473634276490041,-0.0017473634276490041,HL,0.001747363479807973,-0.001747363479807973,0.0,raw_plus_residual,audited,112.0
618,938,1,-0.9590953588485718,-0.5690075755119324,-1.037499189376831,0.7592585682868958,-0.11610579490661621,0.04678155854344368,1,2,1.791759469228055,0,0,0.0023449622714699233,-0.0023449622714699233,LL,0.0023449622094631195,-0.0023449622094631195,0.0,raw_plus_residual,audited,164.0
1197,1791,1,0.9876418709754944,-0.5690075755119324,-1.037499189376831,2.705995798110962,-0.11610579490661621,0.02621721662580967,1,2,1.791759469228055,0,0,0.0023449622714699233,-0.0023449622714699233,LL,0.0023449622094631195,-0.0023449622094631195,0.0,raw_plus_residual,audited,55.0
1098,1477,1,5.340457916259766,-0.4339163899421692,2.6521477699279785,2.844801425933838,0.2731662094593048,0.044030435383319855,1,3,2.0794415416798357,1,1,0.0032970954741361556,0.6898500850858091,LH,0.0032970954198390245,0.6898500919342041,0.5773502588272095,raw_plus_residual,audited,3.0
266,809,1,5.083756446838379,-0.6782795786857605,2.6380252838134766,2.8532516956329346,0.2665006220340729,0.04140743613243103,3,4,2.995732273553991,1,1,0.17500289572026875,0.5181442848396766,HH,0.17500290274620056,0.5181442499160767,0.28867512941360474,raw_plus_residual,audited,8.0
131,2169,1,1.179945945739746,-0.4339163899421692,-1.037050485610962,2.770843267440796,-0.12418913841247559,0.02844460867345333,1,3,2.0794415416798357,0,0,0.0032970954741361556,-0.0032970954741361556,LL,0.0032970954198390245,-0.0032970954198390245,0.0,raw_plus_residual,audited,78.0
1147,2371,1,5.603342056274414,-0.12717191874980927,2.632746458053589,2.7987561225891113,0.2947525978088379,0.05035555735230446,6,2,3.0445224377234226,1,1,0.1138261761982892,0.5793210043616561,HH,0.11382617801427841,0.579321026802063,0.28867512941360474,raw_plus_residual,audited,1.0
142,2181,1,5.21953010559082,-0.6782795786857605,2.670037031173706,2.9460079669952393,0.27750614285469055,0.04222660884261131,3,4,2.995732273553991,1,1,0.17500289572026875,0.5181442848396766,HH,0.17500290274620056,0.5181442499160767,0.28867512941360474,raw_plus_residual,audited,32.0
1236,2479,1,3.7188193798065186,2.040757894515991,-1.0381578207015991,2.481804132461548,0.23015671968460083,0.03974471241235733,0,0,0.0,0,0,0.000947015262518225,-0.000947015262518225,LL,0.0009470152435824275,-0.0009470152435824275,0.0,raw_plus_residual,audited,1.0
18,2082,1,-1.8239994049072266,1.7502979040145874,-1.0377097129821777,-2.568326950073242,0.027480756863951683,0.0051043275743722916,3,0,1.3862943611198906,0,0,0.0018984381124396209,-0.0018984381124396209,LL,0.0018984380876645446,-0.0018984380876645446,0.0,raw_plus_residual,audited,265.0
531,606,1,0.844066321849823,-0.0021177977323532104,-1.0366313457489014,1.979194164276123,-0.10063742846250534,0.03227026388049126,1,4,2.3025850929940455,0,0,0.004185919348928459,-0.004185919348928459,LL,0.004185919184237719,-0.004185919184237719,0.0,raw_plus_residual,audited,63.0
1682,2319,1,6.127004623413086,0.2470514178276062,2.6461050510406494,2.918318271636963,0.311271071434021,0.05083847418427467,8,2,3.295836866004329,1,1,0.13552594396412831,0.557621236595817,HH,0.13552594184875488,0.5576212406158447,0.25,raw_plus_residual,audited,1.0
405,1275,1,0.9427977204322815,-0.5690075755119324,-1.037499189376831,2.661151647567749,-0.11610579490661621,0.02648540958762169,2,1,1.791759469228055,0,0,0.0023449622714699233,-0.0023449622714699233,LL,0.0023449622094631195,-0.0023449622094631195,0.0,raw_plus_residual,audited,82.0
429,2043,1,3.2550301551818848,1.4861490726470947,-1.0383679866790771,2.7963387966156006,0.006651748437434435,0.0012485665502026677,14,1,3.4011973816621555,0,0,0.0005006467647070033,-0.0005006467647070033,HL,0.0005006467690691352,-0.0005006467690691352,0.0,raw_plus_residual,audited,8.0
836,2403,1,0.7472509145736694,0.3676947057247162,-1.036747932434082,1.4902340173721313,-0.07818859815597534,0.02630075253546238,5,1,2.4849066497880004,0,0,0.0039391469196593705,-0.0039391469196593705,LL,0.0039391471073031425,-0.0039391471073031425,0.0,raw_plus_residual,audited,161.0
2181,2202,1,1.3071560859680176,-0.6782795786857605,-0.8962187767028809,2.963717222213745,-0.0863213911652565,0.01866595260798931,4,3,2.995732273553991,0,0,0.17500289572026875,-0.17500289572026875,HL,0.17500290274620056,-0.17500290274620056,0.0,raw_plus_residual,audited,56.0
296,2685,1,5.433282375335693,-0.4339163899421692,2.6182422637939453,2.968334436416626,0.2763632535934448,0.043889082968235016,1,3,2.0794415416798357,1,1,0.0032970954741361556,0.6898500850858091,LH,0.0032970954198390245,0.6898500919342041,0.5773502588272095,raw_plus_residual,audited,9.0
1701,1865,1,3.133321523666382,1.673166036605835,-0.9420684576034546,2.3427748680114746,0.05519040301442146,0.011009017005562782,65,2,5.288267030694534,0,0,0.12559219103856972,-0.12559219103856972,HL,0.1255921870470047,-0.1255921870470047,0.0,raw_plus_residual,audited,104.99999999999999
468,1311,1,5.350400924682617,-0.4339163899421692,2.6565635204315186,2.8541057109832764,0.26938962936401367,0.043352220207452774,1,3,2.0794415416798357,1,1,0.0032970954741361556,0.6898500850858091,LH,0.0032970954198390245,0.6898500919342041,0.5773502588272095,raw_plus_residual,audited,4.0
577,2352,1,5.979979991912842,0.07735279947519302,2.650742769241333,2.9341084957122803,0.3135174512863159,0.052465204149484634,7,2,3.1780538303479453,1,1,0.11211141868836359,0.5810357618715817,HH,0.1121114194393158,0.5810357332229614,0.26726123690605164,raw_plus_residual,audited,2.0
830,1914,1,3.624774217605591,1.717065453529358,-1.0251696109771729,2.896406412124634,0.032213497906923294,0.005680536385625601,1,22,3.828641396489095,0,0,0.027305708804078857,-0.027305708804078857,HL,0.027305709198117256,-0.027305709198117256,0.0,raw_plus_residual,audited,36.0
1072,1801,1,6.516327381134033,0.6859741806983948,2.6400442123413086,2.8517448902130127,0.3343055844306946,0.05133631080389023,26,4,4.90527477843843,1,1,0.5436571881679066,0.14948999239203864,HH,0.5436571836471558,0.14948999881744385,0.0980580672621727,raw_plus_residual,audited,53.0
57,2418,1,2.2444112300872803,1.9502147436141968,-1.0377932786941528,1.2743107080459595,0.05342039465904236,0.012378040701150894,0,5,1.791759469228055,0,0,0.0017205072864927562,-0.0017205072864927562,LL,0.0017205072799697518,-0.0017205072799697518,0.0,raw_plus_residual,audited,24.0
374,2147,1,1.4592232704162598,-0.6350057721138,-0.8192272782325745,2.9741592407226562,-0.06496158987283707,0.014457261189818382,5,4,3.401197381662155,0,0,0.25458177557444955,-0.25458177557444955,HL,0.2545817792415619,-0.2545817792415619,0.0,raw_plus_residual,audited,18.0
380,930,1,5.522021770477295,-0.2706082761287689,2.6277964115142822,2.8837716579437256,0.27680304646492004,0.04568476602435112,1,1,1.3862943611198906,1,1,0.000947015262518225,0.692200165297427,LH,0.0009470152435824275,0.6922001838684082,1.0,raw_plus_residual,audited,3.0
1441,2272,1,-0.8016456961631775,2.189077138900757,-1.0341565608978271,-2.0470776557922363,0.08625268191099167,0.01610223948955536,17,0,2.8903717578961645,0,0,0.009427852671146774,-0.009427852671146774,LL,0.009427852928638458,-0.009427852928638458,0.0,raw_plus_residual,audited,180.0
2034,2042,1,7.406351566314697,1.839274525642395,2.6164050102233887,2.597447633743286,0.34896567463874817,0.04714418947696686,35,1,4.276666119016055,1,1,0.0017473634276490041,0.6913998171322963,HH,0.001747363479807973,0.6913998126983643,0.16903084516525269,raw_plus_residual,audited,4.0
445,909,1,2.841632127761841,1.3908644914627075,-1.0377793312072754,2.453325033187866,0.03096318058669567,0.006302384193986654,1,0,0.6931471805599453,0,0,0.0017507562059211408,-0.0017507562059211408,LL,0.0017507561715319753,-0.0017507561715319753,0.0,raw_plus_residual,audited,4.0
302,1158,1,1.1050511598587036,-0.5684739947319031,-0.691236138343811,2.4029622077941895,-0.042459554970264435,0.011459661647677422,4,6,3.5553480614894135,0,0,0.3825360044576253,-0.3825360044576253,HL,0.38253599405288696,-0.38253599405288696,0.0,raw_plus_residual,audited,114.0
91,2380,1,5.508518695831299,-0.3733779788017273,2.6365787982940674,2.9486284255981445,0.29243066906929016,0.046781301498413086,5,2,2.8903717578961645,2,2,0.10194086582036256,0.996671422847747,LH,0.10194086283445358,0.9966714382171631,0.6324555277824402,raw_plus_residual,audited,6.0
651,2156,1,5.344442367553711,-0.42821234464645386,2.653050422668457,2.8312032222747803,0.28414231538772583,0.045854490250349045,6,3,3.332204510175204,1,1,0.282183781426312,0.4109633991336333,HH,0.28218379616737366,0.41096338629722595,0.2357022762298584,raw_plus_residual,audited,12.0
95,734,1,5.701171875,-0.2151276171207428,2.664052963256836,2.9518136978149414,0.29617440700531006,0.04833788797259331,18,10,5.342334251964811,2,2,0.9705878005139537,0.1280244881541559,HH,0.9705877900123596,0.12802451848983765,0.14907120168209076,raw_plus_residual,audited,42.0
55,2020,1,6.787050247192383,1.002356767654419,2.6345322132110596,2.8182597160339355,0.3276427090167999,0.04830499365925789,8,1,2.890371757896165,1,1,0.0014730270573223327,0.691674153502623,LH,0.0014730270486325026,0.6916741728782654,0.3535533845424652,raw_plus_residual,audited,1.0
1097,1115,1,4.9653239250183105,-0.6350057721138,2.643005609512329,2.6861929893493652,0.26687225699424744,0.0428292378783226,4,5,3.401197381662155,1,1,0.25458177557444955,0.43856540498549573,HH,0.2545817792415619,0.4385654032230377,0.22360679507255554,raw_plus_residual,audited,7.0
513,565,1,3.1100306510925293,1.2252533435821533,-1.0374140739440918,2.933159589767456,-0.015226862393319607,0.00292203132994473,1,10,3.091042453358316,0,0,0.002525484620602349,-0.002525484620602349,HL,0.0025254846550524235,-0.0025254846550524235,0.0,raw_plus_residual,audited,20.0
1848,2419,1,1.0866692066192627,-0.6782795786857605,-0.8962187767028809,2.7432303428649902,-0.0863213911652565,0.019600454717874527,4,3,2.995732273553991,0,0,0.17500289572026875,-0.17500289572026875,HL,0.17500290274620056,-0.17500290274620056,0.0,raw_plus_residual,audited,122.99999999999999
596,644,1,5.189423561096191,-0.6350057721138,2.6422533988952637,2.900744676589966,0.27717241644859314,0.04293800890445709,4,5,3.401197381662155,1,1,0.25458177557444955,0.43856540498549573,HH,0.2545817792415619,0.4385654032230377,0.22360679507255554,raw_plus_residual,audited,10.0
506,1013,1,2.613661527633667,1.0196267366409302,-1.0002213716506958,2.5877084732055664,0.0022889950778335333,0.0004965448752045631,3,29,4.787491742782046,0,0,0.059986040690260915,-0.059986040690260915,HL,0.059986039996147156,-0.059986039996147156,0.0,raw_plus_residual,audited,174.0
1110,1224,1,2.847560167312622,0.756616473197937,-0.7564537525177002,2.823740005493164,0.019399035722017288,0.004453191999346018,3,20,4.430816798843313,0,0,0.3179377400424653,-0.3179377400424653,HL,0.3179377317428589,-0.3179377317428589,0.0,raw_plus_residual,audited,104.99999999999999
458,1953,1,5.550778388977051,-0.3733779788017273,2.6559386253356934,2.97248911857605,0.29147017002105713,0.046314537525177,5,2,2.8903717578961645,1,1,0.10194086582036256,0.5912063147395827,LH,0.10194086283445358,0.5912063121795654,0.3162277638912201,raw_plus_residual,audited,3.0
693,2108,1,-1.0098925828933716,-0.4339163899421692,-1.037050485610962,0.5810047388076782,-0.12418913841247559,0.057068001478910446,3,1,2.0794415416798357,0,0,0.0032970954741361556,-0.0032970954741361556,LL,0.0032970954198390245,-0.0032970954198390245,0.0,raw_plus_residual,audited,129.0
1229,1254,1,7.1798200607299805,1.307690143585205,2.589210271835327,2.9529688358306885,0.32569223642349243,0.045389093458652496,11,1,3.1780538303479458,1,1,-0.0008313379849196862,0.6939785185448649,HH,-0.0008313379948958755,0.6939785480499268,0.30151134729385376,raw_plus_residual,audited,3.0
1158,2251,1,-0.98838210105896,2.0039572715759277,-1.0387792587280273,-2.0178279876708984,0.060009200125932693,0.0117192342877388,6,0,1.9459101490553132,0,0,-0.0003730568266564629,0.0003730568266564629,LH,-0.00037305682781152427,0.00037305682781152427,0.0,raw_plus_residual,audited,165.0
2222,2225,1,5.225329399108887,-0.6782795786857605,2.6537344455718994,2.978686809539795,0.2669292688369751,0.04058137536048889,3,4,2.995732273553991,3,3,0.17500289572026875,1.2112914653996218,HH,0.17500290274620056,1.2112914323806763,0.866025447845459,raw_plus_residual,audited,2.0
303,1670,1,0.8524817824363708,-0.7676249742507935,-0.9995923042297363,2.714085340499878,-0.09864497929811478,0.021538449451327324,2,2,2.197224577336219,0,0,0.06070196315592073,-0.06070196315592073,LL,0.06070196256041527,-0.06070196256041527,0.0,raw_plus_residual,audited,84.0
380,477,1,5.560023307800293,-0.2706082761287689,2.6277964115142822,2.9217734336853027,0.27680304646492004,0.04540001600980759,1,1,1.3862943611198906,1,1,0.000947015262518225,0.692200165297427,LH,0.0009470152435824275,0.6922001838684082,1.0,raw_plus_residual,audited,1.0
1757,2451,1,2.3843820095062256,0.3969429135322571,-0.9331808090209961,2.9590179920196533,-0.04265658184885979,0.009847315028309822,2,9,3.4011973816621555,0,0,0.13552594396412831,-0.13552594396412831,HL,0.13552594184875488,-0.13552594184875488,0.0,raw_plus_residual,audited,169.0
1255,2248,1,3.4216232299804688,1.4351190328598022,-1.039985179901123,3.020259141921997,0.001971781486645341,0.0003586795355658978,1,13,3.3322045101752042,0,0,-0.002936953749531125,0.002936953749531125,HH,-0.00293695367872715,0.00293695367872715,0.0,raw_plus_residual,audited,23.0
368,2393,1,1.3433730602264404,-0.4339163899421692,-1.037050485610962,2.9342703819274902,-0.12418913841247559,0.027418291196227074,3,1,2.0794415416798357,0,0,0.0032970954741361556,-0.0032970954741361556,LL,0.0032970954198390245,-0.0032970954198390245,0.0,raw_plus_residual,audited,22.0
388,1899,1,1.0920517444610596,-0.7081918120384216,-0.9900997877120972,2.8957042694091797,-0.1096196323633194,0.023305397480726242,2,3,2.484906649788,0,0,0.07148812393195868,-0.07148812393195868,LL,0.07148812711238861,-0.07148812711238861,0.0,raw_plus_residual,audited,70.0
89,1157,1,5.920154571533203,-0.007612861692905426,2.6548192501068115,2.9582579135894775,0.3104318380355835,0.052339475601911545,9,3,3.6888794541139367,1,1,0.32911160597804856,0.3640355745818967,HH,0.32911160588264465,0.36403557658195496,0.19245009124279022,raw_plus_residual,audited,7.0
1580,2200,1,5.2267608642578125,-0.6099170446395874,2.6570911407470703,2.899043560028076,0.27628451585769653,0.042885761708021164,4,2,2.7080502011022096,1,1,0.10139347569890247,0.5917537048610428,LH,0.10139347612857819,0.5917537212371826,0.3535533845424652,raw_plus_residual,audited,16.0
492,688,1,6.361771106719971,0.3676947057247162,2.656550168991089,3.020291328430176,0.31297653913497925,0.04922940209507942,5,1,2.4849066497880004,1,1,0.0039391469196593705,0.6892080336402859,LH,0.0039391471073031425,0.6892080307006836,0.4472135901451111,raw_plus_residual,audited,8.0
335,1986,1,3.6249799728393555,1.9241546392440796,-1.042912483215332,2.6814348697662354,0.058044519275426865,0.010171566158533096,1,55,4.718498871295095,0,0,-0.009174020886994727,0.009174020886994727,HH,-0.00917402096092701,0.00917402096092701,0.0,raw_plus_residual,audited,146.0
346,1358,1,7.90973424911499,2.0258662700653076,2.588858127593994,2.949694871902466,0.3410569131374359,0.04314186051487923,1,139,5.634789603169249,1,1,0.04505742367450992,0.6480897568854354,HH,0.045057423412799835,0.6480897665023804,0.08481889218091965,raw_plus_residual,audited,7.0
2034,2035,1,2.9773573875427246,1.4389324188232422,-0.9435597658157349,2.442894220352173,0.03483196720480919,0.00716674979776144,35,2,4.68213122712422,0,0,0.12392335887639176,-0.12392335887639176,HL,0.12392336130142212,-0.12392336130142212,0.0,raw_plus_residual,audited,113.0
1554,2687,1,0.4589729607105255,-0.5690075755119324,-1.037499189376831,2.1773269176483154,-0.11610579490661621,0.02977117896080017,2,1,1.791759469228055,0,0,0.0023449622714699233,-0.0023449622714699233,LL,0.0023449622094631195,-0.0023449622094631195,0.0,raw_plus_residual,audited,26.0
695,1681,1,5.463984489440918,-0.4523867070674896,2.649674654006958,2.9853756427764893,0.27706193923950195,0.04353240504860878,5,8,3.9889840465642745,3,3,0.5116131068814218,0.8746812542384688,HH,0.511613130569458,0.8746812343597412,0.47434163093566895,raw_plus_residual,audited,5.0
1358,1709,1,7.594505310058594,1.6542401313781738,2.606991767883301,2.988901376724243,0.3401133120059967,0.0448092557489872,139,3,6.327936783729195,1,1,0.6169456046054784,0.07620157595446686,HH,0.6169456243515015,0.07620155811309814,0.048970211297273636,raw_plus_residual,audited,54.0
1889,1891,1,5.584386348724365,-0.12717191874980927,2.6276535987854004,2.778003454208374,0.30164259672164917,0.05170007050037384,6,2,3.0445224377234226,2,2,0.1138261761982892,0.9847861124698204,HH,0.11382617801427841,0.9847861528396606,0.5773502588272095,raw_plus_residual,audited,13.0
1207,2290,1,5.284256458282471,-0.6099170446395874,2.6490061283111572,2.9666061401367188,0.2743024230003357,0.04220146685838699,2,4,2.7080502011022096,2,2,0.10139347569890247,0.9972188129692071,LH,0.10139347612857819,0.9972188472747803,0.7071067690849304,raw_plus_residual,audited,7.0
1705,2322,1,-1.9737522602081299,1.5386931896209717,-1.037890076637268,-2.4818100929260254,0.002996104536578059,0.0005919529940001667,2,0,1.0986122886681096,0,0,0.0015157287779257898,-0.0015157287779257898,LL,0.0015157287707552314,-0.0015157287707552314,0.0,raw_plus_residual,audited,358.0
15,1271,1,5.131723403930664,-0.6782795786857605,2.6409099102020264,2.8988125324249268,0.2660220265388489,0.04102730005979538,3,4,2.995732273553991,3,3,0.17500289572026875,1.2112914653996218,HH,0.17500290274620056,1.2112914323806763,0.866025447845459,raw_plus_residual,audited,6.0
22,1234,1,5.182605743408203,-0.7427729964256287,2.6462924480438232,3.000427484512329,0.2744002342224121,0.041177164763212204,3,3,2.772588722239781,2,2,0.16522986077655458,0.933382427891555,LH,0.16522985696792603,0.9333824515342712,0.6666666865348816,raw_plus_residual,audited,12.0
901,1279,1,5.197829246520996,-0.6782795786857605,2.645576000213623,2.954133987426758,0.27214014530181885,0.041547294706106186,4,3,2.995732273553991,2,2,0.17500289572026875,0.9236093929478408,HH,0.17500290274620056,0.9236093759536743,0.5773502588272095,raw_plus_residual,audited,9.0
1708,2313,1,-0.8154476284980774,1.9502147436141968,-1.0377932786941528,-1.785548210144043,0.05342039465904236,0.011067050509154797,5,0,1.791759469228055,0,0,0.0017205072864927562,-0.0017205072864927562,LL,0.0017205072799697518,-0.0017205072799697518,0.0,raw_plus_residual,audited,318.0
477,930,1,5.543900012969971,-0.2706082761287689,2.6277964115142822,2.9056501388549805,0.27680304646492004,0.045520395040512085,1,1,1.3862943611198906,1,1,0.000947015262518225,0.692200165297427,LH,0.0009470152435824275,0.6922001838684082,1.0,raw_plus_residual,audited,2.0
334,693,1,5.090970516204834,-0.7081918120384216,2.666975259780884,2.8509249687194824,0.27700307965278625,0.042595572769641876,2,3,2.484906649788,1,1,0.07148812393195868,0.6216590566279866,LH,0.07148812711238861,0.6216590404510498,0.40824827551841736,raw_plus_residual,audited,42.0
1358,1740,1,6.741072177886963,0.7984495162963867,2.6281251907348633,2.9744365215301514,0.33580195903778076,0.04984581470489502,139,12,7.50659178007084,2,2,1.5451255685686538,-0.44651327990054424,HL,1.5451256036758423,-0.446513295173645,0.048970211297273636,raw_plus_residual,audited,132.0
174,1742,1,2.533977746963501,0.3004456162452698,-0.7518771290779114,2.9889652729034424,-0.007814723998308182,0.0019299890846014023,3,12,3.951243718581427,0,0,0.3225417819760807,-0.3225417819760807,HL,0.3225417733192444,-0.3225417733192444,0.0,raw_plus_residual,audited,185.0
1739,1750,1,5.337235927581787,-0.5684739947319031,2.6159794330596924,3.008425712585449,0.2770460247993469,0.04282059147953987,6,4,3.5553480614894135,2,2,0.3825360044576253,0.7160762842104842,HH,0.38253599405288696,0.7160763144493103,0.40824827551841736,raw_plus_residual,audited,89.0
1,2,1,1.0270634889602661,-0.6099170446395874,-0.9636331796646118,2.7012548446655273,-0.10489976406097412,0.023951331153512,2,4,2.7080502011022096,0,0,0.10139347569890247,-0.10139347569890247,LL,0.10139347612857819,-0.10139347612857819,0.0,raw_plus_residual,audited,107.00000000000001
97,661,1,7.340381622314453,1.3763058185577393,2.662743330001831,2.9611706733703613,0.3359033167362213,0.04578758031129837,1,12,3.258096538021482,1,1,-0.0008464786206593072,0.6939936591806046,HH,-0.0008464786224067211,0.6939936876296997,0.28867512941360474,raw_plus_residual,audited,2.0
1358,1751,1,3.933565378189087,2.0258662700653076,-1.0127848386764526,2.8367867469787598,0.07943842560052872,0.013340064324438572,139,1,5.634789603169249,0,0,0.04505742367450992,-0.04505742367450992,HL,0.045057423412799835,-0.045057423412799835,0.0,raw_plus_residual,audited,164.0
229,1053,1,2.909358263015747,1.3908644914627075,-1.0377793312072754,2.5210511684417725,0.03096318058669567,0.0062166852876544,0,1,0.6931471805599453,0,0,0.0017507562059211408,-0.0017507562059211408,LL,0.0017507561715319753,-0.0017507561715319753,0.0,raw_plus_residual,audited,23.0
2227,2228,1,0.8251043558120728,-0.7427729964256287,-0.905755877494812,2.552353858947754,-0.08297935873270035,0.019370222464203835,3,3,2.772588722239781,0,0,0.16522986077655458,-0.16522986077655458,LL,0.16522985696792603,-0.16522985696792603,0.0,raw_plus_residual,audited,104.99999999999999
1842,2281,1,6.160462379455566,0.3969429135322571,2.6433990001678467,2.7963600158691406,0.319501668214798,0.05189913883805275,9,2,3.4011973816621555,1,1,0.13552594396412831,0.557621236595817,HH,0.13552594184875488,0.5576212406158447,0.2357022762298584,raw_plus_residual,audited,12.0
838,2280,1,5.071898937225342,-0.6782795786857605,2.635925769805908,2.840202569961548,0.2697913944721222,0.04199611023068428,4,3,2.995732273553991,2,2,0.17500289572026875,0.9236093929478408,HH,0.17500290274620056,0.9236093759536743,0.5773502588272095,raw_plus_residual,audited,11.0
831,1733,1,5.288836479187012,-0.12717191874980927,2.601986885070801,2.507028579711914,0.30273428559303284,0.05465581640601158,6,2,3.0445224377234226,1,1,0.1138261761982892,0.5793210043616561,HH,0.11382617801427841,0.579321026802063,0.28867512941360474,raw_plus_residual,audited,35.0
702,822,1,3.7720541954040527,2.0748143196105957,-1.0374921560287476,2.6611104011535645,0.06936318427324295,0.01187160611152649,8,0,2.1972245773362196,0,0,0.002360157616860452,-0.002360157616860452,LL,0.0023601576685905457,-0.0023601576685905457,0.0,raw_plus_residual,audited,10.0
44,2624,1,5.202250957489014,-0.5690075755119324,2.6348702907562256,2.8551719188690186,0.2769574522972107,0.043711669743061066,2,1,1.791759469228055,1,1,0.0023449622714699233,0.6908022182884753,LH,0.0023449622094631195,0.6908022165298462,0.7071067690849304,raw_plus_residual,audited,1.0
1229,1384,1,7.195190906524658,1.307690143585205,2.6002848148345947,2.9558088779449463,0.32714855670928955,0.045494597405195236,11,1,3.1780538303479458,1,1,-0.0008313379849196862,0.6939785185448649,HH,-0.0008313379948958755,0.6939785480499268,0.30151134729385376,raw_plus_residual,audited,6.0
414,711,1,-1.1566972732543945,2.0748143196105957,-1.0374921560287476,-2.267641305923462,0.06936318427324295,0.012728799134492874,0,8,2.1972245773362196,0,0,0.002360157616860452,-0.002360157616860452,LL,0.0023601576685905457,-0.0023601576685905457,0.0,raw_plus_residual,audited,152.0
524,2476,1,4.9246506690979,-0.6350057721138,2.604642152786255,2.6751930713653564,0.27556246519088745,0.04451446235179901,4,5,3.401197381662155,1,1,0.25458177557444955,0.43856540498549573,HH,0.2545817792415619,0.4385654032230377,0.22360679507255554,raw_plus_residual,audited,52.0
1040,1358,1,7.61757755279541,1.6542401313781738,2.6154468059539795,3.0025124549865723,0.3411199152469635,0.044805679470300674,3,139,6.327936783729195,2,2,0.6169456046054784,0.48166668406263113,HH,0.6169456243515015,0.4816666841506958,0.09794042259454727,raw_plus_residual,audited,44.0
1546,2169,1,1.2435851097106934,-0.6782795786857605,-0.8962187767028809,2.900146245956421,-0.0863213911652565,0.018926119431853294,4,3,2.995732273553991,0,0,0.17500289572026875,-0.17500289572026875,HL,0.17500290274620056,-0.17500290274620056,0.0,raw_plus_residual,audited,209.0
844,1902,1,1.8170419931411743,-0.12717191874980927,-0.9525696039199829,2.967669725418091,-0.07514490932226181,0.018227748572826385,2,6,3.0445224377234226,0,0,0.1138261761982892,-0.1138261761982892,HL,0.11382617801427841,-0.11382617801427841,0.0,raw_plus_residual,audited,38.0
229,2118,1,2.3432083129882812,1.5386931896209717,-1.037890076637268,1.8351503610610962,0.002996104536578059,0.000678660930134356,0,2,1.0986122886681096,0,0,0.0015157287779257898,-0.0015157287779257898,LL,0.0015157287707552314,-0.0015157287707552314,0.0,raw_plus_residual,audited,53.0
1202,2376,1,5.266829967498779,-0.6350057721138,2.663717031478882,2.9564437866210938,0.27741605043411255,0.04246651753783226,4,5,3.401197381662155,1,1,0.25458177557444955,0.43856540498549573,HH,0.2545817792415619,0.4385654032230377,0.22360679507255554,raw_plus_residual,audited,4.0
8,1996,1,-2.6822328567504883,-0.0021177977323532104,-1.0366313457489014,-1.5471049547195435,-0.10063742846250534,0.03746054321527481,1,4,2.3025850929940455,0,0,0.004185919348928459,-0.004185919348928459,LL,0.004185919184237719,-0.004185919184237719,0.0,raw_plus_residual,audited,256.0
90,1358,1,7.6829094886779785,1.8509619235992432,2.6263906955718994,2.8578832149505615,0.3434150516986847,0.04472335800528526,2,139,6.040254711277413,1,1,0.29947694750774245,0.39367023305220283,HH,0.2994769513607025,0.3936702311038971,0.059976015239953995,raw_plus_residual,audited,35.0
598,1821,1,6.366633892059326,0.6859741806983948,2.63130521774292,2.714639902114868,0.33045583963394165,0.051939066499471664,26,4,4.90527477843843,1,1,0.5436571881679066,0.14948999239203864,HH,0.5436571836471558,0.14948999881744385,0.0980580672621727,raw_plus_residual,audited,19.0
1951,2204,1,5.016631603240967,-0.7676249742507935,2.6353394985198975,2.879077196121216,0.26558107137680054,0.04056144878268242,2,2,2.197224577336219,1,1,0.06070196315592073,0.6324452174040246,LH,0.06070196256041527,0.632445216178894,0.5,raw_plus_residual,audited,9.0
1444,2323,1,-4.091180324554443,-0.4339163899421692,-1.037050485610962,-2.5002832412719727,-0.12418913841247559,0.03032376803457737,3,1,2.0794415416798357,0,0,0.0032970954741361556,-0.0032970954741361556,LL,0.0032970954198390245,-0.0032970954198390245,0.0,raw_plus_residual,audited,453.0
885,2386,1,-4.245021343231201,-0.3733779788017273,-0.9631465673446655,-2.8223819732666016,-0.09037351608276367,0.021267959848046303,5,2,2.8903717578961645,0,0,0.10194086582036256,-0.10194086582036256,LL,0.10194086283445358,-0.10194086283445358,0.0,raw_plus_residual,audited,378.0
577,906,1,6.014125823974609,0.07735279947519302,2.6509692668914795,2.9665780067443848,0.3149670660495758,0.05240832269191742,7,2,3.1780538303479453,1,1,0.11211141868836359,0.5810357618715817,HH,0.1121114194393158,0.5810357332229614,0.26726123690605164,raw_plus_residual,audited,1.0
203,857,1,5.10699462890625,-0.6782795786857605,2.6633052825927734,2.8528971672058105,0.2648128271102905,0.04099717363715172,3,4,2.995732273553991,1,1,0.17500289572026875,0.5181442848396766,HH,0.17500290274620056,0.5181442499160767,0.28867512941360474,raw_plus_residual,audited,2.0
1340,1413,1,6.415433406829834,0.622063398361206,2.626772880554199,2.8366010189056396,0.32573753595352173,0.05080777779221535,3,17,4.276666119016055,2,2,0.3808845492807628,0.7177277393873467,HH,0.3808845579624176,0.717727780342102,0.28005602955818176,raw_plus_residual,audited,1.0
1589,1745,1,1.9626948833465576,0.3676947057247162,-1.036747932434082,2.7056779861450195,-0.07818859815597534,0.018668295815587044,1,5,2.4849066497880004,0,0,0.0039391469196593705,-0.0039391469196593705,LL,0.0039391471073031425,-0.0039391471073031425,0.0,raw_plus_residual,audited,33.0
487,1705,1,6.021867275238037,0.2470514178276062,2.631687641143799,2.827425241470337,0.31144434213638306,0.051755499094724655,8,2,3.295836866004329,1,1,0.13552594396412831,0.557621236595817,HH,0.13552594184875488,0.5576212406158447,0.25,raw_plus_residual,audited,15.0
893,911,1,5.319101333618164,-0.5966776609420776,2.6668484210968018,2.968679904937744,0.275991827249527,0.04240679740905762,5,3,3.1780538303479453,1,1,0.22175131833629452,0.47139586222365076,HH,0.22175131738185883,0.4713958501815796,0.25819888710975647,raw_plus_residual,audited,4.0
628,1764,1,0.6673014760017395,-0.4339163899421692,-1.037050485610962,2.2581987380981445,-0.12418913841247559,0.03222883492708206,3,1,2.0794415416798357,0,0,0.0032970954741361556,-0.0032970954741361556,LL,0.0032970954198390245,-0.0032970954198390245,0.0,raw_plus_residual,audited,230.0
264,1902,1,1.7071491479873657,-0.42821234464645386,-0.7919400334358215,2.9814727306365967,-0.058429863303899765,0.013715754263103008,3,6,3.332204510175204,0,0,0.282183781426312,-0.282183781426312,HL,0.28218379616737366,-0.28218379616737366,0.0,raw_plus_residual,audited,47.0
229,1405,1,3.28365159034729,1.7502979040145874,-1.0377097129821777,2.5393240451812744,0.027480756863951683,0.005131973884999752,0,3,1.3862943611198906,0,0,0.0018984381124396209,-0.0018984381124396209,LL,0.0018984380876645446,-0.0018984380876645446,0.0,raw_plus_residual,audited,19.0
733,2304,1,1.0437653064727783,1.2667741775512695,-0.8959923982620239,0.6418730616569519,0.026851844042539597,0.009483286179602146,25,2,4.356708826689592,0,0,0.17524005178536306,-0.17524005178536306,HL,0.17524005472660065,-0.17524005472660065,0.0,raw_plus_residual,audited,131.0
795,1645,1,-1.6499778032302856,-0.4339163899421692,-1.037050485610962,-0.05908051133155823,-0.12418913841247559,0.07507339119911194,1,3,2.0794415416798357,0,0,0.0032970954741361556,-0.0032970954741361556,LL,0.0032970954198390245,-0.0032970954198390245,0.0,raw_plus_residual,audited,208.0
505,1258,1,2.6158955097198486,1.1251734495162964,-1.0379129648208618,2.5476832389831543,-0.023306936025619507,0.004923227708786726,9,1,2.9957322735539913,0,0,0.001466763694855263,-0.001466763694855263,HL,0.0014667636714875698,-0.0014667636714875698,0.0,raw_plus_residual,audited,11.0
63,1322,1,-0.10889550298452377,1.3908644914627075,-1.0377793312072754,-0.4972025156021118,0.03096318058669567,0.010471821762621403,0,1,0.6931471805599453,0,0,0.0017507562059211408,-0.0017507562059211408,LL,0.0017507561715319753,-0.0017507561715319753,0.0,raw_plus_residual,audited,76.0
1430,1718,1,-3.819390296936035,-0.4339163899421692,-1.037050485610962,-2.2284929752349854,-0.12418913841247559,0.032479219138622284,1,3,2.0794415416798357,0,0,0.0032970954741361556,-0.0032970954741361556,LL,0.0032970954198390245,-0.0032970954198390245,0.0,raw_plus_residual,audited,413.0
1750,1765,1,6.138765335083008,0.1906164586544037,2.614563226699829,3.015016794204712,0.31431058049201965,0.05123648792505264,4,14,4.31748811353631,2,2,0.4373456969350062,0.6612665917331033,HH,0.4373456835746765,0.6612666249275208,0.26726123690605164,raw_plus_residual,audited,65.0
779,1919,1,5.22243070602417,-0.6588211059570312,2.6438136100769043,2.960768222808838,0.27241137623786926,0.04167979210615158,5,5,3.58351893845611,2,2,0.33549153052292413,0.7631207581451854,HH,0.3354915380477905,0.7631207704544067,0.4000000059604645,raw_plus_residual,audited,47.0
986,2697,1,3.8332760334014893,2.040757894515991,-1.0381578207015991,2.5962607860565186,0.23015671968460083,0.03897438198328018,0,0,0.0,0,0,0.000947015262518225,-0.000947015262518225,LL,0.0009470152435824275,-0.0009470152435824275,0.0,raw_plus_residual,audited,1.0
576,1810,1,1.9415276050567627,0.9415560960769653,-0.7453745007514954,1.702980399131775,0.038106948137283325,0.01111632026731968,4,38,5.272999558563747,0,0,0.3290806771110165,-0.3290806771110165,HL,0.3290806710720062,-0.3290806710720062,0.0,raw_plus_residual,audited,87.0
274,749,1,1.0537662506103516,-0.5690075755119324,-1.037499189376831,2.772120237350464,-0.11610579490661621,0.025831522420048714,1,2,1.791759469228055,0,0,0.0023449622714699233,-0.0023449622714699233,LL,0.0023449622094631195,-0.0023449622094631195,0.0,raw_plus_residual,audited,104.99999999999999
1224,1587,1,7.524125576019287,1.6779060363769531,2.6442975997924805,2.8531880378723145,0.3444753587245941,0.04580870270729065,20,1,3.7376696182833684,1,1,0.006432866314957059,0.6867143142449882,HH,0.006432866211980581,0.6867142915725708,0.22360679507255554,raw_plus_residual,audited,1.0
610,2481,1,2.1051700115203857,0.3676947057247162,-1.036747932434082,2.8481531143188477,-0.07818859815597534,0.018054142594337463,5,1,2.4849066497880004,0,0,0.0039391469196593705,-0.0039391469196593705,LL,0.0039391471073031425,-0.0039391471073031425,0.0,raw_plus_residual,audited,13.0
1903,2269,1,1.863473892211914,-0.5423831939697266,-0.5479559302330017,2.960465908050537,-0.010911455377936363,0.0026864148676395416,7,5,3.8712010109078907,0,0,0.5181578413702574,-0.5181578413702574,HL,0.5181578397750854,-0.5181578397750854,0.0,raw_plus_residual,audited,26.0
1358,1741,1,-1.3040481805801392,1.8509619235992432,-0.7747899293899536,-2.477397918701172,0.09291910380125046,0.0178825780749321,139,2,6.040254711277413,0,0,0.29947694750774245,-0.29947694750774245,HL,0.2994769513607025,-0.2994769513607025,0.0,raw_plus_residual,audited,286.0
336,1950,1,7.171338081359863,1.4351190328598022,2.6210498809814453,2.7782511711120605,0.33265945315361023,0.046414922922849655,1,13,3.3322045101752042,1,1,-0.002936953749531125,0.6960841343094765,HH,-0.00293695367872715,0.6960841417312622,0.2773500978946686,raw_plus_residual,audited,2.0
146,897,1,5.2528910636901855,-0.42821234464645386,2.6176679134368896,2.7805678844451904,0.2786092460155487,0.045635808259248734,3,6,3.332204510175204,1,1,0.282183781426312,0.4109633991336333,HH,0.28218379616737366,0.41096338629722595,0.2357022762298584,raw_plus_residual,audited,2.0
154,364,1,5.366979598999023,-0.5163283348083496,2.6160433292388916,2.9828617572784424,0.2801443636417389,0.043804194778203964,10,9,4.700480365792417,1,1,0.8330901344861439,-0.1399429539261986,HL,0.8330901265144348,-0.1399429440498352,0.10540925711393356,raw_plus_residual,audited,119.0
1042,2198,1,2.66263484954834,0.36193689703941345,-0.5887699127197266,2.858469009399414,0.02674027346074581,0.0069710263051092625,17,4,4.499809670330265,0,0,0.4807594682816577,-0.4807594682816577,HL,0.48075947165489197,-0.48075947165489197,0.0,raw_plus_residual,audited,73.0
167,168,1,5.177679061889648,-0.7676249742507935,2.6806132793426514,2.9972968101501465,0.2631356120109558,0.039223212748765945,2,2,2.197224577336219,1,1,0.06070196315592073,0.6324452174040246,LH,0.06070196256041527,0.632445216178894,0.5,raw_plus_residual,audited,3.0
1566,2071,1,-0.009529396891593933,-0.44846269488334656,-0.6759449243545532,1.1439911127090454,-0.03337153419852257,0.014498203992843628,4,7,3.688879454113936,0,0,0.3975265844681462,-0.3975265844681462,HL,0.3975265920162201,-0.3975265920162201,0.0,raw_plus_residual,audited,170.0
603,795,1,1.4677317142486572,0.64394611120224,-1.0364536046981812,1.9159739017486572,-0.05999327078461647,0.016407892107963562,6,1,2.6390573296152584,0,0,0.004563153246322025,-0.004563153246322025,LL,0.004563153255730867,-0.004563153255730867,0.0,raw_plus_residual,audited,96.0
55,210,1,1.8954213857650757,-0.5547277927398682,-0.35856524109840393,2.779482126235962,0.024973595514893532,0.006717396900057793,8,7,4.276666119016055,0,0,0.6856436384633043,-0.6856436384633043,HL,0.6856436133384705,-0.6856436133384705,0.0,raw_plus_residual,audited,68.0
1229,2439,1,6.0735321044921875,0.2108386754989624,2.5906729698181152,2.9561350345611572,0.3116267919540405,0.051344990730285645,11,3,3.8712010109078907,1,1,0.31211233284001444,0.38103484771993085,HH,0.31211233139038086,0.38103485107421875,0.17407765984535217,raw_plus_residual,audited,62.0
963,2434,1,6.230835437774658,0.31095758080482483,2.6535112857818604,2.9430410861968994,0.3190668225288391,0.05124273523688316,16,4,4.442651256490317,3,3,0.4556868353208039,0.9306075257990867,HH,0.4556868374347687,0.9306075572967529,0.375,raw_plus_residual,audited,19.0
170,1358,1,4.07225227355957,2.0258662700653076,-1.0127848386764526,2.9754741191864014,0.07943842560052872,0.013036449439823627,1,139,5.634789603169249,0,0,0.04505742367450992,-0.04505742367450992,HL,0.045057423412799835,-0.045057423412799835,0.0,raw_plus_residual,audited,163.0
