abs_delta_score_cn,abs_delta_score_degree,abs_delta_score_interaction,abs_delta_score_residual,abs_delta_score_total,cn_expected_after,cn_expected_before,cn_raw_after,cn_raw_before,cn_residual_feature_after,cn_residual_feature_before,cross_response,cross_sensitivity,delta_cn_expected,delta_cn_raw,delta_cn_residual_feature,delta_score_cn,delta_score_degree,delta_score_interaction,delta_score_residual,delta_score_total,failure_code,interaction_share_after,interaction_share_before,interaction_share_cap,interaction_share_cap_violation_before,intervention_kind,intervention_type,pair_id,post_degree_u,post_degree_v,pre_degree_u,pre_degree_v,requested_delta,routing_ratio,routing_selectivity,score_cn_after,score_cn_before,score_degree_after,score_degree_before,score_interaction_after,score_interaction_before,score_residual_after,score_residual_before,score_total_after,score_total_before,status,target_response,u,v
3.4332275390625e-05,0.034116268157958984,0.0013085603713989258,0.0017099380493164062,0.03709983825683594,0.2741315960884094,0.2741315960884094,1.0,1.0,0.4190155863761902,0.4190155863761902,0.003052830696105957,0.003052830696105957,0.0,0.0,0.0,-3.4332275390625e-05,0.034116268157958984,0.0013085603713989258,0.0017099380493164062,0.03709983825683594,,0.015403468161821365,0.015297317877411842,0.2,0,degree,degree_u_plus,0,26,3,25,3,1,11.17525333093073,0.9178661853828091,3.1322872638702393,3.13232159614563,0.8158503174781799,0.781734049320221,0.10753168165683746,0.10622312128543854,2.9253358840942383,2.923625946044922,6.986637592315674,6.949537754058838,AVAILABLE,0.034116268157958984,733,1062
0.009353876113891602,0.0,0.005947835743427277,0.004319667816162109,0.007725715637207031,0.2741315960884094,0.2741315960884094,2.0,1.0,0.8244807124137878,0.4190155863761902,0.010267503559589386,0.010267503559589386,0.0,1.0,0.40546512603759766,0.009353876113891602,0.0,-0.005947835743427277,0.004319667816162109,0.007725715637207031,,0.014424714259803295,0.015297317877411842,0.2,0,cn,cn_plus,0,25,3,25,3,1,0.9110166799006085,0.47671832982011975,3.1416754722595215,3.13232159614563,0.781734049320221,0.781734049320221,0.10027528554201126,0.10622312128543854,2.927945613861084,2.923625946044922,6.957263469696045,6.949537754058838,AVAILABLE,0.009353876113891602,733,1062
0.024565279483795166,0.05769389867782593,0.0029598623514175415,0.0023431777954101562,0.038431406021118164,0.22470027208328247,0.2583525478839874,0.0,0.0,-0.22470027208328247,-0.2583525478839874,0.029868319630622864,0.029868319630622864,-0.033652275800704956,0.0,0.033652275800704956,-0.024565279483795166,0.05769389867782593,0.0029598623514175415,0.0023431777954101562,0.038431406021118164,,0.023975173011422157,0.023789985105395317,0.2,0,degree,degree_u_plus,1,18,2,17,2,1,1.9316078063727595,0.6588902520227332,-0.7266618013381958,-0.7020965218544006,0.9268302321434021,0.8691363334655762,0.11350928992033005,0.1105494275689125,2.9674501419067383,2.965106964111328,3.2867605686187744,3.2483291625976562,AVAILABLE,0.05769389867782593,1416,1468
3.791675388813019,0.0,0.0024414509534835815,0.013995885848999023,3.808112621307373,0.2583525478839874,0.2583525478839874,1.0,0.0,0.4347946345806122,-0.2583525478839874,0.016437336802482605,0.016437336802482605,0.0,1.0,0.6931471824645996,3.791675388813019,0.0,0.0024414509534835815,0.013995885848999023,3.808112621307373,,0.016025235876441002,0.023789985105395317,0.2,0,cn,cn_plus,1,17,2,17,2,1,230.67441688584103,0.9956835976391266,3.089578866958618,-0.7020965218544006,0.8691363334655762,0.8691363334655762,0.11299087852239609,0.1105494275689125,2.979102849960327,2.965106964111328,7.056441783905029,3.2483291625976562,AVAILABLE,3.791675388813019,1416,1468
0.00022864341735839844,0.05442690849304199,0.0033520087599754333,0.0012354850769042969,0.05878591537475586,0.758786141872406,0.7121403217315674,1.0,1.0,-0.0656389594078064,-0.018993139266967773,0.004816137254238129,0.004816137254238129,0.04664582014083862,0.0,-0.04664582014083862,-0.00022864341735839844,0.05442690849304199,0.0033520087599754333,0.0012354850769042969,0.05878591537475586,,0.01042461022734642,0.0098291439935565,0.2,0,degree,degree_u_plus,2,14,6,13,6,1,11.300922837263172,0.9187052863244779,3.072608709335327,3.0728373527526855,-0.31781020760536194,-0.37223711609840393,0.06729786098003387,0.06394585222005844,2.997954845428467,2.9967193603515625,5.825684070587158,5.766898155212402,AVAILABLE,0.05442690849304199,350,1778
0.022733211517333984,0.0,0.0022850781679153442,0.0010793209075927734,0.019368648529052734,0.7121403217315674,0.7121403217315674,2.0,1.0,0.3864719867706299,-0.018993139266967773,0.0033643990755081177,0.0033643990755081177,0.0,1.0,0.40546512603759766,0.022733211517333984,0.0,-0.0022850781679153442,-0.0010793209075927734,0.019368648529052734,,0.009449769742786884,0.0098291439935565,0.2,0,cn,cn_plus,2,13,6,13,6,1,6.756970097014927,0.8710836850608944,3.0955705642700195,3.0728373527526855,-0.37223711609840393,-0.37223711609840393,0.0616607740521431,0.06394585222005844,2.9956400394439697,2.9967193603515625,5.786266803741455,5.766898155212402,AVAILABLE,0.022733211517333984,350,1778
0.33217722177505493,0.029632627964019775,0.005425591021776199,0.0010700225830078125,0.36616528034210205,0.3195180892944336,0.6278652548789978,0.0,0.0,-0.3195180892944336,-0.6278652548789978,0.33867283537983894,0.33867283537983894,-0.3083471655845642,0.0,0.3083471655845642,-0.33217722177505493,-0.029632627964019775,-0.005425591021776199,0.0010700225830078125,-0.36616528034210205,,0.006413172464817762,0.008431285619735718,0.2,0,degree,degree_u_plus,3,11,12,10,12,1,0.08749632091343275,0.08045665923719264,-0.6522312760353088,-0.3200540542602539,-0.6526222229003906,-0.6229895949363708,0.026818741112947464,0.03224433213472366,2.850149154663086,2.849079132080078,1.5777474641799927,1.9439127445220947,AVAILABLE,0.029632627964019775,657,1740
3.358637809753418,0.0,0.020149648189544678,0.002834796905517578,3.381622076034546,0.6278652548789978,0.6278652548789978,1.0,0.0,0.0652819275856018,-0.6278652548789978,0.022984445095062256,0.022984445095062256,0.0,1.0,0.6931471824645996,3.358637809753418,0.0,0.020149648189544678,0.002834796905517578,3.381622076034546,,0.007979732938110828,0.008431285619735718,0.2,0,cn,cn_plus,3,10,12,10,12,1,146.12649270397335,0.993203127583473,3.038583755493164,-0.3200540542602539,-0.6229895949363708,-0.6229895949363708,0.05239398032426834,0.03224433213472366,2.8519139289855957,2.849079132080078,5.325534820556641,1.9439127445220947,AVAILABLE,3.358637809753418,657,1740
0.02335977554321289,0.16504157334566116,0.01033543050289154,0.12773370742797852,0.3264704942703247,0.1311403065919876,0.09727709740400314,0.0,0.0,-0.1311403065919876,-0.09727709740400314,0.16142891347408295,0.16142891347408295,0.03386320918798447,0.0,-0.03386320918798447,0.02335977554321289,0.16504157334566116,0.01033543050289154,0.12773370742797852,0.3264704942703247,,0.012546331621706486,0.009493056684732437,0.2,0,degree,degree_u_plus,4,8,2,7,2,1,1.0223791981872332,0.5055328887399784,-0.7935115694999695,-0.8168713450431824,-0.057744212448596954,-0.22278578579425812,0.04443308711051941,0.03409765660762787,2.6458311080932617,2.518097400665283,1.8446414470672607,1.518170952796936,AVAILABLE,0.16504157334566116,1602,2073
3.9173359274864197,0.0,0.024272210896015167,0.05188417434692383,3.993492007255554,0.09727709740400314,0.09727709740400314,1.0,0.0,0.5958700776100159,-0.09727709740400314,0.076156385242939,0.076156385242939,0.0,1.0,0.693147175014019,3.9173359274864197,0.0,0.024272210896015167,0.05188417434692383,3.993492007255554,,0.009807421825826168,0.009493056684732437,0.2,0,cn,cn_plus,4,7,2,7,2,1,51.43804292456482,0.9809298756355466,3.1004645824432373,-0.8168713450431824,-0.22278578579425812,-0.22278578579425812,0.058369867503643036,0.03409765660762787,2.569981575012207,2.518097400665283,5.51166296005249,1.518170952796936,AVAILABLE,3.9173359274864197,1602,2073
5.412101745605469e-05,0.05077585577964783,0.00235583633184433,6.580352783203125e-05,0.053119659423828125,0.7201831340789795,0.7557900547981262,5.0,5.0,1.0715763568878174,1.0359694957733154,0.0024757608771324158,0.0024757608771324158,-0.03560692071914673,0.0,0.03560686111450195,5.412101745605469e-05,0.05077585577964783,0.00235583633184433,-6.580352783203125e-05,0.053119659423828125,,0.010227915830910206,0.009782349690794945,0.2,0,degree,degree_u_plus,5,17,6,16,6,1,20.509109404525926,0.9535080704090155,3.1411960124969482,3.141141891479492,-0.16129030287265778,-0.2120661586523056,0.06495345383882523,0.0625976175069809,2.9831652641296387,2.9832310676574707,6.033657073974609,5.980537414550781,AVAILABLE,0.05077585577964783,507,1300
0.003658771514892578,0.0,0.0010055005550384521,6.937980651855469e-05,0.004595279693603516,0.7557900547981262,0.7557900547981262,6.0,5.0,1.190119981765747,1.0359694957733154,0.0010748803615570068,0.0010748803615570068,0.0,1.0,0.15415048599243164,-0.003658771514892578,0.0,-0.0010055005550384521,6.937980651855469e-05,-0.004595279693603516,,0.00963213387876749,0.009782349690794945,0.2,0,cn,cn_plus,5,16,6,16,6,1,3.403855542618088,0.7729262483016187,3.1374831199645996,3.141141891479492,-0.2120661586523056,-0.2120661586523056,0.061592116951942444,0.0625976175069809,2.9833004474639893,2.9832310676574707,5.975942134857178,5.980537414550781,AVAILABLE,0.003658771514892578,507,1300
0.013410508632659912,0.09996235370635986,0.006272142753005028,0.13494014739990234,0.2545850872993469,0.4174328148365021,0.4047253727912903,0.0,0.0,-0.4174328148365021,-0.4047253727912903,0.15462279878556728,0.15462279878556728,0.012707442045211792,0.0,-0.012707442045211792,0.013410508632659912,0.09996235370635986,0.006272142753005028,0.13494014739990234,0.2545850872993469,,0.01451847143471241,0.012148295529186726,0.2,0,degree,degree_u_plus,6,9,4,8,4,1,0.6464916430601699,0.39264799538162265,-0.5533934831619263,-0.5668039917945862,-0.43913471698760986,-0.5390970706939697,0.036348238587379456,0.030076095834374428,1.4747092723846436,1.3397691249847412,0.5241622924804688,0.2695772051811218,AVAILABLE,0.09996235370635986,1682,2189
3.6797550320625305,0.0,0.010037964209914207,1.356274127960205,5.04606705904007,0.4047253727912903,0.4047253727912903,1.0,0.0,0.2884218096733093,-0.4047253727912903,1.3663120921701193,1.3663120921701193,0.0,1.0,0.6931471824645996,3.6797550320625305,0.0,0.010037964209914207,1.356274127960205,5.04606705904007,,0.006279394496232271,0.012148295529186726,0.2,0,cn,cn_plus,6,8,4,8,4,1,2.6932023995234764,0.7292322781635181,3.1129510402679443,-0.5668039917945862,-0.5390970706939697,-0.5390970706939697,0.040114060044288635,0.030076095834374428,2.6960432529449463,1.3397691249847412,5.315644264221191,0.2695772051811218,AVAILABLE,3.6797550320625305,1682,2189
8.606910705566406e-05,0.00936955213546753,0.00030769407749176025,6.985664367675781e-05,0.009521484375,0.5313819646835327,0.7262376546859741,5.0,5.0,1.2603775262832642,1.0655218362808228,0.00046361982822418213,0.00046361982822418213,-0.1948556900024414,0.0,0.1948556900024414,-8.606910705566406e-05,0.00936955213546753,0.00030769407749176025,-6.985664367675781e-05,0.009521484375,,0.015683816745877266,0.01566154882311821,0.2,0,degree,degree_u_plus,7,65,5,64,5,1,20.20912280677723,0.9528504781121614,3.06881046295166,3.068896532058716,0.9593261480331421,0.9499565958976746,0.11168616265058517,0.11137846857309341,2.981285333633423,2.9813551902770996,7.126741409301758,7.117219924926758,AVAILABLE,0.00936955213546753,306,1798
,,,,,,,,,,,,,,,,,,,,,NO_CANDIDATE,,,,,cn,cn,7,,,,,,,,,,,,,,,,,,MISSING,,306,1798
0.030219197273254395,0.09548386931419373,0.004889890551567078,0.004543304443359375,0.06561136245727539,0.14163699746131897,0.18426105380058289,0.0,0.0,-0.14163699746131897,-0.18426105380058289,0.03965239226818085,0.03965239226818085,-0.042624056339263916,0.0,0.042624056339263916,-0.030219197273254395,0.09548386931419373,0.004889890551567078,-0.004543304443359375,0.06561136245727539,,0.020469026640057564,0.01990376226603985,0.2,0,degree,degree_u_plus,8,13,2,12,2,1,2.4080223101845952,0.7065746908370929,-0.7861506342887878,-0.7559314370155334,0.5721035599708557,0.476619690656662,0.08622024953365326,0.08133035898208618,2.7677555084228516,2.772298812866211,2.645561695098877,2.5799503326416016,AVAILABLE,0.09548386931419373,661,1878
3.882560074329376,0.0,0.012156940996646881,0.1495969295501709,4.044313907623291,0.18426105380058289,0.18426105380058289,1.0,0.0,0.5088860988616943,-0.18426105380058289,0.16175387054681778,0.16175387054681778,0.0,1.0,0.6931471526622772,3.882560074329376,0.0,0.012156940996646881,0.1495969295501709,4.044313907623291,,0.01412486843764782,0.01990376226603985,0.2,0,cn,cn_plus,8,12,2,12,2,1,24.002886738816844,0.9600046182488399,3.1266286373138428,-0.7559314370155334,0.476619690656662,0.476619690656662,0.09348729997873306,0.08133035898208618,2.921895742416382,2.772298812866211,6.624264240264893,2.5799503326416016,AVAILABLE,3.882560074329376,661,1878
0.0019958019256591797,0.183524027466774,0.009563194587826729,0.010211467742919922,0.2013028860092163,0.09727709740400314,0.1002340093255043,0.0,0.0,-0.09727709740400314,-0.1002340093255043,0.02177046425640583,0.02177046425640583,-0.0029569119215011597,0.0,0.0029569119215011597,-0.0019958019256591797,0.183524027466774,0.009563194587826729,0.010211467742919922,0.2013028860092163,,0.008747869171202183,0.006043599918484688,0.2,0,degree,degree_u_plus,9,7,2,6,2,1,8.42995082722064,0.893954908321114,-0.8168713450431824,-0.8148755431175232,-0.22278578579425812,-0.4063098132610321,0.03409765660762787,0.02453446201980114,2.8240694999694824,2.8138580322265625,1.8241430521011353,1.622840166091919,AVAILABLE,0.183524027466774,2446,2448
3.849460542201996,0.0,0.021841755136847496,0.019822120666503906,3.8911240100860596,0.1002340093255043,0.1002340093255043,1.0,0.0,0.5929131507873535,-0.1002340093255043,0.0416638758033514,0.0416638758033514,0.0,1.0,0.6931471601128578,3.849460542201996,0.0,0.021841755136847496,0.019822120666503906,3.8911240100860596,,0.007336904294788837,0.006043599918484688,0.2,0,cn,cn_plus,9,6,2,6,2,1,92.39321940279389,0.989292584553841,3.0345849990844727,-0.8148755431175232,-0.4063098132610321,-0.4063098132610321,0.046376217156648636,0.02453446201980114,2.8336801528930664,2.8138580322265625,5.5139641761779785,1.622840166091919,AVAILABLE,3.849460542201996,2446,2448
0.06283408403396606,0.19734114408493042,0.007493317127227783,0.2910766005516052,0.14907622337341309,0.4174328148365021,0.3566613495349884,0.0,0.0,-0.4174328148365021,-0.3566613495349884,0.3614040017127991,0.3614040017127991,0.06077146530151367,0.0,-0.06077146530151367,0.06283408403396606,-0.19734114408493042,-0.007493317127227783,0.2910766005516052,0.14907622337341309,,0.0218369048088789,0.03517335653305054,0.2,0,degree,degree_u_plus,10,4,9,3,9,1,0.5460402698621777,0.353186317657078,-0.5533934831619263,-0.6162275671958923,-0.43913471698760986,-0.24179357290267944,0.036348238587379456,0.04384155571460724,0.6356560587882996,0.34457945823669434,-0.31489092111587524,-0.46396714448928833,AVAILABLE,0.19734114408493042,1704,1912
3.7245256304740906,0.0,0.016264155507087708,1.0693626403808594,4.810152351856232,0.3566613495349884,0.3566613495349884,1.0,0.0,0.3364858329296112,-0.3566613495349884,1.085626795887947,1.085626795887947,0.0,1.0,0.6931471824645996,3.7245256304740906,0.0,0.016264155507087708,1.0693626403808594,4.810152351856232,,0.012459363788366318,0.03517335653305054,0.2,0,cn,cn_plus,10,3,9,3,9,1,3.4307605618007533,0.7743051139749292,3.1082980632781982,-0.6162275671958923,-0.24179357290267944,-0.24179357290267944,0.060105711221694946,0.04384155571460724,1.4139420986175537,0.34457945823669434,4.346185207366943,-0.46396714448928833,AVAILABLE,3.7245256304740906,1704,1912
0.0006487369537353516,0.020574867725372314,0.0025389008224010468,0.30199193954467773,0.3193793296813965,0.36836788058280945,0.2630515396595001,2.0,2.0,0.7302443981170654,0.8355607986450195,0.30517957732081413,0.30517957732081413,0.10531634092330933,0.0,-0.1053164005279541,0.0006487369537353516,-0.020574867725372314,0.0025389008224010468,-0.30199193954467773,-0.3193793296813965,,0.004389709793031216,0.003831365844234824,0.2,0,degree,degree_u_plus,11,5,5,4,5,1,0.06741888573216853,0.063160664134141,3.1276121139526367,3.1269633769989014,-0.8490170836448669,-0.8284422159194946,0.028341790661215782,0.025802889838814735,2.451444625854492,2.75343656539917,4.76401424407959,5.083393573760986,AVAILABLE,0.020574867725372314,4,1761
0.030576705932617188,0.0,0.0008089970797300339,0.14026689529418945,0.10888099670410156,0.2630515396595001,0.2630515396595001,3.0,2.0,1.1232428550720215,0.8355607986450195,0.1410758923739195,0.1410758923739195,0.0,1.0,0.28768205642700195,-0.030576705932617188,0.0,-0.0008089970797300339,0.14026689529418945,0.10888099670410156,,0.003652194980531931,0.003831365844234824,0.2,0,cn,cn_plus,11,4,5,4,5,1,0.21673939643904672,0.17813132136048526,3.096386671066284,3.1269633769989014,-0.8284422159194946,-0.8284422159194946,0.0249938927590847,0.025802889838814735,2.8937034606933594,2.75343656539917,5.192274570465088,5.083393573760986,AVAILABLE,0.030576705932617188,4,1761
2.6702880859375e-05,0.09587231278419495,0.005758516490459442,0.025532245635986328,0.07607221603393555,0.4306926429271698,0.4174328148365021,2.0,2.0,0.6679196357727051,0.6811795234680176,0.031317465007305145,0.031317465007305145,0.013259828090667725,0.0,-0.0132598876953125,-2.6702880859375e-05,0.09587231278419495,0.005758516490459442,-0.025532245635986328,0.07607221603393555,,0.009282328188419342,0.0082329036667943,0.2,0,degree,degree_u_plus,12,10,4,9,4,1,3.061304040693947,0.7537736672802434,3.082970380783081,3.0829970836639404,-0.3432624042034149,-0.43913471698760986,0.05935845151543617,0.05359993502497673,2.909189224243164,2.9347214698791504,5.713888645172119,5.637816429138184,AVAILABLE,0.09587231278419495,236,2046
0.0003616809844970703,0.0,0.001199275255203247,0.027173995971679688,0.026336669921875,0.4174328148365021,0.4174328148365021,3.0,2.0,0.9688615798950195,0.6811795234680176,0.028373271226882935,0.028373271226882935,0.0,1.0,0.28768205642700195,0.0003616809844970703,0.0,-0.001199275255203247,0.027173995971679688,0.026336669921875,,0.008016268722712994,0.0082329036667943,0.2,0,cn,cn_plus,12,9,4,9,4,1,0.012747238558873025,0.012586791722100562,3.0833587646484375,3.0829970836639404,-0.43913471698760986,-0.43913471698760986,0.05240065976977348,0.05359993502497673,2.96189546585083,2.9347214698791504,5.664153099060059,5.637816429138184,AVAILABLE,0.0003616809844970703,236,2046
0.00019150972366333008,2.253043830394745,0.1122903823852539,1.7882733643054962,4.153798937797546,0.001801587175577879,0.0022547768894582987,0.0,0.0,-0.001801587175577879,-0.0022547768894582987,1.9007552564144135,1.9007552564144135,-0.00045318971388041973,0.0,0.00045318971388041973,-0.00019150972366333008,-2.253043830394745,-0.1122903823852539,-1.7882733643054962,-4.153798937797546,,0.013867124915122986,0.030623909085989,0.2,0,degree,degree_u_plus,13,1,1,0,1,1,1.1853413588825084,0.54240558531718,-0.872815728187561,-0.8726242184638977,-0.8044913411140442,1.4485524892807007,0.02844288945198059,0.1407332718372345,0.3453521430492401,2.1336255073547363,-1.2978790998458862,2.85591983795166,AVAILABLE,2.253043830394745,1411,2218
,,,,,,,,,,,,,,,,,,,,,NO_CANDIDATE,,,,,cn,cn,13,,,,,,,,,,,,,,,,,,MISSING,,1411,2218
0.0004291534423828125,0.18726566433906555,0.006886251270771027,0.0035974979400634766,0.1901249885559082,0.585216224193573,0.6104629635810852,1.0,1.0,0.10793095827102661,0.0826842188835144,0.010912902653217316,0.010912902653217316,-0.025246739387512207,0.0,0.025246739387512207,0.0004291534423828125,-0.18726566433906555,-0.006886251270771027,0.0035974979400634766,-0.1901249885559082,,0.013431744650006294,0.014094051904976368,0.2,0,degree,degree_u_plus,14,5,22,4,22,1,17.160007624898967,0.944933943825612,3.078458070755005,3.078028917312622,0.19398409128189087,0.3812497556209564,0.08531121164560318,0.0921974629163742,2.9937081336975098,2.9901106357574463,6.357094764709473,6.547219753265381,AVAILABLE,0.18726566433906555,1359,1914
0.007269144058227539,0.0,0.002449639141559601,0.00046133995056152344,0.010179996490478516,0.6104629635810852,0.6104629635810852,2.0,1.0,0.48814934492111206,0.0826842188835144,0.0029109790921211243,0.0029109790921211243,0.0,1.0,0.40546512603759766,-0.007269144058227539,0.0,-0.002449639141559601,-0.00046133995056152344,-0.010179996490478516,,0.0137409633025527,0.014094051904976368,0.2,0,cn,cn_plus,14,4,22,4,22,1,2.4971388858522987,0.7140519628644125,3.0707597732543945,3.078028917312622,0.3812497556209564,0.3812497556209564,0.0897478237748146,0.0921974629163742,2.9896492958068848,2.9901106357574463,6.537039756774902,6.547219753265381,AVAILABLE,0.007269144058227539,1359,1914
0.029549837112426758,0.013928532600402832,0.00413881242275238,0.0009319782257080078,0.046685218811035156,-0.02164200134575367,-0.12652456760406494,0.0,0.0,0.02164200134575367,0.12652456760406494,0.034620627760887146,0.034620627760887146,0.10488256625831127,0.0,-0.10488256625831127,0.029549837112426758,0.013928532600402832,0.00413881242275238,-0.0009319782257080078,0.046685218811035156,,0.03073914907872677,0.02997237630188465,0.2,0,degree,degree_u_plus,15,30,1,29,1,1,0.4023187757719087,0.2868953783710495,-0.8826618790626526,-0.9122117161750793,1.8578659296035767,1.8439373970031738,0.18083763122558594,0.17669881880283356,2.961609363555908,2.962541341781616,4.123283863067627,4.076598644256592,AVAILABLE,0.013928532600402832,1013,1844
4.025772869586945,0.0,0.010880708694458008,0.0012407302856445312,4.016133785247803,-0.12652456760406494,-0.12652456760406494,1.0,0.0,0.8196717500686646,0.12652456760406494,0.012121438980102539,0.012121438980102539,0.0,1.0,0.6931471824645996,4.025772869586945,0.0,-0.010880708694458008,0.0012407302856445312,4.016133785247803,,0.020504027605056763,0.02997237630188465,0.2,0,cn,cn_plus,15,29,1,29,1,1,332.1197718354699,0.9969980767143,3.1135611534118652,-0.9122117161750793,1.8439373970031738,1.8439373970031738,0.16581811010837555,0.17669881880283356,2.9637820720672607,2.962541341781616,8.092732429504395,4.076598644256592,AVAILABLE,4.025772869586945,1013,1844
0.0005562305450439453,0.268222451210022,0.027881965041160583,0.0008339881896972656,0.29638242721557617,0.002474823733791709,0.0022547768894582987,1.0,1.0,0.6906723380088806,0.6908923983573914,0.029272183775901794,0.029272183775901794,0.00022004684433341026,0.0,-0.0002200603485107422,-0.0005562305450439453,0.268222451210022,0.027881965041160583,0.0008339881896972656,0.29638242721557617,,0.0022479507606476545,0.001838200492784381,0.2,0,degree,degree_u_plus,16,3,1,2,1,1,9.16304576498243,0.9016043002142549,3.1250650882720947,3.1256213188171387,-0.5994223952293396,-0.8676448464393616,0.015070275403559208,-0.012811689637601376,2.964447498321533,2.963613510131836,5.510793685913086,5.21441125869751,AVAILABLE,0.268222451210022,2263,2490
,,,,,,,,,,,,,,,,,,,,,NO_CANDIDATE,,,,,cn,cn,16,,,,,,,,,,,,,,,,,,MISSING,,2263,2490
2.002716064453125e-05,0.02665424346923828,0.0017033815383911133,0.01681685447692871,0.011521339416503906,0.19484670460224152,0.19668571650981903,1.0,1.0,0.4983004927635193,0.4964614510536194,0.018540263175964355,0.018540263175964355,-0.0018390119075775146,0.0,0.0018390417098999023,-2.002716064453125e-05,0.02665424346923828,0.0017033815383911133,-0.01681685447692871,0.011521339416503906,,0.01934988610446453,0.019146721810102463,0.2,0,degree,degree_u_plus,17,27,2,26,2,1,1.4376402772637078,0.5897671984963603,3.0695180892944336,3.069538116455078,1.254149317741394,1.2274950742721558,0.14122416079044342,0.1395207792520523,2.833556890487671,2.8503737449645996,7.304081916809082,7.292560577392578,AVAILABLE,0.02665424346923828,1072,1802
0.008373022079467773,0.0,0.006155550479888916,0.018118858337402344,0.020336151123046875,0.19668571650981903,0.19668571650981903,2.0,1.0,0.901926577091217,0.4964614510536194,0.02427440881729126,0.02427440881729126,0.0,1.0,0.40546512603759766,0.008373022079467773,0.0,-0.006155550479888916,0.018118858337402344,0.020336151123046875,,0.018251048400998116,0.019146721810102463,0.2,0,cn,cn_plus,17,26,2,26,2,1,0.3449319278245074,0.2564679450970069,3.077911138534546,3.069538116455078,1.2274950742721558,1.2274950742721558,0.1333652287721634,0.1395207792520523,2.868492603302002,2.8503737449645996,7.312896728515625,7.292560577392578,AVAILABLE,0.008373022079467773,1072,1802
0.06269240379333496,0.3910139799118042,0.0286090224981308,1.4633619785308838,1.8202929496765137,0.0878494456410408,-0.03064870648086071,0.0,0.0,-0.0878494456410408,0.03064870648086071,1.5546634048223495,1.5546634048223495,0.11849815212190151,0.0,-0.11849815212190151,0.06269240379333496,-0.3910139799118042,-0.0286090224981308,-1.4633619785308838,-1.8202929496765137,,0.04143244028091431,0.03278517723083496,0.2,0,degree,degree_u_plus,18,2,55,1,55,1,0.25151037593335607,0.2009654740143754,-0.823216438293457,-0.885908842086792,1.632719874382019,2.0237338542938232,0.16856294870376587,0.19717197120189667,1.4438812732696533,2.907243251800537,2.4275803565979004,4.247873306274414,AVAILABLE,0.3910139799118042,968,1986
4.006563186645508,0.0,0.013681009411811829,0.002262115478515625,3.995144844055176,-0.03064870648086071,-0.03064870648086071,1.0,0.0,0.7237958908081055,0.03064870648086071,0.015943124890327454,0.015943124890327454,0.0,1.0,0.6931471843272448,4.006563186645508,0.0,-0.013681009411811829,0.002262115478515625,3.995144844055176,,0.022275390103459358,0.03278517723083496,0.2,0,cn,cn_plus,18,1,55,1,55,1,251.30334869563518,0.9960365171323733,3.120654344558716,-0.885908842086792,2.0237338542938232,2.0237338542938232,0.18349096179008484,0.19717197120189667,2.9095053672790527,2.907243251800537,8.24301815032959,4.247873306274414,AVAILABLE,4.006563186645508,968,1986
0.00019043684005737305,0.03815937042236328,0.0031994879245758057,0.8207600116729736,0.7792108058929443,0.0018040386494249105,0.0022547768894582987,0.0,0.0,-0.0018040386494249105,-0.0022547768894582987,0.8241499364376068,0.8241499364376068,-0.00045073824003338814,0.0,0.00045073824003338814,-0.00019043684005737305,-0.03815937042236328,-0.0031994879245758057,0.8207600116729736,0.7792108058929443,,0.039438020437955856,0.03235791623592377,0.2,0,degree,degree_u_plus,19,2,0,1,0,1,0.0463014899015736,0.0442525317496482,-0.8728146553039551,-0.8726242184638977,1.4103931188583374,1.4485524892807007,0.1375337839126587,0.1407332718372345,-1.0665981769561768,-1.8873581886291504,-0.3858529329299927,-1.165063738822937,AVAILABLE,0.03815937042236328,968,1603
,,,,,,,,,,,,,,,,,,,,,NO_CANDIDATE,,,,,cn,cn,19,,,,,,,,,,,,,,,,,,MISSING,,968,1603
0.0019958019256591797,0.183524027466774,0.009563194587826729,0.002787351608276367,0.19387876987457275,0.09727709740400314,0.1002340093255043,0.0,0.0,-0.09727709740400314,-0.1002340093255043,0.014346348121762276,0.014346348121762276,-0.0029569119215011597,0.0,0.0029569119215011597,-0.0019958019256591797,0.183524027466774,0.009563194587826729,0.002787351608276367,0.19387876987457275,,0.00889268796890974,0.006128215231001377,0.2,0,degree,degree_u_plus,20,7,2,6,2,1,12.792377404017452,0.9274961835289746,-0.8168713450431824,-0.8148755431175232,-0.22278578579425812,-0.4063098132610321,0.03409765660762787,0.02453446201980114,2.7605926990509033,2.757805347442627,1.7606662511825562,1.5667874813079834,AVAILABLE,0.183524027466774,650,1486
3.852899730205536,0.0,0.02020740695297718,0.021977901458740234,3.895085096359253,0.1002340093255043,0.1002340093255043,1.0,0.0,0.5929131507873535,-0.1002340093255043,0.042185308411717415,0.042185308411717415,0.0,1.0,0.6931471601128578,3.852899730205536,0.0,0.02020740695297718,0.021977901458740234,3.895085096359253,,0.0071371630765497684,0.006128215231001377,0.2,0,cn,cn_plus,20,6,2,6,2,1,91.33271657694428,0.9891696027467506,3.0380241870880127,-0.8148755431175232,-0.4063098132610321,-0.4063098132610321,0.04474186897277832,0.02453446201980114,2.779783248901367,2.757805347442627,5.461872577667236,1.5667874813079834,AVAILABLE,3.852899730205536,650,1486
0.0006470680236816406,0.08543682098388672,0.006891816854476929,0.006443500518798828,0.09941935539245605,0.0032481951639056206,0.001716212253086269,0.0,0.0,-0.0032481951639056206,-0.001716212253086269,0.013982385396957397,0.013982385396957397,0.0015319829108193517,0.0,-0.0015319829108193517,0.0006470680236816406,0.08543682098388672,0.006891816854476929,0.006443500518798828,0.09941935539245605,,0.02632107213139534,0.025461386889219284,0.2,0,degree,degree_u_plus,21,12,1,11,1,1,6.110313616397801,0.8593592274616692,-0.872204601764679,-0.8728516697883606,1.2741259336471558,1.188689112663269,0.13451379537582397,0.12762197852134705,2.829653739929199,2.8232102394104004,3.3717217445373535,3.2723023891448975,AVAILABLE,0.08543682098388672,73,1751
3.9221096634864807,0.0,0.0033636093139648438,0.016746997833251953,3.942220449447632,0.001716212253086269,0.001716212253086269,1.0,0.0,0.6914309859275818,-0.001716212253086269,0.020110607147216797,0.020110607147216797,0.0,1.0,0.6931471981806681,3.9221096634864807,0.0,0.0033636093139648438,0.016746997833251953,3.942220449447632,,0.018170008435845375,0.025461386889219284,0.2,0,cn,cn_plus,21,11,1,11,1,1,195.02681766428435,0.9948986571739761,3.04925799369812,-0.8728516697883606,1.188689112663269,1.188689112663269,0.1309855878353119,0.12762197852134705,2.8399572372436523,2.8232102394104004,7.214522838592529,3.2723023891448975,AVAILABLE,3.9221096634864807,73,1751
0.00011992454528808594,0.13941368460655212,0.008345779031515121,0.0029866695404052734,0.1508655548095703,0.31276047229766846,0.31828421354293823,1.0,1.0,0.38038671016693115,0.3748629689216614,0.01145237311720848,0.01145237311720848,-0.005523741245269775,0.0,0.005523741245269775,0.00011992454528808594,0.13941368460655212,0.008345779031515121,0.0029866695404052734,0.1508655548095703,,0.007853173650801182,0.0064220973290503025,0.2,0,degree,degree_u_plus,22,8,3,7,3,1,12.173333984702934,0.9240890725794082,3.108037233352661,3.107917308807373,-0.36421629786491394,-0.5036299824714661,0.050307899713516235,0.041962120682001114,2.8834986686706543,2.880511999130249,5.683259963989258,5.5323944091796875,AVAILABLE,0.13941368460655212,1602,2074
0.006211996078491211,0.0,0.0017213411629199982,0.05146145820617676,0.05595207214355469,0.31828421354293823,0.31828421354293823,2.0,1.0,0.780328094959259,0.3748629689216614,0.053182799369096756,0.053182799369096756,0.0,1.0,0.40546512603759766,0.006211996078491211,0.0,-0.0017213411629199982,0.05146145820617676,0.05595207214355469,,0.006106364540755749,0.0064220973290503025,0.2,0,cn,cn_plus,22,7,3,7,3,1,0.11680458689910525,0.10458820483843308,3.1141293048858643,3.107917308807373,-0.5036299824714661,-0.5036299824714661,0.040240779519081116,0.041962120682001114,2.931973457336426,2.880511999130249,5.588346481323242,5.5323944091796875,AVAILABLE,0.006211996078491211,1602,2074
0.09190702438354492,0.08520716428756714,0.004702949896454811,0.005101680755615234,0.1869187355041504,0.36593201756477356,0.2630515396595001,0.0,0.0,-0.36593201756477356,-0.2630515396595001,0.10171165503561497,0.10171165503561497,0.10288047790527344,0.0,-0.10288047790527344,0.09190702438354492,0.08520716428756714,0.004702949896454811,0.005101680755615234,0.1869187355041504,,0.0040941243059933186,0.002848480362445116,0.2,0,degree,degree_u_plus,23,6,4,5,4,1,0.8377324691099229,0.4558511552640007,-0.6067366003990173,-0.6986436247825623,-0.7432350516319275,-0.8284422159194946,0.017023826017975807,0.012320876121520996,2.7911157608032227,2.7860140800476074,1.4638009071350098,1.2768821716308594,AVAILABLE,0.08520716428756714,1599,2614
3.7331616282463074,0.0,0.010110218077898026,0.015682458877563477,3.7589540481567383,0.2630515396595001,0.2630515396595001,1.0,0.0,0.4300956428050995,-0.2630515396595001,0.025792676955461502,0.025792676955461502,0.0,1.0,0.6931471824645996,3.7331616282463074,0.0,0.010110218077898026,0.015682458877563477,3.7589540481567383,,0.0033543892204761505,0.002848480362445116,0.2,0,cn,cn_plus,23,5,4,5,4,1,144.73721309814232,0.9931383345492782,3.034518003463745,-0.6986436247825623,-0.8284422159194946,-0.8284422159194946,0.02243109419941902,0.012320876121520996,2.801696538925171,2.7860140800476074,5.035836219787598,1.2768821716308594,AVAILABLE,3.7331616282463074,1599,2614
9.292364120483398e-05,0.03242325782775879,0.004169687628746033,1.4087255597114563,1.3720396906137466,0.0020240857265889645,0.0018040386494249105,0.0,0.0,-0.0020240857265889645,-0.0018040386494249105,1.4129881709814072,1.4129881709814072,0.00022004707716405392,0.0,-0.00022004707716405392,9.292364120483398e-05,0.03242325782775879,0.004169687628746033,-1.4087255597114563,-1.3720396906137466,,0.04330969229340553,0.04561888054013252,0.2,0,degree,degree_u_plus,24,3,0,2,0,1,0.022946588134402403,0.02243185362810703,-0.8727217316627502,-0.8728146553039551,1.4428163766860962,1.4103931188583374,0.14170347154140472,0.1375337839126587,-0.8146236538887024,0.5941019058227539,-0.09719254076480865,1.274847149848938,AVAILABLE,0.03242325782775879,1201,2533
,,,,,,,,,,,,,,,,,,,,,NO_CANDIDATE,,,,,cn,cn,24,,,,,,,,,,,,,,,,,,MISSING,,1201,2533
0.0006685256958007812,0.0563051700592041,0.002131229266524315,0.0067501068115234375,0.06451845169067383,0.43179866671562195,0.36593201756477356,1.0,1.0,0.26134851574897766,0.32721516489982605,0.009549861773848534,0.009549861773848534,0.06586664915084839,0.0,-0.06586664915084839,0.0006685256958007812,-0.0563051700592041,-0.002131229266524315,-0.0067501068115234375,-0.06451845169067383,,0.0037803116720169783,0.004117869772017002,0.2,0,degree,degree_u_plus,25,5,6,4,6,1,5.8959084888857625,0.8549864747173321,3.126887083053589,3.126218557357788,-0.7995402216911316,-0.7432350516319275,0.026085449382662773,0.028216678649187088,2.9478306770324707,2.954580783843994,5.306895732879639,5.3714141845703125,AVAILABLE,0.0563051700592041,1409,1826
0.002110004425048828,0.0,0.00021788105368614197,0.007449150085449219,0.005120754241943359,0.36593201756477356,0.36593201756477356,2.0,1.0,0.7326803207397461,0.32721516489982605,0.007667031139135361,0.007667031139135361,0.0,1.0,0.40546515583992004,-0.002110004425048828,0.0,-0.00021788105368614197,0.007449150085449219,0.005120754241943359,,0.00408302154392004,0.004117869772017002,0.2,0,cn,cn_plus,25,4,6,4,6,1,0.2752045263300597,0.21581206829784166,3.1241085529327393,3.126218557357788,-0.7432350516319275,-0.7432350516319275,0.027998797595500946,0.028216678649187088,2.9620299339294434,2.954580783843994,5.376534938812256,5.3714141845703125,AVAILABLE,0.002110004425048828,1409,1826
0.008401215076446533,0.0743899941444397,0.004310697317123413,0.09268903732299805,0.16298866271972656,0.5215405225753784,0.5286500453948975,0.0,0.0,-0.5215405225753784,-0.5286500453948975,0.105400949716568,0.105400949716568,-0.007109522819519043,0.0,0.007109522819519043,-0.008401215076446533,0.0743899941444397,0.004310697317123413,0.09268903732299805,0.16298866271972656,,0.012856918387115002,0.01102557685226202,0.2,0,degree,degree_u_plus,26,11,5,10,5,1,0.7057809942573637,0.41375827062995013,-0.44135621190071106,-0.4329549968242645,-0.3999827206134796,-0.4743727147579193,0.042211975902318954,0.03790127858519554,-2.399660110473633,-2.492349147796631,-3.1931540966033936,-3.35614275932312,AVAILABLE,0.0743899941444397,756,885
3.5158786475658417,0.0,0.012274041771888733,0.5947020053863525,4.122854948043823,0.5286500453948975,0.5286500453948975,1.0,0.0,0.16449713706970215,-0.5286500453948975,0.6069760471582413,0.6069760471582413,0.0,1.0,0.6931471824645996,3.5158786475658417,0.0,0.012274041771888733,0.5947020053863525,4.122854948043823,,0.009114302694797516,0.01102557685226202,0.2,0,cn,cn_plus,26,10,5,10,5,1,5.792450305250239,0.8527777230512754,3.082923650741577,-0.4329549968242645,-0.4743727147579193,-0.4743727147579193,0.050175320357084274,0.03790127858519554,-1.8976471424102783,-2.492349147796631,0.7667121887207031,-3.35614275932312,AVAILABLE,3.5158786475658417,756,885
4.4345855712890625e-05,0.5049551427364349,0.03342219442129135,0.040734291076660156,0.5791563987731934,0.09556321799755096,0.002474823733791709,1.0,1.0,0.5975839495658875,0.6906723380088806,0.0742008313536644,0.0742008313536644,0.09308839426375926,0.0,-0.09308838844299316,-4.4345855712890625e-05,-0.5049551427364349,-0.03342219442129135,-0.040734291076660156,-0.5791563987731934,,0.002528516808524728,0.007907319813966751,0.2,0,degree,degree_u_plus,27,2,4,1,4,1,6.805248209109394,0.871881076269565,3.131993532180786,3.132037878036499,-0.7893133759498596,-0.2843582332134247,0.017312586307525635,0.050734780728816986,2.9083139896392822,2.9490482807159424,5.273939609527588,5.853096008300781,AVAILABLE,0.5049551427364349,1153,1401
,,,,,,,,,,,,,,,,,,,,,NO_CANDIDATE,,,,,cn,cn,27,,,,,,,,,,,,,,,,,,MISSING,,1153,1401
0.00034499168395996094,0.13941368460655212,0.0082998126745224,0.005525827407836914,0.15358448028564453,0.31276047229766846,0.31828421354293823,2.0,2.0,0.7858518362045288,0.780328094959259,0.014170631766319275,0.014170631766319275,-0.005523741245269775,0.0,0.005523741245269775,0.00034499168395996094,0.13941368460655212,0.0082998126745224,0.005525827407836914,0.15358448028564453,,0.008362200111150742,0.006950322072952986,0.2,0,degree,degree_u_plus,28,8,3,7,3,1,9.838205418325515,0.9077338026543422,3.081360340118408,3.0810153484344482,-0.36421629786491394,-0.5036299824714661,0.05431331694126129,0.04601350426673889,2.995208501815796,2.989682674407959,5.772298812866211,5.618714332580566,AVAILABLE,0.13941368460655212,102,1251
0.00023794174194335938,0.0,0.0011389926075935364,0.0007233619689941406,0.0006532669067382812,0.31828421354293823,0.31828421354293823,3.0,2.0,1.0680100917816162,0.780328094959259,0.001862354576587677,0.001862354576587677,0.0,1.0,0.2876819968223572,-0.00023794174194335938,0.0,-0.0011389926075935364,0.0007233619689941406,-0.0006532669067382812,,0.006778946612030268,0.006950322072952986,0.2,0,cn,cn_plus,28,7,3,7,3,1,0.12776324514254284,0.11328906638236316,3.080777406692505,3.0810153484344482,-0.5036299824714661,-0.5036299824714661,0.044874511659145355,0.04601350426673889,2.990406036376953,2.989682674407959,5.618061065673828,5.618714332580566,AVAILABLE,0.00023794174194335938,102,1251
0.0004253387451171875,0.21796008944511414,0.013967622071504593,0.008280754089355469,0.24063348770141602,0.1002340093255043,0.09556321799755096,1.0,1.0,0.5929131507873535,0.5975839495658875,0.02267371490597725,0.02267371490597725,0.004670791327953339,0.0,-0.0046707987785339355,0.0004253387451171875,0.21796008944511414,0.013967622071504593,0.008280754089355469,0.24063348770141602,,0.0072733392007648945,0.0049683703109622,0.2,0,degree,degree_u_plus,29,6,2,5,2,1,9.612892912344345,0.905774984421368,3.090371608734131,3.0899462699890137,-0.4063098132610321,-0.6242699027061462,0.04713653400540352,0.033168911933898926,2.9369101524353027,2.9286293983459473,5.673740863800049,5.433107376098633,AVAILABLE,0.21796008944511414,567,1513
0.01043844223022461,0.0,8.08127224445343e-05,0.0037262439727783203,0.006793022155761719,0.09556321799755096,0.09556321799755096,2.0,1.0,1.0030491352081299,0.5975839495658875,0.0038070566952228546,0.0038070566952228546,0.0,1.0,0.40546518564224243,-0.01043844223022461,0.0,-8.08127224445343e-05,0.0037262439727783203,-0.006793022155761719,,0.004961313679814339,0.0049683703109622,0.2,0,cn,cn_plus,29,5,2,5,2,1,2.741859564299956,0.7327531985591542,3.079507827758789,3.0899462699890137,-0.6242699027061462,-0.6242699027061462,0.03308809921145439,0.033168911933898926,2.9323556423187256,2.9286293983459473,5.426314353942871,5.433107376098633,AVAILABLE,0.01043844223022461,567,1513
1.5974044799804688e-05,0.07201921939849854,0.002091396600008011,0.007417201995849609,0.081512451171875,0.5321398377418518,0.41100451350212097,2.0,2.0,0.5664724707603455,0.6876077651977539,0.009524572640657425,0.009524572640657425,0.12113532423973083,0.0,-0.12113529443740845,1.5974044799804688e-05,-0.07201921939849854,-0.002091396600008011,-0.007417201995849609,-0.081512451171875,,0.005532078444957733,0.005901417229324579,0.2,0,degree,degree_u_plus,30,5,7,4,7,1,7.561404222697519,0.8831967310515657,3.065120220184326,3.0651042461395264,-0.7111306190490723,-0.6391113996505737,0.036852575838565826,0.03894397243857384,2.8485119342803955,2.855929136276245,5.244986534118652,5.326498985290527,AVAILABLE,0.07201921939849854,1282,1735
0.005165815353393555,0.0,0.0002067089080810547,0.0366818904876709,0.03130912780761719,0.41100451350212097,0.41100451350212097,3.0,2.0,0.9752898216247559,0.6876077651977539,0.03688859939575195,0.03688859939575195,0.0,1.0,0.28768205642700195,-0.005165815353393555,0.0,-0.0002067089080810547,0.0366818904876709,0.03130912780761719,,0.0058423737064003944,0.005901417229324579,0.2,0,cn,cn_plus,30,4,7,4,7,1,0.14003822421097942,0.12283642884684845,3.059938430786133,3.0651042461395264,-0.6391113996505737,-0.6391113996505737,0.03873726353049278,0.03894397243857384,2.892611026763916,2.855929136276245,5.3578081130981445,5.326498985290527,AVAILABLE,0.005165815353393555,1282,1735
0.004453182220458984,0.3536108732223511,0.02171151340007782,0.018883943557739258,0.36089134216308594,0.12096263468265533,0.019220560789108276,1.0,1.0,0.5721845626831055,0.673926591873169,0.04504863917827606,0.04504863917827606,0.10174207389354706,0.0,-0.10174202919006348,-0.004453182220458984,-0.3536108732223511,-0.02171151340007782,0.018883943557739258,-0.36089134216308594,,0.020110104233026505,0.021859364584088326,0.2,0,degree,degree_u_plus,31,2,65,1,65,1,7.849533330577065,0.8869996910972942,3.1351816654205322,3.139634847640991,1.7025455236434937,2.0561563968658447,0.1589100956916809,0.18062160909175873,2.905365228652954,2.886481285095215,7.907635688781738,8.268527030944824,AVAILABLE,0.3536108732223511,1440,1701
,,,,,,,,,,,,,,,,,,,,,NO_CANDIDATE,,,,,cn,cn,31,,,,,,,,,,,,,,,,,,MISSING,,1440,1701
3.7670135498046875e-05,0.04787750542163849,0.002286553382873535,0.004544258117675781,0.04565763473510742,0.46101346611976624,0.4672214388847351,1.0,1.0,0.23213371634483337,0.2259257435798645,0.006868481636047363,0.006868481636047363,-0.006207972764968872,0.0,0.006207972764968872,3.7670135498046875e-05,0.04787750542163849,0.002286553382873535,-0.004544258117675781,0.04565763473510742,,0.013471364974975586,0.013207168318331242,0.2,0,degree,degree_u_plus,32,19,4,18,4,1,6.970599653986146,0.8745389251234198,3.101806879043579,3.101769208908081,0.25468525290489197,0.20680774748325348,0.08584386110305786,0.08355730772018433,2.9299850463867188,2.9345293045043945,6.377954006195068,6.332296371459961,AVAILABLE,0.04787750542163849,118,581
0.01044774055480957,0.0,0.0028214827179908752,0.003785371780395508,0.003840923309326172,0.4672214388847351,0.4672214388847351,2.0,1.0,0.6313908696174622,0.2259257435798645,0.006606854498386383,0.006606854498386383,0.0,1.0,0.40546512603759766,-0.01044774055480957,0.0,0.0028214827179908752,0.003785371780395508,-0.003840923309326172,,0.013661428354680538,0.013207168318331242,0.2,0,cn,cn_plus,32,18,4,18,4,1,1.5813462736160637,0.6126052478038306,3.0913214683532715,3.101769208908081,0.20680774748325348,0.20680774748325348,0.0863787904381752,0.08355730772018433,2.93831467628479,2.9345293045043945,6.328455448150635,6.332296371459961,AVAILABLE,0.01044774055480957,118,581
0.09144473075866699,0.1748807728290558,0.00565117783844471,0.0009627342224121094,0.08812427520751953,0.4047253727912903,0.31276047229766846,0.0,0.0,-0.4047253727912903,-0.31276047229766846,0.09805864281952381,0.09805864281952381,0.09196490049362183,0.0,-0.09196490049362183,0.09144473075866699,-0.1748807728290558,-0.00565117783844471,0.0009627342224121094,-0.08812427520751953,,0.007261896505951881,0.008793575689196587,0.2,0,degree,degree_u_plus,33,4,8,3,8,1,1.7834303021776416,0.6407310794821623,-0.5668039917945862,-0.6582487225532532,-0.5390970706939697,-0.36421629786491394,0.030076095834374428,0.03572727367281914,3.0056538581848145,3.0046911239624023,1.9354619979858398,2.0235862731933594,AVAILABLE,0.1748807728290558,124,1367
3.7305007576942444,0.0,0.02134593576192856,0.0004818439483642578,3.752328395843506,0.31276047229766846,0.31276047229766846,1.0,0.0,0.38038671016693115,-0.31276047229766846,0.021827779710292816,0.021827779710292816,0.0,1.0,0.6931471824645996,3.7305007576942444,0.0,0.02134593576192856,0.0004818439483642578,3.752328395843506,,0.00878223031759262,0.008793575689196587,0.2,0,cn,cn_plus,33,3,8,3,8,1,170.90602425655308,0.9941828682018288,3.072252035140991,-0.6582487225532532,-0.36421629786491394,-0.36421629786491394,0.057073209434747696,0.03572727367281914,3.0051729679107666,3.0046911239624023,5.775914669036865,2.0235862731933594,AVAILABLE,3.7305007576942444,124,1367
0.0002834796905517578,0.03841602802276611,0.002465769648551941,0.011892080307006836,0.0524897575378418,0.006690463051199913,0.006690463051199913,1.0,1.0,0.6864567399024963,0.6864567399024963,0.014641329646110535,0.014641329646110535,0.0,0.0,0.0,-0.0002834796905517578,0.03841602802276611,0.002465769648551941,0.011892080307006836,0.0524897575378418,,0.01982611045241356,0.019640620797872543,0.2,0,degree,degree_u_plus,34,18,1,17,1,1,2.623805536330913,0.7240470025296954,3.0961568355560303,3.096440315246582,1.59743070602417,1.5590146780014038,0.1533627212047577,0.15089695155620575,2.888441324234009,2.876549243927002,7.741024017333984,7.688534259796143,AVAILABLE,0.03841602802276611,1042,1517
,,,,,,,,,,,,,,,,,,,,,NO_CANDIDATE,,,,,cn,cn,34,,,,,,,,,,,,,,,,,,MISSING,,1042,1517
0.05258071422576904,0.13477623462677002,0.008202830329537392,0.0015401840209960938,0.19709992408752441,0.29481109976768494,0.22577904164791107,0.0,0.0,-0.29481109976768494,-0.22577904164791107,0.06232372857630253,0.06232372857630253,0.06903205811977386,0.0,-0.06903205811977386,0.05258071422576904,0.13477623462677002,0.008202830329537392,0.0015401840209960938,0.19709992408752441,,0.004357112105935812,0.002340601058676839,0.2,0,degree,degree_u_plus,35,6,3,5,3,1,2.16251845132436,0.6837963112653991,-0.673298180103302,-0.725878894329071,-0.6468251943588257,-0.7816014289855957,0.0186222642660141,0.010419433936476707,2.935246467590332,2.933706283569336,1.639378309249878,1.4422783851623535,AVAILABLE,0.13477623462677002,492,1533
3.8522643446922302,0.0,0.014583075419068336,0.011149883270263672,3.877997398376465,0.22577904164791107,0.22577904164791107,1.0,0.0,0.46736812591552734,-0.22577904164791107,0.02573295868933201,0.02573295868933201,0.0,1.0,0.6931471675634384,3.8522643446922302,0.0,0.014583075419068336,0.011149883270263672,3.877997398376465,,0.0036352239549160004,0.002340601058676839,0.2,0,cn,cn_plus,35,5,3,5,3,1,149.70151291907663,0.9933643665506067,3.126385450363159,-0.725878894329071,-0.7816014289855957,-0.7816014289855957,0.025002509355545044,0.010419433936476707,2.9448561668395996,2.933706283569336,5.320275783538818,1.4422783851623535,AVAILABLE,3.8522643446922302,492,1533
0.01956266164779663,0.06537818908691406,0.00046038534492254257,0.04544687271118164,0.03903365135192871,0.18635404109954834,0.15886813402175903,0.0,0.0,-0.18635404109954834,-0.15886813402175903,0.06546991970390081,0.06546991970390081,0.027485907077789307,0.0,-0.027485907077789307,0.01956266164779663,0.06537818908691406,-0.00046038534492254257,-0.04544687271118164,0.03903365135192871,,0.0021259128116071224,0.0021656607277691364,0.2,0,degree,degree_u_plus,36,4,3,3,3,1,0.9985987365894288,0.4996494385328787,-0.7544342875480652,-0.7739969491958618,-0.8521516919136047,-0.9175298810005188,0.00946752168238163,0.009927907027304173,2.8373379707336426,2.882784843444824,1.2458524703979492,1.2068188190460205,AVAILABLE,0.06537818908691406,972,1000
3.9066590070724487,0.0,0.004231168422847986,0.03725290298461914,3.939680814743042,0.15886813402175903,0.15886813402175903,1.0,0.0,0.5342790484428406,-0.15886813402175903,0.04148407140746713,0.04148407140746713,0.0,1.0,0.6931471824645996,3.9066590070724487,0.0,-0.004231168422847986,0.03725290298461914,3.939680814743042,,0.0008166282786987722,0.0021656607277691364,0.2,0,cn,cn_plus,36,3,3,3,3,1,94.1724843488821,0.9894927614126977,3.132662057876587,-0.7739969491958618,-0.9175298810005188,-0.9175298810005188,0.005696738604456186,0.009927907027304173,2.9200377464294434,2.882784843444824,5.1464996337890625,1.2068188190460205,AVAILABLE,3.9066590070724487,972,1000
0.00019150972366333008,0.06315350532531738,0.0179338613525033,0.019178152084350586,0.06171762943267822,0.0022547768894582987,0.001801587175577879,0.0,0.0,-0.0022547768894582987,-0.001801587175577879,0.037303523160517216,0.037303523160517216,0.00045318971388041973,0.0,-0.00045318971388041973,0.00019150972366333008,-0.06315350532531738,-0.0179338613525033,0.019178152084350586,-0.06171762943267822,,0.002274153521284461,0.006241765338927507,0.2,0,degree,degree_u_plus,37,2,1,1,1,1,1.6929631049575828,0.6286618267591337,-0.8726242184638977,-0.872815728187561,-0.8676448464393616,-0.8044913411140442,0.010509028099477291,0.02844288945198059,2.8702943325042725,2.851116180419922,1.146167278289795,1.2078849077224731,AVAILABLE,0.06315350532531738,468,647
3.9896551370620728,0.0,0.03912073373794556,0.07444334030151367,4.0249775648117065,0.001801587175577879,0.001801587175577879,1.0,0.0,0.6913455724716187,-0.001801587175577879,0.11356407403945923,0.11356407403945923,0.0,1.0,0.6931471596471965,3.9896551370620728,0.0,-0.03912073373794556,0.07444334030151367,4.0249775648117065,,0.0015570890391245484,0.006241765338927507,0.2,0,cn,cn_plus,37,1,1,1,1,1,35.131310843627446,0.9723231740932983,3.1168394088745117,-0.872815728187561,-0.8044913411140442,-0.8044913411140442,-0.010677844285964966,0.02844288945198059,2.9255595207214355,2.851116180419922,5.23286247253418,1.2078849077224731,AVAILABLE,3.9896551370620728,468,647
0.000670015811920166,0.32630953937768936,0.01829511858522892,0.11506271362304688,0.23021197319030762,0.0040603079833090305,0.002474823733791709,0.0,0.0,-0.0040603079833090305,-0.002474823733791709,0.13402784802019596,0.13402784802019596,0.0015854842495173216,0.0,-0.0015854842495173216,0.000670015811920166,0.32630953937768936,0.01829511858522892,-0.11506271362304688,0.23021197319030762,,0.016830045729875565,0.009534032084047794,0.2,0,degree,degree_u_plus,38,5,1,4,1,1,2.4346396651994504,0.7088486428045925,-0.8718612790107727,-0.8725312948226929,0.04195130616426468,-0.2843582332134247,0.044615183025598526,0.026320064440369606,-1.6924967765808105,-1.5774340629577637,-2.472158670425415,-2.7023706436157227,AVAILABLE,0.32630953937768936,121,1910
3.939338803291321,0.0,0.022776944562792778,2.600123643875122,6.562239408493042,0.002474823733791709,0.002474823733791709,1.0,0.0,0.6906723380088806,-0.002474823733791709,2.622900588437915,2.622900588437915,0.0,1.0,0.6931471617426723,3.939338803291321,0.0,0.022776944562792778,2.600123643875122,6.562239408493042,,0.011100505478680134,0.009534032084047794,0.2,0,cn,cn_plus,38,4,1,4,1,1,1.5019016754342194,0.6003040367977514,3.066807508468628,-0.8725312948226929,-0.2843582332134247,-0.2843582332134247,0.049097009003162384,0.026320064440369606,1.0226895809173584,-1.5774340629577637,3.8598687648773193,-2.7023706436157227,AVAILABLE,3.939338803291321,121,1910
0.12767350673675537,0.5689346790313721,0.038957640528678894,0.5011997222900391,0.0209808349609375,0.19668571650981903,-0.0026647511404007673,0.0,0.0,-0.19668571650981903,0.0026647511404007673,0.6678308695554733,0.6678308695554733,0.1993504676502198,0.0,-0.1993504676502198,0.12767350673675537,-0.5689346790313721,-0.038957640528678894,0.5011997222900391,0.0209808349609375,,0.02773466520011425,0.03398081287741661,0.2,0,degree,degree_u_plus,39,2,26,1,26,1,0.851914304127522,0.4600182104694514,-0.747026264667511,-0.8746997714042664,1.2274950742721558,1.7964297533035278,0.13762082159519196,0.17657846212387085,2.8499085903167725,2.3487088680267334,3.4736311435699463,3.452650308609009,AVAILABLE,0.5689346790313721,547,598
3.991640269756317,0.0,0.008777931332588196,0.01798272132873535,3.964879274368286,-0.0026647511404007673,-0.0026647511404007673,1.0,0.0,0.695811927318573,0.0026647511404007673,0.026760652661323547,0.026760652661323547,0.0,1.0,0.6931471761781722,3.991640269756317,0.0,-0.008777931332588196,-0.01798272132873535,3.964879274368286,,0.022639350965619087,0.03398081287741661,0.2,0,cn,cn_plus,39,1,26,1,26,1,149.16074090815866,0.9933404697262941,3.116940498352051,-0.8746997714042664,1.7964297533035278,1.7964297533035278,0.16780053079128265,0.17657846212387085,2.330726146697998,2.3487088680267334,7.417529582977295,3.452650308609009,AVAILABLE,3.991640269756317,547,598
9.292364120483398e-05,0.268222451210022,0.0034827785566449165,0.07409477233886719,0.19770348072052002,0.002474823733791709,0.0022547768894582987,0.0,0.0,-0.002474823733791709,-0.0022547768894582987,0.07767047453671694,0.07767047453671694,0.00022004684433341026,0.0,-0.00022004684433341026,9.292364120483398e-05,0.268222451210022,0.0034827785566449165,-0.07409477233886719,0.19770348072052002,,0.003211856819689274,0.002238237066194415,0.2,0,degree,degree_u_plus,40,3,1,2,1,1,3.453338199315932,0.7754493471540949,-0.8725312948226929,-0.8726242184638977,-0.5994223952293396,-0.8676448464393616,0.013991806656122208,0.010509028099477291,2.8703529834747314,2.9444477558135986,1.4180241823196411,1.220320701599121,AVAILABLE,0.268222451210022,452,1258
3.9336238503456116,0.0,0.015960250049829483,0.041379690170288086,3.959043025970459,0.0022547768894582987,0.0022547768894582987,1.0,0.0,0.6908923983573914,-0.0022547768894582987,0.05733994022011757,0.05733994022011757,0.0,1.0,0.6931471752468497,3.9336238503456116,0.0,-0.015960250049829483,0.041379690170288086,3.959043025970459,,0.0007877576281316578,0.002238237066194415,0.2,0,cn,cn_plus,40,2,1,2,1,1,68.6018009301569,0.9856325556718932,3.060999631881714,-0.8726242184638977,-0.8676448464393616,-0.8676448464393616,-0.005451221950352192,0.010509028099477291,2.9858274459838867,2.9444477558135986,5.17936372756958,1.220320701599121,AVAILABLE,3.9336238503456116,452,1258
0.0002930164337158203,0.23178543150424957,0.007392257452011108,0.008718252182006836,0.2476029396057129,0.3910866975784302,0.32256245613098145,3.0,3.0,0.995207667350769,1.0637319087982178,0.016403526067733765,0.016403526067733765,0.06852424144744873,0.0,-0.06852424144744873,0.0002930164337158203,-0.23178543150424957,-0.007392257452011108,-0.008718252182006836,-0.2476029396057129,,0.010584428906440735,0.011936614289879799,0.2,0,degree,degree_u_plus,41,4,12,3,12,1,14.130211348769993,0.9339070699708835,3.120732307434082,3.120439291000366,-0.17045579850673676,0.06132963299751282,0.06658231467008591,0.07397457212209702,2.932821035385132,2.9415392875671387,5.955312728881836,6.202915668487549,AVAILABLE,0.23178543150424957,1109,2671
,,,,,,,,,,,,,,,,,,,,,NO_CANDIDATE,,,,,cn,cn,41,,,,,,,,,,,,,,,,,,MISSING,,1109,2671
0.0002772808074951172,0.19734114408493042,0.008624643087387085,0.2508368492126465,0.04459381103515625,0.4174328148365021,0.3566613495349884,1.0,1.0,0.27571436762809753,0.3364858329296112,0.2597387731075287,0.2597387731075287,0.06077146530151367,0.0,-0.06077146530151367,-0.0002772808074951172,-0.19734114408493042,-0.008624643087387085,0.2508368492126465,0.04459381103515625,,0.009677903726696968,0.012273537926375866,0.2,0,degree,degree_u_plus,42,4,9,3,9,1,0.759767724033856,0.4317431861361033,3.1315724849700928,3.131849765777588,-0.43913471698760986,-0.24179357290267944,0.052259527146816254,0.06088417023420334,1.776914119720459,1.5260772705078125,4.5272440910339355,4.482650279998779,AVAILABLE,0.19734114408493042,1365,1702
0.00875401496887207,0.0,0.002657998353242874,1.3951313495635986,1.4012274742126465,0.3566613495349884,0.3566613495349884,2.0,1.0,0.7419509887695312,0.3364858329296112,1.3977893479168415,1.3977893479168415,0.0,1.0,0.40546515583992004,0.00875401496887207,0.0,-0.002657998353242874,1.3951313495635986,1.4012274742126465,,0.009152421727776527,0.012273537926375866,0.2,0,cn,cn_plus,42,3,9,3,9,1,0.0062627569163342224,0.006223778901970173,3.14060378074646,3.131849765777588,-0.24179357290267944,-0.24179357290267944,0.058226171880960464,0.06088417023420334,2.921208620071411,1.5260772705078125,5.883877754211426,4.482650279998779,AVAILABLE,0.00875401496887207,1365,1702
0.0011441707611083984,0.24187493324279785,0.015061840415000916,0.0034902095794677734,0.2545909881591797,0.5947108864784241,0.29805782437324524,1.0,1.0,0.09843629598617554,0.39508935809135437,0.019696220755577087,0.019696220755577087,0.29665306210517883,0.0,-0.29665306210517883,-0.0011441707611083984,-0.24187493324279785,-0.015061840415000916,0.0034902095794677734,-0.2545909881591797,,0.02159924805164337,0.02279827557504177,0.2,0,degree,degree_u_plus,43,3,139,2,139,1,12.280265003206754,0.9247002977908549,3.0283563137054443,3.0295004844665527,1.7041805982589722,1.94605553150177,0.1667664647102356,0.1818283051252365,2.8216350078582764,2.8181447982788086,7.726571083068848,7.981162071228027,AVAILABLE,0.24187493324279785,326,1358
0.001722097396850586,0.0,0.0067779868841171265,0.015276908874511719,0.010221004486083984,0.29805782437324524,0.29805782437324524,2.0,1.0,0.8005545139312744,0.39508935809135437,0.022054895758628845,0.022054895758628845,0.0,1.0,0.40546515583992004,0.001722097396850586,0.0,-0.0067779868841171265,0.015276908874511719,0.010221004486083984,,0.021920334547758102,0.02279827557504177,0.2,0,cn,cn_plus,43,2,139,2,139,1,0.07808228317533508,0.07242701637332823,3.0312225818634033,3.0295004844665527,1.94605553150177,1.94605553150177,0.17505031824111938,0.1818283051252365,2.8334217071533203,2.8181447982788086,7.991383075714111,7.981162071228027,AVAILABLE,0.001722097396850586,326,1358
0.05830353498458862,0.0305936336517334,0.002794812433421612,0.08651375770568848,0.05600917339324951,0.15886813402175903,0.07427853345870972,0.0,0.0,-0.15886813402175903,-0.07427853345870972,0.1476121051236987,0.1476121051236987,0.08458960056304932,0.0,-0.08458960056304932,0.05830353498458862,-0.0305936336517334,0.002794812433421612,-0.08651375770568848,-0.05600917339324951,,0.0022576497867703438,0.0015820097178220749,0.2,0,degree,degree_u_plus,44,3,3,2,3,1,0.20725692891871364,0.17167590755047019,-0.7739969491958618,-0.8323004841804504,-0.9175298810005188,-0.8869362473487854,0.009927907027304173,0.007133094593882561,2.695997953414917,2.7825117111206055,1.0200319290161133,1.0760411024093628,AVAILABLE,0.0305936336517334,718,2059
3.9081349968910217,0.0,0.00524225109256804,0.2034311294555664,4.1063233613967896,0.07427853345870972,0.07427853345870972,1.0,0.0,0.6188686490058899,-0.07427853345870972,0.20867338054813445,0.20867338054813445,0.0,1.0,0.6931471824645996,3.9081349968910217,0.0,-0.00524225109256804,0.2034311294555664,4.1063233613967896,,0.0002720401680562645,0.0015820097178220749,0.2,0,cn,cn_plus,44,2,3,2,3,1,18.72847796561554,0.9493118525543185,3.0758345127105713,-0.8323004841804504,-0.8869362473487854,-0.8869362473487854,0.0018908435013145208,0.007133094593882561,2.985942840576172,2.7825117111206055,5.182364463806152,1.0760411024093628,AVAILABLE,3.9081349968910217,718,2059
0.001544952392578125,0.046840786933898926,0.0003873594105243683,0.006444454193115234,0.05212736129760742,0.2630515396595001,0.22577904164791107,3.0,3.0,1.1232428550720215,1.160515308380127,0.008376765996217728,0.008376765996217728,0.03727249801158905,0.0,-0.03727245330810547,0.001544952392578125,-0.046840786933898926,-0.0003873594105243683,-0.006444454193115234,-0.05212736129760742,,0.00263464218005538,0.0027067968621850014,0.2,0,degree,degree_u_plus,45,4,5,3,5,1,5.591744002113513,0.8482950794692012,3.078089714050293,3.076544761657715,-0.8284422159194946,-0.7816014289855957,0.018251003697514534,0.018638363108038902,3.002534866333008,3.008979320526123,5.276066303253174,5.328193664550781,AVAILABLE,0.046840786933898926,1085,1421
,,,,,,,,,,,,,,,,,,,,,NO_CANDIDATE,,,,,cn,cn,45,,,,,,,,,,,,,,,,,,MISSING,,1085,1421
0.00019043684005737305,0.03815937042236328,0.0031994879245758057,0.1658010482788086,0.1242518424987793,0.0018040386494249105,0.0022547768894582987,0.0,0.0,-0.0018040386494249105,-0.0022547768894582987,0.16919097304344177,0.16919097304344177,-0.00045073824003338814,0.0,0.00045073824003338814,-0.00019043684005737305,-0.03815937042236328,-0.0031994879245758057,0.1658010482788086,0.1242518424987793,,0.026747193187475204,0.02804928831756115,0.2,0,degree,degree_u_plus,46,2,0,1,0,1,0.22554021340821345,0.18403330297990686,-0.8728146553039551,-0.8726242184638977,1.4103931188583374,1.4485524892807007,0.1375337839126587,0.1407332718372345,2.721247673034668,2.5554466247558594,3.4019927978515625,3.277740955352783,AVAILABLE,0.03815937042236328,166,2617
,,,,,,,,,,,,,,,,,,,,,NO_CANDIDATE,,,,,cn,cn,46,,,,,,,,,,,,,,,,,,MISSING,,166,2617
0.00015664100646972656,0.19906160235404968,0.006968259811401367,0.0020987987518310547,0.2040877342224121,0.6234710812568665,0.5526228547096252,1.0,1.0,0.06967610120773315,0.14052432775497437,0.009223699569702148,0.009223699569702148,0.07084822654724121,0.0,-0.07084822654724121,-0.00015664100646972656,-0.19906160235404968,-0.006968259811401367,0.0020987987518310547,-0.2040877342224121,,0.01544465497136116,0.016014277935028076,0.2,0,degree,degree_u_plus,47,5,27,4,27,1,21.581512389323613,0.9557159864778236,3.068918228149414,3.069074869155884,0.356388121843338,0.5554497241973877,0.10031938552856445,0.10728764533996582,2.969785690307617,2.967686891555786,6.501044273376465,6.705132007598877,AVAILABLE,0.19906160235404968,1856,2045
0.014800548553466797,0.0,0.005329243838787079,0.010317087173461914,0.019788265228271484,0.5526228547096252,0.5526228547096252,2.0,1.0,0.545989453792572,0.14052432775497437,0.015646331012248993,0.015646331012248993,0.0,1.0,0.40546512603759766,0.014800548553466797,0.0,-0.005329243838787079,0.010317087173461914,0.019788265228271484,,0.015173990279436111,0.016014277935028076,0.2,0,cn,cn_plus,47,4,27,4,27,1,0.9459431148713904,0.4861103634747868,3.0838754177093506,3.069074869155884,0.5554497241973877,0.5554497241973877,0.10195840150117874,0.10728764533996582,2.978003978729248,2.967686891555786,6.724920272827148,6.705132007598877,AVAILABLE,0.014800548553466797,1856,2045
0.00019150972366333008,0.9900413751602173,0.11518776416778564,3.9919838905334473,5.0970213413238525,0.0022547768894582987,0.001801587175577879,0.0,0.0,-0.0022547768894582987,-0.001801587175577879,4.107363164424896,4.107363164424896,0.00045318971388041973,0.0,-0.00045318971388041973,0.00019150972366333008,-0.9900413751602173,-0.11518776416778564,-3.9919838905334473,-5.0970213413238525,,0.03748193010687828,0.04083937034010887,0.2,0,degree,degree_u_plus,48,1,0,0,0,1,0.24104062219889788,0.19422460303661762,-0.8726242184638977,-0.872815728187561,1.4485524892807007,2.438593864440918,0.1407332718372345,0.25592103600502014,-1.2927865982055664,2.699197292327881,-0.5704920291900635,4.526529312133789,AVAILABLE,0.9900413751602173,307,991
,,,,,,,,,,,,,,,,,,,,,NO_CANDIDATE,,,,,cn,cn,48,,,,,,,,,,,,,,,,,,MISSING,,307,991
0.0008347034454345703,0.15733152627944946,0.009062495082616806,0.7039484977722168,0.8695082664489746,0.22577904164791107,0.09556321799755096,1.0,1.0,0.46736812591552734,0.5975839495658875,0.7138456963002682,0.7138456963002682,0.1302158236503601,0.0,-0.1302158236503601,0.0008347034454345703,-0.15733152627944946,-0.009062495082616806,-0.7039484977722168,-0.8695082664489746,,0.003998853266239166,0.005024824757128954,0.2,0,degree,degree_u_plus,49,3,5,2,5,1,0.2203999055970652,0.18059646234505186,3.051162004470825,3.0503273010253906,-0.7816014289855957,-0.6242699027061462,0.024455636739730835,0.03351813182234764,2.2584433555603027,2.9623918533325195,4.55809211730957,5.427600383758545,AVAILABLE,0.15733152627944946,958,1798
0.024250268936157227,0.0,0.00036073848605155945,0.036089181900024414,0.059978485107421875,0.09556321799755096,0.09556321799755096,2.0,1.0,1.0030491352081299,0.5975839495658875,0.036449920386075974,0.036449920386075974,0.0,1.0,0.40546518564224243,0.024250268936157227,0.0,-0.00036073848605155945,0.036089181900024414,0.059978485107421875,,0.004926448687911034,0.005024824757128954,0.2,0,cn,cn_plus,49,2,5,2,5,1,0.6653035734032823,0.3995088847636595,3.074577569961548,3.0503273010253906,-0.6242699027061462,-0.6242699027061462,0.03315739333629608,0.03351813182234764,2.998481035232544,2.9623918533325195,5.487578868865967,5.427600383758545,AVAILABLE,0.024250268936157227,958,1798
2.1457672119140625e-06,0.001783132553100586,0.00017654895782470703,0.0006792545318603516,0.0026407241821289062,0.3238118886947632,0.29805782437324524,1.0,1.0,0.3693352937698364,0.39508935809135437,0.0008579492568969727,0.0008579492568969727,0.025754064321517944,0.0,-0.025754064321517944,2.1457672119140625e-06,0.001783132553100586,0.00017654895782470703,0.0006792545318603516,0.0026407241821289062,,0.022565850988030434,0.022551242262125015,0.2,0,degree,degree_u_plus,50,140,2,139,2,1,2.0783417612973105,0.6751497794778419,3.036853551864624,3.036851406097412,1.9478386640548706,1.94605553150177,0.18070870637893677,0.18053215742111206,2.8426597118377686,2.841980457305908,8.013693809509277,8.011053085327148,AVAILABLE,0.001783132553100586,1358,1568
0.002028226852416992,0.0,0.007323205471038818,0.0001838207244873047,0.009167671203613281,0.29805782437324524,0.29805782437324524,2.0,1.0,0.8005545139312744,0.39508935809135437,0.007507026195526123,0.007507026195526123,0.0,1.0,0.40546515583992004,-0.002028226852416992,0.0,-0.007323205471038818,0.0001838207244873047,-0.009167671203613281,,0.021661266684532166,0.022551242262125015,0.2,0,cn,cn_plus,50,139,2,139,2,1,0.2701767781039513,0.21270801258644964,3.034823179244995,3.036851406097412,1.94605553150177,1.94605553150177,0.17320895195007324,0.18053215742111206,2.8421642780303955,2.841980457305908,8.001885414123535,8.011053085327148,AVAILABLE,0.002028226852416992,1358,1568
0.00010442733764648438,0.14319521188735962,0.00952400267124176,0.0018057823181152344,0.1544208526611328,0.31828421354293823,0.29481109976768494,1.0,1.0,0.3748629689216614,0.3983360826969147,0.011434212327003479,0.011434212327003479,0.023473113775253296,0.0,-0.023473113775253296,-0.00010442733764648438,0.14319521188735962,0.00952400267124176,0.0018057823181152344,0.1544208526611328,,0.006214521359652281,0.004685607273131609,0.2,0,degree,degree_u_plus,51,7,3,6,3,1,12.523388805304629,0.9260540376086989,3.083730936050415,3.0838353633880615,-0.5036299824714661,-0.6468251943588257,0.04122527316212654,0.03170127049088478,3.0051138401031494,3.003308057785034,5.632072925567627,5.477652072906494,AVAILABLE,0.14319521188735962,1501,2228
0.0024695396423339844,0.0,0.00040273740887641907,0.0037581920623779297,0.0016918182373046875,0.29481109976768494,0.29481109976768494,2.0,1.0,0.8038011789321899,0.3983360826969147,0.004160929471254349,0.004160929471254349,0.0,1.0,0.40546509623527527,-0.0024695396423339844,0.0,0.00040273740887641907,0.0037581920623779297,0.0016918182373046875,,0.004743947647511959,0.004685607273131609,0.2,0,cn,cn_plus,51,6,3,6,3,1,0.5935053031640284,0.3724526689591667,3.0813658237457275,3.0838353633880615,-0.6468251943588257,-0.6468251943588257,0.0321040078997612,0.03170127049088478,3.007066249847412,3.003308057785034,5.479343891143799,5.477652072906494,AVAILABLE,0.0024695396423339844,1501,2228
0.0005364418029785156,0.07055026292800903,0.007981060072779655,0.0024535655975341797,0.08044862747192383,0.22577904164791107,0.18635404109954834,1.0,1.0,0.46736812591552734,0.5067931413650513,0.01097106747329235,0.01097106747329235,0.03942500054836273,0.0,-0.039425015449523926,-0.0005364418029785156,0.07055026292800903,0.007981060072779655,0.0024535655975341797,0.08044862747192383,,0.0036174480337649584,0.0024345044512301683,0.2,0,degree,degree_u_plus,52,5,3,4,3,1,6.430568291925237,0.8654207914236257,3.10296368598938,3.1035001277923584,-0.7816014289855957,-0.8521516919136047,0.024857666343450546,0.01687660627067089,2.9621801376342773,2.959726572036743,5.314033031463623,5.233584403991699,AVAILABLE,0.07055026292800903,14,2668
0.013021469116210938,0.0,0.0023140599951148033,0.0076978206634521484,0.018405437469482422,0.18635404109954834,0.18635404109954834,2.0,1.0,0.9122582674026489,0.5067931413650513,0.010011880658566952,0.010011880658566952,0.0,1.0,0.40546512603759766,0.013021469116210938,0.0,-0.0023140599951148033,0.0076978206634521484,0.018405437469482422,,0.0020951314363628626,0.0024345044512301683,0.2,0,cn,cn_plus,52,4,3,4,3,1,1.3006004120778882,0.5653308611308097,3.1165215969085693,3.1035001277923584,-0.8521516919136047,-0.8521516919136047,0.014562546275556087,0.01687660627067089,2.9674243927001953,2.959726572036743,5.251989841461182,5.233584403991699,AVAILABLE,0.013021469116210938,14,2668
0.03761300444602966,0.18539071083068848,0.01492464542388916,0.06409358978271484,0.22679567337036133,0.6293670535087585,0.5947108864784241,0.0,0.0,-0.6293670535087585,-0.5947108864784241,0.11663123965263367,0.11663123965263367,0.03465616703033447,0.0,-0.03465616703033447,0.03761300444602966,-0.18539071083068848,-0.01492464542388916,-0.06409358978271484,-0.22679567337036133,,0.03838787227869034,0.03904052823781967,0.2,0,degree,degree_u_plus,53,4,139,3,139,1,1.5895457811079208,0.6138318900188912,-0.3184719681739807,-0.3560849726200104,1.5187898874282837,1.7041805982589722,0.18430809676647186,0.19923274219036102,2.779636859893799,2.8437304496765137,4.169895648956299,4.39669132232666,AVAILABLE,0.18539071083068848,1038,1358
3.383524090051651,0.0,0.031601130962371826,0.00048828125,3.3524117469787598,0.5947108864784241,0.5947108864784241,1.0,0.0,0.09843629598617554,-0.5947108864784241,0.032089412212371826,0.032089412212371826,0.0,1.0,0.6931471824645996,3.383524090051651,0.0,-0.031601130962371826,0.00048828125,3.3524117469787598,,0.02164812572300434,0.03904052823781967,0.2,0,cn,cn_plus,53,3,139,3,139,1,105.44048028222707,0.990605078092954,3.0274391174316406,-0.3560849726200104,1.7041805982589722,1.7041805982589722,0.1676316112279892,0.19923274219036102,2.8442187309265137,2.8437304496765137,7.74910306930542,4.39669132232666,AVAILABLE,3.383524090051651,1038,1358
0.0921480655670166,0.15733152627944946,0.002087745815515518,0.014993429183959961,0.05227780342102051,0.22577904164791107,0.09556321799755096,0.0,0.0,-0.22577904164791107,-0.09556321799755096,0.10922924056649208,0.10922924056649208,0.1302158236503601,0.0,-0.1302158236503601,0.0921480655670166,-0.15733152627944946,-0.002087745815515518,0.014993429183959961,-0.05227780342102051,,0.002355921547859907,0.0028788086492568254,0.2,0,degree,degree_u_plus,54,3,5,2,5,1,1.4403790693746055,0.5902275951513265,-0.725878894329071,-0.8180269598960876,-0.7816014289855957,-0.6242699027061462,0.010419433936476707,0.012507179751992226,2.904757499694824,2.8897640705108643,1.4133296012878418,1.4656074047088623,AVAILABLE,0.15733152627944946,1385,2335
3.946755111217499,0.0,0.022253742441534996,0.04929518699645996,4.018304109573364,0.09556321799755096,0.09556321799755096,1.0,0.0,0.5975839495658875,-0.09556321799755096,0.07154892943799496,0.07154892943799496,0.0,1.0,0.6931471675634384,3.946755111217499,0.0,0.022253742441534996,0.04929518699645996,4.018304109573364,,0.005167513154447079,0.0028788086492568254,0.2,0,cn,cn_plus,54,2,5,2,5,1,55.16161584250732,0.9821942445031447,3.128728151321411,-0.8180269598960876,-0.6242699027061462,-0.6242699027061462,0.03476092219352722,0.012507179751992226,2.939059257507324,2.8897640705108643,5.483911514282227,1.4656074047088623,AVAILABLE,3.946755111217499,1385,2335
0.05562472343444824,0.7716015875339508,0.04080280102789402,0.0026373863220214844,0.7594168186187744,0.1002340093255043,0.007277398835867643,0.0,0.0,-0.1002340093255043,-0.007277398835867643,0.09906491078436375,0.09906491078436375,0.09295661048963666,0.0,-0.09295661048963666,0.05562472343444824,-0.7716015875339508,-0.04080280102789402,-0.0026373863220214844,-0.7594168186187744,,0.00588033813983202,0.015444939024746418,0.2,0,degree,degree_u_plus,55,2,6,1,6,1,7.788847771992962,0.886219442418077,-0.8148755431175232,-0.8705002665519714,-0.4063098132610321,0.3652917742729187,0.02453446201980114,0.06533726304769516,2.926568031311035,2.9292054176330566,1.7355501651763916,2.494966983795166,AVAILABLE,0.7716015875339508,647,904
3.9984025359153748,0.0,0.021716415882110596,0.009140968322753906,4.029260158538818,0.007277398835867643,0.007277398835867643,1.0,0.0,0.6858698129653931,-0.007277398835867643,0.030857384204864502,0.030857384204864502,0.0,1.0,0.6931472118012607,3.9984025359153748,0.0,0.021716415882110596,0.009140968322753906,4.029260158538818,,0.013354670256376266,0.015444939024746418,0.2,0,cn,cn_plus,55,1,6,1,6,1,129.57680448872924,0.9923416719844272,3.1279022693634033,-0.8705002665519714,0.3652917742729187,0.3652917742729187,0.08705367892980576,0.06533726304769516,2.9383463859558105,2.9292054176330566,6.524227142333984,2.494966983795166,AVAILABLE,3.9984025359153748,647,904
0.1495184451341629,0.14507027715444565,0.005911186337471008,0.005613803863525391,0.004150867462158203,0.7200585603713989,0.585216224193573,0.0,0.0,-0.7200585603713989,-0.585216224193573,0.1610434353351593,0.1610434353351593,0.13484233617782593,0.0,-0.13484233617782593,0.1495184451341629,-0.14507027715444565,-0.005911186337471008,0.005613803863525391,0.004150867462158203,,0.02286859229207039,0.022638553753495216,0.2,0,degree,degree_u_plus,56,6,22,5,22,1,0.9008145401542378,0.47390974822885296,-0.21707935631275177,-0.3665978014469147,0.04891381412744522,0.19398409128189087,0.07601157575845718,0.08192276209592819,2.9818367958068848,2.9762229919433594,2.8953158855438232,2.891165018081665,AVAILABLE,0.14507027715444565,1849,1914
3.460967928171158,0.0,0.005867034196853638,0.0061740875244140625,3.473008871078491,0.585216224193573,0.585216224193573,1.0,0.0,0.10793095827102661,-0.585216224193573,0.0120411217212677,0.0120411217212677,0.0,1.0,0.6931471824645996,3.460967928171158,0.0,0.005867034196853638,0.0061740875244140625,3.473008871078491,,0.013806594535708427,0.022638553753495216,0.2,0,cn,cn_plus,56,5,22,5,22,1,287.42879060597005,0.9965329397321985,3.094370126724243,-0.3665978014469147,0.19398409128189087,0.19398409128189087,0.08778979629278183,0.08192276209592819,2.9823970794677734,2.9762229919433594,6.364173889160156,2.891165018081665,AVAILABLE,3.460967928171158,1849,1914
0.0,0.16504347324371338,0.0055993711575865746,0.00695037841796875,0.17759323120117188,0.09556321799755096,0.09556321799755096,0.0,0.0,-0.09556321799755096,-0.09556321799755096,0.012549749575555325,0.012549749575555325,0.0,0.0,0.0,0.0,0.16504347324371338,0.0055993711575865746,0.00695037841796875,0.17759323120117188,,0.0028154104948043823,0.0015033662784844637,0.2,0,degree,degree_u_plus,57,5,2,4,2,1,13.151126302466256,0.9293342467146435,-0.8180269598960876,-0.8180269598960876,-0.6242699027061462,-0.7893133759498596,0.012507179751992226,0.006907808594405651,2.987596273422241,2.9806458950042725,1.5634396076202393,1.3858463764190674,AVAILABLE,0.16504347324371338,1773,1780
3.8968159556388855,0.0,0.014249698258936405,0.010382413864135742,3.9006831645965576,0.09556321799755096,0.09556321799755096,1.0,0.0,0.5975839495658875,-0.09556321799755096,0.024632112123072147,0.024632112123072147,0.0,1.0,0.6931471675634384,3.8968159556388855,0.0,0.014249698258936405,-0.010382413864135742,3.9006831645965576,,0.003084399038925767,0.0015033662784844637,0.2,0,cn,cn_plus,57,4,2,4,2,1,158.20057793513692,0.9937186157677931,3.078788995742798,-0.8180269598960876,-0.7893133759498596,-0.7893133759498596,0.021157506853342056,0.006907808594405651,2.9702634811401367,2.9806458950042725,5.286529541015625,1.3858463764190674,AVAILABLE,3.8968159556388855,1773,1780
0.00013875961303710938,0.0062264204025268555,5.6117773056030273e-05,0.0003426074981689453,0.005801677703857422,0.12096263468265533,0.2101929485797882,2.0,2.0,0.9776496887207031,0.8884193897247314,0.000537484884262085,0.000537484884262085,-0.08923031389713287,0.0,0.08923029899597168,-0.00013875961303710938,0.0062264204025268555,5.6117773056030273e-05,-0.0003426074981689453,0.005801677703857422,,0.02003421075642109,0.020041773095726967,0.2,0,degree,degree_u_plus,58,65,2,64,2,1,11.584148212080143,0.920534947368146,3.1018571853637695,3.1019959449768066,1.7025455236434937,1.6963191032409668,0.1594090461730957,0.15935292840003967,2.9930295944213867,2.9933722019195557,7.962474346160889,7.956672668457031,AVAILABLE,0.0062264204025268555,306,656
,,,,,,,,,,,,,,,,,,,,,NO_CANDIDATE,,,,,cn,cn,58,,,,,,,,,,,,,,,,,,MISSING,,306,656
0.004099637269973755,0.07631152868270874,0.005026375874876976,0.0011053085327148438,0.07613301277160645,0.4835278391838074,0.48732855916023254,0.0,0.0,-0.4835278391838074,-0.48732855916023254,0.010231321677565575,0.010231321677565575,-0.003800719976425171,0.0,0.003800719976425171,-0.004099637269973755,0.07631152868270874,0.005026375874876976,-0.0011053085327148438,0.07613301277160645,,0.008015109226107597,0.006655954755842686,0.2,0,degree,degree_u_plus,59,9,5,8,5,1,7.4586115559168515,0.8817772877511447,-0.4824352562427521,-0.4783356189727783,-0.5486830472946167,-0.6249945759773254,0.03232165426015854,0.027295278385281563,2.9691505432128906,2.9702558517456055,1.9759869575500488,1.8998539447784424,AVAILABLE,0.07631152868270874,1351,1535
3.5520882606506348,0.0,0.013337953016161919,0.005148887634277344,3.570574998855591,0.48732855916023254,0.48732855916023254,1.0,0.0,0.20581862330436707,-0.48732855916023254,0.018486840650439262,0.018486840650439262,0.0,1.0,0.6931471824645996,3.5520882606506348,0.0,0.013337953016161919,0.005148887634277344,3.570574998855591,,0.006051308009773493,0.006655954755842686,0.2,0,cn,cn_plus,59,8,5,8,5,1,192.14134023234692,0.9948224445434778,3.0737526416778564,-0.4783356189727783,-0.6249945759773254,-0.6249945759773254,0.04063323140144348,0.027295278385281563,2.975404739379883,2.9702558517456055,5.470428943634033,1.8998539447784424,AVAILABLE,3.5520882606506348,1351,1535
0.0005946159362792969,0.3150641620159149,0.029536014422774315,0.0007717609405517578,0.3459663391113281,0.002474823733791709,0.002474823733791709,1.0,1.0,0.6906723380088806,0.6906723380088806,0.03090239129960537,0.03090239129960537,0.0,0.0,0.0,0.0005946159362792969,0.3150641620159149,0.029536014422774315,0.0007717609405517578,0.3459663391113281,,0.007463218178600073,0.0027066506445407867,0.2,0,degree,degree_u_plus,60,4,1,3,1,1,10.195458888819049,0.9106780695699125,3.081111192703247,3.0805165767669678,-0.2843582332134247,-0.5994223952293396,0.047549810260534286,0.01801379583775997,2.9582014083862305,2.9574296474456787,5.808136940002441,5.462170600891113,AVAILABLE,0.3150641620159149,2457,2458
,,,,,,,,,,,,,,,,,,,,,NO_CANDIDATE,,,,,cn,cn,60,,,,,,,,,,,,,,,,,,MISSING,,2457,2458
0.10307878255844116,0.03008490800857544,0.003043942153453827,0.0012481212615966797,0.07478952407836914,0.1018887311220169,0.24664060771465302,0.0,0.0,-0.1018887311220169,-0.24664060771465302,0.10737084597349167,0.10737084597349167,-0.1447518765926361,0.0,0.1447518765926361,-0.10307878255844116,0.03008490800857544,-0.003043942153453827,0.0012481212615966797,-0.07478952407836914,,0.022628482431173325,0.023916121572256088,0.2,0,degree,degree_u_plus,61,29,3,28,3,1,0.2801962202480995,0.21886974497846745,-0.8137574195861816,-0.7106786370277405,0.9103202223777771,0.8802353143692017,0.10870599746704102,0.11174993962049484,2.9711618423461914,2.9699137210845947,3.182063579559326,3.2568531036376953,AVAILABLE,0.03008490800857544,109,1805
3.760963261127472,0.0,0.003534764051437378,0.00016570091247558594,3.7643327713012695,0.24664060771465302,0.24664060771465302,1.0,0.0,0.4465065598487854,-0.24664060771465302,0.003700464963912964,0.003700464963912964,0.0,1.0,0.6931471675634384,3.760963261127472,0.0,0.003534764051437378,-0.00016570091247558594,3.7643327713012695,,0.016432732343673706,0.023916121572256088,0.2,0,cn,cn_plus,61,28,3,28,3,1,1016.3460901112398,0.9990170503334901,3.0502846240997314,-0.7106786370277405,0.8802353143692017,0.8802353143692017,0.11528470367193222,0.11174993962049484,2.969748020172119,2.9699137210845947,7.021185874938965,3.2568531036376953,AVAILABLE,3.760963261127472,109,1805
0.00028443336486816406,0.7649326920509338,0.059590041637420654,0.6839147806167603,1.508721947669983,-0.00047177443047985435,0.00020231820235494524,0.0,0.0,0.00047177443047985435,-0.00020231820235494524,0.7437892556190491,0.7437892556190491,-0.0006740926328347996,0.0,0.0006740926328347996,-0.00028443336486816406,-0.7649326920509338,-0.059590041637420654,-0.6839147806167603,-1.508721947669983,,0.0461391843855381,0.04338868707418442,0.2,0,degree,degree_u_plus,62,1,8,0,8,1,1.0284266356200868,0.5070070652595717,-0.8737751841545105,-0.8734907507896423,0.8183417916297913,1.583274483680725,0.09807826578617096,0.1576683074235916,0.3355090618133545,1.0194238424301147,0.3837869167327881,1.892508864402771,AVAILABLE,0.7649326920509338,907,1351
,,,,,,,,,,,,,,,,,,,,,NO_CANDIDATE,,,,,cn,cn,62,,,,,,,,,,,,,,,,,,MISSING,,907,1351
0.00040280818939208984,0.010478734970092773,0.0010621845722198486,0.03337359428405762,0.04451155662536621,-0.0007524589309468865,0.00020231820235494524,0.0,0.0,0.0007524589309468865,-0.00020231820235494524,0.034838587045669556,0.034838587045669556,-0.0009547771333018318,0.0,0.0009547771333018318,-0.00040280818939208984,0.010478734970092773,0.0010621845722198486,0.03337359428405762,0.04451155662536621,,0.0345848873257637,0.034694064408540726,0.2,0,degree,degree_u_plus,63,11,0,10,0,1,0.30077947617569983,0.23123018289002642,-0.8738935589790344,-0.8734907507896423,1.6214467287063599,1.610967993736267,0.16157063841819763,0.16050845384597778,2.014801502227783,1.9814279079437256,2.929558038711548,2.8850464820861816,AVAILABLE,0.010478734970092773,748,1617
,,,,,,,,,,,,,,,,,,,,,NO_CANDIDATE,,,,,cn,cn,63,,,,,,,,,,,,,,,,,,MISSING,,748,1617
0.00019150972366333008,0.06315350532531738,0.0179338613525033,0.0016639232635498047,0.08255970478057861,0.0022547768894582987,0.001801587175577879,0.0,0.0,-0.0022547768894582987,-0.001801587175577879,0.019789294339716434,0.019789294339716434,0.00045318971388041973,0.0,-0.00045318971388041973,0.00019150972366333008,-0.06315350532531738,-0.0179338613525033,-0.0016639232635498047,-0.08255970478057861,,0.0023115165531635284,0.006316411308944225,0.2,0,degree,degree_u_plus,64,2,1,1,1,1,3.1912948652050654,0.7614102485841036,-0.8726242184638977,-0.872815728187561,-0.8676448464393616,-0.8044913411140442,0.010509028099477291,0.02844288945198059,2.795600175857544,2.7972640991210938,1.0714731216430664,1.154032826423645,AVAILABLE,0.06315350532531738,1357,2170
3.957447648048401,0.0,0.04173922911286354,0.16536474227905273,4.08107316493988,0.001801587175577879,0.001801587175577879,1.0,0.0,0.6913455724716187,-0.001801587175577879,0.20710397139191628,0.20710397139191628,0.0,1.0,0.6931471596471965,3.957447648048401,0.0,-0.04173922911286354,0.16536474227905273,4.08107316493988,,0.0019368166103959084,0.006316411308944225,0.2,0,cn,cn_plus,64,1,1,1,1,1,19.108505888930576,0.950269800972608,3.08463191986084,-0.872815728187561,-0.8044913411140442,-0.8044913411140442,-0.01329633966088295,0.02844288945198059,2.9626288414001465,2.7972640991210938,5.235105991363525,1.154032826423645,AVAILABLE,3.957447648048401,1357,2170
0.0005460381507873535,0.10960689187049866,0.007051117718219757,0.029869556427001953,0.08733439445495605,0.18426105380058289,0.18349714577198029,0.0,0.0,-0.18426105380058289,-0.18349714577198029,0.037466712296009064,0.037466712296009064,0.0007639080286026001,0.0,-0.0007639080286026001,0.0005460381507873535,0.10960689187049866,0.007051117718219757,-0.029869556427001953,0.08733439445495605,,0.0192217119038105,0.017920508980751038,0.2,0,degree,degree_u_plus,65,12,2,11,2,1,2.925446507024019,0.7452519100156774,-0.7559314370155334,-0.7564774751663208,0.476619690656662,0.36701279878616333,0.08133035898208618,0.07427924126386642,2.917290210723877,2.947159767150879,2.7249417304992676,2.6376073360443115,AVAILABLE,0.10960689187049866,645,1495
3.8450344800949097,0.0,0.007828019559383392,0.010460376739501953,3.8633224964141846,0.18349714577198029,0.18349714577198029,1.0,0.0,0.5096500515937805,-0.18349714577198029,0.018288396298885345,0.018288396298885345,0.0,1.0,0.6931471973657608,3.8450344800949097,0.0,0.007828019559383392,0.010460376739501953,3.8633224964141846,,0.012641032226383686,0.017920508980751038,0.2,0,cn,cn_plus,65,11,2,11,2,1,210.2443710652502,0.9952661460518107,3.088557004928589,-0.7564774751663208,0.36701279878616333,0.36701279878616333,0.08210726082324982,0.07427924126386642,2.957620143890381,2.947159767150879,6.500929832458496,2.6376073360443115,AVAILABLE,3.8450344800949097,645,1495
0.0010540485382080078,0.15733152627944946,0.00808756798505783,0.012126684188842773,0.17649126052856445,0.22577904164791107,0.09556321799755096,2.0,2.0,0.872833251953125,1.0030491352081299,0.021268300712108612,0.021268300712108612,0.1302158236503601,0.0,-0.13021588325500488,0.0010540485382080078,-0.15733152627944946,-0.00808756798505783,-0.012126684188842773,-0.17649126052856445,,0.003052304033190012,0.00431686919182539,0.2,0,degree,degree_u_plus,66,3,5,2,5,1,7.397462281283884,0.8809164046823071,3.101255178451538,3.10020112991333,-0.7816014289855957,-0.6242699027061462,0.020960813388228416,0.029048381373286247,2.963392734527588,2.9755194187164307,5.309640407562256,5.48613166809082,AVAILABLE,0.15733152627944946,56,1849
,,,,,,,,,,,,,,,,,,,,,NO_CANDIDATE,,,,,cn,cn,66,,,,,,,,,,,,,,,,,,MISSING,,56,1849
0.0013610124588012695,0.323340468108654,0.020722080022096634,0.028970003128051758,0.3164534568786621,0.007277398835867643,0.0040603079833090305,0.0,0.0,-0.007277398835867643,-0.0040603079833090305,0.05105309560894966,0.05105309560894966,0.003217090852558613,0.0,-0.003217090852558613,0.0013610124588012695,0.323340468108654,0.020722080022096634,-0.028970003128051758,0.3164534568786621,,0.016390731558203697,0.012148446403443813,0.2,0,degree,degree_u_plus,67,6,1,5,1,1,6.333414280128967,0.8636378688287587,-0.8705002665519714,-0.8718612790107727,0.3652917742729187,0.04195130616426468,0.06533726304769516,0.044615183025598526,2.685103178024292,2.7140731811523438,2.2508647441864014,1.9344112873077393,AVAILABLE,0.323340468108654,743,1570
3.996038019657135,0.0,0.02084430679678917,0.1836538314819336,4.200536012649536,0.0040603079833090305,0.0040603079833090305,1.0,0.0,0.6890868544578552,-0.0040603079833090305,0.20449813827872276,0.20449813827872276,0.0,1.0,0.6931471624411643,3.996038019657135,0.0,0.02084430679678917,0.1836538314819336,4.200536012649536,,0.010679740458726883,0.012148446403443813,0.2,0,cn,cn_plus,67,5,1,5,1,1,19.540705152061797,0.9513161796249423,3.1241767406463623,-0.8718612790107727,0.04195130616426468,0.04195130616426468,0.0654594898223877,0.044615183025598526,2.8977270126342773,2.7140731811523438,6.134947299957275,1.9344112873077393,AVAILABLE,3.996038019657135,743,1570
0.05383431911468506,0.6662212088704109,0.0321080032736063,0.3562283515930176,0.2882664203643799,0.09556321799755096,0.0040603079833090305,0.0,0.0,-0.09556321799755096,-0.0040603079833090305,0.44217067398130894,0.44217067398130894,0.09150291001424193,0.0,-0.09150291001424193,0.05383431911468506,-0.6662212088704109,-0.0321080032736063,0.3562283515930176,-0.2882664203643799,,0.003244240302592516,0.014858895912766457,0.2,0,degree,degree_u_plus,68,2,5,1,5,1,1.506705968997648,0.6010700846578076,-0.8180269598960876,-0.8718612790107727,-0.6242699027061462,0.04195130616426468,0.012507179751992226,0.044615183025598526,2.400391101837158,2.0441627502441406,0.9762344360351562,1.2645008563995361,AVAILABLE,0.6662212088704109,8,281
4.002356827259064,0.0,0.024998720735311508,0.8043167591094971,4.831672430038452,0.0040603079833090305,0.0040603079833090305,1.0,0.0,0.6890868544578552,-0.0040603079833090305,0.8293154798448086,0.8293154798448086,0.0,1.0,0.6931471624411643,4.002356827259064,0.0,0.024998720735311508,0.8043167591094971,4.831672430038452,,0.01142983976751566,0.014858895912766457,0.2,0,cn,cn_plus,68,1,5,1,5,1,4.826096794608325,0.8283584987936632,3.130495548248291,-0.8718612790107727,0.04195130616426468,0.04195130616426468,0.06961390376091003,0.044615183025598526,2.8484795093536377,2.0441627502441406,6.096173286437988,1.2645008563995361,AVAILABLE,4.002356827259064,8,281
0.02991732954978943,0.030981123447418213,0.003201432526111603,0.009109020233154297,0.05499100685119629,0.5526228547096252,0.5281305313110352,0.0,0.0,-0.5526228547096252,-0.5281305313110352,0.04222778230905533,0.04222778230905533,0.024492323398590088,0.0,-0.024492323398590088,0.02991732954978943,0.030981123447418213,0.003201432526111603,-0.009109020233154297,0.05499100685119629,,0.028029313310980797,0.027131900191307068,0.2,0,degree,degree_u_plus,69,27,4,26,4,1,0.7336666624831963,0.42318784709878304,-0.4036802053451538,-0.43359753489494324,0.5554497241973877,0.5244686007499695,0.10409639775753021,0.10089496523141861,2.6506142616271973,2.6597232818603516,2.9121131896972656,2.8571221828460693,AVAILABLE,0.030981123447418213,598,1301
3.5701811015605927,0.0,0.005771726369857788,0.0765681266784668,3.640977621078491,0.5281305313110352,0.5281305313110352,1.0,0.0,0.16501665115356445,-0.5281305313110352,0.08233985304832458,0.08233985304832458,0.0,1.0,0.6931471824645996,3.5701811015605927,0.0,-0.005771726369857788,0.0765681266784668,3.640977621078491,,0.014651324599981308,0.027131900191307068,0.2,0,cn,cn_plus,69,26,4,26,4,1,43.359084766333446,0.9774567035080274,3.1365835666656494,-0.43359753489494324,0.5244686007499695,0.5244686007499695,0.09512323886156082,0.10089496523141861,2.7362914085388184,2.6597232818603516,6.4980998039245605,2.8571221828460693,AVAILABLE,3.5701811015605927,598,1301
0.0005886554718017578,0.04733997583389282,0.0036579715088009834,0.013093233108520508,0.03849363327026367,0.2630515396595001,0.28390806913375854,1.0,1.0,0.4300956428050995,0.40923911333084106,0.01733986008912325,0.01733986008912325,-0.020856529474258423,0.0,0.020856529474258423,0.0005886554718017578,0.04733997583389282,0.0036579715088009834,-0.013093233108520508,0.03849363327026367,,0.002789067104458809,0.002238670364022255,0.2,0,degree,degree_u_plus,70,5,4,4,4,1,2.7301228665829327,0.7319123160905224,3.1085562705993652,3.1079676151275635,-0.8284422159194946,-0.8757821917533875,0.01917371340095997,0.015515741892158985,2.9184255599975586,2.931518793106079,5.22334623336792,5.184852600097656,AVAILABLE,0.04733997583389282,1388,2181
0.0045125484466552734,0.0,0.00016770977526903152,0.004639625549316406,0.009320259094238281,0.28390806913375854,0.28390806913375854,2.0,1.0,0.8147042393684387,0.40923911333084106,0.004807335324585438,0.004807335324585438,0.0,1.0,0.40546512603759766,0.0045125484466552734,0.0,0.00016770977526903152,0.004639625549316406,0.009320259094238281,,0.0022598293144255877,0.002238670364022255,0.2,0,cn,cn_plus,70,4,4,4,4,1,0.9386778236165952,0.4841845365856075,3.1124801635742188,3.1079676151275635,-0.8757821917533875,-0.8757821917533875,0.015683451667428017,0.015515741892158985,2.9361584186553955,2.931518793106079,5.1941728591918945,5.184852600097656,AVAILABLE,0.0045125484466552734,1388,2181
0.0003559589385986328,0.023630499839782715,0.002718220464885235,0.0022165775299072266,0.023485183715820312,0.28390806913375854,0.18635404109954834,1.0,1.0,0.40923911333084106,0.5067931413650513,0.005290756933391094,0.005290756933391094,0.0975540280342102,0.0,-0.0975540280342102,-0.0003559589385986328,-0.023630499839782715,0.002718220464885235,-0.0022165775299072266,-0.023485183715820312,,0.002165406011044979,0.0017815184546634555,0.2,0,degree,degree_u_plus,71,4,4,3,4,1,4.466365677657407,0.8170630984152258,3.1358871459960938,3.1362431049346924,-0.8757821917533875,-0.8521516919136047,0.015093822032213211,0.012375601567327976,2.9436721801757812,2.9458887577056885,5.224503993988037,5.247989177703857,AVAILABLE,0.023630499839782715,1818,2305
0.003661632537841797,0.0,0.0005600182339549065,0.002012014389038086,0.005113124847412109,0.18635404109954834,0.18635404109954834,2.0,1.0,0.9122582674026489,0.5067931413650513,0.0025720326229929924,0.0025720326229929924,0.0,1.0,0.40546512603759766,0.003661632537841797,0.0,-0.0005600182339549065,0.002012014389038086,0.005113124847412109,,0.00169965042732656,0.0017815184546634555,0.2,0,cn,cn_plus,71,3,4,3,4,1,1.4236282498230486,0.5873954679010649,3.139904737472534,3.1362431049346924,-0.8521516919136047,-0.8521516919136047,0.01181558333337307,0.012375601567327976,2.9479007720947266,2.9458887577056885,5.2531023025512695,5.247989177703857,AVAILABLE,0.003661632537841797,1818,2305
0.00030684471130371094,0.23922237940132618,0.008702218532562256,0.003541231155395508,0.2517728805541992,0.45474016666412354,0.34698033332824707,1.0,1.0,0.23840701580047607,0.34616684913635254,0.012550294399261475,0.012550294399261475,0.10775983333587646,0.0,-0.10775983333587646,-0.00030684471130371094,-0.23922237940132618,-0.008702218532562256,-0.003541231155395508,-0.2517728805541992,,0.011804654262959957,0.012787997722625732,0.2,0,degree,degree_u_plus,72,4,14,3,14,1,19.06108185036558,0.9501522396718711,3.083427667617798,3.0837345123291016,-0.02329784817993641,0.21592453122138977,0.07296895235776901,0.08167117089033127,3.0016767978668213,3.005218029022217,6.140408515930176,6.392181396484375,AVAILABLE,0.23922237940132618,2228,2394
0.0037126541137695312,0.0,0.003472171723842621,0.0002818107604980469,0.006903648376464844,0.34698033332824707,0.34698033332824707,2.0,1.0,0.7516319751739502,0.34616684913635254,0.0037539824843406677,0.0037539824843406677,0.0,1.0,0.40546512603759766,-0.0037126541137695312,0.0,-0.003472171723842621,0.0002818107604980469,-0.006903648376464844,,0.012257578782737255,0.012787997722625732,0.2,0,cn,cn_plus,72,3,14,3,14,1,0.9889881584090606,0.4972317981018682,3.080021858215332,3.0837345123291016,0.21592453122138977,0.21592453122138977,0.07819899916648865,0.08167117089033127,3.005499839782715,3.005218029022217,6.38527774810791,6.392181396484375,AVAILABLE,0.0037126541137695312,2228,2394
9.292364120483398e-05,0.268222451210022,0.0034827785566449165,0.3409104347229004,0.612708643078804,0.002474823733791709,0.0022547768894582987,0.0,0.0,-0.002474823733791709,-0.0022547768894582987,0.34448613692075014,0.34448613692075014,0.00022004684433341026,0.0,-0.00022004684433341026,9.292364120483398e-05,0.268222451210022,0.0034827785566449165,0.3409104347229004,0.612708643078804,,0.00412669125944376,0.0031706367153674364,0.2,0,degree,degree_u_plus,73,3,1,2,1,1,0.7786160738467292,0.43776511710184046,-0.8725312948226929,-0.8726242184638977,-0.5994223952293396,-0.8676448464393616,0.013991806656122208,0.010509028099477291,1.9046175479888916,1.5637071132659912,0.4522887170314789,-0.16041992604732513,AVAILABLE,0.268222451210022,2303,2541
4.000882923603058,0.0,0.021214853040874004,1.385636568069458,5.365304455161095,0.0022547768894582987,0.0022547768894582987,1.0,0.0,0.6908923983573914,-0.0022547768894582987,1.406851421110332,1.406851421110332,0.0,1.0,0.6931471752468497,4.000882923603058,0.0,-0.021214853040874004,1.385636568069458,5.365304455161095,,0.001539088087156415,0.0031706367153674364,0.2,0,cn,cn_plus,73,2,1,2,1,1,2.8438560285256513,0.7398445746721789,3.12825870513916,-0.8726242184638977,-0.8676448464393616,-0.8676448464393616,-0.010705824941396713,0.010509028099477291,2.949343681335449,1.5637071132659912,5.2048845291137695,-0.16041992604732513,AVAILABLE,4.000882923603058,2303,2541
0.008085966110229492,0.08097155392169952,0.004547111690044403,0.14009642601013184,0.21752917766571045,0.3136563003063202,0.32256245613098145,0.0,0.0,-0.3136563003063202,-0.32256245613098145,0.15272950381040573,0.15272950381040573,-0.008906155824661255,0.0,0.008906155824661255,-0.008085966110229492,0.08097155392169952,0.004547111690044403,0.14009642601013184,0.21752917766571045,,0.021730611100792885,0.02191975712776184,0.2,0,degree,degree_u_plus,74,13,3,12,3,1,0.5301631092875435,0.34647489935526665,-0.6574956774711609,-0.6494097113609314,0.14230118691921234,0.06132963299751282,0.06612468510866165,0.06157757341861725,2.177006483078003,2.036910057067871,1.7335697412490845,1.516040563583374,AVAILABLE,0.08097155392169952,661,1879
3.744148910045624,0.0,0.010389089584350586,0.3799757957458496,4.13451361656189,0.32256245613098145,0.32256245613098145,1.0,0.0,0.37058472633361816,-0.32256245613098145,0.3903648853302002,0.3903648853302002,0.0,1.0,0.6931471824645996,3.744148910045624,0.0,0.010389089584350586,0.3799757957458496,4.13451361656189,,0.01274892222136259,0.02191975712776184,0.2,0,cn,cn_plus,74,12,3,12,3,1,9.591407820825024,0.9055838452340792,3.0947391986846924,-0.6494097113609314,0.06132963299751282,0.06132963299751282,0.07196666300296783,0.06157757341861725,2.4168858528137207,2.036910057067871,5.650554180145264,1.516040563583374,AVAILABLE,3.744148910045624,661,1879
0.0,0.16504347324371338,0.0055993711575865746,0.013871908187866211,0.18451476097106934,0.09556321799755096,0.09556321799755096,0.0,0.0,-0.09556321799755096,-0.09556321799755096,0.019471279345452785,0.019471279345452785,0.0,0.0,0.0,0.0,0.16504347324371338,0.0055993711575865746,0.013871908187866211,0.18451476097106934,,0.0028754868544638157,0.0015367214800789952,0.2,0,degree,degree_u_plus,75,5,2,4,2,1,8.476247787990305,0.8944730000341119,-0.8180269598960876,-0.8180269598960876,-0.6242699027061462,-0.7893133759498596,0.012507179751992226,0.006907808594405651,2.8947830200195312,2.880911111831665,1.4706263542175293,1.28611159324646,AVAILABLE,0.16504347324371338,1395,2072
3.919350326061249,0.0,0.007111797109246254,0.01897740364074707,3.945439577102661,0.09556321799755096,0.09556321799755096,1.0,0.0,0.5975839495658875,-0.09556321799755096,0.026089200749993324,0.026089200749993324,0.0,1.0,0.6931471675634384,3.919350326061249,0.0,0.007111797109246254,0.01897740364074707,3.945439577102661,,0.0020603295415639877,0.0015367214800789952,0.2,0,cn,cn_plus,75,4,2,4,2,1,150.2287809171173,0.9933875020750973,3.101323366165161,-0.8180269598960876,-0.7893133759498596,-0.7893133759498596,0.014019605703651905,0.006907808594405651,2.899888515472412,2.880911111831665,5.231551170349121,1.28611159324646,AVAILABLE,3.919350326061249,1395,2072
0.001997232437133789,0.24051538109779358,0.010279055684804916,0.024725675582885742,0.27751731872558594,0.29481109976768494,0.1002340093255043,2.0,2.0,0.8038011789321899,0.9983782768249512,0.03700196370482445,0.03700196370482445,0.19457709044218063,0.0,-0.19457709789276123,-0.001997232437133789,-0.24051538109779358,-0.010279055684804916,-0.024725675582885742,-0.27751731872558594,,0.005617501679807901,0.007357222028076649,0.2,0,degree,degree_u_plus,76,3,6,2,6,1,6.5000689697380745,0.8666678927840682,3.1310269832611084,3.133024215698242,-0.6468251943588257,-0.4063098132610321,0.038025449961423874,0.04830450564622879,2.953226089477539,2.977951765060425,5.481086254119873,5.758603572845459,AVAILABLE,0.24051538109779358,1091,2176
,,,,,,,,,,,,,,,,,,,,,NO_CANDIDATE,,,,,cn,cn,76,,,,,,,,,,,,,,,,,,MISSING,,1091,2176
9.292364120483398e-05,0.03242325782775879,0.004169687628746033,1.4479029327630997,1.411216914653778,0.0020240857265889645,0.0018040386494249105,0.0,0.0,-0.0020240857265889645,-0.0018040386494249105,1.4521655440330505,1.4521655440330505,0.00022004707716405392,0.0,-0.00022004707716405392,9.292364120483398e-05,0.03242325782775879,0.004169687628746033,-1.4479029327630997,-1.411216914653778,,0.056050725281238556,0.036214474588632584,0.2,0,degree,degree_u_plus,77,3,0,2,0,1,0.022327521636710614,0.021839890997911345,-0.8727217316627502,-0.8728146553039551,1.4428163766860962,1.4103931188583374,0.14170347154140472,0.1375337839126587,-0.07088758051395416,1.3770153522491455,0.646543562412262,2.05776047706604,AVAILABLE,0.03242325782775879,387,2191
,,,,,,,,,,,,,,,,,,,,,NO_CANDIDATE,,,,,cn,cn,77,,,,,,,,,,,,,,,,,,MISSING,,387,2191
0.0010027885437011719,0.183524027466774,0.011439390480518341,0.0035381317138671875,0.19042253494262695,0.09727709740400314,0.1002340093255043,1.0,1.0,0.5958700776100159,0.5929131507873535,0.0159803107380867,0.0159803107380867,-0.0029569119215011597,0.0,0.0029569268226623535,-0.0010027885437011719,0.183524027466774,0.011439390480518341,-0.0035381317138671875,0.19042253494262695,,0.008687914349138737,0.006714311894029379,0.2,0,degree,degree_u_plus,78,7,2,6,2,1,11.484376970568052,0.9198998874867763,3.136148691177368,3.1371514797210693,-0.22278578579425812,-0.4063098132610321,0.055577363818883896,0.044137973338365555,2.9825778007507324,2.9861159324645996,5.957150936126709,5.766728401184082,AVAILABLE,0.183524027466774,1300,2508
0.0019075870513916016,0.0,0.002867911010980606,0.0022449493408203125,0.003204822540283203,0.1002340093255043,0.1002340093255043,2.0,1.0,0.9983782768249512,0.5929131507873535,0.005112860351800919,0.005112860351800919,0.0,1.0,0.40546512603759766,0.0019075870513916016,0.0,-0.002867911010980606,-0.0022449493408203125,-0.003204822540283203,,0.0062811048701405525,0.006714311894029379,0.2,0,cn,cn_plus,78,6,2,6,2,1,0.37309513446193443,0.27171834281397894,3.139059066772461,3.1371514797210693,-0.4063098132610321,-0.4063098132610321,0.04127006232738495,0.044137973338365555,2.9838709831237793,2.9861159324645996,5.763523578643799,5.766728401184082,AVAILABLE,0.0019075870513916016,1300,2508
0.00019043684005737305,2.042238771915436,0.12771166488528252,0.06311154365539551,2.232871174812317,0.002474823733791709,0.0020240857265889645,0.0,0.0,-0.002474823733791709,-0.0020240857265889645,0.1910136453807354,0.1910136453807354,0.0004507380072027445,0.0,-0.0004507380072027445,0.00019043684005737305,-2.042238771915436,-0.12771166488528252,-0.06311154365539551,-2.232871174812317,,0.0037613785825669765,0.02980552241206169,0.2,0,degree,degree_u_plus,79,1,3,0,3,1,10.691585205491046,0.9144683990730067,-0.8725312948226929,-0.8727217316627502,-0.5994223952293396,1.4428163766860962,0.013991806656122208,0.14170347154140472,2.2339158058166504,2.297027349472046,0.7815870046615601,3.014458179473877,AVAILABLE,2.042238771915436,926,1862
,,,,,,,,,,,,,,,,,,,,,NO_CANDIDATE,,,,,cn,cn,79,,,,,,,,,,,,,,,,,,MISSING,,926,1862
0.03343921899795532,0.11173450946807861,0.0003151688724756241,1.2692179679870605,1.3478284776210785,0.06401225179433823,0.0022547768894582987,0.0,0.0,-0.06401225179433823,-0.0022547768894582987,1.3029723558574915,1.3029723558574915,0.06175747490487993,0.0,-0.06175747490487993,0.03343921899795532,-0.11173450946807861,-0.0003151688724756241,-1.2692179679870605,-1.3478284776210785,,0.0030040526762604713,0.00229224213398993,0.2,0,degree,degree_u_plus,80,2,2,1,2,1,0.08575355271985809,0.07898067890732832,-0.8391849994659424,-0.8726242184638977,-0.9793793559074402,-0.8676448464393616,0.010193859227001667,0.010509028099477291,1.5646107196807861,2.8338286876678467,-0.23812684416770935,1.1097016334533691,AVAILABLE,0.11173450946807861,1125,2332
3.9979129433631897,0.0,0.017995412461459637,0.135711669921875,4.115629196166992,0.0022547768894582987,0.0022547768894582987,1.0,0.0,0.6908923983573914,-0.0022547768894582987,0.15370708238333464,0.15370708238333464,0.0,1.0,0.6931471752468497,3.9979129433631897,0.0,-0.017995412461459637,0.135711669921875,4.115629196166992,,0.0010740928119048476,0.00229224213398993,0.2,0,cn,cn_plus,80,1,2,1,2,1,26.009944507912994,0.962976599240808,3.125288724899292,-0.8726242184638977,-0.8676448464393616,-0.8676448464393616,-0.007486384361982346,0.010509028099477291,2.9695403575897217,2.8338286876678467,5.225330829620361,1.1097016334533691,AVAILABLE,3.9979129433631897,1125,2332
0.0003910064697265625,0.100014328956604,0.0068014152348041534,0.0024042129516601562,0.10961055755615234,0.4047253727912903,0.41100451350212097,2.0,2.0,0.693886935710907,0.6876077651977539,0.009596634656190872,0.009596634656190872,-0.0062791407108306885,0.0,0.006279170513153076,0.0003910064697265625,0.100014328956604,0.0068014152348041534,0.0024042129516601562,0.10961055755615234,,0.006739397998899221,0.005649819038808346,0.2,0,degree,degree_u_plus,81,8,4,7,4,1,10.421801842176574,0.9124481396352577,3.1350345611572266,3.1346435546875,-0.5390970706939697,-0.6391113996505737,0.04522868990898132,0.03842727467417717,2.991727352142334,2.989323139190674,5.63852596282959,5.5289154052734375,AVAILABLE,0.100014328956604,577,2351
0.0031859874725341797,0.0,4.936382174491882e-05,0.0010857582092285156,0.004222393035888672,0.41100451350212097,0.41100451350212097,3.0,2.0,0.9752898216247559,0.6876077651977539,0.0011351220309734344,0.0011351220309734344,0.0,1.0,0.28768205642700195,-0.0031859874725341797,0.0,4.936382174491882e-05,-0.0010857582092285156,-0.004222393035888672,,0.005660591181367636,0.005649819038808346,0.2,0,cn,cn_plus,81,7,4,7,4,1,2.8067109248974593,0.737306031445785,3.131457567214966,3.1346435546875,-0.6391113996505737,-0.6391113996505737,0.03847663849592209,0.03842727467417717,2.9882373809814453,2.989323139190674,5.524693012237549,5.5289154052734375,AVAILABLE,0.0031859874725341797,577,2351
0.0005791187286376953,0.04947686195373535,0.0030637849122285843,0.011586904525756836,0.04153251647949219,0.43179866671562195,0.36836788058280945,1.0,1.0,0.26134851574897766,0.32477930188179016,0.015229808166623116,0.015229808166623116,0.0634307861328125,0.0,-0.0634307861328125,0.0005791187286376953,0.04947686195373535,0.0030637849122285843,-0.011586904525756836,0.04153251647949219,,0.004136946517974138,0.003660854185000062,0.2,0,degree,degree_u_plus,82,6,5,5,5,1,3.2486836948694693,0.7646329847506518,3.100238084793091,3.099658966064453,-0.7995402216911316,-0.8490170836448669,0.02844897471368313,0.025385189801454544,2.948577642440796,2.9601645469665527,5.2833571434021,5.241824626922607,AVAILABLE,0.04947686195373535,45,2667
0.014096736907958984,0.0,0.0009399298578500748,0.007979393005371094,0.021135807037353516,0.36836788058280945,0.36836788058280945,2.0,1.0,0.7302443981170654,0.32477930188179016,0.008919322863221169,0.008919322863221169,0.0,1.0,0.40546509623527527,0.014096736907958984,0.0,-0.0009399298578500748,0.007979393005371094,0.021135807037353516,,0.003514592070132494,0.003660854185000062,0.2,0,cn,cn_plus,82,5,5,5,5,1,1.5804698764059832,0.6124736780912257,3.113755702972412,3.099658966064453,-0.8490170836448669,-0.8490170836448669,0.02444525994360447,0.025385189801454544,2.968143939971924,2.9601645469665527,5.262960433959961,5.241824626922607,AVAILABLE,0.014096736907958984,45,2667
0.00038886070251464844,0.13941368460655212,0.008316222578287125,0.00047087669372558594,0.14686965942382812,0.31276047229766846,0.31828421354293823,3.0,3.0,1.0735338926315308,1.0680100917816162,0.009175959974527359,0.009175959974527359,-0.005523741245269775,0.0,0.005523800849914551,-0.00038886070251464844,0.13941368460655212,0.008316222578287125,-0.00047087669372558594,0.14686965942382812,,0.008113893680274487,0.006690563168376684,0.2,0,degree,degree_u_plus,83,8,3,7,3,1,15.193345770917599,0.9382462392795967,3.1011157035827637,3.1015045642852783,-0.36421629786491394,-0.5036299824714661,0.05244070291519165,0.044124480336904526,2.9453022480010986,2.945773124694824,5.740274906158447,5.593405246734619,AVAILABLE,0.13941368460655212,1273,2125
,,,,,,,,,,,,,,,,,,,,,NO_CANDIDATE,,,,,cn,cn,83,,,,,,,,,,,,,,,,,,MISSING,,1273,2125
0.03590196371078491,0.015799880027770996,0.0004951357841491699,0.1580190807580948,0.13742172718048096,-0.010018941946327686,0.06000166013836861,0.0,0.0,0.010018941946327686,-0.06000166013836861,0.19441618025302887,0.19441618025302887,-0.07002060208469629,0.0,0.07002060208469629,-0.03590196371078491,0.015799880027770996,-0.0004951357841491699,0.1580190807580948,0.13742172718048096,,0.056574396789073944,0.060749974101781845,0.2,0,degree,degree_u_plus,84,28,1,27,1,1,0.08126833473697721,0.07516019116267383,-0.8777937293052673,-0.8418917655944824,1.8291196823120117,1.8133198022842407,0.17892123758792877,0.17941637337207794,0.276748389005661,0.11872930824756622,1.4126285314559937,1.2752068042755127,AVAILABLE,0.015799880027770996,2045,2047
3.934823751449585,0.0,0.006332144141197205,2.28195957839489,6.210451364517212,0.06000166013836861,0.06000166013836861,1.0,0.0,0.6331455111503601,-0.06000166013836861,2.288291722536087,2.288291722536087,0.0,1.0,0.6931471712887287,3.934823751449585,0.0,-0.006332144141197205,2.28195957839489,6.210451364517212,,0.023139525204896927,0.060749974101781845,0.2,0,cn,cn_plus,84,27,1,27,1,1,1.7195463740493726,0.6322916168879255,3.0929319858551025,-0.8418917655944824,1.8133198022842407,1.8133198022842407,0.17308422923088074,0.17941637337207794,2.400688886642456,0.11872930824756622,7.485658168792725,1.2752068042755127,AVAILABLE,3.934823751449585,2045,2047
0.24617058038711548,0.29324930906295776,0.009045884013175964,1.2932334542274475,1.237108826637268,0.5526228547096252,0.32208678126335144,0.0,0.0,-0.5526228547096252,-0.32208678126335144,1.548449918627739,1.548449918627739,0.2305360734462738,0.0,-0.2305360734462738,0.24617058038711548,-0.29324930906295776,-0.009045884013175964,1.2932334542274475,1.237108826637268,,0.03902868926525116,0.058854442089796066,0.2,0,degree,degree_u_plus,85,4,27,3,27,1,0.18938249383552233,0.15922757802227389,-0.4036802053451538,-0.6498507857322693,0.5554497241973877,0.8486990332603455,0.10409639775753021,0.11314228177070618,1.603950023651123,0.31071656942367554,1.8654489517211914,0.6283401250839233,AVAILABLE,0.29324930906295776,341,2045
3.7331096529960632,0.0,0.0016371533274650574,1.5355167984962463,5.2702637910842896,0.32208678126335144,0.32208678126335144,1.0,0.0,0.37106040120124817,-0.32208678126335144,1.5371539518237114,1.5371539518237114,0.0,1.0,0.6931471824645996,3.7331096529960632,0.0,0.0016371533274650574,1.5355167984962463,5.2702637910842896,,0.019477345049381256,0.058854442089796066,0.2,0,cn,cn_plus,85,3,27,3,27,1,2.428585389434266,0.708334520971343,3.083258867263794,-0.6498507857322693,0.8486990332603455,0.8486990332603455,0.11477943509817123,0.11314228177070618,1.8462333679199219,0.31071656942367554,5.898603916168213,0.6283401250839233,AVAILABLE,3.7331096529960632,341,2045
0.10268586874008179,0.45456522703170776,0.024375632405281067,0.24641799926757812,0.6226730346679688,0.37307411432266235,0.2583525478839874,0.0,0.0,-0.37307411432266235,-0.2583525478839874,0.373479500412941,0.373479500412941,0.11472156643867493,0.0,-0.11472156643867493,0.10268586874008179,-0.45456522703170776,-0.024375632405281067,-0.24641799926757812,-0.6226730346679688,,0.022934967651963234,0.024109238758683205,0.2,0,degree,degree_u_plus,86,3,17,2,17,1,1.217108875742912,0.5489621592602579,-0.5994106531143188,-0.7020965218544006,0.4145711064338684,0.8691363334655762,0.08617379516363144,0.1105494275689125,2.6571550369262695,2.9035730361938477,2.564122200012207,3.186795234680176,AVAILABLE,0.45456522703170776,6,1042
3.8015933632850647,0.0,0.0001302585005760193,0.028789281845092773,3.830252170562744,0.2583525478839874,0.2583525478839874,1.0,0.0,0.4347946345806122,-0.2583525478839874,0.028919540345668793,0.028919540345668793,0.0,1.0,0.6931471824645996,3.8015933632850647,0.0,-0.0001302585005760193,0.028789281845092773,3.830252170562744,,0.015748485922813416,0.024109238758683205,0.2,0,cn,cn_plus,86,2,17,2,17,1,131.45409654871827,0.9924502146324166,3.099496841430664,-0.7020965218544006,0.8691363334655762,0.8691363334655762,0.11041916906833649,0.1105494275689125,2.9323623180389404,2.9035730361938477,7.01704740524292,3.186795234680176,AVAILABLE,3.8015933632850647,6,1042
0.0027761459350585938,0.0964098572731018,0.0044084638357162476,0.1190040111541748,0.22259902954101562,0.36593201756477356,0.29481109976768494,1.0,1.0,0.32721516489982605,0.3983360826969147,0.12618862092494965,0.12618862092494965,0.07112091779708862,0.0,-0.07112091779708862,-0.0027761459350585938,-0.0964098572731018,-0.0044084638357162476,-0.1190040111541748,-0.22259902954101562,,0.003996936604380608,0.004639390390366316,0.2,0,degree,degree_u_plus,87,4,6,3,6,1,0.7640138146077622,0.4331110155039487,3.0751349925994873,3.077911138534546,-0.7432350516319275,-0.6468251943588257,0.026567140594124794,0.03097560442984104,2.80193829536438,2.9209423065185547,5.1660380363464355,5.388637065887451,AVAILABLE,0.0964098572731018,1920,1926
0.015083551406860352,0.0,0.0006182268261909485,0.05986475944519043,0.07432937622070312,0.29481109976768494,0.29481109976768494,2.0,1.0,0.8038011789321899,0.3983360826969147,0.06048298627138138,0.06048298627138138,0.0,1.0,0.40546509623527527,0.015083551406860352,0.0,-0.0006182268261909485,0.05986475944519043,0.07432937622070312,,0.004496733658015728,0.004639390390366316,0.2,0,cn,cn_plus,87,3,6,3,6,1,0.24938498977765436,0.1996061997047331,3.0929946899414062,3.077911138534546,-0.6468251943588257,-0.6468251943588257,0.030357377603650093,0.03097560442984104,2.980807065963745,2.9209423065185547,5.462966442108154,5.388637065887451,AVAILABLE,0.015083551406860352,1920,1926
0.06359267234802246,0.06283831596374512,0.002559713087975979,0.9316163063049316,0.9283022582530975,0.18635404109954834,0.09556321799755096,0.0,0.0,-0.18635404109954834,-0.09556321799755096,0.9977686917409301,0.9977686917409301,0.09079082310199738,0.0,-0.09079082310199738,0.06359267234802246,-0.06283831596374512,0.002559713087975979,-0.9316163063049316,-0.9283022582530975,,0.002683058148249984,0.0015493773389607668,0.2,0,degree,degree_u_plus,88,3,4,2,4,1,0.0629788405410025,0.059247501586155236,-0.7544342875480652,-0.8180269598960876,-0.8521516919136047,-0.7893133759498596,0.00946752168238163,0.006907808594405651,1.9125771522521973,2.844193458557129,0.3210916817188263,1.2493939399719238,AVAILABLE,0.06283831596374512,1568,1729
3.8487157225608826,0.0,0.010425825603306293,0.05678677558898926,3.915928363800049,0.09556321799755096,0.09556321799755096,1.0,0.0,0.5975839495658875,-0.09556321799755096,0.06721260119229555,0.06721260119229555,0.0,1.0,0.6931471675634384,3.8487157225608826,0.0,0.010425825603306293,0.05678677558898926,3.915928363800049,,0.0025723983999341726,0.0015493773389607668,0.2,0,cn,cn_plus,88,2,4,2,4,1,57.261809268943466,0.9828360977362739,3.030688762664795,-0.8180269598960876,-0.7893133759498596,-0.7893133759498596,0.017333634197711945,0.006907808594405651,2.900980234146118,2.844193458557129,5.165322303771973,1.2493939399719238,AVAILABLE,3.8487157225608826,1568,1729
0.05562472343444824,0.7716015875339508,0.04080280102789402,0.022492170333862305,0.7792716026306152,0.1002340093255043,0.007277398835867643,0.0,0.0,-0.1002340093255043,-0.007277398835867643,0.11891969479620457,0.11891969479620457,0.09295661048963666,0.0,-0.09295661048963666,0.05562472343444824,-0.7716015875339508,-0.04080280102789402,-0.022492170333862305,-0.7792716026306152,,0.0058919526636600494,0.015402594581246376,0.2,0,degree,degree_u_plus,89,2,6,1,6,1,6.488425016327296,0.866460571105451,-0.8148755431175232,-0.8705002665519714,-0.4063098132610321,0.3652917742729187,0.02453446201980114,0.06533726304769516,2.9183433055877686,2.940835475921631,1.727325439453125,2.5065970420837402,AVAILABLE,0.7716015875339508,360,1824
4.003584086894989,0.0,0.02237813174724579,0.003740549087524414,4.02222204208374,0.007277398835867643,0.007277398835867643,1.0,0.0,0.6858698129653931,-0.007277398835867643,0.026118680834770203,0.026118680834770203,0.0,1.0,0.6931472118012607,4.003584086894989,0.0,0.02237813174724579,-0.003740549087524414,4.02222204208374,,0.01344671007245779,0.015402594581246376,0.2,0,cn,cn_plus,89,1,6,1,6,1,153.2842557929919,0.9935184572472403,3.1330838203430176,-0.8705002665519714,0.3652917742729187,0.3652917742729187,0.08771539479494095,0.06533726304769516,2.9370949268341064,2.940835475921631,6.5288190841674805,2.5065970420837402,AVAILABLE,4.003584086894989,360,1824
0.019924163818359375,0.14319521188735962,0.00942462682723999,0.019118070602416992,0.153425931930542,0.31828421354293823,0.29481109976768494,0.0,0.0,-0.31828421354293823,-0.29481109976768494,0.04846686124801636,0.04846686124801636,0.023473113775253296,0.0,-0.023473113775253296,0.019924163818359375,0.14319521188735962,0.00942462682723999,-0.019118070602416992,0.153425931930542,,0.006871345452964306,0.004377043340355158,0.2,0,degree,degree_u_plus,90,7,3,6,3,1,2.954496714974567,0.7471233200894362,-0.6533740162849426,-0.673298180103302,-0.5036299824714661,-0.6468251943588257,0.02804689109325409,0.0186222642660141,2.8966665267944336,2.9157845973968506,1.7733423709869385,1.6199164390563965,AVAILABLE,0.14319521188735962,482,2308
3.7539153695106506,0.0,0.018393825739622116,0.03272414207458496,3.8050332069396973,0.29481109976768494,0.29481109976768494,1.0,0.0,0.3983360826969147,-0.29481109976768494,0.05111796781420708,0.05111796781420708,0.0,1.0,0.6931471824645996,3.7539153695106506,0.0,0.018393825739622116,0.03272414207458496,3.8050332069396973,,0.005514117889106274,0.004377043340355158,0.2,0,cn,cn_plus,90,6,3,6,3,1,73.43630421286609,0.9865656951863127,3.0806171894073486,-0.673298180103302,-0.6468251943588257,-0.6468251943588257,0.037016090005636215,0.0186222642660141,2.9485087394714355,2.9157845973968506,5.424949645996094,1.6199164390563965,AVAILABLE,3.7539153695106506,482,2308
0.05830353498458862,0.0305936336517334,0.002794812433421612,0.03799724578857422,0.06850183010101318,0.15886813402175903,0.07427853345870972,0.0,0.0,-0.15886813402175903,-0.07427853345870972,0.09909559320658445,0.09909559320658445,0.08458960056304932,0.0,-0.08458960056304932,0.05830353498458862,-0.0305936336517334,0.002794812433421612,0.03799724578857422,0.06850183010101318,,0.002132299356162548,0.00153635093010962,0.2,0,degree,degree_u_plus,91,3,3,2,3,1,0.3087284668720861,0.2358995579961362,-0.7739969491958618,-0.8323004841804504,-0.9175298810005188,-0.8869362473487854,0.009927907027304173,0.007133094593882561,2.9545083045959473,2.916511058807373,1.2785422801971436,1.2100404500961304,AVAILABLE,0.0305936336517334,1522,1697
3.9640026688575745,0.0,0.0012144590727984905,0.05710124969482422,4.019888997077942,0.07427853345870972,0.07427853345870972,1.0,0.0,0.6188686490058899,-0.07427853345870972,0.05831570876762271,0.05831570876762271,0.0,1.0,0.6931471824645996,3.9640026688575745,0.0,-0.0012144590727984905,0.05710124969482422,4.019888997077942,,0.0008457405492663383,0.00153635093010962,0.2,0,cn,cn_plus,91,2,3,2,3,1,67.97485742486323,0.9855019635076544,3.131702184677124,-0.8323004841804504,-0.8869362473487854,-0.8869362473487854,0.00591863552108407,0.007133094593882561,2.9736123085021973,2.916511058807373,5.229929447174072,1.2100404500961304,AVAILABLE,3.9640026688575745,1522,1697
0.0,0.3150641620159149,0.012328257784247398,0.004087924957275391,0.3233044147491455,0.002474823733791709,0.002474823733791709,0.0,0.0,-0.002474823733791709,-0.002474823733791709,0.01641618274152279,0.01641618274152279,0.0,0.0,0.0,0.0,0.3150641620159149,0.012328257784247398,-0.004087924957275391,0.3233044147491455,,0.007086638361215591,0.0034798001870512962,0.2,0,degree,degree_u_plus,92,4,1,3,1,1,19.192279658059686,0.9504761217190822,-0.8725312948226929,-0.8725312948226929,-0.2843582332134247,-0.5994223952293396,0.026320064440369606,0.013991806656122208,2.5308313369750977,2.534919261932373,1.4058948755264282,1.0825904607772827,AVAILABLE,0.3150641620159149,741,1088
3.9300273656845093,0.0,0.005184829235076904,0.22649478912353516,4.161706566810608,0.002474823733791709,0.002474823733791709,1.0,0.0,0.6906723380088806,-0.002474823733791709,0.23167961835861206,0.23167961835861206,0.0,1.0,0.6931471617426723,3.9300273656845093,0.0,0.005184829235076904,0.22649478912353516,4.161706566810608,,0.0029788906686007977,0.0034798001870512962,0.2,0,cn,cn_plus,92,3,1,3,1,1,16.96319781556841,0.9443306247435901,3.0574960708618164,-0.8725312948226929,-0.5994223952293396,-0.5994223952293396,0.019176635891199112,0.013991806656122208,2.761414051055908,2.534919261932373,5.244297027587891,1.0825904607772827,AVAILABLE,3.9300273656845093,741,1088
0.00409245491027832,0.28084419667720795,0.012883532792329788,0.019098281860351562,0.27872180938720703,0.31828421354293823,0.09727709740400314,1.0,1.0,0.3748629689216614,0.5958700776100159,0.03607426956295967,0.03607426956295967,0.2210071161389351,0.0,-0.2210071086883545,-0.00409245491027832,-0.28084419667720795,-0.012883532792329788,0.019098281860351562,-0.27872180938720703,,0.006668935529887676,0.009016376920044422,0.2,0,degree,degree_u_plus,93,3,7,2,7,1,7.785164390796954,0.8861717373157448,3.104724168777466,3.108816623687744,-0.5036299824714661,-0.22278578579425812,0.04384947940707207,0.056733012199401855,2.922980785369873,2.9038825035095215,5.573557376861572,5.852279186248779,AVAILABLE,0.28084419667720795,1191,1558
0.01258707046508789,0.0,0.002785656601190567,0.029804706573486328,0.03960609436035156,0.09727709740400314,0.09727709740400314,2.0,1.0,1.0013352632522583,0.5958700776100159,0.032590363174676895,0.032590363174676895,0.0,1.0,0.40546518564224243,0.01258707046508789,0.0,-0.002785656601190567,0.029804706573486328,0.03960609436035156,,0.008520033210515976,0.009016376920044422,0.2,0,cn,cn_plus,93,2,7,2,7,1,0.38622050743709163,0.2786140483169982,3.121403694152832,3.108816623687744,-0.22278578579425812,-0.22278578579425812,0.05394735559821129,0.056733012199401855,2.933687210083008,2.9038825035095215,5.891885280609131,5.852279186248779,AVAILABLE,0.01258707046508789,1191,1558
3.814697265625e-05,0.0062264204025268555,6.92903995513916e-05,0.0024271011352539062,0.00390625,0.12096263468265533,0.2101929485797882,1.0,1.0,0.5721845626831055,0.4829542338848114,0.002534538507461548,0.002534538507461548,-0.08923031389713287,0.0,0.08923032879829407,3.814697265625e-05,0.0062264204025268555,6.92903995513916e-05,-0.0024271011352539062,0.00390625,,0.021574119105935097,0.021576054394245148,0.2,0,degree,degree_u_plus,94,65,2,64,2,1,2.4566191509835673,0.7106999769658008,3.0639564990997314,3.063918352127075,1.7025455236434937,1.6963191032409668,0.1669837236404419,0.1669144332408905,2.806516647338867,2.808943748474121,7.745635032653809,7.741728782653809,AVAILABLE,0.0062264204025268555,306,2078
0.023669719696044922,0.0,0.006988301873207092,0.08110713958740234,0.09778785705566406,0.2101929485797882,0.2101929485797882,2.0,1.0,0.8884193897247314,0.4829542338848114,0.08809544146060944,0.08809544146060944,0.0,1.0,0.40546515583992004,0.023669719696044922,0.0,-0.006988301873207092,0.08110713958740234,0.09778785705566406,,0.020414667204022408,0.021576054394245148,0.2,0,cn,cn_plus,94,64,2,64,2,1,0.2686826539123701,0.21178082090411274,3.08758807182312,3.063918352127075,1.6963191032409668,1.6963191032409668,0.1599261313676834,0.1669144332408905,2.8900508880615234,2.808943748474121,7.839516639709473,7.741728782653809,AVAILABLE,0.023669719696044922,306,2078
0.05830353498458862,0.0305936336517334,0.002794812433421612,0.4651975631713867,0.4346926212310791,0.15886813402175903,0.07427853345870972,0.0,0.0,-0.15886813402175903,-0.07427853345870972,0.526295910589397,0.526295910589397,0.08458960056304932,0.0,-0.08458960056304932,0.05830353498458862,-0.0305936336517334,0.002794812433421612,-0.4651975631713867,-0.4346926212310791,,0.002826202195137739,0.0023215734399855137,0.2,0,degree,degree_u_plus,95,3,3,2,3,1,0.058130098400671036,0.054936626874646864,-0.7739969491958618,-0.8323004841804504,-0.9175298810005188,-0.8869362473487854,0.009927907027304173,0.007133094593882561,-1.8113536834716797,-1.346156120300293,-3.4873197078704834,-3.0526270866394043,AVAILABLE,0.0305936336517334,86,2295
3.9453116059303284,0.0,0.0029670540243387222,0.1226186752319336,4.0649635791778564,0.07427853345870972,0.07427853345870972,1.0,0.0,0.6188686490058899,-0.07427853345870972,0.12558572925627232,0.12558572925627232,0.0,1.0,0.6931471824645996,3.9453116059303284,0.0,-0.0029670540243387222,0.1226186752319336,4.0649635791778564,,0.0007969239959493279,0.0023215734399855137,0.2,0,cn,cn_plus,95,2,3,2,3,1,31.415283528963915,0.9691503546743168,3.113011121749878,-0.8323004841804504,-0.8869362473487854,-0.8869362473487854,0.0041660405695438385,0.007133094593882561,-1.2235374450683594,-1.346156120300293,1.0123364925384521,-3.0526270866394043,AVAILABLE,3.9453116059303284,86,2295
1.7642974853515625e-05,0.13997677713632584,0.006881549954414368,0.0016908645629882812,0.1485309600830078,0.1392495483160019,0.1311403065919876,1.0,1.0,0.5538976192474365,0.5620068907737732,0.008590057492256165,0.008590057492256165,0.008109241724014282,0.0,-0.00810927152633667,-1.7642974853515625e-05,0.13997677713632584,0.006881549954414368,0.0016908645629882812,0.1485309600830078,,0.013434404507279396,0.012632757425308228,0.2,0,degree,degree_u_plus,96,10,2,9,2,1,16.2951894455443,0.9421804540997597,3.030979871749878,3.0309975147247314,0.2428603321313858,0.10288355499505997,0.08387958258390427,0.0769980326294899,2.885920524597168,2.8842296600341797,6.24927282333374,6.100741863250732,AVAILABLE,0.13997677713632584,364,1632
0.00043201446533203125,0.0,0.0030011236667633057,0.0010728836059570312,0.0023603439331054688,0.1311403065919876,0.1311403065919876,2.0,1.0,0.9674720168113708,0.5620068907737732,0.004074007272720337,0.004074007272720337,0.0,1.0,0.40546512603759766,-0.00043201446533203125,0.0,-0.0030011236667633057,0.0010728836059570312,-0.0023603439331054688,,0.01214507780969143,0.012632757425308228,0.2,0,cn,cn_plus,96,9,2,9,2,1,0.106041392662914,0.0958747053829585,3.0305655002593994,3.0309975147247314,0.10288355499505997,0.10288355499505997,0.07399690896272659,0.0769980326294899,2.8853025436401367,2.8842296600341797,6.098381519317627,6.100741863250732,AVAILABLE,0.00043201446533203125,364,1632
7.3909759521484375e-06,0.0033684968948364258,0.0001315101981163025,1.811981201171875e-05,0.003525257110595703,1.715022087097168,1.715022087097168,2.0,2.0,-0.6164097785949707,-0.6164097785949707,0.00015702098608016968,0.00015702098608016968,0.0,0.0,0.0,7.3909759521484375e-06,0.0033684968948364258,0.0001315101981163025,1.811981201171875e-05,0.003525257110595703,,0.017446542158722878,0.017436068505048752,0.2,0,degree,degree_u_plus,97,140,12,139,12,1,21.451160557042503,0.9554588727179932,3.035918712615967,3.0359113216400146,0.6744129657745361,0.6710444688796997,0.11667594313621521,0.11654443293809891,2.8606181144714355,2.860599994659424,6.693258285522461,6.689733028411865,AVAILABLE,0.0033684968948364258,1358,1742
0.002051830291748047,0.0,0.001828998327255249,0.0026967525482177734,0.0011835098266601562,1.715022087097168,1.715022087097168,3.0,2.0,-0.32872772216796875,-0.6164097785949707,0.0045257508754730225,0.0045257508754730225,0.0,1.0,0.28768205642700195,-0.002051830291748047,0.0,-0.001828998327255249,0.0026967525482177734,-0.0011835098266601562,,0.017165474593639374,0.017436068505048752,0.2,0,cn,cn_plus,97,139,12,139,12,1,0.45336692507723225,0.3119425089800638,3.0338594913482666,3.0359113216400146,0.6710444688796997,0.6710444688796997,0.11471543461084366,0.11654443293809891,2.8632967472076416,2.860599994659424,6.688549518585205,6.689733028411865,AVAILABLE,0.002051830291748047,1358,1742
0.06941032409667969,0.02369213104248047,0.0016285330057144165,0.11110842227935791,0.06376171112060547,0.017144624143838882,0.1266687959432602,0.0,0.0,-0.017144624143838882,-0.1266687959432602,0.18214727938175201,0.18214727938175201,-0.10952417179942131,0.0,0.10952417179942131,-0.06941032409667969,0.02369213104248047,-0.0016285330057144165,0.11110842227935791,0.06376171112060547,,0.0446096695959568,0.048302412033081055,0.2,0,degree,degree_u_plus,98,29,2,28,2,1,0.13007127980271777,0.1151000668076663,-0.8660475611686707,-0.796637237071991,1.3029452562332153,1.2792531251907349,0.13788233697414398,0.1395108699798584,0.7839869856834412,0.6728785634040833,1.364400029182434,1.3006383180618286,AVAILABLE,0.02369213104248047,109,176
3.900115668773651,0.0,0.001109093427658081,0.36494940519332886,4.266173720359802,0.1266687959432602,0.1266687959432602,1.0,0.0,0.5664783716201782,-0.1266687959432602,0.36605849862098694,0.36605849862098694,0.0,1.0,0.6931471675634384,3.900115668773651,0.0,0.001109093427658081,0.36494940519332886,4.266173720359802,,0.025285998359322548,0.048302412033081055,0.2,0,cn,cn_plus,98,28,2,28,2,1,10.654350539388197,0.9141951328286977,3.10347843170166,-0.796637237071991,1.2792531251907349,1.2792531251907349,0.14061996340751648,0.1395108699798584,1.037827968597412,0.6728785634040833,5.566812038421631,1.3006383180618286,AVAILABLE,3.900115668773651,109,176
0.000670015811920166,0.32630953937768936,0.01829511858522892,0.003862619400024414,0.3414119482040405,0.0040603079833090305,0.002474823733791709,0.0,0.0,-0.0040603079833090305,-0.002474823733791709,0.0228277537971735,0.0228277537971735,0.0015854842495173216,0.0,-0.0015854842495173216,0.000670015811920166,0.32630953937768936,0.01829511858522892,-0.003862619400024414,0.3414119482040405,,0.011718207970261574,0.0065213521011173725,0.2,0,degree,degree_u_plus,99,5,1,4,1,1,14.294415444148433,0.9346166577172065,-0.8718612790107727,-0.8725312948226929,0.04195130616426468,-0.2843582332134247,0.044615183025598526,0.026320064440369606,2.848910331726074,2.8527729511260986,2.0692484378814697,1.7278364896774292,AVAILABLE,0.32630953937768936,52,2053
3.987853169441223,0.0,0.021145077422261238,0.00021004676818847656,4.008788228034973,0.002474823733791709,0.002474823733791709,1.0,0.0,0.6906723380088806,-0.002474823733791709,0.021355124190449715,0.021355124190449715,0.0,1.0,0.6931471617426723,3.987853169441223,0.0,0.021145077422261238,-0.00021004676818847656,4.008788228034973,,0.00753449834883213,0.0065213521011173725,0.2,0,cn,cn_plus,99,4,1,4,1,1,186.73978509695533,0.9946734785091846,3.1153218746185303,-0.8725312948226929,-0.2843582332134247,-0.2843582332134247,0.047465141862630844,0.026320064440369606,2.85256290435791,2.8527729511260986,5.736624717712402,1.7278364896774292,AVAILABLE,3.987853169441223,52,2053
