split,pair_index,u,v,context_graph_hash,target_present_before,removed_edge_count,base_edge_count,context_edge_count,representation_context_graph_hash,target_context_graph_hash,xy_context_hash_match,probe_seed
train,0,4,1016,99e4175876d31316d1905b90debe91cdd08ddcb452af5bb4ccff79cc39607194,True,1,4488,4487,99e4175876d31316d1905b90debe91cdd08ddcb452af5bb4ccff79cc39607194,99e4175876d31316d1905b90debe91cdd08ddcb452af5bb4ccff79cc39607194,True,0
train,1,4,2176,82dbc42778bac9f9d807583446072b56f0c305f3550647569149d07fb51f88d6,True,1,4488,4487,82dbc42778bac9f9d807583446072b56f0c305f3550647569149d07fb51f88d6,82dbc42778bac9f9d807583446072b56f0c305f3550647569149d07fb51f88d6,True,0
train,2,12,2661,065b4a9d2ebfbcd8efc0c343ff9d38650fbe81a8117b168c8b0b91aa00a3fc29,True,1,4488,4487,065b4a9d2ebfbcd8efc0c343ff9d38650fbe81a8117b168c8b0b91aa00a3fc29,065b4a9d2ebfbcd8efc0c343ff9d38650fbe81a8117b168c8b0b91aa00a3fc29,True,0
train,3,16,2444,04441507e3ed867f5fd2fd7a4325ded4b23c43bb8309cd1a4ee9ab9306d67c46,True,1,4488,4487,04441507e3ed867f5fd2fd7a4325ded4b23c43bb8309cd1a4ee9ab9306d67c46,04441507e3ed867f5fd2fd7a4325ded4b23c43bb8309cd1a4ee9ab9306d67c46,True,0
train,4,20,1072,aeddcfd87d93462cab38347f2b306e951cf2190fc586f288c1266fe16d396c1e,True,1,4488,4487,aeddcfd87d93462cab38347f2b306e951cf2190fc586f288c1266fe16d396c1e,aeddcfd87d93462cab38347f2b306e951cf2190fc586f288c1266fe16d396c1e,True,0
train,5,20,2374,a5b48aa1c9754dfa84cd470158610bc6e03d42fb291edef5af752af5218824bc,True,1,4488,4487,a5b48aa1c9754dfa84cd470158610bc6e03d42fb291edef5af752af5218824bc,a5b48aa1c9754dfa84cd470158610bc6e03d42fb291edef5af752af5218824bc,True,0
train,6,24,201,902e940bccded6d6d75c2bc170ef9e4958141c83c5bfd6651563d58eae4d3516,True,1,4488,4487,902e940bccded6d6d75c2bc170ef9e4958141c83c5bfd6651563d58eae4d3516,902e940bccded6d6d75c2bc170ef9e4958141c83c5bfd6651563d58eae4d3516,True,0
train,7,31,1594,3d7bce1089dfd0bad28b157a376d470c7a30fd33b7614a6424c41fde337c433b,True,1,4488,4487,3d7bce1089dfd0bad28b157a376d470c7a30fd33b7614a6424c41fde337c433b,3d7bce1089dfd0bad28b157a376d470c7a30fd33b7614a6424c41fde337c433b,True,0
train,8,33,2121,9c777af198ad6a8d333c75e327298d7ad4580c91313c1bc751b364c36143c782,True,1,4488,4487,9c777af198ad6a8d333c75e327298d7ad4580c91313c1bc751b364c36143c782,9c777af198ad6a8d333c75e327298d7ad4580c91313c1bc751b364c36143c782,True,0
train,9,35,1913,7f2721594f0a2bb091ff7ab05a95c8d1925676570dad4a18460aa8296494b892,True,1,4488,4487,7f2721594f0a2bb091ff7ab05a95c8d1925676570dad4a18460aa8296494b892,7f2721594f0a2bb091ff7ab05a95c8d1925676570dad4a18460aa8296494b892,True,0
train,10,45,1219,edb945e4767c17d61e1c2f569245409d1b7037d30382be8a8e0bae56c94a1504,True,1,4488,4487,edb945e4767c17d61e1c2f569245409d1b7037d30382be8a8e0bae56c94a1504,edb945e4767c17d61e1c2f569245409d1b7037d30382be8a8e0bae56c94a1504,True,0
train,11,48,2041,989a601f7e7e96b96bd2ad10845a684ca9f92bca03d0cde0f4142e0877ec48a6,True,1,4488,4487,989a601f7e7e96b96bd2ad10845a684ca9f92bca03d0cde0f4142e0877ec48a6,989a601f7e7e96b96bd2ad10845a684ca9f92bca03d0cde0f4142e0877ec48a6,True,0
train,12,53,1739,29a4894f9be3733976f5e4302a08e79b92f2792ca422edb842bd25bc182534c3,True,1,4488,4487,29a4894f9be3733976f5e4302a08e79b92f2792ca422edb842bd25bc182534c3,29a4894f9be3733976f5e4302a08e79b92f2792ca422edb842bd25bc182534c3,True,0
train,13,54,767,150ee462eb414e7c88adcb79e5bbecf2aab2c7169777b769e0badfc6950c31c3,True,1,4488,4487,150ee462eb414e7c88adcb79e5bbecf2aab2c7169777b769e0badfc6950c31c3,150ee462eb414e7c88adcb79e5bbecf2aab2c7169777b769e0badfc6950c31c3,True,0
train,14,59,580,644296d73a399efa6b0d5a1c805c6d5d88e26bcb869505d6f25904bc0e9a0ecd,True,1,4488,4487,644296d73a399efa6b0d5a1c805c6d5d88e26bcb869505d6f25904bc0e9a0ecd,644296d73a399efa6b0d5a1c805c6d5d88e26bcb869505d6f25904bc0e9a0ecd,True,0
train,15,59,609,03ce72fb2f77e6f198e4ea9c1fcb4478de2b6b2faa56f65e3ef7e77d02209672,True,1,4488,4487,03ce72fb2f77e6f198e4ea9c1fcb4478de2b6b2faa56f65e3ef7e77d02209672,03ce72fb2f77e6f198e4ea9c1fcb4478de2b6b2faa56f65e3ef7e77d02209672,True,0
train,16,61,2162,69365b7abcdd6d17355547161b3a151fded3ee8ed5848bdebf76e5639902f406,True,1,4488,4487,69365b7abcdd6d17355547161b3a151fded3ee8ed5848bdebf76e5639902f406,69365b7abcdd6d17355547161b3a151fded3ee8ed5848bdebf76e5639902f406,True,0
train,17,62,485,52bb7252b147874a682b353ddca21dcecacbdbf31600163c4ef72f952e553d51,True,1,4488,4487,52bb7252b147874a682b353ddca21dcecacbdbf31600163c4ef72f952e553d51,52bb7252b147874a682b353ddca21dcecacbdbf31600163c4ef72f952e553d51,True,0
train,18,65,771,d485900dceaaf2961f51980390fb424161d07ee512ca011fb89b0260e9d5de2c,True,1,4488,4487,d485900dceaaf2961f51980390fb424161d07ee512ca011fb89b0260e9d5de2c,d485900dceaaf2961f51980390fb424161d07ee512ca011fb89b0260e9d5de2c,True,0
train,19,66,2631,848dc4752fde28525f21329205966a26a6cb7ce5bf392e1b3f5dd91d009635c9,True,1,4488,4487,848dc4752fde28525f21329205966a26a6cb7ce5bf392e1b3f5dd91d009635c9,848dc4752fde28525f21329205966a26a6cb7ce5bf392e1b3f5dd91d009635c9,True,0
train,20,68,1986,1bc6b86800619ee36c4ce3bb3cb90dabd1c5e34c29bf4ba91c45f0fc64e92195,True,1,4488,4487,1bc6b86800619ee36c4ce3bb3cb90dabd1c5e34c29bf4ba91c45f0fc64e92195,1bc6b86800619ee36c4ce3bb3cb90dabd1c5e34c29bf4ba91c45f0fc64e92195,True,0
train,21,73,1136,3d1ed31d082dd9d854f9639613b9f9ed44c742310fc1471dcbc05a41f74c49e4,True,1,4488,4487,3d1ed31d082dd9d854f9639613b9f9ed44c742310fc1471dcbc05a41f74c49e4,3d1ed31d082dd9d854f9639613b9f9ed44c742310fc1471dcbc05a41f74c49e4,True,0
train,22,73,1214,15a3b647bb5313a607af13649a71e2a01174ab158e018b465e7559ad8f2c092a,True,1,4488,4487,15a3b647bb5313a607af13649a71e2a01174ab158e018b465e7559ad8f2c092a,15a3b647bb5313a607af13649a71e2a01174ab158e018b465e7559ad8f2c092a,True,0
train,23,74,544,0e193581bf9fa76ba39f374819fc1a0fa5027a6634638ed152e6898bc1c36c1c,True,1,4488,4487,0e193581bf9fa76ba39f374819fc1a0fa5027a6634638ed152e6898bc1c36c1c,0e193581bf9fa76ba39f374819fc1a0fa5027a6634638ed152e6898bc1c36c1c,True,0
train,24,74,2052,f1ea7dcefea9dfb6333637f00098801b8726ad67fcc7ee77bf732be12bab1ae1,True,1,4488,4487,f1ea7dcefea9dfb6333637f00098801b8726ad67fcc7ee77bf732be12bab1ae1,f1ea7dcefea9dfb6333637f00098801b8726ad67fcc7ee77bf732be12bab1ae1,True,0
train,25,75,2224,00a0f1c28095c02e36d4aef06cbb2028920a2fa98201fb31c58e2d36943a5072,True,1,4488,4487,00a0f1c28095c02e36d4aef06cbb2028920a2fa98201fb31c58e2d36943a5072,00a0f1c28095c02e36d4aef06cbb2028920a2fa98201fb31c58e2d36943a5072,True,0
train,26,80,257,0babb21e7e761ac6679cbef61d1694e576ac02fc18faa76330260609e3ea3bf1,True,1,4488,4487,0babb21e7e761ac6679cbef61d1694e576ac02fc18faa76330260609e3ea3bf1,0babb21e7e761ac6679cbef61d1694e576ac02fc18faa76330260609e3ea3bf1,True,0
train,27,84,284,b111ec4cb7bfe7de7aa9df5b0a5e9baa24ba24519bdc2b42a2277d9a08e9c672,True,1,4488,4487,b111ec4cb7bfe7de7aa9df5b0a5e9baa24ba24519bdc2b42a2277d9a08e9c672,b111ec4cb7bfe7de7aa9df5b0a5e9baa24ba24519bdc2b42a2277d9a08e9c672,True,0
train,28,87,2164,de6c84a20dc5ecaa951e2aa6534566163787a199d54dd0592e00418a5876c10e,True,1,4488,4487,de6c84a20dc5ecaa951e2aa6534566163787a199d54dd0592e00418a5876c10e,de6c84a20dc5ecaa951e2aa6534566163787a199d54dd0592e00418a5876c10e,True,0
train,29,88,1713,3ba10a5736dca008d7d224e035b3639290a628949664d00526f5b3c98db30059,True,1,4488,4487,3ba10a5736dca008d7d224e035b3639290a628949664d00526f5b3c98db30059,3ba10a5736dca008d7d224e035b3639290a628949664d00526f5b3c98db30059,True,0
train,30,88,2010,6511789600f41512b0d25fab99e74053245fced7afd23eb7d33399241b553a93,True,1,4488,4487,6511789600f41512b0d25fab99e74053245fced7afd23eb7d33399241b553a93,6511789600f41512b0d25fab99e74053245fced7afd23eb7d33399241b553a93,True,0
train,31,88,2014,1f5bae7637e2aa361126063262faaa6651f25bc9cafe34ca2fc15e02976ef2fc,True,1,4488,4487,1f5bae7637e2aa361126063262faaa6651f25bc9cafe34ca2fc15e02976ef2fc,1f5bae7637e2aa361126063262faaa6651f25bc9cafe34ca2fc15e02976ef2fc,True,0
train,32,88,2394,905fa0e9d513e50f4c1519df022cd7badde7403521ef06cd4e171ef2098cad86,True,1,4488,4487,905fa0e9d513e50f4c1519df022cd7badde7403521ef06cd4e171ef2098cad86,905fa0e9d513e50f4c1519df022cd7badde7403521ef06cd4e171ef2098cad86,True,0
train,33,91,330,28df46184dea0b6d4d0299bb55db23cb6b0e34864a229b2f63ee06a30c42b5ad,True,1,4488,4487,28df46184dea0b6d4d0299bb55db23cb6b0e34864a229b2f63ee06a30c42b5ad,28df46184dea0b6d4d0299bb55db23cb6b0e34864a229b2f63ee06a30c42b5ad,True,0
train,34,91,2123,161c0aae97e854404df78bef84048f0bd77ac84cab5c09a0baf5fcffedba162f,True,1,4488,4487,161c0aae97e854404df78bef84048f0bd77ac84cab5c09a0baf5fcffedba162f,161c0aae97e854404df78bef84048f0bd77ac84cab5c09a0baf5fcffedba162f,True,0
train,35,95,334,50c90dd3ea2a2e739de3ed44774efb8b205104e39272d052e6d435e2c4a1bad1,True,1,4488,4487,50c90dd3ea2a2e739de3ed44774efb8b205104e39272d052e6d435e2c4a1bad1,50c90dd3ea2a2e739de3ed44774efb8b205104e39272d052e6d435e2c4a1bad1,True,0
train,36,99,122,06dd2e45e4e5e1fcd8ba61ff440413253dccc5b200ead02053a60a53bf11e439,True,1,4488,4487,06dd2e45e4e5e1fcd8ba61ff440413253dccc5b200ead02053a60a53bf11e439,06dd2e45e4e5e1fcd8ba61ff440413253dccc5b200ead02053a60a53bf11e439,True,0
train,37,102,109,713e126edd5146792dc1faa747c6509a11470a00b290d6a0143752fe43d02a25,True,1,4488,4487,713e126edd5146792dc1faa747c6509a11470a00b290d6a0143752fe43d02a25,713e126edd5146792dc1faa747c6509a11470a00b290d6a0143752fe43d02a25,True,0
train,38,102,1448,ba5724d35b41d8d04f7645c367067045cb239fc495c143e17bda5342bc575ec6,True,1,4488,4487,ba5724d35b41d8d04f7645c367067045cb239fc495c143e17bda5342bc575ec6,ba5724d35b41d8d04f7645c367067045cb239fc495c143e17bda5342bc575ec6,True,0
train,39,102,1561,b3c89baede72e942780f3d581cceccc500c4a85c24a5c4660b817152e5a762e5,True,1,4488,4487,b3c89baede72e942780f3d581cceccc500c4a85c24a5c4660b817152e5a762e5,b3c89baede72e942780f3d581cceccc500c4a85c24a5c4660b817152e5a762e5,True,0
train,40,102,1871,0a23c6a7a08bcf75b41d77872de02663268a3a5bcc9df7811c72c8a87d17b89f,True,1,4488,4487,0a23c6a7a08bcf75b41d77872de02663268a3a5bcc9df7811c72c8a87d17b89f,0a23c6a7a08bcf75b41d77872de02663268a3a5bcc9df7811c72c8a87d17b89f,True,0
train,41,103,608,32eb56319948356d1de3f7ee8fce93e25a8db757c14ae97483708381cb02a6f0,True,1,4488,4487,32eb56319948356d1de3f7ee8fce93e25a8db757c14ae97483708381cb02a6f0,32eb56319948356d1de3f7ee8fce93e25a8db757c14ae97483708381cb02a6f0,True,0
train,42,109,236,e61cdf65f38c8973b332011b21809af39610484a4a83eabc628335cbe30e2229,True,1,4488,4487,e61cdf65f38c8973b332011b21809af39610484a4a83eabc628335cbe30e2229,e61cdf65f38c8973b332011b21809af39610484a4a83eabc628335cbe30e2229,True,0
train,43,109,306,e7ff13fb141448cd17c1aa4fd075e9cdab06e4a2cb6b7185a3cf5efbce2072bc,True,1,4488,4487,e7ff13fb141448cd17c1aa4fd075e9cdab06e4a2cb6b7185a3cf5efbce2072bc,e7ff13fb141448cd17c1aa4fd075e9cdab06e4a2cb6b7185a3cf5efbce2072bc,True,0
train,44,109,318,8e52bacd93badfd413be9a145fd7db3be8e8f5df662f95164f1f7a4af1687bcf,True,1,4488,4487,8e52bacd93badfd413be9a145fd7db3be8e8f5df662f95164f1f7a4af1687bcf,8e52bacd93badfd413be9a145fd7db3be8e8f5df662f95164f1f7a4af1687bcf,True,0
train,45,109,1337,3cd10c9ff656d827c3f1d5d4609be37d79a5042ddd16e7909317842705f14776,True,1,4488,4487,3cd10c9ff656d827c3f1d5d4609be37d79a5042ddd16e7909317842705f14776,3cd10c9ff656d827c3f1d5d4609be37d79a5042ddd16e7909317842705f14776,True,0
train,46,109,1998,308cfd9fa29f148aa6217111b876bc5d30edafdf207f3bffb66225d5ed6cd888,True,1,4488,4487,308cfd9fa29f148aa6217111b876bc5d30edafdf207f3bffb66225d5ed6cd888,308cfd9fa29f148aa6217111b876bc5d30edafdf207f3bffb66225d5ed6cd888,True,0
train,47,109,2092,367a2c3e9ae5e4222f7af5e30408c9326a7de01bc80335756040f561912a42cd,True,1,4488,4487,367a2c3e9ae5e4222f7af5e30408c9326a7de01bc80335756040f561912a42cd,367a2c3e9ae5e4222f7af5e30408c9326a7de01bc80335756040f561912a42cd,True,0
train,48,111,2492,84b5efd42efa77d732ac46f626906a64b20eeb8b1611a23f5dce40ff18f64731,True,1,4488,4487,84b5efd42efa77d732ac46f626906a64b20eeb8b1611a23f5dce40ff18f64731,84b5efd42efa77d732ac46f626906a64b20eeb8b1611a23f5dce40ff18f64731,True,0
train,49,112,487,ba3e41625d8bc9066c477a5f95028a63c8ded9da838f9e42d51d9b3ce0b028b9,True,1,4488,4487,ba3e41625d8bc9066c477a5f95028a63c8ded9da838f9e42d51d9b3ce0b028b9,ba3e41625d8bc9066c477a5f95028a63c8ded9da838f9e42d51d9b3ce0b028b9,True,0
train,50,114,2506,5f2bd78f7d7dd81a3197b2ea295c05cff78aee9df34ed6780a66fbbd89633fae,True,1,4488,4487,5f2bd78f7d7dd81a3197b2ea295c05cff78aee9df34ed6780a66fbbd89633fae,5f2bd78f7d7dd81a3197b2ea295c05cff78aee9df34ed6780a66fbbd89633fae,True,0
train,51,116,1076,32c6e0e4f848c2450581e2b5439fa4b8f83b6c1e88a1aa55ec1c127884666714,True,1,4488,4487,32c6e0e4f848c2450581e2b5439fa4b8f83b6c1e88a1aa55ec1c127884666714,32c6e0e4f848c2450581e2b5439fa4b8f83b6c1e88a1aa55ec1c127884666714,True,0
train,52,117,2537,7e8394cf0030f17ea7c6b732c77ab28d56cee61dc601e639e8858f7a31abce22,True,1,4488,4487,7e8394cf0030f17ea7c6b732c77ab28d56cee61dc601e639e8858f7a31abce22,7e8394cf0030f17ea7c6b732c77ab28d56cee61dc601e639e8858f7a31abce22,True,0
train,53,118,1851,491bd09d64e8f1e427a2a261b7f4f754ce1fee232a5b4bdf3af216565aba35ea,True,1,4488,4487,491bd09d64e8f1e427a2a261b7f4f754ce1fee232a5b4bdf3af216565aba35ea,491bd09d64e8f1e427a2a261b7f4f754ce1fee232a5b4bdf3af216565aba35ea,True,0
train,54,118,2165,d63fe3abacd9a1c0bbcd7d6784164c48ca718c6f2d57f3c6278829a7c347ae80,True,1,4488,4487,d63fe3abacd9a1c0bbcd7d6784164c48ca718c6f2d57f3c6278829a7c347ae80,d63fe3abacd9a1c0bbcd7d6784164c48ca718c6f2d57f3c6278829a7c347ae80,True,0
train,55,119,1537,495235ce25d397af46212b47330bf7822fa7a1439edbf5c67a7ea83c6a8d9866,True,1,4488,4487,495235ce25d397af46212b47330bf7822fa7a1439edbf5c67a7ea83c6a8d9866,495235ce25d397af46212b47330bf7822fa7a1439edbf5c67a7ea83c6a8d9866,True,0
train,56,119,1901,05a673a773fb459cef09331a3f09e9c1a87b67ac01673689049ff6a31f61ca20,True,1,4488,4487,05a673a773fb459cef09331a3f09e9c1a87b67ac01673689049ff6a31f61ca20,05a673a773fb459cef09331a3f09e9c1a87b67ac01673689049ff6a31f61ca20,True,0
train,57,120,816,997ecaad777ed1ffdb171ad18f1e996ace1f018643dff6b86fe2729b0338219d,True,1,4488,4487,997ecaad777ed1ffdb171ad18f1e996ace1f018643dff6b86fe2729b0338219d,997ecaad777ed1ffdb171ad18f1e996ace1f018643dff6b86fe2729b0338219d,True,0
train,58,121,589,54ed50648f8d302248605f2cab3abb3e74f98cbb621ac37a5f56e88d9a289367,True,1,4488,4487,54ed50648f8d302248605f2cab3abb3e74f98cbb621ac37a5f56e88d9a289367,54ed50648f8d302248605f2cab3abb3e74f98cbb621ac37a5f56e88d9a289367,True,0
train,59,128,392,24e4f10110db367c11dece8b7318a0d58bf5df0599f22184d24fa5a089775d6a,True,1,4488,4487,24e4f10110db367c11dece8b7318a0d58bf5df0599f22184d24fa5a089775d6a,24e4f10110db367c11dece8b7318a0d58bf5df0599f22184d24fa5a089775d6a,True,0
train,60,133,1670,bdbf3f525b8af8b1561d114f46433aab0d2b35c47d1984e4f1a2dda80c8e479b,True,1,4488,4487,bdbf3f525b8af8b1561d114f46433aab0d2b35c47d1984e4f1a2dda80c8e479b,bdbf3f525b8af8b1561d114f46433aab0d2b35c47d1984e4f1a2dda80c8e479b,True,0
train,61,135,137,ee950c82d40bd4b1a320aff24b85797e76a58b1dd81a3d008b44d20e04ccc849,True,1,4488,4487,ee950c82d40bd4b1a320aff24b85797e76a58b1dd81a3d008b44d20e04ccc849,ee950c82d40bd4b1a320aff24b85797e76a58b1dd81a3d008b44d20e04ccc849,True,0
train,62,136,831,56f79005402f34df86290535ccbc713d63d42ddc25015b1db22712d231027dd1,True,1,4488,4487,56f79005402f34df86290535ccbc713d63d42ddc25015b1db22712d231027dd1,56f79005402f34df86290535ccbc713d63d42ddc25015b1db22712d231027dd1,True,0
train,63,153,2045,14378ef12a554d459fd06d858ff8c1aff2a60a39e8e5792e05785e2a4df1ab32,True,1,4488,4487,14378ef12a554d459fd06d858ff8c1aff2a60a39e8e5792e05785e2a4df1ab32,14378ef12a554d459fd06d858ff8c1aff2a60a39e8e5792e05785e2a4df1ab32,True,0
train,64,162,323,dd06f1b08918157651963529e08e2810e9fcb4c8b581a0b942f11f04a2313692,True,1,4488,4487,dd06f1b08918157651963529e08e2810e9fcb4c8b581a0b942f11f04a2313692,dd06f1b08918157651963529e08e2810e9fcb4c8b581a0b942f11f04a2313692,True,0
train,65,171,790,8a9ad54cbf63f153dbe626bc450feb2941c690ea6a37bfe5e85c54bd9cadd5a6,True,1,4488,4487,8a9ad54cbf63f153dbe626bc450feb2941c690ea6a37bfe5e85c54bd9cadd5a6,8a9ad54cbf63f153dbe626bc450feb2941c690ea6a37bfe5e85c54bd9cadd5a6,True,0
train,66,172,1692,e6922a1866bce66b2de886177d4baa767469238827ec347d7408d1b84d172ffc,True,1,4488,4487,e6922a1866bce66b2de886177d4baa767469238827ec347d7408d1b84d172ffc,e6922a1866bce66b2de886177d4baa767469238827ec347d7408d1b84d172ffc,True,0
train,67,173,1586,678f19f64aef91d89bf9cbcd6d0e6093f3071746d3d4f43687ffb44c919ba43e,True,1,4488,4487,678f19f64aef91d89bf9cbcd6d0e6093f3071746d3d4f43687ffb44c919ba43e,678f19f64aef91d89bf9cbcd6d0e6093f3071746d3d4f43687ffb44c919ba43e,True,0
train,68,180,2004,296745fe31de97540f894218ec0c5293cc467c0a223ba3fdf8338029ed2d12b7,True,1,4488,4487,296745fe31de97540f894218ec0c5293cc467c0a223ba3fdf8338029ed2d12b7,296745fe31de97540f894218ec0c5293cc467c0a223ba3fdf8338029ed2d12b7,True,0
train,69,184,520,d0925ea9e07465a4b98fe8b8a96a19b97a434450a07aa7539b6c7ca517d6ab02,True,1,4488,4487,d0925ea9e07465a4b98fe8b8a96a19b97a434450a07aa7539b6c7ca517d6ab02,d0925ea9e07465a4b98fe8b8a96a19b97a434450a07aa7539b6c7ca517d6ab02,True,0
train,70,186,1536,4c2949511760303850348ca311dfdb67094b5793069da5a8202df1b648cfb4dd,True,1,4488,4487,4c2949511760303850348ca311dfdb67094b5793069da5a8202df1b648cfb4dd,4c2949511760303850348ca311dfdb67094b5793069da5a8202df1b648cfb4dd,True,0
train,71,188,1727,d2c32f99fcf26d28eac9ee6db02752f1f0c81588ab80d75eafe163ea0384d262,True,1,4488,4487,d2c32f99fcf26d28eac9ee6db02752f1f0c81588ab80d75eafe163ea0384d262,d2c32f99fcf26d28eac9ee6db02752f1f0c81588ab80d75eafe163ea0384d262,True,0
train,72,191,1677,89f14b8cbf2635652b69b37b07facdbd037c89155d228f973e0e152af4f85e5a,True,1,4488,4487,89f14b8cbf2635652b69b37b07facdbd037c89155d228f973e0e152af4f85e5a,89f14b8cbf2635652b69b37b07facdbd037c89155d228f973e0e152af4f85e5a,True,0
train,73,194,1050,edc763f0e2ae84929d03dfee821a25c12adae031d4024a002c99decc392a3fe9,True,1,4488,4487,edc763f0e2ae84929d03dfee821a25c12adae031d4024a002c99decc392a3fe9,edc763f0e2ae84929d03dfee821a25c12adae031d4024a002c99decc392a3fe9,True,0
train,74,200,1439,1479f4ad3ab80e84bb0bde622d27c956a28dcfd7b6926e9fc1634c7793e25289,True,1,4488,4487,1479f4ad3ab80e84bb0bde622d27c956a28dcfd7b6926e9fc1634c7793e25289,1479f4ad3ab80e84bb0bde622d27c956a28dcfd7b6926e9fc1634c7793e25289,True,0
train,75,202,353,845b03218e2b4fa8fa3e6bb1684668d19816d73923e45706a0768927fce4926b,True,1,4488,4487,845b03218e2b4fa8fa3e6bb1684668d19816d73923e45706a0768927fce4926b,845b03218e2b4fa8fa3e6bb1684668d19816d73923e45706a0768927fce4926b,True,0
train,76,203,1869,754a9805369008f7fd224131a1fab0a9a59418761d910a3df2b1f3d8a6ca0e1a,True,1,4488,4487,754a9805369008f7fd224131a1fab0a9a59418761d910a3df2b1f3d8a6ca0e1a,754a9805369008f7fd224131a1fab0a9a59418761d910a3df2b1f3d8a6ca0e1a,True,0
train,77,206,2691,d17d76d3bf6142eeef640a8d2e097d29e3ba070ab47a2b7e8f91b03ad1305625,True,1,4488,4487,d17d76d3bf6142eeef640a8d2e097d29e3ba070ab47a2b7e8f91b03ad1305625,d17d76d3bf6142eeef640a8d2e097d29e3ba070ab47a2b7e8f91b03ad1305625,True,0
train,78,210,1614,1b5a25ae802480f7b043c114b824f54e7c8a49e22a7a4249f1da03269508b3cb,True,1,4488,4487,1b5a25ae802480f7b043c114b824f54e7c8a49e22a7a4249f1da03269508b3cb,1b5a25ae802480f7b043c114b824f54e7c8a49e22a7a4249f1da03269508b3cb,True,0
train,79,218,733,75dd67afdda5c89b151ab2d1a58e4f41321ee3e878c34e4561fb91cda29b247e,True,1,4488,4487,75dd67afdda5c89b151ab2d1a58e4f41321ee3e878c34e4561fb91cda29b247e,75dd67afdda5c89b151ab2d1a58e4f41321ee3e878c34e4561fb91cda29b247e,True,0
train,80,218,1382,1336deeb38ae2e37976991b9de820b80d272024df7e81d5ea335b9a465c2c026,True,1,4488,4487,1336deeb38ae2e37976991b9de820b80d272024df7e81d5ea335b9a465c2c026,1336deeb38ae2e37976991b9de820b80d272024df7e81d5ea335b9a465c2c026,True,0
train,81,220,376,1ae3e3c03a16210bff2bf3f9eedd1b5d4654f5e38641336bc0ac5c3c8bb2719d,True,1,4488,4487,1ae3e3c03a16210bff2bf3f9eedd1b5d4654f5e38641336bc0ac5c3c8bb2719d,1ae3e3c03a16210bff2bf3f9eedd1b5d4654f5e38641336bc0ac5c3c8bb2719d,True,0
train,82,220,817,a061cae30493061d5352311cab40324a51e4aef430d427207170b9e3422d20b1,True,1,4488,4487,a061cae30493061d5352311cab40324a51e4aef430d427207170b9e3422d20b1,a061cae30493061d5352311cab40324a51e4aef430d427207170b9e3422d20b1,True,0
train,83,221,817,fa2c600aa21f8bb3069703aaea5b48d0fe98182e20dd5d1281e9565ee1b5e240,True,1,4488,4487,fa2c600aa21f8bb3069703aaea5b48d0fe98182e20dd5d1281e9565ee1b5e240,fa2c600aa21f8bb3069703aaea5b48d0fe98182e20dd5d1281e9565ee1b5e240,True,0
train,84,222,821,30a74ec668e79827772c0df1a4493b577a6ce4352b7bdc7e4e88b7487a35f320,True,1,4488,4487,30a74ec668e79827772c0df1a4493b577a6ce4352b7bdc7e4e88b7487a35f320,30a74ec668e79827772c0df1a4493b577a6ce4352b7bdc7e4e88b7487a35f320,True,0
train,85,223,1761,700afef148de0359daf6d34c2493ef7d677bce2edd1320fcebccd1b54aaddac3,True,1,4488,4487,700afef148de0359daf6d34c2493ef7d677bce2edd1320fcebccd1b54aaddac3,700afef148de0359daf6d34c2493ef7d677bce2edd1320fcebccd1b54aaddac3,True,0
train,86,230,1095,5b941334b93e254c3d93c7101171c9cd73d9ec72fb132269116af37ca47cb463,True,1,4488,4487,5b941334b93e254c3d93c7101171c9cd73d9ec72fb132269116af37ca47cb463,5b941334b93e254c3d93c7101171c9cd73d9ec72fb132269116af37ca47cb463,True,0
train,87,232,1701,8d75de34197e1d5d7ba39f053293b984b6632ae37b179c35b7b7719e82d5e504,True,1,4488,4487,8d75de34197e1d5d7ba39f053293b984b6632ae37b179c35b7b7719e82d5e504,8d75de34197e1d5d7ba39f053293b984b6632ae37b179c35b7b7719e82d5e504,True,0
train,88,232,1864,30866b86a1e936d95bea8de3047383fbc0c9cf9f2d1d135a65731f9ba3d9f149,True,1,4488,4487,30866b86a1e936d95bea8de3047383fbc0c9cf9f2d1d135a65731f9ba3d9f149,30866b86a1e936d95bea8de3047383fbc0c9cf9f2d1d135a65731f9ba3d9f149,True,0
train,89,239,1069,f914694f97e1a6b9cd6dbea95f0097ff70c5b37835a85001c26826f946253640,True,1,4488,4487,f914694f97e1a6b9cd6dbea95f0097ff70c5b37835a85001c26826f946253640,f914694f97e1a6b9cd6dbea95f0097ff70c5b37835a85001c26826f946253640,True,0
train,90,239,2418,a6ff776fa2a36fb2e2bbada9e4e2c5a2d0e42495f1ed7e97d5eea6333708a098,True,1,4488,4487,a6ff776fa2a36fb2e2bbada9e4e2c5a2d0e42495f1ed7e97d5eea6333708a098,a6ff776fa2a36fb2e2bbada9e4e2c5a2d0e42495f1ed7e97d5eea6333708a098,True,0
train,91,242,279,f5e8ef0bceb52207fba2b6bc7074bb3bfe846b4ac2b301ad37346d54c6ff1857,True,1,4488,4487,f5e8ef0bceb52207fba2b6bc7074bb3bfe846b4ac2b301ad37346d54c6ff1857,f5e8ef0bceb52207fba2b6bc7074bb3bfe846b4ac2b301ad37346d54c6ff1857,True,0
train,92,242,838,90602ea958ae7a44335b401d39d68e3451068a7149ff8aedd43e8ef220814de9,True,1,4488,4487,90602ea958ae7a44335b401d39d68e3451068a7149ff8aedd43e8ef220814de9,90602ea958ae7a44335b401d39d68e3451068a7149ff8aedd43e8ef220814de9,True,0
train,93,242,1131,01993434644833ecce35ba3b6c4b9b78016a8e75c6c278ebe267e39ed816517e,True,1,4488,4487,01993434644833ecce35ba3b6c4b9b78016a8e75c6c278ebe267e39ed816517e,01993434644833ecce35ba3b6c4b9b78016a8e75c6c278ebe267e39ed816517e,True,0
train,94,244,1072,ae26a513b53d2fd9a2b94ecb5b8cfbf8aec8e456914704885cf2a611f99482b5,True,1,4488,4487,ae26a513b53d2fd9a2b94ecb5b8cfbf8aec8e456914704885cf2a611f99482b5,ae26a513b53d2fd9a2b94ecb5b8cfbf8aec8e456914704885cf2a611f99482b5,True,0
train,95,246,1358,e464448808db99d13b73ce726b8a225b3614ee21ceb1e1e5356a30596e5a015d,True,1,4488,4487,e464448808db99d13b73ce726b8a225b3614ee21ceb1e1e5356a30596e5a015d,e464448808db99d13b73ce726b8a225b3614ee21ceb1e1e5356a30596e5a015d,True,0
train,96,247,2583,746591ff96bdfbb2b47b2744e6b605a0b59396b9fa5f507a8b4c67181c60eeb6,True,1,4488,4487,746591ff96bdfbb2b47b2744e6b605a0b59396b9fa5f507a8b4c67181c60eeb6,746591ff96bdfbb2b47b2744e6b605a0b59396b9fa5f507a8b4c67181c60eeb6,True,0
train,97,254,507,0a59d4dd241d88a64f380202eabc8d46a03b3639ef6dd62449eaafea030ccddb,True,1,4488,4487,0a59d4dd241d88a64f380202eabc8d46a03b3639ef6dd62449eaafea030ccddb,0a59d4dd241d88a64f380202eabc8d46a03b3639ef6dd62449eaafea030ccddb,True,0
train,98,256,756,f5026c79288c6c1be40788a397430195867ce5143dacff310586aa42462fe38f,True,1,4488,4487,f5026c79288c6c1be40788a397430195867ce5143dacff310586aa42462fe38f,f5026c79288c6c1be40788a397430195867ce5143dacff310586aa42462fe38f,True,0
train,99,258,1153,8319cc41356a8ab610535df4945316fec514526a918c25fa6439e2b63b12bfae,True,1,4488,4487,8319cc41356a8ab610535df4945316fec514526a918c25fa6439e2b63b12bfae,8319cc41356a8ab610535df4945316fec514526a918c25fa6439e2b63b12bfae,True,0
train,100,259,2537,21c9456d4bfdf9dca973d1f1a34dbc8d1f0ab326308ee08482b003888dbe42f1,True,1,4488,4487,21c9456d4bfdf9dca973d1f1a34dbc8d1f0ab326308ee08482b003888dbe42f1,21c9456d4bfdf9dca973d1f1a34dbc8d1f0ab326308ee08482b003888dbe42f1,True,0
train,101,265,1441,b86f6b65df031ef689b783d50f4221a25d978147d7b58ee51bc9e70c40ffe77e,True,1,4488,4487,b86f6b65df031ef689b783d50f4221a25d978147d7b58ee51bc9e70c40ffe77e,b86f6b65df031ef689b783d50f4221a25d978147d7b58ee51bc9e70c40ffe77e,True,0
train,102,266,2229,1389682e4055d440bbab33494ff1369513f12de314f928baf1dff4b19e03c2af,True,1,4488,4487,1389682e4055d440bbab33494ff1369513f12de314f928baf1dff4b19e03c2af,1389682e4055d440bbab33494ff1369513f12de314f928baf1dff4b19e03c2af,True,0
train,103,270,279,1b7e5dcaf32eaf6ca1a453e0b159a865a2d38f81f4a850ae7842db6d70cae27a,True,1,4488,4487,1b7e5dcaf32eaf6ca1a453e0b159a865a2d38f81f4a850ae7842db6d70cae27a,1b7e5dcaf32eaf6ca1a453e0b159a865a2d38f81f4a850ae7842db6d70cae27a,True,0
train,104,270,1195,e2c72a7ed917b4c8b4e4b9f1d4919c5f4170789daffba3c6522cc33d92437aaf,True,1,4488,4487,e2c72a7ed917b4c8b4e4b9f1d4919c5f4170789daffba3c6522cc33d92437aaf,e2c72a7ed917b4c8b4e4b9f1d4919c5f4170789daffba3c6522cc33d92437aaf,True,0
train,105,271,1970,997e3b75af72df6336a2dc199ad52490690b90978ed50b3a81c4fad60d69f29a,True,1,4488,4487,997e3b75af72df6336a2dc199ad52490690b90978ed50b3a81c4fad60d69f29a,997e3b75af72df6336a2dc199ad52490690b90978ed50b3a81c4fad60d69f29a,True,0
train,106,279,2280,0459b8955905a47f519dbd651e16adaf1078843e1a97d24bec6b05f4f753e273,True,1,4488,4487,0459b8955905a47f519dbd651e16adaf1078843e1a97d24bec6b05f4f753e273,0459b8955905a47f519dbd651e16adaf1078843e1a97d24bec6b05f4f753e273,True,0
train,107,298,607,85b603654cc19bbb7ad3d959976857465b40687c24abcc310f0de90294d113c7,True,1,4488,4487,85b603654cc19bbb7ad3d959976857465b40687c24abcc310f0de90294d113c7,85b603654cc19bbb7ad3d959976857465b40687c24abcc310f0de90294d113c7,True,0
train,108,306,573,8725c17ddf3acd3b2918ec1e984bf07b6d36512fcb618e56a94b4ad54784bf46,True,1,4488,4487,8725c17ddf3acd3b2918ec1e984bf07b6d36512fcb618e56a94b4ad54784bf46,8725c17ddf3acd3b2918ec1e984bf07b6d36512fcb618e56a94b4ad54784bf46,True,0
train,109,306,1009,8a2015008efff4b3ada03bd614e72517d36e218a097b69c9ddf3b4d23342bb18,True,1,4488,4487,8a2015008efff4b3ada03bd614e72517d36e218a097b69c9ddf3b4d23342bb18,8a2015008efff4b3ada03bd614e72517d36e218a097b69c9ddf3b4d23342bb18,True,0
train,110,306,1782,70c51cbcf746b794851741eb97d95f9d21a0cd26f56be617220330e8cb74f82d,True,1,4488,4487,70c51cbcf746b794851741eb97d95f9d21a0cd26f56be617220330e8cb74f82d,70c51cbcf746b794851741eb97d95f9d21a0cd26f56be617220330e8cb74f82d,True,0
train,111,306,1802,b44e918efff72ba46b09a884ec46dc6563ced4114249f5da986f1f5ac0d12849,True,1,4488,4487,b44e918efff72ba46b09a884ec46dc6563ced4114249f5da986f1f5ac0d12849,b44e918efff72ba46b09a884ec46dc6563ced4114249f5da986f1f5ac0d12849,True,0
train,112,306,2091,5a12c1f8b5314e65541cdb7851129a413e39a29259e8d81a1fc2881eab06c618,True,1,4488,4487,5a12c1f8b5314e65541cdb7851129a413e39a29259e8d81a1fc2881eab06c618,5a12c1f8b5314e65541cdb7851129a413e39a29259e8d81a1fc2881eab06c618,True,0
train,113,308,2045,e61bc2dbe08716ba11393e59ae9787e87c8ae41063bc3d3210348ef0cb5ff35a,True,1,4488,4487,e61bc2dbe08716ba11393e59ae9787e87c8ae41063bc3d3210348ef0cb5ff35a,e61bc2dbe08716ba11393e59ae9787e87c8ae41063bc3d3210348ef0cb5ff35a,True,0
train,114,310,1581,f896b77a789080896b3248d05f43ddc24b5f811e71bf63b6547679c919d3aa74,True,1,4488,4487,f896b77a789080896b3248d05f43ddc24b5f811e71bf63b6547679c919d3aa74,f896b77a789080896b3248d05f43ddc24b5f811e71bf63b6547679c919d3aa74,True,0
train,115,310,1815,7a1f3477666e2b1decdb59bd094cbdded6ab7a4662981b04ba1c613857409505,True,1,4488,4487,7a1f3477666e2b1decdb59bd094cbdded6ab7a4662981b04ba1c613857409505,7a1f3477666e2b1decdb59bd094cbdded6ab7a4662981b04ba1c613857409505,True,0
train,116,310,1945,1ccf5e7d6d79d28e414c52424726a57e77283bca95c7ed11f5144ee711a97bbe,True,1,4488,4487,1ccf5e7d6d79d28e414c52424726a57e77283bca95c7ed11f5144ee711a97bbe,1ccf5e7d6d79d28e414c52424726a57e77283bca95c7ed11f5144ee711a97bbe,True,0
train,117,311,1865,9215b935c24e3d0e5b10dd7a66d30835ff63284532a5513afb215f62327d7cbc,True,1,4488,4487,9215b935c24e3d0e5b10dd7a66d30835ff63284532a5513afb215f62327d7cbc,9215b935c24e3d0e5b10dd7a66d30835ff63284532a5513afb215f62327d7cbc,True,0
train,118,312,1610,483ddbab73e3b67e73b08e93efacd3e59b7452f0f1f5e8da9fd3b35053d83646,True,1,4488,4487,483ddbab73e3b67e73b08e93efacd3e59b7452f0f1f5e8da9fd3b35053d83646,483ddbab73e3b67e73b08e93efacd3e59b7452f0f1f5e8da9fd3b35053d83646,True,0
train,119,313,2296,a010caa036f10c4490ac296bac0129d7292ec4f864e6a3476c26411d9b07792b,True,1,4488,4487,a010caa036f10c4490ac296bac0129d7292ec4f864e6a3476c26411d9b07792b,a010caa036f10c4490ac296bac0129d7292ec4f864e6a3476c26411d9b07792b,True,0
train,120,316,598,f7da3f552e1fb0e8205a02f58ffbd5660c3b7d54cf43822f61938bce5080b804,True,1,4488,4487,f7da3f552e1fb0e8205a02f58ffbd5660c3b7d54cf43822f61938bce5080b804,f7da3f552e1fb0e8205a02f58ffbd5660c3b7d54cf43822f61938bce5080b804,True,0
train,121,316,1868,1f38049f5f668f5def571f3f462ba6f5900f87184b97e3ef8bc5152218dd0b35,True,1,4488,4487,1f38049f5f668f5def571f3f462ba6f5900f87184b97e3ef8bc5152218dd0b35,1f38049f5f668f5def571f3f462ba6f5900f87184b97e3ef8bc5152218dd0b35,True,0
train,122,317,1785,c7615423f407c0a2d82c0f5afb5245b6df6438be904eb70b134ed165f2e73df2,True,1,4488,4487,c7615423f407c0a2d82c0f5afb5245b6df6438be904eb70b134ed165f2e73df2,c7615423f407c0a2d82c0f5afb5245b6df6438be904eb70b134ed165f2e73df2,True,0
train,123,323,2022,dacfa206e8e492b83801040f1d47f49274ca89ca8da219e6a1252f35cad0d68b,True,1,4488,4487,dacfa206e8e492b83801040f1d47f49274ca89ca8da219e6a1252f35cad0d68b,dacfa206e8e492b83801040f1d47f49274ca89ca8da219e6a1252f35cad0d68b,True,0
train,124,327,2064,3dd2a5e1a31fcd8b1a8b056e957141dc8d1596518a0cea306000e8e8b22fa835,True,1,4488,4487,3dd2a5e1a31fcd8b1a8b056e957141dc8d1596518a0cea306000e8e8b22fa835,3dd2a5e1a31fcd8b1a8b056e957141dc8d1596518a0cea306000e8e8b22fa835,True,0
train,125,329,1798,06b3edd71c6656ec80714ff43340aa15bf7d7132b07386e5cb472f072a6abdf0,True,1,4488,4487,06b3edd71c6656ec80714ff43340aa15bf7d7132b07386e5cb472f072a6abdf0,06b3edd71c6656ec80714ff43340aa15bf7d7132b07386e5cb472f072a6abdf0,True,0
train,126,332,2003,2ff11aa24a47fa2b5769393bdc821f83f14fd9a075e3df83bea6c33e67bc74b5,True,1,4488,4487,2ff11aa24a47fa2b5769393bdc821f83f14fd9a075e3df83bea6c33e67bc74b5,2ff11aa24a47fa2b5769393bdc821f83f14fd9a075e3df83bea6c33e67bc74b5,True,0
train,127,334,1013,edb98667ef9917a3658123a508c42fe2a1351a71e197617c5f4e6c648422b61c,True,1,4488,4487,edb98667ef9917a3658123a508c42fe2a1351a71e197617c5f4e6c648422b61c,edb98667ef9917a3658123a508c42fe2a1351a71e197617c5f4e6c648422b61c,True,0
train,128,337,1499,94c5bf06e2a9d66e5e15b20457ff800e5edd142df4ad9a6d94531c98d9ffbd31,True,1,4488,4487,94c5bf06e2a9d66e5e15b20457ff800e5edd142df4ad9a6d94531c98d9ffbd31,94c5bf06e2a9d66e5e15b20457ff800e5edd142df4ad9a6d94531c98d9ffbd31,True,0
train,129,340,584,e155695ca424ae080722caa879db9a28998f2bb290bc6c35cd9c784e68051189,True,1,4488,4487,e155695ca424ae080722caa879db9a28998f2bb290bc6c35cd9c784e68051189,e155695ca424ae080722caa879db9a28998f2bb290bc6c35cd9c784e68051189,True,0
train,130,341,613,31c9b5f8d0a09f6867544e6774ee91772e1141151c8f8c85c122bf98a1acc482,True,1,4488,4487,31c9b5f8d0a09f6867544e6774ee91772e1141151c8f8c85c122bf98a1acc482,31c9b5f8d0a09f6867544e6774ee91772e1141151c8f8c85c122bf98a1acc482,True,0
train,131,349,2427,0a78fb94f62e57e4abd6700e2d3f16da5535193522bd35d4d3a3f70f6be26dc5,True,1,4488,4487,0a78fb94f62e57e4abd6700e2d3f16da5535193522bd35d4d3a3f70f6be26dc5,0a78fb94f62e57e4abd6700e2d3f16da5535193522bd35d4d3a3f70f6be26dc5,True,0
train,132,357,657,4b43ef18c628ab1f102d49b7ce2fc50e3dd26244bd64cb98f9b448f4fbe8e2d9,True,1,4488,4487,4b43ef18c628ab1f102d49b7ce2fc50e3dd26244bd64cb98f9b448f4fbe8e2d9,4b43ef18c628ab1f102d49b7ce2fc50e3dd26244bd64cb98f9b448f4fbe8e2d9,True,0
train,133,360,1409,1b62d6d6108a0246d960bf95ad9cdf869318dbaadd13e06c8e77c136c24d9006,True,1,4488,4487,1b62d6d6108a0246d960bf95ad9cdf869318dbaadd13e06c8e77c136c24d9006,1b62d6d6108a0246d960bf95ad9cdf869318dbaadd13e06c8e77c136c24d9006,True,0
train,134,364,819,369fce7ebf6224812093e020570a4674b46616347681b238a8e98420df9b1318,True,1,4488,4487,369fce7ebf6224812093e020570a4674b46616347681b238a8e98420df9b1318,369fce7ebf6224812093e020570a4674b46616347681b238a8e98420df9b1318,True,0
train,135,367,2083,713744264fd22bf5b3e7242a93cd1dec96de88d57c8a1174143932f38b69d621,True,1,4488,4487,713744264fd22bf5b3e7242a93cd1dec96de88d57c8a1174143932f38b69d621,713744264fd22bf5b3e7242a93cd1dec96de88d57c8a1174143932f38b69d621,True,0
train,136,368,996,9e18fa2f7b20f002975bbfb03d45532ec9ceec8e0f9faa9aa9141162beab38ae,True,1,4488,4487,9e18fa2f7b20f002975bbfb03d45532ec9ceec8e0f9faa9aa9141162beab38ae,9e18fa2f7b20f002975bbfb03d45532ec9ceec8e0f9faa9aa9141162beab38ae,True,0
train,137,371,1414,cd036d933a22cf62e9b5b7dbf868900377cbea1be890c2acbc2857c09168dbed,True,1,4488,4487,cd036d933a22cf62e9b5b7dbf868900377cbea1be890c2acbc2857c09168dbed,cd036d933a22cf62e9b5b7dbf868900377cbea1be890c2acbc2857c09168dbed,True,0
train,138,373,1025,96bed30f8478f97467749c1fad1cbf6da07be6584a7ffeee31aec49f57a912ee,True,1,4488,4487,96bed30f8478f97467749c1fad1cbf6da07be6584a7ffeee31aec49f57a912ee,96bed30f8478f97467749c1fad1cbf6da07be6584a7ffeee31aec49f57a912ee,True,0
train,139,374,413,7eac1e66715f97078f1bb53fac9d34f0ada50e5ffe7f66538442a646d8a5d264,True,1,4488,4487,7eac1e66715f97078f1bb53fac9d34f0ada50e5ffe7f66538442a646d8a5d264,7eac1e66715f97078f1bb53fac9d34f0ada50e5ffe7f66538442a646d8a5d264,True,0
train,140,375,2435,b62c685bc9b71f5024efb4f1dcddd78ce6322592bdbe4e3069e7353af3fedf54,True,1,4488,4487,b62c685bc9b71f5024efb4f1dcddd78ce6322592bdbe4e3069e7353af3fedf54,b62c685bc9b71f5024efb4f1dcddd78ce6322592bdbe4e3069e7353af3fedf54,True,0
train,141,379,904,113fa6cb1317c3ba0a76753bdac9b8cac614c1cd4a87c36c5d5e132ec7022e28,True,1,4488,4487,113fa6cb1317c3ba0a76753bdac9b8cac614c1cd4a87c36c5d5e132ec7022e28,113fa6cb1317c3ba0a76753bdac9b8cac614c1cd4a87c36c5d5e132ec7022e28,True,0
train,142,384,1624,35af34a9fb6afd970065295fea6f93435fdc1652122268d34024a8d52cc25ea6,True,1,4488,4487,35af34a9fb6afd970065295fea6f93435fdc1652122268d34024a8d52cc25ea6,35af34a9fb6afd970065295fea6f93435fdc1652122268d34024a8d52cc25ea6,True,0
train,143,389,905,3f07a9373cfb8ecb1002dc966daec89bb75a26a53b1535dc3f1c838f43693f8f,True,1,4488,4487,3f07a9373cfb8ecb1002dc966daec89bb75a26a53b1535dc3f1c838f43693f8f,3f07a9373cfb8ecb1002dc966daec89bb75a26a53b1535dc3f1c838f43693f8f,True,0
train,144,391,493,7eb7303241fda40f82b34ee53655a8973b253ad4aea9ff5fb82e35ca59fe7228,True,1,4488,4487,7eb7303241fda40f82b34ee53655a8973b253ad4aea9ff5fb82e35ca59fe7228,7eb7303241fda40f82b34ee53655a8973b253ad4aea9ff5fb82e35ca59fe7228,True,0
train,145,392,1619,fab1e429c96e227e8496afe3a2f454a11f9206ced00a6400c1e4c17766826d91,True,1,4488,4487,fab1e429c96e227e8496afe3a2f454a11f9206ced00a6400c1e4c17766826d91,fab1e429c96e227e8496afe3a2f454a11f9206ced00a6400c1e4c17766826d91,True,0
train,146,392,1825,0a55c18487d670e6fd560e6cd8c13494b0c0dc6fe9eab23469ab7ee631fdcaa3,True,1,4488,4487,0a55c18487d670e6fd560e6cd8c13494b0c0dc6fe9eab23469ab7ee631fdcaa3,0a55c18487d670e6fd560e6cd8c13494b0c0dc6fe9eab23469ab7ee631fdcaa3,True,0
train,147,395,1147,55cb8fa2e99732cb2c8a19c5db3ccf6cd3aad4e5bf9fc85afb15f469af80e6e0,True,1,4488,4487,55cb8fa2e99732cb2c8a19c5db3ccf6cd3aad4e5bf9fc85afb15f469af80e6e0,55cb8fa2e99732cb2c8a19c5db3ccf6cd3aad4e5bf9fc85afb15f469af80e6e0,True,0
train,148,397,665,8fe847931669b9ef1ba53d340343b23d314017b73c92db3d02d434cee326ee7f,True,1,4488,4487,8fe847931669b9ef1ba53d340343b23d314017b73c92db3d02d434cee326ee7f,8fe847931669b9ef1ba53d340343b23d314017b73c92db3d02d434cee326ee7f,True,0
train,149,397,879,ddf3c2c509fa45c0c85ea0ae840399d426df60fc0c9317e2ad9a93a6c1ea82ed,True,1,4488,4487,ddf3c2c509fa45c0c85ea0ae840399d426df60fc0c9317e2ad9a93a6c1ea82ed,ddf3c2c509fa45c0c85ea0ae840399d426df60fc0c9317e2ad9a93a6c1ea82ed,True,0
train,150,403,464,15cca6096d8f7a4be4a25206222e2ef62fe3ce41cfc1bdded717dc1b7fe97d88,True,1,4488,4487,15cca6096d8f7a4be4a25206222e2ef62fe3ce41cfc1bdded717dc1b7fe97d88,15cca6096d8f7a4be4a25206222e2ef62fe3ce41cfc1bdded717dc1b7fe97d88,True,0
train,151,406,505,0a665ad35ae37c94950f5c01c4748a258792805666bddf3726fa7323d8db134d,True,1,4488,4487,0a665ad35ae37c94950f5c01c4748a258792805666bddf3726fa7323d8db134d,0a665ad35ae37c94950f5c01c4748a258792805666bddf3726fa7323d8db134d,True,0
train,152,407,1682,fc3874e40e5d29b94c261525172544d060ce27895db64d41cf9927d36fb13bbe,True,1,4488,4487,fc3874e40e5d29b94c261525172544d060ce27895db64d41cf9927d36fb13bbe,fc3874e40e5d29b94c261525172544d060ce27895db64d41cf9927d36fb13bbe,True,0
train,153,408,2056,c29c29ccdde909d00fa4486e9036b0d150326cfdd48c88f0112e24fcfe5d7cae,True,1,4488,4487,c29c29ccdde909d00fa4486e9036b0d150326cfdd48c88f0112e24fcfe5d7cae,c29c29ccdde909d00fa4486e9036b0d150326cfdd48c88f0112e24fcfe5d7cae,True,0
train,154,415,1677,afc5b32a93e853904566577533e4a9441c7daf8d75fd4c1e12593261daa7ec99,True,1,4488,4487,afc5b32a93e853904566577533e4a9441c7daf8d75fd4c1e12593261daa7ec99,afc5b32a93e853904566577533e4a9441c7daf8d75fd4c1e12593261daa7ec99,True,0
train,155,417,2494,166ac0ca266f57563ef397fbd500e64b31156ab292f5f8a30600b7ad944005ca,True,1,4488,4487,166ac0ca266f57563ef397fbd500e64b31156ab292f5f8a30600b7ad944005ca,166ac0ca266f57563ef397fbd500e64b31156ab292f5f8a30600b7ad944005ca,True,0
train,156,426,1805,3b0de1168ef66ecce80bfc965430167f2a7ddcd59d0ee68bf7ac097be3f54b9f,True,1,4488,4487,3b0de1168ef66ecce80bfc965430167f2a7ddcd59d0ee68bf7ac097be3f54b9f,3b0de1168ef66ecce80bfc965430167f2a7ddcd59d0ee68bf7ac097be3f54b9f,True,0
train,157,429,794,62cb1937382af7b5436d03bdacf8582bf94659ec3e9827278041c2c21d4349c6,True,1,4488,4487,62cb1937382af7b5436d03bdacf8582bf94659ec3e9827278041c2c21d4349c6,62cb1937382af7b5436d03bdacf8582bf94659ec3e9827278041c2c21d4349c6,True,0
train,158,429,1618,a5d596609c3486c90c561b1aa435ad89b30e27a7e93a169aa4f0bc25009c8787,True,1,4488,4487,a5d596609c3486c90c561b1aa435ad89b30e27a7e93a169aa4f0bc25009c8787,a5d596609c3486c90c561b1aa435ad89b30e27a7e93a169aa4f0bc25009c8787,True,0
train,159,435,1912,d9167fb58faf3438140e21dd8257004afb44368dbc4a69d5c409d67cc7d94a2b,True,1,4488,4487,d9167fb58faf3438140e21dd8257004afb44368dbc4a69d5c409d67cc7d94a2b,d9167fb58faf3438140e21dd8257004afb44368dbc4a69d5c409d67cc7d94a2b,True,0
train,160,437,718,4abf6c0294532dd667f12575dc33e9e1a934594e54fc13d241cc82661d445cf9,True,1,4488,4487,4abf6c0294532dd667f12575dc33e9e1a934594e54fc13d241cc82661d445cf9,4abf6c0294532dd667f12575dc33e9e1a934594e54fc13d241cc82661d445cf9,True,0
train,161,438,1983,4ab54b7c22fa4c4e2185345214518684683d0750b5e878209012e4dc734cd744,True,1,4488,4487,4ab54b7c22fa4c4e2185345214518684683d0750b5e878209012e4dc734cd744,4ab54b7c22fa4c4e2185345214518684683d0750b5e878209012e4dc734cd744,True,0
train,162,441,2184,9bfe3cc721165636dc576ae128420650233d8df6aabfe346bee0c2b9dd643e04,True,1,4488,4487,9bfe3cc721165636dc576ae128420650233d8df6aabfe346bee0c2b9dd643e04,9bfe3cc721165636dc576ae128420650233d8df6aabfe346bee0c2b9dd643e04,True,0
train,163,470,652,c67daa16aa3dfea4bd7bdde2f1065710a75fbde076df4fd1d5d1b78ae47b2088,True,1,4488,4487,c67daa16aa3dfea4bd7bdde2f1065710a75fbde076df4fd1d5d1b78ae47b2088,c67daa16aa3dfea4bd7bdde2f1065710a75fbde076df4fd1d5d1b78ae47b2088,True,0
train,164,475,2219,4b8563d2c899c0dd7d73cd083f6277130786f2296f86ddedbd5ecfcdd81d2593,True,1,4488,4487,4b8563d2c899c0dd7d73cd083f6277130786f2296f86ddedbd5ecfcdd81d2593,4b8563d2c899c0dd7d73cd083f6277130786f2296f86ddedbd5ecfcdd81d2593,True,0
train,165,480,1426,4e6799beb5ba0270ffb6d795b37c3eb34a0fbc6be0d423239dd30653857e223d,True,1,4488,4487,4e6799beb5ba0270ffb6d795b37c3eb34a0fbc6be0d423239dd30653857e223d,4e6799beb5ba0270ffb6d795b37c3eb34a0fbc6be0d423239dd30653857e223d,True,0
train,166,484,2081,7c248e8e9b6880241d07c31f82d86c6c170921fe1fe0e0ea868a22429f174f6e,True,1,4488,4487,7c248e8e9b6880241d07c31f82d86c6c170921fe1fe0e0ea868a22429f174f6e,7c248e8e9b6880241d07c31f82d86c6c170921fe1fe0e0ea868a22429f174f6e,True,0
train,167,485,2219,ee7868058d7740f1d3dcea1a8666fbaf0a73c2e849310a993a3c4f32bd69b2e9,True,1,4488,4487,ee7868058d7740f1d3dcea1a8666fbaf0a73c2e849310a993a3c4f32bd69b2e9,ee7868058d7740f1d3dcea1a8666fbaf0a73c2e849310a993a3c4f32bd69b2e9,True,0
train,168,487,2026,15c914cc20303beae1489785632c5f1a6cb4fba9e270f29588db71a7fc2c601a,True,1,4488,4487,15c914cc20303beae1489785632c5f1a6cb4fba9e270f29588db71a7fc2c601a,15c914cc20303beae1489785632c5f1a6cb4fba9e270f29588db71a7fc2c601a,True,0
train,169,492,2678,dc13380fc4d5881519e7596ddd657e94e92b22737b3d273b5e7b9d05d5334eb7,True,1,4488,4487,dc13380fc4d5881519e7596ddd657e94e92b22737b3d273b5e7b9d05d5334eb7,dc13380fc4d5881519e7596ddd657e94e92b22737b3d273b5e7b9d05d5334eb7,True,0
train,170,500,2241,569a1f4e0edcd9ce637532eeb6df4422b63eb9eb33132301023aa62ed1f25168,True,1,4488,4487,569a1f4e0edcd9ce637532eeb6df4422b63eb9eb33132301023aa62ed1f25168,569a1f4e0edcd9ce637532eeb6df4422b63eb9eb33132301023aa62ed1f25168,True,0
train,171,502,1976,cf65e72099fd991e841dc73f47576a559a8b749e4665ca25e0f490a9953b04b9,True,1,4488,4487,cf65e72099fd991e841dc73f47576a559a8b749e4665ca25e0f490a9953b04b9,cf65e72099fd991e841dc73f47576a559a8b749e4665ca25e0f490a9953b04b9,True,0
train,172,505,1560,0924ae64450fec19f7a1ae40b9d04adbcc7ff5ee09fd2fdb13f63ae86c6d94fc,True,1,4488,4487,0924ae64450fec19f7a1ae40b9d04adbcc7ff5ee09fd2fdb13f63ae86c6d94fc,0924ae64450fec19f7a1ae40b9d04adbcc7ff5ee09fd2fdb13f63ae86c6d94fc,True,0
train,173,505,2083,ec9295008855c6936303dd24e9283474ab103db4f4acc1e9e90bf5bb49a1a9cc,True,1,4488,4487,ec9295008855c6936303dd24e9283474ab103db4f4acc1e9e90bf5bb49a1a9cc,ec9295008855c6936303dd24e9283474ab103db4f4acc1e9e90bf5bb49a1a9cc,True,0
train,174,506,1918,e6559da8f7ba75b8b8cf706b97b488d0c1c32919fa69395e29600d5fab5a9de9,True,1,4488,4487,e6559da8f7ba75b8b8cf706b97b488d0c1c32919fa69395e29600d5fab5a9de9,e6559da8f7ba75b8b8cf706b97b488d0c1c32919fa69395e29600d5fab5a9de9,True,0
train,175,508,2325,27333ab659ef6697fce400d8fb5005890b47a926ecbaa75d1161d25bdb9fd9ad,True,1,4488,4487,27333ab659ef6697fce400d8fb5005890b47a926ecbaa75d1161d25bdb9fd9ad,27333ab659ef6697fce400d8fb5005890b47a926ecbaa75d1161d25bdb9fd9ad,True,0
train,176,509,1101,a5e4eecb60e6f62f7d8c0baa872875c58a90e6ac6e061bbbd9ed0994006e49e4,True,1,4488,4487,a5e4eecb60e6f62f7d8c0baa872875c58a90e6ac6e061bbbd9ed0994006e49e4,a5e4eecb60e6f62f7d8c0baa872875c58a90e6ac6e061bbbd9ed0994006e49e4,True,0
train,177,509,2148,898597048aa9138591b0ed29d25fa0b5a2555fedd3df4d0e8339c9ebcb9987d6,True,1,4488,4487,898597048aa9138591b0ed29d25fa0b5a2555fedd3df4d0e8339c9ebcb9987d6,898597048aa9138591b0ed29d25fa0b5a2555fedd3df4d0e8339c9ebcb9987d6,True,0
train,178,515,2547,6686ae6cd4d6b0e2dbea6485770c1981948d498b6a7bf84188783a4f2a0a4ac6,True,1,4488,4487,6686ae6cd4d6b0e2dbea6485770c1981948d498b6a7bf84188783a4f2a0a4ac6,6686ae6cd4d6b0e2dbea6485770c1981948d498b6a7bf84188783a4f2a0a4ac6,True,0
train,179,522,2097,d70a5d38f272341c576a662f1fd5c7b95df3dbb525a1088878eecd0f6344088e,True,1,4488,4487,d70a5d38f272341c576a662f1fd5c7b95df3dbb525a1088878eecd0f6344088e,d70a5d38f272341c576a662f1fd5c7b95df3dbb525a1088878eecd0f6344088e,True,0
train,180,524,1358,085ffabc0a15f20726a64a9d077f1edc64287bb54d767e6fddda9cac23791860,True,1,4488,4487,085ffabc0a15f20726a64a9d077f1edc64287bb54d767e6fddda9cac23791860,085ffabc0a15f20726a64a9d077f1edc64287bb54d767e6fddda9cac23791860,True,0
train,181,525,2054,1a1c156d27c6e111f56d6ea24b231f72659f7b75063448a18fdd92fb23ed0da8,True,1,4488,4487,1a1c156d27c6e111f56d6ea24b231f72659f7b75063448a18fdd92fb23ed0da8,1a1c156d27c6e111f56d6ea24b231f72659f7b75063448a18fdd92fb23ed0da8,True,0
train,182,530,1505,e2bb26bc59c03c5c02b44c4d214191ef028a7a5ceb354a858002ef9d4179c755,True,1,4488,4487,e2bb26bc59c03c5c02b44c4d214191ef028a7a5ceb354a858002ef9d4179c755,e2bb26bc59c03c5c02b44c4d214191ef028a7a5ceb354a858002ef9d4179c755,True,0
train,183,531,2308,627a0c8dae1150620d6befc434e7554c80c14e3f09f2ef9137e47856de4a649b,True,1,4488,4487,627a0c8dae1150620d6befc434e7554c80c14e3f09f2ef9137e47856de4a649b,627a0c8dae1150620d6befc434e7554c80c14e3f09f2ef9137e47856de4a649b,True,0
train,184,540,2527,d0e5945c97f9d251113a808cd0a66c3ea6f84cd8e1b18cf60e23dd118c5f70ab,True,1,4488,4487,d0e5945c97f9d251113a808cd0a66c3ea6f84cd8e1b18cf60e23dd118c5f70ab,d0e5945c97f9d251113a808cd0a66c3ea6f84cd8e1b18cf60e23dd118c5f70ab,True,0
train,185,541,904,e4c6cb5986476f91f88ec8db70450f03acd34cc7bc5c69dba9f973266dafeee8,True,1,4488,4487,e4c6cb5986476f91f88ec8db70450f03acd34cc7bc5c69dba9f973266dafeee8,e4c6cb5986476f91f88ec8db70450f03acd34cc7bc5c69dba9f973266dafeee8,True,0
train,186,548,1523,3d441154ebc22cfb4159eeb397bb0a562dac8d061651759611a4326e72eef931,True,1,4488,4487,3d441154ebc22cfb4159eeb397bb0a562dac8d061651759611a4326e72eef931,3d441154ebc22cfb4159eeb397bb0a562dac8d061651759611a4326e72eef931,True,0
train,187,554,685,098af440c23c6bf40b892f5261bfbd630d79b09df4fa1c14a72b1d7ab3df0cc3,True,1,4488,4487,098af440c23c6bf40b892f5261bfbd630d79b09df4fa1c14a72b1d7ab3df0cc3,098af440c23c6bf40b892f5261bfbd630d79b09df4fa1c14a72b1d7ab3df0cc3,True,0
train,188,565,1610,089bb54fe10e55cfb717f81bac44ff8ccf125a5ebb1071287639b93435c4bc3b,True,1,4488,4487,089bb54fe10e55cfb717f81bac44ff8ccf125a5ebb1071287639b93435c4bc3b,089bb54fe10e55cfb717f81bac44ff8ccf125a5ebb1071287639b93435c4bc3b,True,0
train,189,572,2025,6873b6bf290a5d14694aa9d86b77d352bb8e594827a06e9dfdd82efa37ae3312,True,1,4488,4487,6873b6bf290a5d14694aa9d86b77d352bb8e594827a06e9dfdd82efa37ae3312,6873b6bf290a5d14694aa9d86b77d352bb8e594827a06e9dfdd82efa37ae3312,True,0
train,190,588,698,7742713e8e2090af5b2372dc30888a9abb6cdeb45a73b3dd6675bb4e967c0690,True,1,4488,4487,7742713e8e2090af5b2372dc30888a9abb6cdeb45a73b3dd6675bb4e967c0690,7742713e8e2090af5b2372dc30888a9abb6cdeb45a73b3dd6675bb4e967c0690,True,0
train,191,591,2472,4b8ba901eb487d7c06ced9c048e42d34d621b381cb270c2d8cda0c95989b48fe,True,1,4488,4487,4b8ba901eb487d7c06ced9c048e42d34d621b381cb270c2d8cda0c95989b48fe,4b8ba901eb487d7c06ced9c048e42d34d621b381cb270c2d8cda0c95989b48fe,True,0
train,192,597,1628,6d7ff69a9e2874126f58e0dd3f5c5e62dcf6f8311d143ef0342ecf26e6d487f7,True,1,4488,4487,6d7ff69a9e2874126f58e0dd3f5c5e62dcf6f8311d143ef0342ecf26e6d487f7,6d7ff69a9e2874126f58e0dd3f5c5e62dcf6f8311d143ef0342ecf26e6d487f7,True,0
train,193,598,1107,aea1df292a7e7267cc210c764c44cef8cc059417363d09fa9e7f8f5dacacadda,True,1,4488,4487,aea1df292a7e7267cc210c764c44cef8cc059417363d09fa9e7f8f5dacacadda,aea1df292a7e7267cc210c764c44cef8cc059417363d09fa9e7f8f5dacacadda,True,0
train,194,598,1870,a5da7726a2b8e209d5dfb30dc9e7cec0a08d57fd74406e40f48f82fbcc37a4b4,True,1,4488,4487,a5da7726a2b8e209d5dfb30dc9e7cec0a08d57fd74406e40f48f82fbcc37a4b4,a5da7726a2b8e209d5dfb30dc9e7cec0a08d57fd74406e40f48f82fbcc37a4b4,True,0
train,195,604,1351,ecbc1b001a185c1caaea3516091d92dd93efd97bad287af8829ef91ebaec2f72,True,1,4488,4487,ecbc1b001a185c1caaea3516091d92dd93efd97bad287af8829ef91ebaec2f72,ecbc1b001a185c1caaea3516091d92dd93efd97bad287af8829ef91ebaec2f72,True,0
train,196,607,1664,608271fbb440d04d56df8caa74c67a5079087ebb368145cc2b6c28e9ce0da803,True,1,4488,4487,608271fbb440d04d56df8caa74c67a5079087ebb368145cc2b6c28e9ce0da803,608271fbb440d04d56df8caa74c67a5079087ebb368145cc2b6c28e9ce0da803,True,0
train,197,608,1623,73070deef2e7995e3927bd22331de93b917768097e9ad1078e4616cba0fa207a,True,1,4488,4487,73070deef2e7995e3927bd22331de93b917768097e9ad1078e4616cba0fa207a,73070deef2e7995e3927bd22331de93b917768097e9ad1078e4616cba0fa207a,True,0
train,198,609,883,9116213e37890254040703ff354e05d5c05c7c38b0a7822e0ee903c1b5383fe9,True,1,4488,4487,9116213e37890254040703ff354e05d5c05c7c38b0a7822e0ee903c1b5383fe9,9116213e37890254040703ff354e05d5c05c7c38b0a7822e0ee903c1b5383fe9,True,0
train,199,609,2447,8a21cdf3d5888ddfb032ba9c1bd4809a317e3254ccdafbac64650176de5611e7,True,1,4488,4487,8a21cdf3d5888ddfb032ba9c1bd4809a317e3254ccdafbac64650176de5611e7,8a21cdf3d5888ddfb032ba9c1bd4809a317e3254ccdafbac64650176de5611e7,True,0
train,200,613,1358,baf27644fb60e1dcdcd222acc81d4c83165f4c9a91f8b6774f00009ad81dfa32,True,1,4488,4487,baf27644fb60e1dcdcd222acc81d4c83165f4c9a91f8b6774f00009ad81dfa32,baf27644fb60e1dcdcd222acc81d4c83165f4c9a91f8b6774f00009ad81dfa32,True,0
train,201,617,705,2fe7ddf103826b312efeef662601a4e8c66b7581410d5bd9f7b3583a42dc7b98,True,1,4488,4487,2fe7ddf103826b312efeef662601a4e8c66b7581410d5bd9f7b3583a42dc7b98,2fe7ddf103826b312efeef662601a4e8c66b7581410d5bd9f7b3583a42dc7b98,True,0
train,202,620,923,4bb116796dbef92bf9ebc60ca4fa674962406ab6ba197bdcab1de4ae3ca3c9aa,True,1,4488,4487,4bb116796dbef92bf9ebc60ca4fa674962406ab6ba197bdcab1de4ae3ca3c9aa,4bb116796dbef92bf9ebc60ca4fa674962406ab6ba197bdcab1de4ae3ca3c9aa,True,0
train,203,623,2289,de325f449ff910e141fc719ab7084d516570827855f0359de0b34a710a01ebaf,True,1,4488,4487,de325f449ff910e141fc719ab7084d516570827855f0359de0b34a710a01ebaf,de325f449ff910e141fc719ab7084d516570827855f0359de0b34a710a01ebaf,True,0
train,204,636,2233,cbb4b3edc13bfe6eb4522151111e2c1c2c6e09bfd48fc081af9ccef5b8d13dae,True,1,4488,4487,cbb4b3edc13bfe6eb4522151111e2c1c2c6e09bfd48fc081af9ccef5b8d13dae,cbb4b3edc13bfe6eb4522151111e2c1c2c6e09bfd48fc081af9ccef5b8d13dae,True,0
train,205,638,2387,074c8f297aaba02dba4b774124d7df601abb1f9e9c1479abc0b37655a5b4acfc,True,1,4488,4487,074c8f297aaba02dba4b774124d7df601abb1f9e9c1479abc0b37655a5b4acfc,074c8f297aaba02dba4b774124d7df601abb1f9e9c1479abc0b37655a5b4acfc,True,0
train,206,640,894,7ea2318685d956f67ecd7c24ffaf4535a86d00f7c248d62cf733651a844abe38,True,1,4488,4487,7ea2318685d956f67ecd7c24ffaf4535a86d00f7c248d62cf733651a844abe38,7ea2318685d956f67ecd7c24ffaf4535a86d00f7c248d62cf733651a844abe38,True,0
train,207,640,1598,fd9760a72c0360481584b1bfe2e6c8beb1fa67b4c24a9facae5b608c85b22892,True,1,4488,4487,fd9760a72c0360481584b1bfe2e6c8beb1fa67b4c24a9facae5b608c85b22892,fd9760a72c0360481584b1bfe2e6c8beb1fa67b4c24a9facae5b608c85b22892,True,0
train,208,644,711,b1339a2e27aa779cb343447dc212bd1e323e1687b4b65026ea410a3ea2b8dc3e,True,1,4488,4487,b1339a2e27aa779cb343447dc212bd1e323e1687b4b65026ea410a3ea2b8dc3e,b1339a2e27aa779cb343447dc212bd1e323e1687b4b65026ea410a3ea2b8dc3e,True,0
train,209,644,728,eb9969d0f517e04ce205affb44bd57c945c90f09d4728f62696ec1f09387515a,True,1,4488,4487,eb9969d0f517e04ce205affb44bd57c945c90f09d4728f62696ec1f09387515a,eb9969d0f517e04ce205affb44bd57c945c90f09d4728f62696ec1f09387515a,True,0
train,210,645,1901,82a145fea057af457a0f39937c8211ab9f75ec9096ef3de7a37b60a205800ae5,True,1,4488,4487,82a145fea057af457a0f39937c8211ab9f75ec9096ef3de7a37b60a205800ae5,82a145fea057af457a0f39937c8211ab9f75ec9096ef3de7a37b60a205800ae5,True,0
train,211,650,2083,cefc45fb687133aadc0add66ce67074286e9442feb17734aa6e9368fc53872c2,True,1,4488,4487,cefc45fb687133aadc0add66ce67074286e9442feb17734aa6e9368fc53872c2,cefc45fb687133aadc0add66ce67074286e9442feb17734aa6e9368fc53872c2,True,0
train,212,651,2024,5b7f49d036f82d20f8e76aa09c9f6545b8088156d69aaa561c9531321878221f,True,1,4488,4487,5b7f49d036f82d20f8e76aa09c9f6545b8088156d69aaa561c9531321878221f,5b7f49d036f82d20f8e76aa09c9f6545b8088156d69aaa561c9531321878221f,True,0
train,213,657,1729,b6898311d8a875814cfb3162c77be511b7eb6c11e5b20d2ce048e83e1a7a03c7,True,1,4488,4487,b6898311d8a875814cfb3162c77be511b7eb6c11e5b20d2ce048e83e1a7a03c7,b6898311d8a875814cfb3162c77be511b7eb6c11e5b20d2ce048e83e1a7a03c7,True,0
train,214,662,932,8b65c68557649a2c13ad68eb1f2da711976fbf474c06a26c2a6c1ace164cd917,True,1,4488,4487,8b65c68557649a2c13ad68eb1f2da711976fbf474c06a26c2a6c1ace164cd917,8b65c68557649a2c13ad68eb1f2da711976fbf474c06a26c2a6c1ace164cd917,True,0
train,215,665,2120,902ccfb082c5114ff65084262e9b49cc5fbf4702b872e0ecf0c4b13af9c88530,True,1,4488,4487,902ccfb082c5114ff65084262e9b49cc5fbf4702b872e0ecf0c4b13af9c88530,902ccfb082c5114ff65084262e9b49cc5fbf4702b872e0ecf0c4b13af9c88530,True,0
train,216,681,1446,ba821e76e9e23cc1d6c9b59d1505347ef7e10c40f214dd25dea20f4d77a1007c,True,1,4488,4487,ba821e76e9e23cc1d6c9b59d1505347ef7e10c40f214dd25dea20f4d77a1007c,ba821e76e9e23cc1d6c9b59d1505347ef7e10c40f214dd25dea20f4d77a1007c,True,0
train,217,687,1721,a7017bd962cabae7a3cec2b544b468a6d828344be25573bb41b6ca111258e351,True,1,4488,4487,a7017bd962cabae7a3cec2b544b468a6d828344be25573bb41b6ca111258e351,a7017bd962cabae7a3cec2b544b468a6d828344be25573bb41b6ca111258e351,True,0
train,218,689,1317,9326131ffa65c26a0235423554a76d2ab93a8a294a9a5a88ebbba11459421121,True,1,4488,4487,9326131ffa65c26a0235423554a76d2ab93a8a294a9a5a88ebbba11459421121,9326131ffa65c26a0235423554a76d2ab93a8a294a9a5a88ebbba11459421121,True,0
train,219,689,1721,ba3676710d823259e18a1ef6b80de841be6ee74bfee31e86cbe8718d2d2c2161,True,1,4488,4487,ba3676710d823259e18a1ef6b80de841be6ee74bfee31e86cbe8718d2d2c2161,ba3676710d823259e18a1ef6b80de841be6ee74bfee31e86cbe8718d2d2c2161,True,0
train,220,696,1570,a41daa249232c1f0690ba9e4c22a84d458cd8898d86ea82ec6cebe87bf41e361,True,1,4488,4487,a41daa249232c1f0690ba9e4c22a84d458cd8898d86ea82ec6cebe87bf41e361,a41daa249232c1f0690ba9e4c22a84d458cd8898d86ea82ec6cebe87bf41e361,True,0
train,221,701,735,bd0840295a8184572b8b60efdf777b92082cb9b191f740819d4a08122bb512ea,True,1,4488,4487,bd0840295a8184572b8b60efdf777b92082cb9b191f740819d4a08122bb512ea,bd0840295a8184572b8b60efdf777b92082cb9b191f740819d4a08122bb512ea,True,0
train,222,702,777,f2c89c3eec3f30cd7c4a5004b6eb47c01159542cd7f6b4f50583e2973cdb99fc,True,1,4488,4487,f2c89c3eec3f30cd7c4a5004b6eb47c01159542cd7f6b4f50583e2973cdb99fc,f2c89c3eec3f30cd7c4a5004b6eb47c01159542cd7f6b4f50583e2973cdb99fc,True,0
train,223,702,2069,c8d479da5ebf9f5e7e7c02d502a35aa2042a3086cd0b68fd861bcab51e41cb31,True,1,4488,4487,c8d479da5ebf9f5e7e7c02d502a35aa2042a3086cd0b68fd861bcab51e41cb31,c8d479da5ebf9f5e7e7c02d502a35aa2042a3086cd0b68fd861bcab51e41cb31,True,0
train,224,702,2070,cdba67b3d291ae3d00e5813cbc0b603282f2ab6d4f260623e34e82ae544a4cd2,True,1,4488,4487,cdba67b3d291ae3d00e5813cbc0b603282f2ab6d4f260623e34e82ae544a4cd2,cdba67b3d291ae3d00e5813cbc0b603282f2ab6d4f260623e34e82ae544a4cd2,True,0
train,225,706,805,e8656a49ba9b839b7808ca8ee8737b53eca7ee60b8524777673d9d983a5fef8d,True,1,4488,4487,e8656a49ba9b839b7808ca8ee8737b53eca7ee60b8524777673d9d983a5fef8d,e8656a49ba9b839b7808ca8ee8737b53eca7ee60b8524777673d9d983a5fef8d,True,0
train,226,706,963,d1a8abe9f55dca1c45acf9581d722fc49973752c62a4289065d258fdcb5b93bc,True,1,4488,4487,d1a8abe9f55dca1c45acf9581d722fc49973752c62a4289065d258fdcb5b93bc,d1a8abe9f55dca1c45acf9581d722fc49973752c62a4289065d258fdcb5b93bc,True,0
train,227,708,1358,ac4d0a8231a72f03631e344c777d940d05d21e41bb6a0adb50c64c3101854d9e,True,1,4488,4487,ac4d0a8231a72f03631e344c777d940d05d21e41bb6a0adb50c64c3101854d9e,ac4d0a8231a72f03631e344c777d940d05d21e41bb6a0adb50c64c3101854d9e,True,0
train,228,711,2111,18cc117bfb8a3330af981675259afa6fad6f8b19062134edca69b362e3515723,True,1,4488,4487,18cc117bfb8a3330af981675259afa6fad6f8b19062134edca69b362e3515723,18cc117bfb8a3330af981675259afa6fad6f8b19062134edca69b362e3515723,True,0
train,229,712,850,50441778abb0627caafffc41ecc8ebe71d2ed20a3d98328cc6597d774edfb0e9,True,1,4488,4487,50441778abb0627caafffc41ecc8ebe71d2ed20a3d98328cc6597d774edfb0e9,50441778abb0627caafffc41ecc8ebe71d2ed20a3d98328cc6597d774edfb0e9,True,0
train,230,712,2480,49a880b9a3ba857f88fd7d8ae16b76bcf95c457c2aa659cbfcbbefd0f2f4aa76,True,1,4488,4487,49a880b9a3ba857f88fd7d8ae16b76bcf95c457c2aa659cbfcbbefd0f2f4aa76,49a880b9a3ba857f88fd7d8ae16b76bcf95c457c2aa659cbfcbbefd0f2f4aa76,True,0
train,231,725,1137,9cb8e59b6db06de2fa78d7f70ff906c73c5ecf1526ff03430add6035dbb25d5a,True,1,4488,4487,9cb8e59b6db06de2fa78d7f70ff906c73c5ecf1526ff03430add6035dbb25d5a,9cb8e59b6db06de2fa78d7f70ff906c73c5ecf1526ff03430add6035dbb25d5a,True,0
train,232,726,2671,61dc8009cb5e74f8f1ca6035d0ce49a4e5b5dba774b76e0371458bb13ee2eacd,True,1,4488,4487,61dc8009cb5e74f8f1ca6035d0ce49a4e5b5dba774b76e0371458bb13ee2eacd,61dc8009cb5e74f8f1ca6035d0ce49a4e5b5dba774b76e0371458bb13ee2eacd,True,0
train,233,729,2534,1b58010010d4c6d263e4bdbdf4542095bd8a11951f7b2fa1e799301dd7ff8c0c,True,1,4488,4487,1b58010010d4c6d263e4bdbdf4542095bd8a11951f7b2fa1e799301dd7ff8c0c,1b58010010d4c6d263e4bdbdf4542095bd8a11951f7b2fa1e799301dd7ff8c0c,True,0
train,234,731,2199,e6bffe2ea4f90d449f592836cf5b2ef696dc25b62fc677c22e9d283725262b68,True,1,4488,4487,e6bffe2ea4f90d449f592836cf5b2ef696dc25b62fc677c22e9d283725262b68,e6bffe2ea4f90d449f592836cf5b2ef696dc25b62fc677c22e9d283725262b68,True,0
train,235,731,2203,0e5e4ad51d4d2571f0316f68c4e8eb1a0626d0372a6fdd83c468b091a8215e59,True,1,4488,4487,0e5e4ad51d4d2571f0316f68c4e8eb1a0626d0372a6fdd83c468b091a8215e59,0e5e4ad51d4d2571f0316f68c4e8eb1a0626d0372a6fdd83c468b091a8215e59,True,0
train,236,733,1294,d31a6f2712ae4146aa6817c3dcb9a352153853000f3caec3fc2b29e54e789ab2,True,1,4488,4487,d31a6f2712ae4146aa6817c3dcb9a352153853000f3caec3fc2b29e54e789ab2,d31a6f2712ae4146aa6817c3dcb9a352153853000f3caec3fc2b29e54e789ab2,True,0
train,237,733,2301,a3dbdeca1fac3a4570a7f595baebe66ba32d29642f8e5092c6534cf7a74495c8,True,1,4488,4487,a3dbdeca1fac3a4570a7f595baebe66ba32d29642f8e5092c6534cf7a74495c8,a3dbdeca1fac3a4570a7f595baebe66ba32d29642f8e5092c6534cf7a74495c8,True,0
train,238,734,2202,5708e866f558b6e6c4c85ae65778ccc94bdf09e08f6ef0561ee4bc3816c3a822,True,1,4488,4487,5708e866f558b6e6c4c85ae65778ccc94bdf09e08f6ef0561ee4bc3816c3a822,5708e866f558b6e6c4c85ae65778ccc94bdf09e08f6ef0561ee4bc3816c3a822,True,0
train,239,735,2060,5794611d72506982a12d3a34ab1cc80d8bb54ace0d90b16b0a3db5b85b348279,True,1,4488,4487,5794611d72506982a12d3a34ab1cc80d8bb54ace0d90b16b0a3db5b85b348279,5794611d72506982a12d3a34ab1cc80d8bb54ace0d90b16b0a3db5b85b348279,True,0
train,240,735,2061,a3d273f9f0a9ed3d0fc63de2ba13557354dca80810123e0f34e44b2ab8416598,True,1,4488,4487,a3d273f9f0a9ed3d0fc63de2ba13557354dca80810123e0f34e44b2ab8416598,a3d273f9f0a9ed3d0fc63de2ba13557354dca80810123e0f34e44b2ab8416598,True,0
train,241,736,1006,fd481d83a005bf1d38f52bb5ec1ccfeca0170cfac4c5352e4d87c1c8c7e1478d,True,1,4488,4487,fd481d83a005bf1d38f52bb5ec1ccfeca0170cfac4c5352e4d87c1c8c7e1478d,fd481d83a005bf1d38f52bb5ec1ccfeca0170cfac4c5352e4d87c1c8c7e1478d,True,0
train,242,736,2202,758dec30f8a9116d4209b49240bd18b64d2b24f3716623ed29119a8529f2d57c,True,1,4488,4487,758dec30f8a9116d4209b49240bd18b64d2b24f3716623ed29119a8529f2d57c,758dec30f8a9116d4209b49240bd18b64d2b24f3716623ed29119a8529f2d57c,True,0
train,243,745,1995,ef3458c93ff44b32e34dd4d8105615648a2b1eaf93df4f7200e5029ccce3ecf5,True,1,4488,4487,ef3458c93ff44b32e34dd4d8105615648a2b1eaf93df4f7200e5029ccce3ecf5,ef3458c93ff44b32e34dd4d8105615648a2b1eaf93df4f7200e5029ccce3ecf5,True,0
train,244,747,1538,c930526039b7a41f56cc403741012437b85e2f357f0b370c3426a1ecdad45b41,True,1,4488,4487,c930526039b7a41f56cc403741012437b85e2f357f0b370c3426a1ecdad45b41,c930526039b7a41f56cc403741012437b85e2f357f0b370c3426a1ecdad45b41,True,0
train,245,752,2083,33cc9784f5930d20cb919fef6ada21d3a5c315548de1deb2d50efb41918abceb,True,1,4488,4487,33cc9784f5930d20cb919fef6ada21d3a5c315548de1deb2d50efb41918abceb,33cc9784f5930d20cb919fef6ada21d3a5c315548de1deb2d50efb41918abceb,True,0
train,246,756,1472,1aa719a685d3a27faa0d06dfb0daa9b680acc46b11cdda11a7397e663fb84951,True,1,4488,4487,1aa719a685d3a27faa0d06dfb0daa9b680acc46b11cdda11a7397e663fb84951,1aa719a685d3a27faa0d06dfb0daa9b680acc46b11cdda11a7397e663fb84951,True,0
train,247,756,2186,c2be6afd4c846508c602898066fe81e4e0bd7df9d5765ec0b7f81832fe329860,True,1,4488,4487,c2be6afd4c846508c602898066fe81e4e0bd7df9d5765ec0b7f81832fe329860,c2be6afd4c846508c602898066fe81e4e0bd7df9d5765ec0b7f81832fe329860,True,0
train,248,764,1612,6d849fb9404150c71506a08c17360c4808c56345c03f0a9d381806ddac269223,True,1,4488,4487,6d849fb9404150c71506a08c17360c4808c56345c03f0a9d381806ddac269223,6d849fb9404150c71506a08c17360c4808c56345c03f0a9d381806ddac269223,True,0
train,249,771,1156,427251d73445ecd3b19422ede3b09c1900c97f47decffd503f11aeda75455dfa,True,1,4488,4487,427251d73445ecd3b19422ede3b09c1900c97f47decffd503f11aeda75455dfa,427251d73445ecd3b19422ede3b09c1900c97f47decffd503f11aeda75455dfa,True,0
train,250,781,2402,879039fdf61ebfefc8e7db9d1bb411f8f34366d078e5566f7979a45d713c41fc,True,1,4488,4487,879039fdf61ebfefc8e7db9d1bb411f8f34366d078e5566f7979a45d713c41fc,879039fdf61ebfefc8e7db9d1bb411f8f34366d078e5566f7979a45d713c41fc,True,0
train,251,783,2376,cea98e3b720ed7dbaa78a2ddd67c4a109c8bdae07d110e1e483ac422ae48c823,True,1,4488,4487,cea98e3b720ed7dbaa78a2ddd67c4a109c8bdae07d110e1e483ac422ae48c823,cea98e3b720ed7dbaa78a2ddd67c4a109c8bdae07d110e1e483ac422ae48c823,True,0
train,252,784,960,27ed9439f2318b641c36fbf857ec72282bf6f557bb792a1f283d0ded623006d6,True,1,4488,4487,27ed9439f2318b641c36fbf857ec72282bf6f557bb792a1f283d0ded623006d6,27ed9439f2318b641c36fbf857ec72282bf6f557bb792a1f283d0ded623006d6,True,0
train,253,793,1903,ac53b894e33b027494ad2fb825a51b9022ff4ec9f914e6a4577b361d72bc7d57,True,1,4488,4487,ac53b894e33b027494ad2fb825a51b9022ff4ec9f914e6a4577b361d72bc7d57,ac53b894e33b027494ad2fb825a51b9022ff4ec9f914e6a4577b361d72bc7d57,True,0
train,254,794,1160,ff794a6b32a8b844dca3258cdc95708fe9da9d7510f259788291a313034c2249,True,1,4488,4487,ff794a6b32a8b844dca3258cdc95708fe9da9d7510f259788291a313034c2249,ff794a6b32a8b844dca3258cdc95708fe9da9d7510f259788291a313034c2249,True,0
train,255,801,2516,2d0e4e8c0a2ac8ba8b47c4371f0189e0a40cb71d1cc993fceef7162fd1f0809d,True,1,4488,4487,2d0e4e8c0a2ac8ba8b47c4371f0189e0a40cb71d1cc993fceef7162fd1f0809d,2d0e4e8c0a2ac8ba8b47c4371f0189e0a40cb71d1cc993fceef7162fd1f0809d,True,0
train,256,807,1955,a78e51c5f4afc6e732c4fcb2075d60e5a0c0f85be8a9b775c157eab1efe7d5ba,True,1,4488,4487,a78e51c5f4afc6e732c4fcb2075d60e5a0c0f85be8a9b775c157eab1efe7d5ba,a78e51c5f4afc6e732c4fcb2075d60e5a0c0f85be8a9b775c157eab1efe7d5ba,True,0
train,257,808,2383,b4ac91830e3c1e8a74fd4a548a720194670226a3d5cf90e4ff5d815642bb5ab3,True,1,4488,4487,b4ac91830e3c1e8a74fd4a548a720194670226a3d5cf90e4ff5d815642bb5ab3,b4ac91830e3c1e8a74fd4a548a720194670226a3d5cf90e4ff5d815642bb5ab3,True,0
train,258,816,1842,4970b096bc2e28fd784136d6cb5030093c345cdf8c2ce68ecdb90f2fcd9b8e6d,True,1,4488,4487,4970b096bc2e28fd784136d6cb5030093c345cdf8c2ce68ecdb90f2fcd9b8e6d,4970b096bc2e28fd784136d6cb5030093c345cdf8c2ce68ecdb90f2fcd9b8e6d,True,0
train,259,820,889,8f851fd062ad5c9b38fa1e9adb9204cc0e72eec8806637d7657e3bc40d2956e6,True,1,4488,4487,8f851fd062ad5c9b38fa1e9adb9204cc0e72eec8806637d7657e3bc40d2956e6,8f851fd062ad5c9b38fa1e9adb9204cc0e72eec8806637d7657e3bc40d2956e6,True,0
train,260,827,1039,cb6d62d272384e967c9de5a00078ddd54248a2926323726b490beac5415001ce,True,1,4488,4487,cb6d62d272384e967c9de5a00078ddd54248a2926323726b490beac5415001ce,cb6d62d272384e967c9de5a00078ddd54248a2926323726b490beac5415001ce,True,0
train,261,829,1816,63990dfb41ad6c88e93b53e68336a6def29e1654ebad5acaf38fa0bafa400be1,True,1,4488,4487,63990dfb41ad6c88e93b53e68336a6def29e1654ebad5acaf38fa0bafa400be1,63990dfb41ad6c88e93b53e68336a6def29e1654ebad5acaf38fa0bafa400be1,True,0
train,262,835,1121,685c545dc5a292ab5fc3453ca10af3f716947b43a8760e30155c584672f91b7a,True,1,4488,4487,685c545dc5a292ab5fc3453ca10af3f716947b43a8760e30155c584672f91b7a,685c545dc5a292ab5fc3453ca10af3f716947b43a8760e30155c584672f91b7a,True,0
train,263,843,2339,4a8774e9db95124222e7e543ae590c9acbf2c19d105bdb4801b17520e45e53a7,True,1,4488,4487,4a8774e9db95124222e7e543ae590c9acbf2c19d105bdb4801b17520e45e53a7,4a8774e9db95124222e7e543ae590c9acbf2c19d105bdb4801b17520e45e53a7,True,0
train,264,846,2146,02ae15808ffe751c0c9f7ad21991ac37171ab16683906e0b10efdf0afce01003,True,1,4488,4487,02ae15808ffe751c0c9f7ad21991ac37171ab16683906e0b10efdf0afce01003,02ae15808ffe751c0c9f7ad21991ac37171ab16683906e0b10efdf0afce01003,True,0
train,265,850,1464,cd597d2c29aa23c4b08417af22f2ff42305a81e04b30d3ae2089c0c1e871e74b,True,1,4488,4487,cd597d2c29aa23c4b08417af22f2ff42305a81e04b30d3ae2089c0c1e871e74b,cd597d2c29aa23c4b08417af22f2ff42305a81e04b30d3ae2089c0c1e871e74b,True,0
train,266,851,1309,97aa6954ca0ac701210684f74218c26ab33166837281d3ee7d703908636f7763,True,1,4488,4487,97aa6954ca0ac701210684f74218c26ab33166837281d3ee7d703908636f7763,97aa6954ca0ac701210684f74218c26ab33166837281d3ee7d703908636f7763,True,0
train,267,853,1762,5b7e2313d9f56f2b1fa40bca702623834c4b77612a0315328e0988eeabaf0155,True,1,4488,4487,5b7e2313d9f56f2b1fa40bca702623834c4b77612a0315328e0988eeabaf0155,5b7e2313d9f56f2b1fa40bca702623834c4b77612a0315328e0988eeabaf0155,True,0
train,268,860,1758,ae07e97a814c41aaf50e19d436e648e68dc2e06130bb72084d67b0b74ae4d146,True,1,4488,4487,ae07e97a814c41aaf50e19d436e648e68dc2e06130bb72084d67b0b74ae4d146,ae07e97a814c41aaf50e19d436e648e68dc2e06130bb72084d67b0b74ae4d146,True,0
train,269,866,1049,d3b80213915f8613b566bc94285c952add846648ad49876124e6134108c98b4e,True,1,4488,4487,d3b80213915f8613b566bc94285c952add846648ad49876124e6134108c98b4e,d3b80213915f8613b566bc94285c952add846648ad49876124e6134108c98b4e,True,0
train,270,867,1229,abe715c87bafec88a69ae61315eedbab92707c2b8b3d3b7da460ec1e3bc9be5e,True,1,4488,4487,abe715c87bafec88a69ae61315eedbab92707c2b8b3d3b7da460ec1e3bc9be5e,abe715c87bafec88a69ae61315eedbab92707c2b8b3d3b7da460ec1e3bc9be5e,True,0
train,271,867,1252,60edbb04c0d00a02f96b597ef6e27c15558e271744f02bc5ab612c27b19c9690,True,1,4488,4487,60edbb04c0d00a02f96b597ef6e27c15558e271744f02bc5ab612c27b19c9690,60edbb04c0d00a02f96b597ef6e27c15558e271744f02bc5ab612c27b19c9690,True,0
train,272,867,2439,8bedc27d360cf7628728821688d6e89f0b978c02b5bc046925223042b4616b7f,True,1,4488,4487,8bedc27d360cf7628728821688d6e89f0b978c02b5bc046925223042b4616b7f,8bedc27d360cf7628728821688d6e89f0b978c02b5bc046925223042b4616b7f,True,0
train,273,871,2652,f03609aaa110f39f5f7dc027b449583a411a00b1ccc8e8f117b204e713dd65d7,True,1,4488,4487,f03609aaa110f39f5f7dc027b449583a411a00b1ccc8e8f117b204e713dd65d7,f03609aaa110f39f5f7dc027b449583a411a00b1ccc8e8f117b204e713dd65d7,True,0
train,274,877,1176,ce469f05bd13a9b2eea5325b46890a8db64703035fa3cf610ec44daae06462a6,True,1,4488,4487,ce469f05bd13a9b2eea5325b46890a8db64703035fa3cf610ec44daae06462a6,ce469f05bd13a9b2eea5325b46890a8db64703035fa3cf610ec44daae06462a6,True,0
train,275,886,1400,d3866b1d19c1cb7524e386966232225f4bae2a4ec3f75ee4b8ed383fecda6080,True,1,4488,4487,d3866b1d19c1cb7524e386966232225f4bae2a4ec3f75ee4b8ed383fecda6080,d3866b1d19c1cb7524e386966232225f4bae2a4ec3f75ee4b8ed383fecda6080,True,0
train,276,887,1623,2ac071d2a5a638d73633f3922ff620560d122b252728fd16945cf8ddbff99068,True,1,4488,4487,2ac071d2a5a638d73633f3922ff620560d122b252728fd16945cf8ddbff99068,2ac071d2a5a638d73633f3922ff620560d122b252728fd16945cf8ddbff99068,True,0
train,277,899,1986,bcd4b99613b4e19d65c7faa717bf2520a298e1b9ad78b42a4d080462470fc1b0,True,1,4488,4487,bcd4b99613b4e19d65c7faa717bf2520a298e1b9ad78b42a4d080462470fc1b0,bcd4b99613b4e19d65c7faa717bf2520a298e1b9ad78b42a4d080462470fc1b0,True,0
train,278,906,2353,33b525528580fa5e28b175c3c18fd4f49532de3603b055823a5271c0517f7f75,True,1,4488,4487,33b525528580fa5e28b175c3c18fd4f49532de3603b055823a5271c0517f7f75,33b525528580fa5e28b175c3c18fd4f49532de3603b055823a5271c0517f7f75,True,0
train,279,908,1013,fd6a4d72cca7b4740d1901d7c28538429a70846798496cb971e448350adf0eb0,True,1,4488,4487,fd6a4d72cca7b4740d1901d7c28538429a70846798496cb971e448350adf0eb0,fd6a4d72cca7b4740d1901d7c28538429a70846798496cb971e448350adf0eb0,True,0
train,280,922,1307,f42b6edec0667ab2feebf5a5114fbd6a4f7f68d5868d69b18d749d22a558cdd9,True,1,4488,4487,f42b6edec0667ab2feebf5a5114fbd6a4f7f68d5868d69b18d749d22a558cdd9,f42b6edec0667ab2feebf5a5114fbd6a4f7f68d5868d69b18d749d22a558cdd9,True,0
train,281,929,1358,4499e912fc7afd65bcff811bc64816606e8f58794c70590a0a77025b123cc718,True,1,4488,4487,4499e912fc7afd65bcff811bc64816606e8f58794c70590a0a77025b123cc718,4499e912fc7afd65bcff811bc64816606e8f58794c70590a0a77025b123cc718,True,0
train,282,934,2356,aa1355718da544f92a3e7cbf9d980de59e38695cd697e96186ba1963636b3114,True,1,4488,4487,aa1355718da544f92a3e7cbf9d980de59e38695cd697e96186ba1963636b3114,aa1355718da544f92a3e7cbf9d980de59e38695cd697e96186ba1963636b3114,True,0
train,283,936,1067,b4d9322cd89cfdf19e53ebd05c05c9faba47da00e212618d155aedbcf59db516,True,1,4488,4487,b4d9322cd89cfdf19e53ebd05c05c9faba47da00e212618d155aedbcf59db516,b4d9322cd89cfdf19e53ebd05c05c9faba47da00e212618d155aedbcf59db516,True,0
train,284,942,1952,2ade06219af7892dd36c3de6dc406d9463aff4c19346ec4e44f148ea7a6499ef,True,1,4488,4487,2ade06219af7892dd36c3de6dc406d9463aff4c19346ec4e44f148ea7a6499ef,2ade06219af7892dd36c3de6dc406d9463aff4c19346ec4e44f148ea7a6499ef,True,0
train,285,945,1072,0a64860b98d5a3ecef62cdcb5e7d3a11013714e6a45c3322158d2f1de9cbc817,True,1,4488,4487,0a64860b98d5a3ecef62cdcb5e7d3a11013714e6a45c3322158d2f1de9cbc817,0a64860b98d5a3ecef62cdcb5e7d3a11013714e6a45c3322158d2f1de9cbc817,True,0
train,286,948,1395,5bbdf7b2504bfd17a81ff31d2303fd58a0d70b85fa17887dc797dc80a01fffd1,True,1,4488,4487,5bbdf7b2504bfd17a81ff31d2303fd58a0d70b85fa17887dc797dc80a01fffd1,5bbdf7b2504bfd17a81ff31d2303fd58a0d70b85fa17887dc797dc80a01fffd1,True,0
train,287,948,1681,6681200845d0161e6e78227e7afee4ed5a9aec61ee1d962327b658e1655f3db0,True,1,4488,4487,6681200845d0161e6e78227e7afee4ed5a9aec61ee1d962327b658e1655f3db0,6681200845d0161e6e78227e7afee4ed5a9aec61ee1d962327b658e1655f3db0,True,0
train,288,955,1482,bd44ad4cf93af1443c8633395d0a15bb5f62214a4db794df9d2115296b7b23be,True,1,4488,4487,bd44ad4cf93af1443c8633395d0a15bb5f62214a4db794df9d2115296b7b23be,bd44ad4cf93af1443c8633395d0a15bb5f62214a4db794df9d2115296b7b23be,True,0
train,289,959,2529,12d5410db8bedfe102f7ae08705e5180cf2007ad2a82586b19455e30757c377e,True,1,4488,4487,12d5410db8bedfe102f7ae08705e5180cf2007ad2a82586b19455e30757c377e,12d5410db8bedfe102f7ae08705e5180cf2007ad2a82586b19455e30757c377e,True,0
train,290,960,1776,97c4a0cb02de3458142dca539760213342ef7699e3b422646aa0ca7004945034,True,1,4488,4487,97c4a0cb02de3458142dca539760213342ef7699e3b422646aa0ca7004945034,97c4a0cb02de3458142dca539760213342ef7699e3b422646aa0ca7004945034,True,0
train,291,962,1807,d2f95327571b604e53bb18695820c480f09114a1ef7f757cc1fedf8340f7c4f2,True,1,4488,4487,d2f95327571b604e53bb18695820c480f09114a1ef7f757cc1fedf8340f7c4f2,d2f95327571b604e53bb18695820c480f09114a1ef7f757cc1fedf8340f7c4f2,True,0
train,292,962,1810,4181212c97a545e7f27d53ab6f17d01cb24d62f5a9b28b9f635f0ecd3ab03b46,True,1,4488,4487,4181212c97a545e7f27d53ab6f17d01cb24d62f5a9b28b9f635f0ecd3ab03b46,4181212c97a545e7f27d53ab6f17d01cb24d62f5a9b28b9f635f0ecd3ab03b46,True,0
train,293,969,1735,ca2cfbd9c292491770a5b660b487eb8509631ab80b0fda8efcec0a62fac4b2bd,True,1,4488,4487,ca2cfbd9c292491770a5b660b487eb8509631ab80b0fda8efcec0a62fac4b2bd,ca2cfbd9c292491770a5b660b487eb8509631ab80b0fda8efcec0a62fac4b2bd,True,0
train,294,971,1650,47d50a775b5429d286edaf28316488df3a4c9ba22a77e0e0b84bfd623b45a650,True,1,4488,4487,47d50a775b5429d286edaf28316488df3a4c9ba22a77e0e0b84bfd623b45a650,47d50a775b5429d286edaf28316488df3a4c9ba22a77e0e0b84bfd623b45a650,True,0
train,295,976,998,eade2042ba13d43060045d3ec318f503926a365ba16cb1682f8b3fe159aeec64,True,1,4488,4487,eade2042ba13d43060045d3ec318f503926a365ba16cb1682f8b3fe159aeec64,eade2042ba13d43060045d3ec318f503926a365ba16cb1682f8b3fe159aeec64,True,0
train,296,978,1358,7bf659386c1a1dc90ca4b5e797cc86ec79963c45da243973779fda06a4b9d49f,True,1,4488,4487,7bf659386c1a1dc90ca4b5e797cc86ec79963c45da243973779fda06a4b9d49f,7bf659386c1a1dc90ca4b5e797cc86ec79963c45da243973779fda06a4b9d49f,True,0
train,297,982,1256,6ff3612022c1b90684c6ba4d696a27f082b9ee68db57101d5cf1ec8ec6d7748a,True,1,4488,4487,6ff3612022c1b90684c6ba4d696a27f082b9ee68db57101d5cf1ec8ec6d7748a,6ff3612022c1b90684c6ba4d696a27f082b9ee68db57101d5cf1ec8ec6d7748a,True,0
train,298,985,1149,e0733c0e444c40c8c1511c4b28618b0f04718f03dc6cd7b630fdfd75d8d3399a,True,1,4488,4487,e0733c0e444c40c8c1511c4b28618b0f04718f03dc6cd7b630fdfd75d8d3399a,e0733c0e444c40c8c1511c4b28618b0f04718f03dc6cd7b630fdfd75d8d3399a,True,0
train,299,987,1175,9b37df62868c1c7f614f905a66439979089ecfa543674e108136139c9bfd0da6,True,1,4488,4487,9b37df62868c1c7f614f905a66439979089ecfa543674e108136139c9bfd0da6,9b37df62868c1c7f614f905a66439979089ecfa543674e108136139c9bfd0da6,True,0
train,300,995,2385,15dfbccc8271a1bac369746cca32e0a7b45baa53aa91908c264661a9126fa4b8,True,1,4488,4487,15dfbccc8271a1bac369746cca32e0a7b45baa53aa91908c264661a9126fa4b8,15dfbccc8271a1bac369746cca32e0a7b45baa53aa91908c264661a9126fa4b8,True,0
train,301,1001,2662,919cd950dbdece9e09e32e2a30c853213db23ee1319630dd9c614614aae8f764,True,1,4488,4487,919cd950dbdece9e09e32e2a30c853213db23ee1319630dd9c614614aae8f764,919cd950dbdece9e09e32e2a30c853213db23ee1319630dd9c614614aae8f764,True,0
train,302,1007,1742,4f7792212f6e042ebc530969d7935adc2522a3527be2b2d2b7b406219a808767,True,1,4488,4487,4f7792212f6e042ebc530969d7935adc2522a3527be2b2d2b7b406219a808767,4f7792212f6e042ebc530969d7935adc2522a3527be2b2d2b7b406219a808767,True,0
train,303,1013,1644,6ccadc4a6f0fb9bbc3d2640bbe3aca31e9289328757b753e055a981b6b651d63,True,1,4488,4487,6ccadc4a6f0fb9bbc3d2640bbe3aca31e9289328757b753e055a981b6b651d63,6ccadc4a6f0fb9bbc3d2640bbe3aca31e9289328757b753e055a981b6b651d63,True,0
train,304,1013,1848,8c8c42490f71bb49303964365dfcd62eab2b1ffc7de7d57d378a8c38a44b625f,True,1,4488,4487,8c8c42490f71bb49303964365dfcd62eab2b1ffc7de7d57d378a8c38a44b625f,8c8c42490f71bb49303964365dfcd62eab2b1ffc7de7d57d378a8c38a44b625f,True,0
train,305,1013,1849,049c33ba6ec2443ab374f274b8b5c119fac27b0f90bd7ebb0793f2fd6ed3192a,True,1,4488,4487,049c33ba6ec2443ab374f274b8b5c119fac27b0f90bd7ebb0793f2fd6ed3192a,049c33ba6ec2443ab374f274b8b5c119fac27b0f90bd7ebb0793f2fd6ed3192a,True,0
train,306,1015,1519,eac754a711f621764be95a50d984d82be7cc58b2ca43e250ec1c5fb463d1158f,True,1,4488,4487,eac754a711f621764be95a50d984d82be7cc58b2ca43e250ec1c5fb463d1158f,eac754a711f621764be95a50d984d82be7cc58b2ca43e250ec1c5fb463d1158f,True,0
train,307,1015,1618,0ae6693542358e90e8d5366f6aacfe839e8236fdafe1d39e5deb985bbae8cdf2,True,1,4488,4487,0ae6693542358e90e8d5366f6aacfe839e8236fdafe1d39e5deb985bbae8cdf2,0ae6693542358e90e8d5366f6aacfe839e8236fdafe1d39e5deb985bbae8cdf2,True,0
train,308,1022,1168,f29e91373db862663e5eea2627a73bbac0bbf70d2bf28e136d3db3b59bf1b357,True,1,4488,4487,f29e91373db862663e5eea2627a73bbac0bbf70d2bf28e136d3db3b59bf1b357,f29e91373db862663e5eea2627a73bbac0bbf70d2bf28e136d3db3b59bf1b357,True,0
train,309,1023,1986,f787d1b38a97f84c647ba6b0dad2de4fc4b8ffe9238791fe26b38013caf42251,True,1,4488,4487,f787d1b38a97f84c647ba6b0dad2de4fc4b8ffe9238791fe26b38013caf42251,f787d1b38a97f84c647ba6b0dad2de4fc4b8ffe9238791fe26b38013caf42251,True,0
train,310,1041,1243,d13f94ffd063f1cfeb4651e422b4d7e4a8b686a183950195942e97b42f3b619a,True,1,4488,4487,d13f94ffd063f1cfeb4651e422b4d7e4a8b686a183950195942e97b42f3b619a,d13f94ffd063f1cfeb4651e422b4d7e4a8b686a183950195942e97b42f3b619a,True,0
train,311,1042,1047,d362ec5d28334850fc50c9ecf538c958b25779d10585d3d9e2e7517d7e8e8742,True,1,4488,4487,d362ec5d28334850fc50c9ecf538c958b25779d10585d3d9e2e7517d7e8e8742,d362ec5d28334850fc50c9ecf538c958b25779d10585d3d9e2e7517d7e8e8742,True,0
train,312,1042,1481,b25fd83435a2b3db5c1d514585791f9b305dcadd006d647ee2dc9b463bb44c0b,True,1,4488,4487,b25fd83435a2b3db5c1d514585791f9b305dcadd006d647ee2dc9b463bb44c0b,b25fd83435a2b3db5c1d514585791f9b305dcadd006d647ee2dc9b463bb44c0b,True,0
train,313,1046,2587,669cf9d7be07e790df1ef669dfce5e7009a9559412553e8bc82f2ccff8177930,True,1,4488,4487,669cf9d7be07e790df1ef669dfce5e7009a9559412553e8bc82f2ccff8177930,669cf9d7be07e790df1ef669dfce5e7009a9559412553e8bc82f2ccff8177930,True,0
train,314,1050,1634,76dbece9b7ea4f76b5dfc7caa091c0b8ede07f34fd6cae982dea6bb600562db7,True,1,4488,4487,76dbece9b7ea4f76b5dfc7caa091c0b8ede07f34fd6cae982dea6bb600562db7,76dbece9b7ea4f76b5dfc7caa091c0b8ede07f34fd6cae982dea6bb600562db7,True,0
train,315,1060,1441,9bc4d612a326eaf62022c286f7d9f48b6ec9d1d71678227d6f4149b30a6f7b8f,True,1,4488,4487,9bc4d612a326eaf62022c286f7d9f48b6ec9d1d71678227d6f4149b30a6f7b8f,9bc4d612a326eaf62022c286f7d9f48b6ec9d1d71678227d6f4149b30a6f7b8f,True,0
train,316,1070,1167,b176ca5133383a46402f8f74227231768a49ba8cf73aed2e0fcd755c8ba1adf3,True,1,4488,4487,b176ca5133383a46402f8f74227231768a49ba8cf73aed2e0fcd755c8ba1adf3,b176ca5133383a46402f8f74227231768a49ba8cf73aed2e0fcd755c8ba1adf3,True,0
train,317,1072,1733,7e27434ce3e2be9f77404d7f418e5fe6f31a6f7f88bd76694250871a154b450d,True,1,4488,4487,7e27434ce3e2be9f77404d7f418e5fe6f31a6f7f88bd76694250871a154b450d,7e27434ce3e2be9f77404d7f418e5fe6f31a6f7f88bd76694250871a154b450d,True,0
train,318,1072,1784,2855bd3c351f4d529acdb3fe5669c18b283eda9b28eec6cb5589893f97876314,True,1,4488,4487,2855bd3c351f4d529acdb3fe5669c18b283eda9b28eec6cb5589893f97876314,2855bd3c351f4d529acdb3fe5669c18b283eda9b28eec6cb5589893f97876314,True,0
train,319,1072,1800,b52a857d8e79f8d65cf3a0395bdc07071473ff2d92c4e15f0d8f90eba23c20d7,True,1,4488,4487,b52a857d8e79f8d65cf3a0395bdc07071473ff2d92c4e15f0d8f90eba23c20d7,b52a857d8e79f8d65cf3a0395bdc07071473ff2d92c4e15f0d8f90eba23c20d7,True,0
train,320,1075,1124,8a1493697c90d0fd18ba2e6915555034095a677553fc0477f497919b22871036,True,1,4488,4487,8a1493697c90d0fd18ba2e6915555034095a677553fc0477f497919b22871036,8a1493697c90d0fd18ba2e6915555034095a677553fc0477f497919b22871036,True,0
train,321,1075,1701,2142c78e07b88b4997bdcd77842c6e732910aacd13b2441960c19a6c019234df,True,1,4488,4487,2142c78e07b88b4997bdcd77842c6e732910aacd13b2441960c19a6c019234df,2142c78e07b88b4997bdcd77842c6e732910aacd13b2441960c19a6c019234df,True,0
train,322,1082,2386,23d080e6bae045d196e9f82f79a4d20b1ab68b498708210d2e885d00bbc42018,True,1,4488,4487,23d080e6bae045d196e9f82f79a4d20b1ab68b498708210d2e885d00bbc42018,23d080e6bae045d196e9f82f79a4d20b1ab68b498708210d2e885d00bbc42018,True,0
train,323,1089,2086,f53ccdf256d1d2c93b23a35dd7f0f84b8c9297e105aa1ca207e5373d1581391a,True,1,4488,4487,f53ccdf256d1d2c93b23a35dd7f0f84b8c9297e105aa1ca207e5373d1581391a,f53ccdf256d1d2c93b23a35dd7f0f84b8c9297e105aa1ca207e5373d1581391a,True,0
train,324,1092,2501,d48c6db5577672bf4213bc1f4686a63c1712a681d7193da5e5636c4e19c8c0ff,True,1,4488,4487,d48c6db5577672bf4213bc1f4686a63c1712a681d7193da5e5636c4e19c8c0ff,d48c6db5577672bf4213bc1f4686a63c1712a681d7193da5e5636c4e19c8c0ff,True,0
train,325,1094,1369,610747586588c9a7d16d46ea863f1defbcfadd52268c3193558a7449098b7b4e,True,1,4488,4487,610747586588c9a7d16d46ea863f1defbcfadd52268c3193558a7449098b7b4e,610747586588c9a7d16d46ea863f1defbcfadd52268c3193558a7449098b7b4e,True,0
train,326,1094,1653,c764615d4a585dce80b83e5092789c79c43e2a381c91b2f39d3f965a8be599b5,True,1,4488,4487,c764615d4a585dce80b83e5092789c79c43e2a381c91b2f39d3f965a8be599b5,c764615d4a585dce80b83e5092789c79c43e2a381c91b2f39d3f965a8be599b5,True,0
train,327,1103,1123,0f88edb897f12df3b5996377655c1a360d597d536df79d4fcc367403ae392a96,True,1,4488,4487,0f88edb897f12df3b5996377655c1a360d597d536df79d4fcc367403ae392a96,0f88edb897f12df3b5996377655c1a360d597d536df79d4fcc367403ae392a96,True,0
train,328,1109,1533,897695ea573476b3ad84a049ac8015cb90b3673859f3f358f6c7b0c429ba075a,True,1,4488,4487,897695ea573476b3ad84a049ac8015cb90b3673859f3f358f6c7b0c429ba075a,897695ea573476b3ad84a049ac8015cb90b3673859f3f358f6c7b0c429ba075a,True,0
train,329,1111,1119,3334aec8c1db98087eb539dc0b6b553884ba71ce72c530a942bbbdd01fc08ae8,True,1,4488,4487,3334aec8c1db98087eb539dc0b6b553884ba71ce72c530a942bbbdd01fc08ae8,3334aec8c1db98087eb539dc0b6b553884ba71ce72c530a942bbbdd01fc08ae8,True,0
train,330,1113,1650,6fbe9b4ac65541cb8fe9866710330f418377f83bc2179cb356e458825c308df8,True,1,4488,4487,6fbe9b4ac65541cb8fe9866710330f418377f83bc2179cb356e458825c308df8,6fbe9b4ac65541cb8fe9866710330f418377f83bc2179cb356e458825c308df8,True,0
train,331,1119,2124,835cca213fd1fd59b13f2073e7ba6c159b26fbfa6288216ab23ff1bdd9accdef,True,1,4488,4487,835cca213fd1fd59b13f2073e7ba6c159b26fbfa6288216ab23ff1bdd9accdef,835cca213fd1fd59b13f2073e7ba6c159b26fbfa6288216ab23ff1bdd9accdef,True,0
train,332,1121,1410,aed27fac9284c87915d431191ce6fa87a79943a1fadbaa90e9810cf0ac3539d6,True,1,4488,4487,aed27fac9284c87915d431191ce6fa87a79943a1fadbaa90e9810cf0ac3539d6,aed27fac9284c87915d431191ce6fa87a79943a1fadbaa90e9810cf0ac3539d6,True,0
train,333,1126,1823,231ee92f529458091adb2fcb63f1fcf3630983d6e3da46e2b7f8a45643060240,True,1,4488,4487,231ee92f529458091adb2fcb63f1fcf3630983d6e3da46e2b7f8a45643060240,231ee92f529458091adb2fcb63f1fcf3630983d6e3da46e2b7f8a45643060240,True,0
train,334,1128,1441,5d056a9cb61964bed6b3701844de92ca35457a9e55027faaad8a817ff1a9c982,True,1,4488,4487,5d056a9cb61964bed6b3701844de92ca35457a9e55027faaad8a817ff1a9c982,5d056a9cb61964bed6b3701844de92ca35457a9e55027faaad8a817ff1a9c982,True,0
train,335,1131,1224,993ed4b08ec915fed3560b2b7be71d3da14be3513a294b220ec6686a4708abdc,True,1,4488,4487,993ed4b08ec915fed3560b2b7be71d3da14be3513a294b220ec6686a4708abdc,993ed4b08ec915fed3560b2b7be71d3da14be3513a294b220ec6686a4708abdc,True,0
train,336,1131,2280,f2df479ec21e1ee66e5d017d637a7bb1766448f80afba93f1f0d337d2f912fca,True,1,4488,4487,f2df479ec21e1ee66e5d017d637a7bb1766448f80afba93f1f0d337d2f912fca,f2df479ec21e1ee66e5d017d637a7bb1766448f80afba93f1f0d337d2f912fca,True,0
train,337,1143,2376,db7fa14d58bd2bdc3d730652535c3564772724e6d117bcf167c78b95695502e1,True,1,4488,4487,db7fa14d58bd2bdc3d730652535c3564772724e6d117bcf167c78b95695502e1,db7fa14d58bd2bdc3d730652535c3564772724e6d117bcf167c78b95695502e1,True,0
train,338,1149,1894,92deb140eac09289f455ee43bd09fcbb5a572a7404cf5a17c156d129de08eda3,True,1,4488,4487,92deb140eac09289f455ee43bd09fcbb5a572a7404cf5a17c156d129de08eda3,92deb140eac09289f455ee43bd09fcbb5a572a7404cf5a17c156d129de08eda3,True,0
train,339,1154,1742,9d70b9209958b5c4d83efb4f1c151bcf50de52bfb5626a97bcfec05e53cdec96,True,1,4488,4487,9d70b9209958b5c4d83efb4f1c151bcf50de52bfb5626a97bcfec05e53cdec96,9d70b9209958b5c4d83efb4f1c151bcf50de52bfb5626a97bcfec05e53cdec96,True,0
train,340,1158,1635,bf4a7a4c59823a989543669deb4bcbbf4c4d2f192df5e3bb7374a5435f2b7e0a,True,1,4488,4487,bf4a7a4c59823a989543669deb4bcbbf4c4d2f192df5e3bb7374a5435f2b7e0a,bf4a7a4c59823a989543669deb4bcbbf4c4d2f192df5e3bb7374a5435f2b7e0a,True,0
train,341,1176,1935,db7fb08c456030d62280b882ad3f64450955cb9de74106e03e0cf1fd2399a4aa,True,1,4488,4487,db7fb08c456030d62280b882ad3f64450955cb9de74106e03e0cf1fd2399a4aa,db7fb08c456030d62280b882ad3f64450955cb9de74106e03e0cf1fd2399a4aa,True,0
train,342,1177,1542,da063dba7261b9281c2a91ce755dfd39db8f0d766f88efc4915f8414e0022b86,True,1,4488,4487,da063dba7261b9281c2a91ce755dfd39db8f0d766f88efc4915f8414e0022b86,da063dba7261b9281c2a91ce755dfd39db8f0d766f88efc4915f8414e0022b86,True,0
train,343,1196,1624,2e8eca69e19485d6e0802154e7e7e36f11abcb8a0dbeab1c29a1a809fc784774,True,1,4488,4487,2e8eca69e19485d6e0802154e7e7e36f11abcb8a0dbeab1c29a1a809fc784774,2e8eca69e19485d6e0802154e7e7e36f11abcb8a0dbeab1c29a1a809fc784774,True,0
train,344,1199,1566,206c174fed6f43f81c3bd21d88df24d543acf639deb3e9b4fc2842a5f217ef20,True,1,4488,4487,206c174fed6f43f81c3bd21d88df24d543acf639deb3e9b4fc2842a5f217ef20,206c174fed6f43f81c3bd21d88df24d543acf639deb3e9b4fc2842a5f217ef20,True,0
train,345,1205,1761,d3876469845dc973929d807455c90bfe0353ab22e84d67767229f7f56111296d,True,1,4488,4487,d3876469845dc973929d807455c90bfe0353ab22e84d67767229f7f56111296d,d3876469845dc973929d807455c90bfe0353ab22e84d67767229f7f56111296d,True,0
train,346,1216,2503,bcb9536d1bc3d01267b0ed5587e02e3246a2f0db3b3680349627e7596747aa3a,True,1,4488,4487,bcb9536d1bc3d01267b0ed5587e02e3246a2f0db3b3680349627e7596747aa3a,bcb9536d1bc3d01267b0ed5587e02e3246a2f0db3b3680349627e7596747aa3a,True,0
train,347,1221,1949,d23f3e50651b67e1bc7a623723578aa5c56671b47cd904f4d83a05ce52382300,True,1,4488,4487,d23f3e50651b67e1bc7a623723578aa5c56671b47cd904f4d83a05ce52382300,d23f3e50651b67e1bc7a623723578aa5c56671b47cd904f4d83a05ce52382300,True,0
train,348,1224,1583,17ae338306021dee53b6be4011376a5aa0cffb60b6f87312ec8117b8ab331f1a,True,1,4488,4487,17ae338306021dee53b6be4011376a5aa0cffb60b6f87312ec8117b8ab331f1a,17ae338306021dee53b6be4011376a5aa0cffb60b6f87312ec8117b8ab331f1a,True,0
train,349,1229,1506,81c5cdb319c40bcb8f77ace9494ec57459e5e3fb9f5e042e24e687f7c9888eb5,True,1,4488,4487,81c5cdb319c40bcb8f77ace9494ec57459e5e3fb9f5e042e24e687f7c9888eb5,81c5cdb319c40bcb8f77ace9494ec57459e5e3fb9f5e042e24e687f7c9888eb5,True,0
train,350,1229,2441,2412ff960e399f9338a439318b15071e410a70dfcb5dbfc649cdfe69a460fbf7,True,1,4488,4487,2412ff960e399f9338a439318b15071e410a70dfcb5dbfc649cdfe69a460fbf7,2412ff960e399f9338a439318b15071e410a70dfcb5dbfc649cdfe69a460fbf7,True,0
train,351,1237,1958,f0e519af80feb0d9ce7b94b289d9b64ea4f5f9142711133990d3524ce4b32e12,True,1,4488,4487,f0e519af80feb0d9ce7b94b289d9b64ea4f5f9142711133990d3524ce4b32e12,f0e519af80feb0d9ce7b94b289d9b64ea4f5f9142711133990d3524ce4b32e12,True,0
train,352,1240,1702,aa7d36aa210c37f9c99f66be7533e4fda79ee52722715c75e6c53bb7de70be93,True,1,4488,4487,aa7d36aa210c37f9c99f66be7533e4fda79ee52722715c75e6c53bb7de70be93,aa7d36aa210c37f9c99f66be7533e4fda79ee52722715c75e6c53bb7de70be93,True,0
train,353,1265,2291,f27f5c728dca28e9abcc36008686c46a2cf456c80af29ac6403def4ba6b2b863,True,1,4488,4487,f27f5c728dca28e9abcc36008686c46a2cf456c80af29ac6403def4ba6b2b863,f27f5c728dca28e9abcc36008686c46a2cf456c80af29ac6403def4ba6b2b863,True,0
train,354,1267,1824,7fcb09535b7dba4f0aa724b6a4fcf0b2d818ab673b6b8777da442d7bc74d8f57,True,1,4488,4487,7fcb09535b7dba4f0aa724b6a4fcf0b2d818ab673b6b8777da442d7bc74d8f57,7fcb09535b7dba4f0aa724b6a4fcf0b2d818ab673b6b8777da442d7bc74d8f57,True,0
train,355,1272,1945,3373a560350fbdc8553cc386b088a454681e63dc9ce34e467a1895b27f07a649,True,1,4488,4487,3373a560350fbdc8553cc386b088a454681e63dc9ce34e467a1895b27f07a649,3373a560350fbdc8553cc386b088a454681e63dc9ce34e467a1895b27f07a649,True,0
train,356,1273,2126,c257649de3d47103bad3630f5caf1be1381b9c08056f4304a19614ee45f43901,True,1,4488,4487,c257649de3d47103bad3630f5caf1be1381b9c08056f4304a19614ee45f43901,c257649de3d47103bad3630f5caf1be1381b9c08056f4304a19614ee45f43901,True,0
train,357,1275,1468,ccb942fa95f110e7edc3119e76e86e8bcd2815bb8316cf1283fa73a9ff60f9c4,True,1,4488,4487,ccb942fa95f110e7edc3119e76e86e8bcd2815bb8316cf1283fa73a9ff60f9c4,ccb942fa95f110e7edc3119e76e86e8bcd2815bb8316cf1283fa73a9ff60f9c4,True,0
train,358,1282,1483,eeb435be30aa7c1fdd2d7e557d5ee49b73df31ac28e2bd8a0886032174414489,True,1,4488,4487,eeb435be30aa7c1fdd2d7e557d5ee49b73df31ac28e2bd8a0886032174414489,eeb435be30aa7c1fdd2d7e557d5ee49b73df31ac28e2bd8a0886032174414489,True,0
train,359,1283,2324,242f5f157c0ab8b2a7630a5b718ce18d04d824d7b65502b17edcb65b20381dec,True,1,4488,4487,242f5f157c0ab8b2a7630a5b718ce18d04d824d7b65502b17edcb65b20381dec,242f5f157c0ab8b2a7630a5b718ce18d04d824d7b65502b17edcb65b20381dec,True,0
train,360,1293,2418,5c5e5c06d687ba20b7bc1b2a12495b90b8989a5dd1adbeadb4ceebe337677b6e,True,1,4488,4487,5c5e5c06d687ba20b7bc1b2a12495b90b8989a5dd1adbeadb4ceebe337677b6e,5c5e5c06d687ba20b7bc1b2a12495b90b8989a5dd1adbeadb4ceebe337677b6e,True,0
train,361,1296,1911,1dcfb3c2d5c99149a4ec528cd5b4aa0ebe119304b168ac9065b7533aef10ee3a,True,1,4488,4487,1dcfb3c2d5c99149a4ec528cd5b4aa0ebe119304b168ac9065b7533aef10ee3a,1dcfb3c2d5c99149a4ec528cd5b4aa0ebe119304b168ac9065b7533aef10ee3a,True,0
train,362,1300,1941,64af20643dec7c926f3b90d02665d5b59954fe342991cf2b893f739ece537dce,True,1,4488,4487,64af20643dec7c926f3b90d02665d5b59954fe342991cf2b893f739ece537dce,64af20643dec7c926f3b90d02665d5b59954fe342991cf2b893f739ece537dce,True,0
train,363,1301,1315,41bdca7a832ec360a4e1e126b4811c33b27cc67360da6a45f579b4f8aca435a7,True,1,4488,4487,41bdca7a832ec360a4e1e126b4811c33b27cc67360da6a45f579b4f8aca435a7,41bdca7a832ec360a4e1e126b4811c33b27cc67360da6a45f579b4f8aca435a7,True,0
train,364,1305,1358,d61604a1379b5fb97cb79ce9f5401d12ff7a894955efb84764712234ea2e1e9b,True,1,4488,4487,d61604a1379b5fb97cb79ce9f5401d12ff7a894955efb84764712234ea2e1e9b,d61604a1379b5fb97cb79ce9f5401d12ff7a894955efb84764712234ea2e1e9b,True,0
train,365,1308,1627,a26510046f984a08288e7a094600ea7d59e3f6879011ad816650095416f39f5f,True,1,4488,4487,a26510046f984a08288e7a094600ea7d59e3f6879011ad816650095416f39f5f,a26510046f984a08288e7a094600ea7d59e3f6879011ad816650095416f39f5f,True,0
train,366,1309,1338,941098629e4d038949e467715cde7ef5e88095fbe8be8f7c06c5035f0fa8d9dc,True,1,4488,4487,941098629e4d038949e467715cde7ef5e88095fbe8be8f7c06c5035f0fa8d9dc,941098629e4d038949e467715cde7ef5e88095fbe8be8f7c06c5035f0fa8d9dc,True,0
train,367,1311,1312,06d4439861ee82f9578ff5fe687a8743a301337ed57269ce7e018e3186a903be,True,1,4488,4487,06d4439861ee82f9578ff5fe687a8743a301337ed57269ce7e018e3186a903be,06d4439861ee82f9578ff5fe687a8743a301337ed57269ce7e018e3186a903be,True,0
train,368,1311,2080,8173652836e31181d470f4331c06bc7d203efb8d4d73e263b0861a880e620667,True,1,4488,4487,8173652836e31181d470f4331c06bc7d203efb8d4d73e263b0861a880e620667,8173652836e31181d470f4331c06bc7d203efb8d4d73e263b0861a880e620667,True,0
train,369,1318,2662,0261ae67f628d761cc84922322d561dbf10d357e5b106da06d38bb7e42f05e76,True,1,4488,4487,0261ae67f628d761cc84922322d561dbf10d357e5b106da06d38bb7e42f05e76,0261ae67f628d761cc84922322d561dbf10d357e5b106da06d38bb7e42f05e76,True,0
train,370,1320,2684,8d9d5fc04f11cd367def6904ef499ba4c99b2f684f0c1919a9edf7af42b41c43,True,1,4488,4487,8d9d5fc04f11cd367def6904ef499ba4c99b2f684f0c1919a9edf7af42b41c43,8d9d5fc04f11cd367def6904ef499ba4c99b2f684f0c1919a9edf7af42b41c43,True,0
train,371,1325,2247,3649ad31585f0db688ec8b1abc46fdec11ecf19042787ce9b48a57f6e8ccb20c,True,1,4488,4487,3649ad31585f0db688ec8b1abc46fdec11ecf19042787ce9b48a57f6e8ccb20c,3649ad31585f0db688ec8b1abc46fdec11ecf19042787ce9b48a57f6e8ccb20c,True,0
train,372,1336,2033,8d849aa4b10e14f56221440bfc88b973589a599ecb5711a42dac7e693f37519f,True,1,4488,4487,8d849aa4b10e14f56221440bfc88b973589a599ecb5711a42dac7e693f37519f,8d849aa4b10e14f56221440bfc88b973589a599ecb5711a42dac7e693f37519f,True,0
train,373,1358,1604,96ba085715a38b5716f3f19ed37755d79941a9fa03add3484d92d0fc0d252af5,True,1,4488,4487,96ba085715a38b5716f3f19ed37755d79941a9fa03add3484d92d0fc0d252af5,96ba085715a38b5716f3f19ed37755d79941a9fa03add3484d92d0fc0d252af5,True,0
train,374,1358,1717,6328bd0802ed478e5261522519f6fbf2e3e1506aabc06cb66ecf04e6c505ee01,True,1,4488,4487,6328bd0802ed478e5261522519f6fbf2e3e1506aabc06cb66ecf04e6c505ee01,6328bd0802ed478e5261522519f6fbf2e3e1506aabc06cb66ecf04e6c505ee01,True,0
train,375,1358,1723,e3db87a35a2be167368a0cb64275c8c9cb70ad8d19a0302b4d00b26adaaf1f5b,True,1,4488,4487,e3db87a35a2be167368a0cb64275c8c9cb70ad8d19a0302b4d00b26adaaf1f5b,e3db87a35a2be167368a0cb64275c8c9cb70ad8d19a0302b4d00b26adaaf1f5b,True,0
train,376,1358,1731,deb3ca029401f521fff1e0a1787274293c25d5984b8cf1a79a0cf8bcce1d57e2,True,1,4488,4487,deb3ca029401f521fff1e0a1787274293c25d5984b8cf1a79a0cf8bcce1d57e2,deb3ca029401f521fff1e0a1787274293c25d5984b8cf1a79a0cf8bcce1d57e2,True,0
train,377,1358,1748,7771a4081010d8a91bdb703f7fde641f9a91e00d9f41a70dae949749baf1bb3f,True,1,4488,4487,7771a4081010d8a91bdb703f7fde641f9a91e00d9f41a70dae949749baf1bb3f,7771a4081010d8a91bdb703f7fde641f9a91e00d9f41a70dae949749baf1bb3f,True,0
train,378,1358,1762,d953a3b7436a3dee0b8fd60d1f7ff04a28d6ff3041874680022bc89d69be9307,True,1,4488,4487,d953a3b7436a3dee0b8fd60d1f7ff04a28d6ff3041874680022bc89d69be9307,d953a3b7436a3dee0b8fd60d1f7ff04a28d6ff3041874680022bc89d69be9307,True,0
train,379,1367,1656,db216387a630c321daeb79f20ba5c8de2a2dbcf20270537881c3053739802b61,True,1,4488,4487,db216387a630c321daeb79f20ba5c8de2a2dbcf20270537881c3053739802b61,db216387a630c321daeb79f20ba5c8de2a2dbcf20270537881c3053739802b61,True,0
train,380,1370,1919,31897d067423a531cb1313315e8b080b7bcf72a13bee2e25f527bac00c420cac,True,1,4488,4487,31897d067423a531cb1313315e8b080b7bcf72a13bee2e25f527bac00c420cac,31897d067423a531cb1313315e8b080b7bcf72a13bee2e25f527bac00c420cac,True,0
train,381,1378,1544,d034e41edc3d18525feb8fdf86c9a12de27e966a073eb7230d67ae4c94119bba,True,1,4488,4487,d034e41edc3d18525feb8fdf86c9a12de27e966a073eb7230d67ae4c94119bba,d034e41edc3d18525feb8fdf86c9a12de27e966a073eb7230d67ae4c94119bba,True,0
train,382,1378,2058,26fcf91b7f3d7962cfbb13974de6cce695c09a1544ba361e1f543cf114207698,True,1,4488,4487,26fcf91b7f3d7962cfbb13974de6cce695c09a1544ba361e1f543cf114207698,26fcf91b7f3d7962cfbb13974de6cce695c09a1544ba361e1f543cf114207698,True,0
train,383,1386,2570,7de5be602de785f70f0359c96d6fd1f4bd0ae90ffd076adff08c2ba4da369490,True,1,4488,4487,7de5be602de785f70f0359c96d6fd1f4bd0ae90ffd076adff08c2ba4da369490,7de5be602de785f70f0359c96d6fd1f4bd0ae90ffd076adff08c2ba4da369490,True,0
train,384,1389,2597,25afa7d87930c06353674b984edf9a5a76ee33ae20df75896159cc9f52c5644b,True,1,4488,4487,25afa7d87930c06353674b984edf9a5a76ee33ae20df75896159cc9f52c5644b,25afa7d87930c06353674b984edf9a5a76ee33ae20df75896159cc9f52c5644b,True,0
train,385,1390,2681,ed83895b4ae4813c50df51a29b06f4cd86951f6d8a2350401886c2c59f6509f7,True,1,4488,4487,ed83895b4ae4813c50df51a29b06f4cd86951f6d8a2350401886c2c59f6509f7,ed83895b4ae4813c50df51a29b06f4cd86951f6d8a2350401886c2c59f6509f7,True,0
train,386,1391,1693,fed0ca4f1662a49b833d133e691ec62d45b5fdfec0c9fd4e9822e62ec6b6499e,True,1,4488,4487,fed0ca4f1662a49b833d133e691ec62d45b5fdfec0c9fd4e9822e62ec6b6499e,fed0ca4f1662a49b833d133e691ec62d45b5fdfec0c9fd4e9822e62ec6b6499e,True,0
train,387,1415,2269,f3da7318b63d12bfc6a0837370aec10d78e5bc91cd76e71bf94e5dff3b4e46b0,True,1,4488,4487,f3da7318b63d12bfc6a0837370aec10d78e5bc91cd76e71bf94e5dff3b4e46b0,f3da7318b63d12bfc6a0837370aec10d78e5bc91cd76e71bf94e5dff3b4e46b0,True,0
train,388,1416,1923,054ae60dbe6f2041911d2deace4c31b870d0c0649e5653ae9e31fe5a8b34f237,True,1,4488,4487,054ae60dbe6f2041911d2deace4c31b870d0c0649e5653ae9e31fe5a8b34f237,054ae60dbe6f2041911d2deace4c31b870d0c0649e5653ae9e31fe5a8b34f237,True,0
train,389,1419,2260,7eda7c2ba0234b487d0b77b09e4a32ad6b2e7128d3b8e7e8a6b66082e34d89a3,True,1,4488,4487,7eda7c2ba0234b487d0b77b09e4a32ad6b2e7128d3b8e7e8a6b66082e34d89a3,7eda7c2ba0234b487d0b77b09e4a32ad6b2e7128d3b8e7e8a6b66082e34d89a3,True,0
train,390,1428,2376,8ccebe8471e361aeed0cc82d0a7c9365aa2d2ceb4d711469bd120ad0c345a99c,True,1,4488,4487,8ccebe8471e361aeed0cc82d0a7c9365aa2d2ceb4d711469bd120ad0c345a99c,8ccebe8471e361aeed0cc82d0a7c9365aa2d2ceb4d711469bd120ad0c345a99c,True,0
train,391,1428,2520,38688bbff7482236928eb9661a901035806b00ecb619ec5d05c8c32dec2c8617,True,1,4488,4487,38688bbff7482236928eb9661a901035806b00ecb619ec5d05c8c32dec2c8617,38688bbff7482236928eb9661a901035806b00ecb619ec5d05c8c32dec2c8617,True,0
train,392,1429,1534,6b9c5c74e7b68b884747c4e71f30841b7d6565893293f1c2a7f6e45dd0e746b3,True,1,4488,4487,6b9c5c74e7b68b884747c4e71f30841b7d6565893293f1c2a7f6e45dd0e746b3,6b9c5c74e7b68b884747c4e71f30841b7d6565893293f1c2a7f6e45dd0e746b3,True,0
train,393,1429,2520,ea182df0197bdd219e2ebd3a23a4ca453807ff587ebf254034472f1ece1dce2a,True,1,4488,4487,ea182df0197bdd219e2ebd3a23a4ca453807ff587ebf254034472f1ece1dce2a,ea182df0197bdd219e2ebd3a23a4ca453807ff587ebf254034472f1ece1dce2a,True,0
train,394,1435,2059,589a8c3a53a82d18cb1ac59363e9f31233ede3e62bacc087ae40ee5425d026f0,True,1,4488,4487,589a8c3a53a82d18cb1ac59363e9f31233ede3e62bacc087ae40ee5425d026f0,589a8c3a53a82d18cb1ac59363e9f31233ede3e62bacc087ae40ee5425d026f0,True,0
train,395,1441,1707,24415f165960a23d15acf06980d556a6fb424275577733f9a175ce13ae32fd1e,True,1,4488,4487,24415f165960a23d15acf06980d556a6fb424275577733f9a175ce13ae32fd1e,24415f165960a23d15acf06980d556a6fb424275577733f9a175ce13ae32fd1e,True,0
train,396,1441,2271,92f475af8289efdfecf578b38e11eb9a08e716a3babf6dd838a42e5c8afb03eb,True,1,4488,4487,92f475af8289efdfecf578b38e11eb9a08e716a3babf6dd838a42e5c8afb03eb,92f475af8289efdfecf578b38e11eb9a08e716a3babf6dd838a42e5c8afb03eb,True,0
train,397,1472,1692,c1408b509120a1fc6f6c756219b689200b5d228a9c5f81e0040f936b21a4a6aa,True,1,4488,4487,c1408b509120a1fc6f6c756219b689200b5d228a9c5f81e0040f936b21a4a6aa,c1408b509120a1fc6f6c756219b689200b5d228a9c5f81e0040f936b21a4a6aa,True,0
train,398,1474,1908,5d17bbf6492de0e057c5ef00172528be68ff39181bfc0ccc677e13b981981c75,True,1,4488,4487,5d17bbf6492de0e057c5ef00172528be68ff39181bfc0ccc677e13b981981c75,5d17bbf6492de0e057c5ef00172528be68ff39181bfc0ccc677e13b981981c75,True,0
train,399,1479,1894,e113f0b3fb06c3b7583f5eae0dd22f0efb4ce9e9d364011fc9c237b94600854c,True,1,4488,4487,e113f0b3fb06c3b7583f5eae0dd22f0efb4ce9e9d364011fc9c237b94600854c,e113f0b3fb06c3b7583f5eae0dd22f0efb4ce9e9d364011fc9c237b94600854c,True,0
train,400,1481,1669,d00118422076700d3d092f5b0c330b390541e649f0b1168d94297025b7474e3f,True,1,4488,4487,d00118422076700d3d092f5b0c330b390541e649f0b1168d94297025b7474e3f,d00118422076700d3d092f5b0c330b390541e649f0b1168d94297025b7474e3f,True,0
train,401,1483,1743,53e1ee42e042c5b094b3374b1de5ac7928a808517e6339f39342730d5390bda1,True,1,4488,4487,53e1ee42e042c5b094b3374b1de5ac7928a808517e6339f39342730d5390bda1,53e1ee42e042c5b094b3374b1de5ac7928a808517e6339f39342730d5390bda1,True,0
train,402,1488,2601,0907b7071b390c58d6ba0cbd9432003b7c845394ee513339523c09512928a68a,True,1,4488,4487,0907b7071b390c58d6ba0cbd9432003b7c845394ee513339523c09512928a68a,0907b7071b390c58d6ba0cbd9432003b7c845394ee513339523c09512928a68a,True,0
train,403,1503,2243,3aebe5a45d2a92a8dfe01b61b11579c6f3c1727f95a7e2eec7618c9089cae7d8,True,1,4488,4487,3aebe5a45d2a92a8dfe01b61b11579c6f3c1727f95a7e2eec7618c9089cae7d8,3aebe5a45d2a92a8dfe01b61b11579c6f3c1727f95a7e2eec7618c9089cae7d8,True,0
train,404,1505,1624,d29a906d1876e5bb4fd59eede4d43c2dea3691a2e144234c9d1e6bee31534808,True,1,4488,4487,d29a906d1876e5bb4fd59eede4d43c2dea3691a2e144234c9d1e6bee31534808,d29a906d1876e5bb4fd59eede4d43c2dea3691a2e144234c9d1e6bee31534808,True,0
train,405,1505,2086,12585b343469e8926932f1255ea6b512fb4ad28495b094fe479160494e51022a,True,1,4488,4487,12585b343469e8926932f1255ea6b512fb4ad28495b094fe479160494e51022a,12585b343469e8926932f1255ea6b512fb4ad28495b094fe479160494e51022a,True,0
train,406,1505,2107,5c58cb76c5b467014d2f2ea621e53e9048ac8fe272e61293cd19d5726dcf2deb,True,1,4488,4487,5c58cb76c5b467014d2f2ea621e53e9048ac8fe272e61293cd19d5726dcf2deb,5c58cb76c5b467014d2f2ea621e53e9048ac8fe272e61293cd19d5726dcf2deb,True,0
train,407,1512,2023,c25a70ef60f41bc09ed67eb757f0ebdee2bfe832e9ced3154beb0893afa03e7f,True,1,4488,4487,c25a70ef60f41bc09ed67eb757f0ebdee2bfe832e9ced3154beb0893afa03e7f,c25a70ef60f41bc09ed67eb757f0ebdee2bfe832e9ced3154beb0893afa03e7f,True,0
train,408,1524,1693,7ae936c8243d2cde10b6cfa0057090b1f10b8da5db5d42ed12d6e61d855ed695,True,1,4488,4487,7ae936c8243d2cde10b6cfa0057090b1f10b8da5db5d42ed12d6e61d855ed695,7ae936c8243d2cde10b6cfa0057090b1f10b8da5db5d42ed12d6e61d855ed695,True,0
train,409,1526,1981,60a986acad52a84292f5a16a033e0fbe3142a865e1f7e4decaa1c601b7ee0b5c,True,1,4488,4487,60a986acad52a84292f5a16a033e0fbe3142a865e1f7e4decaa1c601b7ee0b5c,60a986acad52a84292f5a16a033e0fbe3142a865e1f7e4decaa1c601b7ee0b5c,True,0
train,410,1526,2099,f1588c733c3342809a5ec925dd1582127cd00c082f857c99308cdf64464cfa93,True,1,4488,4487,f1588c733c3342809a5ec925dd1582127cd00c082f857c99308cdf64464cfa93,f1588c733c3342809a5ec925dd1582127cd00c082f857c99308cdf64464cfa93,True,0
train,411,1526,2425,aca37ae33d9560948849c5ddc0fb3951ea150418f0ac3fdb69b64771538b3cd7,True,1,4488,4487,aca37ae33d9560948849c5ddc0fb3951ea150418f0ac3fdb69b64771538b3cd7,aca37ae33d9560948849c5ddc0fb3951ea150418f0ac3fdb69b64771538b3cd7,True,0
train,412,1532,2648,e6b549e2db1f830361b0d1e709856bc243b38155664102e58bdcfe9ddd6a01b5,True,1,4488,4487,e6b549e2db1f830361b0d1e709856bc243b38155664102e58bdcfe9ddd6a01b5,e6b549e2db1f830361b0d1e709856bc243b38155664102e58bdcfe9ddd6a01b5,True,0
train,413,1535,1916,cdfa30476131cff06f4f17de02a0ed663e336f978834370fa68f6a5253c17b49,True,1,4488,4487,cdfa30476131cff06f4f17de02a0ed663e336f978834370fa68f6a5253c17b49,cdfa30476131cff06f4f17de02a0ed663e336f978834370fa68f6a5253c17b49,True,0
train,414,1547,2169,394cc89f45d59ce24301a4274b6369b2985e171839a04f7e3ba4f2cf28e8348d,True,1,4488,4487,394cc89f45d59ce24301a4274b6369b2985e171839a04f7e3ba4f2cf28e8348d,394cc89f45d59ce24301a4274b6369b2985e171839a04f7e3ba4f2cf28e8348d,True,0
train,415,1576,1810,a6c7ffb84e40c0e359a41c26542fe8931a5d5753cc7e5666897f7e4e9802efca,True,1,4488,4487,a6c7ffb84e40c0e359a41c26542fe8931a5d5753cc7e5666897f7e4e9802efca,a6c7ffb84e40c0e359a41c26542fe8931a5d5753cc7e5666897f7e4e9802efca,True,0
train,416,1578,2497,97ae73f9b2b30933bb8f8bb057ff287656f2a014d7b297b5820805644f36d484,True,1,4488,4487,97ae73f9b2b30933bb8f8bb057ff287656f2a014d7b297b5820805644f36d484,97ae73f9b2b30933bb8f8bb057ff287656f2a014d7b297b5820805644f36d484,True,0
train,417,1602,2072,200132f805b57b9bebbb356da36ccb8c8114c44b613633f56a095883d2b3a3bc,True,1,4488,4487,200132f805b57b9bebbb356da36ccb8c8114c44b613633f56a095883d2b3a3bc,200132f805b57b9bebbb356da36ccb8c8114c44b613633f56a095883d2b3a3bc,True,0
train,418,1605,1950,bcab225c0173718f0ca5f762b612fb80f71be6b1b6e2fe397a28cc5c133563db,True,1,4488,4487,bcab225c0173718f0ca5f762b612fb80f71be6b1b6e2fe397a28cc5c133563db,bcab225c0173718f0ca5f762b612fb80f71be6b1b6e2fe397a28cc5c133563db,True,0
train,419,1608,2489,8887921e01ce2ce4bfc8cacf91ce95513d333ddc73e14eed9708c2713c611f01,True,1,4488,4487,8887921e01ce2ce4bfc8cacf91ce95513d333ddc73e14eed9708c2713c611f01,8887921e01ce2ce4bfc8cacf91ce95513d333ddc73e14eed9708c2713c611f01,True,0
train,420,1620,2450,abd30266a34af1b8c35904f1a3fb6d2a01c4d5060c6ca58e6fecce05882d72be,True,1,4488,4487,abd30266a34af1b8c35904f1a3fb6d2a01c4d5060c6ca58e6fecce05882d72be,abd30266a34af1b8c35904f1a3fb6d2a01c4d5060c6ca58e6fecce05882d72be,True,0
train,421,1622,2425,0027f58bfad95c3189b1e316b4f64e699dc086327bcfa53c8840a38ab0684f60,True,1,4488,4487,0027f58bfad95c3189b1e316b4f64e699dc086327bcfa53c8840a38ab0684f60,0027f58bfad95c3189b1e316b4f64e699dc086327bcfa53c8840a38ab0684f60,True,0
train,422,1623,1783,d8d32d9e6a970bbf3544c910af53383ff049ec2a2b65a1b182ff35ac5a406dfa,True,1,4488,4487,d8d32d9e6a970bbf3544c910af53383ff049ec2a2b65a1b182ff35ac5a406dfa,d8d32d9e6a970bbf3544c910af53383ff049ec2a2b65a1b182ff35ac5a406dfa,True,0
train,423,1624,1780,dfc294bab20537b66661646eb635336728f9ebf1a698bf709d58c6cfa201f319,True,1,4488,4487,dfc294bab20537b66661646eb635336728f9ebf1a698bf709d58c6cfa201f319,dfc294bab20537b66661646eb635336728f9ebf1a698bf709d58c6cfa201f319,True,0
train,424,1628,2172,fe2682de920023804c485343e6c25b72668d59eaef1048a62f2348e9b2ba7935,True,1,4488,4487,fe2682de920023804c485343e6c25b72668d59eaef1048a62f2348e9b2ba7935,fe2682de920023804c485343e6c25b72668d59eaef1048a62f2348e9b2ba7935,True,0
train,425,1636,2141,52ef5abd66da5b8f8c68cc1131630ad5460dac2e3327cf8f2fa744c33a5e67dc,True,1,4488,4487,52ef5abd66da5b8f8c68cc1131630ad5460dac2e3327cf8f2fa744c33a5e67dc,52ef5abd66da5b8f8c68cc1131630ad5460dac2e3327cf8f2fa744c33a5e67dc,True,0
train,426,1657,2686,098e54330d142e201ed008af1bcb6cd118442ea9c18df8db8274191bab7f6e32,True,1,4488,4487,098e54330d142e201ed008af1bcb6cd118442ea9c18df8db8274191bab7f6e32,098e54330d142e201ed008af1bcb6cd118442ea9c18df8db8274191bab7f6e32,True,0
train,427,1661,1851,586a60af224782f5ad7816f879cd7cecb7903ede3ebd76d6f5130aefdb7a49f7,True,1,4488,4487,586a60af224782f5ad7816f879cd7cecb7903ede3ebd76d6f5130aefdb7a49f7,586a60af224782f5ad7816f879cd7cecb7903ede3ebd76d6f5130aefdb7a49f7,True,0
train,428,1662,2381,478c2432d144e370b0e99d1b5b0ad0779180b10f2697f08626dedf3990744027,True,1,4488,4487,478c2432d144e370b0e99d1b5b0ad0779180b10f2697f08626dedf3990744027,478c2432d144e370b0e99d1b5b0ad0779180b10f2697f08626dedf3990744027,True,0
train,429,1671,1929,4ccf172324c33c634453cf616dca8ac65ad575414e7d9cd80bb005d790f873c8,True,1,4488,4487,4ccf172324c33c634453cf616dca8ac65ad575414e7d9cd80bb005d790f873c8,4ccf172324c33c634453cf616dca8ac65ad575414e7d9cd80bb005d790f873c8,True,0
train,430,1684,2513,b0175eb267e85796280e2371fee05dfc55f1c827e6e9efc774ade37694d7221f,True,1,4488,4487,b0175eb267e85796280e2371fee05dfc55f1c827e6e9efc774ade37694d7221f,b0175eb267e85796280e2371fee05dfc55f1c827e6e9efc774ade37694d7221f,True,0
train,431,1688,2671,f8bb3431dc9405a442e799ed7e85849dd28f85725c28748cab176d3c76b01d9d,True,1,4488,4487,f8bb3431dc9405a442e799ed7e85849dd28f85725c28748cab176d3c76b01d9d,f8bb3431dc9405a442e799ed7e85849dd28f85725c28748cab176d3c76b01d9d,True,0
train,432,1692,2186,5c82e0c8f2bba6db9625e325a18b79f2f5aa19e9a56f86418b4dbaa288d0227c,True,1,4488,4487,5c82e0c8f2bba6db9625e325a18b79f2f5aa19e9a56f86418b4dbaa288d0227c,5c82e0c8f2bba6db9625e325a18b79f2f5aa19e9a56f86418b4dbaa288d0227c,True,0
train,433,1692,2349,cdcdd2fae756b67e5a64891ff84404cc5dbe4047de6558234db25a3b2e076b40,True,1,4488,4487,cdcdd2fae756b67e5a64891ff84404cc5dbe4047de6558234db25a3b2e076b40,cdcdd2fae756b67e5a64891ff84404cc5dbe4047de6558234db25a3b2e076b40,True,0
train,434,1701,1799,2a36d5a6dbf69a21c0d2aede46ea2beed38916ad7145a79a6a04a8dd05229211,True,1,4488,4487,2a36d5a6dbf69a21c0d2aede46ea2beed38916ad7145a79a6a04a8dd05229211,2a36d5a6dbf69a21c0d2aede46ea2beed38916ad7145a79a6a04a8dd05229211,True,0
train,435,1701,1873,dfdf945ac5ec600e23ca2395814bc780ec205d3fd9640fbc19f59020539db885,True,1,4488,4487,dfdf945ac5ec600e23ca2395814bc780ec205d3fd9640fbc19f59020539db885,dfdf945ac5ec600e23ca2395814bc780ec205d3fd9640fbc19f59020539db885,True,0
train,436,1701,1876,e96212bbdd27b152c6f00a326b233666edc1d842247131a52f8e074fbae1910e,True,1,4488,4487,e96212bbdd27b152c6f00a326b233666edc1d842247131a52f8e074fbae1910e,e96212bbdd27b152c6f00a326b233666edc1d842247131a52f8e074fbae1910e,True,0
train,437,1704,1986,7a3c94c6cf462b0cbbcad15b44ad28364de828ddb12f0a2219b0fac2098b8c7b,True,1,4488,4487,7a3c94c6cf462b0cbbcad15b44ad28364de828ddb12f0a2219b0fac2098b8c7b,7a3c94c6cf462b0cbbcad15b44ad28364de828ddb12f0a2219b0fac2098b8c7b,True,0
train,438,1712,2446,5015a636021346ecc8fbf21db76b158e9ccc277124b423eddddbae8bf8e64238,True,1,4488,4487,5015a636021346ecc8fbf21db76b158e9ccc277124b423eddddbae8bf8e64238,5015a636021346ecc8fbf21db76b158e9ccc277124b423eddddbae8bf8e64238,True,0
train,439,1718,2685,1feb5bfac326e376f60a46c289612103ba248557950c783c584122050320f3c5,True,1,4488,4487,1feb5bfac326e376f60a46c289612103ba248557950c783c584122050320f3c5,1feb5bfac326e376f60a46c289612103ba248557950c783c584122050320f3c5,True,0
train,440,1738,2365,695a6fe09de08cef1e5a4d6c36ec8537aeb048d25de9f335d5140259b38b9ab6,True,1,4488,4487,695a6fe09de08cef1e5a4d6c36ec8537aeb048d25de9f335d5140259b38b9ab6,695a6fe09de08cef1e5a4d6c36ec8537aeb048d25de9f335d5140259b38b9ab6,True,0
train,441,1739,2221,adc968b6ae087370336c5acb70a517b749d785700a58e8b6942b9f415c0d120a,True,1,4488,4487,adc968b6ae087370336c5acb70a517b749d785700a58e8b6942b9f415c0d120a,adc968b6ae087370336c5acb70a517b749d785700a58e8b6942b9f415c0d120a,True,0
train,442,1740,1804,3b0cfb9d183fd4e6e77ba329095ebb45d757b9ff65cc4d60f65ab8f3a7922584,True,1,4488,4487,3b0cfb9d183fd4e6e77ba329095ebb45d757b9ff65cc4d60f65ab8f3a7922584,3b0cfb9d183fd4e6e77ba329095ebb45d757b9ff65cc4d60f65ab8f3a7922584,True,0
train,443,1742,1749,bf8d0e93fc6eb867222c3b3237e5c397b32c80c5e4f12ed5201cc17adcd79515,True,1,4488,4487,bf8d0e93fc6eb867222c3b3237e5c397b32c80c5e4f12ed5201cc17adcd79515,bf8d0e93fc6eb867222c3b3237e5c397b32c80c5e4f12ed5201cc17adcd79515,True,0
train,444,1755,1765,74d561882abb46a81ec711d41922783e86c5146087515ac572a920f44845a677,True,1,4488,4487,74d561882abb46a81ec711d41922783e86c5146087515ac572a920f44845a677,74d561882abb46a81ec711d41922783e86c5146087515ac572a920f44845a677,True,0
train,445,1765,2492,53bf84a3201d7d471737b22eb350d0995dc7dddbdf048274afe3b00c8cb2d308,True,1,4488,4487,53bf84a3201d7d471737b22eb350d0995dc7dddbdf048274afe3b00c8cb2d308,53bf84a3201d7d471737b22eb350d0995dc7dddbdf048274afe3b00c8cb2d308,True,0
train,446,1768,1837,0d8880e2c9a9a33a33f544cc950173693a2afce38175ee7c2622c238896b5cdb,True,1,4488,4487,0d8880e2c9a9a33a33f544cc950173693a2afce38175ee7c2622c238896b5cdb,0d8880e2c9a9a33a33f544cc950173693a2afce38175ee7c2622c238896b5cdb,True,0
train,447,1781,1998,0937586082735471ae7a916292dc24bf66bfd6db462adfacf61be05dc4a2866d,True,1,4488,4487,0937586082735471ae7a916292dc24bf66bfd6db462adfacf61be05dc4a2866d,0937586082735471ae7a916292dc24bf66bfd6db462adfacf61be05dc4a2866d,True,0
train,448,1794,1796,dbe3a4beba6743161502c0e3cd8a43d3fa19c317d03b4945a4b46d837da3c455,True,1,4488,4487,dbe3a4beba6743161502c0e3cd8a43d3fa19c317d03b4945a4b46d837da3c455,dbe3a4beba6743161502c0e3cd8a43d3fa19c317d03b4945a4b46d837da3c455,True,0
train,449,1808,1810,d36508facbd46e00be0f769cba7382b6d4f702042e544d8dda1f408ad824a9f0,True,1,4488,4487,d36508facbd46e00be0f769cba7382b6d4f702042e544d8dda1f408ad824a9f0,d36508facbd46e00be0f769cba7382b6d4f702042e544d8dda1f408ad824a9f0,True,0
train,450,1810,1819,8ce30b6620049359f8c33af905193001be1e8e3bb34254d9298cc31a3cfd85ad,True,1,4488,4487,8ce30b6620049359f8c33af905193001be1e8e3bb34254d9298cc31a3cfd85ad,8ce30b6620049359f8c33af905193001be1e8e3bb34254d9298cc31a3cfd85ad,True,0
train,451,1811,1822,0e716e03b48f5e86314e6aa4faebef90c5067850bf4842c1ea589619c6675908,True,1,4488,4487,0e716e03b48f5e86314e6aa4faebef90c5067850bf4842c1ea589619c6675908,0e716e03b48f5e86314e6aa4faebef90c5067850bf4842c1ea589619c6675908,True,0
train,452,1812,1986,43adf230be9bc326fd93418ccc7ab71016cb1e0d7afc028595966048be93acec,True,1,4488,4487,43adf230be9bc326fd93418ccc7ab71016cb1e0d7afc028595966048be93acec,43adf230be9bc326fd93418ccc7ab71016cb1e0d7afc028595966048be93acec,True,0
train,453,1818,2306,f8ea9e2bb739a570dd41446ba33eccc38477266b5b65351f13bce4587714d309,True,1,4488,4487,f8ea9e2bb739a570dd41446ba33eccc38477266b5b65351f13bce4587714d309,f8ea9e2bb739a570dd41446ba33eccc38477266b5b65351f13bce4587714d309,True,0
train,454,1824,1826,98e3d8ed96f93d575ad5850b1274aeeddc190b4ee44481f34b5a284756603db6,True,1,4488,4487,98e3d8ed96f93d575ad5850b1274aeeddc190b4ee44481f34b5a284756603db6,98e3d8ed96f93d575ad5850b1274aeeddc190b4ee44481f34b5a284756603db6,True,0
train,455,1835,2160,0a7db18d4feafbb07771d840b88c4a7d135c7dfffa7f5bf1d103b0a620135510,True,1,4488,4487,0a7db18d4feafbb07771d840b88c4a7d135c7dfffa7f5bf1d103b0a620135510,0a7db18d4feafbb07771d840b88c4a7d135c7dfffa7f5bf1d103b0a620135510,True,0
train,456,1869,2309,d22dfe2caa00c23a1c622307221b1366f683f6489c42813b6978e265257005d9,True,1,4488,4487,d22dfe2caa00c23a1c622307221b1366f683f6489c42813b6978e265257005d9,d22dfe2caa00c23a1c622307221b1366f683f6489c42813b6978e265257005d9,True,0
train,457,1885,2644,17552e22abe80f87686b821d1b26abc73391c999e32b8735ee66061c85d5c36b,True,1,4488,4487,17552e22abe80f87686b821d1b26abc73391c999e32b8735ee66061c85d5c36b,17552e22abe80f87686b821d1b26abc73391c999e32b8735ee66061c85d5c36b,True,0
train,458,1887,1888,6f1dfede7e957a51da600adef1f542638d182279b60929c2e82a603d6ace7575,True,1,4488,4487,6f1dfede7e957a51da600adef1f542638d182279b60929c2e82a603d6ace7575,6f1dfede7e957a51da600adef1f542638d182279b60929c2e82a603d6ace7575,True,0
train,459,1889,1892,6b07fff4cf2f1e592d088901de76937d5aae1aa6ab516b840abefd74a80899ca,True,1,4488,4487,6b07fff4cf2f1e592d088901de76937d5aae1aa6ab516b840abefd74a80899ca,6b07fff4cf2f1e592d088901de76937d5aae1aa6ab516b840abefd74a80899ca,True,0
train,460,1894,2118,3fd94c2f94972146a576daa74d7d8742f42fd6fd1202f8b9be68ee9835b0600c,True,1,4488,4487,3fd94c2f94972146a576daa74d7d8742f42fd6fd1202f8b9be68ee9835b0600c,3fd94c2f94972146a576daa74d7d8742f42fd6fd1202f8b9be68ee9835b0600c,True,0
train,461,1903,1960,aeed06a15eaf29d55365be6cdd7e2329ab230ec2b3ace6db5ea6284ffc079efa,True,1,4488,4487,aeed06a15eaf29d55365be6cdd7e2329ab230ec2b3ace6db5ea6284ffc079efa,aeed06a15eaf29d55365be6cdd7e2329ab230ec2b3ace6db5ea6284ffc079efa,True,0
train,462,1912,2404,f9db4727768a3b16bcdc26a55089cc6f531fa551cea2cf4792f6b794cf4fe00f,True,1,4488,4487,f9db4727768a3b16bcdc26a55089cc6f531fa551cea2cf4792f6b794cf4fe00f,f9db4727768a3b16bcdc26a55089cc6f531fa551cea2cf4792f6b794cf4fe00f,True,0
train,463,1914,1915,237ab5f9a0dd827c3115d6f3a19562971af831477807aaf169f28ed7684a46e1,True,1,4488,4487,237ab5f9a0dd827c3115d6f3a19562971af831477807aaf169f28ed7684a46e1,237ab5f9a0dd827c3115d6f3a19562971af831477807aaf169f28ed7684a46e1,True,0
train,464,1914,1916,7ce89af4851bf5282a4691d852f51acc079354e0fa5809e67f9f97d2514d9e8a,True,1,4488,4487,7ce89af4851bf5282a4691d852f51acc079354e0fa5809e67f9f97d2514d9e8a,7ce89af4851bf5282a4691d852f51acc079354e0fa5809e67f9f97d2514d9e8a,True,0
train,465,1914,1917,20883a46d0a1a92485dce84933465ec599974457d580d7e545e8db24e92c8f92,True,1,4488,4487,20883a46d0a1a92485dce84933465ec599974457d580d7e545e8db24e92c8f92,20883a46d0a1a92485dce84933465ec599974457d580d7e545e8db24e92c8f92,True,0
train,466,1914,1919,6e166b28a700d8fc951ffc5002a06fd8ed9c3cfce98de0426fbdf71e796bd713,True,1,4488,4487,6e166b28a700d8fc951ffc5002a06fd8ed9c3cfce98de0426fbdf71e796bd713,6e166b28a700d8fc951ffc5002a06fd8ed9c3cfce98de0426fbdf71e796bd713,True,0
train,467,1914,2388,aeb1a5015fc7b3cee4ac85fad100dffe9a3b8dea083477ac90bde0c2b66a6c6a,True,1,4488,4487,aeb1a5015fc7b3cee4ac85fad100dffe9a3b8dea083477ac90bde0c2b66a6c6a,aeb1a5015fc7b3cee4ac85fad100dffe9a3b8dea083477ac90bde0c2b66a6c6a,True,0
train,468,1926,2051,6046e55abfe627a1598ef4e8bac00f862bfb66375d435b1a9e2716edd8e1e3b3,True,1,4488,4487,6046e55abfe627a1598ef4e8bac00f862bfb66375d435b1a9e2716edd8e1e3b3,6046e55abfe627a1598ef4e8bac00f862bfb66375d435b1a9e2716edd8e1e3b3,True,0
train,469,1927,1930,360fd63713d67c791b7bd571a452463be16d801307dbb7e4bb46fed5d16ebfed,True,1,4488,4487,360fd63713d67c791b7bd571a452463be16d801307dbb7e4bb46fed5d16ebfed,360fd63713d67c791b7bd571a452463be16d801307dbb7e4bb46fed5d16ebfed,True,0
train,470,1928,2317,b82bab0f931f221862f0ccfe27559ae7e24866acbcf13a7786473c89dd537025,True,1,4488,4487,b82bab0f931f221862f0ccfe27559ae7e24866acbcf13a7786473c89dd537025,b82bab0f931f221862f0ccfe27559ae7e24866acbcf13a7786473c89dd537025,True,0
train,471,1929,2034,06be4358f5cdacaf859ad9ed54ba184ef15a04e75a0d95f01102552dd78802dd,True,1,4488,4487,06be4358f5cdacaf859ad9ed54ba184ef15a04e75a0d95f01102552dd78802dd,06be4358f5cdacaf859ad9ed54ba184ef15a04e75a0d95f01102552dd78802dd,True,0
train,472,1932,1936,e76b7747b3c8507e6dcfa6f09b504b54d45dacbdf3d52f164d6bf013d33b8780,True,1,4488,4487,e76b7747b3c8507e6dcfa6f09b504b54d45dacbdf3d52f164d6bf013d33b8780,e76b7747b3c8507e6dcfa6f09b504b54d45dacbdf3d52f164d6bf013d33b8780,True,0
train,473,1959,2621,bfe3bd5550b32d120ec22a5e23c786e7d30b571f9c6b144a7a6a4234a91c3795,True,1,4488,4487,bfe3bd5550b32d120ec22a5e23c786e7d30b571f9c6b144a7a6a4234a91c3795,bfe3bd5550b32d120ec22a5e23c786e7d30b571f9c6b144a7a6a4234a91c3795,True,0
train,474,1968,2034,3b3cb7605a4343c121dd8e5ac4ceb760119ba2ff8b98416f9f9696b8e8782359,True,1,4488,4487,3b3cb7605a4343c121dd8e5ac4ceb760119ba2ff8b98416f9f9696b8e8782359,3b3cb7605a4343c121dd8e5ac4ceb760119ba2ff8b98416f9f9696b8e8782359,True,0
train,475,1969,2238,97fe2822907ac2599fd4e0b54369b78ae4cfc99dda64aa891a2e8642c95bc7a8,True,1,4488,4487,97fe2822907ac2599fd4e0b54369b78ae4cfc99dda64aa891a2e8642c95bc7a8,97fe2822907ac2599fd4e0b54369b78ae4cfc99dda64aa891a2e8642c95bc7a8,True,0
train,476,1986,2000,cdc6e0c592c47b58817c9dfe7688f8205db33854251c69d90bab43c553d78a31,True,1,4488,4487,cdc6e0c592c47b58817c9dfe7688f8205db33854251c69d90bab43c553d78a31,cdc6e0c592c47b58817c9dfe7688f8205db33854251c69d90bab43c553d78a31,True,0
train,477,1986,2004,7937d8795b36c2f9664c1120aca572e10d2130d2882ef95d4e44dc7eae71c857,True,1,4488,4487,7937d8795b36c2f9664c1120aca572e10d2130d2882ef95d4e44dc7eae71c857,7937d8795b36c2f9664c1120aca572e10d2130d2882ef95d4e44dc7eae71c857,True,0
train,478,1986,2009,515b3524889d75005cbc7306c7010111ec190f5b620a579bb18ead6bf5eb259f,True,1,4488,4487,515b3524889d75005cbc7306c7010111ec190f5b620a579bb18ead6bf5eb259f,515b3524889d75005cbc7306c7010111ec190f5b620a579bb18ead6bf5eb259f,True,0
train,479,1991,2325,3dc98ca163049c07ae4b74d2cc19d5d222ef04e32ebb22e1aa1b6aa6571e07f8,True,1,4488,4487,3dc98ca163049c07ae4b74d2cc19d5d222ef04e32ebb22e1aa1b6aa6571e07f8,3dc98ca163049c07ae4b74d2cc19d5d222ef04e32ebb22e1aa1b6aa6571e07f8,True,0
train,480,2001,2378,e48914c3ab86016bab83f705289c4abd9025303bb854bc63dea4ae2ea71e4c30,True,1,4488,4487,e48914c3ab86016bab83f705289c4abd9025303bb854bc63dea4ae2ea71e4c30,e48914c3ab86016bab83f705289c4abd9025303bb854bc63dea4ae2ea71e4c30,True,0
train,481,2002,2379,fe67f402bbb2947964673073b8d0593c1d21e8abeb030c647fa870485e1fc6b4,True,1,4488,4487,fe67f402bbb2947964673073b8d0593c1d21e8abeb030c647fa870485e1fc6b4,fe67f402bbb2947964673073b8d0593c1d21e8abeb030c647fa870485e1fc6b4,True,0
train,482,2015,2071,c015d9f4da1b75a2c7a289e135a31f1e4b6c70274f3c646d995ada9ee63e6671,True,1,4488,4487,c015d9f4da1b75a2c7a289e135a31f1e4b6c70274f3c646d995ada9ee63e6671,c015d9f4da1b75a2c7a289e135a31f1e4b6c70274f3c646d995ada9ee63e6671,True,0
train,483,2040,2120,d797ffa986b696083340cbae4a7c20257f4483af7ba6877643f4ec5d0f3c2937,True,1,4488,4487,d797ffa986b696083340cbae4a7c20257f4483af7ba6877643f4ec5d0f3c2937,d797ffa986b696083340cbae4a7c20257f4483af7ba6877643f4ec5d0f3c2937,True,0
train,484,2043,2406,8e5cb7a6cb2f9028caf7213848f988013142e2634890cdbe8358efe4c5642e55,True,1,4488,4487,8e5cb7a6cb2f9028caf7213848f988013142e2634890cdbe8358efe4c5642e55,8e5cb7a6cb2f9028caf7213848f988013142e2634890cdbe8358efe4c5642e55,True,0
train,485,2056,2311,3cf7e97d197d86b3b6d184484d286b6abea141e13cd17395b047cc42a330413d,True,1,4488,4487,3cf7e97d197d86b3b6d184484d286b6abea141e13cd17395b047cc42a330413d,3cf7e97d197d86b3b6d184484d286b6abea141e13cd17395b047cc42a330413d,True,0
train,486,2066,2122,398f6814f2cc5be3c157dc7bcc71f4141c9b75059dc3aa972465b0bb00a6ccc7,True,1,4488,4487,398f6814f2cc5be3c157dc7bcc71f4141c9b75059dc3aa972465b0bb00a6ccc7,398f6814f2cc5be3c157dc7bcc71f4141c9b75059dc3aa972465b0bb00a6ccc7,True,0
train,487,2074,2181,d4160b268f187ab41567880e2a98bba33222d0de83c5b7a88cfaeb2fb2064574,True,1,4488,4487,d4160b268f187ab41567880e2a98bba33222d0de83c5b7a88cfaeb2fb2064574,d4160b268f187ab41567880e2a98bba33222d0de83c5b7a88cfaeb2fb2064574,True,0
train,488,2076,2667,54398697bc8ceccfd4e2c1cfd5a989cfa71225ee216e0375bdb556d2e973653e,True,1,4488,4487,54398697bc8ceccfd4e2c1cfd5a989cfa71225ee216e0375bdb556d2e973653e,54398697bc8ceccfd4e2c1cfd5a989cfa71225ee216e0375bdb556d2e973653e,True,0
train,489,2085,2089,118714c1287d1249b9a12af10f03fafc0b0c31e951edcbad64ef649fef9da111,True,1,4488,4487,118714c1287d1249b9a12af10f03fafc0b0c31e951edcbad64ef649fef9da111,118714c1287d1249b9a12af10f03fafc0b0c31e951edcbad64ef649fef9da111,True,0
train,490,2100,2101,8660a12095d069a2c28c5363d3457295cfeeb7455470c6530fc71b5eefb7a110,True,1,4488,4487,8660a12095d069a2c28c5363d3457295cfeeb7455470c6530fc71b5eefb7a110,8660a12095d069a2c28c5363d3457295cfeeb7455470c6530fc71b5eefb7a110,True,0
train,491,2127,2130,fbaaf302e737b7c673c09fd2b494d34907b540205188446d65eb8c2da0c600d6,True,1,4488,4487,fbaaf302e737b7c673c09fd2b494d34907b540205188446d65eb8c2da0c600d6,fbaaf302e737b7c673c09fd2b494d34907b540205188446d65eb8c2da0c600d6,True,0
train,492,2144,2145,7a9af8b7d955d621b9c9184a670ab5dd984a8c1ba0b3bf7558a2925331bd6044,True,1,4488,4487,7a9af8b7d955d621b9c9184a670ab5dd984a8c1ba0b3bf7558a2925331bd6044,7a9af8b7d955d621b9c9184a670ab5dd984a8c1ba0b3bf7558a2925331bd6044,True,0
train,493,2155,2293,25b5a65ebab249c8b9751079c3bc1099dd16efadd3dfe5acb5a055201fdc91c7,True,1,4488,4487,25b5a65ebab249c8b9751079c3bc1099dd16efadd3dfe5acb5a055201fdc91c7,25b5a65ebab249c8b9751079c3bc1099dd16efadd3dfe5acb5a055201fdc91c7,True,0
train,494,2177,2367,06cd18a310b2580b611bc081db73c8a49bc29d70837c35bd72cfc453f690feb2,True,1,4488,4487,06cd18a310b2580b611bc081db73c8a49bc29d70837c35bd72cfc453f690feb2,06cd18a310b2580b611bc081db73c8a49bc29d70837c35bd72cfc453f690feb2,True,0
train,495,2207,2241,1962ba96fc1bc5905d60df364c742bc59b82a033a08494bb6d4def34d81e1c95,True,1,4488,4487,1962ba96fc1bc5905d60df364c742bc59b82a033a08494bb6d4def34d81e1c95,1962ba96fc1bc5905d60df364c742bc59b82a033a08494bb6d4def34d81e1c95,True,0
train,496,2222,2224,b92c211a7b3efc7a69010a52002fcad0db96f17aee138b8017fa8a69afed61e3,True,1,4488,4487,b92c211a7b3efc7a69010a52002fcad0db96f17aee138b8017fa8a69afed61e3,b92c211a7b3efc7a69010a52002fcad0db96f17aee138b8017fa8a69afed61e3,True,0
train,497,2233,2291,c38043a805cde709e3eebda928dbb1136682c677496b8103b9fda143c49daf86,True,1,4488,4487,c38043a805cde709e3eebda928dbb1136682c677496b8103b9fda143c49daf86,c38043a805cde709e3eebda928dbb1136682c677496b8103b9fda143c49daf86,True,0
train,498,2238,2240,2760b20dc0fabb1dc6e22146b8d809a39e1e4b6b078a3c7c2f67303728ce77bc,True,1,4488,4487,2760b20dc0fabb1dc6e22146b8d809a39e1e4b6b078a3c7c2f67303728ce77bc,2760b20dc0fabb1dc6e22146b8d809a39e1e4b6b078a3c7c2f67303728ce77bc,True,0
train,499,2243,2244,cfc99b49bb9e1df25b48e2f350ce28f88be1007ac562ea993be54700e789f648,True,1,4488,4487,cfc99b49bb9e1df25b48e2f350ce28f88be1007ac562ea993be54700e789f648,cfc99b49bb9e1df25b48e2f350ce28f88be1007ac562ea993be54700e789f648,True,0
train,500,2259,2337,d38639957945527d9a0b612649de7c1e10d243dd2cbf75967cb390df3a40d00b,True,1,4488,4487,d38639957945527d9a0b612649de7c1e10d243dd2cbf75967cb390df3a40d00b,d38639957945527d9a0b612649de7c1e10d243dd2cbf75967cb390df3a40d00b,True,0
train,501,2266,2267,4c2c93ce04eb9febf6b4efbe457d997ae4055e481fc54cbeafcf49254e45de7e,True,1,4488,4487,4c2c93ce04eb9febf6b4efbe457d997ae4055e481fc54cbeafcf49254e45de7e,4c2c93ce04eb9febf6b4efbe457d997ae4055e481fc54cbeafcf49254e45de7e,True,0
train,502,2281,2405,af5709e84e8e364fd7d847d7a0f9615b206e2b01afa77ada78a01e24fa864543,True,1,4488,4487,af5709e84e8e364fd7d847d7a0f9615b206e2b01afa77ada78a01e24fa864543,af5709e84e8e364fd7d847d7a0f9615b206e2b01afa77ada78a01e24fa864543,True,0
train,503,2336,2524,8c71301afbb8c7fbb7e0cf86849815d2ca1c081ce8e9d8992ab4b979d1652424,True,1,4488,4487,8c71301afbb8c7fbb7e0cf86849815d2ca1c081ce8e9d8992ab4b979d1652424,8c71301afbb8c7fbb7e0cf86849815d2ca1c081ce8e9d8992ab4b979d1652424,True,0
train,504,2391,2451,b2416b96ff1d88d8811cdcbd8b298f10ba7fea2d05970d7963282e5a20ae9a64,True,1,4488,4487,b2416b96ff1d88d8811cdcbd8b298f10ba7fea2d05970d7963282e5a20ae9a64,b2416b96ff1d88d8811cdcbd8b298f10ba7fea2d05970d7963282e5a20ae9a64,True,0
train,505,2401,2435,eea04a595b90b93ecb1d53c55a043cd0d3acc8b13ecb9b443ca187e4b32ae80c,True,1,4488,4487,eea04a595b90b93ecb1d53c55a043cd0d3acc8b13ecb9b443ca187e4b32ae80c,eea04a595b90b93ecb1d53c55a043cd0d3acc8b13ecb9b443ca187e4b32ae80c,True,0
train,506,2427,2428,4a0aa54c69a219d1bd32863e6a490e1417cc58769bf78a0eaf0eed6b2f4c7da3,True,1,4488,4487,4a0aa54c69a219d1bd32863e6a490e1417cc58769bf78a0eaf0eed6b2f4c7da3,4a0aa54c69a219d1bd32863e6a490e1417cc58769bf78a0eaf0eed6b2f4c7da3,True,0
train,507,2442,2614,e9bef0cd6034f36b1abcb5c10cab79948305ee3481d0a1d55ee875bb47484dc3,True,1,4488,4487,e9bef0cd6034f36b1abcb5c10cab79948305ee3481d0a1d55ee875bb47484dc3,e9bef0cd6034f36b1abcb5c10cab79948305ee3481d0a1d55ee875bb47484dc3,True,0
train,508,2518,2538,0ba4fe67a6092cc262b43452de0a8baf9f79b7e5dfbe531db5f6a847c1cdcb4a,True,1,4488,4487,0ba4fe67a6092cc262b43452de0a8baf9f79b7e5dfbe531db5f6a847c1cdcb4a,0ba4fe67a6092cc262b43452de0a8baf9f79b7e5dfbe531db5f6a847c1cdcb4a,True,0
train,509,2539,2632,6a3a2b5778060781ea3d5f84ccbbe92f417c902cbec8af768a25897c0b5d1f19,True,1,4488,4487,6a3a2b5778060781ea3d5f84ccbbe92f417c902cbec8af768a25897c0b5d1f19,6a3a2b5778060781ea3d5f84ccbbe92f417c902cbec8af768a25897c0b5d1f19,True,0
train,510,2624,2701,7526d97575271818e1a0605b3194f78c5552ee98bb2eec042a131fe5967f30bc,True,1,4488,4487,7526d97575271818e1a0605b3194f78c5552ee98bb2eec042a131fe5967f30bc,7526d97575271818e1a0605b3194f78c5552ee98bb2eec042a131fe5967f30bc,True,0
train,511,2694,2695,bf5197af6733219074b54b4650dbd1e5dac1308a3a49ac3ad3b7df0e3e4f898f,True,1,4488,4487,bf5197af6733219074b54b4650dbd1e5dac1308a3a49ac3ad3b7df0e3e4f898f,bf5197af6733219074b54b4650dbd1e5dac1308a3a49ac3ad3b7df0e3e4f898f,True,0
valid,0,1151,2700,cf8bee4faf9f1e67678d45b7cd8c350d04e95baeead6b79c4cff607556fb7129,False,0,4488,4488,cf8bee4faf9f1e67678d45b7cd8c350d04e95baeead6b79c4cff607556fb7129,cf8bee4faf9f1e67678d45b7cd8c350d04e95baeead6b79c4cff607556fb7129,True,0
valid,1,438,1667,cf8bee4faf9f1e67678d45b7cd8c350d04e95baeead6b79c4cff607556fb7129,False,0,4488,4488,cf8bee4faf9f1e67678d45b7cd8c350d04e95baeead6b79c4cff607556fb7129,cf8bee4faf9f1e67678d45b7cd8c350d04e95baeead6b79c4cff607556fb7129,True,0
valid,2,357,2652,cf8bee4faf9f1e67678d45b7cd8c350d04e95baeead6b79c4cff607556fb7129,False,0,4488,4488,cf8bee4faf9f1e67678d45b7cd8c350d04e95baeead6b79c4cff607556fb7129,cf8bee4faf9f1e67678d45b7cd8c350d04e95baeead6b79c4cff607556fb7129,True,0
valid,3,734,1388,cf8bee4faf9f1e67678d45b7cd8c350d04e95baeead6b79c4cff607556fb7129,False,0,4488,4488,cf8bee4faf9f1e67678d45b7cd8c350d04e95baeead6b79c4cff607556fb7129,cf8bee4faf9f1e67678d45b7cd8c350d04e95baeead6b79c4cff607556fb7129,True,0
valid,4,997,1837,cf8bee4faf9f1e67678d45b7cd8c350d04e95baeead6b79c4cff607556fb7129,False,0,4488,4488,cf8bee4faf9f1e67678d45b7cd8c350d04e95baeead6b79c4cff607556fb7129,cf8bee4faf9f1e67678d45b7cd8c350d04e95baeead6b79c4cff607556fb7129,True,0
valid,5,1725,2413,cf8bee4faf9f1e67678d45b7cd8c350d04e95baeead6b79c4cff607556fb7129,False,0,4488,4488,cf8bee4faf9f1e67678d45b7cd8c350d04e95baeead6b79c4cff607556fb7129,cf8bee4faf9f1e67678d45b7cd8c350d04e95baeead6b79c4cff607556fb7129,True,0
valid,6,26,99,cf8bee4faf9f1e67678d45b7cd8c350d04e95baeead6b79c4cff607556fb7129,False,0,4488,4488,cf8bee4faf9f1e67678d45b7cd8c350d04e95baeead6b79c4cff607556fb7129,cf8bee4faf9f1e67678d45b7cd8c350d04e95baeead6b79c4cff607556fb7129,True,0
valid,7,1003,1373,cf8bee4faf9f1e67678d45b7cd8c350d04e95baeead6b79c4cff607556fb7129,False,0,4488,4488,cf8bee4faf9f1e67678d45b7cd8c350d04e95baeead6b79c4cff607556fb7129,cf8bee4faf9f1e67678d45b7cd8c350d04e95baeead6b79c4cff607556fb7129,True,0
valid,8,1041,1466,cf8bee4faf9f1e67678d45b7cd8c350d04e95baeead6b79c4cff607556fb7129,False,0,4488,4488,cf8bee4faf9f1e67678d45b7cd8c350d04e95baeead6b79c4cff607556fb7129,cf8bee4faf9f1e67678d45b7cd8c350d04e95baeead6b79c4cff607556fb7129,True,0
valid,9,374,2146,cf8bee4faf9f1e67678d45b7cd8c350d04e95baeead6b79c4cff607556fb7129,False,0,4488,4488,cf8bee4faf9f1e67678d45b7cd8c350d04e95baeead6b79c4cff607556fb7129,cf8bee4faf9f1e67678d45b7cd8c350d04e95baeead6b79c4cff607556fb7129,True,0
valid,10,534,629,cf8bee4faf9f1e67678d45b7cd8c350d04e95baeead6b79c4cff607556fb7129,False,0,4488,4488,cf8bee4faf9f1e67678d45b7cd8c350d04e95baeead6b79c4cff607556fb7129,cf8bee4faf9f1e67678d45b7cd8c350d04e95baeead6b79c4cff607556fb7129,True,0
valid,11,994,1329,cf8bee4faf9f1e67678d45b7cd8c350d04e95baeead6b79c4cff607556fb7129,False,0,4488,4488,cf8bee4faf9f1e67678d45b7cd8c350d04e95baeead6b79c4cff607556fb7129,cf8bee4faf9f1e67678d45b7cd8c350d04e95baeead6b79c4cff607556fb7129,True,0
valid,12,1196,1367,cf8bee4faf9f1e67678d45b7cd8c350d04e95baeead6b79c4cff607556fb7129,False,0,4488,4488,cf8bee4faf9f1e67678d45b7cd8c350d04e95baeead6b79c4cff607556fb7129,cf8bee4faf9f1e67678d45b7cd8c350d04e95baeead6b79c4cff607556fb7129,True,0
valid,13,444,623,cf8bee4faf9f1e67678d45b7cd8c350d04e95baeead6b79c4cff607556fb7129,False,0,4488,4488,cf8bee4faf9f1e67678d45b7cd8c350d04e95baeead6b79c4cff607556fb7129,cf8bee4faf9f1e67678d45b7cd8c350d04e95baeead6b79c4cff607556fb7129,True,0
valid,14,1792,2485,cf8bee4faf9f1e67678d45b7cd8c350d04e95baeead6b79c4cff607556fb7129,False,0,4488,4488,cf8bee4faf9f1e67678d45b7cd8c350d04e95baeead6b79c4cff607556fb7129,cf8bee4faf9f1e67678d45b7cd8c350d04e95baeead6b79c4cff607556fb7129,True,0
valid,15,1233,2433,cf8bee4faf9f1e67678d45b7cd8c350d04e95baeead6b79c4cff607556fb7129,False,0,4488,4488,cf8bee4faf9f1e67678d45b7cd8c350d04e95baeead6b79c4cff607556fb7129,cf8bee4faf9f1e67678d45b7cd8c350d04e95baeead6b79c4cff607556fb7129,True,0
valid,16,203,1115,cf8bee4faf9f1e67678d45b7cd8c350d04e95baeead6b79c4cff607556fb7129,False,0,4488,4488,cf8bee4faf9f1e67678d45b7cd8c350d04e95baeead6b79c4cff607556fb7129,cf8bee4faf9f1e67678d45b7cd8c350d04e95baeead6b79c4cff607556fb7129,True,0
valid,17,28,1687,cf8bee4faf9f1e67678d45b7cd8c350d04e95baeead6b79c4cff607556fb7129,False,0,4488,4488,cf8bee4faf9f1e67678d45b7cd8c350d04e95baeead6b79c4cff607556fb7129,cf8bee4faf9f1e67678d45b7cd8c350d04e95baeead6b79c4cff607556fb7129,True,0
valid,18,1209,1737,cf8bee4faf9f1e67678d45b7cd8c350d04e95baeead6b79c4cff607556fb7129,False,0,4488,4488,cf8bee4faf9f1e67678d45b7cd8c350d04e95baeead6b79c4cff607556fb7129,cf8bee4faf9f1e67678d45b7cd8c350d04e95baeead6b79c4cff607556fb7129,True,0
valid,19,817,1736,cf8bee4faf9f1e67678d45b7cd8c350d04e95baeead6b79c4cff607556fb7129,False,0,4488,4488,cf8bee4faf9f1e67678d45b7cd8c350d04e95baeead6b79c4cff607556fb7129,cf8bee4faf9f1e67678d45b7cd8c350d04e95baeead6b79c4cff607556fb7129,True,0
valid,20,383,733,cf8bee4faf9f1e67678d45b7cd8c350d04e95baeead6b79c4cff607556fb7129,False,0,4488,4488,cf8bee4faf9f1e67678d45b7cd8c350d04e95baeead6b79c4cff607556fb7129,cf8bee4faf9f1e67678d45b7cd8c350d04e95baeead6b79c4cff607556fb7129,True,0
valid,21,1185,1460,cf8bee4faf9f1e67678d45b7cd8c350d04e95baeead6b79c4cff607556fb7129,False,0,4488,4488,cf8bee4faf9f1e67678d45b7cd8c350d04e95baeead6b79c4cff607556fb7129,cf8bee4faf9f1e67678d45b7cd8c350d04e95baeead6b79c4cff607556fb7129,True,0
valid,22,48,2205,cf8bee4faf9f1e67678d45b7cd8c350d04e95baeead6b79c4cff607556fb7129,False,0,4488,4488,cf8bee4faf9f1e67678d45b7cd8c350d04e95baeead6b79c4cff607556fb7129,cf8bee4faf9f1e67678d45b7cd8c350d04e95baeead6b79c4cff607556fb7129,True,0
valid,23,251,812,cf8bee4faf9f1e67678d45b7cd8c350d04e95baeead6b79c4cff607556fb7129,False,0,4488,4488,cf8bee4faf9f1e67678d45b7cd8c350d04e95baeead6b79c4cff607556fb7129,cf8bee4faf9f1e67678d45b7cd8c350d04e95baeead6b79c4cff607556fb7129,True,0
valid,24,2130,2249,cf8bee4faf9f1e67678d45b7cd8c350d04e95baeead6b79c4cff607556fb7129,False,0,4488,4488,cf8bee4faf9f1e67678d45b7cd8c350d04e95baeead6b79c4cff607556fb7129,cf8bee4faf9f1e67678d45b7cd8c350d04e95baeead6b79c4cff607556fb7129,True,0
valid,25,1376,2232,cf8bee4faf9f1e67678d45b7cd8c350d04e95baeead6b79c4cff607556fb7129,False,0,4488,4488,cf8bee4faf9f1e67678d45b7cd8c350d04e95baeead6b79c4cff607556fb7129,cf8bee4faf9f1e67678d45b7cd8c350d04e95baeead6b79c4cff607556fb7129,True,0
valid,26,788,1952,cf8bee4faf9f1e67678d45b7cd8c350d04e95baeead6b79c4cff607556fb7129,False,0,4488,4488,cf8bee4faf9f1e67678d45b7cd8c350d04e95baeead6b79c4cff607556fb7129,cf8bee4faf9f1e67678d45b7cd8c350d04e95baeead6b79c4cff607556fb7129,True,0
valid,27,519,1670,cf8bee4faf9f1e67678d45b7cd8c350d04e95baeead6b79c4cff607556fb7129,False,0,4488,4488,cf8bee4faf9f1e67678d45b7cd8c350d04e95baeead6b79c4cff607556fb7129,cf8bee4faf9f1e67678d45b7cd8c350d04e95baeead6b79c4cff607556fb7129,True,0
valid,28,2618,2619,cf8bee4faf9f1e67678d45b7cd8c350d04e95baeead6b79c4cff607556fb7129,False,0,4488,4488,cf8bee4faf9f1e67678d45b7cd8c350d04e95baeead6b79c4cff607556fb7129,cf8bee4faf9f1e67678d45b7cd8c350d04e95baeead6b79c4cff607556fb7129,True,0
valid,29,440,1296,cf8bee4faf9f1e67678d45b7cd8c350d04e95baeead6b79c4cff607556fb7129,False,0,4488,4488,cf8bee4faf9f1e67678d45b7cd8c350d04e95baeead6b79c4cff607556fb7129,cf8bee4faf9f1e67678d45b7cd8c350d04e95baeead6b79c4cff607556fb7129,True,0
valid,30,378,602,cf8bee4faf9f1e67678d45b7cd8c350d04e95baeead6b79c4cff607556fb7129,False,0,4488,4488,cf8bee4faf9f1e67678d45b7cd8c350d04e95baeead6b79c4cff607556fb7129,cf8bee4faf9f1e67678d45b7cd8c350d04e95baeead6b79c4cff607556fb7129,True,0
valid,31,1952,2205,cf8bee4faf9f1e67678d45b7cd8c350d04e95baeead6b79c4cff607556fb7129,False,0,4488,4488,cf8bee4faf9f1e67678d45b7cd8c350d04e95baeead6b79c4cff607556fb7129,cf8bee4faf9f1e67678d45b7cd8c350d04e95baeead6b79c4cff607556fb7129,True,0
valid,32,793,2592,cf8bee4faf9f1e67678d45b7cd8c350d04e95baeead6b79c4cff607556fb7129,False,0,4488,4488,cf8bee4faf9f1e67678d45b7cd8c350d04e95baeead6b79c4cff607556fb7129,cf8bee4faf9f1e67678d45b7cd8c350d04e95baeead6b79c4cff607556fb7129,True,0
valid,33,661,830,cf8bee4faf9f1e67678d45b7cd8c350d04e95baeead6b79c4cff607556fb7129,False,0,4488,4488,cf8bee4faf9f1e67678d45b7cd8c350d04e95baeead6b79c4cff607556fb7129,cf8bee4faf9f1e67678d45b7cd8c350d04e95baeead6b79c4cff607556fb7129,True,0
valid,34,895,1913,cf8bee4faf9f1e67678d45b7cd8c350d04e95baeead6b79c4cff607556fb7129,False,0,4488,4488,cf8bee4faf9f1e67678d45b7cd8c350d04e95baeead6b79c4cff607556fb7129,cf8bee4faf9f1e67678d45b7cd8c350d04e95baeead6b79c4cff607556fb7129,True,0
valid,35,1631,2196,cf8bee4faf9f1e67678d45b7cd8c350d04e95baeead6b79c4cff607556fb7129,False,0,4488,4488,cf8bee4faf9f1e67678d45b7cd8c350d04e95baeead6b79c4cff607556fb7129,cf8bee4faf9f1e67678d45b7cd8c350d04e95baeead6b79c4cff607556fb7129,True,0
valid,36,1358,1758,cf8bee4faf9f1e67678d45b7cd8c350d04e95baeead6b79c4cff607556fb7129,False,0,4488,4488,cf8bee4faf9f1e67678d45b7cd8c350d04e95baeead6b79c4cff607556fb7129,cf8bee4faf9f1e67678d45b7cd8c350d04e95baeead6b79c4cff607556fb7129,True,0
valid,37,121,2251,cf8bee4faf9f1e67678d45b7cd8c350d04e95baeead6b79c4cff607556fb7129,False,0,4488,4488,cf8bee4faf9f1e67678d45b7cd8c350d04e95baeead6b79c4cff607556fb7129,cf8bee4faf9f1e67678d45b7cd8c350d04e95baeead6b79c4cff607556fb7129,True,0
valid,38,95,2182,cf8bee4faf9f1e67678d45b7cd8c350d04e95baeead6b79c4cff607556fb7129,False,0,4488,4488,cf8bee4faf9f1e67678d45b7cd8c350d04e95baeead6b79c4cff607556fb7129,cf8bee4faf9f1e67678d45b7cd8c350d04e95baeead6b79c4cff607556fb7129,True,0
valid,39,1229,2440,cf8bee4faf9f1e67678d45b7cd8c350d04e95baeead6b79c4cff607556fb7129,False,0,4488,4488,cf8bee4faf9f1e67678d45b7cd8c350d04e95baeead6b79c4cff607556fb7129,cf8bee4faf9f1e67678d45b7cd8c350d04e95baeead6b79c4cff607556fb7129,True,0
valid,40,201,1986,cf8bee4faf9f1e67678d45b7cd8c350d04e95baeead6b79c4cff607556fb7129,False,0,4488,4488,cf8bee4faf9f1e67678d45b7cd8c350d04e95baeead6b79c4cff607556fb7129,cf8bee4faf9f1e67678d45b7cd8c350d04e95baeead6b79c4cff607556fb7129,True,0
valid,41,88,1741,cf8bee4faf9f1e67678d45b7cd8c350d04e95baeead6b79c4cff607556fb7129,False,0,4488,4488,cf8bee4faf9f1e67678d45b7cd8c350d04e95baeead6b79c4cff607556fb7129,cf8bee4faf9f1e67678d45b7cd8c350d04e95baeead6b79c4cff607556fb7129,True,0
valid,42,279,838,cf8bee4faf9f1e67678d45b7cd8c350d04e95baeead6b79c4cff607556fb7129,False,0,4488,4488,cf8bee4faf9f1e67678d45b7cd8c350d04e95baeead6b79c4cff607556fb7129,cf8bee4faf9f1e67678d45b7cd8c350d04e95baeead6b79c4cff607556fb7129,True,0
valid,43,454,973,cf8bee4faf9f1e67678d45b7cd8c350d04e95baeead6b79c4cff607556fb7129,False,0,4488,4488,cf8bee4faf9f1e67678d45b7cd8c350d04e95baeead6b79c4cff607556fb7129,cf8bee4faf9f1e67678d45b7cd8c350d04e95baeead6b79c4cff607556fb7129,True,0
valid,44,29,2645,cf8bee4faf9f1e67678d45b7cd8c350d04e95baeead6b79c4cff607556fb7129,False,0,4488,4488,cf8bee4faf9f1e67678d45b7cd8c350d04e95baeead6b79c4cff607556fb7129,cf8bee4faf9f1e67678d45b7cd8c350d04e95baeead6b79c4cff607556fb7129,True,0
valid,45,20,2269,cf8bee4faf9f1e67678d45b7cd8c350d04e95baeead6b79c4cff607556fb7129,False,0,4488,4488,cf8bee4faf9f1e67678d45b7cd8c350d04e95baeead6b79c4cff607556fb7129,cf8bee4faf9f1e67678d45b7cd8c350d04e95baeead6b79c4cff607556fb7129,True,0
valid,46,1144,1245,cf8bee4faf9f1e67678d45b7cd8c350d04e95baeead6b79c4cff607556fb7129,False,0,4488,4488,cf8bee4faf9f1e67678d45b7cd8c350d04e95baeead6b79c4cff607556fb7129,cf8bee4faf9f1e67678d45b7cd8c350d04e95baeead6b79c4cff607556fb7129,True,0
valid,47,1986,1997,cf8bee4faf9f1e67678d45b7cd8c350d04e95baeead6b79c4cff607556fb7129,False,0,4488,4488,cf8bee4faf9f1e67678d45b7cd8c350d04e95baeead6b79c4cff607556fb7129,cf8bee4faf9f1e67678d45b7cd8c350d04e95baeead6b79c4cff607556fb7129,True,0
valid,48,1451,2564,cf8bee4faf9f1e67678d45b7cd8c350d04e95baeead6b79c4cff607556fb7129,False,0,4488,4488,cf8bee4faf9f1e67678d45b7cd8c350d04e95baeead6b79c4cff607556fb7129,cf8bee4faf9f1e67678d45b7cd8c350d04e95baeead6b79c4cff607556fb7129,True,0
valid,49,1772,2045,cf8bee4faf9f1e67678d45b7cd8c350d04e95baeead6b79c4cff607556fb7129,False,0,4488,4488,cf8bee4faf9f1e67678d45b7cd8c350d04e95baeead6b79c4cff607556fb7129,cf8bee4faf9f1e67678d45b7cd8c350d04e95baeead6b79c4cff607556fb7129,True,0
valid,50,306,1805,cf8bee4faf9f1e67678d45b7cd8c350d04e95baeead6b79c4cff607556fb7129,False,0,4488,4488,cf8bee4faf9f1e67678d45b7cd8c350d04e95baeead6b79c4cff607556fb7129,cf8bee4faf9f1e67678d45b7cd8c350d04e95baeead6b79c4cff607556fb7129,True,0
valid,51,88,2011,cf8bee4faf9f1e67678d45b7cd8c350d04e95baeead6b79c4cff607556fb7129,False,0,4488,4488,cf8bee4faf9f1e67678d45b7cd8c350d04e95baeead6b79c4cff607556fb7129,cf8bee4faf9f1e67678d45b7cd8c350d04e95baeead6b79c4cff607556fb7129,True,0
valid,52,325,787,cf8bee4faf9f1e67678d45b7cd8c350d04e95baeead6b79c4cff607556fb7129,False,0,4488,4488,cf8bee4faf9f1e67678d45b7cd8c350d04e95baeead6b79c4cff607556fb7129,cf8bee4faf9f1e67678d45b7cd8c350d04e95baeead6b79c4cff607556fb7129,True,0
valid,53,1050,1380,cf8bee4faf9f1e67678d45b7cd8c350d04e95baeead6b79c4cff607556fb7129,False,0,4488,4488,cf8bee4faf9f1e67678d45b7cd8c350d04e95baeead6b79c4cff607556fb7129,cf8bee4faf9f1e67678d45b7cd8c350d04e95baeead6b79c4cff607556fb7129,True,0
valid,54,444,2464,cf8bee4faf9f1e67678d45b7cd8c350d04e95baeead6b79c4cff607556fb7129,False,0,4488,4488,cf8bee4faf9f1e67678d45b7cd8c350d04e95baeead6b79c4cff607556fb7129,cf8bee4faf9f1e67678d45b7cd8c350d04e95baeead6b79c4cff607556fb7129,True,0
valid,55,25,2317,cf8bee4faf9f1e67678d45b7cd8c350d04e95baeead6b79c4cff607556fb7129,False,0,4488,4488,cf8bee4faf9f1e67678d45b7cd8c350d04e95baeead6b79c4cff607556fb7129,cf8bee4faf9f1e67678d45b7cd8c350d04e95baeead6b79c4cff607556fb7129,True,0
valid,56,133,2082,cf8bee4faf9f1e67678d45b7cd8c350d04e95baeead6b79c4cff607556fb7129,False,0,4488,4488,cf8bee4faf9f1e67678d45b7cd8c350d04e95baeead6b79c4cff607556fb7129,cf8bee4faf9f1e67678d45b7cd8c350d04e95baeead6b79c4cff607556fb7129,True,0
valid,57,489,2391,cf8bee4faf9f1e67678d45b7cd8c350d04e95baeead6b79c4cff607556fb7129,False,0,4488,4488,cf8bee4faf9f1e67678d45b7cd8c350d04e95baeead6b79c4cff607556fb7129,cf8bee4faf9f1e67678d45b7cd8c350d04e95baeead6b79c4cff607556fb7129,True,0
valid,58,1107,2243,cf8bee4faf9f1e67678d45b7cd8c350d04e95baeead6b79c4cff607556fb7129,False,0,4488,4488,cf8bee4faf9f1e67678d45b7cd8c350d04e95baeead6b79c4cff607556fb7129,cf8bee4faf9f1e67678d45b7cd8c350d04e95baeead6b79c4cff607556fb7129,True,0
valid,59,306,1640,cf8bee4faf9f1e67678d45b7cd8c350d04e95baeead6b79c4cff607556fb7129,False,0,4488,4488,cf8bee4faf9f1e67678d45b7cd8c350d04e95baeead6b79c4cff607556fb7129,cf8bee4faf9f1e67678d45b7cd8c350d04e95baeead6b79c4cff607556fb7129,True,0
valid,60,2114,2519,cf8bee4faf9f1e67678d45b7cd8c350d04e95baeead6b79c4cff607556fb7129,False,0,4488,4488,cf8bee4faf9f1e67678d45b7cd8c350d04e95baeead6b79c4cff607556fb7129,cf8bee4faf9f1e67678d45b7cd8c350d04e95baeead6b79c4cff607556fb7129,True,0
valid,61,1427,1742,cf8bee4faf9f1e67678d45b7cd8c350d04e95baeead6b79c4cff607556fb7129,False,0,4488,4488,cf8bee4faf9f1e67678d45b7cd8c350d04e95baeead6b79c4cff607556fb7129,cf8bee4faf9f1e67678d45b7cd8c350d04e95baeead6b79c4cff607556fb7129,True,0
valid,62,1497,2034,cf8bee4faf9f1e67678d45b7cd8c350d04e95baeead6b79c4cff607556fb7129,False,0,4488,4488,cf8bee4faf9f1e67678d45b7cd8c350d04e95baeead6b79c4cff607556fb7129,cf8bee4faf9f1e67678d45b7cd8c350d04e95baeead6b79c4cff607556fb7129,True,0
valid,63,1330,1837,cf8bee4faf9f1e67678d45b7cd8c350d04e95baeead6b79c4cff607556fb7129,False,0,4488,4488,cf8bee4faf9f1e67678d45b7cd8c350d04e95baeead6b79c4cff607556fb7129,cf8bee4faf9f1e67678d45b7cd8c350d04e95baeead6b79c4cff607556fb7129,True,0
valid,64,18,1786,cf8bee4faf9f1e67678d45b7cd8c350d04e95baeead6b79c4cff607556fb7129,False,0,4488,4488,cf8bee4faf9f1e67678d45b7cd8c350d04e95baeead6b79c4cff607556fb7129,cf8bee4faf9f1e67678d45b7cd8c350d04e95baeead6b79c4cff607556fb7129,True,0
valid,65,1009,2096,cf8bee4faf9f1e67678d45b7cd8c350d04e95baeead6b79c4cff607556fb7129,False,0,4488,4488,cf8bee4faf9f1e67678d45b7cd8c350d04e95baeead6b79c4cff607556fb7129,cf8bee4faf9f1e67678d45b7cd8c350d04e95baeead6b79c4cff607556fb7129,True,0
valid,66,766,845,cf8bee4faf9f1e67678d45b7cd8c350d04e95baeead6b79c4cff607556fb7129,False,0,4488,4488,cf8bee4faf9f1e67678d45b7cd8c350d04e95baeead6b79c4cff607556fb7129,cf8bee4faf9f1e67678d45b7cd8c350d04e95baeead6b79c4cff607556fb7129,True,0
valid,67,2335,2336,cf8bee4faf9f1e67678d45b7cd8c350d04e95baeead6b79c4cff607556fb7129,False,0,4488,4488,cf8bee4faf9f1e67678d45b7cd8c350d04e95baeead6b79c4cff607556fb7129,cf8bee4faf9f1e67678d45b7cd8c350d04e95baeead6b79c4cff607556fb7129,True,0
valid,68,616,1358,cf8bee4faf9f1e67678d45b7cd8c350d04e95baeead6b79c4cff607556fb7129,False,0,4488,4488,cf8bee4faf9f1e67678d45b7cd8c350d04e95baeead6b79c4cff607556fb7129,cf8bee4faf9f1e67678d45b7cd8c350d04e95baeead6b79c4cff607556fb7129,True,0
valid,69,182,997,cf8bee4faf9f1e67678d45b7cd8c350d04e95baeead6b79c4cff607556fb7129,False,0,4488,4488,cf8bee4faf9f1e67678d45b7cd8c350d04e95baeead6b79c4cff607556fb7129,cf8bee4faf9f1e67678d45b7cd8c350d04e95baeead6b79c4cff607556fb7129,True,0
valid,70,1242,2148,cf8bee4faf9f1e67678d45b7cd8c350d04e95baeead6b79c4cff607556fb7129,False,0,4488,4488,cf8bee4faf9f1e67678d45b7cd8c350d04e95baeead6b79c4cff607556fb7129,cf8bee4faf9f1e67678d45b7cd8c350d04e95baeead6b79c4cff607556fb7129,True,0
valid,71,441,1455,cf8bee4faf9f1e67678d45b7cd8c350d04e95baeead6b79c4cff607556fb7129,False,0,4488,4488,cf8bee4faf9f1e67678d45b7cd8c350d04e95baeead6b79c4cff607556fb7129,cf8bee4faf9f1e67678d45b7cd8c350d04e95baeead6b79c4cff607556fb7129,True,0
valid,72,1456,1457,cf8bee4faf9f1e67678d45b7cd8c350d04e95baeead6b79c4cff607556fb7129,False,0,4488,4488,cf8bee4faf9f1e67678d45b7cd8c350d04e95baeead6b79c4cff607556fb7129,cf8bee4faf9f1e67678d45b7cd8c350d04e95baeead6b79c4cff607556fb7129,True,0
valid,73,1519,2335,cf8bee4faf9f1e67678d45b7cd8c350d04e95baeead6b79c4cff607556fb7129,False,0,4488,4488,cf8bee4faf9f1e67678d45b7cd8c350d04e95baeead6b79c4cff607556fb7129,cf8bee4faf9f1e67678d45b7cd8c350d04e95baeead6b79c4cff607556fb7129,True,0
valid,74,1193,1705,cf8bee4faf9f1e67678d45b7cd8c350d04e95baeead6b79c4cff607556fb7129,False,0,4488,4488,cf8bee4faf9f1e67678d45b7cd8c350d04e95baeead6b79c4cff607556fb7129,cf8bee4faf9f1e67678d45b7cd8c350d04e95baeead6b79c4cff607556fb7129,True,0
valid,75,1589,2596,cf8bee4faf9f1e67678d45b7cd8c350d04e95baeead6b79c4cff607556fb7129,False,0,4488,4488,cf8bee4faf9f1e67678d45b7cd8c350d04e95baeead6b79c4cff607556fb7129,cf8bee4faf9f1e67678d45b7cd8c350d04e95baeead6b79c4cff607556fb7129,True,0
valid,76,836,1572,cf8bee4faf9f1e67678d45b7cd8c350d04e95baeead6b79c4cff607556fb7129,False,0,4488,4488,cf8bee4faf9f1e67678d45b7cd8c350d04e95baeead6b79c4cff607556fb7129,cf8bee4faf9f1e67678d45b7cd8c350d04e95baeead6b79c4cff607556fb7129,True,0
valid,77,877,1300,cf8bee4faf9f1e67678d45b7cd8c350d04e95baeead6b79c4cff607556fb7129,False,0,4488,4488,cf8bee4faf9f1e67678d45b7cd8c350d04e95baeead6b79c4cff607556fb7129,cf8bee4faf9f1e67678d45b7cd8c350d04e95baeead6b79c4cff607556fb7129,True,0
valid,78,1317,1719,cf8bee4faf9f1e67678d45b7cd8c350d04e95baeead6b79c4cff607556fb7129,False,0,4488,4488,cf8bee4faf9f1e67678d45b7cd8c350d04e95baeead6b79c4cff607556fb7129,cf8bee4faf9f1e67678d45b7cd8c350d04e95baeead6b79c4cff607556fb7129,True,0
valid,79,1426,1751,cf8bee4faf9f1e67678d45b7cd8c350d04e95baeead6b79c4cff607556fb7129,False,0,4488,4488,cf8bee4faf9f1e67678d45b7cd8c350d04e95baeead6b79c4cff607556fb7129,cf8bee4faf9f1e67678d45b7cd8c350d04e95baeead6b79c4cff607556fb7129,True,0
valid,80,107,541,cf8bee4faf9f1e67678d45b7cd8c350d04e95baeead6b79c4cff607556fb7129,False,0,4488,4488,cf8bee4faf9f1e67678d45b7cd8c350d04e95baeead6b79c4cff607556fb7129,cf8bee4faf9f1e67678d45b7cd8c350d04e95baeead6b79c4cff607556fb7129,True,0
valid,81,191,2385,cf8bee4faf9f1e67678d45b7cd8c350d04e95baeead6b79c4cff607556fb7129,False,0,4488,4488,cf8bee4faf9f1e67678d45b7cd8c350d04e95baeead6b79c4cff607556fb7129,cf8bee4faf9f1e67678d45b7cd8c350d04e95baeead6b79c4cff607556fb7129,True,0
valid,82,1042,2055,cf8bee4faf9f1e67678d45b7cd8c350d04e95baeead6b79c4cff607556fb7129,False,0,4488,4488,cf8bee4faf9f1e67678d45b7cd8c350d04e95baeead6b79c4cff607556fb7129,cf8bee4faf9f1e67678d45b7cd8c350d04e95baeead6b79c4cff607556fb7129,True,0
valid,83,1050,1569,cf8bee4faf9f1e67678d45b7cd8c350d04e95baeead6b79c4cff607556fb7129,False,0,4488,4488,cf8bee4faf9f1e67678d45b7cd8c350d04e95baeead6b79c4cff607556fb7129,cf8bee4faf9f1e67678d45b7cd8c350d04e95baeead6b79c4cff607556fb7129,True,0
valid,84,197,2412,cf8bee4faf9f1e67678d45b7cd8c350d04e95baeead6b79c4cff607556fb7129,False,0,4488,4488,cf8bee4faf9f1e67678d45b7cd8c350d04e95baeead6b79c4cff607556fb7129,cf8bee4faf9f1e67678d45b7cd8c350d04e95baeead6b79c4cff607556fb7129,True,0
valid,85,1051,2122,cf8bee4faf9f1e67678d45b7cd8c350d04e95baeead6b79c4cff607556fb7129,False,0,4488,4488,cf8bee4faf9f1e67678d45b7cd8c350d04e95baeead6b79c4cff607556fb7129,cf8bee4faf9f1e67678d45b7cd8c350d04e95baeead6b79c4cff607556fb7129,True,0
valid,86,306,910,cf8bee4faf9f1e67678d45b7cd8c350d04e95baeead6b79c4cff607556fb7129,False,0,4488,4488,cf8bee4faf9f1e67678d45b7cd8c350d04e95baeead6b79c4cff607556fb7129,cf8bee4faf9f1e67678d45b7cd8c350d04e95baeead6b79c4cff607556fb7129,True,0
valid,87,523,949,cf8bee4faf9f1e67678d45b7cd8c350d04e95baeead6b79c4cff607556fb7129,False,0,4488,4488,cf8bee4faf9f1e67678d45b7cd8c350d04e95baeead6b79c4cff607556fb7129,cf8bee4faf9f1e67678d45b7cd8c350d04e95baeead6b79c4cff607556fb7129,True,0
valid,88,306,1781,cf8bee4faf9f1e67678d45b7cd8c350d04e95baeead6b79c4cff607556fb7129,False,0,4488,4488,cf8bee4faf9f1e67678d45b7cd8c350d04e95baeead6b79c4cff607556fb7129,cf8bee4faf9f1e67678d45b7cd8c350d04e95baeead6b79c4cff607556fb7129,True,0
valid,89,153,236,cf8bee4faf9f1e67678d45b7cd8c350d04e95baeead6b79c4cff607556fb7129,False,0,4488,4488,cf8bee4faf9f1e67678d45b7cd8c350d04e95baeead6b79c4cff607556fb7129,cf8bee4faf9f1e67678d45b7cd8c350d04e95baeead6b79c4cff607556fb7129,True,0
valid,90,442,1051,cf8bee4faf9f1e67678d45b7cd8c350d04e95baeead6b79c4cff607556fb7129,False,0,4488,4488,cf8bee4faf9f1e67678d45b7cd8c350d04e95baeead6b79c4cff607556fb7129,cf8bee4faf9f1e67678d45b7cd8c350d04e95baeead6b79c4cff607556fb7129,True,0
valid,91,903,2031,cf8bee4faf9f1e67678d45b7cd8c350d04e95baeead6b79c4cff607556fb7129,False,0,4488,4488,cf8bee4faf9f1e67678d45b7cd8c350d04e95baeead6b79c4cff607556fb7129,cf8bee4faf9f1e67678d45b7cd8c350d04e95baeead6b79c4cff607556fb7129,True,0
valid,92,30,697,cf8bee4faf9f1e67678d45b7cd8c350d04e95baeead6b79c4cff607556fb7129,False,0,4488,4488,cf8bee4faf9f1e67678d45b7cd8c350d04e95baeead6b79c4cff607556fb7129,cf8bee4faf9f1e67678d45b7cd8c350d04e95baeead6b79c4cff607556fb7129,True,0
valid,93,951,1358,cf8bee4faf9f1e67678d45b7cd8c350d04e95baeead6b79c4cff607556fb7129,False,0,4488,4488,cf8bee4faf9f1e67678d45b7cd8c350d04e95baeead6b79c4cff607556fb7129,cf8bee4faf9f1e67678d45b7cd8c350d04e95baeead6b79c4cff607556fb7129,True,0
valid,94,94,1966,cf8bee4faf9f1e67678d45b7cd8c350d04e95baeead6b79c4cff607556fb7129,False,0,4488,4488,cf8bee4faf9f1e67678d45b7cd8c350d04e95baeead6b79c4cff607556fb7129,cf8bee4faf9f1e67678d45b7cd8c350d04e95baeead6b79c4cff607556fb7129,True,0
valid,95,1064,2351,cf8bee4faf9f1e67678d45b7cd8c350d04e95baeead6b79c4cff607556fb7129,False,0,4488,4488,cf8bee4faf9f1e67678d45b7cd8c350d04e95baeead6b79c4cff607556fb7129,cf8bee4faf9f1e67678d45b7cd8c350d04e95baeead6b79c4cff607556fb7129,True,0
valid,96,687,1358,cf8bee4faf9f1e67678d45b7cd8c350d04e95baeead6b79c4cff607556fb7129,False,0,4488,4488,cf8bee4faf9f1e67678d45b7cd8c350d04e95baeead6b79c4cff607556fb7129,cf8bee4faf9f1e67678d45b7cd8c350d04e95baeead6b79c4cff607556fb7129,True,0
valid,97,565,1723,cf8bee4faf9f1e67678d45b7cd8c350d04e95baeead6b79c4cff607556fb7129,False,0,4488,4488,cf8bee4faf9f1e67678d45b7cd8c350d04e95baeead6b79c4cff607556fb7129,cf8bee4faf9f1e67678d45b7cd8c350d04e95baeead6b79c4cff607556fb7129,True,0
valid,98,907,1916,cf8bee4faf9f1e67678d45b7cd8c350d04e95baeead6b79c4cff607556fb7129,False,0,4488,4488,cf8bee4faf9f1e67678d45b7cd8c350d04e95baeead6b79c4cff607556fb7129,cf8bee4faf9f1e67678d45b7cd8c350d04e95baeead6b79c4cff607556fb7129,True,0
valid,99,389,1743,cf8bee4faf9f1e67678d45b7cd8c350d04e95baeead6b79c4cff607556fb7129,False,0,4488,4488,cf8bee4faf9f1e67678d45b7cd8c350d04e95baeead6b79c4cff607556fb7129,cf8bee4faf9f1e67678d45b7cd8c350d04e95baeead6b79c4cff607556fb7129,True,0
valid,100,407,409,cf8bee4faf9f1e67678d45b7cd8c350d04e95baeead6b79c4cff607556fb7129,False,0,4488,4488,cf8bee4faf9f1e67678d45b7cd8c350d04e95baeead6b79c4cff607556fb7129,cf8bee4faf9f1e67678d45b7cd8c350d04e95baeead6b79c4cff607556fb7129,True,0
valid,101,833,2495,cf8bee4faf9f1e67678d45b7cd8c350d04e95baeead6b79c4cff607556fb7129,False,0,4488,4488,cf8bee4faf9f1e67678d45b7cd8c350d04e95baeead6b79c4cff607556fb7129,cf8bee4faf9f1e67678d45b7cd8c350d04e95baeead6b79c4cff607556fb7129,True,0
valid,102,2124,2125,cf8bee4faf9f1e67678d45b7cd8c350d04e95baeead6b79c4cff607556fb7129,False,0,4488,4488,cf8bee4faf9f1e67678d45b7cd8c350d04e95baeead6b79c4cff607556fb7129,cf8bee4faf9f1e67678d45b7cd8c350d04e95baeead6b79c4cff607556fb7129,True,0
valid,103,2006,2477,cf8bee4faf9f1e67678d45b7cd8c350d04e95baeead6b79c4cff607556fb7129,False,0,4488,4488,cf8bee4faf9f1e67678d45b7cd8c350d04e95baeead6b79c4cff607556fb7129,cf8bee4faf9f1e67678d45b7cd8c350d04e95baeead6b79c4cff607556fb7129,True,0
valid,104,1413,1932,cf8bee4faf9f1e67678d45b7cd8c350d04e95baeead6b79c4cff607556fb7129,False,0,4488,4488,cf8bee4faf9f1e67678d45b7cd8c350d04e95baeead6b79c4cff607556fb7129,cf8bee4faf9f1e67678d45b7cd8c350d04e95baeead6b79c4cff607556fb7129,True,0
valid,105,70,2184,cf8bee4faf9f1e67678d45b7cd8c350d04e95baeead6b79c4cff607556fb7129,False,0,4488,4488,cf8bee4faf9f1e67678d45b7cd8c350d04e95baeead6b79c4cff607556fb7129,cf8bee4faf9f1e67678d45b7cd8c350d04e95baeead6b79c4cff607556fb7129,True,0
valid,106,27,1810,cf8bee4faf9f1e67678d45b7cd8c350d04e95baeead6b79c4cff607556fb7129,False,0,4488,4488,cf8bee4faf9f1e67678d45b7cd8c350d04e95baeead6b79c4cff607556fb7129,cf8bee4faf9f1e67678d45b7cd8c350d04e95baeead6b79c4cff607556fb7129,True,0
valid,107,2103,2385,cf8bee4faf9f1e67678d45b7cd8c350d04e95baeead6b79c4cff607556fb7129,False,0,4488,4488,cf8bee4faf9f1e67678d45b7cd8c350d04e95baeead6b79c4cff607556fb7129,cf8bee4faf9f1e67678d45b7cd8c350d04e95baeead6b79c4cff607556fb7129,True,0
valid,108,898,1836,cf8bee4faf9f1e67678d45b7cd8c350d04e95baeead6b79c4cff607556fb7129,False,0,4488,4488,cf8bee4faf9f1e67678d45b7cd8c350d04e95baeead6b79c4cff607556fb7129,cf8bee4faf9f1e67678d45b7cd8c350d04e95baeead6b79c4cff607556fb7129,True,0
valid,109,1739,1886,cf8bee4faf9f1e67678d45b7cd8c350d04e95baeead6b79c4cff607556fb7129,False,0,4488,4488,cf8bee4faf9f1e67678d45b7cd8c350d04e95baeead6b79c4cff607556fb7129,cf8bee4faf9f1e67678d45b7cd8c350d04e95baeead6b79c4cff607556fb7129,True,0
valid,110,607,1213,cf8bee4faf9f1e67678d45b7cd8c350d04e95baeead6b79c4cff607556fb7129,False,0,4488,4488,cf8bee4faf9f1e67678d45b7cd8c350d04e95baeead6b79c4cff607556fb7129,cf8bee4faf9f1e67678d45b7cd8c350d04e95baeead6b79c4cff607556fb7129,True,0
valid,111,1171,1355,cf8bee4faf9f1e67678d45b7cd8c350d04e95baeead6b79c4cff607556fb7129,False,0,4488,4488,cf8bee4faf9f1e67678d45b7cd8c350d04e95baeead6b79c4cff607556fb7129,cf8bee4faf9f1e67678d45b7cd8c350d04e95baeead6b79c4cff607556fb7129,True,0
valid,112,1226,1956,cf8bee4faf9f1e67678d45b7cd8c350d04e95baeead6b79c4cff607556fb7129,False,0,4488,4488,cf8bee4faf9f1e67678d45b7cd8c350d04e95baeead6b79c4cff607556fb7129,cf8bee4faf9f1e67678d45b7cd8c350d04e95baeead6b79c4cff607556fb7129,True,0
valid,113,1920,2422,cf8bee4faf9f1e67678d45b7cd8c350d04e95baeead6b79c4cff607556fb7129,False,0,4488,4488,cf8bee4faf9f1e67678d45b7cd8c350d04e95baeead6b79c4cff607556fb7129,cf8bee4faf9f1e67678d45b7cd8c350d04e95baeead6b79c4cff607556fb7129,True,0
valid,114,1701,1858,cf8bee4faf9f1e67678d45b7cd8c350d04e95baeead6b79c4cff607556fb7129,False,0,4488,4488,cf8bee4faf9f1e67678d45b7cd8c350d04e95baeead6b79c4cff607556fb7129,cf8bee4faf9f1e67678d45b7cd8c350d04e95baeead6b79c4cff607556fb7129,True,0
valid,115,1033,2168,cf8bee4faf9f1e67678d45b7cd8c350d04e95baeead6b79c4cff607556fb7129,False,0,4488,4488,cf8bee4faf9f1e67678d45b7cd8c350d04e95baeead6b79c4cff607556fb7129,cf8bee4faf9f1e67678d45b7cd8c350d04e95baeead6b79c4cff607556fb7129,True,0
valid,116,1698,2160,cf8bee4faf9f1e67678d45b7cd8c350d04e95baeead6b79c4cff607556fb7129,False,0,4488,4488,cf8bee4faf9f1e67678d45b7cd8c350d04e95baeead6b79c4cff607556fb7129,cf8bee4faf9f1e67678d45b7cd8c350d04e95baeead6b79c4cff607556fb7129,True,0
valid,117,2113,2450,cf8bee4faf9f1e67678d45b7cd8c350d04e95baeead6b79c4cff607556fb7129,False,0,4488,4488,cf8bee4faf9f1e67678d45b7cd8c350d04e95baeead6b79c4cff607556fb7129,cf8bee4faf9f1e67678d45b7cd8c350d04e95baeead6b79c4cff607556fb7129,True,0
valid,118,833,2595,cf8bee4faf9f1e67678d45b7cd8c350d04e95baeead6b79c4cff607556fb7129,False,0,4488,4488,cf8bee4faf9f1e67678d45b7cd8c350d04e95baeead6b79c4cff607556fb7129,cf8bee4faf9f1e67678d45b7cd8c350d04e95baeead6b79c4cff607556fb7129,True,0
valid,119,1687,1721,cf8bee4faf9f1e67678d45b7cd8c350d04e95baeead6b79c4cff607556fb7129,False,0,4488,4488,cf8bee4faf9f1e67678d45b7cd8c350d04e95baeead6b79c4cff607556fb7129,cf8bee4faf9f1e67678d45b7cd8c350d04e95baeead6b79c4cff607556fb7129,True,0
valid,120,23,2159,cf8bee4faf9f1e67678d45b7cd8c350d04e95baeead6b79c4cff607556fb7129,False,0,4488,4488,cf8bee4faf9f1e67678d45b7cd8c350d04e95baeead6b79c4cff607556fb7129,cf8bee4faf9f1e67678d45b7cd8c350d04e95baeead6b79c4cff607556fb7129,True,0
valid,121,394,577,cf8bee4faf9f1e67678d45b7cd8c350d04e95baeead6b79c4cff607556fb7129,False,0,4488,4488,cf8bee4faf9f1e67678d45b7cd8c350d04e95baeead6b79c4cff607556fb7129,cf8bee4faf9f1e67678d45b7cd8c350d04e95baeead6b79c4cff607556fb7129,True,0
valid,122,444,828,cf8bee4faf9f1e67678d45b7cd8c350d04e95baeead6b79c4cff607556fb7129,False,0,4488,4488,cf8bee4faf9f1e67678d45b7cd8c350d04e95baeead6b79c4cff607556fb7129,cf8bee4faf9f1e67678d45b7cd8c350d04e95baeead6b79c4cff607556fb7129,True,0
valid,123,316,1073,cf8bee4faf9f1e67678d45b7cd8c350d04e95baeead6b79c4cff607556fb7129,False,0,4488,4488,cf8bee4faf9f1e67678d45b7cd8c350d04e95baeead6b79c4cff607556fb7129,cf8bee4faf9f1e67678d45b7cd8c350d04e95baeead6b79c4cff607556fb7129,True,0
valid,124,2679,2682,cf8bee4faf9f1e67678d45b7cd8c350d04e95baeead6b79c4cff607556fb7129,False,0,4488,4488,cf8bee4faf9f1e67678d45b7cd8c350d04e95baeead6b79c4cff607556fb7129,cf8bee4faf9f1e67678d45b7cd8c350d04e95baeead6b79c4cff607556fb7129,True,0
valid,125,800,889,cf8bee4faf9f1e67678d45b7cd8c350d04e95baeead6b79c4cff607556fb7129,False,0,4488,4488,cf8bee4faf9f1e67678d45b7cd8c350d04e95baeead6b79c4cff607556fb7129,cf8bee4faf9f1e67678d45b7cd8c350d04e95baeead6b79c4cff607556fb7129,True,0
valid,126,819,1606,cf8bee4faf9f1e67678d45b7cd8c350d04e95baeead6b79c4cff607556fb7129,False,0,4488,4488,cf8bee4faf9f1e67678d45b7cd8c350d04e95baeead6b79c4cff607556fb7129,cf8bee4faf9f1e67678d45b7cd8c350d04e95baeead6b79c4cff607556fb7129,True,0
valid,127,74,1118,cf8bee4faf9f1e67678d45b7cd8c350d04e95baeead6b79c4cff607556fb7129,False,0,4488,4488,cf8bee4faf9f1e67678d45b7cd8c350d04e95baeead6b79c4cff607556fb7129,cf8bee4faf9f1e67678d45b7cd8c350d04e95baeead6b79c4cff607556fb7129,True,0
valid,128,505,1251,cf8bee4faf9f1e67678d45b7cd8c350d04e95baeead6b79c4cff607556fb7129,False,0,4488,4488,cf8bee4faf9f1e67678d45b7cd8c350d04e95baeead6b79c4cff607556fb7129,cf8bee4faf9f1e67678d45b7cd8c350d04e95baeead6b79c4cff607556fb7129,True,0
valid,129,942,1924,cf8bee4faf9f1e67678d45b7cd8c350d04e95baeead6b79c4cff607556fb7129,False,0,4488,4488,cf8bee4faf9f1e67678d45b7cd8c350d04e95baeead6b79c4cff607556fb7129,cf8bee4faf9f1e67678d45b7cd8c350d04e95baeead6b79c4cff607556fb7129,True,0
valid,130,2483,2484,cf8bee4faf9f1e67678d45b7cd8c350d04e95baeead6b79c4cff607556fb7129,False,0,4488,4488,cf8bee4faf9f1e67678d45b7cd8c350d04e95baeead6b79c4cff607556fb7129,cf8bee4faf9f1e67678d45b7cd8c350d04e95baeead6b79c4cff607556fb7129,True,0
valid,131,230,577,cf8bee4faf9f1e67678d45b7cd8c350d04e95baeead6b79c4cff607556fb7129,False,0,4488,4488,cf8bee4faf9f1e67678d45b7cd8c350d04e95baeead6b79c4cff607556fb7129,cf8bee4faf9f1e67678d45b7cd8c350d04e95baeead6b79c4cff607556fb7129,True,0
valid,132,1671,1968,cf8bee4faf9f1e67678d45b7cd8c350d04e95baeead6b79c4cff607556fb7129,False,0,4488,4488,cf8bee4faf9f1e67678d45b7cd8c350d04e95baeead6b79c4cff607556fb7129,cf8bee4faf9f1e67678d45b7cd8c350d04e95baeead6b79c4cff607556fb7129,True,0
valid,133,239,2021,cf8bee4faf9f1e67678d45b7cd8c350d04e95baeead6b79c4cff607556fb7129,False,0,4488,4488,cf8bee4faf9f1e67678d45b7cd8c350d04e95baeead6b79c4cff607556fb7129,cf8bee4faf9f1e67678d45b7cd8c350d04e95baeead6b79c4cff607556fb7129,True,0
valid,134,596,992,cf8bee4faf9f1e67678d45b7cd8c350d04e95baeead6b79c4cff607556fb7129,False,0,4488,4488,cf8bee4faf9f1e67678d45b7cd8c350d04e95baeead6b79c4cff607556fb7129,cf8bee4faf9f1e67678d45b7cd8c350d04e95baeead6b79c4cff607556fb7129,True,0
valid,135,1226,2528,cf8bee4faf9f1e67678d45b7cd8c350d04e95baeead6b79c4cff607556fb7129,False,0,4488,4488,cf8bee4faf9f1e67678d45b7cd8c350d04e95baeead6b79c4cff607556fb7129,cf8bee4faf9f1e67678d45b7cd8c350d04e95baeead6b79c4cff607556fb7129,True,0
valid,136,1013,1625,cf8bee4faf9f1e67678d45b7cd8c350d04e95baeead6b79c4cff607556fb7129,False,0,4488,4488,cf8bee4faf9f1e67678d45b7cd8c350d04e95baeead6b79c4cff607556fb7129,cf8bee4faf9f1e67678d45b7cd8c350d04e95baeead6b79c4cff607556fb7129,True,0
valid,137,912,2130,cf8bee4faf9f1e67678d45b7cd8c350d04e95baeead6b79c4cff607556fb7129,False,0,4488,4488,cf8bee4faf9f1e67678d45b7cd8c350d04e95baeead6b79c4cff607556fb7129,cf8bee4faf9f1e67678d45b7cd8c350d04e95baeead6b79c4cff607556fb7129,True,0
valid,138,399,1769,cf8bee4faf9f1e67678d45b7cd8c350d04e95baeead6b79c4cff607556fb7129,False,0,4488,4488,cf8bee4faf9f1e67678d45b7cd8c350d04e95baeead6b79c4cff607556fb7129,cf8bee4faf9f1e67678d45b7cd8c350d04e95baeead6b79c4cff607556fb7129,True,0
valid,139,704,2450,cf8bee4faf9f1e67678d45b7cd8c350d04e95baeead6b79c4cff607556fb7129,False,0,4488,4488,cf8bee4faf9f1e67678d45b7cd8c350d04e95baeead6b79c4cff607556fb7129,cf8bee4faf9f1e67678d45b7cd8c350d04e95baeead6b79c4cff607556fb7129,True,0
valid,140,1309,2178,cf8bee4faf9f1e67678d45b7cd8c350d04e95baeead6b79c4cff607556fb7129,False,0,4488,4488,cf8bee4faf9f1e67678d45b7cd8c350d04e95baeead6b79c4cff607556fb7129,cf8bee4faf9f1e67678d45b7cd8c350d04e95baeead6b79c4cff607556fb7129,True,0
valid,141,583,2224,cf8bee4faf9f1e67678d45b7cd8c350d04e95baeead6b79c4cff607556fb7129,False,0,4488,4488,cf8bee4faf9f1e67678d45b7cd8c350d04e95baeead6b79c4cff607556fb7129,cf8bee4faf9f1e67678d45b7cd8c350d04e95baeead6b79c4cff607556fb7129,True,0
valid,142,1395,2189,cf8bee4faf9f1e67678d45b7cd8c350d04e95baeead6b79c4cff607556fb7129,False,0,4488,4488,cf8bee4faf9f1e67678d45b7cd8c350d04e95baeead6b79c4cff607556fb7129,cf8bee4faf9f1e67678d45b7cd8c350d04e95baeead6b79c4cff607556fb7129,True,0
valid,143,429,1669,cf8bee4faf9f1e67678d45b7cd8c350d04e95baeead6b79c4cff607556fb7129,False,0,4488,4488,cf8bee4faf9f1e67678d45b7cd8c350d04e95baeead6b79c4cff607556fb7129,cf8bee4faf9f1e67678d45b7cd8c350d04e95baeead6b79c4cff607556fb7129,True,0
valid,144,1184,1190,cf8bee4faf9f1e67678d45b7cd8c350d04e95baeead6b79c4cff607556fb7129,False,0,4488,4488,cf8bee4faf9f1e67678d45b7cd8c350d04e95baeead6b79c4cff607556fb7129,cf8bee4faf9f1e67678d45b7cd8c350d04e95baeead6b79c4cff607556fb7129,True,0
valid,145,778,1224,cf8bee4faf9f1e67678d45b7cd8c350d04e95baeead6b79c4cff607556fb7129,False,0,4488,4488,cf8bee4faf9f1e67678d45b7cd8c350d04e95baeead6b79c4cff607556fb7129,cf8bee4faf9f1e67678d45b7cd8c350d04e95baeead6b79c4cff607556fb7129,True,0
valid,146,318,563,cf8bee4faf9f1e67678d45b7cd8c350d04e95baeead6b79c4cff607556fb7129,False,0,4488,4488,cf8bee4faf9f1e67678d45b7cd8c350d04e95baeead6b79c4cff607556fb7129,cf8bee4faf9f1e67678d45b7cd8c350d04e95baeead6b79c4cff607556fb7129,True,0
valid,147,261,1479,cf8bee4faf9f1e67678d45b7cd8c350d04e95baeead6b79c4cff607556fb7129,False,0,4488,4488,cf8bee4faf9f1e67678d45b7cd8c350d04e95baeead6b79c4cff607556fb7129,cf8bee4faf9f1e67678d45b7cd8c350d04e95baeead6b79c4cff607556fb7129,True,0
valid,148,281,746,cf8bee4faf9f1e67678d45b7cd8c350d04e95baeead6b79c4cff607556fb7129,False,0,4488,4488,cf8bee4faf9f1e67678d45b7cd8c350d04e95baeead6b79c4cff607556fb7129,cf8bee4faf9f1e67678d45b7cd8c350d04e95baeead6b79c4cff607556fb7129,True,0
valid,149,1317,2220,cf8bee4faf9f1e67678d45b7cd8c350d04e95baeead6b79c4cff607556fb7129,False,0,4488,4488,cf8bee4faf9f1e67678d45b7cd8c350d04e95baeead6b79c4cff607556fb7129,cf8bee4faf9f1e67678d45b7cd8c350d04e95baeead6b79c4cff607556fb7129,True,0
valid,150,718,2261,cf8bee4faf9f1e67678d45b7cd8c350d04e95baeead6b79c4cff607556fb7129,False,0,4488,4488,cf8bee4faf9f1e67678d45b7cd8c350d04e95baeead6b79c4cff607556fb7129,cf8bee4faf9f1e67678d45b7cd8c350d04e95baeead6b79c4cff607556fb7129,True,0
valid,151,243,2648,cf8bee4faf9f1e67678d45b7cd8c350d04e95baeead6b79c4cff607556fb7129,False,0,4488,4488,cf8bee4faf9f1e67678d45b7cd8c350d04e95baeead6b79c4cff607556fb7129,cf8bee4faf9f1e67678d45b7cd8c350d04e95baeead6b79c4cff607556fb7129,True,0
valid,152,415,851,cf8bee4faf9f1e67678d45b7cd8c350d04e95baeead6b79c4cff607556fb7129,False,0,4488,4488,cf8bee4faf9f1e67678d45b7cd8c350d04e95baeead6b79c4cff607556fb7129,cf8bee4faf9f1e67678d45b7cd8c350d04e95baeead6b79c4cff607556fb7129,True,0
valid,153,368,1194,cf8bee4faf9f1e67678d45b7cd8c350d04e95baeead6b79c4cff607556fb7129,False,0,4488,4488,cf8bee4faf9f1e67678d45b7cd8c350d04e95baeead6b79c4cff607556fb7129,cf8bee4faf9f1e67678d45b7cd8c350d04e95baeead6b79c4cff607556fb7129,True,0
valid,154,1183,1825,cf8bee4faf9f1e67678d45b7cd8c350d04e95baeead6b79c4cff607556fb7129,False,0,4488,4488,cf8bee4faf9f1e67678d45b7cd8c350d04e95baeead6b79c4cff607556fb7129,cf8bee4faf9f1e67678d45b7cd8c350d04e95baeead6b79c4cff607556fb7129,True,0
valid,155,979,2207,cf8bee4faf9f1e67678d45b7cd8c350d04e95baeead6b79c4cff607556fb7129,False,0,4488,4488,cf8bee4faf9f1e67678d45b7cd8c350d04e95baeead6b79c4cff607556fb7129,cf8bee4faf9f1e67678d45b7cd8c350d04e95baeead6b79c4cff607556fb7129,True,0
valid,156,341,1358,cf8bee4faf9f1e67678d45b7cd8c350d04e95baeead6b79c4cff607556fb7129,False,0,4488,4488,cf8bee4faf9f1e67678d45b7cd8c350d04e95baeead6b79c4cff607556fb7129,cf8bee4faf9f1e67678d45b7cd8c350d04e95baeead6b79c4cff607556fb7129,True,0
valid,157,695,1998,cf8bee4faf9f1e67678d45b7cd8c350d04e95baeead6b79c4cff607556fb7129,False,0,4488,4488,cf8bee4faf9f1e67678d45b7cd8c350d04e95baeead6b79c4cff607556fb7129,cf8bee4faf9f1e67678d45b7cd8c350d04e95baeead6b79c4cff607556fb7129,True,0
valid,158,1358,1516,cf8bee4faf9f1e67678d45b7cd8c350d04e95baeead6b79c4cff607556fb7129,False,0,4488,4488,cf8bee4faf9f1e67678d45b7cd8c350d04e95baeead6b79c4cff607556fb7129,cf8bee4faf9f1e67678d45b7cd8c350d04e95baeead6b79c4cff607556fb7129,True,0
valid,159,546,2127,cf8bee4faf9f1e67678d45b7cd8c350d04e95baeead6b79c4cff607556fb7129,False,0,4488,4488,cf8bee4faf9f1e67678d45b7cd8c350d04e95baeead6b79c4cff607556fb7129,cf8bee4faf9f1e67678d45b7cd8c350d04e95baeead6b79c4cff607556fb7129,True,0
valid,160,1795,1796,cf8bee4faf9f1e67678d45b7cd8c350d04e95baeead6b79c4cff607556fb7129,False,0,4488,4488,cf8bee4faf9f1e67678d45b7cd8c350d04e95baeead6b79c4cff607556fb7129,cf8bee4faf9f1e67678d45b7cd8c350d04e95baeead6b79c4cff607556fb7129,True,0
valid,161,111,1762,cf8bee4faf9f1e67678d45b7cd8c350d04e95baeead6b79c4cff607556fb7129,False,0,4488,4488,cf8bee4faf9f1e67678d45b7cd8c350d04e95baeead6b79c4cff607556fb7129,cf8bee4faf9f1e67678d45b7cd8c350d04e95baeead6b79c4cff607556fb7129,True,0
valid,162,975,2097,cf8bee4faf9f1e67678d45b7cd8c350d04e95baeead6b79c4cff607556fb7129,False,0,4488,4488,cf8bee4faf9f1e67678d45b7cd8c350d04e95baeead6b79c4cff607556fb7129,cf8bee4faf9f1e67678d45b7cd8c350d04e95baeead6b79c4cff607556fb7129,True,0
valid,163,297,598,cf8bee4faf9f1e67678d45b7cd8c350d04e95baeead6b79c4cff607556fb7129,False,0,4488,4488,cf8bee4faf9f1e67678d45b7cd8c350d04e95baeead6b79c4cff607556fb7129,cf8bee4faf9f1e67678d45b7cd8c350d04e95baeead6b79c4cff607556fb7129,True,0
valid,164,121,802,cf8bee4faf9f1e67678d45b7cd8c350d04e95baeead6b79c4cff607556fb7129,False,0,4488,4488,cf8bee4faf9f1e67678d45b7cd8c350d04e95baeead6b79c4cff607556fb7129,cf8bee4faf9f1e67678d45b7cd8c350d04e95baeead6b79c4cff607556fb7129,True,0
valid,165,1973,1975,cf8bee4faf9f1e67678d45b7cd8c350d04e95baeead6b79c4cff607556fb7129,False,0,4488,4488,cf8bee4faf9f1e67678d45b7cd8c350d04e95baeead6b79c4cff607556fb7129,cf8bee4faf9f1e67678d45b7cd8c350d04e95baeead6b79c4cff607556fb7129,True,0
valid,166,897,1494,cf8bee4faf9f1e67678d45b7cd8c350d04e95baeead6b79c4cff607556fb7129,False,0,4488,4488,cf8bee4faf9f1e67678d45b7cd8c350d04e95baeead6b79c4cff607556fb7129,cf8bee4faf9f1e67678d45b7cd8c350d04e95baeead6b79c4cff607556fb7129,True,0
valid,167,65,619,cf8bee4faf9f1e67678d45b7cd8c350d04e95baeead6b79c4cff607556fb7129,False,0,4488,4488,cf8bee4faf9f1e67678d45b7cd8c350d04e95baeead6b79c4cff607556fb7129,cf8bee4faf9f1e67678d45b7cd8c350d04e95baeead6b79c4cff607556fb7129,True,0
valid,168,1163,2132,cf8bee4faf9f1e67678d45b7cd8c350d04e95baeead6b79c4cff607556fb7129,False,0,4488,4488,cf8bee4faf9f1e67678d45b7cd8c350d04e95baeead6b79c4cff607556fb7129,cf8bee4faf9f1e67678d45b7cd8c350d04e95baeead6b79c4cff607556fb7129,True,0
valid,169,490,2099,cf8bee4faf9f1e67678d45b7cd8c350d04e95baeead6b79c4cff607556fb7129,False,0,4488,4488,cf8bee4faf9f1e67678d45b7cd8c350d04e95baeead6b79c4cff607556fb7129,cf8bee4faf9f1e67678d45b7cd8c350d04e95baeead6b79c4cff607556fb7129,True,0
valid,170,1131,1500,cf8bee4faf9f1e67678d45b7cd8c350d04e95baeead6b79c4cff607556fb7129,False,0,4488,4488,cf8bee4faf9f1e67678d45b7cd8c350d04e95baeead6b79c4cff607556fb7129,cf8bee4faf9f1e67678d45b7cd8c350d04e95baeead6b79c4cff607556fb7129,True,0
valid,171,2155,2295,cf8bee4faf9f1e67678d45b7cd8c350d04e95baeead6b79c4cff607556fb7129,False,0,4488,4488,cf8bee4faf9f1e67678d45b7cd8c350d04e95baeead6b79c4cff607556fb7129,cf8bee4faf9f1e67678d45b7cd8c350d04e95baeead6b79c4cff607556fb7129,True,0
valid,172,1658,2018,cf8bee4faf9f1e67678d45b7cd8c350d04e95baeead6b79c4cff607556fb7129,False,0,4488,4488,cf8bee4faf9f1e67678d45b7cd8c350d04e95baeead6b79c4cff607556fb7129,cf8bee4faf9f1e67678d45b7cd8c350d04e95baeead6b79c4cff607556fb7129,True,0
valid,173,861,2068,cf8bee4faf9f1e67678d45b7cd8c350d04e95baeead6b79c4cff607556fb7129,False,0,4488,4488,cf8bee4faf9f1e67678d45b7cd8c350d04e95baeead6b79c4cff607556fb7129,cf8bee4faf9f1e67678d45b7cd8c350d04e95baeead6b79c4cff607556fb7129,True,0
valid,174,1665,1701,cf8bee4faf9f1e67678d45b7cd8c350d04e95baeead6b79c4cff607556fb7129,False,0,4488,4488,cf8bee4faf9f1e67678d45b7cd8c350d04e95baeead6b79c4cff607556fb7129,cf8bee4faf9f1e67678d45b7cd8c350d04e95baeead6b79c4cff607556fb7129,True,0
valid,175,239,1909,cf8bee4faf9f1e67678d45b7cd8c350d04e95baeead6b79c4cff607556fb7129,False,0,4488,4488,cf8bee4faf9f1e67678d45b7cd8c350d04e95baeead6b79c4cff607556fb7129,cf8bee4faf9f1e67678d45b7cd8c350d04e95baeead6b79c4cff607556fb7129,True,0
valid,176,368,1545,cf8bee4faf9f1e67678d45b7cd8c350d04e95baeead6b79c4cff607556fb7129,False,0,4488,4488,cf8bee4faf9f1e67678d45b7cd8c350d04e95baeead6b79c4cff607556fb7129,cf8bee4faf9f1e67678d45b7cd8c350d04e95baeead6b79c4cff607556fb7129,True,0
valid,177,1144,1623,cf8bee4faf9f1e67678d45b7cd8c350d04e95baeead6b79c4cff607556fb7129,False,0,4488,4488,cf8bee4faf9f1e67678d45b7cd8c350d04e95baeead6b79c4cff607556fb7129,cf8bee4faf9f1e67678d45b7cd8c350d04e95baeead6b79c4cff607556fb7129,True,0
valid,178,591,1423,cf8bee4faf9f1e67678d45b7cd8c350d04e95baeead6b79c4cff607556fb7129,False,0,4488,4488,cf8bee4faf9f1e67678d45b7cd8c350d04e95baeead6b79c4cff607556fb7129,cf8bee4faf9f1e67678d45b7cd8c350d04e95baeead6b79c4cff607556fb7129,True,0
valid,179,1240,1443,cf8bee4faf9f1e67678d45b7cd8c350d04e95baeead6b79c4cff607556fb7129,False,0,4488,4488,cf8bee4faf9f1e67678d45b7cd8c350d04e95baeead6b79c4cff607556fb7129,cf8bee4faf9f1e67678d45b7cd8c350d04e95baeead6b79c4cff607556fb7129,True,0
valid,180,719,1810,cf8bee4faf9f1e67678d45b7cd8c350d04e95baeead6b79c4cff607556fb7129,False,0,4488,4488,cf8bee4faf9f1e67678d45b7cd8c350d04e95baeead6b79c4cff607556fb7129,cf8bee4faf9f1e67678d45b7cd8c350d04e95baeead6b79c4cff607556fb7129,True,0
valid,181,695,948,cf8bee4faf9f1e67678d45b7cd8c350d04e95baeead6b79c4cff607556fb7129,False,0,4488,4488,cf8bee4faf9f1e67678d45b7cd8c350d04e95baeead6b79c4cff607556fb7129,cf8bee4faf9f1e67678d45b7cd8c350d04e95baeead6b79c4cff607556fb7129,True,0
valid,182,33,911,cf8bee4faf9f1e67678d45b7cd8c350d04e95baeead6b79c4cff607556fb7129,False,0,4488,4488,cf8bee4faf9f1e67678d45b7cd8c350d04e95baeead6b79c4cff607556fb7129,cf8bee4faf9f1e67678d45b7cd8c350d04e95baeead6b79c4cff607556fb7129,True,0
valid,183,1016,1256,cf8bee4faf9f1e67678d45b7cd8c350d04e95baeead6b79c4cff607556fb7129,False,0,4488,4488,cf8bee4faf9f1e67678d45b7cd8c350d04e95baeead6b79c4cff607556fb7129,cf8bee4faf9f1e67678d45b7cd8c350d04e95baeead6b79c4cff607556fb7129,True,0
valid,184,147,1976,cf8bee4faf9f1e67678d45b7cd8c350d04e95baeead6b79c4cff607556fb7129,False,0,4488,4488,cf8bee4faf9f1e67678d45b7cd8c350d04e95baeead6b79c4cff607556fb7129,cf8bee4faf9f1e67678d45b7cd8c350d04e95baeead6b79c4cff607556fb7129,True,0
valid,185,71,206,cf8bee4faf9f1e67678d45b7cd8c350d04e95baeead6b79c4cff607556fb7129,False,0,4488,4488,cf8bee4faf9f1e67678d45b7cd8c350d04e95baeead6b79c4cff607556fb7129,cf8bee4faf9f1e67678d45b7cd8c350d04e95baeead6b79c4cff607556fb7129,True,0
valid,186,2615,2696,cf8bee4faf9f1e67678d45b7cd8c350d04e95baeead6b79c4cff607556fb7129,False,0,4488,4488,cf8bee4faf9f1e67678d45b7cd8c350d04e95baeead6b79c4cff607556fb7129,cf8bee4faf9f1e67678d45b7cd8c350d04e95baeead6b79c4cff607556fb7129,True,0
valid,187,741,1282,cf8bee4faf9f1e67678d45b7cd8c350d04e95baeead6b79c4cff607556fb7129,False,0,4488,4488,cf8bee4faf9f1e67678d45b7cd8c350d04e95baeead6b79c4cff607556fb7129,cf8bee4faf9f1e67678d45b7cd8c350d04e95baeead6b79c4cff607556fb7129,True,0
valid,188,623,2464,cf8bee4faf9f1e67678d45b7cd8c350d04e95baeead6b79c4cff607556fb7129,False,0,4488,4488,cf8bee4faf9f1e67678d45b7cd8c350d04e95baeead6b79c4cff607556fb7129,cf8bee4faf9f1e67678d45b7cd8c350d04e95baeead6b79c4cff607556fb7129,True,0
valid,189,570,2430,cf8bee4faf9f1e67678d45b7cd8c350d04e95baeead6b79c4cff607556fb7129,False,0,4488,4488,cf8bee4faf9f1e67678d45b7cd8c350d04e95baeead6b79c4cff607556fb7129,cf8bee4faf9f1e67678d45b7cd8c350d04e95baeead6b79c4cff607556fb7129,True,0
valid,190,643,2407,cf8bee4faf9f1e67678d45b7cd8c350d04e95baeead6b79c4cff607556fb7129,False,0,4488,4488,cf8bee4faf9f1e67678d45b7cd8c350d04e95baeead6b79c4cff607556fb7129,cf8bee4faf9f1e67678d45b7cd8c350d04e95baeead6b79c4cff607556fb7129,True,0
valid,191,1609,1791,cf8bee4faf9f1e67678d45b7cd8c350d04e95baeead6b79c4cff607556fb7129,False,0,4488,4488,cf8bee4faf9f1e67678d45b7cd8c350d04e95baeead6b79c4cff607556fb7129,cf8bee4faf9f1e67678d45b7cd8c350d04e95baeead6b79c4cff607556fb7129,True,0
valid,192,1464,1482,cf8bee4faf9f1e67678d45b7cd8c350d04e95baeead6b79c4cff607556fb7129,False,0,4488,4488,cf8bee4faf9f1e67678d45b7cd8c350d04e95baeead6b79c4cff607556fb7129,cf8bee4faf9f1e67678d45b7cd8c350d04e95baeead6b79c4cff607556fb7129,True,0
valid,193,2367,2369,cf8bee4faf9f1e67678d45b7cd8c350d04e95baeead6b79c4cff607556fb7129,False,0,4488,4488,cf8bee4faf9f1e67678d45b7cd8c350d04e95baeead6b79c4cff607556fb7129,cf8bee4faf9f1e67678d45b7cd8c350d04e95baeead6b79c4cff607556fb7129,True,0
valid,194,55,2021,cf8bee4faf9f1e67678d45b7cd8c350d04e95baeead6b79c4cff607556fb7129,False,0,4488,4488,cf8bee4faf9f1e67678d45b7cd8c350d04e95baeead6b79c4cff607556fb7129,cf8bee4faf9f1e67678d45b7cd8c350d04e95baeead6b79c4cff607556fb7129,True,0
valid,195,438,718,cf8bee4faf9f1e67678d45b7cd8c350d04e95baeead6b79c4cff607556fb7129,False,0,4488,4488,cf8bee4faf9f1e67678d45b7cd8c350d04e95baeead6b79c4cff607556fb7129,cf8bee4faf9f1e67678d45b7cd8c350d04e95baeead6b79c4cff607556fb7129,True,0
valid,196,877,1542,cf8bee4faf9f1e67678d45b7cd8c350d04e95baeead6b79c4cff607556fb7129,False,0,4488,4488,cf8bee4faf9f1e67678d45b7cd8c350d04e95baeead6b79c4cff607556fb7129,cf8bee4faf9f1e67678d45b7cd8c350d04e95baeead6b79c4cff607556fb7129,True,0
valid,197,1441,1700,cf8bee4faf9f1e67678d45b7cd8c350d04e95baeead6b79c4cff607556fb7129,False,0,4488,4488,cf8bee4faf9f1e67678d45b7cd8c350d04e95baeead6b79c4cff607556fb7129,cf8bee4faf9f1e67678d45b7cd8c350d04e95baeead6b79c4cff607556fb7129,True,0
valid,198,1810,1869,cf8bee4faf9f1e67678d45b7cd8c350d04e95baeead6b79c4cff607556fb7129,False,0,4488,4488,cf8bee4faf9f1e67678d45b7cd8c350d04e95baeead6b79c4cff607556fb7129,cf8bee4faf9f1e67678d45b7cd8c350d04e95baeead6b79c4cff607556fb7129,True,0
valid,199,392,1415,cf8bee4faf9f1e67678d45b7cd8c350d04e95baeead6b79c4cff607556fb7129,False,0,4488,4488,cf8bee4faf9f1e67678d45b7cd8c350d04e95baeead6b79c4cff607556fb7129,cf8bee4faf9f1e67678d45b7cd8c350d04e95baeead6b79c4cff607556fb7129,True,0
valid,200,41,1914,cf8bee4faf9f1e67678d45b7cd8c350d04e95baeead6b79c4cff607556fb7129,False,0,4488,4488,cf8bee4faf9f1e67678d45b7cd8c350d04e95baeead6b79c4cff607556fb7129,cf8bee4faf9f1e67678d45b7cd8c350d04e95baeead6b79c4cff607556fb7129,True,0
valid,201,1282,1283,cf8bee4faf9f1e67678d45b7cd8c350d04e95baeead6b79c4cff607556fb7129,False,0,4488,4488,cf8bee4faf9f1e67678d45b7cd8c350d04e95baeead6b79c4cff607556fb7129,cf8bee4faf9f1e67678d45b7cd8c350d04e95baeead6b79c4cff607556fb7129,True,0
valid,202,248,1531,cf8bee4faf9f1e67678d45b7cd8c350d04e95baeead6b79c4cff607556fb7129,False,0,4488,4488,cf8bee4faf9f1e67678d45b7cd8c350d04e95baeead6b79c4cff607556fb7129,cf8bee4faf9f1e67678d45b7cd8c350d04e95baeead6b79c4cff607556fb7129,True,0
valid,203,621,1332,cf8bee4faf9f1e67678d45b7cd8c350d04e95baeead6b79c4cff607556fb7129,False,0,4488,4488,cf8bee4faf9f1e67678d45b7cd8c350d04e95baeead6b79c4cff607556fb7129,cf8bee4faf9f1e67678d45b7cd8c350d04e95baeead6b79c4cff607556fb7129,True,0
valid,204,95,1580,cf8bee4faf9f1e67678d45b7cd8c350d04e95baeead6b79c4cff607556fb7129,False,0,4488,4488,cf8bee4faf9f1e67678d45b7cd8c350d04e95baeead6b79c4cff607556fb7129,cf8bee4faf9f1e67678d45b7cd8c350d04e95baeead6b79c4cff607556fb7129,True,0
valid,205,487,1772,cf8bee4faf9f1e67678d45b7cd8c350d04e95baeead6b79c4cff607556fb7129,False,0,4488,4488,cf8bee4faf9f1e67678d45b7cd8c350d04e95baeead6b79c4cff607556fb7129,cf8bee4faf9f1e67678d45b7cd8c350d04e95baeead6b79c4cff607556fb7129,True,0
valid,206,487,1798,cf8bee4faf9f1e67678d45b7cd8c350d04e95baeead6b79c4cff607556fb7129,False,0,4488,4488,cf8bee4faf9f1e67678d45b7cd8c350d04e95baeead6b79c4cff607556fb7129,cf8bee4faf9f1e67678d45b7cd8c350d04e95baeead6b79c4cff607556fb7129,True,0
valid,207,1212,1701,cf8bee4faf9f1e67678d45b7cd8c350d04e95baeead6b79c4cff607556fb7129,False,0,4488,4488,cf8bee4faf9f1e67678d45b7cd8c350d04e95baeead6b79c4cff607556fb7129,cf8bee4faf9f1e67678d45b7cd8c350d04e95baeead6b79c4cff607556fb7129,True,0
valid,208,454,581,cf8bee4faf9f1e67678d45b7cd8c350d04e95baeead6b79c4cff607556fb7129,False,0,4488,4488,cf8bee4faf9f1e67678d45b7cd8c350d04e95baeead6b79c4cff607556fb7129,cf8bee4faf9f1e67678d45b7cd8c350d04e95baeead6b79c4cff607556fb7129,True,0
valid,209,1376,1848,cf8bee4faf9f1e67678d45b7cd8c350d04e95baeead6b79c4cff607556fb7129,False,0,4488,4488,cf8bee4faf9f1e67678d45b7cd8c350d04e95baeead6b79c4cff607556fb7129,cf8bee4faf9f1e67678d45b7cd8c350d04e95baeead6b79c4cff607556fb7129,True,0
valid,210,1169,1737,cf8bee4faf9f1e67678d45b7cd8c350d04e95baeead6b79c4cff607556fb7129,False,0,4488,4488,cf8bee4faf9f1e67678d45b7cd8c350d04e95baeead6b79c4cff607556fb7129,cf8bee4faf9f1e67678d45b7cd8c350d04e95baeead6b79c4cff607556fb7129,True,0
valid,211,36,1640,cf8bee4faf9f1e67678d45b7cd8c350d04e95baeead6b79c4cff607556fb7129,False,0,4488,4488,cf8bee4faf9f1e67678d45b7cd8c350d04e95baeead6b79c4cff607556fb7129,cf8bee4faf9f1e67678d45b7cd8c350d04e95baeead6b79c4cff607556fb7129,True,0
valid,212,1022,1962,cf8bee4faf9f1e67678d45b7cd8c350d04e95baeead6b79c4cff607556fb7129,False,0,4488,4488,cf8bee4faf9f1e67678d45b7cd8c350d04e95baeead6b79c4cff607556fb7129,cf8bee4faf9f1e67678d45b7cd8c350d04e95baeead6b79c4cff607556fb7129,True,0
valid,213,227,534,cf8bee4faf9f1e67678d45b7cd8c350d04e95baeead6b79c4cff607556fb7129,False,0,4488,4488,cf8bee4faf9f1e67678d45b7cd8c350d04e95baeead6b79c4cff607556fb7129,cf8bee4faf9f1e67678d45b7cd8c350d04e95baeead6b79c4cff607556fb7129,True,0
valid,214,1061,2376,cf8bee4faf9f1e67678d45b7cd8c350d04e95baeead6b79c4cff607556fb7129,False,0,4488,4488,cf8bee4faf9f1e67678d45b7cd8c350d04e95baeead6b79c4cff607556fb7129,cf8bee4faf9f1e67678d45b7cd8c350d04e95baeead6b79c4cff607556fb7129,True,0
valid,215,1183,1824,cf8bee4faf9f1e67678d45b7cd8c350d04e95baeead6b79c4cff607556fb7129,False,0,4488,4488,cf8bee4faf9f1e67678d45b7cd8c350d04e95baeead6b79c4cff607556fb7129,cf8bee4faf9f1e67678d45b7cd8c350d04e95baeead6b79c4cff607556fb7129,True,0
valid,216,22,2238,cf8bee4faf9f1e67678d45b7cd8c350d04e95baeead6b79c4cff607556fb7129,False,0,4488,4488,cf8bee4faf9f1e67678d45b7cd8c350d04e95baeead6b79c4cff607556fb7129,cf8bee4faf9f1e67678d45b7cd8c350d04e95baeead6b79c4cff607556fb7129,True,0
valid,217,1067,1216,cf8bee4faf9f1e67678d45b7cd8c350d04e95baeead6b79c4cff607556fb7129,False,0,4488,4488,cf8bee4faf9f1e67678d45b7cd8c350d04e95baeead6b79c4cff607556fb7129,cf8bee4faf9f1e67678d45b7cd8c350d04e95baeead6b79c4cff607556fb7129,True,0
valid,218,834,2168,cf8bee4faf9f1e67678d45b7cd8c350d04e95baeead6b79c4cff607556fb7129,False,0,4488,4488,cf8bee4faf9f1e67678d45b7cd8c350d04e95baeead6b79c4cff607556fb7129,cf8bee4faf9f1e67678d45b7cd8c350d04e95baeead6b79c4cff607556fb7129,True,0
valid,219,177,2682,cf8bee4faf9f1e67678d45b7cd8c350d04e95baeead6b79c4cff607556fb7129,False,0,4488,4488,cf8bee4faf9f1e67678d45b7cd8c350d04e95baeead6b79c4cff607556fb7129,cf8bee4faf9f1e67678d45b7cd8c350d04e95baeead6b79c4cff607556fb7129,True,0
valid,220,778,1370,cf8bee4faf9f1e67678d45b7cd8c350d04e95baeead6b79c4cff607556fb7129,False,0,4488,4488,cf8bee4faf9f1e67678d45b7cd8c350d04e95baeead6b79c4cff607556fb7129,cf8bee4faf9f1e67678d45b7cd8c350d04e95baeead6b79c4cff607556fb7129,True,0
valid,221,779,1914,cf8bee4faf9f1e67678d45b7cd8c350d04e95baeead6b79c4cff607556fb7129,False,0,4488,4488,cf8bee4faf9f1e67678d45b7cd8c350d04e95baeead6b79c4cff607556fb7129,cf8bee4faf9f1e67678d45b7cd8c350d04e95baeead6b79c4cff607556fb7129,True,0
valid,222,449,1280,cf8bee4faf9f1e67678d45b7cd8c350d04e95baeead6b79c4cff607556fb7129,False,0,4488,4488,cf8bee4faf9f1e67678d45b7cd8c350d04e95baeead6b79c4cff607556fb7129,cf8bee4faf9f1e67678d45b7cd8c350d04e95baeead6b79c4cff607556fb7129,True,0
valid,223,333,1358,cf8bee4faf9f1e67678d45b7cd8c350d04e95baeead6b79c4cff607556fb7129,False,0,4488,4488,cf8bee4faf9f1e67678d45b7cd8c350d04e95baeead6b79c4cff607556fb7129,cf8bee4faf9f1e67678d45b7cd8c350d04e95baeead6b79c4cff607556fb7129,True,0
valid,224,1508,1894,cf8bee4faf9f1e67678d45b7cd8c350d04e95baeead6b79c4cff607556fb7129,False,0,4488,4488,cf8bee4faf9f1e67678d45b7cd8c350d04e95baeead6b79c4cff607556fb7129,cf8bee4faf9f1e67678d45b7cd8c350d04e95baeead6b79c4cff607556fb7129,True,0
valid,225,306,1158,cf8bee4faf9f1e67678d45b7cd8c350d04e95baeead6b79c4cff607556fb7129,False,0,4488,4488,cf8bee4faf9f1e67678d45b7cd8c350d04e95baeead6b79c4cff607556fb7129,cf8bee4faf9f1e67678d45b7cd8c350d04e95baeead6b79c4cff607556fb7129,True,0
valid,226,1228,1536,cf8bee4faf9f1e67678d45b7cd8c350d04e95baeead6b79c4cff607556fb7129,False,0,4488,4488,cf8bee4faf9f1e67678d45b7cd8c350d04e95baeead6b79c4cff607556fb7129,cf8bee4faf9f1e67678d45b7cd8c350d04e95baeead6b79c4cff607556fb7129,True,0
valid,227,55,1983,cf8bee4faf9f1e67678d45b7cd8c350d04e95baeead6b79c4cff607556fb7129,False,0,4488,4488,cf8bee4faf9f1e67678d45b7cd8c350d04e95baeead6b79c4cff607556fb7129,cf8bee4faf9f1e67678d45b7cd8c350d04e95baeead6b79c4cff607556fb7129,True,0
valid,228,1178,1984,cf8bee4faf9f1e67678d45b7cd8c350d04e95baeead6b79c4cff607556fb7129,False,0,4488,4488,cf8bee4faf9f1e67678d45b7cd8c350d04e95baeead6b79c4cff607556fb7129,cf8bee4faf9f1e67678d45b7cd8c350d04e95baeead6b79c4cff607556fb7129,True,0
valid,229,84,2223,cf8bee4faf9f1e67678d45b7cd8c350d04e95baeead6b79c4cff607556fb7129,False,0,4488,4488,cf8bee4faf9f1e67678d45b7cd8c350d04e95baeead6b79c4cff607556fb7129,cf8bee4faf9f1e67678d45b7cd8c350d04e95baeead6b79c4cff607556fb7129,True,0
valid,230,133,452,cf8bee4faf9f1e67678d45b7cd8c350d04e95baeead6b79c4cff607556fb7129,False,0,4488,4488,cf8bee4faf9f1e67678d45b7cd8c350d04e95baeead6b79c4cff607556fb7129,cf8bee4faf9f1e67678d45b7cd8c350d04e95baeead6b79c4cff607556fb7129,True,0
valid,231,1542,1577,cf8bee4faf9f1e67678d45b7cd8c350d04e95baeead6b79c4cff607556fb7129,False,0,4488,4488,cf8bee4faf9f1e67678d45b7cd8c350d04e95baeead6b79c4cff607556fb7129,cf8bee4faf9f1e67678d45b7cd8c350d04e95baeead6b79c4cff607556fb7129,True,0
valid,232,754,1483,cf8bee4faf9f1e67678d45b7cd8c350d04e95baeead6b79c4cff607556fb7129,False,0,4488,4488,cf8bee4faf9f1e67678d45b7cd8c350d04e95baeead6b79c4cff607556fb7129,cf8bee4faf9f1e67678d45b7cd8c350d04e95baeead6b79c4cff607556fb7129,True,0
valid,233,822,1973,cf8bee4faf9f1e67678d45b7cd8c350d04e95baeead6b79c4cff607556fb7129,False,0,4488,4488,cf8bee4faf9f1e67678d45b7cd8c350d04e95baeead6b79c4cff607556fb7129,cf8bee4faf9f1e67678d45b7cd8c350d04e95baeead6b79c4cff607556fb7129,True,0
valid,234,109,426,cf8bee4faf9f1e67678d45b7cd8c350d04e95baeead6b79c4cff607556fb7129,False,0,4488,4488,cf8bee4faf9f1e67678d45b7cd8c350d04e95baeead6b79c4cff607556fb7129,cf8bee4faf9f1e67678d45b7cd8c350d04e95baeead6b79c4cff607556fb7129,True,0
valid,235,610,826,cf8bee4faf9f1e67678d45b7cd8c350d04e95baeead6b79c4cff607556fb7129,False,0,4488,4488,cf8bee4faf9f1e67678d45b7cd8c350d04e95baeead6b79c4cff607556fb7129,cf8bee4faf9f1e67678d45b7cd8c350d04e95baeead6b79c4cff607556fb7129,True,0
valid,236,566,1986,cf8bee4faf9f1e67678d45b7cd8c350d04e95baeead6b79c4cff607556fb7129,False,0,4488,4488,cf8bee4faf9f1e67678d45b7cd8c350d04e95baeead6b79c4cff607556fb7129,cf8bee4faf9f1e67678d45b7cd8c350d04e95baeead6b79c4cff607556fb7129,True,0
valid,237,1165,1593,cf8bee4faf9f1e67678d45b7cd8c350d04e95baeead6b79c4cff607556fb7129,False,0,4488,4488,cf8bee4faf9f1e67678d45b7cd8c350d04e95baeead6b79c4cff607556fb7129,cf8bee4faf9f1e67678d45b7cd8c350d04e95baeead6b79c4cff607556fb7129,True,0
valid,238,595,2176,cf8bee4faf9f1e67678d45b7cd8c350d04e95baeead6b79c4cff607556fb7129,False,0,4488,4488,cf8bee4faf9f1e67678d45b7cd8c350d04e95baeead6b79c4cff607556fb7129,cf8bee4faf9f1e67678d45b7cd8c350d04e95baeead6b79c4cff607556fb7129,True,0
valid,239,76,2178,cf8bee4faf9f1e67678d45b7cd8c350d04e95baeead6b79c4cff607556fb7129,False,0,4488,4488,cf8bee4faf9f1e67678d45b7cd8c350d04e95baeead6b79c4cff607556fb7129,cf8bee4faf9f1e67678d45b7cd8c350d04e95baeead6b79c4cff607556fb7129,True,0
valid,240,598,2707,cf8bee4faf9f1e67678d45b7cd8c350d04e95baeead6b79c4cff607556fb7129,False,0,4488,4488,cf8bee4faf9f1e67678d45b7cd8c350d04e95baeead6b79c4cff607556fb7129,cf8bee4faf9f1e67678d45b7cd8c350d04e95baeead6b79c4cff607556fb7129,True,0
valid,241,88,1288,cf8bee4faf9f1e67678d45b7cd8c350d04e95baeead6b79c4cff607556fb7129,False,0,4488,4488,cf8bee4faf9f1e67678d45b7cd8c350d04e95baeead6b79c4cff607556fb7129,cf8bee4faf9f1e67678d45b7cd8c350d04e95baeead6b79c4cff607556fb7129,True,0
valid,242,2636,2693,cf8bee4faf9f1e67678d45b7cd8c350d04e95baeead6b79c4cff607556fb7129,False,0,4488,4488,cf8bee4faf9f1e67678d45b7cd8c350d04e95baeead6b79c4cff607556fb7129,cf8bee4faf9f1e67678d45b7cd8c350d04e95baeead6b79c4cff607556fb7129,True,0
valid,243,823,1169,cf8bee4faf9f1e67678d45b7cd8c350d04e95baeead6b79c4cff607556fb7129,False,0,4488,4488,cf8bee4faf9f1e67678d45b7cd8c350d04e95baeead6b79c4cff607556fb7129,cf8bee4faf9f1e67678d45b7cd8c350d04e95baeead6b79c4cff607556fb7129,True,0
valid,244,1360,1650,cf8bee4faf9f1e67678d45b7cd8c350d04e95baeead6b79c4cff607556fb7129,False,0,4488,4488,cf8bee4faf9f1e67678d45b7cd8c350d04e95baeead6b79c4cff607556fb7129,cf8bee4faf9f1e67678d45b7cd8c350d04e95baeead6b79c4cff607556fb7129,True,0
valid,245,802,1307,cf8bee4faf9f1e67678d45b7cd8c350d04e95baeead6b79c4cff607556fb7129,False,0,4488,4488,cf8bee4faf9f1e67678d45b7cd8c350d04e95baeead6b79c4cff607556fb7129,cf8bee4faf9f1e67678d45b7cd8c350d04e95baeead6b79c4cff607556fb7129,True,0
valid,246,1623,1780,cf8bee4faf9f1e67678d45b7cd8c350d04e95baeead6b79c4cff607556fb7129,False,0,4488,4488,cf8bee4faf9f1e67678d45b7cd8c350d04e95baeead6b79c4cff607556fb7129,cf8bee4faf9f1e67678d45b7cd8c350d04e95baeead6b79c4cff607556fb7129,True,0
valid,247,805,2236,cf8bee4faf9f1e67678d45b7cd8c350d04e95baeead6b79c4cff607556fb7129,False,0,4488,4488,cf8bee4faf9f1e67678d45b7cd8c350d04e95baeead6b79c4cff607556fb7129,cf8bee4faf9f1e67678d45b7cd8c350d04e95baeead6b79c4cff607556fb7129,True,0
valid,248,9,723,cf8bee4faf9f1e67678d45b7cd8c350d04e95baeead6b79c4cff607556fb7129,False,0,4488,4488,cf8bee4faf9f1e67678d45b7cd8c350d04e95baeead6b79c4cff607556fb7129,cf8bee4faf9f1e67678d45b7cd8c350d04e95baeead6b79c4cff607556fb7129,True,0
valid,249,571,1570,cf8bee4faf9f1e67678d45b7cd8c350d04e95baeead6b79c4cff607556fb7129,False,0,4488,4488,cf8bee4faf9f1e67678d45b7cd8c350d04e95baeead6b79c4cff607556fb7129,cf8bee4faf9f1e67678d45b7cd8c350d04e95baeead6b79c4cff607556fb7129,True,0
valid,250,146,2059,cf8bee4faf9f1e67678d45b7cd8c350d04e95baeead6b79c4cff607556fb7129,False,0,4488,4488,cf8bee4faf9f1e67678d45b7cd8c350d04e95baeead6b79c4cff607556fb7129,cf8bee4faf9f1e67678d45b7cd8c350d04e95baeead6b79c4cff607556fb7129,True,0
valid,251,631,2358,cf8bee4faf9f1e67678d45b7cd8c350d04e95baeead6b79c4cff607556fb7129,False,0,4488,4488,cf8bee4faf9f1e67678d45b7cd8c350d04e95baeead6b79c4cff607556fb7129,cf8bee4faf9f1e67678d45b7cd8c350d04e95baeead6b79c4cff607556fb7129,True,0
valid,252,1106,2501,cf8bee4faf9f1e67678d45b7cd8c350d04e95baeead6b79c4cff607556fb7129,False,0,4488,4488,cf8bee4faf9f1e67678d45b7cd8c350d04e95baeead6b79c4cff607556fb7129,cf8bee4faf9f1e67678d45b7cd8c350d04e95baeead6b79c4cff607556fb7129,True,0
valid,253,239,1376,cf8bee4faf9f1e67678d45b7cd8c350d04e95baeead6b79c4cff607556fb7129,False,0,4488,4488,cf8bee4faf9f1e67678d45b7cd8c350d04e95baeead6b79c4cff607556fb7129,cf8bee4faf9f1e67678d45b7cd8c350d04e95baeead6b79c4cff607556fb7129,True,0
valid,254,647,1360,cf8bee4faf9f1e67678d45b7cd8c350d04e95baeead6b79c4cff607556fb7129,False,0,4488,4488,cf8bee4faf9f1e67678d45b7cd8c350d04e95baeead6b79c4cff607556fb7129,cf8bee4faf9f1e67678d45b7cd8c350d04e95baeead6b79c4cff607556fb7129,True,0
valid,255,1554,2688,cf8bee4faf9f1e67678d45b7cd8c350d04e95baeead6b79c4cff607556fb7129,False,0,4488,4488,cf8bee4faf9f1e67678d45b7cd8c350d04e95baeead6b79c4cff607556fb7129,cf8bee4faf9f1e67678d45b7cd8c350d04e95baeead6b79c4cff607556fb7129,True,0
valid,256,1703,1968,cf8bee4faf9f1e67678d45b7cd8c350d04e95baeead6b79c4cff607556fb7129,False,0,4488,4488,cf8bee4faf9f1e67678d45b7cd8c350d04e95baeead6b79c4cff607556fb7129,cf8bee4faf9f1e67678d45b7cd8c350d04e95baeead6b79c4cff607556fb7129,True,0
valid,257,107,971,cf8bee4faf9f1e67678d45b7cd8c350d04e95baeead6b79c4cff607556fb7129,False,0,4488,4488,cf8bee4faf9f1e67678d45b7cd8c350d04e95baeead6b79c4cff607556fb7129,cf8bee4faf9f1e67678d45b7cd8c350d04e95baeead6b79c4cff607556fb7129,True,0
valid,258,805,963,cf8bee4faf9f1e67678d45b7cd8c350d04e95baeead6b79c4cff607556fb7129,False,0,4488,4488,cf8bee4faf9f1e67678d45b7cd8c350d04e95baeead6b79c4cff607556fb7129,cf8bee4faf9f1e67678d45b7cd8c350d04e95baeead6b79c4cff607556fb7129,True,0
valid,259,1666,2381,cf8bee4faf9f1e67678d45b7cd8c350d04e95baeead6b79c4cff607556fb7129,False,0,4488,4488,cf8bee4faf9f1e67678d45b7cd8c350d04e95baeead6b79c4cff607556fb7129,cf8bee4faf9f1e67678d45b7cd8c350d04e95baeead6b79c4cff607556fb7129,True,0
valid,260,1432,2663,cf8bee4faf9f1e67678d45b7cd8c350d04e95baeead6b79c4cff607556fb7129,False,0,4488,4488,cf8bee4faf9f1e67678d45b7cd8c350d04e95baeead6b79c4cff607556fb7129,cf8bee4faf9f1e67678d45b7cd8c350d04e95baeead6b79c4cff607556fb7129,True,0
valid,261,2554,2689,cf8bee4faf9f1e67678d45b7cd8c350d04e95baeead6b79c4cff607556fb7129,False,0,4488,4488,cf8bee4faf9f1e67678d45b7cd8c350d04e95baeead6b79c4cff607556fb7129,cf8bee4faf9f1e67678d45b7cd8c350d04e95baeead6b79c4cff607556fb7129,True,0
valid,262,1248,2045,cf8bee4faf9f1e67678d45b7cd8c350d04e95baeead6b79c4cff607556fb7129,False,0,4488,4488,cf8bee4faf9f1e67678d45b7cd8c350d04e95baeead6b79c4cff607556fb7129,cf8bee4faf9f1e67678d45b7cd8c350d04e95baeead6b79c4cff607556fb7129,True,0
test,0,733,1062,cf8bee4faf9f1e67678d45b7cd8c350d04e95baeead6b79c4cff607556fb7129,False,0,4488,4488,cf8bee4faf9f1e67678d45b7cd8c350d04e95baeead6b79c4cff607556fb7129,cf8bee4faf9f1e67678d45b7cd8c350d04e95baeead6b79c4cff607556fb7129,True,0
test,1,1416,1468,cf8bee4faf9f1e67678d45b7cd8c350d04e95baeead6b79c4cff607556fb7129,False,0,4488,4488,cf8bee4faf9f1e67678d45b7cd8c350d04e95baeead6b79c4cff607556fb7129,cf8bee4faf9f1e67678d45b7cd8c350d04e95baeead6b79c4cff607556fb7129,True,0
test,2,350,1778,cf8bee4faf9f1e67678d45b7cd8c350d04e95baeead6b79c4cff607556fb7129,False,0,4488,4488,cf8bee4faf9f1e67678d45b7cd8c350d04e95baeead6b79c4cff607556fb7129,cf8bee4faf9f1e67678d45b7cd8c350d04e95baeead6b79c4cff607556fb7129,True,0
test,3,657,1740,cf8bee4faf9f1e67678d45b7cd8c350d04e95baeead6b79c4cff607556fb7129,False,0,4488,4488,cf8bee4faf9f1e67678d45b7cd8c350d04e95baeead6b79c4cff607556fb7129,cf8bee4faf9f1e67678d45b7cd8c350d04e95baeead6b79c4cff607556fb7129,True,0
test,4,1602,2073,cf8bee4faf9f1e67678d45b7cd8c350d04e95baeead6b79c4cff607556fb7129,False,0,4488,4488,cf8bee4faf9f1e67678d45b7cd8c350d04e95baeead6b79c4cff607556fb7129,cf8bee4faf9f1e67678d45b7cd8c350d04e95baeead6b79c4cff607556fb7129,True,0
test,5,507,1300,cf8bee4faf9f1e67678d45b7cd8c350d04e95baeead6b79c4cff607556fb7129,False,0,4488,4488,cf8bee4faf9f1e67678d45b7cd8c350d04e95baeead6b79c4cff607556fb7129,cf8bee4faf9f1e67678d45b7cd8c350d04e95baeead6b79c4cff607556fb7129,True,0
test,6,1682,2189,cf8bee4faf9f1e67678d45b7cd8c350d04e95baeead6b79c4cff607556fb7129,False,0,4488,4488,cf8bee4faf9f1e67678d45b7cd8c350d04e95baeead6b79c4cff607556fb7129,cf8bee4faf9f1e67678d45b7cd8c350d04e95baeead6b79c4cff607556fb7129,True,0
test,7,306,1798,cf8bee4faf9f1e67678d45b7cd8c350d04e95baeead6b79c4cff607556fb7129,False,0,4488,4488,cf8bee4faf9f1e67678d45b7cd8c350d04e95baeead6b79c4cff607556fb7129,cf8bee4faf9f1e67678d45b7cd8c350d04e95baeead6b79c4cff607556fb7129,True,0
test,8,661,1878,cf8bee4faf9f1e67678d45b7cd8c350d04e95baeead6b79c4cff607556fb7129,False,0,4488,4488,cf8bee4faf9f1e67678d45b7cd8c350d04e95baeead6b79c4cff607556fb7129,cf8bee4faf9f1e67678d45b7cd8c350d04e95baeead6b79c4cff607556fb7129,True,0
test,9,2446,2448,cf8bee4faf9f1e67678d45b7cd8c350d04e95baeead6b79c4cff607556fb7129,False,0,4488,4488,cf8bee4faf9f1e67678d45b7cd8c350d04e95baeead6b79c4cff607556fb7129,cf8bee4faf9f1e67678d45b7cd8c350d04e95baeead6b79c4cff607556fb7129,True,0
test,10,1704,1912,cf8bee4faf9f1e67678d45b7cd8c350d04e95baeead6b79c4cff607556fb7129,False,0,4488,4488,cf8bee4faf9f1e67678d45b7cd8c350d04e95baeead6b79c4cff607556fb7129,cf8bee4faf9f1e67678d45b7cd8c350d04e95baeead6b79c4cff607556fb7129,True,0
test,11,4,1761,cf8bee4faf9f1e67678d45b7cd8c350d04e95baeead6b79c4cff607556fb7129,False,0,4488,4488,cf8bee4faf9f1e67678d45b7cd8c350d04e95baeead6b79c4cff607556fb7129,cf8bee4faf9f1e67678d45b7cd8c350d04e95baeead6b79c4cff607556fb7129,True,0
test,12,236,2046,cf8bee4faf9f1e67678d45b7cd8c350d04e95baeead6b79c4cff607556fb7129,False,0,4488,4488,cf8bee4faf9f1e67678d45b7cd8c350d04e95baeead6b79c4cff607556fb7129,cf8bee4faf9f1e67678d45b7cd8c350d04e95baeead6b79c4cff607556fb7129,True,0
test,13,1411,2218,cf8bee4faf9f1e67678d45b7cd8c350d04e95baeead6b79c4cff607556fb7129,False,0,4488,4488,cf8bee4faf9f1e67678d45b7cd8c350d04e95baeead6b79c4cff607556fb7129,cf8bee4faf9f1e67678d45b7cd8c350d04e95baeead6b79c4cff607556fb7129,True,0
test,14,1359,1914,cf8bee4faf9f1e67678d45b7cd8c350d04e95baeead6b79c4cff607556fb7129,False,0,4488,4488,cf8bee4faf9f1e67678d45b7cd8c350d04e95baeead6b79c4cff607556fb7129,cf8bee4faf9f1e67678d45b7cd8c350d04e95baeead6b79c4cff607556fb7129,True,0
test,15,1013,1844,cf8bee4faf9f1e67678d45b7cd8c350d04e95baeead6b79c4cff607556fb7129,False,0,4488,4488,cf8bee4faf9f1e67678d45b7cd8c350d04e95baeead6b79c4cff607556fb7129,cf8bee4faf9f1e67678d45b7cd8c350d04e95baeead6b79c4cff607556fb7129,True,0
test,16,2263,2490,cf8bee4faf9f1e67678d45b7cd8c350d04e95baeead6b79c4cff607556fb7129,False,0,4488,4488,cf8bee4faf9f1e67678d45b7cd8c350d04e95baeead6b79c4cff607556fb7129,cf8bee4faf9f1e67678d45b7cd8c350d04e95baeead6b79c4cff607556fb7129,True,0
test,17,1072,1802,cf8bee4faf9f1e67678d45b7cd8c350d04e95baeead6b79c4cff607556fb7129,False,0,4488,4488,cf8bee4faf9f1e67678d45b7cd8c350d04e95baeead6b79c4cff607556fb7129,cf8bee4faf9f1e67678d45b7cd8c350d04e95baeead6b79c4cff607556fb7129,True,0
test,18,968,1986,cf8bee4faf9f1e67678d45b7cd8c350d04e95baeead6b79c4cff607556fb7129,False,0,4488,4488,cf8bee4faf9f1e67678d45b7cd8c350d04e95baeead6b79c4cff607556fb7129,cf8bee4faf9f1e67678d45b7cd8c350d04e95baeead6b79c4cff607556fb7129,True,0
test,19,968,1603,cf8bee4faf9f1e67678d45b7cd8c350d04e95baeead6b79c4cff607556fb7129,False,0,4488,4488,cf8bee4faf9f1e67678d45b7cd8c350d04e95baeead6b79c4cff607556fb7129,cf8bee4faf9f1e67678d45b7cd8c350d04e95baeead6b79c4cff607556fb7129,True,0
test,20,650,1486,cf8bee4faf9f1e67678d45b7cd8c350d04e95baeead6b79c4cff607556fb7129,False,0,4488,4488,cf8bee4faf9f1e67678d45b7cd8c350d04e95baeead6b79c4cff607556fb7129,cf8bee4faf9f1e67678d45b7cd8c350d04e95baeead6b79c4cff607556fb7129,True,0
test,21,73,1751,cf8bee4faf9f1e67678d45b7cd8c350d04e95baeead6b79c4cff607556fb7129,False,0,4488,4488,cf8bee4faf9f1e67678d45b7cd8c350d04e95baeead6b79c4cff607556fb7129,cf8bee4faf9f1e67678d45b7cd8c350d04e95baeead6b79c4cff607556fb7129,True,0
test,22,1602,2074,cf8bee4faf9f1e67678d45b7cd8c350d04e95baeead6b79c4cff607556fb7129,False,0,4488,4488,cf8bee4faf9f1e67678d45b7cd8c350d04e95baeead6b79c4cff607556fb7129,cf8bee4faf9f1e67678d45b7cd8c350d04e95baeead6b79c4cff607556fb7129,True,0
test,23,1599,2614,cf8bee4faf9f1e67678d45b7cd8c350d04e95baeead6b79c4cff607556fb7129,False,0,4488,4488,cf8bee4faf9f1e67678d45b7cd8c350d04e95baeead6b79c4cff607556fb7129,cf8bee4faf9f1e67678d45b7cd8c350d04e95baeead6b79c4cff607556fb7129,True,0
test,24,1201,2533,cf8bee4faf9f1e67678d45b7cd8c350d04e95baeead6b79c4cff607556fb7129,False,0,4488,4488,cf8bee4faf9f1e67678d45b7cd8c350d04e95baeead6b79c4cff607556fb7129,cf8bee4faf9f1e67678d45b7cd8c350d04e95baeead6b79c4cff607556fb7129,True,0
test,25,1409,1826,cf8bee4faf9f1e67678d45b7cd8c350d04e95baeead6b79c4cff607556fb7129,False,0,4488,4488,cf8bee4faf9f1e67678d45b7cd8c350d04e95baeead6b79c4cff607556fb7129,cf8bee4faf9f1e67678d45b7cd8c350d04e95baeead6b79c4cff607556fb7129,True,0
test,26,756,885,cf8bee4faf9f1e67678d45b7cd8c350d04e95baeead6b79c4cff607556fb7129,False,0,4488,4488,cf8bee4faf9f1e67678d45b7cd8c350d04e95baeead6b79c4cff607556fb7129,cf8bee4faf9f1e67678d45b7cd8c350d04e95baeead6b79c4cff607556fb7129,True,0
test,27,1153,1401,cf8bee4faf9f1e67678d45b7cd8c350d04e95baeead6b79c4cff607556fb7129,False,0,4488,4488,cf8bee4faf9f1e67678d45b7cd8c350d04e95baeead6b79c4cff607556fb7129,cf8bee4faf9f1e67678d45b7cd8c350d04e95baeead6b79c4cff607556fb7129,True,0
test,28,102,1251,cf8bee4faf9f1e67678d45b7cd8c350d04e95baeead6b79c4cff607556fb7129,False,0,4488,4488,cf8bee4faf9f1e67678d45b7cd8c350d04e95baeead6b79c4cff607556fb7129,cf8bee4faf9f1e67678d45b7cd8c350d04e95baeead6b79c4cff607556fb7129,True,0
test,29,567,1513,cf8bee4faf9f1e67678d45b7cd8c350d04e95baeead6b79c4cff607556fb7129,False,0,4488,4488,cf8bee4faf9f1e67678d45b7cd8c350d04e95baeead6b79c4cff607556fb7129,cf8bee4faf9f1e67678d45b7cd8c350d04e95baeead6b79c4cff607556fb7129,True,0
test,30,1282,1735,cf8bee4faf9f1e67678d45b7cd8c350d04e95baeead6b79c4cff607556fb7129,False,0,4488,4488,cf8bee4faf9f1e67678d45b7cd8c350d04e95baeead6b79c4cff607556fb7129,cf8bee4faf9f1e67678d45b7cd8c350d04e95baeead6b79c4cff607556fb7129,True,0
test,31,1440,1701,cf8bee4faf9f1e67678d45b7cd8c350d04e95baeead6b79c4cff607556fb7129,False,0,4488,4488,cf8bee4faf9f1e67678d45b7cd8c350d04e95baeead6b79c4cff607556fb7129,cf8bee4faf9f1e67678d45b7cd8c350d04e95baeead6b79c4cff607556fb7129,True,0
test,32,118,581,cf8bee4faf9f1e67678d45b7cd8c350d04e95baeead6b79c4cff607556fb7129,False,0,4488,4488,cf8bee4faf9f1e67678d45b7cd8c350d04e95baeead6b79c4cff607556fb7129,cf8bee4faf9f1e67678d45b7cd8c350d04e95baeead6b79c4cff607556fb7129,True,0
test,33,124,1367,cf8bee4faf9f1e67678d45b7cd8c350d04e95baeead6b79c4cff607556fb7129,False,0,4488,4488,cf8bee4faf9f1e67678d45b7cd8c350d04e95baeead6b79c4cff607556fb7129,cf8bee4faf9f1e67678d45b7cd8c350d04e95baeead6b79c4cff607556fb7129,True,0
test,34,1042,1517,cf8bee4faf9f1e67678d45b7cd8c350d04e95baeead6b79c4cff607556fb7129,False,0,4488,4488,cf8bee4faf9f1e67678d45b7cd8c350d04e95baeead6b79c4cff607556fb7129,cf8bee4faf9f1e67678d45b7cd8c350d04e95baeead6b79c4cff607556fb7129,True,0
test,35,492,1533,cf8bee4faf9f1e67678d45b7cd8c350d04e95baeead6b79c4cff607556fb7129,False,0,4488,4488,cf8bee4faf9f1e67678d45b7cd8c350d04e95baeead6b79c4cff607556fb7129,cf8bee4faf9f1e67678d45b7cd8c350d04e95baeead6b79c4cff607556fb7129,True,0
test,36,972,1000,cf8bee4faf9f1e67678d45b7cd8c350d04e95baeead6b79c4cff607556fb7129,False,0,4488,4488,cf8bee4faf9f1e67678d45b7cd8c350d04e95baeead6b79c4cff607556fb7129,cf8bee4faf9f1e67678d45b7cd8c350d04e95baeead6b79c4cff607556fb7129,True,0
test,37,468,647,cf8bee4faf9f1e67678d45b7cd8c350d04e95baeead6b79c4cff607556fb7129,False,0,4488,4488,cf8bee4faf9f1e67678d45b7cd8c350d04e95baeead6b79c4cff607556fb7129,cf8bee4faf9f1e67678d45b7cd8c350d04e95baeead6b79c4cff607556fb7129,True,0
test,38,121,1910,cf8bee4faf9f1e67678d45b7cd8c350d04e95baeead6b79c4cff607556fb7129,False,0,4488,4488,cf8bee4faf9f1e67678d45b7cd8c350d04e95baeead6b79c4cff607556fb7129,cf8bee4faf9f1e67678d45b7cd8c350d04e95baeead6b79c4cff607556fb7129,True,0
test,39,547,598,cf8bee4faf9f1e67678d45b7cd8c350d04e95baeead6b79c4cff607556fb7129,False,0,4488,4488,cf8bee4faf9f1e67678d45b7cd8c350d04e95baeead6b79c4cff607556fb7129,cf8bee4faf9f1e67678d45b7cd8c350d04e95baeead6b79c4cff607556fb7129,True,0
test,40,452,1258,cf8bee4faf9f1e67678d45b7cd8c350d04e95baeead6b79c4cff607556fb7129,False,0,4488,4488,cf8bee4faf9f1e67678d45b7cd8c350d04e95baeead6b79c4cff607556fb7129,cf8bee4faf9f1e67678d45b7cd8c350d04e95baeead6b79c4cff607556fb7129,True,0
test,41,1109,2671,cf8bee4faf9f1e67678d45b7cd8c350d04e95baeead6b79c4cff607556fb7129,False,0,4488,4488,cf8bee4faf9f1e67678d45b7cd8c350d04e95baeead6b79c4cff607556fb7129,cf8bee4faf9f1e67678d45b7cd8c350d04e95baeead6b79c4cff607556fb7129,True,0
test,42,1365,1702,cf8bee4faf9f1e67678d45b7cd8c350d04e95baeead6b79c4cff607556fb7129,False,0,4488,4488,cf8bee4faf9f1e67678d45b7cd8c350d04e95baeead6b79c4cff607556fb7129,cf8bee4faf9f1e67678d45b7cd8c350d04e95baeead6b79c4cff607556fb7129,True,0
test,43,326,1358,cf8bee4faf9f1e67678d45b7cd8c350d04e95baeead6b79c4cff607556fb7129,False,0,4488,4488,cf8bee4faf9f1e67678d45b7cd8c350d04e95baeead6b79c4cff607556fb7129,cf8bee4faf9f1e67678d45b7cd8c350d04e95baeead6b79c4cff607556fb7129,True,0
test,44,718,2059,cf8bee4faf9f1e67678d45b7cd8c350d04e95baeead6b79c4cff607556fb7129,False,0,4488,4488,cf8bee4faf9f1e67678d45b7cd8c350d04e95baeead6b79c4cff607556fb7129,cf8bee4faf9f1e67678d45b7cd8c350d04e95baeead6b79c4cff607556fb7129,True,0
test,45,1085,1421,cf8bee4faf9f1e67678d45b7cd8c350d04e95baeead6b79c4cff607556fb7129,False,0,4488,4488,cf8bee4faf9f1e67678d45b7cd8c350d04e95baeead6b79c4cff607556fb7129,cf8bee4faf9f1e67678d45b7cd8c350d04e95baeead6b79c4cff607556fb7129,True,0
test,46,166,2617,cf8bee4faf9f1e67678d45b7cd8c350d04e95baeead6b79c4cff607556fb7129,False,0,4488,4488,cf8bee4faf9f1e67678d45b7cd8c350d04e95baeead6b79c4cff607556fb7129,cf8bee4faf9f1e67678d45b7cd8c350d04e95baeead6b79c4cff607556fb7129,True,0
test,47,1856,2045,cf8bee4faf9f1e67678d45b7cd8c350d04e95baeead6b79c4cff607556fb7129,False,0,4488,4488,cf8bee4faf9f1e67678d45b7cd8c350d04e95baeead6b79c4cff607556fb7129,cf8bee4faf9f1e67678d45b7cd8c350d04e95baeead6b79c4cff607556fb7129,True,0
test,48,307,991,cf8bee4faf9f1e67678d45b7cd8c350d04e95baeead6b79c4cff607556fb7129,False,0,4488,4488,cf8bee4faf9f1e67678d45b7cd8c350d04e95baeead6b79c4cff607556fb7129,cf8bee4faf9f1e67678d45b7cd8c350d04e95baeead6b79c4cff607556fb7129,True,0
test,49,958,1798,cf8bee4faf9f1e67678d45b7cd8c350d04e95baeead6b79c4cff607556fb7129,False,0,4488,4488,cf8bee4faf9f1e67678d45b7cd8c350d04e95baeead6b79c4cff607556fb7129,cf8bee4faf9f1e67678d45b7cd8c350d04e95baeead6b79c4cff607556fb7129,True,0
test,50,1358,1568,cf8bee4faf9f1e67678d45b7cd8c350d04e95baeead6b79c4cff607556fb7129,False,0,4488,4488,cf8bee4faf9f1e67678d45b7cd8c350d04e95baeead6b79c4cff607556fb7129,cf8bee4faf9f1e67678d45b7cd8c350d04e95baeead6b79c4cff607556fb7129,True,0
test,51,1501,2228,cf8bee4faf9f1e67678d45b7cd8c350d04e95baeead6b79c4cff607556fb7129,False,0,4488,4488,cf8bee4faf9f1e67678d45b7cd8c350d04e95baeead6b79c4cff607556fb7129,cf8bee4faf9f1e67678d45b7cd8c350d04e95baeead6b79c4cff607556fb7129,True,0
test,52,14,2668,cf8bee4faf9f1e67678d45b7cd8c350d04e95baeead6b79c4cff607556fb7129,False,0,4488,4488,cf8bee4faf9f1e67678d45b7cd8c350d04e95baeead6b79c4cff607556fb7129,cf8bee4faf9f1e67678d45b7cd8c350d04e95baeead6b79c4cff607556fb7129,True,0
test,53,1038,1358,cf8bee4faf9f1e67678d45b7cd8c350d04e95baeead6b79c4cff607556fb7129,False,0,4488,4488,cf8bee4faf9f1e67678d45b7cd8c350d04e95baeead6b79c4cff607556fb7129,cf8bee4faf9f1e67678d45b7cd8c350d04e95baeead6b79c4cff607556fb7129,True,0
test,54,1385,2335,cf8bee4faf9f1e67678d45b7cd8c350d04e95baeead6b79c4cff607556fb7129,False,0,4488,4488,cf8bee4faf9f1e67678d45b7cd8c350d04e95baeead6b79c4cff607556fb7129,cf8bee4faf9f1e67678d45b7cd8c350d04e95baeead6b79c4cff607556fb7129,True,0
test,55,647,904,cf8bee4faf9f1e67678d45b7cd8c350d04e95baeead6b79c4cff607556fb7129,False,0,4488,4488,cf8bee4faf9f1e67678d45b7cd8c350d04e95baeead6b79c4cff607556fb7129,cf8bee4faf9f1e67678d45b7cd8c350d04e95baeead6b79c4cff607556fb7129,True,0
test,56,1849,1914,cf8bee4faf9f1e67678d45b7cd8c350d04e95baeead6b79c4cff607556fb7129,False,0,4488,4488,cf8bee4faf9f1e67678d45b7cd8c350d04e95baeead6b79c4cff607556fb7129,cf8bee4faf9f1e67678d45b7cd8c350d04e95baeead6b79c4cff607556fb7129,True,0
test,57,1773,1780,cf8bee4faf9f1e67678d45b7cd8c350d04e95baeead6b79c4cff607556fb7129,False,0,4488,4488,cf8bee4faf9f1e67678d45b7cd8c350d04e95baeead6b79c4cff607556fb7129,cf8bee4faf9f1e67678d45b7cd8c350d04e95baeead6b79c4cff607556fb7129,True,0
test,58,306,656,cf8bee4faf9f1e67678d45b7cd8c350d04e95baeead6b79c4cff607556fb7129,False,0,4488,4488,cf8bee4faf9f1e67678d45b7cd8c350d04e95baeead6b79c4cff607556fb7129,cf8bee4faf9f1e67678d45b7cd8c350d04e95baeead6b79c4cff607556fb7129,True,0
test,59,1351,1535,cf8bee4faf9f1e67678d45b7cd8c350d04e95baeead6b79c4cff607556fb7129,False,0,4488,4488,cf8bee4faf9f1e67678d45b7cd8c350d04e95baeead6b79c4cff607556fb7129,cf8bee4faf9f1e67678d45b7cd8c350d04e95baeead6b79c4cff607556fb7129,True,0
test,60,2457,2458,cf8bee4faf9f1e67678d45b7cd8c350d04e95baeead6b79c4cff607556fb7129,False,0,4488,4488,cf8bee4faf9f1e67678d45b7cd8c350d04e95baeead6b79c4cff607556fb7129,cf8bee4faf9f1e67678d45b7cd8c350d04e95baeead6b79c4cff607556fb7129,True,0
test,61,109,1805,cf8bee4faf9f1e67678d45b7cd8c350d04e95baeead6b79c4cff607556fb7129,False,0,4488,4488,cf8bee4faf9f1e67678d45b7cd8c350d04e95baeead6b79c4cff607556fb7129,cf8bee4faf9f1e67678d45b7cd8c350d04e95baeead6b79c4cff607556fb7129,True,0
test,62,907,1351,cf8bee4faf9f1e67678d45b7cd8c350d04e95baeead6b79c4cff607556fb7129,False,0,4488,4488,cf8bee4faf9f1e67678d45b7cd8c350d04e95baeead6b79c4cff607556fb7129,cf8bee4faf9f1e67678d45b7cd8c350d04e95baeead6b79c4cff607556fb7129,True,0
test,63,748,1617,cf8bee4faf9f1e67678d45b7cd8c350d04e95baeead6b79c4cff607556fb7129,False,0,4488,4488,cf8bee4faf9f1e67678d45b7cd8c350d04e95baeead6b79c4cff607556fb7129,cf8bee4faf9f1e67678d45b7cd8c350d04e95baeead6b79c4cff607556fb7129,True,0
test,64,1357,2170,cf8bee4faf9f1e67678d45b7cd8c350d04e95baeead6b79c4cff607556fb7129,False,0,4488,4488,cf8bee4faf9f1e67678d45b7cd8c350d04e95baeead6b79c4cff607556fb7129,cf8bee4faf9f1e67678d45b7cd8c350d04e95baeead6b79c4cff607556fb7129,True,0
test,65,645,1495,cf8bee4faf9f1e67678d45b7cd8c350d04e95baeead6b79c4cff607556fb7129,False,0,4488,4488,cf8bee4faf9f1e67678d45b7cd8c350d04e95baeead6b79c4cff607556fb7129,cf8bee4faf9f1e67678d45b7cd8c350d04e95baeead6b79c4cff607556fb7129,True,0
test,66,56,1849,cf8bee4faf9f1e67678d45b7cd8c350d04e95baeead6b79c4cff607556fb7129,False,0,4488,4488,cf8bee4faf9f1e67678d45b7cd8c350d04e95baeead6b79c4cff607556fb7129,cf8bee4faf9f1e67678d45b7cd8c350d04e95baeead6b79c4cff607556fb7129,True,0
test,67,743,1570,cf8bee4faf9f1e67678d45b7cd8c350d04e95baeead6b79c4cff607556fb7129,False,0,4488,4488,cf8bee4faf9f1e67678d45b7cd8c350d04e95baeead6b79c4cff607556fb7129,cf8bee4faf9f1e67678d45b7cd8c350d04e95baeead6b79c4cff607556fb7129,True,0
test,68,8,281,cf8bee4faf9f1e67678d45b7cd8c350d04e95baeead6b79c4cff607556fb7129,False,0,4488,4488,cf8bee4faf9f1e67678d45b7cd8c350d04e95baeead6b79c4cff607556fb7129,cf8bee4faf9f1e67678d45b7cd8c350d04e95baeead6b79c4cff607556fb7129,True,0
test,69,598,1301,cf8bee4faf9f1e67678d45b7cd8c350d04e95baeead6b79c4cff607556fb7129,False,0,4488,4488,cf8bee4faf9f1e67678d45b7cd8c350d04e95baeead6b79c4cff607556fb7129,cf8bee4faf9f1e67678d45b7cd8c350d04e95baeead6b79c4cff607556fb7129,True,0
test,70,1388,2181,cf8bee4faf9f1e67678d45b7cd8c350d04e95baeead6b79c4cff607556fb7129,False,0,4488,4488,cf8bee4faf9f1e67678d45b7cd8c350d04e95baeead6b79c4cff607556fb7129,cf8bee4faf9f1e67678d45b7cd8c350d04e95baeead6b79c4cff607556fb7129,True,0
test,71,1818,2305,cf8bee4faf9f1e67678d45b7cd8c350d04e95baeead6b79c4cff607556fb7129,False,0,4488,4488,cf8bee4faf9f1e67678d45b7cd8c350d04e95baeead6b79c4cff607556fb7129,cf8bee4faf9f1e67678d45b7cd8c350d04e95baeead6b79c4cff607556fb7129,True,0
test,72,2228,2394,cf8bee4faf9f1e67678d45b7cd8c350d04e95baeead6b79c4cff607556fb7129,False,0,4488,4488,cf8bee4faf9f1e67678d45b7cd8c350d04e95baeead6b79c4cff607556fb7129,cf8bee4faf9f1e67678d45b7cd8c350d04e95baeead6b79c4cff607556fb7129,True,0
test,73,2303,2541,cf8bee4faf9f1e67678d45b7cd8c350d04e95baeead6b79c4cff607556fb7129,False,0,4488,4488,cf8bee4faf9f1e67678d45b7cd8c350d04e95baeead6b79c4cff607556fb7129,cf8bee4faf9f1e67678d45b7cd8c350d04e95baeead6b79c4cff607556fb7129,True,0
test,74,661,1879,cf8bee4faf9f1e67678d45b7cd8c350d04e95baeead6b79c4cff607556fb7129,False,0,4488,4488,cf8bee4faf9f1e67678d45b7cd8c350d04e95baeead6b79c4cff607556fb7129,cf8bee4faf9f1e67678d45b7cd8c350d04e95baeead6b79c4cff607556fb7129,True,0
test,75,1395,2072,cf8bee4faf9f1e67678d45b7cd8c350d04e95baeead6b79c4cff607556fb7129,False,0,4488,4488,cf8bee4faf9f1e67678d45b7cd8c350d04e95baeead6b79c4cff607556fb7129,cf8bee4faf9f1e67678d45b7cd8c350d04e95baeead6b79c4cff607556fb7129,True,0
test,76,1091,2176,cf8bee4faf9f1e67678d45b7cd8c350d04e95baeead6b79c4cff607556fb7129,False,0,4488,4488,cf8bee4faf9f1e67678d45b7cd8c350d04e95baeead6b79c4cff607556fb7129,cf8bee4faf9f1e67678d45b7cd8c350d04e95baeead6b79c4cff607556fb7129,True,0
test,77,387,2191,cf8bee4faf9f1e67678d45b7cd8c350d04e95baeead6b79c4cff607556fb7129,False,0,4488,4488,cf8bee4faf9f1e67678d45b7cd8c350d04e95baeead6b79c4cff607556fb7129,cf8bee4faf9f1e67678d45b7cd8c350d04e95baeead6b79c4cff607556fb7129,True,0
test,78,1300,2508,cf8bee4faf9f1e67678d45b7cd8c350d04e95baeead6b79c4cff607556fb7129,False,0,4488,4488,cf8bee4faf9f1e67678d45b7cd8c350d04e95baeead6b79c4cff607556fb7129,cf8bee4faf9f1e67678d45b7cd8c350d04e95baeead6b79c4cff607556fb7129,True,0
test,79,926,1862,cf8bee4faf9f1e67678d45b7cd8c350d04e95baeead6b79c4cff607556fb7129,False,0,4488,4488,cf8bee4faf9f1e67678d45b7cd8c350d04e95baeead6b79c4cff607556fb7129,cf8bee4faf9f1e67678d45b7cd8c350d04e95baeead6b79c4cff607556fb7129,True,0
test,80,1125,2332,cf8bee4faf9f1e67678d45b7cd8c350d04e95baeead6b79c4cff607556fb7129,False,0,4488,4488,cf8bee4faf9f1e67678d45b7cd8c350d04e95baeead6b79c4cff607556fb7129,cf8bee4faf9f1e67678d45b7cd8c350d04e95baeead6b79c4cff607556fb7129,True,0
test,81,577,2351,cf8bee4faf9f1e67678d45b7cd8c350d04e95baeead6b79c4cff607556fb7129,False,0,4488,4488,cf8bee4faf9f1e67678d45b7cd8c350d04e95baeead6b79c4cff607556fb7129,cf8bee4faf9f1e67678d45b7cd8c350d04e95baeead6b79c4cff607556fb7129,True,0
test,82,45,2667,cf8bee4faf9f1e67678d45b7cd8c350d04e95baeead6b79c4cff607556fb7129,False,0,4488,4488,cf8bee4faf9f1e67678d45b7cd8c350d04e95baeead6b79c4cff607556fb7129,cf8bee4faf9f1e67678d45b7cd8c350d04e95baeead6b79c4cff607556fb7129,True,0
test,83,1273,2125,cf8bee4faf9f1e67678d45b7cd8c350d04e95baeead6b79c4cff607556fb7129,False,0,4488,4488,cf8bee4faf9f1e67678d45b7cd8c350d04e95baeead6b79c4cff607556fb7129,cf8bee4faf9f1e67678d45b7cd8c350d04e95baeead6b79c4cff607556fb7129,True,0
test,84,2045,2047,cf8bee4faf9f1e67678d45b7cd8c350d04e95baeead6b79c4cff607556fb7129,False,0,4488,4488,cf8bee4faf9f1e67678d45b7cd8c350d04e95baeead6b79c4cff607556fb7129,cf8bee4faf9f1e67678d45b7cd8c350d04e95baeead6b79c4cff607556fb7129,True,0
test,85,341,2045,cf8bee4faf9f1e67678d45b7cd8c350d04e95baeead6b79c4cff607556fb7129,False,0,4488,4488,cf8bee4faf9f1e67678d45b7cd8c350d04e95baeead6b79c4cff607556fb7129,cf8bee4faf9f1e67678d45b7cd8c350d04e95baeead6b79c4cff607556fb7129,True,0
test,86,6,1042,cf8bee4faf9f1e67678d45b7cd8c350d04e95baeead6b79c4cff607556fb7129,False,0,4488,4488,cf8bee4faf9f1e67678d45b7cd8c350d04e95baeead6b79c4cff607556fb7129,cf8bee4faf9f1e67678d45b7cd8c350d04e95baeead6b79c4cff607556fb7129,True,0
test,87,1920,1926,cf8bee4faf9f1e67678d45b7cd8c350d04e95baeead6b79c4cff607556fb7129,False,0,4488,4488,cf8bee4faf9f1e67678d45b7cd8c350d04e95baeead6b79c4cff607556fb7129,cf8bee4faf9f1e67678d45b7cd8c350d04e95baeead6b79c4cff607556fb7129,True,0
test,88,1568,1729,cf8bee4faf9f1e67678d45b7cd8c350d04e95baeead6b79c4cff607556fb7129,False,0,4488,4488,cf8bee4faf9f1e67678d45b7cd8c350d04e95baeead6b79c4cff607556fb7129,cf8bee4faf9f1e67678d45b7cd8c350d04e95baeead6b79c4cff607556fb7129,True,0
test,89,360,1824,cf8bee4faf9f1e67678d45b7cd8c350d04e95baeead6b79c4cff607556fb7129,False,0,4488,4488,cf8bee4faf9f1e67678d45b7cd8c350d04e95baeead6b79c4cff607556fb7129,cf8bee4faf9f1e67678d45b7cd8c350d04e95baeead6b79c4cff607556fb7129,True,0
test,90,482,2308,cf8bee4faf9f1e67678d45b7cd8c350d04e95baeead6b79c4cff607556fb7129,False,0,4488,4488,cf8bee4faf9f1e67678d45b7cd8c350d04e95baeead6b79c4cff607556fb7129,cf8bee4faf9f1e67678d45b7cd8c350d04e95baeead6b79c4cff607556fb7129,True,0
test,91,1522,1697,cf8bee4faf9f1e67678d45b7cd8c350d04e95baeead6b79c4cff607556fb7129,False,0,4488,4488,cf8bee4faf9f1e67678d45b7cd8c350d04e95baeead6b79c4cff607556fb7129,cf8bee4faf9f1e67678d45b7cd8c350d04e95baeead6b79c4cff607556fb7129,True,0
test,92,741,1088,cf8bee4faf9f1e67678d45b7cd8c350d04e95baeead6b79c4cff607556fb7129,False,0,4488,4488,cf8bee4faf9f1e67678d45b7cd8c350d04e95baeead6b79c4cff607556fb7129,cf8bee4faf9f1e67678d45b7cd8c350d04e95baeead6b79c4cff607556fb7129,True,0
test,93,1191,1558,cf8bee4faf9f1e67678d45b7cd8c350d04e95baeead6b79c4cff607556fb7129,False,0,4488,4488,cf8bee4faf9f1e67678d45b7cd8c350d04e95baeead6b79c4cff607556fb7129,cf8bee4faf9f1e67678d45b7cd8c350d04e95baeead6b79c4cff607556fb7129,True,0
test,94,306,2078,cf8bee4faf9f1e67678d45b7cd8c350d04e95baeead6b79c4cff607556fb7129,False,0,4488,4488,cf8bee4faf9f1e67678d45b7cd8c350d04e95baeead6b79c4cff607556fb7129,cf8bee4faf9f1e67678d45b7cd8c350d04e95baeead6b79c4cff607556fb7129,True,0
test,95,86,2295,cf8bee4faf9f1e67678d45b7cd8c350d04e95baeead6b79c4cff607556fb7129,False,0,4488,4488,cf8bee4faf9f1e67678d45b7cd8c350d04e95baeead6b79c4cff607556fb7129,cf8bee4faf9f1e67678d45b7cd8c350d04e95baeead6b79c4cff607556fb7129,True,0
test,96,364,1632,cf8bee4faf9f1e67678d45b7cd8c350d04e95baeead6b79c4cff607556fb7129,False,0,4488,4488,cf8bee4faf9f1e67678d45b7cd8c350d04e95baeead6b79c4cff607556fb7129,cf8bee4faf9f1e67678d45b7cd8c350d04e95baeead6b79c4cff607556fb7129,True,0
test,97,1358,1742,cf8bee4faf9f1e67678d45b7cd8c350d04e95baeead6b79c4cff607556fb7129,False,0,4488,4488,cf8bee4faf9f1e67678d45b7cd8c350d04e95baeead6b79c4cff607556fb7129,cf8bee4faf9f1e67678d45b7cd8c350d04e95baeead6b79c4cff607556fb7129,True,0
test,98,109,176,cf8bee4faf9f1e67678d45b7cd8c350d04e95baeead6b79c4cff607556fb7129,False,0,4488,4488,cf8bee4faf9f1e67678d45b7cd8c350d04e95baeead6b79c4cff607556fb7129,cf8bee4faf9f1e67678d45b7cd8c350d04e95baeead6b79c4cff607556fb7129,True,0
test,99,52,2053,cf8bee4faf9f1e67678d45b7cd8c350d04e95baeead6b79c4cff607556fb7129,False,0,4488,4488,cf8bee4faf9f1e67678d45b7cd8c350d04e95baeead6b79c4cff607556fb7129,cf8bee4faf9f1e67678d45b7cd8c350d04e95baeead6b79c4cff607556fb7129,True,0
test,100,1240,2237,cf8bee4faf9f1e67678d45b7cd8c350d04e95baeead6b79c4cff607556fb7129,False,0,4488,4488,cf8bee4faf9f1e67678d45b7cd8c350d04e95baeead6b79c4cff607556fb7129,cf8bee4faf9f1e67678d45b7cd8c350d04e95baeead6b79c4cff607556fb7129,True,0
test,101,779,1370,cf8bee4faf9f1e67678d45b7cd8c350d04e95baeead6b79c4cff607556fb7129,False,0,4488,4488,cf8bee4faf9f1e67678d45b7cd8c350d04e95baeead6b79c4cff607556fb7129,cf8bee4faf9f1e67678d45b7cd8c350d04e95baeead6b79c4cff607556fb7129,True,0
test,102,2509,2519,cf8bee4faf9f1e67678d45b7cd8c350d04e95baeead6b79c4cff607556fb7129,False,0,4488,4488,cf8bee4faf9f1e67678d45b7cd8c350d04e95baeead6b79c4cff607556fb7129,cf8bee4faf9f1e67678d45b7cd8c350d04e95baeead6b79c4cff607556fb7129,True,0
test,103,71,1986,cf8bee4faf9f1e67678d45b7cd8c350d04e95baeead6b79c4cff607556fb7129,False,0,4488,4488,cf8bee4faf9f1e67678d45b7cd8c350d04e95baeead6b79c4cff607556fb7129,cf8bee4faf9f1e67678d45b7cd8c350d04e95baeead6b79c4cff607556fb7129,True,0
test,104,2139,2140,cf8bee4faf9f1e67678d45b7cd8c350d04e95baeead6b79c4cff607556fb7129,False,0,4488,4488,cf8bee4faf9f1e67678d45b7cd8c350d04e95baeead6b79c4cff607556fb7129,cf8bee4faf9f1e67678d45b7cd8c350d04e95baeead6b79c4cff607556fb7129,True,0
test,105,249,621,cf8bee4faf9f1e67678d45b7cd8c350d04e95baeead6b79c4cff607556fb7129,False,0,4488,4488,cf8bee4faf9f1e67678d45b7cd8c350d04e95baeead6b79c4cff607556fb7129,cf8bee4faf9f1e67678d45b7cd8c350d04e95baeead6b79c4cff607556fb7129,True,0
test,106,1194,1366,cf8bee4faf9f1e67678d45b7cd8c350d04e95baeead6b79c4cff607556fb7129,False,0,4488,4488,cf8bee4faf9f1e67678d45b7cd8c350d04e95baeead6b79c4cff607556fb7129,cf8bee4faf9f1e67678d45b7cd8c350d04e95baeead6b79c4cff607556fb7129,True,0
test,107,963,2400,cf8bee4faf9f1e67678d45b7cd8c350d04e95baeead6b79c4cff607556fb7129,False,0,4488,4488,cf8bee4faf9f1e67678d45b7cd8c350d04e95baeead6b79c4cff607556fb7129,cf8bee4faf9f1e67678d45b7cd8c350d04e95baeead6b79c4cff607556fb7129,True,0
test,108,649,1457,cf8bee4faf9f1e67678d45b7cd8c350d04e95baeead6b79c4cff607556fb7129,False,0,4488,4488,cf8bee4faf9f1e67678d45b7cd8c350d04e95baeead6b79c4cff607556fb7129,cf8bee4faf9f1e67678d45b7cd8c350d04e95baeead6b79c4cff607556fb7129,True,0
test,109,873,1358,cf8bee4faf9f1e67678d45b7cd8c350d04e95baeead6b79c4cff607556fb7129,False,0,4488,4488,cf8bee4faf9f1e67678d45b7cd8c350d04e95baeead6b79c4cff607556fb7129,cf8bee4faf9f1e67678d45b7cd8c350d04e95baeead6b79c4cff607556fb7129,True,0
test,110,152,2238,cf8bee4faf9f1e67678d45b7cd8c350d04e95baeead6b79c4cff607556fb7129,False,0,4488,4488,cf8bee4faf9f1e67678d45b7cd8c350d04e95baeead6b79c4cff607556fb7129,cf8bee4faf9f1e67678d45b7cd8c350d04e95baeead6b79c4cff607556fb7129,True,0
test,111,438,1985,cf8bee4faf9f1e67678d45b7cd8c350d04e95baeead6b79c4cff607556fb7129,False,0,4488,4488,cf8bee4faf9f1e67678d45b7cd8c350d04e95baeead6b79c4cff607556fb7129,cf8bee4faf9f1e67678d45b7cd8c350d04e95baeead6b79c4cff607556fb7129,True,0
test,112,241,1441,cf8bee4faf9f1e67678d45b7cd8c350d04e95baeead6b79c4cff607556fb7129,False,0,4488,4488,cf8bee4faf9f1e67678d45b7cd8c350d04e95baeead6b79c4cff607556fb7129,cf8bee4faf9f1e67678d45b7cd8c350d04e95baeead6b79c4cff607556fb7129,True,0
test,113,1013,1120,cf8bee4faf9f1e67678d45b7cd8c350d04e95baeead6b79c4cff607556fb7129,False,0,4488,4488,cf8bee4faf9f1e67678d45b7cd8c350d04e95baeead6b79c4cff607556fb7129,cf8bee4faf9f1e67678d45b7cd8c350d04e95baeead6b79c4cff607556fb7129,True,0
test,114,315,1602,cf8bee4faf9f1e67678d45b7cd8c350d04e95baeead6b79c4cff607556fb7129,False,0,4488,4488,cf8bee4faf9f1e67678d45b7cd8c350d04e95baeead6b79c4cff607556fb7129,cf8bee4faf9f1e67678d45b7cd8c350d04e95baeead6b79c4cff607556fb7129,True,0
test,115,889,1832,cf8bee4faf9f1e67678d45b7cd8c350d04e95baeead6b79c4cff607556fb7129,False,0,4488,4488,cf8bee4faf9f1e67678d45b7cd8c350d04e95baeead6b79c4cff607556fb7129,cf8bee4faf9f1e67678d45b7cd8c350d04e95baeead6b79c4cff607556fb7129,True,0
test,116,404,1170,cf8bee4faf9f1e67678d45b7cd8c350d04e95baeead6b79c4cff607556fb7129,False,0,4488,4488,cf8bee4faf9f1e67678d45b7cd8c350d04e95baeead6b79c4cff607556fb7129,cf8bee4faf9f1e67678d45b7cd8c350d04e95baeead6b79c4cff607556fb7129,True,0
test,117,154,1358,cf8bee4faf9f1e67678d45b7cd8c350d04e95baeead6b79c4cff607556fb7129,False,0,4488,4488,cf8bee4faf9f1e67678d45b7cd8c350d04e95baeead6b79c4cff607556fb7129,cf8bee4faf9f1e67678d45b7cd8c350d04e95baeead6b79c4cff607556fb7129,True,0
test,118,1623,1767,cf8bee4faf9f1e67678d45b7cd8c350d04e95baeead6b79c4cff607556fb7129,False,0,4488,4488,cf8bee4faf9f1e67678d45b7cd8c350d04e95baeead6b79c4cff607556fb7129,cf8bee4faf9f1e67678d45b7cd8c350d04e95baeead6b79c4cff607556fb7129,True,0
test,119,606,1666,cf8bee4faf9f1e67678d45b7cd8c350d04e95baeead6b79c4cff607556fb7129,False,0,4488,4488,cf8bee4faf9f1e67678d45b7cd8c350d04e95baeead6b79c4cff607556fb7129,cf8bee4faf9f1e67678d45b7cd8c350d04e95baeead6b79c4cff607556fb7129,True,0
test,120,155,1358,cf8bee4faf9f1e67678d45b7cd8c350d04e95baeead6b79c4cff607556fb7129,False,0,4488,4488,cf8bee4faf9f1e67678d45b7cd8c350d04e95baeead6b79c4cff607556fb7129,cf8bee4faf9f1e67678d45b7cd8c350d04e95baeead6b79c4cff607556fb7129,True,0
test,121,354,1803,cf8bee4faf9f1e67678d45b7cd8c350d04e95baeead6b79c4cff607556fb7129,False,0,4488,4488,cf8bee4faf9f1e67678d45b7cd8c350d04e95baeead6b79c4cff607556fb7129,cf8bee4faf9f1e67678d45b7cd8c350d04e95baeead6b79c4cff607556fb7129,True,0
test,122,738,2162,cf8bee4faf9f1e67678d45b7cd8c350d04e95baeead6b79c4cff607556fb7129,False,0,4488,4488,cf8bee4faf9f1e67678d45b7cd8c350d04e95baeead6b79c4cff607556fb7129,cf8bee4faf9f1e67678d45b7cd8c350d04e95baeead6b79c4cff607556fb7129,True,0
test,123,1421,1975,cf8bee4faf9f1e67678d45b7cd8c350d04e95baeead6b79c4cff607556fb7129,False,0,4488,4488,cf8bee4faf9f1e67678d45b7cd8c350d04e95baeead6b79c4cff607556fb7129,cf8bee4faf9f1e67678d45b7cd8c350d04e95baeead6b79c4cff607556fb7129,True,0
test,124,1844,2276,cf8bee4faf9f1e67678d45b7cd8c350d04e95baeead6b79c4cff607556fb7129,False,0,4488,4488,cf8bee4faf9f1e67678d45b7cd8c350d04e95baeead6b79c4cff607556fb7129,cf8bee4faf9f1e67678d45b7cd8c350d04e95baeead6b79c4cff607556fb7129,True,0
test,125,1526,1977,cf8bee4faf9f1e67678d45b7cd8c350d04e95baeead6b79c4cff607556fb7129,False,0,4488,4488,cf8bee4faf9f1e67678d45b7cd8c350d04e95baeead6b79c4cff607556fb7129,cf8bee4faf9f1e67678d45b7cd8c350d04e95baeead6b79c4cff607556fb7129,True,0
test,126,171,775,cf8bee4faf9f1e67678d45b7cd8c350d04e95baeead6b79c4cff607556fb7129,False,0,4488,4488,cf8bee4faf9f1e67678d45b7cd8c350d04e95baeead6b79c4cff607556fb7129,cf8bee4faf9f1e67678d45b7cd8c350d04e95baeead6b79c4cff607556fb7129,True,0
test,127,1752,1754,cf8bee4faf9f1e67678d45b7cd8c350d04e95baeead6b79c4cff607556fb7129,False,0,4488,4488,cf8bee4faf9f1e67678d45b7cd8c350d04e95baeead6b79c4cff607556fb7129,cf8bee4faf9f1e67678d45b7cd8c350d04e95baeead6b79c4cff607556fb7129,True,0
test,128,331,2480,cf8bee4faf9f1e67678d45b7cd8c350d04e95baeead6b79c4cff607556fb7129,False,0,4488,4488,cf8bee4faf9f1e67678d45b7cd8c350d04e95baeead6b79c4cff607556fb7129,cf8bee4faf9f1e67678d45b7cd8c350d04e95baeead6b79c4cff607556fb7129,True,0
test,129,1015,1452,cf8bee4faf9f1e67678d45b7cd8c350d04e95baeead6b79c4cff607556fb7129,False,0,4488,4488,cf8bee4faf9f1e67678d45b7cd8c350d04e95baeead6b79c4cff607556fb7129,cf8bee4faf9f1e67678d45b7cd8c350d04e95baeead6b79c4cff607556fb7129,True,0
test,130,1206,2671,cf8bee4faf9f1e67678d45b7cd8c350d04e95baeead6b79c4cff607556fb7129,False,0,4488,4488,cf8bee4faf9f1e67678d45b7cd8c350d04e95baeead6b79c4cff607556fb7129,cf8bee4faf9f1e67678d45b7cd8c350d04e95baeead6b79c4cff607556fb7129,True,0
test,131,1136,1189,cf8bee4faf9f1e67678d45b7cd8c350d04e95baeead6b79c4cff607556fb7129,False,0,4488,4488,cf8bee4faf9f1e67678d45b7cd8c350d04e95baeead6b79c4cff607556fb7129,cf8bee4faf9f1e67678d45b7cd8c350d04e95baeead6b79c4cff607556fb7129,True,0
test,132,332,2122,cf8bee4faf9f1e67678d45b7cd8c350d04e95baeead6b79c4cff607556fb7129,False,0,4488,4488,cf8bee4faf9f1e67678d45b7cd8c350d04e95baeead6b79c4cff607556fb7129,cf8bee4faf9f1e67678d45b7cd8c350d04e95baeead6b79c4cff607556fb7129,True,0
test,133,306,2086,cf8bee4faf9f1e67678d45b7cd8c350d04e95baeead6b79c4cff607556fb7129,False,0,4488,4488,cf8bee4faf9f1e67678d45b7cd8c350d04e95baeead6b79c4cff607556fb7129,cf8bee4faf9f1e67678d45b7cd8c350d04e95baeead6b79c4cff607556fb7129,True,0
test,134,177,726,cf8bee4faf9f1e67678d45b7cd8c350d04e95baeead6b79c4cff607556fb7129,False,0,4488,4488,cf8bee4faf9f1e67678d45b7cd8c350d04e95baeead6b79c4cff607556fb7129,cf8bee4faf9f1e67678d45b7cd8c350d04e95baeead6b79c4cff607556fb7129,True,0
test,135,486,2668,cf8bee4faf9f1e67678d45b7cd8c350d04e95baeead6b79c4cff607556fb7129,False,0,4488,4488,cf8bee4faf9f1e67678d45b7cd8c350d04e95baeead6b79c4cff607556fb7129,cf8bee4faf9f1e67678d45b7cd8c350d04e95baeead6b79c4cff607556fb7129,True,0
test,136,242,2280,cf8bee4faf9f1e67678d45b7cd8c350d04e95baeead6b79c4cff607556fb7129,False,0,4488,4488,cf8bee4faf9f1e67678d45b7cd8c350d04e95baeead6b79c4cff607556fb7129,cf8bee4faf9f1e67678d45b7cd8c350d04e95baeead6b79c4cff607556fb7129,True,0
test,137,33,698,cf8bee4faf9f1e67678d45b7cd8c350d04e95baeead6b79c4cff607556fb7129,False,0,4488,4488,cf8bee4faf9f1e67678d45b7cd8c350d04e95baeead6b79c4cff607556fb7129,cf8bee4faf9f1e67678d45b7cd8c350d04e95baeead6b79c4cff607556fb7129,True,0
test,138,231,551,cf8bee4faf9f1e67678d45b7cd8c350d04e95baeead6b79c4cff607556fb7129,False,0,4488,4488,cf8bee4faf9f1e67678d45b7cd8c350d04e95baeead6b79c4cff607556fb7129,cf8bee4faf9f1e67678d45b7cd8c350d04e95baeead6b79c4cff607556fb7129,True,0
test,139,1026,1303,cf8bee4faf9f1e67678d45b7cd8c350d04e95baeead6b79c4cff607556fb7129,False,0,4488,4488,cf8bee4faf9f1e67678d45b7cd8c350d04e95baeead6b79c4cff607556fb7129,cf8bee4faf9f1e67678d45b7cd8c350d04e95baeead6b79c4cff607556fb7129,True,0
test,140,964,965,cf8bee4faf9f1e67678d45b7cd8c350d04e95baeead6b79c4cff607556fb7129,False,0,4488,4488,cf8bee4faf9f1e67678d45b7cd8c350d04e95baeead6b79c4cff607556fb7129,cf8bee4faf9f1e67678d45b7cd8c350d04e95baeead6b79c4cff607556fb7129,True,0
test,141,277,973,cf8bee4faf9f1e67678d45b7cd8c350d04e95baeead6b79c4cff607556fb7129,False,0,4488,4488,cf8bee4faf9f1e67678d45b7cd8c350d04e95baeead6b79c4cff607556fb7129,cf8bee4faf9f1e67678d45b7cd8c350d04e95baeead6b79c4cff607556fb7129,True,0
test,142,1289,1705,cf8bee4faf9f1e67678d45b7cd8c350d04e95baeead6b79c4cff607556fb7129,False,0,4488,4488,cf8bee4faf9f1e67678d45b7cd8c350d04e95baeead6b79c4cff607556fb7129,cf8bee4faf9f1e67678d45b7cd8c350d04e95baeead6b79c4cff607556fb7129,True,0
test,143,371,1354,cf8bee4faf9f1e67678d45b7cd8c350d04e95baeead6b79c4cff607556fb7129,False,0,4488,4488,cf8bee4faf9f1e67678d45b7cd8c350d04e95baeead6b79c4cff607556fb7129,cf8bee4faf9f1e67678d45b7cd8c350d04e95baeead6b79c4cff607556fb7129,True,0
test,144,372,1834,cf8bee4faf9f1e67678d45b7cd8c350d04e95baeead6b79c4cff607556fb7129,False,0,4488,4488,cf8bee4faf9f1e67678d45b7cd8c350d04e95baeead6b79c4cff607556fb7129,cf8bee4faf9f1e67678d45b7cd8c350d04e95baeead6b79c4cff607556fb7129,True,0
test,145,541,647,cf8bee4faf9f1e67678d45b7cd8c350d04e95baeead6b79c4cff607556fb7129,False,0,4488,4488,cf8bee4faf9f1e67678d45b7cd8c350d04e95baeead6b79c4cff607556fb7129,cf8bee4faf9f1e67678d45b7cd8c350d04e95baeead6b79c4cff607556fb7129,True,0
test,146,13,1701,cf8bee4faf9f1e67678d45b7cd8c350d04e95baeead6b79c4cff607556fb7129,False,0,4488,4488,cf8bee4faf9f1e67678d45b7cd8c350d04e95baeead6b79c4cff607556fb7129,cf8bee4faf9f1e67678d45b7cd8c350d04e95baeead6b79c4cff607556fb7129,True,0
test,147,210,1671,cf8bee4faf9f1e67678d45b7cd8c350d04e95baeead6b79c4cff607556fb7129,False,0,4488,4488,cf8bee4faf9f1e67678d45b7cd8c350d04e95baeead6b79c4cff607556fb7129,cf8bee4faf9f1e67678d45b7cd8c350d04e95baeead6b79c4cff607556fb7129,True,0
test,148,1709,1739,cf8bee4faf9f1e67678d45b7cd8c350d04e95baeead6b79c4cff607556fb7129,False,0,4488,4488,cf8bee4faf9f1e67678d45b7cd8c350d04e95baeead6b79c4cff607556fb7129,cf8bee4faf9f1e67678d45b7cd8c350d04e95baeead6b79c4cff607556fb7129,True,0
test,149,876,1358,cf8bee4faf9f1e67678d45b7cd8c350d04e95baeead6b79c4cff607556fb7129,False,0,4488,4488,cf8bee4faf9f1e67678d45b7cd8c350d04e95baeead6b79c4cff607556fb7129,cf8bee4faf9f1e67678d45b7cd8c350d04e95baeead6b79c4cff607556fb7129,True,0
test,150,725,1652,cf8bee4faf9f1e67678d45b7cd8c350d04e95baeead6b79c4cff607556fb7129,False,0,4488,4488,cf8bee4faf9f1e67678d45b7cd8c350d04e95baeead6b79c4cff607556fb7129,cf8bee4faf9f1e67678d45b7cd8c350d04e95baeead6b79c4cff607556fb7129,True,0
test,151,1624,1705,cf8bee4faf9f1e67678d45b7cd8c350d04e95baeead6b79c4cff607556fb7129,False,0,4488,4488,cf8bee4faf9f1e67678d45b7cd8c350d04e95baeead6b79c4cff607556fb7129,cf8bee4faf9f1e67678d45b7cd8c350d04e95baeead6b79c4cff607556fb7129,True,0
test,152,2382,2383,cf8bee4faf9f1e67678d45b7cd8c350d04e95baeead6b79c4cff607556fb7129,False,0,4488,4488,cf8bee4faf9f1e67678d45b7cd8c350d04e95baeead6b79c4cff607556fb7129,cf8bee4faf9f1e67678d45b7cd8c350d04e95baeead6b79c4cff607556fb7129,True,0
test,153,1257,2677,cf8bee4faf9f1e67678d45b7cd8c350d04e95baeead6b79c4cff607556fb7129,False,0,4488,4488,cf8bee4faf9f1e67678d45b7cd8c350d04e95baeead6b79c4cff607556fb7129,cf8bee4faf9f1e67678d45b7cd8c350d04e95baeead6b79c4cff607556fb7129,True,0
test,154,1282,1776,cf8bee4faf9f1e67678d45b7cd8c350d04e95baeead6b79c4cff607556fb7129,False,0,4488,4488,cf8bee4faf9f1e67678d45b7cd8c350d04e95baeead6b79c4cff607556fb7129,cf8bee4faf9f1e67678d45b7cd8c350d04e95baeead6b79c4cff607556fb7129,True,0
test,155,681,1445,cf8bee4faf9f1e67678d45b7cd8c350d04e95baeead6b79c4cff607556fb7129,False,0,4488,4488,cf8bee4faf9f1e67678d45b7cd8c350d04e95baeead6b79c4cff607556fb7129,cf8bee4faf9f1e67678d45b7cd8c350d04e95baeead6b79c4cff607556fb7129,True,0
test,156,513,1528,cf8bee4faf9f1e67678d45b7cd8c350d04e95baeead6b79c4cff607556fb7129,False,0,4488,4488,cf8bee4faf9f1e67678d45b7cd8c350d04e95baeead6b79c4cff607556fb7129,cf8bee4faf9f1e67678d45b7cd8c350d04e95baeead6b79c4cff607556fb7129,True,0
test,157,310,1950,cf8bee4faf9f1e67678d45b7cd8c350d04e95baeead6b79c4cff607556fb7129,False,0,4488,4488,cf8bee4faf9f1e67678d45b7cd8c350d04e95baeead6b79c4cff607556fb7129,cf8bee4faf9f1e67678d45b7cd8c350d04e95baeead6b79c4cff607556fb7129,True,0
test,158,88,696,cf8bee4faf9f1e67678d45b7cd8c350d04e95baeead6b79c4cff607556fb7129,False,0,4488,4488,cf8bee4faf9f1e67678d45b7cd8c350d04e95baeead6b79c4cff607556fb7129,cf8bee4faf9f1e67678d45b7cd8c350d04e95baeead6b79c4cff607556fb7129,True,0
test,159,832,2600,cf8bee4faf9f1e67678d45b7cd8c350d04e95baeead6b79c4cff607556fb7129,False,0,4488,4488,cf8bee4faf9f1e67678d45b7cd8c350d04e95baeead6b79c4cff607556fb7129,cf8bee4faf9f1e67678d45b7cd8c350d04e95baeead6b79c4cff607556fb7129,True,0
test,160,1731,1755,cf8bee4faf9f1e67678d45b7cd8c350d04e95baeead6b79c4cff607556fb7129,False,0,4488,4488,cf8bee4faf9f1e67678d45b7cd8c350d04e95baeead6b79c4cff607556fb7129,cf8bee4faf9f1e67678d45b7cd8c350d04e95baeead6b79c4cff607556fb7129,True,0
test,161,291,1692,cf8bee4faf9f1e67678d45b7cd8c350d04e95baeead6b79c4cff607556fb7129,False,0,4488,4488,cf8bee4faf9f1e67678d45b7cd8c350d04e95baeead6b79c4cff607556fb7129,cf8bee4faf9f1e67678d45b7cd8c350d04e95baeead6b79c4cff607556fb7129,True,0
test,162,876,2584,cf8bee4faf9f1e67678d45b7cd8c350d04e95baeead6b79c4cff607556fb7129,False,0,4488,4488,cf8bee4faf9f1e67678d45b7cd8c350d04e95baeead6b79c4cff607556fb7129,cf8bee4faf9f1e67678d45b7cd8c350d04e95baeead6b79c4cff607556fb7129,True,0
test,163,51,1392,cf8bee4faf9f1e67678d45b7cd8c350d04e95baeead6b79c4cff607556fb7129,False,0,4488,4488,cf8bee4faf9f1e67678d45b7cd8c350d04e95baeead6b79c4cff607556fb7129,cf8bee4faf9f1e67678d45b7cd8c350d04e95baeead6b79c4cff607556fb7129,True,0
test,164,1254,1308,cf8bee4faf9f1e67678d45b7cd8c350d04e95baeead6b79c4cff607556fb7129,False,0,4488,4488,cf8bee4faf9f1e67678d45b7cd8c350d04e95baeead6b79c4cff607556fb7129,cf8bee4faf9f1e67678d45b7cd8c350d04e95baeead6b79c4cff607556fb7129,True,0
test,165,124,306,cf8bee4faf9f1e67678d45b7cd8c350d04e95baeead6b79c4cff607556fb7129,False,0,4488,4488,cf8bee4faf9f1e67678d45b7cd8c350d04e95baeead6b79c4cff607556fb7129,cf8bee4faf9f1e67678d45b7cd8c350d04e95baeead6b79c4cff607556fb7129,True,0
test,166,571,696,cf8bee4faf9f1e67678d45b7cd8c350d04e95baeead6b79c4cff607556fb7129,False,0,4488,4488,cf8bee4faf9f1e67678d45b7cd8c350d04e95baeead6b79c4cff607556fb7129,cf8bee4faf9f1e67678d45b7cd8c350d04e95baeead6b79c4cff607556fb7129,True,0
test,167,426,1789,cf8bee4faf9f1e67678d45b7cd8c350d04e95baeead6b79c4cff607556fb7129,False,0,4488,4488,cf8bee4faf9f1e67678d45b7cd8c350d04e95baeead6b79c4cff607556fb7129,cf8bee4faf9f1e67678d45b7cd8c350d04e95baeead6b79c4cff607556fb7129,True,0
test,168,2001,2335,cf8bee4faf9f1e67678d45b7cd8c350d04e95baeead6b79c4cff607556fb7129,False,0,4488,4488,cf8bee4faf9f1e67678d45b7cd8c350d04e95baeead6b79c4cff607556fb7129,cf8bee4faf9f1e67678d45b7cd8c350d04e95baeead6b79c4cff607556fb7129,True,0
test,169,36,1552,cf8bee4faf9f1e67678d45b7cd8c350d04e95baeead6b79c4cff607556fb7129,False,0,4488,4488,cf8bee4faf9f1e67678d45b7cd8c350d04e95baeead6b79c4cff607556fb7129,cf8bee4faf9f1e67678d45b7cd8c350d04e95baeead6b79c4cff607556fb7129,True,0
test,170,217,2473,cf8bee4faf9f1e67678d45b7cd8c350d04e95baeead6b79c4cff607556fb7129,False,0,4488,4488,cf8bee4faf9f1e67678d45b7cd8c350d04e95baeead6b79c4cff607556fb7129,cf8bee4faf9f1e67678d45b7cd8c350d04e95baeead6b79c4cff607556fb7129,True,0
test,171,2164,2217,cf8bee4faf9f1e67678d45b7cd8c350d04e95baeead6b79c4cff607556fb7129,False,0,4488,4488,cf8bee4faf9f1e67678d45b7cd8c350d04e95baeead6b79c4cff607556fb7129,cf8bee4faf9f1e67678d45b7cd8c350d04e95baeead6b79c4cff607556fb7129,True,0
test,172,1701,1867,cf8bee4faf9f1e67678d45b7cd8c350d04e95baeead6b79c4cff607556fb7129,False,0,4488,4488,cf8bee4faf9f1e67678d45b7cd8c350d04e95baeead6b79c4cff607556fb7129,cf8bee4faf9f1e67678d45b7cd8c350d04e95baeead6b79c4cff607556fb7129,True,0
test,173,549,1497,cf8bee4faf9f1e67678d45b7cd8c350d04e95baeead6b79c4cff607556fb7129,False,0,4488,4488,cf8bee4faf9f1e67678d45b7cd8c350d04e95baeead6b79c4cff607556fb7129,cf8bee4faf9f1e67678d45b7cd8c350d04e95baeead6b79c4cff607556fb7129,True,0
test,174,308,1670,cf8bee4faf9f1e67678d45b7cd8c350d04e95baeead6b79c4cff607556fb7129,False,0,4488,4488,cf8bee4faf9f1e67678d45b7cd8c350d04e95baeead6b79c4cff607556fb7129,cf8bee4faf9f1e67678d45b7cd8c350d04e95baeead6b79c4cff607556fb7129,True,0
test,175,1102,2464,cf8bee4faf9f1e67678d45b7cd8c350d04e95baeead6b79c4cff607556fb7129,False,0,4488,4488,cf8bee4faf9f1e67678d45b7cd8c350d04e95baeead6b79c4cff607556fb7129,cf8bee4faf9f1e67678d45b7cd8c350d04e95baeead6b79c4cff607556fb7129,True,0
test,176,836,2078,cf8bee4faf9f1e67678d45b7cd8c350d04e95baeead6b79c4cff607556fb7129,False,0,4488,4488,cf8bee4faf9f1e67678d45b7cd8c350d04e95baeead6b79c4cff607556fb7129,cf8bee4faf9f1e67678d45b7cd8c350d04e95baeead6b79c4cff607556fb7129,True,0
test,177,1396,2394,cf8bee4faf9f1e67678d45b7cd8c350d04e95baeead6b79c4cff607556fb7129,False,0,4488,4488,cf8bee4faf9f1e67678d45b7cd8c350d04e95baeead6b79c4cff607556fb7129,cf8bee4faf9f1e67678d45b7cd8c350d04e95baeead6b79c4cff607556fb7129,True,0
test,178,294,306,cf8bee4faf9f1e67678d45b7cd8c350d04e95baeead6b79c4cff607556fb7129,False,0,4488,4488,cf8bee4faf9f1e67678d45b7cd8c350d04e95baeead6b79c4cff607556fb7129,cf8bee4faf9f1e67678d45b7cd8c350d04e95baeead6b79c4cff607556fb7129,True,0
test,179,1876,1986,cf8bee4faf9f1e67678d45b7cd8c350d04e95baeead6b79c4cff607556fb7129,False,0,4488,4488,cf8bee4faf9f1e67678d45b7cd8c350d04e95baeead6b79c4cff607556fb7129,cf8bee4faf9f1e67678d45b7cd8c350d04e95baeead6b79c4cff607556fb7129,True,0
test,180,561,1016,cf8bee4faf9f1e67678d45b7cd8c350d04e95baeead6b79c4cff607556fb7129,False,0,4488,4488,cf8bee4faf9f1e67678d45b7cd8c350d04e95baeead6b79c4cff607556fb7129,cf8bee4faf9f1e67678d45b7cd8c350d04e95baeead6b79c4cff607556fb7129,True,0
test,181,858,2182,cf8bee4faf9f1e67678d45b7cd8c350d04e95baeead6b79c4cff607556fb7129,False,0,4488,4488,cf8bee4faf9f1e67678d45b7cd8c350d04e95baeead6b79c4cff607556fb7129,cf8bee4faf9f1e67678d45b7cd8c350d04e95baeead6b79c4cff607556fb7129,True,0
test,182,151,2238,cf8bee4faf9f1e67678d45b7cd8c350d04e95baeead6b79c4cff607556fb7129,False,0,4488,4488,cf8bee4faf9f1e67678d45b7cd8c350d04e95baeead6b79c4cff607556fb7129,cf8bee4faf9f1e67678d45b7cd8c350d04e95baeead6b79c4cff607556fb7129,True,0
test,183,1171,1909,cf8bee4faf9f1e67678d45b7cd8c350d04e95baeead6b79c4cff607556fb7129,False,0,4488,4488,cf8bee4faf9f1e67678d45b7cd8c350d04e95baeead6b79c4cff607556fb7129,cf8bee4faf9f1e67678d45b7cd8c350d04e95baeead6b79c4cff607556fb7129,True,0
test,184,611,2690,cf8bee4faf9f1e67678d45b7cd8c350d04e95baeead6b79c4cff607556fb7129,False,0,4488,4488,cf8bee4faf9f1e67678d45b7cd8c350d04e95baeead6b79c4cff607556fb7129,cf8bee4faf9f1e67678d45b7cd8c350d04e95baeead6b79c4cff607556fb7129,True,0
test,185,1154,1358,cf8bee4faf9f1e67678d45b7cd8c350d04e95baeead6b79c4cff607556fb7129,False,0,4488,4488,cf8bee4faf9f1e67678d45b7cd8c350d04e95baeead6b79c4cff607556fb7129,cf8bee4faf9f1e67678d45b7cd8c350d04e95baeead6b79c4cff607556fb7129,True,0
test,186,541,1022,cf8bee4faf9f1e67678d45b7cd8c350d04e95baeead6b79c4cff607556fb7129,False,0,4488,4488,cf8bee4faf9f1e67678d45b7cd8c350d04e95baeead6b79c4cff607556fb7129,cf8bee4faf9f1e67678d45b7cd8c350d04e95baeead6b79c4cff607556fb7129,True,0
test,187,132,379,cf8bee4faf9f1e67678d45b7cd8c350d04e95baeead6b79c4cff607556fb7129,False,0,4488,4488,cf8bee4faf9f1e67678d45b7cd8c350d04e95baeead6b79c4cff607556fb7129,cf8bee4faf9f1e67678d45b7cd8c350d04e95baeead6b79c4cff607556fb7129,True,0
test,188,1203,1410,cf8bee4faf9f1e67678d45b7cd8c350d04e95baeead6b79c4cff607556fb7129,False,0,4488,4488,cf8bee4faf9f1e67678d45b7cd8c350d04e95baeead6b79c4cff607556fb7129,cf8bee4faf9f1e67678d45b7cd8c350d04e95baeead6b79c4cff607556fb7129,True,0
test,189,2151,2423,cf8bee4faf9f1e67678d45b7cd8c350d04e95baeead6b79c4cff607556fb7129,False,0,4488,4488,cf8bee4faf9f1e67678d45b7cd8c350d04e95baeead6b79c4cff607556fb7129,cf8bee4faf9f1e67678d45b7cd8c350d04e95baeead6b79c4cff607556fb7129,True,0
test,190,1641,2495,cf8bee4faf9f1e67678d45b7cd8c350d04e95baeead6b79c4cff607556fb7129,False,0,4488,4488,cf8bee4faf9f1e67678d45b7cd8c350d04e95baeead6b79c4cff607556fb7129,cf8bee4faf9f1e67678d45b7cd8c350d04e95baeead6b79c4cff607556fb7129,True,0
test,191,478,514,cf8bee4faf9f1e67678d45b7cd8c350d04e95baeead6b79c4cff607556fb7129,False,0,4488,4488,cf8bee4faf9f1e67678d45b7cd8c350d04e95baeead6b79c4cff607556fb7129,cf8bee4faf9f1e67678d45b7cd8c350d04e95baeead6b79c4cff607556fb7129,True,0
test,192,2471,2493,cf8bee4faf9f1e67678d45b7cd8c350d04e95baeead6b79c4cff607556fb7129,False,0,4488,4488,cf8bee4faf9f1e67678d45b7cd8c350d04e95baeead6b79c4cff607556fb7129,cf8bee4faf9f1e67678d45b7cd8c350d04e95baeead6b79c4cff607556fb7129,True,0
test,193,42,87,cf8bee4faf9f1e67678d45b7cd8c350d04e95baeead6b79c4cff607556fb7129,False,0,4488,4488,cf8bee4faf9f1e67678d45b7cd8c350d04e95baeead6b79c4cff607556fb7129,cf8bee4faf9f1e67678d45b7cd8c350d04e95baeead6b79c4cff607556fb7129,True,0
test,194,793,1902,cf8bee4faf9f1e67678d45b7cd8c350d04e95baeead6b79c4cff607556fb7129,False,0,4488,4488,cf8bee4faf9f1e67678d45b7cd8c350d04e95baeead6b79c4cff607556fb7129,cf8bee4faf9f1e67678d45b7cd8c350d04e95baeead6b79c4cff607556fb7129,True,0
test,195,30,738,cf8bee4faf9f1e67678d45b7cd8c350d04e95baeead6b79c4cff607556fb7129,False,0,4488,4488,cf8bee4faf9f1e67678d45b7cd8c350d04e95baeead6b79c4cff607556fb7129,cf8bee4faf9f1e67678d45b7cd8c350d04e95baeead6b79c4cff607556fb7129,True,0
test,196,424,436,cf8bee4faf9f1e67678d45b7cd8c350d04e95baeead6b79c4cff607556fb7129,False,0,4488,4488,cf8bee4faf9f1e67678d45b7cd8c350d04e95baeead6b79c4cff607556fb7129,cf8bee4faf9f1e67678d45b7cd8c350d04e95baeead6b79c4cff607556fb7129,True,0
test,197,417,1072,cf8bee4faf9f1e67678d45b7cd8c350d04e95baeead6b79c4cff607556fb7129,False,0,4488,4488,cf8bee4faf9f1e67678d45b7cd8c350d04e95baeead6b79c4cff607556fb7129,cf8bee4faf9f1e67678d45b7cd8c350d04e95baeead6b79c4cff607556fb7129,True,0
test,198,1675,1914,cf8bee4faf9f1e67678d45b7cd8c350d04e95baeead6b79c4cff607556fb7129,False,0,4488,4488,cf8bee4faf9f1e67678d45b7cd8c350d04e95baeead6b79c4cff607556fb7129,cf8bee4faf9f1e67678d45b7cd8c350d04e95baeead6b79c4cff607556fb7129,True,0
test,199,405,2059,cf8bee4faf9f1e67678d45b7cd8c350d04e95baeead6b79c4cff607556fb7129,False,0,4488,4488,cf8bee4faf9f1e67678d45b7cd8c350d04e95baeead6b79c4cff607556fb7129,cf8bee4faf9f1e67678d45b7cd8c350d04e95baeead6b79c4cff607556fb7129,True,0
test,200,1623,1769,cf8bee4faf9f1e67678d45b7cd8c350d04e95baeead6b79c4cff607556fb7129,False,0,4488,4488,cf8bee4faf9f1e67678d45b7cd8c350d04e95baeead6b79c4cff607556fb7129,cf8bee4faf9f1e67678d45b7cd8c350d04e95baeead6b79c4cff607556fb7129,True,0
test,201,1194,2670,cf8bee4faf9f1e67678d45b7cd8c350d04e95baeead6b79c4cff607556fb7129,False,0,4488,4488,cf8bee4faf9f1e67678d45b7cd8c350d04e95baeead6b79c4cff607556fb7129,cf8bee4faf9f1e67678d45b7cd8c350d04e95baeead6b79c4cff607556fb7129,True,0
test,202,85,2488,cf8bee4faf9f1e67678d45b7cd8c350d04e95baeead6b79c4cff607556fb7129,False,0,4488,4488,cf8bee4faf9f1e67678d45b7cd8c350d04e95baeead6b79c4cff607556fb7129,cf8bee4faf9f1e67678d45b7cd8c350d04e95baeead6b79c4cff607556fb7129,True,0
test,203,472,2029,cf8bee4faf9f1e67678d45b7cd8c350d04e95baeead6b79c4cff607556fb7129,False,0,4488,4488,cf8bee4faf9f1e67678d45b7cd8c350d04e95baeead6b79c4cff607556fb7129,cf8bee4faf9f1e67678d45b7cd8c350d04e95baeead6b79c4cff607556fb7129,True,0
test,204,267,2000,cf8bee4faf9f1e67678d45b7cd8c350d04e95baeead6b79c4cff607556fb7129,False,0,4488,4488,cf8bee4faf9f1e67678d45b7cd8c350d04e95baeead6b79c4cff607556fb7129,cf8bee4faf9f1e67678d45b7cd8c350d04e95baeead6b79c4cff607556fb7129,True,0
test,205,1889,1890,cf8bee4faf9f1e67678d45b7cd8c350d04e95baeead6b79c4cff607556fb7129,False,0,4488,4488,cf8bee4faf9f1e67678d45b7cd8c350d04e95baeead6b79c4cff607556fb7129,cf8bee4faf9f1e67678d45b7cd8c350d04e95baeead6b79c4cff607556fb7129,True,0
test,206,1134,2296,cf8bee4faf9f1e67678d45b7cd8c350d04e95baeead6b79c4cff607556fb7129,False,0,4488,4488,cf8bee4faf9f1e67678d45b7cd8c350d04e95baeead6b79c4cff607556fb7129,cf8bee4faf9f1e67678d45b7cd8c350d04e95baeead6b79c4cff607556fb7129,True,0
test,207,1635,2383,cf8bee4faf9f1e67678d45b7cd8c350d04e95baeead6b79c4cff607556fb7129,False,0,4488,4488,cf8bee4faf9f1e67678d45b7cd8c350d04e95baeead6b79c4cff607556fb7129,cf8bee4faf9f1e67678d45b7cd8c350d04e95baeead6b79c4cff607556fb7129,True,0
test,208,423,525,cf8bee4faf9f1e67678d45b7cd8c350d04e95baeead6b79c4cff607556fb7129,False,0,4488,4488,cf8bee4faf9f1e67678d45b7cd8c350d04e95baeead6b79c4cff607556fb7129,cf8bee4faf9f1e67678d45b7cd8c350d04e95baeead6b79c4cff607556fb7129,True,0
test,209,252,973,cf8bee4faf9f1e67678d45b7cd8c350d04e95baeead6b79c4cff607556fb7129,False,0,4488,4488,cf8bee4faf9f1e67678d45b7cd8c350d04e95baeead6b79c4cff607556fb7129,cf8bee4faf9f1e67678d45b7cd8c350d04e95baeead6b79c4cff607556fb7129,True,0
test,210,1224,1370,cf8bee4faf9f1e67678d45b7cd8c350d04e95baeead6b79c4cff607556fb7129,False,0,4488,4488,cf8bee4faf9f1e67678d45b7cd8c350d04e95baeead6b79c4cff607556fb7129,cf8bee4faf9f1e67678d45b7cd8c350d04e95baeead6b79c4cff607556fb7129,True,0
test,211,109,1772,cf8bee4faf9f1e67678d45b7cd8c350d04e95baeead6b79c4cff607556fb7129,False,0,4488,4488,cf8bee4faf9f1e67678d45b7cd8c350d04e95baeead6b79c4cff607556fb7129,cf8bee4faf9f1e67678d45b7cd8c350d04e95baeead6b79c4cff607556fb7129,True,0
test,212,402,776,cf8bee4faf9f1e67678d45b7cd8c350d04e95baeead6b79c4cff607556fb7129,False,0,4488,4488,cf8bee4faf9f1e67678d45b7cd8c350d04e95baeead6b79c4cff607556fb7129,cf8bee4faf9f1e67678d45b7cd8c350d04e95baeead6b79c4cff607556fb7129,True,0
test,213,1013,1293,cf8bee4faf9f1e67678d45b7cd8c350d04e95baeead6b79c4cff607556fb7129,False,0,4488,4488,cf8bee4faf9f1e67678d45b7cd8c350d04e95baeead6b79c4cff607556fb7129,cf8bee4faf9f1e67678d45b7cd8c350d04e95baeead6b79c4cff607556fb7129,True,0
test,214,560,2526,cf8bee4faf9f1e67678d45b7cd8c350d04e95baeead6b79c4cff607556fb7129,False,0,4488,4488,cf8bee4faf9f1e67678d45b7cd8c350d04e95baeead6b79c4cff607556fb7129,cf8bee4faf9f1e67678d45b7cd8c350d04e95baeead6b79c4cff607556fb7129,True,0
test,215,306,308,cf8bee4faf9f1e67678d45b7cd8c350d04e95baeead6b79c4cff607556fb7129,False,0,4488,4488,cf8bee4faf9f1e67678d45b7cd8c350d04e95baeead6b79c4cff607556fb7129,cf8bee4faf9f1e67678d45b7cd8c350d04e95baeead6b79c4cff607556fb7129,True,0
test,216,1142,2326,cf8bee4faf9f1e67678d45b7cd8c350d04e95baeead6b79c4cff607556fb7129,False,0,4488,4488,cf8bee4faf9f1e67678d45b7cd8c350d04e95baeead6b79c4cff607556fb7129,cf8bee4faf9f1e67678d45b7cd8c350d04e95baeead6b79c4cff607556fb7129,True,0
test,217,71,2691,cf8bee4faf9f1e67678d45b7cd8c350d04e95baeead6b79c4cff607556fb7129,False,0,4488,4488,cf8bee4faf9f1e67678d45b7cd8c350d04e95baeead6b79c4cff607556fb7129,cf8bee4faf9f1e67678d45b7cd8c350d04e95baeead6b79c4cff607556fb7129,True,0
test,218,460,1989,cf8bee4faf9f1e67678d45b7cd8c350d04e95baeead6b79c4cff607556fb7129,False,0,4488,4488,cf8bee4faf9f1e67678d45b7cd8c350d04e95baeead6b79c4cff607556fb7129,cf8bee4faf9f1e67678d45b7cd8c350d04e95baeead6b79c4cff607556fb7129,True,0
test,219,1531,1889,cf8bee4faf9f1e67678d45b7cd8c350d04e95baeead6b79c4cff607556fb7129,False,0,4488,4488,cf8bee4faf9f1e67678d45b7cd8c350d04e95baeead6b79c4cff607556fb7129,cf8bee4faf9f1e67678d45b7cd8c350d04e95baeead6b79c4cff607556fb7129,True,0
test,220,1070,1470,cf8bee4faf9f1e67678d45b7cd8c350d04e95baeead6b79c4cff607556fb7129,False,0,4488,4488,cf8bee4faf9f1e67678d45b7cd8c350d04e95baeead6b79c4cff607556fb7129,cf8bee4faf9f1e67678d45b7cd8c350d04e95baeead6b79c4cff607556fb7129,True,0
test,221,1399,2227,cf8bee4faf9f1e67678d45b7cd8c350d04e95baeead6b79c4cff607556fb7129,False,0,4488,4488,cf8bee4faf9f1e67678d45b7cd8c350d04e95baeead6b79c4cff607556fb7129,cf8bee4faf9f1e67678d45b7cd8c350d04e95baeead6b79c4cff607556fb7129,True,0
test,222,1920,2310,cf8bee4faf9f1e67678d45b7cd8c350d04e95baeead6b79c4cff607556fb7129,False,0,4488,4488,cf8bee4faf9f1e67678d45b7cd8c350d04e95baeead6b79c4cff607556fb7129,cf8bee4faf9f1e67678d45b7cd8c350d04e95baeead6b79c4cff607556fb7129,True,0
test,223,310,1241,cf8bee4faf9f1e67678d45b7cd8c350d04e95baeead6b79c4cff607556fb7129,False,0,4488,4488,cf8bee4faf9f1e67678d45b7cd8c350d04e95baeead6b79c4cff607556fb7129,cf8bee4faf9f1e67678d45b7cd8c350d04e95baeead6b79c4cff607556fb7129,True,0
test,224,653,1231,cf8bee4faf9f1e67678d45b7cd8c350d04e95baeead6b79c4cff607556fb7129,False,0,4488,4488,cf8bee4faf9f1e67678d45b7cd8c350d04e95baeead6b79c4cff607556fb7129,cf8bee4faf9f1e67678d45b7cd8c350d04e95baeead6b79c4cff607556fb7129,True,0
test,225,472,1182,cf8bee4faf9f1e67678d45b7cd8c350d04e95baeead6b79c4cff607556fb7129,False,0,4488,4488,cf8bee4faf9f1e67678d45b7cd8c350d04e95baeead6b79c4cff607556fb7129,cf8bee4faf9f1e67678d45b7cd8c350d04e95baeead6b79c4cff607556fb7129,True,0
test,226,634,2227,cf8bee4faf9f1e67678d45b7cd8c350d04e95baeead6b79c4cff607556fb7129,False,0,4488,4488,cf8bee4faf9f1e67678d45b7cd8c350d04e95baeead6b79c4cff607556fb7129,cf8bee4faf9f1e67678d45b7cd8c350d04e95baeead6b79c4cff607556fb7129,True,0
test,227,165,2706,cf8bee4faf9f1e67678d45b7cd8c350d04e95baeead6b79c4cff607556fb7129,False,0,4488,4488,cf8bee4faf9f1e67678d45b7cd8c350d04e95baeead6b79c4cff607556fb7129,cf8bee4faf9f1e67678d45b7cd8c350d04e95baeead6b79c4cff607556fb7129,True,0
test,228,1200,2414,cf8bee4faf9f1e67678d45b7cd8c350d04e95baeead6b79c4cff607556fb7129,False,0,4488,4488,cf8bee4faf9f1e67678d45b7cd8c350d04e95baeead6b79c4cff607556fb7129,cf8bee4faf9f1e67678d45b7cd8c350d04e95baeead6b79c4cff607556fb7129,True,0
test,229,839,965,cf8bee4faf9f1e67678d45b7cd8c350d04e95baeead6b79c4cff607556fb7129,False,0,4488,4488,cf8bee4faf9f1e67678d45b7cd8c350d04e95baeead6b79c4cff607556fb7129,cf8bee4faf9f1e67678d45b7cd8c350d04e95baeead6b79c4cff607556fb7129,True,0
test,230,456,2347,cf8bee4faf9f1e67678d45b7cd8c350d04e95baeead6b79c4cff607556fb7129,False,0,4488,4488,cf8bee4faf9f1e67678d45b7cd8c350d04e95baeead6b79c4cff607556fb7129,cf8bee4faf9f1e67678d45b7cd8c350d04e95baeead6b79c4cff607556fb7129,True,0
test,231,1224,1525,cf8bee4faf9f1e67678d45b7cd8c350d04e95baeead6b79c4cff607556fb7129,False,0,4488,4488,cf8bee4faf9f1e67678d45b7cd8c350d04e95baeead6b79c4cff607556fb7129,cf8bee4faf9f1e67678d45b7cd8c350d04e95baeead6b79c4cff607556fb7129,True,0
test,232,1725,2597,cf8bee4faf9f1e67678d45b7cd8c350d04e95baeead6b79c4cff607556fb7129,False,0,4488,4488,cf8bee4faf9f1e67678d45b7cd8c350d04e95baeead6b79c4cff607556fb7129,cf8bee4faf9f1e67678d45b7cd8c350d04e95baeead6b79c4cff607556fb7129,True,0
test,233,186,1672,cf8bee4faf9f1e67678d45b7cd8c350d04e95baeead6b79c4cff607556fb7129,False,0,4488,4488,cf8bee4faf9f1e67678d45b7cd8c350d04e95baeead6b79c4cff607556fb7129,cf8bee4faf9f1e67678d45b7cd8c350d04e95baeead6b79c4cff607556fb7129,True,0
test,234,281,2247,cf8bee4faf9f1e67678d45b7cd8c350d04e95baeead6b79c4cff607556fb7129,False,0,4488,4488,cf8bee4faf9f1e67678d45b7cd8c350d04e95baeead6b79c4cff607556fb7129,cf8bee4faf9f1e67678d45b7cd8c350d04e95baeead6b79c4cff607556fb7129,True,0
test,235,1148,1317,cf8bee4faf9f1e67678d45b7cd8c350d04e95baeead6b79c4cff607556fb7129,False,0,4488,4488,cf8bee4faf9f1e67678d45b7cd8c350d04e95baeead6b79c4cff607556fb7129,cf8bee4faf9f1e67678d45b7cd8c350d04e95baeead6b79c4cff607556fb7129,True,0
test,236,2221,2507,cf8bee4faf9f1e67678d45b7cd8c350d04e95baeead6b79c4cff607556fb7129,False,0,4488,4488,cf8bee4faf9f1e67678d45b7cd8c350d04e95baeead6b79c4cff607556fb7129,cf8bee4faf9f1e67678d45b7cd8c350d04e95baeead6b79c4cff607556fb7129,True,0
test,237,2247,2543,cf8bee4faf9f1e67678d45b7cd8c350d04e95baeead6b79c4cff607556fb7129,False,0,4488,4488,cf8bee4faf9f1e67678d45b7cd8c350d04e95baeead6b79c4cff607556fb7129,cf8bee4faf9f1e67678d45b7cd8c350d04e95baeead6b79c4cff607556fb7129,True,0
test,238,676,1955,cf8bee4faf9f1e67678d45b7cd8c350d04e95baeead6b79c4cff607556fb7129,False,0,4488,4488,cf8bee4faf9f1e67678d45b7cd8c350d04e95baeead6b79c4cff607556fb7129,cf8bee4faf9f1e67678d45b7cd8c350d04e95baeead6b79c4cff607556fb7129,True,0
test,239,1072,1725,cf8bee4faf9f1e67678d45b7cd8c350d04e95baeead6b79c4cff607556fb7129,False,0,4488,4488,cf8bee4faf9f1e67678d45b7cd8c350d04e95baeead6b79c4cff607556fb7129,cf8bee4faf9f1e67678d45b7cd8c350d04e95baeead6b79c4cff607556fb7129,True,0
test,240,764,1358,cf8bee4faf9f1e67678d45b7cd8c350d04e95baeead6b79c4cff607556fb7129,False,0,4488,4488,cf8bee4faf9f1e67678d45b7cd8c350d04e95baeead6b79c4cff607556fb7129,cf8bee4faf9f1e67678d45b7cd8c350d04e95baeead6b79c4cff607556fb7129,True,0
test,241,639,900,cf8bee4faf9f1e67678d45b7cd8c350d04e95baeead6b79c4cff607556fb7129,False,0,4488,4488,cf8bee4faf9f1e67678d45b7cd8c350d04e95baeead6b79c4cff607556fb7129,cf8bee4faf9f1e67678d45b7cd8c350d04e95baeead6b79c4cff607556fb7129,True,0
test,242,1901,2284,cf8bee4faf9f1e67678d45b7cd8c350d04e95baeead6b79c4cff607556fb7129,False,0,4488,4488,cf8bee4faf9f1e67678d45b7cd8c350d04e95baeead6b79c4cff607556fb7129,cf8bee4faf9f1e67678d45b7cd8c350d04e95baeead6b79c4cff607556fb7129,True,0
test,243,90,155,cf8bee4faf9f1e67678d45b7cd8c350d04e95baeead6b79c4cff607556fb7129,False,0,4488,4488,cf8bee4faf9f1e67678d45b7cd8c350d04e95baeead6b79c4cff607556fb7129,cf8bee4faf9f1e67678d45b7cd8c350d04e95baeead6b79c4cff607556fb7129,True,0
test,244,1037,2654,cf8bee4faf9f1e67678d45b7cd8c350d04e95baeead6b79c4cff607556fb7129,False,0,4488,4488,cf8bee4faf9f1e67678d45b7cd8c350d04e95baeead6b79c4cff607556fb7129,cf8bee4faf9f1e67678d45b7cd8c350d04e95baeead6b79c4cff607556fb7129,True,0
test,245,609,2448,cf8bee4faf9f1e67678d45b7cd8c350d04e95baeead6b79c4cff607556fb7129,False,0,4488,4488,cf8bee4faf9f1e67678d45b7cd8c350d04e95baeead6b79c4cff607556fb7129,cf8bee4faf9f1e67678d45b7cd8c350d04e95baeead6b79c4cff607556fb7129,True,0
test,246,454,1441,cf8bee4faf9f1e67678d45b7cd8c350d04e95baeead6b79c4cff607556fb7129,False,0,4488,4488,cf8bee4faf9f1e67678d45b7cd8c350d04e95baeead6b79c4cff607556fb7129,cf8bee4faf9f1e67678d45b7cd8c350d04e95baeead6b79c4cff607556fb7129,True,0
test,247,434,1524,cf8bee4faf9f1e67678d45b7cd8c350d04e95baeead6b79c4cff607556fb7129,False,0,4488,4488,cf8bee4faf9f1e67678d45b7cd8c350d04e95baeead6b79c4cff607556fb7129,cf8bee4faf9f1e67678d45b7cd8c350d04e95baeead6b79c4cff607556fb7129,True,0
test,248,1676,1914,cf8bee4faf9f1e67678d45b7cd8c350d04e95baeead6b79c4cff607556fb7129,False,0,4488,4488,cf8bee4faf9f1e67678d45b7cd8c350d04e95baeead6b79c4cff607556fb7129,cf8bee4faf9f1e67678d45b7cd8c350d04e95baeead6b79c4cff607556fb7129,True,0
test,249,449,2581,cf8bee4faf9f1e67678d45b7cd8c350d04e95baeead6b79c4cff607556fb7129,False,0,4488,4488,cf8bee4faf9f1e67678d45b7cd8c350d04e95baeead6b79c4cff607556fb7129,cf8bee4faf9f1e67678d45b7cd8c350d04e95baeead6b79c4cff607556fb7129,True,0
test,250,487,1773,cf8bee4faf9f1e67678d45b7cd8c350d04e95baeead6b79c4cff607556fb7129,False,0,4488,4488,cf8bee4faf9f1e67678d45b7cd8c350d04e95baeead6b79c4cff607556fb7129,cf8bee4faf9f1e67678d45b7cd8c350d04e95baeead6b79c4cff607556fb7129,True,0
test,251,666,1973,cf8bee4faf9f1e67678d45b7cd8c350d04e95baeead6b79c4cff607556fb7129,False,0,4488,4488,cf8bee4faf9f1e67678d45b7cd8c350d04e95baeead6b79c4cff607556fb7129,cf8bee4faf9f1e67678d45b7cd8c350d04e95baeead6b79c4cff607556fb7129,True,0
test,252,873,2313,cf8bee4faf9f1e67678d45b7cd8c350d04e95baeead6b79c4cff607556fb7129,False,0,4488,4488,cf8bee4faf9f1e67678d45b7cd8c350d04e95baeead6b79c4cff607556fb7129,cf8bee4faf9f1e67678d45b7cd8c350d04e95baeead6b79c4cff607556fb7129,True,0
test,253,1986,1991,cf8bee4faf9f1e67678d45b7cd8c350d04e95baeead6b79c4cff607556fb7129,False,0,4488,4488,cf8bee4faf9f1e67678d45b7cd8c350d04e95baeead6b79c4cff607556fb7129,cf8bee4faf9f1e67678d45b7cd8c350d04e95baeead6b79c4cff607556fb7129,True,0
test,254,210,1079,cf8bee4faf9f1e67678d45b7cd8c350d04e95baeead6b79c4cff607556fb7129,False,0,4488,4488,cf8bee4faf9f1e67678d45b7cd8c350d04e95baeead6b79c4cff607556fb7129,cf8bee4faf9f1e67678d45b7cd8c350d04e95baeead6b79c4cff607556fb7129,True,0
test,255,108,2157,cf8bee4faf9f1e67678d45b7cd8c350d04e95baeead6b79c4cff607556fb7129,False,0,4488,4488,cf8bee4faf9f1e67678d45b7cd8c350d04e95baeead6b79c4cff607556fb7129,cf8bee4faf9f1e67678d45b7cd8c350d04e95baeead6b79c4cff607556fb7129,True,0
test,256,534,609,cf8bee4faf9f1e67678d45b7cd8c350d04e95baeead6b79c4cff607556fb7129,False,0,4488,4488,cf8bee4faf9f1e67678d45b7cd8c350d04e95baeead6b79c4cff607556fb7129,cf8bee4faf9f1e67678d45b7cd8c350d04e95baeead6b79c4cff607556fb7129,True,0
test,257,1807,2034,cf8bee4faf9f1e67678d45b7cd8c350d04e95baeead6b79c4cff607556fb7129,False,0,4488,4488,cf8bee4faf9f1e67678d45b7cd8c350d04e95baeead6b79c4cff607556fb7129,cf8bee4faf9f1e67678d45b7cd8c350d04e95baeead6b79c4cff607556fb7129,True,0
test,258,1310,2692,cf8bee4faf9f1e67678d45b7cd8c350d04e95baeead6b79c4cff607556fb7129,False,0,4488,4488,cf8bee4faf9f1e67678d45b7cd8c350d04e95baeead6b79c4cff607556fb7129,cf8bee4faf9f1e67678d45b7cd8c350d04e95baeead6b79c4cff607556fb7129,True,0
test,259,201,1701,cf8bee4faf9f1e67678d45b7cd8c350d04e95baeead6b79c4cff607556fb7129,False,0,4488,4488,cf8bee4faf9f1e67678d45b7cd8c350d04e95baeead6b79c4cff607556fb7129,cf8bee4faf9f1e67678d45b7cd8c350d04e95baeead6b79c4cff607556fb7129,True,0
test,260,2075,2077,cf8bee4faf9f1e67678d45b7cd8c350d04e95baeead6b79c4cff607556fb7129,False,0,4488,4488,cf8bee4faf9f1e67678d45b7cd8c350d04e95baeead6b79c4cff607556fb7129,cf8bee4faf9f1e67678d45b7cd8c350d04e95baeead6b79c4cff607556fb7129,True,0
test,261,367,2451,cf8bee4faf9f1e67678d45b7cd8c350d04e95baeead6b79c4cff607556fb7129,False,0,4488,4488,cf8bee4faf9f1e67678d45b7cd8c350d04e95baeead6b79c4cff607556fb7129,cf8bee4faf9f1e67678d45b7cd8c350d04e95baeead6b79c4cff607556fb7129,True,0
test,262,40,1364,cf8bee4faf9f1e67678d45b7cd8c350d04e95baeead6b79c4cff607556fb7129,False,0,4488,4488,cf8bee4faf9f1e67678d45b7cd8c350d04e95baeead6b79c4cff607556fb7129,cf8bee4faf9f1e67678d45b7cd8c350d04e95baeead6b79c4cff607556fb7129,True,0
test,263,110,567,cf8bee4faf9f1e67678d45b7cd8c350d04e95baeead6b79c4cff607556fb7129,False,0,4488,4488,cf8bee4faf9f1e67678d45b7cd8c350d04e95baeead6b79c4cff607556fb7129,cf8bee4faf9f1e67678d45b7cd8c350d04e95baeead6b79c4cff607556fb7129,True,0
test,264,961,2555,cf8bee4faf9f1e67678d45b7cd8c350d04e95baeead6b79c4cff607556fb7129,False,0,4488,4488,cf8bee4faf9f1e67678d45b7cd8c350d04e95baeead6b79c4cff607556fb7129,cf8bee4faf9f1e67678d45b7cd8c350d04e95baeead6b79c4cff607556fb7129,True,0
test,265,444,2289,cf8bee4faf9f1e67678d45b7cd8c350d04e95baeead6b79c4cff607556fb7129,False,0,4488,4488,cf8bee4faf9f1e67678d45b7cd8c350d04e95baeead6b79c4cff607556fb7129,cf8bee4faf9f1e67678d45b7cd8c350d04e95baeead6b79c4cff607556fb7129,True,0
test,266,142,1628,cf8bee4faf9f1e67678d45b7cd8c350d04e95baeead6b79c4cff607556fb7129,False,0,4488,4488,cf8bee4faf9f1e67678d45b7cd8c350d04e95baeead6b79c4cff607556fb7129,cf8bee4faf9f1e67678d45b7cd8c350d04e95baeead6b79c4cff607556fb7129,True,0
test,267,290,1765,cf8bee4faf9f1e67678d45b7cd8c350d04e95baeead6b79c4cff607556fb7129,False,0,4488,4488,cf8bee4faf9f1e67678d45b7cd8c350d04e95baeead6b79c4cff607556fb7129,cf8bee4faf9f1e67678d45b7cd8c350d04e95baeead6b79c4cff607556fb7129,True,0
test,268,167,1056,cf8bee4faf9f1e67678d45b7cd8c350d04e95baeead6b79c4cff607556fb7129,False,0,4488,4488,cf8bee4faf9f1e67678d45b7cd8c350d04e95baeead6b79c4cff607556fb7129,cf8bee4faf9f1e67678d45b7cd8c350d04e95baeead6b79c4cff607556fb7129,True,0
test,269,353,1345,cf8bee4faf9f1e67678d45b7cd8c350d04e95baeead6b79c4cff607556fb7129,False,0,4488,4488,cf8bee4faf9f1e67678d45b7cd8c350d04e95baeead6b79c4cff607556fb7129,cf8bee4faf9f1e67678d45b7cd8c350d04e95baeead6b79c4cff607556fb7129,True,0
test,270,2304,2385,cf8bee4faf9f1e67678d45b7cd8c350d04e95baeead6b79c4cff607556fb7129,False,0,4488,4488,cf8bee4faf9f1e67678d45b7cd8c350d04e95baeead6b79c4cff607556fb7129,cf8bee4faf9f1e67678d45b7cd8c350d04e95baeead6b79c4cff607556fb7129,True,0
test,271,306,2080,cf8bee4faf9f1e67678d45b7cd8c350d04e95baeead6b79c4cff607556fb7129,False,0,4488,4488,cf8bee4faf9f1e67678d45b7cd8c350d04e95baeead6b79c4cff607556fb7129,cf8bee4faf9f1e67678d45b7cd8c350d04e95baeead6b79c4cff607556fb7129,True,0
test,272,918,1098,cf8bee4faf9f1e67678d45b7cd8c350d04e95baeead6b79c4cff607556fb7129,False,0,4488,4488,cf8bee4faf9f1e67678d45b7cd8c350d04e95baeead6b79c4cff607556fb7129,cf8bee4faf9f1e67678d45b7cd8c350d04e95baeead6b79c4cff607556fb7129,True,0
test,273,962,1809,cf8bee4faf9f1e67678d45b7cd8c350d04e95baeead6b79c4cff607556fb7129,False,0,4488,4488,cf8bee4faf9f1e67678d45b7cd8c350d04e95baeead6b79c4cff607556fb7129,cf8bee4faf9f1e67678d45b7cd8c350d04e95baeead6b79c4cff607556fb7129,True,0
test,274,1721,2476,cf8bee4faf9f1e67678d45b7cd8c350d04e95baeead6b79c4cff607556fb7129,False,0,4488,4488,cf8bee4faf9f1e67678d45b7cd8c350d04e95baeead6b79c4cff607556fb7129,cf8bee4faf9f1e67678d45b7cd8c350d04e95baeead6b79c4cff607556fb7129,True,0
test,275,347,408,cf8bee4faf9f1e67678d45b7cd8c350d04e95baeead6b79c4cff607556fb7129,False,0,4488,4488,cf8bee4faf9f1e67678d45b7cd8c350d04e95baeead6b79c4cff607556fb7129,cf8bee4faf9f1e67678d45b7cd8c350d04e95baeead6b79c4cff607556fb7129,True,0
test,276,526,1007,cf8bee4faf9f1e67678d45b7cd8c350d04e95baeead6b79c4cff607556fb7129,False,0,4488,4488,cf8bee4faf9f1e67678d45b7cd8c350d04e95baeead6b79c4cff607556fb7129,cf8bee4faf9f1e67678d45b7cd8c350d04e95baeead6b79c4cff607556fb7129,True,0
test,277,309,2305,cf8bee4faf9f1e67678d45b7cd8c350d04e95baeead6b79c4cff607556fb7129,False,0,4488,4488,cf8bee4faf9f1e67678d45b7cd8c350d04e95baeead6b79c4cff607556fb7129,cf8bee4faf9f1e67678d45b7cd8c350d04e95baeead6b79c4cff607556fb7129,True,0
test,278,717,1907,cf8bee4faf9f1e67678d45b7cd8c350d04e95baeead6b79c4cff607556fb7129,False,0,4488,4488,cf8bee4faf9f1e67678d45b7cd8c350d04e95baeead6b79c4cff607556fb7129,cf8bee4faf9f1e67678d45b7cd8c350d04e95baeead6b79c4cff607556fb7129,True,0
test,279,482,2230,cf8bee4faf9f1e67678d45b7cd8c350d04e95baeead6b79c4cff607556fb7129,False,0,4488,4488,cf8bee4faf9f1e67678d45b7cd8c350d04e95baeead6b79c4cff607556fb7129,cf8bee4faf9f1e67678d45b7cd8c350d04e95baeead6b79c4cff607556fb7129,True,0
test,280,1623,1772,cf8bee4faf9f1e67678d45b7cd8c350d04e95baeead6b79c4cff607556fb7129,False,0,4488,4488,cf8bee4faf9f1e67678d45b7cd8c350d04e95baeead6b79c4cff607556fb7129,cf8bee4faf9f1e67678d45b7cd8c350d04e95baeead6b79c4cff607556fb7129,True,0
test,281,870,1119,cf8bee4faf9f1e67678d45b7cd8c350d04e95baeead6b79c4cff607556fb7129,False,0,4488,4488,cf8bee4faf9f1e67678d45b7cd8c350d04e95baeead6b79c4cff607556fb7129,cf8bee4faf9f1e67678d45b7cd8c350d04e95baeead6b79c4cff607556fb7129,True,0
test,282,833,1678,cf8bee4faf9f1e67678d45b7cd8c350d04e95baeead6b79c4cff607556fb7129,False,0,4488,4488,cf8bee4faf9f1e67678d45b7cd8c350d04e95baeead6b79c4cff607556fb7129,cf8bee4faf9f1e67678d45b7cd8c350d04e95baeead6b79c4cff607556fb7129,True,0
test,283,1133,1500,cf8bee4faf9f1e67678d45b7cd8c350d04e95baeead6b79c4cff607556fb7129,False,0,4488,4488,cf8bee4faf9f1e67678d45b7cd8c350d04e95baeead6b79c4cff607556fb7129,cf8bee4faf9f1e67678d45b7cd8c350d04e95baeead6b79c4cff607556fb7129,True,0
test,284,733,862,cf8bee4faf9f1e67678d45b7cd8c350d04e95baeead6b79c4cff607556fb7129,False,0,4488,4488,cf8bee4faf9f1e67678d45b7cd8c350d04e95baeead6b79c4cff607556fb7129,cf8bee4faf9f1e67678d45b7cd8c350d04e95baeead6b79c4cff607556fb7129,True,0
test,285,1301,2140,cf8bee4faf9f1e67678d45b7cd8c350d04e95baeead6b79c4cff607556fb7129,False,0,4488,4488,cf8bee4faf9f1e67678d45b7cd8c350d04e95baeead6b79c4cff607556fb7129,cf8bee4faf9f1e67678d45b7cd8c350d04e95baeead6b79c4cff607556fb7129,True,0
test,286,551,2388,cf8bee4faf9f1e67678d45b7cd8c350d04e95baeead6b79c4cff607556fb7129,False,0,4488,4488,cf8bee4faf9f1e67678d45b7cd8c350d04e95baeead6b79c4cff607556fb7129,cf8bee4faf9f1e67678d45b7cd8c350d04e95baeead6b79c4cff607556fb7129,True,0
test,287,269,321,cf8bee4faf9f1e67678d45b7cd8c350d04e95baeead6b79c4cff607556fb7129,False,0,4488,4488,cf8bee4faf9f1e67678d45b7cd8c350d04e95baeead6b79c4cff607556fb7129,cf8bee4faf9f1e67678d45b7cd8c350d04e95baeead6b79c4cff607556fb7129,True,0
test,288,88,415,cf8bee4faf9f1e67678d45b7cd8c350d04e95baeead6b79c4cff607556fb7129,False,0,4488,4488,cf8bee4faf9f1e67678d45b7cd8c350d04e95baeead6b79c4cff607556fb7129,cf8bee4faf9f1e67678d45b7cd8c350d04e95baeead6b79c4cff607556fb7129,True,0
test,289,1955,2235,cf8bee4faf9f1e67678d45b7cd8c350d04e95baeead6b79c4cff607556fb7129,False,0,4488,4488,cf8bee4faf9f1e67678d45b7cd8c350d04e95baeead6b79c4cff607556fb7129,cf8bee4faf9f1e67678d45b7cd8c350d04e95baeead6b79c4cff607556fb7129,True,0
test,290,657,2522,cf8bee4faf9f1e67678d45b7cd8c350d04e95baeead6b79c4cff607556fb7129,False,0,4488,4488,cf8bee4faf9f1e67678d45b7cd8c350d04e95baeead6b79c4cff607556fb7129,cf8bee4faf9f1e67678d45b7cd8c350d04e95baeead6b79c4cff607556fb7129,True,0
test,291,901,1042,cf8bee4faf9f1e67678d45b7cd8c350d04e95baeead6b79c4cff607556fb7129,False,0,4488,4488,cf8bee4faf9f1e67678d45b7cd8c350d04e95baeead6b79c4cff607556fb7129,cf8bee4faf9f1e67678d45b7cd8c350d04e95baeead6b79c4cff607556fb7129,True,0
test,292,119,1549,cf8bee4faf9f1e67678d45b7cd8c350d04e95baeead6b79c4cff607556fb7129,False,0,4488,4488,cf8bee4faf9f1e67678d45b7cd8c350d04e95baeead6b79c4cff607556fb7129,cf8bee4faf9f1e67678d45b7cd8c350d04e95baeead6b79c4cff607556fb7129,True,0
test,293,482,1810,cf8bee4faf9f1e67678d45b7cd8c350d04e95baeead6b79c4cff607556fb7129,False,0,4488,4488,cf8bee4faf9f1e67678d45b7cd8c350d04e95baeead6b79c4cff607556fb7129,cf8bee4faf9f1e67678d45b7cd8c350d04e95baeead6b79c4cff607556fb7129,True,0
test,294,48,598,cf8bee4faf9f1e67678d45b7cd8c350d04e95baeead6b79c4cff607556fb7129,False,0,4488,4488,cf8bee4faf9f1e67678d45b7cd8c350d04e95baeead6b79c4cff607556fb7129,cf8bee4faf9f1e67678d45b7cd8c350d04e95baeead6b79c4cff607556fb7129,True,0
test,295,744,1154,cf8bee4faf9f1e67678d45b7cd8c350d04e95baeead6b79c4cff607556fb7129,False,0,4488,4488,cf8bee4faf9f1e67678d45b7cd8c350d04e95baeead6b79c4cff607556fb7129,cf8bee4faf9f1e67678d45b7cd8c350d04e95baeead6b79c4cff607556fb7129,True,0
test,296,1951,2206,cf8bee4faf9f1e67678d45b7cd8c350d04e95baeead6b79c4cff607556fb7129,False,0,4488,4488,cf8bee4faf9f1e67678d45b7cd8c350d04e95baeead6b79c4cff607556fb7129,cf8bee4faf9f1e67678d45b7cd8c350d04e95baeead6b79c4cff607556fb7129,True,0
test,297,537,1165,cf8bee4faf9f1e67678d45b7cd8c350d04e95baeead6b79c4cff607556fb7129,False,0,4488,4488,cf8bee4faf9f1e67678d45b7cd8c350d04e95baeead6b79c4cff607556fb7129,cf8bee4faf9f1e67678d45b7cd8c350d04e95baeead6b79c4cff607556fb7129,True,0
test,298,439,1169,cf8bee4faf9f1e67678d45b7cd8c350d04e95baeead6b79c4cff607556fb7129,False,0,4488,4488,cf8bee4faf9f1e67678d45b7cd8c350d04e95baeead6b79c4cff607556fb7129,cf8bee4faf9f1e67678d45b7cd8c350d04e95baeead6b79c4cff607556fb7129,True,0
test,299,649,1171,cf8bee4faf9f1e67678d45b7cd8c350d04e95baeead6b79c4cff607556fb7129,False,0,4488,4488,cf8bee4faf9f1e67678d45b7cd8c350d04e95baeead6b79c4cff607556fb7129,cf8bee4faf9f1e67678d45b7cd8c350d04e95baeead6b79c4cff607556fb7129,True,0
test,300,117,259,cf8bee4faf9f1e67678d45b7cd8c350d04e95baeead6b79c4cff607556fb7129,False,0,4488,4488,cf8bee4faf9f1e67678d45b7cd8c350d04e95baeead6b79c4cff607556fb7129,cf8bee4faf9f1e67678d45b7cd8c350d04e95baeead6b79c4cff607556fb7129,True,0
test,301,760,985,cf8bee4faf9f1e67678d45b7cd8c350d04e95baeead6b79c4cff607556fb7129,False,0,4488,4488,cf8bee4faf9f1e67678d45b7cd8c350d04e95baeead6b79c4cff607556fb7129,cf8bee4faf9f1e67678d45b7cd8c350d04e95baeead6b79c4cff607556fb7129,True,0
test,302,1724,2215,cf8bee4faf9f1e67678d45b7cd8c350d04e95baeead6b79c4cff607556fb7129,False,0,4488,4488,cf8bee4faf9f1e67678d45b7cd8c350d04e95baeead6b79c4cff607556fb7129,cf8bee4faf9f1e67678d45b7cd8c350d04e95baeead6b79c4cff607556fb7129,True,0
test,303,2181,2196,cf8bee4faf9f1e67678d45b7cd8c350d04e95baeead6b79c4cff607556fb7129,False,0,4488,4488,cf8bee4faf9f1e67678d45b7cd8c350d04e95baeead6b79c4cff607556fb7129,cf8bee4faf9f1e67678d45b7cd8c350d04e95baeead6b79c4cff607556fb7129,True,0
test,304,56,447,cf8bee4faf9f1e67678d45b7cd8c350d04e95baeead6b79c4cff607556fb7129,False,0,4488,4488,cf8bee4faf9f1e67678d45b7cd8c350d04e95baeead6b79c4cff607556fb7129,cf8bee4faf9f1e67678d45b7cd8c350d04e95baeead6b79c4cff607556fb7129,True,0
test,305,1061,1196,cf8bee4faf9f1e67678d45b7cd8c350d04e95baeead6b79c4cff607556fb7129,False,0,4488,4488,cf8bee4faf9f1e67678d45b7cd8c350d04e95baeead6b79c4cff607556fb7129,cf8bee4faf9f1e67678d45b7cd8c350d04e95baeead6b79c4cff607556fb7129,True,0
test,306,1131,1909,cf8bee4faf9f1e67678d45b7cd8c350d04e95baeead6b79c4cff607556fb7129,False,0,4488,4488,cf8bee4faf9f1e67678d45b7cd8c350d04e95baeead6b79c4cff607556fb7129,cf8bee4faf9f1e67678d45b7cd8c350d04e95baeead6b79c4cff607556fb7129,True,0
test,307,448,1826,cf8bee4faf9f1e67678d45b7cd8c350d04e95baeead6b79c4cff607556fb7129,False,0,4488,4488,cf8bee4faf9f1e67678d45b7cd8c350d04e95baeead6b79c4cff607556fb7129,cf8bee4faf9f1e67678d45b7cd8c350d04e95baeead6b79c4cff607556fb7129,True,0
test,308,133,1623,cf8bee4faf9f1e67678d45b7cd8c350d04e95baeead6b79c4cff607556fb7129,False,0,4488,4488,cf8bee4faf9f1e67678d45b7cd8c350d04e95baeead6b79c4cff607556fb7129,cf8bee4faf9f1e67678d45b7cd8c350d04e95baeead6b79c4cff607556fb7129,True,0
test,309,985,1073,cf8bee4faf9f1e67678d45b7cd8c350d04e95baeead6b79c4cff607556fb7129,False,0,4488,4488,cf8bee4faf9f1e67678d45b7cd8c350d04e95baeead6b79c4cff607556fb7129,cf8bee4faf9f1e67678d45b7cd8c350d04e95baeead6b79c4cff607556fb7129,True,0
test,310,701,2062,cf8bee4faf9f1e67678d45b7cd8c350d04e95baeead6b79c4cff607556fb7129,False,0,4488,4488,cf8bee4faf9f1e67678d45b7cd8c350d04e95baeead6b79c4cff607556fb7129,cf8bee4faf9f1e67678d45b7cd8c350d04e95baeead6b79c4cff607556fb7129,True,0
test,311,767,873,cf8bee4faf9f1e67678d45b7cd8c350d04e95baeead6b79c4cff607556fb7129,False,0,4488,4488,cf8bee4faf9f1e67678d45b7cd8c350d04e95baeead6b79c4cff607556fb7129,cf8bee4faf9f1e67678d45b7cd8c350d04e95baeead6b79c4cff607556fb7129,True,0
test,312,1712,1725,cf8bee4faf9f1e67678d45b7cd8c350d04e95baeead6b79c4cff607556fb7129,False,0,4488,4488,cf8bee4faf9f1e67678d45b7cd8c350d04e95baeead6b79c4cff607556fb7129,cf8bee4faf9f1e67678d45b7cd8c350d04e95baeead6b79c4cff607556fb7129,True,0
test,313,6,373,cf8bee4faf9f1e67678d45b7cd8c350d04e95baeead6b79c4cff607556fb7129,False,0,4488,4488,cf8bee4faf9f1e67678d45b7cd8c350d04e95baeead6b79c4cff607556fb7129,cf8bee4faf9f1e67678d45b7cd8c350d04e95baeead6b79c4cff607556fb7129,True,0
test,314,1463,2133,cf8bee4faf9f1e67678d45b7cd8c350d04e95baeead6b79c4cff607556fb7129,False,0,4488,4488,cf8bee4faf9f1e67678d45b7cd8c350d04e95baeead6b79c4cff607556fb7129,cf8bee4faf9f1e67678d45b7cd8c350d04e95baeead6b79c4cff607556fb7129,True,0
test,315,229,1894,cf8bee4faf9f1e67678d45b7cd8c350d04e95baeead6b79c4cff607556fb7129,False,0,4488,4488,cf8bee4faf9f1e67678d45b7cd8c350d04e95baeead6b79c4cff607556fb7129,cf8bee4faf9f1e67678d45b7cd8c350d04e95baeead6b79c4cff607556fb7129,True,0
test,316,1358,1745,cf8bee4faf9f1e67678d45b7cd8c350d04e95baeead6b79c4cff607556fb7129,False,0,4488,4488,cf8bee4faf9f1e67678d45b7cd8c350d04e95baeead6b79c4cff607556fb7129,cf8bee4faf9f1e67678d45b7cd8c350d04e95baeead6b79c4cff607556fb7129,True,0
test,317,1334,1542,cf8bee4faf9f1e67678d45b7cd8c350d04e95baeead6b79c4cff607556fb7129,False,0,4488,4488,cf8bee4faf9f1e67678d45b7cd8c350d04e95baeead6b79c4cff607556fb7129,cf8bee4faf9f1e67678d45b7cd8c350d04e95baeead6b79c4cff607556fb7129,True,0
test,318,442,2362,cf8bee4faf9f1e67678d45b7cd8c350d04e95baeead6b79c4cff607556fb7129,False,0,4488,4488,cf8bee4faf9f1e67678d45b7cd8c350d04e95baeead6b79c4cff607556fb7129,cf8bee4faf9f1e67678d45b7cd8c350d04e95baeead6b79c4cff607556fb7129,True,0
test,319,383,2268,cf8bee4faf9f1e67678d45b7cd8c350d04e95baeead6b79c4cff607556fb7129,False,0,4488,4488,cf8bee4faf9f1e67678d45b7cd8c350d04e95baeead6b79c4cff607556fb7129,cf8bee4faf9f1e67678d45b7cd8c350d04e95baeead6b79c4cff607556fb7129,True,0
test,320,525,1628,cf8bee4faf9f1e67678d45b7cd8c350d04e95baeead6b79c4cff607556fb7129,False,0,4488,4488,cf8bee4faf9f1e67678d45b7cd8c350d04e95baeead6b79c4cff607556fb7129,cf8bee4faf9f1e67678d45b7cd8c350d04e95baeead6b79c4cff607556fb7129,True,0
test,321,1899,1902,cf8bee4faf9f1e67678d45b7cd8c350d04e95baeead6b79c4cff607556fb7129,False,0,4488,4488,cf8bee4faf9f1e67678d45b7cd8c350d04e95baeead6b79c4cff607556fb7129,cf8bee4faf9f1e67678d45b7cd8c350d04e95baeead6b79c4cff607556fb7129,True,0
test,322,1986,2001,cf8bee4faf9f1e67678d45b7cd8c350d04e95baeead6b79c4cff607556fb7129,False,0,4488,4488,cf8bee4faf9f1e67678d45b7cd8c350d04e95baeead6b79c4cff607556fb7129,cf8bee4faf9f1e67678d45b7cd8c350d04e95baeead6b79c4cff607556fb7129,True,0
test,323,1358,1761,cf8bee4faf9f1e67678d45b7cd8c350d04e95baeead6b79c4cff607556fb7129,False,0,4488,4488,cf8bee4faf9f1e67678d45b7cd8c350d04e95baeead6b79c4cff607556fb7129,cf8bee4faf9f1e67678d45b7cd8c350d04e95baeead6b79c4cff607556fb7129,True,0
test,324,745,1986,cf8bee4faf9f1e67678d45b7cd8c350d04e95baeead6b79c4cff607556fb7129,False,0,4488,4488,cf8bee4faf9f1e67678d45b7cd8c350d04e95baeead6b79c4cff607556fb7129,cf8bee4faf9f1e67678d45b7cd8c350d04e95baeead6b79c4cff607556fb7129,True,0
test,325,32,518,cf8bee4faf9f1e67678d45b7cd8c350d04e95baeead6b79c4cff607556fb7129,False,0,4488,4488,cf8bee4faf9f1e67678d45b7cd8c350d04e95baeead6b79c4cff607556fb7129,cf8bee4faf9f1e67678d45b7cd8c350d04e95baeead6b79c4cff607556fb7129,True,0
test,326,1427,2446,cf8bee4faf9f1e67678d45b7cd8c350d04e95baeead6b79c4cff607556fb7129,False,0,4488,4488,cf8bee4faf9f1e67678d45b7cd8c350d04e95baeead6b79c4cff607556fb7129,cf8bee4faf9f1e67678d45b7cd8c350d04e95baeead6b79c4cff607556fb7129,True,0
test,327,368,428,cf8bee4faf9f1e67678d45b7cd8c350d04e95baeead6b79c4cff607556fb7129,False,0,4488,4488,cf8bee4faf9f1e67678d45b7cd8c350d04e95baeead6b79c4cff607556fb7129,cf8bee4faf9f1e67678d45b7cd8c350d04e95baeead6b79c4cff607556fb7129,True,0
test,328,47,163,cf8bee4faf9f1e67678d45b7cd8c350d04e95baeead6b79c4cff607556fb7129,False,0,4488,4488,cf8bee4faf9f1e67678d45b7cd8c350d04e95baeead6b79c4cff607556fb7129,cf8bee4faf9f1e67678d45b7cd8c350d04e95baeead6b79c4cff607556fb7129,True,0
test,329,1671,2137,cf8bee4faf9f1e67678d45b7cd8c350d04e95baeead6b79c4cff607556fb7129,False,0,4488,4488,cf8bee4faf9f1e67678d45b7cd8c350d04e95baeead6b79c4cff607556fb7129,cf8bee4faf9f1e67678d45b7cd8c350d04e95baeead6b79c4cff607556fb7129,True,0
test,330,710,2212,cf8bee4faf9f1e67678d45b7cd8c350d04e95baeead6b79c4cff607556fb7129,False,0,4488,4488,cf8bee4faf9f1e67678d45b7cd8c350d04e95baeead6b79c4cff607556fb7129,cf8bee4faf9f1e67678d45b7cd8c350d04e95baeead6b79c4cff607556fb7129,True,0
test,331,218,2119,cf8bee4faf9f1e67678d45b7cd8c350d04e95baeead6b79c4cff607556fb7129,False,0,4488,4488,cf8bee4faf9f1e67678d45b7cd8c350d04e95baeead6b79c4cff607556fb7129,cf8bee4faf9f1e67678d45b7cd8c350d04e95baeead6b79c4cff607556fb7129,True,0
test,332,441,1537,cf8bee4faf9f1e67678d45b7cd8c350d04e95baeead6b79c4cff607556fb7129,False,0,4488,4488,cf8bee4faf9f1e67678d45b7cd8c350d04e95baeead6b79c4cff607556fb7129,cf8bee4faf9f1e67678d45b7cd8c350d04e95baeead6b79c4cff607556fb7129,True,0
test,333,665,2122,cf8bee4faf9f1e67678d45b7cd8c350d04e95baeead6b79c4cff607556fb7129,False,0,4488,4488,cf8bee4faf9f1e67678d45b7cd8c350d04e95baeead6b79c4cff607556fb7129,cf8bee4faf9f1e67678d45b7cd8c350d04e95baeead6b79c4cff607556fb7129,True,0
test,334,325,1848,cf8bee4faf9f1e67678d45b7cd8c350d04e95baeead6b79c4cff607556fb7129,False,0,4488,4488,cf8bee4faf9f1e67678d45b7cd8c350d04e95baeead6b79c4cff607556fb7129,cf8bee4faf9f1e67678d45b7cd8c350d04e95baeead6b79c4cff607556fb7129,True,0
test,335,120,2405,cf8bee4faf9f1e67678d45b7cd8c350d04e95baeead6b79c4cff607556fb7129,False,0,4488,4488,cf8bee4faf9f1e67678d45b7cd8c350d04e95baeead6b79c4cff607556fb7129,cf8bee4faf9f1e67678d45b7cd8c350d04e95baeead6b79c4cff607556fb7129,True,0
test,336,1215,1894,cf8bee4faf9f1e67678d45b7cd8c350d04e95baeead6b79c4cff607556fb7129,False,0,4488,4488,cf8bee4faf9f1e67678d45b7cd8c350d04e95baeead6b79c4cff607556fb7129,cf8bee4faf9f1e67678d45b7cd8c350d04e95baeead6b79c4cff607556fb7129,True,0
test,337,1206,1257,cf8bee4faf9f1e67678d45b7cd8c350d04e95baeead6b79c4cff607556fb7129,False,0,4488,4488,cf8bee4faf9f1e67678d45b7cd8c350d04e95baeead6b79c4cff607556fb7129,cf8bee4faf9f1e67678d45b7cd8c350d04e95baeead6b79c4cff607556fb7129,True,0
test,338,50,1441,cf8bee4faf9f1e67678d45b7cd8c350d04e95baeead6b79c4cff607556fb7129,False,0,4488,4488,cf8bee4faf9f1e67678d45b7cd8c350d04e95baeead6b79c4cff607556fb7129,cf8bee4faf9f1e67678d45b7cd8c350d04e95baeead6b79c4cff607556fb7129,True,0
test,339,1185,1992,cf8bee4faf9f1e67678d45b7cd8c350d04e95baeead6b79c4cff607556fb7129,False,0,4488,4488,cf8bee4faf9f1e67678d45b7cd8c350d04e95baeead6b79c4cff607556fb7129,cf8bee4faf9f1e67678d45b7cd8c350d04e95baeead6b79c4cff607556fb7129,True,0
test,340,1090,2367,cf8bee4faf9f1e67678d45b7cd8c350d04e95baeead6b79c4cff607556fb7129,False,0,4488,4488,cf8bee4faf9f1e67678d45b7cd8c350d04e95baeead6b79c4cff607556fb7129,cf8bee4faf9f1e67678d45b7cd8c350d04e95baeead6b79c4cff607556fb7129,True,0
test,341,1041,2448,cf8bee4faf9f1e67678d45b7cd8c350d04e95baeead6b79c4cff607556fb7129,False,0,4488,4488,cf8bee4faf9f1e67678d45b7cd8c350d04e95baeead6b79c4cff607556fb7129,cf8bee4faf9f1e67678d45b7cd8c350d04e95baeead6b79c4cff607556fb7129,True,0
test,342,86,1336,cf8bee4faf9f1e67678d45b7cd8c350d04e95baeead6b79c4cff607556fb7129,False,0,4488,4488,cf8bee4faf9f1e67678d45b7cd8c350d04e95baeead6b79c4cff607556fb7129,cf8bee4faf9f1e67678d45b7cd8c350d04e95baeead6b79c4cff607556fb7129,True,0
test,343,1462,1663,cf8bee4faf9f1e67678d45b7cd8c350d04e95baeead6b79c4cff607556fb7129,False,0,4488,4488,cf8bee4faf9f1e67678d45b7cd8c350d04e95baeead6b79c4cff607556fb7129,cf8bee4faf9f1e67678d45b7cd8c350d04e95baeead6b79c4cff607556fb7129,True,0
test,344,542,1245,cf8bee4faf9f1e67678d45b7cd8c350d04e95baeead6b79c4cff607556fb7129,False,0,4488,4488,cf8bee4faf9f1e67678d45b7cd8c350d04e95baeead6b79c4cff607556fb7129,cf8bee4faf9f1e67678d45b7cd8c350d04e95baeead6b79c4cff607556fb7129,True,0
test,345,1224,1660,cf8bee4faf9f1e67678d45b7cd8c350d04e95baeead6b79c4cff607556fb7129,False,0,4488,4488,cf8bee4faf9f1e67678d45b7cd8c350d04e95baeead6b79c4cff607556fb7129,cf8bee4faf9f1e67678d45b7cd8c350d04e95baeead6b79c4cff607556fb7129,True,0
test,346,219,507,cf8bee4faf9f1e67678d45b7cd8c350d04e95baeead6b79c4cff607556fb7129,False,0,4488,4488,cf8bee4faf9f1e67678d45b7cd8c350d04e95baeead6b79c4cff607556fb7129,cf8bee4faf9f1e67678d45b7cd8c350d04e95baeead6b79c4cff607556fb7129,True,0
test,347,372,626,cf8bee4faf9f1e67678d45b7cd8c350d04e95baeead6b79c4cff607556fb7129,False,0,4488,4488,cf8bee4faf9f1e67678d45b7cd8c350d04e95baeead6b79c4cff607556fb7129,cf8bee4faf9f1e67678d45b7cd8c350d04e95baeead6b79c4cff607556fb7129,True,0
test,348,59,1725,cf8bee4faf9f1e67678d45b7cd8c350d04e95baeead6b79c4cff607556fb7129,False,0,4488,4488,cf8bee4faf9f1e67678d45b7cd8c350d04e95baeead6b79c4cff607556fb7129,cf8bee4faf9f1e67678d45b7cd8c350d04e95baeead6b79c4cff607556fb7129,True,0
test,349,1424,1621,cf8bee4faf9f1e67678d45b7cd8c350d04e95baeead6b79c4cff607556fb7129,False,0,4488,4488,cf8bee4faf9f1e67678d45b7cd8c350d04e95baeead6b79c4cff607556fb7129,cf8bee4faf9f1e67678d45b7cd8c350d04e95baeead6b79c4cff607556fb7129,True,0
test,350,868,2099,cf8bee4faf9f1e67678d45b7cd8c350d04e95baeead6b79c4cff607556fb7129,False,0,4488,4488,cf8bee4faf9f1e67678d45b7cd8c350d04e95baeead6b79c4cff607556fb7129,cf8bee4faf9f1e67678d45b7cd8c350d04e95baeead6b79c4cff607556fb7129,True,0
test,351,1281,1746,cf8bee4faf9f1e67678d45b7cd8c350d04e95baeead6b79c4cff607556fb7129,False,0,4488,4488,cf8bee4faf9f1e67678d45b7cd8c350d04e95baeead6b79c4cff607556fb7129,cf8bee4faf9f1e67678d45b7cd8c350d04e95baeead6b79c4cff607556fb7129,True,0
test,352,443,1264,cf8bee4faf9f1e67678d45b7cd8c350d04e95baeead6b79c4cff607556fb7129,False,0,4488,4488,cf8bee4faf9f1e67678d45b7cd8c350d04e95baeead6b79c4cff607556fb7129,cf8bee4faf9f1e67678d45b7cd8c350d04e95baeead6b79c4cff607556fb7129,True,0
test,353,807,1956,cf8bee4faf9f1e67678d45b7cd8c350d04e95baeead6b79c4cff607556fb7129,False,0,4488,4488,cf8bee4faf9f1e67678d45b7cd8c350d04e95baeead6b79c4cff607556fb7129,cf8bee4faf9f1e67678d45b7cd8c350d04e95baeead6b79c4cff607556fb7129,True,0
test,354,1204,1839,cf8bee4faf9f1e67678d45b7cd8c350d04e95baeead6b79c4cff607556fb7129,False,0,4488,4488,cf8bee4faf9f1e67678d45b7cd8c350d04e95baeead6b79c4cff607556fb7129,cf8bee4faf9f1e67678d45b7cd8c350d04e95baeead6b79c4cff607556fb7129,True,0
test,355,750,1441,cf8bee4faf9f1e67678d45b7cd8c350d04e95baeead6b79c4cff607556fb7129,False,0,4488,4488,cf8bee4faf9f1e67678d45b7cd8c350d04e95baeead6b79c4cff607556fb7129,cf8bee4faf9f1e67678d45b7cd8c350d04e95baeead6b79c4cff607556fb7129,True,0
test,356,2112,2436,cf8bee4faf9f1e67678d45b7cd8c350d04e95baeead6b79c4cff607556fb7129,False,0,4488,4488,cf8bee4faf9f1e67678d45b7cd8c350d04e95baeead6b79c4cff607556fb7129,cf8bee4faf9f1e67678d45b7cd8c350d04e95baeead6b79c4cff607556fb7129,True,0
test,357,624,1232,cf8bee4faf9f1e67678d45b7cd8c350d04e95baeead6b79c4cff607556fb7129,False,0,4488,4488,cf8bee4faf9f1e67678d45b7cd8c350d04e95baeead6b79c4cff607556fb7129,cf8bee4faf9f1e67678d45b7cd8c350d04e95baeead6b79c4cff607556fb7129,True,0
test,358,205,1701,cf8bee4faf9f1e67678d45b7cd8c350d04e95baeead6b79c4cff607556fb7129,False,0,4488,4488,cf8bee4faf9f1e67678d45b7cd8c350d04e95baeead6b79c4cff607556fb7129,cf8bee4faf9f1e67678d45b7cd8c350d04e95baeead6b79c4cff607556fb7129,True,0
test,359,921,1914,cf8bee4faf9f1e67678d45b7cd8c350d04e95baeead6b79c4cff607556fb7129,False,0,4488,4488,cf8bee4faf9f1e67678d45b7cd8c350d04e95baeead6b79c4cff607556fb7129,cf8bee4faf9f1e67678d45b7cd8c350d04e95baeead6b79c4cff607556fb7129,True,0
test,360,519,598,cf8bee4faf9f1e67678d45b7cd8c350d04e95baeead6b79c4cff607556fb7129,False,0,4488,4488,cf8bee4faf9f1e67678d45b7cd8c350d04e95baeead6b79c4cff607556fb7129,cf8bee4faf9f1e67678d45b7cd8c350d04e95baeead6b79c4cff607556fb7129,True,0
test,361,1515,2234,cf8bee4faf9f1e67678d45b7cd8c350d04e95baeead6b79c4cff607556fb7129,False,0,4488,4488,cf8bee4faf9f1e67678d45b7cd8c350d04e95baeead6b79c4cff607556fb7129,cf8bee4faf9f1e67678d45b7cd8c350d04e95baeead6b79c4cff607556fb7129,True,0
test,362,469,2412,cf8bee4faf9f1e67678d45b7cd8c350d04e95baeead6b79c4cff607556fb7129,False,0,4488,4488,cf8bee4faf9f1e67678d45b7cd8c350d04e95baeead6b79c4cff607556fb7129,cf8bee4faf9f1e67678d45b7cd8c350d04e95baeead6b79c4cff607556fb7129,True,0
test,363,64,1209,cf8bee4faf9f1e67678d45b7cd8c350d04e95baeead6b79c4cff607556fb7129,False,0,4488,4488,cf8bee4faf9f1e67678d45b7cd8c350d04e95baeead6b79c4cff607556fb7129,cf8bee4faf9f1e67678d45b7cd8c350d04e95baeead6b79c4cff607556fb7129,True,0
test,364,306,1779,cf8bee4faf9f1e67678d45b7cd8c350d04e95baeead6b79c4cff607556fb7129,False,0,4488,4488,cf8bee4faf9f1e67678d45b7cd8c350d04e95baeead6b79c4cff607556fb7129,cf8bee4faf9f1e67678d45b7cd8c350d04e95baeead6b79c4cff607556fb7129,True,0
test,365,1433,2359,cf8bee4faf9f1e67678d45b7cd8c350d04e95baeead6b79c4cff607556fb7129,False,0,4488,4488,cf8bee4faf9f1e67678d45b7cd8c350d04e95baeead6b79c4cff607556fb7129,cf8bee4faf9f1e67678d45b7cd8c350d04e95baeead6b79c4cff607556fb7129,True,0
test,366,1070,1358,cf8bee4faf9f1e67678d45b7cd8c350d04e95baeead6b79c4cff607556fb7129,False,0,4488,4488,cf8bee4faf9f1e67678d45b7cd8c350d04e95baeead6b79c4cff607556fb7129,cf8bee4faf9f1e67678d45b7cd8c350d04e95baeead6b79c4cff607556fb7129,True,0
test,367,1810,1812,cf8bee4faf9f1e67678d45b7cd8c350d04e95baeead6b79c4cff607556fb7129,False,0,4488,4488,cf8bee4faf9f1e67678d45b7cd8c350d04e95baeead6b79c4cff607556fb7129,cf8bee4faf9f1e67678d45b7cd8c350d04e95baeead6b79c4cff607556fb7129,True,0
test,368,695,1336,cf8bee4faf9f1e67678d45b7cd8c350d04e95baeead6b79c4cff607556fb7129,False,0,4488,4488,cf8bee4faf9f1e67678d45b7cd8c350d04e95baeead6b79c4cff607556fb7129,cf8bee4faf9f1e67678d45b7cd8c350d04e95baeead6b79c4cff607556fb7129,True,0
test,369,667,2364,cf8bee4faf9f1e67678d45b7cd8c350d04e95baeead6b79c4cff607556fb7129,False,0,4488,4488,cf8bee4faf9f1e67678d45b7cd8c350d04e95baeead6b79c4cff607556fb7129,cf8bee4faf9f1e67678d45b7cd8c350d04e95baeead6b79c4cff607556fb7129,True,0
test,370,945,2388,cf8bee4faf9f1e67678d45b7cd8c350d04e95baeead6b79c4cff607556fb7129,False,0,4488,4488,cf8bee4faf9f1e67678d45b7cd8c350d04e95baeead6b79c4cff607556fb7129,cf8bee4faf9f1e67678d45b7cd8c350d04e95baeead6b79c4cff607556fb7129,True,0
test,371,843,2542,cf8bee4faf9f1e67678d45b7cd8c350d04e95baeead6b79c4cff607556fb7129,False,0,4488,4488,cf8bee4faf9f1e67678d45b7cd8c350d04e95baeead6b79c4cff607556fb7129,cf8bee4faf9f1e67678d45b7cd8c350d04e95baeead6b79c4cff607556fb7129,True,0
test,372,1358,1713,cf8bee4faf9f1e67678d45b7cd8c350d04e95baeead6b79c4cff607556fb7129,False,0,4488,4488,cf8bee4faf9f1e67678d45b7cd8c350d04e95baeead6b79c4cff607556fb7129,cf8bee4faf9f1e67678d45b7cd8c350d04e95baeead6b79c4cff607556fb7129,True,0
test,373,905,1483,cf8bee4faf9f1e67678d45b7cd8c350d04e95baeead6b79c4cff607556fb7129,False,0,4488,4488,cf8bee4faf9f1e67678d45b7cd8c350d04e95baeead6b79c4cff607556fb7129,cf8bee4faf9f1e67678d45b7cd8c350d04e95baeead6b79c4cff607556fb7129,True,0
test,374,1059,1600,cf8bee4faf9f1e67678d45b7cd8c350d04e95baeead6b79c4cff607556fb7129,False,0,4488,4488,cf8bee4faf9f1e67678d45b7cd8c350d04e95baeead6b79c4cff607556fb7129,cf8bee4faf9f1e67678d45b7cd8c350d04e95baeead6b79c4cff607556fb7129,True,0
test,375,403,806,cf8bee4faf9f1e67678d45b7cd8c350d04e95baeead6b79c4cff607556fb7129,False,0,4488,4488,cf8bee4faf9f1e67678d45b7cd8c350d04e95baeead6b79c4cff607556fb7129,cf8bee4faf9f1e67678d45b7cd8c350d04e95baeead6b79c4cff607556fb7129,True,0
test,376,228,322,cf8bee4faf9f1e67678d45b7cd8c350d04e95baeead6b79c4cff607556fb7129,False,0,4488,4488,cf8bee4faf9f1e67678d45b7cd8c350d04e95baeead6b79c4cff607556fb7129,cf8bee4faf9f1e67678d45b7cd8c350d04e95baeead6b79c4cff607556fb7129,True,0
test,377,1148,2220,cf8bee4faf9f1e67678d45b7cd8c350d04e95baeead6b79c4cff607556fb7129,False,0,4488,4488,cf8bee4faf9f1e67678d45b7cd8c350d04e95baeead6b79c4cff607556fb7129,cf8bee4faf9f1e67678d45b7cd8c350d04e95baeead6b79c4cff607556fb7129,True,0
test,378,1317,1720,cf8bee4faf9f1e67678d45b7cd8c350d04e95baeead6b79c4cff607556fb7129,False,0,4488,4488,cf8bee4faf9f1e67678d45b7cd8c350d04e95baeead6b79c4cff607556fb7129,cf8bee4faf9f1e67678d45b7cd8c350d04e95baeead6b79c4cff607556fb7129,True,0
test,379,1553,1827,cf8bee4faf9f1e67678d45b7cd8c350d04e95baeead6b79c4cff607556fb7129,False,0,4488,4488,cf8bee4faf9f1e67678d45b7cd8c350d04e95baeead6b79c4cff607556fb7129,cf8bee4faf9f1e67678d45b7cd8c350d04e95baeead6b79c4cff607556fb7129,True,0
test,380,2147,2486,cf8bee4faf9f1e67678d45b7cd8c350d04e95baeead6b79c4cff607556fb7129,False,0,4488,4488,cf8bee4faf9f1e67678d45b7cd8c350d04e95baeead6b79c4cff607556fb7129,cf8bee4faf9f1e67678d45b7cd8c350d04e95baeead6b79c4cff607556fb7129,True,0
test,381,604,1914,cf8bee4faf9f1e67678d45b7cd8c350d04e95baeead6b79c4cff607556fb7129,False,0,4488,4488,cf8bee4faf9f1e67678d45b7cd8c350d04e95baeead6b79c4cff607556fb7129,cf8bee4faf9f1e67678d45b7cd8c350d04e95baeead6b79c4cff607556fb7129,True,0
test,382,2164,2282,cf8bee4faf9f1e67678d45b7cd8c350d04e95baeead6b79c4cff607556fb7129,False,0,4488,4488,cf8bee4faf9f1e67678d45b7cd8c350d04e95baeead6b79c4cff607556fb7129,cf8bee4faf9f1e67678d45b7cd8c350d04e95baeead6b79c4cff607556fb7129,True,0
test,383,1957,2630,cf8bee4faf9f1e67678d45b7cd8c350d04e95baeead6b79c4cff607556fb7129,False,0,4488,4488,cf8bee4faf9f1e67678d45b7cd8c350d04e95baeead6b79c4cff607556fb7129,cf8bee4faf9f1e67678d45b7cd8c350d04e95baeead6b79c4cff607556fb7129,True,0
test,384,1054,1432,cf8bee4faf9f1e67678d45b7cd8c350d04e95baeead6b79c4cff607556fb7129,False,0,4488,4488,cf8bee4faf9f1e67678d45b7cd8c350d04e95baeead6b79c4cff607556fb7129,cf8bee4faf9f1e67678d45b7cd8c350d04e95baeead6b79c4cff607556fb7129,True,0
test,385,289,1722,cf8bee4faf9f1e67678d45b7cd8c350d04e95baeead6b79c4cff607556fb7129,False,0,4488,4488,cf8bee4faf9f1e67678d45b7cd8c350d04e95baeead6b79c4cff607556fb7129,cf8bee4faf9f1e67678d45b7cd8c350d04e95baeead6b79c4cff607556fb7129,True,0
test,386,466,1305,cf8bee4faf9f1e67678d45b7cd8c350d04e95baeead6b79c4cff607556fb7129,False,0,4488,4488,cf8bee4faf9f1e67678d45b7cd8c350d04e95baeead6b79c4cff607556fb7129,cf8bee4faf9f1e67678d45b7cd8c350d04e95baeead6b79c4cff607556fb7129,True,0
test,387,1098,2067,cf8bee4faf9f1e67678d45b7cd8c350d04e95baeead6b79c4cff607556fb7129,False,0,4488,4488,cf8bee4faf9f1e67678d45b7cd8c350d04e95baeead6b79c4cff607556fb7129,cf8bee4faf9f1e67678d45b7cd8c350d04e95baeead6b79c4cff607556fb7129,True,0
test,388,981,1221,cf8bee4faf9f1e67678d45b7cd8c350d04e95baeead6b79c4cff607556fb7129,False,0,4488,4488,cf8bee4faf9f1e67678d45b7cd8c350d04e95baeead6b79c4cff607556fb7129,cf8bee4faf9f1e67678d45b7cd8c350d04e95baeead6b79c4cff607556fb7129,True,0
test,389,293,2038,cf8bee4faf9f1e67678d45b7cd8c350d04e95baeead6b79c4cff607556fb7129,False,0,4488,4488,cf8bee4faf9f1e67678d45b7cd8c350d04e95baeead6b79c4cff607556fb7129,cf8bee4faf9f1e67678d45b7cd8c350d04e95baeead6b79c4cff607556fb7129,True,0
test,390,1270,2034,cf8bee4faf9f1e67678d45b7cd8c350d04e95baeead6b79c4cff607556fb7129,False,0,4488,4488,cf8bee4faf9f1e67678d45b7cd8c350d04e95baeead6b79c4cff607556fb7129,cf8bee4faf9f1e67678d45b7cd8c350d04e95baeead6b79c4cff607556fb7129,True,0
test,391,618,938,cf8bee4faf9f1e67678d45b7cd8c350d04e95baeead6b79c4cff607556fb7129,False,0,4488,4488,cf8bee4faf9f1e67678d45b7cd8c350d04e95baeead6b79c4cff607556fb7129,cf8bee4faf9f1e67678d45b7cd8c350d04e95baeead6b79c4cff607556fb7129,True,0
test,392,1197,1791,cf8bee4faf9f1e67678d45b7cd8c350d04e95baeead6b79c4cff607556fb7129,False,0,4488,4488,cf8bee4faf9f1e67678d45b7cd8c350d04e95baeead6b79c4cff607556fb7129,cf8bee4faf9f1e67678d45b7cd8c350d04e95baeead6b79c4cff607556fb7129,True,0
test,393,1098,1477,cf8bee4faf9f1e67678d45b7cd8c350d04e95baeead6b79c4cff607556fb7129,False,0,4488,4488,cf8bee4faf9f1e67678d45b7cd8c350d04e95baeead6b79c4cff607556fb7129,cf8bee4faf9f1e67678d45b7cd8c350d04e95baeead6b79c4cff607556fb7129,True,0
test,394,266,809,cf8bee4faf9f1e67678d45b7cd8c350d04e95baeead6b79c4cff607556fb7129,False,0,4488,4488,cf8bee4faf9f1e67678d45b7cd8c350d04e95baeead6b79c4cff607556fb7129,cf8bee4faf9f1e67678d45b7cd8c350d04e95baeead6b79c4cff607556fb7129,True,0
test,395,131,2169,cf8bee4faf9f1e67678d45b7cd8c350d04e95baeead6b79c4cff607556fb7129,False,0,4488,4488,cf8bee4faf9f1e67678d45b7cd8c350d04e95baeead6b79c4cff607556fb7129,cf8bee4faf9f1e67678d45b7cd8c350d04e95baeead6b79c4cff607556fb7129,True,0
test,396,1147,2371,cf8bee4faf9f1e67678d45b7cd8c350d04e95baeead6b79c4cff607556fb7129,False,0,4488,4488,cf8bee4faf9f1e67678d45b7cd8c350d04e95baeead6b79c4cff607556fb7129,cf8bee4faf9f1e67678d45b7cd8c350d04e95baeead6b79c4cff607556fb7129,True,0
test,397,142,2181,cf8bee4faf9f1e67678d45b7cd8c350d04e95baeead6b79c4cff607556fb7129,False,0,4488,4488,cf8bee4faf9f1e67678d45b7cd8c350d04e95baeead6b79c4cff607556fb7129,cf8bee4faf9f1e67678d45b7cd8c350d04e95baeead6b79c4cff607556fb7129,True,0
test,398,1236,2479,cf8bee4faf9f1e67678d45b7cd8c350d04e95baeead6b79c4cff607556fb7129,False,0,4488,4488,cf8bee4faf9f1e67678d45b7cd8c350d04e95baeead6b79c4cff607556fb7129,cf8bee4faf9f1e67678d45b7cd8c350d04e95baeead6b79c4cff607556fb7129,True,0
test,399,18,2082,cf8bee4faf9f1e67678d45b7cd8c350d04e95baeead6b79c4cff607556fb7129,False,0,4488,4488,cf8bee4faf9f1e67678d45b7cd8c350d04e95baeead6b79c4cff607556fb7129,cf8bee4faf9f1e67678d45b7cd8c350d04e95baeead6b79c4cff607556fb7129,True,0
test,400,531,606,cf8bee4faf9f1e67678d45b7cd8c350d04e95baeead6b79c4cff607556fb7129,False,0,4488,4488,cf8bee4faf9f1e67678d45b7cd8c350d04e95baeead6b79c4cff607556fb7129,cf8bee4faf9f1e67678d45b7cd8c350d04e95baeead6b79c4cff607556fb7129,True,0
test,401,1682,2319,cf8bee4faf9f1e67678d45b7cd8c350d04e95baeead6b79c4cff607556fb7129,False,0,4488,4488,cf8bee4faf9f1e67678d45b7cd8c350d04e95baeead6b79c4cff607556fb7129,cf8bee4faf9f1e67678d45b7cd8c350d04e95baeead6b79c4cff607556fb7129,True,0
test,402,405,1275,cf8bee4faf9f1e67678d45b7cd8c350d04e95baeead6b79c4cff607556fb7129,False,0,4488,4488,cf8bee4faf9f1e67678d45b7cd8c350d04e95baeead6b79c4cff607556fb7129,cf8bee4faf9f1e67678d45b7cd8c350d04e95baeead6b79c4cff607556fb7129,True,0
test,403,429,2043,cf8bee4faf9f1e67678d45b7cd8c350d04e95baeead6b79c4cff607556fb7129,False,0,4488,4488,cf8bee4faf9f1e67678d45b7cd8c350d04e95baeead6b79c4cff607556fb7129,cf8bee4faf9f1e67678d45b7cd8c350d04e95baeead6b79c4cff607556fb7129,True,0
test,404,836,2403,cf8bee4faf9f1e67678d45b7cd8c350d04e95baeead6b79c4cff607556fb7129,False,0,4488,4488,cf8bee4faf9f1e67678d45b7cd8c350d04e95baeead6b79c4cff607556fb7129,cf8bee4faf9f1e67678d45b7cd8c350d04e95baeead6b79c4cff607556fb7129,True,0
test,405,2181,2202,cf8bee4faf9f1e67678d45b7cd8c350d04e95baeead6b79c4cff607556fb7129,False,0,4488,4488,cf8bee4faf9f1e67678d45b7cd8c350d04e95baeead6b79c4cff607556fb7129,cf8bee4faf9f1e67678d45b7cd8c350d04e95baeead6b79c4cff607556fb7129,True,0
test,406,296,2685,cf8bee4faf9f1e67678d45b7cd8c350d04e95baeead6b79c4cff607556fb7129,False,0,4488,4488,cf8bee4faf9f1e67678d45b7cd8c350d04e95baeead6b79c4cff607556fb7129,cf8bee4faf9f1e67678d45b7cd8c350d04e95baeead6b79c4cff607556fb7129,True,0
test,407,1701,1865,cf8bee4faf9f1e67678d45b7cd8c350d04e95baeead6b79c4cff607556fb7129,False,0,4488,4488,cf8bee4faf9f1e67678d45b7cd8c350d04e95baeead6b79c4cff607556fb7129,cf8bee4faf9f1e67678d45b7cd8c350d04e95baeead6b79c4cff607556fb7129,True,0
test,408,468,1311,cf8bee4faf9f1e67678d45b7cd8c350d04e95baeead6b79c4cff607556fb7129,False,0,4488,4488,cf8bee4faf9f1e67678d45b7cd8c350d04e95baeead6b79c4cff607556fb7129,cf8bee4faf9f1e67678d45b7cd8c350d04e95baeead6b79c4cff607556fb7129,True,0
test,409,577,2352,cf8bee4faf9f1e67678d45b7cd8c350d04e95baeead6b79c4cff607556fb7129,False,0,4488,4488,cf8bee4faf9f1e67678d45b7cd8c350d04e95baeead6b79c4cff607556fb7129,cf8bee4faf9f1e67678d45b7cd8c350d04e95baeead6b79c4cff607556fb7129,True,0
test,410,830,1914,cf8bee4faf9f1e67678d45b7cd8c350d04e95baeead6b79c4cff607556fb7129,False,0,4488,4488,cf8bee4faf9f1e67678d45b7cd8c350d04e95baeead6b79c4cff607556fb7129,cf8bee4faf9f1e67678d45b7cd8c350d04e95baeead6b79c4cff607556fb7129,True,0
test,411,1072,1801,cf8bee4faf9f1e67678d45b7cd8c350d04e95baeead6b79c4cff607556fb7129,False,0,4488,4488,cf8bee4faf9f1e67678d45b7cd8c350d04e95baeead6b79c4cff607556fb7129,cf8bee4faf9f1e67678d45b7cd8c350d04e95baeead6b79c4cff607556fb7129,True,0
test,412,57,2418,cf8bee4faf9f1e67678d45b7cd8c350d04e95baeead6b79c4cff607556fb7129,False,0,4488,4488,cf8bee4faf9f1e67678d45b7cd8c350d04e95baeead6b79c4cff607556fb7129,cf8bee4faf9f1e67678d45b7cd8c350d04e95baeead6b79c4cff607556fb7129,True,0
test,413,374,2147,cf8bee4faf9f1e67678d45b7cd8c350d04e95baeead6b79c4cff607556fb7129,False,0,4488,4488,cf8bee4faf9f1e67678d45b7cd8c350d04e95baeead6b79c4cff607556fb7129,cf8bee4faf9f1e67678d45b7cd8c350d04e95baeead6b79c4cff607556fb7129,True,0
test,414,380,930,cf8bee4faf9f1e67678d45b7cd8c350d04e95baeead6b79c4cff607556fb7129,False,0,4488,4488,cf8bee4faf9f1e67678d45b7cd8c350d04e95baeead6b79c4cff607556fb7129,cf8bee4faf9f1e67678d45b7cd8c350d04e95baeead6b79c4cff607556fb7129,True,0
test,415,1441,2272,cf8bee4faf9f1e67678d45b7cd8c350d04e95baeead6b79c4cff607556fb7129,False,0,4488,4488,cf8bee4faf9f1e67678d45b7cd8c350d04e95baeead6b79c4cff607556fb7129,cf8bee4faf9f1e67678d45b7cd8c350d04e95baeead6b79c4cff607556fb7129,True,0
test,416,2034,2042,cf8bee4faf9f1e67678d45b7cd8c350d04e95baeead6b79c4cff607556fb7129,False,0,4488,4488,cf8bee4faf9f1e67678d45b7cd8c350d04e95baeead6b79c4cff607556fb7129,cf8bee4faf9f1e67678d45b7cd8c350d04e95baeead6b79c4cff607556fb7129,True,0
test,417,302,1158,cf8bee4faf9f1e67678d45b7cd8c350d04e95baeead6b79c4cff607556fb7129,False,0,4488,4488,cf8bee4faf9f1e67678d45b7cd8c350d04e95baeead6b79c4cff607556fb7129,cf8bee4faf9f1e67678d45b7cd8c350d04e95baeead6b79c4cff607556fb7129,True,0
test,418,91,2380,cf8bee4faf9f1e67678d45b7cd8c350d04e95baeead6b79c4cff607556fb7129,False,0,4488,4488,cf8bee4faf9f1e67678d45b7cd8c350d04e95baeead6b79c4cff607556fb7129,cf8bee4faf9f1e67678d45b7cd8c350d04e95baeead6b79c4cff607556fb7129,True,0
test,419,651,2156,cf8bee4faf9f1e67678d45b7cd8c350d04e95baeead6b79c4cff607556fb7129,False,0,4488,4488,cf8bee4faf9f1e67678d45b7cd8c350d04e95baeead6b79c4cff607556fb7129,cf8bee4faf9f1e67678d45b7cd8c350d04e95baeead6b79c4cff607556fb7129,True,0
test,420,95,734,cf8bee4faf9f1e67678d45b7cd8c350d04e95baeead6b79c4cff607556fb7129,False,0,4488,4488,cf8bee4faf9f1e67678d45b7cd8c350d04e95baeead6b79c4cff607556fb7129,cf8bee4faf9f1e67678d45b7cd8c350d04e95baeead6b79c4cff607556fb7129,True,0
test,421,55,2020,cf8bee4faf9f1e67678d45b7cd8c350d04e95baeead6b79c4cff607556fb7129,False,0,4488,4488,cf8bee4faf9f1e67678d45b7cd8c350d04e95baeead6b79c4cff607556fb7129,cf8bee4faf9f1e67678d45b7cd8c350d04e95baeead6b79c4cff607556fb7129,True,0
test,422,1097,1115,cf8bee4faf9f1e67678d45b7cd8c350d04e95baeead6b79c4cff607556fb7129,False,0,4488,4488,cf8bee4faf9f1e67678d45b7cd8c350d04e95baeead6b79c4cff607556fb7129,cf8bee4faf9f1e67678d45b7cd8c350d04e95baeead6b79c4cff607556fb7129,True,0
test,423,513,565,cf8bee4faf9f1e67678d45b7cd8c350d04e95baeead6b79c4cff607556fb7129,False,0,4488,4488,cf8bee4faf9f1e67678d45b7cd8c350d04e95baeead6b79c4cff607556fb7129,cf8bee4faf9f1e67678d45b7cd8c350d04e95baeead6b79c4cff607556fb7129,True,0
test,424,1848,2419,cf8bee4faf9f1e67678d45b7cd8c350d04e95baeead6b79c4cff607556fb7129,False,0,4488,4488,cf8bee4faf9f1e67678d45b7cd8c350d04e95baeead6b79c4cff607556fb7129,cf8bee4faf9f1e67678d45b7cd8c350d04e95baeead6b79c4cff607556fb7129,True,0
test,425,596,644,cf8bee4faf9f1e67678d45b7cd8c350d04e95baeead6b79c4cff607556fb7129,False,0,4488,4488,cf8bee4faf9f1e67678d45b7cd8c350d04e95baeead6b79c4cff607556fb7129,cf8bee4faf9f1e67678d45b7cd8c350d04e95baeead6b79c4cff607556fb7129,True,0
test,426,1110,1224,cf8bee4faf9f1e67678d45b7cd8c350d04e95baeead6b79c4cff607556fb7129,False,0,4488,4488,cf8bee4faf9f1e67678d45b7cd8c350d04e95baeead6b79c4cff607556fb7129,cf8bee4faf9f1e67678d45b7cd8c350d04e95baeead6b79c4cff607556fb7129,True,0
test,427,458,1953,cf8bee4faf9f1e67678d45b7cd8c350d04e95baeead6b79c4cff607556fb7129,False,0,4488,4488,cf8bee4faf9f1e67678d45b7cd8c350d04e95baeead6b79c4cff607556fb7129,cf8bee4faf9f1e67678d45b7cd8c350d04e95baeead6b79c4cff607556fb7129,True,0
test,428,693,2108,cf8bee4faf9f1e67678d45b7cd8c350d04e95baeead6b79c4cff607556fb7129,False,0,4488,4488,cf8bee4faf9f1e67678d45b7cd8c350d04e95baeead6b79c4cff607556fb7129,cf8bee4faf9f1e67678d45b7cd8c350d04e95baeead6b79c4cff607556fb7129,True,0
test,429,1158,2251,cf8bee4faf9f1e67678d45b7cd8c350d04e95baeead6b79c4cff607556fb7129,False,0,4488,4488,cf8bee4faf9f1e67678d45b7cd8c350d04e95baeead6b79c4cff607556fb7129,cf8bee4faf9f1e67678d45b7cd8c350d04e95baeead6b79c4cff607556fb7129,True,0
test,430,2222,2225,cf8bee4faf9f1e67678d45b7cd8c350d04e95baeead6b79c4cff607556fb7129,False,0,4488,4488,cf8bee4faf9f1e67678d45b7cd8c350d04e95baeead6b79c4cff607556fb7129,cf8bee4faf9f1e67678d45b7cd8c350d04e95baeead6b79c4cff607556fb7129,True,0
test,431,303,1670,cf8bee4faf9f1e67678d45b7cd8c350d04e95baeead6b79c4cff607556fb7129,False,0,4488,4488,cf8bee4faf9f1e67678d45b7cd8c350d04e95baeead6b79c4cff607556fb7129,cf8bee4faf9f1e67678d45b7cd8c350d04e95baeead6b79c4cff607556fb7129,True,0
test,432,380,477,cf8bee4faf9f1e67678d45b7cd8c350d04e95baeead6b79c4cff607556fb7129,False,0,4488,4488,cf8bee4faf9f1e67678d45b7cd8c350d04e95baeead6b79c4cff607556fb7129,cf8bee4faf9f1e67678d45b7cd8c350d04e95baeead6b79c4cff607556fb7129,True,0
test,433,1757,2451,cf8bee4faf9f1e67678d45b7cd8c350d04e95baeead6b79c4cff607556fb7129,False,0,4488,4488,cf8bee4faf9f1e67678d45b7cd8c350d04e95baeead6b79c4cff607556fb7129,cf8bee4faf9f1e67678d45b7cd8c350d04e95baeead6b79c4cff607556fb7129,True,0
test,434,1255,2248,cf8bee4faf9f1e67678d45b7cd8c350d04e95baeead6b79c4cff607556fb7129,False,0,4488,4488,cf8bee4faf9f1e67678d45b7cd8c350d04e95baeead6b79c4cff607556fb7129,cf8bee4faf9f1e67678d45b7cd8c350d04e95baeead6b79c4cff607556fb7129,True,0
test,435,368,2393,cf8bee4faf9f1e67678d45b7cd8c350d04e95baeead6b79c4cff607556fb7129,False,0,4488,4488,cf8bee4faf9f1e67678d45b7cd8c350d04e95baeead6b79c4cff607556fb7129,cf8bee4faf9f1e67678d45b7cd8c350d04e95baeead6b79c4cff607556fb7129,True,0
test,436,388,1899,cf8bee4faf9f1e67678d45b7cd8c350d04e95baeead6b79c4cff607556fb7129,False,0,4488,4488,cf8bee4faf9f1e67678d45b7cd8c350d04e95baeead6b79c4cff607556fb7129,cf8bee4faf9f1e67678d45b7cd8c350d04e95baeead6b79c4cff607556fb7129,True,0
test,437,89,1157,cf8bee4faf9f1e67678d45b7cd8c350d04e95baeead6b79c4cff607556fb7129,False,0,4488,4488,cf8bee4faf9f1e67678d45b7cd8c350d04e95baeead6b79c4cff607556fb7129,cf8bee4faf9f1e67678d45b7cd8c350d04e95baeead6b79c4cff607556fb7129,True,0
test,438,1580,2200,cf8bee4faf9f1e67678d45b7cd8c350d04e95baeead6b79c4cff607556fb7129,False,0,4488,4488,cf8bee4faf9f1e67678d45b7cd8c350d04e95baeead6b79c4cff607556fb7129,cf8bee4faf9f1e67678d45b7cd8c350d04e95baeead6b79c4cff607556fb7129,True,0
test,439,492,688,cf8bee4faf9f1e67678d45b7cd8c350d04e95baeead6b79c4cff607556fb7129,False,0,4488,4488,cf8bee4faf9f1e67678d45b7cd8c350d04e95baeead6b79c4cff607556fb7129,cf8bee4faf9f1e67678d45b7cd8c350d04e95baeead6b79c4cff607556fb7129,True,0
test,440,335,1986,cf8bee4faf9f1e67678d45b7cd8c350d04e95baeead6b79c4cff607556fb7129,False,0,4488,4488,cf8bee4faf9f1e67678d45b7cd8c350d04e95baeead6b79c4cff607556fb7129,cf8bee4faf9f1e67678d45b7cd8c350d04e95baeead6b79c4cff607556fb7129,True,0
test,441,346,1358,cf8bee4faf9f1e67678d45b7cd8c350d04e95baeead6b79c4cff607556fb7129,False,0,4488,4488,cf8bee4faf9f1e67678d45b7cd8c350d04e95baeead6b79c4cff607556fb7129,cf8bee4faf9f1e67678d45b7cd8c350d04e95baeead6b79c4cff607556fb7129,True,0
test,442,2034,2035,cf8bee4faf9f1e67678d45b7cd8c350d04e95baeead6b79c4cff607556fb7129,False,0,4488,4488,cf8bee4faf9f1e67678d45b7cd8c350d04e95baeead6b79c4cff607556fb7129,cf8bee4faf9f1e67678d45b7cd8c350d04e95baeead6b79c4cff607556fb7129,True,0
test,443,1554,2687,cf8bee4faf9f1e67678d45b7cd8c350d04e95baeead6b79c4cff607556fb7129,False,0,4488,4488,cf8bee4faf9f1e67678d45b7cd8c350d04e95baeead6b79c4cff607556fb7129,cf8bee4faf9f1e67678d45b7cd8c350d04e95baeead6b79c4cff607556fb7129,True,0
test,444,695,1681,cf8bee4faf9f1e67678d45b7cd8c350d04e95baeead6b79c4cff607556fb7129,False,0,4488,4488,cf8bee4faf9f1e67678d45b7cd8c350d04e95baeead6b79c4cff607556fb7129,cf8bee4faf9f1e67678d45b7cd8c350d04e95baeead6b79c4cff607556fb7129,True,0
test,445,1358,1709,cf8bee4faf9f1e67678d45b7cd8c350d04e95baeead6b79c4cff607556fb7129,False,0,4488,4488,cf8bee4faf9f1e67678d45b7cd8c350d04e95baeead6b79c4cff607556fb7129,cf8bee4faf9f1e67678d45b7cd8c350d04e95baeead6b79c4cff607556fb7129,True,0
test,446,1889,1891,cf8bee4faf9f1e67678d45b7cd8c350d04e95baeead6b79c4cff607556fb7129,False,0,4488,4488,cf8bee4faf9f1e67678d45b7cd8c350d04e95baeead6b79c4cff607556fb7129,cf8bee4faf9f1e67678d45b7cd8c350d04e95baeead6b79c4cff607556fb7129,True,0
test,447,1207,2290,cf8bee4faf9f1e67678d45b7cd8c350d04e95baeead6b79c4cff607556fb7129,False,0,4488,4488,cf8bee4faf9f1e67678d45b7cd8c350d04e95baeead6b79c4cff607556fb7129,cf8bee4faf9f1e67678d45b7cd8c350d04e95baeead6b79c4cff607556fb7129,True,0
test,448,1705,2322,cf8bee4faf9f1e67678d45b7cd8c350d04e95baeead6b79c4cff607556fb7129,False,0,4488,4488,cf8bee4faf9f1e67678d45b7cd8c350d04e95baeead6b79c4cff607556fb7129,cf8bee4faf9f1e67678d45b7cd8c350d04e95baeead6b79c4cff607556fb7129,True,0
test,449,15,1271,cf8bee4faf9f1e67678d45b7cd8c350d04e95baeead6b79c4cff607556fb7129,False,0,4488,4488,cf8bee4faf9f1e67678d45b7cd8c350d04e95baeead6b79c4cff607556fb7129,cf8bee4faf9f1e67678d45b7cd8c350d04e95baeead6b79c4cff607556fb7129,True,0
test,450,22,1234,cf8bee4faf9f1e67678d45b7cd8c350d04e95baeead6b79c4cff607556fb7129,False,0,4488,4488,cf8bee4faf9f1e67678d45b7cd8c350d04e95baeead6b79c4cff607556fb7129,cf8bee4faf9f1e67678d45b7cd8c350d04e95baeead6b79c4cff607556fb7129,True,0
test,451,901,1279,cf8bee4faf9f1e67678d45b7cd8c350d04e95baeead6b79c4cff607556fb7129,False,0,4488,4488,cf8bee4faf9f1e67678d45b7cd8c350d04e95baeead6b79c4cff607556fb7129,cf8bee4faf9f1e67678d45b7cd8c350d04e95baeead6b79c4cff607556fb7129,True,0
test,452,1708,2313,cf8bee4faf9f1e67678d45b7cd8c350d04e95baeead6b79c4cff607556fb7129,False,0,4488,4488,cf8bee4faf9f1e67678d45b7cd8c350d04e95baeead6b79c4cff607556fb7129,cf8bee4faf9f1e67678d45b7cd8c350d04e95baeead6b79c4cff607556fb7129,True,0
test,453,334,693,cf8bee4faf9f1e67678d45b7cd8c350d04e95baeead6b79c4cff607556fb7129,False,0,4488,4488,cf8bee4faf9f1e67678d45b7cd8c350d04e95baeead6b79c4cff607556fb7129,cf8bee4faf9f1e67678d45b7cd8c350d04e95baeead6b79c4cff607556fb7129,True,0
test,454,1358,1740,cf8bee4faf9f1e67678d45b7cd8c350d04e95baeead6b79c4cff607556fb7129,False,0,4488,4488,cf8bee4faf9f1e67678d45b7cd8c350d04e95baeead6b79c4cff607556fb7129,cf8bee4faf9f1e67678d45b7cd8c350d04e95baeead6b79c4cff607556fb7129,True,0
test,455,174,1742,cf8bee4faf9f1e67678d45b7cd8c350d04e95baeead6b79c4cff607556fb7129,False,0,4488,4488,cf8bee4faf9f1e67678d45b7cd8c350d04e95baeead6b79c4cff607556fb7129,cf8bee4faf9f1e67678d45b7cd8c350d04e95baeead6b79c4cff607556fb7129,True,0
test,456,1739,1750,cf8bee4faf9f1e67678d45b7cd8c350d04e95baeead6b79c4cff607556fb7129,False,0,4488,4488,cf8bee4faf9f1e67678d45b7cd8c350d04e95baeead6b79c4cff607556fb7129,cf8bee4faf9f1e67678d45b7cd8c350d04e95baeead6b79c4cff607556fb7129,True,0
test,457,1,2,cf8bee4faf9f1e67678d45b7cd8c350d04e95baeead6b79c4cff607556fb7129,False,0,4488,4488,cf8bee4faf9f1e67678d45b7cd8c350d04e95baeead6b79c4cff607556fb7129,cf8bee4faf9f1e67678d45b7cd8c350d04e95baeead6b79c4cff607556fb7129,True,0
test,458,97,661,cf8bee4faf9f1e67678d45b7cd8c350d04e95baeead6b79c4cff607556fb7129,False,0,4488,4488,cf8bee4faf9f1e67678d45b7cd8c350d04e95baeead6b79c4cff607556fb7129,cf8bee4faf9f1e67678d45b7cd8c350d04e95baeead6b79c4cff607556fb7129,True,0
test,459,1358,1751,cf8bee4faf9f1e67678d45b7cd8c350d04e95baeead6b79c4cff607556fb7129,False,0,4488,4488,cf8bee4faf9f1e67678d45b7cd8c350d04e95baeead6b79c4cff607556fb7129,cf8bee4faf9f1e67678d45b7cd8c350d04e95baeead6b79c4cff607556fb7129,True,0
test,460,229,1053,cf8bee4faf9f1e67678d45b7cd8c350d04e95baeead6b79c4cff607556fb7129,False,0,4488,4488,cf8bee4faf9f1e67678d45b7cd8c350d04e95baeead6b79c4cff607556fb7129,cf8bee4faf9f1e67678d45b7cd8c350d04e95baeead6b79c4cff607556fb7129,True,0
test,461,2227,2228,cf8bee4faf9f1e67678d45b7cd8c350d04e95baeead6b79c4cff607556fb7129,False,0,4488,4488,cf8bee4faf9f1e67678d45b7cd8c350d04e95baeead6b79c4cff607556fb7129,cf8bee4faf9f1e67678d45b7cd8c350d04e95baeead6b79c4cff607556fb7129,True,0
test,462,1842,2281,cf8bee4faf9f1e67678d45b7cd8c350d04e95baeead6b79c4cff607556fb7129,False,0,4488,4488,cf8bee4faf9f1e67678d45b7cd8c350d04e95baeead6b79c4cff607556fb7129,cf8bee4faf9f1e67678d45b7cd8c350d04e95baeead6b79c4cff607556fb7129,True,0
test,463,838,2280,cf8bee4faf9f1e67678d45b7cd8c350d04e95baeead6b79c4cff607556fb7129,False,0,4488,4488,cf8bee4faf9f1e67678d45b7cd8c350d04e95baeead6b79c4cff607556fb7129,cf8bee4faf9f1e67678d45b7cd8c350d04e95baeead6b79c4cff607556fb7129,True,0
test,464,831,1733,cf8bee4faf9f1e67678d45b7cd8c350d04e95baeead6b79c4cff607556fb7129,False,0,4488,4488,cf8bee4faf9f1e67678d45b7cd8c350d04e95baeead6b79c4cff607556fb7129,cf8bee4faf9f1e67678d45b7cd8c350d04e95baeead6b79c4cff607556fb7129,True,0
test,465,702,822,cf8bee4faf9f1e67678d45b7cd8c350d04e95baeead6b79c4cff607556fb7129,False,0,4488,4488,cf8bee4faf9f1e67678d45b7cd8c350d04e95baeead6b79c4cff607556fb7129,cf8bee4faf9f1e67678d45b7cd8c350d04e95baeead6b79c4cff607556fb7129,True,0
test,466,44,2624,cf8bee4faf9f1e67678d45b7cd8c350d04e95baeead6b79c4cff607556fb7129,False,0,4488,4488,cf8bee4faf9f1e67678d45b7cd8c350d04e95baeead6b79c4cff607556fb7129,cf8bee4faf9f1e67678d45b7cd8c350d04e95baeead6b79c4cff607556fb7129,True,0
test,467,1229,1384,cf8bee4faf9f1e67678d45b7cd8c350d04e95baeead6b79c4cff607556fb7129,False,0,4488,4488,cf8bee4faf9f1e67678d45b7cd8c350d04e95baeead6b79c4cff607556fb7129,cf8bee4faf9f1e67678d45b7cd8c350d04e95baeead6b79c4cff607556fb7129,True,0
test,468,414,711,cf8bee4faf9f1e67678d45b7cd8c350d04e95baeead6b79c4cff607556fb7129,False,0,4488,4488,cf8bee4faf9f1e67678d45b7cd8c350d04e95baeead6b79c4cff607556fb7129,cf8bee4faf9f1e67678d45b7cd8c350d04e95baeead6b79c4cff607556fb7129,True,0
test,469,524,2476,cf8bee4faf9f1e67678d45b7cd8c350d04e95baeead6b79c4cff607556fb7129,False,0,4488,4488,cf8bee4faf9f1e67678d45b7cd8c350d04e95baeead6b79c4cff607556fb7129,cf8bee4faf9f1e67678d45b7cd8c350d04e95baeead6b79c4cff607556fb7129,True,0
test,470,1040,1358,cf8bee4faf9f1e67678d45b7cd8c350d04e95baeead6b79c4cff607556fb7129,False,0,4488,4488,cf8bee4faf9f1e67678d45b7cd8c350d04e95baeead6b79c4cff607556fb7129,cf8bee4faf9f1e67678d45b7cd8c350d04e95baeead6b79c4cff607556fb7129,True,0
test,471,1546,2169,cf8bee4faf9f1e67678d45b7cd8c350d04e95baeead6b79c4cff607556fb7129,False,0,4488,4488,cf8bee4faf9f1e67678d45b7cd8c350d04e95baeead6b79c4cff607556fb7129,cf8bee4faf9f1e67678d45b7cd8c350d04e95baeead6b79c4cff607556fb7129,True,0
test,472,844,1902,cf8bee4faf9f1e67678d45b7cd8c350d04e95baeead6b79c4cff607556fb7129,False,0,4488,4488,cf8bee4faf9f1e67678d45b7cd8c350d04e95baeead6b79c4cff607556fb7129,cf8bee4faf9f1e67678d45b7cd8c350d04e95baeead6b79c4cff607556fb7129,True,0
test,473,229,2118,cf8bee4faf9f1e67678d45b7cd8c350d04e95baeead6b79c4cff607556fb7129,False,0,4488,4488,cf8bee4faf9f1e67678d45b7cd8c350d04e95baeead6b79c4cff607556fb7129,cf8bee4faf9f1e67678d45b7cd8c350d04e95baeead6b79c4cff607556fb7129,True,0
test,474,1202,2376,cf8bee4faf9f1e67678d45b7cd8c350d04e95baeead6b79c4cff607556fb7129,False,0,4488,4488,cf8bee4faf9f1e67678d45b7cd8c350d04e95baeead6b79c4cff607556fb7129,cf8bee4faf9f1e67678d45b7cd8c350d04e95baeead6b79c4cff607556fb7129,True,0
test,475,8,1996,cf8bee4faf9f1e67678d45b7cd8c350d04e95baeead6b79c4cff607556fb7129,False,0,4488,4488,cf8bee4faf9f1e67678d45b7cd8c350d04e95baeead6b79c4cff607556fb7129,cf8bee4faf9f1e67678d45b7cd8c350d04e95baeead6b79c4cff607556fb7129,True,0
test,476,90,1358,cf8bee4faf9f1e67678d45b7cd8c350d04e95baeead6b79c4cff607556fb7129,False,0,4488,4488,cf8bee4faf9f1e67678d45b7cd8c350d04e95baeead6b79c4cff607556fb7129,cf8bee4faf9f1e67678d45b7cd8c350d04e95baeead6b79c4cff607556fb7129,True,0
test,477,598,1821,cf8bee4faf9f1e67678d45b7cd8c350d04e95baeead6b79c4cff607556fb7129,False,0,4488,4488,cf8bee4faf9f1e67678d45b7cd8c350d04e95baeead6b79c4cff607556fb7129,cf8bee4faf9f1e67678d45b7cd8c350d04e95baeead6b79c4cff607556fb7129,True,0
test,478,1951,2204,cf8bee4faf9f1e67678d45b7cd8c350d04e95baeead6b79c4cff607556fb7129,False,0,4488,4488,cf8bee4faf9f1e67678d45b7cd8c350d04e95baeead6b79c4cff607556fb7129,cf8bee4faf9f1e67678d45b7cd8c350d04e95baeead6b79c4cff607556fb7129,True,0
test,479,885,2386,cf8bee4faf9f1e67678d45b7cd8c350d04e95baeead6b79c4cff607556fb7129,False,0,4488,4488,cf8bee4faf9f1e67678d45b7cd8c350d04e95baeead6b79c4cff607556fb7129,cf8bee4faf9f1e67678d45b7cd8c350d04e95baeead6b79c4cff607556fb7129,True,0
test,480,577,906,cf8bee4faf9f1e67678d45b7cd8c350d04e95baeead6b79c4cff607556fb7129,False,0,4488,4488,cf8bee4faf9f1e67678d45b7cd8c350d04e95baeead6b79c4cff607556fb7129,cf8bee4faf9f1e67678d45b7cd8c350d04e95baeead6b79c4cff607556fb7129,True,0
test,481,203,857,cf8bee4faf9f1e67678d45b7cd8c350d04e95baeead6b79c4cff607556fb7129,False,0,4488,4488,cf8bee4faf9f1e67678d45b7cd8c350d04e95baeead6b79c4cff607556fb7129,cf8bee4faf9f1e67678d45b7cd8c350d04e95baeead6b79c4cff607556fb7129,True,0
test,482,1340,1413,cf8bee4faf9f1e67678d45b7cd8c350d04e95baeead6b79c4cff607556fb7129,False,0,4488,4488,cf8bee4faf9f1e67678d45b7cd8c350d04e95baeead6b79c4cff607556fb7129,cf8bee4faf9f1e67678d45b7cd8c350d04e95baeead6b79c4cff607556fb7129,True,0
test,483,1589,1745,cf8bee4faf9f1e67678d45b7cd8c350d04e95baeead6b79c4cff607556fb7129,False,0,4488,4488,cf8bee4faf9f1e67678d45b7cd8c350d04e95baeead6b79c4cff607556fb7129,cf8bee4faf9f1e67678d45b7cd8c350d04e95baeead6b79c4cff607556fb7129,True,0
test,484,487,1705,cf8bee4faf9f1e67678d45b7cd8c350d04e95baeead6b79c4cff607556fb7129,False,0,4488,4488,cf8bee4faf9f1e67678d45b7cd8c350d04e95baeead6b79c4cff607556fb7129,cf8bee4faf9f1e67678d45b7cd8c350d04e95baeead6b79c4cff607556fb7129,True,0
test,485,893,911,cf8bee4faf9f1e67678d45b7cd8c350d04e95baeead6b79c4cff607556fb7129,False,0,4488,4488,cf8bee4faf9f1e67678d45b7cd8c350d04e95baeead6b79c4cff607556fb7129,cf8bee4faf9f1e67678d45b7cd8c350d04e95baeead6b79c4cff607556fb7129,True,0
test,486,628,1764,cf8bee4faf9f1e67678d45b7cd8c350d04e95baeead6b79c4cff607556fb7129,False,0,4488,4488,cf8bee4faf9f1e67678d45b7cd8c350d04e95baeead6b79c4cff607556fb7129,cf8bee4faf9f1e67678d45b7cd8c350d04e95baeead6b79c4cff607556fb7129,True,0
test,487,229,1405,cf8bee4faf9f1e67678d45b7cd8c350d04e95baeead6b79c4cff607556fb7129,False,0,4488,4488,cf8bee4faf9f1e67678d45b7cd8c350d04e95baeead6b79c4cff607556fb7129,cf8bee4faf9f1e67678d45b7cd8c350d04e95baeead6b79c4cff607556fb7129,True,0
test,488,733,2304,cf8bee4faf9f1e67678d45b7cd8c350d04e95baeead6b79c4cff607556fb7129,False,0,4488,4488,cf8bee4faf9f1e67678d45b7cd8c350d04e95baeead6b79c4cff607556fb7129,cf8bee4faf9f1e67678d45b7cd8c350d04e95baeead6b79c4cff607556fb7129,True,0
test,489,795,1645,cf8bee4faf9f1e67678d45b7cd8c350d04e95baeead6b79c4cff607556fb7129,False,0,4488,4488,cf8bee4faf9f1e67678d45b7cd8c350d04e95baeead6b79c4cff607556fb7129,cf8bee4faf9f1e67678d45b7cd8c350d04e95baeead6b79c4cff607556fb7129,True,0
test,490,505,1258,cf8bee4faf9f1e67678d45b7cd8c350d04e95baeead6b79c4cff607556fb7129,False,0,4488,4488,cf8bee4faf9f1e67678d45b7cd8c350d04e95baeead6b79c4cff607556fb7129,cf8bee4faf9f1e67678d45b7cd8c350d04e95baeead6b79c4cff607556fb7129,True,0
test,491,63,1322,cf8bee4faf9f1e67678d45b7cd8c350d04e95baeead6b79c4cff607556fb7129,False,0,4488,4488,cf8bee4faf9f1e67678d45b7cd8c350d04e95baeead6b79c4cff607556fb7129,cf8bee4faf9f1e67678d45b7cd8c350d04e95baeead6b79c4cff607556fb7129,True,0
test,492,1430,1718,cf8bee4faf9f1e67678d45b7cd8c350d04e95baeead6b79c4cff607556fb7129,False,0,4488,4488,cf8bee4faf9f1e67678d45b7cd8c350d04e95baeead6b79c4cff607556fb7129,cf8bee4faf9f1e67678d45b7cd8c350d04e95baeead6b79c4cff607556fb7129,True,0
test,493,779,1919,cf8bee4faf9f1e67678d45b7cd8c350d04e95baeead6b79c4cff607556fb7129,False,0,4488,4488,cf8bee4faf9f1e67678d45b7cd8c350d04e95baeead6b79c4cff607556fb7129,cf8bee4faf9f1e67678d45b7cd8c350d04e95baeead6b79c4cff607556fb7129,True,0
test,494,986,2697,cf8bee4faf9f1e67678d45b7cd8c350d04e95baeead6b79c4cff607556fb7129,False,0,4488,4488,cf8bee4faf9f1e67678d45b7cd8c350d04e95baeead6b79c4cff607556fb7129,cf8bee4faf9f1e67678d45b7cd8c350d04e95baeead6b79c4cff607556fb7129,True,0
test,495,576,1810,cf8bee4faf9f1e67678d45b7cd8c350d04e95baeead6b79c4cff607556fb7129,False,0,4488,4488,cf8bee4faf9f1e67678d45b7cd8c350d04e95baeead6b79c4cff607556fb7129,cf8bee4faf9f1e67678d45b7cd8c350d04e95baeead6b79c4cff607556fb7129,True,0
test,496,274,749,cf8bee4faf9f1e67678d45b7cd8c350d04e95baeead6b79c4cff607556fb7129,False,0,4488,4488,cf8bee4faf9f1e67678d45b7cd8c350d04e95baeead6b79c4cff607556fb7129,cf8bee4faf9f1e67678d45b7cd8c350d04e95baeead6b79c4cff607556fb7129,True,0
test,497,1224,1587,cf8bee4faf9f1e67678d45b7cd8c350d04e95baeead6b79c4cff607556fb7129,False,0,4488,4488,cf8bee4faf9f1e67678d45b7cd8c350d04e95baeead6b79c4cff607556fb7129,cf8bee4faf9f1e67678d45b7cd8c350d04e95baeead6b79c4cff607556fb7129,True,0
test,498,610,2481,cf8bee4faf9f1e67678d45b7cd8c350d04e95baeead6b79c4cff607556fb7129,False,0,4488,4488,cf8bee4faf9f1e67678d45b7cd8c350d04e95baeead6b79c4cff607556fb7129,cf8bee4faf9f1e67678d45b7cd8c350d04e95baeead6b79c4cff607556fb7129,True,0
test,499,1903,2269,cf8bee4faf9f1e67678d45b7cd8c350d04e95baeead6b79c4cff607556fb7129,False,0,4488,4488,cf8bee4faf9f1e67678d45b7cd8c350d04e95baeead6b79c4cff607556fb7129,cf8bee4faf9f1e67678d45b7cd8c350d04e95baeead6b79c4cff607556fb7129,True,0
test,500,1358,1741,cf8bee4faf9f1e67678d45b7cd8c350d04e95baeead6b79c4cff607556fb7129,False,0,4488,4488,cf8bee4faf9f1e67678d45b7cd8c350d04e95baeead6b79c4cff607556fb7129,cf8bee4faf9f1e67678d45b7cd8c350d04e95baeead6b79c4cff607556fb7129,True,0
test,501,336,1950,cf8bee4faf9f1e67678d45b7cd8c350d04e95baeead6b79c4cff607556fb7129,False,0,4488,4488,cf8bee4faf9f1e67678d45b7cd8c350d04e95baeead6b79c4cff607556fb7129,cf8bee4faf9f1e67678d45b7cd8c350d04e95baeead6b79c4cff607556fb7129,True,0
test,502,146,897,cf8bee4faf9f1e67678d45b7cd8c350d04e95baeead6b79c4cff607556fb7129,False,0,4488,4488,cf8bee4faf9f1e67678d45b7cd8c350d04e95baeead6b79c4cff607556fb7129,cf8bee4faf9f1e67678d45b7cd8c350d04e95baeead6b79c4cff607556fb7129,True,0
test,503,154,364,cf8bee4faf9f1e67678d45b7cd8c350d04e95baeead6b79c4cff607556fb7129,False,0,4488,4488,cf8bee4faf9f1e67678d45b7cd8c350d04e95baeead6b79c4cff607556fb7129,cf8bee4faf9f1e67678d45b7cd8c350d04e95baeead6b79c4cff607556fb7129,True,0
test,504,1042,2198,cf8bee4faf9f1e67678d45b7cd8c350d04e95baeead6b79c4cff607556fb7129,False,0,4488,4488,cf8bee4faf9f1e67678d45b7cd8c350d04e95baeead6b79c4cff607556fb7129,cf8bee4faf9f1e67678d45b7cd8c350d04e95baeead6b79c4cff607556fb7129,True,0
test,505,167,168,cf8bee4faf9f1e67678d45b7cd8c350d04e95baeead6b79c4cff607556fb7129,False,0,4488,4488,cf8bee4faf9f1e67678d45b7cd8c350d04e95baeead6b79c4cff607556fb7129,cf8bee4faf9f1e67678d45b7cd8c350d04e95baeead6b79c4cff607556fb7129,True,0
test,506,1566,2071,cf8bee4faf9f1e67678d45b7cd8c350d04e95baeead6b79c4cff607556fb7129,False,0,4488,4488,cf8bee4faf9f1e67678d45b7cd8c350d04e95baeead6b79c4cff607556fb7129,cf8bee4faf9f1e67678d45b7cd8c350d04e95baeead6b79c4cff607556fb7129,True,0
test,507,603,795,cf8bee4faf9f1e67678d45b7cd8c350d04e95baeead6b79c4cff607556fb7129,False,0,4488,4488,cf8bee4faf9f1e67678d45b7cd8c350d04e95baeead6b79c4cff607556fb7129,cf8bee4faf9f1e67678d45b7cd8c350d04e95baeead6b79c4cff607556fb7129,True,0
test,508,55,210,cf8bee4faf9f1e67678d45b7cd8c350d04e95baeead6b79c4cff607556fb7129,False,0,4488,4488,cf8bee4faf9f1e67678d45b7cd8c350d04e95baeead6b79c4cff607556fb7129,cf8bee4faf9f1e67678d45b7cd8c350d04e95baeead6b79c4cff607556fb7129,True,0
test,509,1229,2439,cf8bee4faf9f1e67678d45b7cd8c350d04e95baeead6b79c4cff607556fb7129,False,0,4488,4488,cf8bee4faf9f1e67678d45b7cd8c350d04e95baeead6b79c4cff607556fb7129,cf8bee4faf9f1e67678d45b7cd8c350d04e95baeead6b79c4cff607556fb7129,True,0
test,510,963,2434,cf8bee4faf9f1e67678d45b7cd8c350d04e95baeead6b79c4cff607556fb7129,False,0,4488,4488,cf8bee4faf9f1e67678d45b7cd8c350d04e95baeead6b79c4cff607556fb7129,cf8bee4faf9f1e67678d45b7cd8c350d04e95baeead6b79c4cff607556fb7129,True,0
test,511,170,1358,cf8bee4faf9f1e67678d45b7cd8c350d04e95baeead6b79c4cff607556fb7129,False,0,4488,4488,cf8bee4faf9f1e67678d45b7cd8c350d04e95baeead6b79c4cff607556fb7129,cf8bee4faf9f1e67678d45b7cd8c350d04e95baeead6b79c4cff607556fb7129,True,0
train,0,2,332,785dce748331c2eb0c83138a374eefcb850dfe50abd106aaa1322f0884f2340f,True,1,4488,4487,785dce748331c2eb0c83138a374eefcb850dfe50abd106aaa1322f0884f2340f,785dce748331c2eb0c83138a374eefcb850dfe50abd106aaa1322f0884f2340f,True,1
train,1,9,2614,06403c247b854909135d301f8eab569f07b065456c275d3e188af3a63caf8e78,True,1,4488,4487,06403c247b854909135d301f8eab569f07b065456c275d3e188af3a63caf8e78,06403c247b854909135d301f8eab569f07b065456c275d3e188af3a63caf8e78,True,1
train,2,26,122,4df1c3116344b2b70b6641413c39e70d6c64d3fed416f7a6e94ad152ee062b44,True,1,4488,4487,4df1c3116344b2b70b6641413c39e70d6c64d3fed416f7a6e94ad152ee062b44,4df1c3116344b2b70b6641413c39e70d6c64d3fed416f7a6e94ad152ee062b44,True,1
train,3,32,1850,2593303befd413ef200a070720a1e2abcaddeaed6d77e8cf853520614f44f9a4,True,1,4488,4487,2593303befd413ef200a070720a1e2abcaddeaed6d77e8cf853520614f44f9a4,2593303befd413ef200a070720a1e2abcaddeaed6d77e8cf853520614f44f9a4,True,1
train,4,32,1973,44e9d6b4c1ea2840e3e1e839ae6dc023ce9d42e81594f330869447c84d707214,True,1,4488,4487,44e9d6b4c1ea2840e3e1e839ae6dc023ce9d42e81594f330869447c84d707214,44e9d6b4c1ea2840e3e1e839ae6dc023ce9d42e81594f330869447c84d707214,True,1
train,5,36,1505,4bc76645e22771853e412d7c4bc533fbf3527bb6efc6658ea3618391a96b35ee,True,1,4488,4487,4bc76645e22771853e412d7c4bc533fbf3527bb6efc6658ea3618391a96b35ee,4bc76645e22771853e412d7c4bc533fbf3527bb6efc6658ea3618391a96b35ee,True,1
train,6,38,863,d3cc552eebe73f44aafcc1e2a56e67fc7e728a1dbcc21edf1982817e3fcf5864,True,1,4488,4487,d3cc552eebe73f44aafcc1e2a56e67fc7e728a1dbcc21edf1982817e3fcf5864,d3cc552eebe73f44aafcc1e2a56e67fc7e728a1dbcc21edf1982817e3fcf5864,True,1
train,7,38,1160,551207103c71d7ff08c948f865fd7fffbeb5d85b83b80b8deb1b67fcd0ae80c5,True,1,4488,4487,551207103c71d7ff08c948f865fd7fffbeb5d85b83b80b8deb1b67fcd0ae80c5,551207103c71d7ff08c948f865fd7fffbeb5d85b83b80b8deb1b67fcd0ae80c5,True,1
train,8,39,1349,8683f6981461fb957d758f76511942ce39951f033a10dd3e81427914ea7e51d2,True,1,4488,4487,8683f6981461fb957d758f76511942ce39951f033a10dd3e81427914ea7e51d2,8683f6981461fb957d758f76511942ce39951f033a10dd3e81427914ea7e51d2,True,1
train,9,39,1965,87418fb642320831f4faa91990e6167d034dd6825ab4c096b6c2958083f78764,True,1,4488,4487,87418fb642320831f4faa91990e6167d034dd6825ab4c096b6c2958083f78764,87418fb642320831f4faa91990e6167d034dd6825ab4c096b6c2958083f78764,True,1
train,10,43,1530,129914e2a216e4d09c6560938d67480f167b54012493fecbed5f2b8d2c5fc2ed,True,1,4488,4487,129914e2a216e4d09c6560938d67480f167b54012493fecbed5f2b8d2c5fc2ed,129914e2a216e4d09c6560938d67480f167b54012493fecbed5f2b8d2c5fc2ed,True,1
train,11,43,2399,0c9ecbe9849e9b61e8178c1a81cea16f36a3e235edac18b668631569f8616261,True,1,4488,4487,0c9ecbe9849e9b61e8178c1a81cea16f36a3e235edac18b668631569f8616261,0c9ecbe9849e9b61e8178c1a81cea16f36a3e235edac18b668631569f8616261,True,1
train,12,45,1219,edb945e4767c17d61e1c2f569245409d1b7037d30382be8a8e0bae56c94a1504,True,1,4488,4487,edb945e4767c17d61e1c2f569245409d1b7037d30382be8a8e0bae56c94a1504,edb945e4767c17d61e1c2f569245409d1b7037d30382be8a8e0bae56c94a1504,True,1
train,13,48,1666,1aedb0655131dda50182f3e75b0e0f1405672660c8afde3fd53f59baa467f5a8,True,1,4488,4487,1aedb0655131dda50182f3e75b0e0f1405672660c8afde3fd53f59baa467f5a8,1aedb0655131dda50182f3e75b0e0f1405672660c8afde3fd53f59baa467f5a8,True,1
train,14,49,2034,aea68e765004669f40e83b0f93aa0e12afd11946dd9e2622d8d9d0243ed95814,True,1,4488,4487,aea68e765004669f40e83b0f93aa0e12afd11946dd9e2622d8d9d0243ed95814,aea68e765004669f40e83b0f93aa0e12afd11946dd9e2622d8d9d0243ed95814,True,1
train,15,52,2182,ac8e5e82dc54e968b176fd32f5c828e1ad6ab1018abe4b4c1e4a919aec0b7ee0,True,1,4488,4487,ac8e5e82dc54e968b176fd32f5c828e1ad6ab1018abe4b4c1e4a919aec0b7ee0,ac8e5e82dc54e968b176fd32f5c828e1ad6ab1018abe4b4c1e4a919aec0b7ee0,True,1
train,16,65,239,33b22f6cbe78ae96029ce0d4dcc979d574640b90f5095c354fede7fbfa2d08d8,True,1,4488,4487,33b22f6cbe78ae96029ce0d4dcc979d574640b90f5095c354fede7fbfa2d08d8,33b22f6cbe78ae96029ce0d4dcc979d574640b90f5095c354fede7fbfa2d08d8,True,1
train,17,68,1986,1bc6b86800619ee36c4ce3bb3cb90dabd1c5e34c29bf4ba91c45f0fc64e92195,True,1,4488,4487,1bc6b86800619ee36c4ce3bb3cb90dabd1c5e34c29bf4ba91c45f0fc64e92195,1bc6b86800619ee36c4ce3bb3cb90dabd1c5e34c29bf4ba91c45f0fc64e92195,True,1
train,18,69,2189,029f1d921e4d48ff921bf89efdda121efd2ff18fa459ba9af46cb92b5b329c3d,True,1,4488,4487,029f1d921e4d48ff921bf89efdda121efd2ff18fa459ba9af46cb92b5b329c3d,029f1d921e4d48ff921bf89efdda121efd2ff18fa459ba9af46cb92b5b329c3d,True,1
train,19,73,449,8d9ab801d60411cd631274a717195813e96ea04525390cd2aec2ae5edf486c85,True,1,4488,4487,8d9ab801d60411cd631274a717195813e96ea04525390cd2aec2ae5edf486c85,8d9ab801d60411cd631274a717195813e96ea04525390cd2aec2ae5edf486c85,True,1
train,20,85,1065,b73e0c812da965786a261b4baffce6d5d67b8d9c69278eac7708d0ccc2aaea23,True,1,4488,4487,b73e0c812da965786a261b4baffce6d5d67b8d9c69278eac7708d0ccc2aaea23,b73e0c812da965786a261b4baffce6d5d67b8d9c69278eac7708d0ccc2aaea23,True,1
train,21,88,300,6ce473a1186ac53311542f6ba305a5c9b9e022b0985275060de9a37c7725f7b0,True,1,4488,4487,6ce473a1186ac53311542f6ba305a5c9b9e022b0985275060de9a37c7725f7b0,6ce473a1186ac53311542f6ba305a5c9b9e022b0985275060de9a37c7725f7b0,True,1
train,22,88,815,231013c27ab471abca9215f111973fdceac81a82abf7ec5b48c4cab84868352d,True,1,4488,4487,231013c27ab471abca9215f111973fdceac81a82abf7ec5b48c4cab84868352d,231013c27ab471abca9215f111973fdceac81a82abf7ec5b48c4cab84868352d,True,1
train,23,88,851,59de69fe40db82ed0f1bee9ee3f3178df726d598190ccf56fdb0cb6335edf2e2,True,1,4488,4487,59de69fe40db82ed0f1bee9ee3f3178df726d598190ccf56fdb0cb6335edf2e2,59de69fe40db82ed0f1bee9ee3f3178df726d598190ccf56fdb0cb6335edf2e2,True,1
train,24,88,2015,de0be31d426ca675338da47b29033ac823c1d8ea85e87af5e5f395bea527b1a4,True,1,4488,4487,de0be31d426ca675338da47b29033ac823c1d8ea85e87af5e5f395bea527b1a4,de0be31d426ca675338da47b29033ac823c1d8ea85e87af5e5f395bea527b1a4,True,1
train,25,88,2178,be7c591501c3c733f2efe1fa92b63ded30255cca669989aeb6302ba87e309527,True,1,4488,4487,be7c591501c3c733f2efe1fa92b63ded30255cca669989aeb6302ba87e309527,be7c591501c3c733f2efe1fa92b63ded30255cca669989aeb6302ba87e309527,True,1
train,26,91,2122,9ac1abe0acd6b3a6c95ead333d0e9d6276ac4cd9c023c209983f0595a5f55736,True,1,4488,4487,9ac1abe0acd6b3a6c95ead333d0e9d6276ac4cd9c023c209983f0595a5f55736,9ac1abe0acd6b3a6c95ead333d0e9d6276ac4cd9c023c209983f0595a5f55736,True,1
train,27,93,2151,681bce3c2738304ae45f25627c154e52a3f39d29b6e4e2725a37314d714ecdf3,True,1,4488,4487,681bce3c2738304ae45f25627c154e52a3f39d29b6e4e2725a37314d714ecdf3,681bce3c2738304ae45f25627c154e52a3f39d29b6e4e2725a37314d714ecdf3,True,1
train,28,94,733,e2ce140561b63539f29038cea83730499de3bc3d5ad7c1f47ce3de0c30c4400e,True,1,4488,4487,e2ce140561b63539f29038cea83730499de3bc3d5ad7c1f47ce3de0c30c4400e,e2ce140561b63539f29038cea83730499de3bc3d5ad7c1f47ce3de0c30c4400e,True,1
train,29,95,736,2d5b6db563dc123b2844759ff889431b7ee8e94ef94e064be8bc4d8fabf696e8,True,1,4488,4487,2d5b6db563dc123b2844759ff889431b7ee8e94ef94e064be8bc4d8fabf696e8,2d5b6db563dc123b2844759ff889431b7ee8e94ef94e064be8bc4d8fabf696e8,True,1
train,30,95,1628,319bce7e0f4d78478049fa59d23130688b8c8bbe46f8a67503c34aecc40c59bb,True,1,4488,4487,319bce7e0f4d78478049fa59d23130688b8c8bbe46f8a67503c34aecc40c59bb,319bce7e0f4d78478049fa59d23130688b8c8bbe46f8a67503c34aecc40c59bb,True,1
train,31,95,2181,47760d5ba83f992fcea0da8c0284f4fd7f7479bc0dbad4e0a7a78b19d2893d24,True,1,4488,4487,47760d5ba83f992fcea0da8c0284f4fd7f7479bc0dbad4e0a7a78b19d2893d24,47760d5ba83f992fcea0da8c0284f4fd7f7479bc0dbad4e0a7a78b19d2893d24,True,1
train,32,101,1589,91dbed020625bb8413422d370f87fabfa417cbec8b28b0b4f4b101f02a0bc33b,True,1,4488,4487,91dbed020625bb8413422d370f87fabfa417cbec8b28b0b4f4b101f02a0bc33b,91dbed020625bb8413422d370f87fabfa417cbec8b28b0b4f4b101f02a0bc33b,True,1
train,33,103,1775,1d464c3733137226044d7934c9b93d92a3ea8e246bfd42515d6c0dbb498b9e88,True,1,4488,4487,1d464c3733137226044d7934c9b93d92a3ea8e246bfd42515d6c0dbb498b9e88,1d464c3733137226044d7934c9b93d92a3ea8e246bfd42515d6c0dbb498b9e88,True,1
train,34,109,124,ecc8031291628722f193f288782479c76199d90a39a8942c861d854245ca4757,True,1,4488,4487,ecc8031291628722f193f288782479c76199d90a39a8942c861d854245ca4757,ecc8031291628722f193f288782479c76199d90a39a8942c861d854245ca4757,True,1
train,35,109,563,0e2d151fde3449f2237c68b743433446c67a1112d8ca2904a1ac097135a23181,True,1,4488,4487,0e2d151fde3449f2237c68b743433446c67a1112d8ca2904a1ac097135a23181,0e2d151fde3449f2237c68b743433446c67a1112d8ca2904a1ac097135a23181,True,1
train,36,109,1661,3b7a93e9d9fbe4b7fa11cde9816c33ed7509f575bfd5a2485a5556ef395b10ad,True,1,4488,4487,3b7a93e9d9fbe4b7fa11cde9816c33ed7509f575bfd5a2485a5556ef395b10ad,3b7a93e9d9fbe4b7fa11cde9816c33ed7509f575bfd5a2485a5556ef395b10ad,True,1
train,37,109,1779,0259e39f494755d976f960b1f2eb8fea85af1ad4a415f95fb4980c863c300509,True,1,4488,4487,0259e39f494755d976f960b1f2eb8fea85af1ad4a415f95fb4980c863c300509,0259e39f494755d976f960b1f2eb8fea85af1ad4a415f95fb4980c863c300509,True,1
train,38,109,1785,3a8ec4831f1de5a02e527e84be7caf7916c5829df9bd745663e4675ebbffcd8c,True,1,4488,4487,3a8ec4831f1de5a02e527e84be7caf7916c5829df9bd745663e4675ebbffcd8c,3a8ec4831f1de5a02e527e84be7caf7916c5829df9bd745663e4675ebbffcd8c,True,1
train,39,109,2095,6fd2eff8382c391fa6387f64505f3bcad63eb91c9361c6e482d23bf46a1e011a,True,1,4488,4487,6fd2eff8382c391fa6387f64505f3bcad63eb91c9361c6e482d23bf46a1e011a,6fd2eff8382c391fa6387f64505f3bcad63eb91c9361c6e482d23bf46a1e011a,True,1
train,40,111,1358,976bf6231f2efa0e809d7e3a8a6cf92e737a3dc597473330ee775a9e7312c272,True,1,4488,4487,976bf6231f2efa0e809d7e3a8a6cf92e737a3dc597473330ee775a9e7312c272,976bf6231f2efa0e809d7e3a8a6cf92e737a3dc597473330ee775a9e7312c272,True,1
train,41,118,1029,9f9ab206408158e5a5b3d649bf39cbe228c8b32f4637ea8dc74f119a3e2629ce,True,1,4488,4487,9f9ab206408158e5a5b3d649bf39cbe228c8b32f4637ea8dc74f119a3e2629ce,9f9ab206408158e5a5b3d649bf39cbe228c8b32f4637ea8dc74f119a3e2629ce,True,1
train,42,118,1343,4c5dda4084ac7834bec17a3b0121643fab1f03b38521b07821bda824f9371a64,True,1,4488,4487,4c5dda4084ac7834bec17a3b0121643fab1f03b38521b07821bda824f9371a64,4c5dda4084ac7834bec17a3b0121643fab1f03b38521b07821bda824f9371a64,True,1
train,43,118,2166,f0876d93975675e72b31e46edc15c6abf023ff75c2188448a0d946a305d90296,True,1,4488,4487,f0876d93975675e72b31e46edc15c6abf023ff75c2188448a0d946a305d90296,f0876d93975675e72b31e46edc15c6abf023ff75c2188448a0d946a305d90296,True,1
train,44,123,2455,be99a275445bba23e666b4f212e2c41d6faa5cea75bb4478e69e0424ed5e6743,True,1,4488,4487,be99a275445bba23e666b4f212e2c41d6faa5cea75bb4478e69e0424ed5e6743,be99a275445bba23e666b4f212e2c41d6faa5cea75bb4478e69e0424ed5e6743,True,1
train,45,126,1551,ede43d215e562981f659346c5f81f43e8bd8cc68631b00c372320e80e12b4878,True,1,4488,4487,ede43d215e562981f659346c5f81f43e8bd8cc68631b00c372320e80e12b4878,ede43d215e562981f659346c5f81f43e8bd8cc68631b00c372320e80e12b4878,True,1
train,46,129,441,8b4a876bf3b8e155b07c38b3bcfdff465c2903baf6470cf2e3aab3a723b4e9e2,True,1,4488,4487,8b4a876bf3b8e155b07c38b3bcfdff465c2903baf6470cf2e3aab3a723b4e9e2,8b4a876bf3b8e155b07c38b3bcfdff465c2903baf6470cf2e3aab3a723b4e9e2,True,1
train,47,132,1022,ca6b5f6c08f02f884a00bd55586180ac5d96deccbf90b081e3da58d32fbecc79,True,1,4488,4487,ca6b5f6c08f02f884a00bd55586180ac5d96deccbf90b081e3da58d32fbecc79,ca6b5f6c08f02f884a00bd55586180ac5d96deccbf90b081e3da58d32fbecc79,True,1
train,48,137,2329,bc052cfa702e48586260e976720ba2a0c1841d9cbafa4ddabd728cacfd82bf99,True,1,4488,4487,bc052cfa702e48586260e976720ba2a0c1841d9cbafa4ddabd728cacfd82bf99,bc052cfa702e48586260e976720ba2a0c1841d9cbafa4ddabd728cacfd82bf99,True,1
train,49,139,1780,3a917084daf55b41bd25844845f41e32750dfc793ed07fd0a471371524fa17b1,True,1,4488,4487,3a917084daf55b41bd25844845f41e32750dfc793ed07fd0a471371524fa17b1,3a917084daf55b41bd25844845f41e32750dfc793ed07fd0a471371524fa17b1,True,1
train,50,144,145,196bbe904d2fc9fc7b61d3b46ea4f73b90c5c99f1e3bbd95714367e02e5fc291,True,1,4488,4487,196bbe904d2fc9fc7b61d3b46ea4f73b90c5c99f1e3bbd95714367e02e5fc291,196bbe904d2fc9fc7b61d3b46ea4f73b90c5c99f1e3bbd95714367e02e5fc291,True,1
train,51,145,537,c1d93384ae6b4d5d30c623df93ca6e3b8558749ee272379a3a7265ac8b8df71c,True,1,4488,4487,c1d93384ae6b4d5d30c623df93ca6e3b8558749ee272379a3a7265ac8b8df71c,c1d93384ae6b4d5d30c623df93ca6e3b8558749ee272379a3a7265ac8b8df71c,True,1
train,52,145,2622,a096fd40877e50089bbfa943a0141ead4b025dc29b131edf27fc9b70e1b90fd3,True,1,4488,4487,a096fd40877e50089bbfa943a0141ead4b025dc29b131edf27fc9b70e1b90fd3,a096fd40877e50089bbfa943a0141ead4b025dc29b131edf27fc9b70e1b90fd3,True,1
train,53,146,1907,72dba089ae527c3b5eac49704841b9bfdde141b86d9175bee5950b5a088925ce,True,1,4488,4487,72dba089ae527c3b5eac49704841b9bfdde141b86d9175bee5950b5a088925ce,72dba089ae527c3b5eac49704841b9bfdde141b86d9175bee5950b5a088925ce,True,1
train,54,147,1519,bbec6967c0082e1520fc8340aa6ed4b783d60d362ec85a68fcc9429c2843c1b9,True,1,4488,4487,bbec6967c0082e1520fc8340aa6ed4b783d60d362ec85a68fcc9429c2843c1b9,bbec6967c0082e1520fc8340aa6ed4b783d60d362ec85a68fcc9429c2843c1b9,True,1
train,55,149,1080,53c09401b9e968f71cabb91d9c6749b07640b6881e1cf5951e8e32f0eb0136ce,True,1,4488,4487,53c09401b9e968f71cabb91d9c6749b07640b6881e1cf5951e8e32f0eb0136ce,53c09401b9e968f71cabb91d9c6749b07640b6881e1cf5951e8e32f0eb0136ce,True,1
train,56,154,1238,30798daf8fa028dec342a27183c17d32e27238ff38748cae441896abeeb2bc0a,True,1,4488,4487,30798daf8fa028dec342a27183c17d32e27238ff38748cae441896abeeb2bc0a,30798daf8fa028dec342a27183c17d32e27238ff38748cae441896abeeb2bc0a,True,1
train,57,155,1736,74a1eb1b17d62abd388e56618b5417d0010b8d42dd91b4bdc76dc6ac32921b5d,True,1,4488,4487,74a1eb1b17d62abd388e56618b5417d0010b8d42dd91b4bdc76dc6ac32921b5d,74a1eb1b17d62abd388e56618b5417d0010b8d42dd91b4bdc76dc6ac32921b5d,True,1
train,58,155,1763,278366185577b46c7379a70507bec898c14ec8fab7cf8ef8d15e9aaaa86ab4ba,True,1,4488,4487,278366185577b46c7379a70507bec898c14ec8fab7cf8ef8d15e9aaaa86ab4ba,278366185577b46c7379a70507bec898c14ec8fab7cf8ef8d15e9aaaa86ab4ba,True,1
train,59,156,1689,30fd9095ea76294e49837e3597968b12839be369b00502f57159c6c688fa0317,True,1,4488,4487,30fd9095ea76294e49837e3597968b12839be369b00502f57159c6c688fa0317,30fd9095ea76294e49837e3597968b12839be369b00502f57159c6c688fa0317,True,1
train,60,160,2009,b9a6e5a91fb8ac360fd9c04678206786d35b0aba53628cb624a769a565672b0a,True,1,4488,4487,b9a6e5a91fb8ac360fd9c04678206786d35b0aba53628cb624a769a565672b0a,b9a6e5a91fb8ac360fd9c04678206786d35b0aba53628cb624a769a565672b0a,True,1
train,61,165,1473,0a6f051fd772ebdb70511548ee5a56301d0976f3386271a1637a15b7a314cf29,True,1,4488,4487,0a6f051fd772ebdb70511548ee5a56301d0976f3386271a1637a15b7a314cf29,0a6f051fd772ebdb70511548ee5a56301d0976f3386271a1637a15b7a314cf29,True,1
train,62,169,1994,a9fb1fdaac9fc85758bfedfd36107602a99fada284e9de5cca1a38c15c13c9da,True,1,4488,4487,a9fb1fdaac9fc85758bfedfd36107602a99fada284e9de5cca1a38c15c13c9da,a9fb1fdaac9fc85758bfedfd36107602a99fada284e9de5cca1a38c15c13c9da,True,1
train,63,176,231,cf975080a3f9696a4b53e8b71815e8819c7f87c854a2a9bf690dae798dfff915,True,1,4488,4487,cf975080a3f9696a4b53e8b71815e8819c7f87c854a2a9bf690dae798dfff915,cf975080a3f9696a4b53e8b71815e8819c7f87c854a2a9bf690dae798dfff915,True,1
train,64,177,1639,00b5e12b2f510d8e38f24a826e98e7acebb35a50d7a72ba0a01c274d99aeaea3,True,1,4488,4487,00b5e12b2f510d8e38f24a826e98e7acebb35a50d7a72ba0a01c274d99aeaea3,00b5e12b2f510d8e38f24a826e98e7acebb35a50d7a72ba0a01c274d99aeaea3,True,1
train,65,180,1807,e06f5a115bfcd347b678ab83ddd657b6a2aef6bc776136ec8cbf699d6bcfcbbf,True,1,4488,4487,e06f5a115bfcd347b678ab83ddd657b6a2aef6bc776136ec8cbf699d6bcfcbbf,e06f5a115bfcd347b678ab83ddd657b6a2aef6bc776136ec8cbf699d6bcfcbbf,True,1
train,66,186,1319,0af1fe93d401945f819ca71fb2b02418891d79b83a50f411eeb2728ba23bf99e,True,1,4488,4487,0af1fe93d401945f819ca71fb2b02418891d79b83a50f411eeb2728ba23bf99e,0af1fe93d401945f819ca71fb2b02418891d79b83a50f411eeb2728ba23bf99e,True,1
train,67,186,2580,0d0fe39800518fb3bbd3aaa1c966488f0546d46bc64640ac009b5447d472a561,True,1,4488,4487,0d0fe39800518fb3bbd3aaa1c966488f0546d46bc64640ac009b5447d472a561,0d0fe39800518fb3bbd3aaa1c966488f0546d46bc64640ac009b5447d472a561,True,1
train,68,191,1998,cc556d4e98c9dadb716e6dcbe2c92bc4fdaba522aa1c376eeccfcc0809211bc8,True,1,4488,4487,cc556d4e98c9dadb716e6dcbe2c92bc4fdaba522aa1c376eeccfcc0809211bc8,cc556d4e98c9dadb716e6dcbe2c92bc4fdaba522aa1c376eeccfcc0809211bc8,True,1
train,69,194,2646,ec24910bb87d535976af948376ef3781ada70fce36c1b9ddf483006063d3258c,True,1,4488,4487,ec24910bb87d535976af948376ef3781ada70fce36c1b9ddf483006063d3258c,ec24910bb87d535976af948376ef3781ada70fce36c1b9ddf483006063d3258c,True,1
train,70,201,2430,0c4e6a9154f2914ab69d49690fb02390f7a08887bbfa967d3e14736e059e3532,True,1,4488,4487,0c4e6a9154f2914ab69d49690fb02390f7a08887bbfa967d3e14736e059e3532,0c4e6a9154f2914ab69d49690fb02390f7a08887bbfa967d3e14736e059e3532,True,1
train,71,202,1345,fe35ed41669fd89807d9d2c7d024a2292707786c8f8a982b1cb0d862f09d0ff3,True,1,4488,4487,fe35ed41669fd89807d9d2c7d024a2292707786c8f8a982b1cb0d862f09d0ff3,fe35ed41669fd89807d9d2c7d024a2292707786c8f8a982b1cb0d862f09d0ff3,True,1
train,72,210,1626,e9877c770af1f0a289d3767bbe9c73c2f952a2ea4bc34fed46824e0fb199eb3e,True,1,4488,4487,e9877c770af1f0a289d3767bbe9c73c2f952a2ea4bc34fed46824e0fb199eb3e,e9877c770af1f0a289d3767bbe9c73c2f952a2ea4bc34fed46824e0fb199eb3e,True,1
train,73,211,1394,b35bfbe87412f108493901ce4a45b3a967e56f7220ae8bca82e55e3e7b086cd9,True,1,4488,4487,b35bfbe87412f108493901ce4a45b3a967e56f7220ae8bca82e55e3e7b086cd9,b35bfbe87412f108493901ce4a45b3a967e56f7220ae8bca82e55e3e7b086cd9,True,1
train,74,211,1908,d8cc54d52ecea5901b28ff841b31d531359cdd168138b4331f4ef4799d2aacd5,True,1,4488,4487,d8cc54d52ecea5901b28ff841b31d531359cdd168138b4331f4ef4799d2aacd5,d8cc54d52ecea5901b28ff841b31d531359cdd168138b4331f4ef4799d2aacd5,True,1
train,75,212,1290,b43a1e0fcba2f974e2a3035ff43fd5bd20297a8e0ad0d0778f1e68565bac7f04,True,1,4488,4487,b43a1e0fcba2f974e2a3035ff43fd5bd20297a8e0ad0d0778f1e68565bac7f04,b43a1e0fcba2f974e2a3035ff43fd5bd20297a8e0ad0d0778f1e68565bac7f04,True,1
train,76,213,1593,da2b03e3fd6d2ca737c1bea850fce2b7603aa6d94c62405241e5327d313bf358,True,1,4488,4487,da2b03e3fd6d2ca737c1bea850fce2b7603aa6d94c62405241e5327d313bf358,da2b03e3fd6d2ca737c1bea850fce2b7603aa6d94c62405241e5327d313bf358,True,1
train,77,217,2474,f24d78b9ff5881c288e5de29816421507535cd8b93047168bff45b4f18d50bc6,True,1,4488,4487,f24d78b9ff5881c288e5de29816421507535cd8b93047168bff45b4f18d50bc6,f24d78b9ff5881c288e5de29816421507535cd8b93047168bff45b4f18d50bc6,True,1
train,78,223,1761,700afef148de0359daf6d34c2493ef7d677bce2edd1320fcebccd1b54aaddac3,True,1,4488,4487,700afef148de0359daf6d34c2493ef7d677bce2edd1320fcebccd1b54aaddac3,700afef148de0359daf6d34c2493ef7d677bce2edd1320fcebccd1b54aaddac3,True,1
train,79,236,1072,b1d612c392a9fd90c7dee5b89ca42f4c9a3c0f421e95bef69051d6fa96740a7a,True,1,4488,4487,b1d612c392a9fd90c7dee5b89ca42f4c9a3c0f421e95bef69051d6fa96740a7a,b1d612c392a9fd90c7dee5b89ca42f4c9a3c0f421e95bef69051d6fa96740a7a,True,1
train,80,238,1828,78da73241107660ffdcddf6be58807d41380a311f95ed39ba3bdd173a7d46c7a,True,1,4488,4487,78da73241107660ffdcddf6be58807d41380a311f95ed39ba3bdd173a7d46c7a,78da73241107660ffdcddf6be58807d41380a311f95ed39ba3bdd173a7d46c7a,True,1
train,81,239,2418,a6ff776fa2a36fb2e2bbada9e4e2c5a2d0e42495f1ed7e97d5eea6333708a098,True,1,4488,4487,a6ff776fa2a36fb2e2bbada9e4e2c5a2d0e42495f1ed7e97d5eea6333708a098,a6ff776fa2a36fb2e2bbada9e4e2c5a2d0e42495f1ed7e97d5eea6333708a098,True,1
train,82,242,279,f5e8ef0bceb52207fba2b6bc7074bb3bfe846b4ac2b301ad37346d54c6ff1857,True,1,4488,4487,f5e8ef0bceb52207fba2b6bc7074bb3bfe846b4ac2b301ad37346d54c6ff1857,f5e8ef0bceb52207fba2b6bc7074bb3bfe846b4ac2b301ad37346d54c6ff1857,True,1
train,83,242,838,90602ea958ae7a44335b401d39d68e3451068a7149ff8aedd43e8ef220814de9,True,1,4488,4487,90602ea958ae7a44335b401d39d68e3451068a7149ff8aedd43e8ef220814de9,90602ea958ae7a44335b401d39d68e3451068a7149ff8aedd43e8ef220814de9,True,1
train,84,243,2474,3c790f885d3d25de8f19f97540ac76b0950808d520e9d32e5ec105ca232310fd,True,1,4488,4487,3c790f885d3d25de8f19f97540ac76b0950808d520e9d32e5ec105ca232310fd,3c790f885d3d25de8f19f97540ac76b0950808d520e9d32e5ec105ca232310fd,True,1
train,85,246,936,33ac605dde41b7533caf946b6cef91be56f032e31ecabea21b5c0971a7475405,True,1,4488,4487,33ac605dde41b7533caf946b6cef91be56f032e31ecabea21b5c0971a7475405,33ac605dde41b7533caf946b6cef91be56f032e31ecabea21b5c0971a7475405,True,1
train,86,248,1964,2a1e8f0a784276caac62834b7dd7f41a92adffd958f58a2072c8c233eed0f75b,True,1,4488,4487,2a1e8f0a784276caac62834b7dd7f41a92adffd958f58a2072c8c233eed0f75b,2a1e8f0a784276caac62834b7dd7f41a92adffd958f58a2072c8c233eed0f75b,True,1
train,87,251,1413,3a11098a5ff45ee5ff73c860b458c242232feedaa0bd565a78b4305f7a1ea66d,True,1,4488,4487,3a11098a5ff45ee5ff73c860b458c242232feedaa0bd565a78b4305f7a1ea66d,3a11098a5ff45ee5ff73c860b458c242232feedaa0bd565a78b4305f7a1ea66d,True,1
train,88,257,1388,7f99e4bd622f323a83db5bc4d47a22de9abb95c036b602f551d2243211b85171,True,1,4488,4487,7f99e4bd622f323a83db5bc4d47a22de9abb95c036b602f551d2243211b85171,7f99e4bd622f323a83db5bc4d47a22de9abb95c036b602f551d2243211b85171,True,1
train,89,258,1153,8319cc41356a8ab610535df4945316fec514526a918c25fa6439e2b63b12bfae,True,1,4488,4487,8319cc41356a8ab610535df4945316fec514526a918c25fa6439e2b63b12bfae,8319cc41356a8ab610535df4945316fec514526a918c25fa6439e2b63b12bfae,True,1
train,90,258,1401,051f0b5a099d3c65c45c111cecf0f73084e4e4f5d8f9db3cf555428f5353e7b6,True,1,4488,4487,051f0b5a099d3c65c45c111cecf0f73084e4e4f5d8f9db3cf555428f5353e7b6,051f0b5a099d3c65c45c111cecf0f73084e4e4f5d8f9db3cf555428f5353e7b6,True,1
train,91,264,844,3a30020232ef6010cf288db92026e5af4a019d7432796b3e3284f6d8294146c3,True,1,4488,4487,3a30020232ef6010cf288db92026e5af4a019d7432796b3e3284f6d8294146c3,3a30020232ef6010cf288db92026e5af4a019d7432796b3e3284f6d8294146c3,True,1
train,92,270,1195,e2c72a7ed917b4c8b4e4b9f1d4919c5f4170789daffba3c6522cc33d92437aaf,True,1,4488,4487,e2c72a7ed917b4c8b4e4b9f1d4919c5f4170789daffba3c6522cc33d92437aaf,e2c72a7ed917b4c8b4e4b9f1d4919c5f4170789daffba3c6522cc33d92437aaf,True,1
train,93,271,1970,997e3b75af72df6336a2dc199ad52490690b90978ed50b3a81c4fad60d69f29a,True,1,4488,4487,997e3b75af72df6336a2dc199ad52490690b90978ed50b3a81c4fad60d69f29a,997e3b75af72df6336a2dc199ad52490690b90978ed50b3a81c4fad60d69f29a,True,1
train,94,280,2155,318a8309922619f72b814fa51993fe0c728e7ba4d753f79763fc1a3bf8aa058e,True,1,4488,4487,318a8309922619f72b814fa51993fe0c728e7ba4d753f79763fc1a3bf8aa058e,318a8309922619f72b814fa51993fe0c728e7ba4d753f79763fc1a3bf8aa058e,True,1
train,95,284,2223,866abece1ce0d9b63111e48183617c4aef77def7114821572416d9f3629568c7,True,1,4488,4487,866abece1ce0d9b63111e48183617c4aef77def7114821572416d9f3629568c7,866abece1ce0d9b63111e48183617c4aef77def7114821572416d9f3629568c7,True,1
train,96,286,442,93bcd1db8511b71f8302eeb4d9e86fb34566065a0ce57bc9d8f81aa0e09c0009,True,1,4488,4487,93bcd1db8511b71f8302eeb4d9e86fb34566065a0ce57bc9d8f81aa0e09c0009,93bcd1db8511b71f8302eeb4d9e86fb34566065a0ce57bc9d8f81aa0e09c0009,True,1
train,97,296,732,5dd40794210e359fb26b25cc1d1af6f415812a4fb9f03ddcf4ebb64e0bb8cae3,True,1,4488,4487,5dd40794210e359fb26b25cc1d1af6f415812a4fb9f03ddcf4ebb64e0bb8cae3,5dd40794210e359fb26b25cc1d1af6f415812a4fb9f03ddcf4ebb64e0bb8cae3,True,1
train,98,305,1416,b3f08bc0056f6df5fdd56ae0e233cfb5c0f937a65722565f431b3a688eb7589e,True,1,4488,4487,b3f08bc0056f6df5fdd56ae0e233cfb5c0f937a65722565f431b3a688eb7589e,b3f08bc0056f6df5fdd56ae0e233cfb5c0f937a65722565f431b3a688eb7589e,True,1
train,99,306,476,da5c39dc363b416a16e124e81e4167f086f2ae86ff4c43720459159c8500c439,True,1,4488,4487,da5c39dc363b416a16e124e81e4167f086f2ae86ff4c43720459159c8500c439,da5c39dc363b416a16e124e81e4167f086f2ae86ff4c43720459159c8500c439,True,1
train,100,306,581,efdc4128aad097ad5d7c46e8a26726f71deaa5b216afb09c7164878487719e6a,True,1,4488,4487,efdc4128aad097ad5d7c46e8a26726f71deaa5b216afb09c7164878487719e6a,efdc4128aad097ad5d7c46e8a26726f71deaa5b216afb09c7164878487719e6a,True,1
train,101,306,608,38fed9acf9f594142823dc831b181e0d631a6f4cc79889a1c2f47c479e80d3b7,True,1,4488,4487,38fed9acf9f594142823dc831b181e0d631a6f4cc79889a1c2f47c479e80d3b7,38fed9acf9f594142823dc831b181e0d631a6f4cc79889a1c2f47c479e80d3b7,True,1
train,102,306,887,b69210c4fbd370b6ec8e1cc591d910620c1223ae4877ff5115bfe69f7edbbac9,True,1,4488,4487,b69210c4fbd370b6ec8e1cc591d910620c1223ae4877ff5115bfe69f7edbbac9,b69210c4fbd370b6ec8e1cc591d910620c1223ae4877ff5115bfe69f7edbbac9,True,1
train,103,306,1572,30c81c920cb8c173634102e02aa8639d0ad74204f6405b59bb35a29f510ffcaf,True,1,4488,4487,30c81c920cb8c173634102e02aa8639d0ad74204f6405b59bb35a29f510ffcaf,30c81c920cb8c173634102e02aa8639d0ad74204f6405b59bb35a29f510ffcaf,True,1
train,104,306,1584,ad92a524256a4f3d2b56ebcaf31e8ed5f564dff4bdc38a683fe00cb7e005575d,True,1,4488,4487,ad92a524256a4f3d2b56ebcaf31e8ed5f564dff4bdc38a683fe00cb7e005575d,ad92a524256a4f3d2b56ebcaf31e8ed5f564dff4bdc38a683fe00cb7e005575d,True,1
train,105,306,1772,d3460b778b227e82681c85dc21321e9eef43379198576161c6b5c6464dd513ab,True,1,4488,4487,d3460b778b227e82681c85dc21321e9eef43379198576161c6b5c6464dd513ab,d3460b778b227e82681c85dc21321e9eef43379198576161c6b5c6464dd513ab,True,1
train,106,308,2045,e61bc2dbe08716ba11393e59ae9787e87c8ae41063bc3d3210348ef0cb5ff35a,True,1,4488,4487,e61bc2dbe08716ba11393e59ae9787e87c8ae41063bc3d3210348ef0cb5ff35a,e61bc2dbe08716ba11393e59ae9787e87c8ae41063bc3d3210348ef0cb5ff35a,True,1
train,107,311,1865,9215b935c24e3d0e5b10dd7a66d30835ff63284532a5513afb215f62327d7cbc,True,1,4488,4487,9215b935c24e3d0e5b10dd7a66d30835ff63284532a5513afb215f62327d7cbc,9215b935c24e3d0e5b10dd7a66d30835ff63284532a5513afb215f62327d7cbc,True,1
train,108,313,2296,a010caa036f10c4490ac296bac0129d7292ec4f864e6a3476c26411d9b07792b,True,1,4488,4487,a010caa036f10c4490ac296bac0129d7292ec4f864e6a3476c26411d9b07792b,a010caa036f10c4490ac296bac0129d7292ec4f864e6a3476c26411d9b07792b,True,1
train,109,314,2000,9220389a8a6b0e0408bdd318bd4c1046111482d4512db9f29d90cd3f26098769,True,1,4488,4487,9220389a8a6b0e0408bdd318bd4c1046111482d4512db9f29d90cd3f26098769,9220389a8a6b0e0408bdd318bd4c1046111482d4512db9f29d90cd3f26098769,True,1
train,110,315,423,a40726357a00f281824ff4a10c46a63adf6dceda047078754f3a493118a95a73,True,1,4488,4487,a40726357a00f281824ff4a10c46a63adf6dceda047078754f3a493118a95a73,a40726357a00f281824ff4a10c46a63adf6dceda047078754f3a493118a95a73,True,1
train,111,316,845,281b1694fc474c988ed84b1f743399d3fdf09ebfaa92232cf7ca4368105e1bfe,True,1,4488,4487,281b1694fc474c988ed84b1f743399d3fdf09ebfaa92232cf7ca4368105e1bfe,281b1694fc474c988ed84b1f743399d3fdf09ebfaa92232cf7ca4368105e1bfe,True,1
train,112,321,1083,ad16dac2f756ec933cdbcdfba72e698c0124cb25757eb8db11fc9a8174f0d99d,True,1,4488,4487,ad16dac2f756ec933cdbcdfba72e698c0124cb25757eb8db11fc9a8174f0d99d,ad16dac2f756ec933cdbcdfba72e698c0124cb25757eb8db11fc9a8174f0d99d,True,1
train,113,326,1754,94d927f6228c89cfb8397c31d0de6aceba79c0cff1589e70e60309efc45fbc82,True,1,4488,4487,94d927f6228c89cfb8397c31d0de6aceba79c0cff1589e70e60309efc45fbc82,94d927f6228c89cfb8397c31d0de6aceba79c0cff1589e70e60309efc45fbc82,True,1
train,114,327,2063,d734367cda098ba45ae1ed5092bd434768a8f0da7035b5c023007f3b7305f2ac,True,1,4488,4487,d734367cda098ba45ae1ed5092bd434768a8f0da7035b5c023007f3b7305f2ac,d734367cda098ba45ae1ed5092bd434768a8f0da7035b5c023007f3b7305f2ac,True,1
train,115,327,2064,3dd2a5e1a31fcd8b1a8b056e957141dc8d1596518a0cea306000e8e8b22fa835,True,1,4488,4487,3dd2a5e1a31fcd8b1a8b056e957141dc8d1596518a0cea306000e8e8b22fa835,3dd2a5e1a31fcd8b1a8b056e957141dc8d1596518a0cea306000e8e8b22fa835,True,1
train,116,329,2598,01a27b05c986ca757b51ee14e7f7d3d244f8b4a8fcae40a3cd139b50c17649b6,True,1,4488,4487,01a27b05c986ca757b51ee14e7f7d3d244f8b4a8fcae40a3cd139b50c17649b6,01a27b05c986ca757b51ee14e7f7d3d244f8b4a8fcae40a3cd139b50c17649b6,True,1
train,117,344,2323,426f8ce39ef8bfe7b0845fb7ca2de9ef074d80580b20d800c845f50e88c57fd4,True,1,4488,4487,426f8ce39ef8bfe7b0845fb7ca2de9ef074d80580b20d800c845f50e88c57fd4,426f8ce39ef8bfe7b0845fb7ca2de9ef074d80580b20d800c845f50e88c57fd4,True,1
train,118,346,999,0a5e941d436b195a358933808e12dbf8c3488e08e322e820aa57fadcf7943aaf,True,1,4488,4487,0a5e941d436b195a358933808e12dbf8c3488e08e322e820aa57fadcf7943aaf,0a5e941d436b195a358933808e12dbf8c3488e08e322e820aa57fadcf7943aaf,True,1
train,119,348,2248,00618f17a4621c1a927bc06a67b28625ad81174468f2677e4c5c080e3ab920da,True,1,4488,4487,00618f17a4621c1a927bc06a67b28625ad81174468f2677e4c5c080e3ab920da,00618f17a4621c1a927bc06a67b28625ad81174468f2677e4c5c080e3ab920da,True,1
train,120,348,2250,13791c64700c6a4c185e765cab4b29c4bcc30dcd367f79c6276f5fa340217707,True,1,4488,4487,13791c64700c6a4c185e765cab4b29c4bcc30dcd367f79c6276f5fa340217707,13791c64700c6a4c185e765cab4b29c4bcc30dcd367f79c6276f5fa340217707,True,1
train,121,351,1810,c3b15e29618e3141d1c2e557912285120ef6067e57850b7c98c7550ec74acb28,True,1,4488,4487,c3b15e29618e3141d1c2e557912285120ef6067e57850b7c98c7550ec74acb28,c3b15e29618e3141d1c2e557912285120ef6067e57850b7c98c7550ec74acb28,True,1
train,122,352,1294,f5f4674c80992e7a1a839965401d72e03e75fada34fa4b70e8a7fd87731c428a,True,1,4488,4487,f5f4674c80992e7a1a839965401d72e03e75fada34fa4b70e8a7fd87731c428a,f5f4674c80992e7a1a839965401d72e03e75fada34fa4b70e8a7fd87731c428a,True,1
train,123,359,389,d4e526b8fd20d8f4cd2647efc97ac791259a341b20fc2584d4a882d68643b3b9,True,1,4488,4487,d4e526b8fd20d8f4cd2647efc97ac791259a341b20fc2584d4a882d68643b3b9,d4e526b8fd20d8f4cd2647efc97ac791259a341b20fc2584d4a882d68643b3b9,True,1
train,124,360,1409,1b62d6d6108a0246d960bf95ad9cdf869318dbaadd13e06c8e77c136c24d9006,True,1,4488,4487,1b62d6d6108a0246d960bf95ad9cdf869318dbaadd13e06c8e77c136c24d9006,1b62d6d6108a0246d960bf95ad9cdf869318dbaadd13e06c8e77c136c24d9006,True,1
train,125,364,1606,7dce040c632110a696b83ad0280772f552291bed74c87a3952de7026a0b375b7,True,1,4488,4487,7dce040c632110a696b83ad0280772f552291bed74c87a3952de7026a0b375b7,7dce040c632110a696b83ad0280772f552291bed74c87a3952de7026a0b375b7,True,1
train,126,364,1756,22eea61c1070089d02911e1125f598685b219bda06191915010acfb6c7541351,True,1,4488,4487,22eea61c1070089d02911e1125f598685b219bda06191915010acfb6c7541351,22eea61c1070089d02911e1125f598685b219bda06191915010acfb6c7541351,True,1
train,127,365,2469,f6cb1dbdfa8d2d310dee9dbbd940428e1a16ef9b968a660d98a8f54558d17ebc,True,1,4488,4487,f6cb1dbdfa8d2d310dee9dbbd940428e1a16ef9b968a660d98a8f54558d17ebc,f6cb1dbdfa8d2d310dee9dbbd940428e1a16ef9b968a660d98a8f54558d17ebc,True,1
train,128,366,1986,b6abaa18a7844c82d218087eaf45d6e0462dda20089059f836a2a722e4a48c6b,True,1,4488,4487,b6abaa18a7844c82d218087eaf45d6e0462dda20089059f836a2a722e4a48c6b,b6abaa18a7844c82d218087eaf45d6e0462dda20089059f836a2a722e4a48c6b,True,1
train,129,379,904,113fa6cb1317c3ba0a76753bdac9b8cac614c1cd4a87c36c5d5e132ec7022e28,True,1,4488,4487,113fa6cb1317c3ba0a76753bdac9b8cac614c1cd4a87c36c5d5e132ec7022e28,113fa6cb1317c3ba0a76753bdac9b8cac614c1cd4a87c36c5d5e132ec7022e28,True,1
train,130,392,1825,0a55c18487d670e6fd560e6cd8c13494b0c0dc6fe9eab23469ab7ee631fdcaa3,True,1,4488,4487,0a55c18487d670e6fd560e6cd8c13494b0c0dc6fe9eab23469ab7ee631fdcaa3,0a55c18487d670e6fd560e6cd8c13494b0c0dc6fe9eab23469ab7ee631fdcaa3,True,1
train,131,397,1096,0bb11da4a1f38162c86aa0638c2fa6122401c2831c62f8f28db0a3162198b67f,True,1,4488,4487,0bb11da4a1f38162c86aa0638c2fa6122401c2831c62f8f28db0a3162198b67f,0bb11da4a1f38162c86aa0638c2fa6122401c2831c62f8f28db0a3162198b67f,True,1
train,132,399,544,7960afc91e0f352821ea81121fce964a0ad7917da397a8ed2b5c7b574af4d3ae,True,1,4488,4487,7960afc91e0f352821ea81121fce964a0ad7917da397a8ed2b5c7b574af4d3ae,7960afc91e0f352821ea81121fce964a0ad7917da397a8ed2b5c7b574af4d3ae,True,1
train,133,399,1089,b2a53bafaa67d4e942fa53e52092861fc9e365958f36ccf5875b2e61c9b90719,True,1,4488,4487,b2a53bafaa67d4e942fa53e52092861fc9e365958f36ccf5875b2e61c9b90719,b2a53bafaa67d4e942fa53e52092861fc9e365958f36ccf5875b2e61c9b90719,True,1
train,134,406,2505,5a65f3a1c932710330e50493a692bb4eb762b2f1a66b374c342c1e70b005e422,True,1,4488,4487,5a65f3a1c932710330e50493a692bb4eb762b2f1a66b374c342c1e70b005e422,5a65f3a1c932710330e50493a692bb4eb762b2f1a66b374c342c1e70b005e422,True,1
train,135,407,695,b803611ba3eb904ce7d7603bce8ac542c212942da677ea82fb5d624ecb75fcd8,True,1,4488,4487,b803611ba3eb904ce7d7603bce8ac542c212942da677ea82fb5d624ecb75fcd8,b803611ba3eb904ce7d7603bce8ac542c212942da677ea82fb5d624ecb75fcd8,True,1
train,136,408,734,3f4742459568807f53b75d3d7a099af240090fb9419c0c229faae2ce841ba30c,True,1,4488,4487,3f4742459568807f53b75d3d7a099af240090fb9419c0c229faae2ce841ba30c,3f4742459568807f53b75d3d7a099af240090fb9419c0c229faae2ce841ba30c,True,1
train,137,408,1841,ed7f82c73efababa51b64289e6cf2094d5c6b52ce42d1b9b20aacc7fc061c1ac,True,1,4488,4487,ed7f82c73efababa51b64289e6cf2094d5c6b52ce42d1b9b20aacc7fc061c1ac,ed7f82c73efababa51b64289e6cf2094d5c6b52ce42d1b9b20aacc7fc061c1ac,True,1
train,138,411,2609,704c4d876d162d9da3d670b4e5f9c4a04e7ffb552d987c6d539ac984338eb620,True,1,4488,4487,704c4d876d162d9da3d670b4e5f9c4a04e7ffb552d987c6d539ac984338eb620,704c4d876d162d9da3d670b4e5f9c4a04e7ffb552d987c6d539ac984338eb620,True,1
train,139,415,966,fd59aea496758964165a185a5c069ff6b1af7416e8bd2d0611a56b5c81581168,True,1,4488,4487,fd59aea496758964165a185a5c069ff6b1af7416e8bd2d0611a56b5c81581168,fd59aea496758964165a185a5c069ff6b1af7416e8bd2d0611a56b5c81581168,True,1
train,140,415,1527,9c1d4095f8397fe22169182841d2a72575285d9ffb8ea25d26829c5bc36d18f9,True,1,4488,4487,9c1d4095f8397fe22169182841d2a72575285d9ffb8ea25d26829c5bc36d18f9,9c1d4095f8397fe22169182841d2a72575285d9ffb8ea25d26829c5bc36d18f9,True,1
train,141,422,545,940599b2b764deb205862cd997e2844215bfdcbb646c16c9b6d312fb01b9b213,True,1,4488,4487,940599b2b764deb205862cd997e2844215bfdcbb646c16c9b6d312fb01b9b213,940599b2b764deb205862cd997e2844215bfdcbb646c16c9b6d312fb01b9b213,True,1
train,142,427,565,bd92b82277b08949dd8ab8295cd4a7d9a8275f60a3226355a1cdc4194054f65a,True,1,4488,4487,bd92b82277b08949dd8ab8295cd4a7d9a8275f60a3226355a1cdc4194054f65a,bd92b82277b08949dd8ab8295cd4a7d9a8275f60a3226355a1cdc4194054f65a,True,1
train,143,428,996,29c475a5f794eadda5761bff9bfb0ba0e8312929bf748c6af5e03e5a73c5ae35,True,1,4488,4487,29c475a5f794eadda5761bff9bfb0ba0e8312929bf748c6af5e03e5a73c5ae35,29c475a5f794eadda5761bff9bfb0ba0e8312929bf748c6af5e03e5a73c5ae35,True,1
train,144,428,1257,509e9c74462d04a6aeeda527420d7664fa0834214951dd645171f4e5298e46f0,True,1,4488,4487,509e9c74462d04a6aeeda527420d7664fa0834214951dd645171f4e5298e46f0,509e9c74462d04a6aeeda527420d7664fa0834214951dd645171f4e5298e46f0,True,1
train,145,429,2044,76d3e637da72b92940d21cada42837c0c28aab631045b9d923032f32a07f409a,True,1,4488,4487,76d3e637da72b92940d21cada42837c0c28aab631045b9d923032f32a07f409a,76d3e637da72b92940d21cada42837c0c28aab631045b9d923032f32a07f409a,True,1
train,146,432,1597,910d919854862b018f5e7cb7cc1d3886f6796609e098d65f300542602c00a630,True,1,4488,4487,910d919854862b018f5e7cb7cc1d3886f6796609e098d65f300542602c00a630,910d919854862b018f5e7cb7cc1d3886f6796609e098d65f300542602c00a630,True,1
train,147,436,483,8b9da1a17aa08b2d0a879d7e8dd7cb565a58bf4ea405c3f0e0c81a32be12ad09,True,1,4488,4487,8b9da1a17aa08b2d0a879d7e8dd7cb565a58bf4ea405c3f0e0c81a32be12ad09,8b9da1a17aa08b2d0a879d7e8dd7cb565a58bf4ea405c3f0e0c81a32be12ad09,True,1
train,148,436,498,3754fe4dbd8d622a1b1532ee31132af97ff9f0f4fe700ad04c6bce4124b13eb5,True,1,4488,4487,3754fe4dbd8d622a1b1532ee31132af97ff9f0f4fe700ad04c6bce4124b13eb5,3754fe4dbd8d622a1b1532ee31132af97ff9f0f4fe700ad04c6bce4124b13eb5,True,1
train,149,436,816,743ed115c9e8d6487b3c79625381c9843bf678e9c6baa855c808b7b28f6cdd9f,True,1,4488,4487,743ed115c9e8d6487b3c79625381c9843bf678e9c6baa855c808b7b28f6cdd9f,743ed115c9e8d6487b3c79625381c9843bf678e9c6baa855c808b7b28f6cdd9f,True,1
train,150,443,1010,3474248533a67deb76759795eb637c4b29161f0f5d9bec5deddbfa489cab0baa,True,1,4488,4487,3474248533a67deb76759795eb637c4b29161f0f5d9bec5deddbfa489cab0baa,3474248533a67deb76759795eb637c4b29161f0f5d9bec5deddbfa489cab0baa,True,1
train,151,454,2189,aa686fe593f7b51ee36a16d70ad8a6cbb92685cee349140e2f004372ff7285d6,True,1,4488,4487,aa686fe593f7b51ee36a16d70ad8a6cbb92685cee349140e2f004372ff7285d6,aa686fe593f7b51ee36a16d70ad8a6cbb92685cee349140e2f004372ff7285d6,True,1
train,152,455,1664,5f1cdb6c7a7d81a20906c81b3cd70b37e8410e72850c7775d06baeef6dae6c5e,True,1,4488,4487,5f1cdb6c7a7d81a20906c81b3cd70b37e8410e72850c7775d06baeef6dae6c5e,5f1cdb6c7a7d81a20906c81b3cd70b37e8410e72850c7775d06baeef6dae6c5e,True,1
train,153,456,1580,4e61a9c9572a9ca0802be439d0ef1a8026b224b58e6e950c97e965c231772a16,True,1,4488,4487,4e61a9c9572a9ca0802be439d0ef1a8026b224b58e6e950c97e965c231772a16,4e61a9c9572a9ca0802be439d0ef1a8026b224b58e6e950c97e965c231772a16,True,1
train,154,456,2199,f6f72271950db86f19e522cc23735ba45a1603d34a5a729a3d73dc1eb7761d69,True,1,4488,4487,f6f72271950db86f19e522cc23735ba45a1603d34a5a729a3d73dc1eb7761d69,f6f72271950db86f19e522cc23735ba45a1603d34a5a729a3d73dc1eb7761d69,True,1
train,155,457,2215,9774cb24303c272adcde56ae326c2730c55b8f39379b10ed911ff4bd630c0362,True,1,4488,4487,9774cb24303c272adcde56ae326c2730c55b8f39379b10ed911ff4bd630c0362,9774cb24303c272adcde56ae326c2730c55b8f39379b10ed911ff4bd630c0362,True,1
train,156,482,1812,145cfe0553affbb30ba97e84a165fcb7ff3767ab9e8d94bc517cb8a5359685ca,True,1,4488,4487,145cfe0553affbb30ba97e84a165fcb7ff3767ab9e8d94bc517cb8a5359685ca,145cfe0553affbb30ba97e84a165fcb7ff3767ab9e8d94bc517cb8a5359685ca,True,1
train,157,482,2307,261faa8f68548983c6fbb0709e9b29f1bc202f7b7dafd000a94aa425cbfa6186,True,1,4488,4487,261faa8f68548983c6fbb0709e9b29f1bc202f7b7dafd000a94aa425cbfa6186,261faa8f68548983c6fbb0709e9b29f1bc202f7b7dafd000a94aa425cbfa6186,True,1
train,158,484,2046,a7340e84aab101e763a6cdbf4eba902df621596f49d3770afef49ef728cd301c,True,1,4488,4487,a7340e84aab101e763a6cdbf4eba902df621596f49d3770afef49ef728cd301c,a7340e84aab101e763a6cdbf4eba902df621596f49d3770afef49ef728cd301c,True,1
train,159,486,2667,db7ad66c73b18b67aafb418915f870675faf7081f07b724bccf0e415f2af929f,True,1,4488,4487,db7ad66c73b18b67aafb418915f870675faf7081f07b724bccf0e415f2af929f,db7ad66c73b18b67aafb418915f870675faf7081f07b724bccf0e415f2af929f,True,1
train,160,487,1782,2e31fd3677f65d1f80929ac4db0b8104bb374c799915f6f79cd636ac3cb24036,True,1,4488,4487,2e31fd3677f65d1f80929ac4db0b8104bb374c799915f6f79cd636ac3cb24036,2e31fd3677f65d1f80929ac4db0b8104bb374c799915f6f79cd636ac3cb24036,True,1
train,161,490,1309,fa2fe103d2fcbe92e6044cd69d713eed32ccdcaf677fc4c9435ed4a51e686aed,True,1,4488,4487,fa2fe103d2fcbe92e6044cd69d713eed32ccdcaf677fc4c9435ed4a51e686aed,fa2fe103d2fcbe92e6044cd69d713eed32ccdcaf677fc4c9435ed4a51e686aed,True,1
train,162,492,956,e8b1757c94e6ca13deef922ecf694af803bff2d9e332c4e89dde9b6cf092a58b,True,1,4488,4487,e8b1757c94e6ca13deef922ecf694af803bff2d9e332c4e89dde9b6cf092a58b,e8b1757c94e6ca13deef922ecf694af803bff2d9e332c4e89dde9b6cf092a58b,True,1
train,163,504,2394,9fbf6c8459c1baf8ec2cbcc3c6ff1c86a3dc149d725b18c5782ca3823783dd10,True,1,4488,4487,9fbf6c8459c1baf8ec2cbcc3c6ff1c86a3dc149d725b18c5782ca3823783dd10,9fbf6c8459c1baf8ec2cbcc3c6ff1c86a3dc149d725b18c5782ca3823783dd10,True,1
train,164,506,1352,a844f947eb8c9c252e939670d1b1edf7f31d1b474fd909fded019c788f5770ac,True,1,4488,4487,a844f947eb8c9c252e939670d1b1edf7f31d1b474fd909fded019c788f5770ac,a844f947eb8c9c252e939670d1b1edf7f31d1b474fd909fded019c788f5770ac,True,1
train,165,507,1933,6f2aefb60bab006143168fe5452531e17f9b763043f202556c574052a46331e1,True,1,4488,4487,6f2aefb60bab006143168fe5452531e17f9b763043f202556c574052a46331e1,6f2aefb60bab006143168fe5452531e17f9b763043f202556c574052a46331e1,True,1
train,166,510,1013,7e129a1aadf8a1bab5c36fcd3f5bac9dfc7378c01fb2a88c26c96a5389c0aeb3,True,1,4488,4487,7e129a1aadf8a1bab5c36fcd3f5bac9dfc7378c01fb2a88c26c96a5389c0aeb3,7e129a1aadf8a1bab5c36fcd3f5bac9dfc7378c01fb2a88c26c96a5389c0aeb3,True,1
train,167,513,657,4e013430e14e1b967beb17978484c3074a5f05bedaf4b1868c6f75987a2a9063,True,1,4488,4487,4e013430e14e1b967beb17978484c3074a5f05bedaf4b1868c6f75987a2a9063,4e013430e14e1b967beb17978484c3074a5f05bedaf4b1868c6f75987a2a9063,True,1
train,168,514,1314,dc70c564f060e2f6825da6696fee37e6d85915b4dba8aad98c03abe12690f324,True,1,4488,4487,dc70c564f060e2f6825da6696fee37e6d85915b4dba8aad98c03abe12690f324,dc70c564f060e2f6825da6696fee37e6d85915b4dba8aad98c03abe12690f324,True,1
train,169,524,979,5e6a03edb90c1c658dc81cf7104bbd1f36f7af03ae15dbb77dfa8657f73c69ff,True,1,4488,4487,5e6a03edb90c1c658dc81cf7104bbd1f36f7af03ae15dbb77dfa8657f73c69ff,5e6a03edb90c1c658dc81cf7104bbd1f36f7af03ae15dbb77dfa8657f73c69ff,True,1
train,170,524,1358,085ffabc0a15f20726a64a9d077f1edc64287bb54d767e6fddda9cac23791860,True,1,4488,4487,085ffabc0a15f20726a64a9d077f1edc64287bb54d767e6fddda9cac23791860,085ffabc0a15f20726a64a9d077f1edc64287bb54d767e6fddda9cac23791860,True,1
train,171,525,1540,276921bf0996725fe89e825c24d4f8c357e4e4f3cf27ecaa8a02f137e883af92,True,1,4488,4487,276921bf0996725fe89e825c24d4f8c357e4e4f3cf27ecaa8a02f137e883af92,276921bf0996725fe89e825c24d4f8c357e4e4f3cf27ecaa8a02f137e883af92,True,1
train,172,525,2183,97ce8309112b0b9e2c4bcd2ed746a371b8083002f143868ff30db577adfab8f4,True,1,4488,4487,97ce8309112b0b9e2c4bcd2ed746a371b8083002f143868ff30db577adfab8f4,97ce8309112b0b9e2c4bcd2ed746a371b8083002f143868ff30db577adfab8f4,True,1
train,173,526,1742,8b14e16b6f253559b93e2db99739b9c96a8c67f0e8ed6402a3e78a0b2d622683,True,1,4488,4487,8b14e16b6f253559b93e2db99739b9c96a8c67f0e8ed6402a3e78a0b2d622683,8b14e16b6f253559b93e2db99739b9c96a8c67f0e8ed6402a3e78a0b2d622683,True,1
train,174,530,1505,e2bb26bc59c03c5c02b44c4d214191ef028a7a5ceb354a858002ef9d4179c755,True,1,4488,4487,e2bb26bc59c03c5c02b44c4d214191ef028a7a5ceb354a858002ef9d4179c755,e2bb26bc59c03c5c02b44c4d214191ef028a7a5ceb354a858002ef9d4179c755,True,1
train,175,541,1896,338b96738dc636ca22283e47a81465c07c4a9dc725e7ed9cc632492d020cdc6f,True,1,4488,4487,338b96738dc636ca22283e47a81465c07c4a9dc725e7ed9cc632492d020cdc6f,338b96738dc636ca22283e47a81465c07c4a9dc725e7ed9cc632492d020cdc6f,True,1
train,176,544,1580,d725d9ac58360d1311b874a3206726006527c2d00410d835abd2c7c0a8bbe102,True,1,4488,4487,d725d9ac58360d1311b874a3206726006527c2d00410d835abd2c7c0a8bbe102,d725d9ac58360d1311b874a3206726006527c2d00410d835abd2c7c0a8bbe102,True,1
train,177,552,2201,1a99db1dd17ca27d69219263e24adf8feee948bf75087d84e07f81df5d4310e4,True,1,4488,4487,1a99db1dd17ca27d69219263e24adf8feee948bf75087d84e07f81df5d4310e4,1a99db1dd17ca27d69219263e24adf8feee948bf75087d84e07f81df5d4310e4,True,1
train,178,564,2476,cfecebf62d858e9f696f89855090863c3c9fecd0de4890a99abbe0799d43c74f,True,1,4488,4487,cfecebf62d858e9f696f89855090863c3c9fecd0de4890a99abbe0799d43c74f,cfecebf62d858e9f696f89855090863c3c9fecd0de4890a99abbe0799d43c74f,True,1
train,179,565,1038,82bd96d4437f08a1afc50b1a05ce37f69076cf40d8cd8a21bda7d7ab325c5d17,True,1,4488,4487,82bd96d4437f08a1afc50b1a05ce37f69076cf40d8cd8a21bda7d7ab325c5d17,82bd96d4437f08a1afc50b1a05ce37f69076cf40d8cd8a21bda7d7ab325c5d17,True,1
train,180,565,1610,089bb54fe10e55cfb717f81bac44ff8ccf125a5ebb1071287639b93435c4bc3b,True,1,4488,4487,089bb54fe10e55cfb717f81bac44ff8ccf125a5ebb1071287639b93435c4bc3b,089bb54fe10e55cfb717f81bac44ff8ccf125a5ebb1071287639b93435c4bc3b,True,1
train,181,566,1907,88fd3cccec62c558d414918aac4846c540420172150e56aaac3c21b72bc71064,True,1,4488,4487,88fd3cccec62c558d414918aac4846c540420172150e56aaac3c21b72bc71064,88fd3cccec62c558d414918aac4846c540420172150e56aaac3c21b72bc71064,True,1
train,182,573,643,943d54ec89ed3dca864108cf4b5c4ead8060f010e3d8dc55b0aec5bfe5da9490,True,1,4488,4487,943d54ec89ed3dca864108cf4b5c4ead8060f010e3d8dc55b0aec5bfe5da9490,943d54ec89ed3dca864108cf4b5c4ead8060f010e3d8dc55b0aec5bfe5da9490,True,1
train,183,577,2354,9cb4c3b2ca279ee025bb42c8af6d0a81e73a3bea16e1b901f5280aa8ae591b0d,True,1,4488,4487,9cb4c3b2ca279ee025bb42c8af6d0a81e73a3bea16e1b901f5280aa8ae591b0d,9cb4c3b2ca279ee025bb42c8af6d0a81e73a3bea16e1b901f5280aa8ae591b0d,True,1
train,184,581,1616,4af07585982ec91e00c82b6779e18eca480cf66da40567600132d267d0b27255,True,1,4488,4487,4af07585982ec91e00c82b6779e18eca480cf66da40567600132d267d0b27255,4af07585982ec91e00c82b6779e18eca480cf66da40567600132d267d0b27255,True,1
train,185,584,623,4b4fbc4ca62855b44f7524260aabdfbebb182e1352864c30511598007a56d4b8,True,1,4488,4487,4b4fbc4ca62855b44f7524260aabdfbebb182e1352864c30511598007a56d4b8,4b4fbc4ca62855b44f7524260aabdfbebb182e1352864c30511598007a56d4b8,True,1
train,186,598,637,bd2077c26cb0cec30398e96f99bd7f4cfc75163a798a948489039a6d488ff535,True,1,4488,4487,bd2077c26cb0cec30398e96f99bd7f4cfc75163a798a948489039a6d488ff535,bd2077c26cb0cec30398e96f99bd7f4cfc75163a798a948489039a6d488ff535,True,1
train,187,598,1299,923c72c37db9957de4d3337cd1a62c1f0f9bb36a93c01cd7f83a07277f1d5ab9,True,1,4488,4487,923c72c37db9957de4d3337cd1a62c1f0f9bb36a93c01cd7f83a07277f1d5ab9,923c72c37db9957de4d3337cd1a62c1f0f9bb36a93c01cd7f83a07277f1d5ab9,True,1
train,188,603,2045,285310ce8e9495015906944cc0260a277f8121fdfd12797e0357dc4321fc58aa,True,1,4488,4487,285310ce8e9495015906944cc0260a277f8121fdfd12797e0357dc4321fc58aa,285310ce8e9495015906944cc0260a277f8121fdfd12797e0357dc4321fc58aa,True,1
train,189,608,1623,73070deef2e7995e3927bd22331de93b917768097e9ad1078e4616cba0fa207a,True,1,4488,4487,73070deef2e7995e3927bd22331de93b917768097e9ad1078e4616cba0fa207a,73070deef2e7995e3927bd22331de93b917768097e9ad1078e4616cba0fa207a,True,1
train,190,609,883,9116213e37890254040703ff354e05d5c05c7c38b0a7822e0ee903c1b5383fe9,True,1,4488,4487,9116213e37890254040703ff354e05d5c05c7c38b0a7822e0ee903c1b5383fe9,9116213e37890254040703ff354e05d5c05c7c38b0a7822e0ee903c1b5383fe9,True,1
train,191,609,1358,2e6195385b009e064a4bfc5cb858d8a0b5b425d8ab0af7ebb9882c2e541c21cd,True,1,4488,4487,2e6195385b009e064a4bfc5cb858d8a0b5b425d8ab0af7ebb9882c2e541c21cd,2e6195385b009e064a4bfc5cb858d8a0b5b425d8ab0af7ebb9882c2e541c21cd,True,1
train,192,617,705,2fe7ddf103826b312efeef662601a4e8c66b7581410d5bd9f7b3583a42dc7b98,True,1,4488,4487,2fe7ddf103826b312efeef662601a4e8c66b7581410d5bd9f7b3583a42dc7b98,2fe7ddf103826b312efeef662601a4e8c66b7581410d5bd9f7b3583a42dc7b98,True,1
train,193,622,1951,1422d0ae3226754093e3f1ce176292cb8e14254c3daf9b1dee98627ee358485b,True,1,4488,4487,1422d0ae3226754093e3f1ce176292cb8e14254c3daf9b1dee98627ee358485b,1422d0ae3226754093e3f1ce176292cb8e14254c3daf9b1dee98627ee358485b,True,1
train,194,630,973,eed8bfdeea8b50c728a7cc41a311e7d2b388088cfdcbe7da788d15883e7f2f42,True,1,4488,4487,eed8bfdeea8b50c728a7cc41a311e7d2b388088cfdcbe7da788d15883e7f2f42,eed8bfdeea8b50c728a7cc41a311e7d2b388088cfdcbe7da788d15883e7f2f42,True,1
train,195,640,765,553dbd2c6e1fae8fe8a4634dc8ac71e859bd8e5434694245e1e4ede17ef75bd2,True,1,4488,4487,553dbd2c6e1fae8fe8a4634dc8ac71e859bd8e5434694245e1e4ede17ef75bd2,553dbd2c6e1fae8fe8a4634dc8ac71e859bd8e5434694245e1e4ede17ef75bd2,True,1
train,196,642,2472,9499b797300ea32da712533df16c059cd02cd55195b0f683f12874e51a41317c,True,1,4488,4487,9499b797300ea32da712533df16c059cd02cd55195b0f683f12874e51a41317c,9499b797300ea32da712533df16c059cd02cd55195b0f683f12874e51a41317c,True,1
train,197,645,1898,bd577f43010b4303507c8040ae2c6a3edf2484dfc87b06a67b37deb6df8a1f5b,True,1,4488,4487,bd577f43010b4303507c8040ae2c6a3edf2484dfc87b06a67b37deb6df8a1f5b,bd577f43010b4303507c8040ae2c6a3edf2484dfc87b06a67b37deb6df8a1f5b,True,1
train,198,648,1441,7b3f54230ef272c5621a278c9779be0e7633347c8560ea323be94ac8be54e95d,True,1,4488,4487,7b3f54230ef272c5621a278c9779be0e7633347c8560ea323be94ac8be54e95d,7b3f54230ef272c5621a278c9779be0e7633347c8560ea323be94ac8be54e95d,True,1
train,199,651,885,17c6621e500075b6c6f10cd59bfad38a87f4883da7f635b2209d453fe29cec79,True,1,4488,4487,17c6621e500075b6c6f10cd59bfad38a87f4883da7f635b2209d453fe29cec79,17c6621e500075b6c6f10cd59bfad38a87f4883da7f635b2209d453fe29cec79,True,1
train,200,657,1254,7b30b4c68464ca0e1cf64eb6c6b2218f6cc3f0438edaaa066ff56ca45f893409,True,1,4488,4487,7b30b4c68464ca0e1cf64eb6c6b2218f6cc3f0438edaaa066ff56ca45f893409,7b30b4c68464ca0e1cf64eb6c6b2218f6cc3f0438edaaa066ff56ca45f893409,True,1
train,201,657,1729,b6898311d8a875814cfb3162c77be511b7eb6c11e5b20d2ce048e83e1a7a03c7,True,1,4488,4487,b6898311d8a875814cfb3162c77be511b7eb6c11e5b20d2ce048e83e1a7a03c7,b6898311d8a875814cfb3162c77be511b7eb6c11e5b20d2ce048e83e1a7a03c7,True,1
train,202,661,1881,6600684be5ccc42ba394d6e34218024278c16e3422fce1a858f43c0a42430be0,True,1,4488,4487,6600684be5ccc42ba394d6e34218024278c16e3422fce1a858f43c0a42430be0,6600684be5ccc42ba394d6e34218024278c16e3422fce1a858f43c0a42430be0,True,1
train,203,669,729,30dd800967507f00acf5b635f70eceba0389ec73a118aa0c9664d9251371040f,True,1,4488,4487,30dd800967507f00acf5b635f70eceba0389ec73a118aa0c9664d9251371040f,30dd800967507f00acf5b635f70eceba0389ec73a118aa0c9664d9251371040f,True,1
train,204,669,1086,fd42d52292e81584457d4db88c5251009aacf4e1ece3e344b43b1e495f8bed71,True,1,4488,4487,fd42d52292e81584457d4db88c5251009aacf4e1ece3e344b43b1e495f8bed71,fd42d52292e81584457d4db88c5251009aacf4e1ece3e344b43b1e495f8bed71,True,1
train,205,671,973,80fb0535c6b8e939fed571b0f858cc9012c58c7a2e2f95746abe770bd859ad56,True,1,4488,4487,80fb0535c6b8e939fed571b0f858cc9012c58c7a2e2f95746abe770bd859ad56,80fb0535c6b8e939fed571b0f858cc9012c58c7a2e2f95746abe770bd859ad56,True,1
train,206,673,1986,4ac1d994100e3531c2a5459c88565bd88bf1bb06a7f4de348613f3aabd5ab7ed,True,1,4488,4487,4ac1d994100e3531c2a5459c88565bd88bf1bb06a7f4de348613f3aabd5ab7ed,4ac1d994100e3531c2a5459c88565bd88bf1bb06a7f4de348613f3aabd5ab7ed,True,1
train,207,675,2356,de03f2cd2a2b73ee4df10895a84da9d64e8436e99b4dfbfe1386fc41e9ceacd4,True,1,4488,4487,de03f2cd2a2b73ee4df10895a84da9d64e8436e99b4dfbfe1386fc41e9ceacd4,de03f2cd2a2b73ee4df10895a84da9d64e8436e99b4dfbfe1386fc41e9ceacd4,True,1
train,208,678,733,af8b53852fa969d34f1c19e785128f4b100c9fd11779535be1936d351e360283,True,1,4488,4487,af8b53852fa969d34f1c19e785128f4b100c9fd11779535be1936d351e360283,af8b53852fa969d34f1c19e785128f4b100c9fd11779535be1936d351e360283,True,1
train,209,681,1446,ba821e76e9e23cc1d6c9b59d1505347ef7e10c40f214dd25dea20f4d77a1007c,True,1,4488,4487,ba821e76e9e23cc1d6c9b59d1505347ef7e10c40f214dd25dea20f4d77a1007c,ba821e76e9e23cc1d6c9b59d1505347ef7e10c40f214dd25dea20f4d77a1007c,True,1
train,210,686,2366,0ae8b937c4755de2c573ca29df739c992fb64cc13850dbc2fa8f776a2e40ef2e,True,1,4488,4487,0ae8b937c4755de2c573ca29df739c992fb64cc13850dbc2fa8f776a2e40ef2e,0ae8b937c4755de2c573ca29df739c992fb64cc13850dbc2fa8f776a2e40ef2e,True,1
train,211,687,1171,ad17e5d0ab03ed685f2cd0e5b7ba151951cbe4283a8a2409ad614850b264c8e8,True,1,4488,4487,ad17e5d0ab03ed685f2cd0e5b7ba151951cbe4283a8a2409ad614850b264c8e8,ad17e5d0ab03ed685f2cd0e5b7ba151951cbe4283a8a2409ad614850b264c8e8,True,1
train,212,687,1710,4757bb8f3da879bd9c7b755ed36e706b398920ba2e705e04eac44d1bd96a9671,True,1,4488,4487,4757bb8f3da879bd9c7b755ed36e706b398920ba2e705e04eac44d1bd96a9671,4757bb8f3da879bd9c7b755ed36e706b398920ba2e705e04eac44d1bd96a9671,True,1
train,213,689,1292,d16fa23b110fd7018949d0454f1c861e32145b3267c2522bc030032959552428,True,1,4488,4487,d16fa23b110fd7018949d0454f1c861e32145b3267c2522bc030032959552428,d16fa23b110fd7018949d0454f1c861e32145b3267c2522bc030032959552428,True,1
train,214,691,2130,4f763d291f9dc924a4bfc32b8c6f3ed287d6cb211dbb69d130d2eb24229f7430,True,1,4488,4487,4f763d291f9dc924a4bfc32b8c6f3ed287d6cb211dbb69d130d2eb24229f7430,4f763d291f9dc924a4bfc32b8c6f3ed287d6cb211dbb69d130d2eb24229f7430,True,1
train,215,699,2327,6f134680643aa5d19d59c149c66487eb55cb6ae9bd4e1386e0a92ea276bd16f3,True,1,4488,4487,6f134680643aa5d19d59c149c66487eb55cb6ae9bd4e1386e0a92ea276bd16f3,6f134680643aa5d19d59c149c66487eb55cb6ae9bd4e1386e0a92ea276bd16f3,True,1
train,216,704,2113,9ab1c5f1a17c9fc4dbc4de1b921e1359c7b113c4d23ad21fb53bf6866b69dc31,True,1,4488,4487,9ab1c5f1a17c9fc4dbc4de1b921e1359c7b113c4d23ad21fb53bf6866b69dc31,9ab1c5f1a17c9fc4dbc4de1b921e1359c7b113c4d23ad21fb53bf6866b69dc31,True,1
train,217,708,2212,665b86a2b98338d8dd99936e9f8a07b15a4f7db4ee5c67316481efdf7e93ebb8,True,1,4488,4487,665b86a2b98338d8dd99936e9f8a07b15a4f7db4ee5c67316481efdf7e93ebb8,665b86a2b98338d8dd99936e9f8a07b15a4f7db4ee5c67316481efdf7e93ebb8,True,1
train,218,712,1464,38428e0f17e174cc9a575572067de88f0208f621bd21955178cb12b13ff5762b,True,1,4488,4487,38428e0f17e174cc9a575572067de88f0208f621bd21955178cb12b13ff5762b,38428e0f17e174cc9a575572067de88f0208f621bd21955178cb12b13ff5762b,True,1
train,219,713,1044,e0e361e599c4c460ac9cc415868c24ccbe33b2c51b77b75ddfea4a6c1f1d35c4,True,1,4488,4487,e0e361e599c4c460ac9cc415868c24ccbe33b2c51b77b75ddfea4a6c1f1d35c4,e0e361e599c4c460ac9cc415868c24ccbe33b2c51b77b75ddfea4a6c1f1d35c4,True,1
train,220,722,1874,f8ffa541b126ba479f15f77b2b409389f44bd1aef62fb52fdbeb817c915487c1,True,1,4488,4487,f8ffa541b126ba479f15f77b2b409389f44bd1aef62fb52fdbeb817c915487c1,f8ffa541b126ba479f15f77b2b409389f44bd1aef62fb52fdbeb817c915487c1,True,1
train,221,727,2570,575359144dea6c0cf1d723c52b4d214fb29cf98ae5b3e42dabac01d8a89f64ca,True,1,4488,4487,575359144dea6c0cf1d723c52b4d214fb29cf98ae5b3e42dabac01d8a89f64ca,575359144dea6c0cf1d723c52b4d214fb29cf98ae5b3e42dabac01d8a89f64ca,True,1
train,222,729,1701,417f98673c5bae26ea1a0925b84db6705936e640beb12b3a2e11d798f631b2f9,True,1,4488,4487,417f98673c5bae26ea1a0925b84db6705936e640beb12b3a2e11d798f631b2f9,417f98673c5bae26ea1a0925b84db6705936e640beb12b3a2e11d798f631b2f9,True,1
train,223,733,1192,e049dc850a931460b67d7a3ad505f0daacbb9ab3519f435e5561810be75655de,True,1,4488,4487,e049dc850a931460b67d7a3ad505f0daacbb9ab3519f435e5561810be75655de,e049dc850a931460b67d7a3ad505f0daacbb9ab3519f435e5561810be75655de,True,1
train,224,734,964,e8a2772b365bc3ca92271e98242dd49d49f0af0e5a846b23f543d5296451ad78,True,1,4488,4487,e8a2772b365bc3ca92271e98242dd49d49f0af0e5a846b23f543d5296451ad78,e8a2772b365bc3ca92271e98242dd49d49f0af0e5a846b23f543d5296451ad78,True,1
train,225,734,2056,ce115401ac9b4f69ef5ab392013e743786055edba233d93c0643c1642f2cc3eb,True,1,4488,4487,ce115401ac9b4f69ef5ab392013e743786055edba233d93c0643c1642f2cc3eb,ce115401ac9b4f69ef5ab392013e743786055edba233d93c0643c1642f2cc3eb,True,1
train,226,734,2277,160021d86f3c82a7da0371ca180a3d1acd1a21343e500e1461eec369b4d2d18a,True,1,4488,4487,160021d86f3c82a7da0371ca180a3d1acd1a21343e500e1461eec369b4d2d18a,160021d86f3c82a7da0371ca180a3d1acd1a21343e500e1461eec369b4d2d18a,True,1
train,227,735,739,53603732663c322ec7fe54da5337863e51efbfe65bcefc145464e6c50a0d7b64,True,1,4488,4487,53603732663c322ec7fe54da5337863e51efbfe65bcefc145464e6c50a0d7b64,53603732663c322ec7fe54da5337863e51efbfe65bcefc145464e6c50a0d7b64,True,1
train,228,736,751,0f7c37c06935f458ec1952558ff78949ad6de35ce5da1fd6eb4fb31d7d883ed3,True,1,4488,4487,0f7c37c06935f458ec1952558ff78949ad6de35ce5da1fd6eb4fb31d7d883ed3,0f7c37c06935f458ec1952558ff78949ad6de35ce5da1fd6eb4fb31d7d883ed3,True,1
train,229,736,964,eeb58a9e7a911ea2aba037f34510650acd35fd7b7799d7d4e2a494f97639643f,True,1,4488,4487,eeb58a9e7a911ea2aba037f34510650acd35fd7b7799d7d4e2a494f97639643f,eeb58a9e7a911ea2aba037f34510650acd35fd7b7799d7d4e2a494f97639643f,True,1
train,230,739,1881,a30fd2daf766517754b2694f860241fce9ad71ae9baa3be258c7ed750900059f,True,1,4488,4487,a30fd2daf766517754b2694f860241fce9ad71ae9baa3be258c7ed750900059f,a30fd2daf766517754b2694f860241fce9ad71ae9baa3be258c7ed750900059f,True,1
train,231,741,2093,216de7fdbcb777011d6077628fae5a291a0186bc4083083cbcdabb412de70a35,True,1,4488,4487,216de7fdbcb777011d6077628fae5a291a0186bc4083083cbcdabb412de70a35,216de7fdbcb777011d6077628fae5a291a0186bc4083083cbcdabb412de70a35,True,1
train,232,745,1995,ef3458c93ff44b32e34dd4d8105615648a2b1eaf93df4f7200e5029ccce3ecf5,True,1,4488,4487,ef3458c93ff44b32e34dd4d8105615648a2b1eaf93df4f7200e5029ccce3ecf5,ef3458c93ff44b32e34dd4d8105615648a2b1eaf93df4f7200e5029ccce3ecf5,True,1
train,233,746,1303,c831c5196775e08f82f4a01c8b307607f9a35bf86eb621e7832d62408be7d332,True,1,4488,4487,c831c5196775e08f82f4a01c8b307607f9a35bf86eb621e7832d62408be7d332,c831c5196775e08f82f4a01c8b307607f9a35bf86eb621e7832d62408be7d332,True,1
train,234,748,1568,628ca7efca7dcf0fadbe7881fec1807347909a89b9fee5d9e0aed5988134b3b7,True,1,4488,4487,628ca7efca7dcf0fadbe7881fec1807347909a89b9fee5d9e0aed5988134b3b7,628ca7efca7dcf0fadbe7881fec1807347909a89b9fee5d9e0aed5988134b3b7,True,1
train,235,748,1732,1441d30af5944df1450b7f91e73c98a4ad2d1dd94f6eff994978cfb38a552f55,True,1,4488,4487,1441d30af5944df1450b7f91e73c98a4ad2d1dd94f6eff994978cfb38a552f55,1441d30af5944df1450b7f91e73c98a4ad2d1dd94f6eff994978cfb38a552f55,True,1
train,236,749,1333,74467e125e0e291d04fdb38cd3c57ea27ef32cb8ddec6ebd3cf46bc918414358,True,1,4488,4487,74467e125e0e291d04fdb38cd3c57ea27ef32cb8ddec6ebd3cf46bc918414358,74467e125e0e291d04fdb38cd3c57ea27ef32cb8ddec6ebd3cf46bc918414358,True,1
train,237,751,2198,19108a6c8a1237021426da1019587f6200c6cc3f37c5ae55cea93c00749e8724,True,1,4488,4487,19108a6c8a1237021426da1019587f6200c6cc3f37c5ae55cea93c00749e8724,19108a6c8a1237021426da1019587f6200c6cc3f37c5ae55cea93c00749e8724,True,1
train,238,752,957,bcd921f6359030e570e9f12464e176eef0776db959b2e66849bc177737be9e17,True,1,4488,4487,bcd921f6359030e570e9f12464e176eef0776db959b2e66849bc177737be9e17,bcd921f6359030e570e9f12464e176eef0776db959b2e66849bc177737be9e17,True,1
train,239,756,1469,e4efc819da230894ce50bc2f8665d181dcaca176bb68f12440d15b259e59c228,True,1,4488,4487,e4efc819da230894ce50bc2f8665d181dcaca176bb68f12440d15b259e59c228,e4efc819da230894ce50bc2f8665d181dcaca176bb68f12440d15b259e59c228,True,1
train,240,756,1692,7dc65c4a3f9d4b69750eb5e5dc98fef5e54ecd1cefa189dc6f28c45fe069d1c2,True,1,4488,4487,7dc65c4a3f9d4b69750eb5e5dc98fef5e54ecd1cefa189dc6f28c45fe069d1c2,7dc65c4a3f9d4b69750eb5e5dc98fef5e54ecd1cefa189dc6f28c45fe069d1c2,True,1
train,241,757,2421,1d9b5cc13e274e4ce2a6a2d7ccfcf28607284aa134cb65f0f5862892a845473f,True,1,4488,4487,1d9b5cc13e274e4ce2a6a2d7ccfcf28607284aa134cb65f0f5862892a845473f,1d9b5cc13e274e4ce2a6a2d7ccfcf28607284aa134cb65f0f5862892a845473f,True,1
train,242,758,2492,3ac35dff740c67b54668c31ef1328ee1073ba80be128b9424b0761ac1bfa04ab,True,1,4488,4487,3ac35dff740c67b54668c31ef1328ee1073ba80be128b9424b0761ac1bfa04ab,3ac35dff740c67b54668c31ef1328ee1073ba80be128b9424b0761ac1bfa04ab,True,1
train,243,764,796,9af2a5c9f2b819ea380111fd094789df1a0f175b384bf412d440ccadd0b69d70,True,1,4488,4487,9af2a5c9f2b819ea380111fd094789df1a0f175b384bf412d440ccadd0b69d70,9af2a5c9f2b819ea380111fd094789df1a0f175b384bf412d440ccadd0b69d70,True,1
train,244,765,2367,7c3dd2a9d5544e0139921351f08bdf3919a4a97ee92c48e3089e33f31fc8a519,True,1,4488,4487,7c3dd2a9d5544e0139921351f08bdf3919a4a97ee92c48e3089e33f31fc8a519,7c3dd2a9d5544e0139921351f08bdf3919a4a97ee92c48e3089e33f31fc8a519,True,1
train,245,766,1297,8c7061a6a9504c6b0bae77bcef39c249cf99b2f14e5781d60cc74eb9d2a86b73,True,1,4488,4487,8c7061a6a9504c6b0bae77bcef39c249cf99b2f14e5781d60cc74eb9d2a86b73,8c7061a6a9504c6b0bae77bcef39c249cf99b2f14e5781d60cc74eb9d2a86b73,True,1
train,246,768,1723,b6e202a279bfbc0a4e7c0de7d3e57ff4e2b26379a5fc4a9a53de2c3c5b3fbd25,True,1,4488,4487,b6e202a279bfbc0a4e7c0de7d3e57ff4e2b26379a5fc4a9a53de2c3c5b3fbd25,b6e202a279bfbc0a4e7c0de7d3e57ff4e2b26379a5fc4a9a53de2c3c5b3fbd25,True,1
train,247,788,1031,0d518f5a26ed7a7871e652a4d6adea7b76e7f94c8a5598f2b4d49d93d493e365,True,1,4488,4487,0d518f5a26ed7a7871e652a4d6adea7b76e7f94c8a5598f2b4d49d93d493e365,0d518f5a26ed7a7871e652a4d6adea7b76e7f94c8a5598f2b4d49d93d493e365,True,1
train,248,791,2130,3211b7621827d0751fc936c081fbfaabed129c5330b1ea4413fd8b1ebcdf2d29,True,1,4488,4487,3211b7621827d0751fc936c081fbfaabed129c5330b1ea4413fd8b1ebcdf2d29,3211b7621827d0751fc936c081fbfaabed129c5330b1ea4413fd8b1ebcdf2d29,True,1
train,249,792,2555,00c7cd54ada0f64a409521a1ad59174e11ca0d3f9031c6901fbff55e326bba32,True,1,4488,4487,00c7cd54ada0f64a409521a1ad59174e11ca0d3f9031c6901fbff55e326bba32,00c7cd54ada0f64a409521a1ad59174e11ca0d3f9031c6901fbff55e326bba32,True,1
train,250,796,1317,3f9f0fc3e505061a7821799022d5be5d5f300863991fcdb2662c44ef8821f796,True,1,4488,4487,3f9f0fc3e505061a7821799022d5be5d5f300863991fcdb2662c44ef8821f796,3f9f0fc3e505061a7821799022d5be5d5f300863991fcdb2662c44ef8821f796,True,1
train,251,797,2359,0f342cefa847a95dabb3bf875106503c1a412d4039b287cb2e3bc2dff8830483,True,1,4488,4487,0f342cefa847a95dabb3bf875106503c1a412d4039b287cb2e3bc2dff8830483,0f342cefa847a95dabb3bf875106503c1a412d4039b287cb2e3bc2dff8830483,True,1
train,252,798,1794,c86663130cc6b31ae3d952298114a8b53c1b3e7dc46586a48e2588da75834c9d,True,1,4488,4487,c86663130cc6b31ae3d952298114a8b53c1b3e7dc46586a48e2588da75834c9d,c86663130cc6b31ae3d952298114a8b53c1b3e7dc46586a48e2588da75834c9d,True,1
train,253,806,1383,9c907294863a28a8197c63b92517475e37b7b393a4eac4fa04cdf9e171344c57,True,1,4488,4487,9c907294863a28a8197c63b92517475e37b7b393a4eac4fa04cdf9e171344c57,9c907294863a28a8197c63b92517475e37b7b393a4eac4fa04cdf9e171344c57,True,1
train,254,808,924,8b7ff9d83d92df2c66ed8b0adc66ab932174f9bfb0a6fbd4210c9c0594312655,True,1,4488,4487,8b7ff9d83d92df2c66ed8b0adc66ab932174f9bfb0a6fbd4210c9c0594312655,8b7ff9d83d92df2c66ed8b0adc66ab932174f9bfb0a6fbd4210c9c0594312655,True,1
train,255,812,1413,08bbfb28b50a3a23018eafdea7367d617b27803b28ccf22c30e7483ea7e23ae6,True,1,4488,4487,08bbfb28b50a3a23018eafdea7367d617b27803b28ccf22c30e7483ea7e23ae6,08bbfb28b50a3a23018eafdea7367d617b27803b28ccf22c30e7483ea7e23ae6,True,1
train,256,812,1542,eef8dcf56f1f72c939b013f0997c2d0b23f19a62207ce92097bcf8bea1cd8e87,True,1,4488,4487,eef8dcf56f1f72c939b013f0997c2d0b23f19a62207ce92097bcf8bea1cd8e87,eef8dcf56f1f72c939b013f0997c2d0b23f19a62207ce92097bcf8bea1cd8e87,True,1
train,257,815,1174,2f664811c4007e5415f57bf23fd8092720ce4faaa6def3919326e857a0e957fb,True,1,4488,4487,2f664811c4007e5415f57bf23fd8092720ce4faaa6def3919326e857a0e957fb,2f664811c4007e5415f57bf23fd8092720ce4faaa6def3919326e857a0e957fb,True,1
train,258,815,2017,9e1cbe9f686d560b3f494c1fd15bf6bc0f591e4a752cb135ce9199a6ffb80392,True,1,4488,4487,9e1cbe9f686d560b3f494c1fd15bf6bc0f591e4a752cb135ce9199a6ffb80392,9e1cbe9f686d560b3f494c1fd15bf6bc0f591e4a752cb135ce9199a6ffb80392,True,1
train,259,816,1842,4970b096bc2e28fd784136d6cb5030093c345cdf8c2ce68ecdb90f2fcd9b8e6d,True,1,4488,4487,4970b096bc2e28fd784136d6cb5030093c345cdf8c2ce68ecdb90f2fcd9b8e6d,4970b096bc2e28fd784136d6cb5030093c345cdf8c2ce68ecdb90f2fcd9b8e6d,True,1
train,260,817,1763,882acef25f232d8e36a871deba53cb34ebe4d80eb80c3d36c4263428c01803f9,True,1,4488,4487,882acef25f232d8e36a871deba53cb34ebe4d80eb80c3d36c4263428c01803f9,882acef25f232d8e36a871deba53cb34ebe4d80eb80c3d36c4263428c01803f9,True,1
train,261,820,889,8f851fd062ad5c9b38fa1e9adb9204cc0e72eec8806637d7657e3bc40d2956e6,True,1,4488,4487,8f851fd062ad5c9b38fa1e9adb9204cc0e72eec8806637d7657e3bc40d2956e6,8f851fd062ad5c9b38fa1e9adb9204cc0e72eec8806637d7657e3bc40d2956e6,True,1
train,262,824,1831,0a9c3f0aa273a3709df7aad111e0cfd36d74813e703cbe1964a8b8e65d2ba885,True,1,4488,4487,0a9c3f0aa273a3709df7aad111e0cfd36d74813e703cbe1964a8b8e65d2ba885,0a9c3f0aa273a3709df7aad111e0cfd36d74813e703cbe1964a8b8e65d2ba885,True,1
train,263,826,2528,0f474a485ad9c38b8abd8a177fde61b369bf0f3ffc3afb3603e0db3f0e0b0bbb,True,1,4488,4487,0f474a485ad9c38b8abd8a177fde61b369bf0f3ffc3afb3603e0db3f0e0b0bbb,0f474a485ad9c38b8abd8a177fde61b369bf0f3ffc3afb3603e0db3f0e0b0bbb,True,1
train,264,827,1921,153905b3f2d58f02ffbfefa2e55e6aade5e225ef5998d36f1853b2f1700df551,True,1,4488,4487,153905b3f2d58f02ffbfefa2e55e6aade5e225ef5998d36f1853b2f1700df551,153905b3f2d58f02ffbfefa2e55e6aade5e225ef5998d36f1853b2f1700df551,True,1
train,265,836,1343,5ba0a2b7de0505f26c58b2ab61d2cd34c92c2a08b8bb146e68421a3b0cae5f15,True,1,4488,4487,5ba0a2b7de0505f26c58b2ab61d2cd34c92c2a08b8bb146e68421a3b0cae5f15,5ba0a2b7de0505f26c58b2ab61d2cd34c92c2a08b8bb146e68421a3b0cae5f15,True,1
train,266,837,1422,a42ed78df92638ce5397a18f1876ab763ac1054e1cecbe119a45fbdbc96db781,True,1,4488,4487,a42ed78df92638ce5397a18f1876ab763ac1054e1cecbe119a45fbdbc96db781,a42ed78df92638ce5397a18f1876ab763ac1054e1cecbe119a45fbdbc96db781,True,1
train,267,841,2034,07cb05788ec38e76824d2e53375cebfb188c5ca1af14e375b31d885ec354cd87,True,1,4488,4487,07cb05788ec38e76824d2e53375cebfb188c5ca1af14e375b31d885ec354cd87,07cb05788ec38e76824d2e53375cebfb188c5ca1af14e375b31d885ec354cd87,True,1
train,268,843,2339,4a8774e9db95124222e7e543ae590c9acbf2c19d105bdb4801b17520e45e53a7,True,1,4488,4487,4a8774e9db95124222e7e543ae590c9acbf2c19d105bdb4801b17520e45e53a7,4a8774e9db95124222e7e543ae590c9acbf2c19d105bdb4801b17520e45e53a7,True,1
train,269,857,1246,03875c68856563d8ecad7de4b2dd49f9cafcc830db8ec24a305c7f17ec7a1364,True,1,4488,4487,03875c68856563d8ecad7de4b2dd49f9cafcc830db8ec24a305c7f17ec7a1364,03875c68856563d8ecad7de4b2dd49f9cafcc830db8ec24a305c7f17ec7a1364,True,1
train,270,866,1049,d3b80213915f8613b566bc94285c952add846648ad49876124e6134108c98b4e,True,1,4488,4487,d3b80213915f8613b566bc94285c952add846648ad49876124e6134108c98b4e,d3b80213915f8613b566bc94285c952add846648ad49876124e6134108c98b4e,True,1
train,271,867,1229,abe715c87bafec88a69ae61315eedbab92707c2b8b3d3b7da460ec1e3bc9be5e,True,1,4488,4487,abe715c87bafec88a69ae61315eedbab92707c2b8b3d3b7da460ec1e3bc9be5e,abe715c87bafec88a69ae61315eedbab92707c2b8b3d3b7da460ec1e3bc9be5e,True,1
train,272,867,2523,a799810de4231e567a7ff43f0962ac351d7e5e07cfe181e0fc9f8c449245b86b,True,1,4488,4487,a799810de4231e567a7ff43f0962ac351d7e5e07cfe181e0fc9f8c449245b86b,a799810de4231e567a7ff43f0962ac351d7e5e07cfe181e0fc9f8c449245b86b,True,1
train,273,872,1340,c69a80ee816a033d978a9e63e4a9ffd45c38995c5295e254261d758016c6f6cb,True,1,4488,4487,c69a80ee816a033d978a9e63e4a9ffd45c38995c5295e254261d758016c6f6cb,c69a80ee816a033d978a9e63e4a9ffd45c38995c5295e254261d758016c6f6cb,True,1
train,274,875,1945,5e9a75abbaba245b5dd3d2aef66c554223b444ce98de4e9d36f676d2d4c85863,True,1,4488,4487,5e9a75abbaba245b5dd3d2aef66c554223b444ce98de4e9d36f676d2d4c85863,5e9a75abbaba245b5dd3d2aef66c554223b444ce98de4e9d36f676d2d4c85863,True,1
train,275,897,1907,451bceb7df21aec49a946d4b4440084ecb456e71f77d7635c2cb4b2c00300f8f,True,1,4488,4487,451bceb7df21aec49a946d4b4440084ecb456e71f77d7635c2cb4b2c00300f8f,451bceb7df21aec49a946d4b4440084ecb456e71f77d7635c2cb4b2c00300f8f,True,1
train,276,904,1312,8922461f09973c599b9746c3fcc6cdc2e01d10e61e7b834c6d6fb5bc9b5c9acd,True,1,4488,4487,8922461f09973c599b9746c3fcc6cdc2e01d10e61e7b834c6d6fb5bc9b5c9acd,8922461f09973c599b9746c3fcc6cdc2e01d10e61e7b834c6d6fb5bc9b5c9acd,True,1
train,277,904,1360,8787bc2c408ab891e2b129d3a634af76d22003598158db24bb8ae80db7cd1b0e,True,1,4488,4487,8787bc2c408ab891e2b129d3a634af76d22003598158db24bb8ae80db7cd1b0e,8787bc2c408ab891e2b129d3a634af76d22003598158db24bb8ae80db7cd1b0e,True,1
train,278,919,1358,5857a61c0835bbf60fea48a1315ad48f99abc3a8cbcb876b29f232069510007c,True,1,4488,4487,5857a61c0835bbf60fea48a1315ad48f99abc3a8cbcb876b29f232069510007c,5857a61c0835bbf60fea48a1315ad48f99abc3a8cbcb876b29f232069510007c,True,1
train,279,921,2134,808c1577fe0e71a7d29b6e228fc5dd264ac9e19b56ede7832c1bdcb4acd0dbc6,True,1,4488,4487,808c1577fe0e71a7d29b6e228fc5dd264ac9e19b56ede7832c1bdcb4acd0dbc6,808c1577fe0e71a7d29b6e228fc5dd264ac9e19b56ede7832c1bdcb4acd0dbc6,True,1
train,280,924,2383,892dc44ad676c4fad4c12db7fab945999cd03af4805cbd6c4cf37ae45e317c9c,True,1,4488,4487,892dc44ad676c4fad4c12db7fab945999cd03af4805cbd6c4cf37ae45e317c9c,892dc44ad676c4fad4c12db7fab945999cd03af4805cbd6c4cf37ae45e317c9c,True,1
train,281,936,1067,b4d9322cd89cfdf19e53ebd05c05c9faba47da00e212618d155aedbcf59db516,True,1,4488,4487,b4d9322cd89cfdf19e53ebd05c05c9faba47da00e212618d155aedbcf59db516,b4d9322cd89cfdf19e53ebd05c05c9faba47da00e212618d155aedbcf59db516,True,1
train,282,936,2641,b7eb9cef1a76e98efeffd5f27333d0f1b659e928e4c962ccad442212b333201b,True,1,4488,4487,b7eb9cef1a76e98efeffd5f27333d0f1b659e928e4c962ccad442212b333201b,b7eb9cef1a76e98efeffd5f27333d0f1b659e928e4c962ccad442212b333201b,True,1
train,283,939,2173,faa465ad0153706167ed3c7bee19f062fc9b98d720fabd01139463cc977df549,True,1,4488,4487,faa465ad0153706167ed3c7bee19f062fc9b98d720fabd01139463cc977df549,faa465ad0153706167ed3c7bee19f062fc9b98d720fabd01139463cc977df549,True,1
train,284,945,1911,391d73476ad77a038f2d6d9e87e81afe19980b44e376c8469b7d6a0de9f45400,True,1,4488,4487,391d73476ad77a038f2d6d9e87e81afe19980b44e376c8469b7d6a0de9f45400,391d73476ad77a038f2d6d9e87e81afe19980b44e376c8469b7d6a0de9f45400,True,1
train,285,955,1914,cea3361550e4231ebc813a631a5c39f05318ed63743e7a2ec9ecd07b8c3b4787,True,1,4488,4487,cea3361550e4231ebc813a631a5c39f05318ed63743e7a2ec9ecd07b8c3b4787,cea3361550e4231ebc813a631a5c39f05318ed63743e7a2ec9ecd07b8c3b4787,True,1
train,286,973,1142,8b9334f744611135191883f92dff9b124c7e2e6a2b281611639caa56d17ddfc8,True,1,4488,4487,8b9334f744611135191883f92dff9b124c7e2e6a2b281611639caa56d17ddfc8,8b9334f744611135191883f92dff9b124c7e2e6a2b281611639caa56d17ddfc8,True,1
train,287,973,2016,eb6d86575f5d5faf7c44fe41d7be398dbd94b2321af4c2938c27f54742b4266e,True,1,4488,4487,eb6d86575f5d5faf7c44fe41d7be398dbd94b2321af4c2938c27f54742b4266e,eb6d86575f5d5faf7c44fe41d7be398dbd94b2321af4c2938c27f54742b4266e,True,1
train,288,976,998,eade2042ba13d43060045d3ec318f503926a365ba16cb1682f8b3fe159aeec64,True,1,4488,4487,eade2042ba13d43060045d3ec318f503926a365ba16cb1682f8b3fe159aeec64,eade2042ba13d43060045d3ec318f503926a365ba16cb1682f8b3fe159aeec64,True,1
train,289,979,1957,dfb1895223696ea93fdb25d64c7cd202b04c2cd535a2cb55fdb761ed7e218845,True,1,4488,4487,dfb1895223696ea93fdb25d64c7cd202b04c2cd535a2cb55fdb761ed7e218845,dfb1895223696ea93fdb25d64c7cd202b04c2cd535a2cb55fdb761ed7e218845,True,1
train,290,989,2436,701ccafcf0b6de602385692d6ebaa6ea0019d8d4a060018a73314a0d83f8360c,True,1,4488,4487,701ccafcf0b6de602385692d6ebaa6ea0019d8d4a060018a73314a0d83f8360c,701ccafcf0b6de602385692d6ebaa6ea0019d8d4a060018a73314a0d83f8360c,True,1
train,291,993,2155,3d30694771eec61216bdf5ac50852619e3b6d90e680f1f84e5225af48e3b154b,True,1,4488,4487,3d30694771eec61216bdf5ac50852619e3b6d90e680f1f84e5225af48e3b154b,3d30694771eec61216bdf5ac50852619e3b6d90e680f1f84e5225af48e3b154b,True,1
train,292,995,1309,cbb5cbecef07da7be797ec248fbc3918702327ee0b23029e6a7ee62b6264f2e0,True,1,4488,4487,cbb5cbecef07da7be797ec248fbc3918702327ee0b23029e6a7ee62b6264f2e0,cbb5cbecef07da7be797ec248fbc3918702327ee0b23029e6a7ee62b6264f2e0,True,1
train,293,1003,1687,0bbdf2566fe4d9f893989f56c618612998824011e7926b51f2f7cf61b2a4dcff,True,1,4488,4487,0bbdf2566fe4d9f893989f56c618612998824011e7926b51f2f7cf61b2a4dcff,0bbdf2566fe4d9f893989f56c618612998824011e7926b51f2f7cf61b2a4dcff,True,1
train,294,1010,1966,cc01649c9f6ebf07fd29b30ee7e893387a73b2fa4a79147cc651f639404edf59,True,1,4488,4487,cc01649c9f6ebf07fd29b30ee7e893387a73b2fa4a79147cc651f639404edf59,cc01649c9f6ebf07fd29b30ee7e893387a73b2fa4a79147cc651f639404edf59,True,1
train,295,1013,1675,6efae52e0ee3358ee350e19cf701f497ff46fbb688d5a747d68005a52d0f9bf2,True,1,4488,4487,6efae52e0ee3358ee350e19cf701f497ff46fbb688d5a747d68005a52d0f9bf2,6efae52e0ee3358ee350e19cf701f497ff46fbb688d5a747d68005a52d0f9bf2,True,1
train,296,1013,1841,ebbef0fac8e787142b8c1d76efd4d96ebcc2e690a3f82b3be4fbc3f9a4d2856c,True,1,4488,4487,ebbef0fac8e787142b8c1d76efd4d96ebcc2e690a3f82b3be4fbc3f9a4d2856c,ebbef0fac8e787142b8c1d76efd4d96ebcc2e690a3f82b3be4fbc3f9a4d2856c,True,1
train,297,1013,1851,4dd811cbf243019f4ad4ce43d8f173ffbe0a64fe06aa0a307cafc3b53f83c530,True,1,4488,4487,4dd811cbf243019f4ad4ce43d8f173ffbe0a64fe06aa0a307cafc3b53f83c530,4dd811cbf243019f4ad4ce43d8f173ffbe0a64fe06aa0a307cafc3b53f83c530,True,1
train,298,1015,1385,40b64fad35a20c9676b06e93b84474adcaba8720567b9f7d0c13a6c2ecf8668c,True,1,4488,4487,40b64fad35a20c9676b06e93b84474adcaba8720567b9f7d0c13a6c2ecf8668c,40b64fad35a20c9676b06e93b84474adcaba8720567b9f7d0c13a6c2ecf8668c,True,1
train,299,1015,1519,eac754a711f621764be95a50d984d82be7cc58b2ca43e250ec1c5fb463d1158f,True,1,4488,4487,eac754a711f621764be95a50d984d82be7cc58b2ca43e250ec1c5fb463d1158f,eac754a711f621764be95a50d984d82be7cc58b2ca43e250ec1c5fb463d1158f,True,1
train,300,1018,2378,7ddf3b0268eb5ed111ac47b6b8bed5d2b0d24bc9e5c29b3b99bd4929160d8bdc,True,1,4488,4487,7ddf3b0268eb5ed111ac47b6b8bed5d2b0d24bc9e5c29b3b99bd4929160d8bdc,7ddf3b0268eb5ed111ac47b6b8bed5d2b0d24bc9e5c29b3b99bd4929160d8bdc,True,1
train,301,1020,2077,ef52f460111282ddc0e60b93c88cdf9b74c40b5503318b87991b873709a69e82,True,1,4488,4487,ef52f460111282ddc0e60b93c88cdf9b74c40b5503318b87991b873709a69e82,ef52f460111282ddc0e60b93c88cdf9b74c40b5503318b87991b873709a69e82,True,1
train,302,1021,2309,a7baaaf5df6c3012a8706924c32a78025b2be53346256503f54ae5611dad4193,True,1,4488,4487,a7baaaf5df6c3012a8706924c32a78025b2be53346256503f54ae5611dad4193,a7baaaf5df6c3012a8706924c32a78025b2be53346256503f54ae5611dad4193,True,1
train,303,1035,1433,d411cf705a4dc6e3453193fe7211923994a3eb98ed3872a1c30a7b60bb4b1fd1,True,1,4488,4487,d411cf705a4dc6e3453193fe7211923994a3eb98ed3872a1c30a7b60bb4b1fd1,d411cf705a4dc6e3453193fe7211923994a3eb98ed3872a1c30a7b60bb4b1fd1,True,1
train,304,1035,1486,c5d4c6ce03f2e429cf85f88cf7c01ef3fd8b3a34f5b36e0f779b4bf0c38f1a3f,True,1,4488,4487,c5d4c6ce03f2e429cf85f88cf7c01ef3fd8b3a34f5b36e0f779b4bf0c38f1a3f,c5d4c6ce03f2e429cf85f88cf7c01ef3fd8b3a34f5b36e0f779b4bf0c38f1a3f,True,1
train,305,1036,2562,2993168bd82fc3220328c0626cb536c44318b651ee94f78805fe99523ee2d6ef,True,1,4488,4487,2993168bd82fc3220328c0626cb536c44318b651ee94f78805fe99523ee2d6ef,2993168bd82fc3220328c0626cb536c44318b651ee94f78805fe99523ee2d6ef,True,1
train,306,1042,1925,b5ae244f2e255741664df2dd53937e2a490f625fad622a5a2d5e3189390039b4,True,1,4488,4487,b5ae244f2e255741664df2dd53937e2a490f625fad622a5a2d5e3189390039b4,b5ae244f2e255741664df2dd53937e2a490f625fad622a5a2d5e3189390039b4,True,1
train,307,1042,2333,9f03e53e760735c0ba80ae3322cc7cdad4cf26f48108b25f307b0eca1fc54e24,True,1,4488,4487,9f03e53e760735c0ba80ae3322cc7cdad4cf26f48108b25f307b0eca1fc54e24,9f03e53e760735c0ba80ae3322cc7cdad4cf26f48108b25f307b0eca1fc54e24,True,1
train,308,1049,2610,2d9b1dd9465e7b1400335d75a4a553e4dd1592e55693b544e5f3e3231cacef5a,True,1,4488,4487,2d9b1dd9465e7b1400335d75a4a553e4dd1592e55693b544e5f3e3231cacef5a,2d9b1dd9465e7b1400335d75a4a553e4dd1592e55693b544e5f3e3231cacef5a,True,1
train,309,1050,2564,eeeb798456c59c84933f83e22ea28d12aed86a079de448004aaed68283802d26,True,1,4488,4487,eeeb798456c59c84933f83e22ea28d12aed86a079de448004aaed68283802d26,eeeb798456c59c84933f83e22ea28d12aed86a079de448004aaed68283802d26,True,1
train,310,1054,1099,c3cb8946b4aefcc22ac28942687a0121c46e3963f9c962e6aff7bbd6122a5c71,True,1,4488,4487,c3cb8946b4aefcc22ac28942687a0121c46e3963f9c962e6aff7bbd6122a5c71,c3cb8946b4aefcc22ac28942687a0121c46e3963f9c962e6aff7bbd6122a5c71,True,1
train,311,1055,1577,45e813ec173e708cacdeed0c855ffa2ec73bd63e4cd7cc55b575f2dadb0de7b6,True,1,4488,4487,45e813ec173e708cacdeed0c855ffa2ec73bd63e4cd7cc55b575f2dadb0de7b6,45e813ec173e708cacdeed0c855ffa2ec73bd63e4cd7cc55b575f2dadb0de7b6,True,1
train,312,1057,2409,c797ed3eb790fa8dca7822df51fb377093135b6029eaca1faea4ed95549f503d,True,1,4488,4487,c797ed3eb790fa8dca7822df51fb377093135b6029eaca1faea4ed95549f503d,c797ed3eb790fa8dca7822df51fb377093135b6029eaca1faea4ed95549f503d,True,1
train,313,1070,1829,7c885bab523e9792356e9a8a1dd5f2bb2b00c34efcd04ee9765cc73ea39fe73d,True,1,4488,4487,7c885bab523e9792356e9a8a1dd5f2bb2b00c34efcd04ee9765cc73ea39fe73d,7c885bab523e9792356e9a8a1dd5f2bb2b00c34efcd04ee9765cc73ea39fe73d,True,1
train,314,1072,1505,a3c9de53a40c06063dffaac1ce1161121520f7945403de9d735c1e203acaa89e,True,1,4488,4487,a3c9de53a40c06063dffaac1ce1161121520f7945403de9d735c1e203acaa89e,a3c9de53a40c06063dffaac1ce1161121520f7945403de9d735c1e203acaa89e,True,1
train,315,1072,1798,2d4889cb668f1729cc0b8f01cd75bc65178208f9dc4071628b1aefc526f1dc08,True,1,4488,4487,2d4889cb668f1729cc0b8f01cd75bc65178208f9dc4071628b1aefc526f1dc08,2d4889cb668f1729cc0b8f01cd75bc65178208f9dc4071628b1aefc526f1dc08,True,1
train,316,1077,2450,c2dcfd03fb5d4a38e6df30a8ba11b741eecaf0f81de6331c028e43e210d4f76d,True,1,4488,4487,c2dcfd03fb5d4a38e6df30a8ba11b741eecaf0f81de6331c028e43e210d4f76d,c2dcfd03fb5d4a38e6df30a8ba11b741eecaf0f81de6331c028e43e210d4f76d,True,1
train,317,1084,1213,403e3f320df953496a8ffd82cad0b1acbcba4cb69a762467318b413a48a90fe8,True,1,4488,4487,403e3f320df953496a8ffd82cad0b1acbcba4cb69a762467318b413a48a90fe8,403e3f320df953496a8ffd82cad0b1acbcba4cb69a762467318b413a48a90fe8,True,1
train,318,1089,2086,f53ccdf256d1d2c93b23a35dd7f0f84b8c9297e105aa1ca207e5373d1581391a,True,1,4488,4487,f53ccdf256d1d2c93b23a35dd7f0f84b8c9297e105aa1ca207e5373d1581391a,f53ccdf256d1d2c93b23a35dd7f0f84b8c9297e105aa1ca207e5373d1581391a,True,1
train,319,1095,1325,0ec5bd1138b463d837ff42ed02ac6acd34e415fda45bcba2ef6f9717b2a13749,True,1,4488,4487,0ec5bd1138b463d837ff42ed02ac6acd34e415fda45bcba2ef6f9717b2a13749,0ec5bd1138b463d837ff42ed02ac6acd34e415fda45bcba2ef6f9717b2a13749,True,1
train,320,1095,1810,edfc2afb08c8f7931a4119152d06001ff453449a880e9c602da86888c74287fd,True,1,4488,4487,edfc2afb08c8f7931a4119152d06001ff453449a880e9c602da86888c74287fd,edfc2afb08c8f7931a4119152d06001ff453449a880e9c602da86888c74287fd,True,1
train,321,1095,2613,0858ee15e98ddbe16a14ff691edd1d8909ed519dc6456fdbb460801cc2bf006b,True,1,4488,4487,0858ee15e98ddbe16a14ff691edd1d8909ed519dc6456fdbb460801cc2bf006b,0858ee15e98ddbe16a14ff691edd1d8909ed519dc6456fdbb460801cc2bf006b,True,1
train,322,1096,1633,5c7fc8cced1e12b253c2a6a74219c0b09c810b616406c1fffa4dab810f1928fe,True,1,4488,4487,5c7fc8cced1e12b253c2a6a74219c0b09c810b616406c1fffa4dab810f1928fe,5c7fc8cced1e12b253c2a6a74219c0b09c810b616406c1fffa4dab810f1928fe,True,1
train,323,1099,1607,04389b45cdcbde4bf23f3223608a317d97fec12636c04c4ad2dd12ec7ce87f7c,True,1,4488,4487,04389b45cdcbde4bf23f3223608a317d97fec12636c04c4ad2dd12ec7ce87f7c,04389b45cdcbde4bf23f3223608a317d97fec12636c04c4ad2dd12ec7ce87f7c,True,1
train,324,1103,1887,d18b995b215a5c836d0a7725a37c99708ab3d7dbdaefb851b7155382d58c740b,True,1,4488,4487,d18b995b215a5c836d0a7725a37c99708ab3d7dbdaefb851b7155382d58c740b,d18b995b215a5c836d0a7725a37c99708ab3d7dbdaefb851b7155382d58c740b,True,1
train,325,1114,1717,5fc275101f1bed75f9ca8675c537dda580241331fcac382b6c39a879120da6f7,True,1,4488,4487,5fc275101f1bed75f9ca8675c537dda580241331fcac382b6c39a879120da6f7,5fc275101f1bed75f9ca8675c537dda580241331fcac382b6c39a879120da6f7,True,1
train,326,1115,2276,7a78b98d0fea73e20916359cf4b38b9bb75b5570e5288a2d14a97a763e284186,True,1,4488,4487,7a78b98d0fea73e20916359cf4b38b9bb75b5570e5288a2d14a97a763e284186,7a78b98d0fea73e20916359cf4b38b9bb75b5570e5288a2d14a97a763e284186,True,1
train,327,1118,2155,f352fc7faa4261df2d054deb134edd8ba404c67d279e5356f76a2b65e4eeb52a,True,1,4488,4487,f352fc7faa4261df2d054deb134edd8ba404c67d279e5356f76a2b65e4eeb52a,f352fc7faa4261df2d054deb134edd8ba404c67d279e5356f76a2b65e4eeb52a,True,1
train,328,1119,1462,9ae206f9fd6a2fd44b0aa889f04480590c310c49d59798b71e343f2b769c6a2b,True,1,4488,4487,9ae206f9fd6a2fd44b0aa889f04480590c310c49d59798b71e343f2b769c6a2b,9ae206f9fd6a2fd44b0aa889f04480590c310c49d59798b71e343f2b769c6a2b,True,1
train,329,1119,1663,431855a61554be0b349dc12ead3e3606393300d87f43652c2f2c22cd0b462768,True,1,4488,4487,431855a61554be0b349dc12ead3e3606393300d87f43652c2f2c22cd0b462768,431855a61554be0b349dc12ead3e3606393300d87f43652c2f2c22cd0b462768,True,1
train,330,1119,2124,835cca213fd1fd59b13f2073e7ba6c159b26fbfa6288216ab23ff1bdd9accdef,True,1,4488,4487,835cca213fd1fd59b13f2073e7ba6c159b26fbfa6288216ab23ff1bdd9accdef,835cca213fd1fd59b13f2073e7ba6c159b26fbfa6288216ab23ff1bdd9accdef,True,1
train,331,1119,2125,8e931c6c33ae2c01faad784d31f561f54fc43b31975a3da0cbe41a3b711a8e91,True,1,4488,4487,8e931c6c33ae2c01faad784d31f561f54fc43b31975a3da0cbe41a3b711a8e91,8e931c6c33ae2c01faad784d31f561f54fc43b31975a3da0cbe41a3b711a8e91,True,1
train,332,1119,2127,7de931e24933570a2c6e6194df81f2416ed8a1d193a838231e7b721ed038de07,True,1,4488,4487,7de931e24933570a2c6e6194df81f2416ed8a1d193a838231e7b721ed038de07,7de931e24933570a2c6e6194df81f2416ed8a1d193a838231e7b721ed038de07,True,1
train,333,1123,1358,4a9539fdec47cde847ccb8c1188d81c4e4b7444a89a41f2d09f8ba2b0f61e6d4,True,1,4488,4487,4a9539fdec47cde847ccb8c1188d81c4e4b7444a89a41f2d09f8ba2b0f61e6d4,4a9539fdec47cde847ccb8c1188d81c4e4b7444a89a41f2d09f8ba2b0f61e6d4,True,1
train,334,1128,2275,bb6b3131f7728b040c816d1686d7bd5fc2c9f907446b22c6d1e0a662c8a75458,True,1,4488,4487,bb6b3131f7728b040c816d1686d7bd5fc2c9f907446b22c6d1e0a662c8a75458,bb6b3131f7728b040c816d1686d7bd5fc2c9f907446b22c6d1e0a662c8a75458,True,1
train,335,1131,1133,6193a703a437c77c3bab9796e253869404fb783654159e4b8eab782d2f27ff3a,True,1,4488,4487,6193a703a437c77c3bab9796e253869404fb783654159e4b8eab782d2f27ff3a,6193a703a437c77c3bab9796e253869404fb783654159e4b8eab782d2f27ff3a,True,1
train,336,1135,1257,eb100f2b63506856970a82e093384c2453e5e523e980458c3629e50532589502,True,1,4488,4487,eb100f2b63506856970a82e093384c2453e5e523e980458c3629e50532589502,eb100f2b63506856970a82e093384c2453e5e523e980458c3629e50532589502,True,1
train,337,1143,2155,e804455c3781dd5c055490d69d9274b5cd8fecee71de513563df3e9a1d6cb23d,True,1,4488,4487,e804455c3781dd5c055490d69d9274b5cd8fecee71de513563df3e9a1d6cb23d,e804455c3781dd5c055490d69d9274b5cd8fecee71de513563df3e9a1d6cb23d,True,1
train,338,1143,2262,c6339787c320f38f280a3b5e6573b4ea377515419f9f469a57e2655c3e6053d5,True,1,4488,4487,c6339787c320f38f280a3b5e6573b4ea377515419f9f469a57e2655c3e6053d5,c6339787c320f38f280a3b5e6573b4ea377515419f9f469a57e2655c3e6053d5,True,1
train,339,1149,1986,cb16d0c61011212ba799c1a79fb7cd23a09108279e5b25e7e7a6e90b7ba80b2c,True,1,4488,4487,cb16d0c61011212ba799c1a79fb7cd23a09108279e5b25e7e7a6e90b7ba80b2c,cb16d0c61011212ba799c1a79fb7cd23a09108279e5b25e7e7a6e90b7ba80b2c,True,1
train,340,1155,1229,5116c331799f8a0e42bc7ce4322b89ad902d5fdd53459bc4065c588687df55cc,True,1,4488,4487,5116c331799f8a0e42bc7ce4322b89ad902d5fdd53459bc4065c588687df55cc,5116c331799f8a0e42bc7ce4322b89ad902d5fdd53459bc4065c588687df55cc,True,1
train,341,1158,2382,e0791a869e392b91fa936c9429ba4caf9f14c6e57e16541e709d1a03d11cd586,True,1,4488,4487,e0791a869e392b91fa936c9429ba4caf9f14c6e57e16541e709d1a03d11cd586,e0791a869e392b91fa936c9429ba4caf9f14c6e57e16541e709d1a03d11cd586,True,1
train,342,1170,1476,be425d9f35681809e0fc6576173ffad325bf04052275311268d52284d48dc5d2,True,1,4488,4487,be425d9f35681809e0fc6576173ffad325bf04052275311268d52284d48dc5d2,be425d9f35681809e0fc6576173ffad325bf04052275311268d52284d48dc5d2,True,1
train,343,1176,1542,9f81716aa56e71f3cbf367f31eb1d8e0a425833f3ce30bbc70b439086461422b,True,1,4488,4487,9f81716aa56e71f3cbf367f31eb1d8e0a425833f3ce30bbc70b439086461422b,9f81716aa56e71f3cbf367f31eb1d8e0a425833f3ce30bbc70b439086461422b,True,1
train,344,1189,1358,ba97d7ab1b25ac499f43fc9580733a0f5a201defe921f7f61cb6757019a94078,True,1,4488,4487,ba97d7ab1b25ac499f43fc9580733a0f5a201defe921f7f61cb6757019a94078,ba97d7ab1b25ac499f43fc9580733a0f5a201defe921f7f61cb6757019a94078,True,1
train,345,1191,2241,d5ae0ad89a439b8dd72c969772603f7793ce33a22718cd8320a2a870f7a745da,True,1,4488,4487,d5ae0ad89a439b8dd72c969772603f7793ce33a22718cd8320a2a870f7a745da,d5ae0ad89a439b8dd72c969772603f7793ce33a22718cd8320a2a870f7a745da,True,1
train,346,1192,1621,9dea00a8a01f355b42500fca6ad192262d8ed7c8986db81fa87d796b6d502e34,True,1,4488,4487,9dea00a8a01f355b42500fca6ad192262d8ed7c8986db81fa87d796b6d502e34,9dea00a8a01f355b42500fca6ad192262d8ed7c8986db81fa87d796b6d502e34,True,1
train,347,1199,1716,0d27cd7c957e6c79f806d3a9925057af75c643837824f3c295aa757be5af193e,True,1,4488,4487,0d27cd7c957e6c79f806d3a9925057af75c643837824f3c295aa757be5af193e,0d27cd7c957e6c79f806d3a9925057af75c643837824f3c295aa757be5af193e,True,1
train,348,1202,2524,7854a5a5322cf394099a85a6524c4d97b327b48f5d8eecd82e1a7d5f51ebfd8b,True,1,4488,4487,7854a5a5322cf394099a85a6524c4d97b327b48f5d8eecd82e1a7d5f51ebfd8b,7854a5a5322cf394099a85a6524c4d97b327b48f5d8eecd82e1a7d5f51ebfd8b,True,1
train,349,1205,1358,9e80e6bc1f4384a239518e56073a4bb7da7bf76237542c6c492c2a6e6b15c4b7,True,1,4488,4487,9e80e6bc1f4384a239518e56073a4bb7da7bf76237542c6c492c2a6e6b15c4b7,9e80e6bc1f4384a239518e56073a4bb7da7bf76237542c6c492c2a6e6b15c4b7,True,1
train,350,1209,1358,dbfb06241bb411e2c614528ac4064900c541a9a70312fb2e6fc69869501bd9b0,True,1,4488,4487,dbfb06241bb411e2c614528ac4064900c541a9a70312fb2e6fc69869501bd9b0,dbfb06241bb411e2c614528ac4064900c541a9a70312fb2e6fc69869501bd9b0,True,1
train,351,1213,1290,abbb782cf2772a260dbceec43f08fa85112a4dc7baadca163eee0dd5d919c85a,True,1,4488,4487,abbb782cf2772a260dbceec43f08fa85112a4dc7baadca163eee0dd5d919c85a,abbb782cf2772a260dbceec43f08fa85112a4dc7baadca163eee0dd5d919c85a,True,1
train,352,1218,1927,3362f5e500827175085aea9ac86b74dd98ab5059c662467eb4da33bf5025885e,True,1,4488,4487,3362f5e500827175085aea9ac86b74dd98ab5059c662467eb4da33bf5025885e,3362f5e500827175085aea9ac86b74dd98ab5059c662467eb4da33bf5025885e,True,1
train,353,1221,1577,ef131e2b4a9a48319242034b460c5b152abb954facf4ad2138298a36590233df,True,1,4488,4487,ef131e2b4a9a48319242034b460c5b152abb954facf4ad2138298a36590233df,ef131e2b4a9a48319242034b460c5b152abb954facf4ad2138298a36590233df,True,1
train,354,1224,1341,bbcc54eecb489b8e10a03da6c1803b6ff467127d5557b1f6bd9686661ab6ae64,True,1,4488,4487,bbcc54eecb489b8e10a03da6c1803b6ff467127d5557b1f6bd9686661ab6ae64,bbcc54eecb489b8e10a03da6c1803b6ff467127d5557b1f6bd9686661ab6ae64,True,1
train,355,1224,1732,81e6848f1dd735363f1c669a896dcac22586161e7f8ead12425aa5c46a236f8c,True,1,4488,4487,81e6848f1dd735363f1c669a896dcac22586161e7f8ead12425aa5c46a236f8c,81e6848f1dd735363f1c669a896dcac22586161e7f8ead12425aa5c46a236f8c,True,1
train,356,1224,2152,edbc34d7db427f0b8b87bbda6cb5b362710475bf17a7a5cc8d21a1eac92b12d8,True,1,4488,4487,edbc34d7db427f0b8b87bbda6cb5b362710475bf17a7a5cc8d21a1eac92b12d8,edbc34d7db427f0b8b87bbda6cb5b362710475bf17a7a5cc8d21a1eac92b12d8,True,1
train,357,1235,1462,554a3f1f46e0147ddda94fd807b1b2b97c2351ff1776e5344808bb6408808be4,True,1,4488,4487,554a3f1f46e0147ddda94fd807b1b2b97c2351ff1776e5344808bb6408808be4,554a3f1f46e0147ddda94fd807b1b2b97c2351ff1776e5344808bb6408808be4,True,1
train,358,1249,2558,a2f0451264ef4fabbdf9f852df2697f6fa84ec7507eaad96e56ecc07f4a9b6cc,True,1,4488,4487,a2f0451264ef4fabbdf9f852df2697f6fa84ec7507eaad96e56ecc07f4a9b6cc,a2f0451264ef4fabbdf9f852df2697f6fa84ec7507eaad96e56ecc07f4a9b6cc,True,1
train,359,1256,1761,a9ad8fe6c084644bd1186846231ec3b0f5a3bfa963298a723058e28e2c42647c,True,1,4488,4487,a9ad8fe6c084644bd1186846231ec3b0f5a3bfa963298a723058e28e2c42647c,a9ad8fe6c084644bd1186846231ec3b0f5a3bfa963298a723058e28e2c42647c,True,1
train,360,1257,2518,b4cf6f659d91e782f1fd65915a8a8e7e92e4daf2428812c7c62d9b01d1b815e8,True,1,4488,4487,b4cf6f659d91e782f1fd65915a8a8e7e92e4daf2428812c7c62d9b01d1b815e8,b4cf6f659d91e782f1fd65915a8a8e7e92e4daf2428812c7c62d9b01d1b815e8,True,1
train,361,1257,2673,f6531cf5f1659c679f6fe40eaa75d96c92379fa1f3bc9f0842454ea796b69a42,True,1,4488,4487,f6531cf5f1659c679f6fe40eaa75d96c92379fa1f3bc9f0842454ea796b69a42,f6531cf5f1659c679f6fe40eaa75d96c92379fa1f3bc9f0842454ea796b69a42,True,1
train,362,1269,1314,4aa2be427b4d1a2322935ef3f74691bdcc77fad8e6f2c7c97beaaef6670f3987,True,1,4488,4487,4aa2be427b4d1a2322935ef3f74691bdcc77fad8e6f2c7c97beaaef6670f3987,4aa2be427b4d1a2322935ef3f74691bdcc77fad8e6f2c7c97beaaef6670f3987,True,1
train,363,1270,1622,18a2b3d9ef338f5d7c71a9695cf02b20cd52f45085003518fb3cf8f3bb8b5f78,True,1,4488,4487,18a2b3d9ef338f5d7c71a9695cf02b20cd52f45085003518fb3cf8f3bb8b5f78,18a2b3d9ef338f5d7c71a9695cf02b20cd52f45085003518fb3cf8f3bb8b5f78,True,1
train,364,1273,2124,84f1ab95c89d99298121e2da1dccc4ed100ce6c91b59b0ed3f20d0ad7468ba8a,True,1,4488,4487,84f1ab95c89d99298121e2da1dccc4ed100ce6c91b59b0ed3f20d0ad7468ba8a,84f1ab95c89d99298121e2da1dccc4ed100ce6c91b59b0ed3f20d0ad7468ba8a,True,1
train,365,1284,1358,aa73efbc178c30abad97e5219068a322b43a9fc001db9a7dff7c6064353d011e,True,1,4488,4487,aa73efbc178c30abad97e5219068a322b43a9fc001db9a7dff7c6064353d011e,aa73efbc178c30abad97e5219068a322b43a9fc001db9a7dff7c6064353d011e,True,1
train,366,1289,1622,c742a90426e6362d5a0d9189846e838c06873f4c647fb4655d769c11680b2c9b,True,1,4488,4487,c742a90426e6362d5a0d9189846e838c06873f4c647fb4655d769c11680b2c9b,c742a90426e6362d5a0d9189846e838c06873f4c647fb4655d769c11680b2c9b,True,1
train,367,1305,1358,d61604a1379b5fb97cb79ce9f5401d12ff7a894955efb84764712234ea2e1e9b,True,1,4488,4487,d61604a1379b5fb97cb79ce9f5401d12ff7a894955efb84764712234ea2e1e9b,d61604a1379b5fb97cb79ce9f5401d12ff7a894955efb84764712234ea2e1e9b,True,1
train,368,1325,2247,3649ad31585f0db688ec8b1abc46fdec11ecf19042787ce9b48a57f6e8ccb20c,True,1,4488,4487,3649ad31585f0db688ec8b1abc46fdec11ecf19042787ce9b48a57f6e8ccb20c,3649ad31585f0db688ec8b1abc46fdec11ecf19042787ce9b48a57f6e8ccb20c,True,1
train,369,1334,1941,f7dd7aff3098571d0a659d03a58d6b83ba96597199c165cd13fc64f1ba1b84f6,True,1,4488,4487,f7dd7aff3098571d0a659d03a58d6b83ba96597199c165cd13fc64f1ba1b84f6,f7dd7aff3098571d0a659d03a58d6b83ba96597199c165cd13fc64f1ba1b84f6,True,1
train,370,1336,1452,fd5540bf551aadadfad3534cd2f867ca445cb120144dbe226e34dfe8fb14b65d,True,1,4488,4487,fd5540bf551aadadfad3534cd2f867ca445cb120144dbe226e34dfe8fb14b65d,fd5540bf551aadadfad3534cd2f867ca445cb120144dbe226e34dfe8fb14b65d,True,1
train,371,1339,1753,54b6a66af7f8f1c352e707c80e48c830ba192f3aca7b5203c1ab69f9018831d1,True,1,4488,4487,54b6a66af7f8f1c352e707c80e48c830ba192f3aca7b5203c1ab69f9018831d1,54b6a66af7f8f1c352e707c80e48c830ba192f3aca7b5203c1ab69f9018831d1,True,1
train,372,1341,2425,7edf80acf7c72992a2c4bd7f37cf5c985e9fcd418a45f5aba75149106f743ddc,True,1,4488,4487,7edf80acf7c72992a2c4bd7f37cf5c985e9fcd418a45f5aba75149106f743ddc,7edf80acf7c72992a2c4bd7f37cf5c985e9fcd418a45f5aba75149106f743ddc,True,1
train,373,1343,1645,5d955d0886c22a4f1e171d69fd4a7c4fca69fb8f69dd0a17d5ef0a5f39113081,True,1,4488,4487,5d955d0886c22a4f1e171d69fd4a7c4fca69fb8f69dd0a17d5ef0a5f39113081,5d955d0886c22a4f1e171d69fd4a7c4fca69fb8f69dd0a17d5ef0a5f39113081,True,1
train,374,1347,1997,6fcbd38d159133814a60e10541fddb7a61e1e84d833d86d7007e0a795c446406,True,1,4488,4487,6fcbd38d159133814a60e10541fddb7a61e1e84d833d86d7007e0a795c446406,6fcbd38d159133814a60e10541fddb7a61e1e84d833d86d7007e0a795c446406,True,1
train,375,1351,1592,96b0f076781c3c1b5dc9c0193b6265bc41f879e753b95e6fc74617ec0931acd5,True,1,4488,4487,96b0f076781c3c1b5dc9c0193b6265bc41f879e753b95e6fc74617ec0931acd5,96b0f076781c3c1b5dc9c0193b6265bc41f879e753b95e6fc74617ec0931acd5,True,1
train,376,1351,1972,48ce9233701e3d0f1ef8776c72d10ee824468b61ed0e8dc801b1a1efa34a7db4,True,1,4488,4487,48ce9233701e3d0f1ef8776c72d10ee824468b61ed0e8dc801b1a1efa34a7db4,48ce9233701e3d0f1ef8776c72d10ee824468b61ed0e8dc801b1a1efa34a7db4,True,1
train,377,1358,1384,07ce54e6cd57e14ad697744ed9b6c299cdd3522719ba8c78769481cfa93a2c1e,True,1,4488,4487,07ce54e6cd57e14ad697744ed9b6c299cdd3522719ba8c78769481cfa93a2c1e,07ce54e6cd57e14ad697744ed9b6c299cdd3522719ba8c78769481cfa93a2c1e,True,1
train,378,1358,1444,0bcc5ffe78915a989a84cd63404be446ee165bfbfcf458e8e4745dade035a87c,True,1,4488,4487,0bcc5ffe78915a989a84cd63404be446ee165bfbfcf458e8e4745dade035a87c,0bcc5ffe78915a989a84cd63404be446ee165bfbfcf458e8e4745dade035a87c,True,1
train,379,1358,1471,83721b1debc3e810c3013c89407000315047f38508cbe2cf9bdd6be7785a800a,True,1,4488,4487,83721b1debc3e810c3013c89407000315047f38508cbe2cf9bdd6be7785a800a,83721b1debc3e810c3013c89407000315047f38508cbe2cf9bdd6be7785a800a,True,1
train,380,1358,1714,eb3181b8ec26a06a9bf7764eabc7c7d900d8931718a1b31018f542a8b9f5ed0c,True,1,4488,4487,eb3181b8ec26a06a9bf7764eabc7c7d900d8931718a1b31018f542a8b9f5ed0c,eb3181b8ec26a06a9bf7764eabc7c7d900d8931718a1b31018f542a8b9f5ed0c,True,1
train,381,1358,1732,37e78862726496aa4a5ac2d5d00386d9e4b538005976f4c9704e34ff359c8f99,True,1,4488,4487,37e78862726496aa4a5ac2d5d00386d9e4b538005976f4c9704e34ff359c8f99,37e78862726496aa4a5ac2d5d00386d9e4b538005976f4c9704e34ff359c8f99,True,1
train,382,1358,1734,93518444e8d38d0f254ad02e78543d135372a3985a3d7beaed1b8f3dd36b9e05,True,1,4488,4487,93518444e8d38d0f254ad02e78543d135372a3985a3d7beaed1b8f3dd36b9e05,93518444e8d38d0f254ad02e78543d135372a3985a3d7beaed1b8f3dd36b9e05,True,1
train,383,1358,1735,5f207aaba1f8138a848dd2daf673dd1fde261ab19e75404bf267e17950eabf7b,True,1,4488,4487,5f207aaba1f8138a848dd2daf673dd1fde261ab19e75404bf267e17950eabf7b,5f207aaba1f8138a848dd2daf673dd1fde261ab19e75404bf267e17950eabf7b,True,1
train,384,1358,1753,c4f31edb8b6b39dd8fca6116ba4de76ae434b93c8bf5dc023ba2f2afeab5a753,True,1,4488,4487,c4f31edb8b6b39dd8fca6116ba4de76ae434b93c8bf5dc023ba2f2afeab5a753,c4f31edb8b6b39dd8fca6116ba4de76ae434b93c8bf5dc023ba2f2afeab5a753,True,1
train,385,1358,1756,7f5d5885ce49091baa63480cac2512816414c90c9d8d49c7733d2e30e91b42f1,True,1,4488,4487,7f5d5885ce49091baa63480cac2512816414c90c9d8d49c7733d2e30e91b42f1,7f5d5885ce49091baa63480cac2512816414c90c9d8d49c7733d2e30e91b42f1,True,1
train,386,1358,1760,2511efc104a5b553b14ae2e30d91535f996e7f1765b04c787ceeb2edaffa1c3b,True,1,4488,4487,2511efc104a5b553b14ae2e30d91535f996e7f1765b04c787ceeb2edaffa1c3b,2511efc104a5b553b14ae2e30d91535f996e7f1765b04c787ceeb2edaffa1c3b,True,1
train,387,1358,1766,be28120b87d3702d927fbe2a34a9f51f1b2fb2c8a79b3b01c025c19dbfcc6969,True,1,4488,4487,be28120b87d3702d927fbe2a34a9f51f1b2fb2c8a79b3b01c025c19dbfcc6969,be28120b87d3702d927fbe2a34a9f51f1b2fb2c8a79b3b01c025c19dbfcc6969,True,1
train,388,1380,2564,077e794716262f5e4a6a246fb0b2ebe7b904db09d5c5368e2f3acdc47cf87f00,True,1,4488,4487,077e794716262f5e4a6a246fb0b2ebe7b904db09d5c5368e2f3acdc47cf87f00,077e794716262f5e4a6a246fb0b2ebe7b904db09d5c5368e2f3acdc47cf87f00,True,1
train,389,1381,1794,8cb099140a7cffd451ec9471ac4bb04504918e907a72c4bb570c6a03fe23a05c,True,1,4488,4487,8cb099140a7cffd451ec9471ac4bb04504918e907a72c4bb570c6a03fe23a05c,8cb099140a7cffd451ec9471ac4bb04504918e907a72c4bb570c6a03fe23a05c,True,1
train,390,1396,2228,73922dcbc235f1b39c83cc9e7ea451b31e513530aa3772e307fcc2b0d5139bbf,True,1,4488,4487,73922dcbc235f1b39c83cc9e7ea451b31e513530aa3772e307fcc2b0d5139bbf,73922dcbc235f1b39c83cc9e7ea451b31e513530aa3772e307fcc2b0d5139bbf,True,1
train,391,1413,1936,c56068b7ffe616940ccbeb1cf758c11eac1a279e343c74eb42d589ceb79a1c23,True,1,4488,4487,c56068b7ffe616940ccbeb1cf758c11eac1a279e343c74eb42d589ceb79a1c23,c56068b7ffe616940ccbeb1cf758c11eac1a279e343c74eb42d589ceb79a1c23,True,1
train,392,1416,1923,054ae60dbe6f2041911d2deace4c31b870d0c0649e5653ae9e31fe5a8b34f237,True,1,4488,4487,054ae60dbe6f2041911d2deace4c31b870d0c0649e5653ae9e31fe5a8b34f237,054ae60dbe6f2041911d2deace4c31b870d0c0649e5653ae9e31fe5a8b34f237,True,1
train,393,1416,1924,2d869487d1b8bb2a054c9fe20dcbd98ff510cb10fe45146f81ab860306c890f5,True,1,4488,4487,2d869487d1b8bb2a054c9fe20dcbd98ff510cb10fe45146f81ab860306c890f5,2d869487d1b8bb2a054c9fe20dcbd98ff510cb10fe45146f81ab860306c890f5,True,1
train,394,1416,1926,0e1e8ae0463bcc9ff74ee8b5f0ea0f26d0dbcc81cea8e0c358bb9b7050cea7e6,True,1,4488,4487,0e1e8ae0463bcc9ff74ee8b5f0ea0f26d0dbcc81cea8e0c358bb9b7050cea7e6,0e1e8ae0463bcc9ff74ee8b5f0ea0f26d0dbcc81cea8e0c358bb9b7050cea7e6,True,1
train,395,1417,1529,f005c1a0b4e4e43a18654c250518960fb11e5c4e682ee6dfe8e31091247895f5,True,1,4488,4487,f005c1a0b4e4e43a18654c250518960fb11e5c4e682ee6dfe8e31091247895f5,f005c1a0b4e4e43a18654c250518960fb11e5c4e682ee6dfe8e31091247895f5,True,1
train,396,1419,2259,d6a756537270420e404513c0575a2fcf289b2c93f9cfd8917debc1b038285f03,True,1,4488,4487,d6a756537270420e404513c0575a2fcf289b2c93f9cfd8917debc1b038285f03,d6a756537270420e404513c0575a2fcf289b2c93f9cfd8917debc1b038285f03,True,1
train,397,1428,1429,04861868d983cd8d71543a4b0c99d4c4af2e242bebf7b22fa20ca5d333e4b659,True,1,4488,4487,04861868d983cd8d71543a4b0c99d4c4af2e242bebf7b22fa20ca5d333e4b659,04861868d983cd8d71543a4b0c99d4c4af2e242bebf7b22fa20ca5d333e4b659,True,1
train,398,1428,2520,38688bbff7482236928eb9661a901035806b00ecb619ec5d05c8c32dec2c8617,True,1,4488,4487,38688bbff7482236928eb9661a901035806b00ecb619ec5d05c8c32dec2c8617,38688bbff7482236928eb9661a901035806b00ecb619ec5d05c8c32dec2c8617,True,1
train,399,1435,2071,e47dc9cdf8efeba644eb5c327c7283209ed94482eab99954c91dcb91941f717f,True,1,4488,4487,e47dc9cdf8efeba644eb5c327c7283209ed94482eab99954c91dcb91941f717f,e47dc9cdf8efeba644eb5c327c7283209ed94482eab99954c91dcb91941f717f,True,1
train,400,1441,1619,bb165c0d8970d919e536a9d7fbb246a2f6cdd7cf76b6421209325bdb5a06e51a,True,1,4488,4487,bb165c0d8970d919e536a9d7fbb246a2f6cdd7cf76b6421209325bdb5a06e51a,bb165c0d8970d919e536a9d7fbb246a2f6cdd7cf76b6421209325bdb5a06e51a,True,1
train,401,1443,2240,e800ba85ea24c73056c0380bd6a3640ef07b8878cdca17f04446424532e0d088,True,1,4488,4487,e800ba85ea24c73056c0380bd6a3640ef07b8878cdca17f04446424532e0d088,e800ba85ea24c73056c0380bd6a3640ef07b8878cdca17f04446424532e0d088,True,1
train,402,1459,2218,f4e0b0a3af5aee186b64d657fdf006046ff2d368c4bbfdf9a98e268d406eed07,True,1,4488,4487,f4e0b0a3af5aee186b64d657fdf006046ff2d368c4bbfdf9a98e268d406eed07,f4e0b0a3af5aee186b64d657fdf006046ff2d368c4bbfdf9a98e268d406eed07,True,1
train,403,1463,2132,6b666337f5577ce256a9170dcdfe1300a11e5e8a39f1ca8832cc7bdb4fc52fe3,True,1,4488,4487,6b666337f5577ce256a9170dcdfe1300a11e5e8a39f1ca8832cc7bdb4fc52fe3,6b666337f5577ce256a9170dcdfe1300a11e5e8a39f1ca8832cc7bdb4fc52fe3,True,1
train,404,1473,2706,fd3b9aeb2d58a8ca54a898d103c733864a91685d3d5e52ced428ebcab7ff81fd,True,1,4488,4487,fd3b9aeb2d58a8ca54a898d103c733864a91685d3d5e52ced428ebcab7ff81fd,fd3b9aeb2d58a8ca54a898d103c733864a91685d3d5e52ced428ebcab7ff81fd,True,1
train,405,1474,2335,6114977d907ce7416800797f697024d66c408a2ad86b11197673e63bbc833167,True,1,4488,4487,6114977d907ce7416800797f697024d66c408a2ad86b11197673e63bbc833167,6114977d907ce7416800797f697024d66c408a2ad86b11197673e63bbc833167,True,1
train,406,1475,2469,87a74f7d55e518d09c498ec800f28f796a6084e66d2e33766719fb3676b4c298,True,1,4488,4487,87a74f7d55e518d09c498ec800f28f796a6084e66d2e33766719fb3676b4c298,87a74f7d55e518d09c498ec800f28f796a6084e66d2e33766719fb3676b4c298,True,1
train,407,1486,1745,c1fbf09c9894d5e4e7eeaa44d85a083910d12b65f16a50caf44749935b89f381,True,1,4488,4487,c1fbf09c9894d5e4e7eeaa44d85a083910d12b65f16a50caf44749935b89f381,c1fbf09c9894d5e4e7eeaa44d85a083910d12b65f16a50caf44749935b89f381,True,1
train,408,1492,1765,eef2396afe328a03144b8d4ff64024967f7453dc758dac5b93ee4133d52d3f66,True,1,4488,4487,eef2396afe328a03144b8d4ff64024967f7453dc758dac5b93ee4133d52d3f66,eef2396afe328a03144b8d4ff64024967f7453dc758dac5b93ee4133d52d3f66,True,1
train,409,1502,2163,8c94dccbe0c382b5ebc0dea24133b673807918c8db6925fdcc423d3f3b6a1b07,True,1,4488,4487,8c94dccbe0c382b5ebc0dea24133b673807918c8db6925fdcc423d3f3b6a1b07,8c94dccbe0c382b5ebc0dea24133b673807918c8db6925fdcc423d3f3b6a1b07,True,1
train,410,1504,1647,a506813d749a35a08af0a0b82cca06c8246a3682dcfc4f86936941cd8a1a860c,True,1,4488,4487,a506813d749a35a08af0a0b82cca06c8246a3682dcfc4f86936941cd8a1a860c,a506813d749a35a08af0a0b82cca06c8246a3682dcfc4f86936941cd8a1a860c,True,1
train,411,1505,1699,c97a4b244e62993b5a600eeaa086f3230c57f8f0860f54c6fd4e6a00594a007e,True,1,4488,4487,c97a4b244e62993b5a600eeaa086f3230c57f8f0860f54c6fd4e6a00594a007e,c97a4b244e62993b5a600eeaa086f3230c57f8f0860f54c6fd4e6a00594a007e,True,1
train,412,1507,2436,55b472fbe93f03c8e366a1a7759cb387928ad74cdab09d92ecf47bc60dac8360,True,1,4488,4487,55b472fbe93f03c8e366a1a7759cb387928ad74cdab09d92ecf47bc60dac8360,55b472fbe93f03c8e366a1a7759cb387928ad74cdab09d92ecf47bc60dac8360,True,1
train,413,1522,2680,045ebc8653b7735f04c4bd0bb89c4543a431888b21b0e02acb827414ae92e7bf,True,1,4488,4487,045ebc8653b7735f04c4bd0bb89c4543a431888b21b0e02acb827414ae92e7bf,045ebc8653b7735f04c4bd0bb89c4543a431888b21b0e02acb827414ae92e7bf,True,1
train,414,1523,2449,d182de19f96b1ae8a9a321d5b02dfc21bf5f7beea280db06920c1df64ae59289,True,1,4488,4487,d182de19f96b1ae8a9a321d5b02dfc21bf5f7beea280db06920c1df64ae59289,d182de19f96b1ae8a9a321d5b02dfc21bf5f7beea280db06920c1df64ae59289,True,1
train,415,1525,1914,92b458e1bd447009d622404881b6bc70947ad0042acbe4e935673e1a971e4411,True,1,4488,4487,92b458e1bd447009d622404881b6bc70947ad0042acbe4e935673e1a971e4411,92b458e1bd447009d622404881b6bc70947ad0042acbe4e935673e1a971e4411,True,1
train,416,1527,2450,d5001a0b3107db3cb3ecb9fd8fe3d73f830f9fd07e47969c9c5657e2c49e6561,True,1,4488,4487,d5001a0b3107db3cb3ecb9fd8fe3d73f830f9fd07e47969c9c5657e2c49e6561,d5001a0b3107db3cb3ecb9fd8fe3d73f830f9fd07e47969c9c5657e2c49e6561,True,1
train,417,1529,1984,992ed086dad281f17c203276d5ed9d59fbaaa9cfa335a4191176b70b83126d44,True,1,4488,4487,992ed086dad281f17c203276d5ed9d59fbaaa9cfa335a4191176b70b83126d44,992ed086dad281f17c203276d5ed9d59fbaaa9cfa335a4191176b70b83126d44,True,1
train,418,1542,1941,a68a282594ed051a522c3b83254a99f71811e91c70a8653d62ea7b53b0401888,True,1,4488,4487,a68a282594ed051a522c3b83254a99f71811e91c70a8653d62ea7b53b0401888,a68a282594ed051a522c3b83254a99f71811e91c70a8653d62ea7b53b0401888,True,1
train,419,1542,1942,69deffd19a7cbd7abd1aca1cd023a4f8350344528b7a171fbc7995e30e259c5c,True,1,4488,4487,69deffd19a7cbd7abd1aca1cd023a4f8350344528b7a171fbc7995e30e259c5c,69deffd19a7cbd7abd1aca1cd023a4f8350344528b7a171fbc7995e30e259c5c,True,1
train,420,1567,1874,2ef2b5760ae5221bf1491335563ae0bc32fa30a66df37b39dfb5aa34bda2af67,True,1,4488,4487,2ef2b5760ae5221bf1491335563ae0bc32fa30a66df37b39dfb5aa34bda2af67,2ef2b5760ae5221bf1491335563ae0bc32fa30a66df37b39dfb5aa34bda2af67,True,1
train,421,1569,1966,67c173e414ff22fb9f7dcd8c327931edca4176d58e110642cccdee96aa6b023e,True,1,4488,4487,67c173e414ff22fb9f7dcd8c327931edca4176d58e110642cccdee96aa6b023e,67c173e414ff22fb9f7dcd8c327931edca4176d58e110642cccdee96aa6b023e,True,1
train,422,1574,1986,f3a00df7005e0da2b0d75c6bca5719e21ee7d12799a9ef51fcdc1f44a4986a11,True,1,4488,4487,f3a00df7005e0da2b0d75c6bca5719e21ee7d12799a9ef51fcdc1f44a4986a11,f3a00df7005e0da2b0d75c6bca5719e21ee7d12799a9ef51fcdc1f44a4986a11,True,1
train,423,1583,1995,3deae7d28e69108f96b39421d4fbdb2eaed048c2b60603b231aa6325c7d00209,True,1,4488,4487,3deae7d28e69108f96b39421d4fbdb2eaed048c2b60603b231aa6325c7d00209,3deae7d28e69108f96b39421d4fbdb2eaed048c2b60603b231aa6325c7d00209,True,1
train,424,1586,2168,e1ccd1cf6dc6ea6568666938cc2f926e7a3babdd1a7c68765d454b67bb3c3dd7,True,1,4488,4487,e1ccd1cf6dc6ea6568666938cc2f926e7a3babdd1a7c68765d454b67bb3c3dd7,e1ccd1cf6dc6ea6568666938cc2f926e7a3babdd1a7c68765d454b67bb3c3dd7,True,1
train,425,1592,2071,e5d1b87cc63d99c0c29472bc8d52becc94ccd5f3bb27284ea180160e58e59ff0,True,1,4488,4487,e5d1b87cc63d99c0c29472bc8d52becc94ccd5f3bb27284ea180160e58e59ff0,e5d1b87cc63d99c0c29472bc8d52becc94ccd5f3bb27284ea180160e58e59ff0,True,1
train,426,1599,2441,9975a936575b87a075fdb72a739d9d7342a4c49d31e7f8e54f551ad809a4afec,True,1,4488,4487,9975a936575b87a075fdb72a739d9d7342a4c49d31e7f8e54f551ad809a4afec,9975a936575b87a075fdb72a739d9d7342a4c49d31e7f8e54f551ad809a4afec,True,1
train,427,1605,1950,bcab225c0173718f0ca5f762b612fb80f71be6b1b6e2fe397a28cc5c133563db,True,1,4488,4487,bcab225c0173718f0ca5f762b612fb80f71be6b1b6e2fe397a28cc5c133563db,bcab225c0173718f0ca5f762b612fb80f71be6b1b6e2fe397a28cc5c133563db,True,1
train,428,1608,2489,8887921e01ce2ce4bfc8cacf91ce95513d333ddc73e14eed9708c2713c611f01,True,1,4488,4487,8887921e01ce2ce4bfc8cacf91ce95513d333ddc73e14eed9708c2713c611f01,8887921e01ce2ce4bfc8cacf91ce95513d333ddc73e14eed9708c2713c611f01,True,1
train,429,1614,2034,060fa68e561262a9894b843cfa9d147d46847ea2c710e91c37969ac0e43ed3b2,True,1,4488,4487,060fa68e561262a9894b843cfa9d147d46847ea2c710e91c37969ac0e43ed3b2,060fa68e561262a9894b843cfa9d147d46847ea2c710e91c37969ac0e43ed3b2,True,1
train,430,1615,1665,ded348a364b46609670bfd647de71c4889cb0ddab83bebaf819cf4d84352bd82,True,1,4488,4487,ded348a364b46609670bfd647de71c4889cb0ddab83bebaf819cf4d84352bd82,ded348a364b46609670bfd647de71c4889cb0ddab83bebaf819cf4d84352bd82,True,1
train,431,1618,1789,3da9c70e5ee89303392956c94bf48f063e4a1db6542d32e57bce38700bc9ce14,True,1,4488,4487,3da9c70e5ee89303392956c94bf48f063e4a1db6542d32e57bce38700bc9ce14,3da9c70e5ee89303392956c94bf48f063e4a1db6542d32e57bce38700bc9ce14,True,1
train,432,1624,1786,a46850dd4eef69b82c0ca283f8b48096d74eec788ec8cad5ac8ada2418ec9c69,True,1,4488,4487,a46850dd4eef69b82c0ca283f8b48096d74eec788ec8cad5ac8ada2418ec9c69,a46850dd4eef69b82c0ca283f8b48096d74eec788ec8cad5ac8ada2418ec9c69,True,1
train,433,1628,2056,a067e48cafe181cfdd503f8beede77ef0ffdb6214ded2d16db29cec738cf0ed6,True,1,4488,4487,a067e48cafe181cfdd503f8beede77ef0ffdb6214ded2d16db29cec738cf0ed6,a067e48cafe181cfdd503f8beede77ef0ffdb6214ded2d16db29cec738cf0ed6,True,1
train,434,1628,2057,9e264f3699ca0c374fd3747d127439dd942d1f5ac88052ad174cf11790870d89,True,1,4488,4487,9e264f3699ca0c374fd3747d127439dd942d1f5ac88052ad174cf11790870d89,9e264f3699ca0c374fd3747d127439dd942d1f5ac88052ad174cf11790870d89,True,1
train,435,1628,2172,fe2682de920023804c485343e6c25b72668d59eaef1048a62f2348e9b2ba7935,True,1,4488,4487,fe2682de920023804c485343e6c25b72668d59eaef1048a62f2348e9b2ba7935,fe2682de920023804c485343e6c25b72668d59eaef1048a62f2348e9b2ba7935,True,1
train,436,1642,2658,89e2b38c741b82e49cc2795a8fc08f0fce4a3f6b8460aba1543d491fa0083558,True,1,4488,4487,89e2b38c741b82e49cc2795a8fc08f0fce4a3f6b8460aba1543d491fa0083558,89e2b38c741b82e49cc2795a8fc08f0fce4a3f6b8460aba1543d491fa0083558,True,1
train,437,1647,2209,95794cbe23f788cfc7d7c109e6c6621256cd49945400cf220385eb817152a93e,True,1,4488,4487,95794cbe23f788cfc7d7c109e6c6621256cd49945400cf220385eb817152a93e,95794cbe23f788cfc7d7c109e6c6621256cd49945400cf220385eb817152a93e,True,1
train,438,1654,2034,af27524bd277711cc5c3812b6b46deba4bd6090a5b3092790fc089523096756a,True,1,4488,4487,af27524bd277711cc5c3812b6b46deba4bd6090a5b3092790fc089523096756a,af27524bd277711cc5c3812b6b46deba4bd6090a5b3092790fc089523096756a,True,1
train,439,1655,2282,ad25e21383c72da49d733ee209648746021469d226a05c26ab8fab8bff66f9ca,True,1,4488,4487,ad25e21383c72da49d733ee209648746021469d226a05c26ab8fab8bff66f9ca,ad25e21383c72da49d733ee209648746021469d226a05c26ab8fab8bff66f9ca,True,1
train,440,1657,2686,098e54330d142e201ed008af1bcb6cd118442ea9c18df8db8274191bab7f6e32,True,1,4488,4487,098e54330d142e201ed008af1bcb6cd118442ea9c18df8db8274191bab7f6e32,098e54330d142e201ed008af1bcb6cd118442ea9c18df8db8274191bab7f6e32,True,1
train,441,1657,2688,aa3a5182a9b647850869175cee717ce793613b1e77334bc7220987b5d9223169,True,1,4488,4487,aa3a5182a9b647850869175cee717ce793613b1e77334bc7220987b5d9223169,aa3a5182a9b647850869175cee717ce793613b1e77334bc7220987b5d9223169,True,1
train,442,1660,2154,bb235955723b1968c1d528f7a750c944574df3196ec7378cd47f66ffa07b518d,True,1,4488,4487,bb235955723b1968c1d528f7a750c944574df3196ec7378cd47f66ffa07b518d,bb235955723b1968c1d528f7a750c944574df3196ec7378cd47f66ffa07b518d,True,1
train,443,1663,2577,fdd85830921f9956e529ebda22286a96a22f7e5e23191e96f6cb681f10df0827,True,1,4488,4487,fdd85830921f9956e529ebda22286a96a22f7e5e23191e96f6cb681f10df0827,fdd85830921f9956e529ebda22286a96a22f7e5e23191e96f6cb681f10df0827,True,1
train,444,1690,2112,e82c011c1cb8dfd8e478098393087581f959b2fbcfbfaeefcfd91c5a4ccee7cd,True,1,4488,4487,e82c011c1cb8dfd8e478098393087581f959b2fbcfbfaeefcfd91c5a4ccee7cd,e82c011c1cb8dfd8e478098393087581f959b2fbcfbfaeefcfd91c5a4ccee7cd,True,1
train,445,1692,2187,6acd72a12a6dd6a44e1571c9a96a201c5c5725e3c745ceb7d66fe0076ac3fff0,True,1,4488,4487,6acd72a12a6dd6a44e1571c9a96a201c5c5725e3c745ceb7d66fe0076ac3fff0,6acd72a12a6dd6a44e1571c9a96a201c5c5725e3c745ceb7d66fe0076ac3fff0,True,1
train,446,1692,2345,d7b42233c37206f373069e6862583cdb9aa4c44f7ba7f8300a08a17aa0e0df43,True,1,4488,4487,d7b42233c37206f373069e6862583cdb9aa4c44f7ba7f8300a08a17aa0e0df43,d7b42233c37206f373069e6862583cdb9aa4c44f7ba7f8300a08a17aa0e0df43,True,1
train,447,1692,2346,faf06c3d1a0bdfb151a34af79ee7d1a0614720713ad5389aebec4859bf8c0e48,True,1,4488,4487,faf06c3d1a0bdfb151a34af79ee7d1a0614720713ad5389aebec4859bf8c0e48,faf06c3d1a0bdfb151a34af79ee7d1a0614720713ad5389aebec4859bf8c0e48,True,1
train,448,1693,2408,741fe21617f6874cd46e360b1a4316fc8645764c356704e0e697ced31136a443,True,1,4488,4487,741fe21617f6874cd46e360b1a4316fc8645764c356704e0e697ced31136a443,741fe21617f6874cd46e360b1a4316fc8645764c356704e0e697ced31136a443,True,1
train,449,1701,1861,e73145d47cff11045b96e4d0b15db88be8d985fcf66f8b501171bb431448765a,True,1,4488,4487,e73145d47cff11045b96e4d0b15db88be8d985fcf66f8b501171bb431448765a,e73145d47cff11045b96e4d0b15db88be8d985fcf66f8b501171bb431448765a,True,1
train,450,1701,1875,34f97e092d87a651cd23fb004ad552787fc86a69000de3e6b2f7b53bff1f3b80,True,1,4488,4487,34f97e092d87a651cd23fb004ad552787fc86a69000de3e6b2f7b53bff1f3b80,34f97e092d87a651cd23fb004ad552787fc86a69000de3e6b2f7b53bff1f3b80,True,1
train,451,1701,1877,8279b4f821c8b09ec3a1fac3d9eede59f111e5344972859c9a8a804d7a68fd7c,True,1,4488,4487,8279b4f821c8b09ec3a1fac3d9eede59f111e5344972859c9a8a804d7a68fd7c,8279b4f821c8b09ec3a1fac3d9eede59f111e5344972859c9a8a804d7a68fd7c,True,1
train,452,1703,1970,6ffba1a81d9330058e08c3dd0c65e5d924fec8a84fdd180fe6ae062fec150aaa,True,1,4488,4487,6ffba1a81d9330058e08c3dd0c65e5d924fec8a84fdd180fe6ae062fec150aaa,6ffba1a81d9330058e08c3dd0c65e5d924fec8a84fdd180fe6ae062fec150aaa,True,1
train,453,1725,2334,871997a2439077b28b9829b4c3384b64b957d37942ed4031246a0170ca7bec47,True,1,4488,4487,871997a2439077b28b9829b4c3384b64b957d37942ed4031246a0170ca7bec47,871997a2439077b28b9829b4c3384b64b957d37942ed4031246a0170ca7bec47,True,1
train,454,1740,1804,3b0cfb9d183fd4e6e77ba329095ebb45d757b9ff65cc4d60f65ab8f3a7922584,True,1,4488,4487,3b0cfb9d183fd4e6e77ba329095ebb45d757b9ff65cc4d60f65ab8f3a7922584,3b0cfb9d183fd4e6e77ba329095ebb45d757b9ff65cc4d60f65ab8f3a7922584,True,1
train,455,1740,2391,fd7b5641baa8629dc0626d689c6d59b3d24f8c142154db40a8c0d0ef7ae41050,True,1,4488,4487,fd7b5641baa8629dc0626d689c6d59b3d24f8c142154db40a8c0d0ef7ae41050,fd7b5641baa8629dc0626d689c6d59b3d24f8c142154db40a8c0d0ef7ae41050,True,1
train,456,1749,2446,f4cd8bc9f4837ac6427f027898bb527c16d533570506d14e304e3ac9a4b0c0a3,True,1,4488,4487,f4cd8bc9f4837ac6427f027898bb527c16d533570506d14e304e3ac9a4b0c0a3,f4cd8bc9f4837ac6427f027898bb527c16d533570506d14e304e3ac9a4b0c0a3,True,1
train,457,1781,1998,0937586082735471ae7a916292dc24bf66bfd6db462adfacf61be05dc4a2866d,True,1,4488,4487,0937586082735471ae7a916292dc24bf66bfd6db462adfacf61be05dc4a2866d,0937586082735471ae7a916292dc24bf66bfd6db462adfacf61be05dc4a2866d,True,1
train,458,1782,1798,42a0198bf757c1eea7f2ddb0ded4816a92f678b156f72cdd4b1b817a2c9b6fc1,True,1,4488,4487,42a0198bf757c1eea7f2ddb0ded4816a92f678b156f72cdd4b1b817a2c9b6fc1,42a0198bf757c1eea7f2ddb0ded4816a92f678b156f72cdd4b1b817a2c9b6fc1,True,1
train,459,1842,1979,2c3dab2c28eb0bde59eb9c3cc7f274e13a56c69082b5ca7cb49d647aab16e802,True,1,4488,4487,2c3dab2c28eb0bde59eb9c3cc7f274e13a56c69082b5ca7cb49d647aab16e802,2c3dab2c28eb0bde59eb9c3cc7f274e13a56c69082b5ca7cb49d647aab16e802,True,1
train,460,1875,1986,7f99bb4c93d89dd0613bc346a566eeb95e92301ed0373cfecf18642d7c8b11df,True,1,4488,4487,7f99bb4c93d89dd0613bc346a566eeb95e92301ed0373cfecf18642d7c8b11df,7f99bb4c93d89dd0613bc346a566eeb95e92301ed0373cfecf18642d7c8b11df,True,1
train,461,1889,1893,284b77618ff3a7248e666f02474b29174106490fa7628aac62e540f611a767f4,True,1,4488,4487,284b77618ff3a7248e666f02474b29174106490fa7628aac62e540f611a767f4,284b77618ff3a7248e666f02474b29174106490fa7628aac62e540f611a767f4,True,1
train,462,1894,2118,3fd94c2f94972146a576daa74d7d8742f42fd6fd1202f8b9be68ee9835b0600c,True,1,4488,4487,3fd94c2f94972146a576daa74d7d8742f42fd6fd1202f8b9be68ee9835b0600c,3fd94c2f94972146a576daa74d7d8742f42fd6fd1202f8b9be68ee9835b0600c,True,1
train,463,1899,2491,87f047903789a401a23963d3b44929b8618d3e159ded8c24c12a0dfb137f4f90,True,1,4488,4487,87f047903789a401a23963d3b44929b8618d3e159ded8c24c12a0dfb137f4f90,87f047903789a401a23963d3b44929b8618d3e159ded8c24c12a0dfb137f4f90,True,1
train,464,1902,1903,43c70475efc117b29651a878ff68af9979756ea60a65e0813d3bd84838c5d11c,True,1,4488,4487,43c70475efc117b29651a878ff68af9979756ea60a65e0813d3bd84838c5d11c,43c70475efc117b29651a878ff68af9979756ea60a65e0813d3bd84838c5d11c,True,1
train,465,1906,1907,cc09bb6b9753e5520a3c3efd958984cb3c4ae24f1a2652859df03d8e358a6312,True,1,4488,4487,cc09bb6b9753e5520a3c3efd958984cb3c4ae24f1a2652859df03d8e358a6312,cc09bb6b9753e5520a3c3efd958984cb3c4ae24f1a2652859df03d8e358a6312,True,1
train,466,1915,2649,dbb48e3f43403df704a3d1ba16503d9589d3ef8eae71d86cb8e06a04830fef56,True,1,4488,4487,dbb48e3f43403df704a3d1ba16503d9589d3ef8eae71d86cb8e06a04830fef56,dbb48e3f43403df704a3d1ba16503d9589d3ef8eae71d86cb8e06a04830fef56,True,1
train,467,1923,1927,53447eeeb886c65bd58eab6b6ffc7fb9fd5f247b770dcb52519a0eb9aaa34928,True,1,4488,4487,53447eeeb886c65bd58eab6b6ffc7fb9fd5f247b770dcb52519a0eb9aaa34928,53447eeeb886c65bd58eab6b6ffc7fb9fd5f247b770dcb52519a0eb9aaa34928,True,1
train,468,1925,2620,23a3380f9854db99e012d95d5ebf6576f53638e6afd59d26e133a5c7d9c411e1,True,1,4488,4487,23a3380f9854db99e012d95d5ebf6576f53638e6afd59d26e133a5c7d9c411e1,23a3380f9854db99e012d95d5ebf6576f53638e6afd59d26e133a5c7d9c411e1,True,1
train,469,1926,2052,746ef3a5aa4070c8e19dc44619c17b8ee6f77b384104a99d189bb96cc7e0192e,True,1,4488,4487,746ef3a5aa4070c8e19dc44619c17b8ee6f77b384104a99d189bb96cc7e0192e,746ef3a5aa4070c8e19dc44619c17b8ee6f77b384104a99d189bb96cc7e0192e,True,1
train,470,1926,2189,d32c786ae76b5c2017425eb18ba89894b3cba187566c3974c6ee8566bdd119c0,True,1,4488,4487,d32c786ae76b5c2017425eb18ba89894b3cba187566c3974c6ee8566bdd119c0,d32c786ae76b5c2017425eb18ba89894b3cba187566c3974c6ee8566bdd119c0,True,1
train,471,1927,1929,65ac52243ccf6efc99240ccdea93efeaa02c9b2cec0405e42d42a06bcfe6bcd6,True,1,4488,4487,65ac52243ccf6efc99240ccdea93efeaa02c9b2cec0405e42d42a06bcfe6bcd6,65ac52243ccf6efc99240ccdea93efeaa02c9b2cec0405e42d42a06bcfe6bcd6,True,1
train,472,1945,1947,82cbcb9dcd520412441e4c1226288a2d373c0ae888dadc7d3d05a429f0bf63ad,True,1,4488,4487,82cbcb9dcd520412441e4c1226288a2d373c0ae888dadc7d3d05a429f0bf63ad,82cbcb9dcd520412441e4c1226288a2d373c0ae888dadc7d3d05a429f0bf63ad,True,1
train,473,1964,1965,e5a902f28f8f4172972d9365acc858496c28036e587bb9b716454e2d65458d96,True,1,4488,4487,e5a902f28f8f4172972d9365acc858496c28036e587bb9b716454e2d65458d96,e5a902f28f8f4172972d9365acc858496c28036e587bb9b716454e2d65458d96,True,1
train,474,1969,2236,2d0f3a4945000127a1f8da519080a1d4c2c7ab0f73905f8b90fc23caa776b8af,True,1,4488,4487,2d0f3a4945000127a1f8da519080a1d4c2c7ab0f73905f8b90fc23caa776b8af,2d0f3a4945000127a1f8da519080a1d4c2c7ab0f73905f8b90fc23caa776b8af,True,1
train,475,1986,1988,4cd084ab5b27197a4fa5129a58b3216158d23d9e3c2ea5ae1ed80cb104d4b14f,True,1,4488,4487,4cd084ab5b27197a4fa5129a58b3216158d23d9e3c2ea5ae1ed80cb104d4b14f,4cd084ab5b27197a4fa5129a58b3216158d23d9e3c2ea5ae1ed80cb104d4b14f,True,1
train,476,1986,1999,09a94445911cea7ea6756cac831c27e29b9d4789294196281c99e68d9ab3522b,True,1,4488,4487,09a94445911cea7ea6756cac831c27e29b9d4789294196281c99e68d9ab3522b,09a94445911cea7ea6756cac831c27e29b9d4789294196281c99e68d9ab3522b,True,1
train,477,1986,2003,2dbe4088733a11db8e0a59c4f9e311d712692e12d3da348c0657468caa642a8e,True,1,4488,4487,2dbe4088733a11db8e0a59c4f9e311d712692e12d3da348c0657468caa642a8e,2dbe4088733a11db8e0a59c4f9e311d712692e12d3da348c0657468caa642a8e,True,1
train,478,1986,2007,10c1b11247fc8f293f1241bd8f2a5d633078fcb6464d2c16f187c9ba59c7c1ec,True,1,4488,4487,10c1b11247fc8f293f1241bd8f2a5d633078fcb6464d2c16f187c9ba59c7c1ec,10c1b11247fc8f293f1241bd8f2a5d633078fcb6464d2c16f187c9ba59c7c1ec,True,1
train,479,2001,2121,919072f962ac38126323ead9deba595347cebc7223ac41be588a2e971b62e520,True,1,4488,4487,919072f962ac38126323ead9deba595347cebc7223ac41be588a2e971b62e520,919072f962ac38126323ead9deba595347cebc7223ac41be588a2e971b62e520,True,1
train,480,2001,2123,1606bfa3f79f6c18d712f4b0d31018bf38713a187a36314bdb9fd71d705f4c22,True,1,4488,4487,1606bfa3f79f6c18d712f4b0d31018bf38713a187a36314bdb9fd71d705f4c22,1606bfa3f79f6c18d712f4b0d31018bf38713a187a36314bdb9fd71d705f4c22,True,1
train,481,2018,2019,76df01508207667c01463a51f86f4868120945cd72e07c1fc70fc56859595105,True,1,4488,4487,76df01508207667c01463a51f86f4868120945cd72e07c1fc70fc56859595105,76df01508207667c01463a51f86f4868120945cd72e07c1fc70fc56859595105,True,1
train,482,2024,2156,14ab387660628f837a434c33db1784bae0155b2aae33230e52eff841d6c9f708,True,1,4488,4487,14ab387660628f837a434c33db1784bae0155b2aae33230e52eff841d6c9f708,14ab387660628f837a434c33db1784bae0155b2aae33230e52eff841d6c9f708,True,1
train,483,2030,2112,ab1a4e9cd81a40fba6b1760962ca8d23ad78fc46df38fdda0be348c55af1f191,True,1,4488,4487,ab1a4e9cd81a40fba6b1760962ca8d23ad78fc46df38fdda0be348c55af1f191,ab1a4e9cd81a40fba6b1760962ca8d23ad78fc46df38fdda0be348c55af1f191,True,1
train,484,2046,2048,c2d282446361c7f2c069b6765c3a3184e144be47593c36b1e00a694ba1a4818d,True,1,4488,4487,c2d282446361c7f2c069b6765c3a3184e144be47593c36b1e00a694ba1a4818d,c2d282446361c7f2c069b6765c3a3184e144be47593c36b1e00a694ba1a4818d,True,1
train,485,2069,2070,bcf4ad880d0ef7320fffb49a1bcf5e0d03df918365fbe234636dbaf7a74d4687,True,1,4488,4487,bcf4ad880d0ef7320fffb49a1bcf5e0d03df918365fbe234636dbaf7a74d4687,bcf4ad880d0ef7320fffb49a1bcf5e0d03df918365fbe234636dbaf7a74d4687,True,1
train,486,2094,2106,7c09b3615c75c9347ff9789892d11c9f99ef36fab039e03702a565e9e8822b27,True,1,4488,4487,7c09b3615c75c9347ff9789892d11c9f99ef36fab039e03702a565e9e8822b27,7c09b3615c75c9347ff9789892d11c9f99ef36fab039e03702a565e9e8822b27,True,1
train,487,2122,2123,fe5dd0322078b18659c5ee26e12efceb7f3a9656aa1506be927175ec4f7cb7a6,True,1,4488,4487,fe5dd0322078b18659c5ee26e12efceb7f3a9656aa1506be927175ec4f7cb7a6,fe5dd0322078b18659c5ee26e12efceb7f3a9656aa1506be927175ec4f7cb7a6,True,1
train,488,2135,2282,877a85692436a2826102ef9c4eded378328129eff3fbf42811006126da0d18b8,True,1,4488,4487,877a85692436a2826102ef9c4eded378328129eff3fbf42811006126da0d18b8,877a85692436a2826102ef9c4eded378328129eff3fbf42811006126da0d18b8,True,1
train,489,2155,2294,214e0748ade6151611bcdf8d409e346dddfbd86d39f0b2c6a49215e3d606d3c0,True,1,4488,4487,214e0748ade6151611bcdf8d409e346dddfbd86d39f0b2c6a49215e3d606d3c0,214e0748ade6151611bcdf8d409e346dddfbd86d39f0b2c6a49215e3d606d3c0,True,1
train,490,2157,2159,21c5bc91421c2a9d4709b819afba7dd6197daef3b2f2a623daea3a0cfeba4111,True,1,4488,4487,21c5bc91421c2a9d4709b819afba7dd6197daef3b2f2a623daea3a0cfeba4111,21c5bc91421c2a9d4709b819afba7dd6197daef3b2f2a623daea3a0cfeba4111,True,1
train,491,2160,2161,16a8bada65c744474218ede1215aa58910bd7465cc7ee86a8b6ced244bc2a34f,True,1,4488,4487,16a8bada65c744474218ede1215aa58910bd7465cc7ee86a8b6ced244bc2a34f,16a8bada65c744474218ede1215aa58910bd7465cc7ee86a8b6ced244bc2a34f,True,1
train,492,2168,2169,8e54e0d8275a0fb506b1d7b97bc2f6d635d994bd149e063d04b5d137042f383b,True,1,4488,4487,8e54e0d8275a0fb506b1d7b97bc2f6d635d994bd149e063d04b5d137042f383b,8e54e0d8275a0fb506b1d7b97bc2f6d635d994bd149e063d04b5d137042f383b,True,1
train,493,2177,2371,e4e32fba074d94694465c0950d8765bf0832787fc5f9924ed42266dd16905ba1,True,1,4488,4487,e4e32fba074d94694465c0950d8765bf0832787fc5f9924ed42266dd16905ba1,e4e32fba074d94694465c0950d8765bf0832787fc5f9924ed42266dd16905ba1,True,1
train,494,2199,2200,b7f2040cef3ee92d43d3f06369194e8110ec15a00b04f4f29b104aa2a29bf1f4,True,1,4488,4487,b7f2040cef3ee92d43d3f06369194e8110ec15a00b04f4f29b104aa2a29bf1f4,b7f2040cef3ee92d43d3f06369194e8110ec15a00b04f4f29b104aa2a29bf1f4,True,1
train,495,2204,2521,182eb5052e26293c005560f2c8827a8e9f7654eae5f058448cb25d111a115c40,True,1,4488,4487,182eb5052e26293c005560f2c8827a8e9f7654eae5f058448cb25d111a115c40,182eb5052e26293c005560f2c8827a8e9f7654eae5f058448cb25d111a115c40,True,1
train,496,2211,2356,aaeea67f1c22c304a7b8bec9ae40ca3a5cf94348473e2bcd021c91c867a97f51,True,1,4488,4487,aaeea67f1c22c304a7b8bec9ae40ca3a5cf94348473e2bcd021c91c867a97f51,aaeea67f1c22c304a7b8bec9ae40ca3a5cf94348473e2bcd021c91c867a97f51,True,1
train,497,2228,2395,f4e647eedbbf90aff1ff1274692392e0cd14c3f262955a0bbb142bcd264bd5e2,True,1,4488,4487,f4e647eedbbf90aff1ff1274692392e0cd14c3f262955a0bbb142bcd264bd5e2,f4e647eedbbf90aff1ff1274692392e0cd14c3f262955a0bbb142bcd264bd5e2,True,1
train,498,2233,2291,c38043a805cde709e3eebda928dbb1136682c677496b8103b9fda143c49daf86,True,1,4488,4487,c38043a805cde709e3eebda928dbb1136682c677496b8103b9fda143c49daf86,c38043a805cde709e3eebda928dbb1136682c677496b8103b9fda143c49daf86,True,1
train,499,2266,2321,b42ba039f036edf02d6bb5b601fe15c9f08b7874b2912a270d2b28a73e4dc59f,True,1,4488,4487,b42ba039f036edf02d6bb5b601fe15c9f08b7874b2912a270d2b28a73e4dc59f,b42ba039f036edf02d6bb5b601fe15c9f08b7874b2912a270d2b28a73e4dc59f,True,1
train,500,2297,2298,f011c4082259efe1f5e305c6d0ef3729b8dd472f4fbe26722a90b50b0569cbb8,True,1,4488,4487,f011c4082259efe1f5e305c6d0ef3729b8dd472f4fbe26722a90b50b0569cbb8,f011c4082259efe1f5e305c6d0ef3729b8dd472f4fbe26722a90b50b0569cbb8,True,1
train,501,2329,2331,edb5f1866e9125f60d40eaa3e655c851729b01d5b90e5c9f87a54903ee9ab088,True,1,4488,4487,edb5f1866e9125f60d40eaa3e655c851729b01d5b90e5c9f87a54903ee9ab088,edb5f1866e9125f60d40eaa3e655c851729b01d5b90e5c9f87a54903ee9ab088,True,1
train,502,2344,2475,c1781c08a77ae3f74e5e6d974a5c8988cadf4f5fa9d33852d16842813ad25497,True,1,4488,4487,c1781c08a77ae3f74e5e6d974a5c8988cadf4f5fa9d33852d16842813ad25497,c1781c08a77ae3f74e5e6d974a5c8988cadf4f5fa9d33852d16842813ad25497,True,1
train,503,2391,2451,b2416b96ff1d88d8811cdcbd8b298f10ba7fea2d05970d7963282e5a20ae9a64,True,1,4488,4487,b2416b96ff1d88d8811cdcbd8b298f10ba7fea2d05970d7963282e5a20ae9a64,b2416b96ff1d88d8811cdcbd8b298f10ba7fea2d05970d7963282e5a20ae9a64,True,1
train,504,2392,2451,27d32ef146c32ff3873b44c97b9de7c4645663ec4c4523d703df41b16e208f27,True,1,4488,4487,27d32ef146c32ff3873b44c97b9de7c4645663ec4c4523d703df41b16e208f27,27d32ef146c32ff3873b44c97b9de7c4645663ec4c4523d703df41b16e208f27,True,1
train,505,2401,2434,9d1e8b25041b042cff1bfcce4d61d2bf384b5cc4953f2558fd87558292dcf14f,True,1,4488,4487,9d1e8b25041b042cff1bfcce4d61d2bf384b5cc4953f2558fd87558292dcf14f,9d1e8b25041b042cff1bfcce4d61d2bf384b5cc4953f2558fd87558292dcf14f,True,1
train,506,2415,2597,54dd49a61621ad649f07fbd1aa3f6ea43917a97ea5ebcd0558d4e701943e71fc,True,1,4488,4487,54dd49a61621ad649f07fbd1aa3f6ea43917a97ea5ebcd0558d4e701943e71fc,54dd49a61621ad649f07fbd1aa3f6ea43917a97ea5ebcd0558d4e701943e71fc,True,1
train,507,2494,2495,3d60f99759c3170dd8bda6a4e50ef85c6ae8cac5e71f87695fe996015c76aa94,True,1,4488,4487,3d60f99759c3170dd8bda6a4e50ef85c6ae8cac5e71f87695fe996015c76aa94,3d60f99759c3170dd8bda6a4e50ef85c6ae8cac5e71f87695fe996015c76aa94,True,1
train,508,2565,2566,f71668dc74c4fc014f278e080e2be6e161027a6055273f0edd12515e42b0e7f5,True,1,4488,4487,f71668dc74c4fc014f278e080e2be6e161027a6055273f0edd12515e42b0e7f5,f71668dc74c4fc014f278e080e2be6e161027a6055273f0edd12515e42b0e7f5,True,1
train,509,2570,2573,5792388d32caf9062c270f13220cd79778626479e45c917c194e9371db37e133,True,1,4488,4487,5792388d32caf9062c270f13220cd79778626479e45c917c194e9371db37e133,5792388d32caf9062c270f13220cd79778626479e45c917c194e9371db37e133,True,1
train,510,2671,2675,2f46ffb80339bbe32cf7914bfe7f6ab4d25a3b9ddfeebe57df5fc2b7b6ea9be4,True,1,4488,4487,2f46ffb80339bbe32cf7914bfe7f6ab4d25a3b9ddfeebe57df5fc2b7b6ea9be4,2f46ffb80339bbe32cf7914bfe7f6ab4d25a3b9ddfeebe57df5fc2b7b6ea9be4,True,1
train,511,2674,2675,f23e7548fcb4383fae85755d251e61d7fb393060418638875251ec94bcebb260,True,1,4488,4487,f23e7548fcb4383fae85755d251e61d7fb393060418638875251ec94bcebb260,f23e7548fcb4383fae85755d251e61d7fb393060418638875251ec94bcebb260,True,1
valid,0,1151,2700,cf8bee4faf9f1e67678d45b7cd8c350d04e95baeead6b79c4cff607556fb7129,False,0,4488,4488,cf8bee4faf9f1e67678d45b7cd8c350d04e95baeead6b79c4cff607556fb7129,cf8bee4faf9f1e67678d45b7cd8c350d04e95baeead6b79c4cff607556fb7129,True,1
valid,1,438,1667,cf8bee4faf9f1e67678d45b7cd8c350d04e95baeead6b79c4cff607556fb7129,False,0,4488,4488,cf8bee4faf9f1e67678d45b7cd8c350d04e95baeead6b79c4cff607556fb7129,cf8bee4faf9f1e67678d45b7cd8c350d04e95baeead6b79c4cff607556fb7129,True,1
valid,2,357,2652,cf8bee4faf9f1e67678d45b7cd8c350d04e95baeead6b79c4cff607556fb7129,False,0,4488,4488,cf8bee4faf9f1e67678d45b7cd8c350d04e95baeead6b79c4cff607556fb7129,cf8bee4faf9f1e67678d45b7cd8c350d04e95baeead6b79c4cff607556fb7129,True,1
valid,3,734,1388,cf8bee4faf9f1e67678d45b7cd8c350d04e95baeead6b79c4cff607556fb7129,False,0,4488,4488,cf8bee4faf9f1e67678d45b7cd8c350d04e95baeead6b79c4cff607556fb7129,cf8bee4faf9f1e67678d45b7cd8c350d04e95baeead6b79c4cff607556fb7129,True,1
valid,4,997,1837,cf8bee4faf9f1e67678d45b7cd8c350d04e95baeead6b79c4cff607556fb7129,False,0,4488,4488,cf8bee4faf9f1e67678d45b7cd8c350d04e95baeead6b79c4cff607556fb7129,cf8bee4faf9f1e67678d45b7cd8c350d04e95baeead6b79c4cff607556fb7129,True,1
valid,5,1725,2413,cf8bee4faf9f1e67678d45b7cd8c350d04e95baeead6b79c4cff607556fb7129,False,0,4488,4488,cf8bee4faf9f1e67678d45b7cd8c350d04e95baeead6b79c4cff607556fb7129,cf8bee4faf9f1e67678d45b7cd8c350d04e95baeead6b79c4cff607556fb7129,True,1
valid,6,26,99,cf8bee4faf9f1e67678d45b7cd8c350d04e95baeead6b79c4cff607556fb7129,False,0,4488,4488,cf8bee4faf9f1e67678d45b7cd8c350d04e95baeead6b79c4cff607556fb7129,cf8bee4faf9f1e67678d45b7cd8c350d04e95baeead6b79c4cff607556fb7129,True,1
valid,7,1003,1373,cf8bee4faf9f1e67678d45b7cd8c350d04e95baeead6b79c4cff607556fb7129,False,0,4488,4488,cf8bee4faf9f1e67678d45b7cd8c350d04e95baeead6b79c4cff607556fb7129,cf8bee4faf9f1e67678d45b7cd8c350d04e95baeead6b79c4cff607556fb7129,True,1
valid,8,1041,1466,cf8bee4faf9f1e67678d45b7cd8c350d04e95baeead6b79c4cff607556fb7129,False,0,4488,4488,cf8bee4faf9f1e67678d45b7cd8c350d04e95baeead6b79c4cff607556fb7129,cf8bee4faf9f1e67678d45b7cd8c350d04e95baeead6b79c4cff607556fb7129,True,1
valid,9,374,2146,cf8bee4faf9f1e67678d45b7cd8c350d04e95baeead6b79c4cff607556fb7129,False,0,4488,4488,cf8bee4faf9f1e67678d45b7cd8c350d04e95baeead6b79c4cff607556fb7129,cf8bee4faf9f1e67678d45b7cd8c350d04e95baeead6b79c4cff607556fb7129,True,1
valid,10,534,629,cf8bee4faf9f1e67678d45b7cd8c350d04e95baeead6b79c4cff607556fb7129,False,0,4488,4488,cf8bee4faf9f1e67678d45b7cd8c350d04e95baeead6b79c4cff607556fb7129,cf8bee4faf9f1e67678d45b7cd8c350d04e95baeead6b79c4cff607556fb7129,True,1
valid,11,994,1329,cf8bee4faf9f1e67678d45b7cd8c350d04e95baeead6b79c4cff607556fb7129,False,0,4488,4488,cf8bee4faf9f1e67678d45b7cd8c350d04e95baeead6b79c4cff607556fb7129,cf8bee4faf9f1e67678d45b7cd8c350d04e95baeead6b79c4cff607556fb7129,True,1
valid,12,1196,1367,cf8bee4faf9f1e67678d45b7cd8c350d04e95baeead6b79c4cff607556fb7129,False,0,4488,4488,cf8bee4faf9f1e67678d45b7cd8c350d04e95baeead6b79c4cff607556fb7129,cf8bee4faf9f1e67678d45b7cd8c350d04e95baeead6b79c4cff607556fb7129,True,1
valid,13,444,623,cf8bee4faf9f1e67678d45b7cd8c350d04e95baeead6b79c4cff607556fb7129,False,0,4488,4488,cf8bee4faf9f1e67678d45b7cd8c350d04e95baeead6b79c4cff607556fb7129,cf8bee4faf9f1e67678d45b7cd8c350d04e95baeead6b79c4cff607556fb7129,True,1
valid,14,1792,2485,cf8bee4faf9f1e67678d45b7cd8c350d04e95baeead6b79c4cff607556fb7129,False,0,4488,4488,cf8bee4faf9f1e67678d45b7cd8c350d04e95baeead6b79c4cff607556fb7129,cf8bee4faf9f1e67678d45b7cd8c350d04e95baeead6b79c4cff607556fb7129,True,1
valid,15,1233,2433,cf8bee4faf9f1e67678d45b7cd8c350d04e95baeead6b79c4cff607556fb7129,False,0,4488,4488,cf8bee4faf9f1e67678d45b7cd8c350d04e95baeead6b79c4cff607556fb7129,cf8bee4faf9f1e67678d45b7cd8c350d04e95baeead6b79c4cff607556fb7129,True,1
valid,16,203,1115,cf8bee4faf9f1e67678d45b7cd8c350d04e95baeead6b79c4cff607556fb7129,False,0,4488,4488,cf8bee4faf9f1e67678d45b7cd8c350d04e95baeead6b79c4cff607556fb7129,cf8bee4faf9f1e67678d45b7cd8c350d04e95baeead6b79c4cff607556fb7129,True,1
valid,17,28,1687,cf8bee4faf9f1e67678d45b7cd8c350d04e95baeead6b79c4cff607556fb7129,False,0,4488,4488,cf8bee4faf9f1e67678d45b7cd8c350d04e95baeead6b79c4cff607556fb7129,cf8bee4faf9f1e67678d45b7cd8c350d04e95baeead6b79c4cff607556fb7129,True,1
valid,18,1209,1737,cf8bee4faf9f1e67678d45b7cd8c350d04e95baeead6b79c4cff607556fb7129,False,0,4488,4488,cf8bee4faf9f1e67678d45b7cd8c350d04e95baeead6b79c4cff607556fb7129,cf8bee4faf9f1e67678d45b7cd8c350d04e95baeead6b79c4cff607556fb7129,True,1
valid,19,817,1736,cf8bee4faf9f1e67678d45b7cd8c350d04e95baeead6b79c4cff607556fb7129,False,0,4488,4488,cf8bee4faf9f1e67678d45b7cd8c350d04e95baeead6b79c4cff607556fb7129,cf8bee4faf9f1e67678d45b7cd8c350d04e95baeead6b79c4cff607556fb7129,True,1
valid,20,383,733,cf8bee4faf9f1e67678d45b7cd8c350d04e95baeead6b79c4cff607556fb7129,False,0,4488,4488,cf8bee4faf9f1e67678d45b7cd8c350d04e95baeead6b79c4cff607556fb7129,cf8bee4faf9f1e67678d45b7cd8c350d04e95baeead6b79c4cff607556fb7129,True,1
valid,21,1185,1460,cf8bee4faf9f1e67678d45b7cd8c350d04e95baeead6b79c4cff607556fb7129,False,0,4488,4488,cf8bee4faf9f1e67678d45b7cd8c350d04e95baeead6b79c4cff607556fb7129,cf8bee4faf9f1e67678d45b7cd8c350d04e95baeead6b79c4cff607556fb7129,True,1
valid,22,48,2205,cf8bee4faf9f1e67678d45b7cd8c350d04e95baeead6b79c4cff607556fb7129,False,0,4488,4488,cf8bee4faf9f1e67678d45b7cd8c350d04e95baeead6b79c4cff607556fb7129,cf8bee4faf9f1e67678d45b7cd8c350d04e95baeead6b79c4cff607556fb7129,True,1
valid,23,251,812,cf8bee4faf9f1e67678d45b7cd8c350d04e95baeead6b79c4cff607556fb7129,False,0,4488,4488,cf8bee4faf9f1e67678d45b7cd8c350d04e95baeead6b79c4cff607556fb7129,cf8bee4faf9f1e67678d45b7cd8c350d04e95baeead6b79c4cff607556fb7129,True,1
valid,24,2130,2249,cf8bee4faf9f1e67678d45b7cd8c350d04e95baeead6b79c4cff607556fb7129,False,0,4488,4488,cf8bee4faf9f1e67678d45b7cd8c350d04e95baeead6b79c4cff607556fb7129,cf8bee4faf9f1e67678d45b7cd8c350d04e95baeead6b79c4cff607556fb7129,True,1
valid,25,1376,2232,cf8bee4faf9f1e67678d45b7cd8c350d04e95baeead6b79c4cff607556fb7129,False,0,4488,4488,cf8bee4faf9f1e67678d45b7cd8c350d04e95baeead6b79c4cff607556fb7129,cf8bee4faf9f1e67678d45b7cd8c350d04e95baeead6b79c4cff607556fb7129,True,1
valid,26,788,1952,cf8bee4faf9f1e67678d45b7cd8c350d04e95baeead6b79c4cff607556fb7129,False,0,4488,4488,cf8bee4faf9f1e67678d45b7cd8c350d04e95baeead6b79c4cff607556fb7129,cf8bee4faf9f1e67678d45b7cd8c350d04e95baeead6b79c4cff607556fb7129,True,1
valid,27,519,1670,cf8bee4faf9f1e67678d45b7cd8c350d04e95baeead6b79c4cff607556fb7129,False,0,4488,4488,cf8bee4faf9f1e67678d45b7cd8c350d04e95baeead6b79c4cff607556fb7129,cf8bee4faf9f1e67678d45b7cd8c350d04e95baeead6b79c4cff607556fb7129,True,1
valid,28,2618,2619,cf8bee4faf9f1e67678d45b7cd8c350d04e95baeead6b79c4cff607556fb7129,False,0,4488,4488,cf8bee4faf9f1e67678d45b7cd8c350d04e95baeead6b79c4cff607556fb7129,cf8bee4faf9f1e67678d45b7cd8c350d04e95baeead6b79c4cff607556fb7129,True,1
valid,29,440,1296,cf8bee4faf9f1e67678d45b7cd8c350d04e95baeead6b79c4cff607556fb7129,False,0,4488,4488,cf8bee4faf9f1e67678d45b7cd8c350d04e95baeead6b79c4cff607556fb7129,cf8bee4faf9f1e67678d45b7cd8c350d04e95baeead6b79c4cff607556fb7129,True,1
valid,30,378,602,cf8bee4faf9f1e67678d45b7cd8c350d04e95baeead6b79c4cff607556fb7129,False,0,4488,4488,cf8bee4faf9f1e67678d45b7cd8c350d04e95baeead6b79c4cff607556fb7129,cf8bee4faf9f1e67678d45b7cd8c350d04e95baeead6b79c4cff607556fb7129,True,1
valid,31,1952,2205,cf8bee4faf9f1e67678d45b7cd8c350d04e95baeead6b79c4cff607556fb7129,False,0,4488,4488,cf8bee4faf9f1e67678d45b7cd8c350d04e95baeead6b79c4cff607556fb7129,cf8bee4faf9f1e67678d45b7cd8c350d04e95baeead6b79c4cff607556fb7129,True,1
valid,32,793,2592,cf8bee4faf9f1e67678d45b7cd8c350d04e95baeead6b79c4cff607556fb7129,False,0,4488,4488,cf8bee4faf9f1e67678d45b7cd8c350d04e95baeead6b79c4cff607556fb7129,cf8bee4faf9f1e67678d45b7cd8c350d04e95baeead6b79c4cff607556fb7129,True,1
valid,33,661,830,cf8bee4faf9f1e67678d45b7cd8c350d04e95baeead6b79c4cff607556fb7129,False,0,4488,4488,cf8bee4faf9f1e67678d45b7cd8c350d04e95baeead6b79c4cff607556fb7129,cf8bee4faf9f1e67678d45b7cd8c350d04e95baeead6b79c4cff607556fb7129,True,1
valid,34,895,1913,cf8bee4faf9f1e67678d45b7cd8c350d04e95baeead6b79c4cff607556fb7129,False,0,4488,4488,cf8bee4faf9f1e67678d45b7cd8c350d04e95baeead6b79c4cff607556fb7129,cf8bee4faf9f1e67678d45b7cd8c350d04e95baeead6b79c4cff607556fb7129,True,1
valid,35,1631,2196,cf8bee4faf9f1e67678d45b7cd8c350d04e95baeead6b79c4cff607556fb7129,False,0,4488,4488,cf8bee4faf9f1e67678d45b7cd8c350d04e95baeead6b79c4cff607556fb7129,cf8bee4faf9f1e67678d45b7cd8c350d04e95baeead6b79c4cff607556fb7129,True,1
valid,36,1358,1758,cf8bee4faf9f1e67678d45b7cd8c350d04e95baeead6b79c4cff607556fb7129,False,0,4488,4488,cf8bee4faf9f1e67678d45b7cd8c350d04e95baeead6b79c4cff607556fb7129,cf8bee4faf9f1e67678d45b7cd8c350d04e95baeead6b79c4cff607556fb7129,True,1
valid,37,121,2251,cf8bee4faf9f1e67678d45b7cd8c350d04e95baeead6b79c4cff607556fb7129,False,0,4488,4488,cf8bee4faf9f1e67678d45b7cd8c350d04e95baeead6b79c4cff607556fb7129,cf8bee4faf9f1e67678d45b7cd8c350d04e95baeead6b79c4cff607556fb7129,True,1
valid,38,95,2182,cf8bee4faf9f1e67678d45b7cd8c350d04e95baeead6b79c4cff607556fb7129,False,0,4488,4488,cf8bee4faf9f1e67678d45b7cd8c350d04e95baeead6b79c4cff607556fb7129,cf8bee4faf9f1e67678d45b7cd8c350d04e95baeead6b79c4cff607556fb7129,True,1
valid,39,1229,2440,cf8bee4faf9f1e67678d45b7cd8c350d04e95baeead6b79c4cff607556fb7129,False,0,4488,4488,cf8bee4faf9f1e67678d45b7cd8c350d04e95baeead6b79c4cff607556fb7129,cf8bee4faf9f1e67678d45b7cd8c350d04e95baeead6b79c4cff607556fb7129,True,1
valid,40,201,1986,cf8bee4faf9f1e67678d45b7cd8c350d04e95baeead6b79c4cff607556fb7129,False,0,4488,4488,cf8bee4faf9f1e67678d45b7cd8c350d04e95baeead6b79c4cff607556fb7129,cf8bee4faf9f1e67678d45b7cd8c350d04e95baeead6b79c4cff607556fb7129,True,1
valid,41,88,1741,cf8bee4faf9f1e67678d45b7cd8c350d04e95baeead6b79c4cff607556fb7129,False,0,4488,4488,cf8bee4faf9f1e67678d45b7cd8c350d04e95baeead6b79c4cff607556fb7129,cf8bee4faf9f1e67678d45b7cd8c350d04e95baeead6b79c4cff607556fb7129,True,1
valid,42,279,838,cf8bee4faf9f1e67678d45b7cd8c350d04e95baeead6b79c4cff607556fb7129,False,0,4488,4488,cf8bee4faf9f1e67678d45b7cd8c350d04e95baeead6b79c4cff607556fb7129,cf8bee4faf9f1e67678d45b7cd8c350d04e95baeead6b79c4cff607556fb7129,True,1
valid,43,454,973,cf8bee4faf9f1e67678d45b7cd8c350d04e95baeead6b79c4cff607556fb7129,False,0,4488,4488,cf8bee4faf9f1e67678d45b7cd8c350d04e95baeead6b79c4cff607556fb7129,cf8bee4faf9f1e67678d45b7cd8c350d04e95baeead6b79c4cff607556fb7129,True,1
valid,44,29,2645,cf8bee4faf9f1e67678d45b7cd8c350d04e95baeead6b79c4cff607556fb7129,False,0,4488,4488,cf8bee4faf9f1e67678d45b7cd8c350d04e95baeead6b79c4cff607556fb7129,cf8bee4faf9f1e67678d45b7cd8c350d04e95baeead6b79c4cff607556fb7129,True,1
valid,45,20,2269,cf8bee4faf9f1e67678d45b7cd8c350d04e95baeead6b79c4cff607556fb7129,False,0,4488,4488,cf8bee4faf9f1e67678d45b7cd8c350d04e95baeead6b79c4cff607556fb7129,cf8bee4faf9f1e67678d45b7cd8c350d04e95baeead6b79c4cff607556fb7129,True,1
valid,46,1144,1245,cf8bee4faf9f1e67678d45b7cd8c350d04e95baeead6b79c4cff607556fb7129,False,0,4488,4488,cf8bee4faf9f1e67678d45b7cd8c350d04e95baeead6b79c4cff607556fb7129,cf8bee4faf9f1e67678d45b7cd8c350d04e95baeead6b79c4cff607556fb7129,True,1
valid,47,1986,1997,cf8bee4faf9f1e67678d45b7cd8c350d04e95baeead6b79c4cff607556fb7129,False,0,4488,4488,cf8bee4faf9f1e67678d45b7cd8c350d04e95baeead6b79c4cff607556fb7129,cf8bee4faf9f1e67678d45b7cd8c350d04e95baeead6b79c4cff607556fb7129,True,1
valid,48,1451,2564,cf8bee4faf9f1e67678d45b7cd8c350d04e95baeead6b79c4cff607556fb7129,False,0,4488,4488,cf8bee4faf9f1e67678d45b7cd8c350d04e95baeead6b79c4cff607556fb7129,cf8bee4faf9f1e67678d45b7cd8c350d04e95baeead6b79c4cff607556fb7129,True,1
valid,49,1772,2045,cf8bee4faf9f1e67678d45b7cd8c350d04e95baeead6b79c4cff607556fb7129,False,0,4488,4488,cf8bee4faf9f1e67678d45b7cd8c350d04e95baeead6b79c4cff607556fb7129,cf8bee4faf9f1e67678d45b7cd8c350d04e95baeead6b79c4cff607556fb7129,True,1
valid,50,306,1805,cf8bee4faf9f1e67678d45b7cd8c350d04e95baeead6b79c4cff607556fb7129,False,0,4488,4488,cf8bee4faf9f1e67678d45b7cd8c350d04e95baeead6b79c4cff607556fb7129,cf8bee4faf9f1e67678d45b7cd8c350d04e95baeead6b79c4cff607556fb7129,True,1
valid,51,88,2011,cf8bee4faf9f1e67678d45b7cd8c350d04e95baeead6b79c4cff607556fb7129,False,0,4488,4488,cf8bee4faf9f1e67678d45b7cd8c350d04e95baeead6b79c4cff607556fb7129,cf8bee4faf9f1e67678d45b7cd8c350d04e95baeead6b79c4cff607556fb7129,True,1
valid,52,325,787,cf8bee4faf9f1e67678d45b7cd8c350d04e95baeead6b79c4cff607556fb7129,False,0,4488,4488,cf8bee4faf9f1e67678d45b7cd8c350d04e95baeead6b79c4cff607556fb7129,cf8bee4faf9f1e67678d45b7cd8c350d04e95baeead6b79c4cff607556fb7129,True,1
valid,53,1050,1380,cf8bee4faf9f1e67678d45b7cd8c350d04e95baeead6b79c4cff607556fb7129,False,0,4488,4488,cf8bee4faf9f1e67678d45b7cd8c350d04e95baeead6b79c4cff607556fb7129,cf8bee4faf9f1e67678d45b7cd8c350d04e95baeead6b79c4cff607556fb7129,True,1
valid,54,444,2464,cf8bee4faf9f1e67678d45b7cd8c350d04e95baeead6b79c4cff607556fb7129,False,0,4488,4488,cf8bee4faf9f1e67678d45b7cd8c350d04e95baeead6b79c4cff607556fb7129,cf8bee4faf9f1e67678d45b7cd8c350d04e95baeead6b79c4cff607556fb7129,True,1
valid,55,25,2317,cf8bee4faf9f1e67678d45b7cd8c350d04e95baeead6b79c4cff607556fb7129,False,0,4488,4488,cf8bee4faf9f1e67678d45b7cd8c350d04e95baeead6b79c4cff607556fb7129,cf8bee4faf9f1e67678d45b7cd8c350d04e95baeead6b79c4cff607556fb7129,True,1
valid,56,133,2082,cf8bee4faf9f1e67678d45b7cd8c350d04e95baeead6b79c4cff607556fb7129,False,0,4488,4488,cf8bee4faf9f1e67678d45b7cd8c350d04e95baeead6b79c4cff607556fb7129,cf8bee4faf9f1e67678d45b7cd8c350d04e95baeead6b79c4cff607556fb7129,True,1
valid,57,489,2391,cf8bee4faf9f1e67678d45b7cd8c350d04e95baeead6b79c4cff607556fb7129,False,0,4488,4488,cf8bee4faf9f1e67678d45b7cd8c350d04e95baeead6b79c4cff607556fb7129,cf8bee4faf9f1e67678d45b7cd8c350d04e95baeead6b79c4cff607556fb7129,True,1
valid,58,1107,2243,cf8bee4faf9f1e67678d45b7cd8c350d04e95baeead6b79c4cff607556fb7129,False,0,4488,4488,cf8bee4faf9f1e67678d45b7cd8c350d04e95baeead6b79c4cff607556fb7129,cf8bee4faf9f1e67678d45b7cd8c350d04e95baeead6b79c4cff607556fb7129,True,1
valid,59,306,1640,cf8bee4faf9f1e67678d45b7cd8c350d04e95baeead6b79c4cff607556fb7129,False,0,4488,4488,cf8bee4faf9f1e67678d45b7cd8c350d04e95baeead6b79c4cff607556fb7129,cf8bee4faf9f1e67678d45b7cd8c350d04e95baeead6b79c4cff607556fb7129,True,1
valid,60,2114,2519,cf8bee4faf9f1e67678d45b7cd8c350d04e95baeead6b79c4cff607556fb7129,False,0,4488,4488,cf8bee4faf9f1e67678d45b7cd8c350d04e95baeead6b79c4cff607556fb7129,cf8bee4faf9f1e67678d45b7cd8c350d04e95baeead6b79c4cff607556fb7129,True,1
valid,61,1427,1742,cf8bee4faf9f1e67678d45b7cd8c350d04e95baeead6b79c4cff607556fb7129,False,0,4488,4488,cf8bee4faf9f1e67678d45b7cd8c350d04e95baeead6b79c4cff607556fb7129,cf8bee4faf9f1e67678d45b7cd8c350d04e95baeead6b79c4cff607556fb7129,True,1
valid,62,1497,2034,cf8bee4faf9f1e67678d45b7cd8c350d04e95baeead6b79c4cff607556fb7129,False,0,4488,4488,cf8bee4faf9f1e67678d45b7cd8c350d04e95baeead6b79c4cff607556fb7129,cf8bee4faf9f1e67678d45b7cd8c350d04e95baeead6b79c4cff607556fb7129,True,1
valid,63,1330,1837,cf8bee4faf9f1e67678d45b7cd8c350d04e95baeead6b79c4cff607556fb7129,False,0,4488,4488,cf8bee4faf9f1e67678d45b7cd8c350d04e95baeead6b79c4cff607556fb7129,cf8bee4faf9f1e67678d45b7cd8c350d04e95baeead6b79c4cff607556fb7129,True,1
valid,64,18,1786,cf8bee4faf9f1e67678d45b7cd8c350d04e95baeead6b79c4cff607556fb7129,False,0,4488,4488,cf8bee4faf9f1e67678d45b7cd8c350d04e95baeead6b79c4cff607556fb7129,cf8bee4faf9f1e67678d45b7cd8c350d04e95baeead6b79c4cff607556fb7129,True,1
valid,65,1009,2096,cf8bee4faf9f1e67678d45b7cd8c350d04e95baeead6b79c4cff607556fb7129,False,0,4488,4488,cf8bee4faf9f1e67678d45b7cd8c350d04e95baeead6b79c4cff607556fb7129,cf8bee4faf9f1e67678d45b7cd8c350d04e95baeead6b79c4cff607556fb7129,True,1
valid,66,766,845,cf8bee4faf9f1e67678d45b7cd8c350d04e95baeead6b79c4cff607556fb7129,False,0,4488,4488,cf8bee4faf9f1e67678d45b7cd8c350d04e95baeead6b79c4cff607556fb7129,cf8bee4faf9f1e67678d45b7cd8c350d04e95baeead6b79c4cff607556fb7129,True,1
valid,67,2335,2336,cf8bee4faf9f1e67678d45b7cd8c350d04e95baeead6b79c4cff607556fb7129,False,0,4488,4488,cf8bee4faf9f1e67678d45b7cd8c350d04e95baeead6b79c4cff607556fb7129,cf8bee4faf9f1e67678d45b7cd8c350d04e95baeead6b79c4cff607556fb7129,True,1
valid,68,616,1358,cf8bee4faf9f1e67678d45b7cd8c350d04e95baeead6b79c4cff607556fb7129,False,0,4488,4488,cf8bee4faf9f1e67678d45b7cd8c350d04e95baeead6b79c4cff607556fb7129,cf8bee4faf9f1e67678d45b7cd8c350d04e95baeead6b79c4cff607556fb7129,True,1
valid,69,182,997,cf8bee4faf9f1e67678d45b7cd8c350d04e95baeead6b79c4cff607556fb7129,False,0,4488,4488,cf8bee4faf9f1e67678d45b7cd8c350d04e95baeead6b79c4cff607556fb7129,cf8bee4faf9f1e67678d45b7cd8c350d04e95baeead6b79c4cff607556fb7129,True,1
valid,70,1242,2148,cf8bee4faf9f1e67678d45b7cd8c350d04e95baeead6b79c4cff607556fb7129,False,0,4488,4488,cf8bee4faf9f1e67678d45b7cd8c350d04e95baeead6b79c4cff607556fb7129,cf8bee4faf9f1e67678d45b7cd8c350d04e95baeead6b79c4cff607556fb7129,True,1
valid,71,441,1455,cf8bee4faf9f1e67678d45b7cd8c350d04e95baeead6b79c4cff607556fb7129,False,0,4488,4488,cf8bee4faf9f1e67678d45b7cd8c350d04e95baeead6b79c4cff607556fb7129,cf8bee4faf9f1e67678d45b7cd8c350d04e95baeead6b79c4cff607556fb7129,True,1
valid,72,1456,1457,cf8bee4faf9f1e67678d45b7cd8c350d04e95baeead6b79c4cff607556fb7129,False,0,4488,4488,cf8bee4faf9f1e67678d45b7cd8c350d04e95baeead6b79c4cff607556fb7129,cf8bee4faf9f1e67678d45b7cd8c350d04e95baeead6b79c4cff607556fb7129,True,1
valid,73,1519,2335,cf8bee4faf9f1e67678d45b7cd8c350d04e95baeead6b79c4cff607556fb7129,False,0,4488,4488,cf8bee4faf9f1e67678d45b7cd8c350d04e95baeead6b79c4cff607556fb7129,cf8bee4faf9f1e67678d45b7cd8c350d04e95baeead6b79c4cff607556fb7129,True,1
valid,74,1193,1705,cf8bee4faf9f1e67678d45b7cd8c350d04e95baeead6b79c4cff607556fb7129,False,0,4488,4488,cf8bee4faf9f1e67678d45b7cd8c350d04e95baeead6b79c4cff607556fb7129,cf8bee4faf9f1e67678d45b7cd8c350d04e95baeead6b79c4cff607556fb7129,True,1
valid,75,1589,2596,cf8bee4faf9f1e67678d45b7cd8c350d04e95baeead6b79c4cff607556fb7129,False,0,4488,4488,cf8bee4faf9f1e67678d45b7cd8c350d04e95baeead6b79c4cff607556fb7129,cf8bee4faf9f1e67678d45b7cd8c350d04e95baeead6b79c4cff607556fb7129,True,1
valid,76,836,1572,cf8bee4faf9f1e67678d45b7cd8c350d04e95baeead6b79c4cff607556fb7129,False,0,4488,4488,cf8bee4faf9f1e67678d45b7cd8c350d04e95baeead6b79c4cff607556fb7129,cf8bee4faf9f1e67678d45b7cd8c350d04e95baeead6b79c4cff607556fb7129,True,1
valid,77,877,1300,cf8bee4faf9f1e67678d45b7cd8c350d04e95baeead6b79c4cff607556fb7129,False,0,4488,4488,cf8bee4faf9f1e67678d45b7cd8c350d04e95baeead6b79c4cff607556fb7129,cf8bee4faf9f1e67678d45b7cd8c350d04e95baeead6b79c4cff607556fb7129,True,1
valid,78,1317,1719,cf8bee4faf9f1e67678d45b7cd8c350d04e95baeead6b79c4cff607556fb7129,False,0,4488,4488,cf8bee4faf9f1e67678d45b7cd8c350d04e95baeead6b79c4cff607556fb7129,cf8bee4faf9f1e67678d45b7cd8c350d04e95baeead6b79c4cff607556fb7129,True,1
valid,79,1426,1751,cf8bee4faf9f1e67678d45b7cd8c350d04e95baeead6b79c4cff607556fb7129,False,0,4488,4488,cf8bee4faf9f1e67678d45b7cd8c350d04e95baeead6b79c4cff607556fb7129,cf8bee4faf9f1e67678d45b7cd8c350d04e95baeead6b79c4cff607556fb7129,True,1
valid,80,107,541,cf8bee4faf9f1e67678d45b7cd8c350d04e95baeead6b79c4cff607556fb7129,False,0,4488,4488,cf8bee4faf9f1e67678d45b7cd8c350d04e95baeead6b79c4cff607556fb7129,cf8bee4faf9f1e67678d45b7cd8c350d04e95baeead6b79c4cff607556fb7129,True,1
valid,81,191,2385,cf8bee4faf9f1e67678d45b7cd8c350d04e95baeead6b79c4cff607556fb7129,False,0,4488,4488,cf8bee4faf9f1e67678d45b7cd8c350d04e95baeead6b79c4cff607556fb7129,cf8bee4faf9f1e67678d45b7cd8c350d04e95baeead6b79c4cff607556fb7129,True,1
valid,82,1042,2055,cf8bee4faf9f1e67678d45b7cd8c350d04e95baeead6b79c4cff607556fb7129,False,0,4488,4488,cf8bee4faf9f1e67678d45b7cd8c350d04e95baeead6b79c4cff607556fb7129,cf8bee4faf9f1e67678d45b7cd8c350d04e95baeead6b79c4cff607556fb7129,True,1
valid,83,1050,1569,cf8bee4faf9f1e67678d45b7cd8c350d04e95baeead6b79c4cff607556fb7129,False,0,4488,4488,cf8bee4faf9f1e67678d45b7cd8c350d04e95baeead6b79c4cff607556fb7129,cf8bee4faf9f1e67678d45b7cd8c350d04e95baeead6b79c4cff607556fb7129,True,1
valid,84,197,2412,cf8bee4faf9f1e67678d45b7cd8c350d04e95baeead6b79c4cff607556fb7129,False,0,4488,4488,cf8bee4faf9f1e67678d45b7cd8c350d04e95baeead6b79c4cff607556fb7129,cf8bee4faf9f1e67678d45b7cd8c350d04e95baeead6b79c4cff607556fb7129,True,1
valid,85,1051,2122,cf8bee4faf9f1e67678d45b7cd8c350d04e95baeead6b79c4cff607556fb7129,False,0,4488,4488,cf8bee4faf9f1e67678d45b7cd8c350d04e95baeead6b79c4cff607556fb7129,cf8bee4faf9f1e67678d45b7cd8c350d04e95baeead6b79c4cff607556fb7129,True,1
valid,86,306,910,cf8bee4faf9f1e67678d45b7cd8c350d04e95baeead6b79c4cff607556fb7129,False,0,4488,4488,cf8bee4faf9f1e67678d45b7cd8c350d04e95baeead6b79c4cff607556fb7129,cf8bee4faf9f1e67678d45b7cd8c350d04e95baeead6b79c4cff607556fb7129,True,1
valid,87,523,949,cf8bee4faf9f1e67678d45b7cd8c350d04e95baeead6b79c4cff607556fb7129,False,0,4488,4488,cf8bee4faf9f1e67678d45b7cd8c350d04e95baeead6b79c4cff607556fb7129,cf8bee4faf9f1e67678d45b7cd8c350d04e95baeead6b79c4cff607556fb7129,True,1
valid,88,306,1781,cf8bee4faf9f1e67678d45b7cd8c350d04e95baeead6b79c4cff607556fb7129,False,0,4488,4488,cf8bee4faf9f1e67678d45b7cd8c350d04e95baeead6b79c4cff607556fb7129,cf8bee4faf9f1e67678d45b7cd8c350d04e95baeead6b79c4cff607556fb7129,True,1
valid,89,153,236,cf8bee4faf9f1e67678d45b7cd8c350d04e95baeead6b79c4cff607556fb7129,False,0,4488,4488,cf8bee4faf9f1e67678d45b7cd8c350d04e95baeead6b79c4cff607556fb7129,cf8bee4faf9f1e67678d45b7cd8c350d04e95baeead6b79c4cff607556fb7129,True,1
valid,90,442,1051,cf8bee4faf9f1e67678d45b7cd8c350d04e95baeead6b79c4cff607556fb7129,False,0,4488,4488,cf8bee4faf9f1e67678d45b7cd8c350d04e95baeead6b79c4cff607556fb7129,cf8bee4faf9f1e67678d45b7cd8c350d04e95baeead6b79c4cff607556fb7129,True,1
valid,91,903,2031,cf8bee4faf9f1e67678d45b7cd8c350d04e95baeead6b79c4cff607556fb7129,False,0,4488,4488,cf8bee4faf9f1e67678d45b7cd8c350d04e95baeead6b79c4cff607556fb7129,cf8bee4faf9f1e67678d45b7cd8c350d04e95baeead6b79c4cff607556fb7129,True,1
valid,92,30,697,cf8bee4faf9f1e67678d45b7cd8c350d04e95baeead6b79c4cff607556fb7129,False,0,4488,4488,cf8bee4faf9f1e67678d45b7cd8c350d04e95baeead6b79c4cff607556fb7129,cf8bee4faf9f1e67678d45b7cd8c350d04e95baeead6b79c4cff607556fb7129,True,1
valid,93,951,1358,cf8bee4faf9f1e67678d45b7cd8c350d04e95baeead6b79c4cff607556fb7129,False,0,4488,4488,cf8bee4faf9f1e67678d45b7cd8c350d04e95baeead6b79c4cff607556fb7129,cf8bee4faf9f1e67678d45b7cd8c350d04e95baeead6b79c4cff607556fb7129,True,1
valid,94,94,1966,cf8bee4faf9f1e67678d45b7cd8c350d04e95baeead6b79c4cff607556fb7129,False,0,4488,4488,cf8bee4faf9f1e67678d45b7cd8c350d04e95baeead6b79c4cff607556fb7129,cf8bee4faf9f1e67678d45b7cd8c350d04e95baeead6b79c4cff607556fb7129,True,1
valid,95,1064,2351,cf8bee4faf9f1e67678d45b7cd8c350d04e95baeead6b79c4cff607556fb7129,False,0,4488,4488,cf8bee4faf9f1e67678d45b7cd8c350d04e95baeead6b79c4cff607556fb7129,cf8bee4faf9f1e67678d45b7cd8c350d04e95baeead6b79c4cff607556fb7129,True,1
valid,96,687,1358,cf8bee4faf9f1e67678d45b7cd8c350d04e95baeead6b79c4cff607556fb7129,False,0,4488,4488,cf8bee4faf9f1e67678d45b7cd8c350d04e95baeead6b79c4cff607556fb7129,cf8bee4faf9f1e67678d45b7cd8c350d04e95baeead6b79c4cff607556fb7129,True,1
valid,97,565,1723,cf8bee4faf9f1e67678d45b7cd8c350d04e95baeead6b79c4cff607556fb7129,False,0,4488,4488,cf8bee4faf9f1e67678d45b7cd8c350d04e95baeead6b79c4cff607556fb7129,cf8bee4faf9f1e67678d45b7cd8c350d04e95baeead6b79c4cff607556fb7129,True,1
valid,98,907,1916,cf8bee4faf9f1e67678d45b7cd8c350d04e95baeead6b79c4cff607556fb7129,False,0,4488,4488,cf8bee4faf9f1e67678d45b7cd8c350d04e95baeead6b79c4cff607556fb7129,cf8bee4faf9f1e67678d45b7cd8c350d04e95baeead6b79c4cff607556fb7129,True,1
valid,99,389,1743,cf8bee4faf9f1e67678d45b7cd8c350d04e95baeead6b79c4cff607556fb7129,False,0,4488,4488,cf8bee4faf9f1e67678d45b7cd8c350d04e95baeead6b79c4cff607556fb7129,cf8bee4faf9f1e67678d45b7cd8c350d04e95baeead6b79c4cff607556fb7129,True,1
valid,100,407,409,cf8bee4faf9f1e67678d45b7cd8c350d04e95baeead6b79c4cff607556fb7129,False,0,4488,4488,cf8bee4faf9f1e67678d45b7cd8c350d04e95baeead6b79c4cff607556fb7129,cf8bee4faf9f1e67678d45b7cd8c350d04e95baeead6b79c4cff607556fb7129,True,1
valid,101,833,2495,cf8bee4faf9f1e67678d45b7cd8c350d04e95baeead6b79c4cff607556fb7129,False,0,4488,4488,cf8bee4faf9f1e67678d45b7cd8c350d04e95baeead6b79c4cff607556fb7129,cf8bee4faf9f1e67678d45b7cd8c350d04e95baeead6b79c4cff607556fb7129,True,1
valid,102,2124,2125,cf8bee4faf9f1e67678d45b7cd8c350d04e95baeead6b79c4cff607556fb7129,False,0,4488,4488,cf8bee4faf9f1e67678d45b7cd8c350d04e95baeead6b79c4cff607556fb7129,cf8bee4faf9f1e67678d45b7cd8c350d04e95baeead6b79c4cff607556fb7129,True,1
valid,103,2006,2477,cf8bee4faf9f1e67678d45b7cd8c350d04e95baeead6b79c4cff607556fb7129,False,0,4488,4488,cf8bee4faf9f1e67678d45b7cd8c350d04e95baeead6b79c4cff607556fb7129,cf8bee4faf9f1e67678d45b7cd8c350d04e95baeead6b79c4cff607556fb7129,True,1
valid,104,1413,1932,cf8bee4faf9f1e67678d45b7cd8c350d04e95baeead6b79c4cff607556fb7129,False,0,4488,4488,cf8bee4faf9f1e67678d45b7cd8c350d04e95baeead6b79c4cff607556fb7129,cf8bee4faf9f1e67678d45b7cd8c350d04e95baeead6b79c4cff607556fb7129,True,1
valid,105,70,2184,cf8bee4faf9f1e67678d45b7cd8c350d04e95baeead6b79c4cff607556fb7129,False,0,4488,4488,cf8bee4faf9f1e67678d45b7cd8c350d04e95baeead6b79c4cff607556fb7129,cf8bee4faf9f1e67678d45b7cd8c350d04e95baeead6b79c4cff607556fb7129,True,1
valid,106,27,1810,cf8bee4faf9f1e67678d45b7cd8c350d04e95baeead6b79c4cff607556fb7129,False,0,4488,4488,cf8bee4faf9f1e67678d45b7cd8c350d04e95baeead6b79c4cff607556fb7129,cf8bee4faf9f1e67678d45b7cd8c350d04e95baeead6b79c4cff607556fb7129,True,1
valid,107,2103,2385,cf8bee4faf9f1e67678d45b7cd8c350d04e95baeead6b79c4cff607556fb7129,False,0,4488,4488,cf8bee4faf9f1e67678d45b7cd8c350d04e95baeead6b79c4cff607556fb7129,cf8bee4faf9f1e67678d45b7cd8c350d04e95baeead6b79c4cff607556fb7129,True,1
valid,108,898,1836,cf8bee4faf9f1e67678d45b7cd8c350d04e95baeead6b79c4cff607556fb7129,False,0,4488,4488,cf8bee4faf9f1e67678d45b7cd8c350d04e95baeead6b79c4cff607556fb7129,cf8bee4faf9f1e67678d45b7cd8c350d04e95baeead6b79c4cff607556fb7129,True,1
valid,109,1739,1886,cf8bee4faf9f1e67678d45b7cd8c350d04e95baeead6b79c4cff607556fb7129,False,0,4488,4488,cf8bee4faf9f1e67678d45b7cd8c350d04e95baeead6b79c4cff607556fb7129,cf8bee4faf9f1e67678d45b7cd8c350d04e95baeead6b79c4cff607556fb7129,True,1
valid,110,607,1213,cf8bee4faf9f1e67678d45b7cd8c350d04e95baeead6b79c4cff607556fb7129,False,0,4488,4488,cf8bee4faf9f1e67678d45b7cd8c350d04e95baeead6b79c4cff607556fb7129,cf8bee4faf9f1e67678d45b7cd8c350d04e95baeead6b79c4cff607556fb7129,True,1
valid,111,1171,1355,cf8bee4faf9f1e67678d45b7cd8c350d04e95baeead6b79c4cff607556fb7129,False,0,4488,4488,cf8bee4faf9f1e67678d45b7cd8c350d04e95baeead6b79c4cff607556fb7129,cf8bee4faf9f1e67678d45b7cd8c350d04e95baeead6b79c4cff607556fb7129,True,1
valid,112,1226,1956,cf8bee4faf9f1e67678d45b7cd8c350d04e95baeead6b79c4cff607556fb7129,False,0,4488,4488,cf8bee4faf9f1e67678d45b7cd8c350d04e95baeead6b79c4cff607556fb7129,cf8bee4faf9f1e67678d45b7cd8c350d04e95baeead6b79c4cff607556fb7129,True,1
valid,113,1920,2422,cf8bee4faf9f1e67678d45b7cd8c350d04e95baeead6b79c4cff607556fb7129,False,0,4488,4488,cf8bee4faf9f1e67678d45b7cd8c350d04e95baeead6b79c4cff607556fb7129,cf8bee4faf9f1e67678d45b7cd8c350d04e95baeead6b79c4cff607556fb7129,True,1
valid,114,1701,1858,cf8bee4faf9f1e67678d45b7cd8c350d04e95baeead6b79c4cff607556fb7129,False,0,4488,4488,cf8bee4faf9f1e67678d45b7cd8c350d04e95baeead6b79c4cff607556fb7129,cf8bee4faf9f1e67678d45b7cd8c350d04e95baeead6b79c4cff607556fb7129,True,1
valid,115,1033,2168,cf8bee4faf9f1e67678d45b7cd8c350d04e95baeead6b79c4cff607556fb7129,False,0,4488,4488,cf8bee4faf9f1e67678d45b7cd8c350d04e95baeead6b79c4cff607556fb7129,cf8bee4faf9f1e67678d45b7cd8c350d04e95baeead6b79c4cff607556fb7129,True,1
valid,116,1698,2160,cf8bee4faf9f1e67678d45b7cd8c350d04e95baeead6b79c4cff607556fb7129,False,0,4488,4488,cf8bee4faf9f1e67678d45b7cd8c350d04e95baeead6b79c4cff607556fb7129,cf8bee4faf9f1e67678d45b7cd8c350d04e95baeead6b79c4cff607556fb7129,True,1
valid,117,2113,2450,cf8bee4faf9f1e67678d45b7cd8c350d04e95baeead6b79c4cff607556fb7129,False,0,4488,4488,cf8bee4faf9f1e67678d45b7cd8c350d04e95baeead6b79c4cff607556fb7129,cf8bee4faf9f1e67678d45b7cd8c350d04e95baeead6b79c4cff607556fb7129,True,1
valid,118,833,2595,cf8bee4faf9f1e67678d45b7cd8c350d04e95baeead6b79c4cff607556fb7129,False,0,4488,4488,cf8bee4faf9f1e67678d45b7cd8c350d04e95baeead6b79c4cff607556fb7129,cf8bee4faf9f1e67678d45b7cd8c350d04e95baeead6b79c4cff607556fb7129,True,1
valid,119,1687,1721,cf8bee4faf9f1e67678d45b7cd8c350d04e95baeead6b79c4cff607556fb7129,False,0,4488,4488,cf8bee4faf9f1e67678d45b7cd8c350d04e95baeead6b79c4cff607556fb7129,cf8bee4faf9f1e67678d45b7cd8c350d04e95baeead6b79c4cff607556fb7129,True,1
valid,120,23,2159,cf8bee4faf9f1e67678d45b7cd8c350d04e95baeead6b79c4cff607556fb7129,False,0,4488,4488,cf8bee4faf9f1e67678d45b7cd8c350d04e95baeead6b79c4cff607556fb7129,cf8bee4faf9f1e67678d45b7cd8c350d04e95baeead6b79c4cff607556fb7129,True,1
valid,121,394,577,cf8bee4faf9f1e67678d45b7cd8c350d04e95baeead6b79c4cff607556fb7129,False,0,4488,4488,cf8bee4faf9f1e67678d45b7cd8c350d04e95baeead6b79c4cff607556fb7129,cf8bee4faf9f1e67678d45b7cd8c350d04e95baeead6b79c4cff607556fb7129,True,1
valid,122,444,828,cf8bee4faf9f1e67678d45b7cd8c350d04e95baeead6b79c4cff607556fb7129,False,0,4488,4488,cf8bee4faf9f1e67678d45b7cd8c350d04e95baeead6b79c4cff607556fb7129,cf8bee4faf9f1e67678d45b7cd8c350d04e95baeead6b79c4cff607556fb7129,True,1
valid,123,316,1073,cf8bee4faf9f1e67678d45b7cd8c350d04e95baeead6b79c4cff607556fb7129,False,0,4488,4488,cf8bee4faf9f1e67678d45b7cd8c350d04e95baeead6b79c4cff607556fb7129,cf8bee4faf9f1e67678d45b7cd8c350d04e95baeead6b79c4cff607556fb7129,True,1
valid,124,2679,2682,cf8bee4faf9f1e67678d45b7cd8c350d04e95baeead6b79c4cff607556fb7129,False,0,4488,4488,cf8bee4faf9f1e67678d45b7cd8c350d04e95baeead6b79c4cff607556fb7129,cf8bee4faf9f1e67678d45b7cd8c350d04e95baeead6b79c4cff607556fb7129,True,1
valid,125,800,889,cf8bee4faf9f1e67678d45b7cd8c350d04e95baeead6b79c4cff607556fb7129,False,0,4488,4488,cf8bee4faf9f1e67678d45b7cd8c350d04e95baeead6b79c4cff607556fb7129,cf8bee4faf9f1e67678d45b7cd8c350d04e95baeead6b79c4cff607556fb7129,True,1
valid,126,819,1606,cf8bee4faf9f1e67678d45b7cd8c350d04e95baeead6b79c4cff607556fb7129,False,0,4488,4488,cf8bee4faf9f1e67678d45b7cd8c350d04e95baeead6b79c4cff607556fb7129,cf8bee4faf9f1e67678d45b7cd8c350d04e95baeead6b79c4cff607556fb7129,True,1
valid,127,74,1118,cf8bee4faf9f1e67678d45b7cd8c350d04e95baeead6b79c4cff607556fb7129,False,0,4488,4488,cf8bee4faf9f1e67678d45b7cd8c350d04e95baeead6b79c4cff607556fb7129,cf8bee4faf9f1e67678d45b7cd8c350d04e95baeead6b79c4cff607556fb7129,True,1
valid,128,505,1251,cf8bee4faf9f1e67678d45b7cd8c350d04e95baeead6b79c4cff607556fb7129,False,0,4488,4488,cf8bee4faf9f1e67678d45b7cd8c350d04e95baeead6b79c4cff607556fb7129,cf8bee4faf9f1e67678d45b7cd8c350d04e95baeead6b79c4cff607556fb7129,True,1
valid,129,942,1924,cf8bee4faf9f1e67678d45b7cd8c350d04e95baeead6b79c4cff607556fb7129,False,0,4488,4488,cf8bee4faf9f1e67678d45b7cd8c350d04e95baeead6b79c4cff607556fb7129,cf8bee4faf9f1e67678d45b7cd8c350d04e95baeead6b79c4cff607556fb7129,True,1
valid,130,2483,2484,cf8bee4faf9f1e67678d45b7cd8c350d04e95baeead6b79c4cff607556fb7129,False,0,4488,4488,cf8bee4faf9f1e67678d45b7cd8c350d04e95baeead6b79c4cff607556fb7129,cf8bee4faf9f1e67678d45b7cd8c350d04e95baeead6b79c4cff607556fb7129,True,1
valid,131,230,577,cf8bee4faf9f1e67678d45b7cd8c350d04e95baeead6b79c4cff607556fb7129,False,0,4488,4488,cf8bee4faf9f1e67678d45b7cd8c350d04e95baeead6b79c4cff607556fb7129,cf8bee4faf9f1e67678d45b7cd8c350d04e95baeead6b79c4cff607556fb7129,True,1
valid,132,1671,1968,cf8bee4faf9f1e67678d45b7cd8c350d04e95baeead6b79c4cff607556fb7129,False,0,4488,4488,cf8bee4faf9f1e67678d45b7cd8c350d04e95baeead6b79c4cff607556fb7129,cf8bee4faf9f1e67678d45b7cd8c350d04e95baeead6b79c4cff607556fb7129,True,1
valid,133,239,2021,cf8bee4faf9f1e67678d45b7cd8c350d04e95baeead6b79c4cff607556fb7129,False,0,4488,4488,cf8bee4faf9f1e67678d45b7cd8c350d04e95baeead6b79c4cff607556fb7129,cf8bee4faf9f1e67678d45b7cd8c350d04e95baeead6b79c4cff607556fb7129,True,1
valid,134,596,992,cf8bee4faf9f1e67678d45b7cd8c350d04e95baeead6b79c4cff607556fb7129,False,0,4488,4488,cf8bee4faf9f1e67678d45b7cd8c350d04e95baeead6b79c4cff607556fb7129,cf8bee4faf9f1e67678d45b7cd8c350d04e95baeead6b79c4cff607556fb7129,True,1
valid,135,1226,2528,cf8bee4faf9f1e67678d45b7cd8c350d04e95baeead6b79c4cff607556fb7129,False,0,4488,4488,cf8bee4faf9f1e67678d45b7cd8c350d04e95baeead6b79c4cff607556fb7129,cf8bee4faf9f1e67678d45b7cd8c350d04e95baeead6b79c4cff607556fb7129,True,1
valid,136,1013,1625,cf8bee4faf9f1e67678d45b7cd8c350d04e95baeead6b79c4cff607556fb7129,False,0,4488,4488,cf8bee4faf9f1e67678d45b7cd8c350d04e95baeead6b79c4cff607556fb7129,cf8bee4faf9f1e67678d45b7cd8c350d04e95baeead6b79c4cff607556fb7129,True,1
valid,137,912,2130,cf8bee4faf9f1e67678d45b7cd8c350d04e95baeead6b79c4cff607556fb7129,False,0,4488,4488,cf8bee4faf9f1e67678d45b7cd8c350d04e95baeead6b79c4cff607556fb7129,cf8bee4faf9f1e67678d45b7cd8c350d04e95baeead6b79c4cff607556fb7129,True,1
valid,138,399,1769,cf8bee4faf9f1e67678d45b7cd8c350d04e95baeead6b79c4cff607556fb7129,False,0,4488,4488,cf8bee4faf9f1e67678d45b7cd8c350d04e95baeead6b79c4cff607556fb7129,cf8bee4faf9f1e67678d45b7cd8c350d04e95baeead6b79c4cff607556fb7129,True,1
valid,139,704,2450,cf8bee4faf9f1e67678d45b7cd8c350d04e95baeead6b79c4cff607556fb7129,False,0,4488,4488,cf8bee4faf9f1e67678d45b7cd8c350d04e95baeead6b79c4cff607556fb7129,cf8bee4faf9f1e67678d45b7cd8c350d04e95baeead6b79c4cff607556fb7129,True,1
valid,140,1309,2178,cf8bee4faf9f1e67678d45b7cd8c350d04e95baeead6b79c4cff607556fb7129,False,0,4488,4488,cf8bee4faf9f1e67678d45b7cd8c350d04e95baeead6b79c4cff607556fb7129,cf8bee4faf9f1e67678d45b7cd8c350d04e95baeead6b79c4cff607556fb7129,True,1
valid,141,583,2224,cf8bee4faf9f1e67678d45b7cd8c350d04e95baeead6b79c4cff607556fb7129,False,0,4488,4488,cf8bee4faf9f1e67678d45b7cd8c350d04e95baeead6b79c4cff607556fb7129,cf8bee4faf9f1e67678d45b7cd8c350d04e95baeead6b79c4cff607556fb7129,True,1
valid,142,1395,2189,cf8bee4faf9f1e67678d45b7cd8c350d04e95baeead6b79c4cff607556fb7129,False,0,4488,4488,cf8bee4faf9f1e67678d45b7cd8c350d04e95baeead6b79c4cff607556fb7129,cf8bee4faf9f1e67678d45b7cd8c350d04e95baeead6b79c4cff607556fb7129,True,1
valid,143,429,1669,cf8bee4faf9f1e67678d45b7cd8c350d04e95baeead6b79c4cff607556fb7129,False,0,4488,4488,cf8bee4faf9f1e67678d45b7cd8c350d04e95baeead6b79c4cff607556fb7129,cf8bee4faf9f1e67678d45b7cd8c350d04e95baeead6b79c4cff607556fb7129,True,1
valid,144,1184,1190,cf8bee4faf9f1e67678d45b7cd8c350d04e95baeead6b79c4cff607556fb7129,False,0,4488,4488,cf8bee4faf9f1e67678d45b7cd8c350d04e95baeead6b79c4cff607556fb7129,cf8bee4faf9f1e67678d45b7cd8c350d04e95baeead6b79c4cff607556fb7129,True,1
valid,145,778,1224,cf8bee4faf9f1e67678d45b7cd8c350d04e95baeead6b79c4cff607556fb7129,False,0,4488,4488,cf8bee4faf9f1e67678d45b7cd8c350d04e95baeead6b79c4cff607556fb7129,cf8bee4faf9f1e67678d45b7cd8c350d04e95baeead6b79c4cff607556fb7129,True,1
valid,146,318,563,cf8bee4faf9f1e67678d45b7cd8c350d04e95baeead6b79c4cff607556fb7129,False,0,4488,4488,cf8bee4faf9f1e67678d45b7cd8c350d04e95baeead6b79c4cff607556fb7129,cf8bee4faf9f1e67678d45b7cd8c350d04e95baeead6b79c4cff607556fb7129,True,1
valid,147,261,1479,cf8bee4faf9f1e67678d45b7cd8c350d04e95baeead6b79c4cff607556fb7129,False,0,4488,4488,cf8bee4faf9f1e67678d45b7cd8c350d04e95baeead6b79c4cff607556fb7129,cf8bee4faf9f1e67678d45b7cd8c350d04e95baeead6b79c4cff607556fb7129,True,1
valid,148,281,746,cf8bee4faf9f1e67678d45b7cd8c350d04e95baeead6b79c4cff607556fb7129,False,0,4488,4488,cf8bee4faf9f1e67678d45b7cd8c350d04e95baeead6b79c4cff607556fb7129,cf8bee4faf9f1e67678d45b7cd8c350d04e95baeead6b79c4cff607556fb7129,True,1
valid,149,1317,2220,cf8bee4faf9f1e67678d45b7cd8c350d04e95baeead6b79c4cff607556fb7129,False,0,4488,4488,cf8bee4faf9f1e67678d45b7cd8c350d04e95baeead6b79c4cff607556fb7129,cf8bee4faf9f1e67678d45b7cd8c350d04e95baeead6b79c4cff607556fb7129,True,1
valid,150,718,2261,cf8bee4faf9f1e67678d45b7cd8c350d04e95baeead6b79c4cff607556fb7129,False,0,4488,4488,cf8bee4faf9f1e67678d45b7cd8c350d04e95baeead6b79c4cff607556fb7129,cf8bee4faf9f1e67678d45b7cd8c350d04e95baeead6b79c4cff607556fb7129,True,1
valid,151,243,2648,cf8bee4faf9f1e67678d45b7cd8c350d04e95baeead6b79c4cff607556fb7129,False,0,4488,4488,cf8bee4faf9f1e67678d45b7cd8c350d04e95baeead6b79c4cff607556fb7129,cf8bee4faf9f1e67678d45b7cd8c350d04e95baeead6b79c4cff607556fb7129,True,1
valid,152,415,851,cf8bee4faf9f1e67678d45b7cd8c350d04e95baeead6b79c4cff607556fb7129,False,0,4488,4488,cf8bee4faf9f1e67678d45b7cd8c350d04e95baeead6b79c4cff607556fb7129,cf8bee4faf9f1e67678d45b7cd8c350d04e95baeead6b79c4cff607556fb7129,True,1
valid,153,368,1194,cf8bee4faf9f1e67678d45b7cd8c350d04e95baeead6b79c4cff607556fb7129,False,0,4488,4488,cf8bee4faf9f1e67678d45b7cd8c350d04e95baeead6b79c4cff607556fb7129,cf8bee4faf9f1e67678d45b7cd8c350d04e95baeead6b79c4cff607556fb7129,True,1
valid,154,1183,1825,cf8bee4faf9f1e67678d45b7cd8c350d04e95baeead6b79c4cff607556fb7129,False,0,4488,4488,cf8bee4faf9f1e67678d45b7cd8c350d04e95baeead6b79c4cff607556fb7129,cf8bee4faf9f1e67678d45b7cd8c350d04e95baeead6b79c4cff607556fb7129,True,1
valid,155,979,2207,cf8bee4faf9f1e67678d45b7cd8c350d04e95baeead6b79c4cff607556fb7129,False,0,4488,4488,cf8bee4faf9f1e67678d45b7cd8c350d04e95baeead6b79c4cff607556fb7129,cf8bee4faf9f1e67678d45b7cd8c350d04e95baeead6b79c4cff607556fb7129,True,1
valid,156,341,1358,cf8bee4faf9f1e67678d45b7cd8c350d04e95baeead6b79c4cff607556fb7129,False,0,4488,4488,cf8bee4faf9f1e67678d45b7cd8c350d04e95baeead6b79c4cff607556fb7129,cf8bee4faf9f1e67678d45b7cd8c350d04e95baeead6b79c4cff607556fb7129,True,1
valid,157,695,1998,cf8bee4faf9f1e67678d45b7cd8c350d04e95baeead6b79c4cff607556fb7129,False,0,4488,4488,cf8bee4faf9f1e67678d45b7cd8c350d04e95baeead6b79c4cff607556fb7129,cf8bee4faf9f1e67678d45b7cd8c350d04e95baeead6b79c4cff607556fb7129,True,1
valid,158,1358,1516,cf8bee4faf9f1e67678d45b7cd8c350d04e95baeead6b79c4cff607556fb7129,False,0,4488,4488,cf8bee4faf9f1e67678d45b7cd8c350d04e95baeead6b79c4cff607556fb7129,cf8bee4faf9f1e67678d45b7cd8c350d04e95baeead6b79c4cff607556fb7129,True,1
valid,159,546,2127,cf8bee4faf9f1e67678d45b7cd8c350d04e95baeead6b79c4cff607556fb7129,False,0,4488,4488,cf8bee4faf9f1e67678d45b7cd8c350d04e95baeead6b79c4cff607556fb7129,cf8bee4faf9f1e67678d45b7cd8c350d04e95baeead6b79c4cff607556fb7129,True,1
valid,160,1795,1796,cf8bee4faf9f1e67678d45b7cd8c350d04e95baeead6b79c4cff607556fb7129,False,0,4488,4488,cf8bee4faf9f1e67678d45b7cd8c350d04e95baeead6b79c4cff607556fb7129,cf8bee4faf9f1e67678d45b7cd8c350d04e95baeead6b79c4cff607556fb7129,True,1
valid,161,111,1762,cf8bee4faf9f1e67678d45b7cd8c350d04e95baeead6b79c4cff607556fb7129,False,0,4488,4488,cf8bee4faf9f1e67678d45b7cd8c350d04e95baeead6b79c4cff607556fb7129,cf8bee4faf9f1e67678d45b7cd8c350d04e95baeead6b79c4cff607556fb7129,True,1
valid,162,975,2097,cf8bee4faf9f1e67678d45b7cd8c350d04e95baeead6b79c4cff607556fb7129,False,0,4488,4488,cf8bee4faf9f1e67678d45b7cd8c350d04e95baeead6b79c4cff607556fb7129,cf8bee4faf9f1e67678d45b7cd8c350d04e95baeead6b79c4cff607556fb7129,True,1
valid,163,297,598,cf8bee4faf9f1e67678d45b7cd8c350d04e95baeead6b79c4cff607556fb7129,False,0,4488,4488,cf8bee4faf9f1e67678d45b7cd8c350d04e95baeead6b79c4cff607556fb7129,cf8bee4faf9f1e67678d45b7cd8c350d04e95baeead6b79c4cff607556fb7129,True,1
valid,164,121,802,cf8bee4faf9f1e67678d45b7cd8c350d04e95baeead6b79c4cff607556fb7129,False,0,4488,4488,cf8bee4faf9f1e67678d45b7cd8c350d04e95baeead6b79c4cff607556fb7129,cf8bee4faf9f1e67678d45b7cd8c350d04e95baeead6b79c4cff607556fb7129,True,1
valid,165,1973,1975,cf8bee4faf9f1e67678d45b7cd8c350d04e95baeead6b79c4cff607556fb7129,False,0,4488,4488,cf8bee4faf9f1e67678d45b7cd8c350d04e95baeead6b79c4cff607556fb7129,cf8bee4faf9f1e67678d45b7cd8c350d04e95baeead6b79c4cff607556fb7129,True,1
valid,166,897,1494,cf8bee4faf9f1e67678d45b7cd8c350d04e95baeead6b79c4cff607556fb7129,False,0,4488,4488,cf8bee4faf9f1e67678d45b7cd8c350d04e95baeead6b79c4cff607556fb7129,cf8bee4faf9f1e67678d45b7cd8c350d04e95baeead6b79c4cff607556fb7129,True,1
valid,167,65,619,cf8bee4faf9f1e67678d45b7cd8c350d04e95baeead6b79c4cff607556fb7129,False,0,4488,4488,cf8bee4faf9f1e67678d45b7cd8c350d04e95baeead6b79c4cff607556fb7129,cf8bee4faf9f1e67678d45b7cd8c350d04e95baeead6b79c4cff607556fb7129,True,1
valid,168,1163,2132,cf8bee4faf9f1e67678d45b7cd8c350d04e95baeead6b79c4cff607556fb7129,False,0,4488,4488,cf8bee4faf9f1e67678d45b7cd8c350d04e95baeead6b79c4cff607556fb7129,cf8bee4faf9f1e67678d45b7cd8c350d04e95baeead6b79c4cff607556fb7129,True,1
valid,169,490,2099,cf8bee4faf9f1e67678d45b7cd8c350d04e95baeead6b79c4cff607556fb7129,False,0,4488,4488,cf8bee4faf9f1e67678d45b7cd8c350d04e95baeead6b79c4cff607556fb7129,cf8bee4faf9f1e67678d45b7cd8c350d04e95baeead6b79c4cff607556fb7129,True,1
valid,170,1131,1500,cf8bee4faf9f1e67678d45b7cd8c350d04e95baeead6b79c4cff607556fb7129,False,0,4488,4488,cf8bee4faf9f1e67678d45b7cd8c350d04e95baeead6b79c4cff607556fb7129,cf8bee4faf9f1e67678d45b7cd8c350d04e95baeead6b79c4cff607556fb7129,True,1
valid,171,2155,2295,cf8bee4faf9f1e67678d45b7cd8c350d04e95baeead6b79c4cff607556fb7129,False,0,4488,4488,cf8bee4faf9f1e67678d45b7cd8c350d04e95baeead6b79c4cff607556fb7129,cf8bee4faf9f1e67678d45b7cd8c350d04e95baeead6b79c4cff607556fb7129,True,1
valid,172,1658,2018,cf8bee4faf9f1e67678d45b7cd8c350d04e95baeead6b79c4cff607556fb7129,False,0,4488,4488,cf8bee4faf9f1e67678d45b7cd8c350d04e95baeead6b79c4cff607556fb7129,cf8bee4faf9f1e67678d45b7cd8c350d04e95baeead6b79c4cff607556fb7129,True,1
valid,173,861,2068,cf8bee4faf9f1e67678d45b7cd8c350d04e95baeead6b79c4cff607556fb7129,False,0,4488,4488,cf8bee4faf9f1e67678d45b7cd8c350d04e95baeead6b79c4cff607556fb7129,cf8bee4faf9f1e67678d45b7cd8c350d04e95baeead6b79c4cff607556fb7129,True,1
valid,174,1665,1701,cf8bee4faf9f1e67678d45b7cd8c350d04e95baeead6b79c4cff607556fb7129,False,0,4488,4488,cf8bee4faf9f1e67678d45b7cd8c350d04e95baeead6b79c4cff607556fb7129,cf8bee4faf9f1e67678d45b7cd8c350d04e95baeead6b79c4cff607556fb7129,True,1
valid,175,239,1909,cf8bee4faf9f1e67678d45b7cd8c350d04e95baeead6b79c4cff607556fb7129,False,0,4488,4488,cf8bee4faf9f1e67678d45b7cd8c350d04e95baeead6b79c4cff607556fb7129,cf8bee4faf9f1e67678d45b7cd8c350d04e95baeead6b79c4cff607556fb7129,True,1
valid,176,368,1545,cf8bee4faf9f1e67678d45b7cd8c350d04e95baeead6b79c4cff607556fb7129,False,0,4488,4488,cf8bee4faf9f1e67678d45b7cd8c350d04e95baeead6b79c4cff607556fb7129,cf8bee4faf9f1e67678d45b7cd8c350d04e95baeead6b79c4cff607556fb7129,True,1
valid,177,1144,1623,cf8bee4faf9f1e67678d45b7cd8c350d04e95baeead6b79c4cff607556fb7129,False,0,4488,4488,cf8bee4faf9f1e67678d45b7cd8c350d04e95baeead6b79c4cff607556fb7129,cf8bee4faf9f1e67678d45b7cd8c350d04e95baeead6b79c4cff607556fb7129,True,1
valid,178,591,1423,cf8bee4faf9f1e67678d45b7cd8c350d04e95baeead6b79c4cff607556fb7129,False,0,4488,4488,cf8bee4faf9f1e67678d45b7cd8c350d04e95baeead6b79c4cff607556fb7129,cf8bee4faf9f1e67678d45b7cd8c350d04e95baeead6b79c4cff607556fb7129,True,1
valid,179,1240,1443,cf8bee4faf9f1e67678d45b7cd8c350d04e95baeead6b79c4cff607556fb7129,False,0,4488,4488,cf8bee4faf9f1e67678d45b7cd8c350d04e95baeead6b79c4cff607556fb7129,cf8bee4faf9f1e67678d45b7cd8c350d04e95baeead6b79c4cff607556fb7129,True,1
valid,180,719,1810,cf8bee4faf9f1e67678d45b7cd8c350d04e95baeead6b79c4cff607556fb7129,False,0,4488,4488,cf8bee4faf9f1e67678d45b7cd8c350d04e95baeead6b79c4cff607556fb7129,cf8bee4faf9f1e67678d45b7cd8c350d04e95baeead6b79c4cff607556fb7129,True,1
valid,181,695,948,cf8bee4faf9f1e67678d45b7cd8c350d04e95baeead6b79c4cff607556fb7129,False,0,4488,4488,cf8bee4faf9f1e67678d45b7cd8c350d04e95baeead6b79c4cff607556fb7129,cf8bee4faf9f1e67678d45b7cd8c350d04e95baeead6b79c4cff607556fb7129,True,1
valid,182,33,911,cf8bee4faf9f1e67678d45b7cd8c350d04e95baeead6b79c4cff607556fb7129,False,0,4488,4488,cf8bee4faf9f1e67678d45b7cd8c350d04e95baeead6b79c4cff607556fb7129,cf8bee4faf9f1e67678d45b7cd8c350d04e95baeead6b79c4cff607556fb7129,True,1
valid,183,1016,1256,cf8bee4faf9f1e67678d45b7cd8c350d04e95baeead6b79c4cff607556fb7129,False,0,4488,4488,cf8bee4faf9f1e67678d45b7cd8c350d04e95baeead6b79c4cff607556fb7129,cf8bee4faf9f1e67678d45b7cd8c350d04e95baeead6b79c4cff607556fb7129,True,1
valid,184,147,1976,cf8bee4faf9f1e67678d45b7cd8c350d04e95baeead6b79c4cff607556fb7129,False,0,4488,4488,cf8bee4faf9f1e67678d45b7cd8c350d04e95baeead6b79c4cff607556fb7129,cf8bee4faf9f1e67678d45b7cd8c350d04e95baeead6b79c4cff607556fb7129,True,1
valid,185,71,206,cf8bee4faf9f1e67678d45b7cd8c350d04e95baeead6b79c4cff607556fb7129,False,0,4488,4488,cf8bee4faf9f1e67678d45b7cd8c350d04e95baeead6b79c4cff607556fb7129,cf8bee4faf9f1e67678d45b7cd8c350d04e95baeead6b79c4cff607556fb7129,True,1
valid,186,2615,2696,cf8bee4faf9f1e67678d45b7cd8c350d04e95baeead6b79c4cff607556fb7129,False,0,4488,4488,cf8bee4faf9f1e67678d45b7cd8c350d04e95baeead6b79c4cff607556fb7129,cf8bee4faf9f1e67678d45b7cd8c350d04e95baeead6b79c4cff607556fb7129,True,1
valid,187,741,1282,cf8bee4faf9f1e67678d45b7cd8c350d04e95baeead6b79c4cff607556fb7129,False,0,4488,4488,cf8bee4faf9f1e67678d45b7cd8c350d04e95baeead6b79c4cff607556fb7129,cf8bee4faf9f1e67678d45b7cd8c350d04e95baeead6b79c4cff607556fb7129,True,1
valid,188,623,2464,cf8bee4faf9f1e67678d45b7cd8c350d04e95baeead6b79c4cff607556fb7129,False,0,4488,4488,cf8bee4faf9f1e67678d45b7cd8c350d04e95baeead6b79c4cff607556fb7129,cf8bee4faf9f1e67678d45b7cd8c350d04e95baeead6b79c4cff607556fb7129,True,1
valid,189,570,2430,cf8bee4faf9f1e67678d45b7cd8c350d04e95baeead6b79c4cff607556fb7129,False,0,4488,4488,cf8bee4faf9f1e67678d45b7cd8c350d04e95baeead6b79c4cff607556fb7129,cf8bee4faf9f1e67678d45b7cd8c350d04e95baeead6b79c4cff607556fb7129,True,1
valid,190,643,2407,cf8bee4faf9f1e67678d45b7cd8c350d04e95baeead6b79c4cff607556fb7129,False,0,4488,4488,cf8bee4faf9f1e67678d45b7cd8c350d04e95baeead6b79c4cff607556fb7129,cf8bee4faf9f1e67678d45b7cd8c350d04e95baeead6b79c4cff607556fb7129,True,1
valid,191,1609,1791,cf8bee4faf9f1e67678d45b7cd8c350d04e95baeead6b79c4cff607556fb7129,False,0,4488,4488,cf8bee4faf9f1e67678d45b7cd8c350d04e95baeead6b79c4cff607556fb7129,cf8bee4faf9f1e67678d45b7cd8c350d04e95baeead6b79c4cff607556fb7129,True,1
valid,192,1464,1482,cf8bee4faf9f1e67678d45b7cd8c350d04e95baeead6b79c4cff607556fb7129,False,0,4488,4488,cf8bee4faf9f1e67678d45b7cd8c350d04e95baeead6b79c4cff607556fb7129,cf8bee4faf9f1e67678d45b7cd8c350d04e95baeead6b79c4cff607556fb7129,True,1
valid,193,2367,2369,cf8bee4faf9f1e67678d45b7cd8c350d04e95baeead6b79c4cff607556fb7129,False,0,4488,4488,cf8bee4faf9f1e67678d45b7cd8c350d04e95baeead6b79c4cff607556fb7129,cf8bee4faf9f1e67678d45b7cd8c350d04e95baeead6b79c4cff607556fb7129,True,1
valid,194,55,2021,cf8bee4faf9f1e67678d45b7cd8c350d04e95baeead6b79c4cff607556fb7129,False,0,4488,4488,cf8bee4faf9f1e67678d45b7cd8c350d04e95baeead6b79c4cff607556fb7129,cf8bee4faf9f1e67678d45b7cd8c350d04e95baeead6b79c4cff607556fb7129,True,1
valid,195,438,718,cf8bee4faf9f1e67678d45b7cd8c350d04e95baeead6b79c4cff607556fb7129,False,0,4488,4488,cf8bee4faf9f1e67678d45b7cd8c350d04e95baeead6b79c4cff607556fb7129,cf8bee4faf9f1e67678d45b7cd8c350d04e95baeead6b79c4cff607556fb7129,True,1
valid,196,877,1542,cf8bee4faf9f1e67678d45b7cd8c350d04e95baeead6b79c4cff607556fb7129,False,0,4488,4488,cf8bee4faf9f1e67678d45b7cd8c350d04e95baeead6b79c4cff607556fb7129,cf8bee4faf9f1e67678d45b7cd8c350d04e95baeead6b79c4cff607556fb7129,True,1
valid,197,1441,1700,cf8bee4faf9f1e67678d45b7cd8c350d04e95baeead6b79c4cff607556fb7129,False,0,4488,4488,cf8bee4faf9f1e67678d45b7cd8c350d04e95baeead6b79c4cff607556fb7129,cf8bee4faf9f1e67678d45b7cd8c350d04e95baeead6b79c4cff607556fb7129,True,1
valid,198,1810,1869,cf8bee4faf9f1e67678d45b7cd8c350d04e95baeead6b79c4cff607556fb7129,False,0,4488,4488,cf8bee4faf9f1e67678d45b7cd8c350d04e95baeead6b79c4cff607556fb7129,cf8bee4faf9f1e67678d45b7cd8c350d04e95baeead6b79c4cff607556fb7129,True,1
valid,199,392,1415,cf8bee4faf9f1e67678d45b7cd8c350d04e95baeead6b79c4cff607556fb7129,False,0,4488,4488,cf8bee4faf9f1e67678d45b7cd8c350d04e95baeead6b79c4cff607556fb7129,cf8bee4faf9f1e67678d45b7cd8c350d04e95baeead6b79c4cff607556fb7129,True,1
valid,200,41,1914,cf8bee4faf9f1e67678d45b7cd8c350d04e95baeead6b79c4cff607556fb7129,False,0,4488,4488,cf8bee4faf9f1e67678d45b7cd8c350d04e95baeead6b79c4cff607556fb7129,cf8bee4faf9f1e67678d45b7cd8c350d04e95baeead6b79c4cff607556fb7129,True,1
valid,201,1282,1283,cf8bee4faf9f1e67678d45b7cd8c350d04e95baeead6b79c4cff607556fb7129,False,0,4488,4488,cf8bee4faf9f1e67678d45b7cd8c350d04e95baeead6b79c4cff607556fb7129,cf8bee4faf9f1e67678d45b7cd8c350d04e95baeead6b79c4cff607556fb7129,True,1
valid,202,248,1531,cf8bee4faf9f1e67678d45b7cd8c350d04e95baeead6b79c4cff607556fb7129,False,0,4488,4488,cf8bee4faf9f1e67678d45b7cd8c350d04e95baeead6b79c4cff607556fb7129,cf8bee4faf9f1e67678d45b7cd8c350d04e95baeead6b79c4cff607556fb7129,True,1
valid,203,621,1332,cf8bee4faf9f1e67678d45b7cd8c350d04e95baeead6b79c4cff607556fb7129,False,0,4488,4488,cf8bee4faf9f1e67678d45b7cd8c350d04e95baeead6b79c4cff607556fb7129,cf8bee4faf9f1e67678d45b7cd8c350d04e95baeead6b79c4cff607556fb7129,True,1
valid,204,95,1580,cf8bee4faf9f1e67678d45b7cd8c350d04e95baeead6b79c4cff607556fb7129,False,0,4488,4488,cf8bee4faf9f1e67678d45b7cd8c350d04e95baeead6b79c4cff607556fb7129,cf8bee4faf9f1e67678d45b7cd8c350d04e95baeead6b79c4cff607556fb7129,True,1
valid,205,487,1772,cf8bee4faf9f1e67678d45b7cd8c350d04e95baeead6b79c4cff607556fb7129,False,0,4488,4488,cf8bee4faf9f1e67678d45b7cd8c350d04e95baeead6b79c4cff607556fb7129,cf8bee4faf9f1e67678d45b7cd8c350d04e95baeead6b79c4cff607556fb7129,True,1
valid,206,487,1798,cf8bee4faf9f1e67678d45b7cd8c350d04e95baeead6b79c4cff607556fb7129,False,0,4488,4488,cf8bee4faf9f1e67678d45b7cd8c350d04e95baeead6b79c4cff607556fb7129,cf8bee4faf9f1e67678d45b7cd8c350d04e95baeead6b79c4cff607556fb7129,True,1
valid,207,1212,1701,cf8bee4faf9f1e67678d45b7cd8c350d04e95baeead6b79c4cff607556fb7129,False,0,4488,4488,cf8bee4faf9f1e67678d45b7cd8c350d04e95baeead6b79c4cff607556fb7129,cf8bee4faf9f1e67678d45b7cd8c350d04e95baeead6b79c4cff607556fb7129,True,1
valid,208,454,581,cf8bee4faf9f1e67678d45b7cd8c350d04e95baeead6b79c4cff607556fb7129,False,0,4488,4488,cf8bee4faf9f1e67678d45b7cd8c350d04e95baeead6b79c4cff607556fb7129,cf8bee4faf9f1e67678d45b7cd8c350d04e95baeead6b79c4cff607556fb7129,True,1
valid,209,1376,1848,cf8bee4faf9f1e67678d45b7cd8c350d04e95baeead6b79c4cff607556fb7129,False,0,4488,4488,cf8bee4faf9f1e67678d45b7cd8c350d04e95baeead6b79c4cff607556fb7129,cf8bee4faf9f1e67678d45b7cd8c350d04e95baeead6b79c4cff607556fb7129,True,1
valid,210,1169,1737,cf8bee4faf9f1e67678d45b7cd8c350d04e95baeead6b79c4cff607556fb7129,False,0,4488,4488,cf8bee4faf9f1e67678d45b7cd8c350d04e95baeead6b79c4cff607556fb7129,cf8bee4faf9f1e67678d45b7cd8c350d04e95baeead6b79c4cff607556fb7129,True,1
valid,211,36,1640,cf8bee4faf9f1e67678d45b7cd8c350d04e95baeead6b79c4cff607556fb7129,False,0,4488,4488,cf8bee4faf9f1e67678d45b7cd8c350d04e95baeead6b79c4cff607556fb7129,cf8bee4faf9f1e67678d45b7cd8c350d04e95baeead6b79c4cff607556fb7129,True,1
valid,212,1022,1962,cf8bee4faf9f1e67678d45b7cd8c350d04e95baeead6b79c4cff607556fb7129,False,0,4488,4488,cf8bee4faf9f1e67678d45b7cd8c350d04e95baeead6b79c4cff607556fb7129,cf8bee4faf9f1e67678d45b7cd8c350d04e95baeead6b79c4cff607556fb7129,True,1
valid,213,227,534,cf8bee4faf9f1e67678d45b7cd8c350d04e95baeead6b79c4cff607556fb7129,False,0,4488,4488,cf8bee4faf9f1e67678d45b7cd8c350d04e95baeead6b79c4cff607556fb7129,cf8bee4faf9f1e67678d45b7cd8c350d04e95baeead6b79c4cff607556fb7129,True,1
valid,214,1061,2376,cf8bee4faf9f1e67678d45b7cd8c350d04e95baeead6b79c4cff607556fb7129,False,0,4488,4488,cf8bee4faf9f1e67678d45b7cd8c350d04e95baeead6b79c4cff607556fb7129,cf8bee4faf9f1e67678d45b7cd8c350d04e95baeead6b79c4cff607556fb7129,True,1
valid,215,1183,1824,cf8bee4faf9f1e67678d45b7cd8c350d04e95baeead6b79c4cff607556fb7129,False,0,4488,4488,cf8bee4faf9f1e67678d45b7cd8c350d04e95baeead6b79c4cff607556fb7129,cf8bee4faf9f1e67678d45b7cd8c350d04e95baeead6b79c4cff607556fb7129,True,1
valid,216,22,2238,cf8bee4faf9f1e67678d45b7cd8c350d04e95baeead6b79c4cff607556fb7129,False,0,4488,4488,cf8bee4faf9f1e67678d45b7cd8c350d04e95baeead6b79c4cff607556fb7129,cf8bee4faf9f1e67678d45b7cd8c350d04e95baeead6b79c4cff607556fb7129,True,1
valid,217,1067,1216,cf8bee4faf9f1e67678d45b7cd8c350d04e95baeead6b79c4cff607556fb7129,False,0,4488,4488,cf8bee4faf9f1e67678d45b7cd8c350d04e95baeead6b79c4cff607556fb7129,cf8bee4faf9f1e67678d45b7cd8c350d04e95baeead6b79c4cff607556fb7129,True,1
valid,218,834,2168,cf8bee4faf9f1e67678d45b7cd8c350d04e95baeead6b79c4cff607556fb7129,False,0,4488,4488,cf8bee4faf9f1e67678d45b7cd8c350d04e95baeead6b79c4cff607556fb7129,cf8bee4faf9f1e67678d45b7cd8c350d04e95baeead6b79c4cff607556fb7129,True,1
valid,219,177,2682,cf8bee4faf9f1e67678d45b7cd8c350d04e95baeead6b79c4cff607556fb7129,False,0,4488,4488,cf8bee4faf9f1e67678d45b7cd8c350d04e95baeead6b79c4cff607556fb7129,cf8bee4faf9f1e67678d45b7cd8c350d04e95baeead6b79c4cff607556fb7129,True,1
valid,220,778,1370,cf8bee4faf9f1e67678d45b7cd8c350d04e95baeead6b79c4cff607556fb7129,False,0,4488,4488,cf8bee4faf9f1e67678d45b7cd8c350d04e95baeead6b79c4cff607556fb7129,cf8bee4faf9f1e67678d45b7cd8c350d04e95baeead6b79c4cff607556fb7129,True,1
valid,221,779,1914,cf8bee4faf9f1e67678d45b7cd8c350d04e95baeead6b79c4cff607556fb7129,False,0,4488,4488,cf8bee4faf9f1e67678d45b7cd8c350d04e95baeead6b79c4cff607556fb7129,cf8bee4faf9f1e67678d45b7cd8c350d04e95baeead6b79c4cff607556fb7129,True,1
valid,222,449,1280,cf8bee4faf9f1e67678d45b7cd8c350d04e95baeead6b79c4cff607556fb7129,False,0,4488,4488,cf8bee4faf9f1e67678d45b7cd8c350d04e95baeead6b79c4cff607556fb7129,cf8bee4faf9f1e67678d45b7cd8c350d04e95baeead6b79c4cff607556fb7129,True,1
valid,223,333,1358,cf8bee4faf9f1e67678d45b7cd8c350d04e95baeead6b79c4cff607556fb7129,False,0,4488,4488,cf8bee4faf9f1e67678d45b7cd8c350d04e95baeead6b79c4cff607556fb7129,cf8bee4faf9f1e67678d45b7cd8c350d04e95baeead6b79c4cff607556fb7129,True,1
valid,224,1508,1894,cf8bee4faf9f1e67678d45b7cd8c350d04e95baeead6b79c4cff607556fb7129,False,0,4488,4488,cf8bee4faf9f1e67678d45b7cd8c350d04e95baeead6b79c4cff607556fb7129,cf8bee4faf9f1e67678d45b7cd8c350d04e95baeead6b79c4cff607556fb7129,True,1
valid,225,306,1158,cf8bee4faf9f1e67678d45b7cd8c350d04e95baeead6b79c4cff607556fb7129,False,0,4488,4488,cf8bee4faf9f1e67678d45b7cd8c350d04e95baeead6b79c4cff607556fb7129,cf8bee4faf9f1e67678d45b7cd8c350d04e95baeead6b79c4cff607556fb7129,True,1
valid,226,1228,1536,cf8bee4faf9f1e67678d45b7cd8c350d04e95baeead6b79c4cff607556fb7129,False,0,4488,4488,cf8bee4faf9f1e67678d45b7cd8c350d04e95baeead6b79c4cff607556fb7129,cf8bee4faf9f1e67678d45b7cd8c350d04e95baeead6b79c4cff607556fb7129,True,1
valid,227,55,1983,cf8bee4faf9f1e67678d45b7cd8c350d04e95baeead6b79c4cff607556fb7129,False,0,4488,4488,cf8bee4faf9f1e67678d45b7cd8c350d04e95baeead6b79c4cff607556fb7129,cf8bee4faf9f1e67678d45b7cd8c350d04e95baeead6b79c4cff607556fb7129,True,1
valid,228,1178,1984,cf8bee4faf9f1e67678d45b7cd8c350d04e95baeead6b79c4cff607556fb7129,False,0,4488,4488,cf8bee4faf9f1e67678d45b7cd8c350d04e95baeead6b79c4cff607556fb7129,cf8bee4faf9f1e67678d45b7cd8c350d04e95baeead6b79c4cff607556fb7129,True,1
valid,229,84,2223,cf8bee4faf9f1e67678d45b7cd8c350d04e95baeead6b79c4cff607556fb7129,False,0,4488,4488,cf8bee4faf9f1e67678d45b7cd8c350d04e95baeead6b79c4cff607556fb7129,cf8bee4faf9f1e67678d45b7cd8c350d04e95baeead6b79c4cff607556fb7129,True,1
valid,230,133,452,cf8bee4faf9f1e67678d45b7cd8c350d04e95baeead6b79c4cff607556fb7129,False,0,4488,4488,cf8bee4faf9f1e67678d45b7cd8c350d04e95baeead6b79c4cff607556fb7129,cf8bee4faf9f1e67678d45b7cd8c350d04e95baeead6b79c4cff607556fb7129,True,1
valid,231,1542,1577,cf8bee4faf9f1e67678d45b7cd8c350d04e95baeead6b79c4cff607556fb7129,False,0,4488,4488,cf8bee4faf9f1e67678d45b7cd8c350d04e95baeead6b79c4cff607556fb7129,cf8bee4faf9f1e67678d45b7cd8c350d04e95baeead6b79c4cff607556fb7129,True,1
valid,232,754,1483,cf8bee4faf9f1e67678d45b7cd8c350d04e95baeead6b79c4cff607556fb7129,False,0,4488,4488,cf8bee4faf9f1e67678d45b7cd8c350d04e95baeead6b79c4cff607556fb7129,cf8bee4faf9f1e67678d45b7cd8c350d04e95baeead6b79c4cff607556fb7129,True,1
valid,233,822,1973,cf8bee4faf9f1e67678d45b7cd8c350d04e95baeead6b79c4cff607556fb7129,False,0,4488,4488,cf8bee4faf9f1e67678d45b7cd8c350d04e95baeead6b79c4cff607556fb7129,cf8bee4faf9f1e67678d45b7cd8c350d04e95baeead6b79c4cff607556fb7129,True,1
valid,234,109,426,cf8bee4faf9f1e67678d45b7cd8c350d04e95baeead6b79c4cff607556fb7129,False,0,4488,4488,cf8bee4faf9f1e67678d45b7cd8c350d04e95baeead6b79c4cff607556fb7129,cf8bee4faf9f1e67678d45b7cd8c350d04e95baeead6b79c4cff607556fb7129,True,1
valid,235,610,826,cf8bee4faf9f1e67678d45b7cd8c350d04e95baeead6b79c4cff607556fb7129,False,0,4488,4488,cf8bee4faf9f1e67678d45b7cd8c350d04e95baeead6b79c4cff607556fb7129,cf8bee4faf9f1e67678d45b7cd8c350d04e95baeead6b79c4cff607556fb7129,True,1
valid,236,566,1986,cf8bee4faf9f1e67678d45b7cd8c350d04e95baeead6b79c4cff607556fb7129,False,0,4488,4488,cf8bee4faf9f1e67678d45b7cd8c350d04e95baeead6b79c4cff607556fb7129,cf8bee4faf9f1e67678d45b7cd8c350d04e95baeead6b79c4cff607556fb7129,True,1
valid,237,1165,1593,cf8bee4faf9f1e67678d45b7cd8c350d04e95baeead6b79c4cff607556fb7129,False,0,4488,4488,cf8bee4faf9f1e67678d45b7cd8c350d04e95baeead6b79c4cff607556fb7129,cf8bee4faf9f1e67678d45b7cd8c350d04e95baeead6b79c4cff607556fb7129,True,1
valid,238,595,2176,cf8bee4faf9f1e67678d45b7cd8c350d04e95baeead6b79c4cff607556fb7129,False,0,4488,4488,cf8bee4faf9f1e67678d45b7cd8c350d04e95baeead6b79c4cff607556fb7129,cf8bee4faf9f1e67678d45b7cd8c350d04e95baeead6b79c4cff607556fb7129,True,1
valid,239,76,2178,cf8bee4faf9f1e67678d45b7cd8c350d04e95baeead6b79c4cff607556fb7129,False,0,4488,4488,cf8bee4faf9f1e67678d45b7cd8c350d04e95baeead6b79c4cff607556fb7129,cf8bee4faf9f1e67678d45b7cd8c350d04e95baeead6b79c4cff607556fb7129,True,1
valid,240,598,2707,cf8bee4faf9f1e67678d45b7cd8c350d04e95baeead6b79c4cff607556fb7129,False,0,4488,4488,cf8bee4faf9f1e67678d45b7cd8c350d04e95baeead6b79c4cff607556fb7129,cf8bee4faf9f1e67678d45b7cd8c350d04e95baeead6b79c4cff607556fb7129,True,1
valid,241,88,1288,cf8bee4faf9f1e67678d45b7cd8c350d04e95baeead6b79c4cff607556fb7129,False,0,4488,4488,cf8bee4faf9f1e67678d45b7cd8c350d04e95baeead6b79c4cff607556fb7129,cf8bee4faf9f1e67678d45b7cd8c350d04e95baeead6b79c4cff607556fb7129,True,1
valid,242,2636,2693,cf8bee4faf9f1e67678d45b7cd8c350d04e95baeead6b79c4cff607556fb7129,False,0,4488,4488,cf8bee4faf9f1e67678d45b7cd8c350d04e95baeead6b79c4cff607556fb7129,cf8bee4faf9f1e67678d45b7cd8c350d04e95baeead6b79c4cff607556fb7129,True,1
valid,243,823,1169,cf8bee4faf9f1e67678d45b7cd8c350d04e95baeead6b79c4cff607556fb7129,False,0,4488,4488,cf8bee4faf9f1e67678d45b7cd8c350d04e95baeead6b79c4cff607556fb7129,cf8bee4faf9f1e67678d45b7cd8c350d04e95baeead6b79c4cff607556fb7129,True,1
valid,244,1360,1650,cf8bee4faf9f1e67678d45b7cd8c350d04e95baeead6b79c4cff607556fb7129,False,0,4488,4488,cf8bee4faf9f1e67678d45b7cd8c350d04e95baeead6b79c4cff607556fb7129,cf8bee4faf9f1e67678d45b7cd8c350d04e95baeead6b79c4cff607556fb7129,True,1
valid,245,802,1307,cf8bee4faf9f1e67678d45b7cd8c350d04e95baeead6b79c4cff607556fb7129,False,0,4488,4488,cf8bee4faf9f1e67678d45b7cd8c350d04e95baeead6b79c4cff607556fb7129,cf8bee4faf9f1e67678d45b7cd8c350d04e95baeead6b79c4cff607556fb7129,True,1
valid,246,1623,1780,cf8bee4faf9f1e67678d45b7cd8c350d04e95baeead6b79c4cff607556fb7129,False,0,4488,4488,cf8bee4faf9f1e67678d45b7cd8c350d04e95baeead6b79c4cff607556fb7129,cf8bee4faf9f1e67678d45b7cd8c350d04e95baeead6b79c4cff607556fb7129,True,1
valid,247,805,2236,cf8bee4faf9f1e67678d45b7cd8c350d04e95baeead6b79c4cff607556fb7129,False,0,4488,4488,cf8bee4faf9f1e67678d45b7cd8c350d04e95baeead6b79c4cff607556fb7129,cf8bee4faf9f1e67678d45b7cd8c350d04e95baeead6b79c4cff607556fb7129,True,1
valid,248,9,723,cf8bee4faf9f1e67678d45b7cd8c350d04e95baeead6b79c4cff607556fb7129,False,0,4488,4488,cf8bee4faf9f1e67678d45b7cd8c350d04e95baeead6b79c4cff607556fb7129,cf8bee4faf9f1e67678d45b7cd8c350d04e95baeead6b79c4cff607556fb7129,True,1
valid,249,571,1570,cf8bee4faf9f1e67678d45b7cd8c350d04e95baeead6b79c4cff607556fb7129,False,0,4488,4488,cf8bee4faf9f1e67678d45b7cd8c350d04e95baeead6b79c4cff607556fb7129,cf8bee4faf9f1e67678d45b7cd8c350d04e95baeead6b79c4cff607556fb7129,True,1
valid,250,146,2059,cf8bee4faf9f1e67678d45b7cd8c350d04e95baeead6b79c4cff607556fb7129,False,0,4488,4488,cf8bee4faf9f1e67678d45b7cd8c350d04e95baeead6b79c4cff607556fb7129,cf8bee4faf9f1e67678d45b7cd8c350d04e95baeead6b79c4cff607556fb7129,True,1
valid,251,631,2358,cf8bee4faf9f1e67678d45b7cd8c350d04e95baeead6b79c4cff607556fb7129,False,0,4488,4488,cf8bee4faf9f1e67678d45b7cd8c350d04e95baeead6b79c4cff607556fb7129,cf8bee4faf9f1e67678d45b7cd8c350d04e95baeead6b79c4cff607556fb7129,True,1
valid,252,1106,2501,cf8bee4faf9f1e67678d45b7cd8c350d04e95baeead6b79c4cff607556fb7129,False,0,4488,4488,cf8bee4faf9f1e67678d45b7cd8c350d04e95baeead6b79c4cff607556fb7129,cf8bee4faf9f1e67678d45b7cd8c350d04e95baeead6b79c4cff607556fb7129,True,1
valid,253,239,1376,cf8bee4faf9f1e67678d45b7cd8c350d04e95baeead6b79c4cff607556fb7129,False,0,4488,4488,cf8bee4faf9f1e67678d45b7cd8c350d04e95baeead6b79c4cff607556fb7129,cf8bee4faf9f1e67678d45b7cd8c350d04e95baeead6b79c4cff607556fb7129,True,1
valid,254,647,1360,cf8bee4faf9f1e67678d45b7cd8c350d04e95baeead6b79c4cff607556fb7129,False,0,4488,4488,cf8bee4faf9f1e67678d45b7cd8c350d04e95baeead6b79c4cff607556fb7129,cf8bee4faf9f1e67678d45b7cd8c350d04e95baeead6b79c4cff607556fb7129,True,1
valid,255,1554,2688,cf8bee4faf9f1e67678d45b7cd8c350d04e95baeead6b79c4cff607556fb7129,False,0,4488,4488,cf8bee4faf9f1e67678d45b7cd8c350d04e95baeead6b79c4cff607556fb7129,cf8bee4faf9f1e67678d45b7cd8c350d04e95baeead6b79c4cff607556fb7129,True,1
valid,256,1703,1968,cf8bee4faf9f1e67678d45b7cd8c350d04e95baeead6b79c4cff607556fb7129,False,0,4488,4488,cf8bee4faf9f1e67678d45b7cd8c350d04e95baeead6b79c4cff607556fb7129,cf8bee4faf9f1e67678d45b7cd8c350d04e95baeead6b79c4cff607556fb7129,True,1
valid,257,107,971,cf8bee4faf9f1e67678d45b7cd8c350d04e95baeead6b79c4cff607556fb7129,False,0,4488,4488,cf8bee4faf9f1e67678d45b7cd8c350d04e95baeead6b79c4cff607556fb7129,cf8bee4faf9f1e67678d45b7cd8c350d04e95baeead6b79c4cff607556fb7129,True,1
valid,258,805,963,cf8bee4faf9f1e67678d45b7cd8c350d04e95baeead6b79c4cff607556fb7129,False,0,4488,4488,cf8bee4faf9f1e67678d45b7cd8c350d04e95baeead6b79c4cff607556fb7129,cf8bee4faf9f1e67678d45b7cd8c350d04e95baeead6b79c4cff607556fb7129,True,1
valid,259,1666,2381,cf8bee4faf9f1e67678d45b7cd8c350d04e95baeead6b79c4cff607556fb7129,False,0,4488,4488,cf8bee4faf9f1e67678d45b7cd8c350d04e95baeead6b79c4cff607556fb7129,cf8bee4faf9f1e67678d45b7cd8c350d04e95baeead6b79c4cff607556fb7129,True,1
valid,260,1432,2663,cf8bee4faf9f1e67678d45b7cd8c350d04e95baeead6b79c4cff607556fb7129,False,0,4488,4488,cf8bee4faf9f1e67678d45b7cd8c350d04e95baeead6b79c4cff607556fb7129,cf8bee4faf9f1e67678d45b7cd8c350d04e95baeead6b79c4cff607556fb7129,True,1
valid,261,2554,2689,cf8bee4faf9f1e67678d45b7cd8c350d04e95baeead6b79c4cff607556fb7129,False,0,4488,4488,cf8bee4faf9f1e67678d45b7cd8c350d04e95baeead6b79c4cff607556fb7129,cf8bee4faf9f1e67678d45b7cd8c350d04e95baeead6b79c4cff607556fb7129,True,1
valid,262,1248,2045,cf8bee4faf9f1e67678d45b7cd8c350d04e95baeead6b79c4cff607556fb7129,False,0,4488,4488,cf8bee4faf9f1e67678d45b7cd8c350d04e95baeead6b79c4cff607556fb7129,cf8bee4faf9f1e67678d45b7cd8c350d04e95baeead6b79c4cff607556fb7129,True,1
test,0,733,1062,cf8bee4faf9f1e67678d45b7cd8c350d04e95baeead6b79c4cff607556fb7129,False,0,4488,4488,cf8bee4faf9f1e67678d45b7cd8c350d04e95baeead6b79c4cff607556fb7129,cf8bee4faf9f1e67678d45b7cd8c350d04e95baeead6b79c4cff607556fb7129,True,1
test,1,1416,1468,cf8bee4faf9f1e67678d45b7cd8c350d04e95baeead6b79c4cff607556fb7129,False,0,4488,4488,cf8bee4faf9f1e67678d45b7cd8c350d04e95baeead6b79c4cff607556fb7129,cf8bee4faf9f1e67678d45b7cd8c350d04e95baeead6b79c4cff607556fb7129,True,1
test,2,350,1778,cf8bee4faf9f1e67678d45b7cd8c350d04e95baeead6b79c4cff607556fb7129,False,0,4488,4488,cf8bee4faf9f1e67678d45b7cd8c350d04e95baeead6b79c4cff607556fb7129,cf8bee4faf9f1e67678d45b7cd8c350d04e95baeead6b79c4cff607556fb7129,True,1
test,3,657,1740,cf8bee4faf9f1e67678d45b7cd8c350d04e95baeead6b79c4cff607556fb7129,False,0,4488,4488,cf8bee4faf9f1e67678d45b7cd8c350d04e95baeead6b79c4cff607556fb7129,cf8bee4faf9f1e67678d45b7cd8c350d04e95baeead6b79c4cff607556fb7129,True,1
test,4,1602,2073,cf8bee4faf9f1e67678d45b7cd8c350d04e95baeead6b79c4cff607556fb7129,False,0,4488,4488,cf8bee4faf9f1e67678d45b7cd8c350d04e95baeead6b79c4cff607556fb7129,cf8bee4faf9f1e67678d45b7cd8c350d04e95baeead6b79c4cff607556fb7129,True,1
test,5,507,1300,cf8bee4faf9f1e67678d45b7cd8c350d04e95baeead6b79c4cff607556fb7129,False,0,4488,4488,cf8bee4faf9f1e67678d45b7cd8c350d04e95baeead6b79c4cff607556fb7129,cf8bee4faf9f1e67678d45b7cd8c350d04e95baeead6b79c4cff607556fb7129,True,1
test,6,1682,2189,cf8bee4faf9f1e67678d45b7cd8c350d04e95baeead6b79c4cff607556fb7129,False,0,4488,4488,cf8bee4faf9f1e67678d45b7cd8c350d04e95baeead6b79c4cff607556fb7129,cf8bee4faf9f1e67678d45b7cd8c350d04e95baeead6b79c4cff607556fb7129,True,1
test,7,306,1798,cf8bee4faf9f1e67678d45b7cd8c350d04e95baeead6b79c4cff607556fb7129,False,0,4488,4488,cf8bee4faf9f1e67678d45b7cd8c350d04e95baeead6b79c4cff607556fb7129,cf8bee4faf9f1e67678d45b7cd8c350d04e95baeead6b79c4cff607556fb7129,True,1
test,8,661,1878,cf8bee4faf9f1e67678d45b7cd8c350d04e95baeead6b79c4cff607556fb7129,False,0,4488,4488,cf8bee4faf9f1e67678d45b7cd8c350d04e95baeead6b79c4cff607556fb7129,cf8bee4faf9f1e67678d45b7cd8c350d04e95baeead6b79c4cff607556fb7129,True,1
test,9,2446,2448,cf8bee4faf9f1e67678d45b7cd8c350d04e95baeead6b79c4cff607556fb7129,False,0,4488,4488,cf8bee4faf9f1e67678d45b7cd8c350d04e95baeead6b79c4cff607556fb7129,cf8bee4faf9f1e67678d45b7cd8c350d04e95baeead6b79c4cff607556fb7129,True,1
test,10,1704,1912,cf8bee4faf9f1e67678d45b7cd8c350d04e95baeead6b79c4cff607556fb7129,False,0,4488,4488,cf8bee4faf9f1e67678d45b7cd8c350d04e95baeead6b79c4cff607556fb7129,cf8bee4faf9f1e67678d45b7cd8c350d04e95baeead6b79c4cff607556fb7129,True,1
test,11,4,1761,cf8bee4faf9f1e67678d45b7cd8c350d04e95baeead6b79c4cff607556fb7129,False,0,4488,4488,cf8bee4faf9f1e67678d45b7cd8c350d04e95baeead6b79c4cff607556fb7129,cf8bee4faf9f1e67678d45b7cd8c350d04e95baeead6b79c4cff607556fb7129,True,1
test,12,236,2046,cf8bee4faf9f1e67678d45b7cd8c350d04e95baeead6b79c4cff607556fb7129,False,0,4488,4488,cf8bee4faf9f1e67678d45b7cd8c350d04e95baeead6b79c4cff607556fb7129,cf8bee4faf9f1e67678d45b7cd8c350d04e95baeead6b79c4cff607556fb7129,True,1
test,13,1411,2218,cf8bee4faf9f1e67678d45b7cd8c350d04e95baeead6b79c4cff607556fb7129,False,0,4488,4488,cf8bee4faf9f1e67678d45b7cd8c350d04e95baeead6b79c4cff607556fb7129,cf8bee4faf9f1e67678d45b7cd8c350d04e95baeead6b79c4cff607556fb7129,True,1
test,14,1359,1914,cf8bee4faf9f1e67678d45b7cd8c350d04e95baeead6b79c4cff607556fb7129,False,0,4488,4488,cf8bee4faf9f1e67678d45b7cd8c350d04e95baeead6b79c4cff607556fb7129,cf8bee4faf9f1e67678d45b7cd8c350d04e95baeead6b79c4cff607556fb7129,True,1
test,15,1013,1844,cf8bee4faf9f1e67678d45b7cd8c350d04e95baeead6b79c4cff607556fb7129,False,0,4488,4488,cf8bee4faf9f1e67678d45b7cd8c350d04e95baeead6b79c4cff607556fb7129,cf8bee4faf9f1e67678d45b7cd8c350d04e95baeead6b79c4cff607556fb7129,True,1
test,16,2263,2490,cf8bee4faf9f1e67678d45b7cd8c350d04e95baeead6b79c4cff607556fb7129,False,0,4488,4488,cf8bee4faf9f1e67678d45b7cd8c350d04e95baeead6b79c4cff607556fb7129,cf8bee4faf9f1e67678d45b7cd8c350d04e95baeead6b79c4cff607556fb7129,True,1
test,17,1072,1802,cf8bee4faf9f1e67678d45b7cd8c350d04e95baeead6b79c4cff607556fb7129,False,0,4488,4488,cf8bee4faf9f1e67678d45b7cd8c350d04e95baeead6b79c4cff607556fb7129,cf8bee4faf9f1e67678d45b7cd8c350d04e95baeead6b79c4cff607556fb7129,True,1
test,18,968,1986,cf8bee4faf9f1e67678d45b7cd8c350d04e95baeead6b79c4cff607556fb7129,False,0,4488,4488,cf8bee4faf9f1e67678d45b7cd8c350d04e95baeead6b79c4cff607556fb7129,cf8bee4faf9f1e67678d45b7cd8c350d04e95baeead6b79c4cff607556fb7129,True,1
test,19,968,1603,cf8bee4faf9f1e67678d45b7cd8c350d04e95baeead6b79c4cff607556fb7129,False,0,4488,4488,cf8bee4faf9f1e67678d45b7cd8c350d04e95baeead6b79c4cff607556fb7129,cf8bee4faf9f1e67678d45b7cd8c350d04e95baeead6b79c4cff607556fb7129,True,1
test,20,650,1486,cf8bee4faf9f1e67678d45b7cd8c350d04e95baeead6b79c4cff607556fb7129,False,0,4488,4488,cf8bee4faf9f1e67678d45b7cd8c350d04e95baeead6b79c4cff607556fb7129,cf8bee4faf9f1e67678d45b7cd8c350d04e95baeead6b79c4cff607556fb7129,True,1
test,21,73,1751,cf8bee4faf9f1e67678d45b7cd8c350d04e95baeead6b79c4cff607556fb7129,False,0,4488,4488,cf8bee4faf9f1e67678d45b7cd8c350d04e95baeead6b79c4cff607556fb7129,cf8bee4faf9f1e67678d45b7cd8c350d04e95baeead6b79c4cff607556fb7129,True,1
test,22,1602,2074,cf8bee4faf9f1e67678d45b7cd8c350d04e95baeead6b79c4cff607556fb7129,False,0,4488,4488,cf8bee4faf9f1e67678d45b7cd8c350d04e95baeead6b79c4cff607556fb7129,cf8bee4faf9f1e67678d45b7cd8c350d04e95baeead6b79c4cff607556fb7129,True,1
test,23,1599,2614,cf8bee4faf9f1e67678d45b7cd8c350d04e95baeead6b79c4cff607556fb7129,False,0,4488,4488,cf8bee4faf9f1e67678d45b7cd8c350d04e95baeead6b79c4cff607556fb7129,cf8bee4faf9f1e67678d45b7cd8c350d04e95baeead6b79c4cff607556fb7129,True,1
test,24,1201,2533,cf8bee4faf9f1e67678d45b7cd8c350d04e95baeead6b79c4cff607556fb7129,False,0,4488,4488,cf8bee4faf9f1e67678d45b7cd8c350d04e95baeead6b79c4cff607556fb7129,cf8bee4faf9f1e67678d45b7cd8c350d04e95baeead6b79c4cff607556fb7129,True,1
test,25,1409,1826,cf8bee4faf9f1e67678d45b7cd8c350d04e95baeead6b79c4cff607556fb7129,False,0,4488,4488,cf8bee4faf9f1e67678d45b7cd8c350d04e95baeead6b79c4cff607556fb7129,cf8bee4faf9f1e67678d45b7cd8c350d04e95baeead6b79c4cff607556fb7129,True,1
test,26,756,885,cf8bee4faf9f1e67678d45b7cd8c350d04e95baeead6b79c4cff607556fb7129,False,0,4488,4488,cf8bee4faf9f1e67678d45b7cd8c350d04e95baeead6b79c4cff607556fb7129,cf8bee4faf9f1e67678d45b7cd8c350d04e95baeead6b79c4cff607556fb7129,True,1
test,27,1153,1401,cf8bee4faf9f1e67678d45b7cd8c350d04e95baeead6b79c4cff607556fb7129,False,0,4488,4488,cf8bee4faf9f1e67678d45b7cd8c350d04e95baeead6b79c4cff607556fb7129,cf8bee4faf9f1e67678d45b7cd8c350d04e95baeead6b79c4cff607556fb7129,True,1
test,28,102,1251,cf8bee4faf9f1e67678d45b7cd8c350d04e95baeead6b79c4cff607556fb7129,False,0,4488,4488,cf8bee4faf9f1e67678d45b7cd8c350d04e95baeead6b79c4cff607556fb7129,cf8bee4faf9f1e67678d45b7cd8c350d04e95baeead6b79c4cff607556fb7129,True,1
test,29,567,1513,cf8bee4faf9f1e67678d45b7cd8c350d04e95baeead6b79c4cff607556fb7129,False,0,4488,4488,cf8bee4faf9f1e67678d45b7cd8c350d04e95baeead6b79c4cff607556fb7129,cf8bee4faf9f1e67678d45b7cd8c350d04e95baeead6b79c4cff607556fb7129,True,1
test,30,1282,1735,cf8bee4faf9f1e67678d45b7cd8c350d04e95baeead6b79c4cff607556fb7129,False,0,4488,4488,cf8bee4faf9f1e67678d45b7cd8c350d04e95baeead6b79c4cff607556fb7129,cf8bee4faf9f1e67678d45b7cd8c350d04e95baeead6b79c4cff607556fb7129,True,1
test,31,1440,1701,cf8bee4faf9f1e67678d45b7cd8c350d04e95baeead6b79c4cff607556fb7129,False,0,4488,4488,cf8bee4faf9f1e67678d45b7cd8c350d04e95baeead6b79c4cff607556fb7129,cf8bee4faf9f1e67678d45b7cd8c350d04e95baeead6b79c4cff607556fb7129,True,1
test,32,118,581,cf8bee4faf9f1e67678d45b7cd8c350d04e95baeead6b79c4cff607556fb7129,False,0,4488,4488,cf8bee4faf9f1e67678d45b7cd8c350d04e95baeead6b79c4cff607556fb7129,cf8bee4faf9f1e67678d45b7cd8c350d04e95baeead6b79c4cff607556fb7129,True,1
test,33,124,1367,cf8bee4faf9f1e67678d45b7cd8c350d04e95baeead6b79c4cff607556fb7129,False,0,4488,4488,cf8bee4faf9f1e67678d45b7cd8c350d04e95baeead6b79c4cff607556fb7129,cf8bee4faf9f1e67678d45b7cd8c350d04e95baeead6b79c4cff607556fb7129,True,1
test,34,1042,1517,cf8bee4faf9f1e67678d45b7cd8c350d04e95baeead6b79c4cff607556fb7129,False,0,4488,4488,cf8bee4faf9f1e67678d45b7cd8c350d04e95baeead6b79c4cff607556fb7129,cf8bee4faf9f1e67678d45b7cd8c350d04e95baeead6b79c4cff607556fb7129,True,1
test,35,492,1533,cf8bee4faf9f1e67678d45b7cd8c350d04e95baeead6b79c4cff607556fb7129,False,0,4488,4488,cf8bee4faf9f1e67678d45b7cd8c350d04e95baeead6b79c4cff607556fb7129,cf8bee4faf9f1e67678d45b7cd8c350d04e95baeead6b79c4cff607556fb7129,True,1
test,36,972,1000,cf8bee4faf9f1e67678d45b7cd8c350d04e95baeead6b79c4cff607556fb7129,False,0,4488,4488,cf8bee4faf9f1e67678d45b7cd8c350d04e95baeead6b79c4cff607556fb7129,cf8bee4faf9f1e67678d45b7cd8c350d04e95baeead6b79c4cff607556fb7129,True,1
test,37,468,647,cf8bee4faf9f1e67678d45b7cd8c350d04e95baeead6b79c4cff607556fb7129,False,0,4488,4488,cf8bee4faf9f1e67678d45b7cd8c350d04e95baeead6b79c4cff607556fb7129,cf8bee4faf9f1e67678d45b7cd8c350d04e95baeead6b79c4cff607556fb7129,True,1
test,38,121,1910,cf8bee4faf9f1e67678d45b7cd8c350d04e95baeead6b79c4cff607556fb7129,False,0,4488,4488,cf8bee4faf9f1e67678d45b7cd8c350d04e95baeead6b79c4cff607556fb7129,cf8bee4faf9f1e67678d45b7cd8c350d04e95baeead6b79c4cff607556fb7129,True,1
test,39,547,598,cf8bee4faf9f1e67678d45b7cd8c350d04e95baeead6b79c4cff607556fb7129,False,0,4488,4488,cf8bee4faf9f1e67678d45b7cd8c350d04e95baeead6b79c4cff607556fb7129,cf8bee4faf9f1e67678d45b7cd8c350d04e95baeead6b79c4cff607556fb7129,True,1
test,40,452,1258,cf8bee4faf9f1e67678d45b7cd8c350d04e95baeead6b79c4cff607556fb7129,False,0,4488,4488,cf8bee4faf9f1e67678d45b7cd8c350d04e95baeead6b79c4cff607556fb7129,cf8bee4faf9f1e67678d45b7cd8c350d04e95baeead6b79c4cff607556fb7129,True,1
test,41,1109,2671,cf8bee4faf9f1e67678d45b7cd8c350d04e95baeead6b79c4cff607556fb7129,False,0,4488,4488,cf8bee4faf9f1e67678d45b7cd8c350d04e95baeead6b79c4cff607556fb7129,cf8bee4faf9f1e67678d45b7cd8c350d04e95baeead6b79c4cff607556fb7129,True,1
test,42,1365,1702,cf8bee4faf9f1e67678d45b7cd8c350d04e95baeead6b79c4cff607556fb7129,False,0,4488,4488,cf8bee4faf9f1e67678d45b7cd8c350d04e95baeead6b79c4cff607556fb7129,cf8bee4faf9f1e67678d45b7cd8c350d04e95baeead6b79c4cff607556fb7129,True,1
test,43,326,1358,cf8bee4faf9f1e67678d45b7cd8c350d04e95baeead6b79c4cff607556fb7129,False,0,4488,4488,cf8bee4faf9f1e67678d45b7cd8c350d04e95baeead6b79c4cff607556fb7129,cf8bee4faf9f1e67678d45b7cd8c350d04e95baeead6b79c4cff607556fb7129,True,1
test,44,1085,1421,cf8bee4faf9f1e67678d45b7cd8c350d04e95baeead6b79c4cff607556fb7129,False,0,4488,4488,cf8bee4faf9f1e67678d45b7cd8c350d04e95baeead6b79c4cff607556fb7129,cf8bee4faf9f1e67678d45b7cd8c350d04e95baeead6b79c4cff607556fb7129,True,1
test,45,166,2617,cf8bee4faf9f1e67678d45b7cd8c350d04e95baeead6b79c4cff607556fb7129,False,0,4488,4488,cf8bee4faf9f1e67678d45b7cd8c350d04e95baeead6b79c4cff607556fb7129,cf8bee4faf9f1e67678d45b7cd8c350d04e95baeead6b79c4cff607556fb7129,True,1
test,46,307,991,cf8bee4faf9f1e67678d45b7cd8c350d04e95baeead6b79c4cff607556fb7129,False,0,4488,4488,cf8bee4faf9f1e67678d45b7cd8c350d04e95baeead6b79c4cff607556fb7129,cf8bee4faf9f1e67678d45b7cd8c350d04e95baeead6b79c4cff607556fb7129,True,1
test,47,958,1798,cf8bee4faf9f1e67678d45b7cd8c350d04e95baeead6b79c4cff607556fb7129,False,0,4488,4488,cf8bee4faf9f1e67678d45b7cd8c350d04e95baeead6b79c4cff607556fb7129,cf8bee4faf9f1e67678d45b7cd8c350d04e95baeead6b79c4cff607556fb7129,True,1
test,48,1358,1568,cf8bee4faf9f1e67678d45b7cd8c350d04e95baeead6b79c4cff607556fb7129,False,0,4488,4488,cf8bee4faf9f1e67678d45b7cd8c350d04e95baeead6b79c4cff607556fb7129,cf8bee4faf9f1e67678d45b7cd8c350d04e95baeead6b79c4cff607556fb7129,True,1
test,49,1501,2228,cf8bee4faf9f1e67678d45b7cd8c350d04e95baeead6b79c4cff607556fb7129,False,0,4488,4488,cf8bee4faf9f1e67678d45b7cd8c350d04e95baeead6b79c4cff607556fb7129,cf8bee4faf9f1e67678d45b7cd8c350d04e95baeead6b79c4cff607556fb7129,True,1
test,50,14,2668,cf8bee4faf9f1e67678d45b7cd8c350d04e95baeead6b79c4cff607556fb7129,False,0,4488,4488,cf8bee4faf9f1e67678d45b7cd8c350d04e95baeead6b79c4cff607556fb7129,cf8bee4faf9f1e67678d45b7cd8c350d04e95baeead6b79c4cff607556fb7129,True,1
test,51,1038,1358,cf8bee4faf9f1e67678d45b7cd8c350d04e95baeead6b79c4cff607556fb7129,False,0,4488,4488,cf8bee4faf9f1e67678d45b7cd8c350d04e95baeead6b79c4cff607556fb7129,cf8bee4faf9f1e67678d45b7cd8c350d04e95baeead6b79c4cff607556fb7129,True,1
test,52,1385,2335,cf8bee4faf9f1e67678d45b7cd8c350d04e95baeead6b79c4cff607556fb7129,False,0,4488,4488,cf8bee4faf9f1e67678d45b7cd8c350d04e95baeead6b79c4cff607556fb7129,cf8bee4faf9f1e67678d45b7cd8c350d04e95baeead6b79c4cff607556fb7129,True,1
test,53,647,904,cf8bee4faf9f1e67678d45b7cd8c350d04e95baeead6b79c4cff607556fb7129,False,0,4488,4488,cf8bee4faf9f1e67678d45b7cd8c350d04e95baeead6b79c4cff607556fb7129,cf8bee4faf9f1e67678d45b7cd8c350d04e95baeead6b79c4cff607556fb7129,True,1
test,54,1849,1914,cf8bee4faf9f1e67678d45b7cd8c350d04e95baeead6b79c4cff607556fb7129,False,0,4488,4488,cf8bee4faf9f1e67678d45b7cd8c350d04e95baeead6b79c4cff607556fb7129,cf8bee4faf9f1e67678d45b7cd8c350d04e95baeead6b79c4cff607556fb7129,True,1
test,55,1773,1780,cf8bee4faf9f1e67678d45b7cd8c350d04e95baeead6b79c4cff607556fb7129,False,0,4488,4488,cf8bee4faf9f1e67678d45b7cd8c350d04e95baeead6b79c4cff607556fb7129,cf8bee4faf9f1e67678d45b7cd8c350d04e95baeead6b79c4cff607556fb7129,True,1
test,56,306,656,cf8bee4faf9f1e67678d45b7cd8c350d04e95baeead6b79c4cff607556fb7129,False,0,4488,4488,cf8bee4faf9f1e67678d45b7cd8c350d04e95baeead6b79c4cff607556fb7129,cf8bee4faf9f1e67678d45b7cd8c350d04e95baeead6b79c4cff607556fb7129,True,1
test,57,1351,1535,cf8bee4faf9f1e67678d45b7cd8c350d04e95baeead6b79c4cff607556fb7129,False,0,4488,4488,cf8bee4faf9f1e67678d45b7cd8c350d04e95baeead6b79c4cff607556fb7129,cf8bee4faf9f1e67678d45b7cd8c350d04e95baeead6b79c4cff607556fb7129,True,1
test,58,2457,2458,cf8bee4faf9f1e67678d45b7cd8c350d04e95baeead6b79c4cff607556fb7129,False,0,4488,4488,cf8bee4faf9f1e67678d45b7cd8c350d04e95baeead6b79c4cff607556fb7129,cf8bee4faf9f1e67678d45b7cd8c350d04e95baeead6b79c4cff607556fb7129,True,1
test,59,109,1805,cf8bee4faf9f1e67678d45b7cd8c350d04e95baeead6b79c4cff607556fb7129,False,0,4488,4488,cf8bee4faf9f1e67678d45b7cd8c350d04e95baeead6b79c4cff607556fb7129,cf8bee4faf9f1e67678d45b7cd8c350d04e95baeead6b79c4cff607556fb7129,True,1
test,60,907,1351,cf8bee4faf9f1e67678d45b7cd8c350d04e95baeead6b79c4cff607556fb7129,False,0,4488,4488,cf8bee4faf9f1e67678d45b7cd8c350d04e95baeead6b79c4cff607556fb7129,cf8bee4faf9f1e67678d45b7cd8c350d04e95baeead6b79c4cff607556fb7129,True,1
test,61,748,1617,cf8bee4faf9f1e67678d45b7cd8c350d04e95baeead6b79c4cff607556fb7129,False,0,4488,4488,cf8bee4faf9f1e67678d45b7cd8c350d04e95baeead6b79c4cff607556fb7129,cf8bee4faf9f1e67678d45b7cd8c350d04e95baeead6b79c4cff607556fb7129,True,1
test,62,1357,2170,cf8bee4faf9f1e67678d45b7cd8c350d04e95baeead6b79c4cff607556fb7129,False,0,4488,4488,cf8bee4faf9f1e67678d45b7cd8c350d04e95baeead6b79c4cff607556fb7129,cf8bee4faf9f1e67678d45b7cd8c350d04e95baeead6b79c4cff607556fb7129,True,1
test,63,645,1495,cf8bee4faf9f1e67678d45b7cd8c350d04e95baeead6b79c4cff607556fb7129,False,0,4488,4488,cf8bee4faf9f1e67678d45b7cd8c350d04e95baeead6b79c4cff607556fb7129,cf8bee4faf9f1e67678d45b7cd8c350d04e95baeead6b79c4cff607556fb7129,True,1
test,64,56,1849,cf8bee4faf9f1e67678d45b7cd8c350d04e95baeead6b79c4cff607556fb7129,False,0,4488,4488,cf8bee4faf9f1e67678d45b7cd8c350d04e95baeead6b79c4cff607556fb7129,cf8bee4faf9f1e67678d45b7cd8c350d04e95baeead6b79c4cff607556fb7129,True,1
test,65,743,1570,cf8bee4faf9f1e67678d45b7cd8c350d04e95baeead6b79c4cff607556fb7129,False,0,4488,4488,cf8bee4faf9f1e67678d45b7cd8c350d04e95baeead6b79c4cff607556fb7129,cf8bee4faf9f1e67678d45b7cd8c350d04e95baeead6b79c4cff607556fb7129,True,1
test,66,8,281,cf8bee4faf9f1e67678d45b7cd8c350d04e95baeead6b79c4cff607556fb7129,False,0,4488,4488,cf8bee4faf9f1e67678d45b7cd8c350d04e95baeead6b79c4cff607556fb7129,cf8bee4faf9f1e67678d45b7cd8c350d04e95baeead6b79c4cff607556fb7129,True,1
test,67,598,1301,cf8bee4faf9f1e67678d45b7cd8c350d04e95baeead6b79c4cff607556fb7129,False,0,4488,4488,cf8bee4faf9f1e67678d45b7cd8c350d04e95baeead6b79c4cff607556fb7129,cf8bee4faf9f1e67678d45b7cd8c350d04e95baeead6b79c4cff607556fb7129,True,1
test,68,1388,2181,cf8bee4faf9f1e67678d45b7cd8c350d04e95baeead6b79c4cff607556fb7129,False,0,4488,4488,cf8bee4faf9f1e67678d45b7cd8c350d04e95baeead6b79c4cff607556fb7129,cf8bee4faf9f1e67678d45b7cd8c350d04e95baeead6b79c4cff607556fb7129,True,1
test,69,1818,2305,cf8bee4faf9f1e67678d45b7cd8c350d04e95baeead6b79c4cff607556fb7129,False,0,4488,4488,cf8bee4faf9f1e67678d45b7cd8c350d04e95baeead6b79c4cff607556fb7129,cf8bee4faf9f1e67678d45b7cd8c350d04e95baeead6b79c4cff607556fb7129,True,1
test,70,2228,2394,cf8bee4faf9f1e67678d45b7cd8c350d04e95baeead6b79c4cff607556fb7129,False,0,4488,4488,cf8bee4faf9f1e67678d45b7cd8c350d04e95baeead6b79c4cff607556fb7129,cf8bee4faf9f1e67678d45b7cd8c350d04e95baeead6b79c4cff607556fb7129,True,1
test,71,2303,2541,cf8bee4faf9f1e67678d45b7cd8c350d04e95baeead6b79c4cff607556fb7129,False,0,4488,4488,cf8bee4faf9f1e67678d45b7cd8c350d04e95baeead6b79c4cff607556fb7129,cf8bee4faf9f1e67678d45b7cd8c350d04e95baeead6b79c4cff607556fb7129,True,1
test,72,661,1879,cf8bee4faf9f1e67678d45b7cd8c350d04e95baeead6b79c4cff607556fb7129,False,0,4488,4488,cf8bee4faf9f1e67678d45b7cd8c350d04e95baeead6b79c4cff607556fb7129,cf8bee4faf9f1e67678d45b7cd8c350d04e95baeead6b79c4cff607556fb7129,True,1
test,73,1395,2072,cf8bee4faf9f1e67678d45b7cd8c350d04e95baeead6b79c4cff607556fb7129,False,0,4488,4488,cf8bee4faf9f1e67678d45b7cd8c350d04e95baeead6b79c4cff607556fb7129,cf8bee4faf9f1e67678d45b7cd8c350d04e95baeead6b79c4cff607556fb7129,True,1
test,74,1091,2176,cf8bee4faf9f1e67678d45b7cd8c350d04e95baeead6b79c4cff607556fb7129,False,0,4488,4488,cf8bee4faf9f1e67678d45b7cd8c350d04e95baeead6b79c4cff607556fb7129,cf8bee4faf9f1e67678d45b7cd8c350d04e95baeead6b79c4cff607556fb7129,True,1
test,75,387,2191,cf8bee4faf9f1e67678d45b7cd8c350d04e95baeead6b79c4cff607556fb7129,False,0,4488,4488,cf8bee4faf9f1e67678d45b7cd8c350d04e95baeead6b79c4cff607556fb7129,cf8bee4faf9f1e67678d45b7cd8c350d04e95baeead6b79c4cff607556fb7129,True,1
test,76,1300,2508,cf8bee4faf9f1e67678d45b7cd8c350d04e95baeead6b79c4cff607556fb7129,False,0,4488,4488,cf8bee4faf9f1e67678d45b7cd8c350d04e95baeead6b79c4cff607556fb7129,cf8bee4faf9f1e67678d45b7cd8c350d04e95baeead6b79c4cff607556fb7129,True,1
test,77,926,1862,cf8bee4faf9f1e67678d45b7cd8c350d04e95baeead6b79c4cff607556fb7129,False,0,4488,4488,cf8bee4faf9f1e67678d45b7cd8c350d04e95baeead6b79c4cff607556fb7129,cf8bee4faf9f1e67678d45b7cd8c350d04e95baeead6b79c4cff607556fb7129,True,1
test,78,1125,2332,cf8bee4faf9f1e67678d45b7cd8c350d04e95baeead6b79c4cff607556fb7129,False,0,4488,4488,cf8bee4faf9f1e67678d45b7cd8c350d04e95baeead6b79c4cff607556fb7129,cf8bee4faf9f1e67678d45b7cd8c350d04e95baeead6b79c4cff607556fb7129,True,1
test,79,577,2351,cf8bee4faf9f1e67678d45b7cd8c350d04e95baeead6b79c4cff607556fb7129,False,0,4488,4488,cf8bee4faf9f1e67678d45b7cd8c350d04e95baeead6b79c4cff607556fb7129,cf8bee4faf9f1e67678d45b7cd8c350d04e95baeead6b79c4cff607556fb7129,True,1
test,80,45,2667,cf8bee4faf9f1e67678d45b7cd8c350d04e95baeead6b79c4cff607556fb7129,False,0,4488,4488,cf8bee4faf9f1e67678d45b7cd8c350d04e95baeead6b79c4cff607556fb7129,cf8bee4faf9f1e67678d45b7cd8c350d04e95baeead6b79c4cff607556fb7129,True,1
test,81,1273,2125,cf8bee4faf9f1e67678d45b7cd8c350d04e95baeead6b79c4cff607556fb7129,False,0,4488,4488,cf8bee4faf9f1e67678d45b7cd8c350d04e95baeead6b79c4cff607556fb7129,cf8bee4faf9f1e67678d45b7cd8c350d04e95baeead6b79c4cff607556fb7129,True,1
test,82,2045,2047,cf8bee4faf9f1e67678d45b7cd8c350d04e95baeead6b79c4cff607556fb7129,False,0,4488,4488,cf8bee4faf9f1e67678d45b7cd8c350d04e95baeead6b79c4cff607556fb7129,cf8bee4faf9f1e67678d45b7cd8c350d04e95baeead6b79c4cff607556fb7129,True,1
test,83,341,2045,cf8bee4faf9f1e67678d45b7cd8c350d04e95baeead6b79c4cff607556fb7129,False,0,4488,4488,cf8bee4faf9f1e67678d45b7cd8c350d04e95baeead6b79c4cff607556fb7129,cf8bee4faf9f1e67678d45b7cd8c350d04e95baeead6b79c4cff607556fb7129,True,1
test,84,6,1042,cf8bee4faf9f1e67678d45b7cd8c350d04e95baeead6b79c4cff607556fb7129,False,0,4488,4488,cf8bee4faf9f1e67678d45b7cd8c350d04e95baeead6b79c4cff607556fb7129,cf8bee4faf9f1e67678d45b7cd8c350d04e95baeead6b79c4cff607556fb7129,True,1
test,85,1920,1926,cf8bee4faf9f1e67678d45b7cd8c350d04e95baeead6b79c4cff607556fb7129,False,0,4488,4488,cf8bee4faf9f1e67678d45b7cd8c350d04e95baeead6b79c4cff607556fb7129,cf8bee4faf9f1e67678d45b7cd8c350d04e95baeead6b79c4cff607556fb7129,True,1
test,86,1568,1729,cf8bee4faf9f1e67678d45b7cd8c350d04e95baeead6b79c4cff607556fb7129,False,0,4488,4488,cf8bee4faf9f1e67678d45b7cd8c350d04e95baeead6b79c4cff607556fb7129,cf8bee4faf9f1e67678d45b7cd8c350d04e95baeead6b79c4cff607556fb7129,True,1
test,87,360,1824,cf8bee4faf9f1e67678d45b7cd8c350d04e95baeead6b79c4cff607556fb7129,False,0,4488,4488,cf8bee4faf9f1e67678d45b7cd8c350d04e95baeead6b79c4cff607556fb7129,cf8bee4faf9f1e67678d45b7cd8c350d04e95baeead6b79c4cff607556fb7129,True,1
test,88,482,2308,cf8bee4faf9f1e67678d45b7cd8c350d04e95baeead6b79c4cff607556fb7129,False,0,4488,4488,cf8bee4faf9f1e67678d45b7cd8c350d04e95baeead6b79c4cff607556fb7129,cf8bee4faf9f1e67678d45b7cd8c350d04e95baeead6b79c4cff607556fb7129,True,1
test,89,1522,1697,cf8bee4faf9f1e67678d45b7cd8c350d04e95baeead6b79c4cff607556fb7129,False,0,4488,4488,cf8bee4faf9f1e67678d45b7cd8c350d04e95baeead6b79c4cff607556fb7129,cf8bee4faf9f1e67678d45b7cd8c350d04e95baeead6b79c4cff607556fb7129,True,1
test,90,741,1088,cf8bee4faf9f1e67678d45b7cd8c350d04e95baeead6b79c4cff607556fb7129,False,0,4488,4488,cf8bee4faf9f1e67678d45b7cd8c350d04e95baeead6b79c4cff607556fb7129,cf8bee4faf9f1e67678d45b7cd8c350d04e95baeead6b79c4cff607556fb7129,True,1
test,91,1191,1558,cf8bee4faf9f1e67678d45b7cd8c350d04e95baeead6b79c4cff607556fb7129,False,0,4488,4488,cf8bee4faf9f1e67678d45b7cd8c350d04e95baeead6b79c4cff607556fb7129,cf8bee4faf9f1e67678d45b7cd8c350d04e95baeead6b79c4cff607556fb7129,True,1
test,92,306,2078,cf8bee4faf9f1e67678d45b7cd8c350d04e95baeead6b79c4cff607556fb7129,False,0,4488,4488,cf8bee4faf9f1e67678d45b7cd8c350d04e95baeead6b79c4cff607556fb7129,cf8bee4faf9f1e67678d45b7cd8c350d04e95baeead6b79c4cff607556fb7129,True,1
test,93,86,2295,cf8bee4faf9f1e67678d45b7cd8c350d04e95baeead6b79c4cff607556fb7129,False,0,4488,4488,cf8bee4faf9f1e67678d45b7cd8c350d04e95baeead6b79c4cff607556fb7129,cf8bee4faf9f1e67678d45b7cd8c350d04e95baeead6b79c4cff607556fb7129,True,1
test,94,364,1632,cf8bee4faf9f1e67678d45b7cd8c350d04e95baeead6b79c4cff607556fb7129,False,0,4488,4488,cf8bee4faf9f1e67678d45b7cd8c350d04e95baeead6b79c4cff607556fb7129,cf8bee4faf9f1e67678d45b7cd8c350d04e95baeead6b79c4cff607556fb7129,True,1
test,95,1358,1742,cf8bee4faf9f1e67678d45b7cd8c350d04e95baeead6b79c4cff607556fb7129,False,0,4488,4488,cf8bee4faf9f1e67678d45b7cd8c350d04e95baeead6b79c4cff607556fb7129,cf8bee4faf9f1e67678d45b7cd8c350d04e95baeead6b79c4cff607556fb7129,True,1
test,96,109,176,cf8bee4faf9f1e67678d45b7cd8c350d04e95baeead6b79c4cff607556fb7129,False,0,4488,4488,cf8bee4faf9f1e67678d45b7cd8c350d04e95baeead6b79c4cff607556fb7129,cf8bee4faf9f1e67678d45b7cd8c350d04e95baeead6b79c4cff607556fb7129,True,1
test,97,52,2053,cf8bee4faf9f1e67678d45b7cd8c350d04e95baeead6b79c4cff607556fb7129,False,0,4488,4488,cf8bee4faf9f1e67678d45b7cd8c350d04e95baeead6b79c4cff607556fb7129,cf8bee4faf9f1e67678d45b7cd8c350d04e95baeead6b79c4cff607556fb7129,True,1
test,98,1240,2237,cf8bee4faf9f1e67678d45b7cd8c350d04e95baeead6b79c4cff607556fb7129,False,0,4488,4488,cf8bee4faf9f1e67678d45b7cd8c350d04e95baeead6b79c4cff607556fb7129,cf8bee4faf9f1e67678d45b7cd8c350d04e95baeead6b79c4cff607556fb7129,True,1
test,99,779,1370,cf8bee4faf9f1e67678d45b7cd8c350d04e95baeead6b79c4cff607556fb7129,False,0,4488,4488,cf8bee4faf9f1e67678d45b7cd8c350d04e95baeead6b79c4cff607556fb7129,cf8bee4faf9f1e67678d45b7cd8c350d04e95baeead6b79c4cff607556fb7129,True,1
test,100,2509,2519,cf8bee4faf9f1e67678d45b7cd8c350d04e95baeead6b79c4cff607556fb7129,False,0,4488,4488,cf8bee4faf9f1e67678d45b7cd8c350d04e95baeead6b79c4cff607556fb7129,cf8bee4faf9f1e67678d45b7cd8c350d04e95baeead6b79c4cff607556fb7129,True,1
test,101,71,1986,cf8bee4faf9f1e67678d45b7cd8c350d04e95baeead6b79c4cff607556fb7129,False,0,4488,4488,cf8bee4faf9f1e67678d45b7cd8c350d04e95baeead6b79c4cff607556fb7129,cf8bee4faf9f1e67678d45b7cd8c350d04e95baeead6b79c4cff607556fb7129,True,1
test,102,2139,2140,cf8bee4faf9f1e67678d45b7cd8c350d04e95baeead6b79c4cff607556fb7129,False,0,4488,4488,cf8bee4faf9f1e67678d45b7cd8c350d04e95baeead6b79c4cff607556fb7129,cf8bee4faf9f1e67678d45b7cd8c350d04e95baeead6b79c4cff607556fb7129,True,1
test,103,249,621,cf8bee4faf9f1e67678d45b7cd8c350d04e95baeead6b79c4cff607556fb7129,False,0,4488,4488,cf8bee4faf9f1e67678d45b7cd8c350d04e95baeead6b79c4cff607556fb7129,cf8bee4faf9f1e67678d45b7cd8c350d04e95baeead6b79c4cff607556fb7129,True,1
test,104,1194,1366,cf8bee4faf9f1e67678d45b7cd8c350d04e95baeead6b79c4cff607556fb7129,False,0,4488,4488,cf8bee4faf9f1e67678d45b7cd8c350d04e95baeead6b79c4cff607556fb7129,cf8bee4faf9f1e67678d45b7cd8c350d04e95baeead6b79c4cff607556fb7129,True,1
test,105,963,2400,cf8bee4faf9f1e67678d45b7cd8c350d04e95baeead6b79c4cff607556fb7129,False,0,4488,4488,cf8bee4faf9f1e67678d45b7cd8c350d04e95baeead6b79c4cff607556fb7129,cf8bee4faf9f1e67678d45b7cd8c350d04e95baeead6b79c4cff607556fb7129,True,1
test,106,649,1457,cf8bee4faf9f1e67678d45b7cd8c350d04e95baeead6b79c4cff607556fb7129,False,0,4488,4488,cf8bee4faf9f1e67678d45b7cd8c350d04e95baeead6b79c4cff607556fb7129,cf8bee4faf9f1e67678d45b7cd8c350d04e95baeead6b79c4cff607556fb7129,True,1
test,107,873,1358,cf8bee4faf9f1e67678d45b7cd8c350d04e95baeead6b79c4cff607556fb7129,False,0,4488,4488,cf8bee4faf9f1e67678d45b7cd8c350d04e95baeead6b79c4cff607556fb7129,cf8bee4faf9f1e67678d45b7cd8c350d04e95baeead6b79c4cff607556fb7129,True,1
test,108,152,2238,cf8bee4faf9f1e67678d45b7cd8c350d04e95baeead6b79c4cff607556fb7129,False,0,4488,4488,cf8bee4faf9f1e67678d45b7cd8c350d04e95baeead6b79c4cff607556fb7129,cf8bee4faf9f1e67678d45b7cd8c350d04e95baeead6b79c4cff607556fb7129,True,1
test,109,438,1985,cf8bee4faf9f1e67678d45b7cd8c350d04e95baeead6b79c4cff607556fb7129,False,0,4488,4488,cf8bee4faf9f1e67678d45b7cd8c350d04e95baeead6b79c4cff607556fb7129,cf8bee4faf9f1e67678d45b7cd8c350d04e95baeead6b79c4cff607556fb7129,True,1
test,110,241,1441,cf8bee4faf9f1e67678d45b7cd8c350d04e95baeead6b79c4cff607556fb7129,False,0,4488,4488,cf8bee4faf9f1e67678d45b7cd8c350d04e95baeead6b79c4cff607556fb7129,cf8bee4faf9f1e67678d45b7cd8c350d04e95baeead6b79c4cff607556fb7129,True,1
test,111,876,2168,cf8bee4faf9f1e67678d45b7cd8c350d04e95baeead6b79c4cff607556fb7129,False,0,4488,4488,cf8bee4faf9f1e67678d45b7cd8c350d04e95baeead6b79c4cff607556fb7129,cf8bee4faf9f1e67678d45b7cd8c350d04e95baeead6b79c4cff607556fb7129,True,1
test,112,1013,1120,cf8bee4faf9f1e67678d45b7cd8c350d04e95baeead6b79c4cff607556fb7129,False,0,4488,4488,cf8bee4faf9f1e67678d45b7cd8c350d04e95baeead6b79c4cff607556fb7129,cf8bee4faf9f1e67678d45b7cd8c350d04e95baeead6b79c4cff607556fb7129,True,1
test,113,315,1602,cf8bee4faf9f1e67678d45b7cd8c350d04e95baeead6b79c4cff607556fb7129,False,0,4488,4488,cf8bee4faf9f1e67678d45b7cd8c350d04e95baeead6b79c4cff607556fb7129,cf8bee4faf9f1e67678d45b7cd8c350d04e95baeead6b79c4cff607556fb7129,True,1
test,114,889,1832,cf8bee4faf9f1e67678d45b7cd8c350d04e95baeead6b79c4cff607556fb7129,False,0,4488,4488,cf8bee4faf9f1e67678d45b7cd8c350d04e95baeead6b79c4cff607556fb7129,cf8bee4faf9f1e67678d45b7cd8c350d04e95baeead6b79c4cff607556fb7129,True,1
test,115,404,1170,cf8bee4faf9f1e67678d45b7cd8c350d04e95baeead6b79c4cff607556fb7129,False,0,4488,4488,cf8bee4faf9f1e67678d45b7cd8c350d04e95baeead6b79c4cff607556fb7129,cf8bee4faf9f1e67678d45b7cd8c350d04e95baeead6b79c4cff607556fb7129,True,1
test,116,154,1358,cf8bee4faf9f1e67678d45b7cd8c350d04e95baeead6b79c4cff607556fb7129,False,0,4488,4488,cf8bee4faf9f1e67678d45b7cd8c350d04e95baeead6b79c4cff607556fb7129,cf8bee4faf9f1e67678d45b7cd8c350d04e95baeead6b79c4cff607556fb7129,True,1
test,117,1623,1767,cf8bee4faf9f1e67678d45b7cd8c350d04e95baeead6b79c4cff607556fb7129,False,0,4488,4488,cf8bee4faf9f1e67678d45b7cd8c350d04e95baeead6b79c4cff607556fb7129,cf8bee4faf9f1e67678d45b7cd8c350d04e95baeead6b79c4cff607556fb7129,True,1
test,118,606,1666,cf8bee4faf9f1e67678d45b7cd8c350d04e95baeead6b79c4cff607556fb7129,False,0,4488,4488,cf8bee4faf9f1e67678d45b7cd8c350d04e95baeead6b79c4cff607556fb7129,cf8bee4faf9f1e67678d45b7cd8c350d04e95baeead6b79c4cff607556fb7129,True,1
test,119,155,1358,cf8bee4faf9f1e67678d45b7cd8c350d04e95baeead6b79c4cff607556fb7129,False,0,4488,4488,cf8bee4faf9f1e67678d45b7cd8c350d04e95baeead6b79c4cff607556fb7129,cf8bee4faf9f1e67678d45b7cd8c350d04e95baeead6b79c4cff607556fb7129,True,1
test,120,354,1803,cf8bee4faf9f1e67678d45b7cd8c350d04e95baeead6b79c4cff607556fb7129,False,0,4488,4488,cf8bee4faf9f1e67678d45b7cd8c350d04e95baeead6b79c4cff607556fb7129,cf8bee4faf9f1e67678d45b7cd8c350d04e95baeead6b79c4cff607556fb7129,True,1
test,121,738,2162,cf8bee4faf9f1e67678d45b7cd8c350d04e95baeead6b79c4cff607556fb7129,False,0,4488,4488,cf8bee4faf9f1e67678d45b7cd8c350d04e95baeead6b79c4cff607556fb7129,cf8bee4faf9f1e67678d45b7cd8c350d04e95baeead6b79c4cff607556fb7129,True,1
test,122,1421,1975,cf8bee4faf9f1e67678d45b7cd8c350d04e95baeead6b79c4cff607556fb7129,False,0,4488,4488,cf8bee4faf9f1e67678d45b7cd8c350d04e95baeead6b79c4cff607556fb7129,cf8bee4faf9f1e67678d45b7cd8c350d04e95baeead6b79c4cff607556fb7129,True,1
test,123,1844,2276,cf8bee4faf9f1e67678d45b7cd8c350d04e95baeead6b79c4cff607556fb7129,False,0,4488,4488,cf8bee4faf9f1e67678d45b7cd8c350d04e95baeead6b79c4cff607556fb7129,cf8bee4faf9f1e67678d45b7cd8c350d04e95baeead6b79c4cff607556fb7129,True,1
test,124,1526,1977,cf8bee4faf9f1e67678d45b7cd8c350d04e95baeead6b79c4cff607556fb7129,False,0,4488,4488,cf8bee4faf9f1e67678d45b7cd8c350d04e95baeead6b79c4cff607556fb7129,cf8bee4faf9f1e67678d45b7cd8c350d04e95baeead6b79c4cff607556fb7129,True,1
test,125,171,775,cf8bee4faf9f1e67678d45b7cd8c350d04e95baeead6b79c4cff607556fb7129,False,0,4488,4488,cf8bee4faf9f1e67678d45b7cd8c350d04e95baeead6b79c4cff607556fb7129,cf8bee4faf9f1e67678d45b7cd8c350d04e95baeead6b79c4cff607556fb7129,True,1
test,126,1752,1754,cf8bee4faf9f1e67678d45b7cd8c350d04e95baeead6b79c4cff607556fb7129,False,0,4488,4488,cf8bee4faf9f1e67678d45b7cd8c350d04e95baeead6b79c4cff607556fb7129,cf8bee4faf9f1e67678d45b7cd8c350d04e95baeead6b79c4cff607556fb7129,True,1
test,127,331,2480,cf8bee4faf9f1e67678d45b7cd8c350d04e95baeead6b79c4cff607556fb7129,False,0,4488,4488,cf8bee4faf9f1e67678d45b7cd8c350d04e95baeead6b79c4cff607556fb7129,cf8bee4faf9f1e67678d45b7cd8c350d04e95baeead6b79c4cff607556fb7129,True,1
test,128,1015,1452,cf8bee4faf9f1e67678d45b7cd8c350d04e95baeead6b79c4cff607556fb7129,False,0,4488,4488,cf8bee4faf9f1e67678d45b7cd8c350d04e95baeead6b79c4cff607556fb7129,cf8bee4faf9f1e67678d45b7cd8c350d04e95baeead6b79c4cff607556fb7129,True,1
test,129,1206,2671,cf8bee4faf9f1e67678d45b7cd8c350d04e95baeead6b79c4cff607556fb7129,False,0,4488,4488,cf8bee4faf9f1e67678d45b7cd8c350d04e95baeead6b79c4cff607556fb7129,cf8bee4faf9f1e67678d45b7cd8c350d04e95baeead6b79c4cff607556fb7129,True,1
test,130,1469,2590,cf8bee4faf9f1e67678d45b7cd8c350d04e95baeead6b79c4cff607556fb7129,False,0,4488,4488,cf8bee4faf9f1e67678d45b7cd8c350d04e95baeead6b79c4cff607556fb7129,cf8bee4faf9f1e67678d45b7cd8c350d04e95baeead6b79c4cff607556fb7129,True,1
test,131,332,2122,cf8bee4faf9f1e67678d45b7cd8c350d04e95baeead6b79c4cff607556fb7129,False,0,4488,4488,cf8bee4faf9f1e67678d45b7cd8c350d04e95baeead6b79c4cff607556fb7129,cf8bee4faf9f1e67678d45b7cd8c350d04e95baeead6b79c4cff607556fb7129,True,1
test,132,306,2086,cf8bee4faf9f1e67678d45b7cd8c350d04e95baeead6b79c4cff607556fb7129,False,0,4488,4488,cf8bee4faf9f1e67678d45b7cd8c350d04e95baeead6b79c4cff607556fb7129,cf8bee4faf9f1e67678d45b7cd8c350d04e95baeead6b79c4cff607556fb7129,True,1
test,133,177,726,cf8bee4faf9f1e67678d45b7cd8c350d04e95baeead6b79c4cff607556fb7129,False,0,4488,4488,cf8bee4faf9f1e67678d45b7cd8c350d04e95baeead6b79c4cff607556fb7129,cf8bee4faf9f1e67678d45b7cd8c350d04e95baeead6b79c4cff607556fb7129,True,1
test,134,486,2668,cf8bee4faf9f1e67678d45b7cd8c350d04e95baeead6b79c4cff607556fb7129,False,0,4488,4488,cf8bee4faf9f1e67678d45b7cd8c350d04e95baeead6b79c4cff607556fb7129,cf8bee4faf9f1e67678d45b7cd8c350d04e95baeead6b79c4cff607556fb7129,True,1
test,135,242,2280,cf8bee4faf9f1e67678d45b7cd8c350d04e95baeead6b79c4cff607556fb7129,False,0,4488,4488,cf8bee4faf9f1e67678d45b7cd8c350d04e95baeead6b79c4cff607556fb7129,cf8bee4faf9f1e67678d45b7cd8c350d04e95baeead6b79c4cff607556fb7129,True,1
test,136,33,698,cf8bee4faf9f1e67678d45b7cd8c350d04e95baeead6b79c4cff607556fb7129,False,0,4488,4488,cf8bee4faf9f1e67678d45b7cd8c350d04e95baeead6b79c4cff607556fb7129,cf8bee4faf9f1e67678d45b7cd8c350d04e95baeead6b79c4cff607556fb7129,True,1
test,137,231,551,cf8bee4faf9f1e67678d45b7cd8c350d04e95baeead6b79c4cff607556fb7129,False,0,4488,4488,cf8bee4faf9f1e67678d45b7cd8c350d04e95baeead6b79c4cff607556fb7129,cf8bee4faf9f1e67678d45b7cd8c350d04e95baeead6b79c4cff607556fb7129,True,1
test,138,1026,1303,cf8bee4faf9f1e67678d45b7cd8c350d04e95baeead6b79c4cff607556fb7129,False,0,4488,4488,cf8bee4faf9f1e67678d45b7cd8c350d04e95baeead6b79c4cff607556fb7129,cf8bee4faf9f1e67678d45b7cd8c350d04e95baeead6b79c4cff607556fb7129,True,1
test,139,964,965,cf8bee4faf9f1e67678d45b7cd8c350d04e95baeead6b79c4cff607556fb7129,False,0,4488,4488,cf8bee4faf9f1e67678d45b7cd8c350d04e95baeead6b79c4cff607556fb7129,cf8bee4faf9f1e67678d45b7cd8c350d04e95baeead6b79c4cff607556fb7129,True,1
test,140,277,973,cf8bee4faf9f1e67678d45b7cd8c350d04e95baeead6b79c4cff607556fb7129,False,0,4488,4488,cf8bee4faf9f1e67678d45b7cd8c350d04e95baeead6b79c4cff607556fb7129,cf8bee4faf9f1e67678d45b7cd8c350d04e95baeead6b79c4cff607556fb7129,True,1
test,141,1289,1705,cf8bee4faf9f1e67678d45b7cd8c350d04e95baeead6b79c4cff607556fb7129,False,0,4488,4488,cf8bee4faf9f1e67678d45b7cd8c350d04e95baeead6b79c4cff607556fb7129,cf8bee4faf9f1e67678d45b7cd8c350d04e95baeead6b79c4cff607556fb7129,True,1
test,142,371,1354,cf8bee4faf9f1e67678d45b7cd8c350d04e95baeead6b79c4cff607556fb7129,False,0,4488,4488,cf8bee4faf9f1e67678d45b7cd8c350d04e95baeead6b79c4cff607556fb7129,cf8bee4faf9f1e67678d45b7cd8c350d04e95baeead6b79c4cff607556fb7129,True,1
test,143,1042,2052,cf8bee4faf9f1e67678d45b7cd8c350d04e95baeead6b79c4cff607556fb7129,False,0,4488,4488,cf8bee4faf9f1e67678d45b7cd8c350d04e95baeead6b79c4cff607556fb7129,cf8bee4faf9f1e67678d45b7cd8c350d04e95baeead6b79c4cff607556fb7129,True,1
test,144,372,1834,cf8bee4faf9f1e67678d45b7cd8c350d04e95baeead6b79c4cff607556fb7129,False,0,4488,4488,cf8bee4faf9f1e67678d45b7cd8c350d04e95baeead6b79c4cff607556fb7129,cf8bee4faf9f1e67678d45b7cd8c350d04e95baeead6b79c4cff607556fb7129,True,1
test,145,541,647,cf8bee4faf9f1e67678d45b7cd8c350d04e95baeead6b79c4cff607556fb7129,False,0,4488,4488,cf8bee4faf9f1e67678d45b7cd8c350d04e95baeead6b79c4cff607556fb7129,cf8bee4faf9f1e67678d45b7cd8c350d04e95baeead6b79c4cff607556fb7129,True,1
test,146,297,899,cf8bee4faf9f1e67678d45b7cd8c350d04e95baeead6b79c4cff607556fb7129,False,0,4488,4488,cf8bee4faf9f1e67678d45b7cd8c350d04e95baeead6b79c4cff607556fb7129,cf8bee4faf9f1e67678d45b7cd8c350d04e95baeead6b79c4cff607556fb7129,True,1
test,147,13,1701,cf8bee4faf9f1e67678d45b7cd8c350d04e95baeead6b79c4cff607556fb7129,False,0,4488,4488,cf8bee4faf9f1e67678d45b7cd8c350d04e95baeead6b79c4cff607556fb7129,cf8bee4faf9f1e67678d45b7cd8c350d04e95baeead6b79c4cff607556fb7129,True,1
test,148,210,1671,cf8bee4faf9f1e67678d45b7cd8c350d04e95baeead6b79c4cff607556fb7129,False,0,4488,4488,cf8bee4faf9f1e67678d45b7cd8c350d04e95baeead6b79c4cff607556fb7129,cf8bee4faf9f1e67678d45b7cd8c350d04e95baeead6b79c4cff607556fb7129,True,1
test,149,1709,1739,cf8bee4faf9f1e67678d45b7cd8c350d04e95baeead6b79c4cff607556fb7129,False,0,4488,4488,cf8bee4faf9f1e67678d45b7cd8c350d04e95baeead6b79c4cff607556fb7129,cf8bee4faf9f1e67678d45b7cd8c350d04e95baeead6b79c4cff607556fb7129,True,1
test,150,876,1358,cf8bee4faf9f1e67678d45b7cd8c350d04e95baeead6b79c4cff607556fb7129,False,0,4488,4488,cf8bee4faf9f1e67678d45b7cd8c350d04e95baeead6b79c4cff607556fb7129,cf8bee4faf9f1e67678d45b7cd8c350d04e95baeead6b79c4cff607556fb7129,True,1
test,151,725,1652,cf8bee4faf9f1e67678d45b7cd8c350d04e95baeead6b79c4cff607556fb7129,False,0,4488,4488,cf8bee4faf9f1e67678d45b7cd8c350d04e95baeead6b79c4cff607556fb7129,cf8bee4faf9f1e67678d45b7cd8c350d04e95baeead6b79c4cff607556fb7129,True,1
test,152,1624,1705,cf8bee4faf9f1e67678d45b7cd8c350d04e95baeead6b79c4cff607556fb7129,False,0,4488,4488,cf8bee4faf9f1e67678d45b7cd8c350d04e95baeead6b79c4cff607556fb7129,cf8bee4faf9f1e67678d45b7cd8c350d04e95baeead6b79c4cff607556fb7129,True,1
test,153,2382,2383,cf8bee4faf9f1e67678d45b7cd8c350d04e95baeead6b79c4cff607556fb7129,False,0,4488,4488,cf8bee4faf9f1e67678d45b7cd8c350d04e95baeead6b79c4cff607556fb7129,cf8bee4faf9f1e67678d45b7cd8c350d04e95baeead6b79c4cff607556fb7129,True,1
test,154,1257,2677,cf8bee4faf9f1e67678d45b7cd8c350d04e95baeead6b79c4cff607556fb7129,False,0,4488,4488,cf8bee4faf9f1e67678d45b7cd8c350d04e95baeead6b79c4cff607556fb7129,cf8bee4faf9f1e67678d45b7cd8c350d04e95baeead6b79c4cff607556fb7129,True,1
test,155,1282,1776,cf8bee4faf9f1e67678d45b7cd8c350d04e95baeead6b79c4cff607556fb7129,False,0,4488,4488,cf8bee4faf9f1e67678d45b7cd8c350d04e95baeead6b79c4cff607556fb7129,cf8bee4faf9f1e67678d45b7cd8c350d04e95baeead6b79c4cff607556fb7129,True,1
test,156,681,1445,cf8bee4faf9f1e67678d45b7cd8c350d04e95baeead6b79c4cff607556fb7129,False,0,4488,4488,cf8bee4faf9f1e67678d45b7cd8c350d04e95baeead6b79c4cff607556fb7129,cf8bee4faf9f1e67678d45b7cd8c350d04e95baeead6b79c4cff607556fb7129,True,1
test,157,513,1528,cf8bee4faf9f1e67678d45b7cd8c350d04e95baeead6b79c4cff607556fb7129,False,0,4488,4488,cf8bee4faf9f1e67678d45b7cd8c350d04e95baeead6b79c4cff607556fb7129,cf8bee4faf9f1e67678d45b7cd8c350d04e95baeead6b79c4cff607556fb7129,True,1
test,158,310,1950,cf8bee4faf9f1e67678d45b7cd8c350d04e95baeead6b79c4cff607556fb7129,False,0,4488,4488,cf8bee4faf9f1e67678d45b7cd8c350d04e95baeead6b79c4cff607556fb7129,cf8bee4faf9f1e67678d45b7cd8c350d04e95baeead6b79c4cff607556fb7129,True,1
test,159,832,2600,cf8bee4faf9f1e67678d45b7cd8c350d04e95baeead6b79c4cff607556fb7129,False,0,4488,4488,cf8bee4faf9f1e67678d45b7cd8c350d04e95baeead6b79c4cff607556fb7129,cf8bee4faf9f1e67678d45b7cd8c350d04e95baeead6b79c4cff607556fb7129,True,1
test,160,1731,1755,cf8bee4faf9f1e67678d45b7cd8c350d04e95baeead6b79c4cff607556fb7129,False,0,4488,4488,cf8bee4faf9f1e67678d45b7cd8c350d04e95baeead6b79c4cff607556fb7129,cf8bee4faf9f1e67678d45b7cd8c350d04e95baeead6b79c4cff607556fb7129,True,1
test,161,291,1692,cf8bee4faf9f1e67678d45b7cd8c350d04e95baeead6b79c4cff607556fb7129,False,0,4488,4488,cf8bee4faf9f1e67678d45b7cd8c350d04e95baeead6b79c4cff607556fb7129,cf8bee4faf9f1e67678d45b7cd8c350d04e95baeead6b79c4cff607556fb7129,True,1
test,162,876,2584,cf8bee4faf9f1e67678d45b7cd8c350d04e95baeead6b79c4cff607556fb7129,False,0,4488,4488,cf8bee4faf9f1e67678d45b7cd8c350d04e95baeead6b79c4cff607556fb7129,cf8bee4faf9f1e67678d45b7cd8c350d04e95baeead6b79c4cff607556fb7129,True,1
test,163,1254,1308,cf8bee4faf9f1e67678d45b7cd8c350d04e95baeead6b79c4cff607556fb7129,False,0,4488,4488,cf8bee4faf9f1e67678d45b7cd8c350d04e95baeead6b79c4cff607556fb7129,cf8bee4faf9f1e67678d45b7cd8c350d04e95baeead6b79c4cff607556fb7129,True,1
test,164,124,306,cf8bee4faf9f1e67678d45b7cd8c350d04e95baeead6b79c4cff607556fb7129,False,0,4488,4488,cf8bee4faf9f1e67678d45b7cd8c350d04e95baeead6b79c4cff607556fb7129,cf8bee4faf9f1e67678d45b7cd8c350d04e95baeead6b79c4cff607556fb7129,True,1
test,165,571,696,cf8bee4faf9f1e67678d45b7cd8c350d04e95baeead6b79c4cff607556fb7129,False,0,4488,4488,cf8bee4faf9f1e67678d45b7cd8c350d04e95baeead6b79c4cff607556fb7129,cf8bee4faf9f1e67678d45b7cd8c350d04e95baeead6b79c4cff607556fb7129,True,1
test,166,426,1789,cf8bee4faf9f1e67678d45b7cd8c350d04e95baeead6b79c4cff607556fb7129,False,0,4488,4488,cf8bee4faf9f1e67678d45b7cd8c350d04e95baeead6b79c4cff607556fb7129,cf8bee4faf9f1e67678d45b7cd8c350d04e95baeead6b79c4cff607556fb7129,True,1
test,167,36,1552,cf8bee4faf9f1e67678d45b7cd8c350d04e95baeead6b79c4cff607556fb7129,False,0,4488,4488,cf8bee4faf9f1e67678d45b7cd8c350d04e95baeead6b79c4cff607556fb7129,cf8bee4faf9f1e67678d45b7cd8c350d04e95baeead6b79c4cff607556fb7129,True,1
test,168,217,2473,cf8bee4faf9f1e67678d45b7cd8c350d04e95baeead6b79c4cff607556fb7129,False,0,4488,4488,cf8bee4faf9f1e67678d45b7cd8c350d04e95baeead6b79c4cff607556fb7129,cf8bee4faf9f1e67678d45b7cd8c350d04e95baeead6b79c4cff607556fb7129,True,1
test,169,2164,2217,cf8bee4faf9f1e67678d45b7cd8c350d04e95baeead6b79c4cff607556fb7129,False,0,4488,4488,cf8bee4faf9f1e67678d45b7cd8c350d04e95baeead6b79c4cff607556fb7129,cf8bee4faf9f1e67678d45b7cd8c350d04e95baeead6b79c4cff607556fb7129,True,1
test,170,1701,1867,cf8bee4faf9f1e67678d45b7cd8c350d04e95baeead6b79c4cff607556fb7129,False,0,4488,4488,cf8bee4faf9f1e67678d45b7cd8c350d04e95baeead6b79c4cff607556fb7129,cf8bee4faf9f1e67678d45b7cd8c350d04e95baeead6b79c4cff607556fb7129,True,1
test,171,549,1497,cf8bee4faf9f1e67678d45b7cd8c350d04e95baeead6b79c4cff607556fb7129,False,0,4488,4488,cf8bee4faf9f1e67678d45b7cd8c350d04e95baeead6b79c4cff607556fb7129,cf8bee4faf9f1e67678d45b7cd8c350d04e95baeead6b79c4cff607556fb7129,True,1
test,172,308,1670,cf8bee4faf9f1e67678d45b7cd8c350d04e95baeead6b79c4cff607556fb7129,False,0,4488,4488,cf8bee4faf9f1e67678d45b7cd8c350d04e95baeead6b79c4cff607556fb7129,cf8bee4faf9f1e67678d45b7cd8c350d04e95baeead6b79c4cff607556fb7129,True,1
test,173,1102,2464,cf8bee4faf9f1e67678d45b7cd8c350d04e95baeead6b79c4cff607556fb7129,False,0,4488,4488,cf8bee4faf9f1e67678d45b7cd8c350d04e95baeead6b79c4cff607556fb7129,cf8bee4faf9f1e67678d45b7cd8c350d04e95baeead6b79c4cff607556fb7129,True,1
test,174,836,2078,cf8bee4faf9f1e67678d45b7cd8c350d04e95baeead6b79c4cff607556fb7129,False,0,4488,4488,cf8bee4faf9f1e67678d45b7cd8c350d04e95baeead6b79c4cff607556fb7129,cf8bee4faf9f1e67678d45b7cd8c350d04e95baeead6b79c4cff607556fb7129,True,1
test,175,1396,2394,cf8bee4faf9f1e67678d45b7cd8c350d04e95baeead6b79c4cff607556fb7129,False,0,4488,4488,cf8bee4faf9f1e67678d45b7cd8c350d04e95baeead6b79c4cff607556fb7129,cf8bee4faf9f1e67678d45b7cd8c350d04e95baeead6b79c4cff607556fb7129,True,1
test,176,294,306,cf8bee4faf9f1e67678d45b7cd8c350d04e95baeead6b79c4cff607556fb7129,False,0,4488,4488,cf8bee4faf9f1e67678d45b7cd8c350d04e95baeead6b79c4cff607556fb7129,cf8bee4faf9f1e67678d45b7cd8c350d04e95baeead6b79c4cff607556fb7129,True,1
test,177,1876,1986,cf8bee4faf9f1e67678d45b7cd8c350d04e95baeead6b79c4cff607556fb7129,False,0,4488,4488,cf8bee4faf9f1e67678d45b7cd8c350d04e95baeead6b79c4cff607556fb7129,cf8bee4faf9f1e67678d45b7cd8c350d04e95baeead6b79c4cff607556fb7129,True,1
test,178,1050,1320,cf8bee4faf9f1e67678d45b7cd8c350d04e95baeead6b79c4cff607556fb7129,False,0,4488,4488,cf8bee4faf9f1e67678d45b7cd8c350d04e95baeead6b79c4cff607556fb7129,cf8bee4faf9f1e67678d45b7cd8c350d04e95baeead6b79c4cff607556fb7129,True,1
test,179,561,1016,cf8bee4faf9f1e67678d45b7cd8c350d04e95baeead6b79c4cff607556fb7129,False,0,4488,4488,cf8bee4faf9f1e67678d45b7cd8c350d04e95baeead6b79c4cff607556fb7129,cf8bee4faf9f1e67678d45b7cd8c350d04e95baeead6b79c4cff607556fb7129,True,1
test,180,858,2182,cf8bee4faf9f1e67678d45b7cd8c350d04e95baeead6b79c4cff607556fb7129,False,0,4488,4488,cf8bee4faf9f1e67678d45b7cd8c350d04e95baeead6b79c4cff607556fb7129,cf8bee4faf9f1e67678d45b7cd8c350d04e95baeead6b79c4cff607556fb7129,True,1
test,181,151,2238,cf8bee4faf9f1e67678d45b7cd8c350d04e95baeead6b79c4cff607556fb7129,False,0,4488,4488,cf8bee4faf9f1e67678d45b7cd8c350d04e95baeead6b79c4cff607556fb7129,cf8bee4faf9f1e67678d45b7cd8c350d04e95baeead6b79c4cff607556fb7129,True,1
test,182,1171,1909,cf8bee4faf9f1e67678d45b7cd8c350d04e95baeead6b79c4cff607556fb7129,False,0,4488,4488,cf8bee4faf9f1e67678d45b7cd8c350d04e95baeead6b79c4cff607556fb7129,cf8bee4faf9f1e67678d45b7cd8c350d04e95baeead6b79c4cff607556fb7129,True,1
test,183,611,2690,cf8bee4faf9f1e67678d45b7cd8c350d04e95baeead6b79c4cff607556fb7129,False,0,4488,4488,cf8bee4faf9f1e67678d45b7cd8c350d04e95baeead6b79c4cff607556fb7129,cf8bee4faf9f1e67678d45b7cd8c350d04e95baeead6b79c4cff607556fb7129,True,1
test,184,541,1022,cf8bee4faf9f1e67678d45b7cd8c350d04e95baeead6b79c4cff607556fb7129,False,0,4488,4488,cf8bee4faf9f1e67678d45b7cd8c350d04e95baeead6b79c4cff607556fb7129,cf8bee4faf9f1e67678d45b7cd8c350d04e95baeead6b79c4cff607556fb7129,True,1
test,185,132,379,cf8bee4faf9f1e67678d45b7cd8c350d04e95baeead6b79c4cff607556fb7129,False,0,4488,4488,cf8bee4faf9f1e67678d45b7cd8c350d04e95baeead6b79c4cff607556fb7129,cf8bee4faf9f1e67678d45b7cd8c350d04e95baeead6b79c4cff607556fb7129,True,1
test,186,1203,1410,cf8bee4faf9f1e67678d45b7cd8c350d04e95baeead6b79c4cff607556fb7129,False,0,4488,4488,cf8bee4faf9f1e67678d45b7cd8c350d04e95baeead6b79c4cff607556fb7129,cf8bee4faf9f1e67678d45b7cd8c350d04e95baeead6b79c4cff607556fb7129,True,1
test,187,2151,2423,cf8bee4faf9f1e67678d45b7cd8c350d04e95baeead6b79c4cff607556fb7129,False,0,4488,4488,cf8bee4faf9f1e67678d45b7cd8c350d04e95baeead6b79c4cff607556fb7129,cf8bee4faf9f1e67678d45b7cd8c350d04e95baeead6b79c4cff607556fb7129,True,1
test,188,1641,2495,cf8bee4faf9f1e67678d45b7cd8c350d04e95baeead6b79c4cff607556fb7129,False,0,4488,4488,cf8bee4faf9f1e67678d45b7cd8c350d04e95baeead6b79c4cff607556fb7129,cf8bee4faf9f1e67678d45b7cd8c350d04e95baeead6b79c4cff607556fb7129,True,1
test,189,478,514,cf8bee4faf9f1e67678d45b7cd8c350d04e95baeead6b79c4cff607556fb7129,False,0,4488,4488,cf8bee4faf9f1e67678d45b7cd8c350d04e95baeead6b79c4cff607556fb7129,cf8bee4faf9f1e67678d45b7cd8c350d04e95baeead6b79c4cff607556fb7129,True,1
test,190,2471,2493,cf8bee4faf9f1e67678d45b7cd8c350d04e95baeead6b79c4cff607556fb7129,False,0,4488,4488,cf8bee4faf9f1e67678d45b7cd8c350d04e95baeead6b79c4cff607556fb7129,cf8bee4faf9f1e67678d45b7cd8c350d04e95baeead6b79c4cff607556fb7129,True,1
test,191,42,87,cf8bee4faf9f1e67678d45b7cd8c350d04e95baeead6b79c4cff607556fb7129,False,0,4488,4488,cf8bee4faf9f1e67678d45b7cd8c350d04e95baeead6b79c4cff607556fb7129,cf8bee4faf9f1e67678d45b7cd8c350d04e95baeead6b79c4cff607556fb7129,True,1
test,192,793,1902,cf8bee4faf9f1e67678d45b7cd8c350d04e95baeead6b79c4cff607556fb7129,False,0,4488,4488,cf8bee4faf9f1e67678d45b7cd8c350d04e95baeead6b79c4cff607556fb7129,cf8bee4faf9f1e67678d45b7cd8c350d04e95baeead6b79c4cff607556fb7129,True,1
test,193,30,738,cf8bee4faf9f1e67678d45b7cd8c350d04e95baeead6b79c4cff607556fb7129,False,0,4488,4488,cf8bee4faf9f1e67678d45b7cd8c350d04e95baeead6b79c4cff607556fb7129,cf8bee4faf9f1e67678d45b7cd8c350d04e95baeead6b79c4cff607556fb7129,True,1
test,194,424,436,cf8bee4faf9f1e67678d45b7cd8c350d04e95baeead6b79c4cff607556fb7129,False,0,4488,4488,cf8bee4faf9f1e67678d45b7cd8c350d04e95baeead6b79c4cff607556fb7129,cf8bee4faf9f1e67678d45b7cd8c350d04e95baeead6b79c4cff607556fb7129,True,1
test,195,417,1072,cf8bee4faf9f1e67678d45b7cd8c350d04e95baeead6b79c4cff607556fb7129,False,0,4488,4488,cf8bee4faf9f1e67678d45b7cd8c350d04e95baeead6b79c4cff607556fb7129,cf8bee4faf9f1e67678d45b7cd8c350d04e95baeead6b79c4cff607556fb7129,True,1
test,196,1675,1914,cf8bee4faf9f1e67678d45b7cd8c350d04e95baeead6b79c4cff607556fb7129,False,0,4488,4488,cf8bee4faf9f1e67678d45b7cd8c350d04e95baeead6b79c4cff607556fb7129,cf8bee4faf9f1e67678d45b7cd8c350d04e95baeead6b79c4cff607556fb7129,True,1
test,197,405,2059,cf8bee4faf9f1e67678d45b7cd8c350d04e95baeead6b79c4cff607556fb7129,False,0,4488,4488,cf8bee4faf9f1e67678d45b7cd8c350d04e95baeead6b79c4cff607556fb7129,cf8bee4faf9f1e67678d45b7cd8c350d04e95baeead6b79c4cff607556fb7129,True,1
test,198,1623,1769,cf8bee4faf9f1e67678d45b7cd8c350d04e95baeead6b79c4cff607556fb7129,False,0,4488,4488,cf8bee4faf9f1e67678d45b7cd8c350d04e95baeead6b79c4cff607556fb7129,cf8bee4faf9f1e67678d45b7cd8c350d04e95baeead6b79c4cff607556fb7129,True,1
test,199,1194,2670,cf8bee4faf9f1e67678d45b7cd8c350d04e95baeead6b79c4cff607556fb7129,False,0,4488,4488,cf8bee4faf9f1e67678d45b7cd8c350d04e95baeead6b79c4cff607556fb7129,cf8bee4faf9f1e67678d45b7cd8c350d04e95baeead6b79c4cff607556fb7129,True,1
test,200,85,2488,cf8bee4faf9f1e67678d45b7cd8c350d04e95baeead6b79c4cff607556fb7129,False,0,4488,4488,cf8bee4faf9f1e67678d45b7cd8c350d04e95baeead6b79c4cff607556fb7129,cf8bee4faf9f1e67678d45b7cd8c350d04e95baeead6b79c4cff607556fb7129,True,1
test,201,2251,2252,cf8bee4faf9f1e67678d45b7cd8c350d04e95baeead6b79c4cff607556fb7129,False,0,4488,4488,cf8bee4faf9f1e67678d45b7cd8c350d04e95baeead6b79c4cff607556fb7129,cf8bee4faf9f1e67678d45b7cd8c350d04e95baeead6b79c4cff607556fb7129,True,1
test,202,472,2029,cf8bee4faf9f1e67678d45b7cd8c350d04e95baeead6b79c4cff607556fb7129,False,0,4488,4488,cf8bee4faf9f1e67678d45b7cd8c350d04e95baeead6b79c4cff607556fb7129,cf8bee4faf9f1e67678d45b7cd8c350d04e95baeead6b79c4cff607556fb7129,True,1
test,203,267,2000,cf8bee4faf9f1e67678d45b7cd8c350d04e95baeead6b79c4cff607556fb7129,False,0,4488,4488,cf8bee4faf9f1e67678d45b7cd8c350d04e95baeead6b79c4cff607556fb7129,cf8bee4faf9f1e67678d45b7cd8c350d04e95baeead6b79c4cff607556fb7129,True,1
test,204,1889,1890,cf8bee4faf9f1e67678d45b7cd8c350d04e95baeead6b79c4cff607556fb7129,False,0,4488,4488,cf8bee4faf9f1e67678d45b7cd8c350d04e95baeead6b79c4cff607556fb7129,cf8bee4faf9f1e67678d45b7cd8c350d04e95baeead6b79c4cff607556fb7129,True,1
test,205,1635,2383,cf8bee4faf9f1e67678d45b7cd8c350d04e95baeead6b79c4cff607556fb7129,False,0,4488,4488,cf8bee4faf9f1e67678d45b7cd8c350d04e95baeead6b79c4cff607556fb7129,cf8bee4faf9f1e67678d45b7cd8c350d04e95baeead6b79c4cff607556fb7129,True,1
test,206,423,525,cf8bee4faf9f1e67678d45b7cd8c350d04e95baeead6b79c4cff607556fb7129,False,0,4488,4488,cf8bee4faf9f1e67678d45b7cd8c350d04e95baeead6b79c4cff607556fb7129,cf8bee4faf9f1e67678d45b7cd8c350d04e95baeead6b79c4cff607556fb7129,True,1
test,207,252,973,cf8bee4faf9f1e67678d45b7cd8c350d04e95baeead6b79c4cff607556fb7129,False,0,4488,4488,cf8bee4faf9f1e67678d45b7cd8c350d04e95baeead6b79c4cff607556fb7129,cf8bee4faf9f1e67678d45b7cd8c350d04e95baeead6b79c4cff607556fb7129,True,1
test,208,1224,1370,cf8bee4faf9f1e67678d45b7cd8c350d04e95baeead6b79c4cff607556fb7129,False,0,4488,4488,cf8bee4faf9f1e67678d45b7cd8c350d04e95baeead6b79c4cff607556fb7129,cf8bee4faf9f1e67678d45b7cd8c350d04e95baeead6b79c4cff607556fb7129,True,1
test,209,109,1772,cf8bee4faf9f1e67678d45b7cd8c350d04e95baeead6b79c4cff607556fb7129,False,0,4488,4488,cf8bee4faf9f1e67678d45b7cd8c350d04e95baeead6b79c4cff607556fb7129,cf8bee4faf9f1e67678d45b7cd8c350d04e95baeead6b79c4cff607556fb7129,True,1
test,210,402,776,cf8bee4faf9f1e67678d45b7cd8c350d04e95baeead6b79c4cff607556fb7129,False,0,4488,4488,cf8bee4faf9f1e67678d45b7cd8c350d04e95baeead6b79c4cff607556fb7129,cf8bee4faf9f1e67678d45b7cd8c350d04e95baeead6b79c4cff607556fb7129,True,1
test,211,1013,1293,cf8bee4faf9f1e67678d45b7cd8c350d04e95baeead6b79c4cff607556fb7129,False,0,4488,4488,cf8bee4faf9f1e67678d45b7cd8c350d04e95baeead6b79c4cff607556fb7129,cf8bee4faf9f1e67678d45b7cd8c350d04e95baeead6b79c4cff607556fb7129,True,1
test,212,560,2526,cf8bee4faf9f1e67678d45b7cd8c350d04e95baeead6b79c4cff607556fb7129,False,0,4488,4488,cf8bee4faf9f1e67678d45b7cd8c350d04e95baeead6b79c4cff607556fb7129,cf8bee4faf9f1e67678d45b7cd8c350d04e95baeead6b79c4cff607556fb7129,True,1
test,213,306,308,cf8bee4faf9f1e67678d45b7cd8c350d04e95baeead6b79c4cff607556fb7129,False,0,4488,4488,cf8bee4faf9f1e67678d45b7cd8c350d04e95baeead6b79c4cff607556fb7129,cf8bee4faf9f1e67678d45b7cd8c350d04e95baeead6b79c4cff607556fb7129,True,1
test,214,1142,2326,cf8bee4faf9f1e67678d45b7cd8c350d04e95baeead6b79c4cff607556fb7129,False,0,4488,4488,cf8bee4faf9f1e67678d45b7cd8c350d04e95baeead6b79c4cff607556fb7129,cf8bee4faf9f1e67678d45b7cd8c350d04e95baeead6b79c4cff607556fb7129,True,1
test,215,71,2691,cf8bee4faf9f1e67678d45b7cd8c350d04e95baeead6b79c4cff607556fb7129,False,0,4488,4488,cf8bee4faf9f1e67678d45b7cd8c350d04e95baeead6b79c4cff607556fb7129,cf8bee4faf9f1e67678d45b7cd8c350d04e95baeead6b79c4cff607556fb7129,True,1
test,216,460,1989,cf8bee4faf9f1e67678d45b7cd8c350d04e95baeead6b79c4cff607556fb7129,False,0,4488,4488,cf8bee4faf9f1e67678d45b7cd8c350d04e95baeead6b79c4cff607556fb7129,cf8bee4faf9f1e67678d45b7cd8c350d04e95baeead6b79c4cff607556fb7129,True,1
test,217,1531,1889,cf8bee4faf9f1e67678d45b7cd8c350d04e95baeead6b79c4cff607556fb7129,False,0,4488,4488,cf8bee4faf9f1e67678d45b7cd8c350d04e95baeead6b79c4cff607556fb7129,cf8bee4faf9f1e67678d45b7cd8c350d04e95baeead6b79c4cff607556fb7129,True,1
test,218,1070,1470,cf8bee4faf9f1e67678d45b7cd8c350d04e95baeead6b79c4cff607556fb7129,False,0,4488,4488,cf8bee4faf9f1e67678d45b7cd8c350d04e95baeead6b79c4cff607556fb7129,cf8bee4faf9f1e67678d45b7cd8c350d04e95baeead6b79c4cff607556fb7129,True,1
test,219,825,1765,cf8bee4faf9f1e67678d45b7cd8c350d04e95baeead6b79c4cff607556fb7129,False,0,4488,4488,cf8bee4faf9f1e67678d45b7cd8c350d04e95baeead6b79c4cff607556fb7129,cf8bee4faf9f1e67678d45b7cd8c350d04e95baeead6b79c4cff607556fb7129,True,1
test,220,1399,2227,cf8bee4faf9f1e67678d45b7cd8c350d04e95baeead6b79c4cff607556fb7129,False,0,4488,4488,cf8bee4faf9f1e67678d45b7cd8c350d04e95baeead6b79c4cff607556fb7129,cf8bee4faf9f1e67678d45b7cd8c350d04e95baeead6b79c4cff607556fb7129,True,1
test,221,1920,2310,cf8bee4faf9f1e67678d45b7cd8c350d04e95baeead6b79c4cff607556fb7129,False,0,4488,4488,cf8bee4faf9f1e67678d45b7cd8c350d04e95baeead6b79c4cff607556fb7129,cf8bee4faf9f1e67678d45b7cd8c350d04e95baeead6b79c4cff607556fb7129,True,1
test,222,310,1241,cf8bee4faf9f1e67678d45b7cd8c350d04e95baeead6b79c4cff607556fb7129,False,0,4488,4488,cf8bee4faf9f1e67678d45b7cd8c350d04e95baeead6b79c4cff607556fb7129,cf8bee4faf9f1e67678d45b7cd8c350d04e95baeead6b79c4cff607556fb7129,True,1
test,223,653,1231,cf8bee4faf9f1e67678d45b7cd8c350d04e95baeead6b79c4cff607556fb7129,False,0,4488,4488,cf8bee4faf9f1e67678d45b7cd8c350d04e95baeead6b79c4cff607556fb7129,cf8bee4faf9f1e67678d45b7cd8c350d04e95baeead6b79c4cff607556fb7129,True,1
test,224,472,1182,cf8bee4faf9f1e67678d45b7cd8c350d04e95baeead6b79c4cff607556fb7129,False,0,4488,4488,cf8bee4faf9f1e67678d45b7cd8c350d04e95baeead6b79c4cff607556fb7129,cf8bee4faf9f1e67678d45b7cd8c350d04e95baeead6b79c4cff607556fb7129,True,1
test,225,634,2227,cf8bee4faf9f1e67678d45b7cd8c350d04e95baeead6b79c4cff607556fb7129,False,0,4488,4488,cf8bee4faf9f1e67678d45b7cd8c350d04e95baeead6b79c4cff607556fb7129,cf8bee4faf9f1e67678d45b7cd8c350d04e95baeead6b79c4cff607556fb7129,True,1
test,226,165,2706,cf8bee4faf9f1e67678d45b7cd8c350d04e95baeead6b79c4cff607556fb7129,False,0,4488,4488,cf8bee4faf9f1e67678d45b7cd8c350d04e95baeead6b79c4cff607556fb7129,cf8bee4faf9f1e67678d45b7cd8c350d04e95baeead6b79c4cff607556fb7129,True,1
test,227,1200,2414,cf8bee4faf9f1e67678d45b7cd8c350d04e95baeead6b79c4cff607556fb7129,False,0,4488,4488,cf8bee4faf9f1e67678d45b7cd8c350d04e95baeead6b79c4cff607556fb7129,cf8bee4faf9f1e67678d45b7cd8c350d04e95baeead6b79c4cff607556fb7129,True,1
test,228,839,965,cf8bee4faf9f1e67678d45b7cd8c350d04e95baeead6b79c4cff607556fb7129,False,0,4488,4488,cf8bee4faf9f1e67678d45b7cd8c350d04e95baeead6b79c4cff607556fb7129,cf8bee4faf9f1e67678d45b7cd8c350d04e95baeead6b79c4cff607556fb7129,True,1
test,229,456,2347,cf8bee4faf9f1e67678d45b7cd8c350d04e95baeead6b79c4cff607556fb7129,False,0,4488,4488,cf8bee4faf9f1e67678d45b7cd8c350d04e95baeead6b79c4cff607556fb7129,cf8bee4faf9f1e67678d45b7cd8c350d04e95baeead6b79c4cff607556fb7129,True,1
test,230,1224,1525,cf8bee4faf9f1e67678d45b7cd8c350d04e95baeead6b79c4cff607556fb7129,False,0,4488,4488,cf8bee4faf9f1e67678d45b7cd8c350d04e95baeead6b79c4cff607556fb7129,cf8bee4faf9f1e67678d45b7cd8c350d04e95baeead6b79c4cff607556fb7129,True,1
test,231,1725,2597,cf8bee4faf9f1e67678d45b7cd8c350d04e95baeead6b79c4cff607556fb7129,False,0,4488,4488,cf8bee4faf9f1e67678d45b7cd8c350d04e95baeead6b79c4cff607556fb7129,cf8bee4faf9f1e67678d45b7cd8c350d04e95baeead6b79c4cff607556fb7129,True,1
test,232,186,1672,cf8bee4faf9f1e67678d45b7cd8c350d04e95baeead6b79c4cff607556fb7129,False,0,4488,4488,cf8bee4faf9f1e67678d45b7cd8c350d04e95baeead6b79c4cff607556fb7129,cf8bee4faf9f1e67678d45b7cd8c350d04e95baeead6b79c4cff607556fb7129,True,1
test,233,281,2247,cf8bee4faf9f1e67678d45b7cd8c350d04e95baeead6b79c4cff607556fb7129,False,0,4488,4488,cf8bee4faf9f1e67678d45b7cd8c350d04e95baeead6b79c4cff607556fb7129,cf8bee4faf9f1e67678d45b7cd8c350d04e95baeead6b79c4cff607556fb7129,True,1
test,234,1148,1317,cf8bee4faf9f1e67678d45b7cd8c350d04e95baeead6b79c4cff607556fb7129,False,0,4488,4488,cf8bee4faf9f1e67678d45b7cd8c350d04e95baeead6b79c4cff607556fb7129,cf8bee4faf9f1e67678d45b7cd8c350d04e95baeead6b79c4cff607556fb7129,True,1
test,235,2221,2507,cf8bee4faf9f1e67678d45b7cd8c350d04e95baeead6b79c4cff607556fb7129,False,0,4488,4488,cf8bee4faf9f1e67678d45b7cd8c350d04e95baeead6b79c4cff607556fb7129,cf8bee4faf9f1e67678d45b7cd8c350d04e95baeead6b79c4cff607556fb7129,True,1
test,236,2247,2543,cf8bee4faf9f1e67678d45b7cd8c350d04e95baeead6b79c4cff607556fb7129,False,0,4488,4488,cf8bee4faf9f1e67678d45b7cd8c350d04e95baeead6b79c4cff607556fb7129,cf8bee4faf9f1e67678d45b7cd8c350d04e95baeead6b79c4cff607556fb7129,True,1
test,237,676,1955,cf8bee4faf9f1e67678d45b7cd8c350d04e95baeead6b79c4cff607556fb7129,False,0,4488,4488,cf8bee4faf9f1e67678d45b7cd8c350d04e95baeead6b79c4cff607556fb7129,cf8bee4faf9f1e67678d45b7cd8c350d04e95baeead6b79c4cff607556fb7129,True,1
test,238,1072,1725,cf8bee4faf9f1e67678d45b7cd8c350d04e95baeead6b79c4cff607556fb7129,False,0,4488,4488,cf8bee4faf9f1e67678d45b7cd8c350d04e95baeead6b79c4cff607556fb7129,cf8bee4faf9f1e67678d45b7cd8c350d04e95baeead6b79c4cff607556fb7129,True,1
test,239,764,1358,cf8bee4faf9f1e67678d45b7cd8c350d04e95baeead6b79c4cff607556fb7129,False,0,4488,4488,cf8bee4faf9f1e67678d45b7cd8c350d04e95baeead6b79c4cff607556fb7129,cf8bee4faf9f1e67678d45b7cd8c350d04e95baeead6b79c4cff607556fb7129,True,1
test,240,639,900,cf8bee4faf9f1e67678d45b7cd8c350d04e95baeead6b79c4cff607556fb7129,False,0,4488,4488,cf8bee4faf9f1e67678d45b7cd8c350d04e95baeead6b79c4cff607556fb7129,cf8bee4faf9f1e67678d45b7cd8c350d04e95baeead6b79c4cff607556fb7129,True,1
test,241,1901,2284,cf8bee4faf9f1e67678d45b7cd8c350d04e95baeead6b79c4cff607556fb7129,False,0,4488,4488,cf8bee4faf9f1e67678d45b7cd8c350d04e95baeead6b79c4cff607556fb7129,cf8bee4faf9f1e67678d45b7cd8c350d04e95baeead6b79c4cff607556fb7129,True,1
test,242,90,155,cf8bee4faf9f1e67678d45b7cd8c350d04e95baeead6b79c4cff607556fb7129,False,0,4488,4488,cf8bee4faf9f1e67678d45b7cd8c350d04e95baeead6b79c4cff607556fb7129,cf8bee4faf9f1e67678d45b7cd8c350d04e95baeead6b79c4cff607556fb7129,True,1
test,243,1037,2654,cf8bee4faf9f1e67678d45b7cd8c350d04e95baeead6b79c4cff607556fb7129,False,0,4488,4488,cf8bee4faf9f1e67678d45b7cd8c350d04e95baeead6b79c4cff607556fb7129,cf8bee4faf9f1e67678d45b7cd8c350d04e95baeead6b79c4cff607556fb7129,True,1
test,244,609,2448,cf8bee4faf9f1e67678d45b7cd8c350d04e95baeead6b79c4cff607556fb7129,False,0,4488,4488,cf8bee4faf9f1e67678d45b7cd8c350d04e95baeead6b79c4cff607556fb7129,cf8bee4faf9f1e67678d45b7cd8c350d04e95baeead6b79c4cff607556fb7129,True,1
test,245,434,1524,cf8bee4faf9f1e67678d45b7cd8c350d04e95baeead6b79c4cff607556fb7129,False,0,4488,4488,cf8bee4faf9f1e67678d45b7cd8c350d04e95baeead6b79c4cff607556fb7129,cf8bee4faf9f1e67678d45b7cd8c350d04e95baeead6b79c4cff607556fb7129,True,1
test,246,1676,1914,cf8bee4faf9f1e67678d45b7cd8c350d04e95baeead6b79c4cff607556fb7129,False,0,4488,4488,cf8bee4faf9f1e67678d45b7cd8c350d04e95baeead6b79c4cff607556fb7129,cf8bee4faf9f1e67678d45b7cd8c350d04e95baeead6b79c4cff607556fb7129,True,1
test,247,449,2581,cf8bee4faf9f1e67678d45b7cd8c350d04e95baeead6b79c4cff607556fb7129,False,0,4488,4488,cf8bee4faf9f1e67678d45b7cd8c350d04e95baeead6b79c4cff607556fb7129,cf8bee4faf9f1e67678d45b7cd8c350d04e95baeead6b79c4cff607556fb7129,True,1
test,248,487,1773,cf8bee4faf9f1e67678d45b7cd8c350d04e95baeead6b79c4cff607556fb7129,False,0,4488,4488,cf8bee4faf9f1e67678d45b7cd8c350d04e95baeead6b79c4cff607556fb7129,cf8bee4faf9f1e67678d45b7cd8c350d04e95baeead6b79c4cff607556fb7129,True,1
test,249,666,1973,cf8bee4faf9f1e67678d45b7cd8c350d04e95baeead6b79c4cff607556fb7129,False,0,4488,4488,cf8bee4faf9f1e67678d45b7cd8c350d04e95baeead6b79c4cff607556fb7129,cf8bee4faf9f1e67678d45b7cd8c350d04e95baeead6b79c4cff607556fb7129,True,1
test,250,873,2313,cf8bee4faf9f1e67678d45b7cd8c350d04e95baeead6b79c4cff607556fb7129,False,0,4488,4488,cf8bee4faf9f1e67678d45b7cd8c350d04e95baeead6b79c4cff607556fb7129,cf8bee4faf9f1e67678d45b7cd8c350d04e95baeead6b79c4cff607556fb7129,True,1
test,251,1986,1991,cf8bee4faf9f1e67678d45b7cd8c350d04e95baeead6b79c4cff607556fb7129,False,0,4488,4488,cf8bee4faf9f1e67678d45b7cd8c350d04e95baeead6b79c4cff607556fb7129,cf8bee4faf9f1e67678d45b7cd8c350d04e95baeead6b79c4cff607556fb7129,True,1
test,252,210,1079,cf8bee4faf9f1e67678d45b7cd8c350d04e95baeead6b79c4cff607556fb7129,False,0,4488,4488,cf8bee4faf9f1e67678d45b7cd8c350d04e95baeead6b79c4cff607556fb7129,cf8bee4faf9f1e67678d45b7cd8c350d04e95baeead6b79c4cff607556fb7129,True,1
test,253,108,2157,cf8bee4faf9f1e67678d45b7cd8c350d04e95baeead6b79c4cff607556fb7129,False,0,4488,4488,cf8bee4faf9f1e67678d45b7cd8c350d04e95baeead6b79c4cff607556fb7129,cf8bee4faf9f1e67678d45b7cd8c350d04e95baeead6b79c4cff607556fb7129,True,1
test,254,1807,2034,cf8bee4faf9f1e67678d45b7cd8c350d04e95baeead6b79c4cff607556fb7129,False,0,4488,4488,cf8bee4faf9f1e67678d45b7cd8c350d04e95baeead6b79c4cff607556fb7129,cf8bee4faf9f1e67678d45b7cd8c350d04e95baeead6b79c4cff607556fb7129,True,1
test,255,1310,2692,cf8bee4faf9f1e67678d45b7cd8c350d04e95baeead6b79c4cff607556fb7129,False,0,4488,4488,cf8bee4faf9f1e67678d45b7cd8c350d04e95baeead6b79c4cff607556fb7129,cf8bee4faf9f1e67678d45b7cd8c350d04e95baeead6b79c4cff607556fb7129,True,1
test,256,2075,2077,cf8bee4faf9f1e67678d45b7cd8c350d04e95baeead6b79c4cff607556fb7129,False,0,4488,4488,cf8bee4faf9f1e67678d45b7cd8c350d04e95baeead6b79c4cff607556fb7129,cf8bee4faf9f1e67678d45b7cd8c350d04e95baeead6b79c4cff607556fb7129,True,1
test,257,367,2451,cf8bee4faf9f1e67678d45b7cd8c350d04e95baeead6b79c4cff607556fb7129,False,0,4488,4488,cf8bee4faf9f1e67678d45b7cd8c350d04e95baeead6b79c4cff607556fb7129,cf8bee4faf9f1e67678d45b7cd8c350d04e95baeead6b79c4cff607556fb7129,True,1
test,258,40,1364,cf8bee4faf9f1e67678d45b7cd8c350d04e95baeead6b79c4cff607556fb7129,False,0,4488,4488,cf8bee4faf9f1e67678d45b7cd8c350d04e95baeead6b79c4cff607556fb7129,cf8bee4faf9f1e67678d45b7cd8c350d04e95baeead6b79c4cff607556fb7129,True,1
test,259,110,567,cf8bee4faf9f1e67678d45b7cd8c350d04e95baeead6b79c4cff607556fb7129,False,0,4488,4488,cf8bee4faf9f1e67678d45b7cd8c350d04e95baeead6b79c4cff607556fb7129,cf8bee4faf9f1e67678d45b7cd8c350d04e95baeead6b79c4cff607556fb7129,True,1
test,260,961,2555,cf8bee4faf9f1e67678d45b7cd8c350d04e95baeead6b79c4cff607556fb7129,False,0,4488,4488,cf8bee4faf9f1e67678d45b7cd8c350d04e95baeead6b79c4cff607556fb7129,cf8bee4faf9f1e67678d45b7cd8c350d04e95baeead6b79c4cff607556fb7129,True,1
test,261,444,2289,cf8bee4faf9f1e67678d45b7cd8c350d04e95baeead6b79c4cff607556fb7129,False,0,4488,4488,cf8bee4faf9f1e67678d45b7cd8c350d04e95baeead6b79c4cff607556fb7129,cf8bee4faf9f1e67678d45b7cd8c350d04e95baeead6b79c4cff607556fb7129,True,1
test,262,142,1628,cf8bee4faf9f1e67678d45b7cd8c350d04e95baeead6b79c4cff607556fb7129,False,0,4488,4488,cf8bee4faf9f1e67678d45b7cd8c350d04e95baeead6b79c4cff607556fb7129,cf8bee4faf9f1e67678d45b7cd8c350d04e95baeead6b79c4cff607556fb7129,True,1
test,263,290,1765,cf8bee4faf9f1e67678d45b7cd8c350d04e95baeead6b79c4cff607556fb7129,False,0,4488,4488,cf8bee4faf9f1e67678d45b7cd8c350d04e95baeead6b79c4cff607556fb7129,cf8bee4faf9f1e67678d45b7cd8c350d04e95baeead6b79c4cff607556fb7129,True,1
test,264,167,1056,cf8bee4faf9f1e67678d45b7cd8c350d04e95baeead6b79c4cff607556fb7129,False,0,4488,4488,cf8bee4faf9f1e67678d45b7cd8c350d04e95baeead6b79c4cff607556fb7129,cf8bee4faf9f1e67678d45b7cd8c350d04e95baeead6b79c4cff607556fb7129,True,1
test,265,353,1345,cf8bee4faf9f1e67678d45b7cd8c350d04e95baeead6b79c4cff607556fb7129,False,0,4488,4488,cf8bee4faf9f1e67678d45b7cd8c350d04e95baeead6b79c4cff607556fb7129,cf8bee4faf9f1e67678d45b7cd8c350d04e95baeead6b79c4cff607556fb7129,True,1
test,266,2304,2385,cf8bee4faf9f1e67678d45b7cd8c350d04e95baeead6b79c4cff607556fb7129,False,0,4488,4488,cf8bee4faf9f1e67678d45b7cd8c350d04e95baeead6b79c4cff607556fb7129,cf8bee4faf9f1e67678d45b7cd8c350d04e95baeead6b79c4cff607556fb7129,True,1
test,267,306,2080,cf8bee4faf9f1e67678d45b7cd8c350d04e95baeead6b79c4cff607556fb7129,False,0,4488,4488,cf8bee4faf9f1e67678d45b7cd8c350d04e95baeead6b79c4cff607556fb7129,cf8bee4faf9f1e67678d45b7cd8c350d04e95baeead6b79c4cff607556fb7129,True,1
test,268,918,1098,cf8bee4faf9f1e67678d45b7cd8c350d04e95baeead6b79c4cff607556fb7129,False,0,4488,4488,cf8bee4faf9f1e67678d45b7cd8c350d04e95baeead6b79c4cff607556fb7129,cf8bee4faf9f1e67678d45b7cd8c350d04e95baeead6b79c4cff607556fb7129,True,1
test,269,962,1809,cf8bee4faf9f1e67678d45b7cd8c350d04e95baeead6b79c4cff607556fb7129,False,0,4488,4488,cf8bee4faf9f1e67678d45b7cd8c350d04e95baeead6b79c4cff607556fb7129,cf8bee4faf9f1e67678d45b7cd8c350d04e95baeead6b79c4cff607556fb7129,True,1
test,270,1721,2476,cf8bee4faf9f1e67678d45b7cd8c350d04e95baeead6b79c4cff607556fb7129,False,0,4488,4488,cf8bee4faf9f1e67678d45b7cd8c350d04e95baeead6b79c4cff607556fb7129,cf8bee4faf9f1e67678d45b7cd8c350d04e95baeead6b79c4cff607556fb7129,True,1
test,271,347,408,cf8bee4faf9f1e67678d45b7cd8c350d04e95baeead6b79c4cff607556fb7129,False,0,4488,4488,cf8bee4faf9f1e67678d45b7cd8c350d04e95baeead6b79c4cff607556fb7129,cf8bee4faf9f1e67678d45b7cd8c350d04e95baeead6b79c4cff607556fb7129,True,1
test,272,526,1007,cf8bee4faf9f1e67678d45b7cd8c350d04e95baeead6b79c4cff607556fb7129,False,0,4488,4488,cf8bee4faf9f1e67678d45b7cd8c350d04e95baeead6b79c4cff607556fb7129,cf8bee4faf9f1e67678d45b7cd8c350d04e95baeead6b79c4cff607556fb7129,True,1
test,273,717,1907,cf8bee4faf9f1e67678d45b7cd8c350d04e95baeead6b79c4cff607556fb7129,False,0,4488,4488,cf8bee4faf9f1e67678d45b7cd8c350d04e95baeead6b79c4cff607556fb7129,cf8bee4faf9f1e67678d45b7cd8c350d04e95baeead6b79c4cff607556fb7129,True,1
test,274,482,2230,cf8bee4faf9f1e67678d45b7cd8c350d04e95baeead6b79c4cff607556fb7129,False,0,4488,4488,cf8bee4faf9f1e67678d45b7cd8c350d04e95baeead6b79c4cff607556fb7129,cf8bee4faf9f1e67678d45b7cd8c350d04e95baeead6b79c4cff607556fb7129,True,1
test,275,1623,1772,cf8bee4faf9f1e67678d45b7cd8c350d04e95baeead6b79c4cff607556fb7129,False,0,4488,4488,cf8bee4faf9f1e67678d45b7cd8c350d04e95baeead6b79c4cff607556fb7129,cf8bee4faf9f1e67678d45b7cd8c350d04e95baeead6b79c4cff607556fb7129,True,1
test,276,870,1119,cf8bee4faf9f1e67678d45b7cd8c350d04e95baeead6b79c4cff607556fb7129,False,0,4488,4488,cf8bee4faf9f1e67678d45b7cd8c350d04e95baeead6b79c4cff607556fb7129,cf8bee4faf9f1e67678d45b7cd8c350d04e95baeead6b79c4cff607556fb7129,True,1
test,277,833,1678,cf8bee4faf9f1e67678d45b7cd8c350d04e95baeead6b79c4cff607556fb7129,False,0,4488,4488,cf8bee4faf9f1e67678d45b7cd8c350d04e95baeead6b79c4cff607556fb7129,cf8bee4faf9f1e67678d45b7cd8c350d04e95baeead6b79c4cff607556fb7129,True,1
test,278,1133,1500,cf8bee4faf9f1e67678d45b7cd8c350d04e95baeead6b79c4cff607556fb7129,False,0,4488,4488,cf8bee4faf9f1e67678d45b7cd8c350d04e95baeead6b79c4cff607556fb7129,cf8bee4faf9f1e67678d45b7cd8c350d04e95baeead6b79c4cff607556fb7129,True,1
test,279,733,862,cf8bee4faf9f1e67678d45b7cd8c350d04e95baeead6b79c4cff607556fb7129,False,0,4488,4488,cf8bee4faf9f1e67678d45b7cd8c350d04e95baeead6b79c4cff607556fb7129,cf8bee4faf9f1e67678d45b7cd8c350d04e95baeead6b79c4cff607556fb7129,True,1
test,280,1301,2140,cf8bee4faf9f1e67678d45b7cd8c350d04e95baeead6b79c4cff607556fb7129,False,0,4488,4488,cf8bee4faf9f1e67678d45b7cd8c350d04e95baeead6b79c4cff607556fb7129,cf8bee4faf9f1e67678d45b7cd8c350d04e95baeead6b79c4cff607556fb7129,True,1
test,281,551,2388,cf8bee4faf9f1e67678d45b7cd8c350d04e95baeead6b79c4cff607556fb7129,False,0,4488,4488,cf8bee4faf9f1e67678d45b7cd8c350d04e95baeead6b79c4cff607556fb7129,cf8bee4faf9f1e67678d45b7cd8c350d04e95baeead6b79c4cff607556fb7129,True,1
test,282,269,321,cf8bee4faf9f1e67678d45b7cd8c350d04e95baeead6b79c4cff607556fb7129,False,0,4488,4488,cf8bee4faf9f1e67678d45b7cd8c350d04e95baeead6b79c4cff607556fb7129,cf8bee4faf9f1e67678d45b7cd8c350d04e95baeead6b79c4cff607556fb7129,True,1
test,283,88,415,cf8bee4faf9f1e67678d45b7cd8c350d04e95baeead6b79c4cff607556fb7129,False,0,4488,4488,cf8bee4faf9f1e67678d45b7cd8c350d04e95baeead6b79c4cff607556fb7129,cf8bee4faf9f1e67678d45b7cd8c350d04e95baeead6b79c4cff607556fb7129,True,1
test,284,1955,2235,cf8bee4faf9f1e67678d45b7cd8c350d04e95baeead6b79c4cff607556fb7129,False,0,4488,4488,cf8bee4faf9f1e67678d45b7cd8c350d04e95baeead6b79c4cff607556fb7129,cf8bee4faf9f1e67678d45b7cd8c350d04e95baeead6b79c4cff607556fb7129,True,1
test,285,901,1042,cf8bee4faf9f1e67678d45b7cd8c350d04e95baeead6b79c4cff607556fb7129,False,0,4488,4488,cf8bee4faf9f1e67678d45b7cd8c350d04e95baeead6b79c4cff607556fb7129,cf8bee4faf9f1e67678d45b7cd8c350d04e95baeead6b79c4cff607556fb7129,True,1
test,286,119,1549,cf8bee4faf9f1e67678d45b7cd8c350d04e95baeead6b79c4cff607556fb7129,False,0,4488,4488,cf8bee4faf9f1e67678d45b7cd8c350d04e95baeead6b79c4cff607556fb7129,cf8bee4faf9f1e67678d45b7cd8c350d04e95baeead6b79c4cff607556fb7129,True,1
test,287,482,1810,cf8bee4faf9f1e67678d45b7cd8c350d04e95baeead6b79c4cff607556fb7129,False,0,4488,4488,cf8bee4faf9f1e67678d45b7cd8c350d04e95baeead6b79c4cff607556fb7129,cf8bee4faf9f1e67678d45b7cd8c350d04e95baeead6b79c4cff607556fb7129,True,1
test,288,48,598,cf8bee4faf9f1e67678d45b7cd8c350d04e95baeead6b79c4cff607556fb7129,False,0,4488,4488,cf8bee4faf9f1e67678d45b7cd8c350d04e95baeead6b79c4cff607556fb7129,cf8bee4faf9f1e67678d45b7cd8c350d04e95baeead6b79c4cff607556fb7129,True,1
test,289,744,1154,cf8bee4faf9f1e67678d45b7cd8c350d04e95baeead6b79c4cff607556fb7129,False,0,4488,4488,cf8bee4faf9f1e67678d45b7cd8c350d04e95baeead6b79c4cff607556fb7129,cf8bee4faf9f1e67678d45b7cd8c350d04e95baeead6b79c4cff607556fb7129,True,1
test,290,1951,2206,cf8bee4faf9f1e67678d45b7cd8c350d04e95baeead6b79c4cff607556fb7129,False,0,4488,4488,cf8bee4faf9f1e67678d45b7cd8c350d04e95baeead6b79c4cff607556fb7129,cf8bee4faf9f1e67678d45b7cd8c350d04e95baeead6b79c4cff607556fb7129,True,1
test,291,537,1165,cf8bee4faf9f1e67678d45b7cd8c350d04e95baeead6b79c4cff607556fb7129,False,0,4488,4488,cf8bee4faf9f1e67678d45b7cd8c350d04e95baeead6b79c4cff607556fb7129,cf8bee4faf9f1e67678d45b7cd8c350d04e95baeead6b79c4cff607556fb7129,True,1
test,292,439,1169,cf8bee4faf9f1e67678d45b7cd8c350d04e95baeead6b79c4cff607556fb7129,False,0,4488,4488,cf8bee4faf9f1e67678d45b7cd8c350d04e95baeead6b79c4cff607556fb7129,cf8bee4faf9f1e67678d45b7cd8c350d04e95baeead6b79c4cff607556fb7129,True,1
test,293,649,1171,cf8bee4faf9f1e67678d45b7cd8c350d04e95baeead6b79c4cff607556fb7129,False,0,4488,4488,cf8bee4faf9f1e67678d45b7cd8c350d04e95baeead6b79c4cff607556fb7129,cf8bee4faf9f1e67678d45b7cd8c350d04e95baeead6b79c4cff607556fb7129,True,1
test,294,117,259,cf8bee4faf9f1e67678d45b7cd8c350d04e95baeead6b79c4cff607556fb7129,False,0,4488,4488,cf8bee4faf9f1e67678d45b7cd8c350d04e95baeead6b79c4cff607556fb7129,cf8bee4faf9f1e67678d45b7cd8c350d04e95baeead6b79c4cff607556fb7129,True,1
test,295,760,985,cf8bee4faf9f1e67678d45b7cd8c350d04e95baeead6b79c4cff607556fb7129,False,0,4488,4488,cf8bee4faf9f1e67678d45b7cd8c350d04e95baeead6b79c4cff607556fb7129,cf8bee4faf9f1e67678d45b7cd8c350d04e95baeead6b79c4cff607556fb7129,True,1
test,296,1724,2215,cf8bee4faf9f1e67678d45b7cd8c350d04e95baeead6b79c4cff607556fb7129,False,0,4488,4488,cf8bee4faf9f1e67678d45b7cd8c350d04e95baeead6b79c4cff607556fb7129,cf8bee4faf9f1e67678d45b7cd8c350d04e95baeead6b79c4cff607556fb7129,True,1
test,297,2181,2196,cf8bee4faf9f1e67678d45b7cd8c350d04e95baeead6b79c4cff607556fb7129,False,0,4488,4488,cf8bee4faf9f1e67678d45b7cd8c350d04e95baeead6b79c4cff607556fb7129,cf8bee4faf9f1e67678d45b7cd8c350d04e95baeead6b79c4cff607556fb7129,True,1
test,298,56,447,cf8bee4faf9f1e67678d45b7cd8c350d04e95baeead6b79c4cff607556fb7129,False,0,4488,4488,cf8bee4faf9f1e67678d45b7cd8c350d04e95baeead6b79c4cff607556fb7129,cf8bee4faf9f1e67678d45b7cd8c350d04e95baeead6b79c4cff607556fb7129,True,1
test,299,1061,1196,cf8bee4faf9f1e67678d45b7cd8c350d04e95baeead6b79c4cff607556fb7129,False,0,4488,4488,cf8bee4faf9f1e67678d45b7cd8c350d04e95baeead6b79c4cff607556fb7129,cf8bee4faf9f1e67678d45b7cd8c350d04e95baeead6b79c4cff607556fb7129,True,1
test,300,1131,1909,cf8bee4faf9f1e67678d45b7cd8c350d04e95baeead6b79c4cff607556fb7129,False,0,4488,4488,cf8bee4faf9f1e67678d45b7cd8c350d04e95baeead6b79c4cff607556fb7129,cf8bee4faf9f1e67678d45b7cd8c350d04e95baeead6b79c4cff607556fb7129,True,1
test,301,448,1826,cf8bee4faf9f1e67678d45b7cd8c350d04e95baeead6b79c4cff607556fb7129,False,0,4488,4488,cf8bee4faf9f1e67678d45b7cd8c350d04e95baeead6b79c4cff607556fb7129,cf8bee4faf9f1e67678d45b7cd8c350d04e95baeead6b79c4cff607556fb7129,True,1
test,302,133,1623,cf8bee4faf9f1e67678d45b7cd8c350d04e95baeead6b79c4cff607556fb7129,False,0,4488,4488,cf8bee4faf9f1e67678d45b7cd8c350d04e95baeead6b79c4cff607556fb7129,cf8bee4faf9f1e67678d45b7cd8c350d04e95baeead6b79c4cff607556fb7129,True,1
test,303,985,1073,cf8bee4faf9f1e67678d45b7cd8c350d04e95baeead6b79c4cff607556fb7129,False,0,4488,4488,cf8bee4faf9f1e67678d45b7cd8c350d04e95baeead6b79c4cff607556fb7129,cf8bee4faf9f1e67678d45b7cd8c350d04e95baeead6b79c4cff607556fb7129,True,1
test,304,701,2062,cf8bee4faf9f1e67678d45b7cd8c350d04e95baeead6b79c4cff607556fb7129,False,0,4488,4488,cf8bee4faf9f1e67678d45b7cd8c350d04e95baeead6b79c4cff607556fb7129,cf8bee4faf9f1e67678d45b7cd8c350d04e95baeead6b79c4cff607556fb7129,True,1
test,305,767,873,cf8bee4faf9f1e67678d45b7cd8c350d04e95baeead6b79c4cff607556fb7129,False,0,4488,4488,cf8bee4faf9f1e67678d45b7cd8c350d04e95baeead6b79c4cff607556fb7129,cf8bee4faf9f1e67678d45b7cd8c350d04e95baeead6b79c4cff607556fb7129,True,1
test,306,1712,1725,cf8bee4faf9f1e67678d45b7cd8c350d04e95baeead6b79c4cff607556fb7129,False,0,4488,4488,cf8bee4faf9f1e67678d45b7cd8c350d04e95baeead6b79c4cff607556fb7129,cf8bee4faf9f1e67678d45b7cd8c350d04e95baeead6b79c4cff607556fb7129,True,1
test,307,6,373,cf8bee4faf9f1e67678d45b7cd8c350d04e95baeead6b79c4cff607556fb7129,False,0,4488,4488,cf8bee4faf9f1e67678d45b7cd8c350d04e95baeead6b79c4cff607556fb7129,cf8bee4faf9f1e67678d45b7cd8c350d04e95baeead6b79c4cff607556fb7129,True,1
test,308,1463,2133,cf8bee4faf9f1e67678d45b7cd8c350d04e95baeead6b79c4cff607556fb7129,False,0,4488,4488,cf8bee4faf9f1e67678d45b7cd8c350d04e95baeead6b79c4cff607556fb7129,cf8bee4faf9f1e67678d45b7cd8c350d04e95baeead6b79c4cff607556fb7129,True,1
test,309,229,1894,cf8bee4faf9f1e67678d45b7cd8c350d04e95baeead6b79c4cff607556fb7129,False,0,4488,4488,cf8bee4faf9f1e67678d45b7cd8c350d04e95baeead6b79c4cff607556fb7129,cf8bee4faf9f1e67678d45b7cd8c350d04e95baeead6b79c4cff607556fb7129,True,1
test,310,1358,1745,cf8bee4faf9f1e67678d45b7cd8c350d04e95baeead6b79c4cff607556fb7129,False,0,4488,4488,cf8bee4faf9f1e67678d45b7cd8c350d04e95baeead6b79c4cff607556fb7129,cf8bee4faf9f1e67678d45b7cd8c350d04e95baeead6b79c4cff607556fb7129,True,1
test,311,1334,1542,cf8bee4faf9f1e67678d45b7cd8c350d04e95baeead6b79c4cff607556fb7129,False,0,4488,4488,cf8bee4faf9f1e67678d45b7cd8c350d04e95baeead6b79c4cff607556fb7129,cf8bee4faf9f1e67678d45b7cd8c350d04e95baeead6b79c4cff607556fb7129,True,1
test,312,442,2362,cf8bee4faf9f1e67678d45b7cd8c350d04e95baeead6b79c4cff607556fb7129,False,0,4488,4488,cf8bee4faf9f1e67678d45b7cd8c350d04e95baeead6b79c4cff607556fb7129,cf8bee4faf9f1e67678d45b7cd8c350d04e95baeead6b79c4cff607556fb7129,True,1
test,313,383,2268,cf8bee4faf9f1e67678d45b7cd8c350d04e95baeead6b79c4cff607556fb7129,False,0,4488,4488,cf8bee4faf9f1e67678d45b7cd8c350d04e95baeead6b79c4cff607556fb7129,cf8bee4faf9f1e67678d45b7cd8c350d04e95baeead6b79c4cff607556fb7129,True,1
test,314,525,1628,cf8bee4faf9f1e67678d45b7cd8c350d04e95baeead6b79c4cff607556fb7129,False,0,4488,4488,cf8bee4faf9f1e67678d45b7cd8c350d04e95baeead6b79c4cff607556fb7129,cf8bee4faf9f1e67678d45b7cd8c350d04e95baeead6b79c4cff607556fb7129,True,1
test,315,1899,1902,cf8bee4faf9f1e67678d45b7cd8c350d04e95baeead6b79c4cff607556fb7129,False,0,4488,4488,cf8bee4faf9f1e67678d45b7cd8c350d04e95baeead6b79c4cff607556fb7129,cf8bee4faf9f1e67678d45b7cd8c350d04e95baeead6b79c4cff607556fb7129,True,1
test,316,1986,2001,cf8bee4faf9f1e67678d45b7cd8c350d04e95baeead6b79c4cff607556fb7129,False,0,4488,4488,cf8bee4faf9f1e67678d45b7cd8c350d04e95baeead6b79c4cff607556fb7129,cf8bee4faf9f1e67678d45b7cd8c350d04e95baeead6b79c4cff607556fb7129,True,1
test,317,1358,1761,cf8bee4faf9f1e67678d45b7cd8c350d04e95baeead6b79c4cff607556fb7129,False,0,4488,4488,cf8bee4faf9f1e67678d45b7cd8c350d04e95baeead6b79c4cff607556fb7129,cf8bee4faf9f1e67678d45b7cd8c350d04e95baeead6b79c4cff607556fb7129,True,1
test,318,745,1986,cf8bee4faf9f1e67678d45b7cd8c350d04e95baeead6b79c4cff607556fb7129,False,0,4488,4488,cf8bee4faf9f1e67678d45b7cd8c350d04e95baeead6b79c4cff607556fb7129,cf8bee4faf9f1e67678d45b7cd8c350d04e95baeead6b79c4cff607556fb7129,True,1
test,319,32,518,cf8bee4faf9f1e67678d45b7cd8c350d04e95baeead6b79c4cff607556fb7129,False,0,4488,4488,cf8bee4faf9f1e67678d45b7cd8c350d04e95baeead6b79c4cff607556fb7129,cf8bee4faf9f1e67678d45b7cd8c350d04e95baeead6b79c4cff607556fb7129,True,1
test,320,1427,2446,cf8bee4faf9f1e67678d45b7cd8c350d04e95baeead6b79c4cff607556fb7129,False,0,4488,4488,cf8bee4faf9f1e67678d45b7cd8c350d04e95baeead6b79c4cff607556fb7129,cf8bee4faf9f1e67678d45b7cd8c350d04e95baeead6b79c4cff607556fb7129,True,1
test,321,368,428,cf8bee4faf9f1e67678d45b7cd8c350d04e95baeead6b79c4cff607556fb7129,False,0,4488,4488,cf8bee4faf9f1e67678d45b7cd8c350d04e95baeead6b79c4cff607556fb7129,cf8bee4faf9f1e67678d45b7cd8c350d04e95baeead6b79c4cff607556fb7129,True,1
test,322,47,163,cf8bee4faf9f1e67678d45b7cd8c350d04e95baeead6b79c4cff607556fb7129,False,0,4488,4488,cf8bee4faf9f1e67678d45b7cd8c350d04e95baeead6b79c4cff607556fb7129,cf8bee4faf9f1e67678d45b7cd8c350d04e95baeead6b79c4cff607556fb7129,True,1
test,323,1671,2137,cf8bee4faf9f1e67678d45b7cd8c350d04e95baeead6b79c4cff607556fb7129,False,0,4488,4488,cf8bee4faf9f1e67678d45b7cd8c350d04e95baeead6b79c4cff607556fb7129,cf8bee4faf9f1e67678d45b7cd8c350d04e95baeead6b79c4cff607556fb7129,True,1
test,324,710,2212,cf8bee4faf9f1e67678d45b7cd8c350d04e95baeead6b79c4cff607556fb7129,False,0,4488,4488,cf8bee4faf9f1e67678d45b7cd8c350d04e95baeead6b79c4cff607556fb7129,cf8bee4faf9f1e67678d45b7cd8c350d04e95baeead6b79c4cff607556fb7129,True,1
test,325,218,2119,cf8bee4faf9f1e67678d45b7cd8c350d04e95baeead6b79c4cff607556fb7129,False,0,4488,4488,cf8bee4faf9f1e67678d45b7cd8c350d04e95baeead6b79c4cff607556fb7129,cf8bee4faf9f1e67678d45b7cd8c350d04e95baeead6b79c4cff607556fb7129,True,1
test,326,441,1537,cf8bee4faf9f1e67678d45b7cd8c350d04e95baeead6b79c4cff607556fb7129,False,0,4488,4488,cf8bee4faf9f1e67678d45b7cd8c350d04e95baeead6b79c4cff607556fb7129,cf8bee4faf9f1e67678d45b7cd8c350d04e95baeead6b79c4cff607556fb7129,True,1
test,327,665,2122,cf8bee4faf9f1e67678d45b7cd8c350d04e95baeead6b79c4cff607556fb7129,False,0,4488,4488,cf8bee4faf9f1e67678d45b7cd8c350d04e95baeead6b79c4cff607556fb7129,cf8bee4faf9f1e67678d45b7cd8c350d04e95baeead6b79c4cff607556fb7129,True,1
test,328,325,1848,cf8bee4faf9f1e67678d45b7cd8c350d04e95baeead6b79c4cff607556fb7129,False,0,4488,4488,cf8bee4faf9f1e67678d45b7cd8c350d04e95baeead6b79c4cff607556fb7129,cf8bee4faf9f1e67678d45b7cd8c350d04e95baeead6b79c4cff607556fb7129,True,1
test,329,120,2405,cf8bee4faf9f1e67678d45b7cd8c350d04e95baeead6b79c4cff607556fb7129,False,0,4488,4488,cf8bee4faf9f1e67678d45b7cd8c350d04e95baeead6b79c4cff607556fb7129,cf8bee4faf9f1e67678d45b7cd8c350d04e95baeead6b79c4cff607556fb7129,True,1
test,330,1215,1894,cf8bee4faf9f1e67678d45b7cd8c350d04e95baeead6b79c4cff607556fb7129,False,0,4488,4488,cf8bee4faf9f1e67678d45b7cd8c350d04e95baeead6b79c4cff607556fb7129,cf8bee4faf9f1e67678d45b7cd8c350d04e95baeead6b79c4cff607556fb7129,True,1
test,331,1206,1257,cf8bee4faf9f1e67678d45b7cd8c350d04e95baeead6b79c4cff607556fb7129,False,0,4488,4488,cf8bee4faf9f1e67678d45b7cd8c350d04e95baeead6b79c4cff607556fb7129,cf8bee4faf9f1e67678d45b7cd8c350d04e95baeead6b79c4cff607556fb7129,True,1
test,332,50,1441,cf8bee4faf9f1e67678d45b7cd8c350d04e95baeead6b79c4cff607556fb7129,False,0,4488,4488,cf8bee4faf9f1e67678d45b7cd8c350d04e95baeead6b79c4cff607556fb7129,cf8bee4faf9f1e67678d45b7cd8c350d04e95baeead6b79c4cff607556fb7129,True,1
test,333,1185,1992,cf8bee4faf9f1e67678d45b7cd8c350d04e95baeead6b79c4cff607556fb7129,False,0,4488,4488,cf8bee4faf9f1e67678d45b7cd8c350d04e95baeead6b79c4cff607556fb7129,cf8bee4faf9f1e67678d45b7cd8c350d04e95baeead6b79c4cff607556fb7129,True,1
test,334,1090,2367,cf8bee4faf9f1e67678d45b7cd8c350d04e95baeead6b79c4cff607556fb7129,False,0,4488,4488,cf8bee4faf9f1e67678d45b7cd8c350d04e95baeead6b79c4cff607556fb7129,cf8bee4faf9f1e67678d45b7cd8c350d04e95baeead6b79c4cff607556fb7129,True,1
test,335,1041,2448,cf8bee4faf9f1e67678d45b7cd8c350d04e95baeead6b79c4cff607556fb7129,False,0,4488,4488,cf8bee4faf9f1e67678d45b7cd8c350d04e95baeead6b79c4cff607556fb7129,cf8bee4faf9f1e67678d45b7cd8c350d04e95baeead6b79c4cff607556fb7129,True,1
test,336,86,1336,cf8bee4faf9f1e67678d45b7cd8c350d04e95baeead6b79c4cff607556fb7129,False,0,4488,4488,cf8bee4faf9f1e67678d45b7cd8c350d04e95baeead6b79c4cff607556fb7129,cf8bee4faf9f1e67678d45b7cd8c350d04e95baeead6b79c4cff607556fb7129,True,1
test,337,1462,1663,cf8bee4faf9f1e67678d45b7cd8c350d04e95baeead6b79c4cff607556fb7129,False,0,4488,4488,cf8bee4faf9f1e67678d45b7cd8c350d04e95baeead6b79c4cff607556fb7129,cf8bee4faf9f1e67678d45b7cd8c350d04e95baeead6b79c4cff607556fb7129,True,1
test,338,542,1245,cf8bee4faf9f1e67678d45b7cd8c350d04e95baeead6b79c4cff607556fb7129,False,0,4488,4488,cf8bee4faf9f1e67678d45b7cd8c350d04e95baeead6b79c4cff607556fb7129,cf8bee4faf9f1e67678d45b7cd8c350d04e95baeead6b79c4cff607556fb7129,True,1
test,339,1224,1660,cf8bee4faf9f1e67678d45b7cd8c350d04e95baeead6b79c4cff607556fb7129,False,0,4488,4488,cf8bee4faf9f1e67678d45b7cd8c350d04e95baeead6b79c4cff607556fb7129,cf8bee4faf9f1e67678d45b7cd8c350d04e95baeead6b79c4cff607556fb7129,True,1
test,340,219,507,cf8bee4faf9f1e67678d45b7cd8c350d04e95baeead6b79c4cff607556fb7129,False,0,4488,4488,cf8bee4faf9f1e67678d45b7cd8c350d04e95baeead6b79c4cff607556fb7129,cf8bee4faf9f1e67678d45b7cd8c350d04e95baeead6b79c4cff607556fb7129,True,1
test,341,372,626,cf8bee4faf9f1e67678d45b7cd8c350d04e95baeead6b79c4cff607556fb7129,False,0,4488,4488,cf8bee4faf9f1e67678d45b7cd8c350d04e95baeead6b79c4cff607556fb7129,cf8bee4faf9f1e67678d45b7cd8c350d04e95baeead6b79c4cff607556fb7129,True,1
test,342,59,1725,cf8bee4faf9f1e67678d45b7cd8c350d04e95baeead6b79c4cff607556fb7129,False,0,4488,4488,cf8bee4faf9f1e67678d45b7cd8c350d04e95baeead6b79c4cff607556fb7129,cf8bee4faf9f1e67678d45b7cd8c350d04e95baeead6b79c4cff607556fb7129,True,1
test,343,1424,1621,cf8bee4faf9f1e67678d45b7cd8c350d04e95baeead6b79c4cff607556fb7129,False,0,4488,4488,cf8bee4faf9f1e67678d45b7cd8c350d04e95baeead6b79c4cff607556fb7129,cf8bee4faf9f1e67678d45b7cd8c350d04e95baeead6b79c4cff607556fb7129,True,1
test,344,868,2099,cf8bee4faf9f1e67678d45b7cd8c350d04e95baeead6b79c4cff607556fb7129,False,0,4488,4488,cf8bee4faf9f1e67678d45b7cd8c350d04e95baeead6b79c4cff607556fb7129,cf8bee4faf9f1e67678d45b7cd8c350d04e95baeead6b79c4cff607556fb7129,True,1
test,345,1281,1746,cf8bee4faf9f1e67678d45b7cd8c350d04e95baeead6b79c4cff607556fb7129,False,0,4488,4488,cf8bee4faf9f1e67678d45b7cd8c350d04e95baeead6b79c4cff607556fb7129,cf8bee4faf9f1e67678d45b7cd8c350d04e95baeead6b79c4cff607556fb7129,True,1
test,346,443,1264,cf8bee4faf9f1e67678d45b7cd8c350d04e95baeead6b79c4cff607556fb7129,False,0,4488,4488,cf8bee4faf9f1e67678d45b7cd8c350d04e95baeead6b79c4cff607556fb7129,cf8bee4faf9f1e67678d45b7cd8c350d04e95baeead6b79c4cff607556fb7129,True,1
test,347,807,1956,cf8bee4faf9f1e67678d45b7cd8c350d04e95baeead6b79c4cff607556fb7129,False,0,4488,4488,cf8bee4faf9f1e67678d45b7cd8c350d04e95baeead6b79c4cff607556fb7129,cf8bee4faf9f1e67678d45b7cd8c350d04e95baeead6b79c4cff607556fb7129,True,1
test,348,1204,1839,cf8bee4faf9f1e67678d45b7cd8c350d04e95baeead6b79c4cff607556fb7129,False,0,4488,4488,cf8bee4faf9f1e67678d45b7cd8c350d04e95baeead6b79c4cff607556fb7129,cf8bee4faf9f1e67678d45b7cd8c350d04e95baeead6b79c4cff607556fb7129,True,1
test,349,750,1441,cf8bee4faf9f1e67678d45b7cd8c350d04e95baeead6b79c4cff607556fb7129,False,0,4488,4488,cf8bee4faf9f1e67678d45b7cd8c350d04e95baeead6b79c4cff607556fb7129,cf8bee4faf9f1e67678d45b7cd8c350d04e95baeead6b79c4cff607556fb7129,True,1
test,350,2112,2436,cf8bee4faf9f1e67678d45b7cd8c350d04e95baeead6b79c4cff607556fb7129,False,0,4488,4488,cf8bee4faf9f1e67678d45b7cd8c350d04e95baeead6b79c4cff607556fb7129,cf8bee4faf9f1e67678d45b7cd8c350d04e95baeead6b79c4cff607556fb7129,True,1
test,351,624,1232,cf8bee4faf9f1e67678d45b7cd8c350d04e95baeead6b79c4cff607556fb7129,False,0,4488,4488,cf8bee4faf9f1e67678d45b7cd8c350d04e95baeead6b79c4cff607556fb7129,cf8bee4faf9f1e67678d45b7cd8c350d04e95baeead6b79c4cff607556fb7129,True,1
test,352,205,1701,cf8bee4faf9f1e67678d45b7cd8c350d04e95baeead6b79c4cff607556fb7129,False,0,4488,4488,cf8bee4faf9f1e67678d45b7cd8c350d04e95baeead6b79c4cff607556fb7129,cf8bee4faf9f1e67678d45b7cd8c350d04e95baeead6b79c4cff607556fb7129,True,1
test,353,921,1914,cf8bee4faf9f1e67678d45b7cd8c350d04e95baeead6b79c4cff607556fb7129,False,0,4488,4488,cf8bee4faf9f1e67678d45b7cd8c350d04e95baeead6b79c4cff607556fb7129,cf8bee4faf9f1e67678d45b7cd8c350d04e95baeead6b79c4cff607556fb7129,True,1
test,354,519,598,cf8bee4faf9f1e67678d45b7cd8c350d04e95baeead6b79c4cff607556fb7129,False,0,4488,4488,cf8bee4faf9f1e67678d45b7cd8c350d04e95baeead6b79c4cff607556fb7129,cf8bee4faf9f1e67678d45b7cd8c350d04e95baeead6b79c4cff607556fb7129,True,1
test,355,1515,2234,cf8bee4faf9f1e67678d45b7cd8c350d04e95baeead6b79c4cff607556fb7129,False,0,4488,4488,cf8bee4faf9f1e67678d45b7cd8c350d04e95baeead6b79c4cff607556fb7129,cf8bee4faf9f1e67678d45b7cd8c350d04e95baeead6b79c4cff607556fb7129,True,1
test,356,469,2412,cf8bee4faf9f1e67678d45b7cd8c350d04e95baeead6b79c4cff607556fb7129,False,0,4488,4488,cf8bee4faf9f1e67678d45b7cd8c350d04e95baeead6b79c4cff607556fb7129,cf8bee4faf9f1e67678d45b7cd8c350d04e95baeead6b79c4cff607556fb7129,True,1
test,357,64,1209,cf8bee4faf9f1e67678d45b7cd8c350d04e95baeead6b79c4cff607556fb7129,False,0,4488,4488,cf8bee4faf9f1e67678d45b7cd8c350d04e95baeead6b79c4cff607556fb7129,cf8bee4faf9f1e67678d45b7cd8c350d04e95baeead6b79c4cff607556fb7129,True,1
test,358,306,1779,cf8bee4faf9f1e67678d45b7cd8c350d04e95baeead6b79c4cff607556fb7129,False,0,4488,4488,cf8bee4faf9f1e67678d45b7cd8c350d04e95baeead6b79c4cff607556fb7129,cf8bee4faf9f1e67678d45b7cd8c350d04e95baeead6b79c4cff607556fb7129,True,1
test,359,1433,2359,cf8bee4faf9f1e67678d45b7cd8c350d04e95baeead6b79c4cff607556fb7129,False,0,4488,4488,cf8bee4faf9f1e67678d45b7cd8c350d04e95baeead6b79c4cff607556fb7129,cf8bee4faf9f1e67678d45b7cd8c350d04e95baeead6b79c4cff607556fb7129,True,1
test,360,1070,1358,cf8bee4faf9f1e67678d45b7cd8c350d04e95baeead6b79c4cff607556fb7129,False,0,4488,4488,cf8bee4faf9f1e67678d45b7cd8c350d04e95baeead6b79c4cff607556fb7129,cf8bee4faf9f1e67678d45b7cd8c350d04e95baeead6b79c4cff607556fb7129,True,1
test,361,1810,1812,cf8bee4faf9f1e67678d45b7cd8c350d04e95baeead6b79c4cff607556fb7129,False,0,4488,4488,cf8bee4faf9f1e67678d45b7cd8c350d04e95baeead6b79c4cff607556fb7129,cf8bee4faf9f1e67678d45b7cd8c350d04e95baeead6b79c4cff607556fb7129,True,1
test,362,695,1336,cf8bee4faf9f1e67678d45b7cd8c350d04e95baeead6b79c4cff607556fb7129,False,0,4488,4488,cf8bee4faf9f1e67678d45b7cd8c350d04e95baeead6b79c4cff607556fb7129,cf8bee4faf9f1e67678d45b7cd8c350d04e95baeead6b79c4cff607556fb7129,True,1
test,363,667,2364,cf8bee4faf9f1e67678d45b7cd8c350d04e95baeead6b79c4cff607556fb7129,False,0,4488,4488,cf8bee4faf9f1e67678d45b7cd8c350d04e95baeead6b79c4cff607556fb7129,cf8bee4faf9f1e67678d45b7cd8c350d04e95baeead6b79c4cff607556fb7129,True,1
test,364,945,2388,cf8bee4faf9f1e67678d45b7cd8c350d04e95baeead6b79c4cff607556fb7129,False,0,4488,4488,cf8bee4faf9f1e67678d45b7cd8c350d04e95baeead6b79c4cff607556fb7129,cf8bee4faf9f1e67678d45b7cd8c350d04e95baeead6b79c4cff607556fb7129,True,1
test,365,843,2542,cf8bee4faf9f1e67678d45b7cd8c350d04e95baeead6b79c4cff607556fb7129,False,0,4488,4488,cf8bee4faf9f1e67678d45b7cd8c350d04e95baeead6b79c4cff607556fb7129,cf8bee4faf9f1e67678d45b7cd8c350d04e95baeead6b79c4cff607556fb7129,True,1
test,366,1358,1713,cf8bee4faf9f1e67678d45b7cd8c350d04e95baeead6b79c4cff607556fb7129,False,0,4488,4488,cf8bee4faf9f1e67678d45b7cd8c350d04e95baeead6b79c4cff607556fb7129,cf8bee4faf9f1e67678d45b7cd8c350d04e95baeead6b79c4cff607556fb7129,True,1
test,367,905,1483,cf8bee4faf9f1e67678d45b7cd8c350d04e95baeead6b79c4cff607556fb7129,False,0,4488,4488,cf8bee4faf9f1e67678d45b7cd8c350d04e95baeead6b79c4cff607556fb7129,cf8bee4faf9f1e67678d45b7cd8c350d04e95baeead6b79c4cff607556fb7129,True,1
test,368,1059,1600,cf8bee4faf9f1e67678d45b7cd8c350d04e95baeead6b79c4cff607556fb7129,False,0,4488,4488,cf8bee4faf9f1e67678d45b7cd8c350d04e95baeead6b79c4cff607556fb7129,cf8bee4faf9f1e67678d45b7cd8c350d04e95baeead6b79c4cff607556fb7129,True,1
test,369,403,806,cf8bee4faf9f1e67678d45b7cd8c350d04e95baeead6b79c4cff607556fb7129,False,0,4488,4488,cf8bee4faf9f1e67678d45b7cd8c350d04e95baeead6b79c4cff607556fb7129,cf8bee4faf9f1e67678d45b7cd8c350d04e95baeead6b79c4cff607556fb7129,True,1
test,370,228,322,cf8bee4faf9f1e67678d45b7cd8c350d04e95baeead6b79c4cff607556fb7129,False,0,4488,4488,cf8bee4faf9f1e67678d45b7cd8c350d04e95baeead6b79c4cff607556fb7129,cf8bee4faf9f1e67678d45b7cd8c350d04e95baeead6b79c4cff607556fb7129,True,1
test,371,1148,2220,cf8bee4faf9f1e67678d45b7cd8c350d04e95baeead6b79c4cff607556fb7129,False,0,4488,4488,cf8bee4faf9f1e67678d45b7cd8c350d04e95baeead6b79c4cff607556fb7129,cf8bee4faf9f1e67678d45b7cd8c350d04e95baeead6b79c4cff607556fb7129,True,1
test,372,1317,1720,cf8bee4faf9f1e67678d45b7cd8c350d04e95baeead6b79c4cff607556fb7129,False,0,4488,4488,cf8bee4faf9f1e67678d45b7cd8c350d04e95baeead6b79c4cff607556fb7129,cf8bee4faf9f1e67678d45b7cd8c350d04e95baeead6b79c4cff607556fb7129,True,1
test,373,1553,1827,cf8bee4faf9f1e67678d45b7cd8c350d04e95baeead6b79c4cff607556fb7129,False,0,4488,4488,cf8bee4faf9f1e67678d45b7cd8c350d04e95baeead6b79c4cff607556fb7129,cf8bee4faf9f1e67678d45b7cd8c350d04e95baeead6b79c4cff607556fb7129,True,1
test,374,2147,2486,cf8bee4faf9f1e67678d45b7cd8c350d04e95baeead6b79c4cff607556fb7129,False,0,4488,4488,cf8bee4faf9f1e67678d45b7cd8c350d04e95baeead6b79c4cff607556fb7129,cf8bee4faf9f1e67678d45b7cd8c350d04e95baeead6b79c4cff607556fb7129,True,1
test,375,604,1914,cf8bee4faf9f1e67678d45b7cd8c350d04e95baeead6b79c4cff607556fb7129,False,0,4488,4488,cf8bee4faf9f1e67678d45b7cd8c350d04e95baeead6b79c4cff607556fb7129,cf8bee4faf9f1e67678d45b7cd8c350d04e95baeead6b79c4cff607556fb7129,True,1
test,376,2164,2282,cf8bee4faf9f1e67678d45b7cd8c350d04e95baeead6b79c4cff607556fb7129,False,0,4488,4488,cf8bee4faf9f1e67678d45b7cd8c350d04e95baeead6b79c4cff607556fb7129,cf8bee4faf9f1e67678d45b7cd8c350d04e95baeead6b79c4cff607556fb7129,True,1
test,377,175,2217,cf8bee4faf9f1e67678d45b7cd8c350d04e95baeead6b79c4cff607556fb7129,False,0,4488,4488,cf8bee4faf9f1e67678d45b7cd8c350d04e95baeead6b79c4cff607556fb7129,cf8bee4faf9f1e67678d45b7cd8c350d04e95baeead6b79c4cff607556fb7129,True,1
test,378,1957,2630,cf8bee4faf9f1e67678d45b7cd8c350d04e95baeead6b79c4cff607556fb7129,False,0,4488,4488,cf8bee4faf9f1e67678d45b7cd8c350d04e95baeead6b79c4cff607556fb7129,cf8bee4faf9f1e67678d45b7cd8c350d04e95baeead6b79c4cff607556fb7129,True,1
test,379,1054,1432,cf8bee4faf9f1e67678d45b7cd8c350d04e95baeead6b79c4cff607556fb7129,False,0,4488,4488,cf8bee4faf9f1e67678d45b7cd8c350d04e95baeead6b79c4cff607556fb7129,cf8bee4faf9f1e67678d45b7cd8c350d04e95baeead6b79c4cff607556fb7129,True,1
test,380,289,1722,cf8bee4faf9f1e67678d45b7cd8c350d04e95baeead6b79c4cff607556fb7129,False,0,4488,4488,cf8bee4faf9f1e67678d45b7cd8c350d04e95baeead6b79c4cff607556fb7129,cf8bee4faf9f1e67678d45b7cd8c350d04e95baeead6b79c4cff607556fb7129,True,1
test,381,466,1305,cf8bee4faf9f1e67678d45b7cd8c350d04e95baeead6b79c4cff607556fb7129,False,0,4488,4488,cf8bee4faf9f1e67678d45b7cd8c350d04e95baeead6b79c4cff607556fb7129,cf8bee4faf9f1e67678d45b7cd8c350d04e95baeead6b79c4cff607556fb7129,True,1
test,382,1098,2067,cf8bee4faf9f1e67678d45b7cd8c350d04e95baeead6b79c4cff607556fb7129,False,0,4488,4488,cf8bee4faf9f1e67678d45b7cd8c350d04e95baeead6b79c4cff607556fb7129,cf8bee4faf9f1e67678d45b7cd8c350d04e95baeead6b79c4cff607556fb7129,True,1
test,383,981,1221,cf8bee4faf9f1e67678d45b7cd8c350d04e95baeead6b79c4cff607556fb7129,False,0,4488,4488,cf8bee4faf9f1e67678d45b7cd8c350d04e95baeead6b79c4cff607556fb7129,cf8bee4faf9f1e67678d45b7cd8c350d04e95baeead6b79c4cff607556fb7129,True,1
test,384,293,2038,cf8bee4faf9f1e67678d45b7cd8c350d04e95baeead6b79c4cff607556fb7129,False,0,4488,4488,cf8bee4faf9f1e67678d45b7cd8c350d04e95baeead6b79c4cff607556fb7129,cf8bee4faf9f1e67678d45b7cd8c350d04e95baeead6b79c4cff607556fb7129,True,1
test,385,1270,2034,cf8bee4faf9f1e67678d45b7cd8c350d04e95baeead6b79c4cff607556fb7129,False,0,4488,4488,cf8bee4faf9f1e67678d45b7cd8c350d04e95baeead6b79c4cff607556fb7129,cf8bee4faf9f1e67678d45b7cd8c350d04e95baeead6b79c4cff607556fb7129,True,1
test,386,618,938,cf8bee4faf9f1e67678d45b7cd8c350d04e95baeead6b79c4cff607556fb7129,False,0,4488,4488,cf8bee4faf9f1e67678d45b7cd8c350d04e95baeead6b79c4cff607556fb7129,cf8bee4faf9f1e67678d45b7cd8c350d04e95baeead6b79c4cff607556fb7129,True,1
test,387,1197,1791,cf8bee4faf9f1e67678d45b7cd8c350d04e95baeead6b79c4cff607556fb7129,False,0,4488,4488,cf8bee4faf9f1e67678d45b7cd8c350d04e95baeead6b79c4cff607556fb7129,cf8bee4faf9f1e67678d45b7cd8c350d04e95baeead6b79c4cff607556fb7129,True,1
test,388,1098,1477,cf8bee4faf9f1e67678d45b7cd8c350d04e95baeead6b79c4cff607556fb7129,False,0,4488,4488,cf8bee4faf9f1e67678d45b7cd8c350d04e95baeead6b79c4cff607556fb7129,cf8bee4faf9f1e67678d45b7cd8c350d04e95baeead6b79c4cff607556fb7129,True,1
test,389,266,809,cf8bee4faf9f1e67678d45b7cd8c350d04e95baeead6b79c4cff607556fb7129,False,0,4488,4488,cf8bee4faf9f1e67678d45b7cd8c350d04e95baeead6b79c4cff607556fb7129,cf8bee4faf9f1e67678d45b7cd8c350d04e95baeead6b79c4cff607556fb7129,True,1
test,390,131,2169,cf8bee4faf9f1e67678d45b7cd8c350d04e95baeead6b79c4cff607556fb7129,False,0,4488,4488,cf8bee4faf9f1e67678d45b7cd8c350d04e95baeead6b79c4cff607556fb7129,cf8bee4faf9f1e67678d45b7cd8c350d04e95baeead6b79c4cff607556fb7129,True,1
test,391,1147,2371,cf8bee4faf9f1e67678d45b7cd8c350d04e95baeead6b79c4cff607556fb7129,False,0,4488,4488,cf8bee4faf9f1e67678d45b7cd8c350d04e95baeead6b79c4cff607556fb7129,cf8bee4faf9f1e67678d45b7cd8c350d04e95baeead6b79c4cff607556fb7129,True,1
test,392,142,2181,cf8bee4faf9f1e67678d45b7cd8c350d04e95baeead6b79c4cff607556fb7129,False,0,4488,4488,cf8bee4faf9f1e67678d45b7cd8c350d04e95baeead6b79c4cff607556fb7129,cf8bee4faf9f1e67678d45b7cd8c350d04e95baeead6b79c4cff607556fb7129,True,1
test,393,1236,2479,cf8bee4faf9f1e67678d45b7cd8c350d04e95baeead6b79c4cff607556fb7129,False,0,4488,4488,cf8bee4faf9f1e67678d45b7cd8c350d04e95baeead6b79c4cff607556fb7129,cf8bee4faf9f1e67678d45b7cd8c350d04e95baeead6b79c4cff607556fb7129,True,1
test,394,18,2082,cf8bee4faf9f1e67678d45b7cd8c350d04e95baeead6b79c4cff607556fb7129,False,0,4488,4488,cf8bee4faf9f1e67678d45b7cd8c350d04e95baeead6b79c4cff607556fb7129,cf8bee4faf9f1e67678d45b7cd8c350d04e95baeead6b79c4cff607556fb7129,True,1
test,395,531,606,cf8bee4faf9f1e67678d45b7cd8c350d04e95baeead6b79c4cff607556fb7129,False,0,4488,4488,cf8bee4faf9f1e67678d45b7cd8c350d04e95baeead6b79c4cff607556fb7129,cf8bee4faf9f1e67678d45b7cd8c350d04e95baeead6b79c4cff607556fb7129,True,1
test,396,1682,2319,cf8bee4faf9f1e67678d45b7cd8c350d04e95baeead6b79c4cff607556fb7129,False,0,4488,4488,cf8bee4faf9f1e67678d45b7cd8c350d04e95baeead6b79c4cff607556fb7129,cf8bee4faf9f1e67678d45b7cd8c350d04e95baeead6b79c4cff607556fb7129,True,1
test,397,405,1275,cf8bee4faf9f1e67678d45b7cd8c350d04e95baeead6b79c4cff607556fb7129,False,0,4488,4488,cf8bee4faf9f1e67678d45b7cd8c350d04e95baeead6b79c4cff607556fb7129,cf8bee4faf9f1e67678d45b7cd8c350d04e95baeead6b79c4cff607556fb7129,True,1
test,398,429,2043,cf8bee4faf9f1e67678d45b7cd8c350d04e95baeead6b79c4cff607556fb7129,False,0,4488,4488,cf8bee4faf9f1e67678d45b7cd8c350d04e95baeead6b79c4cff607556fb7129,cf8bee4faf9f1e67678d45b7cd8c350d04e95baeead6b79c4cff607556fb7129,True,1
test,399,836,2403,cf8bee4faf9f1e67678d45b7cd8c350d04e95baeead6b79c4cff607556fb7129,False,0,4488,4488,cf8bee4faf9f1e67678d45b7cd8c350d04e95baeead6b79c4cff607556fb7129,cf8bee4faf9f1e67678d45b7cd8c350d04e95baeead6b79c4cff607556fb7129,True,1
test,400,2181,2202,cf8bee4faf9f1e67678d45b7cd8c350d04e95baeead6b79c4cff607556fb7129,False,0,4488,4488,cf8bee4faf9f1e67678d45b7cd8c350d04e95baeead6b79c4cff607556fb7129,cf8bee4faf9f1e67678d45b7cd8c350d04e95baeead6b79c4cff607556fb7129,True,1
test,401,296,2685,cf8bee4faf9f1e67678d45b7cd8c350d04e95baeead6b79c4cff607556fb7129,False,0,4488,4488,cf8bee4faf9f1e67678d45b7cd8c350d04e95baeead6b79c4cff607556fb7129,cf8bee4faf9f1e67678d45b7cd8c350d04e95baeead6b79c4cff607556fb7129,True,1
test,402,1701,1865,cf8bee4faf9f1e67678d45b7cd8c350d04e95baeead6b79c4cff607556fb7129,False,0,4488,4488,cf8bee4faf9f1e67678d45b7cd8c350d04e95baeead6b79c4cff607556fb7129,cf8bee4faf9f1e67678d45b7cd8c350d04e95baeead6b79c4cff607556fb7129,True,1
test,403,468,1311,cf8bee4faf9f1e67678d45b7cd8c350d04e95baeead6b79c4cff607556fb7129,False,0,4488,4488,cf8bee4faf9f1e67678d45b7cd8c350d04e95baeead6b79c4cff607556fb7129,cf8bee4faf9f1e67678d45b7cd8c350d04e95baeead6b79c4cff607556fb7129,True,1
test,404,577,2352,cf8bee4faf9f1e67678d45b7cd8c350d04e95baeead6b79c4cff607556fb7129,False,0,4488,4488,cf8bee4faf9f1e67678d45b7cd8c350d04e95baeead6b79c4cff607556fb7129,cf8bee4faf9f1e67678d45b7cd8c350d04e95baeead6b79c4cff607556fb7129,True,1
test,405,830,1914,cf8bee4faf9f1e67678d45b7cd8c350d04e95baeead6b79c4cff607556fb7129,False,0,4488,4488,cf8bee4faf9f1e67678d45b7cd8c350d04e95baeead6b79c4cff607556fb7129,cf8bee4faf9f1e67678d45b7cd8c350d04e95baeead6b79c4cff607556fb7129,True,1
test,406,1072,1801,cf8bee4faf9f1e67678d45b7cd8c350d04e95baeead6b79c4cff607556fb7129,False,0,4488,4488,cf8bee4faf9f1e67678d45b7cd8c350d04e95baeead6b79c4cff607556fb7129,cf8bee4faf9f1e67678d45b7cd8c350d04e95baeead6b79c4cff607556fb7129,True,1
test,407,57,2418,cf8bee4faf9f1e67678d45b7cd8c350d04e95baeead6b79c4cff607556fb7129,False,0,4488,4488,cf8bee4faf9f1e67678d45b7cd8c350d04e95baeead6b79c4cff607556fb7129,cf8bee4faf9f1e67678d45b7cd8c350d04e95baeead6b79c4cff607556fb7129,True,1
test,408,374,2147,cf8bee4faf9f1e67678d45b7cd8c350d04e95baeead6b79c4cff607556fb7129,False,0,4488,4488,cf8bee4faf9f1e67678d45b7cd8c350d04e95baeead6b79c4cff607556fb7129,cf8bee4faf9f1e67678d45b7cd8c350d04e95baeead6b79c4cff607556fb7129,True,1
test,409,380,930,cf8bee4faf9f1e67678d45b7cd8c350d04e95baeead6b79c4cff607556fb7129,False,0,4488,4488,cf8bee4faf9f1e67678d45b7cd8c350d04e95baeead6b79c4cff607556fb7129,cf8bee4faf9f1e67678d45b7cd8c350d04e95baeead6b79c4cff607556fb7129,True,1
test,410,1441,2272,cf8bee4faf9f1e67678d45b7cd8c350d04e95baeead6b79c4cff607556fb7129,False,0,4488,4488,cf8bee4faf9f1e67678d45b7cd8c350d04e95baeead6b79c4cff607556fb7129,cf8bee4faf9f1e67678d45b7cd8c350d04e95baeead6b79c4cff607556fb7129,True,1
test,411,2034,2042,cf8bee4faf9f1e67678d45b7cd8c350d04e95baeead6b79c4cff607556fb7129,False,0,4488,4488,cf8bee4faf9f1e67678d45b7cd8c350d04e95baeead6b79c4cff607556fb7129,cf8bee4faf9f1e67678d45b7cd8c350d04e95baeead6b79c4cff607556fb7129,True,1
test,412,445,909,cf8bee4faf9f1e67678d45b7cd8c350d04e95baeead6b79c4cff607556fb7129,False,0,4488,4488,cf8bee4faf9f1e67678d45b7cd8c350d04e95baeead6b79c4cff607556fb7129,cf8bee4faf9f1e67678d45b7cd8c350d04e95baeead6b79c4cff607556fb7129,True,1
test,413,302,1158,cf8bee4faf9f1e67678d45b7cd8c350d04e95baeead6b79c4cff607556fb7129,False,0,4488,4488,cf8bee4faf9f1e67678d45b7cd8c350d04e95baeead6b79c4cff607556fb7129,cf8bee4faf9f1e67678d45b7cd8c350d04e95baeead6b79c4cff607556fb7129,True,1
test,414,91,2380,cf8bee4faf9f1e67678d45b7cd8c350d04e95baeead6b79c4cff607556fb7129,False,0,4488,4488,cf8bee4faf9f1e67678d45b7cd8c350d04e95baeead6b79c4cff607556fb7129,cf8bee4faf9f1e67678d45b7cd8c350d04e95baeead6b79c4cff607556fb7129,True,1
test,415,651,2156,cf8bee4faf9f1e67678d45b7cd8c350d04e95baeead6b79c4cff607556fb7129,False,0,4488,4488,cf8bee4faf9f1e67678d45b7cd8c350d04e95baeead6b79c4cff607556fb7129,cf8bee4faf9f1e67678d45b7cd8c350d04e95baeead6b79c4cff607556fb7129,True,1
test,416,95,734,cf8bee4faf9f1e67678d45b7cd8c350d04e95baeead6b79c4cff607556fb7129,False,0,4488,4488,cf8bee4faf9f1e67678d45b7cd8c350d04e95baeead6b79c4cff607556fb7129,cf8bee4faf9f1e67678d45b7cd8c350d04e95baeead6b79c4cff607556fb7129,True,1
test,417,55,2020,cf8bee4faf9f1e67678d45b7cd8c350d04e95baeead6b79c4cff607556fb7129,False,0,4488,4488,cf8bee4faf9f1e67678d45b7cd8c350d04e95baeead6b79c4cff607556fb7129,cf8bee4faf9f1e67678d45b7cd8c350d04e95baeead6b79c4cff607556fb7129,True,1
test,418,1097,1115,cf8bee4faf9f1e67678d45b7cd8c350d04e95baeead6b79c4cff607556fb7129,False,0,4488,4488,cf8bee4faf9f1e67678d45b7cd8c350d04e95baeead6b79c4cff607556fb7129,cf8bee4faf9f1e67678d45b7cd8c350d04e95baeead6b79c4cff607556fb7129,True,1
test,419,513,565,cf8bee4faf9f1e67678d45b7cd8c350d04e95baeead6b79c4cff607556fb7129,False,0,4488,4488,cf8bee4faf9f1e67678d45b7cd8c350d04e95baeead6b79c4cff607556fb7129,cf8bee4faf9f1e67678d45b7cd8c350d04e95baeead6b79c4cff607556fb7129,True,1
test,420,1848,2419,cf8bee4faf9f1e67678d45b7cd8c350d04e95baeead6b79c4cff607556fb7129,False,0,4488,4488,cf8bee4faf9f1e67678d45b7cd8c350d04e95baeead6b79c4cff607556fb7129,cf8bee4faf9f1e67678d45b7cd8c350d04e95baeead6b79c4cff607556fb7129,True,1
test,421,596,644,cf8bee4faf9f1e67678d45b7cd8c350d04e95baeead6b79c4cff607556fb7129,False,0,4488,4488,cf8bee4faf9f1e67678d45b7cd8c350d04e95baeead6b79c4cff607556fb7129,cf8bee4faf9f1e67678d45b7cd8c350d04e95baeead6b79c4cff607556fb7129,True,1
test,422,506,1013,cf8bee4faf9f1e67678d45b7cd8c350d04e95baeead6b79c4cff607556fb7129,False,0,4488,4488,cf8bee4faf9f1e67678d45b7cd8c350d04e95baeead6b79c4cff607556fb7129,cf8bee4faf9f1e67678d45b7cd8c350d04e95baeead6b79c4cff607556fb7129,True,1
test,423,1110,1224,cf8bee4faf9f1e67678d45b7cd8c350d04e95baeead6b79c4cff607556fb7129,False,0,4488,4488,cf8bee4faf9f1e67678d45b7cd8c350d04e95baeead6b79c4cff607556fb7129,cf8bee4faf9f1e67678d45b7cd8c350d04e95baeead6b79c4cff607556fb7129,True,1
test,424,458,1953,cf8bee4faf9f1e67678d45b7cd8c350d04e95baeead6b79c4cff607556fb7129,False,0,4488,4488,cf8bee4faf9f1e67678d45b7cd8c350d04e95baeead6b79c4cff607556fb7129,cf8bee4faf9f1e67678d45b7cd8c350d04e95baeead6b79c4cff607556fb7129,True,1
test,425,693,2108,cf8bee4faf9f1e67678d45b7cd8c350d04e95baeead6b79c4cff607556fb7129,False,0,4488,4488,cf8bee4faf9f1e67678d45b7cd8c350d04e95baeead6b79c4cff607556fb7129,cf8bee4faf9f1e67678d45b7cd8c350d04e95baeead6b79c4cff607556fb7129,True,1
test,426,1229,1254,cf8bee4faf9f1e67678d45b7cd8c350d04e95baeead6b79c4cff607556fb7129,False,0,4488,4488,cf8bee4faf9f1e67678d45b7cd8c350d04e95baeead6b79c4cff607556fb7129,cf8bee4faf9f1e67678d45b7cd8c350d04e95baeead6b79c4cff607556fb7129,True,1
test,427,1158,2251,cf8bee4faf9f1e67678d45b7cd8c350d04e95baeead6b79c4cff607556fb7129,False,0,4488,4488,cf8bee4faf9f1e67678d45b7cd8c350d04e95baeead6b79c4cff607556fb7129,cf8bee4faf9f1e67678d45b7cd8c350d04e95baeead6b79c4cff607556fb7129,True,1
test,428,2222,2225,cf8bee4faf9f1e67678d45b7cd8c350d04e95baeead6b79c4cff607556fb7129,False,0,4488,4488,cf8bee4faf9f1e67678d45b7cd8c350d04e95baeead6b79c4cff607556fb7129,cf8bee4faf9f1e67678d45b7cd8c350d04e95baeead6b79c4cff607556fb7129,True,1
test,429,380,477,cf8bee4faf9f1e67678d45b7cd8c350d04e95baeead6b79c4cff607556fb7129,False,0,4488,4488,cf8bee4faf9f1e67678d45b7cd8c350d04e95baeead6b79c4cff607556fb7129,cf8bee4faf9f1e67678d45b7cd8c350d04e95baeead6b79c4cff607556fb7129,True,1
test,430,1757,2451,cf8bee4faf9f1e67678d45b7cd8c350d04e95baeead6b79c4cff607556fb7129,False,0,4488,4488,cf8bee4faf9f1e67678d45b7cd8c350d04e95baeead6b79c4cff607556fb7129,cf8bee4faf9f1e67678d45b7cd8c350d04e95baeead6b79c4cff607556fb7129,True,1
test,431,1255,2248,cf8bee4faf9f1e67678d45b7cd8c350d04e95baeead6b79c4cff607556fb7129,False,0,4488,4488,cf8bee4faf9f1e67678d45b7cd8c350d04e95baeead6b79c4cff607556fb7129,cf8bee4faf9f1e67678d45b7cd8c350d04e95baeead6b79c4cff607556fb7129,True,1
test,432,368,2393,cf8bee4faf9f1e67678d45b7cd8c350d04e95baeead6b79c4cff607556fb7129,False,0,4488,4488,cf8bee4faf9f1e67678d45b7cd8c350d04e95baeead6b79c4cff607556fb7129,cf8bee4faf9f1e67678d45b7cd8c350d04e95baeead6b79c4cff607556fb7129,True,1
test,433,388,1899,cf8bee4faf9f1e67678d45b7cd8c350d04e95baeead6b79c4cff607556fb7129,False,0,4488,4488,cf8bee4faf9f1e67678d45b7cd8c350d04e95baeead6b79c4cff607556fb7129,cf8bee4faf9f1e67678d45b7cd8c350d04e95baeead6b79c4cff607556fb7129,True,1
test,434,89,1157,cf8bee4faf9f1e67678d45b7cd8c350d04e95baeead6b79c4cff607556fb7129,False,0,4488,4488,cf8bee4faf9f1e67678d45b7cd8c350d04e95baeead6b79c4cff607556fb7129,cf8bee4faf9f1e67678d45b7cd8c350d04e95baeead6b79c4cff607556fb7129,True,1
test,435,1580,2200,cf8bee4faf9f1e67678d45b7cd8c350d04e95baeead6b79c4cff607556fb7129,False,0,4488,4488,cf8bee4faf9f1e67678d45b7cd8c350d04e95baeead6b79c4cff607556fb7129,cf8bee4faf9f1e67678d45b7cd8c350d04e95baeead6b79c4cff607556fb7129,True,1
test,436,492,688,cf8bee4faf9f1e67678d45b7cd8c350d04e95baeead6b79c4cff607556fb7129,False,0,4488,4488,cf8bee4faf9f1e67678d45b7cd8c350d04e95baeead6b79c4cff607556fb7129,cf8bee4faf9f1e67678d45b7cd8c350d04e95baeead6b79c4cff607556fb7129,True,1
test,437,335,1986,cf8bee4faf9f1e67678d45b7cd8c350d04e95baeead6b79c4cff607556fb7129,False,0,4488,4488,cf8bee4faf9f1e67678d45b7cd8c350d04e95baeead6b79c4cff607556fb7129,cf8bee4faf9f1e67678d45b7cd8c350d04e95baeead6b79c4cff607556fb7129,True,1
test,438,346,1358,cf8bee4faf9f1e67678d45b7cd8c350d04e95baeead6b79c4cff607556fb7129,False,0,4488,4488,cf8bee4faf9f1e67678d45b7cd8c350d04e95baeead6b79c4cff607556fb7129,cf8bee4faf9f1e67678d45b7cd8c350d04e95baeead6b79c4cff607556fb7129,True,1
test,439,2034,2035,cf8bee4faf9f1e67678d45b7cd8c350d04e95baeead6b79c4cff607556fb7129,False,0,4488,4488,cf8bee4faf9f1e67678d45b7cd8c350d04e95baeead6b79c4cff607556fb7129,cf8bee4faf9f1e67678d45b7cd8c350d04e95baeead6b79c4cff607556fb7129,True,1
test,440,1554,2687,cf8bee4faf9f1e67678d45b7cd8c350d04e95baeead6b79c4cff607556fb7129,False,0,4488,4488,cf8bee4faf9f1e67678d45b7cd8c350d04e95baeead6b79c4cff607556fb7129,cf8bee4faf9f1e67678d45b7cd8c350d04e95baeead6b79c4cff607556fb7129,True,1
test,441,695,1681,cf8bee4faf9f1e67678d45b7cd8c350d04e95baeead6b79c4cff607556fb7129,False,0,4488,4488,cf8bee4faf9f1e67678d45b7cd8c350d04e95baeead6b79c4cff607556fb7129,cf8bee4faf9f1e67678d45b7cd8c350d04e95baeead6b79c4cff607556fb7129,True,1
test,442,1358,1709,cf8bee4faf9f1e67678d45b7cd8c350d04e95baeead6b79c4cff607556fb7129,False,0,4488,4488,cf8bee4faf9f1e67678d45b7cd8c350d04e95baeead6b79c4cff607556fb7129,cf8bee4faf9f1e67678d45b7cd8c350d04e95baeead6b79c4cff607556fb7129,True,1
test,443,1889,1891,cf8bee4faf9f1e67678d45b7cd8c350d04e95baeead6b79c4cff607556fb7129,False,0,4488,4488,cf8bee4faf9f1e67678d45b7cd8c350d04e95baeead6b79c4cff607556fb7129,cf8bee4faf9f1e67678d45b7cd8c350d04e95baeead6b79c4cff607556fb7129,True,1
test,444,1207,2290,cf8bee4faf9f1e67678d45b7cd8c350d04e95baeead6b79c4cff607556fb7129,False,0,4488,4488,cf8bee4faf9f1e67678d45b7cd8c350d04e95baeead6b79c4cff607556fb7129,cf8bee4faf9f1e67678d45b7cd8c350d04e95baeead6b79c4cff607556fb7129,True,1
test,445,1705,2322,cf8bee4faf9f1e67678d45b7cd8c350d04e95baeead6b79c4cff607556fb7129,False,0,4488,4488,cf8bee4faf9f1e67678d45b7cd8c350d04e95baeead6b79c4cff607556fb7129,cf8bee4faf9f1e67678d45b7cd8c350d04e95baeead6b79c4cff607556fb7129,True,1
test,446,15,1271,cf8bee4faf9f1e67678d45b7cd8c350d04e95baeead6b79c4cff607556fb7129,False,0,4488,4488,cf8bee4faf9f1e67678d45b7cd8c350d04e95baeead6b79c4cff607556fb7129,cf8bee4faf9f1e67678d45b7cd8c350d04e95baeead6b79c4cff607556fb7129,True,1
test,447,22,1234,cf8bee4faf9f1e67678d45b7cd8c350d04e95baeead6b79c4cff607556fb7129,False,0,4488,4488,cf8bee4faf9f1e67678d45b7cd8c350d04e95baeead6b79c4cff607556fb7129,cf8bee4faf9f1e67678d45b7cd8c350d04e95baeead6b79c4cff607556fb7129,True,1
test,448,901,1279,cf8bee4faf9f1e67678d45b7cd8c350d04e95baeead6b79c4cff607556fb7129,False,0,4488,4488,cf8bee4faf9f1e67678d45b7cd8c350d04e95baeead6b79c4cff607556fb7129,cf8bee4faf9f1e67678d45b7cd8c350d04e95baeead6b79c4cff607556fb7129,True,1
test,449,1708,2313,cf8bee4faf9f1e67678d45b7cd8c350d04e95baeead6b79c4cff607556fb7129,False,0,4488,4488,cf8bee4faf9f1e67678d45b7cd8c350d04e95baeead6b79c4cff607556fb7129,cf8bee4faf9f1e67678d45b7cd8c350d04e95baeead6b79c4cff607556fb7129,True,1
test,450,477,930,cf8bee4faf9f1e67678d45b7cd8c350d04e95baeead6b79c4cff607556fb7129,False,0,4488,4488,cf8bee4faf9f1e67678d45b7cd8c350d04e95baeead6b79c4cff607556fb7129,cf8bee4faf9f1e67678d45b7cd8c350d04e95baeead6b79c4cff607556fb7129,True,1
test,451,334,693,cf8bee4faf9f1e67678d45b7cd8c350d04e95baeead6b79c4cff607556fb7129,False,0,4488,4488,cf8bee4faf9f1e67678d45b7cd8c350d04e95baeead6b79c4cff607556fb7129,cf8bee4faf9f1e67678d45b7cd8c350d04e95baeead6b79c4cff607556fb7129,True,1
test,452,1358,1740,cf8bee4faf9f1e67678d45b7cd8c350d04e95baeead6b79c4cff607556fb7129,False,0,4488,4488,cf8bee4faf9f1e67678d45b7cd8c350d04e95baeead6b79c4cff607556fb7129,cf8bee4faf9f1e67678d45b7cd8c350d04e95baeead6b79c4cff607556fb7129,True,1
test,453,174,1742,cf8bee4faf9f1e67678d45b7cd8c350d04e95baeead6b79c4cff607556fb7129,False,0,4488,4488,cf8bee4faf9f1e67678d45b7cd8c350d04e95baeead6b79c4cff607556fb7129,cf8bee4faf9f1e67678d45b7cd8c350d04e95baeead6b79c4cff607556fb7129,True,1
test,454,1739,1750,cf8bee4faf9f1e67678d45b7cd8c350d04e95baeead6b79c4cff607556fb7129,False,0,4488,4488,cf8bee4faf9f1e67678d45b7cd8c350d04e95baeead6b79c4cff607556fb7129,cf8bee4faf9f1e67678d45b7cd8c350d04e95baeead6b79c4cff607556fb7129,True,1
test,455,1,2,cf8bee4faf9f1e67678d45b7cd8c350d04e95baeead6b79c4cff607556fb7129,False,0,4488,4488,cf8bee4faf9f1e67678d45b7cd8c350d04e95baeead6b79c4cff607556fb7129,cf8bee4faf9f1e67678d45b7cd8c350d04e95baeead6b79c4cff607556fb7129,True,1
test,456,97,661,cf8bee4faf9f1e67678d45b7cd8c350d04e95baeead6b79c4cff607556fb7129,False,0,4488,4488,cf8bee4faf9f1e67678d45b7cd8c350d04e95baeead6b79c4cff607556fb7129,cf8bee4faf9f1e67678d45b7cd8c350d04e95baeead6b79c4cff607556fb7129,True,1
test,457,1358,1751,cf8bee4faf9f1e67678d45b7cd8c350d04e95baeead6b79c4cff607556fb7129,False,0,4488,4488,cf8bee4faf9f1e67678d45b7cd8c350d04e95baeead6b79c4cff607556fb7129,cf8bee4faf9f1e67678d45b7cd8c350d04e95baeead6b79c4cff607556fb7129,True,1
test,458,229,1053,cf8bee4faf9f1e67678d45b7cd8c350d04e95baeead6b79c4cff607556fb7129,False,0,4488,4488,cf8bee4faf9f1e67678d45b7cd8c350d04e95baeead6b79c4cff607556fb7129,cf8bee4faf9f1e67678d45b7cd8c350d04e95baeead6b79c4cff607556fb7129,True,1
test,459,2227,2228,cf8bee4faf9f1e67678d45b7cd8c350d04e95baeead6b79c4cff607556fb7129,False,0,4488,4488,cf8bee4faf9f1e67678d45b7cd8c350d04e95baeead6b79c4cff607556fb7129,cf8bee4faf9f1e67678d45b7cd8c350d04e95baeead6b79c4cff607556fb7129,True,1
test,460,1842,2281,cf8bee4faf9f1e67678d45b7cd8c350d04e95baeead6b79c4cff607556fb7129,False,0,4488,4488,cf8bee4faf9f1e67678d45b7cd8c350d04e95baeead6b79c4cff607556fb7129,cf8bee4faf9f1e67678d45b7cd8c350d04e95baeead6b79c4cff607556fb7129,True,1
test,461,838,2280,cf8bee4faf9f1e67678d45b7cd8c350d04e95baeead6b79c4cff607556fb7129,False,0,4488,4488,cf8bee4faf9f1e67678d45b7cd8c350d04e95baeead6b79c4cff607556fb7129,cf8bee4faf9f1e67678d45b7cd8c350d04e95baeead6b79c4cff607556fb7129,True,1
test,462,831,1733,cf8bee4faf9f1e67678d45b7cd8c350d04e95baeead6b79c4cff607556fb7129,False,0,4488,4488,cf8bee4faf9f1e67678d45b7cd8c350d04e95baeead6b79c4cff607556fb7129,cf8bee4faf9f1e67678d45b7cd8c350d04e95baeead6b79c4cff607556fb7129,True,1
test,463,702,822,cf8bee4faf9f1e67678d45b7cd8c350d04e95baeead6b79c4cff607556fb7129,False,0,4488,4488,cf8bee4faf9f1e67678d45b7cd8c350d04e95baeead6b79c4cff607556fb7129,cf8bee4faf9f1e67678d45b7cd8c350d04e95baeead6b79c4cff607556fb7129,True,1
test,464,44,2624,cf8bee4faf9f1e67678d45b7cd8c350d04e95baeead6b79c4cff607556fb7129,False,0,4488,4488,cf8bee4faf9f1e67678d45b7cd8c350d04e95baeead6b79c4cff607556fb7129,cf8bee4faf9f1e67678d45b7cd8c350d04e95baeead6b79c4cff607556fb7129,True,1
test,465,1229,1384,cf8bee4faf9f1e67678d45b7cd8c350d04e95baeead6b79c4cff607556fb7129,False,0,4488,4488,cf8bee4faf9f1e67678d45b7cd8c350d04e95baeead6b79c4cff607556fb7129,cf8bee4faf9f1e67678d45b7cd8c350d04e95baeead6b79c4cff607556fb7129,True,1
test,466,414,711,cf8bee4faf9f1e67678d45b7cd8c350d04e95baeead6b79c4cff607556fb7129,False,0,4488,4488,cf8bee4faf9f1e67678d45b7cd8c350d04e95baeead6b79c4cff607556fb7129,cf8bee4faf9f1e67678d45b7cd8c350d04e95baeead6b79c4cff607556fb7129,True,1
test,467,524,2476,cf8bee4faf9f1e67678d45b7cd8c350d04e95baeead6b79c4cff607556fb7129,False,0,4488,4488,cf8bee4faf9f1e67678d45b7cd8c350d04e95baeead6b79c4cff607556fb7129,cf8bee4faf9f1e67678d45b7cd8c350d04e95baeead6b79c4cff607556fb7129,True,1
test,468,1040,1358,cf8bee4faf9f1e67678d45b7cd8c350d04e95baeead6b79c4cff607556fb7129,False,0,4488,4488,cf8bee4faf9f1e67678d45b7cd8c350d04e95baeead6b79c4cff607556fb7129,cf8bee4faf9f1e67678d45b7cd8c350d04e95baeead6b79c4cff607556fb7129,True,1
test,469,1546,2169,cf8bee4faf9f1e67678d45b7cd8c350d04e95baeead6b79c4cff607556fb7129,False,0,4488,4488,cf8bee4faf9f1e67678d45b7cd8c350d04e95baeead6b79c4cff607556fb7129,cf8bee4faf9f1e67678d45b7cd8c350d04e95baeead6b79c4cff607556fb7129,True,1
test,470,844,1902,cf8bee4faf9f1e67678d45b7cd8c350d04e95baeead6b79c4cff607556fb7129,False,0,4488,4488,cf8bee4faf9f1e67678d45b7cd8c350d04e95baeead6b79c4cff607556fb7129,cf8bee4faf9f1e67678d45b7cd8c350d04e95baeead6b79c4cff607556fb7129,True,1
test,471,229,2118,cf8bee4faf9f1e67678d45b7cd8c350d04e95baeead6b79c4cff607556fb7129,False,0,4488,4488,cf8bee4faf9f1e67678d45b7cd8c350d04e95baeead6b79c4cff607556fb7129,cf8bee4faf9f1e67678d45b7cd8c350d04e95baeead6b79c4cff607556fb7129,True,1
test,472,1202,2376,cf8bee4faf9f1e67678d45b7cd8c350d04e95baeead6b79c4cff607556fb7129,False,0,4488,4488,cf8bee4faf9f1e67678d45b7cd8c350d04e95baeead6b79c4cff607556fb7129,cf8bee4faf9f1e67678d45b7cd8c350d04e95baeead6b79c4cff607556fb7129,True,1
test,473,8,1996,cf8bee4faf9f1e67678d45b7cd8c350d04e95baeead6b79c4cff607556fb7129,False,0,4488,4488,cf8bee4faf9f1e67678d45b7cd8c350d04e95baeead6b79c4cff607556fb7129,cf8bee4faf9f1e67678d45b7cd8c350d04e95baeead6b79c4cff607556fb7129,True,1
test,474,90,1358,cf8bee4faf9f1e67678d45b7cd8c350d04e95baeead6b79c4cff607556fb7129,False,0,4488,4488,cf8bee4faf9f1e67678d45b7cd8c350d04e95baeead6b79c4cff607556fb7129,cf8bee4faf9f1e67678d45b7cd8c350d04e95baeead6b79c4cff607556fb7129,True,1
test,475,598,1821,cf8bee4faf9f1e67678d45b7cd8c350d04e95baeead6b79c4cff607556fb7129,False,0,4488,4488,cf8bee4faf9f1e67678d45b7cd8c350d04e95baeead6b79c4cff607556fb7129,cf8bee4faf9f1e67678d45b7cd8c350d04e95baeead6b79c4cff607556fb7129,True,1
test,476,1951,2204,cf8bee4faf9f1e67678d45b7cd8c350d04e95baeead6b79c4cff607556fb7129,False,0,4488,4488,cf8bee4faf9f1e67678d45b7cd8c350d04e95baeead6b79c4cff607556fb7129,cf8bee4faf9f1e67678d45b7cd8c350d04e95baeead6b79c4cff607556fb7129,True,1
test,477,1444,2323,cf8bee4faf9f1e67678d45b7cd8c350d04e95baeead6b79c4cff607556fb7129,False,0,4488,4488,cf8bee4faf9f1e67678d45b7cd8c350d04e95baeead6b79c4cff607556fb7129,cf8bee4faf9f1e67678d45b7cd8c350d04e95baeead6b79c4cff607556fb7129,True,1
test,478,885,2386,cf8bee4faf9f1e67678d45b7cd8c350d04e95baeead6b79c4cff607556fb7129,False,0,4488,4488,cf8bee4faf9f1e67678d45b7cd8c350d04e95baeead6b79c4cff607556fb7129,cf8bee4faf9f1e67678d45b7cd8c350d04e95baeead6b79c4cff607556fb7129,True,1
test,479,577,906,cf8bee4faf9f1e67678d45b7cd8c350d04e95baeead6b79c4cff607556fb7129,False,0,4488,4488,cf8bee4faf9f1e67678d45b7cd8c350d04e95baeead6b79c4cff607556fb7129,cf8bee4faf9f1e67678d45b7cd8c350d04e95baeead6b79c4cff607556fb7129,True,1
test,480,203,857,cf8bee4faf9f1e67678d45b7cd8c350d04e95baeead6b79c4cff607556fb7129,False,0,4488,4488,cf8bee4faf9f1e67678d45b7cd8c350d04e95baeead6b79c4cff607556fb7129,cf8bee4faf9f1e67678d45b7cd8c350d04e95baeead6b79c4cff607556fb7129,True,1
test,481,1340,1413,cf8bee4faf9f1e67678d45b7cd8c350d04e95baeead6b79c4cff607556fb7129,False,0,4488,4488,cf8bee4faf9f1e67678d45b7cd8c350d04e95baeead6b79c4cff607556fb7129,cf8bee4faf9f1e67678d45b7cd8c350d04e95baeead6b79c4cff607556fb7129,True,1
test,482,1589,1745,cf8bee4faf9f1e67678d45b7cd8c350d04e95baeead6b79c4cff607556fb7129,False,0,4488,4488,cf8bee4faf9f1e67678d45b7cd8c350d04e95baeead6b79c4cff607556fb7129,cf8bee4faf9f1e67678d45b7cd8c350d04e95baeead6b79c4cff607556fb7129,True,1
test,483,487,1705,cf8bee4faf9f1e67678d45b7cd8c350d04e95baeead6b79c4cff607556fb7129,False,0,4488,4488,cf8bee4faf9f1e67678d45b7cd8c350d04e95baeead6b79c4cff607556fb7129,cf8bee4faf9f1e67678d45b7cd8c350d04e95baeead6b79c4cff607556fb7129,True,1
test,484,893,911,cf8bee4faf9f1e67678d45b7cd8c350d04e95baeead6b79c4cff607556fb7129,False,0,4488,4488,cf8bee4faf9f1e67678d45b7cd8c350d04e95baeead6b79c4cff607556fb7129,cf8bee4faf9f1e67678d45b7cd8c350d04e95baeead6b79c4cff607556fb7129,True,1
test,485,628,1764,cf8bee4faf9f1e67678d45b7cd8c350d04e95baeead6b79c4cff607556fb7129,False,0,4488,4488,cf8bee4faf9f1e67678d45b7cd8c350d04e95baeead6b79c4cff607556fb7129,cf8bee4faf9f1e67678d45b7cd8c350d04e95baeead6b79c4cff607556fb7129,True,1
test,486,264,1902,cf8bee4faf9f1e67678d45b7cd8c350d04e95baeead6b79c4cff607556fb7129,False,0,4488,4488,cf8bee4faf9f1e67678d45b7cd8c350d04e95baeead6b79c4cff607556fb7129,cf8bee4faf9f1e67678d45b7cd8c350d04e95baeead6b79c4cff607556fb7129,True,1
test,487,229,1405,cf8bee4faf9f1e67678d45b7cd8c350d04e95baeead6b79c4cff607556fb7129,False,0,4488,4488,cf8bee4faf9f1e67678d45b7cd8c350d04e95baeead6b79c4cff607556fb7129,cf8bee4faf9f1e67678d45b7cd8c350d04e95baeead6b79c4cff607556fb7129,True,1
test,488,733,2304,cf8bee4faf9f1e67678d45b7cd8c350d04e95baeead6b79c4cff607556fb7129,False,0,4488,4488,cf8bee4faf9f1e67678d45b7cd8c350d04e95baeead6b79c4cff607556fb7129,cf8bee4faf9f1e67678d45b7cd8c350d04e95baeead6b79c4cff607556fb7129,True,1
test,489,795,1645,cf8bee4faf9f1e67678d45b7cd8c350d04e95baeead6b79c4cff607556fb7129,False,0,4488,4488,cf8bee4faf9f1e67678d45b7cd8c350d04e95baeead6b79c4cff607556fb7129,cf8bee4faf9f1e67678d45b7cd8c350d04e95baeead6b79c4cff607556fb7129,True,1
test,490,505,1258,cf8bee4faf9f1e67678d45b7cd8c350d04e95baeead6b79c4cff607556fb7129,False,0,4488,4488,cf8bee4faf9f1e67678d45b7cd8c350d04e95baeead6b79c4cff607556fb7129,cf8bee4faf9f1e67678d45b7cd8c350d04e95baeead6b79c4cff607556fb7129,True,1
test,491,63,1322,cf8bee4faf9f1e67678d45b7cd8c350d04e95baeead6b79c4cff607556fb7129,False,0,4488,4488,cf8bee4faf9f1e67678d45b7cd8c350d04e95baeead6b79c4cff607556fb7129,cf8bee4faf9f1e67678d45b7cd8c350d04e95baeead6b79c4cff607556fb7129,True,1
test,492,1430,1718,cf8bee4faf9f1e67678d45b7cd8c350d04e95baeead6b79c4cff607556fb7129,False,0,4488,4488,cf8bee4faf9f1e67678d45b7cd8c350d04e95baeead6b79c4cff607556fb7129,cf8bee4faf9f1e67678d45b7cd8c350d04e95baeead6b79c4cff607556fb7129,True,1
test,493,1750,1765,cf8bee4faf9f1e67678d45b7cd8c350d04e95baeead6b79c4cff607556fb7129,False,0,4488,4488,cf8bee4faf9f1e67678d45b7cd8c350d04e95baeead6b79c4cff607556fb7129,cf8bee4faf9f1e67678d45b7cd8c350d04e95baeead6b79c4cff607556fb7129,True,1
test,494,779,1919,cf8bee4faf9f1e67678d45b7cd8c350d04e95baeead6b79c4cff607556fb7129,False,0,4488,4488,cf8bee4faf9f1e67678d45b7cd8c350d04e95baeead6b79c4cff607556fb7129,cf8bee4faf9f1e67678d45b7cd8c350d04e95baeead6b79c4cff607556fb7129,True,1
test,495,986,2697,cf8bee4faf9f1e67678d45b7cd8c350d04e95baeead6b79c4cff607556fb7129,False,0,4488,4488,cf8bee4faf9f1e67678d45b7cd8c350d04e95baeead6b79c4cff607556fb7129,cf8bee4faf9f1e67678d45b7cd8c350d04e95baeead6b79c4cff607556fb7129,True,1
test,496,576,1810,cf8bee4faf9f1e67678d45b7cd8c350d04e95baeead6b79c4cff607556fb7129,False,0,4488,4488,cf8bee4faf9f1e67678d45b7cd8c350d04e95baeead6b79c4cff607556fb7129,cf8bee4faf9f1e67678d45b7cd8c350d04e95baeead6b79c4cff607556fb7129,True,1
test,497,1224,1587,cf8bee4faf9f1e67678d45b7cd8c350d04e95baeead6b79c4cff607556fb7129,False,0,4488,4488,cf8bee4faf9f1e67678d45b7cd8c350d04e95baeead6b79c4cff607556fb7129,cf8bee4faf9f1e67678d45b7cd8c350d04e95baeead6b79c4cff607556fb7129,True,1
test,498,610,2481,cf8bee4faf9f1e67678d45b7cd8c350d04e95baeead6b79c4cff607556fb7129,False,0,4488,4488,cf8bee4faf9f1e67678d45b7cd8c350d04e95baeead6b79c4cff607556fb7129,cf8bee4faf9f1e67678d45b7cd8c350d04e95baeead6b79c4cff607556fb7129,True,1
test,499,1903,2269,cf8bee4faf9f1e67678d45b7cd8c350d04e95baeead6b79c4cff607556fb7129,False,0,4488,4488,cf8bee4faf9f1e67678d45b7cd8c350d04e95baeead6b79c4cff607556fb7129,cf8bee4faf9f1e67678d45b7cd8c350d04e95baeead6b79c4cff607556fb7129,True,1
test,500,1358,1741,cf8bee4faf9f1e67678d45b7cd8c350d04e95baeead6b79c4cff607556fb7129,False,0,4488,4488,cf8bee4faf9f1e67678d45b7cd8c350d04e95baeead6b79c4cff607556fb7129,cf8bee4faf9f1e67678d45b7cd8c350d04e95baeead6b79c4cff607556fb7129,True,1
test,501,336,1950,cf8bee4faf9f1e67678d45b7cd8c350d04e95baeead6b79c4cff607556fb7129,False,0,4488,4488,cf8bee4faf9f1e67678d45b7cd8c350d04e95baeead6b79c4cff607556fb7129,cf8bee4faf9f1e67678d45b7cd8c350d04e95baeead6b79c4cff607556fb7129,True,1
test,502,146,897,cf8bee4faf9f1e67678d45b7cd8c350d04e95baeead6b79c4cff607556fb7129,False,0,4488,4488,cf8bee4faf9f1e67678d45b7cd8c350d04e95baeead6b79c4cff607556fb7129,cf8bee4faf9f1e67678d45b7cd8c350d04e95baeead6b79c4cff607556fb7129,True,1
test,503,154,364,cf8bee4faf9f1e67678d45b7cd8c350d04e95baeead6b79c4cff607556fb7129,False,0,4488,4488,cf8bee4faf9f1e67678d45b7cd8c350d04e95baeead6b79c4cff607556fb7129,cf8bee4faf9f1e67678d45b7cd8c350d04e95baeead6b79c4cff607556fb7129,True,1
test,504,1042,2198,cf8bee4faf9f1e67678d45b7cd8c350d04e95baeead6b79c4cff607556fb7129,False,0,4488,4488,cf8bee4faf9f1e67678d45b7cd8c350d04e95baeead6b79c4cff607556fb7129,cf8bee4faf9f1e67678d45b7cd8c350d04e95baeead6b79c4cff607556fb7129,True,1
test,505,167,168,cf8bee4faf9f1e67678d45b7cd8c350d04e95baeead6b79c4cff607556fb7129,False,0,4488,4488,cf8bee4faf9f1e67678d45b7cd8c350d04e95baeead6b79c4cff607556fb7129,cf8bee4faf9f1e67678d45b7cd8c350d04e95baeead6b79c4cff607556fb7129,True,1
test,506,1566,2071,cf8bee4faf9f1e67678d45b7cd8c350d04e95baeead6b79c4cff607556fb7129,False,0,4488,4488,cf8bee4faf9f1e67678d45b7cd8c350d04e95baeead6b79c4cff607556fb7129,cf8bee4faf9f1e67678d45b7cd8c350d04e95baeead6b79c4cff607556fb7129,True,1
test,507,603,795,cf8bee4faf9f1e67678d45b7cd8c350d04e95baeead6b79c4cff607556fb7129,False,0,4488,4488,cf8bee4faf9f1e67678d45b7cd8c350d04e95baeead6b79c4cff607556fb7129,cf8bee4faf9f1e67678d45b7cd8c350d04e95baeead6b79c4cff607556fb7129,True,1
test,508,55,210,cf8bee4faf9f1e67678d45b7cd8c350d04e95baeead6b79c4cff607556fb7129,False,0,4488,4488,cf8bee4faf9f1e67678d45b7cd8c350d04e95baeead6b79c4cff607556fb7129,cf8bee4faf9f1e67678d45b7cd8c350d04e95baeead6b79c4cff607556fb7129,True,1
test,509,1229,2439,cf8bee4faf9f1e67678d45b7cd8c350d04e95baeead6b79c4cff607556fb7129,False,0,4488,4488,cf8bee4faf9f1e67678d45b7cd8c350d04e95baeead6b79c4cff607556fb7129,cf8bee4faf9f1e67678d45b7cd8c350d04e95baeead6b79c4cff607556fb7129,True,1
test,510,963,2434,cf8bee4faf9f1e67678d45b7cd8c350d04e95baeead6b79c4cff607556fb7129,False,0,4488,4488,cf8bee4faf9f1e67678d45b7cd8c350d04e95baeead6b79c4cff607556fb7129,cf8bee4faf9f1e67678d45b7cd8c350d04e95baeead6b79c4cff607556fb7129,True,1
test,511,170,1358,cf8bee4faf9f1e67678d45b7cd8c350d04e95baeead6b79c4cff607556fb7129,False,0,4488,4488,cf8bee4faf9f1e67678d45b7cd8c350d04e95baeead6b79c4cff607556fb7129,cf8bee4faf9f1e67678d45b7cd8c350d04e95baeead6b79c4cff607556fb7129,True,1
train,0,0,633,24ba2b062308a2867948801f06976eba455bacb8af0d249935525a10b4f6507e,True,1,4488,4487,24ba2b062308a2867948801f06976eba455bacb8af0d249935525a10b4f6507e,24ba2b062308a2867948801f06976eba455bacb8af0d249935525a10b4f6507e,True,2
train,1,1,654,652ff1e0f1987899feb74bcfc1caa34f1ee17bb45038601e24e4b52e66d051d3,True,1,4488,4487,652ff1e0f1987899feb74bcfc1caa34f1ee17bb45038601e24e4b52e66d051d3,652ff1e0f1987899feb74bcfc1caa34f1ee17bb45038601e24e4b52e66d051d3,True,2
train,2,2,1454,47f7fd91bdd3db0d14b16faf6c891d8faec10812c06bac97b096fc1ebc9b77b7,True,1,4488,4487,47f7fd91bdd3db0d14b16faf6c891d8faec10812c06bac97b096fc1ebc9b77b7,47f7fd91bdd3db0d14b16faf6c891d8faec10812c06bac97b096fc1ebc9b77b7,True,2
train,3,4,1256,71d24b69ca37b6fb2453ba3af9936abf2c5f1fa99b09850201c519827d772cda,True,1,4488,4487,71d24b69ca37b6fb2453ba3af9936abf2c5f1fa99b09850201c519827d772cda,71d24b69ca37b6fb2453ba3af9936abf2c5f1fa99b09850201c519827d772cda,True,2
train,4,4,2176,82dbc42778bac9f9d807583446072b56f0c305f3550647569149d07fb51f88d6,True,1,4488,4487,82dbc42778bac9f9d807583446072b56f0c305f3550647569149d07fb51f88d6,82dbc42778bac9f9d807583446072b56f0c305f3550647569149d07fb51f88d6,True,2
train,5,12,1001,53fe6c06ac829f337e6c721554644270a69c8a9610215497c0afe7d7c8d770ce,True,1,4488,4487,53fe6c06ac829f337e6c721554644270a69c8a9610215497c0afe7d7c8d770ce,53fe6c06ac829f337e6c721554644270a69c8a9610215497c0afe7d7c8d770ce,True,2
train,6,20,2270,fe318484b16abf2140d1583462fcf206b561c4e7953fc022731e420fe7126681,True,1,4488,4487,fe318484b16abf2140d1583462fcf206b561c4e7953fc022731e420fe7126681,fe318484b16abf2140d1583462fcf206b561c4e7953fc022731e420fe7126681,True,2
train,7,24,2139,ee648c9bd87156d5dcea09defba4aae7974e459de38aa4a76c7179324d0a01aa,True,1,4488,4487,ee648c9bd87156d5dcea09defba4aae7974e459de38aa4a76c7179324d0a01aa,ee648c9bd87156d5dcea09defba4aae7974e459de38aa4a76c7179324d0a01aa,True,2
train,8,29,963,42010c543ba8df583c5764f8f6ed147e2de6586eb021a3fa487cf15a02c4af2a,True,1,4488,4487,42010c543ba8df583c5764f8f6ed147e2de6586eb021a3fa487cf15a02c4af2a,42010c543ba8df583c5764f8f6ed147e2de6586eb021a3fa487cf15a02c4af2a,True,2
train,9,34,1358,427238e997ac4cd5a03cc313f971d7fe13d490f97843cb1b50a182f8be573775,True,1,4488,4487,427238e997ac4cd5a03cc313f971d7fe13d490f97843cb1b50a182f8be573775,427238e997ac4cd5a03cc313f971d7fe13d490f97843cb1b50a182f8be573775,True,2
train,10,36,2106,85df539298be2d3ab18c6856ac16cd9a86473cea2f855c101c8ed6bb738850a1,True,1,4488,4487,85df539298be2d3ab18c6856ac16cd9a86473cea2f855c101c8ed6bb738850a1,85df539298be2d3ab18c6856ac16cd9a86473cea2f855c101c8ed6bb738850a1,True,2
train,11,36,2107,311e2b1e1527e94164b776c70db79d7a8decc6e11260d18c2d2b8edfd9f57098,True,1,4488,4487,311e2b1e1527e94164b776c70db79d7a8decc6e11260d18c2d2b8edfd9f57098,311e2b1e1527e94164b776c70db79d7a8decc6e11260d18c2d2b8edfd9f57098,True,2
train,12,39,1965,87418fb642320831f4faa91990e6167d034dd6825ab4c096b6c2958083f78764,True,1,4488,4487,87418fb642320831f4faa91990e6167d034dd6825ab4c096b6c2958083f78764,87418fb642320831f4faa91990e6167d034dd6825ab4c096b6c2958083f78764,True,2
train,13,41,175,7cc564445a047e2bb03a9f4648912550514e5eb6106f63cc88121289311face1,True,1,4488,4487,7cc564445a047e2bb03a9f4648912550514e5eb6106f63cc88121289311face1,7cc564445a047e2bb03a9f4648912550514e5eb6106f63cc88121289311face1,True,2
train,14,41,596,cea082e84f84bde6e6f47fca1b787700fb8ae6189e7b06ad0c287eee9fed1e1f,True,1,4488,4487,cea082e84f84bde6e6f47fca1b787700fb8ae6189e7b06ad0c287eee9fed1e1f,cea082e84f84bde6e6f47fca1b787700fb8ae6189e7b06ad0c287eee9fed1e1f,True,2
train,15,43,152,491e619a5f63042bb9d6af2a8ff4ba5ae2015d33bd2f64c8723b802443745d3d,True,1,4488,4487,491e619a5f63042bb9d6af2a8ff4ba5ae2015d33bd2f64c8723b802443745d3d,491e619a5f63042bb9d6af2a8ff4ba5ae2015d33bd2f64c8723b802443745d3d,True,2
train,16,55,815,0ad575dd5eedc69ccb47307658230b5b5052637e95fe716225bcd04d07d49077,True,1,4488,4487,0ad575dd5eedc69ccb47307658230b5b5052637e95fe716225bcd04d07d49077,0ad575dd5eedc69ccb47307658230b5b5052637e95fe716225bcd04d07d49077,True,2
train,17,65,239,33b22f6cbe78ae96029ce0d4dcc979d574640b90f5095c354fede7fbfa2d08d8,True,1,4488,4487,33b22f6cbe78ae96029ce0d4dcc979d574640b90f5095c354fede7fbfa2d08d8,33b22f6cbe78ae96029ce0d4dcc979d574640b90f5095c354fede7fbfa2d08d8,True,2
train,18,65,1628,6f1ec25c9bc28fe0dcf4d7f74148f4b34c9bddc574fe15affc01d8119c098991,True,1,4488,4487,6f1ec25c9bc28fe0dcf4d7f74148f4b34c9bddc574fe15affc01d8119c098991,6f1ec25c9bc28fe0dcf4d7f74148f4b34c9bddc574fe15affc01d8119c098991,True,2
train,19,68,1358,aa1f9fcfccca03520ed44bcc2903263bc58d75d222feb0cb8c055e8a05759fca,True,1,4488,4487,aa1f9fcfccca03520ed44bcc2903263bc58d75d222feb0cb8c055e8a05759fca,aa1f9fcfccca03520ed44bcc2903263bc58d75d222feb0cb8c055e8a05759fca,True,2
train,20,68,1986,1bc6b86800619ee36c4ce3bb3cb90dabd1c5e34c29bf4ba91c45f0fc64e92195,True,1,4488,4487,1bc6b86800619ee36c4ce3bb3cb90dabd1c5e34c29bf4ba91c45f0fc64e92195,1bc6b86800619ee36c4ce3bb3cb90dabd1c5e34c29bf4ba91c45f0fc64e92195,True,2
train,21,69,604,6f08091c630ed4705f85eae56dcb57467caf0a85be6411247a95749d7b3f4d7d,True,1,4488,4487,6f08091c630ed4705f85eae56dcb57467caf0a85be6411247a95749d7b3f4d7d,6f08091c630ed4705f85eae56dcb57467caf0a85be6411247a95749d7b3f4d7d,True,2
train,22,69,1914,9fb8c4259b0a7f3fc5ce88803a5ac25bef3a2fc9dcb07a341d2859c9f38b8db8,True,1,4488,4487,9fb8c4259b0a7f3fc5ce88803a5ac25bef3a2fc9dcb07a341d2859c9f38b8db8,9fb8c4259b0a7f3fc5ce88803a5ac25bef3a2fc9dcb07a341d2859c9f38b8db8,True,2
train,23,74,586,8b91cfbbc8069dbfce11485ab30d54b993c432b2eda08beab2e5b27a11f71087,True,1,4488,4487,8b91cfbbc8069dbfce11485ab30d54b993c432b2eda08beab2e5b27a11f71087,8b91cfbbc8069dbfce11485ab30d54b993c432b2eda08beab2e5b27a11f71087,True,2
train,24,74,1042,2dddaaf2edc500f67c1a0d3d1befacfe1b213d2ab459b333292eb4f8825eac3a,True,1,4488,4487,2dddaaf2edc500f67c1a0d3d1befacfe1b213d2ab459b333292eb4f8825eac3a,2dddaaf2edc500f67c1a0d3d1befacfe1b213d2ab459b333292eb4f8825eac3a,True,2
train,25,75,2223,cbb9efc4e4cca6424d9ae051d9e44e47114139621003e2daf73b4e5bee3574b9,True,1,4488,4487,cbb9efc4e4cca6424d9ae051d9e44e47114139621003e2daf73b4e5bee3574b9,cbb9efc4e4cca6424d9ae051d9e44e47114139621003e2daf73b4e5bee3574b9,True,2
train,26,79,603,4675f759da116f727c6eeaed803aefbbd88edecd2f4d65e31ad8a55b72a3ab24,True,1,4488,4487,4675f759da116f727c6eeaed803aefbbd88edecd2f4d65e31ad8a55b72a3ab24,4675f759da116f727c6eeaed803aefbbd88edecd2f4d65e31ad8a55b72a3ab24,True,2
train,27,82,1138,5422bb46cf192d017ecc7d1516d4f930aa4d757ed4add0f887942dbae7b6a586,True,1,4488,4487,5422bb46cf192d017ecc7d1516d4f930aa4d757ed4add0f887942dbae7b6a586,5422bb46cf192d017ecc7d1516d4f930aa4d757ed4add0f887942dbae7b6a586,True,2
train,28,83,1520,d67cd35df703c3809f1cbb0b864caaa5d32964ea27ab7425e84a0bc41e8eb63f,True,1,4488,4487,d67cd35df703c3809f1cbb0b864caaa5d32964ea27ab7425e84a0bc41e8eb63f,d67cd35df703c3809f1cbb0b864caaa5d32964ea27ab7425e84a0bc41e8eb63f,True,2
train,29,85,2487,b24e8bbc6e7c92f950e15c9bec66542867c7654c66e1cf717b0a09dda9543677,True,1,4488,4487,b24e8bbc6e7c92f950e15c9bec66542867c7654c66e1cf717b0a09dda9543677,b24e8bbc6e7c92f950e15c9bec66542867c7654c66e1cf717b0a09dda9543677,True,2
train,30,88,743,f5c29a324401c8a470f3e35b12e4ba36937aaa2d7bfe489604cf702b2c44d487,True,1,4488,4487,f5c29a324401c8a470f3e35b12e4ba36937aaa2d7bfe489604cf702b2c44d487,f5c29a324401c8a470f3e35b12e4ba36937aaa2d7bfe489604cf702b2c44d487,True,2
train,31,88,841,eb5ac3158a59838bb1f2f32b5a87abd64cd2c1807eb7bcf3eca4877be1b4caff,True,1,4488,4487,eb5ac3158a59838bb1f2f32b5a87abd64cd2c1807eb7bcf3eca4877be1b4caff,eb5ac3158a59838bb1f2f32b5a87abd64cd2c1807eb7bcf3eca4877be1b4caff,True,2
train,32,88,851,59de69fe40db82ed0f1bee9ee3f3178df726d598190ccf56fdb0cb6335edf2e2,True,1,4488,4487,59de69fe40db82ed0f1bee9ee3f3178df726d598190ccf56fdb0cb6335edf2e2,59de69fe40db82ed0f1bee9ee3f3178df726d598190ccf56fdb0cb6335edf2e2,True,2
train,33,88,1174,c581b0d16077962275d4fcf0f928d238ed6829873400fc358d6e807d21b18c1a,True,1,4488,4487,c581b0d16077962275d4fcf0f928d238ed6829873400fc358d6e807d21b18c1a,c581b0d16077962275d4fcf0f928d238ed6829873400fc358d6e807d21b18c1a,True,2
train,34,91,2122,9ac1abe0acd6b3a6c95ead333d0e9d6276ac4cd9c023c209983f0595a5f55736,True,1,4488,4487,9ac1abe0acd6b3a6c95ead333d0e9d6276ac4cd9c023c209983f0595a5f55736,9ac1abe0acd6b3a6c95ead333d0e9d6276ac4cd9c023c209983f0595a5f55736,True,2
train,35,94,195,d7ac3700a7ea3bcecc4e12d5f6ae897f8730009385852861cc1bf1899d80bfd4,True,1,4488,4487,d7ac3700a7ea3bcecc4e12d5f6ae897f8730009385852861cc1bf1899d80bfd4,d7ac3700a7ea3bcecc4e12d5f6ae897f8730009385852861cc1bf1899d80bfd4,True,2
train,36,94,2357,557f1865cd900fd0aa641fed447321296a1de2c3a30f2882f1bd00715c4b0e04,True,1,4488,4487,557f1865cd900fd0aa641fed447321296a1de2c3a30f2882f1bd00715c4b0e04,557f1865cd900fd0aa641fed447321296a1de2c3a30f2882f1bd00715c4b0e04,True,2
train,37,97,1353,fbb6c9bfc4df628f2668a3ea41be24bbac9a7addb7ca7b03258c2b48a7b8b718,True,1,4488,4487,fbb6c9bfc4df628f2668a3ea41be24bbac9a7addb7ca7b03258c2b48a7b8b718,fbb6c9bfc4df628f2668a3ea41be24bbac9a7addb7ca7b03258c2b48a7b8b718,True,2
train,38,101,1358,6af0be5ba3d7ab4cb702ce6df5f71de8ee339dbda06cc57c8c798618f1d3663f,True,1,4488,4487,6af0be5ba3d7ab4cb702ce6df5f71de8ee339dbda06cc57c8c798618f1d3663f,6af0be5ba3d7ab4cb702ce6df5f71de8ee339dbda06cc57c8c798618f1d3663f,True,2
train,39,102,2256,212a0f8519aac0b8ccea1a6fc5dfeeca48d59bc0cc64a65c3405944b018f1249,True,1,4488,4487,212a0f8519aac0b8ccea1a6fc5dfeeca48d59bc0cc64a65c3405944b018f1249,212a0f8519aac0b8ccea1a6fc5dfeeca48d59bc0cc64a65c3405944b018f1249,True,2
train,40,108,2209,54df3ba7b04d1ad3d09141e543fa0d0fd615429c9e523335c9415c5b201720d5,True,1,4488,4487,54df3ba7b04d1ad3d09141e543fa0d0fd615429c9e523335c9415c5b201720d5,54df3ba7b04d1ad3d09141e543fa0d0fd615429c9e523335c9415c5b201720d5,True,2
train,41,109,1337,3cd10c9ff656d827c3f1d5d4609be37d79a5042ddd16e7909317842705f14776,True,1,4488,4487,3cd10c9ff656d827c3f1d5d4609be37d79a5042ddd16e7909317842705f14776,3cd10c9ff656d827c3f1d5d4609be37d79a5042ddd16e7909317842705f14776,True,2
train,42,109,2093,5cf7e841e58e2a0d11eeb95cf7c0c74acb2163f8d5a50b676e6efde1519b3354,True,1,4488,4487,5cf7e841e58e2a0d11eeb95cf7c0c74acb2163f8d5a50b676e6efde1519b3354,5cf7e841e58e2a0d11eeb95cf7c0c74acb2163f8d5a50b676e6efde1519b3354,True,2
train,43,112,487,ba3e41625d8bc9066c477a5f95028a63c8ded9da838f9e42d51d9b3ce0b028b9,True,1,4488,4487,ba3e41625d8bc9066c477a5f95028a63c8ded9da838f9e42d51d9b3ce0b028b9,ba3e41625d8bc9066c477a5f95028a63c8ded9da838f9e42d51d9b3ce0b028b9,True,2
train,44,112,1623,ac96e2a6cb7688a5bbc14aa340a7637cc14da16110cd2359418d37223d265da7,True,1,4488,4487,ac96e2a6cb7688a5bbc14aa340a7637cc14da16110cd2359418d37223d265da7,ac96e2a6cb7688a5bbc14aa340a7637cc14da16110cd2359418d37223d265da7,True,2
train,45,114,610,297efee6334aa23860d7c03263b19bee177cf6315855daccec00116298d4705c,True,1,4488,4487,297efee6334aa23860d7c03263b19bee177cf6315855daccec00116298d4705c,297efee6334aa23860d7c03263b19bee177cf6315855daccec00116298d4705c,True,2
train,46,118,446,754be6cca2ee8a6926183e4b9808adff1e86c952f90ce07534c43acc1306a5f1,True,1,4488,4487,754be6cca2ee8a6926183e4b9808adff1e86c952f90ce07534c43acc1306a5f1,754be6cca2ee8a6926183e4b9808adff1e86c952f90ce07534c43acc1306a5f1,True,2
train,47,118,454,19ad1246df8012e25d40e4d84c14f55ee4aa7cd15ff5fe333728f0494719c0d0,True,1,4488,4487,19ad1246df8012e25d40e4d84c14f55ee4aa7cd15ff5fe333728f0494719c0d0,19ad1246df8012e25d40e4d84c14f55ee4aa7cd15ff5fe333728f0494719c0d0,True,2
train,48,118,1851,491bd09d64e8f1e427a2a261b7f4f754ce1fee232a5b4bdf3af216565aba35ea,True,1,4488,4487,491bd09d64e8f1e427a2a261b7f4f754ce1fee232a5b4bdf3af216565aba35ea,491bd09d64e8f1e427a2a261b7f4f754ce1fee232a5b4bdf3af216565aba35ea,True,2
train,49,118,2010,5a7b1b0a507f8354bcca7274d649ff5c4983d42fea324f8db95420e801899e3c,True,1,4488,4487,5a7b1b0a507f8354bcca7274d649ff5c4983d42fea324f8db95420e801899e3c,5a7b1b0a507f8354bcca7274d649ff5c4983d42fea324f8db95420e801899e3c,True,2
train,50,119,646,530e2fe5b22635642974d3962e9c8741a58ccec846411696b59d8c5d3c179fb4,True,1,4488,4487,530e2fe5b22635642974d3962e9c8741a58ccec846411696b59d8c5d3c179fb4,530e2fe5b22635642974d3962e9c8741a58ccec846411696b59d8c5d3c179fb4,True,2
train,51,119,1901,05a673a773fb459cef09331a3f09e9c1a87b67ac01673689049ff6a31f61ca20,True,1,4488,4487,05a673a773fb459cef09331a3f09e9c1a87b67ac01673689049ff6a31f61ca20,05a673a773fb459cef09331a3f09e9c1a87b67ac01673689049ff6a31f61ca20,True,2
train,52,127,2604,6a3a6e2ebf35aadd040c716a0343b9aaf23066feb2c919dfd3d53adf427bf17c,True,1,4488,4487,6a3a6e2ebf35aadd040c716a0343b9aaf23066feb2c919dfd3d53adf427bf17c,6a3a6e2ebf35aadd040c716a0343b9aaf23066feb2c919dfd3d53adf427bf17c,True,2
train,53,131,834,ce7c0ee0813e88adf79538d2b7df36547507f00fec25c8c49176e7f2fca67663,True,1,4488,4487,ce7c0ee0813e88adf79538d2b7df36547507f00fec25c8c49176e7f2fca67663,ce7c0ee0813e88adf79538d2b7df36547507f00fec25c8c49176e7f2fca67663,True,2
train,54,133,1670,bdbf3f525b8af8b1561d114f46433aab0d2b35c47d1984e4f1a2dda80c8e479b,True,1,4488,4487,bdbf3f525b8af8b1561d114f46433aab0d2b35c47d1984e4f1a2dda80c8e479b,bdbf3f525b8af8b1561d114f46433aab0d2b35c47d1984e4f1a2dda80c8e479b,True,2
train,55,138,306,8a34578deed34f10a4f213d61860a0deb1b6c8cf096e705e6beb32126873fdf4,True,1,4488,4487,8a34578deed34f10a4f213d61860a0deb1b6c8cf096e705e6beb32126873fdf4,8a34578deed34f10a4f213d61860a0deb1b6c8cf096e705e6beb32126873fdf4,True,2
train,56,138,1776,e17edd00a408cbabcb60ba2c03f211770c38a2952be6e049649f96a84c51817f,True,1,4488,4487,e17edd00a408cbabcb60ba2c03f211770c38a2952be6e049649f96a84c51817f,e17edd00a408cbabcb60ba2c03f211770c38a2952be6e049649f96a84c51817f,True,2
train,57,139,660,0996cd3afa388d72067bafe1f79d02ab4ee381ac12060450b35bdb9106e5cebc,True,1,4488,4487,0996cd3afa388d72067bafe1f79d02ab4ee381ac12060450b35bdb9106e5cebc,0996cd3afa388d72067bafe1f79d02ab4ee381ac12060450b35bdb9106e5cebc,True,2
train,58,140,582,e4e14436ea23f20649bdc379ce09b6b86a7e5b49ab5726fca30e47a24e3c866a,True,1,4488,4487,e4e14436ea23f20649bdc379ce09b6b86a7e5b49ab5726fca30e47a24e3c866a,e4e14436ea23f20649bdc379ce09b6b86a7e5b49ab5726fca30e47a24e3c866a,True,2
train,59,146,1907,72dba089ae527c3b5eac49704841b9bfdde141b86d9175bee5950b5a088925ce,True,1,4488,4487,72dba089ae527c3b5eac49704841b9bfdde141b86d9175bee5950b5a088925ce,72dba089ae527c3b5eac49704841b9bfdde141b86d9175bee5950b5a088925ce,True,2
train,60,149,2025,64c386b97bec93506623d454f700aed4a7405b3b41d83f1f3fe0c125d7f032d2,True,1,4488,4487,64c386b97bec93506623d454f700aed4a7405b3b41d83f1f3fe0c125d7f032d2,64c386b97bec93506623d454f700aed4a7405b3b41d83f1f3fe0c125d7f032d2,True,2
train,61,153,459,d0b46a5ab0eed2232048f7571cb9bdf6bc654ee65abdbdea2501d9fe2c6aa797,True,1,4488,4487,d0b46a5ab0eed2232048f7571cb9bdf6bc654ee65abdbdea2501d9fe2c6aa797,d0b46a5ab0eed2232048f7571cb9bdf6bc654ee65abdbdea2501d9fe2c6aa797,True,2
train,62,153,1623,0a74b1c7ff1fe58f8cfc8d62205967b3a744be9fdd9330d2eef6247c809d2ba4,True,1,4488,4487,0a74b1c7ff1fe58f8cfc8d62205967b3a744be9fdd9330d2eef6247c809d2ba4,0a74b1c7ff1fe58f8cfc8d62205967b3a744be9fdd9330d2eef6247c809d2ba4,True,2
train,63,154,326,aa272004772277b003853c93b5396cccde30cd55e80a89be78ab4625c0d1a6cc,True,1,4488,4487,aa272004772277b003853c93b5396cccde30cd55e80a89be78ab4625c0d1a6cc,aa272004772277b003853c93b5396cccde30cd55e80a89be78ab4625c0d1a6cc,True,2
train,64,154,819,931431d87067d5fe2d0974134bae680581f71544cbedc747e363a37ddd72d506,True,1,4488,4487,931431d87067d5fe2d0974134bae680581f71544cbedc747e363a37ddd72d506,931431d87067d5fe2d0974134bae680581f71544cbedc747e363a37ddd72d506,True,2
train,65,154,1238,30798daf8fa028dec342a27183c17d32e27238ff38748cae441896abeeb2bc0a,True,1,4488,4487,30798daf8fa028dec342a27183c17d32e27238ff38748cae441896abeeb2bc0a,30798daf8fa028dec342a27183c17d32e27238ff38748cae441896abeeb2bc0a,True,2
train,66,154,1568,9028edf6678df2c0226b8ae58bc9ab44f169fad6f03ba8540d537e77b4c8e066,True,1,4488,4487,9028edf6678df2c0226b8ae58bc9ab44f169fad6f03ba8540d537e77b4c8e066,9028edf6678df2c0226b8ae58bc9ab44f169fad6f03ba8540d537e77b4c8e066,True,2
train,67,156,1358,9772ec80bcf57b33dc552765705c64daa716a2db172ccd8da4111ac82681a6dc,True,1,4488,4487,9772ec80bcf57b33dc552765705c64daa716a2db172ccd8da4111ac82681a6dc,9772ec80bcf57b33dc552765705c64daa716a2db172ccd8da4111ac82681a6dc,True,2
train,68,157,1870,625283cd24584f898fc5db77111af03196361dfde7ad65cb8c53e936fe951a6d,True,1,4488,4487,625283cd24584f898fc5db77111af03196361dfde7ad65cb8c53e936fe951a6d,625283cd24584f898fc5db77111af03196361dfde7ad65cb8c53e936fe951a6d,True,2
train,69,160,2009,b9a6e5a91fb8ac360fd9c04678206786d35b0aba53628cb624a769a565672b0a,True,1,4488,4487,b9a6e5a91fb8ac360fd9c04678206786d35b0aba53628cb624a769a565672b0a,b9a6e5a91fb8ac360fd9c04678206786d35b0aba53628cb624a769a565672b0a,True,2
train,70,161,842,19498a1dafbf560e41a96c1a9c41b6b4bdb0d918c55c838e32be9535ed7a990c,True,1,4488,4487,19498a1dafbf560e41a96c1a9c41b6b4bdb0d918c55c838e32be9535ed7a990c,19498a1dafbf560e41a96c1a9c41b6b4bdb0d918c55c838e32be9535ed7a990c,True,2
train,71,164,210,2755e61eeb3addc20d1e40d90038d36296e141da1c92640725df3f7bbdc6e776,True,1,4488,4487,2755e61eeb3addc20d1e40d90038d36296e141da1c92640725df3f7bbdc6e776,2755e61eeb3addc20d1e40d90038d36296e141da1c92640725df3f7bbdc6e776,True,2
train,72,165,2707,4dfd743308f3f6379e113e8beb39038b53a0af7e72a646a03771ae6614bd7b04,True,1,4488,4487,4dfd743308f3f6379e113e8beb39038b53a0af7e72a646a03771ae6614bd7b04,4dfd743308f3f6379e113e8beb39038b53a0af7e72a646a03771ae6614bd7b04,True,2
train,73,173,687,ebd11c9fa4399b57513cac593e533cc42fe154dd7848d93d86322c0e45749a87,True,1,4488,4487,ebd11c9fa4399b57513cac593e533cc42fe154dd7848d93d86322c0e45749a87,ebd11c9fa4399b57513cac593e533cc42fe154dd7848d93d86322c0e45749a87,True,2
train,74,174,2334,fdeb63ff03a74c67cc468a7f72d495dfc1a1615b5c18c0e9b7b126dc45b7ab48,True,1,4488,4487,fdeb63ff03a74c67cc468a7f72d495dfc1a1615b5c18c0e9b7b126dc45b7ab48,fdeb63ff03a74c67cc468a7f72d495dfc1a1615b5c18c0e9b7b126dc45b7ab48,True,2
train,75,175,2135,cfce5e1b39f1af48b61b9973c5d7b4da0c929430cce3a29432abac071645cf3e,True,1,4488,4487,cfce5e1b39f1af48b61b9973c5d7b4da0c929430cce3a29432abac071645cf3e,cfce5e1b39f1af48b61b9973c5d7b4da0c929430cce3a29432abac071645cf3e,True,2
train,76,180,791,ded3ec52b3e8567467a8e999905f427f3668b3f7e1f80a885d46e28560c8fe3f,True,1,4488,4487,ded3ec52b3e8567467a8e999905f427f3668b3f7e1f80a885d46e28560c8fe3f,ded3ec52b3e8567467a8e999905f427f3668b3f7e1f80a885d46e28560c8fe3f,True,2
train,77,187,1208,a9c0bc7930846445ed65617397894af1f48e62a2f0329476cdfacb544b242307,True,1,4488,4487,a9c0bc7930846445ed65617397894af1f48e62a2f0329476cdfacb544b242307,a9c0bc7930846445ed65617397894af1f48e62a2f0329476cdfacb544b242307,True,2
train,78,188,1727,d2c32f99fcf26d28eac9ee6db02752f1f0c81588ab80d75eafe163ea0384d262,True,1,4488,4487,d2c32f99fcf26d28eac9ee6db02752f1f0c81588ab80d75eafe163ea0384d262,d2c32f99fcf26d28eac9ee6db02752f1f0c81588ab80d75eafe163ea0384d262,True,2
train,79,191,1998,cc556d4e98c9dadb716e6dcbe2c92bc4fdaba522aa1c376eeccfcc0809211bc8,True,1,4488,4487,cc556d4e98c9dadb716e6dcbe2c92bc4fdaba522aa1c376eeccfcc0809211bc8,cc556d4e98c9dadb716e6dcbe2c92bc4fdaba522aa1c376eeccfcc0809211bc8,True,2
train,80,193,458,13941f25bb6f7ba307a0448b15eff87ac54f3a4b09a2e7a78435a0ef3456f1a5,True,1,4488,4487,13941f25bb6f7ba307a0448b15eff87ac54f3a4b09a2e7a78435a0ef3456f1a5,13941f25bb6f7ba307a0448b15eff87ac54f3a4b09a2e7a78435a0ef3456f1a5,True,2
train,81,194,1451,a901ea9c26e499b4f00c97346857514033285425d08448d73df616a9ad090454,True,1,4488,4487,a901ea9c26e499b4f00c97346857514033285425d08448d73df616a9ad090454,a901ea9c26e499b4f00c97346857514033285425d08448d73df616a9ad090454,True,2
train,82,194,2564,5f61362d354cc8f59509f084f93cfe66d0f70c0e492062e66f2688790f213c98,True,1,4488,4487,5f61362d354cc8f59509f084f93cfe66d0f70c0e492062e66f2688790f213c98,5f61362d354cc8f59509f084f93cfe66d0f70c0e492062e66f2688790f213c98,True,2
train,83,195,2424,147b60ee99ce23d891aca71763493d4558535c2fe5aea11edeb3616292c595f3,True,1,4488,4487,147b60ee99ce23d891aca71763493d4558535c2fe5aea11edeb3616292c595f3,147b60ee99ce23d891aca71763493d4558535c2fe5aea11edeb3616292c595f3,True,2
train,84,197,231,dc71251004ac128b0613cd2d17ed296379d3831e1f3e9ee398a076b99fd0a216,True,1,4488,4487,dc71251004ac128b0613cd2d17ed296379d3831e1f3e9ee398a076b99fd0a216,dc71251004ac128b0613cd2d17ed296379d3831e1f3e9ee398a076b99fd0a216,True,2
train,85,200,1439,1479f4ad3ab80e84bb0bde622d27c956a28dcfd7b6926e9fc1634c7793e25289,True,1,4488,4487,1479f4ad3ab80e84bb0bde622d27c956a28dcfd7b6926e9fc1634c7793e25289,1479f4ad3ab80e84bb0bde622d27c956a28dcfd7b6926e9fc1634c7793e25289,True,2
train,86,207,833,5a6569fa2dac27d28a9dfa3f2cc45bcc7f663232f4615243a58bf989b732a349,True,1,4488,4487,5a6569fa2dac27d28a9dfa3f2cc45bcc7f663232f4615243a58bf989b732a349,5a6569fa2dac27d28a9dfa3f2cc45bcc7f663232f4615243a58bf989b732a349,True,2
train,87,211,1908,d8cc54d52ecea5901b28ff841b31d531359cdd168138b4331f4ef4799d2aacd5,True,1,4488,4487,d8cc54d52ecea5901b28ff841b31d531359cdd168138b4331f4ef4799d2aacd5,d8cc54d52ecea5901b28ff841b31d531359cdd168138b4331f4ef4799d2aacd5,True,2
train,88,213,2192,2117b15eb045129acc7a7a8b2a092b3bc3aaaba61fee9ea9f6668d589c20438e,True,1,4488,4487,2117b15eb045129acc7a7a8b2a092b3bc3aaaba61fee9ea9f6668d589c20438e,2117b15eb045129acc7a7a8b2a092b3bc3aaaba61fee9ea9f6668d589c20438e,True,2
train,89,215,1701,a7908525de01ab5956768283b470ace392b1af79bd6f0124a82a3cec667270dc,True,1,4488,4487,a7908525de01ab5956768283b470ace392b1af79bd6f0124a82a3cec667270dc,a7908525de01ab5956768283b470ace392b1af79bd6f0124a82a3cec667270dc,True,2
train,90,215,2045,b3a8974a5bf9da9e03468c1d8cad5fd1f8202af081f3554148cb1d15ce549ee7,True,1,4488,4487,b3a8974a5bf9da9e03468c1d8cad5fd1f8202af081f3554148cb1d15ce549ee7,b3a8974a5bf9da9e03468c1d8cad5fd1f8202af081f3554148cb1d15ce549ee7,True,2
train,91,219,1413,ff34b8f04e840e77eaa7d13612809d83a5d9f3781868639ccebb90dee9ced797,True,1,4488,4487,ff34b8f04e840e77eaa7d13612809d83a5d9f3781868639ccebb90dee9ced797,ff34b8f04e840e77eaa7d13612809d83a5d9f3781868639ccebb90dee9ced797,True,2
train,92,220,376,1ae3e3c03a16210bff2bf3f9eedd1b5d4654f5e38641336bc0ac5c3c8bb2719d,True,1,4488,4487,1ae3e3c03a16210bff2bf3f9eedd1b5d4654f5e38641336bc0ac5c3c8bb2719d,1ae3e3c03a16210bff2bf3f9eedd1b5d4654f5e38641336bc0ac5c3c8bb2719d,True,2
train,93,223,1761,700afef148de0359daf6d34c2493ef7d677bce2edd1320fcebccd1b54aaddac3,True,1,4488,4487,700afef148de0359daf6d34c2493ef7d677bce2edd1320fcebccd1b54aaddac3,700afef148de0359daf6d34c2493ef7d677bce2edd1320fcebccd1b54aaddac3,True,2
train,94,235,1701,8f148d8a0b8e786dbd55bc59ade2266147623a1a5ee74c508cd800e83ca73ebd,True,1,4488,4487,8f148d8a0b8e786dbd55bc59ade2266147623a1a5ee74c508cd800e83ca73ebd,8f148d8a0b8e786dbd55bc59ade2266147623a1a5ee74c508cd800e83ca73ebd,True,2
train,95,236,1072,b1d612c392a9fd90c7dee5b89ca42f4c9a3c0f421e95bef69051d6fa96740a7a,True,1,4488,4487,b1d612c392a9fd90c7dee5b89ca42f4c9a3c0f421e95bef69051d6fa96740a7a,b1d612c392a9fd90c7dee5b89ca42f4c9a3c0f421e95bef69051d6fa96740a7a,True,2
train,96,236,1572,77ba6131e5970c2a86a08fa159dab52a1a785040533b9c93aff5b786324e4b0c,True,1,4488,4487,77ba6131e5970c2a86a08fa159dab52a1a785040533b9c93aff5b786324e4b0c,77ba6131e5970c2a86a08fa159dab52a1a785040533b9c93aff5b786324e4b0c,True,2
train,97,239,1759,a5b6d8d157b808b17c12ab0c4a28e05d8c1c17b7611a9291aef59d7712f8141c,True,1,4488,4487,a5b6d8d157b808b17c12ab0c4a28e05d8c1c17b7611a9291aef59d7712f8141c,a5b6d8d157b808b17c12ab0c4a28e05d8c1c17b7611a9291aef59d7712f8141c,True,2
train,98,239,2182,6fa4ce47f0f4901f0792730ba86a27eec977bcac6e513149602cf33bc840de66,True,1,4488,4487,6fa4ce47f0f4901f0792730ba86a27eec977bcac6e513149602cf33bc840de66,6fa4ce47f0f4901f0792730ba86a27eec977bcac6e513149602cf33bc840de66,True,2
train,99,240,756,8a55aded4d4bbb6891cf66c782163927b83915d26d6297f59780bae096f0c6b1,True,1,4488,4487,8a55aded4d4bbb6891cf66c782163927b83915d26d6297f59780bae096f0c6b1,8a55aded4d4bbb6891cf66c782163927b83915d26d6297f59780bae096f0c6b1,True,2
train,100,242,1131,01993434644833ecce35ba3b6c4b9b78016a8e75c6c278ebe267e39ed816517e,True,1,4488,4487,01993434644833ecce35ba3b6c4b9b78016a8e75c6c278ebe267e39ed816517e,01993434644833ecce35ba3b6c4b9b78016a8e75c6c278ebe267e39ed816517e,True,2
train,101,244,565,15edac4f2ff6419993c5c2a34e558cb87495b2364634c78fab7762be6db1bfc0,True,1,4488,4487,15edac4f2ff6419993c5c2a34e558cb87495b2364634c78fab7762be6db1bfc0,15edac4f2ff6419993c5c2a34e558cb87495b2364634c78fab7762be6db1bfc0,True,2
train,102,247,2583,746591ff96bdfbb2b47b2744e6b605a0b59396b9fa5f507a8b4c67181c60eeb6,True,1,4488,4487,746591ff96bdfbb2b47b2744e6b605a0b59396b9fa5f507a8b4c67181c60eeb6,746591ff96bdfbb2b47b2744e6b605a0b59396b9fa5f507a8b4c67181c60eeb6,True,2
train,103,251,507,a78c321358fa239986cdce34913ca759668ffb0530988e5886f8c05994ed3b85,True,1,4488,4487,a78c321358fa239986cdce34913ca759668ffb0530988e5886f8c05994ed3b85,a78c321358fa239986cdce34913ca759668ffb0530988e5886f8c05994ed3b85,True,2
train,104,251,1413,3a11098a5ff45ee5ff73c860b458c242232feedaa0bd565a78b4305f7a1ea66d,True,1,4488,4487,3a11098a5ff45ee5ff73c860b458c242232feedaa0bd565a78b4305f7a1ea66d,3a11098a5ff45ee5ff73c860b458c242232feedaa0bd565a78b4305f7a1ea66d,True,2
train,105,254,1211,f591ff8760e3901bec27932a4dbf4b4eeda3f2140fffbbfa326499244f5fb657,True,1,4488,4487,f591ff8760e3901bec27932a4dbf4b4eeda3f2140fffbbfa326499244f5fb657,f591ff8760e3901bec27932a4dbf4b4eeda3f2140fffbbfa326499244f5fb657,True,2
train,106,255,2112,58a8f8990f50f0b9e81c55fbe1c8b3979f68b6a3ac25e8441b0e97eb21a7a37b,True,1,4488,4487,58a8f8990f50f0b9e81c55fbe1c8b3979f68b6a3ac25e8441b0e97eb21a7a37b,58a8f8990f50f0b9e81c55fbe1c8b3979f68b6a3ac25e8441b0e97eb21a7a37b,True,2
train,107,258,963,2455427d8d002757c2d54ab13e8eec3b8bab06e118e6d99b5c89e996d25f09dd,True,1,4488,4487,2455427d8d002757c2d54ab13e8eec3b8bab06e118e6d99b5c89e996d25f09dd,2455427d8d002757c2d54ab13e8eec3b8bab06e118e6d99b5c89e996d25f09dd,True,2
train,108,258,2645,a2281146656bea49e9eb37030fb0ef857ffe647046ffe89c254ef6f42ccd833e,True,1,4488,4487,a2281146656bea49e9eb37030fb0ef857ffe647046ffe89c254ef6f42ccd833e,a2281146656bea49e9eb37030fb0ef857ffe647046ffe89c254ef6f42ccd833e,True,2
train,109,261,1701,bd4ef20037b16fd8288cc35d76e5e1b6428011ac17c590601d6f55bec95c95ec,True,1,4488,4487,bd4ef20037b16fd8288cc35d76e5e1b6428011ac17c590601d6f55bec95c95ec,bd4ef20037b16fd8288cc35d76e5e1b6428011ac17c590601d6f55bec95c95ec,True,2
train,110,261,1894,00760dbebff8a640fb34aff276a7ef179a9840e22f6c5cc00fcb21bd3d135f2f,True,1,4488,4487,00760dbebff8a640fb34aff276a7ef179a9840e22f6c5cc00fcb21bd3d135f2f,00760dbebff8a640fb34aff276a7ef179a9840e22f6c5cc00fcb21bd3d135f2f,True,2
train,111,263,1103,a10a1b268429295c9ca2992cbe6cac31ba6bd2e43daf02cd36281888c5c1935d,True,1,4488,4487,a10a1b268429295c9ca2992cbe6cac31ba6bd2e43daf02cd36281888c5c1935d,a10a1b268429295c9ca2992cbe6cac31ba6bd2e43daf02cd36281888c5c1935d,True,2
train,112,270,838,4e7e9e87a1fae37967a1863d81f94f94e7922ae54a68a12457a9a91f70aaee60,True,1,4488,4487,4e7e9e87a1fae37967a1863d81f94f94e7922ae54a68a12457a9a91f70aaee60,4e7e9e87a1fae37967a1863d81f94f94e7922ae54a68a12457a9a91f70aaee60,True,2
train,113,277,553,fc689512d107a1367589260fc2f3d1d677cf7b33b31354248baa211671e2ff6a,True,1,4488,4487,fc689512d107a1367589260fc2f3d1d677cf7b33b31354248baa211671e2ff6a,fc689512d107a1367589260fc2f3d1d677cf7b33b31354248baa211671e2ff6a,True,2
train,114,277,1869,9a4ae8a383958a79a6b03b2c45ad94b59d5df9013e6fc10fa836f7852ce21154,True,1,4488,4487,9a4ae8a383958a79a6b03b2c45ad94b59d5df9013e6fc10fa836f7852ce21154,9a4ae8a383958a79a6b03b2c45ad94b59d5df9013e6fc10fa836f7852ce21154,True,2
train,115,286,698,789394b5f433ab874f7408de41d25ba5b565cd3892ea4aae0bfb26b0f240d808,True,1,4488,4487,789394b5f433ab874f7408de41d25ba5b565cd3892ea4aae0bfb26b0f240d808,789394b5f433ab874f7408de41d25ba5b565cd3892ea4aae0bfb26b0f240d808,True,2
train,116,288,618,afc40108e140b135c370e0f1c7c3cfe6596cf7f934734a2082a69111bd0828e2,True,1,4488,4487,afc40108e140b135c370e0f1c7c3cfe6596cf7f934734a2082a69111bd0828e2,afc40108e140b135c370e0f1c7c3cfe6596cf7f934734a2082a69111bd0828e2,True,2
train,117,290,2359,793d8a9a8aaf7719af6456fcf3bea44d1574cf3f1e5a3f357485c21caae3a543,True,1,4488,4487,793d8a9a8aaf7719af6456fcf3bea44d1574cf3f1e5a3f357485c21caae3a543,793d8a9a8aaf7719af6456fcf3bea44d1574cf3f1e5a3f357485c21caae3a543,True,2
train,118,298,1095,89ec9effbd245250891bd08cc81e556c5f6171f14653b657fd32585306722180,True,1,4488,4487,89ec9effbd245250891bd08cc81e556c5f6171f14653b657fd32585306722180,89ec9effbd245250891bd08cc81e556c5f6171f14653b657fd32585306722180,True,2
train,119,299,2383,01b797510a3652e474bfa3feb9c4c0e596d536851e2d358e01d94f1978b3bf57,True,1,4488,4487,01b797510a3652e474bfa3feb9c4c0e596d536851e2d358e01d94f1978b3bf57,01b797510a3652e474bfa3feb9c4c0e596d536851e2d358e01d94f1978b3bf57,True,2
train,120,299,2387,25b81bd7ca37c95dc374a06bdf56a5de4c5e36d56ff2d1cff54788fb6540f82d,True,1,4488,4487,25b81bd7ca37c95dc374a06bdf56a5de4c5e36d56ff2d1cff54788fb6540f82d,25b81bd7ca37c95dc374a06bdf56a5de4c5e36d56ff2d1cff54788fb6540f82d,True,2
train,121,300,634,66e8b3e8c0add5d1e3c5d22128efe4f615cd82a843ad5a26febd2caeeb41f248,True,1,4488,4487,66e8b3e8c0add5d1e3c5d22128efe4f615cd82a843ad5a26febd2caeeb41f248,66e8b3e8c0add5d1e3c5d22128efe4f615cd82a843ad5a26febd2caeeb41f248,True,2
train,122,302,306,1e28b4be83f6dc0ec9268cf460b219e525f8db39fa64a91513f2d5f5c6644bd7,True,1,4488,4487,1e28b4be83f6dc0ec9268cf460b219e525f8db39fa64a91513f2d5f5c6644bd7,1e28b4be83f6dc0ec9268cf460b219e525f8db39fa64a91513f2d5f5c6644bd7,True,2
train,123,306,487,f8fb772638a9432518217692f8b24a3ade14803c58d7776e86e5a61853043665,True,1,4488,4487,f8fb772638a9432518217692f8b24a3ade14803c58d7776e86e5a61853043665,f8fb772638a9432518217692f8b24a3ade14803c58d7776e86e5a61853043665,True,2
train,124,306,1072,55b57ed6761d63d6db65d106aa87bc8be381622cf919dc45972d0f093a77b34f,True,1,4488,4487,55b57ed6761d63d6db65d106aa87bc8be381622cf919dc45972d0f093a77b34f,55b57ed6761d63d6db65d106aa87bc8be381622cf919dc45972d0f093a77b34f,True,2
train,125,306,1584,ad92a524256a4f3d2b56ebcaf31e8ed5f564dff4bdc38a683fe00cb7e005575d,True,1,4488,4487,ad92a524256a4f3d2b56ebcaf31e8ed5f564dff4bdc38a683fe00cb7e005575d,ad92a524256a4f3d2b56ebcaf31e8ed5f564dff4bdc38a683fe00cb7e005575d,True,2
train,126,306,1656,029c6c69711408dc6600776c3769739f2155520ea45d3305e83f320b3ddb1e99,True,1,4488,4487,029c6c69711408dc6600776c3769739f2155520ea45d3305e83f320b3ddb1e99,029c6c69711408dc6600776c3769739f2155520ea45d3305e83f320b3ddb1e99,True,2
train,127,306,2048,27048e9ba9a117afa93d91c3c3bc502258974ff89083bd12c7ffdada5e2a381c,True,1,4488,4487,27048e9ba9a117afa93d91c3c3bc502258974ff89083bd12c7ffdada5e2a381c,27048e9ba9a117afa93d91c3c3bc502258974ff89083bd12c7ffdada5e2a381c,True,2
train,128,306,2087,29730d9784ecff2f935042e20e673b60962536d1a27e5af69e64be992dfc98b2,True,1,4488,4487,29730d9784ecff2f935042e20e673b60962536d1a27e5af69e64be992dfc98b2,29730d9784ecff2f935042e20e673b60962536d1a27e5af69e64be992dfc98b2,True,2
train,129,309,383,a942857b43bab314cbeac03f2c64dbf01797456f488d0d40fe77a3cadbf6eb5a,True,1,4488,4487,a942857b43bab314cbeac03f2c64dbf01797456f488d0d40fe77a3cadbf6eb5a,a942857b43bab314cbeac03f2c64dbf01797456f488d0d40fe77a3cadbf6eb5a,True,2
train,130,310,1581,f896b77a789080896b3248d05f43ddc24b5f811e71bf63b6547679c919d3aa74,True,1,4488,4487,f896b77a789080896b3248d05f43ddc24b5f811e71bf63b6547679c919d3aa74,f896b77a789080896b3248d05f43ddc24b5f811e71bf63b6547679c919d3aa74,True,2
train,131,311,1865,9215b935c24e3d0e5b10dd7a66d30835ff63284532a5513afb215f62327d7cbc,True,1,4488,4487,9215b935c24e3d0e5b10dd7a66d30835ff63284532a5513afb215f62327d7cbc,9215b935c24e3d0e5b10dd7a66d30835ff63284532a5513afb215f62327d7cbc,True,2
train,132,312,1610,483ddbab73e3b67e73b08e93efacd3e59b7452f0f1f5e8da9fd3b35053d83646,True,1,4488,4487,483ddbab73e3b67e73b08e93efacd3e59b7452f0f1f5e8da9fd3b35053d83646,483ddbab73e3b67e73b08e93efacd3e59b7452f0f1f5e8da9fd3b35053d83646,True,2
train,133,315,1921,3335f7b462b1b8b482823d155aed9c9a53c7e27b4dc99423e16fa40a965ec694,True,1,4488,4487,3335f7b462b1b8b482823d155aed9c9a53c7e27b4dc99423e16fa40a965ec694,3335f7b462b1b8b482823d155aed9c9a53c7e27b4dc99423e16fa40a965ec694,True,2
train,134,315,2232,f53635a78183e2bb295554ed46ae60a5da292e4f7646ab2985266c21a3c57478,True,1,4488,4487,f53635a78183e2bb295554ed46ae60a5da292e4f7646ab2985266c21a3c57478,f53635a78183e2bb295554ed46ae60a5da292e4f7646ab2985266c21a3c57478,True,2
train,135,316,845,281b1694fc474c988ed84b1f743399d3fdf09ebfaa92232cf7ca4368105e1bfe,True,1,4488,4487,281b1694fc474c988ed84b1f743399d3fdf09ebfaa92232cf7ca4368105e1bfe,281b1694fc474c988ed84b1f743399d3fdf09ebfaa92232cf7ca4368105e1bfe,True,2
train,136,320,348,b28712343e2303daa20918a554650f2461be664fed2bd99b34f66fe261ba9909,True,1,4488,4487,b28712343e2303daa20918a554650f2461be664fed2bd99b34f66fe261ba9909,b28712343e2303daa20918a554650f2461be664fed2bd99b34f66fe261ba9909,True,2
train,137,327,1325,efdf01c41ce16f1b7001f90177fc07dd260005b3d2d3887bf9e3f32493d2be40,True,1,4488,4487,efdf01c41ce16f1b7001f90177fc07dd260005b3d2d3887bf9e3f32493d2be40,efdf01c41ce16f1b7001f90177fc07dd260005b3d2d3887bf9e3f32493d2be40,True,2
train,138,329,1798,06b3edd71c6656ec80714ff43340aa15bf7d7132b07386e5cb472f072a6abdf0,True,1,4488,4487,06b3edd71c6656ec80714ff43340aa15bf7d7132b07386e5cb472f072a6abdf0,06b3edd71c6656ec80714ff43340aa15bf7d7132b07386e5cb472f072a6abdf0,True,2
train,139,330,2123,ae257d053e72d94cc9e221c7b78aae097a67d9fd50a0029a6a20e4d9455bc004,True,1,4488,4487,ae257d053e72d94cc9e221c7b78aae097a67d9fd50a0029a6a20e4d9455bc004,ae257d053e72d94cc9e221c7b78aae097a67d9fd50a0029a6a20e4d9455bc004,True,2
train,140,335,1701,1c784b560af8658ce1c853cfb750539ca0b64e08631b41e616206b227e1b0fda,True,1,4488,4487,1c784b560af8658ce1c853cfb750539ca0b64e08631b41e616206b227e1b0fda,1c784b560af8658ce1c853cfb750539ca0b64e08631b41e616206b227e1b0fda,True,2
train,141,337,1776,4bc3151b63ef54704fecc5b39a34d9f64f957b8a885dd5c9f4947931c2f0a07c,True,1,4488,4487,4bc3151b63ef54704fecc5b39a34d9f64f957b8a885dd5c9f4947931c2f0a07c,4bc3151b63ef54704fecc5b39a34d9f64f957b8a885dd5c9f4947931c2f0a07c,True,2
train,142,338,1934,5d7536c610d71ba7ccf3b44ff8a13e0eaeb393533ae6638acc6377723e6bea41,True,1,4488,4487,5d7536c610d71ba7ccf3b44ff8a13e0eaeb393533ae6638acc6377723e6bea41,5d7536c610d71ba7ccf3b44ff8a13e0eaeb393533ae6638acc6377723e6bea41,True,2
train,143,340,584,e155695ca424ae080722caa879db9a28998f2bb290bc6c35cd9c784e68051189,True,1,4488,4487,e155695ca424ae080722caa879db9a28998f2bb290bc6c35cd9c784e68051189,e155695ca424ae080722caa879db9a28998f2bb290bc6c35cd9c784e68051189,True,2
train,144,341,1546,4629f506bad6502907aafa8cf5d882e8405e668f64e7be6699b50b1bb85d64f3,True,1,4488,4487,4629f506bad6502907aafa8cf5d882e8405e668f64e7be6699b50b1bb85d64f3,4629f506bad6502907aafa8cf5d882e8405e668f64e7be6699b50b1bb85d64f3,True,2
train,145,346,999,0a5e941d436b195a358933808e12dbf8c3488e08e322e820aa57fadcf7943aaf,True,1,4488,4487,0a5e941d436b195a358933808e12dbf8c3488e08e322e820aa57fadcf7943aaf,0a5e941d436b195a358933808e12dbf8c3488e08e322e820aa57fadcf7943aaf,True,2
train,146,347,423,44fde83600a909f5d859cadccc7dec5d8aba0e337ec16ff0ad43332ceb11cbd0,True,1,4488,4487,44fde83600a909f5d859cadccc7dec5d8aba0e337ec16ff0ad43332ceb11cbd0,44fde83600a909f5d859cadccc7dec5d8aba0e337ec16ff0ad43332ceb11cbd0,True,2
train,147,349,465,7a2cd0cd21b403c501b2d28b4abcc7fe70b17f14983c1c5e5eee7c1fb129cb4e,True,1,4488,4487,7a2cd0cd21b403c501b2d28b4abcc7fe70b17f14983c1c5e5eee7c1fb129cb4e,7a2cd0cd21b403c501b2d28b4abcc7fe70b17f14983c1c5e5eee7c1fb129cb4e,True,2
train,148,350,2089,60a5099e642f840e90db195946a117ba4a4912732bf9e132dcbdd2b867d40a46,True,1,4488,4487,60a5099e642f840e90db195946a117ba4a4912732bf9e132dcbdd2b867d40a46,60a5099e642f840e90db195946a117ba4a4912732bf9e132dcbdd2b867d40a46,True,2
train,149,357,1358,350824d45e255f2459ecdd91f003203adf659995a971b6aba51efb8484b39078,True,1,4488,4487,350824d45e255f2459ecdd91f003203adf659995a971b6aba51efb8484b39078,350824d45e255f2459ecdd91f003203adf659995a971b6aba51efb8484b39078,True,2
train,150,364,732,2289e435596513995e7d62d51dbac4049330e4007c46d5ed9e5918a7f72fe68f,True,1,4488,4487,2289e435596513995e7d62d51dbac4049330e4007c46d5ed9e5918a7f72fe68f,2289e435596513995e7d62d51dbac4049330e4007c46d5ed9e5918a7f72fe68f,True,2
train,151,367,2083,713744264fd22bf5b3e7242a93cd1dec96de88d57c8a1174143932f38b69d621,True,1,4488,4487,713744264fd22bf5b3e7242a93cd1dec96de88d57c8a1174143932f38b69d621,713744264fd22bf5b3e7242a93cd1dec96de88d57c8a1174143932f38b69d621,True,2
train,152,368,2249,f5ff15f62e1aaa5594b06c8332ef5853db1668e0971571b472388c4ea1d17512,True,1,4488,4487,f5ff15f62e1aaa5594b06c8332ef5853db1668e0971571b472388c4ea1d17512,f5ff15f62e1aaa5594b06c8332ef5853db1668e0971571b472388c4ea1d17512,True,2
train,153,372,1710,c71445a787847d4e3034e3d870077da115bbc95e3267f2839d054923dd77c6a7,True,1,4488,4487,c71445a787847d4e3034e3d870077da115bbc95e3267f2839d054923dd77c6a7,c71445a787847d4e3034e3d870077da115bbc95e3267f2839d054923dd77c6a7,True,2
train,154,373,1042,ed4e635bb89c6f67da92c33dfa1d5310ea45e2ca418e22b18946386947c6c228,True,1,4488,4487,ed4e635bb89c6f67da92c33dfa1d5310ea45e2ca418e22b18946386947c6c228,ed4e635bb89c6f67da92c33dfa1d5310ea45e2ca418e22b18946386947c6c228,True,2
train,155,382,1203,45605cfbc1c8ede6c4e8187087bd972a8d3f680b02dad07250bd80d8d685034a,True,1,4488,4487,45605cfbc1c8ede6c4e8187087bd972a8d3f680b02dad07250bd80d8d685034a,45605cfbc1c8ede6c4e8187087bd972a8d3f680b02dad07250bd80d8d685034a,True,2
train,156,389,704,7fa4f09e9a2be52e60612a6a296cf1ec16175b326921d42178461bd3f2b942db,True,1,4488,4487,7fa4f09e9a2be52e60612a6a296cf1ec16175b326921d42178461bd3f2b942db,7fa4f09e9a2be52e60612a6a296cf1ec16175b326921d42178461bd3f2b942db,True,2
train,157,389,905,3f07a9373cfb8ecb1002dc966daec89bb75a26a53b1535dc3f1c838f43693f8f,True,1,4488,4487,3f07a9373cfb8ecb1002dc966daec89bb75a26a53b1535dc3f1c838f43693f8f,3f07a9373cfb8ecb1002dc966daec89bb75a26a53b1535dc3f1c838f43693f8f,True,2
train,158,391,493,7eb7303241fda40f82b34ee53655a8973b253ad4aea9ff5fb82e35ca59fe7228,True,1,4488,4487,7eb7303241fda40f82b34ee53655a8973b253ad4aea9ff5fb82e35ca59fe7228,7eb7303241fda40f82b34ee53655a8973b253ad4aea9ff5fb82e35ca59fe7228,True,2
train,159,391,1986,242f1d926c126fea1abdfb70336b05e3960b846fefc92f287960d77694ff1079,True,1,4488,4487,242f1d926c126fea1abdfb70336b05e3960b846fefc92f287960d77694ff1079,242f1d926c126fea1abdfb70336b05e3960b846fefc92f287960d77694ff1079,True,2
train,160,401,1096,6c4c38b3000aa07f449db77081dae144f765e68c2fe5ddb122e43dc6c270ec2d,True,1,4488,4487,6c4c38b3000aa07f449db77081dae144f765e68c2fe5ddb122e43dc6c270ec2d,6c4c38b3000aa07f449db77081dae144f765e68c2fe5ddb122e43dc6c270ec2d,True,2
train,161,403,1383,37264deab7851f24abb62c9a45518dd4a7a258de18e32a1346188b963b1364ee,True,1,4488,4487,37264deab7851f24abb62c9a45518dd4a7a258de18e32a1346188b963b1364ee,37264deab7851f24abb62c9a45518dd4a7a258de18e32a1346188b963b1364ee,True,2
train,162,404,1476,f839faf35c8dc82bc57093d744aa7d9ffbda1471bbf779813dcbe854a2f77df8,True,1,4488,4487,f839faf35c8dc82bc57093d744aa7d9ffbda1471bbf779813dcbe854a2f77df8,f839faf35c8dc82bc57093d744aa7d9ffbda1471bbf779813dcbe854a2f77df8,True,2
train,163,415,1847,3f32065c47783ed6e661565f65f8e0d83f647d2c5b0236a1f73455d4d912bc2b,True,1,4488,4487,3f32065c47783ed6e661565f65f8e0d83f647d2c5b0236a1f73455d4d912bc2b,3f32065c47783ed6e661565f65f8e0d83f647d2c5b0236a1f73455d4d912bc2b,True,2
train,164,415,2178,159005fa8f5a410b0af32bbbda36e044ad997e5cc4b2758e1862d21cb5bb35e5,True,1,4488,4487,159005fa8f5a410b0af32bbbda36e044ad997e5cc4b2758e1862d21cb5bb35e5,159005fa8f5a410b0af32bbbda36e044ad997e5cc4b2758e1862d21cb5bb35e5,True,2
train,165,417,1871,6aa37e670535cd702fe876b3f37d55deabec506709c410fc1847c9fe77749c79,True,1,4488,4487,6aa37e670535cd702fe876b3f37d55deabec506709c410fc1847c9fe77749c79,6aa37e670535cd702fe876b3f37d55deabec506709c410fc1847c9fe77749c79,True,2
train,166,417,2494,166ac0ca266f57563ef397fbd500e64b31156ab292f5f8a30600b7ad944005ca,True,1,4488,4487,166ac0ca266f57563ef397fbd500e64b31156ab292f5f8a30600b7ad944005ca,166ac0ca266f57563ef397fbd500e64b31156ab292f5f8a30600b7ad944005ca,True,2
train,167,429,1618,a5d596609c3486c90c561b1aa435ad89b30e27a7e93a169aa4f0bc25009c8787,True,1,4488,4487,a5d596609c3486c90c561b1aa435ad89b30e27a7e93a169aa4f0bc25009c8787,a5d596609c3486c90c561b1aa435ad89b30e27a7e93a169aa4f0bc25009c8787,True,2
train,168,434,1693,3141752bc08e25af19b88eccef52aada14f459ad745e52d29e9f65fa6d34aaa0,True,1,4488,4487,3141752bc08e25af19b88eccef52aada14f459ad745e52d29e9f65fa6d34aaa0,3141752bc08e25af19b88eccef52aada14f459ad745e52d29e9f65fa6d34aaa0,True,2
train,169,434,2133,d2ac7af959b739a9bb58003803fe41a6d946394b85f8101393daf247c3002fd4,True,1,4488,4487,d2ac7af959b739a9bb58003803fe41a6d946394b85f8101393daf247c3002fd4,d2ac7af959b739a9bb58003803fe41a6d946394b85f8101393daf247c3002fd4,True,2
train,170,436,498,3754fe4dbd8d622a1b1532ee31132af97ff9f0f4fe700ad04c6bce4124b13eb5,True,1,4488,4487,3754fe4dbd8d622a1b1532ee31132af97ff9f0f4fe700ad04c6bce4124b13eb5,3754fe4dbd8d622a1b1532ee31132af97ff9f0f4fe700ad04c6bce4124b13eb5,True,2
train,171,440,725,c0fa544af1ef707097049075d863d5c91d1f97842877c5ae736aec96a4c2964a,True,1,4488,4487,c0fa544af1ef707097049075d863d5c91d1f97842877c5ae736aec96a4c2964a,c0fa544af1ef707097049075d863d5c91d1f97842877c5ae736aec96a4c2964a,True,2
train,172,440,2179,ea4febe1cd93478eba7903c90250aacaa573d625c961cfd0361b284d7566909e,True,1,4488,4487,ea4febe1cd93478eba7903c90250aacaa573d625c961cfd0361b284d7566909e,ea4febe1cd93478eba7903c90250aacaa573d625c961cfd0361b284d7566909e,True,2
train,173,444,582,c98b1e39345b4a11c52999250f8dd76361d3ea17a473ccf10e917165956bb4d6,True,1,4488,4487,c98b1e39345b4a11c52999250f8dd76361d3ea17a473ccf10e917165956bb4d6,c98b1e39345b4a11c52999250f8dd76361d3ea17a473ccf10e917165956bb4d6,True,2
train,174,454,1661,93beaff180a91e948b228915276738e7b20e2b292b6eb944393227c267bcbee5,True,1,4488,4487,93beaff180a91e948b228915276738e7b20e2b292b6eb944393227c267bcbee5,93beaff180a91e948b228915276738e7b20e2b292b6eb944393227c267bcbee5,True,2
train,175,454,2188,0de9958d6c48733a7bbb3b099682d2d88d2e65384f68d7957712d2dc90f97610,True,1,4488,4487,0de9958d6c48733a7bbb3b099682d2d88d2e65384f68d7957712d2dc90f97610,0de9958d6c48733a7bbb3b099682d2d88d2e65384f68d7957712d2dc90f97610,True,2
train,176,455,2486,6e7f93781621a761efba0b7711f4088f189f58121c3f4f68e0e525aeb90059fa,True,1,4488,4487,6e7f93781621a761efba0b7711f4088f189f58121c3f4f68e0e525aeb90059fa,6e7f93781621a761efba0b7711f4088f189f58121c3f4f68e0e525aeb90059fa,True,2
train,177,456,2472,095c68f325703449056ef00d8e05e66a9f06dce521380b5baf02d6709041cce5,True,1,4488,4487,095c68f325703449056ef00d8e05e66a9f06dce521380b5baf02d6709041cce5,095c68f325703449056ef00d8e05e66a9f06dce521380b5baf02d6709041cce5,True,2
train,178,468,1313,08eb6652d4386fb98bc5c7cc76f9d2627b92bb591240a9878e01177954a2b1d6,True,1,4488,4487,08eb6652d4386fb98bc5c7cc76f9d2627b92bb591240a9878e01177954a2b1d6,08eb6652d4386fb98bc5c7cc76f9d2627b92bb591240a9878e01177954a2b1d6,True,2
train,179,470,857,5c65f884fed41714e3adf3cbcabd693b38ca2e1bfbb200527f395de2ce8b7e59,True,1,4488,4487,5c65f884fed41714e3adf3cbcabd693b38ca2e1bfbb200527f395de2ce8b7e59,5c65f884fed41714e3adf3cbcabd693b38ca2e1bfbb200527f395de2ce8b7e59,True,2
train,180,471,2013,0eb0f840feb0082e13b6426f6788b94ac4f7cd1a1cd54d5dd74e94e855103fbf,True,1,4488,4487,0eb0f840feb0082e13b6426f6788b94ac4f7cd1a1cd54d5dd74e94e855103fbf,0eb0f840feb0082e13b6426f6788b94ac4f7cd1a1cd54d5dd74e94e855103fbf,True,2
train,181,472,559,bd689988bbbdd088437a66fb88f499063f911e13b2a976a5b8499740337d16c2,True,1,4488,4487,bd689988bbbdd088437a66fb88f499063f911e13b2a976a5b8499740337d16c2,bd689988bbbdd088437a66fb88f499063f911e13b2a976a5b8499740337d16c2,True,2
train,182,472,844,164df3f5dbe5f95710a41f77bac0d5cc41c7d6fe76d100e54748ed7e968314cd,True,1,4488,4487,164df3f5dbe5f95710a41f77bac0d5cc41c7d6fe76d100e54748ed7e968314cd,164df3f5dbe5f95710a41f77bac0d5cc41c7d6fe76d100e54748ed7e968314cd,True,2
train,183,474,1181,557e56ba56d25f860b32ab4b03d05a3242d1a17d0029d5c74c058c5e588cbece,True,1,4488,4487,557e56ba56d25f860b32ab4b03d05a3242d1a17d0029d5c74c058c5e588cbece,557e56ba56d25f860b32ab4b03d05a3242d1a17d0029d5c74c058c5e588cbece,True,2
train,184,477,2569,b474543f94b70cce5c33228f6a8977777cde5e81114885df782fc31cbcf6456f,True,1,4488,4487,b474543f94b70cce5c33228f6a8977777cde5e81114885df782fc31cbcf6456f,b474543f94b70cce5c33228f6a8977777cde5e81114885df782fc31cbcf6456f,True,2
train,185,479,1880,a83fb8490be082b9a63929476395ddfed7399e4a1385bd3e60a2f3a94e059e92,True,1,4488,4487,a83fb8490be082b9a63929476395ddfed7399e4a1385bd3e60a2f3a94e059e92,a83fb8490be082b9a63929476395ddfed7399e4a1385bd3e60a2f3a94e059e92,True,2
train,186,484,1367,64b9ccccf6766f5eb4011769a6064d3a4b2795c3930055e9ce2d906d8d0ecced,True,1,4488,4487,64b9ccccf6766f5eb4011769a6064d3a4b2795c3930055e9ce2d906d8d0ecced,64b9ccccf6766f5eb4011769a6064d3a4b2795c3930055e9ce2d906d8d0ecced,True,2
train,187,485,839,c2a7bed1bb949f00b41f1ddaae4eae773f680c75d19e7a2b56c575a1d6adec06,True,1,4488,4487,c2a7bed1bb949f00b41f1ddaae4eae773f680c75d19e7a2b56c575a1d6adec06,c2a7bed1bb949f00b41f1ddaae4eae773f680c75d19e7a2b56c575a1d6adec06,True,2
train,188,487,2080,5404bf6c025d88cbda9cdfd41a680eb94b0d76f3cb69d6e2ee9196e750258013,True,1,4488,4487,5404bf6c025d88cbda9cdfd41a680eb94b0d76f3cb69d6e2ee9196e750258013,5404bf6c025d88cbda9cdfd41a680eb94b0d76f3cb69d6e2ee9196e750258013,True,2
train,189,493,1759,00c4cd02a69766a3090be1e0c452b43704053a1236e3c030140129d7920cead5,True,1,4488,4487,00c4cd02a69766a3090be1e0c452b43704053a1236e3c030140129d7920cead5,00c4cd02a69766a3090be1e0c452b43704053a1236e3c030140129d7920cead5,True,2
train,190,505,2083,ec9295008855c6936303dd24e9283474ab103db4f4acc1e9e90bf5bb49a1a9cc,True,1,4488,4487,ec9295008855c6936303dd24e9283474ab103db4f4acc1e9e90bf5bb49a1a9cc,ec9295008855c6936303dd24e9283474ab103db4f4acc1e9e90bf5bb49a1a9cc,True,2
train,191,507,1363,39d50ca389babe16b44dbf605ef40db2e34441c2905f059cd83cfd54302c31ff,True,1,4488,4487,39d50ca389babe16b44dbf605ef40db2e34441c2905f059cd83cfd54302c31ff,39d50ca389babe16b44dbf605ef40db2e34441c2905f059cd83cfd54302c31ff,True,2
train,192,507,2508,14aa1b29c828f9359c9920c4c99906a8c5dcabab4c474971e39768313a4ac654,True,1,4488,4487,14aa1b29c828f9359c9920c4c99906a8c5dcabab4c474971e39768313a4ac654,14aa1b29c828f9359c9920c4c99906a8c5dcabab4c474971e39768313a4ac654,True,2
train,193,508,2325,27333ab659ef6697fce400d8fb5005890b47a926ecbaa75d1161d25bdb9fd9ad,True,1,4488,4487,27333ab659ef6697fce400d8fb5005890b47a926ecbaa75d1161d25bdb9fd9ad,27333ab659ef6697fce400d8fb5005890b47a926ecbaa75d1161d25bdb9fd9ad,True,2
train,194,509,2148,898597048aa9138591b0ed29d25fa0b5a2555fedd3df4d0e8339c9ebcb9987d6,True,1,4488,4487,898597048aa9138591b0ed29d25fa0b5a2555fedd3df4d0e8339c9ebcb9987d6,898597048aa9138591b0ed29d25fa0b5a2555fedd3df4d0e8339c9ebcb9987d6,True,2
train,195,514,1882,894ce10e8dcc982c80cef3e73ff4a574be9b0870bcedd7c398af59d6d53dfb46,True,1,4488,4487,894ce10e8dcc982c80cef3e73ff4a574be9b0870bcedd7c398af59d6d53dfb46,894ce10e8dcc982c80cef3e73ff4a574be9b0870bcedd7c398af59d6d53dfb46,True,2
train,196,515,2465,edac5f7bf32fa54ff4420827f389351d220324150f366f7b35e8e100434a1966,True,1,4488,4487,edac5f7bf32fa54ff4420827f389351d220324150f366f7b35e8e100434a1966,edac5f7bf32fa54ff4420827f389351d220324150f366f7b35e8e100434a1966,True,2
train,197,517,2105,b305befc96e24a8be58f698b3a8a0cd0f554a0f331e34b0a6390efc23d339936,True,1,4488,4487,b305befc96e24a8be58f698b3a8a0cd0f554a0f331e34b0a6390efc23d339936,b305befc96e24a8be58f698b3a8a0cd0f554a0f331e34b0a6390efc23d339936,True,2
train,198,526,1742,8b14e16b6f253559b93e2db99739b9c96a8c67f0e8ed6402a3e78a0b2d622683,True,1,4488,4487,8b14e16b6f253559b93e2db99739b9c96a8c67f0e8ed6402a3e78a0b2d622683,8b14e16b6f253559b93e2db99739b9c96a8c67f0e8ed6402a3e78a0b2d622683,True,2
train,199,530,1505,e2bb26bc59c03c5c02b44c4d214191ef028a7a5ceb354a858002ef9d4179c755,True,1,4488,4487,e2bb26bc59c03c5c02b44c4d214191ef028a7a5ceb354a858002ef9d4179c755,e2bb26bc59c03c5c02b44c4d214191ef028a7a5ceb354a858002ef9d4179c755,True,2
train,200,536,1894,4fc0e0b98742e92c8bc027f81fce47d0a7414f9bee2171568bf5702f81ac4668,True,1,4488,4487,4fc0e0b98742e92c8bc027f81fce47d0a7414f9bee2171568bf5702f81ac4668,4fc0e0b98742e92c8bc027f81fce47d0a7414f9bee2171568bf5702f81ac4668,True,2
train,201,539,711,4689817c3ea36dc414f29a987658b87fe678c0b536e3add4b2e9eb34c0341909,True,1,4488,4487,4689817c3ea36dc414f29a987658b87fe678c0b536e3add4b2e9eb34c0341909,4689817c3ea36dc414f29a987658b87fe678c0b536e3add4b2e9eb34c0341909,True,2
train,202,540,2527,d0e5945c97f9d251113a808cd0a66c3ea6f84cd8e1b18cf60e23dd118c5f70ab,True,1,4488,4487,d0e5945c97f9d251113a808cd0a66c3ea6f84cd8e1b18cf60e23dd118c5f70ab,d0e5945c97f9d251113a808cd0a66c3ea6f84cd8e1b18cf60e23dd118c5f70ab,True,2
train,203,548,809,2395d578580431395c7a3f10cba8fc2b602a2558190700610fefbe0d77387c66,True,1,4488,4487,2395d578580431395c7a3f10cba8fc2b602a2558190700610fefbe0d77387c66,2395d578580431395c7a3f10cba8fc2b602a2558190700610fefbe0d77387c66,True,2
train,204,554,685,098af440c23c6bf40b892f5261bfbd630d79b09df4fa1c14a72b1d7ab3df0cc3,True,1,4488,4487,098af440c23c6bf40b892f5261bfbd630d79b09df4fa1c14a72b1d7ab3df0cc3,098af440c23c6bf40b892f5261bfbd630d79b09df4fa1c14a72b1d7ab3df0cc3,True,2
train,205,577,849,270c6aabb9c43e09b56a169916b5246d691c2b2cd8737b315aca61d7862e07ca,True,1,4488,4487,270c6aabb9c43e09b56a169916b5246d691c2b2cd8737b315aca61d7862e07ca,270c6aabb9c43e09b56a169916b5246d691c2b2cd8737b315aca61d7862e07ca,True,2
train,206,584,2464,2e715904c462cbb83785b8e66def06b2bba2d5f499625f21b209b825486ea7fd,True,1,4488,4487,2e715904c462cbb83785b8e66def06b2bba2d5f499625f21b209b825486ea7fd,2e715904c462cbb83785b8e66def06b2bba2d5f499625f21b209b825486ea7fd,True,2
train,207,588,698,7742713e8e2090af5b2372dc30888a9abb6cdeb45a73b3dd6675bb4e967c0690,True,1,4488,4487,7742713e8e2090af5b2372dc30888a9abb6cdeb45a73b3dd6675bb4e967c0690,7742713e8e2090af5b2372dc30888a9abb6cdeb45a73b3dd6675bb4e967c0690,True,2
train,208,588,2383,758c174e08a03383893e28a1dc6d57005857128dff5c52c99012f6edff91a7f7,True,1,4488,4487,758c174e08a03383893e28a1dc6d57005857128dff5c52c99012f6edff91a7f7,758c174e08a03383893e28a1dc6d57005857128dff5c52c99012f6edff91a7f7,True,2
train,209,589,980,20bec5f1bd08057e71da761391bfd5e98a5a83bd73f87787c84ef82733cc06f8,True,1,4488,4487,20bec5f1bd08057e71da761391bfd5e98a5a83bd73f87787c84ef82733cc06f8,20bec5f1bd08057e71da761391bfd5e98a5a83bd73f87787c84ef82733cc06f8,True,2
train,210,589,1624,4ba117baecc1e60296c0a5a23c296fd9f3b5afb648253309877d98c00428bf46,True,1,4488,4487,4ba117baecc1e60296c0a5a23c296fd9f3b5afb648253309877d98c00428bf46,4ba117baecc1e60296c0a5a23c296fd9f3b5afb648253309877d98c00428bf46,True,2
train,211,592,2669,6bd969ca922ad9c2b202e2a45c84e15cd927df1de5d3bf25cd8bdf15bdd7e5dc,True,1,4488,4487,6bd969ca922ad9c2b202e2a45c84e15cd927df1de5d3bf25cd8bdf15bdd7e5dc,6bd969ca922ad9c2b202e2a45c84e15cd927df1de5d3bf25cd8bdf15bdd7e5dc,True,2
train,212,598,766,22ce60fb1cfbbcaf46c88aae553e734ac05045e4e2ba567f047cfc7f43a630a1,True,1,4488,4487,22ce60fb1cfbbcaf46c88aae553e734ac05045e4e2ba567f047cfc7f43a630a1,22ce60fb1cfbbcaf46c88aae553e734ac05045e4e2ba567f047cfc7f43a630a1,True,2
train,213,598,1100,2f1cedf6f98704f4a4caa5147de25b1e5c2711aa24e5cc1bc16651e1ff2c22f2,True,1,4488,4487,2f1cedf6f98704f4a4caa5147de25b1e5c2711aa24e5cc1bc16651e1ff2c22f2,2f1cedf6f98704f4a4caa5147de25b1e5c2711aa24e5cc1bc16651e1ff2c22f2,True,2
train,214,598,1864,d5313aac4d6bd3b5114c1e3c3b1a43521fc5275cc069ebe205ddff6b49e74222,True,1,4488,4487,d5313aac4d6bd3b5114c1e3c3b1a43521fc5275cc069ebe205ddff6b49e74222,d5313aac4d6bd3b5114c1e3c3b1a43521fc5275cc069ebe205ddff6b49e74222,True,2
train,215,598,1875,3b92742e7ed73c67bc0f841b6034c446eda7b7cac0a48020774e33bd9ba67502,True,1,4488,4487,3b92742e7ed73c67bc0f841b6034c446eda7b7cac0a48020774e33bd9ba67502,3b92742e7ed73c67bc0f841b6034c446eda7b7cac0a48020774e33bd9ba67502,True,2
train,216,599,1093,8ace3494df099c472ad52e2d9622b0ca3b13c2985b659d403df47b6b6f492d5c,True,1,4488,4487,8ace3494df099c472ad52e2d9622b0ca3b13c2985b659d403df47b6b6f492d5c,8ace3494df099c472ad52e2d9622b0ca3b13c2985b659d403df47b6b6f492d5c,True,2
train,217,599,1271,54ab992a03cb11a43bcead7bf89dcc26d071f6445d89d6acb982945988d03bdd,True,1,4488,4487,54ab992a03cb11a43bcead7bf89dcc26d071f6445d89d6acb982945988d03bdd,54ab992a03cb11a43bcead7bf89dcc26d071f6445d89d6acb982945988d03bdd,True,2
train,218,606,2230,a9795b892316e307b704d2dec8a754750f0bab781e4e34d361f22fbc6fee401a,True,1,4488,4487,a9795b892316e307b704d2dec8a754750f0bab781e4e34d361f22fbc6fee401a,a9795b892316e307b704d2dec8a754750f0bab781e4e34d361f22fbc6fee401a,True,2
train,219,608,2080,0637a7e26794f719d63acbf325e11d34ba8687704fc9db9a5eb036b3953ca58b,True,1,4488,4487,0637a7e26794f719d63acbf325e11d34ba8687704fc9db9a5eb036b3953ca58b,0637a7e26794f719d63acbf325e11d34ba8687704fc9db9a5eb036b3953ca58b,True,2
train,220,609,1041,0d6e514c908a995d760a55ce858cc8e42b3bf42dbc9145d4602931fb0c3e7e40,True,1,4488,4487,0d6e514c908a995d760a55ce858cc8e42b3bf42dbc9145d4602931fb0c3e7e40,0d6e514c908a995d760a55ce858cc8e42b3bf42dbc9145d4602931fb0c3e7e40,True,2
train,221,610,2288,a87752793d0e98aca6919e10eea3c0e46e63fcbf1cecb32891027249d508d3f6,True,1,4488,4487,a87752793d0e98aca6919e10eea3c0e46e63fcbf1cecb32891027249d508d3f6,a87752793d0e98aca6919e10eea3c0e46e63fcbf1cecb32891027249d508d3f6,True,2
train,222,617,2034,312c47dcdddc34f9aa064a0d4b92d5f72e1652792908781f01b0dad337fd051e,True,1,4488,4487,312c47dcdddc34f9aa064a0d4b92d5f72e1652792908781f01b0dad337fd051e,312c47dcdddc34f9aa064a0d4b92d5f72e1652792908781f01b0dad337fd051e,True,2
train,223,622,1951,1422d0ae3226754093e3f1ce176292cb8e14254c3daf9b1dee98627ee358485b,True,1,4488,4487,1422d0ae3226754093e3f1ce176292cb8e14254c3daf9b1dee98627ee358485b,1422d0ae3226754093e3f1ce176292cb8e14254c3daf9b1dee98627ee358485b,True,2
train,224,625,1024,dd7c0746d322dd7c26fb58bc31f079c70551f78ff720535a50446beee0eabffd,True,1,4488,4487,dd7c0746d322dd7c26fb58bc31f079c70551f78ff720535a50446beee0eabffd,dd7c0746d322dd7c26fb58bc31f079c70551f78ff720535a50446beee0eabffd,True,2
train,225,628,1169,927b9e73914c13b9d0c5dc24e361efae85352cd4d069f4e05d2a53c5512032f9,True,1,4488,4487,927b9e73914c13b9d0c5dc24e361efae85352cd4d069f4e05d2a53c5512032f9,927b9e73914c13b9d0c5dc24e361efae85352cd4d069f4e05d2a53c5512032f9,True,2
train,226,632,1430,8cc5d65ecdc2df826d90c2131a18cfbe761a4e54b1033298444c7c0972dd7c75,True,1,4488,4487,8cc5d65ecdc2df826d90c2131a18cfbe761a4e54b1033298444c7c0972dd7c75,8cc5d65ecdc2df826d90c2131a18cfbe761a4e54b1033298444c7c0972dd7c75,True,2
train,227,638,924,8a12d13d4ecd60010f4df6c8fea8baf52a3438bd51c146bb00fb0681bf579baf,True,1,4488,4487,8a12d13d4ecd60010f4df6c8fea8baf52a3438bd51c146bb00fb0681bf579baf,8a12d13d4ecd60010f4df6c8fea8baf52a3438bd51c146bb00fb0681bf579baf,True,2
train,228,641,2704,11a2e4b5e9f06caf719da242e0967f2060e6b5b905c13a5882072e6a42deaf6d,True,1,4488,4487,11a2e4b5e9f06caf719da242e0967f2060e6b5b905c13a5882072e6a42deaf6d,11a2e4b5e9f06caf719da242e0967f2060e6b5b905c13a5882072e6a42deaf6d,True,2
train,229,643,1538,19b48f310f651378241cd3a69f4f110514dfd69a2617363018716cd54899dc31,True,1,4488,4487,19b48f310f651378241cd3a69f4f110514dfd69a2617363018716cd54899dc31,19b48f310f651378241cd3a69f4f110514dfd69a2617363018716cd54899dc31,True,2
train,230,647,1267,3f34aa6d439ed28eb9cca3ca9c9f80a99d1ed9da9ecea4d56964eb364534e195,True,1,4488,4487,3f34aa6d439ed28eb9cca3ca9c9f80a99d1ed9da9ecea4d56964eb364534e195,3f34aa6d439ed28eb9cca3ca9c9f80a99d1ed9da9ecea4d56964eb364534e195,True,2
train,231,657,867,6256518f9283227f368ed912df051b064d59ee5d62ea31c4ada0f9e1b4069313,True,1,4488,4487,6256518f9283227f368ed912df051b064d59ee5d62ea31c4ada0f9e1b4069313,6256518f9283227f368ed912df051b064d59ee5d62ea31c4ada0f9e1b4069313,True,2
train,232,657,1229,9cae063334ddd32b5798c9135446dde5bba0c34b94477b4c522b0935d00f52aa,True,1,4488,4487,9cae063334ddd32b5798c9135446dde5bba0c34b94477b4c522b0935d00f52aa,9cae063334ddd32b5798c9135446dde5bba0c34b94477b4c522b0935d00f52aa,True,2
train,233,661,1353,f79fde0d5d64dfe61030a1092563fb716eb1e24a7c40e5448bc2d10c70289c36,True,1,4488,4487,f79fde0d5d64dfe61030a1092563fb716eb1e24a7c40e5448bc2d10c70289c36,f79fde0d5d64dfe61030a1092563fb716eb1e24a7c40e5448bc2d10c70289c36,True,2
train,234,665,2120,902ccfb082c5114ff65084262e9b49cc5fbf4702b872e0ecf0c4b13af9c88530,True,1,4488,4487,902ccfb082c5114ff65084262e9b49cc5fbf4702b872e0ecf0c4b13af9c88530,902ccfb082c5114ff65084262e9b49cc5fbf4702b872e0ecf0c4b13af9c88530,True,2
train,235,670,2606,1a0ab079deb5fa6a0b5b333304de6adb086aee88ced3d34576f955299988b50b,True,1,4488,4487,1a0ab079deb5fa6a0b5b333304de6adb086aee88ced3d34576f955299988b50b,1a0ab079deb5fa6a0b5b333304de6adb086aee88ced3d34576f955299988b50b,True,2
train,236,682,973,2cca89b842b537163f5adb2d26592ea61863b09632d2237e36cc5680393253bb,True,1,4488,4487,2cca89b842b537163f5adb2d26592ea61863b09632d2237e36cc5680393253bb,2cca89b842b537163f5adb2d26592ea61863b09632d2237e36cc5680393253bb,True,2
train,237,687,1710,4757bb8f3da879bd9c7b755ed36e706b398920ba2e705e04eac44d1bd96a9671,True,1,4488,4487,4757bb8f3da879bd9c7b755ed36e706b398920ba2e705e04eac44d1bd96a9671,4757bb8f3da879bd9c7b755ed36e706b398920ba2e705e04eac44d1bd96a9671,True,2
train,238,689,1169,d825db9ef686c3207e2f3704b53fc9264d01ee5196aaa8ad7f608e9d35132f09,True,1,4488,4487,d825db9ef686c3207e2f3704b53fc9264d01ee5196aaa8ad7f608e9d35132f09,d825db9ef686c3207e2f3704b53fc9264d01ee5196aaa8ad7f608e9d35132f09,True,2
train,239,692,2629,9b3b25501b5b200464b7547fe584b60228ccc59787252be1cfafbb1d389d4866,True,1,4488,4487,9b3b25501b5b200464b7547fe584b60228ccc59787252be1cfafbb1d389d4866,9b3b25501b5b200464b7547fe584b60228ccc59787252be1cfafbb1d389d4866,True,2
train,240,694,1478,8f2f3b6a8a00c2d3975055ba901ef890a066b335979bdf8e83433759f222ef56,True,1,4488,4487,8f2f3b6a8a00c2d3975055ba901ef890a066b335979bdf8e83433759f222ef56,8f2f3b6a8a00c2d3975055ba901ef890a066b335979bdf8e83433759f222ef56,True,2
train,241,706,1240,5718e4dc3dbd59228f9b23b1e5d80a77878f1063380dd40e7f0b528b6ae97d31,True,1,4488,4487,5718e4dc3dbd59228f9b23b1e5d80a77878f1063380dd40e7f0b528b6ae97d31,5718e4dc3dbd59228f9b23b1e5d80a77878f1063380dd40e7f0b528b6ae97d31,True,2
train,242,711,1285,802a41c3f68321867956795fa293c86f3d41116d357b1a575d38ffbd6f884b4c,True,1,4488,4487,802a41c3f68321867956795fa293c86f3d41116d357b1a575d38ffbd6f884b4c,802a41c3f68321867956795fa293c86f3d41116d357b1a575d38ffbd6f884b4c,True,2
train,243,712,850,50441778abb0627caafffc41ecc8ebe71d2ed20a3d98328cc6597d774edfb0e9,True,1,4488,4487,50441778abb0627caafffc41ecc8ebe71d2ed20a3d98328cc6597d774edfb0e9,50441778abb0627caafffc41ecc8ebe71d2ed20a3d98328cc6597d774edfb0e9,True,2
train,244,713,1044,e0e361e599c4c460ac9cc415868c24ccbe33b2c51b77b75ddfea4a6c1f1d35c4,True,1,4488,4487,e0e361e599c4c460ac9cc415868c24ccbe33b2c51b77b75ddfea4a6c1f1d35c4,e0e361e599c4c460ac9cc415868c24ccbe33b2c51b77b75ddfea4a6c1f1d35c4,True,2
train,245,716,1810,7a993caf69e76a8a1683c2e5616892ec190ee12675ae0d66211be30e5feebcc8,True,1,4488,4487,7a993caf69e76a8a1683c2e5616892ec190ee12675ae0d66211be30e5feebcc8,7a993caf69e76a8a1683c2e5616892ec190ee12675ae0d66211be30e5feebcc8,True,2
train,246,719,1623,2c61f2ce1759458dae7df74f7ce71adcd27018a888d2052a7f2cd8d7f5d5b311,True,1,4488,4487,2c61f2ce1759458dae7df74f7ce71adcd27018a888d2052a7f2cd8d7f5d5b311,2c61f2ce1759458dae7df74f7ce71adcd27018a888d2052a7f2cd8d7f5d5b311,True,2
train,247,724,1344,cd9bfe1fdb3f9927ba6df298753e32d1defbe619f82b17d2019931001011989c,True,1,4488,4487,cd9bfe1fdb3f9927ba6df298753e32d1defbe619f82b17d2019931001011989c,cd9bfe1fdb3f9927ba6df298753e32d1defbe619f82b17d2019931001011989c,True,2
train,248,727,1386,d6a8703ba12b24a46b31dec036e363a388e1a7fe100d02a8788a2c324443f074,True,1,4488,4487,d6a8703ba12b24a46b31dec036e363a388e1a7fe100d02a8788a2c324443f074,d6a8703ba12b24a46b31dec036e363a388e1a7fe100d02a8788a2c324443f074,True,2
train,249,733,1294,d31a6f2712ae4146aa6817c3dcb9a352153853000f3caec3fc2b29e54e789ab2,True,1,4488,4487,d31a6f2712ae4146aa6817c3dcb9a352153853000f3caec3fc2b29e54e789ab2,d31a6f2712ae4146aa6817c3dcb9a352153853000f3caec3fc2b29e54e789ab2,True,2
train,250,733,1682,bfaeec1be4f4d1c61c8ade73d5dec2dae68f7a7e9a7bb294d85b2beb52586539,True,1,4488,4487,bfaeec1be4f4d1c61c8ade73d5dec2dae68f7a7e9a7bb294d85b2beb52586539,bfaeec1be4f4d1c61c8ade73d5dec2dae68f7a7e9a7bb294d85b2beb52586539,True,2
train,251,733,1817,e9498c7160649a2a01e87732697341d0ace15cf4e5d114986cd371e980eb0fe9,True,1,4488,4487,e9498c7160649a2a01e87732697341d0ace15cf4e5d114986cd371e980eb0fe9,e9498c7160649a2a01e87732697341d0ace15cf4e5d114986cd371e980eb0fe9,True,2
train,252,733,1818,f7fb41f7241ecf94b252c399b7c75a0eae13616876806ac4e08a9fdb1a41710c,True,1,4488,4487,f7fb41f7241ecf94b252c399b7c75a0eae13616876806ac4e08a9fdb1a41710c,f7fb41f7241ecf94b252c399b7c75a0eae13616876806ac4e08a9fdb1a41710c,True,2
train,253,734,736,8d111da3c44ad7615f44ea6c8a84425fe53d3b6de1204d3d3da17a97355d877e,True,1,4488,4487,8d111da3c44ad7615f44ea6c8a84425fe53d3b6de1204d3d3da17a97355d877e,8d111da3c44ad7615f44ea6c8a84425fe53d3b6de1204d3d3da17a97355d877e,True,2
train,254,734,2277,160021d86f3c82a7da0371ca180a3d1acd1a21343e500e1461eec369b4d2d18a,True,1,4488,4487,160021d86f3c82a7da0371ca180a3d1acd1a21343e500e1461eec369b4d2d18a,160021d86f3c82a7da0371ca180a3d1acd1a21343e500e1461eec369b4d2d18a,True,2
train,255,742,1620,e75f81712e7a5ddc7e8678d16e3a22e53547205d982e1d515f68a9ad5d1627e7,True,1,4488,4487,e75f81712e7a5ddc7e8678d16e3a22e53547205d982e1d515f68a9ad5d1627e7,e75f81712e7a5ddc7e8678d16e3a22e53547205d982e1d515f68a9ad5d1627e7,True,2
train,256,743,1239,7a532799d7f44882b008e1a32ff840558e596dfa8418aa6f309f0d8177d9e82c,True,1,4488,4487,7a532799d7f44882b008e1a32ff840558e596dfa8418aa6f309f0d8177d9e82c,7a532799d7f44882b008e1a32ff840558e596dfa8418aa6f309f0d8177d9e82c,True,2
train,257,748,2553,8533732995a48aa1ca620597c88871a8aa45f64d9867f60ea64ab0617dbd3c11,True,1,4488,4487,8533732995a48aa1ca620597c88871a8aa45f64d9867f60ea64ab0617dbd3c11,8533732995a48aa1ca620597c88871a8aa45f64d9867f60ea64ab0617dbd3c11,True,2
train,258,756,1469,e4efc819da230894ce50bc2f8665d181dcaca176bb68f12440d15b259e59c228,True,1,4488,4487,e4efc819da230894ce50bc2f8665d181dcaca176bb68f12440d15b259e59c228,e4efc819da230894ce50bc2f8665d181dcaca176bb68f12440d15b259e59c228,True,2
train,259,756,1472,1aa719a685d3a27faa0d06dfb0daa9b680acc46b11cdda11a7397e663fb84951,True,1,4488,4487,1aa719a685d3a27faa0d06dfb0daa9b680acc46b11cdda11a7397e663fb84951,1aa719a685d3a27faa0d06dfb0daa9b680acc46b11cdda11a7397e663fb84951,True,2
train,260,756,2187,27377dabe2ca2465e1d9cbbbb5e595aecddea393a2e4ef0bc56fda290dcf27a7,True,1,4488,4487,27377dabe2ca2465e1d9cbbbb5e595aecddea393a2e4ef0bc56fda290dcf27a7,27377dabe2ca2465e1d9cbbbb5e595aecddea393a2e4ef0bc56fda290dcf27a7,True,2
train,261,760,1513,2da3b4e440958c3340f7be4f22f79521949bfb29aea787f5090cba0bb4b9f992,True,1,4488,4487,2da3b4e440958c3340f7be4f22f79521949bfb29aea787f5090cba0bb4b9f992,2da3b4e440958c3340f7be4f22f79521949bfb29aea787f5090cba0bb4b9f992,True,2
train,262,760,2459,d3b294d7a480821d33d0699d38769771869711c167311f46f829697f2993517f,True,1,4488,4487,d3b294d7a480821d33d0699d38769771869711c167311f46f829697f2993517f,d3b294d7a480821d33d0699d38769771869711c167311f46f829697f2993517f,True,2
train,263,763,1635,3b577f121d7e4b049ce8d185adb34c320405035d2356e732e52c9dd33198546c,True,1,4488,4487,3b577f121d7e4b049ce8d185adb34c320405035d2356e732e52c9dd33198546c,3b577f121d7e4b049ce8d185adb34c320405035d2356e732e52c9dd33198546c,True,2
train,264,764,1612,6d849fb9404150c71506a08c17360c4808c56345c03f0a9d381806ddac269223,True,1,4488,4487,6d849fb9404150c71506a08c17360c4808c56345c03f0a9d381806ddac269223,6d849fb9404150c71506a08c17360c4808c56345c03f0a9d381806ddac269223,True,2
train,265,765,1147,72224ae9818d2cb9c32bcca5029ae14465e9682f8d09016b8b214fc5c8b785dd,True,1,4488,4487,72224ae9818d2cb9c32bcca5029ae14465e9682f8d09016b8b214fc5c8b785dd,72224ae9818d2cb9c32bcca5029ae14465e9682f8d09016b8b214fc5c8b785dd,True,2
train,266,778,779,e39a5b68195baafa3cafbae0e0e4e7621169c6c50c40ec7f937e14000f8c954b,True,1,4488,4487,e39a5b68195baafa3cafbae0e0e4e7621169c6c50c40ec7f937e14000f8c954b,e39a5b68195baafa3cafbae0e0e4e7621169c6c50c40ec7f937e14000f8c954b,True,2
train,267,785,1664,cddc3046ebb6357523840ca8e5c0ada0cd5b93224901afcd2717af004d58df83,True,1,4488,4487,cddc3046ebb6357523840ca8e5c0ada0cd5b93224901afcd2717af004d58df83,cddc3046ebb6357523840ca8e5c0ada0cd5b93224901afcd2717af004d58df83,True,2
train,268,790,1810,54c79b41cf1a5b90a635e1917db2182b6a8acb6404c99d286f6fba433079b333,True,1,4488,4487,54c79b41cf1a5b90a635e1917db2182b6a8acb6404c99d286f6fba433079b333,54c79b41cf1a5b90a635e1917db2182b6a8acb6404c99d286f6fba433079b333,True,2
train,269,796,1317,3f9f0fc3e505061a7821799022d5be5d5f300863991fcdb2662c44ef8821f796,True,1,4488,4487,3f9f0fc3e505061a7821799022d5be5d5f300863991fcdb2662c44ef8821f796,3f9f0fc3e505061a7821799022d5be5d5f300863991fcdb2662c44ef8821f796,True,2
train,270,800,820,8dd493217cecc32fd5d2e1ff65cd958230a1e2b215fe9809365ce49a078bbcce,True,1,4488,4487,8dd493217cecc32fd5d2e1ff65cd958230a1e2b215fe9809365ce49a078bbcce,8dd493217cecc32fd5d2e1ff65cd958230a1e2b215fe9809365ce49a078bbcce,True,2
train,271,803,2100,a4eb1ff4807efaaab89ef0750b91fe79252c9d1378cdf58330413484090d1d64,True,1,4488,4487,a4eb1ff4807efaaab89ef0750b91fe79252c9d1378cdf58330413484090d1d64,a4eb1ff4807efaaab89ef0750b91fe79252c9d1378cdf58330413484090d1d64,True,2
train,272,804,1307,abef6b8a1d82aba91e93b9521a42c0c1b7338d84105f9a30c950bd6e8f4dc61c,True,1,4488,4487,abef6b8a1d82aba91e93b9521a42c0c1b7338d84105f9a30c950bd6e8f4dc61c,abef6b8a1d82aba91e93b9521a42c0c1b7338d84105f9a30c950bd6e8f4dc61c,True,2
train,273,814,1158,18cac4e046d6efb7c19fdfc00d35e3a4d66abd6e8f896ae3a4966d5e8991f545,True,1,4488,4487,18cac4e046d6efb7c19fdfc00d35e3a4d66abd6e8f896ae3a4966d5e8991f545,18cac4e046d6efb7c19fdfc00d35e3a4d66abd6e8f896ae3a4966d5e8991f545,True,2
train,274,815,1174,2f664811c4007e5415f57bf23fd8092720ce4faaa6def3919326e857a0e957fb,True,1,4488,4487,2f664811c4007e5415f57bf23fd8092720ce4faaa6def3919326e857a0e957fb,2f664811c4007e5415f57bf23fd8092720ce4faaa6def3919326e857a0e957fb,True,2
train,275,826,2528,0f474a485ad9c38b8abd8a177fde61b369bf0f3ffc3afb3603e0db3f0e0b0bbb,True,1,4488,4487,0f474a485ad9c38b8abd8a177fde61b369bf0f3ffc3afb3603e0db3f0e0b0bbb,0f474a485ad9c38b8abd8a177fde61b369bf0f3ffc3afb3603e0db3f0e0b0bbb,True,2
train,276,827,1999,9f64c2e62f747b90fb39c55788a7cb3c19a7faa32da87f80ed90f80084859a31,True,1,4488,4487,9f64c2e62f747b90fb39c55788a7cb3c19a7faa32da87f80ed90f80084859a31,9f64c2e62f747b90fb39c55788a7cb3c19a7faa32da87f80ed90f80084859a31,True,2
train,277,833,1130,ffd27b4cb348dc5960ead05675a610f2d80e1567a9a55ba3129def2556dad174,True,1,4488,4487,ffd27b4cb348dc5960ead05675a610f2d80e1567a9a55ba3129def2556dad174,ffd27b4cb348dc5960ead05675a610f2d80e1567a9a55ba3129def2556dad174,True,2
train,278,836,1013,355d45d43f3de8b4cc3f83339182446f84ed7998b2bcb318f25942f1edf520f8,True,1,4488,4487,355d45d43f3de8b4cc3f83339182446f84ed7998b2bcb318f25942f1edf520f8,355d45d43f3de8b4cc3f83339182446f84ed7998b2bcb318f25942f1edf520f8,True,2
train,279,838,868,cb661b1c6e434324b5d201519256b7d58a54922942d0d6cbc0ee4d31efcd134d,True,1,4488,4487,cb661b1c6e434324b5d201519256b7d58a54922942d0d6cbc0ee4d31efcd134d,cb661b1c6e434324b5d201519256b7d58a54922942d0d6cbc0ee4d31efcd134d,True,2
train,280,838,1131,99a2bbcccccc77e39c847fa716332d16274a382a567c05cddb9df90a5a80db0e,True,1,4488,4487,99a2bbcccccc77e39c847fa716332d16274a382a567c05cddb9df90a5a80db0e,99a2bbcccccc77e39c847fa716332d16274a382a567c05cddb9df90a5a80db0e,True,2
train,281,847,2422,cf7168e9d3bff97b579634a469e8ba4cf4f0a2ee63b79e1635b9bf8789cd5a20,True,1,4488,4487,cf7168e9d3bff97b579634a469e8ba4cf4f0a2ee63b79e1635b9bf8789cd5a20,cf7168e9d3bff97b579634a469e8ba4cf4f0a2ee63b79e1635b9bf8789cd5a20,True,2
train,282,851,1309,97aa6954ca0ac701210684f74218c26ab33166837281d3ee7d703908636f7763,True,1,4488,4487,97aa6954ca0ac701210684f74218c26ab33166837281d3ee7d703908636f7763,97aa6954ca0ac701210684f74218c26ab33166837281d3ee7d703908636f7763,True,2
train,283,853,1169,7f9388201654aa77bad247580363129e9aaa6c53be3f80f8cef7bbbf675b4d66,True,1,4488,4487,7f9388201654aa77bad247580363129e9aaa6c53be3f80f8cef7bbbf675b4d66,7f9388201654aa77bad247580363129e9aaa6c53be3f80f8cef7bbbf675b4d66,True,2
train,284,854,935,385745322298ef39c1f86c6f1606035f5b54919c2c1ae6e5335f5db13f928612,True,1,4488,4487,385745322298ef39c1f86c6f1606035f5b54919c2c1ae6e5335f5db13f928612,385745322298ef39c1f86c6f1606035f5b54919c2c1ae6e5335f5db13f928612,True,2
train,285,854,1884,46a09ba8235e90092ab773b64a766f397d6de570020632d9b0dd77f817f9a613,True,1,4488,4487,46a09ba8235e90092ab773b64a766f397d6de570020632d9b0dd77f817f9a613,46a09ba8235e90092ab773b64a766f397d6de570020632d9b0dd77f817f9a613,True,2
train,286,860,1527,288b982c44a425de66e28d5fe767f4eb240666c7bf158ccc12749807fb845f91,True,1,4488,4487,288b982c44a425de66e28d5fe767f4eb240666c7bf158ccc12749807fb845f91,288b982c44a425de66e28d5fe767f4eb240666c7bf158ccc12749807fb845f91,True,2
train,287,863,1160,c1660693426d2090654fd111977600bae63562877e61011d1f540939b1fd72a0,True,1,4488,4487,c1660693426d2090654fd111977600bae63562877e61011d1f540939b1fd72a0,c1660693426d2090654fd111977600bae63562877e61011d1f540939b1fd72a0,True,2
train,288,867,871,f6fb799e1de19fed34ded2a7e2933f1431f5dbf7a7a45fb2d5768cefdfe2f276,True,1,4488,4487,f6fb799e1de19fed34ded2a7e2933f1431f5dbf7a7a45fb2d5768cefdfe2f276,f6fb799e1de19fed34ded2a7e2933f1431f5dbf7a7a45fb2d5768cefdfe2f276,True,2
train,289,868,988,c558b77f76731a7e72fc37010955f34bc385c74436d13a0cbd6d4602c2be0b38,True,1,4488,4487,c558b77f76731a7e72fc37010955f34bc385c74436d13a0cbd6d4602c2be0b38,c558b77f76731a7e72fc37010955f34bc385c74436d13a0cbd6d4602c2be0b38,True,2
train,290,868,1195,aa362c80bdbf4afd3904cff79e6bd84208e7d5301f78196d7ca04f67556c47d0,True,1,4488,4487,aa362c80bdbf4afd3904cff79e6bd84208e7d5301f78196d7ca04f67556c47d0,aa362c80bdbf4afd3904cff79e6bd84208e7d5301f78196d7ca04f67556c47d0,True,2
train,291,868,1341,56cc5317ec85e7eaa5438ba3f817d1bd2d6f4d6b79f2237144d0da0a3e687c69,True,1,4488,4487,56cc5317ec85e7eaa5438ba3f817d1bd2d6f4d6b79f2237144d0da0a3e687c69,56cc5317ec85e7eaa5438ba3f817d1bd2d6f4d6b79f2237144d0da0a3e687c69,True,2
train,292,868,1844,e0e43d1d48ed346fb28d3baee84345597aedb1b704c839be6f0ad34cac4ae8e8,True,1,4488,4487,e0e43d1d48ed346fb28d3baee84345597aedb1b704c839be6f0ad34cac4ae8e8,e0e43d1d48ed346fb28d3baee84345597aedb1b704c839be6f0ad34cac4ae8e8,True,2
train,293,869,1864,9d2cf12570a7ea43bc7b37feef5b423fc4495fe115b564a42082625b075422de,True,1,4488,4487,9d2cf12570a7ea43bc7b37feef5b423fc4495fe115b564a42082625b075422de,9d2cf12570a7ea43bc7b37feef5b423fc4495fe115b564a42082625b075422de,True,2
train,294,875,1950,77128f1bd0e7dd016bdc4abc022acd211a5ae0ff5dbc284c58796e10b72c284c,True,1,4488,4487,77128f1bd0e7dd016bdc4abc022acd211a5ae0ff5dbc284c58796e10b72c284c,77128f1bd0e7dd016bdc4abc022acd211a5ae0ff5dbc284c58796e10b72c284c,True,2
train,295,882,1358,f7228d081ba5cf1c6acaafaeb7f4561a2aa20024d84531bc07d0c102e8b96d88,True,1,4488,4487,f7228d081ba5cf1c6acaafaeb7f4561a2aa20024d84531bc07d0c102e8b96d88,f7228d081ba5cf1c6acaafaeb7f4561a2aa20024d84531bc07d0c102e8b96d88,True,2
train,296,887,910,a25274662364f7e3e27cfebdd79d0d81a35a3d4dbe5746efb5f9c2ac843440c6,True,1,4488,4487,a25274662364f7e3e27cfebdd79d0d81a35a3d4dbe5746efb5f9c2ac843440c6,a25274662364f7e3e27cfebdd79d0d81a35a3d4dbe5746efb5f9c2ac843440c6,True,2
train,297,893,1051,767349a0c19a2667cafa459e2597f3447bb17e0f9f5a501e216f0242599a6a9e,True,1,4488,4487,767349a0c19a2667cafa459e2597f3447bb17e0f9f5a501e216f0242599a6a9e,767349a0c19a2667cafa459e2597f3447bb17e0f9f5a501e216f0242599a6a9e,True,2
train,298,902,1284,ed50b78c7a7f30803f2de2c37589375623e5c0b0669c64a0fcd4e5803aeddf31,True,1,4488,4487,ed50b78c7a7f30803f2de2c37589375623e5c0b0669c64a0fcd4e5803aeddf31,ed50b78c7a7f30803f2de2c37589375623e5c0b0669c64a0fcd4e5803aeddf31,True,2
train,299,905,1620,13886756e9f3f08ca2846f08ac73f7c2909da9c8bee685a000427d1bf69c7ed8,True,1,4488,4487,13886756e9f3f08ca2846f08ac73f7c2909da9c8bee685a000427d1bf69c7ed8,13886756e9f3f08ca2846f08ac73f7c2909da9c8bee685a000427d1bf69c7ed8,True,2
train,300,908,1013,fd6a4d72cca7b4740d1901d7c28538429a70846798496cb971e448350adf0eb0,True,1,4488,4487,fd6a4d72cca7b4740d1901d7c28538429a70846798496cb971e448350adf0eb0,fd6a4d72cca7b4740d1901d7c28538429a70846798496cb971e448350adf0eb0,True,2
train,301,922,1406,ac9267c57a8980bdb829913ad58a716e62f782225e7d3defd7e30723165c035f,True,1,4488,4487,ac9267c57a8980bdb829913ad58a716e62f782225e7d3defd7e30723165c035f,ac9267c57a8980bdb829913ad58a716e62f782225e7d3defd7e30723165c035f,True,2
train,302,929,1358,4499e912fc7afd65bcff811bc64816606e8f58794c70590a0a77025b123cc718,True,1,4488,4487,4499e912fc7afd65bcff811bc64816606e8f58794c70590a0a77025b123cc718,4499e912fc7afd65bcff811bc64816606e8f58794c70590a0a77025b123cc718,True,2
train,303,936,2641,b7eb9cef1a76e98efeffd5f27333d0f1b659e928e4c962ccad442212b333201b,True,1,4488,4487,b7eb9cef1a76e98efeffd5f27333d0f1b659e928e4c962ccad442212b333201b,b7eb9cef1a76e98efeffd5f27333d0f1b659e928e4c962ccad442212b333201b,True,2
train,304,938,2230,1c20bf8d4074b5103950e2f8a4025d705609c85a42803cede052d1d6b82d0cf0,True,1,4488,4487,1c20bf8d4074b5103950e2f8a4025d705609c85a42803cede052d1d6b82d0cf0,1c20bf8d4074b5103950e2f8a4025d705609c85a42803cede052d1d6b82d0cf0,True,2
train,305,940,1829,c6c6267fcc7b823b7584bdc951edcf0d5d6f9d6dd666465edf34d2ea8c13e575,True,1,4488,4487,c6c6267fcc7b823b7584bdc951edcf0d5d6f9d6dd666465edf34d2ea8c13e575,c6c6267fcc7b823b7584bdc951edcf0d5d6f9d6dd666465edf34d2ea8c13e575,True,2
train,306,945,1072,0a64860b98d5a3ecef62cdcb5e7d3a11013714e6a45c3322158d2f1de9cbc817,True,1,4488,4487,0a64860b98d5a3ecef62cdcb5e7d3a11013714e6a45c3322158d2f1de9cbc817,0a64860b98d5a3ecef62cdcb5e7d3a11013714e6a45c3322158d2f1de9cbc817,True,2
train,307,955,1914,cea3361550e4231ebc813a631a5c39f05318ed63743e7a2ec9ecd07b8c3b4787,True,1,4488,4487,cea3361550e4231ebc813a631a5c39f05318ed63743e7a2ec9ecd07b8c3b4787,cea3361550e4231ebc813a631a5c39f05318ed63743e7a2ec9ecd07b8c3b4787,True,2
train,308,957,1358,caceebbbf2d338ad9911bc050878c393559701e1bde9ddd99c3067fa850a1c3d,True,1,4488,4487,caceebbbf2d338ad9911bc050878c393559701e1bde9ddd99c3067fa850a1c3d,caceebbbf2d338ad9911bc050878c393559701e1bde9ddd99c3067fa850a1c3d,True,2
train,309,962,1808,2821914d58392941f90531d112b6b9930b714e4e306f2dc42332a667f0fff925,True,1,4488,4487,2821914d58392941f90531d112b6b9930b714e4e306f2dc42332a667f0fff925,2821914d58392941f90531d112b6b9930b714e4e306f2dc42332a667f0fff925,True,2
train,310,963,1094,4b74c22cfc85f682387be42019720f8143b718ed030b5d49d3a52b84ffa36cd3,True,1,4488,4487,4b74c22cfc85f682387be42019720f8143b718ed030b5d49d3a52b84ffa36cd3,4b74c22cfc85f682387be42019720f8143b718ed030b5d49d3a52b84ffa36cd3,True,2
train,311,963,1785,f9dae5900668a2564f4c39835b9eb0f4a246ee514b5e1b8f7144e81387d2dbc2,True,1,4488,4487,f9dae5900668a2564f4c39835b9eb0f4a246ee514b5e1b8f7144e81387d2dbc2,f9dae5900668a2564f4c39835b9eb0f4a246ee514b5e1b8f7144e81387d2dbc2,True,2
train,312,963,2399,7c405688564208b30b7802090406323323a52cf488dc337d3857b9e387538b7d,True,1,4488,4487,7c405688564208b30b7802090406323323a52cf488dc337d3857b9e387538b7d,7c405688564208b30b7802090406323323a52cf488dc337d3857b9e387538b7d,True,2
train,313,971,1650,47d50a775b5429d286edaf28316488df3a4c9ba22a77e0e0b84bfd623b45a650,True,1,4488,4487,47d50a775b5429d286edaf28316488df3a4c9ba22a77e0e0b84bfd623b45a650,47d50a775b5429d286edaf28316488df3a4c9ba22a77e0e0b84bfd623b45a650,True,2
train,314,989,2436,701ccafcf0b6de602385692d6ebaa6ea0019d8d4a060018a73314a0d83f8360c,True,1,4488,4487,701ccafcf0b6de602385692d6ebaa6ea0019d8d4a060018a73314a0d83f8360c,701ccafcf0b6de602385692d6ebaa6ea0019d8d4a060018a73314a0d83f8360c,True,2
train,315,994,2309,00554230bfc62ea26bd607da2470c1ac866ac8b127dcc99f63c376e372468892,True,1,4488,4487,00554230bfc62ea26bd607da2470c1ac866ac8b127dcc99f63c376e372468892,00554230bfc62ea26bd607da2470c1ac866ac8b127dcc99f63c376e372468892,True,2
train,316,1002,1952,d6846896d7f2a95cb3a203174632ddcdae71d91fbf17f8d7505682f84a7bd932,True,1,4488,4487,d6846896d7f2a95cb3a203174632ddcdae71d91fbf17f8d7505682f84a7bd932,d6846896d7f2a95cb3a203174632ddcdae71d91fbf17f8d7505682f84a7bd932,True,2
train,317,1007,1742,4f7792212f6e042ebc530969d7935adc2522a3527be2b2d2b7b406219a808767,True,1,4488,4487,4f7792212f6e042ebc530969d7935adc2522a3527be2b2d2b7b406219a808767,4f7792212f6e042ebc530969d7935adc2522a3527be2b2d2b7b406219a808767,True,2
train,318,1008,2059,4cda9b00cbd9ecd489715fc4c0e559a2c3de54ae31686be4f233f811e899d0a9,True,1,4488,4487,4cda9b00cbd9ecd489715fc4c0e559a2c3de54ae31686be4f233f811e899d0a9,4cda9b00cbd9ecd489715fc4c0e559a2c3de54ae31686be4f233f811e899d0a9,True,2
train,319,1012,1336,6a33de8febfa0e2bfd91e1bfc680f5824bb0eb4d6220dcf94cea99e5550afbd6,True,1,4488,4487,6a33de8febfa0e2bfd91e1bfc680f5824bb0eb4d6220dcf94cea99e5550afbd6,6a33de8febfa0e2bfd91e1bfc680f5824bb0eb4d6220dcf94cea99e5550afbd6,True,2
train,320,1012,1682,be71dafcb020f0517acd17d984601f9b409dea5a439c740334efe302f72e1bc5,True,1,4488,4487,be71dafcb020f0517acd17d984601f9b409dea5a439c740334efe302f72e1bc5,be71dafcb020f0517acd17d984601f9b409dea5a439c740334efe302f72e1bc5,True,2
train,321,1013,1661,bb69ce5db1b12c9e4d2abdd4022995f0938b1b65dc3c9ac92e0d2c5605779991,True,1,4488,4487,bb69ce5db1b12c9e4d2abdd4022995f0938b1b65dc3c9ac92e0d2c5605779991,bb69ce5db1b12c9e4d2abdd4022995f0938b1b65dc3c9ac92e0d2c5605779991,True,2
train,322,1013,1846,c1ec071292d16415cf6f46b9223a21378915af8f139e718dc24f2f1f5fc24279,True,1,4488,4487,c1ec071292d16415cf6f46b9223a21378915af8f139e718dc24f2f1f5fc24279,c1ec071292d16415cf6f46b9223a21378915af8f139e718dc24f2f1f5fc24279,True,2
train,323,1019,1457,feaa1caa97a4f1751d35e163cc535fd3327e2f6b49c6246ff28ff9fed502fd11,True,1,4488,4487,feaa1caa97a4f1751d35e163cc535fd3327e2f6b49c6246ff28ff9fed502fd11,feaa1caa97a4f1751d35e163cc535fd3327e2f6b49c6246ff28ff9fed502fd11,True,2
train,324,1035,1486,c5d4c6ce03f2e429cf85f88cf7c01ef3fd8b3a34f5b36e0f779b4bf0c38f1a3f,True,1,4488,4487,c5d4c6ce03f2e429cf85f88cf7c01ef3fd8b3a34f5b36e0f779b4bf0c38f1a3f,c5d4c6ce03f2e429cf85f88cf7c01ef3fd8b3a34f5b36e0f779b4bf0c38f1a3f,True,2
train,325,1042,1926,c3746b5c1e0571fdbe7bee1ae539545c8cd5df60009a032eb50fea79ec59089a,True,1,4488,4487,c3746b5c1e0571fdbe7bee1ae539545c8cd5df60009a032eb50fea79ec59089a,c3746b5c1e0571fdbe7bee1ae539545c8cd5df60009a032eb50fea79ec59089a,True,2
train,326,1045,1571,0bde56522efd8d71d2a94f0b159724e6a3ed5f4bcec100a4a9b69e77794781de,True,1,4488,4487,0bde56522efd8d71d2a94f0b159724e6a3ed5f4bcec100a4a9b69e77794781de,0bde56522efd8d71d2a94f0b159724e6a3ed5f4bcec100a4a9b69e77794781de,True,2
train,327,1050,1342,945f5862becae7dbcad680eb20b6e62705891cbeb77f17d2429ec5744ea6382d,True,1,4488,4487,945f5862becae7dbcad680eb20b6e62705891cbeb77f17d2429ec5744ea6382d,945f5862becae7dbcad680eb20b6e62705891cbeb77f17d2429ec5744ea6382d,True,2
train,328,1050,2564,eeeb798456c59c84933f83e22ea28d12aed86a079de448004aaed68283802d26,True,1,4488,4487,eeeb798456c59c84933f83e22ea28d12aed86a079de448004aaed68283802d26,eeeb798456c59c84933f83e22ea28d12aed86a079de448004aaed68283802d26,True,2
train,329,1054,1605,ed65183160b89f5347c1dc3622887d5346a320a92b9dc558053ea88ed7ac7d1c,True,1,4488,4487,ed65183160b89f5347c1dc3622887d5346a320a92b9dc558053ea88ed7ac7d1c,ed65183160b89f5347c1dc3622887d5346a320a92b9dc558053ea88ed7ac7d1c,True,2
train,330,1063,1518,ae005f628e9aa19eec23f777bfa9286dcf1820dd9eba8b76deaed76cdddf865b,True,1,4488,4487,ae005f628e9aa19eec23f777bfa9286dcf1820dd9eba8b76deaed76cdddf865b,ae005f628e9aa19eec23f777bfa9286dcf1820dd9eba8b76deaed76cdddf865b,True,2
train,331,1065,1096,6da9e966aad1cb31e6bdf90a22e3d60c5596a2242c1ab1d56e3e5030d43ca958,True,1,4488,4487,6da9e966aad1cb31e6bdf90a22e3d60c5596a2242c1ab1d56e3e5030d43ca958,6da9e966aad1cb31e6bdf90a22e3d60c5596a2242c1ab1d56e3e5030d43ca958,True,2
train,332,1066,1574,83d0829b068795d61c968cc2040ceb162ed18ba4e2ead113329ce00fabee289a,True,1,4488,4487,83d0829b068795d61c968cc2040ceb162ed18ba4e2ead113329ce00fabee289a,83d0829b068795d61c968cc2040ceb162ed18ba4e2ead113329ce00fabee289a,True,2
train,333,1070,1072,1a1cf3a08ac05e610ca5f562e5e6745c652d611e1333f70510891e371457945f,True,1,4488,4487,1a1cf3a08ac05e610ca5f562e5e6745c652d611e1333f70510891e371457945f,1a1cf3a08ac05e610ca5f562e5e6745c652d611e1333f70510891e371457945f,True,2
train,334,1072,1478,097dfc3eff0b3d570845086875449f2a7f3b867a73b8acdcd59728797598ac11,True,1,4488,4487,097dfc3eff0b3d570845086875449f2a7f3b867a73b8acdcd59728797598ac11,097dfc3eff0b3d570845086875449f2a7f3b867a73b8acdcd59728797598ac11,True,2
train,335,1075,1124,8a1493697c90d0fd18ba2e6915555034095a677553fc0477f497919b22871036,True,1,4488,4487,8a1493697c90d0fd18ba2e6915555034095a677553fc0477f497919b22871036,8a1493697c90d0fd18ba2e6915555034095a677553fc0477f497919b22871036,True,2
train,336,1077,2450,c2dcfd03fb5d4a38e6df30a8ba11b741eecaf0f81de6331c028e43e210d4f76d,True,1,4488,4487,c2dcfd03fb5d4a38e6df30a8ba11b741eecaf0f81de6331c028e43e210d4f76d,c2dcfd03fb5d4a38e6df30a8ba11b741eecaf0f81de6331c028e43e210d4f76d,True,2
train,337,1083,1232,043f66bbf3362586477050fbfc46ebf0b7baea9cb7a9c079d373fbdaf5934014,True,1,4488,4487,043f66bbf3362586477050fbfc46ebf0b7baea9cb7a9c079d373fbdaf5934014,043f66bbf3362586477050fbfc46ebf0b7baea9cb7a9c079d373fbdaf5934014,True,2
train,338,1087,2434,dc6129a419aa839a64731383a2ed7f52885ca8b8d037cb829e675185ebd8eaf1,True,1,4488,4487,dc6129a419aa839a64731383a2ed7f52885ca8b8d037cb829e675185ebd8eaf1,dc6129a419aa839a64731383a2ed7f52885ca8b8d037cb829e675185ebd8eaf1,True,2
train,339,1090,1271,206202bbbbbfb3a31e7230d82072cd5d44e932c7bcd7abbc1c3b23b9e0ea119b,True,1,4488,4487,206202bbbbbfb3a31e7230d82072cd5d44e932c7bcd7abbc1c3b23b9e0ea119b,206202bbbbbfb3a31e7230d82072cd5d44e932c7bcd7abbc1c3b23b9e0ea119b,True,2
train,340,1103,1123,0f88edb897f12df3b5996377655c1a360d597d536df79d4fcc367403ae392a96,True,1,4488,4487,0f88edb897f12df3b5996377655c1a360d597d536df79d4fcc367403ae392a96,0f88edb897f12df3b5996377655c1a360d597d536df79d4fcc367403ae392a96,True,2
train,341,1103,1718,c4be9f74f26453270a1506c62bd8bd0a322af2309d2c4344b15df065670f30d3,True,1,4488,4487,c4be9f74f26453270a1506c62bd8bd0a322af2309d2c4344b15df065670f30d3,c4be9f74f26453270a1506c62bd8bd0a322af2309d2c4344b15df065670f30d3,True,2
train,342,1103,1887,d18b995b215a5c836d0a7725a37c99708ab3d7dbdaefb851b7155382d58c740b,True,1,4488,4487,d18b995b215a5c836d0a7725a37c99708ab3d7dbdaefb851b7155382d58c740b,d18b995b215a5c836d0a7725a37c99708ab3d7dbdaefb851b7155382d58c740b,True,2
train,343,1111,1119,3334aec8c1db98087eb539dc0b6b553884ba71ce72c530a942bbbdd01fc08ae8,True,1,4488,4487,3334aec8c1db98087eb539dc0b6b553884ba71ce72c530a942bbbdd01fc08ae8,3334aec8c1db98087eb539dc0b6b553884ba71ce72c530a942bbbdd01fc08ae8,True,2
train,344,1111,2126,111f2ec375ac5a3b6828baf97b03ae2f3d27485e74582f5688adc8f39094d55b,True,1,4488,4487,111f2ec375ac5a3b6828baf97b03ae2f3d27485e74582f5688adc8f39094d55b,111f2ec375ac5a3b6828baf97b03ae2f3d27485e74582f5688adc8f39094d55b,True,2
train,345,1111,2129,3ec508bc495c51a03764b60a394587cf602b8ee2b7b27839a5e63084e704c28b,True,1,4488,4487,3ec508bc495c51a03764b60a394587cf602b8ee2b7b27839a5e63084e704c28b,3ec508bc495c51a03764b60a394587cf602b8ee2b7b27839a5e63084e704c28b,True,2
train,346,1114,1717,5fc275101f1bed75f9ca8675c537dda580241331fcac382b6c39a879120da6f7,True,1,4488,4487,5fc275101f1bed75f9ca8675c537dda580241331fcac382b6c39a879120da6f7,5fc275101f1bed75f9ca8675c537dda580241331fcac382b6c39a879120da6f7,True,2
train,347,1115,2276,7a78b98d0fea73e20916359cf4b38b9bb75b5570e5288a2d14a97a763e284186,True,1,4488,4487,7a78b98d0fea73e20916359cf4b38b9bb75b5570e5288a2d14a97a763e284186,7a78b98d0fea73e20916359cf4b38b9bb75b5570e5288a2d14a97a763e284186,True,2
train,348,1119,1462,9ae206f9fd6a2fd44b0aa889f04480590c310c49d59798b71e343f2b769c6a2b,True,1,4488,4487,9ae206f9fd6a2fd44b0aa889f04480590c310c49d59798b71e343f2b769c6a2b,9ae206f9fd6a2fd44b0aa889f04480590c310c49d59798b71e343f2b769c6a2b,True,2
train,349,1121,2136,e40a558afb9c0a8c5072944754d410a9d44463f5af3663c68a526e2d2259b162,True,1,4488,4487,e40a558afb9c0a8c5072944754d410a9d44463f5af3663c68a526e2d2259b162,e40a558afb9c0a8c5072944754d410a9d44463f5af3663c68a526e2d2259b162,True,2
train,350,1128,1441,5d056a9cb61964bed6b3701844de92ca35457a9e55027faaad8a817ff1a9c982,True,1,4488,4487,5d056a9cb61964bed6b3701844de92ca35457a9e55027faaad8a817ff1a9c982,5d056a9cb61964bed6b3701844de92ca35457a9e55027faaad8a817ff1a9c982,True,2
train,351,1129,1518,70610c0400d6e06da0756c1e9b55dfd1c236a8fa86786c228075cf6dd82bfc7d,True,1,4488,4487,70610c0400d6e06da0756c1e9b55dfd1c236a8fa86786c228075cf6dd82bfc7d,70610c0400d6e06da0756c1e9b55dfd1c236a8fa86786c228075cf6dd82bfc7d,True,2
train,352,1129,2351,8d99f46df25979532236f0c34067538abfb2de574faffbce334930f70edb826f,True,1,4488,4487,8d99f46df25979532236f0c34067538abfb2de574faffbce334930f70edb826f,8d99f46df25979532236f0c34067538abfb2de574faffbce334930f70edb826f,True,2
train,353,1135,2518,73a003673a52dc4aa1b23c0a63c17d8aadd4614c8a373702ad049ac95db9511f,True,1,4488,4487,73a003673a52dc4aa1b23c0a63c17d8aadd4614c8a373702ad049ac95db9511f,73a003673a52dc4aa1b23c0a63c17d8aadd4614c8a373702ad049ac95db9511f,True,2
train,354,1138,2250,08ffe05639beea23c85243946a91debe491949d3d67b359a8b6daf6e569a9ee1,True,1,4488,4487,08ffe05639beea23c85243946a91debe491949d3d67b359a8b6daf6e569a9ee1,08ffe05639beea23c85243946a91debe491949d3d67b359a8b6daf6e569a9ee1,True,2
train,355,1139,2182,4331fc33e8438a554146d097c71f745721404e2bf4c9e3b302a0a8d9371cde61,True,1,4488,4487,4331fc33e8438a554146d097c71f745721404e2bf4c9e3b302a0a8d9371cde61,4331fc33e8438a554146d097c71f745721404e2bf4c9e3b302a0a8d9371cde61,True,2
train,356,1145,1358,33ca53b90596f10b7cb559fcd0996947ee01dba252c19aa27b27199e280e08f8,True,1,4488,4487,33ca53b90596f10b7cb559fcd0996947ee01dba252c19aa27b27199e280e08f8,33ca53b90596f10b7cb559fcd0996947ee01dba252c19aa27b27199e280e08f8,True,2
train,357,1147,2367,053c9a77a429acaea6b359ddefc33eddb89ce4107cbaeff31a230a95bbb5396e,True,1,4488,4487,053c9a77a429acaea6b359ddefc33eddb89ce4107cbaeff31a230a95bbb5396e,053c9a77a429acaea6b359ddefc33eddb89ce4107cbaeff31a230a95bbb5396e,True,2
train,358,1148,2221,69749980c33631d213160e896df61c72c79b627729a2d1e5e8a05313434a3f56,True,1,4488,4487,69749980c33631d213160e896df61c72c79b627729a2d1e5e8a05313434a3f56,69749980c33631d213160e896df61c72c79b627729a2d1e5e8a05313434a3f56,True,2
train,359,1155,1229,5116c331799f8a0e42bc7ce4322b89ad902d5fdd53459bc4065c588687df55cc,True,1,4488,4487,5116c331799f8a0e42bc7ce4322b89ad902d5fdd53459bc4065c588687df55cc,5116c331799f8a0e42bc7ce4322b89ad902d5fdd53459bc4065c588687df55cc,True,2
train,360,1160,2268,a68bab7336412308039ef76d14a3cac10841b95c4dffc1bcd6c51b8408426da6,True,1,4488,4487,a68bab7336412308039ef76d14a3cac10841b95c4dffc1bcd6c51b8408426da6,a68bab7336412308039ef76d14a3cac10841b95c4dffc1bcd6c51b8408426da6,True,2
train,361,1166,1986,b99034b1952fd5240d5e32ad82d8825e27d6b8f4ed3ba2081fcd61fc88ec6029,True,1,4488,4487,b99034b1952fd5240d5e32ad82d8825e27d6b8f4ed3ba2081fcd61fc88ec6029,b99034b1952fd5240d5e32ad82d8825e27d6b8f4ed3ba2081fcd61fc88ec6029,True,2
train,362,1177,1935,8250f5a0da2f0f20b2989825fc49a0e0c173268f1f366c206e93b3b8a0a4f861,True,1,4488,4487,8250f5a0da2f0f20b2989825fc49a0e0c173268f1f366c206e93b3b8a0a4f861,8250f5a0da2f0f20b2989825fc49a0e0c173268f1f366c206e93b3b8a0a4f861,True,2
train,363,1185,2349,2b199a9aeae6c660d6a4f6655c8c7a872f465f896420893c24af6c4d3933c79e,True,1,4488,4487,2b199a9aeae6c660d6a4f6655c8c7a872f465f896420893c24af6c4d3933c79e,2b199a9aeae6c660d6a4f6655c8c7a872f465f896420893c24af6c4d3933c79e,True,2
train,364,1185,2358,b504f5be8b84d9cb20b875e6dca6bb7a12094bb28799f3ef88762aaf1d0d952b,True,1,4488,4487,b504f5be8b84d9cb20b875e6dca6bb7a12094bb28799f3ef88762aaf1d0d952b,b504f5be8b84d9cb20b875e6dca6bb7a12094bb28799f3ef88762aaf1d0d952b,True,2
train,365,1189,2359,defa0cb6e81288c76936d619b30670dc2a429a5ca5f23ea51610424f895b50d8,True,1,4488,4487,defa0cb6e81288c76936d619b30670dc2a429a5ca5f23ea51610424f895b50d8,defa0cb6e81288c76936d619b30670dc2a429a5ca5f23ea51610424f895b50d8,True,2
train,366,1196,1624,2e8eca69e19485d6e0802154e7e7e36f11abcb8a0dbeab1c29a1a809fc784774,True,1,4488,4487,2e8eca69e19485d6e0802154e7e7e36f11abcb8a0dbeab1c29a1a809fc784774,2e8eca69e19485d6e0802154e7e7e36f11abcb8a0dbeab1c29a1a809fc784774,True,2
train,367,1202,1428,be4dffa4aeb779484e27fd90484d107e5eaaf7d6defa10bfd37c751faa8195e2,True,1,4488,4487,be4dffa4aeb779484e27fd90484d107e5eaaf7d6defa10bfd37c751faa8195e2,be4dffa4aeb779484e27fd90484d107e5eaaf7d6defa10bfd37c751faa8195e2,True,2
train,368,1203,2155,a3fbbcba7020f7b0cab29ae1da6d592211be85642d11b5ce3cda8ba78ea69529,True,1,4488,4487,a3fbbcba7020f7b0cab29ae1da6d592211be85642d11b5ce3cda8ba78ea69529,a3fbbcba7020f7b0cab29ae1da6d592211be85642d11b5ce3cda8ba78ea69529,True,2
train,369,1205,1358,9e80e6bc1f4384a239518e56073a4bb7da7bf76237542c6c492c2a6e6b15c4b7,True,1,4488,4487,9e80e6bc1f4384a239518e56073a4bb7da7bf76237542c6c492c2a6e6b15c4b7,9e80e6bc1f4384a239518e56073a4bb7da7bf76237542c6c492c2a6e6b15c4b7,True,2
train,370,1224,1583,17ae338306021dee53b6be4011376a5aa0cffb60b6f87312ec8117b8ab331f1a,True,1,4488,4487,17ae338306021dee53b6be4011376a5aa0cffb60b6f87312ec8117b8ab331f1a,17ae338306021dee53b6be4011376a5aa0cffb60b6f87312ec8117b8ab331f1a,True,2
train,371,1224,1851,8b0f649cc1b0c2a3d737439c09d08219efec1f52c357fd5407ab3919589522a8,True,1,4488,4487,8b0f649cc1b0c2a3d737439c09d08219efec1f52c357fd5407ab3919589522a8,8b0f649cc1b0c2a3d737439c09d08219efec1f52c357fd5407ab3919589522a8,True,2
train,372,1224,2152,edbc34d7db427f0b8b87bbda6cb5b362710475bf17a7a5cc8d21a1eac92b12d8,True,1,4488,4487,edbc34d7db427f0b8b87bbda6cb5b362710475bf17a7a5cc8d21a1eac92b12d8,edbc34d7db427f0b8b87bbda6cb5b362710475bf17a7a5cc8d21a1eac92b12d8,True,2
train,373,1234,1966,13dbbd07a3da9057a9bd2c40f6bac5e0bf366b0c6c35cd7d28d0f12d575fc28a,True,1,4488,4487,13dbbd07a3da9057a9bd2c40f6bac5e0bf366b0c6c35cd7d28d0f12d575fc28a,13dbbd07a3da9057a9bd2c40f6bac5e0bf366b0c6c35cd7d28d0f12d575fc28a,True,2
train,374,1239,2611,63612b3c01865bff5127acfcaaa80028d7e849b7b3ffe9997a84c106a74f6f1c,True,1,4488,4487,63612b3c01865bff5127acfcaaa80028d7e849b7b3ffe9997a84c106a74f6f1c,63612b3c01865bff5127acfcaaa80028d7e849b7b3ffe9997a84c106a74f6f1c,True,2
train,375,1241,1950,f9d7cd2ac1285638034e3c2afefc4e49ad593bab01df7227f51a7cd4e2ded839,True,1,4488,4487,f9d7cd2ac1285638034e3c2afefc4e49ad593bab01df7227f51a7cd4e2ded839,f9d7cd2ac1285638034e3c2afefc4e49ad593bab01df7227f51a7cd4e2ded839,True,2
train,376,1248,1651,ac25f03bcf88c6c17d5e06ae371cdbb0111b9d0b6d1b917a3d6df116501e193a,True,1,4488,4487,ac25f03bcf88c6c17d5e06ae371cdbb0111b9d0b6d1b917a3d6df116501e193a,ac25f03bcf88c6c17d5e06ae371cdbb0111b9d0b6d1b917a3d6df116501e193a,True,2
train,377,1252,2656,fd3a9456689e2f8b7328d822c9c711ae40293c9ee65013a65bab549c1cf5fb98,True,1,4488,4487,fd3a9456689e2f8b7328d822c9c711ae40293c9ee65013a65bab549c1cf5fb98,fd3a9456689e2f8b7328d822c9c711ae40293c9ee65013a65bab549c1cf5fb98,True,2
train,378,1256,1761,a9ad8fe6c084644bd1186846231ec3b0f5a3bfa963298a723058e28e2c42647c,True,1,4488,4487,a9ad8fe6c084644bd1186846231ec3b0f5a3bfa963298a723058e28e2c42647c,a9ad8fe6c084644bd1186846231ec3b0f5a3bfa963298a723058e28e2c42647c,True,2
train,379,1257,2671,7500393a2560d0b19321e874c872f459c3167e4b659a6a0fb9a179341f9cfa59,True,1,4488,4487,7500393a2560d0b19321e874c872f459c3167e4b659a6a0fb9a179341f9cfa59,7500393a2560d0b19321e874c872f459c3167e4b659a6a0fb9a179341f9cfa59,True,2
train,380,1257,2679,41f7d7d153535fa1bec7bd7cdd87cb959fbf59bcf2ce97c8a0ea70af77ecc9b8,True,1,4488,4487,41f7d7d153535fa1bec7bd7cdd87cb959fbf59bcf2ce97c8a0ea70af77ecc9b8,41f7d7d153535fa1bec7bd7cdd87cb959fbf59bcf2ce97c8a0ea70af77ecc9b8,True,2
train,381,1269,1630,95377fedbd9e3edd115bcd3cc86608943125d62d16ed929305a05add8e930f39,True,1,4488,4487,95377fedbd9e3edd115bcd3cc86608943125d62d16ed929305a05add8e930f39,95377fedbd9e3edd115bcd3cc86608943125d62d16ed929305a05add8e930f39,True,2
train,382,1272,1950,0b3195244bcdb15b2eabce8eac735ab1f27b4adebaaf97746ad1bcb446cabc91,True,1,4488,4487,0b3195244bcdb15b2eabce8eac735ab1f27b4adebaaf97746ad1bcb446cabc91,0b3195244bcdb15b2eabce8eac735ab1f27b4adebaaf97746ad1bcb446cabc91,True,2
train,383,1273,2034,a3614e17d9f3bdbb82316011cdcb0514fddf81aaf0c10ac01b09b1318520444f,True,1,4488,4487,a3614e17d9f3bdbb82316011cdcb0514fddf81aaf0c10ac01b09b1318520444f,a3614e17d9f3bdbb82316011cdcb0514fddf81aaf0c10ac01b09b1318520444f,True,2
train,384,1276,1962,81642e8bbda9678b2490894b122cd30f164c6f01443ab4398bc19b020b6dff3f,True,1,4488,4487,81642e8bbda9678b2490894b122cd30f164c6f01443ab4398bc19b020b6dff3f,81642e8bbda9678b2490894b122cd30f164c6f01443ab4398bc19b020b6dff3f,True,2
train,385,1278,2306,e60eb788159ba0729c1c9f4d338f4a24512410610db7f658ace00cc4ad6ecbd9,True,1,4488,4487,e60eb788159ba0729c1c9f4d338f4a24512410610db7f658ace00cc4ad6ecbd9,e60eb788159ba0729c1c9f4d338f4a24512410610db7f658ace00cc4ad6ecbd9,True,2
train,386,1279,2203,ed2a0881d2ad3a806179f4f60ed721c0980c2367d90dbcd2199644273ec439aa,True,1,4488,4487,ed2a0881d2ad3a806179f4f60ed721c0980c2367d90dbcd2199644273ec439aa,ed2a0881d2ad3a806179f4f60ed721c0980c2367d90dbcd2199644273ec439aa,True,2
train,387,1284,2450,0c959d0fabd9bb5b300ba3077a430fcddb39ee42a679f3fe9716cdb9581cf83a,True,1,4488,4487,0c959d0fabd9bb5b300ba3077a430fcddb39ee42a679f3fe9716cdb9581cf83a,0c959d0fabd9bb5b300ba3077a430fcddb39ee42a679f3fe9716cdb9581cf83a,True,2
train,388,1296,1911,1dcfb3c2d5c99149a4ec528cd5b4aa0ebe119304b168ac9065b7533aef10ee3a,True,1,4488,4487,1dcfb3c2d5c99149a4ec528cd5b4aa0ebe119304b168ac9065b7533aef10ee3a,1dcfb3c2d5c99149a4ec528cd5b4aa0ebe119304b168ac9065b7533aef10ee3a,True,2
train,389,1306,1317,f4e3ce3dbcec852dca16f791c9550709fdd13d26d40ae0a22bd41de7a3185ac5,True,1,4488,4487,f4e3ce3dbcec852dca16f791c9550709fdd13d26d40ae0a22bd41de7a3185ac5,f4e3ce3dbcec852dca16f791c9550709fdd13d26d40ae0a22bd41de7a3185ac5,True,2
train,390,1318,2661,db657507f1e0827b6ff06d6c1037ff5d734a74857e67fc5189cc6dc9ddfbda3f,True,1,4488,4487,db657507f1e0827b6ff06d6c1037ff5d734a74857e67fc5189cc6dc9ddfbda3f,db657507f1e0827b6ff06d6c1037ff5d734a74857e67fc5189cc6dc9ddfbda3f,True,2
train,391,1322,2265,efdfb2fde4cb8945e2f8e8e0754b2fd88844d4123d82f3e36d700fa756a888a8,True,1,4488,4487,efdfb2fde4cb8945e2f8e8e0754b2fd88844d4123d82f3e36d700fa756a888a8,efdfb2fde4cb8945e2f8e8e0754b2fd88844d4123d82f3e36d700fa756a888a8,True,2
train,392,1323,1701,6fcfdd59aaa53b8f811a16c911c4a5bb97e5627729699a9a68bb95d2db0d882f,True,1,4488,4487,6fcfdd59aaa53b8f811a16c911c4a5bb97e5627729699a9a68bb95d2db0d882f,6fcfdd59aaa53b8f811a16c911c4a5bb97e5627729699a9a68bb95d2db0d882f,True,2
train,393,1331,1810,9af2a3ea7a4c6f7e8d84e412ad25e2d70d6e216428fe4553bd675b4290d593bb,True,1,4488,4487,9af2a3ea7a4c6f7e8d84e412ad25e2d70d6e216428fe4553bd675b4290d593bb,9af2a3ea7a4c6f7e8d84e412ad25e2d70d6e216428fe4553bd675b4290d593bb,True,2
train,394,1335,2087,44018829b48ab3b9daf6b681134f587dadc17bf33a4be5d1a80afe372fe30e65,True,1,4488,4487,44018829b48ab3b9daf6b681134f587dadc17bf33a4be5d1a80afe372fe30e65,44018829b48ab3b9daf6b681134f587dadc17bf33a4be5d1a80afe372fe30e65,True,2
train,395,1358,1646,433d810978c4954a33f2f07e5cebd86f062426e999fe444dba2a07a8866f0f6f,True,1,4488,4487,433d810978c4954a33f2f07e5cebd86f062426e999fe444dba2a07a8866f0f6f,433d810978c4954a33f2f07e5cebd86f062426e999fe444dba2a07a8866f0f6f,True,2
train,396,1358,1710,1ecd0430190e66c5ad86a8205bc1854c468f958d48971820257dd1410600c6fe,True,1,4488,4487,1ecd0430190e66c5ad86a8205bc1854c468f958d48971820257dd1410600c6fe,1ecd0430190e66c5ad86a8205bc1854c468f958d48971820257dd1410600c6fe,True,2
train,397,1358,1711,d7beae4a4921283ec94160500e95d7df92c1524f9a5d94e0386f43fce5a89515,True,1,4488,4487,d7beae4a4921283ec94160500e95d7df92c1524f9a5d94e0386f43fce5a89515,d7beae4a4921283ec94160500e95d7df92c1524f9a5d94e0386f43fce5a89515,True,2
train,398,1358,1716,c177cd0ab0d2b01592da98d1711100113cffe3499857086b1bbfe384f8d900e5,True,1,4488,4487,c177cd0ab0d2b01592da98d1711100113cffe3499857086b1bbfe384f8d900e5,c177cd0ab0d2b01592da98d1711100113cffe3499857086b1bbfe384f8d900e5,True,2
train,399,1358,1730,1111074b6a3eda3705e6614ba368d9c5d306f18790434bd1e69392399f030ff0,True,1,4488,4487,1111074b6a3eda3705e6614ba368d9c5d306f18790434bd1e69392399f030ff0,1111074b6a3eda3705e6614ba368d9c5d306f18790434bd1e69392399f030ff0,True,2
train,400,1358,1752,0a2f1fcf41e7f315cfa62688bee1b235c0e0b214048211abc673954245e7ba61,True,1,4488,4487,0a2f1fcf41e7f315cfa62688bee1b235c0e0b214048211abc673954245e7ba61,0a2f1fcf41e7f315cfa62688bee1b235c0e0b214048211abc673954245e7ba61,True,2
train,401,1358,1765,bb51aa6f25de6b6d13697fcac005d7e18a1e2163051c7d33843f4737f1a3823d,True,1,4488,4487,bb51aa6f25de6b6d13697fcac005d7e18a1e2163051c7d33843f4737f1a3823d,bb51aa6f25de6b6d13697fcac005d7e18a1e2163051c7d33843f4737f1a3823d,True,2
train,402,1367,2080,eda7733b4d139b32044e34fa52039fba403f8beed1b99a8300f1b2e47912c0c8,True,1,4488,4487,eda7733b4d139b32044e34fa52039fba403f8beed1b99a8300f1b2e47912c0c8,eda7733b4d139b32044e34fa52039fba403f8beed1b99a8300f1b2e47912c0c8,True,2
train,403,1367,2143,6e5cb45914ea8eb00ace65b2a763966f2870d0cbbaf1cb6f56342e416565cb23,True,1,4488,4487,6e5cb45914ea8eb00ace65b2a763966f2870d0cbbaf1cb6f56342e416565cb23,6e5cb45914ea8eb00ace65b2a763966f2870d0cbbaf1cb6f56342e416565cb23,True,2
train,404,1369,1530,4f21e4a7ea034ac55af764c01dda08ceaf9bf8e2dd2b8c6a57514a0285699e6c,True,1,4488,4487,4f21e4a7ea034ac55af764c01dda08ceaf9bf8e2dd2b8c6a57514a0285699e6c,4f21e4a7ea034ac55af764c01dda08ceaf9bf8e2dd2b8c6a57514a0285699e6c,True,2
train,405,1370,2274,be538feef30e2b177e1abe99a20f3883b9e6fa4c510ec6e7b283a33d738cb06d,True,1,4488,4487,be538feef30e2b177e1abe99a20f3883b9e6fa4c510ec6e7b283a33d738cb06d,be538feef30e2b177e1abe99a20f3883b9e6fa4c510ec6e7b283a33d738cb06d,True,2
train,406,1378,2150,6692d9d1054312816aad0a5e75c8e37226e2c43bcead3751f45aa996a79ae1ac,True,1,4488,4487,6692d9d1054312816aad0a5e75c8e37226e2c43bcead3751f45aa996a79ae1ac,6692d9d1054312816aad0a5e75c8e37226e2c43bcead3751f45aa996a79ae1ac,True,2
train,407,1388,2197,a2481255934fd162a843dd02a21bb8b736590c8f4c47d5d41563272225b1b37c,True,1,4488,4487,a2481255934fd162a843dd02a21bb8b736590c8f4c47d5d41563272225b1b37c,a2481255934fd162a843dd02a21bb8b736590c8f4c47d5d41563272225b1b37c,True,2
train,408,1394,2137,544944ee9a966928796072eeec10dfebf451222743068980419ecadb5bcbba3b,True,1,4488,4487,544944ee9a966928796072eeec10dfebf451222743068980419ecadb5bcbba3b,544944ee9a966928796072eeec10dfebf451222743068980419ecadb5bcbba3b,True,2
train,409,1396,2109,f799f092fa7067ab20fdd905987801854b5419539454eddd24f67ce233bd58f2,True,1,4488,4487,f799f092fa7067ab20fdd905987801854b5419539454eddd24f67ce233bd58f2,f799f092fa7067ab20fdd905987801854b5419539454eddd24f67ce233bd58f2,True,2
train,410,1416,1922,4dc919c65ee36571ecab94336a3856b797fd812177f5e4e2fae54423dc0e2a25,True,1,4488,4487,4dc919c65ee36571ecab94336a3856b797fd812177f5e4e2fae54423dc0e2a25,4dc919c65ee36571ecab94336a3856b797fd812177f5e4e2fae54423dc0e2a25,True,2
train,411,1417,1452,c46593b4f7e97df48a5ffc8c47fb72a81f9cd24dfb0a676b89fb25a237c12b90,True,1,4488,4487,c46593b4f7e97df48a5ffc8c47fb72a81f9cd24dfb0a676b89fb25a237c12b90,c46593b4f7e97df48a5ffc8c47fb72a81f9cd24dfb0a676b89fb25a237c12b90,True,2
train,412,1417,2350,2fd4ab96301b36069e2cef491f06766e60a350894937d717b4bed69c1ff902b2,True,1,4488,4487,2fd4ab96301b36069e2cef491f06766e60a350894937d717b4bed69c1ff902b2,2fd4ab96301b36069e2cef491f06766e60a350894937d717b4bed69c1ff902b2,True,2
train,413,1421,2109,fd1d42db5cd320e1dd74fd4704d0120ebf0e6e957f0af33e06548c00f67f2457,True,1,4488,4487,fd1d42db5cd320e1dd74fd4704d0120ebf0e6e957f0af33e06548c00f67f2457,fd1d42db5cd320e1dd74fd4704d0120ebf0e6e957f0af33e06548c00f67f2457,True,2
train,414,1427,1725,09682db59a3bcf57b9cfa98f942e4af82f43b3f95f4224392b3a831ca0d3350b,True,1,4488,4487,09682db59a3bcf57b9cfa98f942e4af82f43b3f95f4224392b3a831ca0d3350b,09682db59a3bcf57b9cfa98f942e4af82f43b3f95f4224392b3a831ca0d3350b,True,2
train,415,1436,2259,745487a415efc2f67787b2fb4c96fb56eeaafb143e7e5816692fd2c0f7207014,True,1,4488,4487,745487a415efc2f67787b2fb4c96fb56eeaafb143e7e5816692fd2c0f7207014,745487a415efc2f67787b2fb4c96fb56eeaafb143e7e5816692fd2c0f7207014,True,2
train,416,1441,1707,24415f165960a23d15acf06980d556a6fb424275577733f9a175ce13ae32fd1e,True,1,4488,4487,24415f165960a23d15acf06980d556a6fb424275577733f9a175ce13ae32fd1e,24415f165960a23d15acf06980d556a6fb424275577733f9a175ce13ae32fd1e,True,2
train,417,1441,2271,92f475af8289efdfecf578b38e11eb9a08e716a3babf6dd838a42e5c8afb03eb,True,1,4488,4487,92f475af8289efdfecf578b38e11eb9a08e716a3babf6dd838a42e5c8afb03eb,92f475af8289efdfecf578b38e11eb9a08e716a3babf6dd838a42e5c8afb03eb,True,2
train,418,1443,2240,e800ba85ea24c73056c0380bd6a3640ef07b8878cdca17f04446424532e0d088,True,1,4488,4487,e800ba85ea24c73056c0380bd6a3640ef07b8878cdca17f04446424532e0d088,e800ba85ea24c73056c0380bd6a3640ef07b8878cdca17f04446424532e0d088,True,2
train,419,1443,2645,bc7f5c17f826f85d959e5f4393bd746c3565b1d642549792c6e98c877459c4d2,True,1,4488,4487,bc7f5c17f826f85d959e5f4393bd746c3565b1d642549792c6e98c877459c4d2,bc7f5c17f826f85d959e5f4393bd746c3565b1d642549792c6e98c877459c4d2,True,2
train,420,1449,2681,fdbe13357d36815e4b164cd77be72b008373d6def5ecf7debd7eeee8e661dff7,True,1,4488,4487,fdbe13357d36815e4b164cd77be72b008373d6def5ecf7debd7eeee8e661dff7,fdbe13357d36815e4b164cd77be72b008373d6def5ecf7debd7eeee8e661dff7,True,2
train,421,1453,1986,2ba89d7dce0b8be0457814ca109ae5e2a5cf49e44a1c216096dd5f38ec0864fe,True,1,4488,4487,2ba89d7dce0b8be0457814ca109ae5e2a5cf49e44a1c216096dd5f38ec0864fe,2ba89d7dce0b8be0457814ca109ae5e2a5cf49e44a1c216096dd5f38ec0864fe,True,2
train,422,1460,2349,65ea4f70ed9045790fb553c16d4c8d04248b1ad2865e131259bafd15a225adda,True,1,4488,4487,65ea4f70ed9045790fb553c16d4c8d04248b1ad2865e131259bafd15a225adda,65ea4f70ed9045790fb553c16d4c8d04248b1ad2865e131259bafd15a225adda,True,2
train,423,1469,1498,8862bbc09ad0e287d5b04c04cd397fa3648ea064ce3932c91b89611d9f29a9a4,True,1,4488,4487,8862bbc09ad0e287d5b04c04cd397fa3648ea064ce3932c91b89611d9f29a9a4,8862bbc09ad0e287d5b04c04cd397fa3648ea064ce3932c91b89611d9f29a9a4,True,2
train,424,1470,1824,65ec578f06f4c023360cbddb74baf81fe7b7bb4f582be4b111ba71dcebce0bff,True,1,4488,4487,65ec578f06f4c023360cbddb74baf81fe7b7bb4f582be4b111ba71dcebce0bff,65ec578f06f4c023360cbddb74baf81fe7b7bb4f582be4b111ba71dcebce0bff,True,2
train,425,1472,2187,b4c173b41ccd9b8c15e4882ca1d98c1965bc9ee171980424c516a666505017d1,True,1,4488,4487,b4c173b41ccd9b8c15e4882ca1d98c1965bc9ee171980424c516a666505017d1,b4c173b41ccd9b8c15e4882ca1d98c1965bc9ee171980424c516a666505017d1,True,2
train,426,1473,2707,9ba192009a7954c909a7c1a42d2f9a8e8d85b8accf9b34f8e5e592690b392c00,True,1,4488,4487,9ba192009a7954c909a7c1a42d2f9a8e8d85b8accf9b34f8e5e592690b392c00,9ba192009a7954c909a7c1a42d2f9a8e8d85b8accf9b34f8e5e592690b392c00,True,2
train,427,1481,1669,d00118422076700d3d092f5b0c330b390541e649f0b1168d94297025b7474e3f,True,1,4488,4487,d00118422076700d3d092f5b0c330b390541e649f0b1168d94297025b7474e3f,d00118422076700d3d092f5b0c330b390541e649f0b1168d94297025b7474e3f,True,2
train,428,1485,1914,dd44f59000ebbc216d2fcbee168a826050d2943d926d9f097aa4e50635fc1d1d,True,1,4488,4487,dd44f59000ebbc216d2fcbee168a826050d2943d926d9f097aa4e50635fc1d1d,dd44f59000ebbc216d2fcbee168a826050d2943d926d9f097aa4e50635fc1d1d,True,2
train,429,1501,1676,fca03b06f0abe9714cf9a92388ded20bc59814b700842cee524882c774ec8f17,True,1,4488,4487,fca03b06f0abe9714cf9a92388ded20bc59814b700842cee524882c774ec8f17,fca03b06f0abe9714cf9a92388ded20bc59814b700842cee524882c774ec8f17,True,2
train,430,1503,2241,10016ea3384d4c9376cd7b213ae525c72185a4ad9a4ba51d6779addb3604097e,True,1,4488,4487,10016ea3384d4c9376cd7b213ae525c72185a4ad9a4ba51d6779addb3604097e,10016ea3384d4c9376cd7b213ae525c72185a4ad9a4ba51d6779addb3604097e,True,2
train,431,1504,1647,a506813d749a35a08af0a0b82cca06c8246a3682dcfc4f86936941cd8a1a860c,True,1,4488,4487,a506813d749a35a08af0a0b82cca06c8246a3682dcfc4f86936941cd8a1a860c,a506813d749a35a08af0a0b82cca06c8246a3682dcfc4f86936941cd8a1a860c,True,2
train,432,1510,2387,4fd0a4ef58c754e19f265e4d326b948b753c51433ca6ebdaa6e1ae58b3ff241d,True,1,4488,4487,4fd0a4ef58c754e19f265e4d326b948b753c51433ca6ebdaa6e1ae58b3ff241d,4fd0a4ef58c754e19f265e4d326b948b753c51433ca6ebdaa6e1ae58b3ff241d,True,2
train,433,1520,1750,096e8b2f2349d3dea40d3c0756653095f5bd2ebeadca3f88bcf8d6c20c95e563,True,1,4488,4487,096e8b2f2349d3dea40d3c0756653095f5bd2ebeadca3f88bcf8d6c20c95e563,096e8b2f2349d3dea40d3c0756653095f5bd2ebeadca3f88bcf8d6c20c95e563,True,2
train,434,1526,1981,60a986acad52a84292f5a16a033e0fbe3142a865e1f7e4decaa1c601b7ee0b5c,True,1,4488,4487,60a986acad52a84292f5a16a033e0fbe3142a865e1f7e4decaa1c601b7ee0b5c,60a986acad52a84292f5a16a033e0fbe3142a865e1f7e4decaa1c601b7ee0b5c,True,2
train,435,1535,2155,0b77d9b59c1f5cacffb9d64f9ea9245392b3aede4ed7ef786928956a2ed89919,True,1,4488,4487,0b77d9b59c1f5cacffb9d64f9ea9245392b3aede4ed7ef786928956a2ed89919,0b77d9b59c1f5cacffb9d64f9ea9245392b3aede4ed7ef786928956a2ed89919,True,2
train,436,1536,2580,31e52a32ec327f5b55cee00c03d2da291498a33676f7b69eb3a5f8b169f892fd,True,1,4488,4487,31e52a32ec327f5b55cee00c03d2da291498a33676f7b69eb3a5f8b169f892fd,31e52a32ec327f5b55cee00c03d2da291498a33676f7b69eb3a5f8b169f892fd,True,2
train,437,1542,1936,cd21043893dc7ba24e6671f21a245a3953c1b758df0a214034c2ba2bfee7e671,True,1,4488,4487,cd21043893dc7ba24e6671f21a245a3953c1b758df0a214034c2ba2bfee7e671,cd21043893dc7ba24e6671f21a245a3953c1b758df0a214034c2ba2bfee7e671,True,2
train,438,1554,2686,535a890c44c5f4b8382249cee67795ada42245d49bbf5906024405486c4a7e3b,True,1,4488,4487,535a890c44c5f4b8382249cee67795ada42245d49bbf5906024405486c4a7e3b,535a890c44c5f4b8382249cee67795ada42245d49bbf5906024405486c4a7e3b,True,2
train,439,1558,1986,e101760b6be15b80a35fae2d67c63125e9a326b402b55120c1559ed28841a48e,True,1,4488,4487,e101760b6be15b80a35fae2d67c63125e9a326b402b55120c1559ed28841a48e,e101760b6be15b80a35fae2d67c63125e9a326b402b55120c1559ed28841a48e,True,2
train,440,1558,2340,30322061fa672e22bb4ef5f108e8255ead8d4a9a244df2bc20a6f1b82ad86ba3,True,1,4488,4487,30322061fa672e22bb4ef5f108e8255ead8d4a9a244df2bc20a6f1b82ad86ba3,30322061fa672e22bb4ef5f108e8255ead8d4a9a244df2bc20a6f1b82ad86ba3,True,2
train,441,1562,1765,6d86768d1453e290bcda05c12fd5c3d07b400fe9afc644f79817aba605bf89a5,True,1,4488,4487,6d86768d1453e290bcda05c12fd5c3d07b400fe9afc644f79817aba605bf89a5,6d86768d1453e290bcda05c12fd5c3d07b400fe9afc644f79817aba605bf89a5,True,2
train,442,1566,1732,726c5f6ccabdbfa5e95fdcb009f672a2d8ed57f1b2fd272a3875013e680ff20a,True,1,4488,4487,726c5f6ccabdbfa5e95fdcb009f672a2d8ed57f1b2fd272a3875013e680ff20a,726c5f6ccabdbfa5e95fdcb009f672a2d8ed57f1b2fd272a3875013e680ff20a,True,2
train,443,1567,2500,5e35f9cdb9930dafb55966971da5344faec758da5ca850cd48993508d1b6859d,True,1,4488,4487,5e35f9cdb9930dafb55966971da5344faec758da5ca850cd48993508d1b6859d,5e35f9cdb9930dafb55966971da5344faec758da5ca850cd48993508d1b6859d,True,2
train,444,1584,1798,06664ed551f8481f1ea8e5b03911b5399e59c2763db4df22a29c465edf9a4715,True,1,4488,4487,06664ed551f8481f1ea8e5b03911b5399e59c2763db4df22a29c465edf9a4715,06664ed551f8481f1ea8e5b03911b5399e59c2763db4df22a29c465edf9a4715,True,2
train,445,1587,2154,ed4893ecaebc9c63657b79e1cceaceab74b8b3be07ad2d3c8d1344bb462cc215,True,1,4488,4487,ed4893ecaebc9c63657b79e1cceaceab74b8b3be07ad2d3c8d1344bb462cc215,ed4893ecaebc9c63657b79e1cceaceab74b8b3be07ad2d3c8d1344bb462cc215,True,2
train,446,1602,2072,200132f805b57b9bebbb356da36ccb8c8114c44b613633f56a095883d2b3a3bc,True,1,4488,4487,200132f805b57b9bebbb356da36ccb8c8114c44b613633f56a095883d2b3a3bc,200132f805b57b9bebbb356da36ccb8c8114c44b613633f56a095883d2b3a3bc,True,2
train,447,1605,2663,dd3067ec50c19c93a63cd48a71db3de4059b185b1c7e43963d344a19569444a5,True,1,4488,4487,dd3067ec50c19c93a63cd48a71db3de4059b185b1c7e43963d344a19569444a5,dd3067ec50c19c93a63cd48a71db3de4059b185b1c7e43963d344a19569444a5,True,2
train,448,1615,1665,ded348a364b46609670bfd647de71c4889cb0ddab83bebaf819cf4d84352bd82,True,1,4488,4487,ded348a364b46609670bfd647de71c4889cb0ddab83bebaf819cf4d84352bd82,ded348a364b46609670bfd647de71c4889cb0ddab83bebaf819cf4d84352bd82,True,2
train,449,1623,1782,6a897154db418e8dcfeca6d77ddbff4dac48988783b0f4f7b9ed1f7c99888eb5,True,1,4488,4487,6a897154db418e8dcfeca6d77ddbff4dac48988783b0f4f7b9ed1f7c99888eb5,6a897154db418e8dcfeca6d77ddbff4dac48988783b0f4f7b9ed1f7c99888eb5,True,2
train,450,1624,1778,c45cb84fdd548db9a46aa3f51665eda9e9b490cf58c57b69feb2a84012aeb938,True,1,4488,4487,c45cb84fdd548db9a46aa3f51665eda9e9b490cf58c57b69feb2a84012aeb938,c45cb84fdd548db9a46aa3f51665eda9e9b490cf58c57b69feb2a84012aeb938,True,2
train,451,1624,1780,dfc294bab20537b66661646eb635336728f9ebf1a698bf709d58c6cfa201f319,True,1,4488,4487,dfc294bab20537b66661646eb635336728f9ebf1a698bf709d58c6cfa201f319,dfc294bab20537b66661646eb635336728f9ebf1a698bf709d58c6cfa201f319,True,2
train,452,1624,1785,de68cf9efb4ef22a9f3af039527c1499747a42ec4907a80690a4e923a6182312,True,1,4488,4487,de68cf9efb4ef22a9f3af039527c1499747a42ec4907a80690a4e923a6182312,de68cf9efb4ef22a9f3af039527c1499747a42ec4907a80690a4e923a6182312,True,2
train,453,1642,2658,89e2b38c741b82e49cc2795a8fc08f0fce4a3f6b8460aba1543d491fa0083558,True,1,4488,4487,89e2b38c741b82e49cc2795a8fc08f0fce4a3f6b8460aba1543d491fa0083558,89e2b38c741b82e49cc2795a8fc08f0fce4a3f6b8460aba1543d491fa0083558,True,2
train,454,1652,1848,1cffd65f03d7c4b247abf69db25ca8817b672b711b252c90c16eea56c8640e1b,True,1,4488,4487,1cffd65f03d7c4b247abf69db25ca8817b672b711b252c90c16eea56c8640e1b,1cffd65f03d7c4b247abf69db25ca8817b672b711b252c90c16eea56c8640e1b,True,2
train,455,1662,2381,478c2432d144e370b0e99d1b5b0ad0779180b10f2697f08626dedf3990744027,True,1,4488,4487,478c2432d144e370b0e99d1b5b0ad0779180b10f2697f08626dedf3990744027,478c2432d144e370b0e99d1b5b0ad0779180b10f2697f08626dedf3990744027,True,2
train,456,1671,2136,10ed707f4418a991cfef363dbf61ede00493ea4ad7a6a9b4270ce4a26ca79887,True,1,4488,4487,10ed707f4418a991cfef363dbf61ede00493ea4ad7a6a9b4270ce4a26ca79887,10ed707f4418a991cfef363dbf61ede00493ea4ad7a6a9b4270ce4a26ca79887,True,2
train,457,1673,2660,104b907dbab59489bfeaede2feb536954daf7e3659a81a72f680691ca9e273ce,True,1,4488,4487,104b907dbab59489bfeaede2feb536954daf7e3659a81a72f680691ca9e273ce,104b907dbab59489bfeaede2feb536954daf7e3659a81a72f680691ca9e273ce,True,2
train,458,1681,2319,455ea5376d20ec680724c7379afbd7c9aba40a37506217b5738949e00a25af4f,True,1,4488,4487,455ea5376d20ec680724c7379afbd7c9aba40a37506217b5738949e00a25af4f,455ea5376d20ec680724c7379afbd7c9aba40a37506217b5738949e00a25af4f,True,2
train,459,1692,2347,2cc531688e2ed7cb6dbc90d53ed829d16eed4772b9b0a84d2e718ae7f4a77555,True,1,4488,4487,2cc531688e2ed7cb6dbc90d53ed829d16eed4772b9b0a84d2e718ae7f4a77555,2cc531688e2ed7cb6dbc90d53ed829d16eed4772b9b0a84d2e718ae7f4a77555,True,2
train,460,1701,1860,2ca3044ddc957be682df085ad77da545e4d5f2ea5a2f0d26f31fdd60a374e500,True,1,4488,4487,2ca3044ddc957be682df085ad77da545e4d5f2ea5a2f0d26f31fdd60a374e500,2ca3044ddc957be682df085ad77da545e4d5f2ea5a2f0d26f31fdd60a374e500,True,2
train,461,1701,1862,be616c1253552ea5356715924f8736fd6d43133629788aa9585356c413888ba8,True,1,4488,4487,be616c1253552ea5356715924f8736fd6d43133629788aa9585356c413888ba8,be616c1253552ea5356715924f8736fd6d43133629788aa9585356c413888ba8,True,2
train,462,1701,1875,34f97e092d87a651cd23fb004ad552787fc86a69000de3e6b2f7b53bff1f3b80,True,1,4488,4487,34f97e092d87a651cd23fb004ad552787fc86a69000de3e6b2f7b53bff1f3b80,34f97e092d87a651cd23fb004ad552787fc86a69000de3e6b2f7b53bff1f3b80,True,2
train,463,1703,1970,6ffba1a81d9330058e08c3dd0c65e5d924fec8a84fdd180fe6ae062fec150aaa,True,1,4488,4487,6ffba1a81d9330058e08c3dd0c65e5d924fec8a84fdd180fe6ae062fec150aaa,6ffba1a81d9330058e08c3dd0c65e5d924fec8a84fdd180fe6ae062fec150aaa,True,2
train,464,1706,2585,f339c3d4671587a6f4d3f7f0b711fb42afa274ca3c041a738b8c8ecaa217c765,True,1,4488,4487,f339c3d4671587a6f4d3f7f0b711fb42afa274ca3c041a738b8c8ecaa217c765,f339c3d4671587a6f4d3f7f0b711fb42afa274ca3c041a738b8c8ecaa217c765,True,2
train,465,1728,2599,9ee8fbd5cc257254d382ae84e40277701e9fb7ce5fc0169d9153d8648cb338be,True,1,4488,4487,9ee8fbd5cc257254d382ae84e40277701e9fb7ce5fc0169d9153d8648cb338be,9ee8fbd5cc257254d382ae84e40277701e9fb7ce5fc0169d9153d8648cb338be,True,2
train,466,1738,2365,695a6fe09de08cef1e5a4d6c36ec8537aeb048d25de9f335d5140259b38b9ab6,True,1,4488,4487,695a6fe09de08cef1e5a4d6c36ec8537aeb048d25de9f335d5140259b38b9ab6,695a6fe09de08cef1e5a4d6c36ec8537aeb048d25de9f335d5140259b38b9ab6,True,2
train,467,1740,2392,5104c8257ced90dbd44cec7f2d1da6b9216114e4e68fa106e2760fd9c87fcdd1,True,1,4488,4487,5104c8257ced90dbd44cec7f2d1da6b9216114e4e68fa106e2760fd9c87fcdd1,5104c8257ced90dbd44cec7f2d1da6b9216114e4e68fa106e2760fd9c87fcdd1,True,2
train,468,1742,1749,bf8d0e93fc6eb867222c3b3237e5c397b32c80c5e4f12ed5201cc17adcd79515,True,1,4488,4487,bf8d0e93fc6eb867222c3b3237e5c397b32c80c5e4f12ed5201cc17adcd79515,bf8d0e93fc6eb867222c3b3237e5c397b32c80c5e4f12ed5201cc17adcd79515,True,2
train,469,1765,2492,53bf84a3201d7d471737b22eb350d0995dc7dddbdf048274afe3b00c8cb2d308,True,1,4488,4487,53bf84a3201d7d471737b22eb350d0995dc7dddbdf048274afe3b00c8cb2d308,53bf84a3201d7d471737b22eb350d0995dc7dddbdf048274afe3b00c8cb2d308,True,2
train,470,1778,2327,3c8c6fe0386feb4efe9e52d31709e27b221e58902039cfcce140b1438659eb62,True,1,4488,4487,3c8c6fe0386feb4efe9e52d31709e27b221e58902039cfcce140b1438659eb62,3c8c6fe0386feb4efe9e52d31709e27b221e58902039cfcce140b1438659eb62,True,2
train,471,1779,2318,d44de6d804d66d9d3679bcbd8174510185efdf9a1970e9931dfbd3f419c4f79f,True,1,4488,4487,d44de6d804d66d9d3679bcbd8174510185efdf9a1970e9931dfbd3f419c4f79f,d44de6d804d66d9d3679bcbd8174510185efdf9a1970e9931dfbd3f419c4f79f,True,2
train,472,1787,2143,5393d609de4fccd6bdc38ec5783ad35c68f543e85ddc4848f6d06e2a292e2dbb,True,1,4488,4487,5393d609de4fccd6bdc38ec5783ad35c68f543e85ddc4848f6d06e2a292e2dbb,5393d609de4fccd6bdc38ec5783ad35c68f543e85ddc4848f6d06e2a292e2dbb,True,2
train,473,1810,1819,8ce30b6620049359f8c33af905193001be1e8e3bb34254d9298cc31a3cfd85ad,True,1,4488,4487,8ce30b6620049359f8c33af905193001be1e8e3bb34254d9298cc31a3cfd85ad,8ce30b6620049359f8c33af905193001be1e8e3bb34254d9298cc31a3cfd85ad,True,2
train,474,1810,1823,20508a58e0548deebcb2c2b29102e98167abd3a28d8c9f22e2968d04ef47ad55,True,1,4488,4487,20508a58e0548deebcb2c2b29102e98167abd3a28d8c9f22e2968d04ef47ad55,20508a58e0548deebcb2c2b29102e98167abd3a28d8c9f22e2968d04ef47ad55,True,2
train,475,1833,1834,518dc6cb95caceaf83be532e03fded00927aec863f2db0c72bf9b16b42955404,True,1,4488,4487,518dc6cb95caceaf83be532e03fded00927aec863f2db0c72bf9b16b42955404,518dc6cb95caceaf83be532e03fded00927aec863f2db0c72bf9b16b42955404,True,2
train,476,1842,1979,2c3dab2c28eb0bde59eb9c3cc7f274e13a56c69082b5ca7cb49d647aab16e802,True,1,4488,4487,2c3dab2c28eb0bde59eb9c3cc7f274e13a56c69082b5ca7cb49d647aab16e802,2c3dab2c28eb0bde59eb9c3cc7f274e13a56c69082b5ca7cb49d647aab16e802,True,2
train,477,1881,1958,cef406b5468f0bed603a8f5a7907af947fc8799af0df9065060cef938b889b37,True,1,4488,4487,cef406b5468f0bed603a8f5a7907af947fc8799af0df9065060cef938b889b37,cef406b5468f0bed603a8f5a7907af947fc8799af0df9065060cef938b889b37,True,2
train,478,1887,1888,6f1dfede7e957a51da600adef1f542638d182279b60929c2e82a603d6ace7575,True,1,4488,4487,6f1dfede7e957a51da600adef1f542638d182279b60929c2e82a603d6ace7575,6f1dfede7e957a51da600adef1f542638d182279b60929c2e82a603d6ace7575,True,2
train,479,1902,1903,43c70475efc117b29651a878ff68af9979756ea60a65e0813d3bd84838c5d11c,True,1,4488,4487,43c70475efc117b29651a878ff68af9979756ea60a65e0813d3bd84838c5d11c,43c70475efc117b29651a878ff68af9979756ea60a65e0813d3bd84838c5d11c,True,2
train,480,1912,2404,f9db4727768a3b16bcdc26a55089cc6f531fa551cea2cf4792f6b794cf4fe00f,True,1,4488,4487,f9db4727768a3b16bcdc26a55089cc6f531fa551cea2cf4792f6b794cf4fe00f,f9db4727768a3b16bcdc26a55089cc6f531fa551cea2cf4792f6b794cf4fe00f,True,2
train,481,1914,1918,e47d2246ce63b5817776c19d01c70ddfcc59daa2f275d66c2743d5a4304e66ff,True,1,4488,4487,e47d2246ce63b5817776c19d01c70ddfcc59daa2f275d66c2743d5a4304e66ff,e47d2246ce63b5817776c19d01c70ddfcc59daa2f275d66c2743d5a4304e66ff,True,2
train,482,1924,1927,8633c1548df8038efef900125e7f5620ff99a772a4eaf77c84e5d08ba9c9e5e7,True,1,4488,4487,8633c1548df8038efef900125e7f5620ff99a772a4eaf77c84e5d08ba9c9e5e7,8633c1548df8038efef900125e7f5620ff99a772a4eaf77c84e5d08ba9c9e5e7,True,2
train,483,1926,2189,d32c786ae76b5c2017425eb18ba89894b3cba187566c3974c6ee8566bdd119c0,True,1,4488,4487,d32c786ae76b5c2017425eb18ba89894b3cba187566c3974c6ee8566bdd119c0,d32c786ae76b5c2017425eb18ba89894b3cba187566c3974c6ee8566bdd119c0,True,2
train,484,1928,2317,b82bab0f931f221862f0ccfe27559ae7e24866acbcf13a7786473c89dd537025,True,1,4488,4487,b82bab0f931f221862f0ccfe27559ae7e24866acbcf13a7786473c89dd537025,b82bab0f931f221862f0ccfe27559ae7e24866acbcf13a7786473c89dd537025,True,2
train,485,1944,1946,56c18bb97b0951787d864eb27bc1430c7892a43d0aa715c41b116cb42a7997a2,True,1,4488,4487,56c18bb97b0951787d864eb27bc1430c7892a43d0aa715c41b116cb42a7997a2,56c18bb97b0951787d864eb27bc1430c7892a43d0aa715c41b116cb42a7997a2,True,2
train,486,1947,1950,d5aa2ec58c8d2b357a476a88d4804d09f60487e264e2fd09d26b84059edf9923,True,1,4488,4487,d5aa2ec58c8d2b357a476a88d4804d09f60487e264e2fd09d26b84059edf9923,d5aa2ec58c8d2b357a476a88d4804d09f60487e264e2fd09d26b84059edf9923,True,2
train,487,1966,1971,b1738501bae9bbf12168b5e85ddbce1c554e93f06486399f77d8caeb11b81e1d,True,1,4488,4487,b1738501bae9bbf12168b5e85ddbce1c554e93f06486399f77d8caeb11b81e1d,b1738501bae9bbf12168b5e85ddbce1c554e93f06486399f77d8caeb11b81e1d,True,2
train,488,2001,2380,66164fc0b9d55ba6b0f7012b1026cdbf4548bebed2e74198e2811cd176f0533a,True,1,4488,4487,66164fc0b9d55ba6b0f7012b1026cdbf4548bebed2e74198e2811cd176f0533a,66164fc0b9d55ba6b0f7012b1026cdbf4548bebed2e74198e2811cd176f0533a,True,2
train,489,2022,2190,de95438d649728c83a85809dd197aa022936ac61a737f8bd20576861ec2ad0b7,True,1,4488,4487,de95438d649728c83a85809dd197aa022936ac61a737f8bd20576861ec2ad0b7,de95438d649728c83a85809dd197aa022936ac61a737f8bd20576861ec2ad0b7,True,2
train,490,2025,2027,f8a460d3a8e643fd31a3d81c054c255bf485f4426bfe4a640259a382bfb9b30c,True,1,4488,4487,f8a460d3a8e643fd31a3d81c054c255bf485f4426bfe4a640259a382bfb9b30c,f8a460d3a8e643fd31a3d81c054c255bf485f4426bfe4a640259a382bfb9b30c,True,2
train,491,2034,2040,b882bcbdc8b2ec6960b48f85964d4304bb9901534c1cbf6880eb0795bb85648c,True,1,4488,4487,b882bcbdc8b2ec6960b48f85964d4304bb9901534c1cbf6880eb0795bb85648c,b882bcbdc8b2ec6960b48f85964d4304bb9901534c1cbf6880eb0795bb85648c,True,2
train,492,2056,2311,3cf7e97d197d86b3b6d184484d286b6abea141e13cd17395b047cc42a330413d,True,1,4488,4487,3cf7e97d197d86b3b6d184484d286b6abea141e13cd17395b047cc42a330413d,3cf7e97d197d86b3b6d184484d286b6abea141e13cd17395b047cc42a330413d,True,2
train,493,2069,2070,bcf4ad880d0ef7320fffb49a1bcf5e0d03df918365fbe234636dbaf7a74d4687,True,1,4488,4487,bcf4ad880d0ef7320fffb49a1bcf5e0d03df918365fbe234636dbaf7a74d4687,bcf4ad880d0ef7320fffb49a1bcf5e0d03df918365fbe234636dbaf7a74d4687,True,2
train,494,2074,2277,c7e99bfb23ea3d86873eda8bdf04763273892080a9c5ebd2ed6fed8799cecd45,True,1,4488,4487,c7e99bfb23ea3d86873eda8bdf04763273892080a9c5ebd2ed6fed8799cecd45,c7e99bfb23ea3d86873eda8bdf04763273892080a9c5ebd2ed6fed8799cecd45,True,2
train,495,2127,2130,fbaaf302e737b7c673c09fd2b494d34907b540205188446d65eb8c2da0c600d6,True,1,4488,4487,fbaaf302e737b7c673c09fd2b494d34907b540205188446d65eb8c2da0c600d6,fbaaf302e737b7c673c09fd2b494d34907b540205188446d65eb8c2da0c600d6,True,2
train,496,2144,2145,7a9af8b7d955d621b9c9184a670ab5dd984a8c1ba0b3bf7558a2925331bd6044,True,1,4488,4487,7a9af8b7d955d621b9c9184a670ab5dd984a8c1ba0b3bf7558a2925331bd6044,7a9af8b7d955d621b9c9184a670ab5dd984a8c1ba0b3bf7558a2925331bd6044,True,2
train,497,2157,2159,21c5bc91421c2a9d4709b819afba7dd6197daef3b2f2a623daea3a0cfeba4111,True,1,4488,4487,21c5bc91421c2a9d4709b819afba7dd6197daef3b2f2a623daea3a0cfeba4111,21c5bc91421c2a9d4709b819afba7dd6197daef3b2f2a623daea3a0cfeba4111,True,2
train,498,2168,2169,8e54e0d8275a0fb506b1d7b97bc2f6d635d994bd149e063d04b5d137042f383b,True,1,4488,4487,8e54e0d8275a0fb506b1d7b97bc2f6d635d994bd149e063d04b5d137042f383b,8e54e0d8275a0fb506b1d7b97bc2f6d635d994bd149e063d04b5d137042f383b,True,2
train,499,2170,2171,6a554f5d47df457e7c803e4b05f0548a8da6932d719bb62504f351a525ad265e,True,1,4488,4487,6a554f5d47df457e7c803e4b05f0548a8da6932d719bb62504f351a525ad265e,6a554f5d47df457e7c803e4b05f0548a8da6932d719bb62504f351a525ad265e,True,2
train,500,2173,2174,032d0f110ac38a2fa64fab35258eb76eab63ecec194f37e91ed19a1f6b54c972,True,1,4488,4487,032d0f110ac38a2fa64fab35258eb76eab63ecec194f37e91ed19a1f6b54c972,032d0f110ac38a2fa64fab35258eb76eab63ecec194f37e91ed19a1f6b54c972,True,2
train,501,2177,2371,e4e32fba074d94694465c0950d8765bf0832787fc5f9924ed42266dd16905ba1,True,1,4488,4487,e4e32fba074d94694465c0950d8765bf0832787fc5f9924ed42266dd16905ba1,e4e32fba074d94694465c0950d8765bf0832787fc5f9924ed42266dd16905ba1,True,2
train,502,2193,2194,4eda266afdd647ad6d12256d7f9a7422f48a9e3eb333bb9b263c77a3db3867f0,True,1,4488,4487,4eda266afdd647ad6d12256d7f9a7422f48a9e3eb333bb9b263c77a3db3867f0,4eda266afdd647ad6d12256d7f9a7422f48a9e3eb333bb9b263c77a3db3867f0,True,2
train,503,2199,2200,b7f2040cef3ee92d43d3f06369194e8110ec15a00b04f4f29b104aa2a29bf1f4,True,1,4488,4487,b7f2040cef3ee92d43d3f06369194e8110ec15a00b04f4f29b104aa2a29bf1f4,b7f2040cef3ee92d43d3f06369194e8110ec15a00b04f4f29b104aa2a29bf1f4,True,2
train,504,2231,2292,0db76abec91829102f2993d635b6c0160c80491e1174aef99d627757e0cd4c62,True,1,4488,4487,0db76abec91829102f2993d635b6c0160c80491e1174aef99d627757e0cd4c62,0db76abec91829102f2993d635b6c0160c80491e1174aef99d627757e0cd4c62,True,2
train,505,2233,2291,c38043a805cde709e3eebda928dbb1136682c677496b8103b9fda143c49daf86,True,1,4488,4487,c38043a805cde709e3eebda928dbb1136682c677496b8103b9fda143c49daf86,c38043a805cde709e3eebda928dbb1136682c677496b8103b9fda143c49daf86,True,2
train,506,2236,2237,29040912af256d76e33ccd6ebd5d13abd6345e7c103c7bb64ad55554a159f234,True,1,4488,4487,29040912af256d76e33ccd6ebd5d13abd6345e7c103c7bb64ad55554a159f234,29040912af256d76e33ccd6ebd5d13abd6345e7c103c7bb64ad55554a159f234,True,2
train,507,2279,2466,bbc8b945b701f03daf6bc31cea3efa17618c33e757efe8aeb04c740d30424441,True,1,4488,4487,bbc8b945b701f03daf6bc31cea3efa17618c33e757efe8aeb04c740d30424441,bbc8b945b701f03daf6bc31cea3efa17618c33e757efe8aeb04c740d30424441,True,2
train,508,2336,2524,8c71301afbb8c7fbb7e0cf86849815d2ca1c081ce8e9d8992ab4b979d1652424,True,1,4488,4487,8c71301afbb8c7fbb7e0cf86849815d2ca1c081ce8e9d8992ab4b979d1652424,8c71301afbb8c7fbb7e0cf86849815d2ca1c081ce8e9d8992ab4b979d1652424,True,2
train,509,2410,2411,43ae283a11d5355754ecf793ab4add71203323166124b426e3399b2b56632fa8,True,1,4488,4487,43ae283a11d5355754ecf793ab4add71203323166124b426e3399b2b56632fa8,43ae283a11d5355754ecf793ab4add71203323166124b426e3399b2b56632fa8,True,2
train,510,2670,2679,1ff67b2c57ee3bf05d9570e3adfef6828516519b4a4f4dd4a4c163dd1f0b911a,True,1,4488,4487,1ff67b2c57ee3bf05d9570e3adfef6828516519b4a4f4dd4a4c163dd1f0b911a,1ff67b2c57ee3bf05d9570e3adfef6828516519b4a4f4dd4a4c163dd1f0b911a,True,2
train,511,2671,2674,b29fd5af557994d6bea40b41d75812be6bd14df878cf1b0ef8de3b604008bc1c,True,1,4488,4487,b29fd5af557994d6bea40b41d75812be6bd14df878cf1b0ef8de3b604008bc1c,b29fd5af557994d6bea40b41d75812be6bd14df878cf1b0ef8de3b604008bc1c,True,2
valid,0,1151,2700,cf8bee4faf9f1e67678d45b7cd8c350d04e95baeead6b79c4cff607556fb7129,False,0,4488,4488,cf8bee4faf9f1e67678d45b7cd8c350d04e95baeead6b79c4cff607556fb7129,cf8bee4faf9f1e67678d45b7cd8c350d04e95baeead6b79c4cff607556fb7129,True,2
valid,1,438,1667,cf8bee4faf9f1e67678d45b7cd8c350d04e95baeead6b79c4cff607556fb7129,False,0,4488,4488,cf8bee4faf9f1e67678d45b7cd8c350d04e95baeead6b79c4cff607556fb7129,cf8bee4faf9f1e67678d45b7cd8c350d04e95baeead6b79c4cff607556fb7129,True,2
valid,2,357,2652,cf8bee4faf9f1e67678d45b7cd8c350d04e95baeead6b79c4cff607556fb7129,False,0,4488,4488,cf8bee4faf9f1e67678d45b7cd8c350d04e95baeead6b79c4cff607556fb7129,cf8bee4faf9f1e67678d45b7cd8c350d04e95baeead6b79c4cff607556fb7129,True,2
valid,3,734,1388,cf8bee4faf9f1e67678d45b7cd8c350d04e95baeead6b79c4cff607556fb7129,False,0,4488,4488,cf8bee4faf9f1e67678d45b7cd8c350d04e95baeead6b79c4cff607556fb7129,cf8bee4faf9f1e67678d45b7cd8c350d04e95baeead6b79c4cff607556fb7129,True,2
valid,4,997,1837,cf8bee4faf9f1e67678d45b7cd8c350d04e95baeead6b79c4cff607556fb7129,False,0,4488,4488,cf8bee4faf9f1e67678d45b7cd8c350d04e95baeead6b79c4cff607556fb7129,cf8bee4faf9f1e67678d45b7cd8c350d04e95baeead6b79c4cff607556fb7129,True,2
valid,5,1725,2413,cf8bee4faf9f1e67678d45b7cd8c350d04e95baeead6b79c4cff607556fb7129,False,0,4488,4488,cf8bee4faf9f1e67678d45b7cd8c350d04e95baeead6b79c4cff607556fb7129,cf8bee4faf9f1e67678d45b7cd8c350d04e95baeead6b79c4cff607556fb7129,True,2
valid,6,26,99,cf8bee4faf9f1e67678d45b7cd8c350d04e95baeead6b79c4cff607556fb7129,False,0,4488,4488,cf8bee4faf9f1e67678d45b7cd8c350d04e95baeead6b79c4cff607556fb7129,cf8bee4faf9f1e67678d45b7cd8c350d04e95baeead6b79c4cff607556fb7129,True,2
valid,7,1003,1373,cf8bee4faf9f1e67678d45b7cd8c350d04e95baeead6b79c4cff607556fb7129,False,0,4488,4488,cf8bee4faf9f1e67678d45b7cd8c350d04e95baeead6b79c4cff607556fb7129,cf8bee4faf9f1e67678d45b7cd8c350d04e95baeead6b79c4cff607556fb7129,True,2
valid,8,1041,1466,cf8bee4faf9f1e67678d45b7cd8c350d04e95baeead6b79c4cff607556fb7129,False,0,4488,4488,cf8bee4faf9f1e67678d45b7cd8c350d04e95baeead6b79c4cff607556fb7129,cf8bee4faf9f1e67678d45b7cd8c350d04e95baeead6b79c4cff607556fb7129,True,2
valid,9,374,2146,cf8bee4faf9f1e67678d45b7cd8c350d04e95baeead6b79c4cff607556fb7129,False,0,4488,4488,cf8bee4faf9f1e67678d45b7cd8c350d04e95baeead6b79c4cff607556fb7129,cf8bee4faf9f1e67678d45b7cd8c350d04e95baeead6b79c4cff607556fb7129,True,2
valid,10,534,629,cf8bee4faf9f1e67678d45b7cd8c350d04e95baeead6b79c4cff607556fb7129,False,0,4488,4488,cf8bee4faf9f1e67678d45b7cd8c350d04e95baeead6b79c4cff607556fb7129,cf8bee4faf9f1e67678d45b7cd8c350d04e95baeead6b79c4cff607556fb7129,True,2
valid,11,994,1329,cf8bee4faf9f1e67678d45b7cd8c350d04e95baeead6b79c4cff607556fb7129,False,0,4488,4488,cf8bee4faf9f1e67678d45b7cd8c350d04e95baeead6b79c4cff607556fb7129,cf8bee4faf9f1e67678d45b7cd8c350d04e95baeead6b79c4cff607556fb7129,True,2
valid,12,1196,1367,cf8bee4faf9f1e67678d45b7cd8c350d04e95baeead6b79c4cff607556fb7129,False,0,4488,4488,cf8bee4faf9f1e67678d45b7cd8c350d04e95baeead6b79c4cff607556fb7129,cf8bee4faf9f1e67678d45b7cd8c350d04e95baeead6b79c4cff607556fb7129,True,2
valid,13,444,623,cf8bee4faf9f1e67678d45b7cd8c350d04e95baeead6b79c4cff607556fb7129,False,0,4488,4488,cf8bee4faf9f1e67678d45b7cd8c350d04e95baeead6b79c4cff607556fb7129,cf8bee4faf9f1e67678d45b7cd8c350d04e95baeead6b79c4cff607556fb7129,True,2
valid,14,1792,2485,cf8bee4faf9f1e67678d45b7cd8c350d04e95baeead6b79c4cff607556fb7129,False,0,4488,4488,cf8bee4faf9f1e67678d45b7cd8c350d04e95baeead6b79c4cff607556fb7129,cf8bee4faf9f1e67678d45b7cd8c350d04e95baeead6b79c4cff607556fb7129,True,2
valid,15,1233,2433,cf8bee4faf9f1e67678d45b7cd8c350d04e95baeead6b79c4cff607556fb7129,False,0,4488,4488,cf8bee4faf9f1e67678d45b7cd8c350d04e95baeead6b79c4cff607556fb7129,cf8bee4faf9f1e67678d45b7cd8c350d04e95baeead6b79c4cff607556fb7129,True,2
valid,16,203,1115,cf8bee4faf9f1e67678d45b7cd8c350d04e95baeead6b79c4cff607556fb7129,False,0,4488,4488,cf8bee4faf9f1e67678d45b7cd8c350d04e95baeead6b79c4cff607556fb7129,cf8bee4faf9f1e67678d45b7cd8c350d04e95baeead6b79c4cff607556fb7129,True,2
valid,17,28,1687,cf8bee4faf9f1e67678d45b7cd8c350d04e95baeead6b79c4cff607556fb7129,False,0,4488,4488,cf8bee4faf9f1e67678d45b7cd8c350d04e95baeead6b79c4cff607556fb7129,cf8bee4faf9f1e67678d45b7cd8c350d04e95baeead6b79c4cff607556fb7129,True,2
valid,18,1209,1737,cf8bee4faf9f1e67678d45b7cd8c350d04e95baeead6b79c4cff607556fb7129,False,0,4488,4488,cf8bee4faf9f1e67678d45b7cd8c350d04e95baeead6b79c4cff607556fb7129,cf8bee4faf9f1e67678d45b7cd8c350d04e95baeead6b79c4cff607556fb7129,True,2
valid,19,817,1736,cf8bee4faf9f1e67678d45b7cd8c350d04e95baeead6b79c4cff607556fb7129,False,0,4488,4488,cf8bee4faf9f1e67678d45b7cd8c350d04e95baeead6b79c4cff607556fb7129,cf8bee4faf9f1e67678d45b7cd8c350d04e95baeead6b79c4cff607556fb7129,True,2
valid,20,383,733,cf8bee4faf9f1e67678d45b7cd8c350d04e95baeead6b79c4cff607556fb7129,False,0,4488,4488,cf8bee4faf9f1e67678d45b7cd8c350d04e95baeead6b79c4cff607556fb7129,cf8bee4faf9f1e67678d45b7cd8c350d04e95baeead6b79c4cff607556fb7129,True,2
valid,21,1185,1460,cf8bee4faf9f1e67678d45b7cd8c350d04e95baeead6b79c4cff607556fb7129,False,0,4488,4488,cf8bee4faf9f1e67678d45b7cd8c350d04e95baeead6b79c4cff607556fb7129,cf8bee4faf9f1e67678d45b7cd8c350d04e95baeead6b79c4cff607556fb7129,True,2
valid,22,48,2205,cf8bee4faf9f1e67678d45b7cd8c350d04e95baeead6b79c4cff607556fb7129,False,0,4488,4488,cf8bee4faf9f1e67678d45b7cd8c350d04e95baeead6b79c4cff607556fb7129,cf8bee4faf9f1e67678d45b7cd8c350d04e95baeead6b79c4cff607556fb7129,True,2
valid,23,251,812,cf8bee4faf9f1e67678d45b7cd8c350d04e95baeead6b79c4cff607556fb7129,False,0,4488,4488,cf8bee4faf9f1e67678d45b7cd8c350d04e95baeead6b79c4cff607556fb7129,cf8bee4faf9f1e67678d45b7cd8c350d04e95baeead6b79c4cff607556fb7129,True,2
valid,24,2130,2249,cf8bee4faf9f1e67678d45b7cd8c350d04e95baeead6b79c4cff607556fb7129,False,0,4488,4488,cf8bee4faf9f1e67678d45b7cd8c350d04e95baeead6b79c4cff607556fb7129,cf8bee4faf9f1e67678d45b7cd8c350d04e95baeead6b79c4cff607556fb7129,True,2
valid,25,1376,2232,cf8bee4faf9f1e67678d45b7cd8c350d04e95baeead6b79c4cff607556fb7129,False,0,4488,4488,cf8bee4faf9f1e67678d45b7cd8c350d04e95baeead6b79c4cff607556fb7129,cf8bee4faf9f1e67678d45b7cd8c350d04e95baeead6b79c4cff607556fb7129,True,2
valid,26,788,1952,cf8bee4faf9f1e67678d45b7cd8c350d04e95baeead6b79c4cff607556fb7129,False,0,4488,4488,cf8bee4faf9f1e67678d45b7cd8c350d04e95baeead6b79c4cff607556fb7129,cf8bee4faf9f1e67678d45b7cd8c350d04e95baeead6b79c4cff607556fb7129,True,2
valid,27,519,1670,cf8bee4faf9f1e67678d45b7cd8c350d04e95baeead6b79c4cff607556fb7129,False,0,4488,4488,cf8bee4faf9f1e67678d45b7cd8c350d04e95baeead6b79c4cff607556fb7129,cf8bee4faf9f1e67678d45b7cd8c350d04e95baeead6b79c4cff607556fb7129,True,2
valid,28,2618,2619,cf8bee4faf9f1e67678d45b7cd8c350d04e95baeead6b79c4cff607556fb7129,False,0,4488,4488,cf8bee4faf9f1e67678d45b7cd8c350d04e95baeead6b79c4cff607556fb7129,cf8bee4faf9f1e67678d45b7cd8c350d04e95baeead6b79c4cff607556fb7129,True,2
valid,29,440,1296,cf8bee4faf9f1e67678d45b7cd8c350d04e95baeead6b79c4cff607556fb7129,False,0,4488,4488,cf8bee4faf9f1e67678d45b7cd8c350d04e95baeead6b79c4cff607556fb7129,cf8bee4faf9f1e67678d45b7cd8c350d04e95baeead6b79c4cff607556fb7129,True,2
valid,30,378,602,cf8bee4faf9f1e67678d45b7cd8c350d04e95baeead6b79c4cff607556fb7129,False,0,4488,4488,cf8bee4faf9f1e67678d45b7cd8c350d04e95baeead6b79c4cff607556fb7129,cf8bee4faf9f1e67678d45b7cd8c350d04e95baeead6b79c4cff607556fb7129,True,2
valid,31,1952,2205,cf8bee4faf9f1e67678d45b7cd8c350d04e95baeead6b79c4cff607556fb7129,False,0,4488,4488,cf8bee4faf9f1e67678d45b7cd8c350d04e95baeead6b79c4cff607556fb7129,cf8bee4faf9f1e67678d45b7cd8c350d04e95baeead6b79c4cff607556fb7129,True,2
valid,32,793,2592,cf8bee4faf9f1e67678d45b7cd8c350d04e95baeead6b79c4cff607556fb7129,False,0,4488,4488,cf8bee4faf9f1e67678d45b7cd8c350d04e95baeead6b79c4cff607556fb7129,cf8bee4faf9f1e67678d45b7cd8c350d04e95baeead6b79c4cff607556fb7129,True,2
valid,33,661,830,cf8bee4faf9f1e67678d45b7cd8c350d04e95baeead6b79c4cff607556fb7129,False,0,4488,4488,cf8bee4faf9f1e67678d45b7cd8c350d04e95baeead6b79c4cff607556fb7129,cf8bee4faf9f1e67678d45b7cd8c350d04e95baeead6b79c4cff607556fb7129,True,2
valid,34,895,1913,cf8bee4faf9f1e67678d45b7cd8c350d04e95baeead6b79c4cff607556fb7129,False,0,4488,4488,cf8bee4faf9f1e67678d45b7cd8c350d04e95baeead6b79c4cff607556fb7129,cf8bee4faf9f1e67678d45b7cd8c350d04e95baeead6b79c4cff607556fb7129,True,2
valid,35,1631,2196,cf8bee4faf9f1e67678d45b7cd8c350d04e95baeead6b79c4cff607556fb7129,False,0,4488,4488,cf8bee4faf9f1e67678d45b7cd8c350d04e95baeead6b79c4cff607556fb7129,cf8bee4faf9f1e67678d45b7cd8c350d04e95baeead6b79c4cff607556fb7129,True,2
valid,36,1358,1758,cf8bee4faf9f1e67678d45b7cd8c350d04e95baeead6b79c4cff607556fb7129,False,0,4488,4488,cf8bee4faf9f1e67678d45b7cd8c350d04e95baeead6b79c4cff607556fb7129,cf8bee4faf9f1e67678d45b7cd8c350d04e95baeead6b79c4cff607556fb7129,True,2
valid,37,121,2251,cf8bee4faf9f1e67678d45b7cd8c350d04e95baeead6b79c4cff607556fb7129,False,0,4488,4488,cf8bee4faf9f1e67678d45b7cd8c350d04e95baeead6b79c4cff607556fb7129,cf8bee4faf9f1e67678d45b7cd8c350d04e95baeead6b79c4cff607556fb7129,True,2
valid,38,95,2182,cf8bee4faf9f1e67678d45b7cd8c350d04e95baeead6b79c4cff607556fb7129,False,0,4488,4488,cf8bee4faf9f1e67678d45b7cd8c350d04e95baeead6b79c4cff607556fb7129,cf8bee4faf9f1e67678d45b7cd8c350d04e95baeead6b79c4cff607556fb7129,True,2
valid,39,1229,2440,cf8bee4faf9f1e67678d45b7cd8c350d04e95baeead6b79c4cff607556fb7129,False,0,4488,4488,cf8bee4faf9f1e67678d45b7cd8c350d04e95baeead6b79c4cff607556fb7129,cf8bee4faf9f1e67678d45b7cd8c350d04e95baeead6b79c4cff607556fb7129,True,2
valid,40,201,1986,cf8bee4faf9f1e67678d45b7cd8c350d04e95baeead6b79c4cff607556fb7129,False,0,4488,4488,cf8bee4faf9f1e67678d45b7cd8c350d04e95baeead6b79c4cff607556fb7129,cf8bee4faf9f1e67678d45b7cd8c350d04e95baeead6b79c4cff607556fb7129,True,2
valid,41,88,1741,cf8bee4faf9f1e67678d45b7cd8c350d04e95baeead6b79c4cff607556fb7129,False,0,4488,4488,cf8bee4faf9f1e67678d45b7cd8c350d04e95baeead6b79c4cff607556fb7129,cf8bee4faf9f1e67678d45b7cd8c350d04e95baeead6b79c4cff607556fb7129,True,2
valid,42,279,838,cf8bee4faf9f1e67678d45b7cd8c350d04e95baeead6b79c4cff607556fb7129,False,0,4488,4488,cf8bee4faf9f1e67678d45b7cd8c350d04e95baeead6b79c4cff607556fb7129,cf8bee4faf9f1e67678d45b7cd8c350d04e95baeead6b79c4cff607556fb7129,True,2
valid,43,454,973,cf8bee4faf9f1e67678d45b7cd8c350d04e95baeead6b79c4cff607556fb7129,False,0,4488,4488,cf8bee4faf9f1e67678d45b7cd8c350d04e95baeead6b79c4cff607556fb7129,cf8bee4faf9f1e67678d45b7cd8c350d04e95baeead6b79c4cff607556fb7129,True,2
valid,44,29,2645,cf8bee4faf9f1e67678d45b7cd8c350d04e95baeead6b79c4cff607556fb7129,False,0,4488,4488,cf8bee4faf9f1e67678d45b7cd8c350d04e95baeead6b79c4cff607556fb7129,cf8bee4faf9f1e67678d45b7cd8c350d04e95baeead6b79c4cff607556fb7129,True,2
valid,45,20,2269,cf8bee4faf9f1e67678d45b7cd8c350d04e95baeead6b79c4cff607556fb7129,False,0,4488,4488,cf8bee4faf9f1e67678d45b7cd8c350d04e95baeead6b79c4cff607556fb7129,cf8bee4faf9f1e67678d45b7cd8c350d04e95baeead6b79c4cff607556fb7129,True,2
valid,46,1144,1245,cf8bee4faf9f1e67678d45b7cd8c350d04e95baeead6b79c4cff607556fb7129,False,0,4488,4488,cf8bee4faf9f1e67678d45b7cd8c350d04e95baeead6b79c4cff607556fb7129,cf8bee4faf9f1e67678d45b7cd8c350d04e95baeead6b79c4cff607556fb7129,True,2
valid,47,1986,1997,cf8bee4faf9f1e67678d45b7cd8c350d04e95baeead6b79c4cff607556fb7129,False,0,4488,4488,cf8bee4faf9f1e67678d45b7cd8c350d04e95baeead6b79c4cff607556fb7129,cf8bee4faf9f1e67678d45b7cd8c350d04e95baeead6b79c4cff607556fb7129,True,2
valid,48,1451,2564,cf8bee4faf9f1e67678d45b7cd8c350d04e95baeead6b79c4cff607556fb7129,False,0,4488,4488,cf8bee4faf9f1e67678d45b7cd8c350d04e95baeead6b79c4cff607556fb7129,cf8bee4faf9f1e67678d45b7cd8c350d04e95baeead6b79c4cff607556fb7129,True,2
valid,49,1772,2045,cf8bee4faf9f1e67678d45b7cd8c350d04e95baeead6b79c4cff607556fb7129,False,0,4488,4488,cf8bee4faf9f1e67678d45b7cd8c350d04e95baeead6b79c4cff607556fb7129,cf8bee4faf9f1e67678d45b7cd8c350d04e95baeead6b79c4cff607556fb7129,True,2
valid,50,306,1805,cf8bee4faf9f1e67678d45b7cd8c350d04e95baeead6b79c4cff607556fb7129,False,0,4488,4488,cf8bee4faf9f1e67678d45b7cd8c350d04e95baeead6b79c4cff607556fb7129,cf8bee4faf9f1e67678d45b7cd8c350d04e95baeead6b79c4cff607556fb7129,True,2
valid,51,88,2011,cf8bee4faf9f1e67678d45b7cd8c350d04e95baeead6b79c4cff607556fb7129,False,0,4488,4488,cf8bee4faf9f1e67678d45b7cd8c350d04e95baeead6b79c4cff607556fb7129,cf8bee4faf9f1e67678d45b7cd8c350d04e95baeead6b79c4cff607556fb7129,True,2
valid,52,325,787,cf8bee4faf9f1e67678d45b7cd8c350d04e95baeead6b79c4cff607556fb7129,False,0,4488,4488,cf8bee4faf9f1e67678d45b7cd8c350d04e95baeead6b79c4cff607556fb7129,cf8bee4faf9f1e67678d45b7cd8c350d04e95baeead6b79c4cff607556fb7129,True,2
valid,53,1050,1380,cf8bee4faf9f1e67678d45b7cd8c350d04e95baeead6b79c4cff607556fb7129,False,0,4488,4488,cf8bee4faf9f1e67678d45b7cd8c350d04e95baeead6b79c4cff607556fb7129,cf8bee4faf9f1e67678d45b7cd8c350d04e95baeead6b79c4cff607556fb7129,True,2
valid,54,444,2464,cf8bee4faf9f1e67678d45b7cd8c350d04e95baeead6b79c4cff607556fb7129,False,0,4488,4488,cf8bee4faf9f1e67678d45b7cd8c350d04e95baeead6b79c4cff607556fb7129,cf8bee4faf9f1e67678d45b7cd8c350d04e95baeead6b79c4cff607556fb7129,True,2
valid,55,25,2317,cf8bee4faf9f1e67678d45b7cd8c350d04e95baeead6b79c4cff607556fb7129,False,0,4488,4488,cf8bee4faf9f1e67678d45b7cd8c350d04e95baeead6b79c4cff607556fb7129,cf8bee4faf9f1e67678d45b7cd8c350d04e95baeead6b79c4cff607556fb7129,True,2
valid,56,133,2082,cf8bee4faf9f1e67678d45b7cd8c350d04e95baeead6b79c4cff607556fb7129,False,0,4488,4488,cf8bee4faf9f1e67678d45b7cd8c350d04e95baeead6b79c4cff607556fb7129,cf8bee4faf9f1e67678d45b7cd8c350d04e95baeead6b79c4cff607556fb7129,True,2
valid,57,489,2391,cf8bee4faf9f1e67678d45b7cd8c350d04e95baeead6b79c4cff607556fb7129,False,0,4488,4488,cf8bee4faf9f1e67678d45b7cd8c350d04e95baeead6b79c4cff607556fb7129,cf8bee4faf9f1e67678d45b7cd8c350d04e95baeead6b79c4cff607556fb7129,True,2
valid,58,1107,2243,cf8bee4faf9f1e67678d45b7cd8c350d04e95baeead6b79c4cff607556fb7129,False,0,4488,4488,cf8bee4faf9f1e67678d45b7cd8c350d04e95baeead6b79c4cff607556fb7129,cf8bee4faf9f1e67678d45b7cd8c350d04e95baeead6b79c4cff607556fb7129,True,2
valid,59,306,1640,cf8bee4faf9f1e67678d45b7cd8c350d04e95baeead6b79c4cff607556fb7129,False,0,4488,4488,cf8bee4faf9f1e67678d45b7cd8c350d04e95baeead6b79c4cff607556fb7129,cf8bee4faf9f1e67678d45b7cd8c350d04e95baeead6b79c4cff607556fb7129,True,2
valid,60,2114,2519,cf8bee4faf9f1e67678d45b7cd8c350d04e95baeead6b79c4cff607556fb7129,False,0,4488,4488,cf8bee4faf9f1e67678d45b7cd8c350d04e95baeead6b79c4cff607556fb7129,cf8bee4faf9f1e67678d45b7cd8c350d04e95baeead6b79c4cff607556fb7129,True,2
valid,61,1427,1742,cf8bee4faf9f1e67678d45b7cd8c350d04e95baeead6b79c4cff607556fb7129,False,0,4488,4488,cf8bee4faf9f1e67678d45b7cd8c350d04e95baeead6b79c4cff607556fb7129,cf8bee4faf9f1e67678d45b7cd8c350d04e95baeead6b79c4cff607556fb7129,True,2
valid,62,1497,2034,cf8bee4faf9f1e67678d45b7cd8c350d04e95baeead6b79c4cff607556fb7129,False,0,4488,4488,cf8bee4faf9f1e67678d45b7cd8c350d04e95baeead6b79c4cff607556fb7129,cf8bee4faf9f1e67678d45b7cd8c350d04e95baeead6b79c4cff607556fb7129,True,2
valid,63,1330,1837,cf8bee4faf9f1e67678d45b7cd8c350d04e95baeead6b79c4cff607556fb7129,False,0,4488,4488,cf8bee4faf9f1e67678d45b7cd8c350d04e95baeead6b79c4cff607556fb7129,cf8bee4faf9f1e67678d45b7cd8c350d04e95baeead6b79c4cff607556fb7129,True,2
valid,64,18,1786,cf8bee4faf9f1e67678d45b7cd8c350d04e95baeead6b79c4cff607556fb7129,False,0,4488,4488,cf8bee4faf9f1e67678d45b7cd8c350d04e95baeead6b79c4cff607556fb7129,cf8bee4faf9f1e67678d45b7cd8c350d04e95baeead6b79c4cff607556fb7129,True,2
valid,65,1009,2096,cf8bee4faf9f1e67678d45b7cd8c350d04e95baeead6b79c4cff607556fb7129,False,0,4488,4488,cf8bee4faf9f1e67678d45b7cd8c350d04e95baeead6b79c4cff607556fb7129,cf8bee4faf9f1e67678d45b7cd8c350d04e95baeead6b79c4cff607556fb7129,True,2
valid,66,766,845,cf8bee4faf9f1e67678d45b7cd8c350d04e95baeead6b79c4cff607556fb7129,False,0,4488,4488,cf8bee4faf9f1e67678d45b7cd8c350d04e95baeead6b79c4cff607556fb7129,cf8bee4faf9f1e67678d45b7cd8c350d04e95baeead6b79c4cff607556fb7129,True,2
valid,67,2335,2336,cf8bee4faf9f1e67678d45b7cd8c350d04e95baeead6b79c4cff607556fb7129,False,0,4488,4488,cf8bee4faf9f1e67678d45b7cd8c350d04e95baeead6b79c4cff607556fb7129,cf8bee4faf9f1e67678d45b7cd8c350d04e95baeead6b79c4cff607556fb7129,True,2
valid,68,616,1358,cf8bee4faf9f1e67678d45b7cd8c350d04e95baeead6b79c4cff607556fb7129,False,0,4488,4488,cf8bee4faf9f1e67678d45b7cd8c350d04e95baeead6b79c4cff607556fb7129,cf8bee4faf9f1e67678d45b7cd8c350d04e95baeead6b79c4cff607556fb7129,True,2
valid,69,182,997,cf8bee4faf9f1e67678d45b7cd8c350d04e95baeead6b79c4cff607556fb7129,False,0,4488,4488,cf8bee4faf9f1e67678d45b7cd8c350d04e95baeead6b79c4cff607556fb7129,cf8bee4faf9f1e67678d45b7cd8c350d04e95baeead6b79c4cff607556fb7129,True,2
valid,70,1242,2148,cf8bee4faf9f1e67678d45b7cd8c350d04e95baeead6b79c4cff607556fb7129,False,0,4488,4488,cf8bee4faf9f1e67678d45b7cd8c350d04e95baeead6b79c4cff607556fb7129,cf8bee4faf9f1e67678d45b7cd8c350d04e95baeead6b79c4cff607556fb7129,True,2
valid,71,441,1455,cf8bee4faf9f1e67678d45b7cd8c350d04e95baeead6b79c4cff607556fb7129,False,0,4488,4488,cf8bee4faf9f1e67678d45b7cd8c350d04e95baeead6b79c4cff607556fb7129,cf8bee4faf9f1e67678d45b7cd8c350d04e95baeead6b79c4cff607556fb7129,True,2
valid,72,1456,1457,cf8bee4faf9f1e67678d45b7cd8c350d04e95baeead6b79c4cff607556fb7129,False,0,4488,4488,cf8bee4faf9f1e67678d45b7cd8c350d04e95baeead6b79c4cff607556fb7129,cf8bee4faf9f1e67678d45b7cd8c350d04e95baeead6b79c4cff607556fb7129,True,2
valid,73,1519,2335,cf8bee4faf9f1e67678d45b7cd8c350d04e95baeead6b79c4cff607556fb7129,False,0,4488,4488,cf8bee4faf9f1e67678d45b7cd8c350d04e95baeead6b79c4cff607556fb7129,cf8bee4faf9f1e67678d45b7cd8c350d04e95baeead6b79c4cff607556fb7129,True,2
valid,74,1193,1705,cf8bee4faf9f1e67678d45b7cd8c350d04e95baeead6b79c4cff607556fb7129,False,0,4488,4488,cf8bee4faf9f1e67678d45b7cd8c350d04e95baeead6b79c4cff607556fb7129,cf8bee4faf9f1e67678d45b7cd8c350d04e95baeead6b79c4cff607556fb7129,True,2
valid,75,1589,2596,cf8bee4faf9f1e67678d45b7cd8c350d04e95baeead6b79c4cff607556fb7129,False,0,4488,4488,cf8bee4faf9f1e67678d45b7cd8c350d04e95baeead6b79c4cff607556fb7129,cf8bee4faf9f1e67678d45b7cd8c350d04e95baeead6b79c4cff607556fb7129,True,2
valid,76,836,1572,cf8bee4faf9f1e67678d45b7cd8c350d04e95baeead6b79c4cff607556fb7129,False,0,4488,4488,cf8bee4faf9f1e67678d45b7cd8c350d04e95baeead6b79c4cff607556fb7129,cf8bee4faf9f1e67678d45b7cd8c350d04e95baeead6b79c4cff607556fb7129,True,2
valid,77,877,1300,cf8bee4faf9f1e67678d45b7cd8c350d04e95baeead6b79c4cff607556fb7129,False,0,4488,4488,cf8bee4faf9f1e67678d45b7cd8c350d04e95baeead6b79c4cff607556fb7129,cf8bee4faf9f1e67678d45b7cd8c350d04e95baeead6b79c4cff607556fb7129,True,2
valid,78,1317,1719,cf8bee4faf9f1e67678d45b7cd8c350d04e95baeead6b79c4cff607556fb7129,False,0,4488,4488,cf8bee4faf9f1e67678d45b7cd8c350d04e95baeead6b79c4cff607556fb7129,cf8bee4faf9f1e67678d45b7cd8c350d04e95baeead6b79c4cff607556fb7129,True,2
valid,79,1426,1751,cf8bee4faf9f1e67678d45b7cd8c350d04e95baeead6b79c4cff607556fb7129,False,0,4488,4488,cf8bee4faf9f1e67678d45b7cd8c350d04e95baeead6b79c4cff607556fb7129,cf8bee4faf9f1e67678d45b7cd8c350d04e95baeead6b79c4cff607556fb7129,True,2
valid,80,107,541,cf8bee4faf9f1e67678d45b7cd8c350d04e95baeead6b79c4cff607556fb7129,False,0,4488,4488,cf8bee4faf9f1e67678d45b7cd8c350d04e95baeead6b79c4cff607556fb7129,cf8bee4faf9f1e67678d45b7cd8c350d04e95baeead6b79c4cff607556fb7129,True,2
valid,81,191,2385,cf8bee4faf9f1e67678d45b7cd8c350d04e95baeead6b79c4cff607556fb7129,False,0,4488,4488,cf8bee4faf9f1e67678d45b7cd8c350d04e95baeead6b79c4cff607556fb7129,cf8bee4faf9f1e67678d45b7cd8c350d04e95baeead6b79c4cff607556fb7129,True,2
valid,82,1042,2055,cf8bee4faf9f1e67678d45b7cd8c350d04e95baeead6b79c4cff607556fb7129,False,0,4488,4488,cf8bee4faf9f1e67678d45b7cd8c350d04e95baeead6b79c4cff607556fb7129,cf8bee4faf9f1e67678d45b7cd8c350d04e95baeead6b79c4cff607556fb7129,True,2
valid,83,1050,1569,cf8bee4faf9f1e67678d45b7cd8c350d04e95baeead6b79c4cff607556fb7129,False,0,4488,4488,cf8bee4faf9f1e67678d45b7cd8c350d04e95baeead6b79c4cff607556fb7129,cf8bee4faf9f1e67678d45b7cd8c350d04e95baeead6b79c4cff607556fb7129,True,2
valid,84,197,2412,cf8bee4faf9f1e67678d45b7cd8c350d04e95baeead6b79c4cff607556fb7129,False,0,4488,4488,cf8bee4faf9f1e67678d45b7cd8c350d04e95baeead6b79c4cff607556fb7129,cf8bee4faf9f1e67678d45b7cd8c350d04e95baeead6b79c4cff607556fb7129,True,2
valid,85,1051,2122,cf8bee4faf9f1e67678d45b7cd8c350d04e95baeead6b79c4cff607556fb7129,False,0,4488,4488,cf8bee4faf9f1e67678d45b7cd8c350d04e95baeead6b79c4cff607556fb7129,cf8bee4faf9f1e67678d45b7cd8c350d04e95baeead6b79c4cff607556fb7129,True,2
valid,86,306,910,cf8bee4faf9f1e67678d45b7cd8c350d04e95baeead6b79c4cff607556fb7129,False,0,4488,4488,cf8bee4faf9f1e67678d45b7cd8c350d04e95baeead6b79c4cff607556fb7129,cf8bee4faf9f1e67678d45b7cd8c350d04e95baeead6b79c4cff607556fb7129,True,2
valid,87,523,949,cf8bee4faf9f1e67678d45b7cd8c350d04e95baeead6b79c4cff607556fb7129,False,0,4488,4488,cf8bee4faf9f1e67678d45b7cd8c350d04e95baeead6b79c4cff607556fb7129,cf8bee4faf9f1e67678d45b7cd8c350d04e95baeead6b79c4cff607556fb7129,True,2
valid,88,306,1781,cf8bee4faf9f1e67678d45b7cd8c350d04e95baeead6b79c4cff607556fb7129,False,0,4488,4488,cf8bee4faf9f1e67678d45b7cd8c350d04e95baeead6b79c4cff607556fb7129,cf8bee4faf9f1e67678d45b7cd8c350d04e95baeead6b79c4cff607556fb7129,True,2
valid,89,153,236,cf8bee4faf9f1e67678d45b7cd8c350d04e95baeead6b79c4cff607556fb7129,False,0,4488,4488,cf8bee4faf9f1e67678d45b7cd8c350d04e95baeead6b79c4cff607556fb7129,cf8bee4faf9f1e67678d45b7cd8c350d04e95baeead6b79c4cff607556fb7129,True,2
valid,90,442,1051,cf8bee4faf9f1e67678d45b7cd8c350d04e95baeead6b79c4cff607556fb7129,False,0,4488,4488,cf8bee4faf9f1e67678d45b7cd8c350d04e95baeead6b79c4cff607556fb7129,cf8bee4faf9f1e67678d45b7cd8c350d04e95baeead6b79c4cff607556fb7129,True,2
valid,91,903,2031,cf8bee4faf9f1e67678d45b7cd8c350d04e95baeead6b79c4cff607556fb7129,False,0,4488,4488,cf8bee4faf9f1e67678d45b7cd8c350d04e95baeead6b79c4cff607556fb7129,cf8bee4faf9f1e67678d45b7cd8c350d04e95baeead6b79c4cff607556fb7129,True,2
valid,92,30,697,cf8bee4faf9f1e67678d45b7cd8c350d04e95baeead6b79c4cff607556fb7129,False,0,4488,4488,cf8bee4faf9f1e67678d45b7cd8c350d04e95baeead6b79c4cff607556fb7129,cf8bee4faf9f1e67678d45b7cd8c350d04e95baeead6b79c4cff607556fb7129,True,2
valid,93,951,1358,cf8bee4faf9f1e67678d45b7cd8c350d04e95baeead6b79c4cff607556fb7129,False,0,4488,4488,cf8bee4faf9f1e67678d45b7cd8c350d04e95baeead6b79c4cff607556fb7129,cf8bee4faf9f1e67678d45b7cd8c350d04e95baeead6b79c4cff607556fb7129,True,2
valid,94,94,1966,cf8bee4faf9f1e67678d45b7cd8c350d04e95baeead6b79c4cff607556fb7129,False,0,4488,4488,cf8bee4faf9f1e67678d45b7cd8c350d04e95baeead6b79c4cff607556fb7129,cf8bee4faf9f1e67678d45b7cd8c350d04e95baeead6b79c4cff607556fb7129,True,2
valid,95,1064,2351,cf8bee4faf9f1e67678d45b7cd8c350d04e95baeead6b79c4cff607556fb7129,False,0,4488,4488,cf8bee4faf9f1e67678d45b7cd8c350d04e95baeead6b79c4cff607556fb7129,cf8bee4faf9f1e67678d45b7cd8c350d04e95baeead6b79c4cff607556fb7129,True,2
valid,96,687,1358,cf8bee4faf9f1e67678d45b7cd8c350d04e95baeead6b79c4cff607556fb7129,False,0,4488,4488,cf8bee4faf9f1e67678d45b7cd8c350d04e95baeead6b79c4cff607556fb7129,cf8bee4faf9f1e67678d45b7cd8c350d04e95baeead6b79c4cff607556fb7129,True,2
valid,97,565,1723,cf8bee4faf9f1e67678d45b7cd8c350d04e95baeead6b79c4cff607556fb7129,False,0,4488,4488,cf8bee4faf9f1e67678d45b7cd8c350d04e95baeead6b79c4cff607556fb7129,cf8bee4faf9f1e67678d45b7cd8c350d04e95baeead6b79c4cff607556fb7129,True,2
valid,98,907,1916,cf8bee4faf9f1e67678d45b7cd8c350d04e95baeead6b79c4cff607556fb7129,False,0,4488,4488,cf8bee4faf9f1e67678d45b7cd8c350d04e95baeead6b79c4cff607556fb7129,cf8bee4faf9f1e67678d45b7cd8c350d04e95baeead6b79c4cff607556fb7129,True,2
valid,99,389,1743,cf8bee4faf9f1e67678d45b7cd8c350d04e95baeead6b79c4cff607556fb7129,False,0,4488,4488,cf8bee4faf9f1e67678d45b7cd8c350d04e95baeead6b79c4cff607556fb7129,cf8bee4faf9f1e67678d45b7cd8c350d04e95baeead6b79c4cff607556fb7129,True,2
valid,100,407,409,cf8bee4faf9f1e67678d45b7cd8c350d04e95baeead6b79c4cff607556fb7129,False,0,4488,4488,cf8bee4faf9f1e67678d45b7cd8c350d04e95baeead6b79c4cff607556fb7129,cf8bee4faf9f1e67678d45b7cd8c350d04e95baeead6b79c4cff607556fb7129,True,2
valid,101,833,2495,cf8bee4faf9f1e67678d45b7cd8c350d04e95baeead6b79c4cff607556fb7129,False,0,4488,4488,cf8bee4faf9f1e67678d45b7cd8c350d04e95baeead6b79c4cff607556fb7129,cf8bee4faf9f1e67678d45b7cd8c350d04e95baeead6b79c4cff607556fb7129,True,2
valid,102,2124,2125,cf8bee4faf9f1e67678d45b7cd8c350d04e95baeead6b79c4cff607556fb7129,False,0,4488,4488,cf8bee4faf9f1e67678d45b7cd8c350d04e95baeead6b79c4cff607556fb7129,cf8bee4faf9f1e67678d45b7cd8c350d04e95baeead6b79c4cff607556fb7129,True,2
valid,103,2006,2477,cf8bee4faf9f1e67678d45b7cd8c350d04e95baeead6b79c4cff607556fb7129,False,0,4488,4488,cf8bee4faf9f1e67678d45b7cd8c350d04e95baeead6b79c4cff607556fb7129,cf8bee4faf9f1e67678d45b7cd8c350d04e95baeead6b79c4cff607556fb7129,True,2
valid,104,1413,1932,cf8bee4faf9f1e67678d45b7cd8c350d04e95baeead6b79c4cff607556fb7129,False,0,4488,4488,cf8bee4faf9f1e67678d45b7cd8c350d04e95baeead6b79c4cff607556fb7129,cf8bee4faf9f1e67678d45b7cd8c350d04e95baeead6b79c4cff607556fb7129,True,2
valid,105,70,2184,cf8bee4faf9f1e67678d45b7cd8c350d04e95baeead6b79c4cff607556fb7129,False,0,4488,4488,cf8bee4faf9f1e67678d45b7cd8c350d04e95baeead6b79c4cff607556fb7129,cf8bee4faf9f1e67678d45b7cd8c350d04e95baeead6b79c4cff607556fb7129,True,2
valid,106,27,1810,cf8bee4faf9f1e67678d45b7cd8c350d04e95baeead6b79c4cff607556fb7129,False,0,4488,4488,cf8bee4faf9f1e67678d45b7cd8c350d04e95baeead6b79c4cff607556fb7129,cf8bee4faf9f1e67678d45b7cd8c350d04e95baeead6b79c4cff607556fb7129,True,2
valid,107,2103,2385,cf8bee4faf9f1e67678d45b7cd8c350d04e95baeead6b79c4cff607556fb7129,False,0,4488,4488,cf8bee4faf9f1e67678d45b7cd8c350d04e95baeead6b79c4cff607556fb7129,cf8bee4faf9f1e67678d45b7cd8c350d04e95baeead6b79c4cff607556fb7129,True,2
valid,108,898,1836,cf8bee4faf9f1e67678d45b7cd8c350d04e95baeead6b79c4cff607556fb7129,False,0,4488,4488,cf8bee4faf9f1e67678d45b7cd8c350d04e95baeead6b79c4cff607556fb7129,cf8bee4faf9f1e67678d45b7cd8c350d04e95baeead6b79c4cff607556fb7129,True,2
valid,109,1739,1886,cf8bee4faf9f1e67678d45b7cd8c350d04e95baeead6b79c4cff607556fb7129,False,0,4488,4488,cf8bee4faf9f1e67678d45b7cd8c350d04e95baeead6b79c4cff607556fb7129,cf8bee4faf9f1e67678d45b7cd8c350d04e95baeead6b79c4cff607556fb7129,True,2
valid,110,607,1213,cf8bee4faf9f1e67678d45b7cd8c350d04e95baeead6b79c4cff607556fb7129,False,0,4488,4488,cf8bee4faf9f1e67678d45b7cd8c350d04e95baeead6b79c4cff607556fb7129,cf8bee4faf9f1e67678d45b7cd8c350d04e95baeead6b79c4cff607556fb7129,True,2
valid,111,1171,1355,cf8bee4faf9f1e67678d45b7cd8c350d04e95baeead6b79c4cff607556fb7129,False,0,4488,4488,cf8bee4faf9f1e67678d45b7cd8c350d04e95baeead6b79c4cff607556fb7129,cf8bee4faf9f1e67678d45b7cd8c350d04e95baeead6b79c4cff607556fb7129,True,2
valid,112,1226,1956,cf8bee4faf9f1e67678d45b7cd8c350d04e95baeead6b79c4cff607556fb7129,False,0,4488,4488,cf8bee4faf9f1e67678d45b7cd8c350d04e95baeead6b79c4cff607556fb7129,cf8bee4faf9f1e67678d45b7cd8c350d04e95baeead6b79c4cff607556fb7129,True,2
valid,113,1920,2422,cf8bee4faf9f1e67678d45b7cd8c350d04e95baeead6b79c4cff607556fb7129,False,0,4488,4488,cf8bee4faf9f1e67678d45b7cd8c350d04e95baeead6b79c4cff607556fb7129,cf8bee4faf9f1e67678d45b7cd8c350d04e95baeead6b79c4cff607556fb7129,True,2
valid,114,1701,1858,cf8bee4faf9f1e67678d45b7cd8c350d04e95baeead6b79c4cff607556fb7129,False,0,4488,4488,cf8bee4faf9f1e67678d45b7cd8c350d04e95baeead6b79c4cff607556fb7129,cf8bee4faf9f1e67678d45b7cd8c350d04e95baeead6b79c4cff607556fb7129,True,2
valid,115,1033,2168,cf8bee4faf9f1e67678d45b7cd8c350d04e95baeead6b79c4cff607556fb7129,False,0,4488,4488,cf8bee4faf9f1e67678d45b7cd8c350d04e95baeead6b79c4cff607556fb7129,cf8bee4faf9f1e67678d45b7cd8c350d04e95baeead6b79c4cff607556fb7129,True,2
valid,116,1698,2160,cf8bee4faf9f1e67678d45b7cd8c350d04e95baeead6b79c4cff607556fb7129,False,0,4488,4488,cf8bee4faf9f1e67678d45b7cd8c350d04e95baeead6b79c4cff607556fb7129,cf8bee4faf9f1e67678d45b7cd8c350d04e95baeead6b79c4cff607556fb7129,True,2
valid,117,2113,2450,cf8bee4faf9f1e67678d45b7cd8c350d04e95baeead6b79c4cff607556fb7129,False,0,4488,4488,cf8bee4faf9f1e67678d45b7cd8c350d04e95baeead6b79c4cff607556fb7129,cf8bee4faf9f1e67678d45b7cd8c350d04e95baeead6b79c4cff607556fb7129,True,2
valid,118,833,2595,cf8bee4faf9f1e67678d45b7cd8c350d04e95baeead6b79c4cff607556fb7129,False,0,4488,4488,cf8bee4faf9f1e67678d45b7cd8c350d04e95baeead6b79c4cff607556fb7129,cf8bee4faf9f1e67678d45b7cd8c350d04e95baeead6b79c4cff607556fb7129,True,2
valid,119,1687,1721,cf8bee4faf9f1e67678d45b7cd8c350d04e95baeead6b79c4cff607556fb7129,False,0,4488,4488,cf8bee4faf9f1e67678d45b7cd8c350d04e95baeead6b79c4cff607556fb7129,cf8bee4faf9f1e67678d45b7cd8c350d04e95baeead6b79c4cff607556fb7129,True,2
valid,120,23,2159,cf8bee4faf9f1e67678d45b7cd8c350d04e95baeead6b79c4cff607556fb7129,False,0,4488,4488,cf8bee4faf9f1e67678d45b7cd8c350d04e95baeead6b79c4cff607556fb7129,cf8bee4faf9f1e67678d45b7cd8c350d04e95baeead6b79c4cff607556fb7129,True,2
valid,121,394,577,cf8bee4faf9f1e67678d45b7cd8c350d04e95baeead6b79c4cff607556fb7129,False,0,4488,4488,cf8bee4faf9f1e67678d45b7cd8c350d04e95baeead6b79c4cff607556fb7129,cf8bee4faf9f1e67678d45b7cd8c350d04e95baeead6b79c4cff607556fb7129,True,2
valid,122,444,828,cf8bee4faf9f1e67678d45b7cd8c350d04e95baeead6b79c4cff607556fb7129,False,0,4488,4488,cf8bee4faf9f1e67678d45b7cd8c350d04e95baeead6b79c4cff607556fb7129,cf8bee4faf9f1e67678d45b7cd8c350d04e95baeead6b79c4cff607556fb7129,True,2
valid,123,316,1073,cf8bee4faf9f1e67678d45b7cd8c350d04e95baeead6b79c4cff607556fb7129,False,0,4488,4488,cf8bee4faf9f1e67678d45b7cd8c350d04e95baeead6b79c4cff607556fb7129,cf8bee4faf9f1e67678d45b7cd8c350d04e95baeead6b79c4cff607556fb7129,True,2
valid,124,2679,2682,cf8bee4faf9f1e67678d45b7cd8c350d04e95baeead6b79c4cff607556fb7129,False,0,4488,4488,cf8bee4faf9f1e67678d45b7cd8c350d04e95baeead6b79c4cff607556fb7129,cf8bee4faf9f1e67678d45b7cd8c350d04e95baeead6b79c4cff607556fb7129,True,2
valid,125,800,889,cf8bee4faf9f1e67678d45b7cd8c350d04e95baeead6b79c4cff607556fb7129,False,0,4488,4488,cf8bee4faf9f1e67678d45b7cd8c350d04e95baeead6b79c4cff607556fb7129,cf8bee4faf9f1e67678d45b7cd8c350d04e95baeead6b79c4cff607556fb7129,True,2
valid,126,819,1606,cf8bee4faf9f1e67678d45b7cd8c350d04e95baeead6b79c4cff607556fb7129,False,0,4488,4488,cf8bee4faf9f1e67678d45b7cd8c350d04e95baeead6b79c4cff607556fb7129,cf8bee4faf9f1e67678d45b7cd8c350d04e95baeead6b79c4cff607556fb7129,True,2
valid,127,74,1118,cf8bee4faf9f1e67678d45b7cd8c350d04e95baeead6b79c4cff607556fb7129,False,0,4488,4488,cf8bee4faf9f1e67678d45b7cd8c350d04e95baeead6b79c4cff607556fb7129,cf8bee4faf9f1e67678d45b7cd8c350d04e95baeead6b79c4cff607556fb7129,True,2
valid,128,505,1251,cf8bee4faf9f1e67678d45b7cd8c350d04e95baeead6b79c4cff607556fb7129,False,0,4488,4488,cf8bee4faf9f1e67678d45b7cd8c350d04e95baeead6b79c4cff607556fb7129,cf8bee4faf9f1e67678d45b7cd8c350d04e95baeead6b79c4cff607556fb7129,True,2
valid,129,942,1924,cf8bee4faf9f1e67678d45b7cd8c350d04e95baeead6b79c4cff607556fb7129,False,0,4488,4488,cf8bee4faf9f1e67678d45b7cd8c350d04e95baeead6b79c4cff607556fb7129,cf8bee4faf9f1e67678d45b7cd8c350d04e95baeead6b79c4cff607556fb7129,True,2
valid,130,2483,2484,cf8bee4faf9f1e67678d45b7cd8c350d04e95baeead6b79c4cff607556fb7129,False,0,4488,4488,cf8bee4faf9f1e67678d45b7cd8c350d04e95baeead6b79c4cff607556fb7129,cf8bee4faf9f1e67678d45b7cd8c350d04e95baeead6b79c4cff607556fb7129,True,2
valid,131,230,577,cf8bee4faf9f1e67678d45b7cd8c350d04e95baeead6b79c4cff607556fb7129,False,0,4488,4488,cf8bee4faf9f1e67678d45b7cd8c350d04e95baeead6b79c4cff607556fb7129,cf8bee4faf9f1e67678d45b7cd8c350d04e95baeead6b79c4cff607556fb7129,True,2
valid,132,1671,1968,cf8bee4faf9f1e67678d45b7cd8c350d04e95baeead6b79c4cff607556fb7129,False,0,4488,4488,cf8bee4faf9f1e67678d45b7cd8c350d04e95baeead6b79c4cff607556fb7129,cf8bee4faf9f1e67678d45b7cd8c350d04e95baeead6b79c4cff607556fb7129,True,2
valid,133,239,2021,cf8bee4faf9f1e67678d45b7cd8c350d04e95baeead6b79c4cff607556fb7129,False,0,4488,4488,cf8bee4faf9f1e67678d45b7cd8c350d04e95baeead6b79c4cff607556fb7129,cf8bee4faf9f1e67678d45b7cd8c350d04e95baeead6b79c4cff607556fb7129,True,2
valid,134,596,992,cf8bee4faf9f1e67678d45b7cd8c350d04e95baeead6b79c4cff607556fb7129,False,0,4488,4488,cf8bee4faf9f1e67678d45b7cd8c350d04e95baeead6b79c4cff607556fb7129,cf8bee4faf9f1e67678d45b7cd8c350d04e95baeead6b79c4cff607556fb7129,True,2
valid,135,1226,2528,cf8bee4faf9f1e67678d45b7cd8c350d04e95baeead6b79c4cff607556fb7129,False,0,4488,4488,cf8bee4faf9f1e67678d45b7cd8c350d04e95baeead6b79c4cff607556fb7129,cf8bee4faf9f1e67678d45b7cd8c350d04e95baeead6b79c4cff607556fb7129,True,2
valid,136,1013,1625,cf8bee4faf9f1e67678d45b7cd8c350d04e95baeead6b79c4cff607556fb7129,False,0,4488,4488,cf8bee4faf9f1e67678d45b7cd8c350d04e95baeead6b79c4cff607556fb7129,cf8bee4faf9f1e67678d45b7cd8c350d04e95baeead6b79c4cff607556fb7129,True,2
valid,137,912,2130,cf8bee4faf9f1e67678d45b7cd8c350d04e95baeead6b79c4cff607556fb7129,False,0,4488,4488,cf8bee4faf9f1e67678d45b7cd8c350d04e95baeead6b79c4cff607556fb7129,cf8bee4faf9f1e67678d45b7cd8c350d04e95baeead6b79c4cff607556fb7129,True,2
valid,138,399,1769,cf8bee4faf9f1e67678d45b7cd8c350d04e95baeead6b79c4cff607556fb7129,False,0,4488,4488,cf8bee4faf9f1e67678d45b7cd8c350d04e95baeead6b79c4cff607556fb7129,cf8bee4faf9f1e67678d45b7cd8c350d04e95baeead6b79c4cff607556fb7129,True,2
valid,139,704,2450,cf8bee4faf9f1e67678d45b7cd8c350d04e95baeead6b79c4cff607556fb7129,False,0,4488,4488,cf8bee4faf9f1e67678d45b7cd8c350d04e95baeead6b79c4cff607556fb7129,cf8bee4faf9f1e67678d45b7cd8c350d04e95baeead6b79c4cff607556fb7129,True,2
valid,140,1309,2178,cf8bee4faf9f1e67678d45b7cd8c350d04e95baeead6b79c4cff607556fb7129,False,0,4488,4488,cf8bee4faf9f1e67678d45b7cd8c350d04e95baeead6b79c4cff607556fb7129,cf8bee4faf9f1e67678d45b7cd8c350d04e95baeead6b79c4cff607556fb7129,True,2
valid,141,583,2224,cf8bee4faf9f1e67678d45b7cd8c350d04e95baeead6b79c4cff607556fb7129,False,0,4488,4488,cf8bee4faf9f1e67678d45b7cd8c350d04e95baeead6b79c4cff607556fb7129,cf8bee4faf9f1e67678d45b7cd8c350d04e95baeead6b79c4cff607556fb7129,True,2
valid,142,1395,2189,cf8bee4faf9f1e67678d45b7cd8c350d04e95baeead6b79c4cff607556fb7129,False,0,4488,4488,cf8bee4faf9f1e67678d45b7cd8c350d04e95baeead6b79c4cff607556fb7129,cf8bee4faf9f1e67678d45b7cd8c350d04e95baeead6b79c4cff607556fb7129,True,2
valid,143,429,1669,cf8bee4faf9f1e67678d45b7cd8c350d04e95baeead6b79c4cff607556fb7129,False,0,4488,4488,cf8bee4faf9f1e67678d45b7cd8c350d04e95baeead6b79c4cff607556fb7129,cf8bee4faf9f1e67678d45b7cd8c350d04e95baeead6b79c4cff607556fb7129,True,2
valid,144,1184,1190,cf8bee4faf9f1e67678d45b7cd8c350d04e95baeead6b79c4cff607556fb7129,False,0,4488,4488,cf8bee4faf9f1e67678d45b7cd8c350d04e95baeead6b79c4cff607556fb7129,cf8bee4faf9f1e67678d45b7cd8c350d04e95baeead6b79c4cff607556fb7129,True,2
valid,145,778,1224,cf8bee4faf9f1e67678d45b7cd8c350d04e95baeead6b79c4cff607556fb7129,False,0,4488,4488,cf8bee4faf9f1e67678d45b7cd8c350d04e95baeead6b79c4cff607556fb7129,cf8bee4faf9f1e67678d45b7cd8c350d04e95baeead6b79c4cff607556fb7129,True,2
valid,146,318,563,cf8bee4faf9f1e67678d45b7cd8c350d04e95baeead6b79c4cff607556fb7129,False,0,4488,4488,cf8bee4faf9f1e67678d45b7cd8c350d04e95baeead6b79c4cff607556fb7129,cf8bee4faf9f1e67678d45b7cd8c350d04e95baeead6b79c4cff607556fb7129,True,2
valid,147,261,1479,cf8bee4faf9f1e67678d45b7cd8c350d04e95baeead6b79c4cff607556fb7129,False,0,4488,4488,cf8bee4faf9f1e67678d45b7cd8c350d04e95baeead6b79c4cff607556fb7129,cf8bee4faf9f1e67678d45b7cd8c350d04e95baeead6b79c4cff607556fb7129,True,2
valid,148,281,746,cf8bee4faf9f1e67678d45b7cd8c350d04e95baeead6b79c4cff607556fb7129,False,0,4488,4488,cf8bee4faf9f1e67678d45b7cd8c350d04e95baeead6b79c4cff607556fb7129,cf8bee4faf9f1e67678d45b7cd8c350d04e95baeead6b79c4cff607556fb7129,True,2
valid,149,1317,2220,cf8bee4faf9f1e67678d45b7cd8c350d04e95baeead6b79c4cff607556fb7129,False,0,4488,4488,cf8bee4faf9f1e67678d45b7cd8c350d04e95baeead6b79c4cff607556fb7129,cf8bee4faf9f1e67678d45b7cd8c350d04e95baeead6b79c4cff607556fb7129,True,2
valid,150,718,2261,cf8bee4faf9f1e67678d45b7cd8c350d04e95baeead6b79c4cff607556fb7129,False,0,4488,4488,cf8bee4faf9f1e67678d45b7cd8c350d04e95baeead6b79c4cff607556fb7129,cf8bee4faf9f1e67678d45b7cd8c350d04e95baeead6b79c4cff607556fb7129,True,2
valid,151,243,2648,cf8bee4faf9f1e67678d45b7cd8c350d04e95baeead6b79c4cff607556fb7129,False,0,4488,4488,cf8bee4faf9f1e67678d45b7cd8c350d04e95baeead6b79c4cff607556fb7129,cf8bee4faf9f1e67678d45b7cd8c350d04e95baeead6b79c4cff607556fb7129,True,2
valid,152,415,851,cf8bee4faf9f1e67678d45b7cd8c350d04e95baeead6b79c4cff607556fb7129,False,0,4488,4488,cf8bee4faf9f1e67678d45b7cd8c350d04e95baeead6b79c4cff607556fb7129,cf8bee4faf9f1e67678d45b7cd8c350d04e95baeead6b79c4cff607556fb7129,True,2
valid,153,368,1194,cf8bee4faf9f1e67678d45b7cd8c350d04e95baeead6b79c4cff607556fb7129,False,0,4488,4488,cf8bee4faf9f1e67678d45b7cd8c350d04e95baeead6b79c4cff607556fb7129,cf8bee4faf9f1e67678d45b7cd8c350d04e95baeead6b79c4cff607556fb7129,True,2
valid,154,1183,1825,cf8bee4faf9f1e67678d45b7cd8c350d04e95baeead6b79c4cff607556fb7129,False,0,4488,4488,cf8bee4faf9f1e67678d45b7cd8c350d04e95baeead6b79c4cff607556fb7129,cf8bee4faf9f1e67678d45b7cd8c350d04e95baeead6b79c4cff607556fb7129,True,2
valid,155,979,2207,cf8bee4faf9f1e67678d45b7cd8c350d04e95baeead6b79c4cff607556fb7129,False,0,4488,4488,cf8bee4faf9f1e67678d45b7cd8c350d04e95baeead6b79c4cff607556fb7129,cf8bee4faf9f1e67678d45b7cd8c350d04e95baeead6b79c4cff607556fb7129,True,2
valid,156,341,1358,cf8bee4faf9f1e67678d45b7cd8c350d04e95baeead6b79c4cff607556fb7129,False,0,4488,4488,cf8bee4faf9f1e67678d45b7cd8c350d04e95baeead6b79c4cff607556fb7129,cf8bee4faf9f1e67678d45b7cd8c350d04e95baeead6b79c4cff607556fb7129,True,2
valid,157,695,1998,cf8bee4faf9f1e67678d45b7cd8c350d04e95baeead6b79c4cff607556fb7129,False,0,4488,4488,cf8bee4faf9f1e67678d45b7cd8c350d04e95baeead6b79c4cff607556fb7129,cf8bee4faf9f1e67678d45b7cd8c350d04e95baeead6b79c4cff607556fb7129,True,2
valid,158,1358,1516,cf8bee4faf9f1e67678d45b7cd8c350d04e95baeead6b79c4cff607556fb7129,False,0,4488,4488,cf8bee4faf9f1e67678d45b7cd8c350d04e95baeead6b79c4cff607556fb7129,cf8bee4faf9f1e67678d45b7cd8c350d04e95baeead6b79c4cff607556fb7129,True,2
valid,159,546,2127,cf8bee4faf9f1e67678d45b7cd8c350d04e95baeead6b79c4cff607556fb7129,False,0,4488,4488,cf8bee4faf9f1e67678d45b7cd8c350d04e95baeead6b79c4cff607556fb7129,cf8bee4faf9f1e67678d45b7cd8c350d04e95baeead6b79c4cff607556fb7129,True,2
valid,160,1795,1796,cf8bee4faf9f1e67678d45b7cd8c350d04e95baeead6b79c4cff607556fb7129,False,0,4488,4488,cf8bee4faf9f1e67678d45b7cd8c350d04e95baeead6b79c4cff607556fb7129,cf8bee4faf9f1e67678d45b7cd8c350d04e95baeead6b79c4cff607556fb7129,True,2
valid,161,111,1762,cf8bee4faf9f1e67678d45b7cd8c350d04e95baeead6b79c4cff607556fb7129,False,0,4488,4488,cf8bee4faf9f1e67678d45b7cd8c350d04e95baeead6b79c4cff607556fb7129,cf8bee4faf9f1e67678d45b7cd8c350d04e95baeead6b79c4cff607556fb7129,True,2
valid,162,975,2097,cf8bee4faf9f1e67678d45b7cd8c350d04e95baeead6b79c4cff607556fb7129,False,0,4488,4488,cf8bee4faf9f1e67678d45b7cd8c350d04e95baeead6b79c4cff607556fb7129,cf8bee4faf9f1e67678d45b7cd8c350d04e95baeead6b79c4cff607556fb7129,True,2
valid,163,297,598,cf8bee4faf9f1e67678d45b7cd8c350d04e95baeead6b79c4cff607556fb7129,False,0,4488,4488,cf8bee4faf9f1e67678d45b7cd8c350d04e95baeead6b79c4cff607556fb7129,cf8bee4faf9f1e67678d45b7cd8c350d04e95baeead6b79c4cff607556fb7129,True,2
valid,164,121,802,cf8bee4faf9f1e67678d45b7cd8c350d04e95baeead6b79c4cff607556fb7129,False,0,4488,4488,cf8bee4faf9f1e67678d45b7cd8c350d04e95baeead6b79c4cff607556fb7129,cf8bee4faf9f1e67678d45b7cd8c350d04e95baeead6b79c4cff607556fb7129,True,2
valid,165,1973,1975,cf8bee4faf9f1e67678d45b7cd8c350d04e95baeead6b79c4cff607556fb7129,False,0,4488,4488,cf8bee4faf9f1e67678d45b7cd8c350d04e95baeead6b79c4cff607556fb7129,cf8bee4faf9f1e67678d45b7cd8c350d04e95baeead6b79c4cff607556fb7129,True,2
valid,166,897,1494,cf8bee4faf9f1e67678d45b7cd8c350d04e95baeead6b79c4cff607556fb7129,False,0,4488,4488,cf8bee4faf9f1e67678d45b7cd8c350d04e95baeead6b79c4cff607556fb7129,cf8bee4faf9f1e67678d45b7cd8c350d04e95baeead6b79c4cff607556fb7129,True,2
valid,167,65,619,cf8bee4faf9f1e67678d45b7cd8c350d04e95baeead6b79c4cff607556fb7129,False,0,4488,4488,cf8bee4faf9f1e67678d45b7cd8c350d04e95baeead6b79c4cff607556fb7129,cf8bee4faf9f1e67678d45b7cd8c350d04e95baeead6b79c4cff607556fb7129,True,2
valid,168,1163,2132,cf8bee4faf9f1e67678d45b7cd8c350d04e95baeead6b79c4cff607556fb7129,False,0,4488,4488,cf8bee4faf9f1e67678d45b7cd8c350d04e95baeead6b79c4cff607556fb7129,cf8bee4faf9f1e67678d45b7cd8c350d04e95baeead6b79c4cff607556fb7129,True,2
valid,169,490,2099,cf8bee4faf9f1e67678d45b7cd8c350d04e95baeead6b79c4cff607556fb7129,False,0,4488,4488,cf8bee4faf9f1e67678d45b7cd8c350d04e95baeead6b79c4cff607556fb7129,cf8bee4faf9f1e67678d45b7cd8c350d04e95baeead6b79c4cff607556fb7129,True,2
valid,170,1131,1500,cf8bee4faf9f1e67678d45b7cd8c350d04e95baeead6b79c4cff607556fb7129,False,0,4488,4488,cf8bee4faf9f1e67678d45b7cd8c350d04e95baeead6b79c4cff607556fb7129,cf8bee4faf9f1e67678d45b7cd8c350d04e95baeead6b79c4cff607556fb7129,True,2
valid,171,2155,2295,cf8bee4faf9f1e67678d45b7cd8c350d04e95baeead6b79c4cff607556fb7129,False,0,4488,4488,cf8bee4faf9f1e67678d45b7cd8c350d04e95baeead6b79c4cff607556fb7129,cf8bee4faf9f1e67678d45b7cd8c350d04e95baeead6b79c4cff607556fb7129,True,2
valid,172,1658,2018,cf8bee4faf9f1e67678d45b7cd8c350d04e95baeead6b79c4cff607556fb7129,False,0,4488,4488,cf8bee4faf9f1e67678d45b7cd8c350d04e95baeead6b79c4cff607556fb7129,cf8bee4faf9f1e67678d45b7cd8c350d04e95baeead6b79c4cff607556fb7129,True,2
valid,173,861,2068,cf8bee4faf9f1e67678d45b7cd8c350d04e95baeead6b79c4cff607556fb7129,False,0,4488,4488,cf8bee4faf9f1e67678d45b7cd8c350d04e95baeead6b79c4cff607556fb7129,cf8bee4faf9f1e67678d45b7cd8c350d04e95baeead6b79c4cff607556fb7129,True,2
valid,174,1665,1701,cf8bee4faf9f1e67678d45b7cd8c350d04e95baeead6b79c4cff607556fb7129,False,0,4488,4488,cf8bee4faf9f1e67678d45b7cd8c350d04e95baeead6b79c4cff607556fb7129,cf8bee4faf9f1e67678d45b7cd8c350d04e95baeead6b79c4cff607556fb7129,True,2
valid,175,239,1909,cf8bee4faf9f1e67678d45b7cd8c350d04e95baeead6b79c4cff607556fb7129,False,0,4488,4488,cf8bee4faf9f1e67678d45b7cd8c350d04e95baeead6b79c4cff607556fb7129,cf8bee4faf9f1e67678d45b7cd8c350d04e95baeead6b79c4cff607556fb7129,True,2
valid,176,368,1545,cf8bee4faf9f1e67678d45b7cd8c350d04e95baeead6b79c4cff607556fb7129,False,0,4488,4488,cf8bee4faf9f1e67678d45b7cd8c350d04e95baeead6b79c4cff607556fb7129,cf8bee4faf9f1e67678d45b7cd8c350d04e95baeead6b79c4cff607556fb7129,True,2
valid,177,1144,1623,cf8bee4faf9f1e67678d45b7cd8c350d04e95baeead6b79c4cff607556fb7129,False,0,4488,4488,cf8bee4faf9f1e67678d45b7cd8c350d04e95baeead6b79c4cff607556fb7129,cf8bee4faf9f1e67678d45b7cd8c350d04e95baeead6b79c4cff607556fb7129,True,2
valid,178,591,1423,cf8bee4faf9f1e67678d45b7cd8c350d04e95baeead6b79c4cff607556fb7129,False,0,4488,4488,cf8bee4faf9f1e67678d45b7cd8c350d04e95baeead6b79c4cff607556fb7129,cf8bee4faf9f1e67678d45b7cd8c350d04e95baeead6b79c4cff607556fb7129,True,2
valid,179,1240,1443,cf8bee4faf9f1e67678d45b7cd8c350d04e95baeead6b79c4cff607556fb7129,False,0,4488,4488,cf8bee4faf9f1e67678d45b7cd8c350d04e95baeead6b79c4cff607556fb7129,cf8bee4faf9f1e67678d45b7cd8c350d04e95baeead6b79c4cff607556fb7129,True,2
valid,180,719,1810,cf8bee4faf9f1e67678d45b7cd8c350d04e95baeead6b79c4cff607556fb7129,False,0,4488,4488,cf8bee4faf9f1e67678d45b7cd8c350d04e95baeead6b79c4cff607556fb7129,cf8bee4faf9f1e67678d45b7cd8c350d04e95baeead6b79c4cff607556fb7129,True,2
valid,181,695,948,cf8bee4faf9f1e67678d45b7cd8c350d04e95baeead6b79c4cff607556fb7129,False,0,4488,4488,cf8bee4faf9f1e67678d45b7cd8c350d04e95baeead6b79c4cff607556fb7129,cf8bee4faf9f1e67678d45b7cd8c350d04e95baeead6b79c4cff607556fb7129,True,2
valid,182,33,911,cf8bee4faf9f1e67678d45b7cd8c350d04e95baeead6b79c4cff607556fb7129,False,0,4488,4488,cf8bee4faf9f1e67678d45b7cd8c350d04e95baeead6b79c4cff607556fb7129,cf8bee4faf9f1e67678d45b7cd8c350d04e95baeead6b79c4cff607556fb7129,True,2
valid,183,1016,1256,cf8bee4faf9f1e67678d45b7cd8c350d04e95baeead6b79c4cff607556fb7129,False,0,4488,4488,cf8bee4faf9f1e67678d45b7cd8c350d04e95baeead6b79c4cff607556fb7129,cf8bee4faf9f1e67678d45b7cd8c350d04e95baeead6b79c4cff607556fb7129,True,2
valid,184,147,1976,cf8bee4faf9f1e67678d45b7cd8c350d04e95baeead6b79c4cff607556fb7129,False,0,4488,4488,cf8bee4faf9f1e67678d45b7cd8c350d04e95baeead6b79c4cff607556fb7129,cf8bee4faf9f1e67678d45b7cd8c350d04e95baeead6b79c4cff607556fb7129,True,2
valid,185,71,206,cf8bee4faf9f1e67678d45b7cd8c350d04e95baeead6b79c4cff607556fb7129,False,0,4488,4488,cf8bee4faf9f1e67678d45b7cd8c350d04e95baeead6b79c4cff607556fb7129,cf8bee4faf9f1e67678d45b7cd8c350d04e95baeead6b79c4cff607556fb7129,True,2
valid,186,2615,2696,cf8bee4faf9f1e67678d45b7cd8c350d04e95baeead6b79c4cff607556fb7129,False,0,4488,4488,cf8bee4faf9f1e67678d45b7cd8c350d04e95baeead6b79c4cff607556fb7129,cf8bee4faf9f1e67678d45b7cd8c350d04e95baeead6b79c4cff607556fb7129,True,2
valid,187,741,1282,cf8bee4faf9f1e67678d45b7cd8c350d04e95baeead6b79c4cff607556fb7129,False,0,4488,4488,cf8bee4faf9f1e67678d45b7cd8c350d04e95baeead6b79c4cff607556fb7129,cf8bee4faf9f1e67678d45b7cd8c350d04e95baeead6b79c4cff607556fb7129,True,2
valid,188,623,2464,cf8bee4faf9f1e67678d45b7cd8c350d04e95baeead6b79c4cff607556fb7129,False,0,4488,4488,cf8bee4faf9f1e67678d45b7cd8c350d04e95baeead6b79c4cff607556fb7129,cf8bee4faf9f1e67678d45b7cd8c350d04e95baeead6b79c4cff607556fb7129,True,2
valid,189,570,2430,cf8bee4faf9f1e67678d45b7cd8c350d04e95baeead6b79c4cff607556fb7129,False,0,4488,4488,cf8bee4faf9f1e67678d45b7cd8c350d04e95baeead6b79c4cff607556fb7129,cf8bee4faf9f1e67678d45b7cd8c350d04e95baeead6b79c4cff607556fb7129,True,2
valid,190,643,2407,cf8bee4faf9f1e67678d45b7cd8c350d04e95baeead6b79c4cff607556fb7129,False,0,4488,4488,cf8bee4faf9f1e67678d45b7cd8c350d04e95baeead6b79c4cff607556fb7129,cf8bee4faf9f1e67678d45b7cd8c350d04e95baeead6b79c4cff607556fb7129,True,2
valid,191,1609,1791,cf8bee4faf9f1e67678d45b7cd8c350d04e95baeead6b79c4cff607556fb7129,False,0,4488,4488,cf8bee4faf9f1e67678d45b7cd8c350d04e95baeead6b79c4cff607556fb7129,cf8bee4faf9f1e67678d45b7cd8c350d04e95baeead6b79c4cff607556fb7129,True,2
valid,192,1464,1482,cf8bee4faf9f1e67678d45b7cd8c350d04e95baeead6b79c4cff607556fb7129,False,0,4488,4488,cf8bee4faf9f1e67678d45b7cd8c350d04e95baeead6b79c4cff607556fb7129,cf8bee4faf9f1e67678d45b7cd8c350d04e95baeead6b79c4cff607556fb7129,True,2
valid,193,2367,2369,cf8bee4faf9f1e67678d45b7cd8c350d04e95baeead6b79c4cff607556fb7129,False,0,4488,4488,cf8bee4faf9f1e67678d45b7cd8c350d04e95baeead6b79c4cff607556fb7129,cf8bee4faf9f1e67678d45b7cd8c350d04e95baeead6b79c4cff607556fb7129,True,2
valid,194,55,2021,cf8bee4faf9f1e67678d45b7cd8c350d04e95baeead6b79c4cff607556fb7129,False,0,4488,4488,cf8bee4faf9f1e67678d45b7cd8c350d04e95baeead6b79c4cff607556fb7129,cf8bee4faf9f1e67678d45b7cd8c350d04e95baeead6b79c4cff607556fb7129,True,2
valid,195,438,718,cf8bee4faf9f1e67678d45b7cd8c350d04e95baeead6b79c4cff607556fb7129,False,0,4488,4488,cf8bee4faf9f1e67678d45b7cd8c350d04e95baeead6b79c4cff607556fb7129,cf8bee4faf9f1e67678d45b7cd8c350d04e95baeead6b79c4cff607556fb7129,True,2
valid,196,877,1542,cf8bee4faf9f1e67678d45b7cd8c350d04e95baeead6b79c4cff607556fb7129,False,0,4488,4488,cf8bee4faf9f1e67678d45b7cd8c350d04e95baeead6b79c4cff607556fb7129,cf8bee4faf9f1e67678d45b7cd8c350d04e95baeead6b79c4cff607556fb7129,True,2
valid,197,1441,1700,cf8bee4faf9f1e67678d45b7cd8c350d04e95baeead6b79c4cff607556fb7129,False,0,4488,4488,cf8bee4faf9f1e67678d45b7cd8c350d04e95baeead6b79c4cff607556fb7129,cf8bee4faf9f1e67678d45b7cd8c350d04e95baeead6b79c4cff607556fb7129,True,2
valid,198,1810,1869,cf8bee4faf9f1e67678d45b7cd8c350d04e95baeead6b79c4cff607556fb7129,False,0,4488,4488,cf8bee4faf9f1e67678d45b7cd8c350d04e95baeead6b79c4cff607556fb7129,cf8bee4faf9f1e67678d45b7cd8c350d04e95baeead6b79c4cff607556fb7129,True,2
valid,199,392,1415,cf8bee4faf9f1e67678d45b7cd8c350d04e95baeead6b79c4cff607556fb7129,False,0,4488,4488,cf8bee4faf9f1e67678d45b7cd8c350d04e95baeead6b79c4cff607556fb7129,cf8bee4faf9f1e67678d45b7cd8c350d04e95baeead6b79c4cff607556fb7129,True,2
valid,200,41,1914,cf8bee4faf9f1e67678d45b7cd8c350d04e95baeead6b79c4cff607556fb7129,False,0,4488,4488,cf8bee4faf9f1e67678d45b7cd8c350d04e95baeead6b79c4cff607556fb7129,cf8bee4faf9f1e67678d45b7cd8c350d04e95baeead6b79c4cff607556fb7129,True,2
valid,201,1282,1283,cf8bee4faf9f1e67678d45b7cd8c350d04e95baeead6b79c4cff607556fb7129,False,0,4488,4488,cf8bee4faf9f1e67678d45b7cd8c350d04e95baeead6b79c4cff607556fb7129,cf8bee4faf9f1e67678d45b7cd8c350d04e95baeead6b79c4cff607556fb7129,True,2
valid,202,248,1531,cf8bee4faf9f1e67678d45b7cd8c350d04e95baeead6b79c4cff607556fb7129,False,0,4488,4488,cf8bee4faf9f1e67678d45b7cd8c350d04e95baeead6b79c4cff607556fb7129,cf8bee4faf9f1e67678d45b7cd8c350d04e95baeead6b79c4cff607556fb7129,True,2
valid,203,621,1332,cf8bee4faf9f1e67678d45b7cd8c350d04e95baeead6b79c4cff607556fb7129,False,0,4488,4488,cf8bee4faf9f1e67678d45b7cd8c350d04e95baeead6b79c4cff607556fb7129,cf8bee4faf9f1e67678d45b7cd8c350d04e95baeead6b79c4cff607556fb7129,True,2
valid,204,95,1580,cf8bee4faf9f1e67678d45b7cd8c350d04e95baeead6b79c4cff607556fb7129,False,0,4488,4488,cf8bee4faf9f1e67678d45b7cd8c350d04e95baeead6b79c4cff607556fb7129,cf8bee4faf9f1e67678d45b7cd8c350d04e95baeead6b79c4cff607556fb7129,True,2
valid,205,487,1772,cf8bee4faf9f1e67678d45b7cd8c350d04e95baeead6b79c4cff607556fb7129,False,0,4488,4488,cf8bee4faf9f1e67678d45b7cd8c350d04e95baeead6b79c4cff607556fb7129,cf8bee4faf9f1e67678d45b7cd8c350d04e95baeead6b79c4cff607556fb7129,True,2
valid,206,487,1798,cf8bee4faf9f1e67678d45b7cd8c350d04e95baeead6b79c4cff607556fb7129,False,0,4488,4488,cf8bee4faf9f1e67678d45b7cd8c350d04e95baeead6b79c4cff607556fb7129,cf8bee4faf9f1e67678d45b7cd8c350d04e95baeead6b79c4cff607556fb7129,True,2
valid,207,1212,1701,cf8bee4faf9f1e67678d45b7cd8c350d04e95baeead6b79c4cff607556fb7129,False,0,4488,4488,cf8bee4faf9f1e67678d45b7cd8c350d04e95baeead6b79c4cff607556fb7129,cf8bee4faf9f1e67678d45b7cd8c350d04e95baeead6b79c4cff607556fb7129,True,2
valid,208,454,581,cf8bee4faf9f1e67678d45b7cd8c350d04e95baeead6b79c4cff607556fb7129,False,0,4488,4488,cf8bee4faf9f1e67678d45b7cd8c350d04e95baeead6b79c4cff607556fb7129,cf8bee4faf9f1e67678d45b7cd8c350d04e95baeead6b79c4cff607556fb7129,True,2
valid,209,1376,1848,cf8bee4faf9f1e67678d45b7cd8c350d04e95baeead6b79c4cff607556fb7129,False,0,4488,4488,cf8bee4faf9f1e67678d45b7cd8c350d04e95baeead6b79c4cff607556fb7129,cf8bee4faf9f1e67678d45b7cd8c350d04e95baeead6b79c4cff607556fb7129,True,2
valid,210,1169,1737,cf8bee4faf9f1e67678d45b7cd8c350d04e95baeead6b79c4cff607556fb7129,False,0,4488,4488,cf8bee4faf9f1e67678d45b7cd8c350d04e95baeead6b79c4cff607556fb7129,cf8bee4faf9f1e67678d45b7cd8c350d04e95baeead6b79c4cff607556fb7129,True,2
valid,211,36,1640,cf8bee4faf9f1e67678d45b7cd8c350d04e95baeead6b79c4cff607556fb7129,False,0,4488,4488,cf8bee4faf9f1e67678d45b7cd8c350d04e95baeead6b79c4cff607556fb7129,cf8bee4faf9f1e67678d45b7cd8c350d04e95baeead6b79c4cff607556fb7129,True,2
valid,212,1022,1962,cf8bee4faf9f1e67678d45b7cd8c350d04e95baeead6b79c4cff607556fb7129,False,0,4488,4488,cf8bee4faf9f1e67678d45b7cd8c350d04e95baeead6b79c4cff607556fb7129,cf8bee4faf9f1e67678d45b7cd8c350d04e95baeead6b79c4cff607556fb7129,True,2
valid,213,227,534,cf8bee4faf9f1e67678d45b7cd8c350d04e95baeead6b79c4cff607556fb7129,False,0,4488,4488,cf8bee4faf9f1e67678d45b7cd8c350d04e95baeead6b79c4cff607556fb7129,cf8bee4faf9f1e67678d45b7cd8c350d04e95baeead6b79c4cff607556fb7129,True,2
valid,214,1061,2376,cf8bee4faf9f1e67678d45b7cd8c350d04e95baeead6b79c4cff607556fb7129,False,0,4488,4488,cf8bee4faf9f1e67678d45b7cd8c350d04e95baeead6b79c4cff607556fb7129,cf8bee4faf9f1e67678d45b7cd8c350d04e95baeead6b79c4cff607556fb7129,True,2
valid,215,1183,1824,cf8bee4faf9f1e67678d45b7cd8c350d04e95baeead6b79c4cff607556fb7129,False,0,4488,4488,cf8bee4faf9f1e67678d45b7cd8c350d04e95baeead6b79c4cff607556fb7129,cf8bee4faf9f1e67678d45b7cd8c350d04e95baeead6b79c4cff607556fb7129,True,2
valid,216,22,2238,cf8bee4faf9f1e67678d45b7cd8c350d04e95baeead6b79c4cff607556fb7129,False,0,4488,4488,cf8bee4faf9f1e67678d45b7cd8c350d04e95baeead6b79c4cff607556fb7129,cf8bee4faf9f1e67678d45b7cd8c350d04e95baeead6b79c4cff607556fb7129,True,2
valid,217,1067,1216,cf8bee4faf9f1e67678d45b7cd8c350d04e95baeead6b79c4cff607556fb7129,False,0,4488,4488,cf8bee4faf9f1e67678d45b7cd8c350d04e95baeead6b79c4cff607556fb7129,cf8bee4faf9f1e67678d45b7cd8c350d04e95baeead6b79c4cff607556fb7129,True,2
valid,218,834,2168,cf8bee4faf9f1e67678d45b7cd8c350d04e95baeead6b79c4cff607556fb7129,False,0,4488,4488,cf8bee4faf9f1e67678d45b7cd8c350d04e95baeead6b79c4cff607556fb7129,cf8bee4faf9f1e67678d45b7cd8c350d04e95baeead6b79c4cff607556fb7129,True,2
valid,219,177,2682,cf8bee4faf9f1e67678d45b7cd8c350d04e95baeead6b79c4cff607556fb7129,False,0,4488,4488,cf8bee4faf9f1e67678d45b7cd8c350d04e95baeead6b79c4cff607556fb7129,cf8bee4faf9f1e67678d45b7cd8c350d04e95baeead6b79c4cff607556fb7129,True,2
valid,220,778,1370,cf8bee4faf9f1e67678d45b7cd8c350d04e95baeead6b79c4cff607556fb7129,False,0,4488,4488,cf8bee4faf9f1e67678d45b7cd8c350d04e95baeead6b79c4cff607556fb7129,cf8bee4faf9f1e67678d45b7cd8c350d04e95baeead6b79c4cff607556fb7129,True,2
valid,221,779,1914,cf8bee4faf9f1e67678d45b7cd8c350d04e95baeead6b79c4cff607556fb7129,False,0,4488,4488,cf8bee4faf9f1e67678d45b7cd8c350d04e95baeead6b79c4cff607556fb7129,cf8bee4faf9f1e67678d45b7cd8c350d04e95baeead6b79c4cff607556fb7129,True,2
valid,222,449,1280,cf8bee4faf9f1e67678d45b7cd8c350d04e95baeead6b79c4cff607556fb7129,False,0,4488,4488,cf8bee4faf9f1e67678d45b7cd8c350d04e95baeead6b79c4cff607556fb7129,cf8bee4faf9f1e67678d45b7cd8c350d04e95baeead6b79c4cff607556fb7129,True,2
valid,223,333,1358,cf8bee4faf9f1e67678d45b7cd8c350d04e95baeead6b79c4cff607556fb7129,False,0,4488,4488,cf8bee4faf9f1e67678d45b7cd8c350d04e95baeead6b79c4cff607556fb7129,cf8bee4faf9f1e67678d45b7cd8c350d04e95baeead6b79c4cff607556fb7129,True,2
valid,224,1508,1894,cf8bee4faf9f1e67678d45b7cd8c350d04e95baeead6b79c4cff607556fb7129,False,0,4488,4488,cf8bee4faf9f1e67678d45b7cd8c350d04e95baeead6b79c4cff607556fb7129,cf8bee4faf9f1e67678d45b7cd8c350d04e95baeead6b79c4cff607556fb7129,True,2
valid,225,306,1158,cf8bee4faf9f1e67678d45b7cd8c350d04e95baeead6b79c4cff607556fb7129,False,0,4488,4488,cf8bee4faf9f1e67678d45b7cd8c350d04e95baeead6b79c4cff607556fb7129,cf8bee4faf9f1e67678d45b7cd8c350d04e95baeead6b79c4cff607556fb7129,True,2
valid,226,1228,1536,cf8bee4faf9f1e67678d45b7cd8c350d04e95baeead6b79c4cff607556fb7129,False,0,4488,4488,cf8bee4faf9f1e67678d45b7cd8c350d04e95baeead6b79c4cff607556fb7129,cf8bee4faf9f1e67678d45b7cd8c350d04e95baeead6b79c4cff607556fb7129,True,2
valid,227,55,1983,cf8bee4faf9f1e67678d45b7cd8c350d04e95baeead6b79c4cff607556fb7129,False,0,4488,4488,cf8bee4faf9f1e67678d45b7cd8c350d04e95baeead6b79c4cff607556fb7129,cf8bee4faf9f1e67678d45b7cd8c350d04e95baeead6b79c4cff607556fb7129,True,2
valid,228,1178,1984,cf8bee4faf9f1e67678d45b7cd8c350d04e95baeead6b79c4cff607556fb7129,False,0,4488,4488,cf8bee4faf9f1e67678d45b7cd8c350d04e95baeead6b79c4cff607556fb7129,cf8bee4faf9f1e67678d45b7cd8c350d04e95baeead6b79c4cff607556fb7129,True,2
valid,229,84,2223,cf8bee4faf9f1e67678d45b7cd8c350d04e95baeead6b79c4cff607556fb7129,False,0,4488,4488,cf8bee4faf9f1e67678d45b7cd8c350d04e95baeead6b79c4cff607556fb7129,cf8bee4faf9f1e67678d45b7cd8c350d04e95baeead6b79c4cff607556fb7129,True,2
valid,230,133,452,cf8bee4faf9f1e67678d45b7cd8c350d04e95baeead6b79c4cff607556fb7129,False,0,4488,4488,cf8bee4faf9f1e67678d45b7cd8c350d04e95baeead6b79c4cff607556fb7129,cf8bee4faf9f1e67678d45b7cd8c350d04e95baeead6b79c4cff607556fb7129,True,2
valid,231,1542,1577,cf8bee4faf9f1e67678d45b7cd8c350d04e95baeead6b79c4cff607556fb7129,False,0,4488,4488,cf8bee4faf9f1e67678d45b7cd8c350d04e95baeead6b79c4cff607556fb7129,cf8bee4faf9f1e67678d45b7cd8c350d04e95baeead6b79c4cff607556fb7129,True,2
valid,232,754,1483,cf8bee4faf9f1e67678d45b7cd8c350d04e95baeead6b79c4cff607556fb7129,False,0,4488,4488,cf8bee4faf9f1e67678d45b7cd8c350d04e95baeead6b79c4cff607556fb7129,cf8bee4faf9f1e67678d45b7cd8c350d04e95baeead6b79c4cff607556fb7129,True,2
valid,233,822,1973,cf8bee4faf9f1e67678d45b7cd8c350d04e95baeead6b79c4cff607556fb7129,False,0,4488,4488,cf8bee4faf9f1e67678d45b7cd8c350d04e95baeead6b79c4cff607556fb7129,cf8bee4faf9f1e67678d45b7cd8c350d04e95baeead6b79c4cff607556fb7129,True,2
valid,234,109,426,cf8bee4faf9f1e67678d45b7cd8c350d04e95baeead6b79c4cff607556fb7129,False,0,4488,4488,cf8bee4faf9f1e67678d45b7cd8c350d04e95baeead6b79c4cff607556fb7129,cf8bee4faf9f1e67678d45b7cd8c350d04e95baeead6b79c4cff607556fb7129,True,2
valid,235,610,826,cf8bee4faf9f1e67678d45b7cd8c350d04e95baeead6b79c4cff607556fb7129,False,0,4488,4488,cf8bee4faf9f1e67678d45b7cd8c350d04e95baeead6b79c4cff607556fb7129,cf8bee4faf9f1e67678d45b7cd8c350d04e95baeead6b79c4cff607556fb7129,True,2
valid,236,566,1986,cf8bee4faf9f1e67678d45b7cd8c350d04e95baeead6b79c4cff607556fb7129,False,0,4488,4488,cf8bee4faf9f1e67678d45b7cd8c350d04e95baeead6b79c4cff607556fb7129,cf8bee4faf9f1e67678d45b7cd8c350d04e95baeead6b79c4cff607556fb7129,True,2
valid,237,1165,1593,cf8bee4faf9f1e67678d45b7cd8c350d04e95baeead6b79c4cff607556fb7129,False,0,4488,4488,cf8bee4faf9f1e67678d45b7cd8c350d04e95baeead6b79c4cff607556fb7129,cf8bee4faf9f1e67678d45b7cd8c350d04e95baeead6b79c4cff607556fb7129,True,2
valid,238,595,2176,cf8bee4faf9f1e67678d45b7cd8c350d04e95baeead6b79c4cff607556fb7129,False,0,4488,4488,cf8bee4faf9f1e67678d45b7cd8c350d04e95baeead6b79c4cff607556fb7129,cf8bee4faf9f1e67678d45b7cd8c350d04e95baeead6b79c4cff607556fb7129,True,2
valid,239,76,2178,cf8bee4faf9f1e67678d45b7cd8c350d04e95baeead6b79c4cff607556fb7129,False,0,4488,4488,cf8bee4faf9f1e67678d45b7cd8c350d04e95baeead6b79c4cff607556fb7129,cf8bee4faf9f1e67678d45b7cd8c350d04e95baeead6b79c4cff607556fb7129,True,2
valid,240,598,2707,cf8bee4faf9f1e67678d45b7cd8c350d04e95baeead6b79c4cff607556fb7129,False,0,4488,4488,cf8bee4faf9f1e67678d45b7cd8c350d04e95baeead6b79c4cff607556fb7129,cf8bee4faf9f1e67678d45b7cd8c350d04e95baeead6b79c4cff607556fb7129,True,2
valid,241,88,1288,cf8bee4faf9f1e67678d45b7cd8c350d04e95baeead6b79c4cff607556fb7129,False,0,4488,4488,cf8bee4faf9f1e67678d45b7cd8c350d04e95baeead6b79c4cff607556fb7129,cf8bee4faf9f1e67678d45b7cd8c350d04e95baeead6b79c4cff607556fb7129,True,2
valid,242,2636,2693,cf8bee4faf9f1e67678d45b7cd8c350d04e95baeead6b79c4cff607556fb7129,False,0,4488,4488,cf8bee4faf9f1e67678d45b7cd8c350d04e95baeead6b79c4cff607556fb7129,cf8bee4faf9f1e67678d45b7cd8c350d04e95baeead6b79c4cff607556fb7129,True,2
valid,243,823,1169,cf8bee4faf9f1e67678d45b7cd8c350d04e95baeead6b79c4cff607556fb7129,False,0,4488,4488,cf8bee4faf9f1e67678d45b7cd8c350d04e95baeead6b79c4cff607556fb7129,cf8bee4faf9f1e67678d45b7cd8c350d04e95baeead6b79c4cff607556fb7129,True,2
valid,244,1360,1650,cf8bee4faf9f1e67678d45b7cd8c350d04e95baeead6b79c4cff607556fb7129,False,0,4488,4488,cf8bee4faf9f1e67678d45b7cd8c350d04e95baeead6b79c4cff607556fb7129,cf8bee4faf9f1e67678d45b7cd8c350d04e95baeead6b79c4cff607556fb7129,True,2
valid,245,802,1307,cf8bee4faf9f1e67678d45b7cd8c350d04e95baeead6b79c4cff607556fb7129,False,0,4488,4488,cf8bee4faf9f1e67678d45b7cd8c350d04e95baeead6b79c4cff607556fb7129,cf8bee4faf9f1e67678d45b7cd8c350d04e95baeead6b79c4cff607556fb7129,True,2
valid,246,1623,1780,cf8bee4faf9f1e67678d45b7cd8c350d04e95baeead6b79c4cff607556fb7129,False,0,4488,4488,cf8bee4faf9f1e67678d45b7cd8c350d04e95baeead6b79c4cff607556fb7129,cf8bee4faf9f1e67678d45b7cd8c350d04e95baeead6b79c4cff607556fb7129,True,2
valid,247,805,2236,cf8bee4faf9f1e67678d45b7cd8c350d04e95baeead6b79c4cff607556fb7129,False,0,4488,4488,cf8bee4faf9f1e67678d45b7cd8c350d04e95baeead6b79c4cff607556fb7129,cf8bee4faf9f1e67678d45b7cd8c350d04e95baeead6b79c4cff607556fb7129,True,2
valid,248,9,723,cf8bee4faf9f1e67678d45b7cd8c350d04e95baeead6b79c4cff607556fb7129,False,0,4488,4488,cf8bee4faf9f1e67678d45b7cd8c350d04e95baeead6b79c4cff607556fb7129,cf8bee4faf9f1e67678d45b7cd8c350d04e95baeead6b79c4cff607556fb7129,True,2
valid,249,571,1570,cf8bee4faf9f1e67678d45b7cd8c350d04e95baeead6b79c4cff607556fb7129,False,0,4488,4488,cf8bee4faf9f1e67678d45b7cd8c350d04e95baeead6b79c4cff607556fb7129,cf8bee4faf9f1e67678d45b7cd8c350d04e95baeead6b79c4cff607556fb7129,True,2
valid,250,146,2059,cf8bee4faf9f1e67678d45b7cd8c350d04e95baeead6b79c4cff607556fb7129,False,0,4488,4488,cf8bee4faf9f1e67678d45b7cd8c350d04e95baeead6b79c4cff607556fb7129,cf8bee4faf9f1e67678d45b7cd8c350d04e95baeead6b79c4cff607556fb7129,True,2
valid,251,631,2358,cf8bee4faf9f1e67678d45b7cd8c350d04e95baeead6b79c4cff607556fb7129,False,0,4488,4488,cf8bee4faf9f1e67678d45b7cd8c350d04e95baeead6b79c4cff607556fb7129,cf8bee4faf9f1e67678d45b7cd8c350d04e95baeead6b79c4cff607556fb7129,True,2
valid,252,1106,2501,cf8bee4faf9f1e67678d45b7cd8c350d04e95baeead6b79c4cff607556fb7129,False,0,4488,4488,cf8bee4faf9f1e67678d45b7cd8c350d04e95baeead6b79c4cff607556fb7129,cf8bee4faf9f1e67678d45b7cd8c350d04e95baeead6b79c4cff607556fb7129,True,2
valid,253,239,1376,cf8bee4faf9f1e67678d45b7cd8c350d04e95baeead6b79c4cff607556fb7129,False,0,4488,4488,cf8bee4faf9f1e67678d45b7cd8c350d04e95baeead6b79c4cff607556fb7129,cf8bee4faf9f1e67678d45b7cd8c350d04e95baeead6b79c4cff607556fb7129,True,2
valid,254,647,1360,cf8bee4faf9f1e67678d45b7cd8c350d04e95baeead6b79c4cff607556fb7129,False,0,4488,4488,cf8bee4faf9f1e67678d45b7cd8c350d04e95baeead6b79c4cff607556fb7129,cf8bee4faf9f1e67678d45b7cd8c350d04e95baeead6b79c4cff607556fb7129,True,2
valid,255,1554,2688,cf8bee4faf9f1e67678d45b7cd8c350d04e95baeead6b79c4cff607556fb7129,False,0,4488,4488,cf8bee4faf9f1e67678d45b7cd8c350d04e95baeead6b79c4cff607556fb7129,cf8bee4faf9f1e67678d45b7cd8c350d04e95baeead6b79c4cff607556fb7129,True,2
valid,256,1703,1968,cf8bee4faf9f1e67678d45b7cd8c350d04e95baeead6b79c4cff607556fb7129,False,0,4488,4488,cf8bee4faf9f1e67678d45b7cd8c350d04e95baeead6b79c4cff607556fb7129,cf8bee4faf9f1e67678d45b7cd8c350d04e95baeead6b79c4cff607556fb7129,True,2
valid,257,107,971,cf8bee4faf9f1e67678d45b7cd8c350d04e95baeead6b79c4cff607556fb7129,False,0,4488,4488,cf8bee4faf9f1e67678d45b7cd8c350d04e95baeead6b79c4cff607556fb7129,cf8bee4faf9f1e67678d45b7cd8c350d04e95baeead6b79c4cff607556fb7129,True,2
valid,258,805,963,cf8bee4faf9f1e67678d45b7cd8c350d04e95baeead6b79c4cff607556fb7129,False,0,4488,4488,cf8bee4faf9f1e67678d45b7cd8c350d04e95baeead6b79c4cff607556fb7129,cf8bee4faf9f1e67678d45b7cd8c350d04e95baeead6b79c4cff607556fb7129,True,2
valid,259,1666,2381,cf8bee4faf9f1e67678d45b7cd8c350d04e95baeead6b79c4cff607556fb7129,False,0,4488,4488,cf8bee4faf9f1e67678d45b7cd8c350d04e95baeead6b79c4cff607556fb7129,cf8bee4faf9f1e67678d45b7cd8c350d04e95baeead6b79c4cff607556fb7129,True,2
valid,260,1432,2663,cf8bee4faf9f1e67678d45b7cd8c350d04e95baeead6b79c4cff607556fb7129,False,0,4488,4488,cf8bee4faf9f1e67678d45b7cd8c350d04e95baeead6b79c4cff607556fb7129,cf8bee4faf9f1e67678d45b7cd8c350d04e95baeead6b79c4cff607556fb7129,True,2
valid,261,2554,2689,cf8bee4faf9f1e67678d45b7cd8c350d04e95baeead6b79c4cff607556fb7129,False,0,4488,4488,cf8bee4faf9f1e67678d45b7cd8c350d04e95baeead6b79c4cff607556fb7129,cf8bee4faf9f1e67678d45b7cd8c350d04e95baeead6b79c4cff607556fb7129,True,2
valid,262,1248,2045,cf8bee4faf9f1e67678d45b7cd8c350d04e95baeead6b79c4cff607556fb7129,False,0,4488,4488,cf8bee4faf9f1e67678d45b7cd8c350d04e95baeead6b79c4cff607556fb7129,cf8bee4faf9f1e67678d45b7cd8c350d04e95baeead6b79c4cff607556fb7129,True,2
test,0,733,1062,cf8bee4faf9f1e67678d45b7cd8c350d04e95baeead6b79c4cff607556fb7129,False,0,4488,4488,cf8bee4faf9f1e67678d45b7cd8c350d04e95baeead6b79c4cff607556fb7129,cf8bee4faf9f1e67678d45b7cd8c350d04e95baeead6b79c4cff607556fb7129,True,2
test,1,1416,1468,cf8bee4faf9f1e67678d45b7cd8c350d04e95baeead6b79c4cff607556fb7129,False,0,4488,4488,cf8bee4faf9f1e67678d45b7cd8c350d04e95baeead6b79c4cff607556fb7129,cf8bee4faf9f1e67678d45b7cd8c350d04e95baeead6b79c4cff607556fb7129,True,2
test,2,350,1778,cf8bee4faf9f1e67678d45b7cd8c350d04e95baeead6b79c4cff607556fb7129,False,0,4488,4488,cf8bee4faf9f1e67678d45b7cd8c350d04e95baeead6b79c4cff607556fb7129,cf8bee4faf9f1e67678d45b7cd8c350d04e95baeead6b79c4cff607556fb7129,True,2
test,3,657,1740,cf8bee4faf9f1e67678d45b7cd8c350d04e95baeead6b79c4cff607556fb7129,False,0,4488,4488,cf8bee4faf9f1e67678d45b7cd8c350d04e95baeead6b79c4cff607556fb7129,cf8bee4faf9f1e67678d45b7cd8c350d04e95baeead6b79c4cff607556fb7129,True,2
test,4,1602,2073,cf8bee4faf9f1e67678d45b7cd8c350d04e95baeead6b79c4cff607556fb7129,False,0,4488,4488,cf8bee4faf9f1e67678d45b7cd8c350d04e95baeead6b79c4cff607556fb7129,cf8bee4faf9f1e67678d45b7cd8c350d04e95baeead6b79c4cff607556fb7129,True,2
test,5,507,1300,cf8bee4faf9f1e67678d45b7cd8c350d04e95baeead6b79c4cff607556fb7129,False,0,4488,4488,cf8bee4faf9f1e67678d45b7cd8c350d04e95baeead6b79c4cff607556fb7129,cf8bee4faf9f1e67678d45b7cd8c350d04e95baeead6b79c4cff607556fb7129,True,2
test,6,1682,2189,cf8bee4faf9f1e67678d45b7cd8c350d04e95baeead6b79c4cff607556fb7129,False,0,4488,4488,cf8bee4faf9f1e67678d45b7cd8c350d04e95baeead6b79c4cff607556fb7129,cf8bee4faf9f1e67678d45b7cd8c350d04e95baeead6b79c4cff607556fb7129,True,2
test,7,306,1798,cf8bee4faf9f1e67678d45b7cd8c350d04e95baeead6b79c4cff607556fb7129,False,0,4488,4488,cf8bee4faf9f1e67678d45b7cd8c350d04e95baeead6b79c4cff607556fb7129,cf8bee4faf9f1e67678d45b7cd8c350d04e95baeead6b79c4cff607556fb7129,True,2
test,8,661,1878,cf8bee4faf9f1e67678d45b7cd8c350d04e95baeead6b79c4cff607556fb7129,False,0,4488,4488,cf8bee4faf9f1e67678d45b7cd8c350d04e95baeead6b79c4cff607556fb7129,cf8bee4faf9f1e67678d45b7cd8c350d04e95baeead6b79c4cff607556fb7129,True,2
test,9,2446,2448,cf8bee4faf9f1e67678d45b7cd8c350d04e95baeead6b79c4cff607556fb7129,False,0,4488,4488,cf8bee4faf9f1e67678d45b7cd8c350d04e95baeead6b79c4cff607556fb7129,cf8bee4faf9f1e67678d45b7cd8c350d04e95baeead6b79c4cff607556fb7129,True,2
test,10,1704,1912,cf8bee4faf9f1e67678d45b7cd8c350d04e95baeead6b79c4cff607556fb7129,False,0,4488,4488,cf8bee4faf9f1e67678d45b7cd8c350d04e95baeead6b79c4cff607556fb7129,cf8bee4faf9f1e67678d45b7cd8c350d04e95baeead6b79c4cff607556fb7129,True,2
test,11,4,1761,cf8bee4faf9f1e67678d45b7cd8c350d04e95baeead6b79c4cff607556fb7129,False,0,4488,4488,cf8bee4faf9f1e67678d45b7cd8c350d04e95baeead6b79c4cff607556fb7129,cf8bee4faf9f1e67678d45b7cd8c350d04e95baeead6b79c4cff607556fb7129,True,2
test,12,236,2046,cf8bee4faf9f1e67678d45b7cd8c350d04e95baeead6b79c4cff607556fb7129,False,0,4488,4488,cf8bee4faf9f1e67678d45b7cd8c350d04e95baeead6b79c4cff607556fb7129,cf8bee4faf9f1e67678d45b7cd8c350d04e95baeead6b79c4cff607556fb7129,True,2
test,13,1411,2218,cf8bee4faf9f1e67678d45b7cd8c350d04e95baeead6b79c4cff607556fb7129,False,0,4488,4488,cf8bee4faf9f1e67678d45b7cd8c350d04e95baeead6b79c4cff607556fb7129,cf8bee4faf9f1e67678d45b7cd8c350d04e95baeead6b79c4cff607556fb7129,True,2
test,14,1359,1914,cf8bee4faf9f1e67678d45b7cd8c350d04e95baeead6b79c4cff607556fb7129,False,0,4488,4488,cf8bee4faf9f1e67678d45b7cd8c350d04e95baeead6b79c4cff607556fb7129,cf8bee4faf9f1e67678d45b7cd8c350d04e95baeead6b79c4cff607556fb7129,True,2
test,15,1013,1844,cf8bee4faf9f1e67678d45b7cd8c350d04e95baeead6b79c4cff607556fb7129,False,0,4488,4488,cf8bee4faf9f1e67678d45b7cd8c350d04e95baeead6b79c4cff607556fb7129,cf8bee4faf9f1e67678d45b7cd8c350d04e95baeead6b79c4cff607556fb7129,True,2
test,16,2263,2490,cf8bee4faf9f1e67678d45b7cd8c350d04e95baeead6b79c4cff607556fb7129,False,0,4488,4488,cf8bee4faf9f1e67678d45b7cd8c350d04e95baeead6b79c4cff607556fb7129,cf8bee4faf9f1e67678d45b7cd8c350d04e95baeead6b79c4cff607556fb7129,True,2
test,17,1072,1802,cf8bee4faf9f1e67678d45b7cd8c350d04e95baeead6b79c4cff607556fb7129,False,0,4488,4488,cf8bee4faf9f1e67678d45b7cd8c350d04e95baeead6b79c4cff607556fb7129,cf8bee4faf9f1e67678d45b7cd8c350d04e95baeead6b79c4cff607556fb7129,True,2
test,18,968,1986,cf8bee4faf9f1e67678d45b7cd8c350d04e95baeead6b79c4cff607556fb7129,False,0,4488,4488,cf8bee4faf9f1e67678d45b7cd8c350d04e95baeead6b79c4cff607556fb7129,cf8bee4faf9f1e67678d45b7cd8c350d04e95baeead6b79c4cff607556fb7129,True,2
test,19,968,1603,cf8bee4faf9f1e67678d45b7cd8c350d04e95baeead6b79c4cff607556fb7129,False,0,4488,4488,cf8bee4faf9f1e67678d45b7cd8c350d04e95baeead6b79c4cff607556fb7129,cf8bee4faf9f1e67678d45b7cd8c350d04e95baeead6b79c4cff607556fb7129,True,2
test,20,650,1486,cf8bee4faf9f1e67678d45b7cd8c350d04e95baeead6b79c4cff607556fb7129,False,0,4488,4488,cf8bee4faf9f1e67678d45b7cd8c350d04e95baeead6b79c4cff607556fb7129,cf8bee4faf9f1e67678d45b7cd8c350d04e95baeead6b79c4cff607556fb7129,True,2
test,21,73,1751,cf8bee4faf9f1e67678d45b7cd8c350d04e95baeead6b79c4cff607556fb7129,False,0,4488,4488,cf8bee4faf9f1e67678d45b7cd8c350d04e95baeead6b79c4cff607556fb7129,cf8bee4faf9f1e67678d45b7cd8c350d04e95baeead6b79c4cff607556fb7129,True,2
test,22,1602,2074,cf8bee4faf9f1e67678d45b7cd8c350d04e95baeead6b79c4cff607556fb7129,False,0,4488,4488,cf8bee4faf9f1e67678d45b7cd8c350d04e95baeead6b79c4cff607556fb7129,cf8bee4faf9f1e67678d45b7cd8c350d04e95baeead6b79c4cff607556fb7129,True,2
test,23,1599,2614,cf8bee4faf9f1e67678d45b7cd8c350d04e95baeead6b79c4cff607556fb7129,False,0,4488,4488,cf8bee4faf9f1e67678d45b7cd8c350d04e95baeead6b79c4cff607556fb7129,cf8bee4faf9f1e67678d45b7cd8c350d04e95baeead6b79c4cff607556fb7129,True,2
test,24,1201,2533,cf8bee4faf9f1e67678d45b7cd8c350d04e95baeead6b79c4cff607556fb7129,False,0,4488,4488,cf8bee4faf9f1e67678d45b7cd8c350d04e95baeead6b79c4cff607556fb7129,cf8bee4faf9f1e67678d45b7cd8c350d04e95baeead6b79c4cff607556fb7129,True,2
test,25,1409,1826,cf8bee4faf9f1e67678d45b7cd8c350d04e95baeead6b79c4cff607556fb7129,False,0,4488,4488,cf8bee4faf9f1e67678d45b7cd8c350d04e95baeead6b79c4cff607556fb7129,cf8bee4faf9f1e67678d45b7cd8c350d04e95baeead6b79c4cff607556fb7129,True,2
test,26,756,885,cf8bee4faf9f1e67678d45b7cd8c350d04e95baeead6b79c4cff607556fb7129,False,0,4488,4488,cf8bee4faf9f1e67678d45b7cd8c350d04e95baeead6b79c4cff607556fb7129,cf8bee4faf9f1e67678d45b7cd8c350d04e95baeead6b79c4cff607556fb7129,True,2
test,27,1153,1401,cf8bee4faf9f1e67678d45b7cd8c350d04e95baeead6b79c4cff607556fb7129,False,0,4488,4488,cf8bee4faf9f1e67678d45b7cd8c350d04e95baeead6b79c4cff607556fb7129,cf8bee4faf9f1e67678d45b7cd8c350d04e95baeead6b79c4cff607556fb7129,True,2
test,28,102,1251,cf8bee4faf9f1e67678d45b7cd8c350d04e95baeead6b79c4cff607556fb7129,False,0,4488,4488,cf8bee4faf9f1e67678d45b7cd8c350d04e95baeead6b79c4cff607556fb7129,cf8bee4faf9f1e67678d45b7cd8c350d04e95baeead6b79c4cff607556fb7129,True,2
test,29,1282,1735,cf8bee4faf9f1e67678d45b7cd8c350d04e95baeead6b79c4cff607556fb7129,False,0,4488,4488,cf8bee4faf9f1e67678d45b7cd8c350d04e95baeead6b79c4cff607556fb7129,cf8bee4faf9f1e67678d45b7cd8c350d04e95baeead6b79c4cff607556fb7129,True,2
test,30,1440,1701,cf8bee4faf9f1e67678d45b7cd8c350d04e95baeead6b79c4cff607556fb7129,False,0,4488,4488,cf8bee4faf9f1e67678d45b7cd8c350d04e95baeead6b79c4cff607556fb7129,cf8bee4faf9f1e67678d45b7cd8c350d04e95baeead6b79c4cff607556fb7129,True,2
test,31,118,581,cf8bee4faf9f1e67678d45b7cd8c350d04e95baeead6b79c4cff607556fb7129,False,0,4488,4488,cf8bee4faf9f1e67678d45b7cd8c350d04e95baeead6b79c4cff607556fb7129,cf8bee4faf9f1e67678d45b7cd8c350d04e95baeead6b79c4cff607556fb7129,True,2
test,32,124,1367,cf8bee4faf9f1e67678d45b7cd8c350d04e95baeead6b79c4cff607556fb7129,False,0,4488,4488,cf8bee4faf9f1e67678d45b7cd8c350d04e95baeead6b79c4cff607556fb7129,cf8bee4faf9f1e67678d45b7cd8c350d04e95baeead6b79c4cff607556fb7129,True,2
test,33,1042,1517,cf8bee4faf9f1e67678d45b7cd8c350d04e95baeead6b79c4cff607556fb7129,False,0,4488,4488,cf8bee4faf9f1e67678d45b7cd8c350d04e95baeead6b79c4cff607556fb7129,cf8bee4faf9f1e67678d45b7cd8c350d04e95baeead6b79c4cff607556fb7129,True,2
test,34,492,1533,cf8bee4faf9f1e67678d45b7cd8c350d04e95baeead6b79c4cff607556fb7129,False,0,4488,4488,cf8bee4faf9f1e67678d45b7cd8c350d04e95baeead6b79c4cff607556fb7129,cf8bee4faf9f1e67678d45b7cd8c350d04e95baeead6b79c4cff607556fb7129,True,2
test,35,972,1000,cf8bee4faf9f1e67678d45b7cd8c350d04e95baeead6b79c4cff607556fb7129,False,0,4488,4488,cf8bee4faf9f1e67678d45b7cd8c350d04e95baeead6b79c4cff607556fb7129,cf8bee4faf9f1e67678d45b7cd8c350d04e95baeead6b79c4cff607556fb7129,True,2
test,36,468,647,cf8bee4faf9f1e67678d45b7cd8c350d04e95baeead6b79c4cff607556fb7129,False,0,4488,4488,cf8bee4faf9f1e67678d45b7cd8c350d04e95baeead6b79c4cff607556fb7129,cf8bee4faf9f1e67678d45b7cd8c350d04e95baeead6b79c4cff607556fb7129,True,2
test,37,121,1910,cf8bee4faf9f1e67678d45b7cd8c350d04e95baeead6b79c4cff607556fb7129,False,0,4488,4488,cf8bee4faf9f1e67678d45b7cd8c350d04e95baeead6b79c4cff607556fb7129,cf8bee4faf9f1e67678d45b7cd8c350d04e95baeead6b79c4cff607556fb7129,True,2
test,38,547,598,cf8bee4faf9f1e67678d45b7cd8c350d04e95baeead6b79c4cff607556fb7129,False,0,4488,4488,cf8bee4faf9f1e67678d45b7cd8c350d04e95baeead6b79c4cff607556fb7129,cf8bee4faf9f1e67678d45b7cd8c350d04e95baeead6b79c4cff607556fb7129,True,2
test,39,452,1258,cf8bee4faf9f1e67678d45b7cd8c350d04e95baeead6b79c4cff607556fb7129,False,0,4488,4488,cf8bee4faf9f1e67678d45b7cd8c350d04e95baeead6b79c4cff607556fb7129,cf8bee4faf9f1e67678d45b7cd8c350d04e95baeead6b79c4cff607556fb7129,True,2
test,40,1109,2671,cf8bee4faf9f1e67678d45b7cd8c350d04e95baeead6b79c4cff607556fb7129,False,0,4488,4488,cf8bee4faf9f1e67678d45b7cd8c350d04e95baeead6b79c4cff607556fb7129,cf8bee4faf9f1e67678d45b7cd8c350d04e95baeead6b79c4cff607556fb7129,True,2
test,41,1365,1702,cf8bee4faf9f1e67678d45b7cd8c350d04e95baeead6b79c4cff607556fb7129,False,0,4488,4488,cf8bee4faf9f1e67678d45b7cd8c350d04e95baeead6b79c4cff607556fb7129,cf8bee4faf9f1e67678d45b7cd8c350d04e95baeead6b79c4cff607556fb7129,True,2
test,42,326,1358,cf8bee4faf9f1e67678d45b7cd8c350d04e95baeead6b79c4cff607556fb7129,False,0,4488,4488,cf8bee4faf9f1e67678d45b7cd8c350d04e95baeead6b79c4cff607556fb7129,cf8bee4faf9f1e67678d45b7cd8c350d04e95baeead6b79c4cff607556fb7129,True,2
test,43,718,2059,cf8bee4faf9f1e67678d45b7cd8c350d04e95baeead6b79c4cff607556fb7129,False,0,4488,4488,cf8bee4faf9f1e67678d45b7cd8c350d04e95baeead6b79c4cff607556fb7129,cf8bee4faf9f1e67678d45b7cd8c350d04e95baeead6b79c4cff607556fb7129,True,2
test,44,1085,1421,cf8bee4faf9f1e67678d45b7cd8c350d04e95baeead6b79c4cff607556fb7129,False,0,4488,4488,cf8bee4faf9f1e67678d45b7cd8c350d04e95baeead6b79c4cff607556fb7129,cf8bee4faf9f1e67678d45b7cd8c350d04e95baeead6b79c4cff607556fb7129,True,2
test,45,166,2617,cf8bee4faf9f1e67678d45b7cd8c350d04e95baeead6b79c4cff607556fb7129,False,0,4488,4488,cf8bee4faf9f1e67678d45b7cd8c350d04e95baeead6b79c4cff607556fb7129,cf8bee4faf9f1e67678d45b7cd8c350d04e95baeead6b79c4cff607556fb7129,True,2
test,46,1856,2045,cf8bee4faf9f1e67678d45b7cd8c350d04e95baeead6b79c4cff607556fb7129,False,0,4488,4488,cf8bee4faf9f1e67678d45b7cd8c350d04e95baeead6b79c4cff607556fb7129,cf8bee4faf9f1e67678d45b7cd8c350d04e95baeead6b79c4cff607556fb7129,True,2
test,47,958,1798,cf8bee4faf9f1e67678d45b7cd8c350d04e95baeead6b79c4cff607556fb7129,False,0,4488,4488,cf8bee4faf9f1e67678d45b7cd8c350d04e95baeead6b79c4cff607556fb7129,cf8bee4faf9f1e67678d45b7cd8c350d04e95baeead6b79c4cff607556fb7129,True,2
test,48,1358,1568,cf8bee4faf9f1e67678d45b7cd8c350d04e95baeead6b79c4cff607556fb7129,False,0,4488,4488,cf8bee4faf9f1e67678d45b7cd8c350d04e95baeead6b79c4cff607556fb7129,cf8bee4faf9f1e67678d45b7cd8c350d04e95baeead6b79c4cff607556fb7129,True,2
test,49,1501,2228,cf8bee4faf9f1e67678d45b7cd8c350d04e95baeead6b79c4cff607556fb7129,False,0,4488,4488,cf8bee4faf9f1e67678d45b7cd8c350d04e95baeead6b79c4cff607556fb7129,cf8bee4faf9f1e67678d45b7cd8c350d04e95baeead6b79c4cff607556fb7129,True,2
test,50,14,2668,cf8bee4faf9f1e67678d45b7cd8c350d04e95baeead6b79c4cff607556fb7129,False,0,4488,4488,cf8bee4faf9f1e67678d45b7cd8c350d04e95baeead6b79c4cff607556fb7129,cf8bee4faf9f1e67678d45b7cd8c350d04e95baeead6b79c4cff607556fb7129,True,2
test,51,1038,1358,cf8bee4faf9f1e67678d45b7cd8c350d04e95baeead6b79c4cff607556fb7129,False,0,4488,4488,cf8bee4faf9f1e67678d45b7cd8c350d04e95baeead6b79c4cff607556fb7129,cf8bee4faf9f1e67678d45b7cd8c350d04e95baeead6b79c4cff607556fb7129,True,2
test,52,1385,2335,cf8bee4faf9f1e67678d45b7cd8c350d04e95baeead6b79c4cff607556fb7129,False,0,4488,4488,cf8bee4faf9f1e67678d45b7cd8c350d04e95baeead6b79c4cff607556fb7129,cf8bee4faf9f1e67678d45b7cd8c350d04e95baeead6b79c4cff607556fb7129,True,2
test,53,1849,1914,cf8bee4faf9f1e67678d45b7cd8c350d04e95baeead6b79c4cff607556fb7129,False,0,4488,4488,cf8bee4faf9f1e67678d45b7cd8c350d04e95baeead6b79c4cff607556fb7129,cf8bee4faf9f1e67678d45b7cd8c350d04e95baeead6b79c4cff607556fb7129,True,2
test,54,1773,1780,cf8bee4faf9f1e67678d45b7cd8c350d04e95baeead6b79c4cff607556fb7129,False,0,4488,4488,cf8bee4faf9f1e67678d45b7cd8c350d04e95baeead6b79c4cff607556fb7129,cf8bee4faf9f1e67678d45b7cd8c350d04e95baeead6b79c4cff607556fb7129,True,2
test,55,306,656,cf8bee4faf9f1e67678d45b7cd8c350d04e95baeead6b79c4cff607556fb7129,False,0,4488,4488,cf8bee4faf9f1e67678d45b7cd8c350d04e95baeead6b79c4cff607556fb7129,cf8bee4faf9f1e67678d45b7cd8c350d04e95baeead6b79c4cff607556fb7129,True,2
test,56,1351,1535,cf8bee4faf9f1e67678d45b7cd8c350d04e95baeead6b79c4cff607556fb7129,False,0,4488,4488,cf8bee4faf9f1e67678d45b7cd8c350d04e95baeead6b79c4cff607556fb7129,cf8bee4faf9f1e67678d45b7cd8c350d04e95baeead6b79c4cff607556fb7129,True,2
test,57,2457,2458,cf8bee4faf9f1e67678d45b7cd8c350d04e95baeead6b79c4cff607556fb7129,False,0,4488,4488,cf8bee4faf9f1e67678d45b7cd8c350d04e95baeead6b79c4cff607556fb7129,cf8bee4faf9f1e67678d45b7cd8c350d04e95baeead6b79c4cff607556fb7129,True,2
test,58,109,1805,cf8bee4faf9f1e67678d45b7cd8c350d04e95baeead6b79c4cff607556fb7129,False,0,4488,4488,cf8bee4faf9f1e67678d45b7cd8c350d04e95baeead6b79c4cff607556fb7129,cf8bee4faf9f1e67678d45b7cd8c350d04e95baeead6b79c4cff607556fb7129,True,2
test,59,907,1351,cf8bee4faf9f1e67678d45b7cd8c350d04e95baeead6b79c4cff607556fb7129,False,0,4488,4488,cf8bee4faf9f1e67678d45b7cd8c350d04e95baeead6b79c4cff607556fb7129,cf8bee4faf9f1e67678d45b7cd8c350d04e95baeead6b79c4cff607556fb7129,True,2
test,60,748,1617,cf8bee4faf9f1e67678d45b7cd8c350d04e95baeead6b79c4cff607556fb7129,False,0,4488,4488,cf8bee4faf9f1e67678d45b7cd8c350d04e95baeead6b79c4cff607556fb7129,cf8bee4faf9f1e67678d45b7cd8c350d04e95baeead6b79c4cff607556fb7129,True,2
test,61,1357,2170,cf8bee4faf9f1e67678d45b7cd8c350d04e95baeead6b79c4cff607556fb7129,False,0,4488,4488,cf8bee4faf9f1e67678d45b7cd8c350d04e95baeead6b79c4cff607556fb7129,cf8bee4faf9f1e67678d45b7cd8c350d04e95baeead6b79c4cff607556fb7129,True,2
test,62,645,1495,cf8bee4faf9f1e67678d45b7cd8c350d04e95baeead6b79c4cff607556fb7129,False,0,4488,4488,cf8bee4faf9f1e67678d45b7cd8c350d04e95baeead6b79c4cff607556fb7129,cf8bee4faf9f1e67678d45b7cd8c350d04e95baeead6b79c4cff607556fb7129,True,2
test,63,56,1849,cf8bee4faf9f1e67678d45b7cd8c350d04e95baeead6b79c4cff607556fb7129,False,0,4488,4488,cf8bee4faf9f1e67678d45b7cd8c350d04e95baeead6b79c4cff607556fb7129,cf8bee4faf9f1e67678d45b7cd8c350d04e95baeead6b79c4cff607556fb7129,True,2
test,64,743,1570,cf8bee4faf9f1e67678d45b7cd8c350d04e95baeead6b79c4cff607556fb7129,False,0,4488,4488,cf8bee4faf9f1e67678d45b7cd8c350d04e95baeead6b79c4cff607556fb7129,cf8bee4faf9f1e67678d45b7cd8c350d04e95baeead6b79c4cff607556fb7129,True,2
test,65,8,281,cf8bee4faf9f1e67678d45b7cd8c350d04e95baeead6b79c4cff607556fb7129,False,0,4488,4488,cf8bee4faf9f1e67678d45b7cd8c350d04e95baeead6b79c4cff607556fb7129,cf8bee4faf9f1e67678d45b7cd8c350d04e95baeead6b79c4cff607556fb7129,True,2
test,66,598,1301,cf8bee4faf9f1e67678d45b7cd8c350d04e95baeead6b79c4cff607556fb7129,False,0,4488,4488,cf8bee4faf9f1e67678d45b7cd8c350d04e95baeead6b79c4cff607556fb7129,cf8bee4faf9f1e67678d45b7cd8c350d04e95baeead6b79c4cff607556fb7129,True,2
test,67,1388,2181,cf8bee4faf9f1e67678d45b7cd8c350d04e95baeead6b79c4cff607556fb7129,False,0,4488,4488,cf8bee4faf9f1e67678d45b7cd8c350d04e95baeead6b79c4cff607556fb7129,cf8bee4faf9f1e67678d45b7cd8c350d04e95baeead6b79c4cff607556fb7129,True,2
test,68,1818,2305,cf8bee4faf9f1e67678d45b7cd8c350d04e95baeead6b79c4cff607556fb7129,False,0,4488,4488,cf8bee4faf9f1e67678d45b7cd8c350d04e95baeead6b79c4cff607556fb7129,cf8bee4faf9f1e67678d45b7cd8c350d04e95baeead6b79c4cff607556fb7129,True,2
test,69,2228,2394,cf8bee4faf9f1e67678d45b7cd8c350d04e95baeead6b79c4cff607556fb7129,False,0,4488,4488,cf8bee4faf9f1e67678d45b7cd8c350d04e95baeead6b79c4cff607556fb7129,cf8bee4faf9f1e67678d45b7cd8c350d04e95baeead6b79c4cff607556fb7129,True,2
test,70,2303,2541,cf8bee4faf9f1e67678d45b7cd8c350d04e95baeead6b79c4cff607556fb7129,False,0,4488,4488,cf8bee4faf9f1e67678d45b7cd8c350d04e95baeead6b79c4cff607556fb7129,cf8bee4faf9f1e67678d45b7cd8c350d04e95baeead6b79c4cff607556fb7129,True,2
test,71,1395,2072,cf8bee4faf9f1e67678d45b7cd8c350d04e95baeead6b79c4cff607556fb7129,False,0,4488,4488,cf8bee4faf9f1e67678d45b7cd8c350d04e95baeead6b79c4cff607556fb7129,cf8bee4faf9f1e67678d45b7cd8c350d04e95baeead6b79c4cff607556fb7129,True,2
test,72,1091,2176,cf8bee4faf9f1e67678d45b7cd8c350d04e95baeead6b79c4cff607556fb7129,False,0,4488,4488,cf8bee4faf9f1e67678d45b7cd8c350d04e95baeead6b79c4cff607556fb7129,cf8bee4faf9f1e67678d45b7cd8c350d04e95baeead6b79c4cff607556fb7129,True,2
test,73,387,2191,cf8bee4faf9f1e67678d45b7cd8c350d04e95baeead6b79c4cff607556fb7129,False,0,4488,4488,cf8bee4faf9f1e67678d45b7cd8c350d04e95baeead6b79c4cff607556fb7129,cf8bee4faf9f1e67678d45b7cd8c350d04e95baeead6b79c4cff607556fb7129,True,2
test,74,926,1862,cf8bee4faf9f1e67678d45b7cd8c350d04e95baeead6b79c4cff607556fb7129,False,0,4488,4488,cf8bee4faf9f1e67678d45b7cd8c350d04e95baeead6b79c4cff607556fb7129,cf8bee4faf9f1e67678d45b7cd8c350d04e95baeead6b79c4cff607556fb7129,True,2
test,75,1125,2332,cf8bee4faf9f1e67678d45b7cd8c350d04e95baeead6b79c4cff607556fb7129,False,0,4488,4488,cf8bee4faf9f1e67678d45b7cd8c350d04e95baeead6b79c4cff607556fb7129,cf8bee4faf9f1e67678d45b7cd8c350d04e95baeead6b79c4cff607556fb7129,True,2
test,76,577,2351,cf8bee4faf9f1e67678d45b7cd8c350d04e95baeead6b79c4cff607556fb7129,False,0,4488,4488,cf8bee4faf9f1e67678d45b7cd8c350d04e95baeead6b79c4cff607556fb7129,cf8bee4faf9f1e67678d45b7cd8c350d04e95baeead6b79c4cff607556fb7129,True,2
test,77,45,2667,cf8bee4faf9f1e67678d45b7cd8c350d04e95baeead6b79c4cff607556fb7129,False,0,4488,4488,cf8bee4faf9f1e67678d45b7cd8c350d04e95baeead6b79c4cff607556fb7129,cf8bee4faf9f1e67678d45b7cd8c350d04e95baeead6b79c4cff607556fb7129,True,2
test,78,1273,2125,cf8bee4faf9f1e67678d45b7cd8c350d04e95baeead6b79c4cff607556fb7129,False,0,4488,4488,cf8bee4faf9f1e67678d45b7cd8c350d04e95baeead6b79c4cff607556fb7129,cf8bee4faf9f1e67678d45b7cd8c350d04e95baeead6b79c4cff607556fb7129,True,2
test,79,2045,2047,cf8bee4faf9f1e67678d45b7cd8c350d04e95baeead6b79c4cff607556fb7129,False,0,4488,4488,cf8bee4faf9f1e67678d45b7cd8c350d04e95baeead6b79c4cff607556fb7129,cf8bee4faf9f1e67678d45b7cd8c350d04e95baeead6b79c4cff607556fb7129,True,2
test,80,341,2045,cf8bee4faf9f1e67678d45b7cd8c350d04e95baeead6b79c4cff607556fb7129,False,0,4488,4488,cf8bee4faf9f1e67678d45b7cd8c350d04e95baeead6b79c4cff607556fb7129,cf8bee4faf9f1e67678d45b7cd8c350d04e95baeead6b79c4cff607556fb7129,True,2
test,81,6,1042,cf8bee4faf9f1e67678d45b7cd8c350d04e95baeead6b79c4cff607556fb7129,False,0,4488,4488,cf8bee4faf9f1e67678d45b7cd8c350d04e95baeead6b79c4cff607556fb7129,cf8bee4faf9f1e67678d45b7cd8c350d04e95baeead6b79c4cff607556fb7129,True,2
test,82,1920,1926,cf8bee4faf9f1e67678d45b7cd8c350d04e95baeead6b79c4cff607556fb7129,False,0,4488,4488,cf8bee4faf9f1e67678d45b7cd8c350d04e95baeead6b79c4cff607556fb7129,cf8bee4faf9f1e67678d45b7cd8c350d04e95baeead6b79c4cff607556fb7129,True,2
test,83,1568,1729,cf8bee4faf9f1e67678d45b7cd8c350d04e95baeead6b79c4cff607556fb7129,False,0,4488,4488,cf8bee4faf9f1e67678d45b7cd8c350d04e95baeead6b79c4cff607556fb7129,cf8bee4faf9f1e67678d45b7cd8c350d04e95baeead6b79c4cff607556fb7129,True,2
test,84,360,1824,cf8bee4faf9f1e67678d45b7cd8c350d04e95baeead6b79c4cff607556fb7129,False,0,4488,4488,cf8bee4faf9f1e67678d45b7cd8c350d04e95baeead6b79c4cff607556fb7129,cf8bee4faf9f1e67678d45b7cd8c350d04e95baeead6b79c4cff607556fb7129,True,2
test,85,482,2308,cf8bee4faf9f1e67678d45b7cd8c350d04e95baeead6b79c4cff607556fb7129,False,0,4488,4488,cf8bee4faf9f1e67678d45b7cd8c350d04e95baeead6b79c4cff607556fb7129,cf8bee4faf9f1e67678d45b7cd8c350d04e95baeead6b79c4cff607556fb7129,True,2
test,86,1522,1697,cf8bee4faf9f1e67678d45b7cd8c350d04e95baeead6b79c4cff607556fb7129,False,0,4488,4488,cf8bee4faf9f1e67678d45b7cd8c350d04e95baeead6b79c4cff607556fb7129,cf8bee4faf9f1e67678d45b7cd8c350d04e95baeead6b79c4cff607556fb7129,True,2
test,87,741,1088,cf8bee4faf9f1e67678d45b7cd8c350d04e95baeead6b79c4cff607556fb7129,False,0,4488,4488,cf8bee4faf9f1e67678d45b7cd8c350d04e95baeead6b79c4cff607556fb7129,cf8bee4faf9f1e67678d45b7cd8c350d04e95baeead6b79c4cff607556fb7129,True,2
test,88,1191,1558,cf8bee4faf9f1e67678d45b7cd8c350d04e95baeead6b79c4cff607556fb7129,False,0,4488,4488,cf8bee4faf9f1e67678d45b7cd8c350d04e95baeead6b79c4cff607556fb7129,cf8bee4faf9f1e67678d45b7cd8c350d04e95baeead6b79c4cff607556fb7129,True,2
test,89,306,2078,cf8bee4faf9f1e67678d45b7cd8c350d04e95baeead6b79c4cff607556fb7129,False,0,4488,4488,cf8bee4faf9f1e67678d45b7cd8c350d04e95baeead6b79c4cff607556fb7129,cf8bee4faf9f1e67678d45b7cd8c350d04e95baeead6b79c4cff607556fb7129,True,2
test,90,86,2295,cf8bee4faf9f1e67678d45b7cd8c350d04e95baeead6b79c4cff607556fb7129,False,0,4488,4488,cf8bee4faf9f1e67678d45b7cd8c350d04e95baeead6b79c4cff607556fb7129,cf8bee4faf9f1e67678d45b7cd8c350d04e95baeead6b79c4cff607556fb7129,True,2
test,91,364,1632,cf8bee4faf9f1e67678d45b7cd8c350d04e95baeead6b79c4cff607556fb7129,False,0,4488,4488,cf8bee4faf9f1e67678d45b7cd8c350d04e95baeead6b79c4cff607556fb7129,cf8bee4faf9f1e67678d45b7cd8c350d04e95baeead6b79c4cff607556fb7129,True,2
test,92,1358,1742,cf8bee4faf9f1e67678d45b7cd8c350d04e95baeead6b79c4cff607556fb7129,False,0,4488,4488,cf8bee4faf9f1e67678d45b7cd8c350d04e95baeead6b79c4cff607556fb7129,cf8bee4faf9f1e67678d45b7cd8c350d04e95baeead6b79c4cff607556fb7129,True,2
test,93,52,2053,cf8bee4faf9f1e67678d45b7cd8c350d04e95baeead6b79c4cff607556fb7129,False,0,4488,4488,cf8bee4faf9f1e67678d45b7cd8c350d04e95baeead6b79c4cff607556fb7129,cf8bee4faf9f1e67678d45b7cd8c350d04e95baeead6b79c4cff607556fb7129,True,2
test,94,1240,2237,cf8bee4faf9f1e67678d45b7cd8c350d04e95baeead6b79c4cff607556fb7129,False,0,4488,4488,cf8bee4faf9f1e67678d45b7cd8c350d04e95baeead6b79c4cff607556fb7129,cf8bee4faf9f1e67678d45b7cd8c350d04e95baeead6b79c4cff607556fb7129,True,2
test,95,779,1370,cf8bee4faf9f1e67678d45b7cd8c350d04e95baeead6b79c4cff607556fb7129,False,0,4488,4488,cf8bee4faf9f1e67678d45b7cd8c350d04e95baeead6b79c4cff607556fb7129,cf8bee4faf9f1e67678d45b7cd8c350d04e95baeead6b79c4cff607556fb7129,True,2
test,96,2509,2519,cf8bee4faf9f1e67678d45b7cd8c350d04e95baeead6b79c4cff607556fb7129,False,0,4488,4488,cf8bee4faf9f1e67678d45b7cd8c350d04e95baeead6b79c4cff607556fb7129,cf8bee4faf9f1e67678d45b7cd8c350d04e95baeead6b79c4cff607556fb7129,True,2
test,97,71,1986,cf8bee4faf9f1e67678d45b7cd8c350d04e95baeead6b79c4cff607556fb7129,False,0,4488,4488,cf8bee4faf9f1e67678d45b7cd8c350d04e95baeead6b79c4cff607556fb7129,cf8bee4faf9f1e67678d45b7cd8c350d04e95baeead6b79c4cff607556fb7129,True,2
test,98,2139,2140,cf8bee4faf9f1e67678d45b7cd8c350d04e95baeead6b79c4cff607556fb7129,False,0,4488,4488,cf8bee4faf9f1e67678d45b7cd8c350d04e95baeead6b79c4cff607556fb7129,cf8bee4faf9f1e67678d45b7cd8c350d04e95baeead6b79c4cff607556fb7129,True,2
test,99,249,621,cf8bee4faf9f1e67678d45b7cd8c350d04e95baeead6b79c4cff607556fb7129,False,0,4488,4488,cf8bee4faf9f1e67678d45b7cd8c350d04e95baeead6b79c4cff607556fb7129,cf8bee4faf9f1e67678d45b7cd8c350d04e95baeead6b79c4cff607556fb7129,True,2
test,100,1194,1366,cf8bee4faf9f1e67678d45b7cd8c350d04e95baeead6b79c4cff607556fb7129,False,0,4488,4488,cf8bee4faf9f1e67678d45b7cd8c350d04e95baeead6b79c4cff607556fb7129,cf8bee4faf9f1e67678d45b7cd8c350d04e95baeead6b79c4cff607556fb7129,True,2
test,101,963,2400,cf8bee4faf9f1e67678d45b7cd8c350d04e95baeead6b79c4cff607556fb7129,False,0,4488,4488,cf8bee4faf9f1e67678d45b7cd8c350d04e95baeead6b79c4cff607556fb7129,cf8bee4faf9f1e67678d45b7cd8c350d04e95baeead6b79c4cff607556fb7129,True,2
test,102,649,1457,cf8bee4faf9f1e67678d45b7cd8c350d04e95baeead6b79c4cff607556fb7129,False,0,4488,4488,cf8bee4faf9f1e67678d45b7cd8c350d04e95baeead6b79c4cff607556fb7129,cf8bee4faf9f1e67678d45b7cd8c350d04e95baeead6b79c4cff607556fb7129,True,2
test,103,873,1358,cf8bee4faf9f1e67678d45b7cd8c350d04e95baeead6b79c4cff607556fb7129,False,0,4488,4488,cf8bee4faf9f1e67678d45b7cd8c350d04e95baeead6b79c4cff607556fb7129,cf8bee4faf9f1e67678d45b7cd8c350d04e95baeead6b79c4cff607556fb7129,True,2
test,104,152,2238,cf8bee4faf9f1e67678d45b7cd8c350d04e95baeead6b79c4cff607556fb7129,False,0,4488,4488,cf8bee4faf9f1e67678d45b7cd8c350d04e95baeead6b79c4cff607556fb7129,cf8bee4faf9f1e67678d45b7cd8c350d04e95baeead6b79c4cff607556fb7129,True,2
test,105,438,1985,cf8bee4faf9f1e67678d45b7cd8c350d04e95baeead6b79c4cff607556fb7129,False,0,4488,4488,cf8bee4faf9f1e67678d45b7cd8c350d04e95baeead6b79c4cff607556fb7129,cf8bee4faf9f1e67678d45b7cd8c350d04e95baeead6b79c4cff607556fb7129,True,2
test,106,241,1441,cf8bee4faf9f1e67678d45b7cd8c350d04e95baeead6b79c4cff607556fb7129,False,0,4488,4488,cf8bee4faf9f1e67678d45b7cd8c350d04e95baeead6b79c4cff607556fb7129,cf8bee4faf9f1e67678d45b7cd8c350d04e95baeead6b79c4cff607556fb7129,True,2
test,107,876,2168,cf8bee4faf9f1e67678d45b7cd8c350d04e95baeead6b79c4cff607556fb7129,False,0,4488,4488,cf8bee4faf9f1e67678d45b7cd8c350d04e95baeead6b79c4cff607556fb7129,cf8bee4faf9f1e67678d45b7cd8c350d04e95baeead6b79c4cff607556fb7129,True,2
test,108,1013,1120,cf8bee4faf9f1e67678d45b7cd8c350d04e95baeead6b79c4cff607556fb7129,False,0,4488,4488,cf8bee4faf9f1e67678d45b7cd8c350d04e95baeead6b79c4cff607556fb7129,cf8bee4faf9f1e67678d45b7cd8c350d04e95baeead6b79c4cff607556fb7129,True,2
test,109,315,1602,cf8bee4faf9f1e67678d45b7cd8c350d04e95baeead6b79c4cff607556fb7129,False,0,4488,4488,cf8bee4faf9f1e67678d45b7cd8c350d04e95baeead6b79c4cff607556fb7129,cf8bee4faf9f1e67678d45b7cd8c350d04e95baeead6b79c4cff607556fb7129,True,2
test,110,889,1832,cf8bee4faf9f1e67678d45b7cd8c350d04e95baeead6b79c4cff607556fb7129,False,0,4488,4488,cf8bee4faf9f1e67678d45b7cd8c350d04e95baeead6b79c4cff607556fb7129,cf8bee4faf9f1e67678d45b7cd8c350d04e95baeead6b79c4cff607556fb7129,True,2
test,111,404,1170,cf8bee4faf9f1e67678d45b7cd8c350d04e95baeead6b79c4cff607556fb7129,False,0,4488,4488,cf8bee4faf9f1e67678d45b7cd8c350d04e95baeead6b79c4cff607556fb7129,cf8bee4faf9f1e67678d45b7cd8c350d04e95baeead6b79c4cff607556fb7129,True,2
test,112,154,1358,cf8bee4faf9f1e67678d45b7cd8c350d04e95baeead6b79c4cff607556fb7129,False,0,4488,4488,cf8bee4faf9f1e67678d45b7cd8c350d04e95baeead6b79c4cff607556fb7129,cf8bee4faf9f1e67678d45b7cd8c350d04e95baeead6b79c4cff607556fb7129,True,2
test,113,1623,1767,cf8bee4faf9f1e67678d45b7cd8c350d04e95baeead6b79c4cff607556fb7129,False,0,4488,4488,cf8bee4faf9f1e67678d45b7cd8c350d04e95baeead6b79c4cff607556fb7129,cf8bee4faf9f1e67678d45b7cd8c350d04e95baeead6b79c4cff607556fb7129,True,2
test,114,606,1666,cf8bee4faf9f1e67678d45b7cd8c350d04e95baeead6b79c4cff607556fb7129,False,0,4488,4488,cf8bee4faf9f1e67678d45b7cd8c350d04e95baeead6b79c4cff607556fb7129,cf8bee4faf9f1e67678d45b7cd8c350d04e95baeead6b79c4cff607556fb7129,True,2
test,115,155,1358,cf8bee4faf9f1e67678d45b7cd8c350d04e95baeead6b79c4cff607556fb7129,False,0,4488,4488,cf8bee4faf9f1e67678d45b7cd8c350d04e95baeead6b79c4cff607556fb7129,cf8bee4faf9f1e67678d45b7cd8c350d04e95baeead6b79c4cff607556fb7129,True,2
test,116,354,1803,cf8bee4faf9f1e67678d45b7cd8c350d04e95baeead6b79c4cff607556fb7129,False,0,4488,4488,cf8bee4faf9f1e67678d45b7cd8c350d04e95baeead6b79c4cff607556fb7129,cf8bee4faf9f1e67678d45b7cd8c350d04e95baeead6b79c4cff607556fb7129,True,2
test,117,738,2162,cf8bee4faf9f1e67678d45b7cd8c350d04e95baeead6b79c4cff607556fb7129,False,0,4488,4488,cf8bee4faf9f1e67678d45b7cd8c350d04e95baeead6b79c4cff607556fb7129,cf8bee4faf9f1e67678d45b7cd8c350d04e95baeead6b79c4cff607556fb7129,True,2
test,118,1421,1975,cf8bee4faf9f1e67678d45b7cd8c350d04e95baeead6b79c4cff607556fb7129,False,0,4488,4488,cf8bee4faf9f1e67678d45b7cd8c350d04e95baeead6b79c4cff607556fb7129,cf8bee4faf9f1e67678d45b7cd8c350d04e95baeead6b79c4cff607556fb7129,True,2
test,119,1844,2276,cf8bee4faf9f1e67678d45b7cd8c350d04e95baeead6b79c4cff607556fb7129,False,0,4488,4488,cf8bee4faf9f1e67678d45b7cd8c350d04e95baeead6b79c4cff607556fb7129,cf8bee4faf9f1e67678d45b7cd8c350d04e95baeead6b79c4cff607556fb7129,True,2
test,120,1526,1977,cf8bee4faf9f1e67678d45b7cd8c350d04e95baeead6b79c4cff607556fb7129,False,0,4488,4488,cf8bee4faf9f1e67678d45b7cd8c350d04e95baeead6b79c4cff607556fb7129,cf8bee4faf9f1e67678d45b7cd8c350d04e95baeead6b79c4cff607556fb7129,True,2
test,121,171,775,cf8bee4faf9f1e67678d45b7cd8c350d04e95baeead6b79c4cff607556fb7129,False,0,4488,4488,cf8bee4faf9f1e67678d45b7cd8c350d04e95baeead6b79c4cff607556fb7129,cf8bee4faf9f1e67678d45b7cd8c350d04e95baeead6b79c4cff607556fb7129,True,2
test,122,1752,1754,cf8bee4faf9f1e67678d45b7cd8c350d04e95baeead6b79c4cff607556fb7129,False,0,4488,4488,cf8bee4faf9f1e67678d45b7cd8c350d04e95baeead6b79c4cff607556fb7129,cf8bee4faf9f1e67678d45b7cd8c350d04e95baeead6b79c4cff607556fb7129,True,2
test,123,331,2480,cf8bee4faf9f1e67678d45b7cd8c350d04e95baeead6b79c4cff607556fb7129,False,0,4488,4488,cf8bee4faf9f1e67678d45b7cd8c350d04e95baeead6b79c4cff607556fb7129,cf8bee4faf9f1e67678d45b7cd8c350d04e95baeead6b79c4cff607556fb7129,True,2
test,124,1015,1452,cf8bee4faf9f1e67678d45b7cd8c350d04e95baeead6b79c4cff607556fb7129,False,0,4488,4488,cf8bee4faf9f1e67678d45b7cd8c350d04e95baeead6b79c4cff607556fb7129,cf8bee4faf9f1e67678d45b7cd8c350d04e95baeead6b79c4cff607556fb7129,True,2
test,125,1206,2671,cf8bee4faf9f1e67678d45b7cd8c350d04e95baeead6b79c4cff607556fb7129,False,0,4488,4488,cf8bee4faf9f1e67678d45b7cd8c350d04e95baeead6b79c4cff607556fb7129,cf8bee4faf9f1e67678d45b7cd8c350d04e95baeead6b79c4cff607556fb7129,True,2
test,126,1136,1189,cf8bee4faf9f1e67678d45b7cd8c350d04e95baeead6b79c4cff607556fb7129,False,0,4488,4488,cf8bee4faf9f1e67678d45b7cd8c350d04e95baeead6b79c4cff607556fb7129,cf8bee4faf9f1e67678d45b7cd8c350d04e95baeead6b79c4cff607556fb7129,True,2
test,127,1469,2590,cf8bee4faf9f1e67678d45b7cd8c350d04e95baeead6b79c4cff607556fb7129,False,0,4488,4488,cf8bee4faf9f1e67678d45b7cd8c350d04e95baeead6b79c4cff607556fb7129,cf8bee4faf9f1e67678d45b7cd8c350d04e95baeead6b79c4cff607556fb7129,True,2
test,128,332,2122,cf8bee4faf9f1e67678d45b7cd8c350d04e95baeead6b79c4cff607556fb7129,False,0,4488,4488,cf8bee4faf9f1e67678d45b7cd8c350d04e95baeead6b79c4cff607556fb7129,cf8bee4faf9f1e67678d45b7cd8c350d04e95baeead6b79c4cff607556fb7129,True,2
test,129,306,2086,cf8bee4faf9f1e67678d45b7cd8c350d04e95baeead6b79c4cff607556fb7129,False,0,4488,4488,cf8bee4faf9f1e67678d45b7cd8c350d04e95baeead6b79c4cff607556fb7129,cf8bee4faf9f1e67678d45b7cd8c350d04e95baeead6b79c4cff607556fb7129,True,2
test,130,177,726,cf8bee4faf9f1e67678d45b7cd8c350d04e95baeead6b79c4cff607556fb7129,False,0,4488,4488,cf8bee4faf9f1e67678d45b7cd8c350d04e95baeead6b79c4cff607556fb7129,cf8bee4faf9f1e67678d45b7cd8c350d04e95baeead6b79c4cff607556fb7129,True,2
test,131,486,2668,cf8bee4faf9f1e67678d45b7cd8c350d04e95baeead6b79c4cff607556fb7129,False,0,4488,4488,cf8bee4faf9f1e67678d45b7cd8c350d04e95baeead6b79c4cff607556fb7129,cf8bee4faf9f1e67678d45b7cd8c350d04e95baeead6b79c4cff607556fb7129,True,2
test,132,242,2280,cf8bee4faf9f1e67678d45b7cd8c350d04e95baeead6b79c4cff607556fb7129,False,0,4488,4488,cf8bee4faf9f1e67678d45b7cd8c350d04e95baeead6b79c4cff607556fb7129,cf8bee4faf9f1e67678d45b7cd8c350d04e95baeead6b79c4cff607556fb7129,True,2
test,133,33,698,cf8bee4faf9f1e67678d45b7cd8c350d04e95baeead6b79c4cff607556fb7129,False,0,4488,4488,cf8bee4faf9f1e67678d45b7cd8c350d04e95baeead6b79c4cff607556fb7129,cf8bee4faf9f1e67678d45b7cd8c350d04e95baeead6b79c4cff607556fb7129,True,2
test,134,231,551,cf8bee4faf9f1e67678d45b7cd8c350d04e95baeead6b79c4cff607556fb7129,False,0,4488,4488,cf8bee4faf9f1e67678d45b7cd8c350d04e95baeead6b79c4cff607556fb7129,cf8bee4faf9f1e67678d45b7cd8c350d04e95baeead6b79c4cff607556fb7129,True,2
test,135,1026,1303,cf8bee4faf9f1e67678d45b7cd8c350d04e95baeead6b79c4cff607556fb7129,False,0,4488,4488,cf8bee4faf9f1e67678d45b7cd8c350d04e95baeead6b79c4cff607556fb7129,cf8bee4faf9f1e67678d45b7cd8c350d04e95baeead6b79c4cff607556fb7129,True,2
test,136,964,965,cf8bee4faf9f1e67678d45b7cd8c350d04e95baeead6b79c4cff607556fb7129,False,0,4488,4488,cf8bee4faf9f1e67678d45b7cd8c350d04e95baeead6b79c4cff607556fb7129,cf8bee4faf9f1e67678d45b7cd8c350d04e95baeead6b79c4cff607556fb7129,True,2
test,137,277,973,cf8bee4faf9f1e67678d45b7cd8c350d04e95baeead6b79c4cff607556fb7129,False,0,4488,4488,cf8bee4faf9f1e67678d45b7cd8c350d04e95baeead6b79c4cff607556fb7129,cf8bee4faf9f1e67678d45b7cd8c350d04e95baeead6b79c4cff607556fb7129,True,2
test,138,1289,1705,cf8bee4faf9f1e67678d45b7cd8c350d04e95baeead6b79c4cff607556fb7129,False,0,4488,4488,cf8bee4faf9f1e67678d45b7cd8c350d04e95baeead6b79c4cff607556fb7129,cf8bee4faf9f1e67678d45b7cd8c350d04e95baeead6b79c4cff607556fb7129,True,2
test,139,371,1354,cf8bee4faf9f1e67678d45b7cd8c350d04e95baeead6b79c4cff607556fb7129,False,0,4488,4488,cf8bee4faf9f1e67678d45b7cd8c350d04e95baeead6b79c4cff607556fb7129,cf8bee4faf9f1e67678d45b7cd8c350d04e95baeead6b79c4cff607556fb7129,True,2
test,140,1042,2052,cf8bee4faf9f1e67678d45b7cd8c350d04e95baeead6b79c4cff607556fb7129,False,0,4488,4488,cf8bee4faf9f1e67678d45b7cd8c350d04e95baeead6b79c4cff607556fb7129,cf8bee4faf9f1e67678d45b7cd8c350d04e95baeead6b79c4cff607556fb7129,True,2
test,141,372,1834,cf8bee4faf9f1e67678d45b7cd8c350d04e95baeead6b79c4cff607556fb7129,False,0,4488,4488,cf8bee4faf9f1e67678d45b7cd8c350d04e95baeead6b79c4cff607556fb7129,cf8bee4faf9f1e67678d45b7cd8c350d04e95baeead6b79c4cff607556fb7129,True,2
test,142,541,647,cf8bee4faf9f1e67678d45b7cd8c350d04e95baeead6b79c4cff607556fb7129,False,0,4488,4488,cf8bee4faf9f1e67678d45b7cd8c350d04e95baeead6b79c4cff607556fb7129,cf8bee4faf9f1e67678d45b7cd8c350d04e95baeead6b79c4cff607556fb7129,True,2
test,143,297,899,cf8bee4faf9f1e67678d45b7cd8c350d04e95baeead6b79c4cff607556fb7129,False,0,4488,4488,cf8bee4faf9f1e67678d45b7cd8c350d04e95baeead6b79c4cff607556fb7129,cf8bee4faf9f1e67678d45b7cd8c350d04e95baeead6b79c4cff607556fb7129,True,2
test,144,13,1701,cf8bee4faf9f1e67678d45b7cd8c350d04e95baeead6b79c4cff607556fb7129,False,0,4488,4488,cf8bee4faf9f1e67678d45b7cd8c350d04e95baeead6b79c4cff607556fb7129,cf8bee4faf9f1e67678d45b7cd8c350d04e95baeead6b79c4cff607556fb7129,True,2
test,145,210,1671,cf8bee4faf9f1e67678d45b7cd8c350d04e95baeead6b79c4cff607556fb7129,False,0,4488,4488,cf8bee4faf9f1e67678d45b7cd8c350d04e95baeead6b79c4cff607556fb7129,cf8bee4faf9f1e67678d45b7cd8c350d04e95baeead6b79c4cff607556fb7129,True,2
test,146,1709,1739,cf8bee4faf9f1e67678d45b7cd8c350d04e95baeead6b79c4cff607556fb7129,False,0,4488,4488,cf8bee4faf9f1e67678d45b7cd8c350d04e95baeead6b79c4cff607556fb7129,cf8bee4faf9f1e67678d45b7cd8c350d04e95baeead6b79c4cff607556fb7129,True,2
test,147,876,1358,cf8bee4faf9f1e67678d45b7cd8c350d04e95baeead6b79c4cff607556fb7129,False,0,4488,4488,cf8bee4faf9f1e67678d45b7cd8c350d04e95baeead6b79c4cff607556fb7129,cf8bee4faf9f1e67678d45b7cd8c350d04e95baeead6b79c4cff607556fb7129,True,2
test,148,725,1652,cf8bee4faf9f1e67678d45b7cd8c350d04e95baeead6b79c4cff607556fb7129,False,0,4488,4488,cf8bee4faf9f1e67678d45b7cd8c350d04e95baeead6b79c4cff607556fb7129,cf8bee4faf9f1e67678d45b7cd8c350d04e95baeead6b79c4cff607556fb7129,True,2
test,149,1624,1705,cf8bee4faf9f1e67678d45b7cd8c350d04e95baeead6b79c4cff607556fb7129,False,0,4488,4488,cf8bee4faf9f1e67678d45b7cd8c350d04e95baeead6b79c4cff607556fb7129,cf8bee4faf9f1e67678d45b7cd8c350d04e95baeead6b79c4cff607556fb7129,True,2
test,150,2382,2383,cf8bee4faf9f1e67678d45b7cd8c350d04e95baeead6b79c4cff607556fb7129,False,0,4488,4488,cf8bee4faf9f1e67678d45b7cd8c350d04e95baeead6b79c4cff607556fb7129,cf8bee4faf9f1e67678d45b7cd8c350d04e95baeead6b79c4cff607556fb7129,True,2
test,151,1257,2677,cf8bee4faf9f1e67678d45b7cd8c350d04e95baeead6b79c4cff607556fb7129,False,0,4488,4488,cf8bee4faf9f1e67678d45b7cd8c350d04e95baeead6b79c4cff607556fb7129,cf8bee4faf9f1e67678d45b7cd8c350d04e95baeead6b79c4cff607556fb7129,True,2
test,152,1282,1776,cf8bee4faf9f1e67678d45b7cd8c350d04e95baeead6b79c4cff607556fb7129,False,0,4488,4488,cf8bee4faf9f1e67678d45b7cd8c350d04e95baeead6b79c4cff607556fb7129,cf8bee4faf9f1e67678d45b7cd8c350d04e95baeead6b79c4cff607556fb7129,True,2
test,153,681,1445,cf8bee4faf9f1e67678d45b7cd8c350d04e95baeead6b79c4cff607556fb7129,False,0,4488,4488,cf8bee4faf9f1e67678d45b7cd8c350d04e95baeead6b79c4cff607556fb7129,cf8bee4faf9f1e67678d45b7cd8c350d04e95baeead6b79c4cff607556fb7129,True,2
test,154,513,1528,cf8bee4faf9f1e67678d45b7cd8c350d04e95baeead6b79c4cff607556fb7129,False,0,4488,4488,cf8bee4faf9f1e67678d45b7cd8c350d04e95baeead6b79c4cff607556fb7129,cf8bee4faf9f1e67678d45b7cd8c350d04e95baeead6b79c4cff607556fb7129,True,2
test,155,310,1950,cf8bee4faf9f1e67678d45b7cd8c350d04e95baeead6b79c4cff607556fb7129,False,0,4488,4488,cf8bee4faf9f1e67678d45b7cd8c350d04e95baeead6b79c4cff607556fb7129,cf8bee4faf9f1e67678d45b7cd8c350d04e95baeead6b79c4cff607556fb7129,True,2
test,156,88,696,cf8bee4faf9f1e67678d45b7cd8c350d04e95baeead6b79c4cff607556fb7129,False,0,4488,4488,cf8bee4faf9f1e67678d45b7cd8c350d04e95baeead6b79c4cff607556fb7129,cf8bee4faf9f1e67678d45b7cd8c350d04e95baeead6b79c4cff607556fb7129,True,2
test,157,832,2600,cf8bee4faf9f1e67678d45b7cd8c350d04e95baeead6b79c4cff607556fb7129,False,0,4488,4488,cf8bee4faf9f1e67678d45b7cd8c350d04e95baeead6b79c4cff607556fb7129,cf8bee4faf9f1e67678d45b7cd8c350d04e95baeead6b79c4cff607556fb7129,True,2
test,158,1731,1755,cf8bee4faf9f1e67678d45b7cd8c350d04e95baeead6b79c4cff607556fb7129,False,0,4488,4488,cf8bee4faf9f1e67678d45b7cd8c350d04e95baeead6b79c4cff607556fb7129,cf8bee4faf9f1e67678d45b7cd8c350d04e95baeead6b79c4cff607556fb7129,True,2
test,159,291,1692,cf8bee4faf9f1e67678d45b7cd8c350d04e95baeead6b79c4cff607556fb7129,False,0,4488,4488,cf8bee4faf9f1e67678d45b7cd8c350d04e95baeead6b79c4cff607556fb7129,cf8bee4faf9f1e67678d45b7cd8c350d04e95baeead6b79c4cff607556fb7129,True,2
test,160,876,2584,cf8bee4faf9f1e67678d45b7cd8c350d04e95baeead6b79c4cff607556fb7129,False,0,4488,4488,cf8bee4faf9f1e67678d45b7cd8c350d04e95baeead6b79c4cff607556fb7129,cf8bee4faf9f1e67678d45b7cd8c350d04e95baeead6b79c4cff607556fb7129,True,2
test,161,51,1392,cf8bee4faf9f1e67678d45b7cd8c350d04e95baeead6b79c4cff607556fb7129,False,0,4488,4488,cf8bee4faf9f1e67678d45b7cd8c350d04e95baeead6b79c4cff607556fb7129,cf8bee4faf9f1e67678d45b7cd8c350d04e95baeead6b79c4cff607556fb7129,True,2
test,162,1254,1308,cf8bee4faf9f1e67678d45b7cd8c350d04e95baeead6b79c4cff607556fb7129,False,0,4488,4488,cf8bee4faf9f1e67678d45b7cd8c350d04e95baeead6b79c4cff607556fb7129,cf8bee4faf9f1e67678d45b7cd8c350d04e95baeead6b79c4cff607556fb7129,True,2
test,163,124,306,cf8bee4faf9f1e67678d45b7cd8c350d04e95baeead6b79c4cff607556fb7129,False,0,4488,4488,cf8bee4faf9f1e67678d45b7cd8c350d04e95baeead6b79c4cff607556fb7129,cf8bee4faf9f1e67678d45b7cd8c350d04e95baeead6b79c4cff607556fb7129,True,2
test,164,571,696,cf8bee4faf9f1e67678d45b7cd8c350d04e95baeead6b79c4cff607556fb7129,False,0,4488,4488,cf8bee4faf9f1e67678d45b7cd8c350d04e95baeead6b79c4cff607556fb7129,cf8bee4faf9f1e67678d45b7cd8c350d04e95baeead6b79c4cff607556fb7129,True,2
test,165,426,1789,cf8bee4faf9f1e67678d45b7cd8c350d04e95baeead6b79c4cff607556fb7129,False,0,4488,4488,cf8bee4faf9f1e67678d45b7cd8c350d04e95baeead6b79c4cff607556fb7129,cf8bee4faf9f1e67678d45b7cd8c350d04e95baeead6b79c4cff607556fb7129,True,2
test,166,2001,2335,cf8bee4faf9f1e67678d45b7cd8c350d04e95baeead6b79c4cff607556fb7129,False,0,4488,4488,cf8bee4faf9f1e67678d45b7cd8c350d04e95baeead6b79c4cff607556fb7129,cf8bee4faf9f1e67678d45b7cd8c350d04e95baeead6b79c4cff607556fb7129,True,2
test,167,36,1552,cf8bee4faf9f1e67678d45b7cd8c350d04e95baeead6b79c4cff607556fb7129,False,0,4488,4488,cf8bee4faf9f1e67678d45b7cd8c350d04e95baeead6b79c4cff607556fb7129,cf8bee4faf9f1e67678d45b7cd8c350d04e95baeead6b79c4cff607556fb7129,True,2
test,168,217,2473,cf8bee4faf9f1e67678d45b7cd8c350d04e95baeead6b79c4cff607556fb7129,False,0,4488,4488,cf8bee4faf9f1e67678d45b7cd8c350d04e95baeead6b79c4cff607556fb7129,cf8bee4faf9f1e67678d45b7cd8c350d04e95baeead6b79c4cff607556fb7129,True,2
test,169,2164,2217,cf8bee4faf9f1e67678d45b7cd8c350d04e95baeead6b79c4cff607556fb7129,False,0,4488,4488,cf8bee4faf9f1e67678d45b7cd8c350d04e95baeead6b79c4cff607556fb7129,cf8bee4faf9f1e67678d45b7cd8c350d04e95baeead6b79c4cff607556fb7129,True,2
test,170,1701,1867,cf8bee4faf9f1e67678d45b7cd8c350d04e95baeead6b79c4cff607556fb7129,False,0,4488,4488,cf8bee4faf9f1e67678d45b7cd8c350d04e95baeead6b79c4cff607556fb7129,cf8bee4faf9f1e67678d45b7cd8c350d04e95baeead6b79c4cff607556fb7129,True,2
test,171,549,1497,cf8bee4faf9f1e67678d45b7cd8c350d04e95baeead6b79c4cff607556fb7129,False,0,4488,4488,cf8bee4faf9f1e67678d45b7cd8c350d04e95baeead6b79c4cff607556fb7129,cf8bee4faf9f1e67678d45b7cd8c350d04e95baeead6b79c4cff607556fb7129,True,2
test,172,308,1670,cf8bee4faf9f1e67678d45b7cd8c350d04e95baeead6b79c4cff607556fb7129,False,0,4488,4488,cf8bee4faf9f1e67678d45b7cd8c350d04e95baeead6b79c4cff607556fb7129,cf8bee4faf9f1e67678d45b7cd8c350d04e95baeead6b79c4cff607556fb7129,True,2
test,173,1102,2464,cf8bee4faf9f1e67678d45b7cd8c350d04e95baeead6b79c4cff607556fb7129,False,0,4488,4488,cf8bee4faf9f1e67678d45b7cd8c350d04e95baeead6b79c4cff607556fb7129,cf8bee4faf9f1e67678d45b7cd8c350d04e95baeead6b79c4cff607556fb7129,True,2
test,174,836,2078,cf8bee4faf9f1e67678d45b7cd8c350d04e95baeead6b79c4cff607556fb7129,False,0,4488,4488,cf8bee4faf9f1e67678d45b7cd8c350d04e95baeead6b79c4cff607556fb7129,cf8bee4faf9f1e67678d45b7cd8c350d04e95baeead6b79c4cff607556fb7129,True,2
test,175,1396,2394,cf8bee4faf9f1e67678d45b7cd8c350d04e95baeead6b79c4cff607556fb7129,False,0,4488,4488,cf8bee4faf9f1e67678d45b7cd8c350d04e95baeead6b79c4cff607556fb7129,cf8bee4faf9f1e67678d45b7cd8c350d04e95baeead6b79c4cff607556fb7129,True,2
test,176,294,306,cf8bee4faf9f1e67678d45b7cd8c350d04e95baeead6b79c4cff607556fb7129,False,0,4488,4488,cf8bee4faf9f1e67678d45b7cd8c350d04e95baeead6b79c4cff607556fb7129,cf8bee4faf9f1e67678d45b7cd8c350d04e95baeead6b79c4cff607556fb7129,True,2
test,177,1876,1986,cf8bee4faf9f1e67678d45b7cd8c350d04e95baeead6b79c4cff607556fb7129,False,0,4488,4488,cf8bee4faf9f1e67678d45b7cd8c350d04e95baeead6b79c4cff607556fb7129,cf8bee4faf9f1e67678d45b7cd8c350d04e95baeead6b79c4cff607556fb7129,True,2
test,178,1050,1320,cf8bee4faf9f1e67678d45b7cd8c350d04e95baeead6b79c4cff607556fb7129,False,0,4488,4488,cf8bee4faf9f1e67678d45b7cd8c350d04e95baeead6b79c4cff607556fb7129,cf8bee4faf9f1e67678d45b7cd8c350d04e95baeead6b79c4cff607556fb7129,True,2
test,179,561,1016,cf8bee4faf9f1e67678d45b7cd8c350d04e95baeead6b79c4cff607556fb7129,False,0,4488,4488,cf8bee4faf9f1e67678d45b7cd8c350d04e95baeead6b79c4cff607556fb7129,cf8bee4faf9f1e67678d45b7cd8c350d04e95baeead6b79c4cff607556fb7129,True,2
test,180,858,2182,cf8bee4faf9f1e67678d45b7cd8c350d04e95baeead6b79c4cff607556fb7129,False,0,4488,4488,cf8bee4faf9f1e67678d45b7cd8c350d04e95baeead6b79c4cff607556fb7129,cf8bee4faf9f1e67678d45b7cd8c350d04e95baeead6b79c4cff607556fb7129,True,2
test,181,151,2238,cf8bee4faf9f1e67678d45b7cd8c350d04e95baeead6b79c4cff607556fb7129,False,0,4488,4488,cf8bee4faf9f1e67678d45b7cd8c350d04e95baeead6b79c4cff607556fb7129,cf8bee4faf9f1e67678d45b7cd8c350d04e95baeead6b79c4cff607556fb7129,True,2
test,182,1171,1909,cf8bee4faf9f1e67678d45b7cd8c350d04e95baeead6b79c4cff607556fb7129,False,0,4488,4488,cf8bee4faf9f1e67678d45b7cd8c350d04e95baeead6b79c4cff607556fb7129,cf8bee4faf9f1e67678d45b7cd8c350d04e95baeead6b79c4cff607556fb7129,True,2
test,183,1154,1358,cf8bee4faf9f1e67678d45b7cd8c350d04e95baeead6b79c4cff607556fb7129,False,0,4488,4488,cf8bee4faf9f1e67678d45b7cd8c350d04e95baeead6b79c4cff607556fb7129,cf8bee4faf9f1e67678d45b7cd8c350d04e95baeead6b79c4cff607556fb7129,True,2
test,184,541,1022,cf8bee4faf9f1e67678d45b7cd8c350d04e95baeead6b79c4cff607556fb7129,False,0,4488,4488,cf8bee4faf9f1e67678d45b7cd8c350d04e95baeead6b79c4cff607556fb7129,cf8bee4faf9f1e67678d45b7cd8c350d04e95baeead6b79c4cff607556fb7129,True,2
test,185,132,379,cf8bee4faf9f1e67678d45b7cd8c350d04e95baeead6b79c4cff607556fb7129,False,0,4488,4488,cf8bee4faf9f1e67678d45b7cd8c350d04e95baeead6b79c4cff607556fb7129,cf8bee4faf9f1e67678d45b7cd8c350d04e95baeead6b79c4cff607556fb7129,True,2
test,186,1203,1410,cf8bee4faf9f1e67678d45b7cd8c350d04e95baeead6b79c4cff607556fb7129,False,0,4488,4488,cf8bee4faf9f1e67678d45b7cd8c350d04e95baeead6b79c4cff607556fb7129,cf8bee4faf9f1e67678d45b7cd8c350d04e95baeead6b79c4cff607556fb7129,True,2
test,187,2151,2423,cf8bee4faf9f1e67678d45b7cd8c350d04e95baeead6b79c4cff607556fb7129,False,0,4488,4488,cf8bee4faf9f1e67678d45b7cd8c350d04e95baeead6b79c4cff607556fb7129,cf8bee4faf9f1e67678d45b7cd8c350d04e95baeead6b79c4cff607556fb7129,True,2
test,188,1641,2495,cf8bee4faf9f1e67678d45b7cd8c350d04e95baeead6b79c4cff607556fb7129,False,0,4488,4488,cf8bee4faf9f1e67678d45b7cd8c350d04e95baeead6b79c4cff607556fb7129,cf8bee4faf9f1e67678d45b7cd8c350d04e95baeead6b79c4cff607556fb7129,True,2
test,189,478,514,cf8bee4faf9f1e67678d45b7cd8c350d04e95baeead6b79c4cff607556fb7129,False,0,4488,4488,cf8bee4faf9f1e67678d45b7cd8c350d04e95baeead6b79c4cff607556fb7129,cf8bee4faf9f1e67678d45b7cd8c350d04e95baeead6b79c4cff607556fb7129,True,2
test,190,2471,2493,cf8bee4faf9f1e67678d45b7cd8c350d04e95baeead6b79c4cff607556fb7129,False,0,4488,4488,cf8bee4faf9f1e67678d45b7cd8c350d04e95baeead6b79c4cff607556fb7129,cf8bee4faf9f1e67678d45b7cd8c350d04e95baeead6b79c4cff607556fb7129,True,2
test,191,42,87,cf8bee4faf9f1e67678d45b7cd8c350d04e95baeead6b79c4cff607556fb7129,False,0,4488,4488,cf8bee4faf9f1e67678d45b7cd8c350d04e95baeead6b79c4cff607556fb7129,cf8bee4faf9f1e67678d45b7cd8c350d04e95baeead6b79c4cff607556fb7129,True,2
test,192,793,1902,cf8bee4faf9f1e67678d45b7cd8c350d04e95baeead6b79c4cff607556fb7129,False,0,4488,4488,cf8bee4faf9f1e67678d45b7cd8c350d04e95baeead6b79c4cff607556fb7129,cf8bee4faf9f1e67678d45b7cd8c350d04e95baeead6b79c4cff607556fb7129,True,2
test,193,30,738,cf8bee4faf9f1e67678d45b7cd8c350d04e95baeead6b79c4cff607556fb7129,False,0,4488,4488,cf8bee4faf9f1e67678d45b7cd8c350d04e95baeead6b79c4cff607556fb7129,cf8bee4faf9f1e67678d45b7cd8c350d04e95baeead6b79c4cff607556fb7129,True,2
test,194,424,436,cf8bee4faf9f1e67678d45b7cd8c350d04e95baeead6b79c4cff607556fb7129,False,0,4488,4488,cf8bee4faf9f1e67678d45b7cd8c350d04e95baeead6b79c4cff607556fb7129,cf8bee4faf9f1e67678d45b7cd8c350d04e95baeead6b79c4cff607556fb7129,True,2
test,195,417,1072,cf8bee4faf9f1e67678d45b7cd8c350d04e95baeead6b79c4cff607556fb7129,False,0,4488,4488,cf8bee4faf9f1e67678d45b7cd8c350d04e95baeead6b79c4cff607556fb7129,cf8bee4faf9f1e67678d45b7cd8c350d04e95baeead6b79c4cff607556fb7129,True,2
test,196,1675,1914,cf8bee4faf9f1e67678d45b7cd8c350d04e95baeead6b79c4cff607556fb7129,False,0,4488,4488,cf8bee4faf9f1e67678d45b7cd8c350d04e95baeead6b79c4cff607556fb7129,cf8bee4faf9f1e67678d45b7cd8c350d04e95baeead6b79c4cff607556fb7129,True,2
test,197,405,2059,cf8bee4faf9f1e67678d45b7cd8c350d04e95baeead6b79c4cff607556fb7129,False,0,4488,4488,cf8bee4faf9f1e67678d45b7cd8c350d04e95baeead6b79c4cff607556fb7129,cf8bee4faf9f1e67678d45b7cd8c350d04e95baeead6b79c4cff607556fb7129,True,2
test,198,1623,1769,cf8bee4faf9f1e67678d45b7cd8c350d04e95baeead6b79c4cff607556fb7129,False,0,4488,4488,cf8bee4faf9f1e67678d45b7cd8c350d04e95baeead6b79c4cff607556fb7129,cf8bee4faf9f1e67678d45b7cd8c350d04e95baeead6b79c4cff607556fb7129,True,2
test,199,1194,2670,cf8bee4faf9f1e67678d45b7cd8c350d04e95baeead6b79c4cff607556fb7129,False,0,4488,4488,cf8bee4faf9f1e67678d45b7cd8c350d04e95baeead6b79c4cff607556fb7129,cf8bee4faf9f1e67678d45b7cd8c350d04e95baeead6b79c4cff607556fb7129,True,2
test,200,85,2488,cf8bee4faf9f1e67678d45b7cd8c350d04e95baeead6b79c4cff607556fb7129,False,0,4488,4488,cf8bee4faf9f1e67678d45b7cd8c350d04e95baeead6b79c4cff607556fb7129,cf8bee4faf9f1e67678d45b7cd8c350d04e95baeead6b79c4cff607556fb7129,True,2
test,201,2251,2252,cf8bee4faf9f1e67678d45b7cd8c350d04e95baeead6b79c4cff607556fb7129,False,0,4488,4488,cf8bee4faf9f1e67678d45b7cd8c350d04e95baeead6b79c4cff607556fb7129,cf8bee4faf9f1e67678d45b7cd8c350d04e95baeead6b79c4cff607556fb7129,True,2
test,202,472,2029,cf8bee4faf9f1e67678d45b7cd8c350d04e95baeead6b79c4cff607556fb7129,False,0,4488,4488,cf8bee4faf9f1e67678d45b7cd8c350d04e95baeead6b79c4cff607556fb7129,cf8bee4faf9f1e67678d45b7cd8c350d04e95baeead6b79c4cff607556fb7129,True,2
test,203,267,2000,cf8bee4faf9f1e67678d45b7cd8c350d04e95baeead6b79c4cff607556fb7129,False,0,4488,4488,cf8bee4faf9f1e67678d45b7cd8c350d04e95baeead6b79c4cff607556fb7129,cf8bee4faf9f1e67678d45b7cd8c350d04e95baeead6b79c4cff607556fb7129,True,2
test,204,1889,1890,cf8bee4faf9f1e67678d45b7cd8c350d04e95baeead6b79c4cff607556fb7129,False,0,4488,4488,cf8bee4faf9f1e67678d45b7cd8c350d04e95baeead6b79c4cff607556fb7129,cf8bee4faf9f1e67678d45b7cd8c350d04e95baeead6b79c4cff607556fb7129,True,2
test,205,1134,2296,cf8bee4faf9f1e67678d45b7cd8c350d04e95baeead6b79c4cff607556fb7129,False,0,4488,4488,cf8bee4faf9f1e67678d45b7cd8c350d04e95baeead6b79c4cff607556fb7129,cf8bee4faf9f1e67678d45b7cd8c350d04e95baeead6b79c4cff607556fb7129,True,2
test,206,1635,2383,cf8bee4faf9f1e67678d45b7cd8c350d04e95baeead6b79c4cff607556fb7129,False,0,4488,4488,cf8bee4faf9f1e67678d45b7cd8c350d04e95baeead6b79c4cff607556fb7129,cf8bee4faf9f1e67678d45b7cd8c350d04e95baeead6b79c4cff607556fb7129,True,2
test,207,423,525,cf8bee4faf9f1e67678d45b7cd8c350d04e95baeead6b79c4cff607556fb7129,False,0,4488,4488,cf8bee4faf9f1e67678d45b7cd8c350d04e95baeead6b79c4cff607556fb7129,cf8bee4faf9f1e67678d45b7cd8c350d04e95baeead6b79c4cff607556fb7129,True,2
test,208,252,973,cf8bee4faf9f1e67678d45b7cd8c350d04e95baeead6b79c4cff607556fb7129,False,0,4488,4488,cf8bee4faf9f1e67678d45b7cd8c350d04e95baeead6b79c4cff607556fb7129,cf8bee4faf9f1e67678d45b7cd8c350d04e95baeead6b79c4cff607556fb7129,True,2
test,209,1224,1370,cf8bee4faf9f1e67678d45b7cd8c350d04e95baeead6b79c4cff607556fb7129,False,0,4488,4488,cf8bee4faf9f1e67678d45b7cd8c350d04e95baeead6b79c4cff607556fb7129,cf8bee4faf9f1e67678d45b7cd8c350d04e95baeead6b79c4cff607556fb7129,True,2
test,210,109,1772,cf8bee4faf9f1e67678d45b7cd8c350d04e95baeead6b79c4cff607556fb7129,False,0,4488,4488,cf8bee4faf9f1e67678d45b7cd8c350d04e95baeead6b79c4cff607556fb7129,cf8bee4faf9f1e67678d45b7cd8c350d04e95baeead6b79c4cff607556fb7129,True,2
test,211,402,776,cf8bee4faf9f1e67678d45b7cd8c350d04e95baeead6b79c4cff607556fb7129,False,0,4488,4488,cf8bee4faf9f1e67678d45b7cd8c350d04e95baeead6b79c4cff607556fb7129,cf8bee4faf9f1e67678d45b7cd8c350d04e95baeead6b79c4cff607556fb7129,True,2
test,212,1013,1293,cf8bee4faf9f1e67678d45b7cd8c350d04e95baeead6b79c4cff607556fb7129,False,0,4488,4488,cf8bee4faf9f1e67678d45b7cd8c350d04e95baeead6b79c4cff607556fb7129,cf8bee4faf9f1e67678d45b7cd8c350d04e95baeead6b79c4cff607556fb7129,True,2
test,213,560,2526,cf8bee4faf9f1e67678d45b7cd8c350d04e95baeead6b79c4cff607556fb7129,False,0,4488,4488,cf8bee4faf9f1e67678d45b7cd8c350d04e95baeead6b79c4cff607556fb7129,cf8bee4faf9f1e67678d45b7cd8c350d04e95baeead6b79c4cff607556fb7129,True,2
test,214,306,308,cf8bee4faf9f1e67678d45b7cd8c350d04e95baeead6b79c4cff607556fb7129,False,0,4488,4488,cf8bee4faf9f1e67678d45b7cd8c350d04e95baeead6b79c4cff607556fb7129,cf8bee4faf9f1e67678d45b7cd8c350d04e95baeead6b79c4cff607556fb7129,True,2
test,215,1142,2326,cf8bee4faf9f1e67678d45b7cd8c350d04e95baeead6b79c4cff607556fb7129,False,0,4488,4488,cf8bee4faf9f1e67678d45b7cd8c350d04e95baeead6b79c4cff607556fb7129,cf8bee4faf9f1e67678d45b7cd8c350d04e95baeead6b79c4cff607556fb7129,True,2
test,216,71,2691,cf8bee4faf9f1e67678d45b7cd8c350d04e95baeead6b79c4cff607556fb7129,False,0,4488,4488,cf8bee4faf9f1e67678d45b7cd8c350d04e95baeead6b79c4cff607556fb7129,cf8bee4faf9f1e67678d45b7cd8c350d04e95baeead6b79c4cff607556fb7129,True,2
test,217,460,1989,cf8bee4faf9f1e67678d45b7cd8c350d04e95baeead6b79c4cff607556fb7129,False,0,4488,4488,cf8bee4faf9f1e67678d45b7cd8c350d04e95baeead6b79c4cff607556fb7129,cf8bee4faf9f1e67678d45b7cd8c350d04e95baeead6b79c4cff607556fb7129,True,2
test,218,1531,1889,cf8bee4faf9f1e67678d45b7cd8c350d04e95baeead6b79c4cff607556fb7129,False,0,4488,4488,cf8bee4faf9f1e67678d45b7cd8c350d04e95baeead6b79c4cff607556fb7129,cf8bee4faf9f1e67678d45b7cd8c350d04e95baeead6b79c4cff607556fb7129,True,2
test,219,1070,1470,cf8bee4faf9f1e67678d45b7cd8c350d04e95baeead6b79c4cff607556fb7129,False,0,4488,4488,cf8bee4faf9f1e67678d45b7cd8c350d04e95baeead6b79c4cff607556fb7129,cf8bee4faf9f1e67678d45b7cd8c350d04e95baeead6b79c4cff607556fb7129,True,2
test,220,825,1765,cf8bee4faf9f1e67678d45b7cd8c350d04e95baeead6b79c4cff607556fb7129,False,0,4488,4488,cf8bee4faf9f1e67678d45b7cd8c350d04e95baeead6b79c4cff607556fb7129,cf8bee4faf9f1e67678d45b7cd8c350d04e95baeead6b79c4cff607556fb7129,True,2
test,221,1399,2227,cf8bee4faf9f1e67678d45b7cd8c350d04e95baeead6b79c4cff607556fb7129,False,0,4488,4488,cf8bee4faf9f1e67678d45b7cd8c350d04e95baeead6b79c4cff607556fb7129,cf8bee4faf9f1e67678d45b7cd8c350d04e95baeead6b79c4cff607556fb7129,True,2
test,222,1920,2310,cf8bee4faf9f1e67678d45b7cd8c350d04e95baeead6b79c4cff607556fb7129,False,0,4488,4488,cf8bee4faf9f1e67678d45b7cd8c350d04e95baeead6b79c4cff607556fb7129,cf8bee4faf9f1e67678d45b7cd8c350d04e95baeead6b79c4cff607556fb7129,True,2
test,223,310,1241,cf8bee4faf9f1e67678d45b7cd8c350d04e95baeead6b79c4cff607556fb7129,False,0,4488,4488,cf8bee4faf9f1e67678d45b7cd8c350d04e95baeead6b79c4cff607556fb7129,cf8bee4faf9f1e67678d45b7cd8c350d04e95baeead6b79c4cff607556fb7129,True,2
test,224,653,1231,cf8bee4faf9f1e67678d45b7cd8c350d04e95baeead6b79c4cff607556fb7129,False,0,4488,4488,cf8bee4faf9f1e67678d45b7cd8c350d04e95baeead6b79c4cff607556fb7129,cf8bee4faf9f1e67678d45b7cd8c350d04e95baeead6b79c4cff607556fb7129,True,2
test,225,472,1182,cf8bee4faf9f1e67678d45b7cd8c350d04e95baeead6b79c4cff607556fb7129,False,0,4488,4488,cf8bee4faf9f1e67678d45b7cd8c350d04e95baeead6b79c4cff607556fb7129,cf8bee4faf9f1e67678d45b7cd8c350d04e95baeead6b79c4cff607556fb7129,True,2
test,226,634,2227,cf8bee4faf9f1e67678d45b7cd8c350d04e95baeead6b79c4cff607556fb7129,False,0,4488,4488,cf8bee4faf9f1e67678d45b7cd8c350d04e95baeead6b79c4cff607556fb7129,cf8bee4faf9f1e67678d45b7cd8c350d04e95baeead6b79c4cff607556fb7129,True,2
test,227,165,2706,cf8bee4faf9f1e67678d45b7cd8c350d04e95baeead6b79c4cff607556fb7129,False,0,4488,4488,cf8bee4faf9f1e67678d45b7cd8c350d04e95baeead6b79c4cff607556fb7129,cf8bee4faf9f1e67678d45b7cd8c350d04e95baeead6b79c4cff607556fb7129,True,2
test,228,1200,2414,cf8bee4faf9f1e67678d45b7cd8c350d04e95baeead6b79c4cff607556fb7129,False,0,4488,4488,cf8bee4faf9f1e67678d45b7cd8c350d04e95baeead6b79c4cff607556fb7129,cf8bee4faf9f1e67678d45b7cd8c350d04e95baeead6b79c4cff607556fb7129,True,2
test,229,839,965,cf8bee4faf9f1e67678d45b7cd8c350d04e95baeead6b79c4cff607556fb7129,False,0,4488,4488,cf8bee4faf9f1e67678d45b7cd8c350d04e95baeead6b79c4cff607556fb7129,cf8bee4faf9f1e67678d45b7cd8c350d04e95baeead6b79c4cff607556fb7129,True,2
test,230,456,2347,cf8bee4faf9f1e67678d45b7cd8c350d04e95baeead6b79c4cff607556fb7129,False,0,4488,4488,cf8bee4faf9f1e67678d45b7cd8c350d04e95baeead6b79c4cff607556fb7129,cf8bee4faf9f1e67678d45b7cd8c350d04e95baeead6b79c4cff607556fb7129,True,2
test,231,1224,1525,cf8bee4faf9f1e67678d45b7cd8c350d04e95baeead6b79c4cff607556fb7129,False,0,4488,4488,cf8bee4faf9f1e67678d45b7cd8c350d04e95baeead6b79c4cff607556fb7129,cf8bee4faf9f1e67678d45b7cd8c350d04e95baeead6b79c4cff607556fb7129,True,2
test,232,1725,2597,cf8bee4faf9f1e67678d45b7cd8c350d04e95baeead6b79c4cff607556fb7129,False,0,4488,4488,cf8bee4faf9f1e67678d45b7cd8c350d04e95baeead6b79c4cff607556fb7129,cf8bee4faf9f1e67678d45b7cd8c350d04e95baeead6b79c4cff607556fb7129,True,2
test,233,186,1672,cf8bee4faf9f1e67678d45b7cd8c350d04e95baeead6b79c4cff607556fb7129,False,0,4488,4488,cf8bee4faf9f1e67678d45b7cd8c350d04e95baeead6b79c4cff607556fb7129,cf8bee4faf9f1e67678d45b7cd8c350d04e95baeead6b79c4cff607556fb7129,True,2
test,234,281,2247,cf8bee4faf9f1e67678d45b7cd8c350d04e95baeead6b79c4cff607556fb7129,False,0,4488,4488,cf8bee4faf9f1e67678d45b7cd8c350d04e95baeead6b79c4cff607556fb7129,cf8bee4faf9f1e67678d45b7cd8c350d04e95baeead6b79c4cff607556fb7129,True,2
test,235,1148,1317,cf8bee4faf9f1e67678d45b7cd8c350d04e95baeead6b79c4cff607556fb7129,False,0,4488,4488,cf8bee4faf9f1e67678d45b7cd8c350d04e95baeead6b79c4cff607556fb7129,cf8bee4faf9f1e67678d45b7cd8c350d04e95baeead6b79c4cff607556fb7129,True,2
test,236,2221,2507,cf8bee4faf9f1e67678d45b7cd8c350d04e95baeead6b79c4cff607556fb7129,False,0,4488,4488,cf8bee4faf9f1e67678d45b7cd8c350d04e95baeead6b79c4cff607556fb7129,cf8bee4faf9f1e67678d45b7cd8c350d04e95baeead6b79c4cff607556fb7129,True,2
test,237,2247,2543,cf8bee4faf9f1e67678d45b7cd8c350d04e95baeead6b79c4cff607556fb7129,False,0,4488,4488,cf8bee4faf9f1e67678d45b7cd8c350d04e95baeead6b79c4cff607556fb7129,cf8bee4faf9f1e67678d45b7cd8c350d04e95baeead6b79c4cff607556fb7129,True,2
test,238,1072,1725,cf8bee4faf9f1e67678d45b7cd8c350d04e95baeead6b79c4cff607556fb7129,False,0,4488,4488,cf8bee4faf9f1e67678d45b7cd8c350d04e95baeead6b79c4cff607556fb7129,cf8bee4faf9f1e67678d45b7cd8c350d04e95baeead6b79c4cff607556fb7129,True,2
test,239,764,1358,cf8bee4faf9f1e67678d45b7cd8c350d04e95baeead6b79c4cff607556fb7129,False,0,4488,4488,cf8bee4faf9f1e67678d45b7cd8c350d04e95baeead6b79c4cff607556fb7129,cf8bee4faf9f1e67678d45b7cd8c350d04e95baeead6b79c4cff607556fb7129,True,2
test,240,1901,2284,cf8bee4faf9f1e67678d45b7cd8c350d04e95baeead6b79c4cff607556fb7129,False,0,4488,4488,cf8bee4faf9f1e67678d45b7cd8c350d04e95baeead6b79c4cff607556fb7129,cf8bee4faf9f1e67678d45b7cd8c350d04e95baeead6b79c4cff607556fb7129,True,2
test,241,90,155,cf8bee4faf9f1e67678d45b7cd8c350d04e95baeead6b79c4cff607556fb7129,False,0,4488,4488,cf8bee4faf9f1e67678d45b7cd8c350d04e95baeead6b79c4cff607556fb7129,cf8bee4faf9f1e67678d45b7cd8c350d04e95baeead6b79c4cff607556fb7129,True,2
test,242,1037,2654,cf8bee4faf9f1e67678d45b7cd8c350d04e95baeead6b79c4cff607556fb7129,False,0,4488,4488,cf8bee4faf9f1e67678d45b7cd8c350d04e95baeead6b79c4cff607556fb7129,cf8bee4faf9f1e67678d45b7cd8c350d04e95baeead6b79c4cff607556fb7129,True,2
test,243,609,2448,cf8bee4faf9f1e67678d45b7cd8c350d04e95baeead6b79c4cff607556fb7129,False,0,4488,4488,cf8bee4faf9f1e67678d45b7cd8c350d04e95baeead6b79c4cff607556fb7129,cf8bee4faf9f1e67678d45b7cd8c350d04e95baeead6b79c4cff607556fb7129,True,2
test,244,454,1441,cf8bee4faf9f1e67678d45b7cd8c350d04e95baeead6b79c4cff607556fb7129,False,0,4488,4488,cf8bee4faf9f1e67678d45b7cd8c350d04e95baeead6b79c4cff607556fb7129,cf8bee4faf9f1e67678d45b7cd8c350d04e95baeead6b79c4cff607556fb7129,True,2
test,245,434,1524,cf8bee4faf9f1e67678d45b7cd8c350d04e95baeead6b79c4cff607556fb7129,False,0,4488,4488,cf8bee4faf9f1e67678d45b7cd8c350d04e95baeead6b79c4cff607556fb7129,cf8bee4faf9f1e67678d45b7cd8c350d04e95baeead6b79c4cff607556fb7129,True,2
test,246,1676,1914,cf8bee4faf9f1e67678d45b7cd8c350d04e95baeead6b79c4cff607556fb7129,False,0,4488,4488,cf8bee4faf9f1e67678d45b7cd8c350d04e95baeead6b79c4cff607556fb7129,cf8bee4faf9f1e67678d45b7cd8c350d04e95baeead6b79c4cff607556fb7129,True,2
test,247,449,2581,cf8bee4faf9f1e67678d45b7cd8c350d04e95baeead6b79c4cff607556fb7129,False,0,4488,4488,cf8bee4faf9f1e67678d45b7cd8c350d04e95baeead6b79c4cff607556fb7129,cf8bee4faf9f1e67678d45b7cd8c350d04e95baeead6b79c4cff607556fb7129,True,2
test,248,487,1773,cf8bee4faf9f1e67678d45b7cd8c350d04e95baeead6b79c4cff607556fb7129,False,0,4488,4488,cf8bee4faf9f1e67678d45b7cd8c350d04e95baeead6b79c4cff607556fb7129,cf8bee4faf9f1e67678d45b7cd8c350d04e95baeead6b79c4cff607556fb7129,True,2
test,249,666,1973,cf8bee4faf9f1e67678d45b7cd8c350d04e95baeead6b79c4cff607556fb7129,False,0,4488,4488,cf8bee4faf9f1e67678d45b7cd8c350d04e95baeead6b79c4cff607556fb7129,cf8bee4faf9f1e67678d45b7cd8c350d04e95baeead6b79c4cff607556fb7129,True,2
test,250,873,2313,cf8bee4faf9f1e67678d45b7cd8c350d04e95baeead6b79c4cff607556fb7129,False,0,4488,4488,cf8bee4faf9f1e67678d45b7cd8c350d04e95baeead6b79c4cff607556fb7129,cf8bee4faf9f1e67678d45b7cd8c350d04e95baeead6b79c4cff607556fb7129,True,2
test,251,1986,1991,cf8bee4faf9f1e67678d45b7cd8c350d04e95baeead6b79c4cff607556fb7129,False,0,4488,4488,cf8bee4faf9f1e67678d45b7cd8c350d04e95baeead6b79c4cff607556fb7129,cf8bee4faf9f1e67678d45b7cd8c350d04e95baeead6b79c4cff607556fb7129,True,2
test,252,210,1079,cf8bee4faf9f1e67678d45b7cd8c350d04e95baeead6b79c4cff607556fb7129,False,0,4488,4488,cf8bee4faf9f1e67678d45b7cd8c350d04e95baeead6b79c4cff607556fb7129,cf8bee4faf9f1e67678d45b7cd8c350d04e95baeead6b79c4cff607556fb7129,True,2
test,253,108,2157,cf8bee4faf9f1e67678d45b7cd8c350d04e95baeead6b79c4cff607556fb7129,False,0,4488,4488,cf8bee4faf9f1e67678d45b7cd8c350d04e95baeead6b79c4cff607556fb7129,cf8bee4faf9f1e67678d45b7cd8c350d04e95baeead6b79c4cff607556fb7129,True,2
test,254,534,609,cf8bee4faf9f1e67678d45b7cd8c350d04e95baeead6b79c4cff607556fb7129,False,0,4488,4488,cf8bee4faf9f1e67678d45b7cd8c350d04e95baeead6b79c4cff607556fb7129,cf8bee4faf9f1e67678d45b7cd8c350d04e95baeead6b79c4cff607556fb7129,True,2
test,255,1807,2034,cf8bee4faf9f1e67678d45b7cd8c350d04e95baeead6b79c4cff607556fb7129,False,0,4488,4488,cf8bee4faf9f1e67678d45b7cd8c350d04e95baeead6b79c4cff607556fb7129,cf8bee4faf9f1e67678d45b7cd8c350d04e95baeead6b79c4cff607556fb7129,True,2
test,256,1310,2692,cf8bee4faf9f1e67678d45b7cd8c350d04e95baeead6b79c4cff607556fb7129,False,0,4488,4488,cf8bee4faf9f1e67678d45b7cd8c350d04e95baeead6b79c4cff607556fb7129,cf8bee4faf9f1e67678d45b7cd8c350d04e95baeead6b79c4cff607556fb7129,True,2
test,257,201,1701,cf8bee4faf9f1e67678d45b7cd8c350d04e95baeead6b79c4cff607556fb7129,False,0,4488,4488,cf8bee4faf9f1e67678d45b7cd8c350d04e95baeead6b79c4cff607556fb7129,cf8bee4faf9f1e67678d45b7cd8c350d04e95baeead6b79c4cff607556fb7129,True,2
test,258,2075,2077,cf8bee4faf9f1e67678d45b7cd8c350d04e95baeead6b79c4cff607556fb7129,False,0,4488,4488,cf8bee4faf9f1e67678d45b7cd8c350d04e95baeead6b79c4cff607556fb7129,cf8bee4faf9f1e67678d45b7cd8c350d04e95baeead6b79c4cff607556fb7129,True,2
test,259,367,2451,cf8bee4faf9f1e67678d45b7cd8c350d04e95baeead6b79c4cff607556fb7129,False,0,4488,4488,cf8bee4faf9f1e67678d45b7cd8c350d04e95baeead6b79c4cff607556fb7129,cf8bee4faf9f1e67678d45b7cd8c350d04e95baeead6b79c4cff607556fb7129,True,2
test,260,40,1364,cf8bee4faf9f1e67678d45b7cd8c350d04e95baeead6b79c4cff607556fb7129,False,0,4488,4488,cf8bee4faf9f1e67678d45b7cd8c350d04e95baeead6b79c4cff607556fb7129,cf8bee4faf9f1e67678d45b7cd8c350d04e95baeead6b79c4cff607556fb7129,True,2
test,261,110,567,cf8bee4faf9f1e67678d45b7cd8c350d04e95baeead6b79c4cff607556fb7129,False,0,4488,4488,cf8bee4faf9f1e67678d45b7cd8c350d04e95baeead6b79c4cff607556fb7129,cf8bee4faf9f1e67678d45b7cd8c350d04e95baeead6b79c4cff607556fb7129,True,2
test,262,961,2555,cf8bee4faf9f1e67678d45b7cd8c350d04e95baeead6b79c4cff607556fb7129,False,0,4488,4488,cf8bee4faf9f1e67678d45b7cd8c350d04e95baeead6b79c4cff607556fb7129,cf8bee4faf9f1e67678d45b7cd8c350d04e95baeead6b79c4cff607556fb7129,True,2
test,263,444,2289,cf8bee4faf9f1e67678d45b7cd8c350d04e95baeead6b79c4cff607556fb7129,False,0,4488,4488,cf8bee4faf9f1e67678d45b7cd8c350d04e95baeead6b79c4cff607556fb7129,cf8bee4faf9f1e67678d45b7cd8c350d04e95baeead6b79c4cff607556fb7129,True,2
test,264,142,1628,cf8bee4faf9f1e67678d45b7cd8c350d04e95baeead6b79c4cff607556fb7129,False,0,4488,4488,cf8bee4faf9f1e67678d45b7cd8c350d04e95baeead6b79c4cff607556fb7129,cf8bee4faf9f1e67678d45b7cd8c350d04e95baeead6b79c4cff607556fb7129,True,2
test,265,290,1765,cf8bee4faf9f1e67678d45b7cd8c350d04e95baeead6b79c4cff607556fb7129,False,0,4488,4488,cf8bee4faf9f1e67678d45b7cd8c350d04e95baeead6b79c4cff607556fb7129,cf8bee4faf9f1e67678d45b7cd8c350d04e95baeead6b79c4cff607556fb7129,True,2
test,266,167,1056,cf8bee4faf9f1e67678d45b7cd8c350d04e95baeead6b79c4cff607556fb7129,False,0,4488,4488,cf8bee4faf9f1e67678d45b7cd8c350d04e95baeead6b79c4cff607556fb7129,cf8bee4faf9f1e67678d45b7cd8c350d04e95baeead6b79c4cff607556fb7129,True,2
test,267,353,1345,cf8bee4faf9f1e67678d45b7cd8c350d04e95baeead6b79c4cff607556fb7129,False,0,4488,4488,cf8bee4faf9f1e67678d45b7cd8c350d04e95baeead6b79c4cff607556fb7129,cf8bee4faf9f1e67678d45b7cd8c350d04e95baeead6b79c4cff607556fb7129,True,2
test,268,2304,2385,cf8bee4faf9f1e67678d45b7cd8c350d04e95baeead6b79c4cff607556fb7129,False,0,4488,4488,cf8bee4faf9f1e67678d45b7cd8c350d04e95baeead6b79c4cff607556fb7129,cf8bee4faf9f1e67678d45b7cd8c350d04e95baeead6b79c4cff607556fb7129,True,2
test,269,306,2080,cf8bee4faf9f1e67678d45b7cd8c350d04e95baeead6b79c4cff607556fb7129,False,0,4488,4488,cf8bee4faf9f1e67678d45b7cd8c350d04e95baeead6b79c4cff607556fb7129,cf8bee4faf9f1e67678d45b7cd8c350d04e95baeead6b79c4cff607556fb7129,True,2
test,270,918,1098,cf8bee4faf9f1e67678d45b7cd8c350d04e95baeead6b79c4cff607556fb7129,False,0,4488,4488,cf8bee4faf9f1e67678d45b7cd8c350d04e95baeead6b79c4cff607556fb7129,cf8bee4faf9f1e67678d45b7cd8c350d04e95baeead6b79c4cff607556fb7129,True,2
test,271,962,1809,cf8bee4faf9f1e67678d45b7cd8c350d04e95baeead6b79c4cff607556fb7129,False,0,4488,4488,cf8bee4faf9f1e67678d45b7cd8c350d04e95baeead6b79c4cff607556fb7129,cf8bee4faf9f1e67678d45b7cd8c350d04e95baeead6b79c4cff607556fb7129,True,2
test,272,1721,2476,cf8bee4faf9f1e67678d45b7cd8c350d04e95baeead6b79c4cff607556fb7129,False,0,4488,4488,cf8bee4faf9f1e67678d45b7cd8c350d04e95baeead6b79c4cff607556fb7129,cf8bee4faf9f1e67678d45b7cd8c350d04e95baeead6b79c4cff607556fb7129,True,2
test,273,347,408,cf8bee4faf9f1e67678d45b7cd8c350d04e95baeead6b79c4cff607556fb7129,False,0,4488,4488,cf8bee4faf9f1e67678d45b7cd8c350d04e95baeead6b79c4cff607556fb7129,cf8bee4faf9f1e67678d45b7cd8c350d04e95baeead6b79c4cff607556fb7129,True,2
test,274,526,1007,cf8bee4faf9f1e67678d45b7cd8c350d04e95baeead6b79c4cff607556fb7129,False,0,4488,4488,cf8bee4faf9f1e67678d45b7cd8c350d04e95baeead6b79c4cff607556fb7129,cf8bee4faf9f1e67678d45b7cd8c350d04e95baeead6b79c4cff607556fb7129,True,2
test,275,309,2305,cf8bee4faf9f1e67678d45b7cd8c350d04e95baeead6b79c4cff607556fb7129,False,0,4488,4488,cf8bee4faf9f1e67678d45b7cd8c350d04e95baeead6b79c4cff607556fb7129,cf8bee4faf9f1e67678d45b7cd8c350d04e95baeead6b79c4cff607556fb7129,True,2
test,276,717,1907,cf8bee4faf9f1e67678d45b7cd8c350d04e95baeead6b79c4cff607556fb7129,False,0,4488,4488,cf8bee4faf9f1e67678d45b7cd8c350d04e95baeead6b79c4cff607556fb7129,cf8bee4faf9f1e67678d45b7cd8c350d04e95baeead6b79c4cff607556fb7129,True,2
test,277,482,2230,cf8bee4faf9f1e67678d45b7cd8c350d04e95baeead6b79c4cff607556fb7129,False,0,4488,4488,cf8bee4faf9f1e67678d45b7cd8c350d04e95baeead6b79c4cff607556fb7129,cf8bee4faf9f1e67678d45b7cd8c350d04e95baeead6b79c4cff607556fb7129,True,2
test,278,1623,1772,cf8bee4faf9f1e67678d45b7cd8c350d04e95baeead6b79c4cff607556fb7129,False,0,4488,4488,cf8bee4faf9f1e67678d45b7cd8c350d04e95baeead6b79c4cff607556fb7129,cf8bee4faf9f1e67678d45b7cd8c350d04e95baeead6b79c4cff607556fb7129,True,2
test,279,870,1119,cf8bee4faf9f1e67678d45b7cd8c350d04e95baeead6b79c4cff607556fb7129,False,0,4488,4488,cf8bee4faf9f1e67678d45b7cd8c350d04e95baeead6b79c4cff607556fb7129,cf8bee4faf9f1e67678d45b7cd8c350d04e95baeead6b79c4cff607556fb7129,True,2
test,280,833,1678,cf8bee4faf9f1e67678d45b7cd8c350d04e95baeead6b79c4cff607556fb7129,False,0,4488,4488,cf8bee4faf9f1e67678d45b7cd8c350d04e95baeead6b79c4cff607556fb7129,cf8bee4faf9f1e67678d45b7cd8c350d04e95baeead6b79c4cff607556fb7129,True,2
test,281,1133,1500,cf8bee4faf9f1e67678d45b7cd8c350d04e95baeead6b79c4cff607556fb7129,False,0,4488,4488,cf8bee4faf9f1e67678d45b7cd8c350d04e95baeead6b79c4cff607556fb7129,cf8bee4faf9f1e67678d45b7cd8c350d04e95baeead6b79c4cff607556fb7129,True,2
test,282,733,862,cf8bee4faf9f1e67678d45b7cd8c350d04e95baeead6b79c4cff607556fb7129,False,0,4488,4488,cf8bee4faf9f1e67678d45b7cd8c350d04e95baeead6b79c4cff607556fb7129,cf8bee4faf9f1e67678d45b7cd8c350d04e95baeead6b79c4cff607556fb7129,True,2
test,283,1301,2140,cf8bee4faf9f1e67678d45b7cd8c350d04e95baeead6b79c4cff607556fb7129,False,0,4488,4488,cf8bee4faf9f1e67678d45b7cd8c350d04e95baeead6b79c4cff607556fb7129,cf8bee4faf9f1e67678d45b7cd8c350d04e95baeead6b79c4cff607556fb7129,True,2
test,284,551,2388,cf8bee4faf9f1e67678d45b7cd8c350d04e95baeead6b79c4cff607556fb7129,False,0,4488,4488,cf8bee4faf9f1e67678d45b7cd8c350d04e95baeead6b79c4cff607556fb7129,cf8bee4faf9f1e67678d45b7cd8c350d04e95baeead6b79c4cff607556fb7129,True,2
test,285,269,321,cf8bee4faf9f1e67678d45b7cd8c350d04e95baeead6b79c4cff607556fb7129,False,0,4488,4488,cf8bee4faf9f1e67678d45b7cd8c350d04e95baeead6b79c4cff607556fb7129,cf8bee4faf9f1e67678d45b7cd8c350d04e95baeead6b79c4cff607556fb7129,True,2
test,286,88,415,cf8bee4faf9f1e67678d45b7cd8c350d04e95baeead6b79c4cff607556fb7129,False,0,4488,4488,cf8bee4faf9f1e67678d45b7cd8c350d04e95baeead6b79c4cff607556fb7129,cf8bee4faf9f1e67678d45b7cd8c350d04e95baeead6b79c4cff607556fb7129,True,2
test,287,1955,2235,cf8bee4faf9f1e67678d45b7cd8c350d04e95baeead6b79c4cff607556fb7129,False,0,4488,4488,cf8bee4faf9f1e67678d45b7cd8c350d04e95baeead6b79c4cff607556fb7129,cf8bee4faf9f1e67678d45b7cd8c350d04e95baeead6b79c4cff607556fb7129,True,2
test,288,657,2522,cf8bee4faf9f1e67678d45b7cd8c350d04e95baeead6b79c4cff607556fb7129,False,0,4488,4488,cf8bee4faf9f1e67678d45b7cd8c350d04e95baeead6b79c4cff607556fb7129,cf8bee4faf9f1e67678d45b7cd8c350d04e95baeead6b79c4cff607556fb7129,True,2
test,289,901,1042,cf8bee4faf9f1e67678d45b7cd8c350d04e95baeead6b79c4cff607556fb7129,False,0,4488,4488,cf8bee4faf9f1e67678d45b7cd8c350d04e95baeead6b79c4cff607556fb7129,cf8bee4faf9f1e67678d45b7cd8c350d04e95baeead6b79c4cff607556fb7129,True,2
test,290,119,1549,cf8bee4faf9f1e67678d45b7cd8c350d04e95baeead6b79c4cff607556fb7129,False,0,4488,4488,cf8bee4faf9f1e67678d45b7cd8c350d04e95baeead6b79c4cff607556fb7129,cf8bee4faf9f1e67678d45b7cd8c350d04e95baeead6b79c4cff607556fb7129,True,2
test,291,482,1810,cf8bee4faf9f1e67678d45b7cd8c350d04e95baeead6b79c4cff607556fb7129,False,0,4488,4488,cf8bee4faf9f1e67678d45b7cd8c350d04e95baeead6b79c4cff607556fb7129,cf8bee4faf9f1e67678d45b7cd8c350d04e95baeead6b79c4cff607556fb7129,True,2
test,292,48,598,cf8bee4faf9f1e67678d45b7cd8c350d04e95baeead6b79c4cff607556fb7129,False,0,4488,4488,cf8bee4faf9f1e67678d45b7cd8c350d04e95baeead6b79c4cff607556fb7129,cf8bee4faf9f1e67678d45b7cd8c350d04e95baeead6b79c4cff607556fb7129,True,2
test,293,744,1154,cf8bee4faf9f1e67678d45b7cd8c350d04e95baeead6b79c4cff607556fb7129,False,0,4488,4488,cf8bee4faf9f1e67678d45b7cd8c350d04e95baeead6b79c4cff607556fb7129,cf8bee4faf9f1e67678d45b7cd8c350d04e95baeead6b79c4cff607556fb7129,True,2
test,294,1951,2206,cf8bee4faf9f1e67678d45b7cd8c350d04e95baeead6b79c4cff607556fb7129,False,0,4488,4488,cf8bee4faf9f1e67678d45b7cd8c350d04e95baeead6b79c4cff607556fb7129,cf8bee4faf9f1e67678d45b7cd8c350d04e95baeead6b79c4cff607556fb7129,True,2
test,295,537,1165,cf8bee4faf9f1e67678d45b7cd8c350d04e95baeead6b79c4cff607556fb7129,False,0,4488,4488,cf8bee4faf9f1e67678d45b7cd8c350d04e95baeead6b79c4cff607556fb7129,cf8bee4faf9f1e67678d45b7cd8c350d04e95baeead6b79c4cff607556fb7129,True,2
test,296,439,1169,cf8bee4faf9f1e67678d45b7cd8c350d04e95baeead6b79c4cff607556fb7129,False,0,4488,4488,cf8bee4faf9f1e67678d45b7cd8c350d04e95baeead6b79c4cff607556fb7129,cf8bee4faf9f1e67678d45b7cd8c350d04e95baeead6b79c4cff607556fb7129,True,2
test,297,649,1171,cf8bee4faf9f1e67678d45b7cd8c350d04e95baeead6b79c4cff607556fb7129,False,0,4488,4488,cf8bee4faf9f1e67678d45b7cd8c350d04e95baeead6b79c4cff607556fb7129,cf8bee4faf9f1e67678d45b7cd8c350d04e95baeead6b79c4cff607556fb7129,True,2
test,298,117,259,cf8bee4faf9f1e67678d45b7cd8c350d04e95baeead6b79c4cff607556fb7129,False,0,4488,4488,cf8bee4faf9f1e67678d45b7cd8c350d04e95baeead6b79c4cff607556fb7129,cf8bee4faf9f1e67678d45b7cd8c350d04e95baeead6b79c4cff607556fb7129,True,2
test,299,1724,2215,cf8bee4faf9f1e67678d45b7cd8c350d04e95baeead6b79c4cff607556fb7129,False,0,4488,4488,cf8bee4faf9f1e67678d45b7cd8c350d04e95baeead6b79c4cff607556fb7129,cf8bee4faf9f1e67678d45b7cd8c350d04e95baeead6b79c4cff607556fb7129,True,2
test,300,2181,2196,cf8bee4faf9f1e67678d45b7cd8c350d04e95baeead6b79c4cff607556fb7129,False,0,4488,4488,cf8bee4faf9f1e67678d45b7cd8c350d04e95baeead6b79c4cff607556fb7129,cf8bee4faf9f1e67678d45b7cd8c350d04e95baeead6b79c4cff607556fb7129,True,2
test,301,56,447,cf8bee4faf9f1e67678d45b7cd8c350d04e95baeead6b79c4cff607556fb7129,False,0,4488,4488,cf8bee4faf9f1e67678d45b7cd8c350d04e95baeead6b79c4cff607556fb7129,cf8bee4faf9f1e67678d45b7cd8c350d04e95baeead6b79c4cff607556fb7129,True,2
test,302,1061,1196,cf8bee4faf9f1e67678d45b7cd8c350d04e95baeead6b79c4cff607556fb7129,False,0,4488,4488,cf8bee4faf9f1e67678d45b7cd8c350d04e95baeead6b79c4cff607556fb7129,cf8bee4faf9f1e67678d45b7cd8c350d04e95baeead6b79c4cff607556fb7129,True,2
test,303,1131,1909,cf8bee4faf9f1e67678d45b7cd8c350d04e95baeead6b79c4cff607556fb7129,False,0,4488,4488,cf8bee4faf9f1e67678d45b7cd8c350d04e95baeead6b79c4cff607556fb7129,cf8bee4faf9f1e67678d45b7cd8c350d04e95baeead6b79c4cff607556fb7129,True,2
test,304,448,1826,cf8bee4faf9f1e67678d45b7cd8c350d04e95baeead6b79c4cff607556fb7129,False,0,4488,4488,cf8bee4faf9f1e67678d45b7cd8c350d04e95baeead6b79c4cff607556fb7129,cf8bee4faf9f1e67678d45b7cd8c350d04e95baeead6b79c4cff607556fb7129,True,2
test,305,133,1623,cf8bee4faf9f1e67678d45b7cd8c350d04e95baeead6b79c4cff607556fb7129,False,0,4488,4488,cf8bee4faf9f1e67678d45b7cd8c350d04e95baeead6b79c4cff607556fb7129,cf8bee4faf9f1e67678d45b7cd8c350d04e95baeead6b79c4cff607556fb7129,True,2
test,306,985,1073,cf8bee4faf9f1e67678d45b7cd8c350d04e95baeead6b79c4cff607556fb7129,False,0,4488,4488,cf8bee4faf9f1e67678d45b7cd8c350d04e95baeead6b79c4cff607556fb7129,cf8bee4faf9f1e67678d45b7cd8c350d04e95baeead6b79c4cff607556fb7129,True,2
test,307,701,2062,cf8bee4faf9f1e67678d45b7cd8c350d04e95baeead6b79c4cff607556fb7129,False,0,4488,4488,cf8bee4faf9f1e67678d45b7cd8c350d04e95baeead6b79c4cff607556fb7129,cf8bee4faf9f1e67678d45b7cd8c350d04e95baeead6b79c4cff607556fb7129,True,2
test,308,1712,1725,cf8bee4faf9f1e67678d45b7cd8c350d04e95baeead6b79c4cff607556fb7129,False,0,4488,4488,cf8bee4faf9f1e67678d45b7cd8c350d04e95baeead6b79c4cff607556fb7129,cf8bee4faf9f1e67678d45b7cd8c350d04e95baeead6b79c4cff607556fb7129,True,2
test,309,6,373,cf8bee4faf9f1e67678d45b7cd8c350d04e95baeead6b79c4cff607556fb7129,False,0,4488,4488,cf8bee4faf9f1e67678d45b7cd8c350d04e95baeead6b79c4cff607556fb7129,cf8bee4faf9f1e67678d45b7cd8c350d04e95baeead6b79c4cff607556fb7129,True,2
test,310,1463,2133,cf8bee4faf9f1e67678d45b7cd8c350d04e95baeead6b79c4cff607556fb7129,False,0,4488,4488,cf8bee4faf9f1e67678d45b7cd8c350d04e95baeead6b79c4cff607556fb7129,cf8bee4faf9f1e67678d45b7cd8c350d04e95baeead6b79c4cff607556fb7129,True,2
test,311,229,1894,cf8bee4faf9f1e67678d45b7cd8c350d04e95baeead6b79c4cff607556fb7129,False,0,4488,4488,cf8bee4faf9f1e67678d45b7cd8c350d04e95baeead6b79c4cff607556fb7129,cf8bee4faf9f1e67678d45b7cd8c350d04e95baeead6b79c4cff607556fb7129,True,2
test,312,1358,1745,cf8bee4faf9f1e67678d45b7cd8c350d04e95baeead6b79c4cff607556fb7129,False,0,4488,4488,cf8bee4faf9f1e67678d45b7cd8c350d04e95baeead6b79c4cff607556fb7129,cf8bee4faf9f1e67678d45b7cd8c350d04e95baeead6b79c4cff607556fb7129,True,2
test,313,1334,1542,cf8bee4faf9f1e67678d45b7cd8c350d04e95baeead6b79c4cff607556fb7129,False,0,4488,4488,cf8bee4faf9f1e67678d45b7cd8c350d04e95baeead6b79c4cff607556fb7129,cf8bee4faf9f1e67678d45b7cd8c350d04e95baeead6b79c4cff607556fb7129,True,2
test,314,442,2362,cf8bee4faf9f1e67678d45b7cd8c350d04e95baeead6b79c4cff607556fb7129,False,0,4488,4488,cf8bee4faf9f1e67678d45b7cd8c350d04e95baeead6b79c4cff607556fb7129,cf8bee4faf9f1e67678d45b7cd8c350d04e95baeead6b79c4cff607556fb7129,True,2
test,315,383,2268,cf8bee4faf9f1e67678d45b7cd8c350d04e95baeead6b79c4cff607556fb7129,False,0,4488,4488,cf8bee4faf9f1e67678d45b7cd8c350d04e95baeead6b79c4cff607556fb7129,cf8bee4faf9f1e67678d45b7cd8c350d04e95baeead6b79c4cff607556fb7129,True,2
test,316,525,1628,cf8bee4faf9f1e67678d45b7cd8c350d04e95baeead6b79c4cff607556fb7129,False,0,4488,4488,cf8bee4faf9f1e67678d45b7cd8c350d04e95baeead6b79c4cff607556fb7129,cf8bee4faf9f1e67678d45b7cd8c350d04e95baeead6b79c4cff607556fb7129,True,2
test,317,1899,1902,cf8bee4faf9f1e67678d45b7cd8c350d04e95baeead6b79c4cff607556fb7129,False,0,4488,4488,cf8bee4faf9f1e67678d45b7cd8c350d04e95baeead6b79c4cff607556fb7129,cf8bee4faf9f1e67678d45b7cd8c350d04e95baeead6b79c4cff607556fb7129,True,2
test,318,1986,2001,cf8bee4faf9f1e67678d45b7cd8c350d04e95baeead6b79c4cff607556fb7129,False,0,4488,4488,cf8bee4faf9f1e67678d45b7cd8c350d04e95baeead6b79c4cff607556fb7129,cf8bee4faf9f1e67678d45b7cd8c350d04e95baeead6b79c4cff607556fb7129,True,2
test,319,1358,1761,cf8bee4faf9f1e67678d45b7cd8c350d04e95baeead6b79c4cff607556fb7129,False,0,4488,4488,cf8bee4faf9f1e67678d45b7cd8c350d04e95baeead6b79c4cff607556fb7129,cf8bee4faf9f1e67678d45b7cd8c350d04e95baeead6b79c4cff607556fb7129,True,2
test,320,745,1986,cf8bee4faf9f1e67678d45b7cd8c350d04e95baeead6b79c4cff607556fb7129,False,0,4488,4488,cf8bee4faf9f1e67678d45b7cd8c350d04e95baeead6b79c4cff607556fb7129,cf8bee4faf9f1e67678d45b7cd8c350d04e95baeead6b79c4cff607556fb7129,True,2
test,321,32,518,cf8bee4faf9f1e67678d45b7cd8c350d04e95baeead6b79c4cff607556fb7129,False,0,4488,4488,cf8bee4faf9f1e67678d45b7cd8c350d04e95baeead6b79c4cff607556fb7129,cf8bee4faf9f1e67678d45b7cd8c350d04e95baeead6b79c4cff607556fb7129,True,2
test,322,1427,2446,cf8bee4faf9f1e67678d45b7cd8c350d04e95baeead6b79c4cff607556fb7129,False,0,4488,4488,cf8bee4faf9f1e67678d45b7cd8c350d04e95baeead6b79c4cff607556fb7129,cf8bee4faf9f1e67678d45b7cd8c350d04e95baeead6b79c4cff607556fb7129,True,2
test,323,368,428,cf8bee4faf9f1e67678d45b7cd8c350d04e95baeead6b79c4cff607556fb7129,False,0,4488,4488,cf8bee4faf9f1e67678d45b7cd8c350d04e95baeead6b79c4cff607556fb7129,cf8bee4faf9f1e67678d45b7cd8c350d04e95baeead6b79c4cff607556fb7129,True,2
test,324,47,163,cf8bee4faf9f1e67678d45b7cd8c350d04e95baeead6b79c4cff607556fb7129,False,0,4488,4488,cf8bee4faf9f1e67678d45b7cd8c350d04e95baeead6b79c4cff607556fb7129,cf8bee4faf9f1e67678d45b7cd8c350d04e95baeead6b79c4cff607556fb7129,True,2
test,325,1671,2137,cf8bee4faf9f1e67678d45b7cd8c350d04e95baeead6b79c4cff607556fb7129,False,0,4488,4488,cf8bee4faf9f1e67678d45b7cd8c350d04e95baeead6b79c4cff607556fb7129,cf8bee4faf9f1e67678d45b7cd8c350d04e95baeead6b79c4cff607556fb7129,True,2
test,326,710,2212,cf8bee4faf9f1e67678d45b7cd8c350d04e95baeead6b79c4cff607556fb7129,False,0,4488,4488,cf8bee4faf9f1e67678d45b7cd8c350d04e95baeead6b79c4cff607556fb7129,cf8bee4faf9f1e67678d45b7cd8c350d04e95baeead6b79c4cff607556fb7129,True,2
test,327,218,2119,cf8bee4faf9f1e67678d45b7cd8c350d04e95baeead6b79c4cff607556fb7129,False,0,4488,4488,cf8bee4faf9f1e67678d45b7cd8c350d04e95baeead6b79c4cff607556fb7129,cf8bee4faf9f1e67678d45b7cd8c350d04e95baeead6b79c4cff607556fb7129,True,2
test,328,441,1537,cf8bee4faf9f1e67678d45b7cd8c350d04e95baeead6b79c4cff607556fb7129,False,0,4488,4488,cf8bee4faf9f1e67678d45b7cd8c350d04e95baeead6b79c4cff607556fb7129,cf8bee4faf9f1e67678d45b7cd8c350d04e95baeead6b79c4cff607556fb7129,True,2
test,329,665,2122,cf8bee4faf9f1e67678d45b7cd8c350d04e95baeead6b79c4cff607556fb7129,False,0,4488,4488,cf8bee4faf9f1e67678d45b7cd8c350d04e95baeead6b79c4cff607556fb7129,cf8bee4faf9f1e67678d45b7cd8c350d04e95baeead6b79c4cff607556fb7129,True,2
test,330,325,1848,cf8bee4faf9f1e67678d45b7cd8c350d04e95baeead6b79c4cff607556fb7129,False,0,4488,4488,cf8bee4faf9f1e67678d45b7cd8c350d04e95baeead6b79c4cff607556fb7129,cf8bee4faf9f1e67678d45b7cd8c350d04e95baeead6b79c4cff607556fb7129,True,2
test,331,120,2405,cf8bee4faf9f1e67678d45b7cd8c350d04e95baeead6b79c4cff607556fb7129,False,0,4488,4488,cf8bee4faf9f1e67678d45b7cd8c350d04e95baeead6b79c4cff607556fb7129,cf8bee4faf9f1e67678d45b7cd8c350d04e95baeead6b79c4cff607556fb7129,True,2
test,332,1215,1894,cf8bee4faf9f1e67678d45b7cd8c350d04e95baeead6b79c4cff607556fb7129,False,0,4488,4488,cf8bee4faf9f1e67678d45b7cd8c350d04e95baeead6b79c4cff607556fb7129,cf8bee4faf9f1e67678d45b7cd8c350d04e95baeead6b79c4cff607556fb7129,True,2
test,333,1206,1257,cf8bee4faf9f1e67678d45b7cd8c350d04e95baeead6b79c4cff607556fb7129,False,0,4488,4488,cf8bee4faf9f1e67678d45b7cd8c350d04e95baeead6b79c4cff607556fb7129,cf8bee4faf9f1e67678d45b7cd8c350d04e95baeead6b79c4cff607556fb7129,True,2
test,334,50,1441,cf8bee4faf9f1e67678d45b7cd8c350d04e95baeead6b79c4cff607556fb7129,False,0,4488,4488,cf8bee4faf9f1e67678d45b7cd8c350d04e95baeead6b79c4cff607556fb7129,cf8bee4faf9f1e67678d45b7cd8c350d04e95baeead6b79c4cff607556fb7129,True,2
test,335,1185,1992,cf8bee4faf9f1e67678d45b7cd8c350d04e95baeead6b79c4cff607556fb7129,False,0,4488,4488,cf8bee4faf9f1e67678d45b7cd8c350d04e95baeead6b79c4cff607556fb7129,cf8bee4faf9f1e67678d45b7cd8c350d04e95baeead6b79c4cff607556fb7129,True,2
test,336,1090,2367,cf8bee4faf9f1e67678d45b7cd8c350d04e95baeead6b79c4cff607556fb7129,False,0,4488,4488,cf8bee4faf9f1e67678d45b7cd8c350d04e95baeead6b79c4cff607556fb7129,cf8bee4faf9f1e67678d45b7cd8c350d04e95baeead6b79c4cff607556fb7129,True,2
test,337,1041,2448,cf8bee4faf9f1e67678d45b7cd8c350d04e95baeead6b79c4cff607556fb7129,False,0,4488,4488,cf8bee4faf9f1e67678d45b7cd8c350d04e95baeead6b79c4cff607556fb7129,cf8bee4faf9f1e67678d45b7cd8c350d04e95baeead6b79c4cff607556fb7129,True,2
test,338,86,1336,cf8bee4faf9f1e67678d45b7cd8c350d04e95baeead6b79c4cff607556fb7129,False,0,4488,4488,cf8bee4faf9f1e67678d45b7cd8c350d04e95baeead6b79c4cff607556fb7129,cf8bee4faf9f1e67678d45b7cd8c350d04e95baeead6b79c4cff607556fb7129,True,2
test,339,1462,1663,cf8bee4faf9f1e67678d45b7cd8c350d04e95baeead6b79c4cff607556fb7129,False,0,4488,4488,cf8bee4faf9f1e67678d45b7cd8c350d04e95baeead6b79c4cff607556fb7129,cf8bee4faf9f1e67678d45b7cd8c350d04e95baeead6b79c4cff607556fb7129,True,2
test,340,542,1245,cf8bee4faf9f1e67678d45b7cd8c350d04e95baeead6b79c4cff607556fb7129,False,0,4488,4488,cf8bee4faf9f1e67678d45b7cd8c350d04e95baeead6b79c4cff607556fb7129,cf8bee4faf9f1e67678d45b7cd8c350d04e95baeead6b79c4cff607556fb7129,True,2
test,341,1224,1660,cf8bee4faf9f1e67678d45b7cd8c350d04e95baeead6b79c4cff607556fb7129,False,0,4488,4488,cf8bee4faf9f1e67678d45b7cd8c350d04e95baeead6b79c4cff607556fb7129,cf8bee4faf9f1e67678d45b7cd8c350d04e95baeead6b79c4cff607556fb7129,True,2
test,342,219,507,cf8bee4faf9f1e67678d45b7cd8c350d04e95baeead6b79c4cff607556fb7129,False,0,4488,4488,cf8bee4faf9f1e67678d45b7cd8c350d04e95baeead6b79c4cff607556fb7129,cf8bee4faf9f1e67678d45b7cd8c350d04e95baeead6b79c4cff607556fb7129,True,2
test,343,372,626,cf8bee4faf9f1e67678d45b7cd8c350d04e95baeead6b79c4cff607556fb7129,False,0,4488,4488,cf8bee4faf9f1e67678d45b7cd8c350d04e95baeead6b79c4cff607556fb7129,cf8bee4faf9f1e67678d45b7cd8c350d04e95baeead6b79c4cff607556fb7129,True,2
test,344,59,1725,cf8bee4faf9f1e67678d45b7cd8c350d04e95baeead6b79c4cff607556fb7129,False,0,4488,4488,cf8bee4faf9f1e67678d45b7cd8c350d04e95baeead6b79c4cff607556fb7129,cf8bee4faf9f1e67678d45b7cd8c350d04e95baeead6b79c4cff607556fb7129,True,2
test,345,1424,1621,cf8bee4faf9f1e67678d45b7cd8c350d04e95baeead6b79c4cff607556fb7129,False,0,4488,4488,cf8bee4faf9f1e67678d45b7cd8c350d04e95baeead6b79c4cff607556fb7129,cf8bee4faf9f1e67678d45b7cd8c350d04e95baeead6b79c4cff607556fb7129,True,2
test,346,1281,1746,cf8bee4faf9f1e67678d45b7cd8c350d04e95baeead6b79c4cff607556fb7129,False,0,4488,4488,cf8bee4faf9f1e67678d45b7cd8c350d04e95baeead6b79c4cff607556fb7129,cf8bee4faf9f1e67678d45b7cd8c350d04e95baeead6b79c4cff607556fb7129,True,2
test,347,443,1264,cf8bee4faf9f1e67678d45b7cd8c350d04e95baeead6b79c4cff607556fb7129,False,0,4488,4488,cf8bee4faf9f1e67678d45b7cd8c350d04e95baeead6b79c4cff607556fb7129,cf8bee4faf9f1e67678d45b7cd8c350d04e95baeead6b79c4cff607556fb7129,True,2
test,348,807,1956,cf8bee4faf9f1e67678d45b7cd8c350d04e95baeead6b79c4cff607556fb7129,False,0,4488,4488,cf8bee4faf9f1e67678d45b7cd8c350d04e95baeead6b79c4cff607556fb7129,cf8bee4faf9f1e67678d45b7cd8c350d04e95baeead6b79c4cff607556fb7129,True,2
test,349,1204,1839,cf8bee4faf9f1e67678d45b7cd8c350d04e95baeead6b79c4cff607556fb7129,False,0,4488,4488,cf8bee4faf9f1e67678d45b7cd8c350d04e95baeead6b79c4cff607556fb7129,cf8bee4faf9f1e67678d45b7cd8c350d04e95baeead6b79c4cff607556fb7129,True,2
test,350,750,1441,cf8bee4faf9f1e67678d45b7cd8c350d04e95baeead6b79c4cff607556fb7129,False,0,4488,4488,cf8bee4faf9f1e67678d45b7cd8c350d04e95baeead6b79c4cff607556fb7129,cf8bee4faf9f1e67678d45b7cd8c350d04e95baeead6b79c4cff607556fb7129,True,2
test,351,2112,2436,cf8bee4faf9f1e67678d45b7cd8c350d04e95baeead6b79c4cff607556fb7129,False,0,4488,4488,cf8bee4faf9f1e67678d45b7cd8c350d04e95baeead6b79c4cff607556fb7129,cf8bee4faf9f1e67678d45b7cd8c350d04e95baeead6b79c4cff607556fb7129,True,2
test,352,624,1232,cf8bee4faf9f1e67678d45b7cd8c350d04e95baeead6b79c4cff607556fb7129,False,0,4488,4488,cf8bee4faf9f1e67678d45b7cd8c350d04e95baeead6b79c4cff607556fb7129,cf8bee4faf9f1e67678d45b7cd8c350d04e95baeead6b79c4cff607556fb7129,True,2
test,353,205,1701,cf8bee4faf9f1e67678d45b7cd8c350d04e95baeead6b79c4cff607556fb7129,False,0,4488,4488,cf8bee4faf9f1e67678d45b7cd8c350d04e95baeead6b79c4cff607556fb7129,cf8bee4faf9f1e67678d45b7cd8c350d04e95baeead6b79c4cff607556fb7129,True,2
test,354,921,1914,cf8bee4faf9f1e67678d45b7cd8c350d04e95baeead6b79c4cff607556fb7129,False,0,4488,4488,cf8bee4faf9f1e67678d45b7cd8c350d04e95baeead6b79c4cff607556fb7129,cf8bee4faf9f1e67678d45b7cd8c350d04e95baeead6b79c4cff607556fb7129,True,2
test,355,519,598,cf8bee4faf9f1e67678d45b7cd8c350d04e95baeead6b79c4cff607556fb7129,False,0,4488,4488,cf8bee4faf9f1e67678d45b7cd8c350d04e95baeead6b79c4cff607556fb7129,cf8bee4faf9f1e67678d45b7cd8c350d04e95baeead6b79c4cff607556fb7129,True,2
test,356,1515,2234,cf8bee4faf9f1e67678d45b7cd8c350d04e95baeead6b79c4cff607556fb7129,False,0,4488,4488,cf8bee4faf9f1e67678d45b7cd8c350d04e95baeead6b79c4cff607556fb7129,cf8bee4faf9f1e67678d45b7cd8c350d04e95baeead6b79c4cff607556fb7129,True,2
test,357,469,2412,cf8bee4faf9f1e67678d45b7cd8c350d04e95baeead6b79c4cff607556fb7129,False,0,4488,4488,cf8bee4faf9f1e67678d45b7cd8c350d04e95baeead6b79c4cff607556fb7129,cf8bee4faf9f1e67678d45b7cd8c350d04e95baeead6b79c4cff607556fb7129,True,2
test,358,64,1209,cf8bee4faf9f1e67678d45b7cd8c350d04e95baeead6b79c4cff607556fb7129,False,0,4488,4488,cf8bee4faf9f1e67678d45b7cd8c350d04e95baeead6b79c4cff607556fb7129,cf8bee4faf9f1e67678d45b7cd8c350d04e95baeead6b79c4cff607556fb7129,True,2
test,359,306,1779,cf8bee4faf9f1e67678d45b7cd8c350d04e95baeead6b79c4cff607556fb7129,False,0,4488,4488,cf8bee4faf9f1e67678d45b7cd8c350d04e95baeead6b79c4cff607556fb7129,cf8bee4faf9f1e67678d45b7cd8c350d04e95baeead6b79c4cff607556fb7129,True,2
test,360,1433,2359,cf8bee4faf9f1e67678d45b7cd8c350d04e95baeead6b79c4cff607556fb7129,False,0,4488,4488,cf8bee4faf9f1e67678d45b7cd8c350d04e95baeead6b79c4cff607556fb7129,cf8bee4faf9f1e67678d45b7cd8c350d04e95baeead6b79c4cff607556fb7129,True,2
test,361,1070,1358,cf8bee4faf9f1e67678d45b7cd8c350d04e95baeead6b79c4cff607556fb7129,False,0,4488,4488,cf8bee4faf9f1e67678d45b7cd8c350d04e95baeead6b79c4cff607556fb7129,cf8bee4faf9f1e67678d45b7cd8c350d04e95baeead6b79c4cff607556fb7129,True,2
test,362,1810,1812,cf8bee4faf9f1e67678d45b7cd8c350d04e95baeead6b79c4cff607556fb7129,False,0,4488,4488,cf8bee4faf9f1e67678d45b7cd8c350d04e95baeead6b79c4cff607556fb7129,cf8bee4faf9f1e67678d45b7cd8c350d04e95baeead6b79c4cff607556fb7129,True,2
test,363,695,1336,cf8bee4faf9f1e67678d45b7cd8c350d04e95baeead6b79c4cff607556fb7129,False,0,4488,4488,cf8bee4faf9f1e67678d45b7cd8c350d04e95baeead6b79c4cff607556fb7129,cf8bee4faf9f1e67678d45b7cd8c350d04e95baeead6b79c4cff607556fb7129,True,2
test,364,667,2364,cf8bee4faf9f1e67678d45b7cd8c350d04e95baeead6b79c4cff607556fb7129,False,0,4488,4488,cf8bee4faf9f1e67678d45b7cd8c350d04e95baeead6b79c4cff607556fb7129,cf8bee4faf9f1e67678d45b7cd8c350d04e95baeead6b79c4cff607556fb7129,True,2
test,365,945,2388,cf8bee4faf9f1e67678d45b7cd8c350d04e95baeead6b79c4cff607556fb7129,False,0,4488,4488,cf8bee4faf9f1e67678d45b7cd8c350d04e95baeead6b79c4cff607556fb7129,cf8bee4faf9f1e67678d45b7cd8c350d04e95baeead6b79c4cff607556fb7129,True,2
test,366,843,2542,cf8bee4faf9f1e67678d45b7cd8c350d04e95baeead6b79c4cff607556fb7129,False,0,4488,4488,cf8bee4faf9f1e67678d45b7cd8c350d04e95baeead6b79c4cff607556fb7129,cf8bee4faf9f1e67678d45b7cd8c350d04e95baeead6b79c4cff607556fb7129,True,2
test,367,1358,1713,cf8bee4faf9f1e67678d45b7cd8c350d04e95baeead6b79c4cff607556fb7129,False,0,4488,4488,cf8bee4faf9f1e67678d45b7cd8c350d04e95baeead6b79c4cff607556fb7129,cf8bee4faf9f1e67678d45b7cd8c350d04e95baeead6b79c4cff607556fb7129,True,2
test,368,905,1483,cf8bee4faf9f1e67678d45b7cd8c350d04e95baeead6b79c4cff607556fb7129,False,0,4488,4488,cf8bee4faf9f1e67678d45b7cd8c350d04e95baeead6b79c4cff607556fb7129,cf8bee4faf9f1e67678d45b7cd8c350d04e95baeead6b79c4cff607556fb7129,True,2
test,369,1059,1600,cf8bee4faf9f1e67678d45b7cd8c350d04e95baeead6b79c4cff607556fb7129,False,0,4488,4488,cf8bee4faf9f1e67678d45b7cd8c350d04e95baeead6b79c4cff607556fb7129,cf8bee4faf9f1e67678d45b7cd8c350d04e95baeead6b79c4cff607556fb7129,True,2
test,370,403,806,cf8bee4faf9f1e67678d45b7cd8c350d04e95baeead6b79c4cff607556fb7129,False,0,4488,4488,cf8bee4faf9f1e67678d45b7cd8c350d04e95baeead6b79c4cff607556fb7129,cf8bee4faf9f1e67678d45b7cd8c350d04e95baeead6b79c4cff607556fb7129,True,2
test,371,228,322,cf8bee4faf9f1e67678d45b7cd8c350d04e95baeead6b79c4cff607556fb7129,False,0,4488,4488,cf8bee4faf9f1e67678d45b7cd8c350d04e95baeead6b79c4cff607556fb7129,cf8bee4faf9f1e67678d45b7cd8c350d04e95baeead6b79c4cff607556fb7129,True,2
test,372,1148,2220,cf8bee4faf9f1e67678d45b7cd8c350d04e95baeead6b79c4cff607556fb7129,False,0,4488,4488,cf8bee4faf9f1e67678d45b7cd8c350d04e95baeead6b79c4cff607556fb7129,cf8bee4faf9f1e67678d45b7cd8c350d04e95baeead6b79c4cff607556fb7129,True,2
test,373,1317,1720,cf8bee4faf9f1e67678d45b7cd8c350d04e95baeead6b79c4cff607556fb7129,False,0,4488,4488,cf8bee4faf9f1e67678d45b7cd8c350d04e95baeead6b79c4cff607556fb7129,cf8bee4faf9f1e67678d45b7cd8c350d04e95baeead6b79c4cff607556fb7129,True,2
test,374,1553,1827,cf8bee4faf9f1e67678d45b7cd8c350d04e95baeead6b79c4cff607556fb7129,False,0,4488,4488,cf8bee4faf9f1e67678d45b7cd8c350d04e95baeead6b79c4cff607556fb7129,cf8bee4faf9f1e67678d45b7cd8c350d04e95baeead6b79c4cff607556fb7129,True,2
test,375,2147,2486,cf8bee4faf9f1e67678d45b7cd8c350d04e95baeead6b79c4cff607556fb7129,False,0,4488,4488,cf8bee4faf9f1e67678d45b7cd8c350d04e95baeead6b79c4cff607556fb7129,cf8bee4faf9f1e67678d45b7cd8c350d04e95baeead6b79c4cff607556fb7129,True,2
test,376,604,1914,cf8bee4faf9f1e67678d45b7cd8c350d04e95baeead6b79c4cff607556fb7129,False,0,4488,4488,cf8bee4faf9f1e67678d45b7cd8c350d04e95baeead6b79c4cff607556fb7129,cf8bee4faf9f1e67678d45b7cd8c350d04e95baeead6b79c4cff607556fb7129,True,2
test,377,2164,2282,cf8bee4faf9f1e67678d45b7cd8c350d04e95baeead6b79c4cff607556fb7129,False,0,4488,4488,cf8bee4faf9f1e67678d45b7cd8c350d04e95baeead6b79c4cff607556fb7129,cf8bee4faf9f1e67678d45b7cd8c350d04e95baeead6b79c4cff607556fb7129,True,2
test,378,175,2217,cf8bee4faf9f1e67678d45b7cd8c350d04e95baeead6b79c4cff607556fb7129,False,0,4488,4488,cf8bee4faf9f1e67678d45b7cd8c350d04e95baeead6b79c4cff607556fb7129,cf8bee4faf9f1e67678d45b7cd8c350d04e95baeead6b79c4cff607556fb7129,True,2
test,379,1957,2630,cf8bee4faf9f1e67678d45b7cd8c350d04e95baeead6b79c4cff607556fb7129,False,0,4488,4488,cf8bee4faf9f1e67678d45b7cd8c350d04e95baeead6b79c4cff607556fb7129,cf8bee4faf9f1e67678d45b7cd8c350d04e95baeead6b79c4cff607556fb7129,True,2
test,380,1054,1432,cf8bee4faf9f1e67678d45b7cd8c350d04e95baeead6b79c4cff607556fb7129,False,0,4488,4488,cf8bee4faf9f1e67678d45b7cd8c350d04e95baeead6b79c4cff607556fb7129,cf8bee4faf9f1e67678d45b7cd8c350d04e95baeead6b79c4cff607556fb7129,True,2
test,381,289,1722,cf8bee4faf9f1e67678d45b7cd8c350d04e95baeead6b79c4cff607556fb7129,False,0,4488,4488,cf8bee4faf9f1e67678d45b7cd8c350d04e95baeead6b79c4cff607556fb7129,cf8bee4faf9f1e67678d45b7cd8c350d04e95baeead6b79c4cff607556fb7129,True,2
test,382,466,1305,cf8bee4faf9f1e67678d45b7cd8c350d04e95baeead6b79c4cff607556fb7129,False,0,4488,4488,cf8bee4faf9f1e67678d45b7cd8c350d04e95baeead6b79c4cff607556fb7129,cf8bee4faf9f1e67678d45b7cd8c350d04e95baeead6b79c4cff607556fb7129,True,2
test,383,1098,2067,cf8bee4faf9f1e67678d45b7cd8c350d04e95baeead6b79c4cff607556fb7129,False,0,4488,4488,cf8bee4faf9f1e67678d45b7cd8c350d04e95baeead6b79c4cff607556fb7129,cf8bee4faf9f1e67678d45b7cd8c350d04e95baeead6b79c4cff607556fb7129,True,2
test,384,293,2038,cf8bee4faf9f1e67678d45b7cd8c350d04e95baeead6b79c4cff607556fb7129,False,0,4488,4488,cf8bee4faf9f1e67678d45b7cd8c350d04e95baeead6b79c4cff607556fb7129,cf8bee4faf9f1e67678d45b7cd8c350d04e95baeead6b79c4cff607556fb7129,True,2
test,385,1270,2034,cf8bee4faf9f1e67678d45b7cd8c350d04e95baeead6b79c4cff607556fb7129,False,0,4488,4488,cf8bee4faf9f1e67678d45b7cd8c350d04e95baeead6b79c4cff607556fb7129,cf8bee4faf9f1e67678d45b7cd8c350d04e95baeead6b79c4cff607556fb7129,True,2
test,386,618,938,cf8bee4faf9f1e67678d45b7cd8c350d04e95baeead6b79c4cff607556fb7129,False,0,4488,4488,cf8bee4faf9f1e67678d45b7cd8c350d04e95baeead6b79c4cff607556fb7129,cf8bee4faf9f1e67678d45b7cd8c350d04e95baeead6b79c4cff607556fb7129,True,2
test,387,1197,1791,cf8bee4faf9f1e67678d45b7cd8c350d04e95baeead6b79c4cff607556fb7129,False,0,4488,4488,cf8bee4faf9f1e67678d45b7cd8c350d04e95baeead6b79c4cff607556fb7129,cf8bee4faf9f1e67678d45b7cd8c350d04e95baeead6b79c4cff607556fb7129,True,2
test,388,1098,1477,cf8bee4faf9f1e67678d45b7cd8c350d04e95baeead6b79c4cff607556fb7129,False,0,4488,4488,cf8bee4faf9f1e67678d45b7cd8c350d04e95baeead6b79c4cff607556fb7129,cf8bee4faf9f1e67678d45b7cd8c350d04e95baeead6b79c4cff607556fb7129,True,2
test,389,266,809,cf8bee4faf9f1e67678d45b7cd8c350d04e95baeead6b79c4cff607556fb7129,False,0,4488,4488,cf8bee4faf9f1e67678d45b7cd8c350d04e95baeead6b79c4cff607556fb7129,cf8bee4faf9f1e67678d45b7cd8c350d04e95baeead6b79c4cff607556fb7129,True,2
test,390,131,2169,cf8bee4faf9f1e67678d45b7cd8c350d04e95baeead6b79c4cff607556fb7129,False,0,4488,4488,cf8bee4faf9f1e67678d45b7cd8c350d04e95baeead6b79c4cff607556fb7129,cf8bee4faf9f1e67678d45b7cd8c350d04e95baeead6b79c4cff607556fb7129,True,2
test,391,1147,2371,cf8bee4faf9f1e67678d45b7cd8c350d04e95baeead6b79c4cff607556fb7129,False,0,4488,4488,cf8bee4faf9f1e67678d45b7cd8c350d04e95baeead6b79c4cff607556fb7129,cf8bee4faf9f1e67678d45b7cd8c350d04e95baeead6b79c4cff607556fb7129,True,2
test,392,142,2181,cf8bee4faf9f1e67678d45b7cd8c350d04e95baeead6b79c4cff607556fb7129,False,0,4488,4488,cf8bee4faf9f1e67678d45b7cd8c350d04e95baeead6b79c4cff607556fb7129,cf8bee4faf9f1e67678d45b7cd8c350d04e95baeead6b79c4cff607556fb7129,True,2
test,393,1236,2479,cf8bee4faf9f1e67678d45b7cd8c350d04e95baeead6b79c4cff607556fb7129,False,0,4488,4488,cf8bee4faf9f1e67678d45b7cd8c350d04e95baeead6b79c4cff607556fb7129,cf8bee4faf9f1e67678d45b7cd8c350d04e95baeead6b79c4cff607556fb7129,True,2
test,394,18,2082,cf8bee4faf9f1e67678d45b7cd8c350d04e95baeead6b79c4cff607556fb7129,False,0,4488,4488,cf8bee4faf9f1e67678d45b7cd8c350d04e95baeead6b79c4cff607556fb7129,cf8bee4faf9f1e67678d45b7cd8c350d04e95baeead6b79c4cff607556fb7129,True,2
test,395,531,606,cf8bee4faf9f1e67678d45b7cd8c350d04e95baeead6b79c4cff607556fb7129,False,0,4488,4488,cf8bee4faf9f1e67678d45b7cd8c350d04e95baeead6b79c4cff607556fb7129,cf8bee4faf9f1e67678d45b7cd8c350d04e95baeead6b79c4cff607556fb7129,True,2
test,396,1682,2319,cf8bee4faf9f1e67678d45b7cd8c350d04e95baeead6b79c4cff607556fb7129,False,0,4488,4488,cf8bee4faf9f1e67678d45b7cd8c350d04e95baeead6b79c4cff607556fb7129,cf8bee4faf9f1e67678d45b7cd8c350d04e95baeead6b79c4cff607556fb7129,True,2
test,397,405,1275,cf8bee4faf9f1e67678d45b7cd8c350d04e95baeead6b79c4cff607556fb7129,False,0,4488,4488,cf8bee4faf9f1e67678d45b7cd8c350d04e95baeead6b79c4cff607556fb7129,cf8bee4faf9f1e67678d45b7cd8c350d04e95baeead6b79c4cff607556fb7129,True,2
test,398,429,2043,cf8bee4faf9f1e67678d45b7cd8c350d04e95baeead6b79c4cff607556fb7129,False,0,4488,4488,cf8bee4faf9f1e67678d45b7cd8c350d04e95baeead6b79c4cff607556fb7129,cf8bee4faf9f1e67678d45b7cd8c350d04e95baeead6b79c4cff607556fb7129,True,2
test,399,836,2403,cf8bee4faf9f1e67678d45b7cd8c350d04e95baeead6b79c4cff607556fb7129,False,0,4488,4488,cf8bee4faf9f1e67678d45b7cd8c350d04e95baeead6b79c4cff607556fb7129,cf8bee4faf9f1e67678d45b7cd8c350d04e95baeead6b79c4cff607556fb7129,True,2
test,400,2181,2202,cf8bee4faf9f1e67678d45b7cd8c350d04e95baeead6b79c4cff607556fb7129,False,0,4488,4488,cf8bee4faf9f1e67678d45b7cd8c350d04e95baeead6b79c4cff607556fb7129,cf8bee4faf9f1e67678d45b7cd8c350d04e95baeead6b79c4cff607556fb7129,True,2
test,401,296,2685,cf8bee4faf9f1e67678d45b7cd8c350d04e95baeead6b79c4cff607556fb7129,False,0,4488,4488,cf8bee4faf9f1e67678d45b7cd8c350d04e95baeead6b79c4cff607556fb7129,cf8bee4faf9f1e67678d45b7cd8c350d04e95baeead6b79c4cff607556fb7129,True,2
test,402,1701,1865,cf8bee4faf9f1e67678d45b7cd8c350d04e95baeead6b79c4cff607556fb7129,False,0,4488,4488,cf8bee4faf9f1e67678d45b7cd8c350d04e95baeead6b79c4cff607556fb7129,cf8bee4faf9f1e67678d45b7cd8c350d04e95baeead6b79c4cff607556fb7129,True,2
test,403,468,1311,cf8bee4faf9f1e67678d45b7cd8c350d04e95baeead6b79c4cff607556fb7129,False,0,4488,4488,cf8bee4faf9f1e67678d45b7cd8c350d04e95baeead6b79c4cff607556fb7129,cf8bee4faf9f1e67678d45b7cd8c350d04e95baeead6b79c4cff607556fb7129,True,2
test,404,577,2352,cf8bee4faf9f1e67678d45b7cd8c350d04e95baeead6b79c4cff607556fb7129,False,0,4488,4488,cf8bee4faf9f1e67678d45b7cd8c350d04e95baeead6b79c4cff607556fb7129,cf8bee4faf9f1e67678d45b7cd8c350d04e95baeead6b79c4cff607556fb7129,True,2
test,405,830,1914,cf8bee4faf9f1e67678d45b7cd8c350d04e95baeead6b79c4cff607556fb7129,False,0,4488,4488,cf8bee4faf9f1e67678d45b7cd8c350d04e95baeead6b79c4cff607556fb7129,cf8bee4faf9f1e67678d45b7cd8c350d04e95baeead6b79c4cff607556fb7129,True,2
test,406,1072,1801,cf8bee4faf9f1e67678d45b7cd8c350d04e95baeead6b79c4cff607556fb7129,False,0,4488,4488,cf8bee4faf9f1e67678d45b7cd8c350d04e95baeead6b79c4cff607556fb7129,cf8bee4faf9f1e67678d45b7cd8c350d04e95baeead6b79c4cff607556fb7129,True,2
test,407,57,2418,cf8bee4faf9f1e67678d45b7cd8c350d04e95baeead6b79c4cff607556fb7129,False,0,4488,4488,cf8bee4faf9f1e67678d45b7cd8c350d04e95baeead6b79c4cff607556fb7129,cf8bee4faf9f1e67678d45b7cd8c350d04e95baeead6b79c4cff607556fb7129,True,2
test,408,374,2147,cf8bee4faf9f1e67678d45b7cd8c350d04e95baeead6b79c4cff607556fb7129,False,0,4488,4488,cf8bee4faf9f1e67678d45b7cd8c350d04e95baeead6b79c4cff607556fb7129,cf8bee4faf9f1e67678d45b7cd8c350d04e95baeead6b79c4cff607556fb7129,True,2
test,409,380,930,cf8bee4faf9f1e67678d45b7cd8c350d04e95baeead6b79c4cff607556fb7129,False,0,4488,4488,cf8bee4faf9f1e67678d45b7cd8c350d04e95baeead6b79c4cff607556fb7129,cf8bee4faf9f1e67678d45b7cd8c350d04e95baeead6b79c4cff607556fb7129,True,2
test,410,1441,2272,cf8bee4faf9f1e67678d45b7cd8c350d04e95baeead6b79c4cff607556fb7129,False,0,4488,4488,cf8bee4faf9f1e67678d45b7cd8c350d04e95baeead6b79c4cff607556fb7129,cf8bee4faf9f1e67678d45b7cd8c350d04e95baeead6b79c4cff607556fb7129,True,2
test,411,2034,2042,cf8bee4faf9f1e67678d45b7cd8c350d04e95baeead6b79c4cff607556fb7129,False,0,4488,4488,cf8bee4faf9f1e67678d45b7cd8c350d04e95baeead6b79c4cff607556fb7129,cf8bee4faf9f1e67678d45b7cd8c350d04e95baeead6b79c4cff607556fb7129,True,2
test,412,445,909,cf8bee4faf9f1e67678d45b7cd8c350d04e95baeead6b79c4cff607556fb7129,False,0,4488,4488,cf8bee4faf9f1e67678d45b7cd8c350d04e95baeead6b79c4cff607556fb7129,cf8bee4faf9f1e67678d45b7cd8c350d04e95baeead6b79c4cff607556fb7129,True,2
test,413,302,1158,cf8bee4faf9f1e67678d45b7cd8c350d04e95baeead6b79c4cff607556fb7129,False,0,4488,4488,cf8bee4faf9f1e67678d45b7cd8c350d04e95baeead6b79c4cff607556fb7129,cf8bee4faf9f1e67678d45b7cd8c350d04e95baeead6b79c4cff607556fb7129,True,2
test,414,91,2380,cf8bee4faf9f1e67678d45b7cd8c350d04e95baeead6b79c4cff607556fb7129,False,0,4488,4488,cf8bee4faf9f1e67678d45b7cd8c350d04e95baeead6b79c4cff607556fb7129,cf8bee4faf9f1e67678d45b7cd8c350d04e95baeead6b79c4cff607556fb7129,True,2
test,415,651,2156,cf8bee4faf9f1e67678d45b7cd8c350d04e95baeead6b79c4cff607556fb7129,False,0,4488,4488,cf8bee4faf9f1e67678d45b7cd8c350d04e95baeead6b79c4cff607556fb7129,cf8bee4faf9f1e67678d45b7cd8c350d04e95baeead6b79c4cff607556fb7129,True,2
test,416,95,734,cf8bee4faf9f1e67678d45b7cd8c350d04e95baeead6b79c4cff607556fb7129,False,0,4488,4488,cf8bee4faf9f1e67678d45b7cd8c350d04e95baeead6b79c4cff607556fb7129,cf8bee4faf9f1e67678d45b7cd8c350d04e95baeead6b79c4cff607556fb7129,True,2
test,417,55,2020,cf8bee4faf9f1e67678d45b7cd8c350d04e95baeead6b79c4cff607556fb7129,False,0,4488,4488,cf8bee4faf9f1e67678d45b7cd8c350d04e95baeead6b79c4cff607556fb7129,cf8bee4faf9f1e67678d45b7cd8c350d04e95baeead6b79c4cff607556fb7129,True,2
test,418,1097,1115,cf8bee4faf9f1e67678d45b7cd8c350d04e95baeead6b79c4cff607556fb7129,False,0,4488,4488,cf8bee4faf9f1e67678d45b7cd8c350d04e95baeead6b79c4cff607556fb7129,cf8bee4faf9f1e67678d45b7cd8c350d04e95baeead6b79c4cff607556fb7129,True,2
test,419,513,565,cf8bee4faf9f1e67678d45b7cd8c350d04e95baeead6b79c4cff607556fb7129,False,0,4488,4488,cf8bee4faf9f1e67678d45b7cd8c350d04e95baeead6b79c4cff607556fb7129,cf8bee4faf9f1e67678d45b7cd8c350d04e95baeead6b79c4cff607556fb7129,True,2
test,420,1848,2419,cf8bee4faf9f1e67678d45b7cd8c350d04e95baeead6b79c4cff607556fb7129,False,0,4488,4488,cf8bee4faf9f1e67678d45b7cd8c350d04e95baeead6b79c4cff607556fb7129,cf8bee4faf9f1e67678d45b7cd8c350d04e95baeead6b79c4cff607556fb7129,True,2
test,421,596,644,cf8bee4faf9f1e67678d45b7cd8c350d04e95baeead6b79c4cff607556fb7129,False,0,4488,4488,cf8bee4faf9f1e67678d45b7cd8c350d04e95baeead6b79c4cff607556fb7129,cf8bee4faf9f1e67678d45b7cd8c350d04e95baeead6b79c4cff607556fb7129,True,2
test,422,506,1013,cf8bee4faf9f1e67678d45b7cd8c350d04e95baeead6b79c4cff607556fb7129,False,0,4488,4488,cf8bee4faf9f1e67678d45b7cd8c350d04e95baeead6b79c4cff607556fb7129,cf8bee4faf9f1e67678d45b7cd8c350d04e95baeead6b79c4cff607556fb7129,True,2
test,423,1110,1224,cf8bee4faf9f1e67678d45b7cd8c350d04e95baeead6b79c4cff607556fb7129,False,0,4488,4488,cf8bee4faf9f1e67678d45b7cd8c350d04e95baeead6b79c4cff607556fb7129,cf8bee4faf9f1e67678d45b7cd8c350d04e95baeead6b79c4cff607556fb7129,True,2
test,424,458,1953,cf8bee4faf9f1e67678d45b7cd8c350d04e95baeead6b79c4cff607556fb7129,False,0,4488,4488,cf8bee4faf9f1e67678d45b7cd8c350d04e95baeead6b79c4cff607556fb7129,cf8bee4faf9f1e67678d45b7cd8c350d04e95baeead6b79c4cff607556fb7129,True,2
test,425,693,2108,cf8bee4faf9f1e67678d45b7cd8c350d04e95baeead6b79c4cff607556fb7129,False,0,4488,4488,cf8bee4faf9f1e67678d45b7cd8c350d04e95baeead6b79c4cff607556fb7129,cf8bee4faf9f1e67678d45b7cd8c350d04e95baeead6b79c4cff607556fb7129,True,2
test,426,1229,1254,cf8bee4faf9f1e67678d45b7cd8c350d04e95baeead6b79c4cff607556fb7129,False,0,4488,4488,cf8bee4faf9f1e67678d45b7cd8c350d04e95baeead6b79c4cff607556fb7129,cf8bee4faf9f1e67678d45b7cd8c350d04e95baeead6b79c4cff607556fb7129,True,2
test,427,1158,2251,cf8bee4faf9f1e67678d45b7cd8c350d04e95baeead6b79c4cff607556fb7129,False,0,4488,4488,cf8bee4faf9f1e67678d45b7cd8c350d04e95baeead6b79c4cff607556fb7129,cf8bee4faf9f1e67678d45b7cd8c350d04e95baeead6b79c4cff607556fb7129,True,2
test,428,2222,2225,cf8bee4faf9f1e67678d45b7cd8c350d04e95baeead6b79c4cff607556fb7129,False,0,4488,4488,cf8bee4faf9f1e67678d45b7cd8c350d04e95baeead6b79c4cff607556fb7129,cf8bee4faf9f1e67678d45b7cd8c350d04e95baeead6b79c4cff607556fb7129,True,2
test,429,303,1670,cf8bee4faf9f1e67678d45b7cd8c350d04e95baeead6b79c4cff607556fb7129,False,0,4488,4488,cf8bee4faf9f1e67678d45b7cd8c350d04e95baeead6b79c4cff607556fb7129,cf8bee4faf9f1e67678d45b7cd8c350d04e95baeead6b79c4cff607556fb7129,True,2
test,430,380,477,cf8bee4faf9f1e67678d45b7cd8c350d04e95baeead6b79c4cff607556fb7129,False,0,4488,4488,cf8bee4faf9f1e67678d45b7cd8c350d04e95baeead6b79c4cff607556fb7129,cf8bee4faf9f1e67678d45b7cd8c350d04e95baeead6b79c4cff607556fb7129,True,2
test,431,1757,2451,cf8bee4faf9f1e67678d45b7cd8c350d04e95baeead6b79c4cff607556fb7129,False,0,4488,4488,cf8bee4faf9f1e67678d45b7cd8c350d04e95baeead6b79c4cff607556fb7129,cf8bee4faf9f1e67678d45b7cd8c350d04e95baeead6b79c4cff607556fb7129,True,2
test,432,1255,2248,cf8bee4faf9f1e67678d45b7cd8c350d04e95baeead6b79c4cff607556fb7129,False,0,4488,4488,cf8bee4faf9f1e67678d45b7cd8c350d04e95baeead6b79c4cff607556fb7129,cf8bee4faf9f1e67678d45b7cd8c350d04e95baeead6b79c4cff607556fb7129,True,2
test,433,388,1899,cf8bee4faf9f1e67678d45b7cd8c350d04e95baeead6b79c4cff607556fb7129,False,0,4488,4488,cf8bee4faf9f1e67678d45b7cd8c350d04e95baeead6b79c4cff607556fb7129,cf8bee4faf9f1e67678d45b7cd8c350d04e95baeead6b79c4cff607556fb7129,True,2
test,434,89,1157,cf8bee4faf9f1e67678d45b7cd8c350d04e95baeead6b79c4cff607556fb7129,False,0,4488,4488,cf8bee4faf9f1e67678d45b7cd8c350d04e95baeead6b79c4cff607556fb7129,cf8bee4faf9f1e67678d45b7cd8c350d04e95baeead6b79c4cff607556fb7129,True,2
test,435,1580,2200,cf8bee4faf9f1e67678d45b7cd8c350d04e95baeead6b79c4cff607556fb7129,False,0,4488,4488,cf8bee4faf9f1e67678d45b7cd8c350d04e95baeead6b79c4cff607556fb7129,cf8bee4faf9f1e67678d45b7cd8c350d04e95baeead6b79c4cff607556fb7129,True,2
test,436,492,688,cf8bee4faf9f1e67678d45b7cd8c350d04e95baeead6b79c4cff607556fb7129,False,0,4488,4488,cf8bee4faf9f1e67678d45b7cd8c350d04e95baeead6b79c4cff607556fb7129,cf8bee4faf9f1e67678d45b7cd8c350d04e95baeead6b79c4cff607556fb7129,True,2
test,437,335,1986,cf8bee4faf9f1e67678d45b7cd8c350d04e95baeead6b79c4cff607556fb7129,False,0,4488,4488,cf8bee4faf9f1e67678d45b7cd8c350d04e95baeead6b79c4cff607556fb7129,cf8bee4faf9f1e67678d45b7cd8c350d04e95baeead6b79c4cff607556fb7129,True,2
test,438,346,1358,cf8bee4faf9f1e67678d45b7cd8c350d04e95baeead6b79c4cff607556fb7129,False,0,4488,4488,cf8bee4faf9f1e67678d45b7cd8c350d04e95baeead6b79c4cff607556fb7129,cf8bee4faf9f1e67678d45b7cd8c350d04e95baeead6b79c4cff607556fb7129,True,2
test,439,2034,2035,cf8bee4faf9f1e67678d45b7cd8c350d04e95baeead6b79c4cff607556fb7129,False,0,4488,4488,cf8bee4faf9f1e67678d45b7cd8c350d04e95baeead6b79c4cff607556fb7129,cf8bee4faf9f1e67678d45b7cd8c350d04e95baeead6b79c4cff607556fb7129,True,2
test,440,1554,2687,cf8bee4faf9f1e67678d45b7cd8c350d04e95baeead6b79c4cff607556fb7129,False,0,4488,4488,cf8bee4faf9f1e67678d45b7cd8c350d04e95baeead6b79c4cff607556fb7129,cf8bee4faf9f1e67678d45b7cd8c350d04e95baeead6b79c4cff607556fb7129,True,2
test,441,695,1681,cf8bee4faf9f1e67678d45b7cd8c350d04e95baeead6b79c4cff607556fb7129,False,0,4488,4488,cf8bee4faf9f1e67678d45b7cd8c350d04e95baeead6b79c4cff607556fb7129,cf8bee4faf9f1e67678d45b7cd8c350d04e95baeead6b79c4cff607556fb7129,True,2
test,442,1358,1709,cf8bee4faf9f1e67678d45b7cd8c350d04e95baeead6b79c4cff607556fb7129,False,0,4488,4488,cf8bee4faf9f1e67678d45b7cd8c350d04e95baeead6b79c4cff607556fb7129,cf8bee4faf9f1e67678d45b7cd8c350d04e95baeead6b79c4cff607556fb7129,True,2
test,443,1889,1891,cf8bee4faf9f1e67678d45b7cd8c350d04e95baeead6b79c4cff607556fb7129,False,0,4488,4488,cf8bee4faf9f1e67678d45b7cd8c350d04e95baeead6b79c4cff607556fb7129,cf8bee4faf9f1e67678d45b7cd8c350d04e95baeead6b79c4cff607556fb7129,True,2
test,444,1207,2290,cf8bee4faf9f1e67678d45b7cd8c350d04e95baeead6b79c4cff607556fb7129,False,0,4488,4488,cf8bee4faf9f1e67678d45b7cd8c350d04e95baeead6b79c4cff607556fb7129,cf8bee4faf9f1e67678d45b7cd8c350d04e95baeead6b79c4cff607556fb7129,True,2
test,445,1705,2322,cf8bee4faf9f1e67678d45b7cd8c350d04e95baeead6b79c4cff607556fb7129,False,0,4488,4488,cf8bee4faf9f1e67678d45b7cd8c350d04e95baeead6b79c4cff607556fb7129,cf8bee4faf9f1e67678d45b7cd8c350d04e95baeead6b79c4cff607556fb7129,True,2
test,446,15,1271,cf8bee4faf9f1e67678d45b7cd8c350d04e95baeead6b79c4cff607556fb7129,False,0,4488,4488,cf8bee4faf9f1e67678d45b7cd8c350d04e95baeead6b79c4cff607556fb7129,cf8bee4faf9f1e67678d45b7cd8c350d04e95baeead6b79c4cff607556fb7129,True,2
test,447,22,1234,cf8bee4faf9f1e67678d45b7cd8c350d04e95baeead6b79c4cff607556fb7129,False,0,4488,4488,cf8bee4faf9f1e67678d45b7cd8c350d04e95baeead6b79c4cff607556fb7129,cf8bee4faf9f1e67678d45b7cd8c350d04e95baeead6b79c4cff607556fb7129,True,2
test,448,901,1279,cf8bee4faf9f1e67678d45b7cd8c350d04e95baeead6b79c4cff607556fb7129,False,0,4488,4488,cf8bee4faf9f1e67678d45b7cd8c350d04e95baeead6b79c4cff607556fb7129,cf8bee4faf9f1e67678d45b7cd8c350d04e95baeead6b79c4cff607556fb7129,True,2
test,449,1708,2313,cf8bee4faf9f1e67678d45b7cd8c350d04e95baeead6b79c4cff607556fb7129,False,0,4488,4488,cf8bee4faf9f1e67678d45b7cd8c350d04e95baeead6b79c4cff607556fb7129,cf8bee4faf9f1e67678d45b7cd8c350d04e95baeead6b79c4cff607556fb7129,True,2
test,450,477,930,cf8bee4faf9f1e67678d45b7cd8c350d04e95baeead6b79c4cff607556fb7129,False,0,4488,4488,cf8bee4faf9f1e67678d45b7cd8c350d04e95baeead6b79c4cff607556fb7129,cf8bee4faf9f1e67678d45b7cd8c350d04e95baeead6b79c4cff607556fb7129,True,2
test,451,334,693,cf8bee4faf9f1e67678d45b7cd8c350d04e95baeead6b79c4cff607556fb7129,False,0,4488,4488,cf8bee4faf9f1e67678d45b7cd8c350d04e95baeead6b79c4cff607556fb7129,cf8bee4faf9f1e67678d45b7cd8c350d04e95baeead6b79c4cff607556fb7129,True,2
test,452,1358,1740,cf8bee4faf9f1e67678d45b7cd8c350d04e95baeead6b79c4cff607556fb7129,False,0,4488,4488,cf8bee4faf9f1e67678d45b7cd8c350d04e95baeead6b79c4cff607556fb7129,cf8bee4faf9f1e67678d45b7cd8c350d04e95baeead6b79c4cff607556fb7129,True,2
test,453,174,1742,cf8bee4faf9f1e67678d45b7cd8c350d04e95baeead6b79c4cff607556fb7129,False,0,4488,4488,cf8bee4faf9f1e67678d45b7cd8c350d04e95baeead6b79c4cff607556fb7129,cf8bee4faf9f1e67678d45b7cd8c350d04e95baeead6b79c4cff607556fb7129,True,2
test,454,1739,1750,cf8bee4faf9f1e67678d45b7cd8c350d04e95baeead6b79c4cff607556fb7129,False,0,4488,4488,cf8bee4faf9f1e67678d45b7cd8c350d04e95baeead6b79c4cff607556fb7129,cf8bee4faf9f1e67678d45b7cd8c350d04e95baeead6b79c4cff607556fb7129,True,2
test,455,1,2,cf8bee4faf9f1e67678d45b7cd8c350d04e95baeead6b79c4cff607556fb7129,False,0,4488,4488,cf8bee4faf9f1e67678d45b7cd8c350d04e95baeead6b79c4cff607556fb7129,cf8bee4faf9f1e67678d45b7cd8c350d04e95baeead6b79c4cff607556fb7129,True,2
test,456,97,661,cf8bee4faf9f1e67678d45b7cd8c350d04e95baeead6b79c4cff607556fb7129,False,0,4488,4488,cf8bee4faf9f1e67678d45b7cd8c350d04e95baeead6b79c4cff607556fb7129,cf8bee4faf9f1e67678d45b7cd8c350d04e95baeead6b79c4cff607556fb7129,True,2
test,457,1358,1751,cf8bee4faf9f1e67678d45b7cd8c350d04e95baeead6b79c4cff607556fb7129,False,0,4488,4488,cf8bee4faf9f1e67678d45b7cd8c350d04e95baeead6b79c4cff607556fb7129,cf8bee4faf9f1e67678d45b7cd8c350d04e95baeead6b79c4cff607556fb7129,True,2
test,458,229,1053,cf8bee4faf9f1e67678d45b7cd8c350d04e95baeead6b79c4cff607556fb7129,False,0,4488,4488,cf8bee4faf9f1e67678d45b7cd8c350d04e95baeead6b79c4cff607556fb7129,cf8bee4faf9f1e67678d45b7cd8c350d04e95baeead6b79c4cff607556fb7129,True,2
test,459,2227,2228,cf8bee4faf9f1e67678d45b7cd8c350d04e95baeead6b79c4cff607556fb7129,False,0,4488,4488,cf8bee4faf9f1e67678d45b7cd8c350d04e95baeead6b79c4cff607556fb7129,cf8bee4faf9f1e67678d45b7cd8c350d04e95baeead6b79c4cff607556fb7129,True,2
test,460,1842,2281,cf8bee4faf9f1e67678d45b7cd8c350d04e95baeead6b79c4cff607556fb7129,False,0,4488,4488,cf8bee4faf9f1e67678d45b7cd8c350d04e95baeead6b79c4cff607556fb7129,cf8bee4faf9f1e67678d45b7cd8c350d04e95baeead6b79c4cff607556fb7129,True,2
test,461,838,2280,cf8bee4faf9f1e67678d45b7cd8c350d04e95baeead6b79c4cff607556fb7129,False,0,4488,4488,cf8bee4faf9f1e67678d45b7cd8c350d04e95baeead6b79c4cff607556fb7129,cf8bee4faf9f1e67678d45b7cd8c350d04e95baeead6b79c4cff607556fb7129,True,2
test,462,831,1733,cf8bee4faf9f1e67678d45b7cd8c350d04e95baeead6b79c4cff607556fb7129,False,0,4488,4488,cf8bee4faf9f1e67678d45b7cd8c350d04e95baeead6b79c4cff607556fb7129,cf8bee4faf9f1e67678d45b7cd8c350d04e95baeead6b79c4cff607556fb7129,True,2
test,463,702,822,cf8bee4faf9f1e67678d45b7cd8c350d04e95baeead6b79c4cff607556fb7129,False,0,4488,4488,cf8bee4faf9f1e67678d45b7cd8c350d04e95baeead6b79c4cff607556fb7129,cf8bee4faf9f1e67678d45b7cd8c350d04e95baeead6b79c4cff607556fb7129,True,2
test,464,44,2624,cf8bee4faf9f1e67678d45b7cd8c350d04e95baeead6b79c4cff607556fb7129,False,0,4488,4488,cf8bee4faf9f1e67678d45b7cd8c350d04e95baeead6b79c4cff607556fb7129,cf8bee4faf9f1e67678d45b7cd8c350d04e95baeead6b79c4cff607556fb7129,True,2
test,465,1229,1384,cf8bee4faf9f1e67678d45b7cd8c350d04e95baeead6b79c4cff607556fb7129,False,0,4488,4488,cf8bee4faf9f1e67678d45b7cd8c350d04e95baeead6b79c4cff607556fb7129,cf8bee4faf9f1e67678d45b7cd8c350d04e95baeead6b79c4cff607556fb7129,True,2
test,466,414,711,cf8bee4faf9f1e67678d45b7cd8c350d04e95baeead6b79c4cff607556fb7129,False,0,4488,4488,cf8bee4faf9f1e67678d45b7cd8c350d04e95baeead6b79c4cff607556fb7129,cf8bee4faf9f1e67678d45b7cd8c350d04e95baeead6b79c4cff607556fb7129,True,2
test,467,524,2476,cf8bee4faf9f1e67678d45b7cd8c350d04e95baeead6b79c4cff607556fb7129,False,0,4488,4488,cf8bee4faf9f1e67678d45b7cd8c350d04e95baeead6b79c4cff607556fb7129,cf8bee4faf9f1e67678d45b7cd8c350d04e95baeead6b79c4cff607556fb7129,True,2
test,468,1040,1358,cf8bee4faf9f1e67678d45b7cd8c350d04e95baeead6b79c4cff607556fb7129,False,0,4488,4488,cf8bee4faf9f1e67678d45b7cd8c350d04e95baeead6b79c4cff607556fb7129,cf8bee4faf9f1e67678d45b7cd8c350d04e95baeead6b79c4cff607556fb7129,True,2
test,469,1546,2169,cf8bee4faf9f1e67678d45b7cd8c350d04e95baeead6b79c4cff607556fb7129,False,0,4488,4488,cf8bee4faf9f1e67678d45b7cd8c350d04e95baeead6b79c4cff607556fb7129,cf8bee4faf9f1e67678d45b7cd8c350d04e95baeead6b79c4cff607556fb7129,True,2
test,470,844,1902,cf8bee4faf9f1e67678d45b7cd8c350d04e95baeead6b79c4cff607556fb7129,False,0,4488,4488,cf8bee4faf9f1e67678d45b7cd8c350d04e95baeead6b79c4cff607556fb7129,cf8bee4faf9f1e67678d45b7cd8c350d04e95baeead6b79c4cff607556fb7129,True,2
test,471,229,2118,cf8bee4faf9f1e67678d45b7cd8c350d04e95baeead6b79c4cff607556fb7129,False,0,4488,4488,cf8bee4faf9f1e67678d45b7cd8c350d04e95baeead6b79c4cff607556fb7129,cf8bee4faf9f1e67678d45b7cd8c350d04e95baeead6b79c4cff607556fb7129,True,2
test,472,1202,2376,cf8bee4faf9f1e67678d45b7cd8c350d04e95baeead6b79c4cff607556fb7129,False,0,4488,4488,cf8bee4faf9f1e67678d45b7cd8c350d04e95baeead6b79c4cff607556fb7129,cf8bee4faf9f1e67678d45b7cd8c350d04e95baeead6b79c4cff607556fb7129,True,2
test,473,8,1996,cf8bee4faf9f1e67678d45b7cd8c350d04e95baeead6b79c4cff607556fb7129,False,0,4488,4488,cf8bee4faf9f1e67678d45b7cd8c350d04e95baeead6b79c4cff607556fb7129,cf8bee4faf9f1e67678d45b7cd8c350d04e95baeead6b79c4cff607556fb7129,True,2
test,474,90,1358,cf8bee4faf9f1e67678d45b7cd8c350d04e95baeead6b79c4cff607556fb7129,False,0,4488,4488,cf8bee4faf9f1e67678d45b7cd8c350d04e95baeead6b79c4cff607556fb7129,cf8bee4faf9f1e67678d45b7cd8c350d04e95baeead6b79c4cff607556fb7129,True,2
test,475,598,1821,cf8bee4faf9f1e67678d45b7cd8c350d04e95baeead6b79c4cff607556fb7129,False,0,4488,4488,cf8bee4faf9f1e67678d45b7cd8c350d04e95baeead6b79c4cff607556fb7129,cf8bee4faf9f1e67678d45b7cd8c350d04e95baeead6b79c4cff607556fb7129,True,2
test,476,1951,2204,cf8bee4faf9f1e67678d45b7cd8c350d04e95baeead6b79c4cff607556fb7129,False,0,4488,4488,cf8bee4faf9f1e67678d45b7cd8c350d04e95baeead6b79c4cff607556fb7129,cf8bee4faf9f1e67678d45b7cd8c350d04e95baeead6b79c4cff607556fb7129,True,2
test,477,1444,2323,cf8bee4faf9f1e67678d45b7cd8c350d04e95baeead6b79c4cff607556fb7129,False,0,4488,4488,cf8bee4faf9f1e67678d45b7cd8c350d04e95baeead6b79c4cff607556fb7129,cf8bee4faf9f1e67678d45b7cd8c350d04e95baeead6b79c4cff607556fb7129,True,2
test,478,885,2386,cf8bee4faf9f1e67678d45b7cd8c350d04e95baeead6b79c4cff607556fb7129,False,0,4488,4488,cf8bee4faf9f1e67678d45b7cd8c350d04e95baeead6b79c4cff607556fb7129,cf8bee4faf9f1e67678d45b7cd8c350d04e95baeead6b79c4cff607556fb7129,True,2
test,479,577,906,cf8bee4faf9f1e67678d45b7cd8c350d04e95baeead6b79c4cff607556fb7129,False,0,4488,4488,cf8bee4faf9f1e67678d45b7cd8c350d04e95baeead6b79c4cff607556fb7129,cf8bee4faf9f1e67678d45b7cd8c350d04e95baeead6b79c4cff607556fb7129,True,2
test,480,203,857,cf8bee4faf9f1e67678d45b7cd8c350d04e95baeead6b79c4cff607556fb7129,False,0,4488,4488,cf8bee4faf9f1e67678d45b7cd8c350d04e95baeead6b79c4cff607556fb7129,cf8bee4faf9f1e67678d45b7cd8c350d04e95baeead6b79c4cff607556fb7129,True,2
test,481,1340,1413,cf8bee4faf9f1e67678d45b7cd8c350d04e95baeead6b79c4cff607556fb7129,False,0,4488,4488,cf8bee4faf9f1e67678d45b7cd8c350d04e95baeead6b79c4cff607556fb7129,cf8bee4faf9f1e67678d45b7cd8c350d04e95baeead6b79c4cff607556fb7129,True,2
test,482,1589,1745,cf8bee4faf9f1e67678d45b7cd8c350d04e95baeead6b79c4cff607556fb7129,False,0,4488,4488,cf8bee4faf9f1e67678d45b7cd8c350d04e95baeead6b79c4cff607556fb7129,cf8bee4faf9f1e67678d45b7cd8c350d04e95baeead6b79c4cff607556fb7129,True,2
test,483,487,1705,cf8bee4faf9f1e67678d45b7cd8c350d04e95baeead6b79c4cff607556fb7129,False,0,4488,4488,cf8bee4faf9f1e67678d45b7cd8c350d04e95baeead6b79c4cff607556fb7129,cf8bee4faf9f1e67678d45b7cd8c350d04e95baeead6b79c4cff607556fb7129,True,2
test,484,893,911,cf8bee4faf9f1e67678d45b7cd8c350d04e95baeead6b79c4cff607556fb7129,False,0,4488,4488,cf8bee4faf9f1e67678d45b7cd8c350d04e95baeead6b79c4cff607556fb7129,cf8bee4faf9f1e67678d45b7cd8c350d04e95baeead6b79c4cff607556fb7129,True,2
test,485,628,1764,cf8bee4faf9f1e67678d45b7cd8c350d04e95baeead6b79c4cff607556fb7129,False,0,4488,4488,cf8bee4faf9f1e67678d45b7cd8c350d04e95baeead6b79c4cff607556fb7129,cf8bee4faf9f1e67678d45b7cd8c350d04e95baeead6b79c4cff607556fb7129,True,2
test,486,264,1902,cf8bee4faf9f1e67678d45b7cd8c350d04e95baeead6b79c4cff607556fb7129,False,0,4488,4488,cf8bee4faf9f1e67678d45b7cd8c350d04e95baeead6b79c4cff607556fb7129,cf8bee4faf9f1e67678d45b7cd8c350d04e95baeead6b79c4cff607556fb7129,True,2
test,487,229,1405,cf8bee4faf9f1e67678d45b7cd8c350d04e95baeead6b79c4cff607556fb7129,False,0,4488,4488,cf8bee4faf9f1e67678d45b7cd8c350d04e95baeead6b79c4cff607556fb7129,cf8bee4faf9f1e67678d45b7cd8c350d04e95baeead6b79c4cff607556fb7129,True,2
test,488,733,2304,cf8bee4faf9f1e67678d45b7cd8c350d04e95baeead6b79c4cff607556fb7129,False,0,4488,4488,cf8bee4faf9f1e67678d45b7cd8c350d04e95baeead6b79c4cff607556fb7129,cf8bee4faf9f1e67678d45b7cd8c350d04e95baeead6b79c4cff607556fb7129,True,2
test,489,795,1645,cf8bee4faf9f1e67678d45b7cd8c350d04e95baeead6b79c4cff607556fb7129,False,0,4488,4488,cf8bee4faf9f1e67678d45b7cd8c350d04e95baeead6b79c4cff607556fb7129,cf8bee4faf9f1e67678d45b7cd8c350d04e95baeead6b79c4cff607556fb7129,True,2
test,490,505,1258,cf8bee4faf9f1e67678d45b7cd8c350d04e95baeead6b79c4cff607556fb7129,False,0,4488,4488,cf8bee4faf9f1e67678d45b7cd8c350d04e95baeead6b79c4cff607556fb7129,cf8bee4faf9f1e67678d45b7cd8c350d04e95baeead6b79c4cff607556fb7129,True,2
test,491,63,1322,cf8bee4faf9f1e67678d45b7cd8c350d04e95baeead6b79c4cff607556fb7129,False,0,4488,4488,cf8bee4faf9f1e67678d45b7cd8c350d04e95baeead6b79c4cff607556fb7129,cf8bee4faf9f1e67678d45b7cd8c350d04e95baeead6b79c4cff607556fb7129,True,2
test,492,1430,1718,cf8bee4faf9f1e67678d45b7cd8c350d04e95baeead6b79c4cff607556fb7129,False,0,4488,4488,cf8bee4faf9f1e67678d45b7cd8c350d04e95baeead6b79c4cff607556fb7129,cf8bee4faf9f1e67678d45b7cd8c350d04e95baeead6b79c4cff607556fb7129,True,2
test,493,1750,1765,cf8bee4faf9f1e67678d45b7cd8c350d04e95baeead6b79c4cff607556fb7129,False,0,4488,4488,cf8bee4faf9f1e67678d45b7cd8c350d04e95baeead6b79c4cff607556fb7129,cf8bee4faf9f1e67678d45b7cd8c350d04e95baeead6b79c4cff607556fb7129,True,2
test,494,779,1919,cf8bee4faf9f1e67678d45b7cd8c350d04e95baeead6b79c4cff607556fb7129,False,0,4488,4488,cf8bee4faf9f1e67678d45b7cd8c350d04e95baeead6b79c4cff607556fb7129,cf8bee4faf9f1e67678d45b7cd8c350d04e95baeead6b79c4cff607556fb7129,True,2
test,495,986,2697,cf8bee4faf9f1e67678d45b7cd8c350d04e95baeead6b79c4cff607556fb7129,False,0,4488,4488,cf8bee4faf9f1e67678d45b7cd8c350d04e95baeead6b79c4cff607556fb7129,cf8bee4faf9f1e67678d45b7cd8c350d04e95baeead6b79c4cff607556fb7129,True,2
test,496,576,1810,cf8bee4faf9f1e67678d45b7cd8c350d04e95baeead6b79c4cff607556fb7129,False,0,4488,4488,cf8bee4faf9f1e67678d45b7cd8c350d04e95baeead6b79c4cff607556fb7129,cf8bee4faf9f1e67678d45b7cd8c350d04e95baeead6b79c4cff607556fb7129,True,2
test,497,274,749,cf8bee4faf9f1e67678d45b7cd8c350d04e95baeead6b79c4cff607556fb7129,False,0,4488,4488,cf8bee4faf9f1e67678d45b7cd8c350d04e95baeead6b79c4cff607556fb7129,cf8bee4faf9f1e67678d45b7cd8c350d04e95baeead6b79c4cff607556fb7129,True,2
test,498,610,2481,cf8bee4faf9f1e67678d45b7cd8c350d04e95baeead6b79c4cff607556fb7129,False,0,4488,4488,cf8bee4faf9f1e67678d45b7cd8c350d04e95baeead6b79c4cff607556fb7129,cf8bee4faf9f1e67678d45b7cd8c350d04e95baeead6b79c4cff607556fb7129,True,2
test,499,1903,2269,cf8bee4faf9f1e67678d45b7cd8c350d04e95baeead6b79c4cff607556fb7129,False,0,4488,4488,cf8bee4faf9f1e67678d45b7cd8c350d04e95baeead6b79c4cff607556fb7129,cf8bee4faf9f1e67678d45b7cd8c350d04e95baeead6b79c4cff607556fb7129,True,2
test,500,1358,1741,cf8bee4faf9f1e67678d45b7cd8c350d04e95baeead6b79c4cff607556fb7129,False,0,4488,4488,cf8bee4faf9f1e67678d45b7cd8c350d04e95baeead6b79c4cff607556fb7129,cf8bee4faf9f1e67678d45b7cd8c350d04e95baeead6b79c4cff607556fb7129,True,2
test,501,336,1950,cf8bee4faf9f1e67678d45b7cd8c350d04e95baeead6b79c4cff607556fb7129,False,0,4488,4488,cf8bee4faf9f1e67678d45b7cd8c350d04e95baeead6b79c4cff607556fb7129,cf8bee4faf9f1e67678d45b7cd8c350d04e95baeead6b79c4cff607556fb7129,True,2
test,502,146,897,cf8bee4faf9f1e67678d45b7cd8c350d04e95baeead6b79c4cff607556fb7129,False,0,4488,4488,cf8bee4faf9f1e67678d45b7cd8c350d04e95baeead6b79c4cff607556fb7129,cf8bee4faf9f1e67678d45b7cd8c350d04e95baeead6b79c4cff607556fb7129,True,2
test,503,154,364,cf8bee4faf9f1e67678d45b7cd8c350d04e95baeead6b79c4cff607556fb7129,False,0,4488,4488,cf8bee4faf9f1e67678d45b7cd8c350d04e95baeead6b79c4cff607556fb7129,cf8bee4faf9f1e67678d45b7cd8c350d04e95baeead6b79c4cff607556fb7129,True,2
test,504,1042,2198,cf8bee4faf9f1e67678d45b7cd8c350d04e95baeead6b79c4cff607556fb7129,False,0,4488,4488,cf8bee4faf9f1e67678d45b7cd8c350d04e95baeead6b79c4cff607556fb7129,cf8bee4faf9f1e67678d45b7cd8c350d04e95baeead6b79c4cff607556fb7129,True,2
test,505,167,168,cf8bee4faf9f1e67678d45b7cd8c350d04e95baeead6b79c4cff607556fb7129,False,0,4488,4488,cf8bee4faf9f1e67678d45b7cd8c350d04e95baeead6b79c4cff607556fb7129,cf8bee4faf9f1e67678d45b7cd8c350d04e95baeead6b79c4cff607556fb7129,True,2
test,506,1566,2071,cf8bee4faf9f1e67678d45b7cd8c350d04e95baeead6b79c4cff607556fb7129,False,0,4488,4488,cf8bee4faf9f1e67678d45b7cd8c350d04e95baeead6b79c4cff607556fb7129,cf8bee4faf9f1e67678d45b7cd8c350d04e95baeead6b79c4cff607556fb7129,True,2
test,507,603,795,cf8bee4faf9f1e67678d45b7cd8c350d04e95baeead6b79c4cff607556fb7129,False,0,4488,4488,cf8bee4faf9f1e67678d45b7cd8c350d04e95baeead6b79c4cff607556fb7129,cf8bee4faf9f1e67678d45b7cd8c350d04e95baeead6b79c4cff607556fb7129,True,2
test,508,55,210,cf8bee4faf9f1e67678d45b7cd8c350d04e95baeead6b79c4cff607556fb7129,False,0,4488,4488,cf8bee4faf9f1e67678d45b7cd8c350d04e95baeead6b79c4cff607556fb7129,cf8bee4faf9f1e67678d45b7cd8c350d04e95baeead6b79c4cff607556fb7129,True,2
test,509,1229,2439,cf8bee4faf9f1e67678d45b7cd8c350d04e95baeead6b79c4cff607556fb7129,False,0,4488,4488,cf8bee4faf9f1e67678d45b7cd8c350d04e95baeead6b79c4cff607556fb7129,cf8bee4faf9f1e67678d45b7cd8c350d04e95baeead6b79c4cff607556fb7129,True,2
test,510,963,2434,cf8bee4faf9f1e67678d45b7cd8c350d04e95baeead6b79c4cff607556fb7129,False,0,4488,4488,cf8bee4faf9f1e67678d45b7cd8c350d04e95baeead6b79c4cff607556fb7129,cf8bee4faf9f1e67678d45b7cd8c350d04e95baeead6b79c4cff607556fb7129,True,2
test,511,170,1358,cf8bee4faf9f1e67678d45b7cd8c350d04e95baeead6b79c4cff607556fb7129,False,0,4488,4488,cf8bee4faf9f1e67678d45b7cd8c350d04e95baeead6b79c4cff607556fb7129,cf8bee4faf9f1e67678d45b7cd8c350d04e95baeead6b79c4cff607556fb7129,True,2
