u,v,label,score_total,score_degree,score_cn,score_residual,score_interaction,interaction_share,degree_u,degree_v,degree_score,cn_raw,cn,cn_expected,cn_residual,quadrant,model_cn_expected,model_cn_residual,model_cn_normalized,cn_feature_mode,interaction_mode,rank
733,1062,1,2.655996799468994,0.7686859369277954,1.483177900314331,0.27437078952789307,0.1281757950782776,0.04828786104917526,25,3,4.6443908991413725,1,1,0.267146803427236,0.4260003771327093,HH,0.2671467959880829,0.4260003864765167,0.1154700443148613,raw,audited,4.0
1416,1468,1,-0.11995923519134521,0.7732341289520264,-1.07301926612854,0.14800925552845,0.030230218544602394,0.014932241290807724,17,2,3.988984046564274,0,0,0.237517154707459,-0.237517154707459,HL,0.23751714825630188,-0.23751714825630188,0.0,raw,audited,230.0
350,1778,1,2.69919490814209,0.7501353025436401,1.4469400644302368,0.3648735582828522,0.1356593519449234,0.05028874799609184,13,6,4.584967478670572,1,1,0.699817854096555,-0.0066706735366096614,HL,0.6998178362846375,-0.006670653820037842,0.1132277101278305,raw,audited,67.0
657,1740,1,0.011211116798222065,0.7456466555595398,-1.07301926612854,0.33102989196777344,0.005967407487332821,0.002768246689811349,10,12,4.962844630259907,0,0,0.6746990873627134,-0.6746990873627134,HL,0.674699068069458,-0.674699068069458,0.0,raw,audited,131.0
1602,2073,1,0.00875561498105526,0.7600536346435547,-1.07301926612854,0.29444169998168945,0.025693118572235107,0.011932484805583954,7,2,3.1780538303479453,0,0,0.10134399074702803,-0.10134399074702803,HL,0.10134398937225342,-0.10134398937225342,0.0,raw,audited,106.0
507,1300,1,2.695164442062378,0.7521809935569763,1.4394062757492065,0.34694355726242065,0.1550472229719162,0.057561807334423065,16,6,4.77912349311153,5,5,0.8233875577779268,0.9683719114501281,HH,0.8233875632286072,0.9683719277381897,0.5103103518486023,raw,audited,4.0
1682,2189,1,-0.006953932344913483,0.7507988810539246,-1.07301926612854,0.3004871606826782,0.013192864134907722,0.006172105669975281,8,4,3.8066624897703196,0,0,0.43054512341971973,-0.43054512341971973,HL,0.4305451214313507,-0.4305451214313507,0.0,raw,audited,108.0
306,1798,1,2.790811061859131,0.765211284160614,1.4619204998016357,0.4166206121444702,0.14547216892242432,0.05215505510568619,64,5,5.966146739123692,5,5,0.7270767094892242,1.0646827597388309,HH,0.7270767092704773,1.0646827220916748,0.279508501291275,raw,audited,1.0
661,1878,1,-0.08815105259418488,0.7707592844963074,-1.07301926612854,0.184016153216362,0.028506344184279442,0.01386292278766632,12,2,3.6635616461296463,0,0,0.16762298823748661,-0.16762298823748661,HL,0.16762298345565796,-0.16762298345565796,0.0,raw,audited,131.0
2446,2448,1,-0.026402408257126808,0.7543589472770691,-1.07301926612854,0.2660157084465027,0.024655774235725403,0.011640789918601513,6,2,3.0445224377234226,0,0,0.11249940516013764,-0.11249940516013764,HL,0.1124994084239006,-0.1124994084239006,0.0,raw,audited,70.0
1704,1912,1,-0.10376360267400742,0.7594527006149292,-1.07301926612854,0.19139814376831055,0.016818391159176826,0.008241528645157814,3,9,3.6888794541139367,0,0,0.3329518076365976,-0.3329518076365976,HL,0.3329518139362335,-0.3329518139362335,0.0,raw,audited,316.0
4,1761,1,2.6820437908172607,0.7335197925567627,1.4807193279266357,0.31103643774986267,0.15518181025981903,0.0578937791287899,4,5,3.401197381662155,2,2,0.26919246261014035,0.8294198260579693,HH,0.2691924571990967,0.8294198513031006,0.4472135901451111,raw,audited,6.0
236,2046,1,2.730701446533203,0.7523421049118042,1.4781707525253296,0.3513818681240082,0.14722037315368652,0.053944364190101624,9,4,3.9120230054281464,2,2,0.42841508381045235,0.6701972048576572,HH,0.42841508984565735,0.6701972484588623,0.3333333432674408,raw,audited,14.0
1411,2218,1,-0.15476304292678833,0.6264773011207581,-1.07301926612854,0.1507451981306076,0.13944728672504425,0.07008496671915054,0,1,0.6931471805599453,0,0,0.002811340275999219,-0.002811340275999219,LL,0.002811340382322669,-0.002811340382322669,0.0,raw,audited,408.0
1359,1914,1,2.613147497177124,0.7669069766998291,1.4270601272583008,0.28873664140701294,0.12885741889476776,0.049341145902872086,4,22,4.74493212836325,1,1,0.5684120851559789,0.12473509540396643,HH,0.5684120655059814,0.12473511695861816,0.10660035908222198,raw,audited,30.0
1013,1844,1,0.013773927465081215,0.7834341526031494,-1.07301926612854,0.2517748773097992,0.049997735768556595,0.023166125640273094,29,1,4.0943445622221,0,0,-0.09244171027644138,0.09244171027644138,HH,-0.09244170784950256,0.09244170784950256,0.0,raw,audited,94.0
2263,2490,1,2.4440300464630127,0.6327449679374695,1.4752212762832642,0.17801707983016968,0.15646034479141235,0.06405893713235855,2,1,1.791759469228055,1,1,0.002811340275999219,0.6903358402839461,LH,0.002811340382322669,0.6903358697891235,0.7071067690849304,raw,audited,26.0
1072,1802,1,2.682762384414673,0.7741483449935913,1.4639736413955688,0.3171667456626892,0.12588725984096527,0.0469522550702095,26,2,4.394449154672438,1,1,0.18327986685245617,0.5098673137074892,HH,0.1832798719406128,0.5098673105239868,0.1386750489473343,raw,audited,82.0
968,1986,1,0.05455128848552704,0.7888566255569458,-1.07301926612854,0.28858137130737305,0.04854613170027733,0.022076424211263657,1,55,4.718498871295095,0,0,-0.005184222823200677,0.005184222823200677,HH,-0.00518422294408083,0.00518422294408083,0.0,raw,audited,92.99999999999999
968,1603,1,-0.04252990335226059,0.6264773011207581,-1.07301926612854,0.26297834515571594,0.13944728672504425,0.06634274870157242,1,0,0.6931471805599453,0,0,0.002811340275999219,-0.002811340275999219,LL,0.002811340382322669,-0.002811340382322669,0.0,raw,audited,301.0
650,1486,1,-0.038124971091747284,0.7543589472770691,-1.07301926612854,0.25429314374923706,0.024655774235725403,0.011705576442182064,6,2,3.0445224377234226,0,0,0.11249940516013764,-0.11249940516013764,HL,0.1124994084239006,-0.1124994084239006,0.0,raw,audited,131.0
73,1751,1,0.04302740842103958,0.7768166661262512,-1.07301926612854,0.28633996844291687,0.05130361020565033,0.023453298956155777,11,1,3.1780538303479458,0,0,0.005218792977829989,-0.005218792977829989,HL,0.005218793172389269,-0.005218793172389269,0.0,raw,audited,154.0
1602,2074,1,2.6384620666503906,0.7530947327613831,1.4338889122009277,0.3123321533203125,0.13755999505519867,0.052167799323797226,7,3,3.465735902799726,1,1,0.30992811368089473,0.38321906687905055,HH,0.30992811918258667,0.38321906328201294,0.2182178795337677,raw,audited,30.0
1599,2614,1,-0.14325611293315887,0.7335197925567627,-1.07301926612854,0.18207921087741852,0.012577722780406475,0.006285103037953377,5,4,3.401197381662155,0,0,0.26919246261014035,-0.26919246261014035,HL,0.2691924571990967,-0.2691924571990967,0.0,raw,audited,339.0
1201,2533,1,-0.10508670657873154,0.7522569894790649,-1.07301926612854,0.08794315159320831,0.12614598870277405,0.0618555061519146,2,0,1.0986122886681096,0,0,-0.001963265531838589,0.001963265531838589,LH,-0.001963265473023057,0.001963265473023057,0.0,raw,audited,202.0
1409,1826,1,2.6027417182922363,0.7418904900550842,1.4704958200454712,0.2503623962402344,0.1384063959121704,0.053209587931632996,4,6,3.5553480614894135,1,1,0.39167104968158284,0.30147613087836245,HH,0.3916710615158081,0.3014761209487915,0.20412413775920868,raw,audited,15.0
756,885,1,-0.16899630427360535,0.7502411603927612,-1.07301926612854,0.14080680906772614,0.011388570070266724,0.0057650343514978886,10,5,4.189654742026425,0,0,0.536236372684847,-0.536236372684847,HL,0.5362363457679749,-0.5362363457679749,0.0,raw,audited,444.99999999999994
1153,1401,1,2.4768147468566895,0.7380779981613159,1.476255178451538,0.12201721221208572,0.13887804746627808,0.05610716715455055,1,4,2.3025850929940455,1,1,0.0028871652027442777,0.690260015357201,LH,0.0028871651738882065,0.6902599930763245,0.5,raw,audited,14.0
102,1251,1,2.6690125465393066,0.7530947327613831,1.4577319622039795,0.3113299012184143,0.14526957273483276,0.05446058139204979,7,3,3.465735902799726,2,2,0.30992811368089473,0.7886841749872149,HH,0.30992811918258667,0.7886841893196106,0.4364357590675354,raw,audited,36.0
567,1513,1,2.6418027877807617,0.7440133094787598,1.488916039466858,0.26930633187294006,0.13798066973686218,0.052261121571063995,5,2,2.8903717578961645,1,1,0.09480170374771114,0.5983454768122342,LH,0.09480170160531998,0.5983454585075378,0.3162277638912201,raw,audited,6.0
1282,1735,1,2.773761510848999,0.7475070357322693,1.4748998880386353,0.4022693336009979,0.1474989503622055,0.05320693925023079,4,7,3.688879454113936,2,2,0.43251367833618326,0.6660986103319263,HH,0.43251368403434753,0.6660985946655273,0.37796449661254883,raw,audited,8.0
1440,1701,1,2.763465166091919,0.7900604009628296,1.4697682857513428,0.3914954960346222,0.11055462062358856,0.04002877324819565,1,65,4.882801922586371,1,1,0.01892691215347838,0.6742202684064669,HH,0.018926912918686867,0.6742202639579773,0.12403473258018494,raw,audited,2.0
118,581,1,2.6191294193267822,0.7650874257087708,1.4704078435897827,0.2488800585269928,0.1331675499677658,0.050875019282102585,18,4,4.553876891600541,1,1,0.500821524193019,0.19232565636692633,HH,0.5008215308189392,0.1923256516456604,0.1178511381149292,raw,audited,29.0
124,1367,1,0.00341830775141716,0.756775438785553,-1.07301926612854,0.30138731002807617,0.016688397154211998,0.0077697415836155415,3,8,3.58351893845611,0,0,0.3034414734082789,-0.3034414734082789,HL,0.30344146490097046,-0.30344146490097046,0.0,raw,audited,140.0
1042,1517,1,2.562486171722412,0.779208242893219,1.4826654195785522,0.17690342664718628,0.12212244421243668,0.04768731817603111,17,1,3.58351893845611,1,1,0.004932122925127669,0.6882150576348176,HH,0.004932122770696878,0.6882150769233704,0.24253563582897186,raw,audited,9.0
492,1533,1,-0.09039802104234695,0.7343457341194153,-1.07301926612854,0.23009099066257477,0.016598090529441833,0.008080649189651012,5,3,3.1780538303479453,0,0,0.22808133930848945,-0.22808133930848945,HL,0.2280813455581665,-0.2280813455581665,0.0,raw,audited,63.0
972,1000,1,0.01373969204723835,0.6995880603790283,-1.07301926612854,0.36782100796699524,0.01776346191763878,0.008230715990066528,3,3,2.772588722239781,0,0,0.1702390971115841,-0.1702390971115841,LL,0.17023909091949463,-0.17023909091949463,0.0,raw,audited,42.0
468,647,1,-0.31671851873397827,0.6000693440437317,-1.07301926612854,0.08698558807373047,0.067659392952919,0.037018194794654846,1,1,1.3862943611198906,0,0,0.0007928022339987816,-0.0007928022339987816,LL,0.0007928022532723844,-0.0007928022532723844,0.0,raw,audited,443.00000000000006
121,1910,1,-0.18090252578258514,0.7380779981613159,-1.07301926612854,0.10082326829433441,0.051629047840833664,0.026293732225894928,4,1,2.3025850929940455,0,0,0.0028871652027442777,-0.0028871652027442777,LL,0.0028871651738882065,-0.0028871651738882065,0.0,raw,audited,365.0
547,598,1,-0.06089521944522858,0.7825325131416321,-1.07301926612854,0.17791350185871124,0.05009160563349724,0.024041393771767616,1,26,3.9889840465642745,0,0,0.009302608378199687,-0.009302608378199687,HL,0.009302608668804169,-0.009302608668804169,0.0,raw,audited,265.0
452,1258,1,-0.05626171827316284,0.6327449679374695,-1.07301926612854,0.3270135223865509,0.05541263148188591,0.02653619833290577,2,1,1.791759469228055,0,0,0.002811340275999219,-0.002811340275999219,LL,0.002811340382322669,-0.002811340382322669,0.0,raw,audited,140.0
1109,2671,1,2.636930227279663,0.7641856074333191,1.4563343524932861,0.26854759454727173,0.1462762951850891,0.05550558492541313,3,12,3.951243718581427,3,3,0.3078808586889816,1.078413502430909,HH,0.30788084864616394,1.078413486480713,0.5,raw,audited,10.0
1365,1702,1,2.542266368865967,0.7594527006149292,1.4719769954681396,0.17191773653030396,0.13733257353305817,0.054053474217653275,3,9,3.6888794541139367,1,1,0.3329518076365976,0.3601953729233477,HH,0.3329518139362335,0.3601953685283661,0.19245009124279022,raw,audited,21.0
326,1358,1,2.6467697620391846,0.7694794535636902,1.473622441291809,0.28629621863365173,0.11578536778688431,0.04377215355634689,2,139,6.040254711277413,1,1,0.3140192066318662,0.37912797392807907,HH,0.31401920318603516,0.37912797927856445,0.059976015239953995,raw,audited,10.0
718,2059,1,-0.20158380270004272,0.690627932548523,-1.07301926612854,0.1541638821363449,0.025057224556803703,0.012897027656435966,2,3,2.484906649788,0,0,0.07439508680880617,-0.07439508680880617,LL,0.074395090341568,-0.074395090341568,0.0,raw,audited,282.0
1085,1421,1,2.7533156871795654,0.7343457341194153,1.4414998292922974,0.42144277691841125,0.15444086492061615,0.05612502247095108,3,5,3.1780538303479453,3,3,0.22808133930848945,1.158213021811401,HH,0.2280813455581665,1.1582130193710327,0.774596631526947,raw,audited,1.0
166,2617,1,-0.24474775791168213,0.6264773011207581,-1.07301926612854,0.060760483145713806,0.13944728672504425,0.07340472936630249,1,0,0.6931471805599453,0,0,0.002811340275999219,-0.002811340275999219,LL,0.002811340382322669,-0.002811340382322669,0.0,raw,audited,413.0
1856,2045,1,2.771289825439453,0.7668101787567139,1.4639736413955688,0.40887001156806946,0.13004958629608154,0.04695433750748634,4,27,4.941642422609304,1,1,0.5505144950798189,0.14263268548012642,HH,0.5505145192146301,0.14263266324996948,0.09622504562139511,raw,audited,21.0
307,991,1,-0.512450635433197,0.43993741273880005,-1.07301926612854,-0.014333486557006836,0.1333782821893692,0.08031602203845978,0,0,0.0,0,0,0.0007928022339987816,-0.0007928022339987816,LL,0.0007928022532723844,-0.0007928022532723844,0.0,raw,audited,500.0
958,1798,1,2.7562637329101562,0.7440133094787598,1.4568586349487305,0.41631197929382324,0.137493297457695,0.04991266876459122,2,5,2.8903717578961645,1,1,0.09480170374771114,0.5983454768122342,LH,0.09480170160531998,0.5983454585075378,0.3162277638912201,raw,audited,12.0
1358,1568,1,2.6668286323547363,0.7694794535636902,1.4715908765792847,0.3103349804878235,0.11383692920207977,0.042711663991212845,139,2,6.040254711277413,1,1,0.3140192066318662,0.37912797392807907,HH,0.31401920318603516,0.37912797927856445,0.059976015239953995,raw,audited,71.0
1501,2228,1,2.6781418323516846,0.7454054951667786,1.414870023727417,0.37673404812812805,0.1395460069179535,0.05213641747832298,6,3,3.332204510175204,1,1,0.2786747500322715,0.4144724305276738,HH,0.27867475152015686,0.41447243094444275,0.2357022762298584,raw,audited,4.0
14,2668,1,2.5651097297668457,0.7236267328262329,1.4762189388275146,0.22121980786323547,0.14245770871639252,0.0555710606276989,4,3,2.995732273553991,1,1,0.19205714392645537,0.5010900366334899,HH,0.19205714762210846,0.5010900497436523,0.28867512941360474,raw,audited,35.0
1038,1358,1,0.04545784741640091,0.7667279243469238,-1.07301926612854,0.32183414697647095,0.02832861617207527,0.012935972772538662,3,139,6.327936783729195,0,0,0.6098390318921724,-0.6098390318921724,HL,0.6098390221595764,-0.6098390221595764,0.0,raw,audited,241.0
1385,2335,1,-0.01851973496377468,0.7440133094787598,-1.07301926612854,0.28570887446403503,0.023190919309854507,0.010908586904406548,2,5,2.8903717578961645,0,0,0.09480170374771114,-0.09480170374771114,LL,0.09480170160531998,-0.09480170160531998,0.0,raw,audited,52.0
647,904,1,-0.07714719325304031,0.7665902972221375,-1.07301926612854,0.17553970217704773,0.052155639976263046,0.02522880584001541,1,6,2.6390573296152584,0,0,0.004831503966481121,-0.004831503966481121,LL,0.004831504076719284,-0.004831504076719284,0.0,raw,audited,162.0
1849,1914,1,0.008850956335663795,0.7634875178337097,-1.07301926612854,0.30431509017944336,0.012481186538934708,0.0057962979190051556,5,22,4.927253685157204,0,0,0.5941979695700214,-0.5941979695700214,HL,0.5941979885101318,-0.5941979885101318,0.0,raw,audited,151.0
1773,1780,1,0.0031907036900520325,0.7227754592895508,-1.07301926612854,0.32826322317123413,0.02358485944569111,0.010981742292642593,4,2,2.7080502011022096,0,0,0.09449318588986659,-0.09449318588986659,LL,0.09449318796396255,-0.09449318796396255,0.0,raw,audited,92.0
306,656,1,2.7117679119110107,0.7726770639419556,1.472711205482483,0.3368300199508667,0.12796328961849213,0.04721576347947121,64,2,5.272999558563747,2,2,0.2162945868606496,0.8823177018074599,HH,0.21629458665847778,0.8823177218437195,0.1767766922712326,raw,audited,67.0
1351,1535,1,-0.042901426553726196,0.7477726936340332,-1.07301926612854,0.2695728540420532,0.011185861192643642,0.005322669632732868,8,5,3.9889840465642745,0,0,0.4821535015529098,-0.4821535015529098,HL,0.4821535050868988,-0.4821535050868988,0.0,raw,audited,156.0
2457,2458,1,2.618439197540283,0.7039783000946045,1.4478631019592285,0.3193013668060303,0.14570993185043335,0.05568136274814606,3,1,2.0794415416798357,1,1,0.0031925247733142815,0.689954655786631,LH,0.0031925246585160494,0.6899546384811401,0.5773502588272095,raw,audited,2.0
109,1805,1,0.03722946345806122,0.7695121765136719,-1.07301926612854,0.3171777129173279,0.021972408518195152,0.010071317665278912,28,3,4.7535901911063645,0,0,0.26756450801192455,-0.26756450801192455,HL,0.2675645053386688,-0.2675645053386688,0.0,raw,audited,44.0
907,1351,1,0.2036055475473404,0.9540131092071533,-1.07301926612854,0.20808285474777222,0.11294243484735489,0.048100363463163376,0,8,2.1972245773362196,0,0,-0.0016038856089354771,0.0016038856089354771,LH,-0.0016038855537772179,0.0016038855537772179,0.0,raw,audited,29.0
748,1617,1,0.17821623384952545,0.9752731323242188,-1.07301926612854,0.16230343282222748,0.11207251250743866,0.048251621425151825,10,0,2.3978952727983707,0,0,-0.004987921746016577,0.004987921746016577,LH,-0.004987921565771103,0.004987921565771103,0.0,raw,audited,155.0
1357,2170,1,-0.1416885256767273,0.6000693440437317,-1.07301926612854,0.26201558113098145,0.067659392952919,0.03378301486372948,1,1,1.3862943611198906,0,0,0.0007928022339987816,-0.0007928022339987816,LL,0.0007928022532723844,-0.0007928022532723844,0.0,raw,audited,318.0
645,1495,1,0.01660524681210518,0.7696333527565002,-1.07301926612854,0.2903342843055725,0.028070447966456413,0.012989220209419727,11,2,3.58351893845611,0,0,0.16999733364149058,-0.16999733364149058,HL,0.16999733448028564,-0.16999733448028564,0.0,raw,audited,145.0
56,1849,1,2.6037206649780273,0.7440133094787598,1.499729871749878,0.20998410880565643,0.14840705692768097,0.05703281983733177,2,5,2.8903717578961645,2,2,0.09480170374771114,1.0038105849203984,LH,0.09480170160531998,1.0038106441497803,0.6324555277824402,raw,audited,9.0
743,1570,1,-0.09015422314405441,0.7544237971305847,-1.07301926612854,0.174784317612648,0.052070502191782,0.02534710057079792,5,1,2.4849066497880004,0,0,0.0004536394076567866,-0.0004536394076567866,LL,0.0004536393971648067,-0.0004536393971648067,0.0,raw,audited,194.0
8,281,1,-0.0775846466422081,0.7544237971305847,-1.07301926612854,0.18735389411449432,0.052070502191782,0.025192955508828163,1,5,2.4849066497880004,0,0,0.0004536394076567866,-0.0004536394076567866,LL,0.0004536393971648067,-0.0004536393971648067,0.0,raw,audited,170.0
598,1301,1,-0.04914078861474991,0.7668823003768921,-1.07301926612854,0.23985232412815094,0.015557424165308475,0.007424874696880579,26,4,4.90527477843843,0,0,0.5461233240773591,-0.5461233240773591,HL,0.5461233258247375,-0.5461233258247375,0.0,raw,audited,222.0
1388,2181,1,2.631274461746216,0.726279079914093,1.416877031326294,0.34373319149017334,0.14279860258102417,0.05430248752236366,4,4,3.2188758248682006,1,1,0.3064578167313422,0.3866893638286031,HH,0.3064578175544739,0.38668936491012573,0.25,raw,audited,22.0
1818,2305,1,2.580331802368164,0.7236267328262329,1.4941327571868896,0.22047372162342072,0.14051209390163422,0.05448855087161064,3,4,2.995732273553991,1,1,0.19205714392645537,0.5010900366334899,HH,0.19205714762210846,0.5010900497436523,0.28867512941360474,raw,audited,17.0
2228,2394,1,2.670168161392212,0.7646617293357849,1.414870023727417,0.3576432466506958,0.1314065307378769,0.049242086708545685,3,14,4.0943445622221,1,1,0.34379756206336903,0.34934961849657625,HH,0.34379756450653076,0.34934961795806885,0.15430335700511932,raw,audited,12.0
2303,2541,1,-0.24295148253440857,0.6327449679374695,-1.07301926612854,0.14032377302646637,0.05541263148188591,0.02914152480661869,2,1,1.791759469228055,0,0,0.002811340275999219,-0.002811340275999219,LL,0.002811340382322669,-0.002811340382322669,0.0,raw,audited,359.0
661,1879,1,-0.035845547914505005,0.7641856074333191,-1.07301926612854,0.25419172644615173,0.01720995455980301,0.008161766454577446,12,3,3.951243718581427,0,0,0.3078808586889816,-0.3078808586889816,HL,0.30788084864616394,-0.30788084864616394,0.0,raw,audited,137.0
1395,2072,1,-0.06675203889608383,0.7227754592895508,-1.07301926612854,0.25832048058509827,0.02358485944569111,0.011351426132023335,4,2,2.7080502011022096,0,0,0.09449318588986659,-0.09449318588986659,LL,0.09449318796396255,-0.09449318796396255,0.0,raw,audited,152.0
1091,2176,1,2.7219769954681396,0.7543589472770691,1.4670710563659668,0.35243794322013855,0.14652252197265625,0.05386083945631981,2,6,3.0445224377234226,2,2,0.11249940516013764,0.9861128835079719,HH,0.1124994084239006,0.9861128926277161,0.5773502588272095,raw,audited,2.0
387,2191,1,-0.023481125012040138,0.7522569894790649,-1.07301926612854,0.16954873502254486,0.12614598870277405,0.05947558581829071,2,0,1.0986122886681096,0,0,-0.001963265531838589,0.001963265531838589,LH,-0.001963265473023057,0.001963265473023057,0.0,raw,audited,202.0
1300,2508,1,2.6010091304779053,0.7543589472770691,1.458984136581421,0.25374871492385864,0.13233089447021484,0.05090780183672905,6,2,3.0445224377234226,1,1,0.11249940516013764,0.5806477753998076,HH,0.1124994084239006,0.5806477665901184,0.28867512941360474,raw,audited,14.0
926,1862,1,-0.09095621109008789,0.8127431273460388,-1.07301926612854,0.047450874000787735,0.1202826276421547,0.05857456475496292,0,3,1.3862943611198906,0,0,0.002371117420360343,-0.002371117420360343,LL,0.0023711174726486206,-0.0023711174726486206,0.0,raw,audited,231.0
1125,2332,1,-0.3174317181110382,0.6327449679374695,-1.07301926612854,0.06584350764751434,0.05541263148188591,0.0303295087069273,1,2,1.791759469228055,0,0,0.002811340275999219,-0.002811340275999219,LL,0.002811340382322669,-0.002811340382322669,0.0,raw,audited,433.0
577,2351,1,2.5226523876190186,0.7475070357322693,1.4190760850906372,0.20768940448760986,0.1467936784029007,0.05822683125734329,7,4,3.688879454113936,2,2,0.43251367833618326,0.6660986103319263,HH,0.43251368403434753,0.6660985946655273,0.37796449661254883,raw,audited,2.0
45,2667,1,2.5023717880249023,0.73109370470047,1.4566786289215088,0.1742878556251526,0.13872531056404114,0.05547269806265831,5,5,3.58351893845611,1,1,0.3614739729604522,0.3316732075994931,HH,0.3614739775657654,0.33167320489883423,0.20000000298023224,raw,audited,67.0
1273,2125,1,2.810004234313965,0.7530947327613831,1.4762589931488037,0.4278103709220886,0.15125368535518646,0.05385725945234299,7,3,3.465735902799726,3,3,0.30992811368089473,1.076366247438996,HH,0.30992811918258667,1.0763661861419678,0.6546536684036255,raw,audited,1.0
2045,2047,1,0.06475560367107391,0.7828564643859863,-1.07301926612854,0.30327290296554565,0.05005907267332077,0.022659286856651306,27,1,4.025351690735149,0,0,0.050664614618595984,-0.050664614618595984,HL,0.050664614886045456,-0.050664614886045456,0.0,raw,audited,155.0
341,2045,1,0.013750972226262093,0.7692635655403137,-1.07301926612854,0.2941567897796631,0.021763455122709274,0.010084062814712524,3,27,4.718498871295094,0,0,0.31908561923224465,-0.31908561923224465,HL,0.31908562779426575,-0.31908562779426575,0.0,raw,audited,208.0
6,1042,1,-0.015219256281852722,0.7732341289520264,-1.07301926612854,0.2527492344379425,0.030230218544602394,0.014197704382240772,2,17,3.988984046564274,0,0,0.237517154707459,-0.237517154707459,HL,0.23751714825630188,-0.23751714825630188,0.0,raw,audited,104.0
1920,1926,1,2.649812698364258,0.7454054951667786,1.4534738063812256,0.31179505586624146,0.13755208253860474,0.05194121226668358,3,6,3.332204510175204,1,1,0.2786747500322715,0.4144724305276738,HH,0.27867475152015686,0.41447243094444275,0.2357022762298584,raw,audited,20.0
1568,1729,1,-0.024836115539073944,0.7227754592895508,-1.07301926612854,0.30023640394210815,0.02358485944569111,0.011126948520541191,2,4,2.7080502011022096,0,0,0.09449318588986659,-0.09449318588986659,LL,0.09449318796396255,-0.09449318796396255,0.0,raw,audited,191.0
360,1824,1,-0.027027307078242302,0.7665902972221375,-1.07301926612854,0.2256595939397812,0.052155639976263046,0.02463163621723652,1,6,2.6390573296152584,0,0,0.004831503966481121,-0.004831503966481121,LL,0.004831504076719284,-0.004831504076719284,0.0,raw,audited,66.0
482,2308,1,-0.11857705563306808,0.7454054951667786,-1.07301926612854,0.19096170365810394,0.016488583758473396,0.008138994686305523,6,3,3.332204510175204,0,0,0.2786747500322715,-0.2786747500322715,HL,0.27867475152015686,-0.27867475152015686,0.0,raw,audited,134.0
1522,1697,1,-0.24668262898921967,0.690627932548523,-1.07301926612854,0.10906505584716797,0.025057224556803703,0.01320351380854845,2,3,2.484906649788,0,0,0.07439508680880617,-0.07439508680880617,LL,0.074395090341568,-0.074395090341568,0.0,raw,audited,304.0
741,1088,1,-0.058398596942424774,0.7039783000946045,-1.07301926612854,0.2568153142929077,0.052240628749132156,0.025042802095413208,3,1,2.0794415416798357,0,0,0.0031925247733142815,-0.0031925247733142815,LL,0.0031925246585160494,-0.0031925246585160494,0.0,raw,audited,112.0
1191,1558,1,2.6658830642700195,0.7600536346435547,1.4989985227584839,0.26830434799194336,0.13693994283676147,0.05139815807342529,2,7,3.1780538303479453,1,1,0.10134399074702803,0.5918031898129172,HH,0.10134398937225342,0.5918031930923462,0.26726123690605164,raw,audited,20.0
306,2078,1,2.71636962890625,0.7726770639419556,1.4516570568084717,0.37129464745521545,0.11915431916713715,0.04389091581106186,64,2,5.272999558563747,1,1,0.2162945868606496,0.47685259369929567,HH,0.21629458665847778,0.4768525958061218,0.0883883461356163,raw,audited,68.0
86,2295,1,-0.049499429762363434,0.690627932548523,-1.07301926612854,0.3062482476234436,0.025057224556803703,0.011960758827626705,2,3,2.484906649788,0,0,0.07439508680880617,-0.07439508680880617,LL,0.074395090341568,-0.074395090341568,0.0,raw,audited,161.0
364,1632,1,2.691589832305908,0.7660639882087708,1.4735404253005981,0.3160164952278137,0.13438238203525543,0.04995621368288994,9,2,3.4011973816621555,1,1,0.13385079262159735,0.5592963879383479,HH,0.1338507980108261,0.5592963695526123,0.2357022762298584,raw,audited,16.0
1358,1742,1,2.6897530555725098,0.7656866312026978,1.4969627857208252,0.29013320803642273,0.13538385927677155,0.05036289617419243,139,12,7.50659178007084,2,2,1.3921745492002877,-0.29356226053217815,HL,1.3921746015548706,-0.29356229305267334,0.048970211297273636,raw,audited,43.0
109,176,1,0.03996272385120392,0.7741357088088989,-1.07301926612854,0.3049977421760559,0.032262109220027924,0.01476922258734703,28,2,4.465908118654584,0,0,0.11191828055046933,-0.11191828055046933,HL,0.11191827803850174,-0.11191827803850174,0.0,raw,audited,201.0
52,2053,1,0.13328075408935547,0.7380779981613159,-1.07301926612854,0.415006548166275,0.051629047840833664,0.02266685850918293,4,1,2.3025850929940455,0,0,0.0028871652027442777,-0.0028871652027442777,LL,0.0028871651738882065,-0.0028871651738882065,0.0,raw,audited,37.0
1240,2237,1,-0.19671998918056488,0.7227754592895508,-1.07301926612854,0.12835253775119781,0.02358485944569111,0.012108882889151573,4,2,2.7080502011022096,0,0,0.09449318588986659,-0.09449318588986659,LL,0.09449318796396255,-0.09449318796396255,0.0,raw,audited,263.0
779,1370,1,0.04053245484828949,0.73109370470047,-1.07301926612854,0.37026700377464294,0.010604583658277988,0.004853391088545322,5,5,3.58351893845611,0,0,0.3614739729604522,-0.3614739729604522,HL,0.3614739775657654,-0.3614739775657654,0.0,raw,audited,36.0
2509,2519,1,2.6870458126068115,0.7227754592895508,1.4643607139587402,0.35393697023391724,0.14438621699810028,0.053765930235385895,4,2,2.7080502011022096,1,1,0.09449318588986659,0.5986539946700787,LH,0.09449318796396255,0.5986539721488953,0.3535533845424652,raw,audited,4.0
71,1986,1,0.34654098749160767,1.0614395141601562,-1.07301926612854,0.24525493383407593,0.11127935349941254,0.044672686606645584,0,55,4.02535169073515,0,0,-0.021504379688254697,0.021504379688254697,HH,-0.02150437980890274,0.02150437980890274,0.0,raw,audited,98.00000000000001
2139,2140,1,-0.1916518658399582,0.6995880603790283,-1.07301926612854,0.16242945194244385,0.01776346191763878,0.009096404537558556,3,3,2.772588722239781,0,0,0.1702390971115841,-0.1702390971115841,LL,0.17023909091949463,-0.17023909091949463,0.0,raw,audited,216.0
249,621,1,2.571239709854126,0.6349053382873535,1.4871126413345337,0.2916526794433594,0.15598270297050476,0.060701847076416016,2,2,2.197224577336219,1,1,0.05680089854821151,0.6363462820117338,LH,0.05680089816451073,0.6363462805747986,0.5,raw,audited,9.0
1194,1366,1,0.13810448348522186,0.7522569894790649,-1.07301926612854,0.3311343491077423,0.12614598870277405,0.055265214294195175,0,2,1.0986122886681096,0,0,-0.001963265531838589,0.001963265531838589,LH,-0.001963265473023057,0.001963265473023057,0.0,raw,audited,32.0
963,2400,1,2.535733461380005,0.7790220975875854,1.470967173576355,0.15909335017204285,0.125064417719841,0.049351681023836136,16,1,3.5263605246161616,1,1,0.004932122925127669,0.6882150576348176,HH,0.004932122770696878,0.6882150769233704,0.25,raw,audited,7.0
649,1457,1,-0.17503568530082703,0.6264773011207581,-1.07301926612854,0.1304725706577301,0.13944728672504425,0.07080639898777008,0,1,0.6931471805599453,0,0,0.002811340275999219,-0.002811340275999219,LL,0.002811340382322669,-0.002811340382322669,0.0,raw,audited,369.0
873,1358,1,2.6470162868499756,0.7667279243469238,1.461483120918274,0.2954701781272888,0.12174868583679199,0.04602226987481117,3,139,6.327936783729195,1,1,0.6098390318921724,0.08330814866777292,HH,0.6098390221595764,0.0833081603050232,0.048970211297273636,raw,audited,116.0
152,2238,1,2.5086963176727295,0.756775438785553,1.490072250366211,0.12079858034849167,0.13946358859539032,0.055627234280109406,3,8,3.58351893845611,1,1,0.3034414734082789,0.3897057071516664,HH,0.30344146490097046,0.38970571756362915,0.20412413775920868,raw,audited,7.0
438,1985,1,-0.06191324442625046,0.7039783000946045,-1.07301926612854,0.25330066680908203,0.052240628749132156,0.025085067376494408,3,1,2.0794415416798357,0,0,0.0031925247733142815,-0.0031925247733142815,LL,0.0031925246585160494,-0.0031925246585160494,0.0,raw,audited,139.0
241,1441,1,0.19865159690380096,1.0148900747299194,-1.07301926612854,0.1438198685646057,0.11137448996305466,0.04753289744257927,0,17,2.8903717578961645,0,0,-0.008777874104997046,0.008777874104997046,LH,-0.008777874521911144,0.008777874521911144,0.0,raw,audited,10.0
876,2168,1,0.04652789980173111,0.7343457341194153,-1.07301926612854,0.36701691150665283,0.016598090529441833,0.007575647905468941,3,5,3.1780538303479453,0,0,0.22808133930848945,-0.22808133930848945,HL,0.2280813455581665,-0.2280813455581665,0.0,raw,audited,56.0
1013,1120,1,2.684081554412842,0.7666179537773132,1.46598219871521,0.3206329345703125,0.12926191091537476,0.048187192529439926,29,4,5.0106352940962555,1,1,0.21817777701174684,0.47496940354819844,HH,0.21817778050899506,0.47496938705444336,0.09284766763448715,raw,audited,48.0
315,1602,1,0.05048348009586334,0.7475070357322693,-1.07301926612854,0.3612080514431,0.013201233930885792,0.006014406215399504,4,7,3.688879454113936,0,0,0.43251367833618326,-0.43251367833618326,HL,0.43251368403434753,-0.43251368403434753,0.0,raw,audited,71.0
889,1832,1,-0.030833663418889046,0.8127431273460388,-1.07301926612854,0.10757341235876083,0.1202826276421547,0.056908395141363144,3,0,1.3862943611198906,0,0,0.002371117420360343,-0.002371117420360343,LL,0.0023711174726486206,-0.0023711174726486206,0.0,raw,audited,185.99999999999997
404,1170,1,2.3764901161193848,0.6000693440437317,1.438444972038269,0.18420535326004028,0.15218394994735718,0.06408005207777023,1,1,1.3862943611198906,1,1,0.0007928022339987816,0.6923543783259465,LH,0.0007928022532723844,0.6923543810844421,1.0,raw,audited,1.0
154,1358,1,2.685145616531372,0.7670286297798157,1.4476209878921509,0.31921836733818054,0.14969120919704437,0.05578085035085678,10,139,7.3395376954076745,7,7,1.1993422195408951,0.8800993221389406,HH,1.1993422508239746,0.8800992965698242,0.18775463104248047,raw,audited,52.0
1623,1767,1,2.5925111770629883,0.785174548625946,1.3992143869400024,0.29578733444213867,0.11074864864349365,0.04274483397603035,36,1,4.304065093204169,1,1,-0.009832905219350112,0.7029800857792954,HH,-0.009832905605435371,0.702980101108551,0.1666666716337204,raw,audited,66.0
606,1666,1,-0.18251891434192657,0.726279079914093,-1.07301926612854,0.15016178786754608,0.012473068200051785,0.006357539910823107,4,4,3.2188758248682006,0,0,0.3064578167313422,-0.3064578167313422,HL,0.3064578175544739,-0.3064578175544739,0.0,raw,audited,335.0
155,1358,1,2.6263248920440674,0.7649943828582764,1.4810277223587036,0.24352045357227325,0.135195791721344,0.05150829255580902,5,139,6.733401891837358,3,3,0.6779935458182329,0.7083008153016577,HH,0.6779935359954834,0.7083008289337158,0.11379648745059967,raw,audited,135.0
354,1803,1,2.5148372650146484,0.690627932548523,1.48305344581604,0.19217823445796967,0.14739124476909637,0.05864565819501877,2,3,2.484906649788,1,1,0.07439508680880617,0.6187520937511392,LH,0.074395090341568,0.618752121925354,0.40824827551841736,raw,audited,21.0
738,2162,1,2.5367894172668457,0.7236267328262329,1.484451413154602,0.18285690248012543,0.14426793158054352,0.05690586939454079,3,4,2.995732273553991,1,1,0.19205714392645537,0.5010900366334899,HH,0.19205714762210846,0.5010900497436523,0.28867512941360474,raw,audited,17.0
1421,1975,1,2.7301039695739746,0.73109370470047,1.420688271522522,0.4251813590526581,0.1515541970729828,0.055544521659612656,5,5,3.58351893845611,2,2,0.3614739729604522,0.7371383157076574,HH,0.3614739775657654,0.7371383309364319,0.4000000059604645,raw,audited,2.0
1844,2276,1,2.610369920730591,0.6327449679374695,1.4750275611877441,0.3453415632247925,0.15566939115524292,0.05967125669121742,1,2,1.791759469228055,1,1,0.002811340275999219,0.6903358402839461,LH,0.002811340382322669,0.6903358697891235,0.7071067690849304,raw,audited,14.0
1526,1977,1,0.038277968764305115,0.7665902972221375,-1.07301926612854,0.29096487164497375,0.052155639976263046,0.02389468066394329,6,1,2.6390573296152584,0,0,0.004831503966481121,-0.004831503966481121,LL,0.004831504076719284,-0.004831504076719284,0.0,raw,audited,55.0
171,775,1,-0.21811018884181976,0.6349053382873535,-1.07301926612854,0.18853771686553955,0.029879597947001457,0.015511056408286095,2,2,2.197224577336219,0,0,0.05680089854821151,-0.05680089854821151,LL,0.05680089816451073,-0.05680089816451073,0.0,raw,audited,294.0
1752,1754,1,2.5335917472839355,0.690627932548523,1.4963864088058472,0.19201785326004028,0.15297327935695648,0.06041586026549339,2,3,2.484906649788,2,2,0.07439508680880617,1.0242172018593034,LH,0.074395090341568,1.0242172479629517,0.8164965510368347,raw,audited,181.0
331,2480,1,-0.13518130779266357,0.6327449679374695,-1.07301926612854,0.24809393286705017,0.05541263148188591,0.027578476816415787,1,2,1.791759469228055,0,0,0.002811340275999219,-0.002811340275999219,LL,0.002811340382322669,-0.002811340382322669,0.0,raw,audited,291.0
1015,1452,1,-0.021516654640436172,0.7707592844963074,-1.07301926612854,0.250650554895401,0.028506344184279442,0.013427795842289925,12,2,3.6635616461296463,0,0,0.16762298823748661,-0.16762298823748661,HL,0.16762298345565796,-0.16762298345565796,0.0,raw,audited,86.0
1206,2671,1,0.216972216963768,0.9914366006851196,-1.07301926612854,0.18551161885261536,0.11145684123039246,0.04719898849725723,0,12,2.5649493574615367,0,0,-0.0009900555313105126,0.0009900555313105126,LH,-0.000990055501461029,0.000990055501461029,0.0,raw,audited,15.0
1136,1189,1,2.693734884262085,0.7236267328262329,1.502703070640564,0.31399980187416077,0.15181882679462433,0.05639318376779556,3,4,2.995732273553991,2,2,0.19205714392645537,0.9065551447416542,HH,0.19205714762210846,0.90655517578125,0.5773502588272095,raw,audited,14.0
1469,2590,1,2.6766183376312256,0.7543589472770691,1.4505046606063843,0.3328898549079895,0.1372784674167633,0.051318440586328506,6,2,3.0445224377234226,1,1,0.11249940516013764,0.5806477753998076,HH,0.1124994084239006,0.5806477665901184,0.28867512941360474,raw,audited,12.0
332,2122,1,0.09668343514204025,0.7475070357322693,-1.07301926612854,0.4074079990386963,0.013201233930885792,0.005890421569347382,4,7,3.688879454113936,0,0,0.43251367833618326,-0.43251367833618326,HL,0.43251368403434753,-0.43251368403434753,0.0,raw,audited,29.0
306,2086,1,0.08064877241849899,0.7702946066856384,-1.07301926612854,0.35594412684440613,0.025842873379588127,0.011614247225224972,64,3,5.560681631015528,0,0,0.4174985715071104,-0.4174985715071104,HL,0.41749855875968933,-0.41749855875968933,0.0,raw,audited,181.0
177,726,1,-0.18205882608890533,0.6349053382873535,-1.07301926612854,0.22458907961845398,0.029879597947001457,0.015226100571453571,2,2,2.197224577336219,0,0,0.05680089854821151,-0.05680089854821151,LL,0.05680089816451073,-0.05680089816451073,0.0,raw,audited,224.0
486,2668,1,2.5081095695495605,0.6995880603790283,1.4674224853515625,0.19344356656074524,0.1460689753293991,0.05827553570270538,3,3,2.772588722239781,1,1,0.1702390971115841,0.5229080834483611,LH,0.17023909091949463,0.522908091545105,0.3333333432674408,raw,audited,15.0
242,2280,1,2.6369996070861816,0.6995880603790283,1.4723831415176392,0.30459433794021606,0.15884752571582794,0.060274239629507065,3,3,2.772588722239781,2,2,0.1702390971115841,0.9283731915565254,LH,0.17023909091949463,0.9283732175827026,0.6666666865348816,raw,audited,15.0
33,698,1,2.7344748973846436,0.7475070357322693,1.4540592432022095,0.3841993510723114,0.14712278544902802,0.05383417010307312,7,4,3.688879454113936,2,2,0.43251367833618326,0.6660986103319263,HH,0.43251368403434753,0.6660985946655273,0.37796449661254883,raw,audited,2.0
231,551,1,0.07239452004432678,0.9540131092071533,-1.07301926612854,0.07687181234359741,0.11294243484735489,0.05094733461737633,8,0,2.1972245773362196,0,0,-0.0016038856089354771,0.0016038856089354771,LH,-0.0016038855537772179,0.0016038855537772179,0.0,raw,audited,107.00000000000001
1026,1303,1,-0.1066235676407814,0.7236267328262329,-1.07301926612854,0.22489988803863525,0.016282647848129272,0.007990195415914059,3,4,2.995732273553991,0,0,0.19205714392645537,-0.19205714392645537,HL,0.19205714762210846,-0.19205714762210846,0.0,raw,audited,185.99999999999997
964,965,1,0.12506531178951263,0.7440133094787598,-1.07301926612854,0.4292939305305481,0.023190919309854507,0.010218435898423195,5,2,2.8903717578961645,0,0,0.09480170374771114,-0.09480170374771114,LL,0.09480170160531998,-0.09480170160531998,0.0,raw,audited,26.0
277,973,1,-0.015415133908390999,0.7614309191703796,-1.07301926612854,0.28058838844299316,0.013998397625982761,0.006574989762157202,4,14,4.31748811353631,0,0,0.43567455364878127,-0.43567455364878127,HL,0.4356745481491089,-0.4356745481491089,0.0,raw,audited,98.99999999999999
1289,1705,1,-0.10215147584676743,0.6327449679374695,-1.07301926612854,0.2811237573623657,0.05541263148188591,0.02713245525956154,1,2,1.791759469228055,0,0,0.002811340275999219,-0.002811340275999219,LL,0.002811340382322669,-0.002811340382322669,0.0,raw,audited,219.0
371,1354,1,-0.08297354727983475,0.7454054951667786,-1.07301926612854,0.22656521201133728,0.016488583758473396,0.00799842644482851,6,3,3.332204510175204,0,0,0.2786747500322715,-0.2786747500322715,HL,0.27867475152015686,-0.27867475152015686,0.0,raw,audited,149.0
1042,2052,1,2.6954565048217773,0.7647511959075928,1.482269048690796,0.30872678756713867,0.13812315464019775,0.051273129880428314,17,3,4.276666119016055,2,2,0.38398438838147575,0.7146279002866338,HH,0.38398438692092896,0.7146279215812683,0.28005602955818176,raw,audited,7.0
372,1834,1,0.04567379504442215,0.7227754592895508,-1.07301926612854,0.37074631452560425,0.02358485944569111,0.010768722742795944,2,4,2.7080502011022096,0,0,0.09449318588986659,-0.09449318588986659,LL,0.09449318796396255,-0.09449318796396255,0.0,raw,audited,73.0
541,647,1,-0.1385248750448227,0.7039783000946045,-1.07301926612854,0.1766890436410904,0.052240628749132156,0.026043131947517395,3,1,2.0794415416798357,0,0,0.0031925247733142815,-0.0031925247733142815,LL,0.0031925246585160494,-0.0031925246585160494,0.0,raw,audited,143.0
297,899,1,-0.09023735672235489,0.6995880603790283,-1.07301926612854,0.26384395360946655,0.01776346191763878,0.00864732451736927,3,3,2.772588722239781,0,0,0.1702390971115841,-0.1702390971115841,LL,0.17023909091949463,-0.17023909091949463,0.0,raw,audited,233.99999999999997
13,1701,1,-0.05603375285863876,0.7900604009628296,-1.07301926612854,0.17733170092105865,0.04800698161125183,0.0229872427880764,1,65,4.882801922586371,0,0,0.01892691215347838,-0.01892691215347838,HL,0.018926912918686867,-0.018926912918686867,0.0,raw,audited,269.0
210,1671,1,2.5621726512908936,0.7530947327613831,1.468159556388855,0.20018033683300018,0.13915155827999115,0.054343633353710175,7,3,3.465735902799726,1,1,0.30992811368089473,0.38321906687905055,HH,0.30992811918258667,0.38321906328201294,0.2182178795337677,raw,audited,6.0
1709,1739,1,-0.061889030039310455,0.7454054951667786,-1.07301926612854,0.24764972925186157,0.016488583758473396,0.007917447946965694,3,6,3.332204510175204,0,0,0.2786747500322715,-0.2786747500322715,HL,0.27867475152015686,-0.27867475152015686,0.0,raw,audited,137.0
876,1358,1,2.70048189163208,0.7667279243469238,1.4799399375915527,0.33365172147750854,0.1185758113861084,0.04393494129180908,3,139,6.327936783729195,1,1,0.6098390318921724,0.08330814866777292,HH,0.6098390221595764,0.0833081603050232,0.048970211297273636,raw,audited,40.0
725,1652,1,-0.01264216285198927,0.726279079914093,-1.07301926612854,0.3200385272502899,0.012473068200051785,0.005850928835570812,4,4,3.2188758248682006,0,0,0.3064578167313422,-0.3064578167313422,HL,0.3064578175544739,-0.3064578175544739,0.0,raw,audited,132.0
1624,1705,1,0.0634041354060173,0.7729348540306091,-1.07301926612854,0.33195236325263977,0.02994975633919239,0.013565084896981716,16,2,3.9318256327243257,0,0,0.20548900233676365,-0.20548900233676365,HL,0.20548900961875916,-0.20548900961875916,0.0,raw,audited,159.0
2382,2383,1,2.575608730316162,0.7634801268577576,1.4719351530075073,0.20359688997268677,0.13501028716564178,0.05245109647512436,2,8,3.295836866004329,1,1,0.13385079262159735,0.5592963879383479,HH,0.1338507980108261,0.5592963695526123,0.25,raw,audited,11.0
1257,2677,1,0.008030431345105171,0.7784624695777893,-1.07301926612854,0.25005677342414856,0.05094402655959129,0.02366756834089756,14,1,3.4011973816621555,0,0,0.0031061856450748256,-0.0031061856450748256,HL,0.0031061857007443905,-0.0031061857007443905,0.0,raw,audited,26.0
1282,1776,1,2.7560133934020996,0.7566636800765991,1.458322286605835,0.40726855397224426,0.13217268884181976,0.04798555001616478,4,11,4.0943445622221,1,1,0.4419382198872206,0.2512089606727247,HH,0.44193822145462036,0.25120896100997925,0.15075567364692688,raw,audited,17.0
681,1445,1,2.494429111480713,0.7039783000946045,1.4277054071426392,0.21793857216835022,0.14322011172771454,0.057452525943517685,3,1,2.0794415416798357,1,1,0.0031925247733142815,0.689954655786631,LH,0.0031925246585160494,0.6899546384811401,0.5773502588272095,raw,audited,54.0
513,1528,1,-0.0996960923075676,0.7380779981613159,-1.07301926612854,0.18202969431877136,0.051629047840833664,0.02524949237704277,1,4,2.3025850929940455,0,0,0.0028871652027442777,-0.0028871652027442777,LL,0.0028871651738882065,-0.0028871651738882065,0.0,raw,audited,230.0
310,1950,1,2.7107937335968018,0.7469138503074646,1.4188731908798218,0.37711262702941895,0.16630762815475464,0.06138608604669571,15,13,5.41164605185504,8,8,0.9705130980603777,1.226711479275842,HH,0.970513105392456,1.2267115116119385,0.572891891002655,raw,audited,8.0
88,696,1,-0.0022783707827329636,0.7740527987480164,-1.07301926612854,0.2624795734882355,0.032622095197439194,0.015228500589728355,31,2,4.564348191467836,0,0,0.12579581518044702,-0.12579581518044702,HL,0.12579581141471863,-0.12579581141471863,0.0,raw,audited,92.0
832,2600,1,-0.41737645864486694,0.43993741273880005,-1.07301926612854,0.08074068278074265,0.1333782821893692,0.07722782343626022,0,0,0.0,0,0,0.0007928022339987816,-0.0007928022339987816,LL,0.0007928022532723844,-0.0007928022532723844,0.0,raw,audited,499.00000000000006
1731,1755,1,2.6241347789764404,0.7227754592895508,1.478500247001648,0.2805148959159851,0.1407574564218521,0.05367201566696167,4,2,2.7080502011022096,1,1,0.09449318588986659,0.5986539946700787,LH,0.09449318796396255,0.5986539721488953,0.3535533845424652,raw,audited,113.0
291,1692,1,0.2187187224626541,1.0184259414672852,-1.07301926612854,0.16030281782150269,0.11142280697822571,0.04714970290660858,0,18,2.9444389791664403,0,0,-0.004790277962688065,0.004790277962688065,LH,-0.004790278151631355,0.004790278151631355,0.0,raw,audited,16.0
876,2584,1,0.09224967658519745,0.8127431273460388,-1.07301926612854,0.23065675795078278,0.1202826276421547,0.053776778280735016,3,0,1.3862943611198906,0,0,0.002371117420360343,-0.002371117420360343,LL,0.0023711174726486206,-0.0023711174726486206,0.0,raw,audited,116.0
51,1392,1,2.582468032836914,0.7440133094787598,1.4607445001602173,0.2437090277671814,0.1324148327112198,0.051306046545505524,5,2,2.8903717578961645,1,1,0.09480170374771114,0.5983454768122342,LH,0.09480170160531998,0.5983454585075378,0.3162277638912201,raw,audited,4.0
1254,1308,1,-0.06079861521720886,0.6327449679374695,-1.07301926612854,0.3224766254425049,0.05541263148188591,0.026593977585434914,1,2,1.791759469228055,0,0,0.002811340275999219,-0.002811340275999219,LL,0.002811340382322669,-0.002811340382322669,0.0,raw,audited,185.0
124,306,1,2.656404495239258,0.7702946066856384,1.4465223550796509,0.3160841166973114,0.12191707640886307,0.04592294991016388,3,64,5.560681631015528,1,1,0.4174985715071104,0.2756486090528349,HH,0.41749855875968933,0.2756486237049103,0.07216878235340118,raw,audited,115.0
571,696,1,-0.08031360059976578,0.7522569894790649,-1.07301926612854,0.11271625757217407,0.12614598870277405,0.0611131377518177,0,2,1.0986122886681096,0,0,-0.001963265531838589,0.001963265531838589,LH,-0.001963265473023057,0.001963265473023057,0.0,raw,audited,216.0
426,1789,1,0.035785019397735596,0.7418904900550842,-1.07301926612854,0.35243138670921326,0.012895980849862099,0.005914944224059582,6,4,3.5553480614894135,0,0,0.39167104968158284,-0.39167104968158284,HL,0.3916710615158081,-0.3916710615158081,0.0,raw,audited,82.0
2001,2335,1,0.09912778437137604,0.7558594346046448,-1.07301926612854,0.402950257062912,0.01175092812627554,0.005237579811364412,14,5,4.499809670330265,0,0,0.5762544023768721,-0.5762544023768721,HL,0.5762544274330139,-0.5762544274330139,0.0,raw,audited,50.0
36,1552,1,2.6495790481567383,0.7418904900550842,1.4410761594772339,0.32668644189834595,0.1383395940065384,0.0522431954741478,6,4,3.5553480614894135,1,1,0.39167104968158284,0.30147613087836245,HH,0.3916710615158081,0.3014761209487915,0.20412413775920868,raw,audited,14.0
217,2473,1,-0.25476735830307007,0.6327449679374695,-1.07301926612854,0.12850788235664368,0.05541263148188591,0.029323743656277657,2,1,1.791759469228055,0,0,0.002811340275999219,-0.002811340275999219,LL,0.002811340382322669,-0.002811340382322669,0.0,raw,audited,245.99999999999997
2164,2217,1,-0.08622235804796219,0.7039783000946045,-1.07301926612854,0.2289915531873703,0.052240628749132156,0.025381339713931084,1,3,2.0794415416798357,0,0,0.0031925247733142815,-0.0031925247733142815,LL,0.0031925246585160494,-0.0031925246585160494,0.0,raw,audited,174.0
1701,1867,1,2.645164966583252,0.772642970085144,1.4616068601608276,0.287754625082016,0.1215740516781807,0.04598844051361084,65,2,5.288267030694534,1,1,0.14282747683708247,0.5503197037228629,HH,0.14282748103141785,0.5503196716308594,0.08770579844713211,raw,audited,40.0
549,1497,1,0.15590693056583405,0.8127431273460388,-1.07301926612854,0.29431402683258057,0.1202826276421547,0.05228862911462784,3,0,1.3862943611198906,0,0,0.002371117420360343,-0.002371117420360343,LL,0.0023711174726486206,-0.0023711174726486206,0.0,raw,audited,115.0
308,1670,1,-0.03478536754846573,0.690627932548523,-1.07301926612854,0.3209623098373413,0.025057224556803703,0.011877337470650673,3,2,2.484906649788,0,0,0.07439508680880617,-0.07439508680880617,LL,0.074395090341568,-0.074395090341568,0.0,raw,audited,133.0
1102,2464,1,2.5284805297851562,0.7523421049118042,1.472551703453064,0.1494331955909729,0.1525670737028122,0.06037731096148491,4,9,3.9120230054281464,4,4,0.42841508381045235,1.181022828623648,HH,0.42841508984565735,1.1810228824615479,0.6666666865348816,raw,audited,1.0
836,2078,1,0.0016614440828561783,0.7440133094787598,-1.07301926612854,0.3058900535106659,0.023190919309854507,0.0108060073107481,5,2,2.8903717578961645,0,0,0.09480170374771114,-0.09480170374771114,LL,0.09480170160531998,-0.09480170160531998,0.0,raw,audited,65.0
1396,2394,1,2.7283763885498047,0.7558594346046448,1.453290581703186,0.3697708249092102,0.14786909520626068,0.054228268563747406,5,14,4.499809670330265,3,3,0.5762544023768721,0.8100399587430185,HH,0.5762544274330139,0.8100399374961853,0.35856857895851135,raw,audited,1.0
294,306,1,0.08033891767263412,0.7899548411369324,-1.07301926612854,0.31376129388809204,0.04805561900138855,0.021600060164928436,1,64,4.867534450455582,0,0,0.07970493340349187,-0.07970493340349187,HL,0.07970493286848068,-0.07970493286848068,0.0,raw,audited,164.0
1876,1986,1,-0.01078145019710064,0.7888566255569458,-1.07301926612854,0.22324863076210022,0.04854613170027733,0.02275240235030651,1,55,4.718498871295095,0,0,-0.005184222823200677,0.005184222823200677,HH,-0.00518422294408083,0.00518422294408083,0.0,raw,audited,250.0
1050,1320,1,-0.22586050629615784,0.7530947327613831,-1.07301926612854,0.07592012733221054,0.016557468101382256,0.008630012162029743,7,3,3.465735902799726,0,0,0.30992811368089473,-0.30992811368089473,HL,0.30992811918258667,-0.30992811918258667,0.0,raw,audited,265.0
561,1016,1,0.07927083969116211,0.8127431273460388,-1.07301926612854,0.21767792105674744,0.1202826276421547,0.054090652614831924,0,3,1.3862943611198906,0,0,0.002371117420360343,-0.002371117420360343,LL,0.0023711174726486206,-0.0023711174726486206,0.0,raw,audited,112.0
858,2182,1,-0.021074382588267326,0.779208242893219,-1.07301926612854,0.22049471735954285,0.05065549537539482,0.023856092244386673,1,17,3.58351893845611,0,0,0.004932122925127669,-0.004932122925127669,HL,0.004932122770696878,-0.004932122770696878,0.0,raw,audited,115.0
151,2238,1,-0.034820422530174255,0.756775438785553,-1.07301926612854,0.26314857602119446,0.016688397154211998,0.007910574786365032,3,8,3.58351893845611,0,0,0.3034414734082789,-0.3034414734082789,HL,0.30344146490097046,-0.30344146490097046,0.0,raw,audited,109.0
1171,1909,1,-0.005057688802480698,0.7530947327613831,-1.07301926612854,0.296722948551178,0.016557468101382256,0.007739325053989887,7,3,3.465735902799726,0,0,0.30992811368089473,-0.30992811368089473,HL,0.30992811918258667,-0.30992811918258667,0.0,raw,audited,64.0
611,2690,1,-0.45519518852233887,0.43993741273880005,-1.07301926612854,0.04292197525501251,0.1333782821893692,0.07895677536725998,0,0,0.0,0,0,0.0007928022339987816,-0.0007928022339987816,LL,0.0007928022532723844,-0.0007928022532723844,0.0,raw,audited,496.99999999999994
1154,1358,1,2.682950258255005,0.766426146030426,1.480592131614685,0.2929137945175171,0.14143148064613342,0.05274609848856926,9,139,7.24422751560335,4,4,1.222327252387585,0.3871106600465153,HH,1.2223272323608398,0.38711071014404297,0.1130918487906456,raw,audited,62.0
541,1022,1,-0.07211632281541824,0.7454054951667786,-1.07301926612854,0.23742243647575378,0.016488583758473396,0.007956521585583687,3,6,3.332204510175204,0,0,0.2786747500322715,-0.2786747500322715,HL,0.27867475152015686,-0.27867475152015686,0.0,raw,audited,121.0
132,379,1,2.7194466590881348,0.7335197925567627,1.4831463098526,0.3452668786048889,0.1559271514415741,0.057371292263269424,4,5,3.401197381662155,3,3,0.26919246261014035,1.1171018985097503,HH,0.2691924571990967,1.1171019077301025,0.6708203554153442,raw,audited,1.0
1203,1410,1,-0.030981967225670815,0.7454054951667786,-1.07301926612854,0.27855679392814636,0.016488583758473396,0.007801664061844349,6,3,3.332204510175204,0,0,0.2786747500322715,-0.2786747500322715,HL,0.27867475152015686,-0.27867475152015686,0.0,raw,audited,124.0
2151,2423,1,-0.12587496638298035,0.690627932548523,-1.07301926612854,0.2298727184534073,0.025057224556803703,0.012413310818374157,2,3,2.484906649788,0,0,0.07439508680880617,-0.07439508680880617,LL,0.074395090341568,-0.074395090341568,0.0,raw,audited,206.00000000000003
1641,2495,1,-0.1704791635274887,0.6349053382873535,-1.07301926612854,0.2361687421798706,0.029879597947001457,0.015136782079935074,2,2,2.197224577336219,0,0,0.05680089854821151,-0.05680089854821151,LL,0.05680089816451073,-0.05680089816451073,0.0,raw,audited,263.0
478,514,1,2.65972638130188,0.7227754592895508,1.4871126413345337,0.30665323138237,0.1415986865758896,0.05326983705163002,2,4,2.7080502011022096,1,1,0.09449318588986659,0.5986539946700787,LH,0.09449318796396255,0.5986539721488953,0.3535533845424652,raw,audited,7.0
2471,2493,1,-0.09670796245336533,0.7039783000946045,-1.07301926612854,0.21850594878196716,0.052240628749132156,0.025511305779218674,1,3,2.0794415416798357,0,0,0.0031925247733142815,-0.0031925247733142815,LL,0.0031925246585160494,-0.0031925246585160494,0.0,raw,audited,55.0
42,87,1,-0.2274048924446106,0.6327449679374695,-1.07301926612854,0.15587034821510315,0.05541263148188591,0.028905197978019714,1,2,1.791759469228055,0,0,0.002811340275999219,-0.002811340275999219,LL,0.002811340382322669,-0.002811340382322669,0.0,raw,audited,385.0
793,1902,1,2.4835755825042725,0.7543589472770691,1.4258053302764893,0.16902869939804077,0.1327960044145584,0.053503863513469696,2,6,3.0445224377234226,1,1,0.11249940516013764,0.5806477753998076,HH,0.1124994084239006,0.5806477665901184,0.28867512941360474,raw,audited,17.0
30,738,1,-0.16568438708782196,0.7236267328262329,-1.07301926612854,0.1658390760421753,0.016282647848129272,0.008228681050240993,4,3,2.995732273553991,0,0,0.19205714392645537,-0.19205714392645537,HL,0.19205714762210846,-0.19205714762210846,0.0,raw,audited,262.0
424,436,1,0.04472833871841431,0.779208242893219,-1.07301926612854,0.28629744052886963,0.05065549537539482,0.023139020428061485,1,17,3.58351893845611,0,0,0.004932122925127669,-0.004932122925127669,HL,0.004932122770696878,-0.004932122770696878,0.0,raw,audited,67.0
417,1072,1,2.69524884223938,0.7668823003768921,1.4639736413955688,0.33255714178085327,0.13024918735027313,0.04835394024848938,4,26,4.90527477843843,1,1,0.5461233240773591,0.1470238564825862,HH,0.5461233258247375,0.14702385663986206,0.0980580672621727,raw,audited,98.99999999999999
1675,1914,1,0.035992562770843506,0.7675607204437256,-1.07301926612854,0.31933408975601196,0.020530590787529945,0.009415781125426292,3,22,4.5217885770490405,0,0,0.33472983540714574,-0.33472983540714574,HL,0.3347298502922058,-0.3347298502922058,0.0,raw,audited,107.00000000000001
405,2059,1,-0.22097066044807434,0.690627932548523,-1.07301926612854,0.1347770243883133,0.025057224556803703,0.013027016073465347,2,3,2.484906649788,0,0,0.07439508680880617,-0.07439508680880617,LL,0.074395090341568,-0.074395090341568,0.0,raw,audited,267.0
1623,1769,1,0.09627030044794083,0.7736804485321045,-1.07301926612854,0.36089974641799927,0.03312293812632561,0.014782258309423923,36,2,4.709530201312334,0,0,0.12319499149432608,-0.12319499149432608,HL,0.12319499254226685,-0.12319499254226685,0.0,raw,audited,82.0
1194,2670,1,0.027869274839758873,0.7522569894790649,-1.07301926612854,0.22089913487434387,0.12614598870277405,0.05806966498494148,0,2,1.0986122886681096,0,0,-0.001963265531838589,0.001963265531838589,LH,-0.001963265473023057,0.001963265473023057,0.0,raw,audited,118.0
85,2488,1,-0.05643955618143082,0.7522569894790649,-1.07301926612854,0.13659030199050903,0.12614598870277405,0.060414377599954605,2,0,1.0986122886681096,0,0,-0.001963265531838589,0.001963265531838589,LH,-0.001963265473023057,0.001963265473023057,0.0,raw,audited,225.0
2251,2252,1,0.0063035693019628525,0.7522569894790649,-1.07301926612854,0.19933342933654785,0.12614598870277405,0.058651939034461975,0,2,1.0986122886681096,0,0,-0.001963265531838589,0.001963265531838589,LH,-0.001963265473023057,0.001963265473023057,0.0,raw,audited,151.0
472,2029,1,-0.06595196574926376,0.7543589472770691,-1.07301926612854,0.22646614909172058,0.024655774235725403,0.011862291023135185,6,2,3.0445224377234226,0,0,0.11249940516013764,-0.11249940516013764,HL,0.1124994084239006,-0.1124994084239006,0.0,raw,audited,86.0
267,2000,1,-0.12198635190725327,0.690627932548523,-1.07301926612854,0.23376132547855377,0.025057224556803703,0.012389443814754486,2,3,2.484906649788,0,0,0.07439508680880617,-0.07439508680880617,LL,0.074395090341568,-0.074395090341568,0.0,raw,audited,307.0
1889,1890,1,2.5925216674804688,0.7665902972221375,1.4149775505065918,0.28061220049858093,0.12875521183013916,0.0496944934129715,6,1,2.6390573296152584,1,1,0.004831503966481121,0.6883156765934642,LH,0.004831504076719284,0.6883156895637512,0.40824827551841736,raw,audited,24.0
1134,2296,1,-0.22949962317943573,0.6349053382873535,-1.07301926612854,0.17714828252792358,0.029879597947001457,0.01560331042855978,2,2,2.197224577336219,0,0,0.05680089854821151,-0.05680089854821151,LL,0.05680089816451073,-0.05680089816451073,0.0,raw,audited,355.0
1635,2383,1,-0.05307896435260773,0.756775438785553,-1.07301926612854,0.244890034198761,0.016688397154211998,0.007979637011885643,3,8,3.58351893845611,0,0,0.3034414734082789,-0.3034414734082789,HL,0.30344146490097046,-0.30344146490097046,0.0,raw,audited,135.0
423,525,1,2.7700183391571045,0.7601075768470764,1.4353944063186646,0.4383075535297394,0.13462236523628235,0.04862765967845917,4,13,4.248495242049359,1,1,0.4230243562228817,0.2701228243370636,HH,0.42302435636520386,0.27012282609939575,0.1386750489473343,raw,audited,13.0
252,973,1,-0.01573205552995205,0.7646617293357849,-1.07301926612854,0.27306729555130005,0.017971757799386978,0.008442518301308155,3,14,4.0943445622221,0,0,0.34379756206336903,-0.34379756206336903,HL,0.34379756450653076,-0.34379756450653076,0.0,raw,audited,214.00000000000003
1224,1370,1,2.729128122329712,0.7622453570365906,1.4616321325302124,0.3626767098903656,0.14098763465881348,0.051690369844436646,20,5,4.836281906951478,2,2,0.6872336527506719,0.4113786359174376,HH,0.6872336268424988,0.4113786816596985,0.20000000298023224,raw,audited,2.0
109,1772,1,2.739635944366455,0.7667182087898254,1.4639736413955688,0.3775043785572052,0.12985333800315857,0.047425489872694016,28,4,4.976733742420574,1,1,0.5390510908232757,0.15409608973666955,HH,0.5390511155128479,0.1540960669517517,0.09449112415313721,raw,audited,32.0
402,776,1,2.6411027908325195,0.7543589472770691,1.4841738939285278,0.25995510816574097,0.14102837443351746,0.05342962592840195,6,2,3.0445224377234226,2,2,0.11249940516013764,0.9861128835079719,HH,0.1124994084239006,0.9861128926277161,0.5773502588272095,raw,audited,12.0
1013,1293,1,0.10083667933940887,0.7741153240203857,-1.07301926612854,0.3657660484313965,0.03238814324140549,0.014424934051930904,29,2,4.499809670330265,0,0,0.008097898623526827,-0.008097898623526827,HL,0.008097898215055466,-0.008097898215055466,0.0,raw,audited,108.0
560,2526,1,-0.4049872159957886,0.6000693440437317,-1.07301926612854,-0.001283109188079834,0.067659392952919,0.038839370012283325,1,1,1.3862943611198906,0,0,0.0007928022339987816,-0.0007928022339987816,LL,0.0007928022532723844,-0.0007928022532723844,0.0,raw,audited,432.0
306,308,1,2.756171703338623,0.7702946066856384,1.4764753580093384,0.376152366399765,0.1316629946231842,0.047797754406929016,64,3,5.560681631015528,2,2,0.4174985715071104,0.6811137171609991,HH,0.41749855875968933,0.6811137199401855,0.14433756470680237,raw,audited,23.0
1142,2326,1,-0.1365170180797577,0.7039783000946045,-1.07301926612854,0.1786969006061554,0.052240628749132156,0.026017090305685997,1,3,2.0794415416798357,0,0,0.0031925247733142815,-0.0031925247733142815,LL,0.0031925246585160494,-0.0031925246585160494,0.0,raw,audited,278.0
71,2691,1,-0.31936269998550415,0.6264773011207581,-1.07301926612854,-0.013854429125785828,0.13944728672504425,0.07526307553052902,0,1,0.6931471805599453,0,0,0.002811340275999219,-0.002811340275999219,LL,0.002811340382322669,-0.002811340382322669,0.0,raw,audited,462.0
460,1989,1,2.4818942546844482,0.6327449679374695,1.4680465459823608,0.22671322524547577,0.15280325710773468,0.061606571078300476,2,1,1.791759469228055,1,1,0.002811340275999219,0.6903358402839461,LH,0.002811340382322669,0.6903358697891235,0.7071067690849304,raw,audited,90.0
1531,1889,1,-0.2731490135192871,0.7543589472770691,-1.07301926612854,0.019269119948148727,0.024655774235725403,0.0131757240742445,2,6,3.0445224377234226,0,0,0.11249940516013764,-0.11249940516013764,HL,0.1124994084239006,-0.1124994084239006,0.0,raw,audited,318.0
1070,1470,1,-0.07295601069927216,0.73109370470047,-1.07301926612854,0.2567785382270813,0.010604583658277988,0.00511928740888834,5,5,3.58351893845611,0,0,0.3614739729604522,-0.3614739729604522,HL,0.3614739775657654,-0.3614739775657654,0.0,raw,audited,205.0
825,1765,1,0.21066434681415558,1.003089189529419,-1.07301926612854,0.16770318150520325,0.11130482703447342,0.04726086184382439,0,14,2.70805020110221,0,0,0.0016833578179144477,-0.0016833578179144477,LL,0.0016833578702062368,-0.0016833578702062368,0.0,raw,audited,146.0
1399,2227,1,-0.13121023774147034,0.7236267328262329,-1.07301926612854,0.20031322538852692,0.016282647848129272,0.00808777566999197,4,3,2.995732273553991,0,0,0.19205714392645537,-0.19205714392645537,HL,0.19205714762210846,-0.19205714762210846,0.0,raw,audited,324.0
1920,2310,1,0.05655009299516678,0.7039783000946045,-1.07301926612854,0.37176400423049927,0.052240628749132156,0.02373492904007435,3,1,2.0794415416798357,0,0,0.0031925247733142815,-0.0031925247733142815,LL,0.0031925246585160494,-0.0031925246585160494,0.0,raw,audited,48.0
310,1241,1,0.0776570662856102,0.7725600600242615,-1.07301926612854,0.346887469291687,0.029642371460795403,0.013339746743440628,15,2,3.8712010109078907,0,0,0.1981702615651882,-0.1981702615651882,HL,0.1981702595949173,-0.1981702595949173,0.0,raw,audited,91.0
653,1231,1,-0.44999581575393677,0.43993741273880005,-1.07301926612854,0.04812131077051163,0.1333782821893692,0.07871450483798981,0,0,0.0,0,0,0.0007928022339987816,-0.0007928022339987816,LL,0.0007928022532723844,-0.0007928022532723844,0.0,raw,audited,498.00000000000006
472,1182,1,2.6517646312713623,0.7454054951667786,1.475828766822815,0.28420400619506836,0.14473991096019745,0.05461516231298447,6,3,3.332204510175204,2,2,0.2786747500322715,0.8199375386358381,HH,0.27867475152015686,0.8199375867843628,0.4714045524597168,raw,audited,1.0
634,2227,1,-0.12589327991008759,0.7039783000946045,-1.07301926612854,0.1893206387758255,0.052240628749132156,0.025880159810185432,1,3,2.0794415416798357,0,0,0.0031925247733142815,-0.0031925247733142815,LL,0.0031925246585160494,-0.0031925246585160494,0.0,raw,audited,199.0
165,2706,1,2.6720643043518066,0.6995880603790283,1.4817144870758057,0.3315553665161133,0.15761984884738922,0.05902308598160744,3,3,2.772588722239781,2,2,0.1702390971115841,0.9283731915565254,LH,0.17023909091949463,0.9283732175827026,0.6666666865348816,raw,audited,2.0
1200,2414,1,-0.2491035908460617,0.6327449679374695,-1.07301926612854,0.13417166471481323,0.05541263148188591,0.029236115515232086,2,1,1.791759469228055,0,0,0.002811340275999219,-0.002811340275999219,LL,0.002811340382322669,-0.002811340382322669,0.0,raw,audited,427.0
839,965,1,-0.14069388806819916,0.6349053382873535,-1.07301926612854,0.26595401763916016,0.029879597947001457,0.014911778271198273,2,2,2.197224577336219,0,0,0.05680089854821151,-0.05680089854821151,LL,0.05680089816451073,-0.05680089816451073,0.0,raw,audited,293.0
456,2347,1,2.709109306335449,0.7660639882087708,1.4481762647628784,0.36128687858581543,0.13199563324451447,0.04875143617391586,9,2,3.4011973816621555,1,1,0.13385079262159735,0.5592963879383479,HH,0.1338507980108261,0.5592963695526123,0.2357022762298584,raw,audited,14.0
1224,1525,1,0.034098558127880096,0.7665746212005615,-1.07301926612854,0.31903374195098877,0.019923031330108643,0.009145085699856281,20,3,4.430816798843313,0,0,0.3512371151522032,-0.3512371151522032,HL,0.35123711824417114,-0.35123711824417114,0.0,raw,audited,151.0
1725,2597,1,2.6653053760528564,0.7512437701225281,1.493812918663025,0.27342402935028076,0.14523816108703613,0.054524581879377365,11,5,4.276666119016055,2,2,0.511264154357758,0.5873481343103516,HH,0.5112641453742981,0.5873481631278992,0.2696799635887146,raw,audited,17.0
186,1672,1,0.02177596651017666,0.893575131893158,-1.07301926612854,0.08448828011751175,0.11514539271593094,0.053154781460762024,5,0,1.791759469228055,0,0,0.002371117420360343,-0.002371117420360343,LL,0.0023711174726486206,-0.0023711174726486206,0.0,raw,audited,81.0
281,2247,1,0.0434526652097702,0.73109370470047,-1.07301926612854,0.37318721413612366,0.010604583658277988,0.004846912808716297,5,5,3.58351893845611,0,0,0.3614739729604522,-0.3614739729604522,HL,0.3614739775657654,-0.3614739775657654,0.0,raw,audited,52.0
1148,1317,1,2.6362361907958984,0.7600536346435547,1.4738011360168457,0.26663076877593994,0.1341642588376999,0.050922997295856476,2,7,3.1780538303479453,1,1,0.10134399074702803,0.5918031898129172,HH,0.10134398937225342,0.5918031930923462,0.26726123690605164,raw,audited,6.0
2221,2507,1,-0.005329316481947899,0.7440133094787598,-1.07301926612854,0.2988992929458618,0.023190919309854507,0.01084132120013237,5,2,2.8903717578961645,0,0,0.09480170374771114,-0.09480170374771114,LL,0.09480170160531998,-0.09480170160531998,0.0,raw,audited,58.0
2247,2543,1,0.0690818652510643,0.7440133094787598,-1.07301926612854,0.37331047654151917,0.023190919309854507,0.010476874187588692,5,2,2.8903717578961645,0,0,0.09480170374771114,-0.09480170374771114,LL,0.09480170160531998,-0.09480170160531998,0.0,raw,audited,25.0
676,1955,1,0.021098529919981956,0.7543589472770691,-1.07301926612854,0.31351664662361145,0.024655774235725403,0.011385452002286911,2,6,3.0445224377234226,0,0,0.11249940516013764,-0.11249940516013764,HL,0.1124994084239006,-0.1124994084239006,0.0,raw,audited,41.0
1072,1725,1,2.7281320095062256,0.7499327659606934,1.487005352973938,0.3397250175476074,0.14988261461257935,0.054971616715192795,26,11,5.780743515792329,3,3,0.2502960740251925,1.135998287094698,HH,0.25029608607292175,1.135998249053955,0.17739370465278625,raw,audited,38.0
764,1358,1,2.644451856613159,0.7667279243469238,1.4649466276168823,0.2955273389816284,0.11566337198019028,0.0437643826007843,3,139,6.327936783729195,1,1,0.6098390318921724,0.08330814866777292,HH,0.6098390221595764,0.0833081603050232,0.048970211297273636,raw,audited,98.00000000000001
639,900,1,-0.2915186285972595,0.6264773011207581,-1.07301926612854,0.01398961991071701,0.13944728672504425,0.07525758445262909,0,1,0.6931471805599453,0,0,0.002811340275999219,-0.002811340275999219,LL,0.002811340382322669,-0.002811340382322669,0.0,raw,audited,409.0
1901,2284,1,0.0515948161482811,0.7544237971305847,-1.07301926612854,0.3165333569049835,0.052070502191782,0.023711014539003372,5,1,2.4849066497880004,0,0,0.0004536394076567866,-0.0004536394076567866,LL,0.0004536393971648067,-0.0004536393971648067,0.0,raw,audited,55.0
90,155,1,2.6168034076690674,0.7440133094787598,1.4806560277938843,0.24322931468486786,0.1473180651664734,0.05633110553026199,2,5,2.8903717578961645,2,2,0.09480170374771114,1.0038105849203984,LH,0.09480170160531998,1.0038106441497803,0.6324555277824402,raw,audited,2.0
1037,2654,1,2.524855852127075,0.6349053382873535,1.4871983528137207,0.24587814509868622,0.1552874743938446,0.061542168259620667,2,2,2.197224577336219,1,1,0.05680089854821151,0.6363462820117338,LH,0.05680089816451073,0.6363462805747986,0.5,raw,audited,9.0
609,2448,1,-0.012409741058945656,0.7543589472770691,-1.07301926612854,0.28000837564468384,0.024655774235725403,0.011564391665160656,6,2,3.0445224377234226,0,0,0.11249940516013764,-0.11249940516013764,HL,0.1124994084239006,-0.1124994084239006,0.0,raw,audited,197.99999999999997
454,1441,1,-0.06516789644956589,0.7492126822471619,-1.07301926612854,0.24901220202445984,0.008040059357881546,0.0038667437620460987,8,17,5.087596335232384,0,0,0.45505174907337637,-0.45505174907337637,HL,0.4550517499446869,-0.4550517499446869,0.0,raw,audited,247.0
434,1524,1,2.667057752609253,0.7227754592895508,1.4129014015197754,0.39096972346305847,0.13882459700107574,0.052082568407058716,4,2,2.7080502011022096,1,1,0.09449318588986659,0.5986539946700787,LH,0.09449318796396255,0.5986539721488953,0.3535533845424652,raw,audited,7.0
1676,1914,1,0.05918680876493454,0.7669069766998291,-1.07301926612854,0.34895575046539307,0.014756917022168636,0.006696613505482674,4,22,4.74493212836325,0,0,0.5684120851559789,-0.5684120851559789,HL,0.5684120655059814,-0.5684120655059814,0.0,raw,audited,64.0
449,2581,1,-0.10337495058774948,0.6327449679374695,-1.07301926612854,0.27990028262138367,0.05541263148188591,0.027148719877004623,2,1,1.791759469228055,0,0,0.002811340275999219,-0.002811340275999219,LL,0.002811340382322669,-0.002811340382322669,0.0,raw,audited,260.0
487,1773,1,0.0712701603770256,0.7507988810539246,-1.07301926612854,0.3787112534046173,0.013192864134907722,0.0059542045928537846,8,4,3.8066624897703196,0,0,0.43054512341971973,-0.43054512341971973,HL,0.4305451214313507,-0.4305451214313507,0.0,raw,audited,159.0
666,1973,1,-0.10575102269649506,0.7641856074333191,-1.07301926612854,0.18428625166416168,0.01720995455980301,0.008441626094281673,3,12,3.951243718581427,0,0,0.3078808586889816,-0.3078808586889816,HL,0.30788084864616394,-0.30788084864616394,0.0,raw,audited,245.99999999999997
873,2313,1,0.034921795129776,0.8127431273460388,-1.07301926612854,0.17332887649536133,0.1202826276421547,0.055191367864608765,3,0,1.3862943611198906,0,0,0.002371117420360343,-0.002371117420360343,LL,0.0023711174726486206,-0.0023711174726486206,0.0,raw,audited,144.0
1986,1991,1,0.0011698473244905472,0.7888566255569458,-1.07301926612854,0.2351999282836914,0.04854613170027733,0.022625667974352837,55,1,4.718498871295095,0,0,-0.005184222823200677,0.005184222823200677,HH,-0.00518422294408083,0.00518422294408083,0.0,raw,audited,202.0
210,1079,1,-0.11020026355981827,0.7530947327613831,-1.07301926612854,0.1915803700685501,0.016557468101382256,0.00813934113830328,7,3,3.465735902799726,0,0,0.30992811368089473,-0.30992811368089473,HL,0.30992811918258667,-0.30992811918258667,0.0,raw,audited,217.0
108,2157,1,-0.2522127628326416,0.7227754592895508,-1.07301926612854,0.0728597342967987,0.02358485944569111,0.012463994324207306,2,4,2.7080502011022096,0,0,0.09449318588986659,-0.09449318588986659,LL,0.09449318796396255,-0.09449318796396255,0.0,raw,audited,308.0
534,609,1,-0.004854170605540276,0.7665902972221375,-1.07301926612854,0.24783273041248322,0.052155639976263046,0.02437637187540531,1,6,2.6390573296152584,0,0,0.004831503966481121,-0.004831503966481121,LL,0.004831504076719284,-0.004831504076719284,0.0,raw,audited,187.0
1807,2034,1,0.023450929671525955,0.7659094333648682,-1.07301926612854,0.31223076581954956,0.01674356870353222,0.0077233933843672276,4,35,5.19295685089021,0,0,0.26137699758011546,-0.26137699758011546,HL,0.2613770067691803,-0.2613770067691803,0.0,raw,audited,77.0
1310,2692,1,-0.45641565322875977,0.43993741273880005,-1.07301926612854,0.04170149192214012,0.1333782821893692,0.0790138691663742,0,0,0.0,0,0,0.0007928022339987816,-0.0007928022339987816,LL,0.0007928022532723844,-0.0007928022532723844,0.0,raw,audited,498.00000000000006
201,1701,1,2.7117273807525635,0.7651283144950867,1.4656339883804321,0.354550302028656,0.12482823431491852,0.046059682965278625,5,65,5.98141421125448,1,1,0.5687316620022992,0.1244155185576461,HH,0.5687316656112671,0.12441551685333252,0.055470023304224014,raw,audited,11.0
2075,2077,1,2.653690814971924,0.7429384589195251,1.473710536956787,0.28013014793395996,0.15532507002353668,0.05856672674417496,7,5,3.8712010109078907,3,3,0.500088171250065,0.8862061898698256,HH,0.5000881552696228,0.8862062096595764,0.5070925354957581,raw,audited,8.0
367,2451,1,-0.06983307749032974,0.7746445536613464,-1.07301926612854,0.17535947263240814,0.05159573256969452,0.024869978427886963,1,9,2.9957322735539913,0,0,0.003109166564065319,-0.003109166564065319,HL,0.003109166631475091,-0.003109166631475091,0.0,raw,audited,185.99999999999997
40,1364,1,-0.022115403786301613,0.7522569894790649,-1.07301926612854,0.1709144562482834,0.12614598870277405,0.05943731591105461,2,0,1.0986122886681096,0,0,-0.001963265531838589,0.001963265531838589,LH,-0.001963265473023057,0.001963265473023057,0.0,raw,audited,136.0
110,567,1,2.469722032546997,0.7335197925567627,1.4190150499343872,0.1771952360868454,0.1384052336215973,0.056076835840940475,4,5,3.401197381662155,1,1,0.26919246261014035,0.42395471794980494,HH,0.2691924571990967,0.42395472526550293,0.22360679507255554,raw,audited,23.0
961,2555,1,2.5896904468536377,0.7236267328262329,1.4575302600860596,0.25784832239151,0.14909860491752625,0.0576092004776001,3,4,2.995732273553991,2,2,0.19205714392645537,0.9065551447416542,HH,0.19205714762210846,0.90655517578125,0.5773502588272095,raw,audited,6.0
444,2289,1,-0.2194569706916809,0.7236267328262329,-1.07301926612854,0.11206649243831635,0.016282647848129272,0.008458539843559265,4,3,2.995732273553991,0,0,0.19205714392645537,-0.19205714392645537,HL,0.19205714762210846,-0.19205714762210846,0.0,raw,audited,263.0
142,1628,1,0.14162813127040863,0.7647539973258972,-1.07301926612854,0.4300093352794647,0.01829764060676098,0.008003936149179935,3,15,4.1588830833596715,0,0,0.31281910234993576,-0.31281910234993576,HL,0.31281909346580505,-0.31281909346580505,0.0,raw,audited,86.0
290,1765,1,0.005662678740918636,0.7614309191703796,-1.07301926612854,0.3016662001609802,0.013998397625982761,0.006510534323751926,4,14,4.31748811353631,0,0,0.43567455364878127,-0.43567455364878127,HL,0.4356745481491089,-0.4356745481491089,0.0,raw,audited,195.0
167,1056,1,2.3476645946502686,0.6327449679374695,1.4980679750442505,0.06874525547027588,0.1465199589729309,0.062453143298625946,2,1,1.791759469228055,1,1,0.002811340275999219,0.6903358402839461,LH,0.002811340382322669,0.6903358697891235,0.7071067690849304,raw,audited,3.0
353,1345,1,2.5073046684265137,0.7039783000946045,1.4534621238708496,0.20564144849777222,0.14263617992401123,0.05692426860332489,3,1,2.0794415416798357,1,1,0.0031925247733142815,0.689954655786631,LH,0.0031925246585160494,0.6899546384811401,0.5773502588272095,raw,audited,3.0
2304,2385,1,-0.0825604721903801,0.7227754592895508,-1.07301926612854,0.242512047290802,0.02358485944569111,0.011438457295298576,2,4,2.7080502011022096,0,0,0.09449318588986659,-0.09449318588986659,LL,0.09449318796396255,-0.09449318796396255,0.0,raw,audited,160.0
306,2080,1,2.7712860107421875,0.7641301155090332,1.4425870180130005,0.40823987126350403,0.15474267303943634,0.05586984008550644,64,9,6.476972362889683,7,7,1.4852296635138624,0.5942118781659733,HH,1.4852296113967896,0.5942119359970093,0.2916666567325592,raw,audited,17.0
918,1098,1,-0.1104755625128746,0.6327449679374695,-1.07301926612854,0.27279967069625854,0.05541263148188591,0.027243494987487793,2,1,1.791759469228055,0,0,0.002811340275999219,-0.002811340275999219,LL,0.002811340382322669,-0.002811340382322669,0.0,raw,audited,209.0
962,1809,1,2.660815715789795,0.7543589472770691,1.501032829284668,0.25897639989852905,0.14486105740070343,0.05447482690215111,6,2,3.0445224377234226,2,2,0.11249940516013764,0.9861128835079719,HH,0.1124994084239006,0.9861128926277161,0.5773502588272095,raw,audited,13.0
1721,2476,1,2.6889231204986572,0.7365800142288208,1.485554814338684,0.32645469903945923,0.13874731957912445,0.05163004621863365,6,5,3.737669618283368,1,1,0.44135558240141143,0.25179159815853386,HH,0.4413555860519409,0.2517915964126587,0.18257418274879456,raw,audited,10.0
347,408,1,2.6937813758850098,0.7343457341194153,1.4647042751312256,0.352247029542923,0.14089791476726532,0.0523357018828392,3,5,3.1780538303479453,1,1,0.22808133930848945,0.46506584125145584,HH,0.2280813455581665,0.4650658369064331,0.25819888710975647,raw,audited,22.0
526,1007,1,2.6580183506011963,0.6995880603790283,1.4849390983581543,0.3214004933834076,0.1505044400691986,0.056656613945961,3,3,2.772588722239781,1,1,0.1702390971115841,0.5229080834483611,LH,0.17023909091949463,0.522908091545105,0.3333333432674408,raw,audited,17.0
309,2305,1,-0.11709181219339371,0.7227754592895508,-1.07301926612854,0.2079807072877884,0.02358485944569111,0.011633285321295261,2,4,2.7080502011022096,0,0,0.09449318588986659,-0.09449318588986659,LL,0.09449318796396255,-0.09449318796396255,0.0,raw,audited,107.00000000000001
717,1907,1,0.07744883745908737,0.9394847750663757,-1.07301926612854,0.09595093131065369,0.11344596743583679,0.05105806887149811,0,7,2.0794415416798357,0,0,-0.0016038856089354771,0.0016038856089354771,LH,-0.0016038855537772179,0.0016038855537772179,0.0,raw,audited,29.0
482,2230,1,-0.1589772254228592,0.7454054951667786,-1.07301926612854,0.15056154131889343,0.016488583758473396,0.008304605260491371,6,3,3.332204510175204,0,0,0.2786747500322715,-0.2786747500322715,HL,0.27867475152015686,-0.27867475152015686,0.0,raw,audited,208.0
1623,1772,1,2.754610300064087,0.7657806277275085,1.4580703973770142,0.40113797783851624,0.12803472578525543,0.04650694504380226,36,4,5.220355825078324,1,1,0.26137699758011546,0.43177018297982983,HH,0.2613770067691803,0.4317701756954193,0.0833333358168602,raw,audited,17.0
870,1119,1,2.604790449142456,0.7707592844963074,1.4740489721298218,0.2305814027786255,0.12781454622745514,0.04909893497824669,2,12,3.6635616461296463,1,1,0.16762298823748661,0.5255241923224587,HH,0.16762298345565796,0.5255241990089417,0.20412413775920868,raw,audited,7.0
833,1678,1,-0.12392867356538773,0.7665902972221375,-1.07301926612854,0.12875822186470032,0.052155639976263046,0.02581293322145939,6,1,2.6390573296152584,0,0,0.004831503966481121,-0.004831503966481121,LL,0.004831504076719284,-0.004831504076719284,0.0,raw,audited,205.0
1133,1500,1,2.702598810195923,0.690627932548523,1.4741921424865723,0.3802658021450043,0.15592646598815918,0.05772889778017998,3,2,2.484906649788,2,2,0.07439508680880617,1.0242172018593034,LH,0.074395090341568,1.0242172479629517,0.8164965510368347,raw,audited,1.0
733,862,1,0.06372643262147903,0.7823361754417419,-1.07301926612854,0.30268460512161255,0.05013849213719368,0.022705813869833946,25,1,3.9512437185814275,0,0,0.01920148228532343,-0.01920148228532343,HL,0.019201481714844704,-0.019201481714844704,0.0,raw,audited,64.0
1301,2140,1,-0.12317486852407455,0.7236267328262329,-1.07301926612854,0.2083485871553421,0.016282647848129272,0.00805562362074852,4,3,2.995732273553991,0,0,0.19205714392645537,-0.19205714392645537,HL,0.19205714762210846,-0.19205714762210846,0.0,raw,audited,148.0
551,2388,1,0.055610641837120056,0.8588143587112427,-1.07301926612854,0.15159723162651062,0.1166318878531456,0.05301298201084137,0,4,1.6094379124341003,0,0,0.002371117420360343,-0.002371117420360343,LL,0.0023711174726486206,-0.0023711174726486206,0.0,raw,audited,77.0
269,321,1,-0.12955717742443085,0.7227754592895508,-1.07301926612854,0.19551534950733185,0.02358485944569111,0.011705255135893822,4,2,2.7080502011022096,0,0,0.09449318588986659,-0.09449318588986659,LL,0.09449318796396255,-0.09449318796396255,0.0,raw,audited,95.0
88,415,1,2.7357354164123535,0.750747561454773,1.404724359512329,0.4104117453098297,0.168265238404274,0.0615420900285244,31,19,6.461468176353717,10,10,1.4152817607364654,0.9826135120619053,HH,1.4152817726135254,0.9826135635375977,0.4120428264141083,raw,audited,15.0
1955,2235,1,-0.01496695913374424,0.7543589472770691,-1.07301926612854,0.27745115756988525,0.024655774235725403,0.011578279547393322,6,2,3.0445224377234226,0,0,0.11249940516013764,-0.11249940516013764,HL,0.1124994084239006,-0.1124994084239006,0.0,raw,audited,79.0
657,2522,1,2.637359142303467,0.768060564994812,1.4420920610427856,0.2977060079574585,0.12791402637958527,0.04852999001741409,10,2,3.4965075614664802,1,1,0.13512712108304342,0.5580200594769018,HH,0.13512712717056274,0.5580200552940369,0.22360679507255554,raw,audited,11.0
901,1042,1,2.6016345024108887,0.7643613815307617,1.4379611015319824,0.26604366302490234,0.13168193399906158,0.05064596235752106,4,17,4.499809670330265,1,1,0.49626831944594424,0.19687886111400105,HH,0.4962683320045471,0.1968788504600525,0.12126781791448593,raw,audited,38.0
119,1549,1,2.6252036094665527,0.7440133094787598,1.448737621307373,0.29280343651771545,0.13806279003620148,0.052623070776462555,5,2,2.8903717578961645,1,1,0.09480170374771114,0.5983454768122342,LH,0.09480170160531998,0.5983454585075378,0.3162277638912201,raw,audited,10.0
482,1810,1,2.6560609340667725,0.7657830119132996,1.4865962266921997,0.2648639678955078,0.13723129034042358,0.051698099821805954,6,38,5.60947179518496,2,2,0.5200400356601526,0.578572253007957,HH,0.5200400352478027,0.5785722732543945,0.13245323300361633,raw,audited,5.0
48,598,1,-0.061820849776268005,0.7578460574150085,-1.07301926612854,0.2421584129333496,0.00960751622915268,0.004613162018358707,7,26,5.375278407684165,0,0,0.9707084742987502,-0.9707084742987502,HL,0.9707084894180298,-0.9707084894180298,0.0,raw,audited,242.0
744,1154,1,2.5982961654663086,0.7594527006149292,1.4932034015655518,0.2084674835205078,0.1355862319469452,0.05221462622284889,3,9,3.6888794541139367,1,1,0.3329518076365976,0.3601953729233477,HH,0.3329518139362335,0.3601953685283661,0.19245009124279022,raw,audited,38.0
1951,2206,1,2.404784679412842,0.6349053382873535,1.4396852254867554,0.1761581003665924,0.15244929492473602,0.06343600153923035,2,2,2.197224577336219,1,1,0.05680089854821151,0.6363462820117338,LH,0.05680089816451073,0.6363462805747986,0.5,raw,audited,14.0
537,1165,1,2.417482376098633,0.7380779981613159,1.4303478002548218,0.11458761990070343,0.1328827142715454,0.05500349402427673,4,1,2.3025850929940455,1,1,0.0028871652027442777,0.690260015357201,LH,0.0028871651738882065,0.6902599930763245,0.5,raw,audited,3.0
439,1169,1,-0.023571403697133064,0.7809653878211975,-1.07301926612854,0.21648499369621277,0.050411053001880646,0.023768926039338112,1,20,3.7376696182833684,0,0,0.001425757711134602,-0.001425757711134602,HL,0.0014257576549425721,-0.0014257576549425721,0.0,raw,audited,207.0
649,1171,1,0.1350637972354889,0.9394847750663757,-1.07301926612854,0.1535658985376358,0.11344596743583679,0.049767568707466125,0,7,2.0794415416798357,0,0,-0.0016038856089354771,0.0016038856089354771,LH,-0.0016038855537772179,0.0016038855537772179,0.0,raw,audited,61.0
117,259,1,2.4211034774780273,0.6000693440437317,1.4658970832824707,0.1957370787858963,0.15781357884407043,0.06522523611783981,1,1,1.3862943611198906,1,1,0.0007928022339987816,0.6923543783259465,LH,0.0007928022532723844,0.6923543810844421,1.0,raw,audited,1.0
760,985,1,-0.016346896067261696,0.7343457341194153,-1.07301926612854,0.3041421175003052,0.016598090529441833,0.007799469865858555,5,3,3.1780538303479453,0,0,0.22808133930848945,-0.22808133930848945,HL,0.2280813455581665,-0.2280813455581665,0.0,raw,audited,214.00000000000003
1724,2215,1,2.506382703781128,0.7236267328262329,1.4736859798431396,0.16886043548583984,0.13862289488315582,0.055342983454465866,4,3,2.995732273553991,1,1,0.19205714392645537,0.5010900366334899,HH,0.19205714762210846,0.5010900497436523,0.28867512941360474,raw,audited,111.0
2181,2196,1,0.11593495309352875,0.8588143587112427,-1.07301926612854,0.2119215428829193,0.1166318878531456,0.051598191261291504,4,0,1.6094379124341003,0,0,0.002371117420360343,-0.002371117420360343,LL,0.0023711174726486206,-0.0023711174726486206,0.0,raw,audited,77.0
56,447,1,2.4743051528930664,0.690627932548523,1.4704078435897827,0.1640617698431015,0.1476210504770279,0.059699896723032,2,3,2.484906649788,1,1,0.07439508680880617,0.6187520937511392,LH,0.074395090341568,0.618752121925354,0.40824827551841736,raw,audited,14.0
1061,1196,1,-0.21468988060951233,0.7039783000946045,-1.07301926612854,0.10052403807640076,0.052240628749132156,0.027071017771959305,1,3,2.0794415416798357,0,0,0.0031925247733142815,-0.0031925247733142815,LL,0.0031925246585160494,-0.0031925246585160494,0.0,raw,audited,327.0
1131,1909,1,0.012681309133768082,0.7659878134727478,-1.07301926612854,0.29853951930999756,0.01958681456744671,0.00908002071082592,19,3,4.382026634673881,0,0,0.300847131187982,-0.300847131187982,HL,0.3008471429347992,-0.3008471429347992,0.0,raw,audited,57.0
448,1826,1,2.603975772857666,0.7454054951667786,1.4642058610916138,0.25540706515312195,0.13737088441848755,0.0527864471077919,3,6,3.332204510175204,1,1,0.2786747500322715,0.4144724305276738,HH,0.27867475152015686,0.41447243094444275,0.2357022762298584,raw,audited,13.0
133,1623,1,2.762551784515381,0.7653408646583557,1.4582995176315308,0.3989073932170868,0.13841737806797028,0.05013369023799896,6,36,5.556828061699537,2,2,0.4958711189970383,0.6027411696710713,HH,0.4958711266517639,0.6027411818504333,0.13608276844024658,raw,audited,20.0
985,1073,1,-0.1083613857626915,0.7039783000946045,-1.07301926612854,0.206852525472641,0.052240628749132156,0.02565731666982174,3,1,2.0794415416798357,0,0,0.0031925247733142815,-0.0031925247733142815,LL,0.0031925246585160494,-0.0031925246585160494,0.0,raw,audited,298.0
701,2062,1,2.4821712970733643,0.7039783000946045,1.4545669555664062,0.17988434433937073,0.14215511083602905,0.05730709433555603,3,1,2.0794415416798357,1,1,0.0031925247733142815,0.689954655786631,LH,0.0031925246585160494,0.6899546384811401,0.5773502588272095,raw,audited,14.0
767,873,1,-0.06891090422868729,0.6995880603790283,-1.07301926612854,0.28517040610313416,0.01776346191763878,0.008558472618460655,3,3,2.772588722239781,0,0,0.1702390971115841,-0.1702390971115841,LL,0.17023909091949463,-0.17023909091949463,0.0,raw,audited,271.0
1712,1725,1,2.5730140209198,0.7696333527565002,1.478500247001648,0.19333972036838531,0.12995415925979614,0.05053774639964104,2,11,3.58351893845611,1,1,0.16999733364149058,0.5231498469184547,HH,0.16999733448028564,0.523149847984314,0.21320071816444397,raw,audited,165.0
6,373,1,-0.2029758095741272,0.6349053382873535,-1.07301926612854,0.20367209613323212,0.029879597947001457,0.015390143729746342,2,2,2.197224577336219,0,0,0.05680089854821151,-0.05680089854821151,LL,0.05680089816451073,-0.05680089816451073,0.0,raw,audited,381.0
1463,2133,1,2.6252408027648926,0.7341040372848511,1.4714481830596924,0.2635265588760376,0.15457592904567719,0.05891627073287964,6,6,3.8918202981106265,3,3,0.6021926208532711,0.7841017402666195,HH,0.6021926403045654,0.7841017246246338,0.5,raw,audited,18.0
229,1894,1,0.23496012389659882,0.9833343029022217,-1.07301926612854,0.21136167645454407,0.1116969957947731,0.04694310575723648,0,11,2.4849066497880004,0,0,-3.844619292029598e-05,3.844619292029598e-05,LH,-3.8446192775154486e-05,3.8446192775154486e-05,0.0,raw,audited,26.0
1358,1745,1,2.69991397857666,0.7649943828582764,1.4960861206054688,0.3071554899215698,0.13009175658226013,0.048211995512247086,139,5,6.733401891837358,2,2,0.6779935458182329,0.42061874284987666,HH,0.6779935359954834,0.42061877250671387,0.07586432248353958,raw,audited,43.0
1334,1542,1,2.5943567752838135,0.7668101787567139,1.458984136581421,0.24145889282226562,0.1255171149969101,0.04841042682528496,4,27,4.941642422609304,1,1,0.5505144950798189,0.14263268548012642,HH,0.5505145192146301,0.14263266324996948,0.09622504562139511,raw,audited,56.0
442,2362,1,0.1312163919210434,0.919475257396698,-1.07301926612854,0.16908800601959229,0.11408596485853195,0.05013294890522957,6,0,1.9459101490553132,0,0,-0.0016038856089354771,0.0016038856089354771,LH,-0.0016038855537772179,0.0016038855537772179,0.0,raw,audited,29.0
383,2268,1,2.5936574935913086,0.7440133094787598,1.479973554611206,0.22686578333377838,0.14121851325035095,0.054480958729982376,2,5,2.8903717578961645,1,1,0.09480170374771114,0.5983454768122342,LH,0.09480170160531998,0.5983454585075378,0.3162277638912201,raw,audited,15.0
525,1628,1,2.840553045272827,0.7469138503074646,1.453169822692871,0.4805937111377716,0.15828929841518402,0.05575595796108246,13,15,5.41164605185504,4,4,0.9705130980603777,0.6389248143737226,HH,0.970513105392456,0.6389248371124268,0.2864459455013275,raw,audited,2.0
1899,1902,1,-0.0060170963406562805,0.7454054951667786,-1.07301926612854,0.30352166295051575,0.016488583758473396,0.007710584904998541,3,6,3.332204510175204,0,0,0.2786747500322715,-0.2786747500322715,HL,0.27867475152015686,-0.27867475152015686,0.0,raw,audited,91.0
1986,2001,1,2.7824325561523438,0.7513377070426941,1.4797203540802002,0.4060342013835907,0.14375364780426025,0.05169421061873436,55,14,6.73340189183736,2,2,1.0908181338725318,0.007794154795577768,HH,1.090818166732788,0.00779414176940918,0.0720749944448471,raw,audited,9.0
1358,1761,1,2.6901652812957764,0.7649943828582764,1.5125946998596191,0.279511421918869,0.13147826492786407,0.048902515321969986,139,5,6.733401891837358,2,2,0.6779935458182329,0.42061874284987666,HH,0.6779935359954834,0.42061877250671387,0.07586432248353958,raw,audited,41.0
745,1986,1,2.66725492477417,0.7663453817367554,1.4063382148742676,0.3396508991718292,0.1533338576555252,0.05752172693610191,7,55,6.104793232414986,6,6,0.7261637776912566,1.2197463713640566,HH,0.7261638045310974,1.2197463512420654,0.3057883381843567,raw,audited,60.0
32,518,1,-0.14847561717033386,0.6995880603790283,-1.07301926612854,0.20560570061206818,0.01776346191763878,0.008899634703993797,3,3,2.772588722239781,0,0,0.1702390971115841,-0.1702390971115841,LL,0.17023909091949463,-0.17023909091949463,0.0,raw,audited,229.0
1427,2446,1,-0.13257072865962982,0.7543589472770691,-1.07301926612854,0.15984739363193512,0.024655774235725403,0.01225508376955986,2,6,3.0445224377234226,0,0,0.11249940516013764,-0.11249940516013764,HL,0.1124994084239006,-0.1124994084239006,0.0,raw,audited,160.0
368,428,1,2.6582226753234863,0.7236267328262329,1.4716960191726685,0.3193976879119873,0.1419157087802887,0.0534193217754364,3,4,2.995732273553991,1,1,0.19205714392645537,0.5010900366334899,HH,0.19205714762210846,0.5010900497436523,0.28867512941360474,raw,audited,14.0
47,163,1,-0.21637627482414246,0.6264773011207581,-1.07301926612854,0.08913198858499527,0.13944728672504425,0.07232458889484406,1,0,0.6931471805599453,0,0,0.002811340275999219,-0.002811340275999219,LL,0.002811340382322669,-0.002811340382322669,0.0,raw,audited,373.0
1671,2137,1,-0.18703891336917877,0.690627932548523,-1.07301926612854,0.16870877146720886,0.025057224556803703,0.01280119363218546,3,2,2.484906649788,0,0,0.07439508680880617,-0.07439508680880617,LL,0.074395090341568,-0.074395090341568,0.0,raw,audited,310.0
710,2212,1,2.5872962474823,0.6995880603790283,1.4536583423614502,0.29256004095077515,0.13990338146686554,0.054106373339891434,3,3,2.772588722239781,1,1,0.1702390971115841,0.5229080834483611,LH,0.17023909091949463,0.522908091545105,0.3333333432674408,raw,audited,3.0
218,2119,1,0.04877905547618866,0.7758893966674805,-1.07301926612854,0.29287874698638916,0.05144375190138817,0.02345568872988224,10,1,3.091042453358316,0,0,0.005218792977829989,-0.005218792977829989,HL,0.005218793172389269,-0.005218793172389269,0.0,raw,audited,59.0
441,1537,1,-0.03647881746292114,0.7660639882087708,-1.07301926612854,0.24181972444057465,0.027070308104157448,0.012841866351664066,9,2,3.4011973816621555,0,0,0.13385079262159735,-0.13385079262159735,HL,0.1338507980108261,-0.1338507980108261,0.0,raw,audited,64.0
665,2122,1,0.11673106998205185,0.7475070357322693,-1.07301926612854,0.4274556338787079,0.013201233930885792,0.005838197190314531,4,7,3.688879454113936,0,0,0.43251367833618326,-0.43251367833618326,HL,0.43251368403434753,-0.43251368403434753,0.0,raw,audited,33.0
325,1848,1,-0.09444563090801239,0.8588143587112427,-1.07301926612854,0.0015409626066684723,0.1166318878531456,0.05689341947436333,0,4,1.6094379124341003,0,0,0.002371117420360343,-0.002371117420360343,LL,0.0023711174726486206,-0.0023711174726486206,0.0,raw,audited,254.0
120,2405,1,2.652944564819336,0.7418904900550842,1.472241997718811,0.2840080261230469,0.1532175987958908,0.05778834596276283,4,6,3.5553480614894135,3,3,0.39167104968158284,0.9946233114383077,HH,0.3916710615158081,0.9946233034133911,0.6123723983764648,raw,audited,5.0
1215,1894,1,-0.03793693333864212,0.7631521821022034,-1.07301926612854,0.2533283829689026,0.017015336081385612,0.008077481761574745,3,11,3.8712010109078907,0,0,0.3108452227171526,-0.3108452227171526,HL,0.3108452260494232,-0.3108452260494232,0.0,raw,audited,202.0
1206,1257,1,0.2327917367219925,1.003089189529419,-1.07301926612854,0.18983057141304016,0.11130482703447342,0.04682095721364021,0,14,2.70805020110221,0,0,0.0016833578179144477,-0.0016833578179144477,LL,0.0016833578702062368,-0.0016833578702062368,0.0,raw,audited,23.0
50,1441,1,0.1901884824037552,1.0148900747299194,-1.07301926612854,0.13535675406455994,0.11137448996305466,0.04770520329475403,0,17,2.8903717578961645,0,0,-0.008777874104997046,0.008777874104997046,LH,-0.008777874521911144,0.008777874521911144,0.0,raw,audited,38.0
1185,1992,1,-0.028199752792716026,0.7544237971305847,-1.07301926612854,0.23673878610134125,0.052070502191782,0.024605052545666695,5,1,2.4849066497880004,0,0,0.0004536394076567866,-0.0004536394076567866,LL,0.0004536393971648067,-0.0004536393971648067,0.0,raw,audited,78.0
1090,2367,1,2.649712324142456,0.7498393654823303,1.4711462259292603,0.2674638330936432,0.15967635810375214,0.06029787287116051,6,12,4.51085950651685,5,5,0.6548865591263888,1.1368729101016661,HH,0.6548865437507629,1.1368730068206787,0.589255690574646,raw,audited,3.0
1041,2448,1,-0.0020598098635673523,0.7227754592895508,-1.07301926612854,0.32301270961761475,0.02358485944569111,0.011008656583726406,4,2,2.7080502011022096,0,0,0.09449318588986659,-0.09449318588986659,LL,0.09449318796396255,-0.09449318796396255,0.0,raw,audited,63.0
86,1336,1,2.6238179206848145,0.7543589472770691,1.4545223712921143,0.2761193513870239,0.1372307986021042,0.05233359336853027,2,6,3.0445224377234226,1,1,0.11249940516013764,0.5806477753998076,HH,0.1124994084239006,0.5806477665901184,0.28867512941360474,raw,audited,16.0
1462,1663,1,2.5442991256713867,0.690627932548523,1.4545663595199585,0.25370079278945923,0.14381758868694305,0.0565606914460659,3,2,2.484906649788,1,1,0.07439508680880617,0.6187520937511392,LH,0.074395090341568,0.618752121925354,0.40824827551841736,raw,audited,17.0
542,1245,1,2.6662161350250244,0.6995880603790283,1.4639736413955688,0.3527349829673767,0.14833281934261322,0.05566732957959175,3,3,2.772588722239781,1,1,0.1702390971115841,0.5229080834483611,LH,0.17023909091949463,0.522908091545105,0.3333333432674408,raw,audited,62.0
1224,1660,1,2.5795974731445312,0.7738084197044373,1.4711812734603882,0.1975884735584259,0.1354328691959381,0.05253385752439499,20,2,4.143134726391533,2,2,0.15679966963075465,0.9418126190373549,HH,0.15679967403411865,0.9418126344680786,0.3162277638912201,raw,audited,68.0
219,507,1,2.592428684234619,0.7729348540306091,1.4619932174682617,0.23111702501773834,0.12479700148105621,0.04816850647330284,2,16,3.9318256327243257,1,1,0.20548900233676365,0.48765817822318164,HH,0.20548900961875916,0.48765817284584045,0.1767766922712326,raw,audited,14.0
372,626,1,-0.036385662853717804,0.690627932548523,-1.07301926612854,0.31936201453208923,0.025057224556803703,0.011886353604495525,2,3,2.484906649788,0,0,0.07439508680880617,-0.07439508680880617,LL,0.074395090341568,-0.074395090341568,0.0,raw,audited,256.0
59,1725,1,2.666426181793213,0.7451346516609192,1.478500247001648,0.30544236302375793,0.13576257228851318,0.050945866852998734,9,11,4.787491742782047,1,1,1.0157335888545287,-0.3225864082945834,HL,1.0157335996627808,-0.32258641719818115,0.10050378739833832,raw,audited,77.0
1424,1621,1,-0.24287495017051697,0.6000693440437317,-1.07301926612854,0.16082915663719177,0.067659392952919,0.035580672323703766,1,1,1.3862943611198906,0,0,0.0007928022339987816,-0.0007928022339987816,LL,0.0007928022532723844,-0.0007928022532723844,0.0,raw,audited,413.0
868,2099,1,2.6726126670837402,0.7600536346435547,1.4598816633224487,0.3167068362236023,0.1343839317560196,0.05031172186136246,7,2,3.1780538303479453,1,1,0.10134399074702803,0.5918031898129172,HH,0.10134398937225342,0.5918031930923462,0.26726123690605164,raw,audited,4.0
1281,1746,1,2.474771022796631,0.690627932548523,1.478500247001648,0.15857678651809692,0.1454797089099884,0.05882282555103302,3,2,2.484906649788,1,1,0.07439508680880617,0.6187520937511392,LH,0.074395090341568,0.618752121925354,0.40824827551841736,raw,audited,210.99999999999997
443,1264,1,2.388413667678833,0.690627932548523,1.4699980020523071,0.08087164163589478,0.14532975852489471,0.06088826060295105,3,2,2.484906649788,1,1,0.07439508680880617,0.6187520937511392,LH,0.074395090341568,0.618752121925354,0.40824827551841736,raw,audited,11.0
807,1956,1,2.5784502029418945,0.690627932548523,1.4108701944351196,0.33098068833351135,0.1443849503993988,0.05603127181529999,3,2,2.484906649788,1,1,0.07439508680880617,0.6187520937511392,LH,0.074395090341568,0.618752121925354,0.40824827551841736,raw,audited,9.0
1204,1839,1,-0.07327777147293091,0.7335197925567627,-1.07301926612854,0.2520575523376465,0.012577722780406475,0.006072749383747578,4,5,3.401197381662155,0,0,0.26919246261014035,-0.26919246261014035,HL,0.2691924571990967,-0.2691924571990967,0.0,raw,audited,244.99999999999997
750,1441,1,0.17296041548252106,1.0148900747299194,-1.07301926612854,0.1181286945939064,0.11137448996305466,0.0480598509311676,0,17,2.8903717578961645,0,0,-0.008777874104997046,0.008777874104997046,LH,-0.008777874521911144,0.008777874521911144,0.0,raw,audited,33.0
2112,2436,1,0.02718338929116726,0.7343457341194153,-1.07301926612854,0.34767240285873413,0.016598090529441833,0.007643129676580429,5,3,3.1780538303479453,0,0,0.22808133930848945,-0.22808133930848945,HL,0.2280813455581665,-0.2280813455581665,0.0,raw,audited,40.0
624,1232,1,-0.2740338444709778,0.6000693440437317,-1.07301926612854,0.12967027723789215,0.067659392952919,0.03617340326309204,1,1,1.3862943611198906,0,0,0.0007928022339987816,-0.0007928022339987816,LL,0.0007928022532723844,-0.0007928022532723844,0.0,raw,audited,431.0
205,1701,1,2.5581071376800537,0.7900604009628296,1.457805871963501,0.1973574310541153,0.11129708588123322,0.04353459179401398,1,65,4.882801922586371,1,1,0.01892691215347838,0.6742202684064669,HH,0.018926912918686867,0.6742202639579773,0.12403473258018494,raw,audited,70.0
921,1914,1,-0.06503782421350479,0.7740079164505005,-1.07301926612854,0.20104843378067017,0.03133866563439369,0.015070909634232521,2,22,4.234106504597259,0,0,0.1667583521808296,-0.1667583521808296,HL,0.16675835847854614,-0.16675835847854614,0.0,raw,audited,212.0
519,598,1,0.003934001550078392,0.7495454549789429,-1.07301926612854,0.3189062476158142,0.0069151371717453,0.003218759084120393,10,26,5.6937321388027,0,0,0.4497398253939883,-0.4497398253939883,HL,0.44973981380462646,-0.44973981380462646,0.0,raw,audited,148.0
1515,2234,1,-0.10534147173166275,0.6264773011207581,-1.07301926612854,0.20016677677631378,0.13944728672504425,0.06838632375001907,1,0,0.6931471805599453,0,0,0.002811340275999219,-0.002811340275999219,LL,0.002811340382322669,-0.002811340382322669,0.0,raw,audited,354.0
469,2412,1,-0.1593570113182068,0.6327449679374695,-1.07301926612854,0.22391822934150696,0.05541263148188591,0.027914345264434814,2,1,1.791759469228055,0,0,0.002811340275999219,-0.002811340275999219,LL,0.002811340382322669,-0.002811340382322669,0.0,raw,audited,255.0
64,1209,1,-0.234329491853714,0.6327449679374695,-1.07301926612854,0.14894576370716095,0.05541263148188591,0.02900998480618,2,1,1.791759469228055,0,0,0.002811340275999219,-0.002811340275999219,LL,0.002811340382322669,-0.002811340382322669,0.0,raw,audited,288.0
306,1779,1,2.6926870346069336,0.765211284160614,1.4465223550796509,0.35494089126586914,0.12442605197429657,0.04623612016439438,64,5,5.966146739123692,1,1,0.7270767094892242,-0.03392952892927892,HL,0.7270767092704773,-0.033929526805877686,0.055901698768138885,raw,audited,92.99999999999999
1433,2359,1,0.046470023691654205,0.768060564994812,-1.07301926612854,0.3222360908985138,0.027606207877397537,0.012600268237292767,2,10,3.4965075614664802,0,0,0.13512712108304342,-0.13512712108304342,HL,0.13512712717056274,-0.13512712717056274,0.0,raw,audited,84.0
1070,1358,1,2.6987051963806152,0.7649943828582764,1.4821536540985107,0.31914380192756653,0.1308269500732422,0.04850618913769722,5,139,6.733401891837358,2,2,0.6779935458182329,0.42061874284987666,HH,0.6779935359954834,0.42061877250671387,0.07586432248353958,raw,audited,47.0
1810,1812,1,-0.056917332112789154,0.7657822370529175,-1.07301926612854,0.23164089024066925,0.017092376947402954,0.008187827654182911,38,4,5.272999558563747,0,0,0.3505532887811658,-0.3505532887811658,HL,0.3505532741546631,-0.3505532741546631,0.0,raw,audited,229.0
695,1336,1,2.568753480911255,0.7365800142288208,1.4375263452529907,0.2533554434776306,0.13970522582530975,0.054419998079538345,5,6,3.737669618283368,1,1,0.44135558240141143,0.25179159815853386,HH,0.4413555860519409,0.2517915964126587,0.18257418274879456,raw,audited,27.0
667,2364,1,-0.18650604784488678,0.6349053382873535,-1.07301926612854,0.22014185786247253,0.029879597947001457,0.015260685235261917,2,2,2.197224577336219,0,0,0.05680089854821151,-0.05680089854821151,LL,0.05680089816451073,-0.05680089816451073,0.0,raw,audited,346.0
945,2388,1,-0.02848074771463871,0.7236267328262329,-1.07301926612854,0.3030427098274231,0.016282647848129272,0.007695117499679327,3,4,2.995732273553991,0,0,0.19205714392645537,-0.19205714392645537,HL,0.19205714762210846,-0.19205714762210846,0.0,raw,audited,143.0
843,2542,1,0.12703852355480194,0.8127431273460388,-1.07301926612854,0.26544561982154846,0.1202826276421547,0.05295316502451897,3,0,1.3862943611198906,0,0,0.002371117420360343,-0.002371117420360343,LL,0.0023711174726486206,-0.0023711174726486206,0.0,raw,audited,125.0
1358,1713,1,-0.06380825489759445,0.7667279243469238,-1.07301926612854,0.21256804466247559,0.02832861617207527,0.013615312054753304,139,3,6.327936783729195,0,0,0.6098390318921724,-0.6098390318921724,HL,0.6098390221595764,-0.6098390221595764,0.0,raw,audited,275.0
905,1483,1,2.800187110900879,0.7665746212005615,1.4742647409439087,0.41603657603263855,0.1417245864868164,0.05064123123884201,3,20,4.430816798843313,3,3,0.3512371151522032,1.0350572459676874,HH,0.35123711824417114,1.0350573062896729,0.3872983157634735,raw,audited,1.0
1059,1600,1,-0.3248833417892456,0.43993741273880005,-1.07301926612854,0.17323380708694458,0.1333782821893692,0.07330214232206345,0,0,0.0,0,0,0.0007928022339987816,-0.0007928022339987816,LL,0.0007928022532723844,-0.0007928022532723844,0.0,raw,audited,495.0
403,806,1,2.5855605602264404,0.7665902972221375,1.4905434846878052,0.19606663286685944,0.13077370822429657,0.0506095252931118,6,1,2.6390573296152584,1,1,0.004831503966481121,0.6883156765934642,LH,0.004831504076719284,0.6883156895637512,0.40824827551841736,raw,audited,17.0
228,322,1,0.18450523912906647,0.8588143587112427,-1.07301926612854,0.28049182891845703,0.1166318878531456,0.05007901042699814,4,0,1.6094379124341003,0,0,0.002371117420360343,-0.002371117420360343,LL,0.0023711174726486206,-0.0023711174726486206,0.0,raw,audited,185.99999999999997
1148,2220,1,2.5233030319213867,0.690627932548523,1.4738011360168457,0.21136704087257385,0.1459202766418457,0.057865455746650696,2,3,2.484906649788,1,1,0.07439508680880617,0.6187520937511392,LH,0.074395090341568,0.618752121925354,0.40824827551841736,raw,audited,5.0
1317,1720,1,-0.007100846618413925,0.7530947327613831,-1.07301926612854,0.29467979073524475,0.016557468101382256,0.007746723014861345,7,3,3.465735902799726,0,0,0.30992811368089473,-0.30992811368089473,HL,0.30992811918258667,-0.30992811918258667,0.0,raw,audited,174.0
1553,1827,1,2.571195602416992,0.6995880603790283,1.4780775308609009,0.24666550755500793,0.14527805149555206,0.056537020951509476,3,3,2.772588722239781,1,1,0.1702390971115841,0.5229080834483611,LH,0.17023909091949463,0.522908091545105,0.3333333432674408,raw,audited,11.0
2147,2486,1,2.5031726360321045,0.7227754592895508,1.464233636856079,0.16668811440467834,0.1478888988494873,0.05911805108189583,4,2,2.7080502011022096,1,1,0.09449318588986659,0.5986539946700787,LH,0.09449318796396255,0.5986539721488953,0.3535533845424652,raw,audited,3.0
604,1914,1,2.7348110675811768,0.7669069766998291,1.4534738063812256,0.3835677206516266,0.12927599251270294,0.04729797691106796,4,22,4.74493212836325,1,1,0.5684120851559789,0.12473509540396643,HH,0.5684120655059814,0.12473511695861816,0.10660035908222198,raw,audited,6.0
2164,2282,1,0.019120270386338234,0.7544237971305847,-1.07301926612854,0.2840588092803955,0.052070502191782,0.024066908285021782,1,5,2.4849066497880004,0,0,0.0004536394076567866,-0.0004536394076567866,LL,0.0004536393971648067,-0.0004536393971648067,0.0,raw,audited,80.0
175,2217,1,-0.06997201591730118,0.7454054951667786,-1.07301926612854,0.23956674337387085,0.016488583758473396,0.007948297075927258,6,3,3.332204510175204,0,0,0.2786747500322715,-0.2786747500322715,HL,0.27867475152015686,-0.27867475152015686,0.0,raw,audited,180.0
1957,2630,1,-0.15524418652057648,0.7544237971305847,-1.07301926612854,0.10969436168670654,0.052070502191782,0.02617649920284748,5,1,2.4849066497880004,0,0,0.0004536394076567866,-0.0004536394076567866,LL,0.0004536393971648067,-0.0004536393971648067,0.0,raw,audited,244.0
1054,1432,1,2.745352268218994,0.7440133094787598,1.4710983037948608,0.3900258243083954,0.13862836360931396,0.05052485316991806,5,2,2.8903717578961645,1,1,0.09480170374771114,0.5983454768122342,LH,0.09480170160531998,0.5983454585075378,0.3162277638912201,raw,audited,3.0
289,1722,1,2.4720101356506348,0.6349053382873535,1.478500247001648,0.2025119662284851,0.1545058786869049,0.06254225969314575,2,2,2.197224577336219,1,1,0.05680089854821151,0.6363462820117338,LH,0.05680089816451073,0.6363462805747986,0.5,raw,audited,232.0
466,1305,1,2.589019775390625,0.7380779981613159,1.478500247001648,0.23464536666870117,0.1362096220254898,0.05264275521039963,4,1,2.3025850929940455,1,1,0.0028871652027442777,0.690260015357201,LH,0.0028871651738882065,0.6902599930763245,0.5,raw,audited,107.00000000000001
1098,2067,1,-0.11090283840894699,0.6327449679374695,-1.07301926612854,0.27237239480018616,0.05541263148188591,0.02724921889603138,1,2,1.791759469228055,0,0,0.002811340275999219,-0.002811340275999219,LL,0.002811340382322669,-0.002811340382322669,0.0,raw,audited,208.0
981,1221,1,-0.10861558467149734,0.7380779981613159,-1.07301926612854,0.1731102019548416,0.051629047840833664,0.025360114872455597,1,4,2.3025850929940455,0,0,0.0028871652027442777,-0.0028871652027442777,LL,0.0028871651738882065,-0.0028871651738882065,0.0,raw,audited,218.0
293,2038,1,-0.13081863522529602,0.6264773011207581,-1.07301926612854,0.1746896207332611,0.13944728672504425,0.06925157457590103,0,1,0.6931471805599453,0,0,0.002811340275999219,-0.002811340275999219,LL,0.002811340382322669,-0.002811340382322669,0.0,raw,audited,283.0
1270,2034,1,0.05563764274120331,0.7849113941192627,-1.07301926612854,0.2924131155014038,0.04974597319960594,0.02261088229715824,1,35,4.276666119016055,0,0,-0.0010906315178212593,0.0010906315178212593,HH,-0.001090631471015513,0.001090631471015513,0.0,raw,audited,89.0
618,938,1,-0.3454526364803314,0.6327449679374695,-1.07301926612854,0.037822600454092026,0.05541263148188591,0.030801914632320404,1,2,1.791759469228055,0,0,0.002811340275999219,-0.002811340275999219,LL,0.002811340382322669,-0.002811340382322669,0.0,raw,audited,436.0
1197,1791,1,-0.10818817466497421,0.6327449679374695,-1.07301926612854,0.27508705854415894,0.05541263148188591,0.02721289172768593,1,2,1.791759469228055,0,0,0.002811340275999219,-0.002811340275999219,LL,0.002811340382322669,-0.002811340382322669,0.0,raw,audited,201.0
1098,1477,1,2.520085096359253,0.7039783000946045,1.4093823432922363,0.2645606994628906,0.1405773013830185,0.055817898362874985,1,3,2.0794415416798357,1,1,0.0031925247733142815,0.689954655786631,LH,0.0031925246585160494,0.6899546384811401,0.5773502588272095,raw,audited,9.0
266,809,1,2.6035964488983154,0.7236267328262329,1.4324390888214111,0.30187660455703735,0.14406761527061462,0.05536781623959541,3,4,2.995732273553991,1,1,0.19205714392645537,0.5010900366334899,HH,0.19205714762210846,0.5010900497436523,0.28867512941360474,raw,audited,9.0
131,2169,1,-0.043552182614803314,0.7039783000946045,-1.07301926612854,0.2716617286205292,0.052240628749132156,0.024865834042429924,1,3,2.0794415416798357,0,0,0.0031925247733142815,-0.0031925247733142815,LL,0.0031925246585160494,-0.0031925246585160494,0.0,raw,audited,126.0
1147,2371,1,2.5959770679473877,0.7543589472770691,1.4446513652801514,0.2600756883621216,0.13530458509922028,0.05215274170041084,6,2,3.0445224377234226,1,1,0.11249940516013764,0.5806477753998076,HH,0.1124994084239006,0.5806477665901184,0.28867512941360474,raw,audited,6.0
142,2181,1,2.7098865509033203,0.7236267328262329,1.4647042751312256,0.3769456148147583,0.14302341639995575,0.05280929431319237,3,4,2.995732273553991,1,1,0.19205714392645537,0.5010900366334899,HH,0.19205714762210846,0.5010900497436523,0.28867512941360474,raw,audited,16.0
1236,2479,1,-0.45391011238098145,0.43993741273880005,-1.07301926612854,0.04420704394578934,0.1333782821893692,0.07889676094055176,0,0,0.0,0,0,0.0007928022339987816,-0.0007928022339987816,LL,0.0007928022532723844,-0.0007928022532723844,0.0,raw,audited,498.00000000000006
18,2082,1,-0.003925951197743416,0.8127431273460388,-1.07301926612854,0.13448113203048706,0.1202826276421547,0.05619301646947861,3,0,1.3862943611198906,0,0,0.002371117420360343,-0.002371117420360343,LL,0.0023711174726486206,-0.0023711174726486206,0.0,raw,audited,94.0
531,606,1,-0.1587834656238556,0.7380779981613159,-1.07301926612854,0.12294232845306396,0.051629047840833664,0.026000836864113808,1,4,2.3025850929940455,0,0,0.0028871652027442777,-0.0028871652027442777,LL,0.0028871651738882065,-0.0028871651738882065,0.0,raw,audited,192.0
1682,2319,1,2.703401565551758,0.7634801268577576,1.4653443098068237,0.33792543411254883,0.1350652575492859,0.04999056085944176,8,2,3.295836866004329,1,1,0.13385079262159735,0.5592963879383479,HH,0.1338507980108261,0.5592963695526123,0.25,raw,audited,3.0
405,1275,1,-0.3030320703983307,0.6327449679374695,-1.07301926612854,0.08024318516254425,0.05541263148188591,0.030092334374785423,2,1,1.791759469228055,0,0,0.002811340275999219,-0.002811340275999219,LL,0.002811340382322669,-0.002811340382322669,0.0,raw,audited,433.0
429,2043,1,0.011348115280270576,0.7784624695777893,-1.07301926612854,0.25337445735931396,0.05094402655959129,0.023631146177649498,14,1,3.4011973816621555,0,0,0.0031061856450748256,-0.0031061856450748256,HL,0.0031061857007443905,-0.0031061857007443905,0.0,raw,audited,52.0
836,2403,1,-0.11732228845357895,0.7544237971305847,-1.07301926612854,0.14761625230312347,0.052070502191782,0.02568681165575981,5,1,2.4849066497880004,0,0,0.0004536394076567866,-0.0004536394076567866,LL,0.0004536393971648067,-0.0004536393971648067,0.0,raw,audited,233.99999999999997
2181,2202,1,-0.03187171369791031,0.7236267328262329,-1.07301926612854,0.29965174198150635,0.016282647848129272,0.007707469165325165,4,3,2.995732273553991,0,0,0.19205714392645537,-0.19205714392645537,HL,0.19205714762210846,-0.19205714762210846,0.0,raw,audited,111.0
296,2685,1,2.5439960956573486,0.7039783000946045,1.4534507989883423,0.24518470466136932,0.13979582488536835,0.054985564202070236,1,3,2.0794415416798357,1,1,0.0031925247733142815,0.689954655786631,LH,0.0031925246585160494,0.6899546384811401,0.5773502588272095,raw,audited,10.0
1701,1865,1,0.02785387821495533,0.772642970085144,-1.07301926612854,0.29210054874420166,0.034543197602033615,0.015901625156402588,65,2,5.288267030694534,0,0,0.14282747683708247,-0.14282747683708247,HL,0.14282748103141785,-0.14282748103141785,0.0,raw,audited,137.0
468,1311,1,2.455364227294922,0.7039783000946045,1.44070565700531,0.16913068294525146,0.1399630308151245,0.05703981593251228,1,3,2.0794415416798357,1,1,0.0031925247733142815,0.689954655786631,LH,0.0031925246585160494,0.6899546384811401,0.5773502588272095,raw,audited,12.0
577,2352,1,2.489044189453125,0.7600536346435547,1.430471658706665,0.16400979459285736,0.1329227089881897,0.05343717336654663,7,2,3.1780538303479453,1,1,0.10134399074702803,0.5918031898129172,HH,0.10134398937225342,0.5918031930923462,0.26726123690605164,raw,audited,6.0
830,1914,1,-0.08234681189060211,0.7816075682640076,-1.07301926612854,0.15718495845794678,0.05029349774122238,0.024389395490288734,1,22,3.828641396489095,0,0,0.021784727026896298,-0.021784727026896298,HL,0.021784726530313492,-0.021784726530313492,0.0,raw,audited,228.0
1072,1801,1,2.719453811645508,0.7668823003768921,1.4410761594772339,0.3822876214981079,0.1276211142539978,0.046956345438957214,26,4,4.90527477843843,1,1,0.5461233240773591,0.1470238564825862,HH,0.5461233258247375,0.14702385663986206,0.0980580672621727,raw,audited,58.0
57,2418,1,0.15219275653362274,0.893575131893158,-1.07301926612854,0.21490508317947388,0.11514539271593094,0.050136350095272064,0,5,1.791759469228055,0,0,0.002371117420360343,-0.002371117420360343,LL,0.0023711174726486206,-0.0023711174726486206,0.0,raw,audited,30.0
374,2147,1,-0.1734330654144287,0.7335197925567627,-1.07301926612854,0.15190225839614868,0.012577722780406475,0.006381330080330372,5,4,3.401197381662155,0,0,0.26919246261014035,-0.26919246261014035,HL,0.2691924571990967,-0.2691924571990967,0.0,raw,audited,278.0
380,930,1,2.4212334156036377,0.6000693440437317,1.4534810781478882,0.21298207342624664,0.15311428904533386,0.06327959895133972,1,1,1.3862943611198906,1,1,0.0007928022339987816,0.6923543783259465,LH,0.0007928022532723844,0.6923543810844421,1.0,raw,audited,3.0
1441,2272,1,0.14272914826869965,1.0148900747299194,-1.07301926612854,0.0878974199295044,0.11137448996305466,0.048695094883441925,17,0,2.8903717578961645,0,0,-0.008777874104997046,0.008777874104997046,LH,-0.008777874521911144,0.008777874521911144,0.0,raw,audited,78.0
2034,2042,1,2.629162073135376,0.7849113941192627,1.4500964879989624,0.2790168821811676,0.11355090886354446,0.043215084820985794,35,1,4.276666119016055,1,1,-0.0010906315178212593,0.6942378120777666,HH,-0.001090631471015513,0.6942378282546997,0.16903084516525269,raw,audited,36.0
445,909,1,-0.2116580605506897,0.6264773011207581,-1.07301926612854,0.09385019540786743,0.13944728672504425,0.07214803248643875,1,0,0.6931471805599453,0,0,0.002811340275999219,-0.002811340275999219,LL,0.002811340382322669,-0.002811340382322669,0.0,raw,audited,295.0
302,1158,1,-0.07049906253814697,0.7418904900550842,-1.07301926612854,0.2461473047733307,0.012895980849862099,0.006218067370355129,4,6,3.5553480614894135,0,0,0.39167104968158284,-0.39167104968158284,HL,0.3916710615158081,-0.3916710615158081,0.0,raw,audited,249.00000000000003
91,2380,1,2.786827564239502,0.7440133094787598,1.4752756357192993,0.418109267950058,0.14784304797649384,0.053080879151821136,5,2,2.8903717578961645,2,2,0.09480170374771114,1.0038105849203984,LH,0.09480170160531998,1.0038106441497803,0.6324555277824402,raw,audited,5.0
651,2156,1,2.606726884841919,0.7454054951667786,1.4620709419250488,0.25762128829956055,0.14004281163215637,0.053756337612867355,6,3,3.332204510175204,1,1,0.2786747500322715,0.4144724305276738,HH,0.27867475152015686,0.41447243094444275,0.2357022762298584,raw,audited,32.0
95,734,1,2.6746437549591064,0.7490491271018982,1.4256983995437622,0.35366684198379517,0.1446431428194046,0.05411149933934212,18,10,5.342334251964811,2,2,0.9467416244928056,0.15187066417530393,HH,0.9467416405677795,0.15187066793441772,0.14907120168209076,raw,audited,22.0
55,2020,1,2.732847213745117,0.7729411125183105,1.4947558641433716,0.33324137330055237,0.13032247126102448,0.04771513119339943,8,1,2.890371757896165,1,1,0.003109166564065319,0.6900380139958799,LH,0.003109166631475091,0.6900380253791809,0.3535533845424652,raw,audited,4.0
1097,1115,1,2.655386447906494,0.7335197925567627,1.4653213024139404,0.314239501953125,0.14071936905384064,0.053025610744953156,4,5,3.401197381662155,1,1,0.26919246261014035,0.42395471794980494,HH,0.2691924571990967,0.42395472526550293,0.22360679507255554,raw,audited,5.0
513,565,1,-0.04886990785598755,0.7758893966674805,-1.07301926612854,0.19522978365421295,0.05144375190138817,0.024548668414354324,1,10,3.091042453358316,0,0,0.005218792977829989,-0.005218792977829989,HL,0.005218793172389269,-0.005218793172389269,0.0,raw,audited,118.0
1848,2419,1,0.046424560248851776,0.7236267328262329,-1.07301926612854,0.37794801592826843,0.016282647848129272,0.007432024460285902,4,3,2.995732273553991,0,0,0.19205714392645537,-0.19205714392645537,HL,0.19205714762210846,-0.19205714762210846,0.0,raw,audited,85.0
596,644,1,2.6255462169647217,0.7335197925567627,1.456527829170227,0.29313924908638,0.140772745013237,0.053648971021175385,4,5,3.401197381662155,1,1,0.26919246261014035,0.42395471794980494,HH,0.2691924571990967,0.42395472526550293,0.22360679507255554,raw,audited,10.0
506,1013,1,0.06324924528598785,0.7697378396987915,-1.07301926612854,0.3427729904651642,0.022171253338456154,0.010042686015367508,3,29,4.787491742782046,0,0,0.10280385748305508,-0.10280385748305508,HL,0.10280385613441467,-0.10280385613441467,0.0,raw,audited,154.0
1110,1224,1,0.030809810385107994,0.7665746212005615,-1.07301926612854,0.3157449960708618,0.019923031330108643,0.009158912114799023,3,20,4.430816798843313,0,0,0.3512371151522032,-0.3512371151522032,HL,0.35123711824417114,-0.35123711824417114,0.0,raw,audited,125.0
458,1953,1,2.5203773975372314,0.7440133094787598,1.4705393314361572,0.16493770480155945,0.1393006145954132,0.05530455708503723,5,2,2.8903717578961645,1,1,0.09480170374771114,0.5983454768122342,LH,0.09480170160531998,0.5983454585075378,0.3162277638912201,raw,audited,4.0
693,2108,1,-0.15877029299736023,0.7039783000946045,-1.07301926612854,0.15644362568855286,0.052240628749132156,0.026308661326766014,3,1,2.0794415416798357,0,0,0.0031925247733142815,-0.0031925247733142815,LL,0.0031925246585160494,-0.0031925246585160494,0.0,raw,audited,315.0
1229,1254,1,2.7276721000671387,0.7768166661262512,1.4633519649505615,0.3634515106678009,0.12246564030647278,0.04492362216114998,11,1,3.1780538303479458,1,1,0.005218792977829989,0.6879283875821153,HH,0.005218793172389269,0.6879283785820007,0.30151134729385376,raw,audited,2.0
1158,2251,1,0.1395595222711563,0.919475257396698,-1.07301926612854,0.1774311363697052,0.11408596485853195,0.04994981735944748,6,0,1.9459101490553132,0,0,-0.0016038856089354771,0.0016038856089354771,LH,-0.0016038855537772179,0.0016038855537772179,0.0,raw,audited,34.0
2222,2225,1,2.4626412391662598,0.7236267328262329,1.4711194038391113,0.11182257533073425,0.15448619425296783,0.06277234852313995,3,4,2.995732273553991,3,3,0.19205714392645537,1.1942372171934352,HH,0.19205714762210846,1.194237232208252,0.866025447845459,raw,audited,3.0
303,1670,1,-0.1577359139919281,0.6349053382873535,-1.07301926612854,0.2489119917154312,0.029879597947001457,0.01503969170153141,2,2,2.197224577336219,0,0,0.05680089854821151,-0.05680089854821151,LL,0.05680089816451073,-0.05680089816451073,0.0,raw,audited,333.0
380,477,1,2.502058506011963,0.6000693440437317,1.4534810781478882,0.2938072681427002,0.15311428904533386,0.06123415380716324,1,1,1.3862943611198906,1,1,0.0007928022339987816,0.6923543783259465,LH,0.0007928022532723844,0.6923543810844421,1.0,raw,audited,1.0
1757,2451,1,-0.021503344178199768,0.7660639882087708,-1.07301926612854,0.256795197725296,0.027070308104157448,0.012751277536153793,2,9,3.4011973816621555,0,0,0.13385079262159735,-0.13385079262159735,HL,0.1338507980108261,-0.1338507980108261,0.0,raw,audited,223.0
1255,2248,1,0.028298428282141685,0.7780519723892212,-1.07301926612854,0.2706245183944702,0.05105477571487427,0.02349776215851307,1,13,3.3322045101752042,0,0,-0.005727913146786415,0.005727913146786415,HH,-0.0057279132306575775,0.0057279132306575775,0.0,raw,audited,25.0
368,2393,1,0.01875338889658451,0.7039783000946045,-1.07301926612854,0.33396729826927185,0.052240628749132156,0.024149639531970024,3,1,2.0794415416798357,0,0,0.0031925247733142815,-0.0031925247733142815,LL,0.0031925246585160494,-0.0031925246585160494,0.0,raw,audited,15.0
388,1899,1,-0.19360382854938507,0.690627932548523,-1.07301926612854,0.16214385628700256,0.025057224556803703,0.012844271957874298,2,3,2.484906649788,0,0,0.07439508680880617,-0.07439508680880617,LL,0.074395090341568,-0.074395090341568,0.0,raw,audited,348.0
89,1157,1,2.551964044570923,0.7594527006149292,1.4932101964950562,0.16434583067893982,0.13336887955665588,0.05229377746582031,9,3,3.6888794541139367,1,1,0.3329518076365976,0.3601953729233477,HH,0.3329518139362335,0.3601953685283661,0.19245009124279022,raw,audited,14.0
1580,2200,1,2.6194796562194824,0.7227754592895508,1.4285904169082642,0.32568228244781494,0.1408453732728958,0.0538010373711586,4,2,2.7080502011022096,1,1,0.09449318588986659,0.5986539946700787,LH,0.09449318796396255,0.5986539721488953,0.3535533845424652,raw,audited,9.0
492,688,1,2.747921943664551,0.7544237971305847,1.4815778732299805,0.3765053153038025,0.13382838666439056,0.048729803413152695,5,1,2.4849066497880004,1,1,0.0004536394076567866,0.6926935411522885,LH,0.0004536393971648067,0.6926935315132141,0.4472135901451111,raw,audited,4.0
335,1986,1,0.012967335060238838,0.7888566255569458,-1.07301926612854,0.2469974160194397,0.04854613170027733,0.02250194363296032,1,55,4.718498871295095,0,0,-0.005184222823200677,0.005184222823200677,HH,-0.00518422294408083,0.00518422294408083,0.0,raw,audited,223.0
346,1358,1,2.4927866458892822,0.7913064360618591,1.4315897226333618,0.16378039121627808,0.104523666203022,0.041957151144742966,1,139,5.634789603169249,1,1,0.016398058337082196,0.6767491222228631,HH,0.016398059204220772,0.6767491102218628,0.08481889218091965,raw,audited,204.0
2034,2035,1,-0.030673688277602196,0.7738658785820007,-1.07301926612854,0.23386327922344208,0.03302999213337898,0.01562604121863842,35,2,4.68213122712422,0,0,0.12319499149432608,-0.12319499149432608,HL,0.12319499254226685,-0.12319499254226685,0.0,raw,audited,190.0
1554,2687,1,-0.37067413330078125,0.6327449679374695,-1.07301926612854,0.012601111084222794,0.05541263148188591,0.031239889562129974,2,1,1.791759469228055,0,0,0.002811340275999219,-0.002811340275999219,LL,0.002811340382322669,-0.002811340382322669,0.0,raw,audited,432.0
695,1681,1,2.7353627681732178,0.7477726936340332,1.4617489576339722,0.3686061501502991,0.15564844012260437,0.056935325264930725,5,8,3.9889840465642745,3,3,0.4821535015529098,0.9041408595669808,HH,0.4821535050868988,0.904140830039978,0.47434163093566895,raw,audited,1.0
1358,1709,1,2.6276957988739014,0.7667279243469238,1.489631175994873,0.25156569480895996,0.11818456649780273,0.04500367119908333,139,3,6.327936783729195,1,1,0.6098390318921724,0.08330814866777292,HH,0.6098390221595764,0.0833081603050232,0.048970211297273636,raw,audited,109.0
1889,1891,1,2.6117148399353027,0.7543589472770691,1.4582592248916626,0.2534286677837372,0.14408160746097565,0.0552009642124176,6,2,3.0445224377234226,2,2,0.11249940516013764,0.9861128835079719,HH,0.1124994084239006,0.9861128926277161,0.5773502588272095,raw,audited,16.0
1207,2290,1,2.4193036556243896,0.7227754592895508,1.4751898050308228,0.0711626261472702,0.14858929812908173,0.06145850941538811,2,4,2.7080502011022096,2,2,0.09449318588986659,1.004119102778243,LH,0.09449318796396255,1.0041191577911377,0.7071067690849304,raw,audited,12.0
1705,2322,1,-0.039896465837955475,0.7522569894790649,-1.07301926612854,0.15313339233398438,0.12614598870277405,0.059939488768577576,2,0,1.0986122886681096,0,0,-0.001963265531838589,0.001963265531838589,LH,-0.001963265473023057,0.001963265473023057,0.0,raw,audited,297.0
15,1271,1,2.6407079696655273,0.7236267328262329,1.4834684133529663,0.27294668555259705,0.1590798795223236,0.06027758866548538,3,4,2.995732273553991,3,3,0.19205714392645537,1.1942372171934352,HH,0.19205714762210846,1.194237232208252,0.866025447845459,raw,audited,1.0
22,1234,1,2.548280954360962,0.6995880603790283,1.489551067352295,0.19792281091213226,0.15963277220726013,0.06268233805894852,3,3,2.772588722239781,2,2,0.1702390971115841,0.9283731915565254,LH,0.17023909091949463,0.9283732175827026,0.6666666865348816,raw,audited,4.0
901,1279,1,2.6634750366210938,0.7236267328262329,1.4287723302841187,0.3581398129463196,0.151349738240242,0.05685802921652794,4,3,2.995732273553991,2,2,0.19205714392645537,0.9065551447416542,HH,0.19205714762210846,0.90655517578125,0.5773502588272095,raw,audited,3.0
1708,2313,1,0.1506018191576004,0.893575131893158,-1.07301926612854,0.21331414580345154,0.11514539271593094,0.050171103328466415,5,0,1.791759469228055,0,0,0.002371117420360343,-0.002371117420360343,LL,0.0023711174726486206,-0.0023711174726486206,0.0,raw,audited,135.0
477,930,1,2.4302642345428467,0.6000693440437317,1.4534810781478882,0.2220129519701004,0.15311428904533386,0.06304430216550827,1,1,1.3862943611198906,1,1,0.0007928022339987816,0.6923543783259465,LH,0.0007928022532723844,0.6923543810844421,1.0,raw,audited,2.0
334,693,1,2.5654473304748535,0.690627932548523,1.4338889122009277,0.29260289669036865,0.14674092829227448,0.05723435804247856,2,3,2.484906649788,1,1,0.07439508680880617,0.6187520937511392,LH,0.074395090341568,0.618752121925354,0.40824827551841736,raw,audited,46.0
1358,1740,1,2.670123815536499,0.7656866312026978,1.4821536540985107,0.2851051092147827,0.13559164106845856,0.050811219960451126,139,12,7.50659178007084,2,2,1.3921745492002877,-0.29356226053217815,HL,1.3921746015548706,-0.29356229305267334,0.048970211297273636,raw,audited,91.0
174,1742,1,0.08371075987815857,0.7641856074333191,-1.07301926612854,0.3737480342388153,0.01720995455980301,0.007723831105977297,3,12,3.951243718581427,0,0,0.3078808586889816,-0.3078808586889816,HL,0.30788084864616394,-0.30788084864616394,0.0,raw,audited,171.0
1739,1750,1,2.669752836227417,0.7418904900550842,1.4781566858291626,0.3030742406845093,0.14504508674144745,0.054361335933208466,6,4,3.5553480614894135,2,2,0.39167104968158284,0.7069412389865267,HH,0.3916710615158081,0.7069412469863892,0.40824827551841736,raw,audited,43.0
1,2,1,0.0633617416024208,0.7227754592895508,-1.07301926612854,0.3884342610836029,0.02358485944569111,0.01068244967609644,2,4,2.7080502011022096,0,0,0.09449318588986659,-0.09449318588986659,LL,0.09449318796396255,-0.09449318796396255,0.0,raw,audited,72.0
97,661,1,2.4770450592041016,0.7775173187255859,1.4131463766098022,0.16286352276802063,0.12193125486373901,0.04925602674484253,1,12,3.258096538021482,1,1,0.00636927907138158,0.6867779014885637,HH,0.006369279231876135,0.6867778897285461,0.28867512941360474,raw,audited,28.0
1358,1751,1,0.013417316600680351,0.7913064360618591,-1.07301926612854,0.24733808636665344,0.046205632388591766,0.021412618458271027,139,1,5.634789603169249,0,0,0.016398058337082196,-0.016398058337082196,HL,0.016398059204220772,-0.016398059204220772,0.0,raw,audited,204.0
229,1053,1,-0.13578283786773682,0.6264773011207581,-1.07301926612854,0.16972540318965912,0.13944728672504425,0.06942272931337357,0,1,0.6931471805599453,0,0,0.002811340275999219,-0.002811340275999219,LL,0.002811340382322669,-0.002811340382322669,0.0,raw,audited,338.0
2227,2228,1,-0.1343802958726883,0.6995880603790283,-1.07301926612854,0.21970102190971375,0.01776346191763878,0.008837227709591389,3,3,2.772588722239781,0,0,0.1702390971115841,-0.1702390971115841,LL,0.17023909091949463,-0.17023909091949463,0.0,raw,audited,305.0
1842,2281,1,2.633098840713501,0.7660639882087708,1.4585673809051514,0.2755650281906128,0.1313159316778183,0.049901314079761505,9,2,3.4011973816621555,1,1,0.13385079262159735,0.5592963879383479,HH,0.1338507980108261,0.5592963695526123,0.2357022762298584,raw,audited,20.0
838,2280,1,2.671124219894409,0.7236267328262329,1.4697504043579102,0.32271435856819153,0.15344634652137756,0.05748049169778824,4,3,2.995732273553991,2,2,0.19205714392645537,0.9065551447416542,HH,0.19205714762210846,0.90655517578125,0.5773502588272095,raw,audited,1.0
831,1733,1,2.608989953994751,0.7543589472770691,1.478500247001648,0.23955179750919342,0.1349925994873047,0.05177280679345131,6,2,3.0445224377234226,1,1,0.11249940516013764,0.5806477753998076,HH,0.1124994084239006,0.5806477665901184,0.28867512941360474,raw,audited,70.0
702,822,1,0.2162964791059494,0.9540131092071533,-1.07301926612854,0.22077378630638123,0.11294243484735489,0.047841791063547134,8,0,2.1972245773362196,0,0,-0.0016038856089354771,0.0016038856089354771,LH,-0.0016038855537772179,0.0016038855537772179,0.0,raw,audited,23.0
44,2624,1,2.455763101577759,0.6327449679374695,1.4496999979019165,0.21952280402183533,0.15220895409584045,0.06202037259936333,2,1,1.791759469228055,1,1,0.002811340275999219,0.6903358402839461,LH,0.002811340382322669,0.6903358697891235,0.7071067690849304,raw,audited,1.0
1229,1384,1,2.575690507888794,0.7768166661262512,1.478500247001648,0.1959151327610016,0.12287180870771408,0.047733817249536514,11,1,3.1780538303479458,1,1,0.005218792977829989,0.6879283875821153,HH,0.005218793172389269,0.6879283785820007,0.30151134729385376,raw,audited,128.0
414,711,1,0.143986776471138,0.9540131092071533,-1.07301926612854,0.14846406877040863,0.11294243484735489,0.04935348778963089,0,8,2.1972245773362196,0,0,-0.0016038856089354771,0.0016038856089354771,LH,-0.0016038855537772179,0.0016038855537772179,0.0,raw,audited,37.0
524,2476,1,2.6406517028808594,0.7335197925567627,1.4810949563980103,0.2833489179611206,0.14110133051872253,0.05346640571951866,4,5,3.401197381662155,1,1,0.26919246261014035,0.42395471794980494,HH,0.2691924571990967,0.42395472526550293,0.22360679507255554,raw,audited,39.0
1040,1358,1,2.701707601547241,0.7667279243469238,1.4945706129074097,0.31317514181137085,0.12564724683761597,0.04653392732143402,3,139,6.327936783729195,2,2,0.6098390318921724,0.4887732567759372,HH,0.6098390221595764,0.48877328634262085,0.09794042259454727,raw,audited,39.0
1546,2169,1,-0.045144714415073395,0.7236267328262329,-1.07301926612854,0.28637874126434326,0.016282647848129272,0.007756200153380632,4,3,2.995732273553991,0,0,0.19205714392645537,-0.19205714392645537,HL,0.19205714762210846,-0.19205714762210846,0.0,raw,audited,229.0
844,1902,1,-0.07904946058988571,0.7543589472770691,-1.07301926612854,0.21336865425109863,0.024655774235725403,0.011937513947486877,2,6,3.0445224377234226,0,0,0.11249940516013764,-0.11249940516013764,HL,0.1124994084239006,-0.1124994084239006,0.0,raw,audited,168.0
229,2118,1,-0.04378243535757065,0.7522569894790649,-1.07301926612854,0.1492474228143692,0.12614598870277405,0.060050372034311295,0,2,1.0986122886681096,0,0,-0.001963265531838589,0.001963265531838589,LH,-0.001963265473023057,0.001963265473023057,0.0,raw,audited,231.0
1202,2376,1,2.5917294025421143,0.7335197925567627,1.4834626913070679,0.23127439618110657,0.1418861746788025,0.054779283702373505,4,5,3.401197381662155,1,1,0.26919246261014035,0.42395471794980494,HH,0.2691924571990967,0.42395472526550293,0.22360679507255554,raw,audited,6.0
8,1996,1,-0.12442374974489212,0.7380779981613159,-1.07301926612854,0.15730203688144684,0.051629047840833664,0.025558575987815857,1,4,2.3025850929940455,0,0,0.0028871652027442777,-0.0028871652027442777,LL,0.0028871651738882065,-0.0028871651738882065,0.0,raw,audited,197.00000000000003
90,1358,1,2.6006593704223633,0.7694794535636902,1.4597924947738647,0.2508774399757385,0.11892375349998474,0.04575622081756592,2,139,6.040254711277413,1,1,0.3140192066318662,0.37912797392807907,HH,0.31401920318603516,0.37912797927856445,0.059976015239953995,raw,audited,131.0
598,1821,1,2.6120641231536865,0.7668823003768921,1.464336633682251,0.2516140639781952,0.12764471769332886,0.04889707267284393,26,4,4.90527477843843,1,1,0.5461233240773591,0.1470238564825862,HH,0.5461233258247375,0.14702385663986206,0.0980580672621727,raw,audited,25.0
1951,2204,1,2.385179042816162,0.6349053382873535,1.4396852254867554,0.15655264258384705,0.15244929492473602,0.06395778059959412,2,2,2.197224577336219,1,1,0.05680089854821151,0.6363462820117338,LH,0.05680089816451073,0.6363462805747986,0.5,raw,audited,10.0
1444,2323,1,-0.17960678040981293,0.7039783000946045,-1.07301926612854,0.13560713827610016,0.052240628749132156,0.026587655767798424,3,1,2.0794415416798357,0,0,0.0031925247733142815,-0.0031925247733142815,LL,0.0031925246585160494,-0.0031925246585160494,0.0,raw,audited,381.0
885,2386,1,-0.2082604169845581,0.7440133094787598,-1.07301926612854,0.09596820175647736,0.023190919309854507,0.01197759434580803,5,2,2.8903717578961645,0,0,0.09480170374771114,-0.09480170374771114,LL,0.09480170160531998,-0.09480170160531998,0.0,raw,audited,385.0
577,906,1,2.500890016555786,0.7600536346435547,1.418251395225525,0.18886767327785492,0.13213077187538147,0.05286703631281853,7,2,3.1780538303479453,1,1,0.10134399074702803,0.5918031898129172,HH,0.10134398937225342,0.5918031930923462,0.26726123690605164,raw,audited,6.0
203,857,1,2.5966129302978516,0.7236267328262329,1.4612287282943726,0.2701229453086853,0.14004798233509064,0.05396784469485283,3,4,2.995732273553991,1,1,0.19205714392645537,0.5010900366334899,HH,0.19205714762210846,0.5010900497436523,0.28867512941360474,raw,audited,3.0
1340,1413,1,2.6048500537872314,0.7647511959075928,1.4778456687927246,0.22456958889961243,0.13609714806079865,0.052279435098171234,3,17,4.276666119016055,2,2,0.38398438838147575,0.7146279002866338,HH,0.38398438692092896,0.7146279215812683,0.28005602955818176,raw,audited,1.0
1589,1745,1,-0.012472754344344139,0.7544237971305847,-1.07301926612854,0.25246578454971313,0.052070502191782,0.024423547089099884,1,5,2.4849066497880004,0,0,0.0004536394076567866,-0.0004536394076567866,LL,0.0004536393971648067,-0.0004536393971648067,0.0,raw,audited,66.0
487,1705,1,2.738722324371338,0.7634801268577576,1.4639736413955688,0.3750775456428528,0.13460467755794525,0.049177199602127075,8,2,3.295836866004329,1,1,0.13385079262159735,0.5592963879383479,HH,0.1338507980108261,0.5592963695526123,0.25,raw,audited,40.0
893,911,1,2.6206541061401367,0.7343457341194153,1.4514284133911133,0.29139915108680725,0.1418943554162979,0.054177429527044296,5,3,3.1780538303479453,1,1,0.22808133930848945,0.46506584125145584,HH,0.2280813455581665,0.4650658369064331,0.25819888710975647,raw,audited,8.0
628,1764,1,-0.11779388040304184,0.7039783000946045,-1.07301926612854,0.19742003083229065,0.052240628749132156,0.025776732712984085,3,1,2.0794415416798357,0,0,0.0031925247733142815,-0.0031925247733142815,LL,0.0031925246585160494,-0.0031925246585160494,0.0,raw,audited,286.0
264,1902,1,-0.08559050410985947,0.7454054951667786,-1.07301926612854,0.22394825518131256,0.016488583758473396,0.008008592762053013,3,6,3.332204510175204,0,0,0.2786747500322715,-0.2786747500322715,HL,0.27867475152015686,-0.27867475152015686,0.0,raw,audited,185.0
229,1405,1,0.03717532753944397,0.8127431273460388,-1.07301926612854,0.1755824089050293,0.1202826276421547,0.055134356021881104,0,3,1.3862943611198906,0,0,0.002371117420360343,-0.002371117420360343,LL,0.0023711174726486206,-0.0023711174726486206,0.0,raw,audited,168.0
733,2304,1,-0.04157228022813797,0.7741373181343079,-1.07301926612854,0.223882257938385,0.031840980052948,0.015141607262194157,25,2,4.356708826689592,0,0,0.21181653870623832,-0.21181653870623832,HL,0.21181653439998627,-0.21181653439998627,0.0,raw,audited,141.0
795,1645,1,-0.1104782447218895,0.7039783000946045,-1.07301926612854,0.204735666513443,0.052240628749132156,0.025684021413326263,1,3,2.0794415416798357,0,0,0.0031925247733142815,-0.0031925247733142815,LL,0.0031925246585160494,-0.0031925246585160494,0.0,raw,audited,271.0
505,1258,1,0.007100498303771019,0.7746445536613464,-1.07301926612854,0.25229305028915405,0.05159573256969452,0.023980697616934776,9,1,2.9957322735539913,0,0,0.003109166564065319,-0.003109166564065319,HL,0.003109166631475091,-0.003109166631475091,0.0,raw,audited,43.0
63,1322,1,-0.09924005717039108,0.6264773011207581,-1.07301926612854,0.20626819133758545,0.13944728672504425,0.0681823119521141,0,1,0.6931471805599453,0,0,0.002811340275999219,-0.002811340275999219,LL,0.002811340382322669,-0.002811340382322669,0.0,raw,audited,324.0
1430,1718,1,-0.176721453666687,0.7039783000946045,-1.07301926612854,0.13849246501922607,0.052240628749132156,0.02654866874217987,1,3,2.0794415416798357,0,0,0.0031925247733142815,-0.0031925247733142815,LL,0.0031925246585160494,-0.0031925246585160494,0.0,raw,audited,332.0
1750,1765,1,2.6622350215911865,0.7614309191703796,1.4854868650436401,0.27253812551498413,0.14119267463684082,0.05306701362133026,4,14,4.31748811353631,2,2,0.43567455364878127,0.6629377350193283,HH,0.4356745481491089,0.6629377603530884,0.26726123690605164,raw,audited,49.00000000000001
779,1919,1,2.7264153957366943,0.73109370470047,1.4843429327011108,0.3563140034675598,0.15307828783988953,0.05617904290556908,5,5,3.58351893845611,2,2,0.3614739729604522,0.7371383157076574,HH,0.3614739775657654,0.7371383309364319,0.4000000059604645,raw,audited,1.0
986,2697,1,-0.528041660785675,0.43993741273880005,-1.07301926612854,-0.029924511909484863,0.1333782821893692,0.07956899702548981,0,0,0.0,0,0,0.0007928022339987816,-0.0007928022339987816,LL,0.0007928022532723844,-0.0007928022532723844,0.0,raw,audited,499.00000000000006
576,1810,1,0.016594668850302696,0.7657822370529175,-1.07301926612854,0.30515289306640625,0.017092376947402954,0.007909304462373257,4,38,5.272999558563747,0,0,0.3505532887811658,-0.3505532887811658,HL,0.3505532741546631,-0.3505532741546631,0.0,raw,audited,83.0
274,749,1,-0.05600336194038391,0.6327449679374695,-1.07301926612854,0.32727187871932983,0.05541263148188591,0.026532914489507675,1,2,1.791759469228055,0,0,0.002811340275999219,-0.002811340275999219,LL,0.002811340382322669,-0.002811340382322669,0.0,raw,audited,257.0
1224,1587,1,2.583796977996826,0.7809653878211975,1.4558762311935425,0.22626365721225739,0.1191050186753273,0.04612521454691887,20,1,3.7376696182833684,1,1,0.001425757711134602,0.6917214228488107,HH,0.0014257576549425721,0.6917214393615723,0.22360679507255554,raw,audited,66.0
610,2481,1,0.05079471319913864,0.7544237971305847,-1.07301926612854,0.31573325395584106,0.052070502191782,0.023719655349850655,5,1,2.4849066497880004,0,0,0.0004536394076567866,-0.0004536394076567866,LL,0.0004536393971648067,-0.0004536393971648067,0.0,raw,audited,13.0
1903,2269,1,-0.10590840876102448,0.7429384589195251,-1.07301926612854,0.2115078717470169,0.011078097857534885,0.005434319376945496,7,5,3.8712010109078907,0,0,0.500088171250065,-0.500088171250065,HL,0.5000881552696228,-0.5000881552696228,0.0,raw,audited,168.0
1358,1741,1,-0.0458570197224617,0.7694794535636902,-1.07301926612854,0.22031287848949432,0.03578348830342293,0.01705116406083107,139,2,6.040254711277413,0,0,0.3140192066318662,-0.3140192066318662,HL,0.31401920318603516,-0.31401920318603516,0.0,raw,audited,247.0
336,1950,1,2.648195743560791,0.7780519723892212,1.4796606302261353,0.26411181688308716,0.124784916639328,0.04714897647500038,1,13,3.3322045101752042,1,1,-0.005727913146786415,0.6988750937067317,HH,-0.0057279132306575775,0.6988750696182251,0.2773500978946686,raw,audited,14.0
146,897,1,2.539740800857544,0.7454054951667786,1.439704418182373,0.21518486738204956,0.1378595530986786,0.054314881563186646,3,6,3.332204510175204,1,1,0.2786747500322715,0.4144724305276738,HH,0.27867475152015686,0.41447243094444275,0.2357022762298584,raw,audited,3.0
154,364,1,2.657994508743286,0.7431051731109619,1.4746731519699097,0.30211392045021057,0.13651591539382935,0.05139116942882538,10,9,4.700480365792417,1,1,0.9398862694094179,-0.2467390888494726,HL,0.9398862719535828,-0.24673908948898315,0.10540925711393356,raw,audited,53.0
1042,2198,1,-0.00294460728764534,0.7643613815307617,-1.07301926612854,0.2898408770561218,0.014285972341895103,0.006670988164842129,17,4,4.499809670330265,0,0,0.49626831944594424,-0.49626831944594424,HL,0.4962683320045471,-0.4962683320045471,0.0,raw,audited,125.0
167,168,1,2.4223570823669434,0.6349053382873535,1.5197080373764038,0.11683005839586258,0.1493270844221115,0.06168576329946518,2,2,2.197224577336219,1,1,0.05680089854821151,0.6363462820117338,LH,0.05680089816451073,0.6363462805747986,0.5,raw,audited,1.0
1566,2071,1,0.025870339944958687,0.7475070357322693,-1.07301926612854,0.33659490942955017,0.013201233930885792,0.006082614418119192,4,7,3.688879454113936,0,0,0.43251367833618326,-0.43251367833618326,HL,0.43251368403434753,-0.43251368403434753,0.0,raw,audited,91.0
603,795,1,-0.04681353271007538,0.7665902972221375,-1.07301926612854,0.20587337017059326,0.052155639976263046,0.02486397512257099,6,1,2.6390573296152584,0,0,0.004831503966481121,-0.004831503966481121,LL,0.004831504076719284,-0.004831504076719284,0.0,raw,audited,131.0
55,210,1,-0.08700329065322876,0.7412487864494324,-1.07301926612854,0.23457849025726318,0.008602268993854523,0.00418103625997901,8,7,4.276666119016055,0,0,0.5976269081040025,-0.5976269081040025,HL,0.5976269245147705,-0.5976269245147705,0.0,raw,audited,257.0
1229,2439,1,2.6159167289733887,0.7631521821022034,1.4420920610427856,0.2798144221305847,0.12927159667015076,0.04944730922579765,11,3,3.8712010109078907,1,1,0.3108452227171526,0.3823019578427927,HH,0.3108452260494232,0.3823019564151764,0.17407765984535217,raw,audited,82.0
963,2434,1,2.560002088546753,0.7635254859924316,1.4925017356872559,0.15500172972679138,0.14738669991493225,0.05760858207941055,16,4,4.442651256490317,3,3,0.5030582743090499,0.8832360868108406,HH,0.5030582547187805,0.8832361102104187,0.375,raw,audited,20.0
170,1358,1,0.05698676407337189,0.7913064360618591,-1.07301926612854,0.29090753197669983,0.046205632388591766,0.020988833159208298,1,139,5.634789603169249,0,0,0.016398058337082196,-0.016398058337082196,HL,0.016398059204220772,-0.016398059204220772,0.0,raw,audited,201.0
