u,v,label,score_total,score_degree,score_cn,score_residual,score_interaction,interaction_share,degree_u,degree_v,degree_score,cn_raw,cn,cn_expected,cn_residual,quadrant,model_cn_expected,model_cn_residual,model_cn_normalized,cn_feature_mode,interaction_mode,rank
733,1062,1,6.8236870765686035,0.6960985660552979,3.040405750274658,2.952343463897705,0.12912972271442413,0.01893959380686283,25,3,4.6443908991413725,1,1,0.2741315971591187,0.41901558340082656,HH,0.2741315960884094,0.4190155863761902,0.1154700443148613,residual,audited,3.0
1416,1468,1,3.183826446533203,0.782046377658844,-0.7032475471496582,2.999547004699707,0.09977107495069504,0.021762164309620857,17,2,3.988984046564274,0,0,0.2583525517139924,-0.2583525517139924,HL,0.2583525478839874,-0.2583525478839874,0.0,residual,audited,39.0
350,1778,1,5.624317646026611,-0.4405401945114136,2.9708573818206787,3.0104281902313232,0.07786210626363754,0.011979361064732075,13,6,4.584967478670572,1,1,0.7121403348146292,-0.018993154254683953,HL,0.7121403217315674,-0.018993139266967773,0.1132277101278305,residual,audited,67.0
657,1740,1,1.8748540878295898,-0.6844469904899597,-0.33768635988235474,2.8417911529541016,0.049486640840768814,0.012645398266613483,10,12,4.962844630259907,0,0,0.6278652333014026,-0.6278652333014026,HL,0.6278652548789978,-0.6278652548789978,0.0,residual,audited,179.0
1602,2073,1,1.8324638605117798,-0.3088802397251129,-0.8179194927215576,2.9284284114837646,0.02512553334236145,0.006157685071229935,7,2,3.1780538303479453,0,0,0.09727709888120242,-0.09727709888120242,HL,0.09727709740400314,-0.09727709740400314,0.0,residual,audited,78.0
507,1300,1,5.863635063171387,-0.2892732620239258,3.0613348484039307,3.010035991668701,0.07582762837409973,0.011780930683016777,16,6,4.77912349311153,5,5,0.7557900534179132,1.0359694158101418,HH,0.7557900547981262,1.0359694957733154,0.5103103518486023,residual,audited,13.0
1682,2189,1,1.2654945850372314,-0.6026630997657776,-0.5749965906143188,2.399381637573242,0.03806309029459953,0.010528904385864735,8,4,3.8066624897703196,0,0,0.4047253779878611,-0.4047253779878611,HL,0.4047253727912903,-0.4047253727912903,0.0,residual,audited,110.0
306,1798,1,7.019554615020752,0.8755525946617126,2.9849369525909424,3.01582670211792,0.13752904534339905,0.01960822381079197,64,5,5.966146739123692,5,5,0.7262376509323725,1.0655218182956825,HH,0.7262376546859741,1.0655218362808228,0.279508501291275,residual,audited,8.0
661,1878,1,2.473120927810669,0.37768030166625977,-0.7590358257293701,2.7785515785217285,0.07021531462669373,0.017617767676711082,12,2,3.6635616461296463,0,0,0.18426105211107924,-0.18426105211107924,HL,0.18426105380058289,-0.18426105380058289,0.0,residual,audited,13.0
2446,2448,1,1.6031434535980225,-0.4859979748725891,-0.8160684108734131,2.8831698894500732,0.016330217942595482,0.0038866978138685226,6,2,3.0445224377234226,0,0,0.10023401181546886,-0.10023401181546886,HL,0.1002340093255043,-0.1002340093255043,0.0,residual,audited,39.0
1704,1912,1,-1.328457236289978,-0.3231469392776489,-0.6203242540359497,-0.43760621547698975,0.046910546720027924,0.032850801944732666,3,9,3.6888794541139367,0,0,0.35666135733620163,-0.35666135733620163,HL,0.3566613495349884,-0.3566613495349884,0.0,residual,audited,287.0
4,1761,1,4.9210662841796875,-0.8688204288482666,3.0507125854492188,2.699840784072876,0.03362368419766426,0.005053915083408356,4,5,3.401197381662155,2,2,0.2630515329052116,0.8355607557628979,HH,0.2630515396595001,0.8355607986450195,0.4472135901451111,residual,audited,14.0
236,2046,1,5.523294925689697,-0.5068864822387695,2.9903860092163086,2.9674859046936035,0.0665997639298439,0.010196924209594727,9,4,3.9120230054281464,2,2,0.41743282735477827,0.6811794613133313,HH,0.4174328148365021,0.6811795234680176,0.3333333432674408,residual,audited,10.0
1411,2218,1,3.4769575595855713,1.4210647344589233,-0.8694373369216919,2.80851149559021,0.11110913008451462,0.021325627341866493,0,1,0.6931471805599453,0,0,0.0022547768087889004,-0.0022547768087889004,LL,0.0022547768894582987,-0.0022547768894582987,0.0,residual,audited,20.0
1359,1914,1,6.32390832901001,0.2858518660068512,2.9618582725524902,2.9561455249786377,0.11434303969144821,0.0180974118411541,4,22,4.74493212836325,1,1,0.6104629684544925,0.08268421210545274,HH,0.6104629635810852,0.0826842188835144,0.10660035908222198,residual,audited,20.0
1013,1844,1,4.046919822692871,1.8364112377166748,-0.911685585975647,2.9538521766662598,0.16263239085674286,0.027731286361813545,29,1,4.0943445622221,0,0,-0.1265245666267653,0.1265245666267653,HH,-0.12652456760406494,0.12652456760406494,0.0,residual,audited,9.0
2263,2490,1,5.104584217071533,-0.9245124459266663,3.0344130992889404,2.9886226654052734,0.0003515455755405128,5.059739123680629e-05,2,1,1.791759469228055,1,1,0.0022547768087889004,0.6908924037511563,LH,0.0022547768894582987,0.6908923983573914,0.7071067690849304,residual,audited,16.0
1072,1802,1,7.2480268478393555,1.1721309423446655,2.97298264503479,2.9368491172790527,0.16035452485084534,0.02214132808148861,26,2,4.394449154672438,1,1,0.19668571173474586,0.4964614688251994,HH,0.19668571650981903,0.4964614510536194,0.1386750489473343,residual,audited,12.0
968,1986,1,4.259953498840332,2.0211024284362793,-0.8819965124130249,2.9335362911224365,0.1816013753414154,0.03017517738044262,1,55,4.718498871295095,0,0,-0.030648706081244377,0.030648706081244377,HH,-0.03064870648086071,0.03064870648086071,0.0,residual,audited,34.0
968,1603,1,-0.997912585735321,1.4210647344589233,-0.8694373369216919,-1.6663588285446167,0.11110913008451462,0.02731316164135933,1,0,0.6931471805599453,0,0,0.0022547768087889004,-0.0022547768087889004,LL,0.0022547768894582987,-0.0022547768894582987,0.0,residual,audited,155.0
650,1486,1,1.4629442691802979,-0.4859979748725891,-0.8160684108734131,2.7429707050323486,0.016330217942595482,0.004020866937935352,6,2,3.0445224377234226,0,0,0.10023401181546886,-0.10023401181546886,HL,0.1002340093255043,-0.1002340093255043,0.0,residual,audited,78.0
73,1751,1,3.2213971614837646,1.1623033285140991,-0.8696475028991699,2.813767433166504,0.10926404595375061,0.02205134928226471,11,1,3.1780538303479458,0,0,0.0017162122830214665,-0.0017162122830214665,HL,0.001716212253086269,-0.001716212253086269,0.0,residual,audited,124.0
1602,2074,1,5.4437971115112305,-0.570932149887085,3.000248908996582,2.9550113677978516,0.05375969037413597,0.008170224726200104,7,3,3.465735902799726,1,1,0.3182842168668844,0.3748629636930609,HH,0.31828421354293823,0.3748629689216614,0.2182178795337677,residual,audited,26.0
1599,2614,1,1.2271891832351685,-0.8688204288482666,-0.6991961002349854,2.7719318866729736,0.017564134672284126,0.004030770622193813,5,4,3.401197381662155,0,0,0.2630515329052116,-0.2630515329052116,HL,0.2630515396595001,-0.2630515396595001,0.0,residual,audited,202.0
1201,2533,1,1.1710518598556519,1.3881206512451172,-0.8696131706237793,0.5383418798446655,0.1084928959608078,0.03735249862074852,2,0,1.0986122886681096,0,0,0.0018040386788887037,-0.0018040386788887037,LL,0.0018040386494249105,-0.0018040386494249105,0.0,residual,audited,83.0
1409,1826,1,5.250593185424805,-0.7970065474510193,3.0427849292755127,2.964380979537964,0.03472423180937767,0.0050774612464010715,4,6,3.5553480614894135,1,1,0.36593201385162366,0.3272151667083216,HH,0.36593201756477356,0.32721516489982605,0.20412413775920868,residual,audited,10.0
756,885,1,-3.3210701942443848,-0.5395065546035767,-0.4409984350204468,-2.395900011062622,0.04962503910064697,0.014484705403447151,10,5,4.189654742026425,0,0,0.528650074782717,-0.528650074782717,HL,0.5286500453948975,-0.5286500453948975,0.0,residual,audited,350.0
1153,1401,1,5.745731353759766,-0.3617401421070099,3.0428154468536377,2.9982330799102783,0.06071307510137558,0.009393217042088509,1,4,2.3025850929940455,1,1,0.0024748238360119044,0.6906723567239333,LH,0.002474823733791709,0.6906723380088806,0.5,residual,audited,5.0
102,1251,1,5.498811721801758,-0.570932149887085,2.987314224243164,3.01832914352417,0.05839083716273308,0.008800473064184189,7,3,3.465735902799726,2,2,0.3182842168668844,0.7803280718012251,HH,0.31828421354293823,0.780328094959259,0.4364357590675354,residual,audited,11.0
567,1513,1,5.2141547203063965,-0.686873733997345,2.9776923656463623,2.875457525253296,0.04216897115111351,0.006406523287296295,5,2,2.8903717578961645,1,1,0.09556322073559016,0.5975839598243551,LH,0.09556321799755096,0.5975839495658875,0.3162277638912201,residual,audited,7.0
1282,1735,1,5.174515247344971,-0.7013309597969055,2.9652321338653564,2.8553879261016846,0.04951637238264084,0.007535056211054325,4,7,3.688879454113936,2,2,0.4110045184115584,0.6876077702565512,HH,0.41100451350212097,0.6876077651977539,0.37796449661254883,residual,audited,44.0
1440,1701,1,8.232186317443848,2.055515766143799,3.0523641109466553,2.9131112098693848,0.20548641681671143,0.02497866563498974,1,65,4.882801922586371,1,1,0.019220561367655327,0.6739266191922899,HH,0.019220560789108276,0.673926591873169,0.12403473258018494,residual,audited,1.0
118,581,1,6.127415180206299,0.11494522541761398,2.9856603145599365,2.9169833660125732,0.10411686450242996,0.017007820308208466,18,4,4.553876891600541,1,1,0.46722143061535454,0.22592574994459075,HH,0.4672214388847351,0.2259257435798645,0.1178511381149292,residual,audited,25.0
124,1367,1,1.9663132429122925,-0.44030943512916565,-0.6570804119110107,3.0203630924224854,0.037630345672369,0.009055805392563343,3,8,3.58351893845611,0,0,0.31276047812031493,-0.31276047812031493,HL,0.31276047229766846,-0.31276047229766846,0.0,residual,audited,54.0
1042,1517,1,7.708909511566162,1.542969822883606,2.9921658039093018,2.9948031902313232,0.17326132953166962,0.022492123767733574,17,1,3.58351893845611,1,1,0.006690463161334578,0.6864567173986107,HH,0.006690463051199913,0.6864567399024963,0.24253563582897186,residual,audited,1.0
492,1533,1,1.410603404045105,-0.8278051018714905,-0.7294425964355469,2.948488473892212,0.013652939349412918,0.0030209701508283615,5,3,3.1780538303479453,0,0,0.22577903790857956,-0.22577903790857956,HL,0.22577904164791107,-0.22577904164791107,0.0,residual,audited,38.0
972,1000,1,1.152870774269104,-0.9553581476211548,-0.7769805192947388,2.8690028190612793,0.010496982373297215,0.0022760950960218906,3,3,2.772588722239781,0,0,0.15886813049140017,-0.15886813049140017,LL,0.15886813402175903,-0.15886813402175903,0.0,residual,audited,46.0
468,647,1,1.1328545808792114,-0.849980890750885,-0.8696141242980957,2.8249199390411377,0.021819986402988434,0.00477844662964344,1,1,1.3862943611198906,0,0,0.0018015872129917689,-0.0018015872129917689,LL,0.001801587175577879,-0.001801587175577879,0.0,residual,audited,38.0
121,1910,1,-1.9075841903686523,-0.3617401421070099,-0.8693512678146362,-0.6942673325538635,0.012064985930919647,0.006227334961295128,4,1,2.3025850929940455,0,0,0.0024748238360119044,-0.0024748238360119044,LL,0.002474823733791709,-0.002474823733791709,0.0,residual,audited,208.0
547,598,1,3.1874001026153564,1.787466287612915,-0.8713555335998535,2.1066555976867676,0.15892405807971954,0.03227276727557182,1,26,3.9889840465642745,0,0,-0.0026647510744795353,0.0026647510744795353,HH,-0.0026647511404007673,0.0026647511404007673,0.0,residual,audited,100.0
452,1258,1,1.1665499210357666,-0.9245124459266663,-0.8694373369216919,2.9523303508758545,0.002459744457155466,0.0005179783911444247,2,1,1.791759469228055,0,0,0.0022547768087889004,-0.0022547768087889004,LL,0.0022547768894582987,-0.0022547768894582987,0.0,residual,audited,63.0
1109,2671,1,6.090919017791748,-0.02936040610074997,3.0568177700042725,2.9672486782073975,0.09050313383340836,0.014730495400726795,3,12,3.951243718581427,3,3,0.3225624563234914,1.0637319047963991,HH,0.32256245613098145,1.0637319087982178,0.5,residual,audited,5.0
1365,1702,1,4.7587666511535645,-0.3231469392776489,3.045727491378784,1.9563568830490112,0.07411954551935196,0.013727491721510887,3,9,3.6888794541139367,1,1,0.35666135733620163,0.33648582322374365,HH,0.3566613495349884,0.3364858329296112,0.19245009124279022,residual,audited,28.0
326,1358,1,7.9500322341918945,1.945913553237915,2.928647994995117,2.868537187576294,0.20122447609901428,0.0253293439745903,2,139,6.040254711277413,1,1,0.2980578250486941,0.3950893555112512,HH,0.29805782437324524,0.39508935809135437,0.059976015239953995,residual,audited,5.0
718,2059,1,1.190947413444519,-0.9238550662994385,-0.8322659730911255,2.938300132751465,0.0030586356297135353,0.0006511227111332119,2,3,2.484906649788,0,0,0.07427853032672008,-0.07427853032672008,LL,0.07427853345870972,-0.07427853345870972,0.0,residual,audited,79.0
1085,1421,1,5.231810569763184,-0.8278051018714905,3.002438545227051,3.022500514984131,0.028966719284653664,0.004209232050925493,3,5,3.1780538303479453,3,3,0.22577903790857956,1.160515323211311,HH,0.22577904164791107,1.160515308380127,0.774596631526947,residual,audited,13.0
166,2617,1,3.3459362983703613,1.4210647344589233,-0.8694373369216919,2.677490234375,0.11110913008451462,0.021875744685530663,1,0,0.6931471805599453,0,0,0.0022547768087889004,-0.0022547768087889004,LL,0.0022547768894582987,-0.0022547768894582987,0.0,residual,audited,5.0
1856,2045,1,6.56927490234375,0.459389865398407,2.9672746658325195,3.0091166496276855,0.1277836412191391,0.019468633458018303,4,27,4.941642422609304,1,1,0.552622881391737,0.1405242991682083,HH,0.5526228547096252,0.14052432775497437,0.09622504562139511,residual,audited,46.0
307,991,1,4.404073238372803,2.4337363243103027,-0.8696141242980957,2.5976834297180176,0.23655784130096436,0.038542453199625015,0,0,0.0,0,0,0.0018015872129917689,-0.0018015872129917689,LL,0.001801587175577879,-0.001801587175577879,0.0,residual,audited,1.0
958,1798,1,5.30140495300293,-0.686873733997345,2.961395263671875,2.9754891395568848,0.0456848107278347,0.006849868688732386,2,5,2.8903717578961645,1,1,0.09556322073559016,0.5975839598243551,LH,0.09556321799755096,0.5975839495658875,0.3162277638912201,residual,audited,29.0
1358,1568,1,7.970239162445068,1.945913553237915,2.9522287845611572,2.865082263946533,0.20130468904972076,0.025275152176618576,139,2,6.040254711277413,1,1,0.2980578250486941,0.3950893555112512,HH,0.29805782437324524,0.39508935809135437,0.059976015239953995,residual,audited,18.0
1501,2228,1,5.36945915222168,-0.7073456048965454,3.0004639625549316,3.0268123149871826,0.043818626552820206,0.006464411038905382,6,3,3.332204510175204,1,1,0.2948110893321348,0.3983360912278105,HH,0.29481109976768494,0.3983360826969147,0.2357022762298584,residual,audited,5.0
14,2668,1,5.156524658203125,-0.8907890915870667,3.0195581912994385,2.9963300228118896,0.0257156640291214,0.0037094929721206427,4,3,2.995732273553991,1,1,0.18635403734841144,0.5067931432115338,HH,0.18635404109954834,0.5067931413650513,0.28867512941360474,residual,audited,25.0
1038,1358,1,4.3986029624938965,1.6903492212295532,-0.36978986859321594,2.8938815593719482,0.17845262587070465,0.03476932644844055,3,139,6.327936783729195,0,0,0.5947108813669576,-0.5947108813669576,HL,0.5947108864784241,-0.5947108864784241,0.0,residual,audited,181.0
1385,2335,1,1.4553383588790894,-0.686873733997345,-0.8189913034439087,2.9500298500061035,0.005463999230414629,0.0012247387785464525,2,5,2.8903717578961645,0,0,0.09556322073559016,-0.09556322073559016,LL,0.09556321799755096,-0.09556321799755096,0.0,residual,audited,48.0
647,904,1,2.3718087673187256,0.2788354754447937,-0.8674753904342651,2.905529260635376,0.049209900200366974,0.011999341659247875,1,6,2.6390573296152584,0,0,0.007277398667662731,-0.007277398667662731,LL,0.007277398835867643,-0.007277398835867643,0.0,residual,audited,20.0
1849,1914,1,2.8162641525268555,0.10251293331384659,-0.3791549503803253,2.9999985694885254,0.08719808608293533,0.02443300560116768,5,22,4.927253685157204,0,0,0.585216216354449,-0.585216216354449,HL,0.585216224193573,-0.585216224193573,0.0,residual,audited,109.0
1773,1780,1,1.371600866317749,-0.8314321041107178,-0.8189913034439087,3.012751817703247,0.003562859259545803,0.0007634581415913999,4,2,2.7080502011022096,0,0,0.09556322073559016,-0.09556322073559016,LL,0.09556321799755096,-0.09556321799755096,0.0,residual,audited,82.0
306,656,1,7.891922473907471,1.686293363571167,3.0065441131591797,3.009873151779175,0.18350182473659515,0.0232686884701252,64,2,5.272999558563747,2,2,0.21019294943271094,0.8884193392353986,HH,0.2101929485797882,0.8884193897247314,0.1767766922712326,residual,audited,5.0
1351,1535,1,1.8583159446716309,-0.6894779205322266,-0.48924973607063293,2.9915361404418945,0.03979773074388504,0.009453004226088524,8,5,3.9889840465642745,0,0,0.48732856757400367,-0.48732856757400367,HL,0.48732855916023254,-0.48732855916023254,0.0,residual,audited,91.0
2457,2458,1,5.380918979644775,-0.6607519388198853,2.99436092376709,3.0097343921661377,0.03186572343111038,0.004758412484079599,3,1,2.0794415416798357,1,1,0.0024748238360119044,0.6906723567239333,LH,0.002474823733791709,0.6906723380088806,0.5773502588272095,residual,audited,3.0
109,1805,1,3.1744542121887207,0.7975537776947021,-0.7133326530456543,2.983145236968994,0.10137828439474106,0.02206076867878437,28,3,4.7535901911063645,0,0,0.24664060277060912,-0.24664060277060912,HL,0.24664060771465302,-0.24664060771465302,0.0,residual,audited,11.0
907,1351,1,2.5512843132019043,1.5636622905731201,-0.8702379465103149,1.7226380109786987,0.12951229512691498,0.030217163264751434,0,8,2.1972245773362196,0,0,0.00020231820106400537,-0.00020231820106400537,LL,0.00020231820235494524,-0.00020231820235494524,0.0,residual,audited,31.0
748,1617,1,2.7912795543670654,1.5895030498504639,-0.8702379465103149,1.9335345029830933,0.1327703446149826,0.02933472953736782,10,0,2.3978952727983707,0,0,0.00020231820106400537,-0.00020231820106400537,LL,0.00020231820235494524,-0.00020231820235494524,0.0,residual,audited,205.0
1357,2170,1,0.6661226749420166,-0.849980890750885,-0.8696141242980957,2.3581879138946533,0.021819986402988434,0.005322463810443878,1,1,1.3862943611198906,0,0,0.0018015872129917689,-0.0018015872129917689,LL,0.001801587175577879,-0.001801587175577879,0.0,residual,audited,116.99999999999999
645,1495,1,2.322955846786499,0.2682274281978607,-0.7595775127410889,2.7451095581054688,0.06348684430122375,0.01654854044318199,11,2,3.58351893845611,0,0,0.18349714014503832,-0.18349714014503832,HL,0.18349714577198029,-0.18349714577198029,0.0,residual,audited,82.0
56,1849,1,5.353805065155029,-0.686873733997345,2.992825746536255,3.0015523433685303,0.04059074446558952,0.006038633640855551,2,5,2.8903717578961645,2,2,0.09556322073559016,1.0030490679325195,LH,0.09556321799755096,1.0030491352081299,0.6324555277824402,residual,audited,6.0
743,1570,1,1.8649030923843384,-0.03935926407575607,-0.8687324523925781,2.738239049911499,0.029046131297945976,0.007902898825705051,5,1,2.4849066497880004,0,0,0.0040603077699362606,-0.0040603077699362606,LL,0.0040603079833090305,-0.0040603079833090305,0.0,residual,audited,92.0
8,281,1,1.395799994468689,-0.03935926407575607,-0.8687324523925781,2.2691359519958496,0.029046131297945976,0.009059155359864235,1,5,2.4849066497880004,0,0,0.0040603077699362606,-0.0040603077699362606,LL,0.0040603079833090305,-0.0040603079833090305,0.0,residual,audited,16.0
598,1301,1,2.965770721435547,0.4271864891052246,-0.44159916043281555,2.875288724899292,0.0991850420832634,0.025807533413171768,26,4,4.90527477843843,0,0,0.5281305324979,-0.5281305324979,HL,0.5281305313110352,-0.5281305313110352,0.0,residual,audited,100.0
1388,2181,1,5.085483074188232,-0.914107620716095,3.0033016204833984,2.9650771617889404,0.025502406060695648,0.003691726829856634,4,4,3.2188758248682006,1,1,0.28390807133755275,0.40923910922239254,HH,0.28390806913375854,0.40923911333084106,0.25,residual,audited,25.0
1818,2305,1,5.132999420166016,-0.8907890915870667,3.0529942512512207,2.944993019104004,0.020091712474822998,0.0029081047978252172,3,4,2.995732273553991,1,1,0.18635403734841144,0.5067931432115338,HH,0.18635404109954834,0.5067931413650513,0.28867512941360474,residual,audited,12.0
2228,2394,1,6.255953311920166,0.12479414790868759,2.9996531009674072,3.023862361907959,0.10193381458520889,0.016308775171637535,3,14,4.0943445622221,1,1,0.3469803221068322,0.34616685845311307,HH,0.34698033332824707,0.34616684913635254,0.15430335700511932,residual,audited,8.0
2303,2541,1,0.026685742661356926,-0.9245124459266663,-0.8694373369216919,1.8124661445617676,0.002459744457155466,0.0006815819069743156,2,1,1.791759469228055,0,0,0.0022547768087889004,-0.0022547768087889004,LL,0.0022547768894582987,-0.0022547768894582987,0.0,residual,audited,140.0
661,1879,1,1.4162241220474243,-0.02936040610074997,-0.6488817930221558,2.0286552906036377,0.060101404786109924,0.02172078937292099,12,3,3.951243718581427,0,0,0.3225624563234914,-0.3225624563234914,HL,0.32256245613098145,-0.32256245613098145,0.0,residual,audited,106.0
1395,2072,1,1.302333116531372,-0.8314321041107178,-0.8189913034439087,2.94348406791687,0.003562859259545803,0.0007749607902951539,4,2,2.7080502011022096,0,0,0.09556322073559016,-0.09556322073559016,LL,0.09556321799755096,-0.09556321799755096,0.0,residual,audited,43.0
1091,2176,1,5.652008533477783,-0.4859979748725891,3.064284324645996,3.0077877044677734,0.06022503599524498,0.009099780581891537,2,6,3.0445224377234226,2,2,0.10023401181546886,0.9983782768526407,HH,0.1002340093255043,0.9983782768249512,0.5773502588272095,residual,audited,1.0
387,2191,1,3.0105600357055664,1.3881206512451172,-0.8696131706237793,2.37785005569458,0.1084928959608078,0.022869126871228218,2,0,1.0986122886681096,0,0,0.0018040386788887037,-0.0018040386788887037,LL,0.0018040386494249105,-0.0018040386494249105,0.0,residual,audited,38.0
1300,2508,1,5.647772789001465,-0.4859979748725891,3.065217971801758,3.007098913192749,0.055744022130966187,0.008428110741078854,6,2,3.0445224377234226,1,1,0.10023401181546886,0.5929131687444764,HH,0.1002340093255043,0.5929131507873535,0.28867512941360474,residual,audited,6.0
926,1862,1,3.1297361850738525,1.4245469570159912,-0.8695274591445923,2.455610752105713,0.11339643597602844,0.023317813873291016,0,3,1.3862943611198906,0,0,0.0020240857061117087,-0.0020240857061117087,LL,0.0020240857265889645,-0.0020240857265889645,0.0,residual,audited,86.0
1125,2332,1,1.1846706867218018,-0.9245124459266663,-0.8694373369216919,2.9704511165618896,0.002459744457155466,0.0005160093423910439,1,2,1.791759469228055,0,0,0.0022547768087889004,-0.0022547768087889004,LL,0.0022547768894582987,-0.0022547768894582987,0.0,residual,audited,48.0
577,2351,1,5.441733360290527,-0.7013309597969055,3.079671621322632,3.0122978687286377,0.045385368168354034,0.006636562757194042,7,4,3.688879454113936,2,2,0.4110045184115584,0.6876077702565512,HH,0.41100451350212097,0.6876077651977539,0.37796449661254883,residual,audited,4.0
45,2667,1,5.147998809814453,-0.887832760810852,3.01723313331604,2.9797377586364746,0.03315092623233795,0.004792012274265289,5,5,3.58351893845611,1,1,0.3683678903821438,0.3247792901778015,HH,0.36836788058280945,0.32477930188179016,0.20000000298023224,residual,audited,23.0
1273,2125,1,5.507671356201172,-0.570932149887085,3.032134771347046,2.9863245487213135,0.05443470925092697,0.008193276822566986,7,3,3.465735902799726,3,3,0.3182842168668844,1.068010144253006,HH,0.31828421354293823,1.0680100917816162,0.6546536684036255,residual,audited,8.0
2045,2047,1,1.7370405197143555,1.8048675060272217,-0.8413711786270142,0.6070002913475037,0.16083437204360962,0.04710923135280609,27,1,4.025351690735149,0,0,0.06000166077099335,-0.06000166077099335,HL,0.06000166013836861,-0.06000166013836861,0.0,residual,audited,184.0
341,2045,1,1.2015808820724487,0.7655094265937805,-0.6492799520492554,0.9748660922050476,0.10477561503648758,0.0420038104057312,3,27,4.718498871295094,0,0,0.32208678930701756,-0.32208678930701756,HL,0.32208678126335144,-0.32208678126335144,0.0,residual,audited,193.0
6,1042,1,3.1924679279327393,0.782046377658844,-0.7032475471496582,3.008188486099243,0.09977107495069504,0.02172122150659561,2,17,3.988984046564274,0,0,0.2583525517139924,-0.2583525517139924,HL,0.2583525478839874,-0.2583525478839874,0.0,residual,audited,60.0
1920,1926,1,5.253149509429932,-0.7073456048965454,2.991720199584961,2.91963791847229,0.04342706501483917,0.006518494803458452,3,6,3.332204510175204,1,1,0.2948110893321348,0.3983360912278105,HH,0.29481109976768494,0.3983360826969147,0.2357022762298584,residual,audited,22.0
1568,1729,1,1.1581101417541504,-0.8314321041107178,-0.8189913034439087,2.7992610931396484,0.003562859259545803,0.0008000586531125009,2,4,2.7080502011022096,0,0,0.09556322073559016,-0.09556322073559016,LL,0.09556321799755096,-0.09556321799755096,0.0,residual,audited,218.0
360,1824,1,2.422795295715332,0.2788354754447937,-0.8674753904342651,2.9565157890319824,0.049209900200366974,0.011851990595459938,1,6,2.6390573296152584,0,0,0.007277398667662731,-0.007277398667662731,LL,0.007277398835867643,-0.007277398835867643,0.0,residual,audited,10.0
482,2308,1,1.6292997598648071,-0.7073456048965454,-0.6720783710479736,2.9803590774536133,0.02265496924519539,0.0051694898866117,6,3,3.332204510175204,0,0,0.2948110893321348,-0.2948110893321348,HL,0.29481109976768494,-0.29481109976768494,0.0,residual,audited,51.0
1522,1697,1,1.204771876335144,-0.9238550662994385,-0.8322659730911255,2.95212459564209,0.0030586356297135353,0.0006492121028713882,2,3,2.484906649788,0,0,0.07427853032672008,-0.07427853032672008,LL,0.07427853345870972,-0.07427853345870972,0.0,residual,audited,90.0
741,1088,1,1.0197689533233643,-0.6607519388198853,-0.8693512678146362,2.5414321422576904,0.0027303528040647507,0.0006701460224576294,3,1,2.0794415416798357,0,0,0.0024748238360119044,-0.0024748238360119044,LL,0.002474823733791709,-0.002474823733791709,0.0,residual,audited,39.0
1191,1558,1,5.7018609046936035,-0.3088802397251129,2.9921927452087402,2.9402072429656982,0.07263145595788956,0.011503400281071663,2,7,3.1780538303479453,1,1,0.09727709888120242,0.5958700816787429,HH,0.09727709740400314,0.5958700776100159,0.26726123690605164,residual,audited,6.0
306,2078,1,7.727281093597412,1.686293363571167,2.9749999046325684,2.8722269535064697,0.18805168569087982,0.02435406856238842,64,2,5.272999558563747,1,1,0.21019294943271094,0.48295423112723435,HH,0.2101929485797882,0.4829542338848114,0.0883883461356163,residual,audited,17.0
86,2295,1,-2.9511568546295166,-0.9238550662994385,-0.8322659730911255,-1.2038041353225708,0.0030586356297135353,0.001032282249070704,2,3,2.484906649788,0,0,0.07427853032672008,-0.07427853032672008,LL,0.07427853345870972,-0.07427853345870972,0.0,residual,audited,213.0
364,1632,1,5.996685981750488,0.010480925440788269,2.938741445541382,2.948472261428833,0.09328194707632065,0.015570408664643764,9,2,3.4011973816621555,1,1,0.13114030699904125,0.5620068735609041,HH,0.1311403065919876,0.5620068907737732,0.2357022762298584,residual,audited,11.0
1358,1742,1,6.521182060241699,0.5857499241828918,2.905679702758789,2.884786605834961,0.13925623893737793,0.021373160183429718,139,12,7.50659178007084,2,2,1.7150220371657872,-0.6164097484976776,HL,1.715022087097168,-0.6164097785949707,0.048970211297273636,residual,audited,133.0
109,176,1,1.9462065696716309,1.228668212890625,-0.7994425296783447,1.3881378173828125,0.12313343584537506,0.03478952869772911,28,2,4.465908118654584,0,0,0.12666879423377733,-0.12666879423377733,HL,0.1266687959432602,-0.1266687959432602,0.0,residual,audited,207.0
52,2053,1,1.721387267112732,-0.3617401421070099,-0.8693512678146362,2.934704065322876,0.012064985930919647,0.0028878385201096535,4,1,2.3025850929940455,0,0,0.0024748238360119044,-0.0024748238360119044,LL,0.002474823733791709,-0.002474823733791709,0.0,residual,audited,44.0
1240,2237,1,1.328711748123169,-0.8314321041107178,-0.8189913034439087,2.969862699508667,0.003562859259545803,0.0007705397438257933,4,2,2.7080502011022096,0,0,0.09556322073559016,-0.09556322073559016,LL,0.09556321799755096,-0.09556321799755096,0.0,residual,audited,26.0
779,1370,1,1.559008240699768,-0.887832760810852,-0.610509991645813,3.026360273361206,0.025281107053160667,0.005556306801736355,5,5,3.58351893845611,0,0,0.3683678903821438,-0.3683678903821438,HL,0.36836788058280945,-0.36836788058280945,0.0,residual,audited,21.0
2509,2519,1,5.18010139465332,-0.8314321041107178,3.0497844219207764,2.933265447616577,0.022773612290620804,0.003330811858177185,4,2,2.7080502011022096,1,1,0.09556322073559016,0.5975839598243551,LH,0.09556321799755096,0.5975839495658875,0.3535533845424652,residual,audited,6.0
71,1986,1,-1.7529809474945068,1.7173857688903809,-0.8871607780456543,-2.737916946411133,0.1490013599395752,0.027133263647556305,0,55,4.02535169073515,0,0,-0.04707236782785143,0.04707236782785143,HH,-0.04707236960530281,0.04707236960530281,0.0,residual,audited,395.99999999999994
2139,2140,1,1.1857243776321411,-0.9553581476211548,-0.7769805192947388,2.9018564224243164,0.010496982373297215,0.002259995089843869,3,3,2.772588722239781,0,0,0.15886813049140017,-0.15886813049140017,LL,0.15886813402175903,-0.15886813402175903,0.0,residual,audited,45.0
249,621,1,4.7018351554870605,-1.0126283168792725,2.9905807971954346,2.7133007049560547,0.004872127436101437,0.0007248698966577649,2,2,2.197224577336219,1,1,0.06401224965593211,0.6291349309040132,LH,0.06401225179433823,0.6291349530220032,0.5,residual,audited,12.0
1194,1366,1,3.595449209213257,1.3881206512451172,-0.8696131706237793,2.9627392292022705,0.1084928959608078,0.020359089598059654,0,2,1.0986122886681096,0,0,0.0018040386788887037,-0.0018040386788887037,LL,0.0018040386494249105,-0.0018040386494249105,0.0,residual,audited,14.0
963,2400,1,7.714832305908203,1.4990367889404297,3.037140130996704,3.0001795291900635,0.17276661098003387,0.022410670295357704,16,1,3.5263605246161616,1,1,0.006690463161334578,0.6864567173986107,HH,0.006690463051199913,0.6864567399024963,0.25,residual,audited,1.0
649,1457,1,2.7158331871032715,1.4210647344589233,-0.8694373369216919,2.04738712310791,0.11110913008451462,0.02497396431863308,0,1,0.6931471805599453,0,0,0.0022547768087889004,-0.0022547768087889004,LL,0.0022547768894582987,-0.0022547768894582987,0.0,residual,audited,6.0
873,1358,1,2.801967144012451,1.6903492212295532,3.016427755355835,-2.093186616897583,0.18266692757606506,0.026160188019275665,3,139,6.327936783729195,1,1,0.5947108813669576,0.09843629919298769,HH,0.5947108864784241,0.09843629598617554,0.048970211297273636,residual,audited,207.0
152,2238,1,5.652158260345459,-0.44030943512916565,3.028964042663574,2.9911234378814697,0.06667085736989975,0.010214518755674362,3,8,3.58351893845611,1,1,0.31276047812031493,0.38038670243963035,HH,0.31276047229766846,0.38038671016693115,0.20412413775920868,residual,audited,3.0
438,1985,1,1.4366230964660645,-0.6607519388198853,-0.8693512678146362,2.9582862854003906,0.0027303528040647507,0.00060794479213655,3,1,2.0794415416798357,0,0,0.0024748238360119044,-0.0024748238360119044,LL,0.002474823733791709,-0.002474823733791709,0.0,residual,audited,57.0
241,1441,1,3.261237859725952,1.6415826082229614,-0.8714361190795898,2.346839666366577,0.13854199647903442,0.027717264369130135,0,17,2.8903717578961645,0,0,-0.0028715724223535776,0.0028715724223535776,LH,-0.002871572505682707,0.002871572505682707,0.0,residual,audited,26.0
876,2168,1,1.3203376531600952,-0.8278051018714905,-0.7294425964355469,2.858222723007202,0.013652939349412918,0.0030825380235910416,3,5,3.1780538303479453,0,0,0.22577903790857956,-0.22577903790857956,HL,0.22577904164791107,-0.22577904164791107,0.0,residual,audited,60.0
1013,1120,1,6.6733527183532715,0.519344687461853,3.023334264755249,3.0042965412139893,0.1206679493188858,0.018097542226314545,29,4,5.0106352940962555,1,1,0.2548754156253961,0.43827176493454917,HH,0.25487542152404785,0.43827176094055176,0.09284766763448715,residual,audited,19.0
315,1602,1,1.7694541215896606,-0.7013309597969055,-0.5687624216079712,3.000347852706909,0.033490005880594254,0.007781259715557098,4,7,3.688879454113936,0,0,0.4110045184115584,-0.4110045184115584,HL,0.41100451350212097,-0.41100451350212097,0.0,residual,audited,73.0
889,1832,1,2.7041118144989014,1.4245469570159912,-0.8695274591445923,2.0299863815307617,0.11339643597602844,0.025554370135068893,3,0,1.3862943611198906,0,0,0.0020240857061117087,-0.0020240857061117087,LL,0.0020240857265889645,-0.0020240857265889645,0.0,residual,audited,29.0
404,1170,1,5.183089733123779,-0.849980890750885,3.0327444076538086,2.996981620788574,-0.002365252235904336,0.00034368314663879573,1,1,1.3862943611198906,1,1,0.0018015872129917689,0.6913455933469536,LH,0.001801587175577879,0.6913455724716187,1.0,residual,audited,1.0
154,1358,1,6.6671142578125,0.7239171266555786,2.9144299030303955,2.885972023010254,0.1370856761932373,0.02057909406721592,10,139,7.3395376954076745,7,7,1.0613818155947068,1.018059726085129,HH,1.0613818168640137,1.0180597305297852,0.18775463104248047,residual,audited,128.0
1623,1767,1,7.490095138549805,1.9120961427688599,3.0032403469085693,2.372748374938965,0.19630040228366852,0.02622799202799797,36,1,4.304065093204169,1,1,-0.005912999056382433,0.6990601796163277,HH,-0.005912999156862497,0.6990602016448975,0.1666666716337204,residual,audited,6.0
606,1666,1,-0.39355728030204773,-0.914107620716095,-0.6811774969100952,1.176630973815918,0.019387204200029373,0.006945574190467596,4,4,3.2188758248682006,0,0,0.28390807133755275,-0.28390807133755275,HL,0.28390806913375854,-0.28390806913375854,0.0,residual,audited,185.99999999999997
155,1358,1,6.829261779785156,1.2961641550064087,2.9458415508270264,2.4218690395355225,0.1596774160861969,0.02340092323720455,5,139,6.733401891837358,3,3,0.6753982672514477,0.7108960938684429,HH,0.6753982901573181,0.7108960747718811,0.11379648745059967,residual,audited,129.0
354,1803,1,5.083754539489746,-0.9238550662994385,2.9874701499938965,3.00004243850708,0.014387187547981739,0.002077345969155431,2,3,2.484906649788,1,1,0.07427853032672008,0.6188686502332252,LH,0.07427853345870972,0.6188686490058899,0.40824827551841736,residual,audited,4.0
738,2162,1,5.101944446563721,-0.8907890915870667,2.99955153465271,2.96455454826355,0.022917935624718666,0.003332154592499137,3,4,2.995732273553991,1,1,0.18635403734841144,0.5067931432115338,HH,0.18635404109954834,0.5067931413650513,0.28867512941360474,residual,audited,14.0
1421,1975,1,5.164797782897949,-0.887832760810852,2.988938093185425,3.0258307456970215,0.032152336090803146,0.004636406432837248,5,5,3.58351893845611,2,2,0.3683678903821438,0.7302443982859658,HH,0.36836788058280945,0.7302443981170654,0.4000000059604645,residual,audited,16.0
1844,2276,1,5.122949600219727,-0.9245124459266663,3.022596597671509,3.0200140476226807,-0.0008585252217017114,0.00012321003305260092,1,2,1.791759469228055,1,1,0.0022547768087889004,0.6908924037511563,LH,0.0022547768894582987,0.6908923983573914,0.7071067690849304,residual,audited,12.0
1526,1977,1,2.4962809085845947,0.2788354754447937,-0.8674753904342651,3.030001401901245,0.049209900200366974,0.011645873077213764,6,1,2.6390573296152584,0,0,0.007277398667662731,-0.007277398667662731,LL,0.007277398835867643,-0.007277398835867643,0.0,residual,audited,52.0
171,775,1,1.1778647899627686,-1.0126283168792725,-0.8388177156448364,3.0173845291137695,0.00621663685888052,0.0012751951580867171,2,2,2.197224577336219,0,0,0.06401224965593211,-0.06401224965593211,LL,0.06401225179433823,-0.06401225179433823,0.0,residual,audited,48.0
1752,1754,1,4.850635051727295,-0.9238550662994385,2.9231576919555664,2.829232931137085,0.016389617696404457,0.0024489033967256546,2,3,2.484906649788,2,2,0.07427853032672008,1.0243337583413894,LH,0.07427853345870972,1.0243337154388428,0.8164965510368347,residual,audited,139.0
331,2480,1,1.180389165878296,-0.9245124459266663,-0.8694373369216919,2.966169595718384,0.002459744457155466,0.0005164731992408633,1,2,1.791759469228055,0,0,0.0022547768087889004,-0.0022547768087889004,LL,0.0022547768894582987,-0.0022547768894582987,0.0,residual,audited,88.0
1015,1452,1,2.6664795875549316,0.37768030166625977,-0.7590358257293701,2.971910238265991,0.07021531462669373,0.016802579164505005,12,2,3.6635616461296463,0,0,0.18426105211107924,-0.18426105211107924,HL,0.18426105380058289,-0.18426105380058289,0.0,residual,audited,40.0
1206,2671,1,3.762554883956909,1.609649419784546,-0.8649352788925171,2.8774399757385254,0.13469094038009644,0.02454855665564537,0,12,2.5649493574615367,0,0,0.013887172973514786,-0.013887172973514786,LL,0.013887172564864159,-0.013887172564864159,0.0,residual,audited,13.0
1136,1189,1,4.996548652648926,-0.8907890915870667,2.975285768508911,2.8818552494049072,0.024487249553203583,0.0036157327704131603,3,4,2.995732273553991,2,2,0.18635403734841144,0.9122582513196982,HH,0.18635404109954834,0.9122582674026489,0.5773502588272095,residual,audited,34.0
1469,2590,1,5.595010280609131,-0.4859979748725891,3.0430006980895996,2.9746501445770264,0.05764779448509216,0.008786037564277649,6,2,3.0445224377234226,1,1,0.10023401181546886,0.5929131687444764,HH,0.1002340093255043,0.5929131507873535,0.28867512941360474,residual,audited,7.0
332,2122,1,1.7911087274551392,-0.7013309597969055,-0.5687624216079712,3.0220024585723877,0.033490005880594254,0.007742304354906082,4,7,3.688879454113936,0,0,0.4110045184115584,-0.4110045184115584,HL,0.41100451350212097,-0.41100451350212097,0.0,residual,audited,40.0
306,2086,1,3.9319424629211426,1.36488938331604,-0.6007075309753418,3.0154359340667725,0.14661507308483124,0.028593046590685844,64,3,5.560681631015528,0,0,0.37883510134058207,-0.37883510134058207,HL,0.37883511185646057,-0.37883511185646057,0.0,residual,audited,155.0
177,726,1,1.0960116386413574,-1.0126283168792725,-0.8388177156448364,2.9355313777923584,0.00621663685888052,0.0012969716917723417,2,2,2.197224577336219,0,0,0.06401224965593211,-0.06401224965593211,LL,0.06401225179433823,-0.06401225179433823,0.0,residual,audited,29.0
486,2668,1,5.068819522857666,-0.9553581476211548,3.0218794345855713,2.9784095287323,0.01817934773862362,0.0026067965663969517,3,3,2.772588722239781,1,1,0.15886813049140017,0.5342790500685451,LH,0.15886813402175903,0.5342790484428406,0.3333333432674408,residual,audited,14.0
242,2280,1,5.08632755279541,-0.9553581476211548,3.0110578536987305,3.0107898712158203,0.014128325507044792,0.0020208340138196945,3,3,2.772588722239781,2,2,0.15886813049140017,0.9397441581767094,LH,0.15886813402175903,0.9397441744804382,0.6666666865348816,residual,audited,25.0
33,698,1,5.398141860961914,-0.7013309597969055,3.0370962619781494,3.0082051753997803,0.04846186190843582,0.007131889462471008,7,4,3.688879454113936,2,2,0.4110045184115584,0.6876077702565512,HH,0.41100451350212097,0.6876077651977539,0.37796449661254883,residual,audited,2.0
231,551,1,-1.323438286781311,1.5636622905731201,-0.8702379465103149,-2.1520845890045166,0.12951229512691498,0.027465244755148888,8,0,2.1972245773362196,0,0,0.00020231820106400537,-0.00020231820106400537,LL,0.00020231820235494524,-0.00020231820235494524,0.0,residual,audited,339.0
1026,1303,1,1.187503695487976,-0.8907890915870667,-0.7575514316558838,2.8188719749450684,0.01126251369714737,0.002514809835702181,3,4,2.995732273553991,0,0,0.18635403734841144,-0.18635403734841144,HL,0.18635404109954834,-0.18635404109954834,0.0,residual,audited,112.0
964,965,1,1.467213749885559,-0.686873733997345,-0.8189913034439087,2.9619052410125732,0.005463999230414629,0.0012214872986078262,5,2,2.8903717578961645,0,0,0.09556322073559016,-0.09556322073559016,LL,0.09556321799755096,-0.09556321799755096,0.0,residual,audited,32.0
277,973,1,2.1433074474334717,-0.11271991580724716,-0.5231846570968628,2.706418991088867,0.06708341091871262,0.019675977528095245,4,14,4.31748811353631,0,0,0.4547401543466098,-0.4547401543466098,HL,0.45474016666412354,-0.45474016666412354,0.0,residual,audited,43.0
1289,1705,1,0.7935593724250793,-0.9245124459266663,-0.8694373369216919,2.5793397426605225,0.002459744457155466,0.0005621310556307435,1,2,1.791759469228055,0,0,0.0022547768087889004,-0.0022547768087889004,LL,0.0022547768894582987,-0.0022547768894582987,0.0,residual,audited,96.0
371,1354,1,1.5709701776504517,-0.7073456048965454,-0.6720783710479736,2.922029495239258,0.02265496924519539,0.005239223130047321,6,3,3.332204510175204,0,0,0.2948110893321348,-0.2948110893321348,HL,0.29481109976768494,-0.29481109976768494,0.0,residual,audited,48.0
1042,2052,1,6.445775032043457,0.316991925239563,3.006237268447876,3.0084781646728516,0.10835794359445572,0.0168255977332592,17,3,4.276666119016055,2,2,0.37307410573463395,0.7255381829334756,HH,0.37307411432266235,0.7255381941795349,0.28005602955818176,residual,audited,14.0
372,1834,1,0.6878560781478882,-0.8314321041107178,-0.8189913034439087,2.3290069103240967,0.003562859259545803,0.0008945180452428758,2,4,2.7080502011022096,0,0,0.09556322073559016,-0.09556322073559016,LL,0.09556321799755096,-0.09556321799755096,0.0,residual,audited,119.0
541,647,1,1.396843433380127,-0.6607519388198853,-0.8693512678146362,2.918506622314453,0.0027303528040647507,0.0006133777205832303,3,1,2.0794415416798357,0,0,0.0024748238360119044,-0.0024748238360119044,LL,0.002474823733791709,-0.002474823733791709,0.0,residual,audited,24.0
297,899,1,1.1766666173934937,-0.9553581476211548,-0.7769805192947388,2.892798662185669,0.010496982373297215,0.002264411188662052,3,3,2.772588722239781,0,0,0.15886813049140017,-0.15886813049140017,LL,0.15886813402175903,-0.15886813402175903,0.0,residual,audited,106.0
13,1701,1,4.309091567993164,2.055515766143799,-0.8628910779953003,2.926046133041382,0.18471094965934753,0.030636247247457504,1,65,4.882801922586371,0,0,0.019220561367655327,-0.019220561367655327,HL,0.019220560789108276,-0.019220560789108276,0.0,residual,audited,94.0
210,1671,1,5.463779449462891,-0.570932149887085,3.003594160079956,2.9699995517730713,0.05540857091546059,0.008395321667194366,7,3,3.465735902799726,1,1,0.3182842168668844,0.3748629636930609,HH,0.31828421354293823,0.3748629689216614,0.2182178795337677,residual,audited,13.0
1709,1739,1,1.5769623517990112,-0.7073456048965454,-0.6720783710479736,2.9280216693878174,0.02265496924519539,0.005231973249465227,3,6,3.332204510175204,0,0,0.2948110893321348,-0.2948110893321348,HL,0.29481109976768494,-0.29481109976768494,0.0,residual,audited,32.0
876,1358,1,7.547508716583252,1.6903492212295532,2.950848340988159,2.7181942462921143,0.18240681290626526,0.024186113849282265,3,139,6.327936783729195,1,1,0.5947108813669576,0.09843629919298769,HH,0.5947108864784241,0.09843629598617554,0.048970211297273636,residual,audited,64.0
725,1652,1,1.1431012153625488,-0.914107620716095,-0.6811774969100952,2.713289499282837,0.019387204200029373,0.004479522816836834,4,4,3.2188758248682006,0,0,0.28390807133755275,-0.28390807133755275,HL,0.28390806913375854,-0.28390806913375854,0.0,residual,audited,111.0
1624,1705,1,3.0795469284057617,0.7171791791915894,-0.7462797164916992,3.0105865001678467,0.09235149621963501,0.020224150270223618,16,2,3.9318256327243257,0,0,0.2022090658798931,-0.2022090658798931,HL,0.20220907032489777,-0.20220907032489777,0.0,residual,audited,126.0
2382,2383,1,5.943877220153809,-0.15002834796905518,3.011705160140991,2.9925570487976074,0.08393359184265137,0.013454725034534931,2,8,3.295836866004329,1,1,0.13114030699904125,0.5620068735609041,HH,0.1311403065919876,0.5620068907737732,0.25,residual,audited,2.0
1257,2677,1,3.6232080459594727,1.393432378768921,-0.8673561811447144,2.9645211696624756,0.1269010454416275,0.02371002547442913,14,1,3.4011973816621555,0,0,0.007582155548103726,-0.007582155548103726,HL,0.007582155521959066,-0.007582155521959066,0.0,residual,audited,25.0
1282,1776,1,5.423468112945557,-0.33194634318351746,2.9733901023864746,2.6971166133880615,0.07919840514659882,0.01302251685410738,4,11,4.0943445622221,1,1,0.4341374797387387,0.2590097008212066,HH,0.4341374933719635,0.2590096890926361,0.15075567364692688,residual,audited,38.0
681,1445,1,5.391355514526367,-0.6607519388198853,3.0426995754241943,2.9738330841064453,0.029865466058254242,0.004452780354768038,3,1,2.0794415416798357,1,1,0.0024748238360119044,0.6906723567239333,LH,0.002474823733791709,0.6906723380088806,0.5773502588272095,residual,audited,3.0
513,1528,1,1.5625709295272827,-0.3617401421070099,-0.8693512678146362,2.7758877277374268,0.012064985930919647,0.003001954173669219,1,4,2.3025850929940455,0,0,0.0024748238360119044,-0.0024748238360119044,LL,0.002474823733791709,-0.002474823733791709,0.0,residual,audited,44.0
310,1950,1,5.441995143890381,-0.6557852625846863,3.0367064476013184,3.0010550022125244,0.05430954694747925,0.008048415184020996,15,13,5.41164605185504,8,8,0.9777813763150845,1.219443201021135,HH,0.977781355381012,1.2194433212280273,0.572891891002655,residual,audited,25.0
88,696,1,2.8803482055664062,1.302611231803894,-0.8023717403411865,2.2460899353027344,0.1283091902732849,0.028644395992159843,31,2,4.564348191467836,0,0,0.12202718859176774,-0.12202718859176774,HL,0.122027188539505,-0.122027188539505,0.0,residual,audited,27.0
832,2600,1,-0.040788959711790085,2.4337363243103027,-0.8696141242980957,-1.8471786975860596,0.23655784130096436,0.04391201585531235,0,0,0.0,0,0,0.0018015872129917689,-0.0018015872129917689,LL,0.001801587175577879,-0.001801587175577879,0.0,residual,audited,57.0
1731,1755,1,5.011626243591309,-0.8314321041107178,2.932950496673584,2.876354932785034,0.02804338000714779,0.004205173347145319,4,2,2.7080502011022096,1,1,0.09556322073559016,0.5975839598243551,LH,0.09556321799755096,0.5975839495658875,0.3535533845424652,residual,audited,64.0
291,1692,1,3.850368022918701,1.6461350917816162,-0.8714361190795898,2.930915117263794,0.1390443593263626,0.02488476037979126,0,18,2.9444389791664403,0,0,-0.0028715724223535776,0.0028715724223535776,LH,-0.002871572505682707,0.002871572505682707,0.0,residual,audited,14.0
876,2584,1,3.427572011947632,1.4245469570159912,-0.8695274591445923,2.753446578979492,0.11339643597602844,0.02197214588522911,3,0,1.3862943611198906,0,0,0.0020240857061117087,-0.0020240857061117087,LL,0.0020240857265889645,-0.0020240857265889645,0.0,residual,audited,42.0
51,1392,1,5.391329765319824,-0.686873733997345,3.0607211589813232,2.970806121826172,0.040966715663671494,0.006060732062906027,5,2,2.8903717578961645,1,1,0.09556322073559016,0.5975839598243551,LH,0.09556321799755096,0.5975839495658875,0.3162277638912201,residual,audited,2.0
1254,1308,1,1.0465428829193115,-0.9245124459266663,-0.8694373369216919,2.8323233127593994,0.002459744457155466,0.0005314077716320753,1,2,1.791759469228055,0,0,0.0022547768087889004,-0.0022547768087889004,LL,0.0022547768894582987,-0.0022547768894582987,0.0,residual,audited,115.0
124,306,1,7.538826942443848,1.36488938331604,2.9726054668426514,3.026559591293335,0.16906249523162842,0.022442568093538284,3,64,5.560681631015528,1,1,0.37883510134058207,0.3143120792193632,HH,0.37883511185646057,0.31431207060813904,0.07216878235340118,residual,audited,28.0
571,696,1,1.2957608699798584,1.3881206512451172,-0.8696131706237793,0.6630509495735168,0.1084928959608078,0.03581477701663971,0,2,1.0986122886681096,0,0,0.0018040386788887037,-0.0018040386788887037,LL,0.0018040386494249105,-0.0018040386494249105,0.0,residual,audited,36.0
426,1789,1,1.620032548904419,-0.7970065474510193,-0.6125524044036865,2.9976131916046143,0.02626875229179859,0.005925138480961323,6,4,3.5553480614894135,0,0,0.36593201385162366,-0.36593201385162366,HL,0.36593201756477356,-0.36593201756477356,0.0,residual,audited,51.0
2001,2335,1,2.392112970352173,-0.27531108260154724,-0.406024307012558,3.0024352073669434,0.06530354917049408,0.017418580129742622,14,5,4.499809670330265,0,0,0.5594178356868584,-0.5594178356868584,HL,0.5594178438186646,-0.5594178438186646,0.0,residual,audited,74.0
36,1552,1,5.2216691970825195,-0.7970065474510193,2.9772515296936035,2.991844892501831,0.04387001320719719,0.00644202483817935,6,4,3.5553480614894135,1,1,0.36593201385162366,0.3272151667083216,HH,0.36593201756477356,0.32721516489982605,0.20412413775920868,residual,audited,7.0
217,2473,1,1.1608350276947021,-0.9245124459266663,-0.8694373369216919,2.94661545753479,0.002459744457155466,0.0005186024936847389,2,1,1.791759469228055,0,0,0.0022547768087889004,-0.0022547768087889004,LL,0.0022547768894582987,-0.0022547768894582987,0.0,residual,audited,27.0
2164,2217,1,1.448638677597046,-0.6607519388198853,-0.8693512678146362,2.970301866531372,0.0027303528040647507,0.0006063225446268916,1,3,2.0794415416798357,0,0,0.0024748238360119044,-0.0024748238360119044,LL,0.002474823733791709,-0.002474823733791709,0.0,residual,audited,52.0
1701,1867,1,7.8073811531066895,1.6928436756134033,3.0290520191192627,2.900719165802002,0.17905665934085846,0.02295106276869774,65,2,5.288267030694534,1,1,0.12096263438023963,0.5721845461797057,HH,0.12096263468265533,0.5721845626831055,0.08770579844713211,residual,audited,7.0
549,1497,1,3.0032832622528076,1.4245469570159912,-0.8695274591445923,2.329157590866089,0.11339643597602844,0.023940326645970345,3,0,1.3862943611198906,0,0,0.0020240857061117087,-0.0020240857061117087,LL,0.0020240857265889645,-0.0020240857265889645,0.0,residual,audited,63.0
308,1670,1,1.233507513999939,-0.9238550662994385,-0.8322659730911255,2.9808602333068848,0.0030586356297135353,0.0006452763336710632,3,2,2.484906649788,0,0,0.07427853032672008,-0.07427853032672008,LL,0.07427853345870972,-0.07427853345870972,0.0,residual,audited,80.0
1102,2464,1,5.635944843292236,-0.5068864822387695,3.0681049823760986,3.0059726238250732,0.0630442202091217,0.009488883428275585,4,9,3.9120230054281464,4,4,0.41743282735477827,1.192005085079322,HH,0.4174328148365021,1.1920051574707031,0.6666666865348816,residual,audited,7.0
836,2078,1,-0.27204766869544983,-0.686873733997345,-0.8189913034439087,1.2226437330245972,0.005463999230414629,0.001998556312173605,5,2,2.8903717578961645,0,0,0.09556322073559016,-0.09556322073559016,LL,0.09556321799755096,-0.09556321799755096,0.0,residual,audited,133.0
1396,2394,1,5.838249206542969,-0.27531108260154724,3.002122640609741,3.0261316299438477,0.07959651201963425,0.012469762936234474,5,14,4.499809670330265,3,3,0.5594178356868584,0.8268765254330321,HH,0.5594178438186646,0.8268765211105347,0.35856857895851135,residual,audited,17.0
294,306,1,2.2768633365631104,2.0524909496307373,-0.820815920829773,0.8543675541877747,0.18511098623275757,0.047309260815382004,1,64,4.867534450455582,0,0,0.09264389345827083,-0.09264389345827083,HL,0.09264389425516129,-0.09264389425516129,0.0,residual,audited,208.0
1876,1986,1,4.261298656463623,2.0211024284362793,-0.8819965124130249,2.9348816871643066,0.1816013753414154,0.030168434605002403,1,55,4.718498871295095,0,0,-0.030648706081244377,0.030648706081244377,HH,-0.03064870648086071,0.03064870648086071,0.0,residual,audited,143.0
1050,1320,1,1.7136512994766235,-0.570932149887085,-0.6524608135223389,2.9001612663269043,0.031173359602689743,0.007503105793148279,7,3,3.465735902799726,0,0,0.3182842168668844,-0.3182842168668844,HL,0.31828421354293823,-0.31828421354293823,0.0,residual,audited,33.0
561,1016,1,-0.9026466012001038,1.4245469570159912,-0.8695274591445923,-1.5767722129821777,0.11339643597602844,0.02846122346818447,0,3,1.3862943611198906,0,0,0.0020240857061117087,-0.0020240857061117087,LL,0.0020240857265889645,-0.0020240857265889645,0.0,residual,audited,132.0
858,2182,1,3.474945306777954,1.542969822883606,-0.8677048683166504,2.6548285484313965,0.13914231956005096,0.026734253391623497,1,17,3.58351893845611,0,0,0.006690463161334578,-0.006690463161334578,HL,0.006690463051199913,-0.006690463051199913,0.0,residual,audited,7.0
151,2238,1,1.9342666864395142,-0.44030943512916565,-0.6570804119110107,2.988316535949707,0.037630345672369,0.009126187302172184,3,8,3.58351893845611,0,0,0.31276047812031493,-0.31276047812031493,HL,0.31276047229766846,-0.31276047229766846,0.0,residual,audited,83.0
1171,1909,1,-1.059144377708435,-0.570932149887085,-0.6524608135223389,0.12736564874649048,0.031173359602689743,0.022557811811566353,7,3,3.465735902799726,0,0,0.3182842168668844,-0.3182842168668844,HL,0.31828421354293823,-0.31828421354293823,0.0,residual,audited,88.0
611,2690,1,0.95219886302948,2.4337363243103027,-0.8696141242980957,-0.8541908860206604,0.23655784130096436,0.053835343569517136,0,0,0.0,0,0,0.0018015872129917689,-0.0018015872129917689,LL,0.001801587175577879,-0.001801587175577879,0.0,residual,audited,68.0
1154,1358,1,6.762370586395264,0.8088546395301819,2.920314073562622,2.883450746536255,0.14404168725013733,0.021318472921848297,9,139,7.24422751560335,4,4,1.3502808236002595,0.2591570888338408,HH,1.3502808809280396,0.25915706157684326,0.1130918487906456,residual,audited,134.0
541,1022,1,1.5894931554794312,-0.7073456048965454,-0.6720783710479736,2.9405524730682373,0.02265496924519539,0.005216876044869423,3,6,3.332204510175204,0,0,0.2948110893321348,-0.2948110893321348,HL,0.29481109976768494,-0.29481109976768494,0.0,residual,audited,24.0
132,379,1,5.1555256843566895,-0.8688204288482666,3.0268867015838623,2.9624061584472656,0.029343722388148308,0.004260458052158356,4,5,3.401197381662155,3,3,0.2630515329052116,1.123242828214679,HH,0.2630515396595001,1.1232428550720215,0.6708203554153442,residual,audited,16.0
1203,1410,1,1.5709761381149292,-0.7073456048965454,-0.6720783710479736,2.9220354557037354,0.02265496924519539,0.005239216145128012,6,3,3.332204510175204,0,0,0.2948110893321348,-0.2948110893321348,HL,0.29481109976768494,-0.29481109976768494,0.0,residual,audited,91.0
2151,2423,1,1.23940908908844,-0.9238550662994385,-0.8322659730911255,2.9867618083953857,0.0030586356297135353,0.000644473999273032,2,3,2.484906649788,0,0,0.07427853032672008,-0.07427853032672008,LL,0.07427853345870972,-0.07427853345870972,0.0,residual,audited,106.0
1641,2495,1,1.1314799785614014,-1.0126283168792725,-0.8388177156448364,2.9709997177124023,0.00621663685888052,0.0012874449603259563,2,2,2.197224577336219,0,0,0.06401224965593211,-0.06401224965593211,LL,0.06401225179433823,-0.06401225179433823,0.0,residual,audited,32.0
478,514,1,5.107821941375732,-0.8314321041107178,2.990156412124634,2.917794704437256,0.025593334808945656,0.0037832111120224,2,4,2.7080502011022096,1,1,0.09556322073559016,0.5975839598243551,LH,0.09556321799755096,0.5975839495658875,0.3535533845424652,residual,audited,14.0
2471,2493,1,1.4423456192016602,-0.6607519388198853,-0.8693512678146362,2.9640088081359863,0.0027303528040647507,0.0006071710959076881,1,3,2.0794415416798357,0,0,0.0024748238360119044,-0.0024748238360119044,LL,0.002474823733791709,-0.002474823733791709,0.0,residual,audited,35.0
42,87,1,1.2185451984405518,-0.9245124459266663,-0.8694373369216919,3.0043256282806396,0.002459744457155466,0.0005123682785779238,1,2,1.791759469228055,0,0,0.0022547768087889004,-0.0022547768087889004,LL,0.0022547768894582987,-0.0022547768894582987,0.0,residual,audited,78.0
793,1902,1,5.575809001922607,-0.4859979748725891,3.044356346130371,2.9570059776306152,0.05473461002111435,0.008366527035832405,2,6,3.0445224377234226,1,1,0.10023401181546886,0.5929131687444764,HH,0.1002340093255043,0.5929131507873535,0.28867512941360474,residual,audited,3.0
30,738,1,1.3200255632400513,-0.8907890915870667,-0.7575514316558838,2.9513938426971436,0.01126251369714737,0.0024425333831459284,4,3,2.995732273553991,0,0,0.18635403734841144,-0.18635403734841144,HL,0.18635404109954834,-0.18635404109954834,0.0,residual,audited,50.0
424,436,1,3.566756010055542,1.542969822883606,-0.8677048683166504,2.7466390132904053,0.13914231956005096,0.026270834729075432,1,17,3.58351893845611,0,0,0.006690463161334578,-0.006690463161334578,HL,0.006690463051199913,-0.006690463051199913,0.0,residual,audited,50.0
417,1072,1,5.339836120605469,0.4271864891052246,2.96769642829895,1.8131760358810425,0.1260678470134735,0.023634206503629684,4,26,4.90527477843843,1,1,0.5281305324979,0.1650166480620453,HH,0.5281305313110352,0.16501665115356445,0.0980580672621727,residual,audited,136.0
1675,1914,1,3.0654585361480713,0.5745186805725098,-0.6210204362869263,3.010470390319824,0.09578023105859756,0.022265205159783363,3,22,4.5217885770490405,0,0,0.3558306615151853,-0.3558306615151853,HL,0.35583066940307617,-0.35583066940307617,0.0,residual,audited,89.0
405,2059,1,1.1757317781448364,-0.9238550662994385,-0.8322659730911255,2.9230844974517822,0.0030586356297135353,0.0006532386178150773,2,3,2.484906649788,0,0,0.07427853032672008,-0.07427853032672008,LL,0.07427853345870972,-0.07427853345870972,0.0,residual,audited,81.0
1623,1769,1,3.7717068195343018,1.4001353979110718,-0.7864056825637817,3.0159800052642822,0.13628754019737244,0.025527704507112503,36,2,4.709530201312334,0,0,0.14545922246111387,-0.14545922246111387,HL,0.14545921981334686,-0.14545921981334686,0.0,residual,audited,69.0
1194,2670,1,3.581387758255005,1.3881206512451172,-0.8696131706237793,2.9486777782440186,0.1084928959608078,0.020412953570485115,0,2,1.0986122886681096,0,0,0.0018040386788887037,-0.0018040386788887037,LL,0.0018040386494249105,-0.0018040386494249105,0.0,residual,audited,8.0
85,2488,1,3.4241788387298584,1.3881206512451172,-0.8696131706237793,2.791468858718872,0.1084928959608078,0.021035147830843925,2,0,1.0986122886681096,0,0,0.0018040386788887037,-0.0018040386788887037,LL,0.0018040386494249105,-0.0018040386494249105,0.0,residual,audited,57.0
2251,2252,1,3.549241304397583,1.3881206512451172,-0.8696131706237793,2.9165313243865967,0.1084928959608078,0.02053716965019703,0,2,1.0986122886681096,0,0,0.0018040386788887037,-0.0018040386788887037,LL,0.0018040386494249105,-0.0018040386494249105,0.0,residual,audited,12.0
472,2029,1,1.6550049781799316,-0.4859979748725891,-0.8160684108734131,2.9350314140319824,0.016330217942595482,0.003839307464659214,6,2,3.0445224377234226,0,0,0.10023401181546886,-0.10023401181546886,HL,0.1002340093255043,-0.1002340093255043,0.0,residual,audited,23.0
267,2000,1,-1.9597971439361572,-0.9238550662994385,-0.8322659730911255,-0.2124444842338562,0.0030586356297135353,0.001551327994093299,2,3,2.484906649788,0,0,0.07427853032672008,-0.07427853032672008,LL,0.07427853345870972,-0.07427853345870972,0.0,residual,audited,182.0
1889,1890,1,6.370112895965576,0.2788354754447937,3.0267069339752197,2.9557740688323975,0.10308675467967987,0.01619739457964897,6,1,2.6390573296152584,1,1,0.007277398667662731,0.6858697818922825,LH,0.007277398835867643,0.6858698129653931,0.40824827551841736,residual,audited,3.0
1134,2296,1,0.9009683728218079,-1.0126283168792725,-0.8388177156448364,2.740488052368164,0.00621663685888052,0.00135198631323874,2,2,2.197224577336219,0,0,0.06401224965593211,-0.06401224965593211,LL,0.06401225179433823,-0.06401225179433823,0.0,residual,audited,95.0
1635,2383,1,-0.3456161916255951,-0.44030943512916565,-0.6570804119110107,0.7084335684776306,0.037630345672369,0.020412959158420563,3,8,3.58351893845611,0,0,0.31276047812031493,-0.31276047812031493,HL,0.31276047229766846,-0.31276047229766846,0.0,residual,audited,119.0
423,525,1,5.901352405548096,-0.18088194727897644,3.009917974472046,2.9825522899627686,0.08405430614948273,0.013432770036160946,4,13,4.248495242049359,1,1,0.4409267179190763,0.252220462640869,HH,0.440926730632782,0.2522204518318176,0.1386750489473343,residual,audited,21.0
252,973,1,2.558567762374878,0.12479414790868759,-0.6284369230270386,2.986711025238037,0.06978984922170639,0.01831883378326893,3,14,4.0943445622221,0,0,0.3469803221068322,-0.3469803221068322,HL,0.34698033332824707,-0.34698033332824707,0.0,residual,audited,160.0
1224,1370,1,6.129251480102539,0.024092957377433777,2.983403205871582,3.015122890472412,0.10092278569936752,0.01648111268877983,20,5,4.836281906951478,2,2,0.6372025663779939,0.4614097222901157,HH,0.6372025609016418,0.4614097476005554,0.20000000298023224,residual,audited,4.0
109,1772,1,6.6195244789123535,0.49007099866867065,2.969172477722168,3.0254311561584473,0.12914036214351654,0.01952585019171238,28,4,4.976733742420574,1,1,0.44026551856242097,0.2528816619975243,HH,0.4402655065059662,0.2528816759586334,0.09449112415313721,residual,audited,59.0
402,776,1,5.652568340301514,-0.4859979748725891,3.0743086338043213,3.0065226554870605,0.05202532187104225,0.007860169745981693,6,2,3.0445224377234226,2,2,0.10023401181546886,0.9983782768526407,HH,0.1002340093255043,0.9983782768249512,0.5773502588272095,residual,audited,5.0
1013,1293,1,3.293485164642334,1.254570484161377,-0.8636870384216309,2.7760400772094727,0.12085206806659698,0.024097399786114693,29,2,4.499809670330265,0,0,0.017144623807369665,-0.017144623807369665,HL,0.017144624143838882,-0.017144624143838882,0.0,residual,audited,101.0
560,2526,1,1.2624889612197876,-0.849980890750885,-0.8696141242980957,2.954554319381714,0.021819986402988434,0.0046465350314974785,1,1,1.3862943611198906,0,0,0.0018015872129917689,-0.0018015872129917689,LL,0.001801587175577879,-0.001801587175577879,0.0,residual,audited,4.0
306,308,1,7.562022686004639,1.36488938331604,3.00331449508667,3.0228700637817383,0.16523876786231995,0.021867644041776657,64,3,5.560681631015528,2,2,0.37883510134058207,0.7197771873275275,HH,0.37883511185646057,0.7197772264480591,0.14433756470680237,residual,audited,22.0
1142,2326,1,1.0869431495666504,-0.6607519388198853,-0.8693512678146362,2.6086063385009766,0.0027303528040647507,0.0006592762074433267,1,3,2.0794415416798357,0,0,0.0024748238360119044,-0.0024748238360119044,LL,0.002474823733791709,-0.002474823733791709,0.0,residual,audited,129.0
71,2691,1,1.6258233785629272,1.4210647344589233,-0.8694373369216919,0.9573771953582764,0.11110913008451462,0.0330781526863575,0,1,0.6931471805599453,0,0,0.0022547768087889004,-0.0022547768087889004,LL,0.0022547768894582987,-0.0022547768894582987,0.0,residual,audited,67.0
460,1989,1,0.3414415717124939,-0.9245124459266663,3.006521463394165,-1.7499078512191772,0.003630646737292409,0.0006386842578649521,2,1,1.791759469228055,1,1,0.0022547768087889004,0.6908924037511563,LH,0.0022547768894582987,0.6908923983573914,0.7071067690849304,residual,audited,201.0
1531,1889,1,1.5650362968444824,-0.4859979748725891,-0.8160684108734131,2.845062732696533,0.016330217942595482,0.00392227154225111,2,6,3.0445224377234226,0,0,0.10023401181546886,-0.10023401181546886,HL,0.1002340093255043,-0.1002340093255043,0.0,residual,audited,73.0
1070,1470,1,1.2779735326766968,-0.887832760810852,-0.610509991645813,2.7453255653381348,0.025281107053160667,0.005922090727835894,5,5,3.58351893845611,0,0,0.3683678903821438,-0.3683678903821438,HL,0.36836788058280945,-0.36836788058280945,0.0,residual,audited,128.0
825,1765,1,2.195546865463257,1.6247382164001465,-0.8700757026672363,1.2985694408416748,0.1366051733493805,0.03475968539714813,0,14,2.70805020110221,0,0,0.0006184180575551858,-0.0006184180575551858,LL,0.0006184180383570492,-0.0006184180383570492,0.0,residual,audited,220.99999999999997
1399,2227,1,0.41503968834877014,-0.8907890915870667,-0.7575514316558838,2.04640793800354,0.01126251369714737,0.0030389856547117233,4,3,2.995732273553991,0,0,0.18635403734841144,-0.18635403734841144,HL,0.18635404109954834,-0.18635404109954834,0.0,residual,audited,149.0
1920,2310,1,1.1136903762817383,-0.6607519388198853,-0.8693512678146362,2.6353535652160645,0.0027303528040647507,0.000655045616440475,3,1,2.0794415416798357,0,0,0.0024748238360119044,-0.0024748238360119044,LL,0.002474823733791709,-0.002474823733791709,0.0,residual,audited,95.0
310,1241,1,2.9893126487731934,0.6449396014213562,-0.7533626556396484,3.004706859588623,0.08731909096240997,0.019446037709712982,15,2,3.8712010109078907,0,0,0.19225343103972337,-0.19225343103972337,HL,0.19225342571735382,-0.19225342571735382,0.0,residual,audited,92.99999999999999
653,1231,1,0.7088544964790344,2.4337363243103027,-0.8696141242980957,-1.097535252571106,0.23655784130096436,0.05101039633154869,0,0,0.0,0,0,0.0018015872129917689,-0.0018015872129917689,LL,0.001801587175577879,-0.001801587175577879,0.0,residual,audited,122.0
472,1182,1,5.3338189125061035,-0.7073456048965454,3.043990135192871,2.9501969814300537,0.041268035769462585,0.0061203110963106155,6,3,3.332204510175204,2,2,0.2948110893321348,0.8038011993359748,HH,0.29481109976768494,0.8038011789321899,0.4714045524597168,residual,audited,2.0
634,2227,1,1.0162503719329834,-0.6607519388198853,-0.8693512678146362,2.5379135608673096,0.0027303528040647507,0.0006707251886837184,1,3,2.0794415416798357,0,0,0.0024748238360119044,-0.0024748238360119044,LL,0.002474823733791709,-0.002474823733791709,0.0,residual,audited,109.0
165,2706,1,5.0943121910095215,-0.9553581476211548,3.0686070919036865,2.9628586769104004,0.012495159171521664,0.0017851963639259338,3,3,2.772588722239781,2,2,0.15886813049140017,0.9397441581767094,LH,0.15886813402175903,0.9397441744804382,0.6666666865348816,residual,audited,13.0
1200,2414,1,1.0167295932769775,-0.9245124459266663,-0.8694373369216919,2.8025100231170654,0.002459744457155466,0.000534852675627917,2,1,1.791759469228055,0,0,0.0022547768087889004,-0.0022547768087889004,LL,0.0022547768894582987,-0.0022547768894582987,0.0,residual,audited,64.0
839,965,1,1.1244432926177979,-1.0126283168792725,-0.8388177156448364,2.963963031768799,0.00621663685888052,0.0012893237872049212,2,2,2.197224577336219,0,0,0.06401224965593211,-0.06401224965593211,LL,0.06401225179433823,-0.06401225179433823,0.0,residual,audited,37.0
456,2347,1,6.038726806640625,0.010480925440788269,3.0012764930725098,2.929413318634033,0.09184624254703522,0.015223931521177292,9,2,3.4011973816621555,1,1,0.13114030699904125,0.5620068735609041,HH,0.1311403065919876,0.5620068907737732,0.2357022762298584,residual,audited,8.0
1224,1525,1,2.9621992111206055,0.47862696647644043,-0.6222151517868042,3.0100395679473877,0.09003831446170807,0.021432997658848763,20,3,4.430816798843313,0,0,0.35440529161499984,-0.35440529161499984,HL,0.3544052839279175,-0.3544052839279175,0.0,residual,audited,131.0
1725,2597,1,5.330500602722168,-0.4676757752895355,2.920856475830078,2.80183744430542,0.06977248936891556,0.011145511642098427,11,5,4.276666119016055,2,2,0.5215405190721637,0.5770717695959459,HH,0.5215405225753784,0.5770717859268188,0.2696799635887146,residual,audited,46.0
186,1672,1,3.407386064529419,1.4969106912612915,-0.8697152137756348,2.6528642177581787,0.12161660194396973,0.0236557237803936,5,0,1.791759469228055,0,0,0.0015424143024689073,-0.0015424143024689073,LL,0.0015424143057316542,-0.0015424143057316542,0.0,residual,audited,2.0
281,2247,1,1.4806662797927856,-0.887832760810852,-0.610509991645813,2.9480183124542236,0.025281107053160667,0.005653651896864176,5,5,3.58351893845611,0,0,0.3683678903821438,-0.3683678903821438,HL,0.36836788058280945,-0.36836788058280945,0.0,residual,audited,45.0
1148,1317,1,5.651299476623535,-0.3088802397251129,2.9332053661346436,2.947869300842285,0.07339552044868469,0.01171825174242258,2,7,3.1780538303479453,1,1,0.09727709888120242,0.5958700816787429,HH,0.09727709740400314,0.5958700776100159,0.26726123690605164,residual,audited,4.0
2221,2507,1,1.3983200788497925,-0.686873733997345,-0.8189913034439087,2.8930115699768066,0.005463999230414629,0.0012405940797179937,5,2,2.8903717578961645,0,0,0.09556322073559016,-0.09556322073559016,LL,0.09556321799755096,-0.09556321799755096,0.0,residual,audited,50.0
2247,2543,1,1.4413379430770874,-0.686873733997345,-0.8189913034439087,2.9360294342041016,0.005463999230414629,0.001228594221174717,5,2,2.8903717578961645,0,0,0.09556322073559016,-0.09556322073559016,LL,0.09556321799755096,-0.09556321799755096,0.0,residual,audited,35.0
676,1955,1,1.6355271339416504,-0.4859979748725891,-0.8160684108734131,2.915553569793701,0.016330217942595482,0.003856969764456153,2,6,3.0445224377234226,0,0,0.10023401181546886,-0.10023401181546886,HL,0.1002340093255043,-0.1002340093255043,0.0,residual,audited,25.0
1072,1725,1,5.107260227203369,-0.31098130345344543,2.9441568851470947,2.380255699157715,0.08811891078948975,0.015395947732031345,26,11,5.780743515792329,3,3,0.3167289164835432,1.0695654446363474,HH,0.3167289197444916,1.0695654153823853,0.17739370465278625,residual,audited,229.0
764,1358,1,7.683873176574707,1.6903492212295532,2.923328161239624,2.877819299697876,0.18666650354862213,0.02431134693324566,3,139,6.327936783729195,1,1,0.5947108813669576,0.09843629919298769,HH,0.5947108864784241,0.09843629598617554,0.048970211297273636,residual,audited,51.0
639,900,1,2.940990686416626,1.4210647344589233,-0.8694373369216919,2.2725446224212646,0.11110913008451462,0.023770952597260475,0,1,0.6931471805599453,0,0,0.0022547768087889004,-0.0022547768087889004,LL,0.0022547768894582987,-0.0022547768894582987,0.0,residual,audited,35.0
1901,2284,1,1.997851014137268,-0.03935926407575607,-0.8687324523925781,2.8711869716644287,0.029046131297945976,0.007627009879797697,5,1,2.4849066497880004,0,0,0.0040603077699362606,-0.0040603077699362606,LL,0.0040603079833090305,-0.0040603079833090305,0.0,residual,audited,49.00000000000001
90,155,1,5.164658069610596,-0.686873733997345,2.9693286418914795,2.8337295055389404,0.0427643284201622,0.006546198856085539,2,5,2.8903717578961645,2,2,0.09556322073559016,1.0030490679325195,LH,0.09556321799755096,1.0030491352081299,0.6324555277824402,residual,audited,5.0
1037,2654,1,4.857652187347412,-1.0126283168792725,2.937566041946411,2.9169962406158447,0.010008277371525764,0.0014552840730175376,2,2,2.197224577336219,1,1,0.06401224965593211,0.6291349309040132,LH,0.06401225179433823,0.6291349530220032,0.5,residual,audited,9.0
609,2448,1,1.6076302528381348,-0.4859979748725891,-0.8160684108734131,2.8876566886901855,0.016330217942595482,0.003882551332935691,6,2,3.0445224377234226,0,0,0.10023401181546886,-0.10023401181546886,HL,0.1002340093255043,-0.1002340093255043,0.0,residual,audited,184.0
454,1441,1,0.40594589710235596,-0.4055256247520447,-0.5131915807723999,1.2627689838409424,0.056184399873018265,0.02510843425989151,8,17,5.087596335232384,0,0,0.4643311629326067,-0.4643311629326067,HL,0.46433115005493164,-0.46433115005493164,0.0,residual,audited,171.0
434,1524,1,5.156531810760498,-0.8314321041107178,2.9803569316864014,2.978238821029663,0.023658452555537224,0.003472195938229561,4,2,2.7080502011022096,1,1,0.09556322073559016,0.5975839598243551,LH,0.09556321799755096,0.5975839495658875,0.3535533845424652,residual,audited,6.0
1676,1914,1,3.0446724891662598,0.2858518660068512,-0.35452112555503845,3.011650562286377,0.09598162770271301,0.025608723983168602,4,22,4.74493212836325,0,0,0.6104629684544925,-0.6104629684544925,HL,0.6104629635810852,-0.6104629635810852,0.0,residual,audited,67.0
449,2581,1,0.9507775902748108,-0.9245124459266663,-0.8694373369216919,2.736557960510254,0.002459744457155466,0.0005426344578154385,2,1,1.791759469228055,0,0,0.0022547768087889004,-0.0022547768087889004,LL,0.0022547768894582987,-0.0022547768894582987,0.0,residual,audited,78.0
487,1773,1,1.8802077770233154,-0.6026630997657776,-0.5749965906143188,3.014094829559326,0.03806309029459953,0.008998755365610123,8,4,3.8066624897703196,0,0,0.4047253779878611,-0.4047253779878611,HL,0.4047253727912903,-0.4047253727912903,0.0,residual,audited,149.0
666,1973,1,2.39184308052063,-0.02936040610074997,-0.6488817930221558,3.0042741298675537,0.060101404786109924,0.016058653593063354,3,12,3.951243718581427,0,0,0.3225624563234914,-0.3225624563234914,HL,0.32256245613098145,-0.32256245613098145,0.0,residual,audited,79.0
873,2313,1,-1.7521024942398071,1.4245469570159912,-0.8695274591445923,-2.4262280464172363,0.11339643597602844,0.023459555581212044,3,0,1.3862943611198906,0,0,0.0020240857061117087,-0.0020240857061117087,LL,0.0020240857265889645,-0.0020240857265889645,0.0,residual,audited,319.0
1986,1991,1,0.3474251925945282,2.0211024284362793,-0.8819965124130249,-0.9789918065071106,0.1816013753414154,0.044688764959573746,55,1,4.718498871295095,0,0,-0.030648706081244377,0.030648706081244377,HH,-0.03064870648086071,0.03064870648086071,0.0,residual,audited,245.99999999999997
210,1079,1,1.7066375017166138,-0.570932149887085,-0.6524608135223389,2.8931474685668945,0.031173359602689743,0.007515793666243553,7,3,3.465735902799726,0,0,0.3182842168668844,-0.3182842168668844,HL,0.31828421354293823,-0.31828421354293823,0.0,residual,audited,88.0
108,2157,1,1.3081982135772705,-0.8314321041107178,-0.8189913034439087,2.9493491649627686,0.003562859259545803,0.0007739734137430787,2,4,2.7080502011022096,0,0,0.09556322073559016,-0.09556322073559016,LL,0.09556321799755096,-0.09556321799755096,0.0,residual,audited,12.0
534,609,1,2.3650498390197754,0.2788354754447937,-0.8674753904342651,2.898770332336426,0.049209900200366974,0.012019149959087372,1,6,2.6390573296152584,0,0,0.007277398667662731,-0.007277398667662731,LL,0.007277398835867643,-0.007277398835867643,0.0,residual,audited,153.0
1807,2034,1,3.091456890106201,0.6705518960952759,-0.6904560327529907,3.008594512939453,0.09705676883459091,0.021729163825511932,4,35,5.19295685089021,0,0,0.2731760138842796,-0.2731760138842796,HL,0.27317601442337036,-0.27317601442337036,0.0,residual,audited,84.0
1310,2692,1,4.689260959625244,2.4337363243103027,-0.8696141242980957,2.882871150970459,0.23655784130096436,0.036831069737672806,0,0,0.0,0,0,0.0018015872129917689,-0.0018015872129917689,LL,0.001801587175577879,-0.001801587175577879,0.0,residual,audited,1.0
201,1701,1,6.958802223205566,0.8850406408309937,3.0634801387786865,2.8685202598571777,0.13605177402496338,0.019567087292671204,5,65,5.98141421125448,1,1,0.5313819631685418,0.16176521739140348,HH,0.5313819646835327,0.1617652177810669,0.055470023304224014,residual,audited,32.0
2075,2077,1,5.324457168579102,-0.7680517435073853,3.0380594730377197,3.0061635971069336,0.04257615655660629,0.006211098749190569,7,5,3.8712010109078907,3,3,0.5321398223609669,0.8541545387589237,HH,0.5321398377418518,0.8541545271873474,0.5070925354957581,residual,audited,11.0
367,2451,1,2.9115395545959473,0.9163621664047241,-0.8692748546600342,2.7662062644958496,0.09253639727830887,0.019924383610486984,1,9,2.9957322735539913,0,0,0.002670989411858091,-0.002670989411858091,HL,0.0026709893718361855,-0.0026709893718361855,0.0,residual,audited,31.0
40,1364,1,3.5323550701141357,1.3881206512451172,-0.8696131706237793,2.8996450901031494,0.1084928959608078,0.02060302533209324,2,0,1.0986122886681096,0,0,0.0018040386788887037,-0.0018040386788887037,LL,0.0018040386494249105,-0.0018040386494249105,0.0,residual,audited,18.0
110,567,1,4.964311599731445,-0.8688204288482666,2.9438610076904297,2.849193572998047,0.03436776623129845,0.005132395774126053,4,5,3.401197381662155,1,1,0.2630515329052116,0.4300956476547337,HH,0.2630515396595001,0.4300956428050995,0.22360679507255554,residual,audited,19.0
961,2555,1,5.153825759887695,-0.8907890915870667,3.051518440246582,2.964040994644165,0.023345736786723137,0.0033689418341964483,3,4,2.995732273553991,2,2,0.18635403734841144,0.9122582513196982,HH,0.18635404109954834,0.9122582674026489,0.5773502588272095,residual,audited,6.0
444,2289,1,1.3662079572677612,-0.8907890915870667,-0.7575514316558838,2.9975762367248535,0.01126251369714737,0.00241831224411726,4,3,2.995732273553991,0,0,0.18635403734841144,-0.18635403734841144,HL,0.18635404109954834,-0.18635404109954834,0.0,residual,audited,25.0
142,1628,1,2.6088850498199463,0.19150105118751526,-0.6409227848052979,2.9804892539978027,0.07210788875818253,0.018560489639639854,3,15,4.1588830833596715,0,0,0.3320721512816548,-0.3320721512816548,HL,0.3320721387863159,-0.3320721387863159,0.0,residual,audited,92.99999999999999
290,1765,1,2.2866382598876953,-0.11271991580724716,-0.5231846570968628,2.849749803543091,0.06708341091871262,0.01888217404484749,4,14,4.31748811353631,0,0,0.4547401543466098,-0.4547401543466098,HL,0.45474016666412354,-0.45474016666412354,0.0,residual,audited,185.0
167,1056,1,5.127722263336182,-0.9245124459266663,3.034174680709839,3.0081632137298584,0.004187027923762798,0.0006006319890730083,2,1,1.791759469228055,1,1,0.0022547768087889004,0.6908924037511563,LH,0.0022547768894582987,0.6908923983573914,0.7071067690849304,residual,audited,1.0
353,1345,1,5.2883477210998535,-0.6607519388198853,2.9661056995391846,2.9440126419067383,0.03327173367142677,0.005038009956479073,3,1,2.0794415416798357,1,1,0.0024748238360119044,0.6906723567239333,LH,0.002474823733791709,0.6906723380088806,0.5773502588272095,residual,audited,2.0
2304,2385,1,1.121410608291626,-0.8314321041107178,-0.8189913034439087,2.762561559677124,0.003562859259545803,0.0008067068411037326,2,4,2.7080502011022096,0,0,0.09556322073559016,-0.09556322073559016,LL,0.09556321799755096,-0.09556321799755096,0.0,residual,audited,78.0
306,2080,1,6.509143829345703,0.3788830637931824,2.9830315113067627,3.0208580493927,0.12066152691841125,0.018553508445620537,64,9,6.476972362889683,7,7,1.5104712875764321,0.5689702541034036,HH,1.5104713439941406,0.5689702033996582,0.2916666567325592,residual,audited,79.0
918,1098,1,1.187549114227295,-0.9245124459266663,-0.8694373369216919,2.973329544067383,0.002459744457155466,0.0005156978731974959,2,1,1.791759469228055,0,0,0.0022547768087889004,-0.0022547768087889004,LL,0.0022547768894582987,-0.0022547768894582987,0.0,residual,audited,81.0
962,1809,1,5.608967304229736,-0.4859979748725891,3.0663082599639893,2.9703116416931152,0.052635859698057175,0.008005145005881786,6,2,3.0445224377234226,2,2,0.10023401181546886,0.9983782768526407,HH,0.1002340093255043,0.9983782768249512,0.5773502588272095,residual,audited,7.0
1721,2476,1,4.998717784881592,-0.8423964381217957,2.9251925945281982,2.8703396320343018,0.03987251594662666,0.005970904603600502,6,5,3.737669618283368,1,1,0.43179865759892866,0.2613485229610166,HH,0.43179866671562195,0.26134851574897766,0.18257418274879456,residual,audited,18.0
347,408,1,5.180224895477295,-0.8278051018714905,3.00298810005188,2.969122886657715,0.030209189280867577,0.004422933328896761,3,5,3.1780538303479453,1,1,0.22577903790857956,0.4673681426513657,HH,0.22577904164791107,0.46736812591552734,0.25819888710975647,residual,audited,19.0
526,1007,1,4.914279937744141,-0.9553581476211548,2.937784194946289,2.9038052558898926,0.022339049726724625,0.0032758633606135845,3,3,2.772588722239781,1,1,0.15886813049140017,0.5342790500685451,LH,0.15886813402175903,0.5342790484428406,0.3333333432674408,residual,audited,30.0
309,2305,1,1.2116212844848633,-0.8314321041107178,-0.8189913034439087,2.8527722358703613,0.003562859259545803,0.000790559162851423,2,4,2.7080502011022096,0,0,0.09556322073559016,-0.09556322073559016,LL,0.09556321799755096,-0.09556321799755096,0.0,residual,audited,41.0
717,1907,1,3.664577007293701,1.5458869934082031,-0.8702379465103149,2.855926513671875,0.1272917091846466,0.02357540652155876,0,7,2.0794415416798357,0,0,0.00020231820106400537,-0.00020231820106400537,LL,0.00020231820235494524,-0.00020231820235494524,0.0,residual,audited,16.0
482,2230,1,-2.4553234577178955,-0.7073456048965454,-0.6720783710479736,-1.1042641401290894,0.02265496924519539,0.009039053693413734,6,3,3.332204510175204,0,0,0.2948110893321348,-0.2948110893321348,HL,0.29481109976768494,-0.29481109976768494,0.0,residual,audited,256.0
1623,1772,1,6.831395149230957,0.6923670172691345,2.9696121215820312,3.0260348320007324,0.137671560049057,0.020169630646705627,36,4,5.220355825078324,1,1,0.2731760138842796,0.4199711666756657,HH,0.27317601442337036,0.41997116804122925,0.0833333358168602,residual,audited,27.0
870,1119,1,6.490092754364014,0.37768030166625977,3.0223662853240967,2.9727563858032227,0.11158055812120438,0.017207583412528038,2,12,3.6635616461296463,1,1,0.18426105211107924,0.508886128448866,HH,0.18426105380058289,0.5088860988616943,0.20412413775920868,residual,audited,4.0
833,1678,1,0.5014685988426208,0.2788354754447937,-0.8674753904342651,1.035188913345337,0.049209900200366974,0.022060200572013855,6,1,2.6390573296152584,0,0,0.007277398667662731,-0.007277398667662731,LL,0.007277398835867643,-0.007277398835867643,0.0,residual,audited,78.0
1133,1500,1,5.055770397186279,-0.9238550662994385,3.037489175796509,2.925446033477783,0.010980644263327122,0.001591912005096674,3,2,2.484906649788,2,2,0.07427853032672008,1.0243337583413894,LH,0.07427853345870972,1.0243337154388428,0.8164965510368347,residual,audited,8.0
733,862,1,4.006788730621338,1.768813133239746,-0.8577319383621216,2.9325151443481445,0.15748269855976105,0.027548590674996376,25,1,3.9512437185814275,0,0,0.03149563168791701,-0.03149563168791701,HL,0.031495630741119385,-0.031495630741119385,0.0,residual,audited,52.0
1301,2140,1,1.3378199338912964,-0.8907890915870667,-0.7575514316558838,2.9691882133483887,0.01126251369714737,0.0024331435561180115,4,3,2.995732273553991,0,0,0.18635403734841144,-0.18635403734841144,HL,0.18635404109954834,-0.18635404109954834,0.0,residual,audited,57.0
551,2388,1,3.3750720024108887,1.4629534482955933,-0.8697152137756348,2.658198833465576,0.11792518198490143,0.023082789033651352,0,4,1.6094379124341003,0,0,0.0015424143024689073,-0.0015424143024689073,LL,0.0015424143057316542,-0.0015424143057316542,0.0,residual,audited,45.0
269,321,1,0.9722768068313599,-0.8314321041107178,-0.8189913034439087,2.6134276390075684,0.003562859259545803,0.0008348989067599177,4,2,2.7080502011022096,0,0,0.09556322073559016,-0.09556322073559016,LL,0.09556321799755096,-0.09556321799755096,0.0,residual,audited,18.0
88,415,1,5.623033046722412,-0.4510306417942047,2.982218027114868,3.0109145641326904,0.0752214714884758,0.011538123711943626,31,19,6.461468176353717,10,10,1.0986109547246738,1.2992843180736968,HH,1.0986109972000122,1.2992843389511108,0.4120428264141083,residual,audited,66.0
1955,2235,1,1.6435723304748535,-0.4859979748725891,-0.8160684108734131,2.9235987663269043,0.016330217942595482,0.0038496549241244793,6,2,3.0445224377234226,0,0,0.10023401181546886,-0.10023401181546886,HL,0.1002340093255043,-0.1002340093255043,0.0,residual,audited,17.0
657,2522,1,6.027260780334473,0.14748325943946838,2.9308111667633057,2.8430402278900146,0.10021656006574631,0.0166429802775383,10,2,3.4965075614664802,1,1,0.13924954374263468,0.5538976368173106,HH,0.1392495483160019,0.5538976192474365,0.22360679507255554,residual,audited,8.0
901,1042,1,6.149831295013428,0.06483625620603561,2.9800891876220703,2.9978175163269043,0.10137896984815598,0.016500156372785568,4,17,4.499809670330265,1,1,0.46722143061535454,0.22592574994459075,HH,0.4672214388847351,0.2259257435798645,0.12126781791448593,residual,audited,20.0
119,1549,1,5.290863513946533,-0.686873733997345,3.0212769508361816,2.909111261367798,0.04163916036486626,0.006253157742321491,5,2,2.8903717578961645,1,1,0.09556322073559016,0.5975839598243551,LH,0.09556321799755096,0.5975839495658875,0.3162277638912201,residual,audited,7.0
482,1810,1,6.446874618530273,0.36077678203582764,3.0321264266967773,2.9298057556152344,0.11845589429140091,0.018390445038676262,6,38,5.60947179518496,2,2,0.5301743708552809,0.5684379178128287,HH,0.5301743745803833,0.568437933921814,0.13245323300361633,residual,audited,5.0
48,598,1,2.8070976734161377,-0.027505584061145782,-0.1266527771949768,2.8634018898010254,0.09214446693658829,0.02963125891983509,7,26,5.375278407684165,0,0,0.8251345712510022,-0.8251345712510022,HL,0.8251345753669739,-0.8251345753669739,0.0,residual,audited,79.0
744,1154,1,5.592339515686035,-0.3231469392776489,2.933486223220825,2.898651361465454,0.07763944566249847,0.01245634350925684,3,9,3.6888794541139367,1,1,0.35666135733620163,0.33648582322374365,HH,0.3566613495349884,0.3364858329296112,0.19245009124279022,residual,audited,15.0
1951,2206,1,5.042684555053711,-1.0126283168792725,3.0548484325408936,2.9950995445251465,-0.00034476499422453344,4.8813373723533005e-05,2,2,2.197224577336219,1,1,0.06401224965593211,0.6291349309040132,LH,0.06401225179433823,0.6291349530220032,0.5,residual,audited,15.0
537,1165,1,5.724117279052734,-0.3617401421070099,3.0531201362609863,2.967611789703369,0.05941572040319443,0.009223340079188347,4,1,2.3025850929940455,1,1,0.0024748238360119044,0.6906723567239333,LH,0.002474823733791709,0.6906723380088806,0.5,residual,audited,2.0
439,1169,1,3.4709103107452393,1.6500661373138428,-0.8691438436508179,2.5362744331359863,0.14800386130809784,0.028443200513720512,1,20,3.7376696182833684,0,0,0.003006727339478526,-0.003006727339478526,HL,0.003006727434694767,-0.003006727434694767,0.0,residual,audited,144.0
649,1171,1,0.4032357633113861,1.5458869934082031,-0.8702379465103149,-0.4054147005081177,0.1272917091846466,0.043166834861040115,0,7,2.0794415416798357,0,0,0.00020231820106400537,-0.00020231820106400537,LL,0.00020231820235494524,-0.00020231820235494524,0.0,residual,audited,137.0
117,259,1,5.097771644592285,-0.849980890750885,3.0180985927581787,2.9243619441986084,-0.0004178362723905593,6.15111057413742e-05,1,1,1.3862943611198906,1,1,0.0018015872129917689,0.6913455933469536,LH,0.001801587175577879,0.6913455724716187,1.0,residual,audited,1.0
760,985,1,1.377172827720642,-0.8278051018714905,-0.7294425964355469,2.915057897567749,0.013652939349412918,0.0030434834770858288,5,3,3.1780538303479453,0,0,0.22577903790857956,-0.22577903790857956,HL,0.22577904164791107,-0.22577904164791107,0.0,residual,audited,178.0
1724,2215,1,4.414619445800781,-0.8907890915870667,3.032656669616699,2.244767189025879,0.022274749353528023,0.00359822204336524,4,3,2.995732273553991,1,1,0.18635403734841144,0.5067931432115338,HH,0.18635404109954834,0.5067931413650513,0.28867512941360474,residual,audited,121.0
2181,2196,1,3.517282009124756,1.4629534482955933,-0.8697152137756348,2.8004090785980225,0.11792518198490143,0.022457649931311607,4,0,1.6094379124341003,0,0,0.0015424143024689073,-0.0015424143024689073,LL,0.0015424143057316542,-0.0015424143057316542,0.0,residual,audited,30.0
56,447,1,5.055895805358887,-0.9238550662994385,2.9910874366760254,2.969205379486084,0.013748187571763992,0.0019930987618863583,2,3,2.484906649788,1,1,0.07427853032672008,0.6188686502332252,LH,0.07427853345870972,0.6188686490058899,0.40824827551841736,residual,audited,11.0
1061,1196,1,-2.560420274734497,-0.6607519388198853,-0.8693512678146362,-1.038757085800171,0.0027303528040647507,0.001061736955307424,1,3,2.0794415416798357,0,0,0.0024748238360119044,-0.0024748238360119044,LL,0.002474823733791709,-0.002474823733791709,0.0,residual,audited,169.0
1131,1909,1,2.86602783203125,0.42631086707115173,-0.6393290758132935,2.9878692626953125,0.08546707034111023,0.020649326965212822,19,3,4.382026634673881,0,0,0.33397562185019486,-0.33397562185019486,HL,0.333975613117218,-0.333975613117218,0.0,residual,audited,22.0
448,1826,1,5.343632698059082,-0.7073456048965454,3.0436079502105713,2.9599227905273438,0.041737984865903854,0.006181010976433754,3,6,3.332204510175204,1,1,0.2948110893321348,0.3983360912278105,HH,0.29481109976768494,0.3983360826969147,0.2357022762298584,residual,audited,5.0
133,1623,1,6.475827693939209,0.3233060836791992,2.9944913387298584,3.0309691429138184,0.12135171890258789,0.0187557190656662,6,36,5.556828061699537,2,2,0.5058002262849454,0.5928120623831642,HH,0.5058002471923828,0.5928120613098145,0.13608276844024658,residual,audited,42.0
985,1073,1,1.4153447151184082,-0.6607519388198853,-0.8693512678146362,2.9370079040527344,0.0027303528040647507,0.0006108388188295066,3,1,2.0794415416798357,0,0,0.0024748238360119044,-0.0024748238360119044,LL,0.002474823733791709,-0.002474823733791709,0.0,residual,audited,168.0
701,2062,1,5.362809658050537,-0.6607519388198853,3.0422847270965576,2.944098949432373,0.03146856278181076,0.0047118472866714,3,1,2.0794415416798357,1,1,0.0024748238360119044,0.6906723567239333,LH,0.002474823733791709,0.6906723380088806,0.5773502588272095,residual,audited,7.0
767,873,1,1.2766469717025757,-0.9553581476211548,-0.7769805192947388,2.992779016494751,0.010496982373297215,0.0022166038397699594,3,3,2.772588722239781,0,0,0.15886813049140017,-0.15886813049140017,LL,0.15886813402175903,-0.15886813402175903,0.0,residual,audited,106.0
1712,1725,1,6.1326375007629395,0.2682274281978607,2.93184494972229,2.8222098350524902,0.1046454980969429,0.017079602926969528,2,11,3.58351893845611,1,1,0.18349714014503832,0.5096500404149069,HH,0.18349714577198029,0.5096500515937805,0.21320071816444397,residual,audited,28.0
6,373,1,0.997951328754425,-1.0126283168792725,-0.8388177156448364,2.8374710083007812,0.00621663685888052,0.0013240595581009984,2,2,2.197224577336219,0,0,0.06401224965593211,-0.06401224965593211,LL,0.06401225179433823,-0.06401225179433823,0.0,residual,audited,107.00000000000001
1463,2133,1,5.147552013397217,-0.864807665348053,2.9981865882873535,2.974403142929077,0.03406022489070892,0.004956768359988928,6,6,3.8918202981106265,3,3,0.4980912941094418,0.8882030670104488,HH,0.49809128046035767,0.8882030844688416,0.5,residual,audited,30.0
229,1894,1,-0.20939478278160095,1.6003683805465698,-0.8706101179122925,-1.0788373947143555,0.13397465646266937,0.03636869788169861,0,11,2.4849066497880004,0,0,-0.0007524589277726183,0.0007524589277726183,LH,-0.0007524589309468865,0.0007524589309468865,0.0,residual,audited,95.0
1358,1745,1,7.205136299133301,1.2961641550064087,2.9389750957489014,2.805427312850952,0.15886002779006958,0.022065650671720505,139,5,6.733401891837358,2,2,0.6753982672514477,0.42321402141666187,HH,0.6753982901573181,0.42321401834487915,0.07586432248353958,residual,audited,110.0
1334,1542,1,6.629096984863281,0.459389865398407,3.059600830078125,2.984712600708008,0.11968443542718887,0.018069973215460777,4,27,4.941642422609304,1,1,0.552622881391737,0.1405242991682083,HH,0.5526228547096252,0.14052432775497437,0.09622504562139511,residual,audited,15.0
442,2362,1,2.591801643371582,1.5237516164779663,-0.8702379465103149,1.8079649209976196,0.12461334466934204,0.028801893815398216,6,0,1.9459101490553132,0,0,0.00020231820106400537,-0.00020231820106400537,LL,0.00020231820235494524,-0.00020231820235494524,0.0,residual,audited,15.0
383,2268,1,5.345009803771973,-0.686873733997345,3.0198822021484375,2.964219093322754,0.04207214340567589,0.006267220247536898,2,5,2.8903717578961645,1,1,0.09556322073559016,0.5975839598243551,LH,0.09556321799755096,0.5975839495658875,0.3162277638912201,residual,audited,5.0
525,1628,1,5.409158706665039,-0.6557852625846863,3.0029478073120117,2.999321460723877,0.05696466192603111,0.008483171463012695,13,15,5.41164605185504,4,4,0.9777813763150845,0.6316565361190157,HH,0.977781355381012,0.6316565871238708,0.2864459455013275,residual,audited,90.0
1899,1902,1,1.5581287145614624,-0.7073456048965454,-0.6720783710479736,2.9091880321502686,0.02265496924519539,0.005254828836768866,3,6,3.332204510175204,0,0,0.2948110893321348,-0.2948110893321348,HL,0.29481109976768494,-0.29481109976768494,0.0,residual,audited,51.0
1986,2001,1,6.037723064422607,-0.010677866637706757,3.0296261310577393,2.9094598293304443,0.10360520333051682,0.01711529679596424,55,14,6.73340189183736,2,2,1.135801183722821,-0.03718889505471146,HL,1.1358011960983276,-0.03718888759613037,0.0720749944448471,residual,audited,77.0
1358,1761,1,7.246006488800049,1.2961641550064087,2.937861204147339,2.8426835536956787,0.16358789801597595,0.022594086825847626,139,5,6.733401891837358,2,2,0.6753982672514477,0.42321402141666187,HH,0.6753982901573181,0.42321401834487915,0.07586432248353958,residual,audited,98.99999999999999
745,1986,1,6.182011127471924,0.48005813360214233,3.027696371078491,2.5568504333496094,0.11169649660587311,0.01808468997478485,7,55,6.104793232414986,6,6,0.9127505241240477,1.0331596249312656,HH,0.9127505421638489,1.0331597328186035,0.3057883381843567,residual,audited,66.0
32,518,1,1.292288899421692,-0.9553581476211548,-0.7769805192947388,3.008420944213867,0.010496982373297215,0.00220930646173656,3,3,2.772588722239781,0,0,0.15886813049140017,-0.15886813049140017,LL,0.15886813402175903,-0.15886813402175903,0.0,residual,audited,81.0
1427,2446,1,1.6096479892730713,-0.4859979748725891,-0.8160684108734131,2.889674425125122,0.016330217942595482,0.0038806896191090345,2,6,3.0445224377234226,0,0,0.10023401181546886,-0.10023401181546886,HL,0.1002340093255043,-0.1002340093255043,0.0,residual,audited,27.0
368,428,1,5.1773223876953125,-0.8907890915870667,3.04491925239563,2.992095708847046,0.025386841967701912,0.0036511067301034927,3,4,2.995732273553991,1,1,0.18635403734841144,0.5067931432115338,HH,0.18635404109954834,0.5067931413650513,0.28867512941360474,residual,audited,18.0
47,163,1,3.306947946548462,1.4210647344589233,-0.8694373369216919,2.6385018825531006,0.11110913008451462,0.022044967859983444,1,0,0.6931471805599453,0,0,0.0022547768087889004,-0.0022547768087889004,LL,0.0022547768894582987,-0.0022547768894582987,0.0,residual,audited,24.0
1671,2137,1,0.9270535707473755,-0.9238550662994385,-0.8322659730911255,2.6744062900543213,0.0030586356297135353,0.0006898785359226167,3,2,2.484906649788,0,0,0.07427853032672008,-0.07427853032672008,LL,0.07427853345870972,-0.07427853345870972,0.0,residual,audited,116.99999999999999
710,2212,1,5.1086931228637695,-0.9553581476211548,3.0619802474975586,2.979811906814575,0.01654929108917713,0.0023595665115863085,3,3,2.772588722239781,1,1,0.15886813049140017,0.5342790500685451,LH,0.15886813402175903,0.5342790484428406,0.3333333432674408,residual,audited,3.0
218,2119,1,3.1857054233551025,1.0520334243774414,-0.8692748546600342,2.895604133605957,0.10163296014070511,0.02066321298480034,10,1,3.091042453358316,0,0,0.002670989411858091,-0.002670989411858091,HL,0.0026709893718361855,-0.0026709893718361855,0.0,residual,audited,56.0
441,1537,1,2.174617052078247,0.010480925440788269,-0.7964292764663696,2.910327434539795,0.044528134167194366,0.011837029829621315,9,2,3.4011973816621555,0,0,0.13114030699904125,-0.13114030699904125,HL,0.1311403065919876,-0.1311403065919876,0.0,residual,audited,10.0
665,2122,1,1.7913299798965454,-0.7013309597969055,-0.5687624216079712,3.022223711013794,0.033490005880594254,0.007741908542811871,4,7,3.688879454113936,0,0,0.4110045184115584,-0.4110045184115584,HL,0.41100451350212097,-0.41100451350212097,0.0,residual,audited,64.0
325,1848,1,2.612898826599121,1.4629534482955933,-0.8697152137756348,1.8960258960723877,0.11792518198490143,0.02713031694293022,0,4,1.6094379124341003,0,0,0.0015424143024689073,-0.0015424143024689073,LL,0.0015424143057316542,-0.0015424143057316542,0.0,residual,audited,26.0
120,2405,1,5.237593173980713,-0.7970065474510193,2.998591423034668,2.996037721633911,0.034261323511600494,0.0050193145871162415,4,6,3.5553480614894135,3,3,0.36593201385162366,1.020362347268267,HH,0.36593201756477356,1.020362377166748,0.6123723983764648,residual,audited,9.0
1215,1894,1,0.4839238226413727,-0.12058251351118088,-0.6834845542907715,1.2300748825073242,0.05220629647374153,0.025022810325026512,3,11,3.8712010109078907,0,0,0.2812409609123343,-0.2812409609123343,HL,0.28124096989631653,-0.28124096989631653,0.0,residual,audited,220.0
1206,1257,1,3.7820518016815186,1.6247382164001465,-0.8700757026672363,2.8850743770599365,0.1366051733493805,0.024763043969869614,0,14,2.70805020110221,0,0,0.0006184180575551858,-0.0006184180575551858,LL,0.0006184180383570492,-0.0006184180383570492,0.0,residual,audited,22.0
50,1441,1,2.9655797481536865,1.6415826082229614,-0.8714361190795898,2.0511815547943115,0.13854199647903442,0.02945983037352562,0,17,2.8903717578961645,0,0,-0.0028715724223535776,0.0028715724223535776,LH,-0.002871572505682707,0.002871572505682707,0.0,residual,audited,90.0
1185,1992,1,2.084040641784668,-0.03935926407575607,-0.8687324523925781,2.957376718521118,0.029046131297945976,0.007458216045051813,5,1,2.4849066497880004,0,0,0.0040603077699362606,-0.0040603077699362606,LL,0.0040603079833090305,-0.0040603079833090305,0.0,residual,audited,60.0
1090,2367,1,5.614811897277832,-0.496478408575058,3.040228843688965,3.005354881286621,0.05999668315052986,0.009087571874260902,6,12,4.51085950651685,5,5,0.686158186023223,1.105601283204832,HH,0.6861581802368164,1.1056013107299805,0.589255690574646,residual,audited,6.0
1041,2448,1,1.2407560348510742,-0.8314321041107178,-0.8189913034439087,2.8819069862365723,0.003562859259545803,0.000785481242928654,4,2,2.7080502011022096,0,0,0.09556322073559016,-0.09556322073559016,LL,0.09556321799755096,-0.09556321799755096,0.0,residual,audited,42.0
86,1336,1,5.5584492683410645,-0.4859979748725891,3.0077292919158936,2.972844123840332,0.05816422775387764,0.008914419449865818,2,6,3.0445224377234226,1,1,0.10023401181546886,0.5929131687444764,HH,0.1002340093255043,0.5929131507873535,0.28867512941360474,residual,audited,7.0
1462,1663,1,5.112309455871582,-0.9238550662994385,3.0296897888183594,2.98325777053833,0.017507558688521385,0.002517511835321784,3,2,2.484906649788,1,1,0.07427853032672008,0.6188686502332252,LH,0.07427853345870972,0.6188686490058899,0.40824827551841736,residual,audited,13.0
542,1245,1,5.033473491668701,-0.9553581476211548,2.973529577255249,2.986288070678711,0.02330446057021618,0.003358726855367422,3,3,2.772588722239781,1,1,0.15886813049140017,0.5342790500685451,LH,0.15886813402175903,0.5342790484428406,0.3333333432674408,residual,audited,66.0
1224,1660,1,7.095798492431641,0.945435643196106,3.018897771835327,2.990173578262329,0.13558195531368256,0.019122743979096413,20,2,4.143134726391533,2,2,0.1638789745428436,0.934733314125266,HH,0.16387897729873657,0.9347333312034607,0.3162277638912201,residual,audited,4.0
219,507,1,6.910727500915527,0.7171791791915894,3.076150894165039,2.986741065979004,0.12494650483131409,0.018095029518008232,2,16,3.9318256327243257,1,1,0.2022090658798931,0.4909381146800522,HH,0.20220907032489777,0.49093812704086304,0.1767766922712326,residual,audited,4.0
372,626,1,-2.3849384784698486,-0.9238550662994385,-0.8322659730911255,-0.6375856995582581,0.0030586356297135353,0.0012761513935402036,2,3,2.484906649788,0,0,0.07427853032672008,-0.07427853032672008,LL,0.07427853345870972,-0.07427853345870972,0.0,residual,audited,334.0
59,1725,1,5.130271911621094,-0.6966274380683899,2.9177067279815674,2.8431613445281982,0.060321785509586334,0.00925490539520979,9,11,4.787491742782047,1,1,1.1180274280632148,-0.42488024750326947,HL,1.1180274486541748,-0.4248802661895752,0.10050378739833832,residual,audited,244.0
1424,1621,1,0.9357500076293945,-0.849980890750885,-0.8696141242980957,2.6278152465820312,0.021819986402988434,0.0049940114840865135,1,1,1.3862943611198906,0,0,0.0018015872129917689,-0.0018015872129917689,LL,0.001801587175577879,-0.001801587175577879,0.0,residual,audited,53.0
868,2099,1,5.80049467086792,-0.3088802397251129,3.0201845169067383,3.016083240509033,0.06739747524261475,0.01051025278866291,7,2,3.1780538303479453,1,1,0.09727709888120242,0.5958700816787429,HH,0.09727709740400314,0.5958700776100159,0.26726123690605164,residual,audited,4.0
1281,1746,1,3.7380404472351074,-0.9238550662994385,2.9332797527313232,1.7052701711654663,0.017635906115174294,0.003160533495247364,3,2,2.484906649788,1,1,0.07427853032672008,0.6188686502332252,LH,0.07427853345870972,0.6188686490058899,0.40824827551841736,residual,audited,228.0
443,1264,1,5.163425445556641,-0.9238550662994385,3.0750679969787598,2.9936134815216064,0.012889309786260128,0.0018399037653580308,3,2,2.484906649788,1,1,0.07427853032672008,0.6188686502332252,LH,0.07427853345870972,0.6188686490058899,0.40824827551841736,residual,audited,7.0
807,1956,1,5.084522247314453,-0.9238550662994385,3.0432662963867188,2.9464828968048096,0.012918242253363132,0.0018650400452315807,3,2,2.484906649788,1,1,0.07427853032672008,0.6188686502332252,LH,0.07427853345870972,0.6188686490058899,0.40824827551841736,residual,audited,9.0
1204,1839,1,1.3984261751174927,-0.8688204288482666,-0.6991961002349854,2.943168878555298,0.017564134672284126,0.0038783627096563578,4,5,3.401197381662155,0,0,0.2630515329052116,-0.2630515329052116,HL,0.2630515396595001,-0.2630515396595001,0.0,residual,audited,62.0
750,1441,1,-0.30609798431396484,1.6415826082229614,-0.8714361190795898,-1.2204961776733398,0.13854199647903442,0.03577994927763939,0,17,2.8903717578961645,0,0,-0.0028715724223535776,0.0028715724223535776,LH,-0.002871572505682707,0.002871572505682707,0.0,residual,audited,113.0
2112,2436,1,1.4151936769485474,-0.8278051018714905,-0.7294425964355469,2.9530787467956543,0.013652939349412918,0.0030179049354046583,5,3,3.1780538303479453,0,0,0.22577903790857956,-0.22577903790857956,HL,0.22577904164791107,-0.22577904164791107,0.0,residual,audited,70.0
624,1232,1,-0.1122521460056305,-0.849980890750885,-0.8696141242980957,1.5798131227493286,0.021819986402988434,0.006569854915142059,1,1,1.3862943611198906,0,0,0.0018015872129917689,-0.0018015872129917689,LL,0.001801587175577879,-0.001801587175577879,0.0,residual,audited,122.0
205,1701,1,6.689593315124512,2.055515766143799,3.00451922416687,1.4166810512542725,0.20716772973537445,0.030995113775134087,1,65,4.882801922586371,1,1,0.019220561367655327,0.6739266191922899,HH,0.019220560789108276,0.673926591873169,0.12403473258018494,residual,audited,40.0
921,1914,1,3.3500871658325195,1.0332688093185425,-0.7703448534011841,2.970017433166504,0.11143620312213898,0.02281159907579422,2,22,4.234106504597259,0,0,0.16827858824673567,-0.16827858824673567,HL,0.16827858984470367,-0.16827858984470367,0.0,residual,audited,52.0
519,598,1,2.296764373779297,-0.2632433772087097,-0.37697380781173706,2.86057186126709,0.07070014625787735,0.019795704632997513,10,26,5.6937321388027,0,0,0.5873090742255913,-0.5873090742255913,HL,0.5873090624809265,-0.5873090624809265,0.0,residual,audited,96.0
1515,2234,1,2.414504289627075,1.4210647344589233,-0.8694373369216919,1.7460583448410034,0.11110913008451462,0.02678832598030567,1,0,0.6931471805599453,0,0,0.0022547768087889004,-0.0022547768087889004,LL,0.0022547768894582987,-0.0022547768894582987,0.0,residual,audited,22.0
469,2412,1,0.022696880623698235,-0.9245124459266663,-0.8694373369216919,1.8084772825241089,0.002459744457155466,0.0006823361036367714,2,1,1.791759469228055,0,0,0.0022547768087889004,-0.0022547768087889004,LL,0.0022547768894582987,-0.0022547768894582987,0.0,residual,audited,106.0
64,1209,1,1.06048583984375,-0.9245124459266663,-0.8694373369216919,2.846266269683838,0.002459744457155466,0.0005298118339851499,2,1,1.791759469228055,0,0,0.0022547768087889004,-0.0022547768087889004,LL,0.0022547768894582987,-0.0022547768894582987,0.0,residual,audited,49.00000000000001
306,1779,1,7.020527362823486,0.8755525946617126,2.9669318199157715,3.0232090950012207,0.14912407100200653,0.021258438006043434,64,5,5.966146739123692,1,1,0.7262376509323725,-0.03309047037242718,HL,0.7262376546859741,-0.03309047222137451,0.055901698768138885,residual,audited,58.0
1433,2359,1,2.270198106765747,0.14748325943946838,-0.7907577753067017,2.8543004989624023,0.05346248298883438,0.013900787569582462,2,10,3.4965075614664802,0,0,0.13924954374263468,-0.13924954374263468,HL,0.1392495483160019,-0.1392495483160019,0.0,residual,audited,47.0
1070,1358,1,4.976966857910156,1.2961641550064087,2.946777105331421,0.5668764114379883,0.161439448595047,0.0324745699763298,5,139,6.733401891837358,2,2,0.6753982672514477,0.42321402141666187,HH,0.6753982901573181,0.42321401834487915,0.07586432248353958,residual,audited,177.0
1810,1812,1,3.0765461921691895,0.7331200242042542,-0.6476006507873535,2.881009578704834,0.10430766642093658,0.023890692740678787,38,4,5.272999558563747,0,0,0.3240937138453681,-0.3240937138453681,HL,0.32409369945526123,-0.32409369945526123,0.0,residual,audited,128.0
695,1336,1,4.956438064575195,-0.8423964381217957,3.0152857303619385,2.7409939765930176,0.036845043301582336,0.0055526974610984325,5,6,3.737669618283368,1,1,0.43179865759892866,0.2613485229610166,HH,0.43179866671562195,0.26134851574897766,0.18257418274879456,residual,audited,36.0
667,2364,1,-3.6751532554626465,-1.0126283168792725,-0.8388177156448364,-1.835633397102356,0.00621663685888052,0.0016832220135256648,2,2,2.197224577336219,0,0,0.06401224965593211,-0.06401224965593211,LL,0.06401225179433823,-0.06401225179433823,0.0,residual,audited,359.0
945,2388,1,1.3461257219314575,-0.8907890915870667,-0.7575514316558838,2.97749400138855,0.01126251369714737,0.0024287854321300983,3,4,2.995732273553991,0,0,0.18635403734841144,-0.18635403734841144,HL,0.18635404109954834,-0.18635404109954834,0.0,residual,audited,98.00000000000001
843,2542,1,0.3356146812438965,1.4245469570159912,-0.8695274591445923,-0.3385109603404999,0.11339643597602844,0.041295405477285385,3,0,1.3862943611198906,0,0,0.0020240857061117087,-0.0020240857061117087,LL,0.0020240857265889645,-0.0020240857265889645,0.0,residual,audited,174.0
1358,1713,1,-0.5548049807548523,1.6903492212295532,-0.36978986859321594,-2.0595266819000244,0.17845262587070465,0.04151877760887146,139,3,6.327936783729195,0,0,0.5947108813669576,-0.5947108813669576,HL,0.5947108864784241,-0.5947108864784241,0.0,residual,audited,309.0
905,1483,1,6.444669723510742,0.47862696647644043,2.949291706085205,2.894096612930298,0.11694455146789551,0.01816202513873577,3,20,4.430816798843313,3,3,0.35440529161499984,1.0318890695048908,HH,0.3544052839279175,1.0318890810012817,0.3872983157634735,residual,audited,6.0
1059,1600,1,2.2890114784240723,2.4337363243103027,-0.8696141242980957,0.4826217293739319,0.23655784130096436,0.05880822241306305,0,0,0.0,0,0,0.0018015872129917689,-0.0018015872129917689,LL,0.001801587175577879,-0.001801587175577879,0.0,residual,audited,7.0
403,806,1,6.261507987976074,0.2788354754447937,2.9366507530212402,2.934399366378784,0.10591277480125427,0.016930337995290756,6,1,2.6390573296152584,1,1,0.007277398667662731,0.6858697818922825,LH,0.007277398835867643,0.6858698129653931,0.40824827551841736,residual,audited,2.0
228,322,1,3.38824462890625,1.4629534482955933,-0.8697152137756348,2.6713716983795166,0.11792518198490143,0.023023422807455063,4,0,1.6094379124341003,0,0,0.0015424143024689073,-0.0015424143024689073,LL,0.0015424143057316542,-0.0015424143057316542,0.0,residual,audited,156.0
1148,2220,1,4.971442699432373,-0.9238550662994385,2.933589220046997,2.9376113414764404,0.01838718168437481,0.002698662457987666,2,3,2.484906649788,1,1,0.07427853032672008,0.6188686502332252,LH,0.07427853345870972,0.6188686490058899,0.40824827551841736,residual,audited,5.0
1317,1720,1,1.7464863061904907,-0.570932149887085,-0.6524608135223389,2.9329962730407715,0.031173359602689743,0.007444273214787245,7,3,3.465735902799726,0,0,0.3182842168668844,-0.3182842168668844,HL,0.31828421354293823,-0.31828421354293823,0.0,residual,audited,177.0
1553,1827,1,5.072544097900391,-0.9553581476211548,3.0486814975738525,2.9600915908813477,0.013419611379504204,0.001923255273140967,3,3,2.772588722239781,1,1,0.15886813049140017,0.5342790500685451,LH,0.15886813402175903,0.5342790484428406,0.3333333432674408,residual,audited,16.0
2147,2486,1,5.229584217071533,-0.8314321041107178,3.066286325454712,2.9657108783721924,0.023309174925088882,0.0033846464939415455,4,2,2.7080502011022096,1,1,0.09556322073559016,0.5975839598243551,LH,0.09556321799755096,0.5975839495658875,0.3535533845424652,residual,audited,4.0
604,1914,1,6.3979878425598145,0.2858518660068512,2.9858596324920654,3.006328582763672,0.11423815786838531,0.017871273681521416,4,22,4.74493212836325,1,1,0.6104629684544925,0.08268421210545274,HH,0.6104629635810852,0.0826842188835144,0.10660035908222198,residual,audited,14.0
2164,2282,1,2.0837807655334473,-0.03935926407575607,-0.8687324523925781,2.9571168422698975,0.029046131297945976,0.007458713836967945,1,5,2.4849066497880004,0,0,0.0040603077699362606,-0.0040603077699362606,LL,0.0040603079833090305,-0.0040603079833090305,0.0,residual,audited,55.0
175,2217,1,1.5913938283920288,-0.7073456048965454,-0.6720783710479736,2.942453145980835,0.02265496924519539,0.005214593838900328,6,3,3.332204510175204,0,0,0.2948110893321348,-0.2948110893321348,HL,0.29481109976768494,-0.29481109976768494,0.0,residual,audited,78.0
1957,2630,1,0.6901074051856995,-0.03935926407575607,-0.8687324523925781,1.5634433031082153,0.029046131297945976,0.011615753173828125,5,1,2.4849066497880004,0,0,0.0040603077699362606,-0.0040603077699362606,LL,0.0040603079833090305,-0.0040603079833090305,0.0,residual,audited,85.0
1054,1432,1,5.363626480102539,-0.686873733997345,3.058856248855591,2.9481825828552246,0.03775159642100334,0.0056080627255141735,5,2,2.8903717578961645,1,1,0.09556322073559016,0.5975839598243551,LH,0.09556321799755096,0.5975839495658875,0.3162277638912201,residual,audited,8.0
289,1722,1,4.461392879486084,-1.0126283168792725,2.9334380626678467,2.527040481567383,0.007832902483642101,0.001208605943247676,2,2,2.197224577336219,1,1,0.06401224965593211,0.6291349309040132,LH,0.06401225179433823,0.6291349530220032,0.5,residual,audited,188.0
466,1305,1,5.453546047210693,-0.3617401421070099,2.934372663497925,2.814000368118286,0.061203278601169586,0.00991737749427557,4,1,2.3025850929940455,1,1,0.0024748238360119044,0.6906723567239333,LH,0.002474823733791709,0.6906723380088806,0.5,residual,audited,41.0
1098,2067,1,1.1861977577209473,-0.9245124459266663,-0.8694373369216919,2.971978187561035,0.002459744457155466,0.0005158440326340497,1,2,1.791759469228055,0,0,0.0022547768087889004,-0.0022547768087889004,LL,0.0022547768894582987,-0.0022547768894582987,0.0,residual,audited,57.0
981,1221,1,1.578722357749939,-0.3617401421070099,-0.8693512678146362,2.792039155960083,0.012064985930919647,0.0029899384826421738,1,4,2.3025850929940455,0,0,0.0024748238360119044,-0.0024748238360119044,LL,0.002474823733791709,-0.002474823733791709,0.0,residual,audited,28.0
293,2038,1,3.6474874019622803,1.4210647344589233,-0.8694373369216919,2.979041337966919,0.11110913008451462,0.020649747923016548,0,1,0.6931471805599453,0,0,0.0022547768087889004,-0.0022547768087889004,LL,0.0022547768894582987,-0.0022547768894582987,0.0,residual,audited,32.0
1270,2034,1,1.562801718711853,1.9031617641448975,-0.8612111806869507,0.3459886312484741,0.16915282607078552,0.051578622311353683,1,35,4.276666119016055,0,0,0.02354671894819338,-0.02354671894819338,HL,0.023546718060970306,-0.023546718060970306,0.0,residual,audited,164.0
618,938,1,1.1423859596252441,-0.9245124459266663,-0.8694373369216919,2.928166389465332,0.002459744457155466,0.0005206275382079184,1,2,1.791759469228055,0,0,0.0022547768087889004,-0.0022547768087889004,LL,0.0022547768894582987,-0.0022547768894582987,0.0,residual,audited,53.0
1197,1791,1,0.30411675572395325,-0.9245124459266663,-0.8694373369216919,2.0898971557617188,0.002459744457155466,0.0006329259485937655,1,2,1.791759469228055,0,0,0.0022547768087889004,-0.0022547768087889004,LL,0.0022547768894582987,-0.0022547768894582987,0.0,residual,audited,81.0
1098,1477,1,5.390684127807617,-0.6607519388198853,3.036736488342285,2.979926586151123,0.029063168913125992,0.004333596210926771,1,3,2.0794415416798357,1,1,0.0024748238360119044,0.6906723567239333,LH,0.002474823733791709,0.6906723380088806,0.5773502588272095,residual,audited,4.0
266,809,1,5.075104236602783,-0.8907890915870667,3.0054619312286377,2.9327752590179443,0.02194645069539547,0.0032034064643085003,3,4,2.995732273553991,1,1,0.18635403734841144,0.5067931432115338,HH,0.18635404109954834,0.5067931413650513,0.28867512941360474,residual,audited,11.0
131,2169,1,1.3639304637908936,-0.6607519388198853,-0.8693512678146362,2.8855936527252197,0.0027303528040647507,0.0006179467309266329,1,3,2.0794415416798357,0,0,0.0024748238360119044,-0.0024748238360119044,LL,0.002474823733791709,-0.002474823733791709,0.0,residual,audited,47.0
1147,2371,1,5.61817741394043,-0.4859979748725891,3.038278579711914,3.005599021911621,0.05458838865160942,0.008290483616292477,6,2,3.0445224377234226,1,1,0.10023401181546886,0.5929131687444764,HH,0.1002340093255043,0.5929131507873535,0.28867512941360474,residual,audited,1.0
142,2181,1,5.109417915344238,-0.8907890915870667,3.0037500858306885,2.96763277053833,0.023114312440156937,0.0033570590894669294,3,4,2.995732273553991,1,1,0.18635403734841144,0.5067931432115338,HH,0.18635404109954834,0.5067931413650513,0.28867512941360474,residual,audited,32.0
1236,2479,1,3.879692554473877,2.4337363243103027,-0.8696141242980957,2.073302984237671,0.23655784130096436,0.042143046855926514,0,0,0.0,0,0,0.0018015872129917689,-0.0018015872129917689,LL,0.001801587175577879,-0.001801587175577879,0.0,residual,audited,1.0
18,2082,1,-2.018531084060669,1.4245469570159912,-0.8695274591445923,-2.6926567554473877,0.11339643597602844,0.022234035655856133,3,0,1.3862943611198906,0,0,0.0020240857061117087,-0.0020240857061117087,LL,0.0020240857265889645,-0.0020240857265889645,0.0,residual,audited,299.0
531,606,1,-2.661754608154297,-0.3617401421070099,-0.8693512678146362,-1.4484379291534424,0.012064985930919647,0.004482468590140343,1,4,2.3025850929940455,0,0,0.0024748238360119044,-0.0024748238360119044,LL,0.002474823733791709,-0.002474823733791709,0.0,residual,audited,251.0
1682,2319,1,5.951366424560547,-0.15002834796905518,3.028078317642212,2.9867098331451416,0.08089718222618103,0.012952431105077267,8,2,3.295836866004329,1,1,0.13114030699904125,0.5620068735609041,HH,0.1311403065919876,0.5620068907737732,0.25,residual,audited,1.0
405,1275,1,1.1708145141601562,-0.9245124459266663,-0.8694373369216919,2.956594944000244,0.002459744457155466,0.0005175136611796916,2,1,1.791759469228055,0,0,0.0022547768087889004,-0.0022547768087889004,LL,0.0022547768894582987,-0.0022547768894582987,0.0,residual,audited,89.0
429,2043,1,3.5157599449157715,1.393432378768921,-0.8673561811447144,2.8570728302001953,0.1269010454416275,0.02419576607644558,14,1,3.4011973816621555,0,0,0.007582155548103726,-0.007582155548103726,HL,0.007582155521959066,-0.007582155521959066,0.0,residual,audited,10.0
836,2403,1,1.032108187675476,-0.03935926407575607,-0.8687324523925781,1.9054441452026367,0.029046131297945976,0.010218220762908459,5,1,2.4849066497880004,0,0,0.0040603077699362606,-0.0040603077699362606,LL,0.0040603079833090305,-0.0040603079833090305,0.0,residual,audited,150.0
2181,2202,1,1.328957438468933,-0.8907890915870667,-0.7575514316558838,2.9603257179260254,0.01126251369714737,0.0024378111120313406,4,3,2.995732273553991,0,0,0.18635403734841144,-0.18635403734841144,HL,0.18635404109954834,-0.18635404109954834,0.0,residual,audited,54.0
296,2685,1,5.213768482208252,-0.6607519388198853,2.9472620487213135,2.8870174884796143,0.03453092649579048,0.0052883983589708805,1,3,2.0794415416798357,1,1,0.0024748238360119044,0.6906723567239333,LH,0.002474823733791709,0.6906723380088806,0.5773502588272095,residual,audited,8.0
1701,1865,1,3.9814612865448,1.6928436756134033,-0.8030431270599365,2.927257776260376,0.15869325399398804,0.028430288657546043,65,2,5.288267030694534,0,0,0.12096263438023963,-0.12096263438023963,HL,0.12096263468265533,-0.12096263468265533,0.0,residual,audited,79.0
468,1311,1,5.303762435913086,-0.6607519388198853,2.99910831451416,2.929044246673584,0.030651897192001343,0.0046305060386657715,1,3,2.0794415416798357,1,1,0.0024748238360119044,0.6906723567239333,LH,0.002474823733791709,0.6906723380088806,0.5773502588272095,residual,audited,3.0
577,2352,1,5.85391902923584,-0.3088802397251129,3.0775110721588135,3.009420871734619,0.07015778869390488,0.010850311256945133,7,2,3.1780538303479453,1,1,0.09727709888120242,0.5958700816787429,HH,0.09727709740400314,0.5958700776100159,0.26726123690605164,residual,audited,2.0
830,1914,1,3.8972082138061523,1.7037267684936523,-0.8627276420593262,2.898170232772827,0.1523292064666748,0.02711953967809677,1,22,3.828641396489095,0,0,0.019646567613829567,-0.019646567613829567,HL,0.019646568223834038,-0.019646568223834038,0.0,residual,audited,42.0
1072,1801,1,6.433752536773682,0.4271864891052246,2.97454571723938,2.9002928733825684,0.1260179579257965,0.019604405388236046,26,4,4.90527477843843,1,1,0.5281305324979,0.1650166480620453,HH,0.5281305313110352,0.16501665115356445,0.0980580672621727,residual,audited,66.0
57,2418,1,2.1158790588378906,1.4969106912612915,-0.8697152137756348,1.3613574504852295,0.12161660194396973,0.03159201145172119,0,5,1.791759469228055,0,0,0.0015424143024689073,-0.0015424143024689073,LL,0.0015424143057316542,-0.0015424143057316542,0.0,residual,audited,23.0
374,2147,1,1.3997195959091187,-0.8688204288482666,-0.6991961002349854,2.944462299346924,0.017564134672284126,0.0038772555999457836,5,4,3.401197381662155,0,0,0.2630515329052116,-0.2630515329052116,HL,0.2630515396595001,-0.2630515396595001,0.0,residual,audited,12.0
380,930,1,5.236435890197754,-0.849980890750885,3.0727884769439697,3.0074167251586914,0.000501795846503228,7.240202830871567e-05,1,1,1.3862943611198906,1,1,0.0018015872129917689,0.6913455933469536,LH,0.001801587175577879,0.6913455724716187,1.0,residual,audited,2.0
1441,2272,1,0.10551492869853973,1.6415826082229614,-0.8714361190795898,-0.8088832497596741,0.13854199647903442,0.040035903453826904,17,0,2.8903717578961645,0,0,-0.0028715724223535776,0.0028715724223535776,LH,-0.002871572505682707,0.002871572505682707,0.0,residual,audited,190.0
2034,2042,1,7.67470121383667,1.9031617641448975,3.019411325454712,2.549835443496704,0.1965830773115158,0.025633497163653374,35,1,4.276666119016055,1,1,0.02354671894819338,0.6696004616117519,HH,0.023546718060970306,0.6696004867553711,0.16903084516525269,residual,audited,8.0
445,909,1,2.6881954669952393,1.4210647344589233,-0.8694373369216919,2.019749402999878,0.11110913008451462,0.025130076333880424,1,0,0.6931471805599453,0,0,0.0022547768087889004,-0.0022547768087889004,LL,0.0022547768894582987,-0.0022547768894582987,0.0,residual,audited,8.0
302,1158,1,1.6214063167572021,-0.7970065474510193,-0.6125524044036865,2.9989869594573975,0.02626875229179859,0.005923302844166756,4,6,3.5553480614894135,0,0,0.36593201385162366,-0.36593201385162366,HL,0.36593201756477356,-0.36593201756477356,0.0,residual,audited,85.0
91,2380,1,5.402103424072266,-0.686873733997345,3.035592794418335,3.0054430961608887,0.04223177582025528,0.006237945985049009,5,2,2.8903717578961645,2,2,0.09556322073559016,1.0030490679325195,LH,0.09556321799755096,1.0030491352081299,0.6324555277824402,residual,audited,6.0
651,2156,1,5.311861515045166,-0.7073456048965454,2.9901745319366455,2.9785666465759277,0.04475652053952217,0.0066593606024980545,6,3,3.332204510175204,1,1,0.2948110893321348,0.3983360912278105,HH,0.29481109976768494,0.3983360826969147,0.2357022762298584,residual,audited,15.0
95,734,1,5.586419582366943,-0.4735133945941925,3.0006940364837646,2.9829764366149902,0.0705527663230896,0.010808151215314865,18,10,5.342334251964811,2,2,0.9233509391720945,0.17526134949601502,HH,0.9233509302139282,0.17526137828826904,0.14907120168209076,residual,audited,43.0
55,2020,1,6.880147933959961,0.7483008503913879,2.997811794281006,3.0018582344055176,0.12646786868572235,0.018396830186247826,8,1,2.890371757896165,1,1,-0.0004717744282648912,0.6936189549882101,LH,-0.00047177443047985435,0.6936189532279968,0.3535533845424652,residual,audited,1.0
1097,1115,1,4.636302947998047,-0.8688204288482666,3.000349283218384,2.4686386585235596,0.03042597509920597,0.004777772352099419,4,5,3.401197381662155,1,1,0.2630515329052116,0.4300956476547337,HH,0.2630515396595001,0.4300956428050995,0.22360679507255554,residual,audited,13.0
513,565,1,3.0707199573516846,1.0520334243774414,-0.8692748546600342,2.780618667602539,0.10163296014070511,0.02115784026682377,1,10,3.091042453358316,0,0,0.002670989411858091,-0.002670989411858091,HL,0.0026709893718361855,-0.0026709893718361855,0.0,residual,audited,19.0
1848,2419,1,1.316799283027649,-0.8907890915870667,-0.7575514316558838,2.948167562484741,0.01126251369714737,0.0024442437570542097,4,3,2.995732273553991,0,0,0.18635403734841144,-0.18635403734841144,HL,0.18635404109954834,-0.18635404109954834,0.0,residual,audited,116.0
596,644,1,5.090303421020508,-0.8688204288482666,2.9759349822998047,2.9460501670837402,0.03142906725406647,0.004606857895851135,4,5,3.401197381662155,1,1,0.2630515329052116,0.4300956476547337,HH,0.2630515396595001,0.4300956428050995,0.22360679507255554,residual,audited,9.0
506,1013,1,1.9988802671432495,0.8280119895935059,-0.815031886100769,1.88456392288208,0.09562662243843079,0.026392612606287003,3,29,4.787491742782046,0,0,0.10188873275634702,-0.10188873275634702,HL,0.1018887311220169,-0.1018887311220169,0.0,residual,audited,215.0
1110,1224,1,2.9543261528015137,0.47862696647644043,-0.6222151517868042,3.002166509628296,0.09003831446170807,0.021473241969943047,3,20,4.430816798843313,0,0,0.35440529161499984,-0.35440529161499984,HL,0.3544052839279175,-0.3544052839279175,0.0,residual,audited,104.99999999999999
458,1953,1,5.34596586227417,-0.686873733997345,3.032726526260376,2.953984260559082,0.040419165045022964,0.0060201287269592285,5,2,2.8903717578961645,1,1,0.09556322073559016,0.5975839598243551,LH,0.09556321799755096,0.5975839495658875,0.3162277638912201,residual,audited,3.0
693,2108,1,0.6576715111732483,-0.6607519388198853,-0.8693512678146362,2.1793346405029297,0.0027303528040647507,0.0007355142734013498,3,1,2.0794415416798357,0,0,0.0024748238360119044,-0.0024748238360119044,LL,0.002474823733791709,-0.002474823733791709,0.0,residual,audited,124.0
1229,1254,1,7.101890563964844,1.1623033285140991,2.9329025745391846,2.84896183013916,0.1520131230354309,0.021421821787953377,11,1,3.1780538303479458,1,1,0.0017162122830214665,0.6914309682769239,HH,0.001716212253086269,0.6914309859275818,0.30151134729385376,residual,audited,2.0
1158,2251,1,3.7453505992889404,1.5237516164779663,-0.8702379465103149,2.9615139961242676,0.12461334466934204,0.022739175707101822,6,0,1.9459101490553132,0,0,0.00020231820106400537,-0.00020231820106400537,LL,0.00020231820235494524,-0.00020231820235494524,0.0,residual,audited,8.0
2222,2225,1,5.15825891494751,-0.8907890915870667,3.024522304534912,2.9937987327575684,0.025017298758029938,0.0036078509874641895,3,4,2.995732273553991,3,3,0.18635403734841144,1.1999403237714792,HH,0.18635404109954834,1.1999403238296509,0.866025447845459,residual,audited,4.0
303,1670,1,0.9857795834541321,-1.0126283168792725,-0.8388177156448364,2.8252992630004883,0.00621663685888052,0.0013275010278448462,2,2,2.197224577336219,0,0,0.06401224965593211,-0.06401224965593211,LL,0.06401225179433823,-0.06401225179433823,0.0,residual,audited,76.0
380,477,1,5.238259315490723,-0.849980890750885,3.0727884769439697,3.0092406272888184,0.000501795846503228,7.238297985168174e-05,1,1,1.3862943611198906,1,1,0.0018015872129917689,0.6913455933469536,LH,0.001801587175577879,0.6913455724716187,1.0,residual,audited,1.0
1757,2451,1,2.1153101921081543,0.010480925440788269,-0.7964292764663696,2.851020574569702,0.044528134167194366,0.01202663779258728,2,9,3.4011973816621555,0,0,0.13114030699904125,-0.13114030699904125,HL,0.1311403065919876,-0.1311403065919876,0.0,residual,audited,170.0
1255,2248,1,3.555607318878174,1.3267161846160889,-0.8707362413406372,2.972179889678955,0.12173803150653839,0.023006901144981384,1,13,3.3322045101752042,0,0,-0.001075849647576595,0.001075849647576595,HH,-0.001075849635526538,0.001075849635526538,0.0,residual,audited,25.0
368,2393,1,1.4557993412017822,-0.6607519388198853,-0.8693512678146362,2.9774625301361084,0.0027303528040647507,0.0006053600227460265,3,1,2.0794415416798357,0,0,0.0024748238360119044,-0.0024748238360119044,LL,0.002474823733791709,-0.002474823733791709,0.0,residual,audited,23.0
388,1899,1,1.1585801839828491,-0.9238550662994385,-0.8322659730911255,2.905932903289795,0.0030586356297135353,0.000655640265904367,2,3,2.484906649788,0,0,0.07427853032672008,-0.07427853032672008,LL,0.07427853345870972,-0.07427853345870972,0.0,residual,audited,62.0
89,1157,1,5.79413366317749,-0.3231469392776489,3.038999557495117,2.997396945953369,0.07517432421445847,0.01168261468410492,9,3,3.6888794541139367,1,1,0.35666135733620163,0.33648582322374365,HH,0.3566613495349884,0.3364858329296112,0.19245009124279022,residual,audited,7.0
1580,2200,1,5.140194416046143,-0.8314321041107178,3.0101704597473145,2.929600954055786,0.026145443320274353,0.003846417646855116,4,2,2.7080502011022096,1,1,0.09556322073559016,0.5975839598243551,LH,0.09556321799755096,0.5975839495658875,0.3535533845424652,residual,audited,15.0
492,688,1,6.078577041625977,-0.03935926407575607,3.0471460819244385,2.980083465576172,0.08499720692634583,0.013817120343446732,5,1,2.4849066497880004,1,1,0.0040603077699362606,0.689086872790009,LH,0.0040603079833090305,0.6890868544578552,0.4472135901451111,residual,audited,8.0
335,1986,1,4.27965784072876,2.0211024284362793,-0.8819965124130249,2.9532406330108643,0.1816013753414154,0.030076706781983376,1,55,4.718498871295095,0,0,-0.030648706081244377,0.030648706081244377,HH,-0.03064870648086071,0.03064870648086071,0.0,residual,audited,137.0
346,1358,1,8.222921371459961,2.161062240600586,2.964193820953369,2.8736631870269775,0.21829216182231903,0.02656523510813713,1,139,5.634789603169249,1,1,0.06631078659463438,0.6268363939653109,HH,0.06631078571081161,0.6268364191055298,0.08481889218091965,residual,audited,1.0
2034,2035,1,3.5980353355407715,1.3825160264968872,-0.7986147403717041,2.874072551727295,0.1343516856431961,0.02588886395096779,35,2,4.68213122712422,0,0,0.12797890134930998,-0.12797890134930998,HL,0.12797890603542328,-0.12797890603542328,0.0,residual,audited,98.00000000000001
1554,2687,1,1.1342546939849854,-0.9245124459266663,-0.8694373369216919,2.9200351238250732,0.002459744457155466,0.000521525158546865,2,1,1.791759469228055,0,0,0.0022547768087889004,-0.0022547768087889004,LL,0.0022547768894582987,-0.0022547768894582987,0.0,residual,audited,37.0
695,1681,1,5.412093639373779,-0.6894779205322266,3.0414276123046875,3.006101369857788,0.04833289980888367,0.007123136427253485,5,8,3.9889840465642745,3,3,0.48732856757400367,0.8989657935458869,HH,0.48732855916023254,0.8989658355712891,0.47434163093566895,residual,audited,6.0
1358,1709,1,7.702517986297607,1.6903492212295532,2.9342548847198486,2.886481523513794,0.18572263419628143,0.024129824712872505,139,3,6.327936783729195,1,1,0.5947108813669576,0.09843629919298769,HH,0.5947108864784241,0.09843629598617554,0.048970211297273636,residual,audited,43.0
1889,1891,1,5.567816257476807,-0.4859979748725891,3.0272939205169678,2.964608907699585,0.05620143562555313,0.008601248264312744,6,2,3.0445224377234226,2,2,0.10023401181546886,0.9983782768526407,HH,0.1002340093255043,0.9983782768249512,0.5773502588272095,residual,audited,13.0
1207,2290,1,5.278783321380615,-0.8314321041107178,3.068598985671997,3.008134126663208,0.027772538363933563,0.004004150629043579,2,4,2.7080502011022096,2,2,0.09556322073559016,1.0030490679325195,LH,0.09556321799755096,1.0030491352081299,0.7071067690849304,residual,audited,6.0
1705,2322,1,-1.7861485481262207,1.3881206512451172,-0.8696131706237793,-2.418858528137207,0.1084928959608078,0.022673137485980988,2,0,1.0986122886681096,0,0,0.0018040386788887037,-0.0018040386788887037,LL,0.0018040386494249105,-0.0018040386494249105,0.0,residual,audited,361.0
15,1271,1,5.181872367858887,-0.8907890915870667,3.0477237701416016,2.9995718002319336,0.019656067714095116,0.0028250645846128464,3,4,2.995732273553991,3,3,0.18635403734841144,1.1999403237714792,HH,0.18635404109954834,1.1999403238296509,0.866025447845459,residual,audited,8.0
22,1234,1,5.106956958770752,-0.9553581476211548,3.0636985301971436,2.977220058441162,0.0156870000064373,0.002237176289781928,3,3,2.772588722239781,2,2,0.15886813049140017,0.9397441581767094,LH,0.15886813402175903,0.9397441744804382,0.6666666865348816,residual,audited,16.0
901,1279,1,5.18695068359375,-0.8907890915870667,2.9969842433929443,3.0500593185424805,0.024986373260617256,0.0035885425750166178,4,3,2.995732273553991,2,2,0.18635403734841144,0.9122582513196982,HH,0.18635404109954834,0.9122582674026489,0.5773502588272095,residual,audited,14.0
1708,2313,1,-1.724007248878479,1.4969106912612915,-0.8697152137756348,-2.4785289764404297,0.12161660194396973,0.024486050009727478,5,0,1.791759469228055,0,0,0.0015424143024689073,-0.0015424143024689073,LL,0.0015424143057316542,-0.0015424143057316542,0.0,residual,audited,375.0
477,930,1,5.230913162231445,-0.849980890750885,3.0727884769439697,3.001893997192383,0.000501795846503228,7.245976303238422e-05,1,1,1.3862943611198906,1,1,0.0018015872129917689,0.6913455933469536,LH,0.001801587175577879,0.6913455724716187,1.0,residual,audited,3.0
334,693,1,5.087857246398926,-0.9238550662994385,3.0046887397766113,2.9874398708343506,0.0138741759583354,0.0020020867232233286,2,3,2.484906649788,1,1,0.07427853032672008,0.6188686502332252,LH,0.07427853345870972,0.6188686490058899,0.40824827551841736,residual,audited,40.0
1358,1740,1,6.524702072143555,0.5857499241828918,2.9290592670440674,2.866166591644287,0.13801680505275726,0.02117149345576763,139,12,7.50659178007084,2,2,1.7150220371657872,-0.6164097484976776,HL,1.715022087097168,-0.6164097785949707,0.048970211297273636,residual,audited,143.0
174,1742,1,2.2751495838165283,-0.02936040610074997,-0.6488817930221558,2.887580633163452,0.060101404786109924,0.016575470566749573,3,12,3.951243718581427,0,0,0.3225624563234914,-0.3225624563234914,HL,0.32256245613098145,-0.32256245613098145,0.0,residual,audited,189.0
1739,1750,1,5.102686882019043,-0.7970065474510193,2.9267075061798096,2.927820920944214,0.03945554047822952,0.0058968160301446915,6,4,3.5553480614894135,2,2,0.36593201385162366,0.7326802748164859,HH,0.36593201756477356,0.7326803207397461,0.40824827551841736,residual,audited,92.0
1,2,1,0.9152599573135376,-0.8314321041107178,-0.8189913034439087,2.556410789489746,0.003562859259545803,0.0008462049881927669,2,4,2.7080502011022096,0,0,0.09556322073559016,-0.09556322073559016,LL,0.09556321799755096,-0.09556321799755096,0.0,residual,audited,139.0
97,661,1,7.324773788452148,1.2502944469451904,3.0260608196258545,2.887866258621216,0.15484236180782318,0.021156033501029015,1,12,3.258096538021482,1,1,0.003248195172295695,0.6898989853876496,HH,0.0032481951639056206,0.6898989677429199,0.28867512941360474,residual,audited,2.0
1358,1751,1,4.3379225730896,2.161062240600586,-0.8373527526855469,2.8124289512634277,0.19607438147068024,0.03264142572879791,139,1,5.634789603169249,0,0,0.06631078659463438,-0.06631078659463438,HL,0.06631078571081161,-0.06631078571081161,0.0,residual,audited,155.0
229,1053,1,3.0260818004608154,1.4210647344589233,-0.8694373369216919,2.357635736465454,0.11110913008451462,0.02334594540297985,0,1,0.6931471805599453,0,0,0.0022547768087889004,-0.0022547768087889004,LL,0.0022547768894582987,-0.0022547768894582987,0.0,residual,audited,7.0
2227,2228,1,0.7177607417106628,-0.9553581476211548,-0.7769805192947388,2.4338927268981934,0.010496982373297215,0.0025132070295512676,3,3,2.772588722239781,0,0,0.15886813049140017,-0.15886813049140017,LL,0.15886813402175903,-0.15886813402175903,0.0,residual,audited,116.99999999999999
1842,2281,1,6.12741756439209,0.010480925440788269,3.0137081146240234,3.0124599933624268,0.08505932241678238,0.013894704170525074,9,2,3.4011973816621555,1,1,0.13114030699904125,0.5620068735609041,HH,0.1311403065919876,0.5620068907737732,0.2357022762298584,residual,audited,7.0
838,2280,1,5.150916576385498,-0.8907890915870667,3.007009983062744,3.007519245147705,0.021466530859470367,0.0030990613158792257,4,3,2.995732273553991,2,2,0.18635403734841144,0.9122582513196982,HH,0.18635404109954834,0.9122582674026489,0.5773502588272095,residual,audited,12.0
831,1733,1,5.061344623565674,-0.4859979748725891,2.9328773021698,2.5489470958709717,0.05980813503265381,0.0099223293364048,6,2,3.0445224377234226,1,1,0.10023401181546886,0.5929131687444764,HH,0.1002340093255043,0.5929131507873535,0.28867512941360474,residual,audited,26.0
702,822,1,3.7589454650878906,1.5636622905731201,-0.8702379465103149,2.9302990436553955,0.12951229512691498,0.023574642837047577,8,0,2.1972245773362196,0,0,0.00020231820106400537,-0.00020231820106400537,LL,0.00020231820235494524,-0.00020231820235494524,0.0,residual,audited,10.0
44,2624,1,5.094565391540527,-0.9245124459266663,3.035855531692505,2.975313901901245,0.0021988314110785723,0.00031693128403276205,2,1,1.791759469228055,1,1,0.0022547768087889004,0.6908924037511563,LH,0.0022547768894582987,0.6908923983573914,0.7071067690849304,residual,audited,1.0
1229,1384,1,7.1146063804626465,1.1623033285140991,2.9343841075897217,2.8612380027770996,0.15097123384475708,0.02123694308102131,11,1,3.1780538303479458,1,1,0.0017162122830214665,0.6914309682769239,HH,0.001716212253086269,0.6914309859275818,0.30151134729385376,residual,audited,7.0
414,711,1,0.9129140973091125,1.5636622905731201,-0.8702379465103149,0.08426773548126221,0.12951229512691498,0.04891538247466087,0,8,2.1972245773362196,0,0,0.00020231820106400537,-0.00020231820106400537,LL,0.00020231820235494524,-0.00020231820235494524,0.0,residual,audited,119.0
524,2476,1,4.540575981140137,-0.8688204288482666,2.9326202869415283,2.4373457431793213,0.033720921725034714,0.005375987384468317,4,5,3.401197381662155,1,1,0.2630515329052116,0.4300956476547337,HH,0.2630515396595001,0.4300956428050995,0.22360679507255554,residual,audited,88.0
1040,1358,1,7.6993913650512695,1.6903492212295532,2.9223268032073975,2.9005727767944336,0.18043260276317596,0.023452049121260643,3,139,6.327936783729195,2,2,0.5947108813669576,0.503901407301152,HH,0.5947108864784241,0.5039014220237732,0.09794042259454727,residual,audited,45.0
1546,2169,1,1.2104665040969849,-0.8907890915870667,-0.7575514316558838,2.841834783554077,0.01126251369714737,0.0025019815657287836,4,3,2.995732273553991,0,0,0.18635403734841144,-0.18635403734841144,HL,0.18635404109954834,-0.18635404109954834,0.0,residual,audited,188.0
844,1902,1,1.6104185581207275,-0.4859979748725891,-0.8160684108734131,2.8904449939727783,0.016330217942595482,0.003879979019984603,2,6,3.0445224377234226,0,0,0.10023401181546886,-0.10023401181546886,HL,0.1002340093255043,-0.1002340093255043,0.0,residual,audited,39.0
229,2118,1,0.558820903301239,1.3881206512451172,-0.8696131706237793,-0.07388920336961746,0.1084928959608078,0.044462189078330994,0,2,1.0986122886681096,0,0,0.0018040386788887037,-0.0018040386788887037,LL,0.0018040386494249105,-0.0018040386494249105,0.0,residual,audited,89.0
1202,2376,1,5.202035903930664,-0.8688204288482666,3.0403432846069336,2.9920718669891357,0.032731615006923676,0.0047204745933413506,4,5,3.401197381662155,1,1,0.2630515329052116,0.4300956476547337,HH,0.2630515396595001,0.4300956428050995,0.22360679507255554,residual,audited,5.0
8,1996,1,1.0485557317733765,-0.3617401421070099,-0.8693512678146362,2.2618725299835205,0.012064985930919647,0.0034421931486576796,1,4,2.3025850929940455,0,0,0.0024748238360119044,-0.0024748238360119044,LL,0.002474823733791709,-0.002474823733791709,0.0,residual,audited,127.0
90,1358,1,7.704091548919678,1.945913553237915,2.9426443576812744,2.606982946395874,0.20284122228622437,0.026348553597927094,2,139,6.040254711277413,1,1,0.2980578250486941,0.3950893555112512,HH,0.29805782437324524,0.39508935809135437,0.059976015239953995,residual,audited,42.0
598,1821,1,6.53360652923584,0.4271864891052246,3.016739845275879,2.964799165725708,0.1191713809967041,0.01825570873916149,26,4,4.90527477843843,1,1,0.5281305324979,0.1650166480620453,HH,0.5281305313110352,0.16501665115356445,0.0980580672621727,residual,audited,17.0
1951,2204,1,5.032251358032227,-1.0126283168792725,3.0548484325408936,2.984666347503662,-0.00034476499422453344,4.888558396487497e-05,2,2,2.197224577336219,1,1,0.06401224965593211,0.6291349309040132,LH,0.06401225179433823,0.6291349530220032,0.5,residual,audited,12.0
1444,2323,1,-3.9117324352264404,-0.6607519388198853,-0.8693512678146362,-2.3900692462921143,0.0027303528040647507,0.0006960031460039318,3,1,2.0794415416798357,0,0,0.0024748238360119044,-0.0024748238360119044,LL,0.002474823733791709,-0.002474823733791709,0.0,residual,audited,448.0
885,2386,1,-4.039383411407471,-0.686873733997345,-0.8189913034439087,-2.544692277908325,0.005463999230414629,0.0013471328420564532,5,2,2.8903717578961645,0,0,0.09556322073559016,-0.09556322073559016,LL,0.09556321799755096,-0.09556321799755096,0.0,residual,audited,386.0
577,906,1,5.860839366912842,-0.3088802397251129,3.08413028717041,3.00950026512146,0.07037980109453201,0.010873009450733662,7,2,3.1780538303479453,1,1,0.09727709888120242,0.5958700816787429,HH,0.09727709740400314,0.5958700776100159,0.26726123690605164,residual,audited,1.0
203,857,1,5.114368915557861,-0.8907890915870667,3.018627405166626,2.9571805000305176,0.023640310391783714,0.003430986311286688,3,4,2.995732273553991,1,1,0.18635403734841144,0.5067931432115338,HH,0.18635404109954834,0.5067931413650513,0.28867512941360474,residual,audited,2.0
1340,1413,1,6.4803266525268555,0.316991925239563,3.0632972717285156,2.990474224090576,0.10385371744632721,0.01604013331234455,3,17,4.276666119016055,2,2,0.37307410573463395,0.7255381829334756,HH,0.37307411432266235,0.7255381941795349,0.28005602955818176,residual,audited,1.0
1589,1745,1,1.633144497871399,-0.03935926407575607,-0.8687324523925781,2.5064804553985596,0.029046131297945976,0.008434770628809929,1,5,2.4849066497880004,0,0,0.0040603077699362606,-0.0040603077699362606,LL,0.0040603079833090305,-0.0040603079833090305,0.0,residual,audited,39.0
487,1705,1,5.927651882171631,-0.15002834796905518,2.973921298980713,3.0123231410980225,0.0857260525226593,0.013777895830571651,8,2,3.295836866004329,1,1,0.13114030699904125,0.5620068735609041,HH,0.1311403065919876,0.5620068907737732,0.25,residual,audited,16.0
893,911,1,5.242893695831299,-0.8278051018714905,3.0237748622894287,3.006223440170288,0.03499094396829605,0.005076452624052763,5,3,3.1780538303479453,1,1,0.22577903790857956,0.4673681426513657,HH,0.22577904164791107,0.46736812591552734,0.25819888710975647,residual,audited,4.0
628,1764,1,0.8143187165260315,-0.6607519388198853,-0.8693512678146362,2.335981845855713,0.0027303528040647507,0.0007057335460558534,3,1,2.0794415416798357,0,0,0.0024748238360119044,-0.0024748238360119044,LL,0.002474823733791709,-0.002474823733791709,0.0,residual,audited,244.99999999999997
264,1902,1,1.5687602758407593,-0.7073456048965454,-0.6720783710479736,2.9198195934295654,0.02265496924519539,0.005241902079433203,3,6,3.332204510175204,0,0,0.2948110893321348,-0.2948110893321348,HL,0.29481109976768494,-0.29481109976768494,0.0,residual,audited,49.00000000000001
229,1405,1,2.6057889461517334,1.4245469570159912,-0.8695274591445923,1.9316635131835938,0.11339643597602844,0.026133421808481216,0,3,1.3862943611198906,0,0,0.0020240857061117087,-0.0020240857061117087,LL,0.0020240857265889645,-0.0020240857265889645,0.0,residual,audited,15.0
733,2304,1,3.0427134037017822,1.1411795616149902,-0.7481067180633545,2.5237667560577393,0.12016426026821136,0.026507500559091568,25,2,4.356708826689592,0,0,0.19964350558256308,-0.19964350558256308,HL,0.19964350759983063,-0.19964350759983063,0.0,residual,audited,79.0
795,1645,1,0.10685935616493225,-0.6607519388198853,-0.8693512678146362,1.628522515296936,0.0027303528040647507,0.0008636650745756924,1,3,2.0794415416798357,0,0,0.0024748238360119044,-0.0024748238360119044,LL,0.002474823733791709,-0.002474823733791709,0.0,residual,audited,197.00000000000003
505,1258,1,3.141772747039795,0.9163621664047241,-0.8692748546600342,2.9964394569396973,0.09253639727830887,0.018983332440257072,9,1,2.9957322735539913,0,0,0.002670989411858091,-0.002670989411858091,HL,0.0026709893718361855,-0.0026709893718361855,0.0,residual,audited,9.0
63,1322,1,3.399867534637451,1.4210647344589233,-0.8694373369216919,2.73142147064209,0.11110913008451462,0.02164590358734131,0,1,0.6931471805599453,0,0,0.0022547768087889004,-0.0022547768087889004,LL,0.0022547768894582987,-0.0022547768894582987,0.0,residual,audited,19.0
1430,1718,1,-0.847890317440033,-0.6607519388198853,-0.8693512678146362,0.6737728118896484,0.0027303528040647507,0.0012373537756502628,1,3,2.0794415416798357,0,0,0.0024748238360119044,-0.0024748238360119044,LL,0.002474823733791709,-0.002474823733791709,0.0,residual,audited,242.0
1750,1765,1,5.831961631774902,-0.11271991580724716,2.920379638671875,2.9259867668151855,0.09260581433773041,0.015302466228604317,4,14,4.31748811353631,2,2,0.4547401543466098,0.6438721343214997,HH,0.45474016666412354,0.6438721418380737,0.26726123690605164,residual,audited,65.0
779,1919,1,5.178082466125488,-0.887832760810852,2.9971110820770264,3.0310020446777344,0.0320923738181591,0.004618911072611809,5,5,3.58351893845611,2,2,0.3683678903821438,0.7302443982859658,HH,0.36836788058280945,0.7302443981170654,0.4000000059604645,residual,audited,59.0
986,2697,1,4.614066123962402,2.4337363243103027,-0.8696141242980957,2.8076765537261963,0.23655784130096436,0.037267379462718964,0,0,0.0,0,0,0.0018015872129917689,-0.0018015872129917689,LL,0.001801587175577879,-0.001801587175577879,0.0,residual,audited,1.0
576,1810,1,2.5629634857177734,0.7331200242042542,-0.6476006507873535,2.367426872253418,0.10430766642093658,0.0270756334066391,4,38,5.272999558563747,0,0,0.3240937138453681,-0.3240937138453681,HL,0.32409369945526123,-0.32409369945526123,0.0,residual,audited,81.0
274,749,1,0.909940779209137,-0.9245124459266663,-0.8694373369216919,2.69572114944458,0.002459744457155466,0.000547567498870194,1,2,1.791759469228055,0,0,0.0022547768087889004,-0.0022547768087889004,LL,0.0022547768894582987,-0.0022547768894582987,0.0,residual,audited,166.0
1224,1587,1,7.876147270202637,1.6500661373138428,3.0235157012939453,3.019723415374756,0.17713230848312378,0.022506030276417732,20,1,3.7376696182833684,1,1,0.003006727339478526,0.6901404532204668,HH,0.003006727434694767,0.690140426158905,0.22360679507255554,residual,audited,1.0
610,2481,1,1.8437579870224,-0.03935926407575607,-0.8687324523925781,2.7170939445495605,0.029046131297945976,0.00794862862676382,5,1,2.4849066497880004,0,0,0.0040603077699362606,-0.0040603077699362606,LL,0.0040603079833090305,-0.0040603079833090305,0.0,residual,audited,13.0
1903,2269,1,1.7770373821258545,-0.7680517435073853,-0.43699219822883606,2.9392623901367188,0.037109240889549255,0.0088748037815094,7,5,3.8712010109078907,0,0,0.5321398223609669,-0.5321398223609669,HL,0.5321398377418518,-0.5321398377418518,0.0,residual,audited,20.0
1358,1741,1,-0.5782182812690735,1.945913553237915,-0.6693669557571411,-2.0432889461517334,0.1828143298625946,0.03776076063513756,139,2,6.040254711277413,0,0,0.2980578250486941,-0.2980578250486941,HL,0.29805782437324524,-0.29805782437324524,0.0,residual,audited,264.0
336,1950,1,7.481119632720947,1.3267161846160889,3.048694133758545,2.945512533187866,0.15448729693889618,0.020666062831878662,1,13,3.3322045101752042,1,1,-0.001075849647576595,0.6942230302075219,HH,-0.001075849635526538,0.6942230463027954,0.2773500978946686,residual,audited,2.0
146,897,1,5.3447184562683105,-0.7073456048965454,3.0078444480895996,2.9932055473327637,0.045304425060749054,0.006708089727908373,3,6,3.332204510175204,1,1,0.2948110893321348,0.3983360912278105,HH,0.29481109976768494,0.3983360826969147,0.2357022762298584,residual,audited,2.0
154,364,1,5.134695053100586,-0.7465286254882812,2.9193615913391113,2.8976387977600098,0.058513443917036057,0.008836162276566029,10,9,4.700480365792417,1,1,1.1520551412038156,-0.4589079606438703,HL,1.1520551443099976,-0.45890796184539795,0.10540925711393356,residual,audited,115.0
1042,2198,1,2.5848312377929688,0.06483625620603561,-0.5101808309555054,2.947474956512451,0.07699104398488998,0.021389473229646683,17,4,4.499809670330265,0,0,0.46722143061535454,-0.46722143061535454,HL,0.4672214388847351,-0.4672214388847351,0.0,residual,audited,82.0
167,168,1,5.038597583770752,-1.0126283168792725,3.0361037254333496,3.0076370239257812,0.0017751771956682205,0.00025150764849968255,2,2,2.197224577336219,1,1,0.06401224965593211,0.6291349309040132,LH,0.06401225179433823,0.6291349530220032,0.5,residual,audited,2.0
1566,2071,1,1.670078158378601,-0.7013309597969055,-0.5687624216079712,2.9009718894958496,0.033490005880594254,0.007965171709656715,4,7,3.688879454113936,0,0,0.4110045184115584,-0.4110045184115584,HL,0.41100451350212097,-0.41100451350212097,0.0,residual,audited,82.0
603,795,1,2.0400402545928955,0.2788354754447937,-0.8674753904342651,2.573760747909546,0.049209900200366974,0.013055512681603432,6,1,2.6390573296152584,0,0,0.007277398667662731,-0.007277398667662731,LL,0.007277398835867643,-0.007277398835867643,0.0,residual,audited,81.0
55,210,1,1.9614006280899048,-0.787578284740448,-0.21474844217300415,2.913008213043213,0.04500947520136833,0.011365041136741638,8,7,4.276666119016055,0,0,0.7430745731595764,-0.7430745731595764,HL,0.7430745959281921,-0.7430745959281921,0.0,residual,audited,71.0
1229,2439,1,5.782654285430908,-0.12058251351118088,2.9287140369415283,2.876960515975952,0.09185262769460678,0.015262703411281109,11,3,3.8712010109078907,1,1,0.2812409609123343,0.411906219647611,HH,0.28124096989631653,0.4119062125682831,0.17407765984535217,residual,audited,45.0
963,2434,1,6.1504058837890625,0.009858287870883942,3.0365450382232666,3.0036070346832275,0.09468575567007065,0.015409346669912338,16,4,4.442651256490317,3,3,0.45748309024963585,0.9288112708702547,HH,0.45748308300971985,0.9288113117218018,0.375,residual,audited,23.0
170,1358,1,4.419590950012207,2.161062240600586,-0.8373527526855469,2.894097089767456,0.19607438147068024,0.03220359608530998,1,139,5.634789603169249,0,0,0.06631078659463438,-0.06631078659463438,HL,0.06631078571081161,-0.06631078571081161,0.0,residual,audited,153.0
