probe,probe_seed,pair_id,target,prediction
z_cn_to_degree,0,test-0,4.6443908991413725,3.5569589138031006
z_cn_to_degree,0,test-1,3.988984046564274,4.0027265548706055
z_cn_to_degree,0,test-2,4.584967478670572,3.9071156978607178
z_cn_to_degree,0,test-3,3.1780538303479453,3.4838521480560303
z_cn_to_degree,0,test-4,4.77912349311153,4.613645553588867
z_cn_to_degree,0,test-5,3.8066624897703196,4.095544815063477
z_cn_to_degree,0,test-6,5.966146739123692,5.06134033203125
z_cn_to_degree,0,test-7,3.6635616461296463,3.6309096813201904
z_cn_to_degree,0,test-8,3.0445224377234226,3.4894015789031982
z_cn_to_degree,0,test-9,3.6888794541139367,4.272188186645508
z_cn_to_degree,0,test-10,3.401197381662155,3.19199538230896
z_cn_to_degree,0,test-11,3.9120230054281464,3.7827184200286865
z_cn_to_degree,0,test-12,0.6931471805599453,2.7188432216644287
z_cn_to_degree,0,test-13,4.74493212836325,4.334781646728516
z_cn_to_degree,0,test-14,4.0943445622221,4.336854934692383
z_cn_to_degree,0,test-15,1.791759469228055,3.804157018661499
z_cn_to_degree,0,test-16,4.394449154672438,3.1876370906829834
z_cn_to_degree,0,test-17,4.718498871295095,3.1291539669036865
z_cn_to_degree,0,test-18,0.6931471805599453,2.7188432216644287
z_cn_to_degree,0,test-19,3.0445224377234226,3.4894015789031982
z_cn_to_degree,0,test-20,3.1780538303479458,2.7254979610443115
z_cn_to_degree,0,test-21,3.465735902799726,4.086179733276367
z_cn_to_degree,0,test-22,3.401197381662155,3.99814772605896
z_cn_to_degree,0,test-23,1.0986122886681096,2.7244107723236084
z_cn_to_degree,0,test-24,3.5553480614894135,3.3102853298187256
z_cn_to_degree,0,test-25,4.189654742026425,4.95838737487793
z_cn_to_degree,0,test-26,2.3025850929940455,2.5045487880706787
z_cn_to_degree,0,test-27,3.465735902799726,3.833604574203491
z_cn_to_degree,0,test-28,2.8903717578961645,3.5302140712738037
z_cn_to_degree,0,test-29,3.688879454113936,4.619285583496094
z_cn_to_degree,0,test-30,4.882801922586371,3.0321500301361084
z_cn_to_degree,0,test-31,4.553876891600541,3.6420819759368896
z_cn_to_degree,0,test-32,3.58351893845611,4.077934265136719
z_cn_to_degree,0,test-33,3.58351893845611,3.5309503078460693
z_cn_to_degree,0,test-34,3.1780538303479453,3.932603597640991
z_cn_to_degree,0,test-35,2.772588722239781,3.5729291439056396
z_cn_to_degree,0,test-36,1.3862943611198906,2.724445104598999
z_cn_to_degree,0,test-37,2.3025850929940455,2.7161271572113037
z_cn_to_degree,0,test-38,3.9889840465642745,2.77970290184021
z_cn_to_degree,0,test-39,1.791759469228055,2.7188432216644287
z_cn_to_degree,0,test-40,3.951243718581427,4.006830215454102
z_cn_to_degree,0,test-41,3.6888794541139367,3.758958578109741
z_cn_to_degree,0,test-42,6.040254711277413,4.219097137451172
z_cn_to_degree,0,test-43,2.484906649788,3.2911088466644287
z_cn_to_degree,0,test-44,3.1780538303479453,4.525001525878906
z_cn_to_degree,0,test-45,0.6931471805599453,2.7188432216644287
z_cn_to_degree,0,test-46,4.941642422609304,3.7807137966156006
z_cn_to_degree,0,test-47,0.0,2.724445104598999
z_cn_to_degree,0,test-48,2.8903717578961645,3.6663777828216553
z_cn_to_degree,0,test-49,6.040254711277413,4.16114616394043
z_cn_to_degree,0,test-50,3.332204510175204,3.781745672225952
z_cn_to_degree,0,test-51,2.995732273553991,3.5746915340423584
z_cn_to_degree,0,test-52,6.327936783729195,5.234395980834961
z_cn_to_degree,0,test-53,2.8903717578961645,3.4806935787200928
z_cn_to_degree,0,test-54,2.6390573296152584,2.6568830013275146
z_cn_to_degree,0,test-55,4.927253685157204,5.191932678222656
z_cn_to_degree,0,test-56,2.7080502011022096,3.4806935787200928
z_cn_to_degree,0,test-57,5.272999558563747,3.37632155418396
z_cn_to_degree,0,test-58,3.9889840465642745,4.918713569641113
z_cn_to_degree,0,test-59,2.0794415416798357,3.904071569442749
z_cn_to_degree,0,test-60,4.7535901911063645,3.99580454826355
z_cn_to_degree,0,test-61,2.1972245773362196,2.7442033290863037
z_cn_to_degree,0,test-62,2.3978952727983707,2.7442033290863037
z_cn_to_degree,0,test-63,1.3862943611198906,2.724445104598999
z_cn_to_degree,0,test-64,3.58351893845611,3.623753309249878
z_cn_to_degree,0,test-65,2.8903717578961645,3.2225663661956787
z_cn_to_degree,0,test-66,2.4849066497880004,2.6965463161468506
z_cn_to_degree,0,test-67,2.4849066497880004,2.6965463161468506
z_cn_to_degree,0,test-68,4.90527477843843,4.9564056396484375
z_cn_to_degree,0,test-69,3.2188758248682006,3.8248441219329834
z_cn_to_degree,0,test-70,2.995732273553991,3.9534718990325928
z_cn_to_degree,0,test-71,4.0943445622221,3.876178503036499
z_cn_to_degree,0,test-72,1.791759469228055,2.7188432216644287
z_cn_to_degree,0,test-73,3.951243718581427,4.121530532836914
z_cn_to_degree,0,test-74,2.7080502011022096,3.4806935787200928
z_cn_to_degree,0,test-75,3.0445224377234226,2.8112142086029053
z_cn_to_degree,0,test-76,1.0986122886681096,2.7244107723236084
z_cn_to_degree,0,test-77,3.0445224377234226,3.2143189907073975
z_cn_to_degree,0,test-78,1.3862943611198906,2.721698522567749
z_cn_to_degree,0,test-79,1.791759469228055,2.7188432216644287
z_cn_to_degree,0,test-80,3.688879454113936,3.963775396347046
z_cn_to_degree,0,test-81,3.58351893845611,3.7716119289398193
z_cn_to_degree,0,test-82,3.465735902799726,4.32203483581543
z_cn_to_degree,0,test-83,4.025351690735149,3.0151917934417725
z_cn_to_degree,0,test-84,4.718498871295094,4.119382858276367
z_cn_to_degree,0,test-85,3.988984046564274,4.0027265548706055
z_cn_to_degree,0,test-86,3.332204510175204,3.860654592514038
z_cn_to_degree,0,test-87,2.7080502011022096,3.4806935787200928
z_cn_to_degree,0,test-88,2.6390573296152584,2.6568830013275146
z_cn_to_degree,0,test-89,3.332204510175204,4.002019882202148
z_cn_to_degree,0,test-90,2.484906649788,3.2911088466644287
z_cn_to_degree,0,test-91,2.0794415416798357,2.7161271572113037
z_cn_to_degree,0,test-92,3.1780538303479453,3.901963949203491
z_cn_to_degree,0,test-93,5.272999558563747,3.4855763912200928
z_cn_to_degree,0,test-94,2.484906649788,3.2911088466644287
z_cn_to_degree,0,test-95,3.4011973816621555,4.064577102661133
z_cn_to_degree,0,test-96,7.50659178007084,6.810110092163086
z_cn_to_degree,0,test-97,4.465908118654584,3.525665044784546
z_cn_to_degree,0,test-98,2.3025850929940455,2.7161271572113037
z_cn_to_degree,0,test-99,2.7080502011022096,3.4806935787200928
z_cn_to_degree,0,test-100,3.58351893845611,4.324002265930176
z_cn_to_degree,0,test-101,2.7080502011022096,3.732053518295288
z_cn_to_degree,0,test-102,4.02535169073515,3.3367745876312256
z_cn_to_degree,0,test-103,2.772588722239781,3.5729291439056396
z_cn_to_degree,0,test-104,2.197224577336219,3.1773183345794678
z_cn_to_degree,0,test-105,1.0986122886681096,2.7244107723236084
z_cn_to_degree,0,test-106,3.5263605246161616,3.0897538661956787
z_cn_to_degree,0,test-107,0.6931471805599453,2.7188432216644287
z_cn_to_degree,0,test-108,6.327936783729195,4.56776237487793
z_cn_to_degree,0,test-109,3.58351893845611,3.6015775203704834
z_cn_to_degree,0,test-110,2.0794415416798357,2.7161271572113037
z_cn_to_degree,0,test-111,2.8903717578961645,2.782264471054077
z_cn_to_degree,0,test-112,5.0106352940962555,3.6368863582611084
z_cn_to_degree,0,test-113,3.688879454113936,3.981928586959839
z_cn_to_degree,0,test-114,1.3862943611198906,2.721698522567749
z_cn_to_degree,0,test-115,1.3862943611198906,2.779235601425171
z_cn_to_degree,0,test-116,7.3395376954076745,6.488481521606445
z_cn_to_degree,0,test-117,4.304065093204169,3.398486852645874
z_cn_to_degree,0,test-118,3.2188758248682006,3.989764928817749
z_cn_to_degree,0,test-119,6.733401891837358,4.824384689331055
z_cn_to_degree,0,test-120,2.484906649788,3.630307912826538
z_cn_to_degree,0,test-121,2.995732273553991,3.4871652126312256
z_cn_to_degree,0,test-122,3.58351893845611,4.227300643920898
z_cn_to_degree,0,test-123,1.791759469228055,3.270993947982788
z_cn_to_degree,0,test-124,2.6390573296152584,2.6568830013275146
z_cn_to_degree,0,test-125,2.197224577336219,3.092498540878296
z_cn_to_degree,0,test-126,2.484906649788,4.3671722412109375
z_cn_to_degree,0,test-127,1.791759469228055,2.7188432216644287
z_cn_to_degree,0,test-128,3.6635616461296463,3.6309096813201904
z_cn_to_degree,0,test-129,2.5649493574615367,2.584625005722046
z_cn_to_degree,0,test-130,2.995732273553991,3.9914395809173584
z_cn_to_degree,0,test-131,3.0445224377234226,2.904376745223999
z_cn_to_degree,0,test-132,3.688879454113936,3.981928586959839
z_cn_to_degree,0,test-133,5.560681631015528,4.371744155883789
z_cn_to_degree,0,test-134,2.197224577336219,3.092498540878296
z_cn_to_degree,0,test-135,2.772588722239781,3.500385046005249
z_cn_to_degree,0,test-136,3.688879454113936,5.012628555297852
z_cn_to_degree,0,test-137,2.1972245773362196,2.7442033290863037
z_cn_to_degree,0,test-138,4.31748811353631,4.468318939208984
z_cn_to_degree,0,test-139,1.791759469228055,2.7188432216644287
z_cn_to_degree,0,test-140,3.332204510175204,4.002019882202148
z_cn_to_degree,0,test-141,4.276666119016055,4.333765029907227
z_cn_to_degree,0,test-142,2.7080502011022096,3.4806935787200928
z_cn_to_degree,0,test-143,2.0794415416798357,2.7161271572113037
z_cn_to_degree,0,test-144,2.772588722239781,3.5729291439056396
z_cn_to_degree,0,test-145,4.882801922586371,2.5871541500091553
z_cn_to_degree,0,test-146,3.465735902799726,3.5328500270843506
z_cn_to_degree,0,test-147,3.332204510175204,4.002019882202148
z_cn_to_degree,0,test-148,6.327936783729195,4.260007858276367
z_cn_to_degree,0,test-149,3.2188758248682006,3.989764928817749
z_cn_to_degree,0,test-150,3.9318256327243257,3.8009421825408936
z_cn_to_degree,0,test-151,3.295836866004329,3.9555108547210693
z_cn_to_degree,0,test-152,3.4011973816621555,2.6531198024749756
z_cn_to_degree,0,test-153,4.0943445622221,4.103679656982422
z_cn_to_degree,0,test-154,2.0794415416798357,3.179044485092163
z_cn_to_degree,0,test-155,2.3025850929940455,2.7161271572113037
z_cn_to_degree,0,test-156,5.41164605185504,4.96527099609375
z_cn_to_degree,0,test-157,4.564348191467836,3.519775152206421
z_cn_to_degree,0,test-158,0.0,2.724445104598999
z_cn_to_degree,0,test-159,2.7080502011022096,4.0126190185546875
z_cn_to_degree,0,test-160,2.9444389791664403,2.782264471054077
z_cn_to_degree,0,test-161,1.3862943611198906,2.721698522567749
z_cn_to_degree,0,test-162,2.8903717578961645,3.1997201442718506
z_cn_to_degree,0,test-163,1.791759469228055,2.7188432216644287
z_cn_to_degree,0,test-164,5.560681631015528,3.2942540645599365
z_cn_to_degree,0,test-165,1.0986122886681096,2.7244107723236084
z_cn_to_degree,0,test-166,3.5553480614894135,4.313074111938477
z_cn_to_degree,0,test-167,4.499809670330265,5.081239700317383
z_cn_to_degree,0,test-168,3.5553480614894135,3.6365182399749756
z_cn_to_degree,0,test-169,1.791759469228055,2.7188432216644287
z_cn_to_degree,0,test-170,2.0794415416798357,2.7161271572113037
z_cn_to_degree,0,test-171,5.288267030694534,4.233234405517578
z_cn_to_degree,0,test-172,1.3862943611198906,2.721698522567749
z_cn_to_degree,0,test-173,2.484906649788,3.2911088466644287
z_cn_to_degree,0,test-174,3.9120230054281464,3.6403634548187256
z_cn_to_degree,0,test-175,4.499809670330265,4.8057098388671875
z_cn_to_degree,0,test-176,4.867534450455582,3.4753854274749756
z_cn_to_degree,0,test-177,4.718498871295095,3.1291539669036865
z_cn_to_degree,0,test-178,3.465735902799726,4.102352142333984
z_cn_to_degree,0,test-179,1.3862943611198906,2.721698522567749
z_cn_to_degree,0,test-180,3.58351893845611,2.6641080379486084
z_cn_to_degree,0,test-181,3.58351893845611,4.077934265136719
z_cn_to_degree,0,test-182,3.465735902799726,4.102352142333984
z_cn_to_degree,0,test-183,0.0,2.724445104598999
z_cn_to_degree,0,test-184,7.24422751560335,6.58671760559082
z_cn_to_degree,0,test-185,3.332204510175204,4.002019882202148
z_cn_to_degree,0,test-186,3.401197381662155,3.658139944076538
z_cn_to_degree,0,test-187,3.332204510175204,4.002019882202148
z_cn_to_degree,0,test-188,2.484906649788,3.2911088466644287
z_cn_to_degree,0,test-189,2.197224577336219,3.092498540878296
z_cn_to_degree,0,test-190,2.7080502011022096,3.223191976547241
z_cn_to_degree,0,test-191,2.0794415416798357,2.7161271572113037
z_cn_to_degree,0,test-192,3.0445224377234226,2.550391912460327
z_cn_to_degree,0,test-193,2.995732273553991,3.6505563259124756
z_cn_to_degree,0,test-194,3.58351893845611,2.6641080379486084
z_cn_to_degree,0,test-195,4.90527477843843,3.739694356918335
z_cn_to_degree,0,test-196,4.5217885770490405,4.268559455871582
z_cn_to_degree,0,test-197,2.484906649788,3.2911088466644287
z_cn_to_degree,0,test-198,4.709530201312334,3.551863431930542
z_cn_to_degree,0,test-199,1.0986122886681096,2.7244107723236084
z_cn_to_degree,0,test-200,1.0986122886681096,2.7244107723236084
z_cn_to_degree,0,test-201,1.0986122886681096,2.7244107723236084
z_cn_to_degree,0,test-202,3.0445224377234226,3.4894015789031982
z_cn_to_degree,0,test-203,2.484906649788,3.2911088466644287
z_cn_to_degree,0,test-204,2.6390573296152584,3.5386006832122803
z_cn_to_degree,0,test-205,2.197224577336219,3.092498540878296
z_cn_to_degree,0,test-206,3.58351893845611,4.077934265136719
z_cn_to_degree,0,test-207,4.248495242049359,3.953510046005249
z_cn_to_degree,0,test-208,4.0943445622221,4.230602264404297
z_cn_to_degree,0,test-209,4.836281906951478,4.6000213623046875
z_cn_to_degree,0,test-210,4.976733742420574,3.5927770137786865
z_cn_to_degree,0,test-211,3.0445224377234226,3.575935125350952
z_cn_to_degree,0,test-212,4.499809670330265,2.586129903793335
z_cn_to_degree,0,test-213,1.3862943611198906,2.724445104598999
z_cn_to_degree,0,test-214,5.560681631015528,3.633287191390991
z_cn_to_degree,0,test-215,2.0794415416798357,2.7161271572113037
z_cn_to_degree,0,test-216,0.6931471805599453,2.7188432216644287
z_cn_to_degree,0,test-217,1.791759469228055,3.1859567165374756
z_cn_to_degree,0,test-218,3.0445224377234226,3.4894015789031982
z_cn_to_degree,0,test-219,3.58351893845611,4.324002265930176
z_cn_to_degree,0,test-220,2.70805020110221,2.7390668392181396
z_cn_to_degree,0,test-221,2.995732273553991,3.6505563259124756
z_cn_to_degree,0,test-222,2.0794415416798357,2.7161271572113037
z_cn_to_degree,0,test-223,3.8712010109078907,3.706197500228882
z_cn_to_degree,0,test-224,0.0,2.724445104598999
z_cn_to_degree,0,test-225,3.332204510175204,3.2865636348724365
z_cn_to_degree,0,test-226,2.0794415416798357,2.7161271572113037
z_cn_to_degree,0,test-227,2.772588722239781,3.8998563289642334
z_cn_to_degree,0,test-228,1.791759469228055,2.7188432216644287
z_cn_to_degree,0,test-229,2.197224577336219,3.092498540878296
z_cn_to_degree,0,test-230,3.4011973816621555,3.7899911403656006
z_cn_to_degree,0,test-231,4.430816798843313,4.262380599975586
z_cn_to_degree,0,test-232,4.276666119016055,5.144491195678711
z_cn_to_degree,0,test-233,1.791759469228055,2.7276360988616943
z_cn_to_degree,0,test-234,3.58351893845611,4.324002265930176
z_cn_to_degree,0,test-235,3.1780538303479453,4.473661422729492
z_cn_to_degree,0,test-236,2.8903717578961645,3.4806935787200928
z_cn_to_degree,0,test-237,3.0445224377234226,3.4894015789031982
z_cn_to_degree,0,test-238,5.780743515792329,4.875139236450195
z_cn_to_degree,0,test-239,6.327936783729195,5.063266754150391
z_cn_to_degree,0,test-240,0.6931471805599453,2.7188432216644287
z_cn_to_degree,0,test-241,2.4849066497880004,2.6965463161468506
z_cn_to_degree,0,test-242,2.8903717578961645,3.682969808578491
z_cn_to_degree,0,test-243,2.197224577336219,3.6148908138275146
z_cn_to_degree,0,test-244,3.0445224377234226,3.4894015789031982
z_cn_to_degree,0,test-245,2.7080502011022096,3.9632298946380615
z_cn_to_degree,0,test-246,4.74493212836325,5.306856155395508
z_cn_to_degree,0,test-247,1.791759469228055,2.7188432216644287
z_cn_to_degree,0,test-248,3.8066624897703196,4.095544815063477
z_cn_to_degree,0,test-249,3.951243718581427,4.121530532836914
z_cn_to_degree,0,test-250,1.3862943611198906,2.721698522567749
z_cn_to_degree,0,test-251,4.718498871295095,3.1291539669036865
z_cn_to_degree,0,test-252,3.465735902799726,4.102352142333984
z_cn_to_degree,0,test-253,2.7080502011022096,3.4806935787200928
z_cn_to_degree,0,test-254,2.6390573296152584,2.6568830013275146
z_cn_to_degree,0,test-255,5.19295685089021,3.9892804622650146
z_cn_to_degree,0,test-256,0.0,2.724445104598999
z_cn_to_degree,0,test-257,5.98141421125448,4.061271667480469
z_cn_to_degree,0,test-258,3.8712010109078907,4.499090194702148
z_cn_to_degree,0,test-259,2.9957322735539913,2.7136895656585693
z_cn_to_degree,0,test-260,1.0986122886681096,2.7244107723236084
z_cn_to_degree,0,test-261,3.401197381662155,4.122797012329102
z_cn_to_degree,0,test-262,2.995732273553991,3.5669057369232178
z_cn_to_degree,0,test-263,2.995732273553991,3.6505563259124756
z_cn_to_degree,0,test-264,4.1588830833596715,4.164980888366699
z_cn_to_degree,0,test-265,4.31748811353631,4.468318939208984
z_cn_to_degree,0,test-266,1.791759469228055,2.7328317165374756
z_cn_to_degree,0,test-267,2.0794415416798357,4.123264312744141
z_cn_to_degree,0,test-268,2.7080502011022096,3.4806935787200928
z_cn_to_degree,0,test-269,6.476972362889683,5.629894256591797
z_cn_to_degree,0,test-270,1.791759469228055,2.7188432216644287
z_cn_to_degree,0,test-271,3.0445224377234226,4.079036712646484
z_cn_to_degree,0,test-272,3.737669618283368,4.630271911621094
z_cn_to_degree,0,test-273,3.1780538303479453,3.8590657711029053
z_cn_to_degree,0,test-274,2.772588722239781,4.019308090209961
z_cn_to_degree,0,test-275,2.7080502011022096,3.4806935787200928
z_cn_to_degree,0,test-276,2.0794415416798357,2.7442033290863037
z_cn_to_degree,0,test-277,3.332204510175204,4.002019882202148
z_cn_to_degree,0,test-278,5.220355825078324,3.315284490585327
z_cn_to_degree,0,test-279,3.6635616461296463,3.769407033920288
z_cn_to_degree,0,test-280,2.6390573296152584,2.6568830013275146
z_cn_to_degree,0,test-281,2.484906649788,3.164174795150757
z_cn_to_degree,0,test-282,3.9512437185814275,2.6009957790374756
z_cn_to_degree,0,test-283,2.995732273553991,3.6505563259124756
z_cn_to_degree,0,test-284,1.6094379124341003,2.7276360988616943
z_cn_to_degree,0,test-285,2.7080502011022096,3.4806935787200928
z_cn_to_degree,0,test-286,6.461468176353717,5.817852020263672
z_cn_to_degree,0,test-287,3.0445224377234226,3.4894015789031982
z_cn_to_degree,0,test-288,3.4965075614664802,4.23503303527832
z_cn_to_degree,0,test-289,4.499809670330265,4.390132904052734
z_cn_to_degree,0,test-290,2.8903717578961645,3.0133397579193115
z_cn_to_degree,0,test-291,5.60947179518496,4.824214935302734
z_cn_to_degree,0,test-292,5.375278407684165,5.608423233032227
z_cn_to_degree,0,test-293,3.6888794541139367,4.501199722290039
z_cn_to_degree,0,test-294,2.197224577336219,3.469299077987671
z_cn_to_degree,0,test-295,2.3025850929940455,3.2281548976898193
z_cn_to_degree,0,test-296,3.7376696182833684,2.709552526473999
z_cn_to_degree,0,test-297,2.0794415416798357,2.7442033290863037
z_cn_to_degree,0,test-298,1.3862943611198906,3.6367223262786865
z_cn_to_degree,0,test-299,3.1780538303479453,3.932603597640991
z_cn_to_degree,0,test-300,2.995732273553991,3.4565351009368896
z_cn_to_degree,0,test-301,1.6094379124341003,2.7276360988616943
z_cn_to_degree,0,test-302,2.484906649788,2.9956700801849365
z_cn_to_degree,0,test-303,2.0794415416798357,2.7161271572113037
z_cn_to_degree,0,test-304,4.382026634673881,4.173793792724609
z_cn_to_degree,0,test-305,3.332204510175204,3.0619847774505615
z_cn_to_degree,0,test-306,5.556828061699537,3.8290746212005615
z_cn_to_degree,0,test-307,2.0794415416798357,2.7161271572113037
z_cn_to_degree,0,test-308,2.0794415416798357,2.635577917098999
z_cn_to_degree,0,test-309,3.58351893845611,4.158933639526367
z_cn_to_degree,0,test-310,2.197224577336219,3.092498540878296
z_cn_to_degree,0,test-311,3.8918202981106265,4.6375885009765625
z_cn_to_degree,0,test-312,2.4849066497880004,2.7560269832611084
z_cn_to_degree,0,test-313,6.733401891837358,5.21135139465332
z_cn_to_degree,0,test-314,4.941642422609304,3.905921697616577
z_cn_to_degree,0,test-315,1.9459101490553132,2.7442033290863037
z_cn_to_degree,0,test-316,2.8903717578961645,4.113525390625
z_cn_to_degree,0,test-317,5.41164605185504,5.398410797119141
z_cn_to_degree,0,test-318,3.332204510175204,4.002019882202148
z_cn_to_degree,0,test-319,6.733401891837358,5.211957931518555
z_cn_to_degree,0,test-320,2.772588722239781,3.5729291439056396
z_cn_to_degree,0,test-321,3.0445224377234226,3.4894015789031982
z_cn_to_degree,0,test-322,2.995732273553991,3.303121328353882
z_cn_to_degree,0,test-323,0.6931471805599453,2.7188432216644287
z_cn_to_degree,0,test-324,2.484906649788,3.2911088466644287
z_cn_to_degree,0,test-325,2.772588722239781,3.286393880844116
z_cn_to_degree,0,test-326,3.091042453358316,2.7136895656585693
z_cn_to_degree,0,test-327,3.4011973816621555,3.531543493270874
z_cn_to_degree,0,test-328,3.688879454113936,3.981928586959839
z_cn_to_degree,0,test-329,1.6094379124341003,2.7276360988616943
z_cn_to_degree,0,test-330,3.5553480614894135,4.540864944458008
z_cn_to_degree,0,test-331,3.8712010109078907,3.9872591495513916
z_cn_to_degree,0,test-332,2.70805020110221,2.7390668392181396
z_cn_to_degree,0,test-333,2.8903717578961645,2.782264471054077
z_cn_to_degree,0,test-334,2.4849066497880004,2.6965463161468506
z_cn_to_degree,0,test-335,4.51085950651685,5.23663330078125
z_cn_to_degree,0,test-336,2.7080502011022096,3.4806935787200928
z_cn_to_degree,0,test-337,3.0445224377234226,3.925485372543335
z_cn_to_degree,0,test-338,2.484906649788,3.572509527206421
z_cn_to_degree,0,test-339,2.772588722239781,3.1253888607025146
z_cn_to_degree,0,test-340,4.143134726391533,3.1545960903167725
z_cn_to_degree,0,test-341,3.9318256327243257,3.393745183944702
z_cn_to_degree,0,test-342,2.484906649788,3.2911088466644287
z_cn_to_degree,0,test-343,4.787491742782047,5.727941513061523
z_cn_to_degree,0,test-344,1.3862943611198906,2.724445104598999
z_cn_to_degree,0,test-345,3.1780538303479453,3.24125075340271
z_cn_to_degree,0,test-346,2.484906649788,3.977262258529663
z_cn_to_degree,0,test-347,2.484906649788,3.55375075340271
z_cn_to_degree,0,test-348,2.484906649788,2.869497060775757
z_cn_to_degree,0,test-349,3.401197381662155,3.99814772605896
z_cn_to_degree,0,test-350,2.8903717578961645,2.782264471054077
z_cn_to_degree,0,test-351,3.1780538303479453,3.932603597640991
z_cn_to_degree,0,test-352,1.3862943611198906,2.724445104598999
z_cn_to_degree,0,test-353,4.882801922586371,3.7604024410247803
z_cn_to_degree,0,test-354,4.234106504597259,3.588905096054077
z_cn_to_degree,0,test-355,5.6937321388027,5.201202392578125
z_cn_to_degree,0,test-356,0.6931471805599453,2.7188432216644287
z_cn_to_degree,0,test-357,1.791759469228055,2.7188432216644287
z_cn_to_degree,0,test-358,1.791759469228055,2.7188432216644287
z_cn_to_degree,0,test-359,5.966146739123692,3.8732545375823975
z_cn_to_degree,0,test-360,3.4965075614664802,3.5427844524383545
z_cn_to_degree,0,test-361,6.733401891837358,5.280416488647461
z_cn_to_degree,0,test-362,5.272999558563747,4.128453254699707
z_cn_to_degree,0,test-363,3.737669618283368,3.7377469539642334
z_cn_to_degree,0,test-364,2.197224577336219,3.092498540878296
z_cn_to_degree,0,test-365,2.995732273553991,3.6505563259124756
z_cn_to_degree,0,test-366,1.3862943611198906,2.721698522567749
z_cn_to_degree,0,test-367,6.327936783729195,5.234395980834961
z_cn_to_degree,0,test-368,4.430816798843313,4.820261001586914
z_cn_to_degree,0,test-369,0.0,2.724445104598999
z_cn_to_degree,0,test-370,2.6390573296152584,3.4019410610198975
z_cn_to_degree,0,test-371,1.6094379124341003,2.7276360988616943
z_cn_to_degree,0,test-372,2.484906649788,4.435346603393555
z_cn_to_degree,0,test-373,3.465735902799726,4.102352142333984
z_cn_to_degree,0,test-374,2.772588722239781,3.014667272567749
z_cn_to_degree,0,test-375,2.7080502011022096,3.2146832942962646
z_cn_to_degree,0,test-376,4.74493212836325,4.435544967651367
z_cn_to_degree,0,test-377,2.4849066497880004,2.6965463161468506
z_cn_to_degree,0,test-378,3.332204510175204,4.002019882202148
z_cn_to_degree,0,test-379,2.4849066497880004,2.6965463161468506
z_cn_to_degree,0,test-380,2.8903717578961645,3.0250585079193115
z_cn_to_degree,0,test-381,2.3025850929940455,3.858140707015991
z_cn_to_degree,0,test-382,1.791759469228055,2.7188432216644287
z_cn_to_degree,0,test-383,0.6931471805599453,2.7188432216644287
z_cn_to_degree,0,test-384,4.276666119016055,2.5893666744232178
z_cn_to_degree,0,test-385,1.791759469228055,2.7188432216644287
z_cn_to_degree,0,test-386,1.791759469228055,2.7188432216644287
z_cn_to_degree,0,test-387,2.0794415416798357,3.3376519680023193
z_cn_to_degree,0,test-388,2.995732273553991,3.3337533473968506
z_cn_to_degree,0,test-389,2.0794415416798357,2.7161271572113037
z_cn_to_degree,0,test-390,3.0445224377234226,3.6535184383392334
z_cn_to_degree,0,test-391,2.995732273553991,3.803251028060913
z_cn_to_degree,0,test-392,0.0,2.724445104598999
z_cn_to_degree,0,test-393,1.3862943611198906,2.721698522567749
z_cn_to_degree,0,test-394,2.3025850929940455,2.7161271572113037
z_cn_to_degree,0,test-395,3.295836866004329,3.3955323696136475
z_cn_to_degree,0,test-396,1.791759469228055,2.7188432216644287
z_cn_to_degree,0,test-397,3.4011973816621555,2.6531198024749756
z_cn_to_degree,0,test-398,2.4849066497880004,2.6965463161468506
z_cn_to_degree,0,test-399,2.995732273553991,3.6505563259124756
z_cn_to_degree,0,test-400,2.0794415416798357,4.050546646118164
z_cn_to_degree,0,test-401,2.0794415416798357,3.316749334335327
z_cn_to_degree,0,test-402,3.1780538303479453,2.973273992538452
z_cn_to_degree,0,test-403,3.828641396489095,2.5873658657073975
z_cn_to_degree,0,test-404,4.90527477843843,3.9075238704681396
z_cn_to_degree,0,test-405,1.791759469228055,2.7276360988616943
z_cn_to_degree,0,test-406,3.401197381662155,3.99814772605896
z_cn_to_degree,0,test-407,1.3862943611198906,1.8387525081634521
z_cn_to_degree,0,test-408,2.8903717578961645,2.782264471054077
z_cn_to_degree,0,test-409,4.276666119016055,3.2893598079681396
z_cn_to_degree,0,test-410,0.6931471805599453,2.7188432216644287
z_cn_to_degree,0,test-411,3.5553480614894135,4.313074111938477
z_cn_to_degree,0,test-412,2.8903717578961645,4.156669616699219
z_cn_to_degree,0,test-413,3.332204510175204,4.147254943847656
z_cn_to_degree,0,test-414,5.342334251964811,5.237636566162109
z_cn_to_degree,0,test-415,2.890371757896165,3.3822457790374756
z_cn_to_degree,0,test-416,3.401197381662155,4.308320999145508
z_cn_to_degree,0,test-417,3.091042453358316,2.7136895656585693
z_cn_to_degree,0,test-418,2.995732273553991,3.6505563259124756
z_cn_to_degree,0,test-419,3.401197381662155,3.248899221420288
z_cn_to_degree,0,test-420,4.787491742782046,3.4925296306610107
z_cn_to_degree,0,test-421,4.430816798843313,4.262380599975586
z_cn_to_degree,0,test-422,2.8903717578961645,2.4684484004974365
z_cn_to_degree,0,test-423,2.0794415416798357,2.7161271572113037
z_cn_to_degree,0,test-424,3.1780538303479458,3.9754865169525146
z_cn_to_degree,0,test-425,1.9459101490553132,2.7442033290863037
z_cn_to_degree,0,test-426,2.995732273553991,3.5214688777923584
z_cn_to_degree,0,test-427,2.197224577336219,3.092498540878296
z_cn_to_degree,0,test-428,1.3862943611198906,1.8387525081634521
z_cn_to_degree,0,test-429,3.4011973816621555,3.531543493270874
z_cn_to_degree,0,test-430,3.3322045101752042,2.7600228786468506
z_cn_to_degree,0,test-431,2.0794415416798357,2.7161271572113037
z_cn_to_degree,0,test-432,2.484906649788,3.2911088466644287
z_cn_to_degree,0,test-433,3.6888794541139367,3.2574212551116943
z_cn_to_degree,0,test-434,2.7080502011022096,3.722533941268921
z_cn_to_degree,0,test-435,2.4849066497880004,3.0022408962249756
z_cn_to_degree,0,test-436,4.718498871295095,3.1291539669036865
z_cn_to_degree,0,test-437,5.634789603169249,3.6209046840667725
z_cn_to_degree,0,test-438,4.68213122712422,3.527360677719116
z_cn_to_degree,0,test-439,1.791759469228055,2.7188432216644287
z_cn_to_degree,0,test-440,3.9889840465642745,4.143190383911133
z_cn_to_degree,0,test-441,6.327936783729195,4.850749969482422
z_cn_to_degree,0,test-442,3.0445224377234226,4.199007034301758
z_cn_to_degree,0,test-443,2.7080502011022096,2.9169023036956787
z_cn_to_degree,0,test-444,1.0986122886681096,2.7244107723236084
z_cn_to_degree,0,test-445,2.995732273553991,4.319522857666016
z_cn_to_degree,0,test-446,2.772588722239781,3.450019598007202
z_cn_to_degree,0,test-447,2.995732273553991,4.284690856933594
z_cn_to_degree,0,test-448,1.791759469228055,2.7276360988616943
z_cn_to_degree,0,test-449,1.3862943611198906,1.8387525081634521
z_cn_to_degree,0,test-450,2.484906649788,3.7381742000579834
z_cn_to_degree,0,test-451,7.50659178007084,6.730388641357422
z_cn_to_degree,0,test-452,3.951243718581427,4.121530532836914
z_cn_to_degree,0,test-453,3.5553480614894135,4.947500228881836
z_cn_to_degree,0,test-454,2.7080502011022096,3.4806935787200928
z_cn_to_degree,0,test-455,3.258096538021482,2.961568593978882
z_cn_to_degree,0,test-456,5.634789603169249,3.1368653774261475
z_cn_to_degree,0,test-457,0.6931471805599453,2.7188432216644287
z_cn_to_degree,0,test-458,2.772588722239781,3.5729291439056396
z_cn_to_degree,0,test-459,3.4011973816621555,3.415452718734741
z_cn_to_degree,0,test-460,2.995732273553991,4.021503448486328
z_cn_to_degree,0,test-461,3.0445224377234226,4.020374298095703
z_cn_to_degree,0,test-462,2.1972245773362196,2.7442033290863037
z_cn_to_degree,0,test-463,1.791759469228055,3.400541067123413
z_cn_to_degree,0,test-464,3.1780538303479458,3.8568780422210693
z_cn_to_degree,0,test-465,2.1972245773362196,2.7442033290863037
z_cn_to_degree,0,test-466,3.401197381662155,4.388275146484375
z_cn_to_degree,0,test-467,6.327936783729195,5.078474044799805
z_cn_to_degree,0,test-468,2.995732273553991,3.6505563259124756
z_cn_to_degree,0,test-469,3.0445224377234226,3.4894015789031982
z_cn_to_degree,0,test-470,1.0986122886681096,2.7244107723236084
z_cn_to_degree,0,test-471,3.401197381662155,3.808133840560913
z_cn_to_degree,0,test-472,2.3025850929940455,2.7161271572113037
z_cn_to_degree,0,test-473,6.040254711277413,4.081930160522461
z_cn_to_degree,0,test-474,4.90527477843843,3.8199422359466553
z_cn_to_degree,0,test-475,2.197224577336219,3.469299077987671
z_cn_to_degree,0,test-476,2.0794415416798357,2.7161271572113037
z_cn_to_degree,0,test-477,2.8903717578961645,3.4806935787200928
z_cn_to_degree,0,test-478,3.1780538303479453,2.6009252071380615
z_cn_to_degree,0,test-479,2.995732273553991,3.0950562953948975
z_cn_to_degree,0,test-480,4.276666119016055,3.6544606685638428
z_cn_to_degree,0,test-481,2.4849066497880004,2.6965463161468506
z_cn_to_degree,0,test-482,3.295836866004329,3.079782247543335
z_cn_to_degree,0,test-483,3.1780538303479453,3.8482320308685303
z_cn_to_degree,0,test-484,2.0794415416798357,2.7161271572113037
z_cn_to_degree,0,test-485,3.332204510175204,4.002019882202148
z_cn_to_degree,0,test-486,1.3862943611198906,2.721698522567749
z_cn_to_degree,0,test-487,4.356708826689592,3.7764222621917725
z_cn_to_degree,0,test-488,2.0794415416798357,2.7161271572113037
z_cn_to_degree,0,test-489,2.9957322735539913,2.7136895656585693
z_cn_to_degree,0,test-490,0.6931471805599453,2.7188432216644287
z_cn_to_degree,0,test-491,2.0794415416798357,2.7161271572113037
z_cn_to_degree,0,test-492,4.31748811353631,4.953758239746094
z_cn_to_degree,0,test-493,3.58351893845611,4.080942153930664
z_cn_to_degree,0,test-494,0.0,2.724445104598999
z_cn_to_degree,0,test-495,5.272999558563747,4.128453254699707
z_cn_to_degree,0,test-496,1.791759469228055,2.7188432216644287
z_cn_to_degree,0,test-497,3.7376696182833684,2.6297757625579834
z_cn_to_degree,0,test-498,2.4849066497880004,2.6965463161468506
z_cn_to_degree,0,test-499,3.8712010109078907,4.971820831298828
z_cn_to_degree,0,test-500,6.040254711277413,4.014804840087891
z_cn_to_degree,0,test-501,3.3322045101752042,2.7611329555511475
z_cn_to_degree,0,test-502,3.332204510175204,3.4694039821624756
z_cn_to_degree,0,test-503,4.700480365792417,5.877735137939453
z_cn_to_degree,0,test-504,4.499809670330265,4.920008659362793
z_cn_to_degree,0,test-505,2.197224577336219,3.182687520980835
z_cn_to_degree,0,test-506,3.688879454113936,3.981928586959839
z_cn_to_degree,0,test-507,2.6390573296152584,2.6568830013275146
z_cn_to_degree,0,test-508,4.276666119016055,5.599748611450195
z_cn_to_degree,0,test-509,3.8712010109078907,4.476936340332031
z_cn_to_degree,0,test-510,4.442651256490317,4.050865173339844
z_cn_to_degree,0,test-511,5.634789603169249,3.1368653774261475
z_residual_to_degree,0,test-0,4.6443908991413725,3.48749041557312
z_residual_to_degree,0,test-1,3.988984046564274,3.597698926925659
z_residual_to_degree,0,test-2,4.584967478670572,3.679560661315918
z_residual_to_degree,0,test-3,3.1780538303479453,3.2377753257751465
z_residual_to_degree,0,test-4,4.77912349311153,3.6224889755249023
z_residual_to_degree,0,test-5,3.8066624897703196,3.871668815612793
z_residual_to_degree,0,test-6,5.966146739123692,3.810002326965332
z_residual_to_degree,0,test-7,3.6635616461296463,2.9613847732543945
z_residual_to_degree,0,test-8,3.0445224377234226,3.7526869773864746
z_residual_to_degree,0,test-9,3.6888794541139367,2.8654704093933105
z_residual_to_degree,0,test-10,3.401197381662155,3.0590462684631348
z_residual_to_degree,0,test-11,3.9120230054281464,3.885812997817993
z_residual_to_degree,0,test-12,0.6931471805599453,3.398183822631836
z_residual_to_degree,0,test-13,4.74493212836325,3.6537022590637207
z_residual_to_degree,0,test-14,4.0943445622221,3.74857497215271
z_residual_to_degree,0,test-15,1.791759469228055,3.4283857345581055
z_residual_to_degree,0,test-16,4.394449154672438,3.927889347076416
z_residual_to_degree,0,test-17,4.718498871295095,3.838414192199707
z_residual_to_degree,0,test-18,0.6931471805599453,3.5861382484436035
z_residual_to_degree,0,test-19,3.0445224377234226,4.026759147644043
z_residual_to_degree,0,test-20,3.1780538303479458,3.8305013179779053
z_residual_to_degree,0,test-21,3.465735902799726,3.646923780441284
z_residual_to_degree,0,test-22,3.401197381662155,3.490696668624878
z_residual_to_degree,0,test-23,1.0986122886681096,4.271158218383789
z_residual_to_degree,0,test-24,3.5553480614894135,3.1378166675567627
z_residual_to_degree,0,test-25,4.189654742026425,2.7879064083099365
z_residual_to_degree,0,test-26,2.3025850929940455,3.3447632789611816
z_residual_to_degree,0,test-27,3.465735902799726,3.8155877590179443
z_residual_to_degree,0,test-28,2.8903717578961645,3.6201353073120117
z_residual_to_degree,0,test-29,3.688879454113936,3.662914991378784
z_residual_to_degree,0,test-30,4.882801922586371,3.9886655807495117
z_residual_to_degree,0,test-31,4.553876891600541,3.62154483795166
z_residual_to_degree,0,test-32,3.58351893845611,3.7019155025482178
z_residual_to_degree,0,test-33,3.58351893845611,3.270562171936035
z_residual_to_degree,0,test-34,3.1780538303479453,3.3218953609466553
z_residual_to_degree,0,test-35,2.772588722239781,3.1439194679260254
z_residual_to_degree,0,test-36,1.3862943611198906,2.5108988285064697
z_residual_to_degree,0,test-37,2.3025850929940455,1.995232105255127
z_residual_to_degree,0,test-38,3.9889840465642745,4.386835098266602
z_residual_to_degree,0,test-39,1.791759469228055,3.684227705001831
z_residual_to_degree,0,test-40,3.951243718581427,3.4190258979797363
z_residual_to_degree,0,test-41,3.6888794541139367,3.3562090396881104
z_residual_to_degree,0,test-42,6.040254711277413,3.9099082946777344
z_residual_to_degree,0,test-43,2.484906649788,3.853550672531128
z_residual_to_degree,0,test-44,3.1780538303479453,3.7946629524230957
z_residual_to_degree,0,test-45,0.6931471805599453,3.0258355140686035
z_residual_to_degree,0,test-46,4.941642422609304,3.8135738372802734
z_residual_to_degree,0,test-47,0.0,3.425753355026245
z_residual_to_degree,0,test-48,2.8903717578961645,3.9932708740234375
z_residual_to_degree,0,test-49,6.040254711277413,3.801481008529663
z_residual_to_degree,0,test-50,3.332204510175204,3.7269933223724365
z_residual_to_degree,0,test-51,2.995732273553991,3.380657196044922
z_residual_to_degree,0,test-52,6.327936783729195,3.6461987495422363
z_residual_to_degree,0,test-53,2.8903717578961645,3.389268636703491
z_residual_to_degree,0,test-54,2.6390573296152584,3.1369400024414062
z_residual_to_degree,0,test-55,4.927253685157204,3.6672003269195557
z_residual_to_degree,0,test-56,2.7080502011022096,3.711622714996338
z_residual_to_degree,0,test-57,5.272999558563747,3.718924045562744
z_residual_to_degree,0,test-58,3.9889840465642745,3.8245761394500732
z_residual_to_degree,0,test-59,2.0794415416798357,3.6267154216766357
z_residual_to_degree,0,test-60,4.7535901911063645,3.7687606811523438
z_residual_to_degree,0,test-61,2.1972245773362196,3.123448133468628
z_residual_to_degree,0,test-62,2.3978952727983707,3.516577959060669
z_residual_to_degree,0,test-63,1.3862943611198906,7.097795486450195
z_residual_to_degree,0,test-64,3.58351893845611,3.7268152236938477
z_residual_to_degree,0,test-65,2.8903717578961645,3.457362651824951
z_residual_to_degree,0,test-66,2.4849066497880004,3.5329887866973877
z_residual_to_degree,0,test-67,2.4849066497880004,2.9768025875091553
z_residual_to_degree,0,test-68,4.90527477843843,3.824957847595215
z_residual_to_degree,0,test-69,3.2188758248682006,3.6199069023132324
z_residual_to_degree,0,test-70,2.995732273553991,3.405696392059326
z_residual_to_degree,0,test-71,4.0943445622221,3.715974807739258
z_residual_to_degree,0,test-72,1.791759469228055,4.225149631500244
z_residual_to_degree,0,test-73,3.951243718581427,2.6709160804748535
z_residual_to_degree,0,test-74,2.7080502011022096,3.7988245487213135
z_residual_to_degree,0,test-75,3.0445224377234226,3.3022260665893555
z_residual_to_degree,0,test-76,1.0986122886681096,3.754711627960205
z_residual_to_degree,0,test-77,3.0445224377234226,3.6435060501098633
z_residual_to_degree,0,test-78,1.3862943611198906,3.437333345413208
z_residual_to_degree,0,test-79,1.791759469228055,2.941378116607666
z_residual_to_degree,0,test-80,3.688879454113936,3.524320125579834
z_residual_to_degree,0,test-81,3.58351893845611,3.5044238567352295
z_residual_to_degree,0,test-82,3.465735902799726,3.3556690216064453
z_residual_to_degree,0,test-83,4.025351690735149,4.252561569213867
z_residual_to_degree,0,test-84,4.718498871295094,4.18411111831665
z_residual_to_degree,0,test-85,3.988984046564274,3.487454414367676
z_residual_to_degree,0,test-86,3.332204510175204,3.5326170921325684
z_residual_to_degree,0,test-87,2.7080502011022096,3.7231388092041016
z_residual_to_degree,0,test-88,2.6390573296152584,3.079238176345825
z_residual_to_degree,0,test-89,3.332204510175204,3.3178939819335938
z_residual_to_degree,0,test-90,2.484906649788,3.221302032470703
z_residual_to_degree,0,test-91,2.0794415416798357,3.6347973346710205
z_residual_to_degree,0,test-92,3.1780538303479453,3.509157657623291
z_residual_to_degree,0,test-93,5.272999558563747,3.9442238807678223
z_residual_to_degree,0,test-94,2.484906649788,2.8627853393554688
z_residual_to_degree,0,test-95,3.4011973816621555,3.9138197898864746
z_residual_to_degree,0,test-96,7.50659178007084,3.747952461242676
z_residual_to_degree,0,test-97,4.465908118654584,4.191174507141113
z_residual_to_degree,0,test-98,2.3025850929940455,3.5666146278381348
z_residual_to_degree,0,test-99,2.7080502011022096,3.3583717346191406
z_residual_to_degree,0,test-100,3.58351893845611,3.6781809329986572
z_residual_to_degree,0,test-101,2.7080502011022096,3.4113616943359375
z_residual_to_degree,0,test-102,4.02535169073515,2.561426877975464
z_residual_to_degree,0,test-103,2.772588722239781,3.463472843170166
z_residual_to_degree,0,test-104,2.197224577336219,3.085663318634033
z_residual_to_degree,0,test-105,1.0986122886681096,2.836649179458618
z_residual_to_degree,0,test-106,3.5263605246161616,3.3059651851654053
z_residual_to_degree,0,test-107,0.6931471805599453,2.3431239128112793
z_residual_to_degree,0,test-108,6.327936783729195,2.8725948333740234
z_residual_to_degree,0,test-109,3.58351893845611,3.2294816970825195
z_residual_to_degree,0,test-110,2.0794415416798357,3.7133233547210693
z_residual_to_degree,0,test-111,2.8903717578961645,2.7188894748687744
z_residual_to_degree,0,test-112,5.0106352940962555,3.7168924808502197
z_residual_to_degree,0,test-113,3.688879454113936,3.7318098545074463
z_residual_to_degree,0,test-114,1.3862943611198906,2.75382399559021
z_residual_to_degree,0,test-115,1.3862943611198906,3.437378168106079
z_residual_to_degree,0,test-116,7.3395376954076745,3.895463228225708
z_residual_to_degree,0,test-117,4.304065093204169,3.51666522026062
z_residual_to_degree,0,test-118,3.2188758248682006,4.538540840148926
z_residual_to_degree,0,test-119,6.733401891837358,2.4803647994995117
z_residual_to_degree,0,test-120,2.484906649788,3.7381744384765625
z_residual_to_degree,0,test-121,2.995732273553991,3.719355821609497
z_residual_to_degree,0,test-122,3.58351893845611,3.770488977432251
z_residual_to_degree,0,test-123,1.791759469228055,3.625622510910034
z_residual_to_degree,0,test-124,2.6390573296152584,3.7663161754608154
z_residual_to_degree,0,test-125,2.197224577336219,3.3583478927612305
z_residual_to_degree,0,test-126,2.484906649788,3.8140876293182373
z_residual_to_degree,0,test-127,1.791759469228055,3.586509943008423
z_residual_to_degree,0,test-128,3.6635616461296463,3.5235371589660645
z_residual_to_degree,0,test-129,2.5649493574615367,2.539858341217041
z_residual_to_degree,0,test-130,2.995732273553991,3.5770671367645264
z_residual_to_degree,0,test-131,3.0445224377234226,3.6045007705688477
z_residual_to_degree,0,test-132,3.688879454113936,3.321317434310913
z_residual_to_degree,0,test-133,5.560681631015528,3.807990550994873
z_residual_to_degree,0,test-134,2.197224577336219,3.231213092803955
z_residual_to_degree,0,test-135,2.772588722239781,3.414555788040161
z_residual_to_degree,0,test-136,3.688879454113936,3.3885107040405273
z_residual_to_degree,0,test-137,2.1972245773362196,2.5217525959014893
z_residual_to_degree,0,test-138,4.31748811353631,4.100693225860596
z_residual_to_degree,0,test-139,1.791759469228055,2.9159984588623047
z_residual_to_degree,0,test-140,3.332204510175204,3.210369110107422
z_residual_to_degree,0,test-141,4.276666119016055,3.4146740436553955
z_residual_to_degree,0,test-142,2.7080502011022096,3.7621963024139404
z_residual_to_degree,0,test-143,2.0794415416798357,3.1051812171936035
z_residual_to_degree,0,test-144,2.772588722239781,3.7555136680603027
z_residual_to_degree,0,test-145,4.882801922586371,3.7213690280914307
z_residual_to_degree,0,test-146,3.465735902799726,3.7208807468414307
z_residual_to_degree,0,test-147,3.332204510175204,3.728926181793213
z_residual_to_degree,0,test-148,6.327936783729195,3.7670133113861084
z_residual_to_degree,0,test-149,3.2188758248682006,3.668271780014038
z_residual_to_degree,0,test-150,3.9318256327243257,3.625209093093872
z_residual_to_degree,0,test-151,3.295836866004329,3.3879194259643555
z_residual_to_degree,0,test-152,3.4011973816621555,3.301631450653076
z_residual_to_degree,0,test-153,4.0943445622221,3.7576074600219727
z_residual_to_degree,0,test-154,2.0794415416798357,3.462008237838745
z_residual_to_degree,0,test-155,2.3025850929940455,3.5749056339263916
z_residual_to_degree,0,test-156,5.41164605185504,3.5675642490386963
z_residual_to_degree,0,test-157,4.564348191467836,3.9854860305786133
z_residual_to_degree,0,test-158,0.0,0.07663989067077637
z_residual_to_degree,0,test-159,2.7080502011022096,3.882024049758911
z_residual_to_degree,0,test-160,2.9444389791664403,3.8753857612609863
z_residual_to_degree,0,test-161,1.3862943611198906,3.6286442279815674
z_residual_to_degree,0,test-162,2.8903717578961645,3.581124782562256
z_residual_to_degree,0,test-163,1.791759469228055,3.8285722732543945
z_residual_to_degree,0,test-164,5.560681631015528,3.687080144882202
z_residual_to_degree,0,test-165,1.0986122886681096,3.7534966468811035
z_residual_to_degree,0,test-166,3.5553480614894135,3.5276870727539062
z_residual_to_degree,0,test-167,4.499809670330265,3.3677825927734375
z_residual_to_degree,0,test-168,3.5553480614894135,3.6606545448303223
z_residual_to_degree,0,test-169,1.791759469228055,3.2476115226745605
z_residual_to_degree,0,test-170,2.0794415416798357,3.5779807567596436
z_residual_to_degree,0,test-171,5.288267030694534,3.809429168701172
z_residual_to_degree,0,test-172,1.3862943611198906,3.9410417079925537
z_residual_to_degree,0,test-173,2.484906649788,3.6820011138916016
z_residual_to_degree,0,test-174,3.9120230054281464,3.496373176574707
z_residual_to_degree,0,test-175,4.499809670330265,3.7543158531188965
z_residual_to_degree,0,test-176,4.867534450455582,3.4471096992492676
z_residual_to_degree,0,test-177,4.718498871295095,3.56628680229187
z_residual_to_degree,0,test-178,3.465735902799726,3.2805283069610596
z_residual_to_degree,0,test-179,1.3862943611198906,2.200057029724121
z_residual_to_degree,0,test-180,3.58351893845611,3.7659432888031006
z_residual_to_degree,0,test-181,3.58351893845611,3.3326547145843506
z_residual_to_degree,0,test-182,3.465735902799726,3.942218780517578
z_residual_to_degree,0,test-183,0.0,1.5968290567398071
z_residual_to_degree,0,test-184,7.24422751560335,3.874983549118042
z_residual_to_degree,0,test-185,3.332204510175204,3.039940357208252
z_residual_to_degree,0,test-186,3.401197381662155,3.062295913696289
z_residual_to_degree,0,test-187,3.332204510175204,3.637880802154541
z_residual_to_degree,0,test-188,2.484906649788,3.792598247528076
z_residual_to_degree,0,test-189,2.197224577336219,4.087410926818848
z_residual_to_degree,0,test-190,2.7080502011022096,3.3654816150665283
z_residual_to_degree,0,test-191,2.0794415416798357,3.44055438041687
z_residual_to_degree,0,test-192,3.0445224377234226,3.0729899406433105
z_residual_to_degree,0,test-193,2.995732273553991,3.6711714267730713
z_residual_to_degree,0,test-194,3.58351893845611,3.2813570499420166
z_residual_to_degree,0,test-195,4.90527477843843,4.079819679260254
z_residual_to_degree,0,test-196,4.5217885770490405,3.768202781677246
z_residual_to_degree,0,test-197,2.484906649788,3.6962528228759766
z_residual_to_degree,0,test-198,4.709530201312334,3.5521793365478516
z_residual_to_degree,0,test-199,1.0986122886681096,2.942291259765625
z_residual_to_degree,0,test-200,1.0986122886681096,3.207906484603882
z_residual_to_degree,0,test-201,1.0986122886681096,3.304903030395508
z_residual_to_degree,0,test-202,3.0445224377234226,2.999363899230957
z_residual_to_degree,0,test-203,2.484906649788,2.2630343437194824
z_residual_to_degree,0,test-204,2.6390573296152584,3.169311761856079
z_residual_to_degree,0,test-205,2.197224577336219,4.125168800354004
z_residual_to_degree,0,test-206,3.58351893845611,3.1757359504699707
z_residual_to_degree,0,test-207,4.248495242049359,3.7885613441467285
z_residual_to_degree,0,test-208,4.0943445622221,3.771141767501831
z_residual_to_degree,0,test-209,4.836281906951478,3.7450554370880127
z_residual_to_degree,0,test-210,4.976733742420574,3.7271387577056885
z_residual_to_degree,0,test-211,3.0445224377234226,3.566601276397705
z_residual_to_degree,0,test-212,4.499809670330265,3.7596592903137207
z_residual_to_degree,0,test-213,1.3862943611198906,1.5750868320465088
z_residual_to_degree,0,test-214,5.560681631015528,3.7745919227600098
z_residual_to_degree,0,test-215,2.0794415416798357,3.8148038387298584
z_residual_to_degree,0,test-216,0.6931471805599453,0.9501650333404541
z_residual_to_degree,0,test-217,1.791759469228055,2.7971785068511963
z_residual_to_degree,0,test-218,3.0445224377234226,2.981801748275757
z_residual_to_degree,0,test-219,3.58351893845611,3.1048974990844727
z_residual_to_degree,0,test-220,2.70805020110221,2.568422317504883
z_residual_to_degree,0,test-221,2.995732273553991,3.4083266258239746
z_residual_to_degree,0,test-222,2.0794415416798357,3.515636444091797
z_residual_to_degree,0,test-223,3.8712010109078907,3.5431137084960938
z_residual_to_degree,0,test-224,0.0,3.745781660079956
z_residual_to_degree,0,test-225,3.332204510175204,2.8495354652404785
z_residual_to_degree,0,test-226,2.0794415416798357,3.0810537338256836
z_residual_to_degree,0,test-227,2.772588722239781,3.4165091514587402
z_residual_to_degree,0,test-228,1.791759469228055,3.3933444023132324
z_residual_to_degree,0,test-229,2.197224577336219,3.6597976684570312
z_residual_to_degree,0,test-230,3.4011973816621555,2.956528663635254
z_residual_to_degree,0,test-231,4.430816798843313,3.775275945663452
z_residual_to_degree,0,test-232,4.276666119016055,3.831423759460449
z_residual_to_degree,0,test-233,1.791759469228055,2.773545265197754
z_residual_to_degree,0,test-234,3.58351893845611,3.297058582305908
z_residual_to_degree,0,test-235,3.1780538303479453,3.7937989234924316
z_residual_to_degree,0,test-236,2.8903717578961645,3.9001808166503906
z_residual_to_degree,0,test-237,3.0445224377234226,2.8503193855285645
z_residual_to_degree,0,test-238,5.780743515792329,3.620988368988037
z_residual_to_degree,0,test-239,6.327936783729195,3.9505231380462646
z_residual_to_degree,0,test-240,0.6931471805599453,4.397696495056152
z_residual_to_degree,0,test-241,2.4849066497880004,2.7913196086883545
z_residual_to_degree,0,test-242,2.8903717578961645,2.9939048290252686
z_residual_to_degree,0,test-243,2.197224577336219,3.615212917327881
z_residual_to_degree,0,test-244,3.0445224377234226,3.6828978061676025
z_residual_to_degree,0,test-245,2.7080502011022096,3.7795023918151855
z_residual_to_degree,0,test-246,4.74493212836325,3.7808380126953125
z_residual_to_degree,0,test-247,1.791759469228055,3.939117431640625
z_residual_to_degree,0,test-248,3.8066624897703196,3.746366500854492
z_residual_to_degree,0,test-249,3.951243718581427,3.767207622528076
z_residual_to_degree,0,test-250,1.3862943611198906,2.3704886436462402
z_residual_to_degree,0,test-251,4.718498871295095,3.5612761974334717
z_residual_to_degree,0,test-252,3.465735902799726,3.493938446044922
z_residual_to_degree,0,test-253,2.7080502011022096,3.0278477668762207
z_residual_to_degree,0,test-254,2.6390573296152584,3.6122095584869385
z_residual_to_degree,0,test-255,5.19295685089021,3.3433871269226074
z_residual_to_degree,0,test-256,0.0,3.6223201751708984
z_residual_to_degree,0,test-257,5.98141421125448,3.8675055503845215
z_residual_to_degree,0,test-258,3.8712010109078907,3.3193914890289307
z_residual_to_degree,0,test-259,2.9957322735539913,3.9688220024108887
z_residual_to_degree,0,test-260,1.0986122886681096,3.8626813888549805
z_residual_to_degree,0,test-261,3.401197381662155,3.6742424964904785
z_residual_to_degree,0,test-262,2.995732273553991,3.374870777130127
z_residual_to_degree,0,test-263,2.995732273553991,3.4835386276245117
z_residual_to_degree,0,test-264,4.1588830833596715,3.7448580265045166
z_residual_to_degree,0,test-265,4.31748811353631,3.917970895767212
z_residual_to_degree,0,test-266,1.791759469228055,2.5083067417144775
z_residual_to_degree,0,test-267,2.0794415416798357,3.7951858043670654
z_residual_to_degree,0,test-268,2.7080502011022096,3.469592809677124
z_residual_to_degree,0,test-269,6.476972362889683,3.764958143234253
z_residual_to_degree,0,test-270,1.791759469228055,3.5694994926452637
z_residual_to_degree,0,test-271,3.0445224377234226,3.4387478828430176
z_residual_to_degree,0,test-272,3.737669618283368,3.7810583114624023
z_residual_to_degree,0,test-273,3.1780538303479453,3.698683738708496
z_residual_to_degree,0,test-274,2.772588722239781,3.627173900604248
z_residual_to_degree,0,test-275,2.7080502011022096,3.4015276432037354
z_residual_to_degree,0,test-276,2.0794415416798357,3.6148109436035156
z_residual_to_degree,0,test-277,3.332204510175204,3.4330263137817383
z_residual_to_degree,0,test-278,5.220355825078324,3.646432399749756
z_residual_to_degree,0,test-279,3.6635616461296463,3.282766342163086
z_residual_to_degree,0,test-280,2.6390573296152584,3.781161069869995
z_residual_to_degree,0,test-281,2.484906649788,3.1000311374664307
z_residual_to_degree,0,test-282,3.9512437185814275,3.451502799987793
z_residual_to_degree,0,test-283,2.995732273553991,3.5201618671417236
z_residual_to_degree,0,test-284,1.6094379124341003,3.306370258331299
z_residual_to_degree,0,test-285,2.7080502011022096,2.947193145751953
z_residual_to_degree,0,test-286,6.461468176353717,3.773000717163086
z_residual_to_degree,0,test-287,3.0445224377234226,2.7643375396728516
z_residual_to_degree,0,test-288,3.4965075614664802,3.6323442459106445
z_residual_to_degree,0,test-289,4.499809670330265,3.1529459953308105
z_residual_to_degree,0,test-290,2.8903717578961645,2.9424216747283936
z_residual_to_degree,0,test-291,5.60947179518496,3.634294271469116
z_residual_to_degree,0,test-292,5.375278407684165,4.296499252319336
z_residual_to_degree,0,test-293,3.6888794541139367,3.830089807510376
z_residual_to_degree,0,test-294,2.197224577336219,3.5831406116485596
z_residual_to_degree,0,test-295,2.3025850929940455,3.17250919342041
z_residual_to_degree,0,test-296,3.7376696182833684,3.658879518508911
z_residual_to_degree,0,test-297,2.0794415416798357,3.6865999698638916
z_residual_to_degree,0,test-298,1.3862943611198906,3.3573660850524902
z_residual_to_degree,0,test-299,3.1780538303479453,3.522165060043335
z_residual_to_degree,0,test-300,2.995732273553991,3.371267080307007
z_residual_to_degree,0,test-301,1.6094379124341003,3.1972601413726807
z_residual_to_degree,0,test-302,2.484906649788,3.3923275470733643
z_residual_to_degree,0,test-303,2.0794415416798357,2.20306658744812
z_residual_to_degree,0,test-304,4.382026634673881,3.698967218399048
z_residual_to_degree,0,test-305,3.332204510175204,3.1911516189575195
z_residual_to_degree,0,test-306,5.556828061699537,3.8096699714660645
z_residual_to_degree,0,test-307,2.0794415416798357,3.4691505432128906
z_residual_to_degree,0,test-308,2.0794415416798357,2.8669872283935547
z_residual_to_degree,0,test-309,3.58351893845611,3.875778913497925
z_residual_to_degree,0,test-310,2.197224577336219,2.968292713165283
z_residual_to_degree,0,test-311,3.8918202981106265,3.777651786804199
z_residual_to_degree,0,test-312,2.4849066497880004,4.36499547958374
z_residual_to_degree,0,test-313,6.733401891837358,3.979985237121582
z_residual_to_degree,0,test-314,4.941642422609304,3.6066620349884033
z_residual_to_degree,0,test-315,1.9459101490553132,2.619774103164673
z_residual_to_degree,0,test-316,2.8903717578961645,3.3356122970581055
z_residual_to_degree,0,test-317,5.41164605185504,3.75939679145813
z_residual_to_degree,0,test-318,3.332204510175204,3.077857255935669
z_residual_to_degree,0,test-319,6.733401891837358,3.911832332611084
z_residual_to_degree,0,test-320,2.772588722239781,3.8142292499542236
z_residual_to_degree,0,test-321,3.0445224377234226,3.7091407775878906
z_residual_to_degree,0,test-322,2.995732273553991,3.39493989944458
z_residual_to_degree,0,test-323,0.6931471805599453,2.5847413539886475
z_residual_to_degree,0,test-324,2.484906649788,3.8745827674865723
z_residual_to_degree,0,test-325,2.772588722239781,3.5888702869415283
z_residual_to_degree,0,test-326,3.091042453358316,3.3518483638763428
z_residual_to_degree,0,test-327,3.4011973816621555,2.9730734825134277
z_residual_to_degree,0,test-328,3.688879454113936,3.336484432220459
z_residual_to_degree,0,test-329,1.6094379124341003,2.039486885070801
z_residual_to_degree,0,test-330,3.5553480614894135,3.4333930015563965
z_residual_to_degree,0,test-331,3.8712010109078907,3.993992328643799
z_residual_to_degree,0,test-332,2.70805020110221,2.8778586387634277
z_residual_to_degree,0,test-333,2.8903717578961645,5.793875694274902
z_residual_to_degree,0,test-334,2.4849066497880004,2.8471691608428955
z_residual_to_degree,0,test-335,4.51085950651685,2.9975690841674805
z_residual_to_degree,0,test-336,2.7080502011022096,3.7213034629821777
z_residual_to_degree,0,test-337,3.0445224377234226,3.4872853755950928
z_residual_to_degree,0,test-338,2.484906649788,3.4160542488098145
z_residual_to_degree,0,test-339,2.772588722239781,3.681727886199951
z_residual_to_degree,0,test-340,4.143134726391533,3.6829466819763184
z_residual_to_degree,0,test-341,3.9318256327243257,3.7213292121887207
z_residual_to_degree,0,test-342,2.484906649788,3.9969840049743652
z_residual_to_degree,0,test-343,4.787491742782047,3.8150157928466797
z_residual_to_degree,0,test-344,1.3862943611198906,3.269217014312744
z_residual_to_degree,0,test-345,3.1780538303479453,3.7537336349487305
z_residual_to_degree,0,test-346,2.484906649788,2.6660141944885254
z_residual_to_degree,0,test-347,2.484906649788,3.313905715942383
z_residual_to_degree,0,test-348,2.484906649788,2.82452392578125
z_residual_to_degree,0,test-349,3.401197381662155,3.626730442047119
z_residual_to_degree,0,test-350,2.8903717578961645,2.541863441467285
z_residual_to_degree,0,test-351,3.1780538303479453,3.543494701385498
z_residual_to_degree,0,test-352,1.3862943611198906,2.8808295726776123
z_residual_to_degree,0,test-353,4.882801922586371,4.18145751953125
z_residual_to_degree,0,test-354,4.234106504597259,3.7806754112243652
z_residual_to_degree,0,test-355,5.6937321388027,3.2974183559417725
z_residual_to_degree,0,test-356,0.6931471805599453,3.0360219478607178
z_residual_to_degree,0,test-357,1.791759469228055,3.751600742340088
z_residual_to_degree,0,test-358,1.791759469228055,3.6687700748443604
z_residual_to_degree,0,test-359,5.966146739123692,3.7846298217773438
z_residual_to_degree,0,test-360,3.4965075614664802,3.6081292629241943
z_residual_to_degree,0,test-361,6.733401891837358,2.376047134399414
z_residual_to_degree,0,test-362,5.272999558563747,3.8934364318847656
z_residual_to_degree,0,test-363,3.737669618283368,3.5816493034362793
z_residual_to_degree,0,test-364,2.197224577336219,2.54992938041687
z_residual_to_degree,0,test-365,2.995732273553991,3.8029978275299072
z_residual_to_degree,0,test-366,1.3862943611198906,3.560997486114502
z_residual_to_degree,0,test-367,6.327936783729195,2.6464052200317383
z_residual_to_degree,0,test-368,4.430816798843313,3.6087629795074463
z_residual_to_degree,0,test-369,0.0,2.6875760555267334
z_residual_to_degree,0,test-370,2.6390573296152584,3.856333017349243
z_residual_to_degree,0,test-371,1.6094379124341003,3.306558132171631
z_residual_to_degree,0,test-372,2.484906649788,3.773667812347412
z_residual_to_degree,0,test-373,3.465735902799726,3.855672836303711
z_residual_to_degree,0,test-374,2.772588722239781,3.105478525161743
z_residual_to_degree,0,test-375,2.7080502011022096,2.9907424449920654
z_residual_to_degree,0,test-376,4.74493212836325,3.778468370437622
z_residual_to_degree,0,test-377,2.4849066497880004,3.513758897781372
z_residual_to_degree,0,test-378,3.332204510175204,3.7620937824249268
z_residual_to_degree,0,test-379,2.4849066497880004,3.258566379547119
z_residual_to_degree,0,test-380,2.8903717578961645,3.6602840423583984
z_residual_to_degree,0,test-381,2.3025850929940455,4.013084888458252
z_residual_to_degree,0,test-382,1.791759469228055,3.525890588760376
z_residual_to_degree,0,test-383,0.6931471805599453,3.208057403564453
z_residual_to_degree,0,test-384,4.276666119016055,3.913001775741577
z_residual_to_degree,0,test-385,1.791759469228055,3.767068862915039
z_residual_to_degree,0,test-386,1.791759469228055,3.576029062271118
z_residual_to_degree,0,test-387,2.0794415416798357,3.450261354446411
z_residual_to_degree,0,test-388,2.995732273553991,3.6792869567871094
z_residual_to_degree,0,test-389,2.0794415416798357,3.700612783432007
z_residual_to_degree,0,test-390,3.0445224377234226,3.1024935245513916
z_residual_to_degree,0,test-391,2.995732273553991,3.628436326980591
z_residual_to_degree,0,test-392,0.0,3.698502540588379
z_residual_to_degree,0,test-393,1.3862943611198906,1.6249866485595703
z_residual_to_degree,0,test-394,2.3025850929940455,3.2303428649902344
z_residual_to_degree,0,test-395,3.295836866004329,3.6519603729248047
z_residual_to_degree,0,test-396,1.791759469228055,3.8167896270751953
z_residual_to_degree,0,test-397,3.4011973816621555,3.7095890045166016
z_residual_to_degree,0,test-398,2.4849066497880004,3.7875261306762695
z_residual_to_degree,0,test-399,2.995732273553991,3.4647862911224365
z_residual_to_degree,0,test-400,2.0794415416798357,3.964064598083496
z_residual_to_degree,0,test-401,2.0794415416798357,2.9083046913146973
z_residual_to_degree,0,test-402,3.1780538303479453,3.462399482727051
z_residual_to_degree,0,test-403,3.828641396489095,3.5570828914642334
z_residual_to_degree,0,test-404,4.90527477843843,3.8821442127227783
z_residual_to_degree,0,test-405,1.791759469228055,2.786123514175415
z_residual_to_degree,0,test-406,3.401197381662155,2.8918254375457764
z_residual_to_degree,0,test-407,1.3862943611198906,3.3281219005584717
z_residual_to_degree,0,test-408,2.8903717578961645,2.5648202896118164
z_residual_to_degree,0,test-409,4.276666119016055,3.4359445571899414
z_residual_to_degree,0,test-410,0.6931471805599453,2.693814277648926
z_residual_to_degree,0,test-411,3.5553480614894135,3.3608903884887695
z_residual_to_degree,0,test-412,2.8903717578961645,3.5073957443237305
z_residual_to_degree,0,test-413,3.332204510175204,3.707202672958374
z_residual_to_degree,0,test-414,5.342334251964811,3.6635963916778564
z_residual_to_degree,0,test-415,2.890371757896165,3.70365834236145
z_residual_to_degree,0,test-416,3.401197381662155,3.234626054763794
z_residual_to_degree,0,test-417,3.091042453358316,3.685089349746704
z_residual_to_degree,0,test-418,2.995732273553991,3.7191524505615234
z_residual_to_degree,0,test-419,3.401197381662155,3.677128791809082
z_residual_to_degree,0,test-420,4.787491742782046,3.637495279312134
z_residual_to_degree,0,test-421,4.430816798843313,3.703833818435669
z_residual_to_degree,0,test-422,2.8903717578961645,3.1061348915100098
z_residual_to_degree,0,test-423,2.0794415416798357,3.0282673835754395
z_residual_to_degree,0,test-424,3.1780538303479458,3.79760479927063
z_residual_to_degree,0,test-425,1.9459101490553132,3.4191489219665527
z_residual_to_degree,0,test-426,2.995732273553991,3.1252589225769043
z_residual_to_degree,0,test-427,2.197224577336219,3.63594126701355
z_residual_to_degree,0,test-428,1.3862943611198906,3.296043634414673
z_residual_to_degree,0,test-429,3.4011973816621555,3.8977363109588623
z_residual_to_degree,0,test-430,3.3322045101752042,3.2500123977661133
z_residual_to_degree,0,test-431,2.0794415416798357,3.245025396347046
z_residual_to_degree,0,test-432,2.484906649788,2.986248016357422
z_residual_to_degree,0,test-433,3.6888794541139367,3.1189541816711426
z_residual_to_degree,0,test-434,2.7080502011022096,2.948871612548828
z_residual_to_degree,0,test-435,2.4849066497880004,3.3090972900390625
z_residual_to_degree,0,test-436,4.718498871295095,3.6109962463378906
z_residual_to_degree,0,test-437,5.634789603169249,3.999640464782715
z_residual_to_degree,0,test-438,4.68213122712422,3.666384696960449
z_residual_to_degree,0,test-439,1.791759469228055,3.3935561180114746
z_residual_to_degree,0,test-440,3.9889840465642745,3.7701051235198975
z_residual_to_degree,0,test-441,6.327936783729195,3.7620508670806885
z_residual_to_degree,0,test-442,3.0445224377234226,3.27236270904541
z_residual_to_degree,0,test-443,2.7080502011022096,3.5845184326171875
z_residual_to_degree,0,test-444,1.0986122886681096,2.7498488426208496
z_residual_to_degree,0,test-445,2.995732273553991,2.9444751739501953
z_residual_to_degree,0,test-446,2.772588722239781,3.4137048721313477
z_residual_to_degree,0,test-447,2.995732273553991,3.4098565578460693
z_residual_to_degree,0,test-448,1.791759469228055,2.2858211994171143
z_residual_to_degree,0,test-449,1.3862943611198906,3.2643215656280518
z_residual_to_degree,0,test-450,2.484906649788,3.8380253314971924
z_residual_to_degree,0,test-451,7.50659178007084,3.8830535411834717
z_residual_to_degree,0,test-452,3.951243718581427,3.655637264251709
z_residual_to_degree,0,test-453,3.5553480614894135,3.752500057220459
z_residual_to_degree,0,test-454,2.7080502011022096,4.406007766723633
z_residual_to_degree,0,test-455,3.258096538021482,2.8071746826171875
z_residual_to_degree,0,test-456,5.634789603169249,3.8262181282043457
z_residual_to_degree,0,test-457,0.6931471805599453,2.745351791381836
z_residual_to_degree,0,test-458,2.772588722239781,3.2345898151397705
z_residual_to_degree,0,test-459,3.4011973816621555,3.5147995948791504
z_residual_to_degree,0,test-460,2.995732273553991,3.7294015884399414
z_residual_to_degree,0,test-461,3.0445224377234226,3.0027055740356445
z_residual_to_degree,0,test-462,2.1972245773362196,3.3227009773254395
z_residual_to_degree,0,test-463,1.791759469228055,2.5839147567749023
z_residual_to_degree,0,test-464,3.1780538303479458,3.80334734916687
z_residual_to_degree,0,test-465,2.1972245773362196,3.571035146713257
z_residual_to_degree,0,test-466,3.401197381662155,4.10105037689209
z_residual_to_degree,0,test-467,6.327936783729195,3.889252185821533
z_residual_to_degree,0,test-468,2.995732273553991,3.8187971115112305
z_residual_to_degree,0,test-469,3.0445224377234226,2.99591326713562
z_residual_to_degree,0,test-470,1.0986122886681096,3.8940186500549316
z_residual_to_degree,0,test-471,3.401197381662155,3.260810136795044
z_residual_to_degree,0,test-472,2.3025850929940455,2.875541925430298
z_residual_to_degree,0,test-473,6.040254711277413,3.2354989051818848
z_residual_to_degree,0,test-474,4.90527477843843,3.397784948348999
z_residual_to_degree,0,test-475,2.197224577336219,3.4272196292877197
z_residual_to_degree,0,test-476,2.0794415416798357,3.1712281703948975
z_residual_to_degree,0,test-477,2.8903717578961645,2.3622264862060547
z_residual_to_degree,0,test-478,3.1780538303479453,3.5020906925201416
z_residual_to_degree,0,test-479,2.995732273553991,3.1564552783966064
z_residual_to_degree,0,test-480,4.276666119016055,3.71232271194458
z_residual_to_degree,0,test-481,2.4849066497880004,3.6520309448242188
z_residual_to_degree,0,test-482,3.295836866004329,3.715327262878418
z_residual_to_degree,0,test-483,3.1780538303479453,3.453709125518799
z_residual_to_degree,0,test-484,2.0794415416798357,2.0853376388549805
z_residual_to_degree,0,test-485,3.332204510175204,3.055509090423584
z_residual_to_degree,0,test-486,1.3862943611198906,2.7260079383850098
z_residual_to_degree,0,test-487,4.356708826689592,3.6233341693878174
z_residual_to_degree,0,test-488,2.0794415416798357,3.5619757175445557
z_residual_to_degree,0,test-489,2.9957322735539913,3.748875379562378
z_residual_to_degree,0,test-490,0.6931471805599453,2.8294661045074463
z_residual_to_degree,0,test-491,2.0794415416798357,2.957740306854248
z_residual_to_degree,0,test-492,4.31748811353631,3.791995048522949
z_residual_to_degree,0,test-493,3.58351893845611,3.632272243499756
z_residual_to_degree,0,test-494,0.0,2.589275360107422
z_residual_to_degree,0,test-495,5.272999558563747,4.237233638763428
z_residual_to_degree,0,test-496,1.791759469228055,3.8098368644714355
z_residual_to_degree,0,test-497,3.7376696182833684,3.6799075603485107
z_residual_to_degree,0,test-498,2.4849066497880004,2.613391876220703
z_residual_to_degree,0,test-499,3.8712010109078907,3.080052614212036
z_residual_to_degree,0,test-500,6.040254711277413,2.914496421813965
z_residual_to_degree,0,test-501,3.3322045101752042,3.7639026641845703
z_residual_to_degree,0,test-502,3.332204510175204,3.608499526977539
z_residual_to_degree,0,test-503,4.700480365792417,3.9279799461364746
z_residual_to_degree,0,test-504,4.499809670330265,3.441070079803467
z_residual_to_degree,0,test-505,2.197224577336219,2.847893238067627
z_residual_to_degree,0,test-506,3.688879454113936,4.070285320281982
z_residual_to_degree,0,test-507,2.6390573296152584,3.10701322555542
z_residual_to_degree,0,test-508,4.276666119016055,3.5029523372650146
z_residual_to_degree,0,test-509,3.8712010109078907,3.8357791900634766
z_residual_to_degree,0,test-510,4.442651256490317,3.301882743835449
z_residual_to_degree,0,test-511,5.634789603169249,3.777860164642334
z_degree_to_cn_residual,0,test-0,0.41901558340082656,0.4141385555267334
z_degree_to_cn_residual,0,test-1,-0.2583525517139924,0.19845746457576752
z_degree_to_cn_residual,0,test-2,-0.018993154254683953,0.18776987493038177
z_degree_to_cn_residual,0,test-3,-0.09727709888120242,0.0719287246465683
z_degree_to_cn_residual,0,test-4,1.0359694158101418,-0.08934701979160309
z_degree_to_cn_residual,0,test-5,-0.4047253779878611,0.13380549848079681
z_degree_to_cn_residual,0,test-6,1.0655218182956825,0.15491221845149994
z_degree_to_cn_residual,0,test-7,-0.18426105211107924,0.17878566682338715
z_degree_to_cn_residual,0,test-8,-0.10023401181546886,0.23118744790554047
z_degree_to_cn_residual,0,test-9,-0.35666135733620163,0.1355867236852646
z_degree_to_cn_residual,0,test-10,0.8355607557628979,0.16043327748775482
z_degree_to_cn_residual,0,test-11,0.6811794613133313,0.32158946990966797
z_degree_to_cn_residual,0,test-12,-0.0022547768087889004,0.045561060309410095
z_degree_to_cn_residual,0,test-13,0.08268421210545274,0.13881419599056244
z_degree_to_cn_residual,0,test-14,0.1265245666267653,0.019221052527427673
z_degree_to_cn_residual,0,test-15,0.6908924037511563,0.10836027562618256
z_degree_to_cn_residual,0,test-16,0.4964614688251994,0.1828296035528183
z_degree_to_cn_residual,0,test-17,0.030648706081244377,0.1368558257818222
z_degree_to_cn_residual,0,test-18,-0.0022547768087889004,0.045561060309410095
z_degree_to_cn_residual,0,test-19,-0.10023401181546886,0.23118744790554047
z_degree_to_cn_residual,0,test-20,-0.0017162122830214665,0.12121342122554779
z_degree_to_cn_residual,0,test-21,0.3748629636930609,0.2107226699590683
z_degree_to_cn_residual,0,test-22,-0.2630515329052116,0.16043327748775482
z_degree_to_cn_residual,0,test-23,-0.0018040386788887037,0.03411506116390228
z_degree_to_cn_residual,0,test-24,0.3272151667083216,0.21403859555721283
z_degree_to_cn_residual,0,test-25,-0.528650074782717,0.2775299549102783
z_degree_to_cn_residual,0,test-26,0.6906723567239333,0.2478361576795578
z_degree_to_cn_residual,0,test-27,0.7803280718012251,0.2107226699590683
z_degree_to_cn_residual,0,test-28,0.5975839598243551,0.1357123702764511
z_degree_to_cn_residual,0,test-29,0.6876077702565512,0.20172904431819916
z_degree_to_cn_residual,0,test-30,0.6739266191922899,0.10659955441951752
z_degree_to_cn_residual,0,test-31,0.22592574994459075,0.13462428748607635
z_degree_to_cn_residual,0,test-32,-0.31276047812031493,0.3625681400299072
z_degree_to_cn_residual,0,test-33,0.6864567173986107,-0.06949855387210846
z_degree_to_cn_residual,0,test-34,-0.22577903790857956,0.22397778928279877
z_degree_to_cn_residual,0,test-35,-0.15886813049140017,0.36052775382995605
z_degree_to_cn_residual,0,test-36,-0.0018015872129917689,0.3375427722930908
z_degree_to_cn_residual,0,test-37,-0.0024748238360119044,0.2478361576795578
z_degree_to_cn_residual,0,test-38,0.0026647510744795353,-0.0042581707239151
z_degree_to_cn_residual,0,test-39,-0.0022547768087889004,0.10836027562618256
z_degree_to_cn_residual,0,test-40,1.0637319047963991,0.08498464524745941
z_degree_to_cn_residual,0,test-41,0.33648582322374365,0.1355867236852646
z_degree_to_cn_residual,0,test-42,0.3950893555112512,0.39249300956726074
z_degree_to_cn_residual,0,test-43,-0.07427853032672008,0.20964430272579193
z_degree_to_cn_residual,0,test-44,1.160515323211311,0.22397778928279877
z_degree_to_cn_residual,0,test-45,-0.0022547768087889004,0.045561060309410095
z_degree_to_cn_residual,0,test-46,0.1405242991682083,0.27576184272766113
z_degree_to_cn_residual,0,test-47,-0.0018015872129917689,-0.0012967735528945923
z_degree_to_cn_residual,0,test-48,0.5975839598243551,0.1357123702764511
z_degree_to_cn_residual,0,test-49,0.3950893555112512,0.39249300956726074
z_degree_to_cn_residual,0,test-50,0.3983360912278105,-0.007375970482826233
z_degree_to_cn_residual,0,test-51,0.5067931432115338,0.3116753101348877
z_degree_to_cn_residual,0,test-52,-0.5947108813669576,0.13396094739437103
z_degree_to_cn_residual,0,test-53,-0.09556322073559016,0.1357123702764511
z_degree_to_cn_residual,0,test-54,-0.007277398667662731,0.11690054833889008
z_degree_to_cn_residual,0,test-55,-0.585216216354449,-0.00873972475528717
z_degree_to_cn_residual,0,test-56,-0.09556322073559016,0.20843003690242767
z_degree_to_cn_residual,0,test-57,0.8884193392353986,-0.03712822496891022
z_degree_to_cn_residual,0,test-58,-0.48732856757400367,0.300494909286499
z_degree_to_cn_residual,0,test-59,0.6906723567239333,0.09733723104000092
z_degree_to_cn_residual,0,test-60,-0.24664060277060912,0.27478933334350586
z_degree_to_cn_residual,0,test-61,-0.00020231820106400537,-0.016586557030677795
z_degree_to_cn_residual,0,test-62,-0.00020231820106400537,-0.05392099916934967
z_degree_to_cn_residual,0,test-63,-0.0018015872129917689,0.3375427722930908
z_degree_to_cn_residual,0,test-64,-0.18349714014503832,0.13641832768917084
z_degree_to_cn_residual,0,test-65,1.0030490679325195,0.1357123702764511
z_degree_to_cn_residual,0,test-66,-0.0040603077699362606,0.016433700919151306
z_degree_to_cn_residual,0,test-67,-0.0040603077699362606,0.016433700919151306
z_degree_to_cn_residual,0,test-68,-0.5281305324979,0.23330281674861908
z_degree_to_cn_residual,0,test-69,0.40923910922239254,0.02376149594783783
z_degree_to_cn_residual,0,test-70,0.5067931432115338,0.3116753101348877
z_degree_to_cn_residual,0,test-71,0.34616685845311307,0.0887143462896347
z_degree_to_cn_residual,0,test-72,-0.0022547768087889004,0.10836027562618256
z_degree_to_cn_residual,0,test-73,-0.3225624563234914,0.08498464524745941
z_degree_to_cn_residual,0,test-74,-0.09556322073559016,0.20843003690242767
z_degree_to_cn_residual,0,test-75,0.9983782768526407,0.23118744790554047
z_degree_to_cn_residual,0,test-76,-0.0018040386788887037,0.03411506116390228
z_degree_to_cn_residual,0,test-77,0.5929131687444764,0.23118744790554047
z_degree_to_cn_residual,0,test-78,-0.0020240857061117087,-0.0471203476190567
z_degree_to_cn_residual,0,test-79,-0.0022547768087889004,0.10836027562618256
z_degree_to_cn_residual,0,test-80,0.6876077702565512,0.20172904431819916
z_degree_to_cn_residual,0,test-81,0.3247792901778015,-0.016850963234901428
z_degree_to_cn_residual,0,test-82,1.068010144253006,0.2107226699590683
z_degree_to_cn_residual,0,test-83,-0.06000166077099335,-0.00038148462772369385
z_degree_to_cn_residual,0,test-84,-0.32208678930701756,0.34148573875427246
z_degree_to_cn_residual,0,test-85,-0.2583525517139924,0.19845746457576752
z_degree_to_cn_residual,0,test-86,0.3983360912278105,-0.007375970482826233
z_degree_to_cn_residual,0,test-87,-0.09556322073559016,0.20843003690242767
z_degree_to_cn_residual,0,test-88,-0.007277398667662731,0.11690054833889008
z_degree_to_cn_residual,0,test-89,-0.2948110893321348,-0.007375970482826233
z_degree_to_cn_residual,0,test-90,-0.07427853032672008,0.20964430272579193
z_degree_to_cn_residual,0,test-91,-0.0024748238360119044,0.09733723104000092
z_degree_to_cn_residual,0,test-92,0.5958700816787429,0.0719287246465683
z_degree_to_cn_residual,0,test-93,0.48295423112723435,-0.03712822496891022
z_degree_to_cn_residual,0,test-94,-0.07427853032672008,0.20964430272579193
z_degree_to_cn_residual,0,test-95,0.5620068735609041,0.13478772342205048
z_degree_to_cn_residual,0,test-96,-0.6164097484976776,-0.3413207530975342
z_degree_to_cn_residual,0,test-97,-0.12666879423377733,0.17788337171077728
z_degree_to_cn_residual,0,test-98,-0.0024748238360119044,0.2478361576795578
z_degree_to_cn_residual,0,test-99,-0.09556322073559016,0.20843003690242767
z_degree_to_cn_residual,0,test-100,-0.3683678903821438,-0.016850963234901428
z_degree_to_cn_residual,0,test-101,0.5975839598243551,0.20843003690242767
z_degree_to_cn_residual,0,test-102,0.04707236782785143,0.06733249127864838
z_degree_to_cn_residual,0,test-103,-0.15886813049140017,0.36052775382995605
z_degree_to_cn_residual,0,test-104,0.6291349309040132,0.272571325302124
z_degree_to_cn_residual,0,test-105,-0.0018040386788887037,0.03411506116390228
z_degree_to_cn_residual,0,test-106,0.6864567173986107,-0.08769012987613678
z_degree_to_cn_residual,0,test-107,-0.0022547768087889004,0.045561060309410095
z_degree_to_cn_residual,0,test-108,0.09843629919298769,0.13396094739437103
z_degree_to_cn_residual,0,test-109,0.38038670243963035,0.3625681400299072
z_degree_to_cn_residual,0,test-110,-0.0024748238360119044,0.09733723104000092
z_degree_to_cn_residual,0,test-111,0.0028715724223535776,-0.012155309319496155
z_degree_to_cn_residual,0,test-112,0.43827176493454917,0.31209659576416016
z_degree_to_cn_residual,0,test-113,-0.4110045184115584,0.20172904431819916
z_degree_to_cn_residual,0,test-114,-0.0020240857061117087,-0.0471203476190567
z_degree_to_cn_residual,0,test-115,0.6913455933469536,0.3375427722930908
z_degree_to_cn_residual,0,test-116,1.018059726085129,-0.2564537525177002
z_degree_to_cn_residual,0,test-117,0.6990601796163277,0.07710693776607513
z_degree_to_cn_residual,0,test-118,-0.28390807133755275,0.02376149594783783
z_degree_to_cn_residual,0,test-119,0.7108960938684429,0.013172373175621033
z_degree_to_cn_residual,0,test-120,0.6188686502332252,0.20964430272579193
z_degree_to_cn_residual,0,test-121,0.5067931432115338,0.3116753101348877
z_degree_to_cn_residual,0,test-122,0.7302443982859658,-0.016850963234901428
z_degree_to_cn_residual,0,test-123,0.6908924037511563,0.10836027562618256
z_degree_to_cn_residual,0,test-124,-0.007277398667662731,0.11690054833889008
z_degree_to_cn_residual,0,test-125,-0.06401224965593211,0.272571325302124
z_degree_to_cn_residual,0,test-126,1.0243337583413894,0.20964740216732025
z_degree_to_cn_residual,0,test-127,-0.0022547768087889004,0.10836504399776459
z_degree_to_cn_residual,0,test-128,-0.18426105211107924,0.17878566682338715
z_degree_to_cn_residual,0,test-129,-0.013887172973514786,-0.04958893358707428
z_degree_to_cn_residual,0,test-130,0.9122582513196982,0.3116753101348877
z_degree_to_cn_residual,0,test-131,0.5929131687444764,0.23118744790554047
z_degree_to_cn_residual,0,test-132,-0.4110045184115584,0.20172904431819916
z_degree_to_cn_residual,0,test-133,-0.37883510134058207,0.09688542783260345
z_degree_to_cn_residual,0,test-134,-0.06401224965593211,0.272571325302124
z_degree_to_cn_residual,0,test-135,0.5342790500685451,0.36052775382995605
z_degree_to_cn_residual,0,test-136,0.6876077702565512,0.20172904431819916
z_degree_to_cn_residual,0,test-137,-0.00020231820106400537,-0.016586557030677795
z_degree_to_cn_residual,0,test-138,-0.4547401543466098,0.06479333341121674
z_degree_to_cn_residual,0,test-139,-0.0022547768087889004,0.10836027562618256
z_degree_to_cn_residual,0,test-140,-0.2948110893321348,-0.007375970482826233
z_degree_to_cn_residual,0,test-141,0.7255381829334756,0.2416531890630722
z_degree_to_cn_residual,0,test-142,-0.09556322073559016,0.20843003690242767
z_degree_to_cn_residual,0,test-143,-0.0024748238360119044,0.09733723104000092
z_degree_to_cn_residual,0,test-144,-0.15886813049140017,0.36052775382995605
z_degree_to_cn_residual,0,test-145,-0.019220561367655327,0.10659955441951752
z_degree_to_cn_residual,0,test-146,0.3748629636930609,0.2107226699590683
z_degree_to_cn_residual,0,test-147,-0.2948110893321348,-0.007375970482826233
z_degree_to_cn_residual,0,test-148,0.09843629919298769,0.13396094739437103
z_degree_to_cn_residual,0,test-149,-0.28390807133755275,0.02376149594783783
z_degree_to_cn_residual,0,test-150,-0.2022090658798931,0.1702258437871933
z_degree_to_cn_residual,0,test-151,0.5620068735609041,0.12013553082942963
z_degree_to_cn_residual,0,test-152,-0.007582155548103726,0.044653162360191345
z_degree_to_cn_residual,0,test-153,0.2590097008212066,0.2800624370574951
z_degree_to_cn_residual,0,test-154,0.6906723567239333,0.09733723104000092
z_degree_to_cn_residual,0,test-155,-0.0024748238360119044,0.2478361576795578
z_degree_to_cn_residual,0,test-156,1.219443201021135,0.18230055272579193
z_degree_to_cn_residual,0,test-157,-0.12202718859176774,0.1478874534368515
z_degree_to_cn_residual,0,test-158,-0.0018015872129917689,-0.0012967735528945923
z_degree_to_cn_residual,0,test-159,0.5975839598243551,0.20843003690242767
z_degree_to_cn_residual,0,test-160,0.0028715724223535776,-0.006822362542152405
z_degree_to_cn_residual,0,test-161,-0.0020240857061117087,-0.0471203476190567
z_degree_to_cn_residual,0,test-162,0.5975839598243551,0.1357123702764511
z_degree_to_cn_residual,0,test-163,-0.0022547768087889004,0.10836027562618256
z_degree_to_cn_residual,0,test-164,0.3143120792193632,0.09688542783260345
z_degree_to_cn_residual,0,test-165,-0.0018040386788887037,0.03411506116390228
z_degree_to_cn_residual,0,test-166,-0.36593201385162366,0.21403859555721283
z_degree_to_cn_residual,0,test-167,-0.5594178356868584,0.009372100234031677
z_degree_to_cn_residual,0,test-168,0.3272151667083216,0.21403859555721283
z_degree_to_cn_residual,0,test-169,-0.0022547768087889004,0.10836027562618256
z_degree_to_cn_residual,0,test-170,-0.0024748238360119044,0.09733723104000092
z_degree_to_cn_residual,0,test-171,0.5721845461797057,-0.026777997612953186
z_degree_to_cn_residual,0,test-172,-0.0020240857061117087,-0.0471203476190567
z_degree_to_cn_residual,0,test-173,-0.07427853032672008,0.20964430272579193
z_degree_to_cn_residual,0,test-174,1.192005085079322,0.32158946990966797
z_degree_to_cn_residual,0,test-175,0.8268765254330321,0.009372100234031677
z_degree_to_cn_residual,0,test-176,-0.09264389345827083,0.10933183133602142
z_degree_to_cn_residual,0,test-177,0.030648706081244377,0.1368558257818222
z_degree_to_cn_residual,0,test-178,-0.3182842168668844,0.2107226699590683
z_degree_to_cn_residual,0,test-179,-0.0020240857061117087,-0.0471203476190567
z_degree_to_cn_residual,0,test-180,-0.006690463161334578,-0.06949855387210846
z_degree_to_cn_residual,0,test-181,-0.31276047812031493,0.3625681400299072
z_degree_to_cn_residual,0,test-182,-0.3182842168668844,0.2107226699590683
z_degree_to_cn_residual,0,test-183,-0.0018015872129917689,-0.0012967735528945923
z_degree_to_cn_residual,0,test-184,0.2591570888338408,-0.17311431467533112
z_degree_to_cn_residual,0,test-185,-0.2948110893321348,-0.007375970482826233
z_degree_to_cn_residual,0,test-186,1.123242828214679,0.16043327748775482
z_degree_to_cn_residual,0,test-187,-0.2948110893321348,-0.007375970482826233
z_degree_to_cn_residual,0,test-188,-0.07427853032672008,0.20964430272579193
z_degree_to_cn_residual,0,test-189,-0.06401224965593211,0.272571325302124
z_degree_to_cn_residual,0,test-190,0.5975839598243551,0.20843003690242767
z_degree_to_cn_residual,0,test-191,-0.0024748238360119044,0.09733723104000092
z_degree_to_cn_residual,0,test-192,0.5929131687444764,0.23118744790554047
z_degree_to_cn_residual,0,test-193,-0.18635403734841144,0.3116753101348877
z_degree_to_cn_residual,0,test-194,-0.006690463161334578,-0.06949855387210846
z_degree_to_cn_residual,0,test-195,0.1650166480620453,0.23330281674861908
z_degree_to_cn_residual,0,test-196,-0.3558306615151853,0.4615817070007324
z_degree_to_cn_residual,0,test-197,-0.07427853032672008,0.20964430272579193
z_degree_to_cn_residual,0,test-198,-0.14545922246111387,0.10892032086849213
z_degree_to_cn_residual,0,test-199,-0.0018040386788887037,0.03411506116390228
z_degree_to_cn_residual,0,test-200,-0.0018040386788887037,0.03411506116390228
z_degree_to_cn_residual,0,test-201,-0.0018040386788887037,0.03411506116390228
z_degree_to_cn_residual,0,test-202,-0.10023401181546886,0.23118744790554047
z_degree_to_cn_residual,0,test-203,-0.07427853032672008,0.20964430272579193
z_degree_to_cn_residual,0,test-204,0.6858697818922825,0.11690054833889008
z_degree_to_cn_residual,0,test-205,-0.06401224965593211,0.272571325302124
z_degree_to_cn_residual,0,test-206,-0.31276047812031493,0.3625681400299072
z_degree_to_cn_residual,0,test-207,0.252220462640869,0.04058597981929779
z_degree_to_cn_residual,0,test-208,-0.3469803221068322,0.0887143462896347
z_degree_to_cn_residual,0,test-209,0.4614097222901157,0.004277095198631287
z_degree_to_cn_residual,0,test-210,0.2528816619975243,0.3159446716308594
z_degree_to_cn_residual,0,test-211,0.9983782768526407,0.23118744790554047
z_degree_to_cn_residual,0,test-212,-0.017144623807369665,0.17529724538326263
z_degree_to_cn_residual,0,test-213,-0.0018015872129917689,0.3375427722930908
z_degree_to_cn_residual,0,test-214,0.7197771873275275,0.09688542783260345
z_degree_to_cn_residual,0,test-215,-0.0024748238360119044,0.09733723104000092
z_degree_to_cn_residual,0,test-216,-0.0022547768087889004,0.045561060309410095
z_degree_to_cn_residual,0,test-217,0.6908924037511563,0.10836027562618256
z_degree_to_cn_residual,0,test-218,-0.10023401181546886,0.23118744790554047
z_degree_to_cn_residual,0,test-219,-0.3683678903821438,-0.016850963234901428
z_degree_to_cn_residual,0,test-220,-0.0006184180575551858,-0.031906858086586
z_degree_to_cn_residual,0,test-221,-0.18635403734841144,0.3116753101348877
z_degree_to_cn_residual,0,test-222,-0.0024748238360119044,0.09733723104000092
z_degree_to_cn_residual,0,test-223,-0.19225343103972337,0.21704386174678802
z_degree_to_cn_residual,0,test-224,-0.0018015872129917689,-0.0012967735528945923
z_degree_to_cn_residual,0,test-225,0.8038011993359748,-0.007375970482826233
z_degree_to_cn_residual,0,test-226,-0.0024748238360119044,0.09733723104000092
z_degree_to_cn_residual,0,test-227,0.9397441581767094,0.36052775382995605
z_degree_to_cn_residual,0,test-228,-0.0022547768087889004,0.10836027562618256
z_degree_to_cn_residual,0,test-229,-0.06401224965593211,0.272571325302124
z_degree_to_cn_residual,0,test-230,0.5620068735609041,0.13478772342205048
z_degree_to_cn_residual,0,test-231,-0.35440529161499984,0.48844051361083984
z_degree_to_cn_residual,0,test-232,0.5770717695959459,0.36783337593078613
z_degree_to_cn_residual,0,test-233,-0.0015424143024689073,0.09892009198665619
z_degree_to_cn_residual,0,test-234,-0.3683678903821438,-0.016850963234901428
z_degree_to_cn_residual,0,test-235,0.5958700816787429,0.0719287246465683
z_degree_to_cn_residual,0,test-236,-0.09556322073559016,0.1357123702764511
z_degree_to_cn_residual,0,test-237,-0.10023401181546886,0.23118744790554047
z_degree_to_cn_residual,0,test-238,1.0695654446363474,-0.6955273151397705
z_degree_to_cn_residual,0,test-239,0.09843629919298769,0.13396094739437103
z_degree_to_cn_residual,0,test-240,-0.0022547768087889004,0.045561060309410095
z_degree_to_cn_residual,0,test-241,-0.0040603077699362606,0.016433700919151306
z_degree_to_cn_residual,0,test-242,1.0030490679325195,0.1357123702764511
z_degree_to_cn_residual,0,test-243,0.6291349309040132,0.272571325302124
z_degree_to_cn_residual,0,test-244,-0.10023401181546886,0.23118744790554047
z_degree_to_cn_residual,0,test-245,0.5975839598243551,0.20843003690242767
z_degree_to_cn_residual,0,test-246,-0.6104629684544925,0.13881419599056244
z_degree_to_cn_residual,0,test-247,-0.0022547768087889004,0.10836027562618256
z_degree_to_cn_residual,0,test-248,-0.4047253779878611,0.13380549848079681
z_degree_to_cn_residual,0,test-249,-0.3225624563234914,0.08498464524745941
z_degree_to_cn_residual,0,test-250,-0.0020240857061117087,-0.0471203476190567
z_degree_to_cn_residual,0,test-251,0.030648706081244377,0.1368558257818222
z_degree_to_cn_residual,0,test-252,-0.3182842168668844,0.2107226699590683
z_degree_to_cn_residual,0,test-253,-0.09556322073559016,0.20843003690242767
z_degree_to_cn_residual,0,test-254,-0.007277398667662731,0.11689947545528412
z_degree_to_cn_residual,0,test-255,-0.2731760138842796,0.24191544950008392
z_degree_to_cn_residual,0,test-256,-0.0018015872129917689,-0.0012967735528945923
z_degree_to_cn_residual,0,test-257,0.16176521739140348,0.16553948819637299
z_degree_to_cn_residual,0,test-258,0.8541545387589237,0.2513768672943115
z_degree_to_cn_residual,0,test-259,-0.002670989411858091,0.0758884996175766
z_degree_to_cn_residual,0,test-260,-0.0018040386788887037,0.03411506116390228
z_degree_to_cn_residual,0,test-261,0.4300956476547337,0.16043327748775482
z_degree_to_cn_residual,0,test-262,0.9122582513196982,0.3116753101348877
z_degree_to_cn_residual,0,test-263,-0.18635403734841144,0.3116753101348877
z_degree_to_cn_residual,0,test-264,-0.3320721512816548,0.09903262555599213
z_degree_to_cn_residual,0,test-265,-0.4547401543466098,0.06479333341121674
z_degree_to_cn_residual,0,test-266,0.6908924037511563,0.10836027562618256
z_degree_to_cn_residual,0,test-267,0.6906723567239333,0.09733723104000092
z_degree_to_cn_residual,0,test-268,-0.09556322073559016,0.20843003690242767
z_degree_to_cn_residual,0,test-269,0.5689702541034036,-0.4513099193572998
z_degree_to_cn_residual,0,test-270,-0.0022547768087889004,0.10836027562618256
z_degree_to_cn_residual,0,test-271,0.9983782768526407,0.23118744790554047
z_degree_to_cn_residual,0,test-272,0.2613485229610166,0.21969102323055267
z_degree_to_cn_residual,0,test-273,0.4673681426513657,0.22397778928279877
z_degree_to_cn_residual,0,test-274,0.5342790500685451,0.36052775382995605
z_degree_to_cn_residual,0,test-275,-0.09556322073559016,0.20843003690242767
z_degree_to_cn_residual,0,test-276,-0.00020231820106400537,0.007868513464927673
z_degree_to_cn_residual,0,test-277,-0.2948110893321348,-0.007375970482826233
z_degree_to_cn_residual,0,test-278,0.4199711666756657,0.22547219693660736
z_degree_to_cn_residual,0,test-279,0.508886128448866,0.17878566682338715
z_degree_to_cn_residual,0,test-280,-0.007277398667662731,0.11690054833889008
z_degree_to_cn_residual,0,test-281,1.0243337583413894,0.20964430272579193
z_degree_to_cn_residual,0,test-282,-0.03149563168791701,-0.008506789803504944
z_degree_to_cn_residual,0,test-283,-0.18635403734841144,0.3116753101348877
z_degree_to_cn_residual,0,test-284,-0.0015424143024689073,0.0203239768743515
z_degree_to_cn_residual,0,test-285,-0.09556322073559016,0.20843003690242767
z_degree_to_cn_residual,0,test-286,1.2992843180736968,-0.33127355575561523
z_degree_to_cn_residual,0,test-287,-0.10023401181546886,0.23118744790554047
z_degree_to_cn_residual,0,test-288,0.5538976368173106,0.06496880948543549
z_degree_to_cn_residual,0,test-289,0.22592574994459075,0.12035320699214935
z_degree_to_cn_residual,0,test-290,0.5975839598243551,0.1357123702764511
z_degree_to_cn_residual,0,test-291,0.5684379178128287,-0.18577171862125397
z_degree_to_cn_residual,0,test-292,-0.8251345712510022,-0.27417075634002686
z_degree_to_cn_residual,0,test-293,0.33648582322374365,0.1355867236852646
z_degree_to_cn_residual,0,test-294,0.6291349309040132,0.272571325302124
z_degree_to_cn_residual,0,test-295,0.6906723567239333,0.2478361576795578
z_degree_to_cn_residual,0,test-296,-0.003006727339478526,-0.0365605503320694
z_degree_to_cn_residual,0,test-297,-0.00020231820106400537,0.007868513464927673
z_degree_to_cn_residual,0,test-298,0.6913455933469536,0.3375427722930908
z_degree_to_cn_residual,0,test-299,-0.22577903790857956,0.22397778928279877
z_degree_to_cn_residual,0,test-300,0.5067931432115338,0.3116753101348877
z_degree_to_cn_residual,0,test-301,-0.0015424143024689073,0.0203239768743515
z_degree_to_cn_residual,0,test-302,0.6188686502332252,0.20964430272579193
z_degree_to_cn_residual,0,test-303,-0.0024748238360119044,0.09733723104000092
z_degree_to_cn_residual,0,test-304,-0.33397562185019486,0.44625067710876465
z_degree_to_cn_residual,0,test-305,0.3983360912278105,-0.007375970482826233
z_degree_to_cn_residual,0,test-306,0.5928120623831642,-0.20692719519138336
z_degree_to_cn_residual,0,test-307,-0.0024748238360119044,0.09733723104000092
z_degree_to_cn_residual,0,test-308,0.6906723567239333,0.09733723104000092
z_degree_to_cn_residual,0,test-309,0.5096500404149069,0.13641832768917084
z_degree_to_cn_residual,0,test-310,-0.06401224965593211,0.272571325302124
z_degree_to_cn_residual,0,test-311,0.8882030670104488,0.16657517850399017
z_degree_to_cn_residual,0,test-312,0.0007524589277726183,-0.060471311211586
z_degree_to_cn_residual,0,test-313,0.42321402141666187,0.013172373175621033
z_degree_to_cn_residual,0,test-314,0.1405242991682083,0.27576184272766113
z_degree_to_cn_residual,0,test-315,-0.00020231820106400537,0.04358266294002533
z_degree_to_cn_residual,0,test-316,0.5975839598243551,0.1357123702764511
z_degree_to_cn_residual,0,test-317,0.6316565361190157,0.18230055272579193
z_degree_to_cn_residual,0,test-318,-0.2948110893321348,-0.007375970482826233
z_degree_to_cn_residual,0,test-319,0.42321402141666187,0.013172373175621033
z_degree_to_cn_residual,0,test-320,-0.15886813049140017,0.36052775382995605
z_degree_to_cn_residual,0,test-321,-0.10023401181546886,0.23118744790554047
z_degree_to_cn_residual,0,test-322,0.5067931432115338,0.3116753101348877
z_degree_to_cn_residual,0,test-323,-0.0022547768087889004,0.045561060309410095
z_degree_to_cn_residual,0,test-324,-0.07427853032672008,0.20964430272579193
z_degree_to_cn_residual,0,test-325,0.5342790500685451,0.36052775382995605
z_degree_to_cn_residual,0,test-326,-0.002670989411858091,0.10197959840297699
z_degree_to_cn_residual,0,test-327,-0.13114030699904125,0.13478772342205048
z_degree_to_cn_residual,0,test-328,-0.4110045184115584,0.20172904431819916
z_degree_to_cn_residual,0,test-329,-0.0015424143024689073,0.0203239768743515
z_degree_to_cn_residual,0,test-330,1.020362347268267,0.21403859555721283
z_degree_to_cn_residual,0,test-331,-0.2812409609123343,0.07913695275783539
z_degree_to_cn_residual,0,test-332,-0.0006184180575551858,-0.031906858086586
z_degree_to_cn_residual,0,test-333,0.0028715724223535776,-0.012155309319496155
z_degree_to_cn_residual,0,test-334,-0.0040603077699362606,0.016433700919151306
z_degree_to_cn_residual,0,test-335,1.105601283204832,0.2599058151245117
z_degree_to_cn_residual,0,test-336,-0.09556322073559016,0.20843003690242767
z_degree_to_cn_residual,0,test-337,0.5929131687444764,0.23118744790554047
z_degree_to_cn_residual,0,test-338,0.6188686502332252,0.20964430272579193
z_degree_to_cn_residual,0,test-339,0.5342790500685451,0.36052775382995605
z_degree_to_cn_residual,0,test-340,0.934733314125266,0.21823500096797943
z_degree_to_cn_residual,0,test-341,0.4909381146800522,0.1702258437871933
z_degree_to_cn_residual,0,test-342,-0.07427853032672008,0.20964430272579193
z_degree_to_cn_residual,0,test-343,-0.42488024750326947,0.25042057037353516
z_degree_to_cn_residual,0,test-344,-0.0018015872129917689,0.3375427722930908
z_degree_to_cn_residual,0,test-345,0.5958700816787429,0.0719287246465683
z_degree_to_cn_residual,0,test-346,0.6188686502332252,0.20964430272579193
z_degree_to_cn_residual,0,test-347,0.6188686502332252,0.20964430272579193
z_degree_to_cn_residual,0,test-348,0.6188686502332252,0.20964430272579193
z_degree_to_cn_residual,0,test-349,-0.2630515329052116,0.16043327748775482
z_degree_to_cn_residual,0,test-350,0.0028715724223535776,-0.012155309319496155
z_degree_to_cn_residual,0,test-351,-0.22577903790857956,0.22397778928279877
z_degree_to_cn_residual,0,test-352,-0.0018015872129917689,0.3375427722930908
z_degree_to_cn_residual,0,test-353,0.6739266191922899,0.10659955441951752
z_degree_to_cn_residual,0,test-354,-0.16827858824673567,0.19105671346187592
z_degree_to_cn_residual,0,test-355,-0.5873090742255913,-0.6834757328033447
z_degree_to_cn_residual,0,test-356,-0.0022547768087889004,0.045561060309410095
z_degree_to_cn_residual,0,test-357,-0.0022547768087889004,0.10836027562618256
z_degree_to_cn_residual,0,test-358,-0.0022547768087889004,0.10836027562618256
z_degree_to_cn_residual,0,test-359,-0.03309047037242718,0.15491221845149994
z_degree_to_cn_residual,0,test-360,-0.13924954374263468,0.06496880948543549
z_degree_to_cn_residual,0,test-361,0.42321402141666187,0.013172373175621033
z_degree_to_cn_residual,0,test-362,-0.3240937138453681,0.172577366232872
z_degree_to_cn_residual,0,test-363,0.2613485229610166,0.21969102323055267
z_degree_to_cn_residual,0,test-364,-0.06401224965593211,0.272571325302124
z_degree_to_cn_residual,0,test-365,-0.18635403734841144,0.3116753101348877
z_degree_to_cn_residual,0,test-366,-0.0020240857061117087,-0.0471203476190567
z_degree_to_cn_residual,0,test-367,-0.5947108813669576,0.13396094739437103
z_degree_to_cn_residual,0,test-368,1.0318890695048908,0.48844051361083984
z_degree_to_cn_residual,0,test-369,-0.0018015872129917689,-0.0012967735528945923
z_degree_to_cn_residual,0,test-370,0.6858697818922825,0.11690054833889008
z_degree_to_cn_residual,0,test-371,-0.0015424143024689073,0.0203239768743515
z_degree_to_cn_residual,0,test-372,0.6188686502332252,0.20964430272579193
z_degree_to_cn_residual,0,test-373,-0.3182842168668844,0.2107226699590683
z_degree_to_cn_residual,0,test-374,0.5342790500685451,0.36052775382995605
z_degree_to_cn_residual,0,test-375,0.5975839598243551,0.20843003690242767
z_degree_to_cn_residual,0,test-376,0.08268421210545274,0.13881419599056244
z_degree_to_cn_residual,0,test-377,-0.0040603077699362606,0.016433700919151306
z_degree_to_cn_residual,0,test-378,-0.2948110893321348,-0.007375970482826233
z_degree_to_cn_residual,0,test-379,-0.0040603077699362606,0.016433700919151306
z_degree_to_cn_residual,0,test-380,0.5975839598243551,0.1357123702764511
z_degree_to_cn_residual,0,test-381,0.6906723567239333,0.2478361576795578
z_degree_to_cn_residual,0,test-382,-0.0022547768087889004,0.10836504399776459
z_degree_to_cn_residual,0,test-383,-0.0022547768087889004,0.04556058347225189
z_degree_to_cn_residual,0,test-384,-0.02354671894819338,0.06305049359798431
z_degree_to_cn_residual,0,test-385,-0.0022547768087889004,0.10836027562618256
z_degree_to_cn_residual,0,test-386,-0.0022547768087889004,0.10836027562618256
z_degree_to_cn_residual,0,test-387,0.6906723567239333,0.09733723104000092
z_degree_to_cn_residual,0,test-388,0.5067931432115338,0.3116753101348877
z_degree_to_cn_residual,0,test-389,-0.0024748238360119044,0.09733723104000092
z_degree_to_cn_residual,0,test-390,0.5929131687444764,0.23118744790554047
z_degree_to_cn_residual,0,test-391,0.5067931432115338,0.3116753101348877
z_degree_to_cn_residual,0,test-392,-0.0018015872129917689,-0.0012967735528945923
z_degree_to_cn_residual,0,test-393,-0.0020240857061117087,-0.0471203476190567
z_degree_to_cn_residual,0,test-394,-0.0024748238360119044,0.2478361576795578
z_degree_to_cn_residual,0,test-395,0.5620068735609041,0.12013553082942963
z_degree_to_cn_residual,0,test-396,-0.0022547768087889004,0.10836027562618256
z_degree_to_cn_residual,0,test-397,-0.007582155548103726,0.044653162360191345
z_degree_to_cn_residual,0,test-398,-0.0040603077699362606,0.016433700919151306
z_degree_to_cn_residual,0,test-399,-0.18635403734841144,0.3116753101348877
z_degree_to_cn_residual,0,test-400,0.6906723567239333,0.09733723104000092
z_degree_to_cn_residual,0,test-401,0.6906723567239333,0.09733723104000092
z_degree_to_cn_residual,0,test-402,0.5958700816787429,0.0719287246465683
z_degree_to_cn_residual,0,test-403,-0.019646567613829567,-0.024126306176185608
z_degree_to_cn_residual,0,test-404,0.1650166480620453,0.23330281674861908
z_degree_to_cn_residual,0,test-405,-0.0015424143024689073,0.09892009198665619
z_degree_to_cn_residual,0,test-406,-0.2630515329052116,0.16043327748775482
z_degree_to_cn_residual,0,test-407,0.6913455933469536,0.3375427722930908
z_degree_to_cn_residual,0,test-408,0.0028715724223535776,-0.012155309319496155
z_degree_to_cn_residual,0,test-409,0.6696004616117519,0.06305049359798431
z_degree_to_cn_residual,0,test-410,-0.0022547768087889004,0.045561060309410095
z_degree_to_cn_residual,0,test-411,-0.36593201385162366,0.21403859555721283
z_degree_to_cn_residual,0,test-412,1.0030490679325195,0.1357123702764511
z_degree_to_cn_residual,0,test-413,0.3983360912278105,-0.007375970482826233
z_degree_to_cn_residual,0,test-414,0.17526134949601502,0.08727405965328217
z_degree_to_cn_residual,0,test-415,0.6936189549882101,-0.019954100251197815
z_degree_to_cn_residual,0,test-416,0.4300956476547337,0.16043327748775482
z_degree_to_cn_residual,0,test-417,-0.002670989411858091,0.10197959840297699
z_degree_to_cn_residual,0,test-418,-0.18635403734841144,0.3116753101348877
z_degree_to_cn_residual,0,test-419,0.4300956476547337,0.16043327748775482
z_degree_to_cn_residual,0,test-420,-0.10188873275634702,0.211043581366539
z_degree_to_cn_residual,0,test-421,-0.35440529161499984,0.48844051361083984
z_degree_to_cn_residual,0,test-422,0.5975839598243551,0.1357123702764511
z_degree_to_cn_residual,0,test-423,-0.0024748238360119044,0.09733723104000092
z_degree_to_cn_residual,0,test-424,0.6914309682769239,0.12121342122554779
z_degree_to_cn_residual,0,test-425,-0.00020231820106400537,0.04358266294002533
z_degree_to_cn_residual,0,test-426,1.1999403237714792,0.3116753101348877
z_degree_to_cn_residual,0,test-427,-0.06401224965593211,0.272571325302124
z_degree_to_cn_residual,0,test-428,0.6913455933469536,0.3375427722930908
z_degree_to_cn_residual,0,test-429,-0.13114030699904125,0.13478772342205048
z_degree_to_cn_residual,0,test-430,0.001075849647576595,0.12159012258052826
z_degree_to_cn_residual,0,test-431,-0.0024748238360119044,0.09733723104000092
z_degree_to_cn_residual,0,test-432,-0.07427853032672008,0.20964430272579193
z_degree_to_cn_residual,0,test-433,0.33648582322374365,0.1355867236852646
z_degree_to_cn_residual,0,test-434,0.5975839598243551,0.20843003690242767
z_degree_to_cn_residual,0,test-435,0.689086872790009,0.016433700919151306
z_degree_to_cn_residual,0,test-436,0.030648706081244377,0.1368558257818222
z_degree_to_cn_residual,0,test-437,0.6268363939653109,-0.05779100954532623
z_degree_to_cn_residual,0,test-438,-0.12797890134930998,0.10870574414730072
z_degree_to_cn_residual,0,test-439,-0.0022547768087889004,0.10836027562618256
z_degree_to_cn_residual,0,test-440,0.8989657935458869,0.300494909286499
z_degree_to_cn_residual,0,test-441,0.09843629919298769,0.13396094739437103
z_degree_to_cn_residual,0,test-442,0.9983782768526407,0.23118744790554047
z_degree_to_cn_residual,0,test-443,1.0030490679325195,0.20843003690242767
z_degree_to_cn_residual,0,test-444,-0.0018040386788887037,0.03411506116390228
z_degree_to_cn_residual,0,test-445,1.1999403237714792,0.3116753101348877
z_degree_to_cn_residual,0,test-446,0.9397441581767094,0.36052775382995605
z_degree_to_cn_residual,0,test-447,0.9122582513196982,0.3116753101348877
z_degree_to_cn_residual,0,test-448,-0.0015424143024689073,0.09892009198665619
z_degree_to_cn_residual,0,test-449,0.6913455933469536,0.3375427722930908
z_degree_to_cn_residual,0,test-450,0.6188686502332252,0.20964430272579193
z_degree_to_cn_residual,0,test-451,-0.6164097484976776,-0.3413207530975342
z_degree_to_cn_residual,0,test-452,-0.3225624563234914,0.08498464524745941
z_degree_to_cn_residual,0,test-453,0.7326802748164859,0.21403859555721283
z_degree_to_cn_residual,0,test-454,-0.09556322073559016,0.20843003690242767
z_degree_to_cn_residual,0,test-455,0.6898989853876496,0.13560007512569427
z_degree_to_cn_residual,0,test-456,-0.06631078659463438,-0.05779100954532623
z_degree_to_cn_residual,0,test-457,-0.0022547768087889004,0.045561060309410095
z_degree_to_cn_residual,0,test-458,-0.15886813049140017,0.36052775382995605
z_degree_to_cn_residual,0,test-459,0.5620068735609041,0.13478772342205048
z_degree_to_cn_residual,0,test-460,0.9122582513196982,0.3116753101348877
z_degree_to_cn_residual,0,test-461,0.5929131687444764,0.23118744790554047
z_degree_to_cn_residual,0,test-462,-0.00020231820106400537,-0.016586557030677795
z_degree_to_cn_residual,0,test-463,0.6908924037511563,0.10836027562618256
z_degree_to_cn_residual,0,test-464,0.6914309682769239,0.12121342122554779
z_degree_to_cn_residual,0,test-465,-0.00020231820106400537,-0.016586557030677795
z_degree_to_cn_residual,0,test-466,0.4300956476547337,0.16043327748775482
z_degree_to_cn_residual,0,test-467,0.503901407301152,0.13396094739437103
z_degree_to_cn_residual,0,test-468,-0.18635403734841144,0.3116753101348877
z_degree_to_cn_residual,0,test-469,-0.10023401181546886,0.23118744790554047
z_degree_to_cn_residual,0,test-470,-0.0018040386788887037,0.03411506116390228
z_degree_to_cn_residual,0,test-471,0.4300956476547337,0.16043327748775482
z_degree_to_cn_residual,0,test-472,-0.0024748238360119044,0.2478361576795578
z_degree_to_cn_residual,0,test-473,0.3950893555112512,0.39249300956726074
z_degree_to_cn_residual,0,test-474,0.1650166480620453,0.23330281674861908
z_degree_to_cn_residual,0,test-475,0.6291349309040132,0.272571325302124
z_degree_to_cn_residual,0,test-476,-0.0024748238360119044,0.09733723104000092
z_degree_to_cn_residual,0,test-477,-0.09556322073559016,0.1357123702764511
z_degree_to_cn_residual,0,test-478,0.5958700816787429,0.0719287246465683
z_degree_to_cn_residual,0,test-479,0.5067931432115338,0.3116753101348877
z_degree_to_cn_residual,0,test-480,0.7255381829334756,0.2416531890630722
z_degree_to_cn_residual,0,test-481,-0.0040603077699362606,0.016433700919151306
z_degree_to_cn_residual,0,test-482,0.5620068735609041,0.12013553082942963
z_degree_to_cn_residual,0,test-483,0.4673681426513657,0.22397778928279877
z_degree_to_cn_residual,0,test-484,-0.0024748238360119044,0.09733723104000092
z_degree_to_cn_residual,0,test-485,-0.2948110893321348,-0.007375970482826233
z_degree_to_cn_residual,0,test-486,-0.0020240857061117087,-0.0471203476190567
z_degree_to_cn_residual,0,test-487,-0.19964350558256308,0.18515609204769135
z_degree_to_cn_residual,0,test-488,-0.0024748238360119044,0.09733723104000092
z_degree_to_cn_residual,0,test-489,-0.002670989411858091,0.0758884996175766
z_degree_to_cn_residual,0,test-490,-0.0022547768087889004,0.045561060309410095
z_degree_to_cn_residual,0,test-491,-0.0024748238360119044,0.09733723104000092
z_degree_to_cn_residual,0,test-492,0.6438721343214997,0.06479333341121674
z_degree_to_cn_residual,0,test-493,0.7302443982859658,-0.016850963234901428
z_degree_to_cn_residual,0,test-494,-0.0018015872129917689,-0.0012967735528945923
z_degree_to_cn_residual,0,test-495,-0.3240937138453681,0.172577366232872
z_degree_to_cn_residual,0,test-496,-0.0022547768087889004,0.10836027562618256
z_degree_to_cn_residual,0,test-497,0.6901404532204668,-0.0365605503320694
z_degree_to_cn_residual,0,test-498,-0.0040603077699362606,0.016433700919151306
z_degree_to_cn_residual,0,test-499,-0.5321398223609669,0.2513768672943115
z_degree_to_cn_residual,0,test-500,-0.2980578250486941,0.39249300956726074
z_degree_to_cn_residual,0,test-501,0.6942230302075219,0.12159012258052826
z_degree_to_cn_residual,0,test-502,0.3983360912278105,-0.007375970482826233
z_degree_to_cn_residual,0,test-503,-0.4589079606438703,0.2088923305273056
z_degree_to_cn_residual,0,test-504,-0.46722143061535454,0.12035320699214935
z_degree_to_cn_residual,0,test-505,0.6291349309040132,0.272571325302124
z_degree_to_cn_residual,0,test-506,-0.4110045184115584,0.20172904431819916
z_degree_to_cn_residual,0,test-507,-0.007277398667662731,0.11690054833889008
z_degree_to_cn_residual,0,test-508,-0.7430745731595764,0.24756525456905365
z_degree_to_cn_residual,0,test-509,0.411906219647611,0.07913695275783539
z_degree_to_cn_residual,0,test-510,0.9288112708702547,0.1041942685842514
z_degree_to_cn_residual,0,test-511,-0.06631078659463438,-0.05779673159122467
z_degree_to_degree,0,test-0,4.6443908991413725,4.820280075073242
z_degree_to_degree,0,test-1,3.988984046564274,4.246638298034668
z_degree_to_degree,0,test-2,4.584967478670572,4.715388298034668
z_degree_to_degree,0,test-3,3.1780538303479453,3.5154829025268555
z_degree_to_degree,0,test-4,4.77912349311153,4.940849304199219
z_degree_to_degree,0,test-5,3.8066624897703196,4.052182197570801
z_degree_to_degree,0,test-6,5.966146739123692,6.149786949157715
z_degree_to_degree,0,test-7,3.6635616461296463,4.124005317687988
z_degree_to_degree,0,test-8,3.0445224377234226,3.3698172569274902
z_degree_to_degree,0,test-9,3.6888794541139367,3.8644163608551025
z_degree_to_degree,0,test-10,3.401197381662155,3.5811879634857178
z_degree_to_degree,0,test-11,3.9120230054281464,4.120481014251709
z_degree_to_degree,0,test-12,0.6931471805599453,1.579253911972046
z_degree_to_degree,0,test-13,4.74493212836325,4.952027320861816
z_degree_to_degree,0,test-14,4.0943445622221,4.666818618774414
z_degree_to_degree,0,test-15,1.791759469228055,2.315488338470459
z_degree_to_degree,0,test-16,4.394449154672438,4.642319679260254
z_degree_to_degree,0,test-17,4.718498871295095,5.243917942047119
z_degree_to_degree,0,test-18,0.6931471805599453,1.579253911972046
z_degree_to_degree,0,test-19,3.0445224377234226,3.3698172569274902
z_degree_to_degree,0,test-20,3.1780538303479458,3.696841239929199
z_degree_to_degree,0,test-21,3.465735902799726,3.690582275390625
z_degree_to_degree,0,test-22,3.401197381662155,3.5811879634857178
z_degree_to_degree,0,test-23,1.0986122886681096,1.7797317504882812
z_degree_to_degree,0,test-24,3.5553480614894135,3.6922967433929443
z_degree_to_degree,0,test-25,4.189654742026425,4.32710599899292
z_degree_to_degree,0,test-26,2.3025850929940455,2.790386199951172
z_degree_to_degree,0,test-27,3.465735902799726,3.690582275390625
z_degree_to_degree,0,test-28,2.8903717578961645,3.201129913330078
z_degree_to_degree,0,test-29,3.688879454113936,3.8985586166381836
z_degree_to_degree,0,test-30,4.882801922586371,5.367513656616211
z_degree_to_degree,0,test-31,4.553876891600541,4.811691761016846
z_degree_to_degree,0,test-32,3.58351893845611,3.795156478881836
z_degree_to_degree,0,test-33,3.58351893845611,4.243411540985107
z_degree_to_degree,0,test-34,3.1780538303479453,3.43341326713562
z_degree_to_degree,0,test-35,2.772588722239781,3.2470529079437256
z_degree_to_degree,0,test-36,1.3862943611198906,2.022066354751587
z_degree_to_degree,0,test-37,2.3025850929940455,2.790386199951172
z_degree_to_degree,0,test-38,3.9889840465642745,4.5997772216796875
z_degree_to_degree,0,test-39,1.791759469228055,2.315488338470459
z_degree_to_degree,0,test-40,3.951243718581427,4.2241621017456055
z_degree_to_degree,0,test-41,3.6888794541139367,3.8644163608551025
z_degree_to_degree,0,test-42,6.040254711277413,6.400784492492676
z_degree_to_degree,0,test-43,2.484906649788,2.917834758758545
z_degree_to_degree,0,test-44,3.1780538303479453,3.43341326713562
z_degree_to_degree,0,test-45,0.6931471805599453,1.579253911972046
z_degree_to_degree,0,test-46,4.941642422609304,5.239093780517578
z_degree_to_degree,0,test-47,0.0,1.2322700023651123
z_degree_to_degree,0,test-48,2.8903717578961645,3.201129913330078
z_degree_to_degree,0,test-49,6.040254711277413,6.400784492492676
z_degree_to_degree,0,test-50,3.332204510175204,3.6100730895996094
z_degree_to_degree,0,test-51,2.995732273553991,3.349681854248047
z_degree_to_degree,0,test-52,6.327936783729195,6.524633407592773
z_degree_to_degree,0,test-53,2.8903717578961645,3.201129913330078
z_degree_to_degree,0,test-54,2.6390573296152584,3.087371349334717
z_degree_to_degree,0,test-55,4.927253685157204,5.199724197387695
z_degree_to_degree,0,test-56,2.7080502011022096,3.122437000274658
z_degree_to_degree,0,test-57,5.272999558563747,5.687772750854492
z_degree_to_degree,0,test-58,3.9889840465642745,4.185458660125732
z_degree_to_degree,0,test-59,2.0794415416798357,2.7734909057617188
z_degree_to_degree,0,test-60,4.7535901911063645,4.958336353302002
z_degree_to_degree,0,test-61,2.1972245773362196,2.9386751651763916
z_degree_to_degree,0,test-62,2.3978952727983707,3.20139479637146
z_degree_to_degree,0,test-63,1.3862943611198906,2.022066354751587
z_degree_to_degree,0,test-64,3.58351893845611,3.9558284282684326
z_degree_to_degree,0,test-65,2.8903717578961645,3.201129913330078
z_degree_to_degree,0,test-66,2.4849066497880004,2.9669506549835205
z_degree_to_degree,0,test-67,2.4849066497880004,2.9669506549835205
z_degree_to_degree,0,test-68,4.90527477843843,5.1843791007995605
z_degree_to_degree,0,test-69,3.2188758248682006,3.6818854808807373
z_degree_to_degree,0,test-70,2.995732273553991,3.349681854248047
z_degree_to_degree,0,test-71,4.0943445622221,4.361783504486084
z_degree_to_degree,0,test-72,1.791759469228055,2.315488338470459
z_degree_to_degree,0,test-73,3.951243718581427,4.2241621017456055
z_degree_to_degree,0,test-74,2.7080502011022096,3.122437000274658
z_degree_to_degree,0,test-75,3.0445224377234226,3.3698172569274902
z_degree_to_degree,0,test-76,1.0986122886681096,1.7797317504882812
z_degree_to_degree,0,test-77,3.0445224377234226,3.3698172569274902
z_degree_to_degree,0,test-78,1.3862943611198906,2.0279757976531982
z_degree_to_degree,0,test-79,1.791759469228055,2.315488338470459
z_degree_to_degree,0,test-80,3.688879454113936,3.8985586166381836
z_degree_to_degree,0,test-81,3.58351893845611,3.9729928970336914
z_degree_to_degree,0,test-82,3.465735902799726,3.690582275390625
z_degree_to_degree,0,test-83,4.025351690735149,4.623408317565918
z_degree_to_degree,0,test-84,4.718498871295094,4.903311252593994
z_degree_to_degree,0,test-85,3.988984046564274,4.246638298034668
z_degree_to_degree,0,test-86,3.332204510175204,3.6100730895996094
z_degree_to_degree,0,test-87,2.7080502011022096,3.122437000274658
z_degree_to_degree,0,test-88,2.6390573296152584,3.087371349334717
z_degree_to_degree,0,test-89,3.332204510175204,3.6100730895996094
z_degree_to_degree,0,test-90,2.484906649788,2.917834758758545
z_degree_to_degree,0,test-91,2.0794415416798357,2.7734909057617188
z_degree_to_degree,0,test-92,3.1780538303479453,3.5154829025268555
z_degree_to_degree,0,test-93,5.272999558563747,5.687772750854492
z_degree_to_degree,0,test-94,2.484906649788,2.917834758758545
z_degree_to_degree,0,test-95,3.4011973816621555,3.694395065307617
z_degree_to_degree,0,test-96,7.50659178007084,7.500049591064453
z_degree_to_degree,0,test-97,4.465908118654584,4.71238899230957
z_degree_to_degree,0,test-98,2.3025850929940455,2.790386199951172
z_degree_to_degree,0,test-99,2.7080502011022096,3.122437000274658
z_degree_to_degree,0,test-100,3.58351893845611,3.9729928970336914
z_degree_to_degree,0,test-101,2.7080502011022096,3.122437000274658
z_degree_to_degree,0,test-102,4.02535169073515,4.651719093322754
z_degree_to_degree,0,test-103,2.772588722239781,3.2470529079437256
z_degree_to_degree,0,test-104,2.197224577336219,2.5907325744628906
z_degree_to_degree,0,test-105,1.0986122886681096,1.7797317504882812
z_degree_to_degree,0,test-106,3.5263605246161616,4.170266151428223
z_degree_to_degree,0,test-107,0.6931471805599453,1.579253911972046
z_degree_to_degree,0,test-108,6.327936783729195,6.524633407592773
z_degree_to_degree,0,test-109,3.58351893845611,3.795156478881836
z_degree_to_degree,0,test-110,2.0794415416798357,2.7734909057617188
z_degree_to_degree,0,test-111,2.8903717578961645,3.807342529296875
z_degree_to_degree,0,test-112,5.0106352940962555,5.31080961227417
z_degree_to_degree,0,test-113,3.688879454113936,3.8985586166381836
z_degree_to_degree,0,test-114,1.3862943611198906,2.0279757976531982
z_degree_to_degree,0,test-115,1.3862943611198906,2.022066354751587
z_degree_to_degree,0,test-116,7.3395376954076745,7.337008476257324
z_degree_to_degree,0,test-117,4.304065093204169,4.833906173706055
z_degree_to_degree,0,test-118,3.2188758248682006,3.6818854808807373
z_degree_to_degree,0,test-119,6.733401891837358,6.862098693847656
z_degree_to_degree,0,test-120,2.484906649788,2.917834758758545
z_degree_to_degree,0,test-121,2.995732273553991,3.349681854248047
z_degree_to_degree,0,test-122,3.58351893845611,3.9729928970336914
z_degree_to_degree,0,test-123,1.791759469228055,2.315488338470459
z_degree_to_degree,0,test-124,2.6390573296152584,3.087371349334717
z_degree_to_degree,0,test-125,2.197224577336219,2.5907325744628906
z_degree_to_degree,0,test-126,2.484906649788,2.917834758758545
z_degree_to_degree,0,test-127,1.791759469228055,2.315488338470459
z_degree_to_degree,0,test-128,3.6635616461296463,4.124005317687988
z_degree_to_degree,0,test-129,2.5649493574615367,3.4211699962615967
z_degree_to_degree,0,test-130,2.995732273553991,3.349681854248047
z_degree_to_degree,0,test-131,3.0445224377234226,3.3698172569274902
z_degree_to_degree,0,test-132,3.688879454113936,3.8985586166381836
z_degree_to_degree,0,test-133,5.560681631015528,5.986148834228516
z_degree_to_degree,0,test-134,2.197224577336219,2.5907325744628906
z_degree_to_degree,0,test-135,2.772588722239781,3.2470529079437256
z_degree_to_degree,0,test-136,3.688879454113936,3.8985586166381836
z_degree_to_degree,0,test-137,2.1972245773362196,2.9386751651763916
z_degree_to_degree,0,test-138,4.31748811353631,4.609428882598877
z_degree_to_degree,0,test-139,1.791759469228055,2.315488338470459
z_degree_to_degree,0,test-140,3.332204510175204,3.6100730895996094
z_degree_to_degree,0,test-141,4.276666119016055,4.535890102386475
z_degree_to_degree,0,test-142,2.7080502011022096,3.122437000274658
z_degree_to_degree,0,test-143,2.0794415416798357,2.7734909057617188
z_degree_to_degree,0,test-144,2.772588722239781,3.2470529079437256
z_degree_to_degree,0,test-145,4.882801922586371,5.367513656616211
z_degree_to_degree,0,test-146,3.465735902799726,3.690582275390625
z_degree_to_degree,0,test-147,3.332204510175204,3.6100730895996094
z_degree_to_degree,0,test-148,6.327936783729195,6.524633407592773
z_degree_to_degree,0,test-149,3.2188758248682006,3.6818854808807373
z_degree_to_degree,0,test-150,3.9318256327243257,4.233067989349365
z_degree_to_degree,0,test-151,3.295836866004329,3.655056953430176
z_degree_to_degree,0,test-152,3.4011973816621555,3.9291505813598633
z_degree_to_degree,0,test-153,4.0943445622221,4.3218207359313965
z_degree_to_degree,0,test-154,2.0794415416798357,2.7734909057617188
z_degree_to_degree,0,test-155,2.3025850929940455,2.790386199951172
z_degree_to_degree,0,test-156,5.41164605185504,5.602922439575195
z_degree_to_degree,0,test-157,4.564348191467836,4.8062334060668945
z_degree_to_degree,0,test-158,0.0,1.2322700023651123
z_degree_to_degree,0,test-159,2.7080502011022096,3.122437000274658
z_degree_to_degree,0,test-160,2.9444389791664403,3.862962245941162
z_degree_to_degree,0,test-161,1.3862943611198906,2.0279757976531982
z_degree_to_degree,0,test-162,2.8903717578961645,3.201129913330078
z_degree_to_degree,0,test-163,1.791759469228055,2.315488338470459
z_degree_to_degree,0,test-164,5.560681631015528,5.986148834228516
z_degree_to_degree,0,test-165,1.0986122886681096,1.7797317504882812
z_degree_to_degree,0,test-166,3.5553480614894135,3.6922967433929443
z_degree_to_degree,0,test-167,4.499809670330265,4.729966163635254
z_degree_to_degree,0,test-168,3.5553480614894135,3.6922967433929443
z_degree_to_degree,0,test-169,1.791759469228055,2.315488338470459
z_degree_to_degree,0,test-170,2.0794415416798357,2.7734909057617188
z_degree_to_degree,0,test-171,5.288267030694534,5.702184200286865
z_degree_to_degree,0,test-172,1.3862943611198906,2.0279757976531982
z_degree_to_degree,0,test-173,2.484906649788,2.917834758758545
z_degree_to_degree,0,test-174,3.9120230054281464,4.120481014251709
z_degree_to_degree,0,test-175,4.499809670330265,4.729966163635254
z_degree_to_degree,0,test-176,4.867534450455582,5.356721878051758
z_degree_to_degree,0,test-177,4.718498871295095,5.243917942047119
z_degree_to_degree,0,test-178,3.465735902799726,3.690582275390625
z_degree_to_degree,0,test-179,1.3862943611198906,2.0279757976531982
z_degree_to_degree,0,test-180,3.58351893845611,4.243411540985107
z_degree_to_degree,0,test-181,3.58351893845611,3.795156478881836
z_degree_to_degree,0,test-182,3.465735902799726,3.690582275390625
z_degree_to_degree,0,test-183,0.0,1.2322700023651123
z_degree_to_degree,0,test-184,7.24422751560335,7.230171203613281
z_degree_to_degree,0,test-185,3.332204510175204,3.6100730895996094
z_degree_to_degree,0,test-186,3.401197381662155,3.5811879634857178
z_degree_to_degree,0,test-187,3.332204510175204,3.6100730895996094
z_degree_to_degree,0,test-188,2.484906649788,2.917834758758545
z_degree_to_degree,0,test-189,2.197224577336219,2.5907325744628906
z_degree_to_degree,0,test-190,2.7080502011022096,3.122437000274658
z_degree_to_degree,0,test-191,2.0794415416798357,2.7734909057617188
z_degree_to_degree,0,test-192,3.0445224377234226,3.3698172569274902
z_degree_to_degree,0,test-193,2.995732273553991,3.349681854248047
z_degree_to_degree,0,test-194,3.58351893845611,4.243411540985107
z_degree_to_degree,0,test-195,4.90527477843843,5.1843791007995605
z_degree_to_degree,0,test-196,4.5217885770490405,4.720150947570801
z_degree_to_degree,0,test-197,2.484906649788,2.917834758758545
z_degree_to_degree,0,test-198,4.709530201312334,4.961580276489258
z_degree_to_degree,0,test-199,1.0986122886681096,1.7797317504882812
z_degree_to_degree,0,test-200,1.0986122886681096,1.7797317504882812
z_degree_to_degree,0,test-201,1.0986122886681096,1.7797317504882812
z_degree_to_degree,0,test-202,3.0445224377234226,3.3698172569274902
z_degree_to_degree,0,test-203,2.484906649788,2.917834758758545
z_degree_to_degree,0,test-204,2.6390573296152584,3.087371349334717
z_degree_to_degree,0,test-205,2.197224577336219,2.5907325744628906
z_degree_to_degree,0,test-206,3.58351893845611,3.795156478881836
z_degree_to_degree,0,test-207,4.248495242049359,4.534355163574219
z_degree_to_degree,0,test-208,4.0943445622221,4.361783504486084
z_degree_to_degree,0,test-209,4.836281906951478,5.0730299949646
z_degree_to_degree,0,test-210,4.976733742420574,5.289863109588623
z_degree_to_degree,0,test-211,3.0445224377234226,3.3698172569274902
z_degree_to_degree,0,test-212,4.499809670330265,4.742947578430176
z_degree_to_degree,0,test-213,1.3862943611198906,2.022066354751587
z_degree_to_degree,0,test-214,5.560681631015528,5.986148834228516
z_degree_to_degree,0,test-215,2.0794415416798357,2.7734909057617188
z_degree_to_degree,0,test-216,0.6931471805599453,1.579253911972046
z_degree_to_degree,0,test-217,1.791759469228055,2.315488338470459
z_degree_to_degree,0,test-218,3.0445224377234226,3.3698172569274902
z_degree_to_degree,0,test-219,3.58351893845611,3.9729928970336914
z_degree_to_degree,0,test-220,2.70805020110221,3.602804183959961
z_degree_to_degree,0,test-221,2.995732273553991,3.349681854248047
z_degree_to_degree,0,test-222,2.0794415416798357,2.7734909057617188
z_degree_to_degree,0,test-223,3.8712010109078907,4.19954776763916
z_degree_to_degree,0,test-224,0.0,1.2322700023651123
z_degree_to_degree,0,test-225,3.332204510175204,3.6100730895996094
z_degree_to_degree,0,test-226,2.0794415416798357,2.7734909057617188
z_degree_to_degree,0,test-227,2.772588722239781,3.2470529079437256
z_degree_to_degree,0,test-228,1.791759469228055,2.315488338470459
z_degree_to_degree,0,test-229,2.197224577336219,2.5907325744628906
z_degree_to_degree,0,test-230,3.4011973816621555,3.694395065307617
z_degree_to_degree,0,test-231,4.430816798843313,4.6882524490356445
z_degree_to_degree,0,test-232,4.276666119016055,4.433610916137695
z_degree_to_degree,0,test-233,1.791759469228055,2.377974510192871
z_degree_to_degree,0,test-234,3.58351893845611,3.9729928970336914
z_degree_to_degree,0,test-235,3.1780538303479453,3.5154829025268555
z_degree_to_degree,0,test-236,2.8903717578961645,3.201129913330078
z_degree_to_degree,0,test-237,3.0445224377234226,3.3698172569274902
z_degree_to_degree,0,test-238,5.780743515792329,5.931182384490967
z_degree_to_degree,0,test-239,6.327936783729195,6.524633407592773
z_degree_to_degree,0,test-240,0.6931471805599453,1.579253911972046
z_degree_to_degree,0,test-241,2.4849066497880004,2.9669506549835205
z_degree_to_degree,0,test-242,2.8903717578961645,3.201129913330078
z_degree_to_degree,0,test-243,2.197224577336219,2.5907325744628906
z_degree_to_degree,0,test-244,3.0445224377234226,3.3698172569274902
z_degree_to_degree,0,test-245,2.7080502011022096,3.122437000274658
z_degree_to_degree,0,test-246,4.74493212836325,4.952027320861816
z_degree_to_degree,0,test-247,1.791759469228055,2.315488338470459
z_degree_to_degree,0,test-248,3.8066624897703196,4.052182197570801
z_degree_to_degree,0,test-249,3.951243718581427,4.2241621017456055
z_degree_to_degree,0,test-250,1.3862943611198906,2.0279757976531982
z_degree_to_degree,0,test-251,4.718498871295095,5.243917942047119
z_degree_to_degree,0,test-252,3.465735902799726,3.690582275390625
z_degree_to_degree,0,test-253,2.7080502011022096,3.122437000274658
z_degree_to_degree,0,test-254,2.6390573296152584,3.087372303009033
z_degree_to_degree,0,test-255,5.19295685089021,5.4041666984558105
z_degree_to_degree,0,test-256,0.0,1.2322700023651123
z_degree_to_degree,0,test-257,5.98141421125448,6.161402225494385
z_degree_to_degree,0,test-258,3.8712010109078907,4.096221923828125
z_degree_to_degree,0,test-259,2.9957322735539913,3.58640456199646
z_degree_to_degree,0,test-260,1.0986122886681096,1.7797317504882812
z_degree_to_degree,0,test-261,3.401197381662155,3.5811879634857178
z_degree_to_degree,0,test-262,2.995732273553991,3.349681854248047
z_degree_to_degree,0,test-263,2.995732273553991,3.349681854248047
z_degree_to_degree,0,test-264,4.1588830833596715,4.416086673736572
z_degree_to_degree,0,test-265,4.31748811353631,4.609428882598877
z_degree_to_degree,0,test-266,1.791759469228055,2.315488338470459
z_degree_to_degree,0,test-267,2.0794415416798357,2.7734909057617188
z_degree_to_degree,0,test-268,2.7080502011022096,3.122437000274658
z_degree_to_degree,0,test-269,6.476972362889683,6.6566009521484375
z_degree_to_degree,0,test-270,1.791759469228055,2.315488338470459
z_degree_to_degree,0,test-271,3.0445224377234226,3.3698172569274902
z_degree_to_degree,0,test-272,3.737669618283368,4.017634391784668
z_degree_to_degree,0,test-273,3.1780538303479453,3.43341326713562
z_degree_to_degree,0,test-274,2.772588722239781,3.2470529079437256
z_degree_to_degree,0,test-275,2.7080502011022096,3.122437000274658
z_degree_to_degree,0,test-276,2.0794415416798357,2.7596845626831055
z_degree_to_degree,0,test-277,3.332204510175204,3.6100730895996094
z_degree_to_degree,0,test-278,5.220355825078324,5.421520709991455
z_degree_to_degree,0,test-279,3.6635616461296463,4.124005317687988
z_degree_to_degree,0,test-280,2.6390573296152584,3.087371349334717
z_degree_to_degree,0,test-281,2.484906649788,2.917834758758545
z_degree_to_degree,0,test-282,3.9512437185814275,4.573799133300781
z_degree_to_degree,0,test-283,2.995732273553991,3.349681854248047
z_degree_to_degree,0,test-284,1.6094379124341003,2.1035237312316895
z_degree_to_degree,0,test-285,2.7080502011022096,3.122437000274658
z_degree_to_degree,0,test-286,6.461468176353717,6.320619583129883
z_degree_to_degree,0,test-287,3.0445224377234226,3.3698172569274902
z_degree_to_degree,0,test-288,3.4965075614664802,3.811018943786621
z_degree_to_degree,0,test-289,4.499809670330265,4.7725510597229
z_degree_to_degree,0,test-290,2.8903717578961645,3.201129913330078
z_degree_to_degree,0,test-291,5.60947179518496,5.9334516525268555
z_degree_to_degree,0,test-292,5.375278407684165,5.642451286315918
z_degree_to_degree,0,test-293,3.6888794541139367,3.8644163608551025
z_degree_to_degree,0,test-294,2.197224577336219,2.5907325744628906
z_degree_to_degree,0,test-295,2.3025850929940455,2.790386199951172
z_degree_to_degree,0,test-296,3.7376696182833684,4.397796154022217
z_degree_to_degree,0,test-297,2.0794415416798357,2.7596845626831055
z_degree_to_degree,0,test-298,1.3862943611198906,2.022066354751587
z_degree_to_degree,0,test-299,3.1780538303479453,3.43341326713562
z_degree_to_degree,0,test-300,2.995732273553991,3.349681854248047
z_degree_to_degree,0,test-301,1.6094379124341003,2.1035237312316895
z_degree_to_degree,0,test-302,2.484906649788,2.917834758758545
z_degree_to_degree,0,test-303,2.0794415416798357,2.7734909057617188
z_degree_to_degree,0,test-304,4.382026634673881,4.667243003845215
z_degree_to_degree,0,test-305,3.332204510175204,3.6100730895996094
z_degree_to_degree,0,test-306,5.556828061699537,5.882128715515137
z_degree_to_degree,0,test-307,2.0794415416798357,2.7734909057617188
z_degree_to_degree,0,test-308,2.0794415416798357,2.7734909057617188
z_degree_to_degree,0,test-309,3.58351893845611,3.9558284282684326
z_degree_to_degree,0,test-310,2.197224577336219,2.5907325744628906
z_degree_to_degree,0,test-311,3.8918202981106265,4.270764350891113
z_degree_to_degree,0,test-312,2.4849066497880004,3.3101601600646973
z_degree_to_degree,0,test-313,6.733401891837358,6.862098693847656
z_degree_to_degree,0,test-314,4.941642422609304,5.239093780517578
z_degree_to_degree,0,test-315,1.9459101490553132,2.568559408187866
z_degree_to_degree,0,test-316,2.8903717578961645,3.201129913330078
z_degree_to_degree,0,test-317,5.41164605185504,5.602922439575195
z_degree_to_degree,0,test-318,3.332204510175204,3.6100730895996094
z_degree_to_degree,0,test-319,6.733401891837358,6.862098693847656
z_degree_to_degree,0,test-320,2.772588722239781,3.2470529079437256
z_degree_to_degree,0,test-321,3.0445224377234226,3.3698172569274902
z_degree_to_degree,0,test-322,2.995732273553991,3.349681854248047
z_degree_to_degree,0,test-323,0.6931471805599453,1.579253911972046
z_degree_to_degree,0,test-324,2.484906649788,2.917834758758545
z_degree_to_degree,0,test-325,2.772588722239781,3.2470529079437256
z_degree_to_degree,0,test-326,3.091042453358316,3.654588222503662
z_degree_to_degree,0,test-327,3.4011973816621555,3.694395065307617
z_degree_to_degree,0,test-328,3.688879454113936,3.8985586166381836
z_degree_to_degree,0,test-329,1.6094379124341003,2.1035237312316895
z_degree_to_degree,0,test-330,3.5553480614894135,3.6922967433929443
z_degree_to_degree,0,test-331,3.8712010109078907,4.130999565124512
z_degree_to_degree,0,test-332,2.70805020110221,3.602804183959961
z_degree_to_degree,0,test-333,2.8903717578961645,3.807342529296875
z_degree_to_degree,0,test-334,2.4849066497880004,2.9669506549835205
z_degree_to_degree,0,test-335,4.51085950651685,4.66486930847168
z_degree_to_degree,0,test-336,2.7080502011022096,3.122437000274658
z_degree_to_degree,0,test-337,3.0445224377234226,3.3698172569274902
z_degree_to_degree,0,test-338,2.484906649788,2.917834758758545
z_degree_to_degree,0,test-339,2.772588722239781,3.2470529079437256
z_degree_to_degree,0,test-340,4.143134726391533,4.339735984802246
z_degree_to_degree,0,test-341,3.9318256327243257,4.233067989349365
z_degree_to_degree,0,test-342,2.484906649788,2.917834758758545
z_degree_to_degree,0,test-343,4.787491742782047,5.080030918121338
z_degree_to_degree,0,test-344,1.3862943611198906,2.022066354751587
z_degree_to_degree,0,test-345,3.1780538303479453,3.5154829025268555
z_degree_to_degree,0,test-346,2.484906649788,2.917834758758545
z_degree_to_degree,0,test-347,2.484906649788,2.917834758758545
z_degree_to_degree,0,test-348,2.484906649788,2.917834758758545
z_degree_to_degree,0,test-349,3.401197381662155,3.5811879634857178
z_degree_to_degree,0,test-350,2.8903717578961645,3.807342529296875
z_degree_to_degree,0,test-351,3.1780538303479453,3.43341326713562
z_degree_to_degree,0,test-352,1.3862943611198906,2.022066354751587
z_degree_to_degree,0,test-353,4.882801922586371,5.367513656616211
z_degree_to_degree,0,test-354,4.234106504597259,4.453906059265137
z_degree_to_degree,0,test-355,5.6937321388027,5.856983184814453
z_degree_to_degree,0,test-356,0.6931471805599453,1.579253911972046
z_degree_to_degree,0,test-357,1.791759469228055,2.315488338470459
z_degree_to_degree,0,test-358,1.791759469228055,2.315488338470459
z_degree_to_degree,0,test-359,5.966146739123692,6.149786949157715
z_degree_to_degree,0,test-360,3.4965075614664802,3.811018943786621
z_degree_to_degree,0,test-361,6.733401891837358,6.862098693847656
z_degree_to_degree,0,test-362,5.272999558563747,5.45950984954834
z_degree_to_degree,0,test-363,3.737669618283368,4.017634391784668
z_degree_to_degree,0,test-364,2.197224577336219,2.5907325744628906
z_degree_to_degree,0,test-365,2.995732273553991,3.349681854248047
z_degree_to_degree,0,test-366,1.3862943611198906,2.0279757976531982
z_degree_to_degree,0,test-367,6.327936783729195,6.524633407592773
z_degree_to_degree,0,test-368,4.430816798843313,4.6882524490356445
z_degree_to_degree,0,test-369,0.0,1.2322700023651123
z_degree_to_degree,0,test-370,2.6390573296152584,3.087371349334717
z_degree_to_degree,0,test-371,1.6094379124341003,2.1035237312316895
z_degree_to_degree,0,test-372,2.484906649788,2.917834758758545
z_degree_to_degree,0,test-373,3.465735902799726,3.690582275390625
z_degree_to_degree,0,test-374,2.772588722239781,3.2470529079437256
z_degree_to_degree,0,test-375,2.7080502011022096,3.122437000274658
z_degree_to_degree,0,test-376,4.74493212836325,4.952027320861816
z_degree_to_degree,0,test-377,2.4849066497880004,2.9669506549835205
z_degree_to_degree,0,test-378,3.332204510175204,3.6100730895996094
z_degree_to_degree,0,test-379,2.4849066497880004,2.9669506549835205
z_degree_to_degree,0,test-380,2.8903717578961645,3.201129913330078
z_degree_to_degree,0,test-381,2.3025850929940455,2.790386199951172
z_degree_to_degree,0,test-382,1.791759469228055,2.315488338470459
z_degree_to_degree,0,test-383,0.6931471805599453,1.5792524814605713
z_degree_to_degree,0,test-384,4.276666119016055,4.804754257202148
z_degree_to_degree,0,test-385,1.791759469228055,2.315488338470459
z_degree_to_degree,0,test-386,1.791759469228055,2.315488338470459
z_degree_to_degree,0,test-387,2.0794415416798357,2.7734909057617188
z_degree_to_degree,0,test-388,2.995732273553991,3.349681854248047
z_degree_to_degree,0,test-389,2.0794415416798357,2.7734909057617188
z_degree_to_degree,0,test-390,3.0445224377234226,3.3698172569274902
z_degree_to_degree,0,test-391,2.995732273553991,3.349681854248047
z_degree_to_degree,0,test-392,0.0,1.2322700023651123
z_degree_to_degree,0,test-393,1.3862943611198906,2.0279757976531982
z_degree_to_degree,0,test-394,2.3025850929940455,2.790386199951172
z_degree_to_degree,0,test-395,3.295836866004329,3.655056953430176
z_degree_to_degree,0,test-396,1.791759469228055,2.315488338470459
z_degree_to_degree,0,test-397,3.4011973816621555,3.9291505813598633
z_degree_to_degree,0,test-398,2.4849066497880004,2.9669506549835205
z_degree_to_degree,0,test-399,2.995732273553991,3.349681854248047
z_degree_to_degree,0,test-400,2.0794415416798357,2.7734909057617188
z_degree_to_degree,0,test-401,2.0794415416798357,2.7734909057617188
z_degree_to_degree,0,test-402,3.1780538303479453,3.5154829025268555
z_degree_to_degree,0,test-403,3.828641396489095,4.478094577789307
z_degree_to_degree,0,test-404,4.90527477843843,5.1843791007995605
z_degree_to_degree,0,test-405,1.791759469228055,2.377974510192871
z_degree_to_degree,0,test-406,3.401197381662155,3.5811879634857178
z_degree_to_degree,0,test-407,1.3862943611198906,2.022066354751587
z_degree_to_degree,0,test-408,2.8903717578961645,3.807342529296875
z_degree_to_degree,0,test-409,4.276666119016055,4.804754257202148
z_degree_to_degree,0,test-410,0.6931471805599453,1.579253911972046
z_degree_to_degree,0,test-411,3.5553480614894135,3.6922967433929443
z_degree_to_degree,0,test-412,2.8903717578961645,3.201129913330078
z_degree_to_degree,0,test-413,3.332204510175204,3.6100730895996094
z_degree_to_degree,0,test-414,5.342334251964811,5.445468902587891
z_degree_to_degree,0,test-415,2.890371757896165,3.4510879516601562
z_degree_to_degree,0,test-416,3.401197381662155,3.5811879634857178
z_degree_to_degree,0,test-417,3.091042453358316,3.654588222503662
z_degree_to_degree,0,test-418,2.995732273553991,3.349681854248047
z_degree_to_degree,0,test-419,3.401197381662155,3.5811879634857178
z_degree_to_degree,0,test-420,4.787491742782046,5.00930643081665
z_degree_to_degree,0,test-421,4.430816798843313,4.6882524490356445
z_degree_to_degree,0,test-422,2.8903717578961645,3.201129913330078
z_degree_to_degree,0,test-423,2.0794415416798357,2.7734909057617188
z_degree_to_degree,0,test-424,3.1780538303479458,3.696841239929199
z_degree_to_degree,0,test-425,1.9459101490553132,2.568559408187866
z_degree_to_degree,0,test-426,2.995732273553991,3.349681854248047
z_degree_to_degree,0,test-427,2.197224577336219,2.5907325744628906
z_degree_to_degree,0,test-428,1.3862943611198906,2.022066354751587
z_degree_to_degree,0,test-429,3.4011973816621555,3.694395065307617
z_degree_to_degree,0,test-430,3.3322045101752042,3.777392864227295
z_degree_to_degree,0,test-431,2.0794415416798357,2.7734909057617188
z_degree_to_degree,0,test-432,2.484906649788,2.917834758758545
z_degree_to_degree,0,test-433,3.6888794541139367,3.8644163608551025
z_degree_to_degree,0,test-434,2.7080502011022096,3.122437000274658
z_degree_to_degree,0,test-435,2.4849066497880004,2.9669506549835205
z_degree_to_degree,0,test-436,4.718498871295095,5.243917942047119
z_degree_to_degree,0,test-437,5.634789603169249,5.760581970214844
z_degree_to_degree,0,test-438,4.68213122712422,4.9226789474487305
z_degree_to_degree,0,test-439,1.791759469228055,2.315488338470459
z_degree_to_degree,0,test-440,3.9889840465642745,4.185458660125732
z_degree_to_degree,0,test-441,6.327936783729195,6.524633407592773
z_degree_to_degree,0,test-442,3.0445224377234226,3.3698172569274902
z_degree_to_degree,0,test-443,2.7080502011022096,3.122437000274658
z_degree_to_degree,0,test-444,1.0986122886681096,1.7797317504882812
z_degree_to_degree,0,test-445,2.995732273553991,3.349681854248047
z_degree_to_degree,0,test-446,2.772588722239781,3.2470529079437256
z_degree_to_degree,0,test-447,2.995732273553991,3.349681854248047
z_degree_to_degree,0,test-448,1.791759469228055,2.377974510192871
z_degree_to_degree,0,test-449,1.3862943611198906,2.022066354751587
z_degree_to_degree,0,test-450,2.484906649788,2.917834758758545
z_degree_to_degree,0,test-451,7.50659178007084,7.500049591064453
z_degree_to_degree,0,test-452,3.951243718581427,4.2241621017456055
z_degree_to_degree,0,test-453,3.5553480614894135,3.6922967433929443
z_degree_to_degree,0,test-454,2.7080502011022096,3.122437000274658
z_degree_to_degree,0,test-455,3.258096538021482,3.7216038703918457
z_degree_to_degree,0,test-456,5.634789603169249,5.760581970214844
z_degree_to_degree,0,test-457,0.6931471805599453,1.579253911972046
z_degree_to_degree,0,test-458,2.772588722239781,3.2470529079437256
z_degree_to_degree,0,test-459,3.4011973816621555,3.694395065307617
z_degree_to_degree,0,test-460,2.995732273553991,3.349681854248047
z_degree_to_degree,0,test-461,3.0445224377234226,3.3698172569274902
z_degree_to_degree,0,test-462,2.1972245773362196,2.9386751651763916
z_degree_to_degree,0,test-463,1.791759469228055,2.315488338470459
z_degree_to_degree,0,test-464,3.1780538303479458,3.696841239929199
z_degree_to_degree,0,test-465,2.1972245773362196,2.9386751651763916
z_degree_to_degree,0,test-466,3.401197381662155,3.5811879634857178
z_degree_to_degree,0,test-467,6.327936783729195,6.524633407592773
z_degree_to_degree,0,test-468,2.995732273553991,3.349681854248047
z_degree_to_degree,0,test-469,3.0445224377234226,3.3698172569274902
z_degree_to_degree,0,test-470,1.0986122886681096,1.7797317504882812
z_degree_to_degree,0,test-471,3.401197381662155,3.5811879634857178
z_degree_to_degree,0,test-472,2.3025850929940455,2.790386199951172
z_degree_to_degree,0,test-473,6.040254711277413,6.400784492492676
z_degree_to_degree,0,test-474,4.90527477843843,5.1843791007995605
z_degree_to_degree,0,test-475,2.197224577336219,2.5907325744628906
z_degree_to_degree,0,test-476,2.0794415416798357,2.7734909057617188
z_degree_to_degree,0,test-477,2.8903717578961645,3.201129913330078
z_degree_to_degree,0,test-478,3.1780538303479453,3.5154829025268555
z_degree_to_degree,0,test-479,2.995732273553991,3.349681854248047
z_degree_to_degree,0,test-480,4.276666119016055,4.535890102386475
z_degree_to_degree,0,test-481,2.4849066497880004,2.9669506549835205
z_degree_to_degree,0,test-482,3.295836866004329,3.655056953430176
z_degree_to_degree,0,test-483,3.1780538303479453,3.43341326713562
z_degree_to_degree,0,test-484,2.0794415416798357,2.7734909057617188
z_degree_to_degree,0,test-485,3.332204510175204,3.6100730895996094
z_degree_to_degree,0,test-486,1.3862943611198906,2.0279757976531982
z_degree_to_degree,0,test-487,4.356708826689592,4.602023124694824
z_degree_to_degree,0,test-488,2.0794415416798357,2.7734909057617188
z_degree_to_degree,0,test-489,2.9957322735539913,3.58640456199646
z_degree_to_degree,0,test-490,0.6931471805599453,1.579253911972046
z_degree_to_degree,0,test-491,2.0794415416798357,2.7734909057617188
z_degree_to_degree,0,test-492,4.31748811353631,4.609428882598877
z_degree_to_degree,0,test-493,3.58351893845611,3.9729928970336914
z_degree_to_degree,0,test-494,0.0,1.2322700023651123
z_degree_to_degree,0,test-495,5.272999558563747,5.45950984954834
z_degree_to_degree,0,test-496,1.791759469228055,2.315488338470459
z_degree_to_degree,0,test-497,3.7376696182833684,4.397796154022217
z_degree_to_degree,0,test-498,2.4849066497880004,2.9669506549835205
z_degree_to_degree,0,test-499,3.8712010109078907,4.096221923828125
z_degree_to_degree,0,test-500,6.040254711277413,6.400784492492676
z_degree_to_degree,0,test-501,3.3322045101752042,3.777392864227295
z_degree_to_degree,0,test-502,3.332204510175204,3.6100730895996094
z_degree_to_degree,0,test-503,4.700480365792417,4.9870381355285645
z_degree_to_degree,0,test-504,4.499809670330265,4.7725510597229
z_degree_to_degree,0,test-505,2.197224577336219,2.5907325744628906
z_degree_to_degree,0,test-506,3.688879454113936,3.8985586166381836
z_degree_to_degree,0,test-507,2.6390573296152584,3.087371349334717
z_degree_to_degree,0,test-508,4.276666119016055,4.584982395172119
z_degree_to_degree,0,test-509,3.8712010109078907,4.130999565124512
z_degree_to_degree,0,test-510,4.442651256490317,4.726703643798828
z_degree_to_degree,0,test-511,5.634789603169249,5.7605791091918945
z_cn_to_cn_residual,0,test-0,0.41901558340082656,0.40375596284866333
z_cn_to_cn_residual,0,test-1,-0.2583525517139924,-0.2658711075782776
z_cn_to_cn_residual,0,test-2,-0.018993154254683953,0.37589526176452637
z_cn_to_cn_residual,0,test-3,-0.09727709888120242,-0.16483226418495178
z_cn_to_cn_residual,0,test-4,1.0359694158101418,0.9722209572792053
z_cn_to_cn_residual,0,test-5,-0.4047253779878611,-0.44289642572402954
z_cn_to_cn_residual,0,test-6,1.0655218182956825,0.8205457329750061
z_cn_to_cn_residual,0,test-7,-0.18426105211107924,-0.14027884602546692
z_cn_to_cn_residual,0,test-8,-0.10023401181546886,-0.16589972376823425
z_cn_to_cn_residual,0,test-9,-0.35666135733620163,-0.393978476524353
z_cn_to_cn_residual,0,test-10,0.8355607557628979,0.8287651538848877
z_cn_to_cn_residual,0,test-11,0.6811794613133313,0.7268034219741821
z_cn_to_cn_residual,0,test-12,-0.0022547768087889004,-0.050982266664505005
z_cn_to_cn_residual,0,test-13,0.08268421210545274,0.3033730983734131
z_cn_to_cn_residual,0,test-14,0.1265245666267653,0.18342778086662292
z_cn_to_cn_residual,0,test-15,0.6908924037511563,0.37609273195266724
z_cn_to_cn_residual,0,test-16,0.4964614688251994,0.531754195690155
z_cn_to_cn_residual,0,test-17,0.030648706081244377,0.015475481748580933
z_cn_to_cn_residual,0,test-18,-0.0022547768087889004,-0.050982266664505005
z_cn_to_cn_residual,0,test-19,-0.10023401181546886,-0.16589972376823425
z_cn_to_cn_residual,0,test-20,-0.0017162122830214665,-0.049893707036972046
z_cn_to_cn_residual,0,test-21,0.3748629636930609,0.3294870853424072
z_cn_to_cn_residual,0,test-22,-0.2630515329052116,-0.27348795533180237
z_cn_to_cn_residual,0,test-23,-0.0018040386788887037,-0.0500713586807251
z_cn_to_cn_residual,0,test-24,0.3272151667083216,0.39133065938949585
z_cn_to_cn_residual,0,test-25,-0.528650074782717,-0.5631240010261536
z_cn_to_cn_residual,0,test-26,0.6906723567239333,0.5819161534309387
z_cn_to_cn_residual,0,test-27,0.7803280718012251,0.6906517744064331
z_cn_to_cn_residual,0,test-28,0.5975839598243551,0.5254788398742676
z_cn_to_cn_residual,0,test-29,0.6876077702565512,0.5661319494247437
z_cn_to_cn_residual,0,test-30,0.6739266191922899,0.5040087699890137
z_cn_to_cn_residual,0,test-31,0.22592574994459075,0.4425753951072693
z_cn_to_cn_residual,0,test-32,-0.31276047812031493,-0.3473590910434723
z_cn_to_cn_residual,0,test-33,0.6864567173986107,0.5127760171890259
z_cn_to_cn_residual,0,test-34,-0.22577903790857956,-0.2077144980430603
z_cn_to_cn_residual,0,test-35,-0.15886813049140017,-0.15051686763763428
z_cn_to_cn_residual,0,test-36,-0.0018015872129917689,-0.050065845251083374
z_cn_to_cn_residual,0,test-37,-0.0024748238360119044,-0.05142751336097717
z_cn_to_cn_residual,0,test-38,0.0026647510744795353,-0.04103633761405945
z_cn_to_cn_residual,0,test-39,-0.0022547768087889004,-0.050982266664505005
z_cn_to_cn_residual,0,test-40,1.0637319047963991,0.8902583718299866
z_cn_to_cn_residual,0,test-41,0.33648582322374365,0.3631659746170044
z_cn_to_cn_residual,0,test-42,0.3950893555112512,0.3254929780960083
z_cn_to_cn_residual,0,test-43,-0.07427853032672008,-0.15121343731880188
z_cn_to_cn_residual,0,test-44,1.160515323211311,0.9417082667350769
z_cn_to_cn_residual,0,test-45,-0.0022547768087889004,-0.050982266664505005
z_cn_to_cn_residual,0,test-46,0.1405242991682083,0.38639765977859497
z_cn_to_cn_residual,0,test-47,-0.0018015872129917689,-0.050065845251083374
z_cn_to_cn_residual,0,test-48,0.5975839598243551,0.4448584318161011
z_cn_to_cn_residual,0,test-49,0.3950893555112512,0.272477924823761
z_cn_to_cn_residual,0,test-50,0.3983360912278105,0.43424397706985474
z_cn_to_cn_residual,0,test-51,0.5067931432115338,0.4767652153968811
z_cn_to_cn_residual,0,test-52,-0.5947108813669576,-0.5833365321159363
z_cn_to_cn_residual,0,test-53,-0.09556322073559016,-0.16421499848365784
z_cn_to_cn_residual,0,test-54,-0.007277398667662731,-0.06114056706428528
z_cn_to_cn_residual,0,test-55,-0.585216216354449,-0.5804470777511597
z_cn_to_cn_residual,0,test-56,-0.09556322073559016,-0.16421499848365784
z_cn_to_cn_residual,0,test-57,0.8884193392353986,0.7580718398094177
z_cn_to_cn_residual,0,test-58,-0.48732856757400367,-0.4988356828689575
z_cn_to_cn_residual,0,test-59,0.6906723567239333,0.3497074544429779
z_cn_to_cn_residual,0,test-60,-0.24664060277060912,-0.24368584156036377
z_cn_to_cn_residual,0,test-61,-0.00020231820106400537,-0.04683205485343933
z_cn_to_cn_residual,0,test-62,-0.00020231820106400537,-0.04683205485343933
z_cn_to_cn_residual,0,test-63,-0.0018015872129917689,-0.050065845251083374
z_cn_to_cn_residual,0,test-64,-0.18349714014503832,-0.13906711339950562
z_cn_to_cn_residual,0,test-65,1.0030490679325195,1.011803388595581
z_cn_to_cn_residual,0,test-66,-0.0040603077699362606,-0.05463334918022156
z_cn_to_cn_residual,0,test-67,-0.0040603077699362606,-0.05463334918022156
z_cn_to_cn_residual,0,test-68,-0.5281305324979,-0.5629640817642212
z_cn_to_cn_residual,0,test-69,0.40923910922239254,0.39129772782325745
z_cn_to_cn_residual,0,test-70,0.5067931432115338,0.3601610064506531
z_cn_to_cn_residual,0,test-71,0.34616685845311307,0.41225671768188477
z_cn_to_cn_residual,0,test-72,-0.0022547768087889004,-0.050982266664505005
z_cn_to_cn_residual,0,test-73,-0.3225624563234914,-0.35740891098976135
z_cn_to_cn_residual,0,test-74,-0.09556322073559016,-0.16421499848365784
z_cn_to_cn_residual,0,test-75,0.9983782768526407,0.8976404070854187
z_cn_to_cn_residual,0,test-76,-0.0018040386788887037,-0.0500713586807251
z_cn_to_cn_residual,0,test-77,0.5929131687444764,0.5877593755722046
z_cn_to_cn_residual,0,test-78,-0.0020240857061117087,-0.05051645636558533
z_cn_to_cn_residual,0,test-79,-0.0022547768087889004,-0.050982266664505005
z_cn_to_cn_residual,0,test-80,0.6876077702565512,0.7647402882575989
z_cn_to_cn_residual,0,test-81,0.3247792901778015,0.4269763231277466
z_cn_to_cn_residual,0,test-82,1.068010144253006,0.8940773010253906
z_cn_to_cn_residual,0,test-83,-0.06000166077099335,-0.13674330711364746
z_cn_to_cn_residual,0,test-84,-0.32208678930701756,-0.35692086815834045
z_cn_to_cn_residual,0,test-85,-0.2583525517139924,-0.2658711075782776
z_cn_to_cn_residual,0,test-86,0.3983360912278105,0.4370895028114319
z_cn_to_cn_residual,0,test-87,-0.09556322073559016,-0.16421499848365784
z_cn_to_cn_residual,0,test-88,-0.007277398667662731,-0.06114056706428528
z_cn_to_cn_residual,0,test-89,-0.2948110893321348,-0.3287574350833893
z_cn_to_cn_residual,0,test-90,-0.07427853032672008,-0.15121343731880188
z_cn_to_cn_residual,0,test-91,-0.0024748238360119044,-0.05142751336097717
z_cn_to_cn_residual,0,test-92,0.5958700816787429,0.37206000089645386
z_cn_to_cn_residual,0,test-93,0.48295423112723435,0.4811795949935913
z_cn_to_cn_residual,0,test-94,-0.07427853032672008,-0.15121343731880188
z_cn_to_cn_residual,0,test-95,0.5620068735609041,0.3677784502506256
z_cn_to_cn_residual,0,test-96,-0.6164097484976776,0.045555949211120605
z_cn_to_cn_residual,0,test-97,-0.12666879423377733,-0.16820251941680908
z_cn_to_cn_residual,0,test-98,-0.0024748238360119044,-0.05142751336097717
z_cn_to_cn_residual,0,test-99,-0.09556322073559016,-0.16421499848365784
z_cn_to_cn_residual,0,test-100,-0.3683678903821438,-0.40702319145202637
z_cn_to_cn_residual,0,test-101,0.5975839598243551,0.38766658306121826
z_cn_to_cn_residual,0,test-102,0.04707236782785143,0.04858240485191345
z_cn_to_cn_residual,0,test-103,-0.15886813049140017,-0.15051686763763428
z_cn_to_cn_residual,0,test-104,0.6291349309040132,0.5351067781448364
z_cn_to_cn_residual,0,test-105,-0.0018040386788887037,-0.0500713586807251
z_cn_to_cn_residual,0,test-106,0.6864567173986107,0.5099949836730957
z_cn_to_cn_residual,0,test-107,-0.0022547768087889004,-0.050982266664505005
z_cn_to_cn_residual,0,test-108,0.09843629919298769,0.2688302993774414
z_cn_to_cn_residual,0,test-109,0.38038670243963035,0.36025261878967285
z_cn_to_cn_residual,0,test-110,-0.0024748238360119044,-0.05142751336097717
z_cn_to_cn_residual,0,test-111,0.0028715724223535776,-0.040617674589157104
z_cn_to_cn_residual,0,test-112,0.43827176493454917,0.4238252639770508
z_cn_to_cn_residual,0,test-113,-0.4110045184115584,-0.4482129216194153
z_cn_to_cn_residual,0,test-114,-0.0020240857061117087,-0.05051645636558533
z_cn_to_cn_residual,0,test-115,0.6913455933469536,0.5531203150749207
z_cn_to_cn_residual,0,test-116,1.018059726085129,0.7978312373161316
z_cn_to_cn_residual,0,test-117,0.6990601796163277,0.43223336338996887
z_cn_to_cn_residual,0,test-118,-0.28390807133755275,-0.30938270688056946
z_cn_to_cn_residual,0,test-119,0.7108960938684429,0.6595840454101562
z_cn_to_cn_residual,0,test-120,0.6188686502332252,0.48340851068496704
z_cn_to_cn_residual,0,test-121,0.5067931432115338,0.47319865226745605
z_cn_to_cn_residual,0,test-122,0.7302443982859658,0.7704312801361084
z_cn_to_cn_residual,0,test-123,0.6908924037511563,0.5343159437179565
z_cn_to_cn_residual,0,test-124,-0.007277398667662731,-0.06114056706428528
z_cn_to_cn_residual,0,test-125,-0.06401224965593211,-0.14080610871315002
z_cn_to_cn_residual,0,test-126,1.0243337583413894,0.5766870975494385
z_cn_to_cn_residual,0,test-127,-0.0022547768087889004,-0.050982266664505005
z_cn_to_cn_residual,0,test-128,-0.18426105211107924,-0.14027884602546692
z_cn_to_cn_residual,0,test-129,-0.013887172973514786,-0.07426288723945618
z_cn_to_cn_residual,0,test-130,0.9122582513196982,0.7414215207099915
z_cn_to_cn_residual,0,test-131,0.5929131687444764,0.559761106967926
z_cn_to_cn_residual,0,test-132,-0.4110045184115584,-0.4482129216194153
z_cn_to_cn_residual,0,test-133,-0.37883510134058207,-0.41867923736572266
z_cn_to_cn_residual,0,test-134,-0.06401224965593211,-0.14080610871315002
z_cn_to_cn_residual,0,test-135,0.5342790500685451,0.4930122494697571
z_cn_to_cn_residual,0,test-136,0.6876077702565512,0.5001044869422913
z_cn_to_cn_residual,0,test-137,-0.00020231820106400537,-0.04683205485343933
z_cn_to_cn_residual,0,test-138,-0.4547401543466098,-0.4698371887207031
z_cn_to_cn_residual,0,test-139,-0.0022547768087889004,-0.050982266664505005
z_cn_to_cn_residual,0,test-140,-0.2948110893321348,-0.3287574350833893
z_cn_to_cn_residual,0,test-141,0.7255381829334756,0.6605745553970337
z_cn_to_cn_residual,0,test-142,-0.09556322073559016,-0.16421499848365784
z_cn_to_cn_residual,0,test-143,-0.0024748238360119044,-0.05142751336097717
z_cn_to_cn_residual,0,test-144,-0.15886813049140017,-0.15051686763763428
z_cn_to_cn_residual,0,test-145,-0.019220561367655327,-0.0831785500049591
z_cn_to_cn_residual,0,test-146,0.3748629636930609,0.495821475982666
z_cn_to_cn_residual,0,test-147,-0.2948110893321348,-0.3287574350833893
z_cn_to_cn_residual,0,test-148,0.09843629919298769,0.3178907036781311
z_cn_to_cn_residual,0,test-149,-0.28390807133755275,-0.30938270688056946
z_cn_to_cn_residual,0,test-150,-0.2022090658798931,-0.16880017518997192
z_cn_to_cn_residual,0,test-151,0.5620068735609041,0.32066765427589417
z_cn_to_cn_residual,0,test-152,-0.007582155548103726,-0.0617557168006897
z_cn_to_cn_residual,0,test-153,0.2590097008212066,0.35240882635116577
z_cn_to_cn_residual,0,test-154,0.6906723567239333,0.5698754191398621
z_cn_to_cn_residual,0,test-155,-0.0024748238360119044,-0.05142751336097717
z_cn_to_cn_residual,0,test-156,1.219443201021135,0.8115556836128235
z_cn_to_cn_residual,0,test-157,-0.12202718859176774,-0.17076024413108826
z_cn_to_cn_residual,0,test-158,-0.0018015872129917689,-0.050065845251083374
z_cn_to_cn_residual,0,test-159,0.5975839598243551,0.3987591862678528
z_cn_to_cn_residual,0,test-160,0.0028715724223535776,-0.040617674589157104
z_cn_to_cn_residual,0,test-161,-0.0020240857061117087,-0.05051645636558533
z_cn_to_cn_residual,0,test-162,0.5975839598243551,0.5605224967002869
z_cn_to_cn_residual,0,test-163,-0.0022547768087889004,-0.050982266664505005
z_cn_to_cn_residual,0,test-164,0.3143120792193632,0.48509976267814636
z_cn_to_cn_residual,0,test-165,-0.0018040386788887037,-0.0500713586807251
z_cn_to_cn_residual,0,test-166,-0.36593201385162366,-0.4043097496032715
z_cn_to_cn_residual,0,test-167,-0.5594178356868584,-0.5725685954093933
z_cn_to_cn_residual,0,test-168,0.3272151667083216,0.423331081867218
z_cn_to_cn_residual,0,test-169,-0.0022547768087889004,-0.050982266664505005
z_cn_to_cn_residual,0,test-170,-0.0024748238360119044,-0.05142751336097717
z_cn_to_cn_residual,0,test-171,0.5721845461797057,0.41740477085113525
z_cn_to_cn_residual,0,test-172,-0.0020240857061117087,-0.05051645636558533
z_cn_to_cn_residual,0,test-173,-0.07427853032672008,-0.15121343731880188
z_cn_to_cn_residual,0,test-174,1.192005085079322,1.084844946861267
z_cn_to_cn_residual,0,test-175,0.8268765254330321,0.8384528160095215
z_cn_to_cn_residual,0,test-176,-0.09264389345827083,-0.16316381096839905
z_cn_to_cn_residual,0,test-177,0.030648706081244377,0.015475481748580933
z_cn_to_cn_residual,0,test-178,-0.3182842168668844,-0.3530222177505493
z_cn_to_cn_residual,0,test-179,-0.0020240857061117087,-0.05051645636558533
z_cn_to_cn_residual,0,test-180,-0.006690463161334578,-0.059952735900878906
z_cn_to_cn_residual,0,test-181,-0.31276047812031493,-0.3473590910434723
z_cn_to_cn_residual,0,test-182,-0.3182842168668844,-0.3530222177505493
z_cn_to_cn_residual,0,test-183,-0.0018015872129917689,-0.050065845251083374
z_cn_to_cn_residual,0,test-184,0.2591570888338408,0.46075791120529175
z_cn_to_cn_residual,0,test-185,-0.2948110893321348,-0.3287574350833893
z_cn_to_cn_residual,0,test-186,1.123242828214679,1.172909140586853
z_cn_to_cn_residual,0,test-187,-0.2948110893321348,-0.3287574350833893
z_cn_to_cn_residual,0,test-188,-0.07427853032672008,-0.15121343731880188
z_cn_to_cn_residual,0,test-189,-0.06401224965593211,-0.14080610871315002
z_cn_to_cn_residual,0,test-190,0.5975839598243551,0.5226874351501465
z_cn_to_cn_residual,0,test-191,-0.0024748238360119044,-0.05142751336097717
z_cn_to_cn_residual,0,test-192,0.5929131687444764,0.6125723719596863
z_cn_to_cn_residual,0,test-193,-0.18635403734841144,-0.14360272884368896
z_cn_to_cn_residual,0,test-194,-0.006690463161334578,-0.059952735900878906
z_cn_to_cn_residual,0,test-195,0.1650166480620453,0.39637356996536255
z_cn_to_cn_residual,0,test-196,-0.3558306615151853,-0.39305150508880615
z_cn_to_cn_residual,0,test-197,-0.07427853032672008,-0.15121343731880188
z_cn_to_cn_residual,0,test-198,-0.14545922246111387,-0.15786907076835632
z_cn_to_cn_residual,0,test-199,-0.0018040386788887037,-0.0500713586807251
z_cn_to_cn_residual,0,test-200,-0.0018040386788887037,-0.0500713586807251
z_cn_to_cn_residual,0,test-201,-0.0018040386788887037,-0.0500713586807251
z_cn_to_cn_residual,0,test-202,-0.10023401181546886,-0.16589972376823425
z_cn_to_cn_residual,0,test-203,-0.07427853032672008,-0.15121343731880188
z_cn_to_cn_residual,0,test-204,0.6858697818922825,0.5069524049758911
z_cn_to_cn_residual,0,test-205,-0.06401224965593211,-0.14080610871315002
z_cn_to_cn_residual,0,test-206,-0.31276047812031493,-0.3473590910434723
z_cn_to_cn_residual,0,test-207,0.252220462640869,0.3305312991142273
z_cn_to_cn_residual,0,test-208,-0.3469803221068322,-0.38318395614624023
z_cn_to_cn_residual,0,test-209,0.4614097222901157,0.6730976700782776
z_cn_to_cn_residual,0,test-210,0.2528816619975243,0.432201623916626
z_cn_to_cn_residual,0,test-211,0.9983782768526407,0.8311067223548889
z_cn_to_cn_residual,0,test-212,-0.017144623807369665,-0.07970738410949707
z_cn_to_cn_residual,0,test-213,-0.0018015872129917689,-0.050065845251083374
z_cn_to_cn_residual,0,test-214,0.7197771873275275,0.7134530544281006
z_cn_to_cn_residual,0,test-215,-0.0024748238360119044,-0.05142751336097717
z_cn_to_cn_residual,0,test-216,-0.0022547768087889004,-0.050982266664505005
z_cn_to_cn_residual,0,test-217,0.6908924037511563,0.5576920509338379
z_cn_to_cn_residual,0,test-218,-0.10023401181546886,-0.16589972376823425
z_cn_to_cn_residual,0,test-219,-0.3683678903821438,-0.40702319145202637
z_cn_to_cn_residual,0,test-220,-0.0006184180575551858,-0.04767325520515442
z_cn_to_cn_residual,0,test-221,-0.18635403734841144,-0.14360272884368896
z_cn_to_cn_residual,0,test-222,-0.0024748238360119044,-0.05142751336097717
z_cn_to_cn_residual,0,test-223,-0.19225343103972337,-0.15297511219978333
z_cn_to_cn_residual,0,test-224,-0.0018015872129917689,-0.050065845251083374
z_cn_to_cn_residual,0,test-225,0.8038011993359748,0.9070517420768738
z_cn_to_cn_residual,0,test-226,-0.0024748238360119044,-0.05142751336097717
z_cn_to_cn_residual,0,test-227,0.9397441581767094,0.7527509927749634
z_cn_to_cn_residual,0,test-228,-0.0022547768087889004,-0.050982266664505005
z_cn_to_cn_residual,0,test-229,-0.06401224965593211,-0.14080610871315002
z_cn_to_cn_residual,0,test-230,0.5620068735609041,0.4841618537902832
z_cn_to_cn_residual,0,test-231,-0.35440529161499984,-0.39146268367767334
z_cn_to_cn_residual,0,test-232,0.5770717695959459,0.47395217418670654
z_cn_to_cn_residual,0,test-233,-0.0015424143024689073,-0.04954153299331665
z_cn_to_cn_residual,0,test-234,-0.3683678903821438,-0.40702319145202637
z_cn_to_cn_residual,0,test-235,0.5958700816787429,0.3095710277557373
z_cn_to_cn_residual,0,test-236,-0.09556322073559016,-0.16421499848365784
z_cn_to_cn_residual,0,test-237,-0.10023401181546886,-0.16589972376823425
z_cn_to_cn_residual,0,test-238,1.0695654446363474,0.7275977730751038
z_cn_to_cn_residual,0,test-239,0.09843629919298769,0.11141213774681091
z_cn_to_cn_residual,0,test-240,-0.0022547768087889004,-0.050982266664505005
z_cn_to_cn_residual,0,test-241,-0.0040603077699362606,-0.05463334918022156
z_cn_to_cn_residual,0,test-242,1.0030490679325195,0.781977117061615
z_cn_to_cn_residual,0,test-243,0.6291349309040132,0.46828678250312805
z_cn_to_cn_residual,0,test-244,-0.10023401181546886,-0.16589972376823425
z_cn_to_cn_residual,0,test-245,0.5975839598243551,0.39218294620513916
z_cn_to_cn_residual,0,test-246,-0.6104629684544925,-0.5881164073944092
z_cn_to_cn_residual,0,test-247,-0.0022547768087889004,-0.050982266664505005
z_cn_to_cn_residual,0,test-248,-0.4047253779878611,-0.44289642572402954
z_cn_to_cn_residual,0,test-249,-0.3225624563234914,-0.35740891098976135
z_cn_to_cn_residual,0,test-250,-0.0020240857061117087,-0.05051645636558533
z_cn_to_cn_residual,0,test-251,0.030648706081244377,0.015475481748580933
z_cn_to_cn_residual,0,test-252,-0.3182842168668844,-0.3530222177505493
z_cn_to_cn_residual,0,test-253,-0.09556322073559016,-0.16421499848365784
z_cn_to_cn_residual,0,test-254,-0.007277398667662731,-0.06114056706428528
z_cn_to_cn_residual,0,test-255,-0.2731760138842796,-0.2899082899093628
z_cn_to_cn_residual,0,test-256,-0.0018015872129917689,-0.050065845251083374
z_cn_to_cn_residual,0,test-257,0.16176521739140348,0.29551786184310913
z_cn_to_cn_residual,0,test-258,0.8541545387589237,0.7635464668273926
z_cn_to_cn_residual,0,test-259,-0.002670989411858091,-0.051823973655700684
z_cn_to_cn_residual,0,test-260,-0.0018040386788887037,-0.0500713586807251
z_cn_to_cn_residual,0,test-261,0.4300956476547337,0.32102301716804504
z_cn_to_cn_residual,0,test-262,0.9122582513196982,0.7714964747428894
z_cn_to_cn_residual,0,test-263,-0.18635403734841144,-0.14360272884368896
z_cn_to_cn_residual,0,test-264,-0.3320721512816548,-0.3671576976776123
z_cn_to_cn_residual,0,test-265,-0.4547401543466098,-0.4698371887207031
z_cn_to_cn_residual,0,test-266,0.6908924037511563,0.5737871527671814
z_cn_to_cn_residual,0,test-267,0.6906723567239333,0.42403265833854675
z_cn_to_cn_residual,0,test-268,-0.09556322073559016,-0.16421499848365784
z_cn_to_cn_residual,0,test-269,0.5689702541034036,0.7720716595649719
z_cn_to_cn_residual,0,test-270,-0.0022547768087889004,-0.050982266664505005
z_cn_to_cn_residual,0,test-271,0.9983782768526407,0.6624241471290588
z_cn_to_cn_residual,0,test-272,0.2613485229610166,0.2493334412574768
z_cn_to_cn_residual,0,test-273,0.4673681426513657,0.3459615707397461
z_cn_to_cn_residual,0,test-274,0.5342790500685451,0.3189607262611389
z_cn_to_cn_residual,0,test-275,-0.09556322073559016,-0.16421499848365784
z_cn_to_cn_residual,0,test-276,-0.00020231820106400537,-0.04683205485343933
z_cn_to_cn_residual,0,test-277,-0.2948110893321348,-0.3287574350833893
z_cn_to_cn_residual,0,test-278,0.4199711666756657,0.5008538365364075
z_cn_to_cn_residual,0,test-279,0.508886128448866,0.36139214038848877
z_cn_to_cn_residual,0,test-280,-0.007277398667662731,-0.06114056706428528
z_cn_to_cn_residual,0,test-281,1.0243337583413894,0.953673779964447
z_cn_to_cn_residual,0,test-282,-0.03149563168791701,-0.10343983769416809
z_cn_to_cn_residual,0,test-283,-0.18635403734841144,-0.14360272884368896
z_cn_to_cn_residual,0,test-284,-0.0015424143024689073,-0.04954153299331665
z_cn_to_cn_residual,0,test-285,-0.09556322073559016,-0.16421499848365784
z_cn_to_cn_residual,0,test-286,1.2992843180736968,1.0161901712417603
z_cn_to_cn_residual,0,test-287,-0.10023401181546886,-0.16589972376823425
z_cn_to_cn_residual,0,test-288,0.5538976368173106,0.2979116141796112
z_cn_to_cn_residual,0,test-289,0.22592574994459075,0.3014500141143799
z_cn_to_cn_residual,0,test-290,0.5975839598243551,0.4627671241760254
z_cn_to_cn_residual,0,test-291,0.5684379178128287,0.5911944508552551
z_cn_to_cn_residual,0,test-292,-0.8251345712510022,-0.8484560251235962
z_cn_to_cn_residual,0,test-293,0.33648582322374365,0.2652519643306732
z_cn_to_cn_residual,0,test-294,0.6291349309040132,0.5474265217781067
z_cn_to_cn_residual,0,test-295,0.6906723567239333,0.5810648202896118
z_cn_to_cn_residual,0,test-296,-0.003006727339478526,-0.05250251293182373
z_cn_to_cn_residual,0,test-297,-0.00020231820106400537,-0.04683205485343933
z_cn_to_cn_residual,0,test-298,0.6913455933469536,0.5032110214233398
z_cn_to_cn_residual,0,test-299,-0.22577903790857956,-0.2077144980430603
z_cn_to_cn_residual,0,test-300,0.5067931432115338,0.5776994824409485
z_cn_to_cn_residual,0,test-301,-0.0015424143024689073,-0.04954153299331665
z_cn_to_cn_residual,0,test-302,0.6188686502332252,0.6007875800132751
z_cn_to_cn_residual,0,test-303,-0.0024748238360119044,-0.05142751336097717
z_cn_to_cn_residual,0,test-304,-0.33397562185019486,-0.36910927295684814
z_cn_to_cn_residual,0,test-305,0.3983360912278105,0.45800328254699707
z_cn_to_cn_residual,0,test-306,0.5928120623831642,0.6142220497131348
z_cn_to_cn_residual,0,test-307,-0.0024748238360119044,-0.05142751336097717
z_cn_to_cn_residual,0,test-308,0.6906723567239333,0.5736209154129028
z_cn_to_cn_residual,0,test-309,0.5096500404149069,0.36535340547561646
z_cn_to_cn_residual,0,test-310,-0.06401224965593211,-0.14080610871315002
z_cn_to_cn_residual,0,test-311,0.8882030670104488,0.7847383618354797
z_cn_to_cn_residual,0,test-312,0.0007524589277726183,-0.044902265071868896
z_cn_to_cn_residual,0,test-313,0.42321402141666187,0.47222620248794556
z_cn_to_cn_residual,0,test-314,0.1405242991682083,0.43027520179748535
z_cn_to_cn_residual,0,test-315,-0.00020231820106400537,-0.04683205485343933
z_cn_to_cn_residual,0,test-316,0.5975839598243551,0.38802582025527954
z_cn_to_cn_residual,0,test-317,0.6316565361190157,0.5163587331771851
z_cn_to_cn_residual,0,test-318,-0.2948110893321348,-0.3287574350833893
z_cn_to_cn_residual,0,test-319,0.42321402141666187,0.43610405921936035
z_cn_to_cn_residual,0,test-320,-0.15886813049140017,-0.15051686763763428
z_cn_to_cn_residual,0,test-321,-0.10023401181546886,-0.16589972376823425
z_cn_to_cn_residual,0,test-322,0.5067931432115338,0.5367417931556702
z_cn_to_cn_residual,0,test-323,-0.0022547768087889004,-0.050982266664505005
z_cn_to_cn_residual,0,test-324,-0.07427853032672008,-0.15121343731880188
z_cn_to_cn_residual,0,test-325,0.5342790500685451,0.535972535610199
z_cn_to_cn_residual,0,test-326,-0.002670989411858091,-0.051823973655700684
z_cn_to_cn_residual,0,test-327,-0.13114030699904125,-0.16574028134346008
z_cn_to_cn_residual,0,test-328,-0.4110045184115584,-0.4482129216194153
z_cn_to_cn_residual,0,test-329,-0.0015424143024689073,-0.04954153299331665
z_cn_to_cn_residual,0,test-330,1.020362347268267,0.9612201452255249
z_cn_to_cn_residual,0,test-331,-0.2812409609123343,-0.30454498529434204
z_cn_to_cn_residual,0,test-332,-0.0006184180575551858,-0.04767325520515442
z_cn_to_cn_residual,0,test-333,0.0028715724223535776,-0.040617674589157104
z_cn_to_cn_residual,0,test-334,-0.0040603077699362606,-0.05463334918022156
z_cn_to_cn_residual,0,test-335,1.105601283204832,1.0196075439453125
z_cn_to_cn_residual,0,test-336,-0.09556322073559016,-0.16421499848365784
z_cn_to_cn_residual,0,test-337,0.5929131687444764,0.4601253271102905
z_cn_to_cn_residual,0,test-338,0.6188686502332252,0.4140612483024597
z_cn_to_cn_residual,0,test-339,0.5342790500685451,0.5470159649848938
z_cn_to_cn_residual,0,test-340,0.934733314125266,1.0911054611206055
z_cn_to_cn_residual,0,test-341,0.4909381146800522,0.5404864549636841
z_cn_to_cn_residual,0,test-342,-0.07427853032672008,-0.15121343731880188
z_cn_to_cn_residual,0,test-343,-0.42488024750326947,-0.0036308765411376953
z_cn_to_cn_residual,0,test-344,-0.0018015872129917689,-0.050065845251083374
z_cn_to_cn_residual,0,test-345,0.5958700816787429,0.5754333138465881
z_cn_to_cn_residual,0,test-346,0.6188686502332252,0.4068501591682434
z_cn_to_cn_residual,0,test-347,0.6188686502332252,0.43027544021606445
z_cn_to_cn_residual,0,test-348,0.6188686502332252,0.5389494895935059
z_cn_to_cn_residual,0,test-349,-0.2630515329052116,-0.27348795533180237
z_cn_to_cn_residual,0,test-350,0.0028715724223535776,-0.040617674589157104
z_cn_to_cn_residual,0,test-351,-0.22577903790857956,-0.2077144980430603
z_cn_to_cn_residual,0,test-352,-0.0018015872129917689,-0.050065845251083374
z_cn_to_cn_residual,0,test-353,0.6739266191922899,0.44012385606765747
z_cn_to_cn_residual,0,test-354,-0.16827858824673567,-0.14536970853805542
z_cn_to_cn_residual,0,test-355,-0.5873090742255913,-0.581084132194519
z_cn_to_cn_residual,0,test-356,-0.0022547768087889004,-0.050982266664505005
z_cn_to_cn_residual,0,test-357,-0.0022547768087889004,-0.050982266664505005
z_cn_to_cn_residual,0,test-358,-0.0022547768087889004,-0.050982266664505005
z_cn_to_cn_residual,0,test-359,-0.03309047037242718,0.3461189270019531
z_cn_to_cn_residual,0,test-360,-0.13924954374263468,-0.16128015518188477
z_cn_to_cn_residual,0,test-361,0.42321402141666187,0.41522151231765747
z_cn_to_cn_residual,0,test-362,-0.3240937138453681,-0.3589784801006317
z_cn_to_cn_residual,0,test-363,0.2613485229610166,0.38028180599212646
z_cn_to_cn_residual,0,test-364,-0.06401224965593211,-0.14080610871315002
z_cn_to_cn_residual,0,test-365,-0.18635403734841144,-0.14360272884368896
z_cn_to_cn_residual,0,test-366,-0.0020240857061117087,-0.05051645636558533
z_cn_to_cn_residual,0,test-367,-0.5947108813669576,-0.5833365321159363
z_cn_to_cn_residual,0,test-368,1.0318890695048908,0.7491549849510193
z_cn_to_cn_residual,0,test-369,-0.0018015872129917689,-0.050065845251083374
z_cn_to_cn_residual,0,test-370,0.6858697818922825,0.5753659009933472
z_cn_to_cn_residual,0,test-371,-0.0015424143024689073,-0.04954153299331665
z_cn_to_cn_residual,0,test-372,0.6188686502332252,0.31843703985214233
z_cn_to_cn_residual,0,test-373,-0.3182842168668844,-0.3530222177505493
z_cn_to_cn_residual,0,test-374,0.5342790500685451,0.46246469020843506
z_cn_to_cn_residual,0,test-375,0.5975839598243551,0.503035843372345
z_cn_to_cn_residual,0,test-376,0.08268421210545274,0.30443495512008667
z_cn_to_cn_residual,0,test-377,-0.0040603077699362606,-0.05463334918022156
z_cn_to_cn_residual,0,test-378,-0.2948110893321348,-0.3287574350833893
z_cn_to_cn_residual,0,test-379,-0.0040603077699362606,-0.05463334918022156
z_cn_to_cn_residual,0,test-380,0.5975839598243551,0.5361513495445251
z_cn_to_cn_residual,0,test-381,0.6906723567239333,0.4341638386249542
z_cn_to_cn_residual,0,test-382,-0.0022547768087889004,-0.050982266664505005
z_cn_to_cn_residual,0,test-383,-0.0022547768087889004,-0.050982266664505005
z_cn_to_cn_residual,0,test-384,-0.02354671894819338,-0.09041327238082886
z_cn_to_cn_residual,0,test-385,-0.0022547768087889004,-0.050982266664505005
z_cn_to_cn_residual,0,test-386,-0.0022547768087889004,-0.050982266664505005
z_cn_to_cn_residual,0,test-387,0.6906723567239333,0.551042377948761
z_cn_to_cn_residual,0,test-388,0.5067931432115338,0.5345044136047363
z_cn_to_cn_residual,0,test-389,-0.0024748238360119044,-0.05142751336097717
z_cn_to_cn_residual,0,test-390,0.5929131687444764,0.41096097230911255
z_cn_to_cn_residual,0,test-391,0.5067931432115338,0.3594396710395813
z_cn_to_cn_residual,0,test-392,-0.0018015872129917689,-0.050065845251083374
z_cn_to_cn_residual,0,test-393,-0.0020240857061117087,-0.05051645636558533
z_cn_to_cn_residual,0,test-394,-0.0024748238360119044,-0.05142751336097717
z_cn_to_cn_residual,0,test-395,0.5620068735609041,0.5016455054283142
z_cn_to_cn_residual,0,test-396,-0.0022547768087889004,-0.050982266664505005
z_cn_to_cn_residual,0,test-397,-0.007582155548103726,-0.0617557168006897
z_cn_to_cn_residual,0,test-398,-0.0040603077699362606,-0.05463334918022156
z_cn_to_cn_residual,0,test-399,-0.18635403734841144,-0.14360272884368896
z_cn_to_cn_residual,0,test-400,0.6906723567239333,0.37545090913772583
z_cn_to_cn_residual,0,test-401,0.6906723567239333,0.390275776386261
z_cn_to_cn_residual,0,test-402,0.5958700816787429,0.5635581016540527
z_cn_to_cn_residual,0,test-403,-0.019646567613829567,-0.08389157056808472
z_cn_to_cn_residual,0,test-404,0.1650166480620453,0.3577495217323303
z_cn_to_cn_residual,0,test-405,-0.0015424143024689073,-0.04954153299331665
z_cn_to_cn_residual,0,test-406,-0.2630515329052116,-0.27348795533180237
z_cn_to_cn_residual,0,test-407,0.6913455933469536,0.7181777358055115
z_cn_to_cn_residual,0,test-408,0.0028715724223535776,-0.040617674589157104
z_cn_to_cn_residual,0,test-409,0.6696004616117519,0.4804455041885376
z_cn_to_cn_residual,0,test-410,-0.0022547768087889004,-0.050982266664505005
z_cn_to_cn_residual,0,test-411,-0.36593201385162366,-0.4043097496032715
z_cn_to_cn_residual,0,test-412,1.0030490679325195,0.6634460687637329
z_cn_to_cn_residual,0,test-413,0.3983360912278105,0.3841618299484253
z_cn_to_cn_residual,0,test-414,0.17526134949601502,0.4474620819091797
z_cn_to_cn_residual,0,test-415,0.6936189549882101,0.5706270337104797
z_cn_to_cn_residual,0,test-416,0.4300956476547337,0.2838681936264038
z_cn_to_cn_residual,0,test-417,-0.002670989411858091,-0.051823973655700684
z_cn_to_cn_residual,0,test-418,-0.18635403734841144,-0.14360272884368896
z_cn_to_cn_residual,0,test-419,0.4300956476547337,0.4672155976295471
z_cn_to_cn_residual,0,test-420,-0.10188873275634702,-0.16649696230888367
z_cn_to_cn_residual,0,test-421,-0.35440529161499984,-0.39146268367767334
z_cn_to_cn_residual,0,test-422,0.5975839598243551,0.6107972264289856
z_cn_to_cn_residual,0,test-423,-0.0024748238360119044,-0.05142751336097717
z_cn_to_cn_residual,0,test-424,0.6914309682769239,0.3510890007019043
z_cn_to_cn_residual,0,test-425,-0.00020231820106400537,-0.04683205485343933
z_cn_to_cn_residual,0,test-426,1.1999403237714792,1.080047369003296
z_cn_to_cn_residual,0,test-427,-0.06401224965593211,-0.14080610871315002
z_cn_to_cn_residual,0,test-428,0.6913455933469536,0.7181777358055115
z_cn_to_cn_residual,0,test-429,-0.13114030699904125,-0.16574028134346008
z_cn_to_cn_residual,0,test-430,0.001075849647576595,-0.04424816370010376
z_cn_to_cn_residual,0,test-431,-0.0024748238360119044,-0.05142751336097717
z_cn_to_cn_residual,0,test-432,-0.07427853032672008,-0.15121343731880188
z_cn_to_cn_residual,0,test-433,0.33648582322374365,0.38368743658065796
z_cn_to_cn_residual,0,test-434,0.5975839598243551,0.4341646432876587
z_cn_to_cn_residual,0,test-435,0.689086872790009,0.6026691794395447
z_cn_to_cn_residual,0,test-436,0.030648706081244377,0.015475481748580933
z_cn_to_cn_residual,0,test-437,0.6268363939653109,0.5108321905136108
z_cn_to_cn_residual,0,test-438,-0.12797890134930998,-0.16748109459877014
z_cn_to_cn_residual,0,test-439,-0.0022547768087889004,-0.050982266664505005
z_cn_to_cn_residual,0,test-440,0.8989657935458869,0.7341153025627136
z_cn_to_cn_residual,0,test-441,0.09843629919298769,0.23687458038330078
z_cn_to_cn_residual,0,test-442,0.9983782768526407,0.7462226748466492
z_cn_to_cn_residual,0,test-443,1.0030490679325195,0.8848216533660889
z_cn_to_cn_residual,0,test-444,-0.0018040386788887037,-0.0500713586807251
z_cn_to_cn_residual,0,test-445,1.1999403237714792,0.979154109954834
z_cn_to_cn_residual,0,test-446,0.9397441581767094,0.8012478947639465
z_cn_to_cn_residual,0,test-447,0.9122582513196982,0.5956947207450867
z_cn_to_cn_residual,0,test-448,-0.0015424143024689073,-0.04954153299331665
z_cn_to_cn_residual,0,test-449,0.6913455933469536,0.7181777358055115
z_cn_to_cn_residual,0,test-450,0.6188686502332252,0.41285377740859985
z_cn_to_cn_residual,0,test-451,-0.6164097484976776,0.08328121900558472
z_cn_to_cn_residual,0,test-452,-0.3225624563234914,-0.35740891098976135
z_cn_to_cn_residual,0,test-453,0.7326802748164859,0.48602908849716187
z_cn_to_cn_residual,0,test-454,-0.09556322073559016,-0.16421499848365784
z_cn_to_cn_residual,0,test-455,0.6898989853876496,0.4833105802536011
z_cn_to_cn_residual,0,test-456,-0.06631078659463438,-0.1431352198123932
z_cn_to_cn_residual,0,test-457,-0.0022547768087889004,-0.050982266664505005
z_cn_to_cn_residual,0,test-458,-0.15886813049140017,-0.15051686763763428
z_cn_to_cn_residual,0,test-459,0.5620068735609041,0.49134302139282227
z_cn_to_cn_residual,0,test-460,0.9122582513196982,0.80413818359375
z_cn_to_cn_residual,0,test-461,0.5929131687444764,0.39698469638824463
z_cn_to_cn_residual,0,test-462,-0.00020231820106400537,-0.04683205485343933
z_cn_to_cn_residual,0,test-463,0.6908924037511563,0.4723741412162781
z_cn_to_cn_residual,0,test-464,0.6914309682769239,0.4344522953033447
z_cn_to_cn_residual,0,test-465,-0.00020231820106400537,-0.04683205485343933
z_cn_to_cn_residual,0,test-466,0.4300956476547337,0.3189889192581177
z_cn_to_cn_residual,0,test-467,0.503901407301152,0.47172605991363525
z_cn_to_cn_residual,0,test-468,-0.18635403734841144,-0.14360272884368896
z_cn_to_cn_residual,0,test-469,-0.10023401181546886,-0.16589972376823425
z_cn_to_cn_residual,0,test-470,-0.0018040386788887037,-0.0500713586807251
z_cn_to_cn_residual,0,test-471,0.4300956476547337,0.34052032232284546
z_cn_to_cn_residual,0,test-472,-0.0024748238360119044,-0.05142751336097717
z_cn_to_cn_residual,0,test-473,0.3950893555112512,0.2788587212562561
z_cn_to_cn_residual,0,test-474,0.1650166480620453,0.3597479462623596
z_cn_to_cn_residual,0,test-475,0.6291349309040132,0.5474265217781067
z_cn_to_cn_residual,0,test-476,-0.0024748238360119044,-0.05142751336097717
z_cn_to_cn_residual,0,test-477,-0.09556322073559016,-0.16421499848365784
z_cn_to_cn_residual,0,test-478,0.5958700816787429,0.6337735652923584
z_cn_to_cn_residual,0,test-479,0.5067931432115338,0.42495426535606384
z_cn_to_cn_residual,0,test-480,0.7255381829334756,0.8205588459968567
z_cn_to_cn_residual,0,test-481,-0.0040603077699362606,-0.05463334918022156
z_cn_to_cn_residual,0,test-482,0.5620068735609041,0.5582122802734375
z_cn_to_cn_residual,0,test-483,0.4673681426513657,0.3373763859272003
z_cn_to_cn_residual,0,test-484,-0.0024748238360119044,-0.05142751336097717
z_cn_to_cn_residual,0,test-485,-0.2948110893321348,-0.3287574350833893
z_cn_to_cn_residual,0,test-486,-0.0020240857061117087,-0.05051645636558533
z_cn_to_cn_residual,0,test-487,-0.19964350558256308,-0.1647205948829651
z_cn_to_cn_residual,0,test-488,-0.0024748238360119044,-0.05142751336097717
z_cn_to_cn_residual,0,test-489,-0.002670989411858091,-0.051823973655700684
z_cn_to_cn_residual,0,test-490,-0.0022547768087889004,-0.050982266664505005
z_cn_to_cn_residual,0,test-491,-0.0024748238360119044,-0.05142751336097717
z_cn_to_cn_residual,0,test-492,0.6438721343214997,0.5088887810707092
z_cn_to_cn_residual,0,test-493,0.7302443982859658,0.8217254281044006
z_cn_to_cn_residual,0,test-494,-0.0018015872129917689,-0.050065845251083374
z_cn_to_cn_residual,0,test-495,-0.3240937138453681,-0.3589784801006317
z_cn_to_cn_residual,0,test-496,-0.0022547768087889004,-0.050982266664505005
z_cn_to_cn_residual,0,test-497,0.6901404532204668,0.6969920992851257
z_cn_to_cn_residual,0,test-498,-0.0040603077699362606,-0.05463334918022156
z_cn_to_cn_residual,0,test-499,-0.5321398223609669,-0.5641975402832031
z_cn_to_cn_residual,0,test-500,-0.2980578250486941,-0.33228373527526855
z_cn_to_cn_residual,0,test-501,0.6942230302075219,0.5904086232185364
z_cn_to_cn_residual,0,test-502,0.3983360912278105,0.5008182525634766
z_cn_to_cn_residual,0,test-503,-0.4589079606438703,-0.0701325535774231
z_cn_to_cn_residual,0,test-504,-0.46722143061535454,-0.4722405672073364
z_cn_to_cn_residual,0,test-505,0.6291349309040132,0.49245381355285645
z_cn_to_cn_residual,0,test-506,-0.4110045184115584,-0.4482129216194153
z_cn_to_cn_residual,0,test-507,-0.007277398667662731,-0.06114056706428528
z_cn_to_cn_residual,0,test-508,-0.7430745731595764,-0.7466476559638977
z_cn_to_cn_residual,0,test-509,0.411906219647611,0.24216747283935547
z_cn_to_cn_residual,0,test-510,0.9288112708702547,0.8814161419868469
z_cn_to_cn_residual,0,test-511,-0.06631078659463438,-0.1431352198123932
z_cn_to_degree,1,test-0,4.6443908991413725,3.5569589138031006
z_cn_to_degree,1,test-1,3.988984046564274,4.0027265548706055
z_cn_to_degree,1,test-2,4.584967478670572,3.9071156978607178
z_cn_to_degree,1,test-3,3.1780538303479453,3.4838521480560303
z_cn_to_degree,1,test-4,4.77912349311153,4.613645553588867
z_cn_to_degree,1,test-5,3.8066624897703196,4.095544815063477
z_cn_to_degree,1,test-6,5.966146739123692,5.06134033203125
z_cn_to_degree,1,test-7,3.6635616461296463,3.6309096813201904
z_cn_to_degree,1,test-8,3.0445224377234226,3.4894015789031982
z_cn_to_degree,1,test-9,3.6888794541139367,4.272188186645508
z_cn_to_degree,1,test-10,3.401197381662155,3.19199538230896
z_cn_to_degree,1,test-11,3.9120230054281464,3.7827184200286865
z_cn_to_degree,1,test-12,0.6931471805599453,2.7188432216644287
z_cn_to_degree,1,test-13,4.74493212836325,4.334781646728516
z_cn_to_degree,1,test-14,4.0943445622221,4.336854934692383
z_cn_to_degree,1,test-15,1.791759469228055,3.804157018661499
z_cn_to_degree,1,test-16,4.394449154672438,3.1876370906829834
z_cn_to_degree,1,test-17,4.718498871295095,3.1291539669036865
z_cn_to_degree,1,test-18,0.6931471805599453,2.7188432216644287
z_cn_to_degree,1,test-19,3.0445224377234226,3.4894015789031982
z_cn_to_degree,1,test-20,3.1780538303479458,2.7254979610443115
z_cn_to_degree,1,test-21,3.465735902799726,4.086179733276367
z_cn_to_degree,1,test-22,3.401197381662155,3.99814772605896
z_cn_to_degree,1,test-23,1.0986122886681096,2.7244107723236084
z_cn_to_degree,1,test-24,3.5553480614894135,3.3102853298187256
z_cn_to_degree,1,test-25,4.189654742026425,4.95838737487793
z_cn_to_degree,1,test-26,2.3025850929940455,2.5045487880706787
z_cn_to_degree,1,test-27,3.465735902799726,3.833604574203491
z_cn_to_degree,1,test-28,2.8903717578961645,3.5302140712738037
z_cn_to_degree,1,test-29,3.688879454113936,4.619285583496094
z_cn_to_degree,1,test-30,4.882801922586371,3.0321500301361084
z_cn_to_degree,1,test-31,4.553876891600541,3.6420819759368896
z_cn_to_degree,1,test-32,3.58351893845611,4.077934265136719
z_cn_to_degree,1,test-33,3.58351893845611,3.5309503078460693
z_cn_to_degree,1,test-34,3.1780538303479453,3.932603597640991
z_cn_to_degree,1,test-35,2.772588722239781,3.5729291439056396
z_cn_to_degree,1,test-36,1.3862943611198906,2.724445104598999
z_cn_to_degree,1,test-37,2.3025850929940455,2.7161271572113037
z_cn_to_degree,1,test-38,3.9889840465642745,2.77970290184021
z_cn_to_degree,1,test-39,1.791759469228055,2.7188432216644287
z_cn_to_degree,1,test-40,3.951243718581427,4.006830215454102
z_cn_to_degree,1,test-41,3.6888794541139367,3.758958578109741
z_cn_to_degree,1,test-42,6.040254711277413,4.219097137451172
z_cn_to_degree,1,test-43,2.484906649788,3.2911088466644287
z_cn_to_degree,1,test-44,3.1780538303479453,4.525001525878906
z_cn_to_degree,1,test-45,0.6931471805599453,2.7188432216644287
z_cn_to_degree,1,test-46,4.941642422609304,3.7807137966156006
z_cn_to_degree,1,test-47,0.0,2.724445104598999
z_cn_to_degree,1,test-48,2.8903717578961645,3.6663777828216553
z_cn_to_degree,1,test-49,6.040254711277413,4.16114616394043
z_cn_to_degree,1,test-50,3.332204510175204,3.781745672225952
z_cn_to_degree,1,test-51,2.995732273553991,3.5746915340423584
z_cn_to_degree,1,test-52,6.327936783729195,5.234395980834961
z_cn_to_degree,1,test-53,2.8903717578961645,3.4806935787200928
z_cn_to_degree,1,test-54,2.6390573296152584,2.6568830013275146
z_cn_to_degree,1,test-55,4.927253685157204,5.191932678222656
z_cn_to_degree,1,test-56,2.7080502011022096,3.4806935787200928
z_cn_to_degree,1,test-57,5.272999558563747,3.37632155418396
z_cn_to_degree,1,test-58,3.9889840465642745,4.918713569641113
z_cn_to_degree,1,test-59,2.0794415416798357,3.904071569442749
z_cn_to_degree,1,test-60,4.7535901911063645,3.99580454826355
z_cn_to_degree,1,test-61,2.1972245773362196,2.7442033290863037
z_cn_to_degree,1,test-62,2.3978952727983707,2.7442033290863037
z_cn_to_degree,1,test-63,1.3862943611198906,2.724445104598999
z_cn_to_degree,1,test-64,3.58351893845611,3.623753309249878
z_cn_to_degree,1,test-65,2.8903717578961645,3.2225663661956787
z_cn_to_degree,1,test-66,2.4849066497880004,2.6965463161468506
z_cn_to_degree,1,test-67,2.4849066497880004,2.6965463161468506
z_cn_to_degree,1,test-68,4.90527477843843,4.9564056396484375
z_cn_to_degree,1,test-69,3.2188758248682006,3.8248441219329834
z_cn_to_degree,1,test-70,2.995732273553991,3.9534718990325928
z_cn_to_degree,1,test-71,4.0943445622221,3.876178503036499
z_cn_to_degree,1,test-72,1.791759469228055,2.7188432216644287
z_cn_to_degree,1,test-73,3.951243718581427,4.121530532836914
z_cn_to_degree,1,test-74,2.7080502011022096,3.4806935787200928
z_cn_to_degree,1,test-75,3.0445224377234226,2.8112142086029053
z_cn_to_degree,1,test-76,1.0986122886681096,2.7244107723236084
z_cn_to_degree,1,test-77,3.0445224377234226,3.2143189907073975
z_cn_to_degree,1,test-78,1.3862943611198906,2.721698522567749
z_cn_to_degree,1,test-79,1.791759469228055,2.7188432216644287
z_cn_to_degree,1,test-80,3.688879454113936,3.963775396347046
z_cn_to_degree,1,test-81,3.58351893845611,3.7716119289398193
z_cn_to_degree,1,test-82,3.465735902799726,4.32203483581543
z_cn_to_degree,1,test-83,4.025351690735149,3.0151917934417725
z_cn_to_degree,1,test-84,4.718498871295094,4.119382858276367
z_cn_to_degree,1,test-85,3.988984046564274,4.0027265548706055
z_cn_to_degree,1,test-86,3.332204510175204,3.860654592514038
z_cn_to_degree,1,test-87,2.7080502011022096,3.4806935787200928
z_cn_to_degree,1,test-88,2.6390573296152584,2.6568830013275146
z_cn_to_degree,1,test-89,3.332204510175204,4.002019882202148
z_cn_to_degree,1,test-90,2.484906649788,3.2911088466644287
z_cn_to_degree,1,test-91,2.0794415416798357,2.7161271572113037
z_cn_to_degree,1,test-92,3.1780538303479453,3.901963949203491
z_cn_to_degree,1,test-93,5.272999558563747,3.4855763912200928
z_cn_to_degree,1,test-94,2.484906649788,3.2911088466644287
z_cn_to_degree,1,test-95,3.4011973816621555,4.064577102661133
z_cn_to_degree,1,test-96,7.50659178007084,6.810110092163086
z_cn_to_degree,1,test-97,4.465908118654584,3.525665044784546
z_cn_to_degree,1,test-98,2.3025850929940455,2.7161271572113037
z_cn_to_degree,1,test-99,2.7080502011022096,3.4806935787200928
z_cn_to_degree,1,test-100,3.58351893845611,4.324002265930176
z_cn_to_degree,1,test-101,2.7080502011022096,3.732053518295288
z_cn_to_degree,1,test-102,4.02535169073515,3.3367745876312256
z_cn_to_degree,1,test-103,2.772588722239781,3.5729291439056396
z_cn_to_degree,1,test-104,2.197224577336219,3.1773183345794678
z_cn_to_degree,1,test-105,1.0986122886681096,2.7244107723236084
z_cn_to_degree,1,test-106,3.5263605246161616,3.0897538661956787
z_cn_to_degree,1,test-107,0.6931471805599453,2.7188432216644287
z_cn_to_degree,1,test-108,6.327936783729195,4.56776237487793
z_cn_to_degree,1,test-109,3.58351893845611,3.6015775203704834
z_cn_to_degree,1,test-110,2.0794415416798357,2.7161271572113037
z_cn_to_degree,1,test-111,2.8903717578961645,2.782264471054077
z_cn_to_degree,1,test-112,5.0106352940962555,3.6368863582611084
z_cn_to_degree,1,test-113,3.688879454113936,3.981928586959839
z_cn_to_degree,1,test-114,1.3862943611198906,2.721698522567749
z_cn_to_degree,1,test-115,1.3862943611198906,2.779235601425171
z_cn_to_degree,1,test-116,7.3395376954076745,6.488481521606445
z_cn_to_degree,1,test-117,4.304065093204169,3.398486852645874
z_cn_to_degree,1,test-118,3.2188758248682006,3.989764928817749
z_cn_to_degree,1,test-119,6.733401891837358,4.824384689331055
z_cn_to_degree,1,test-120,2.484906649788,3.630307912826538
z_cn_to_degree,1,test-121,2.995732273553991,3.4871652126312256
z_cn_to_degree,1,test-122,3.58351893845611,4.227300643920898
z_cn_to_degree,1,test-123,1.791759469228055,3.270993947982788
z_cn_to_degree,1,test-124,2.6390573296152584,2.6568830013275146
z_cn_to_degree,1,test-125,2.197224577336219,3.092498540878296
z_cn_to_degree,1,test-126,2.484906649788,4.3671722412109375
z_cn_to_degree,1,test-127,1.791759469228055,2.7188432216644287
z_cn_to_degree,1,test-128,3.6635616461296463,3.6309096813201904
z_cn_to_degree,1,test-129,2.5649493574615367,2.584625005722046
z_cn_to_degree,1,test-130,2.995732273553991,3.9914395809173584
z_cn_to_degree,1,test-131,3.0445224377234226,2.904376745223999
z_cn_to_degree,1,test-132,3.688879454113936,3.981928586959839
z_cn_to_degree,1,test-133,5.560681631015528,4.371744155883789
z_cn_to_degree,1,test-134,2.197224577336219,3.092498540878296
z_cn_to_degree,1,test-135,2.772588722239781,3.500385046005249
z_cn_to_degree,1,test-136,3.688879454113936,5.012628555297852
z_cn_to_degree,1,test-137,2.1972245773362196,2.7442033290863037
z_cn_to_degree,1,test-138,4.31748811353631,4.468318939208984
z_cn_to_degree,1,test-139,1.791759469228055,2.7188432216644287
z_cn_to_degree,1,test-140,3.332204510175204,4.002019882202148
z_cn_to_degree,1,test-141,4.276666119016055,4.333765029907227
z_cn_to_degree,1,test-142,2.7080502011022096,3.4806935787200928
z_cn_to_degree,1,test-143,2.0794415416798357,2.7161271572113037
z_cn_to_degree,1,test-144,2.772588722239781,3.5729291439056396
z_cn_to_degree,1,test-145,4.882801922586371,2.5871541500091553
z_cn_to_degree,1,test-146,3.465735902799726,3.5328500270843506
z_cn_to_degree,1,test-147,3.332204510175204,4.002019882202148
z_cn_to_degree,1,test-148,6.327936783729195,4.260007858276367
z_cn_to_degree,1,test-149,3.2188758248682006,3.989764928817749
z_cn_to_degree,1,test-150,3.9318256327243257,3.8009421825408936
z_cn_to_degree,1,test-151,3.295836866004329,3.9555108547210693
z_cn_to_degree,1,test-152,3.4011973816621555,2.6531198024749756
z_cn_to_degree,1,test-153,4.0943445622221,4.103679656982422
z_cn_to_degree,1,test-154,2.0794415416798357,3.179044485092163
z_cn_to_degree,1,test-155,2.3025850929940455,2.7161271572113037
z_cn_to_degree,1,test-156,5.41164605185504,4.96527099609375
z_cn_to_degree,1,test-157,4.564348191467836,3.519775152206421
z_cn_to_degree,1,test-158,0.0,2.724445104598999
z_cn_to_degree,1,test-159,2.7080502011022096,4.0126190185546875
z_cn_to_degree,1,test-160,2.9444389791664403,2.782264471054077
z_cn_to_degree,1,test-161,1.3862943611198906,2.721698522567749
z_cn_to_degree,1,test-162,2.8903717578961645,3.1997201442718506
z_cn_to_degree,1,test-163,1.791759469228055,2.7188432216644287
z_cn_to_degree,1,test-164,5.560681631015528,3.2942540645599365
z_cn_to_degree,1,test-165,1.0986122886681096,2.7244107723236084
z_cn_to_degree,1,test-166,3.5553480614894135,4.313074111938477
z_cn_to_degree,1,test-167,4.499809670330265,5.081239700317383
z_cn_to_degree,1,test-168,3.5553480614894135,3.6365182399749756
z_cn_to_degree,1,test-169,1.791759469228055,2.7188432216644287
z_cn_to_degree,1,test-170,2.0794415416798357,2.7161271572113037
z_cn_to_degree,1,test-171,5.288267030694534,4.233234405517578
z_cn_to_degree,1,test-172,1.3862943611198906,2.721698522567749
z_cn_to_degree,1,test-173,2.484906649788,3.2911088466644287
z_cn_to_degree,1,test-174,3.9120230054281464,3.6403634548187256
z_cn_to_degree,1,test-175,4.499809670330265,4.8057098388671875
z_cn_to_degree,1,test-176,4.867534450455582,3.4753854274749756
z_cn_to_degree,1,test-177,4.718498871295095,3.1291539669036865
z_cn_to_degree,1,test-178,3.465735902799726,4.102352142333984
z_cn_to_degree,1,test-179,1.3862943611198906,2.721698522567749
z_cn_to_degree,1,test-180,3.58351893845611,2.6641080379486084
z_cn_to_degree,1,test-181,3.58351893845611,4.077934265136719
z_cn_to_degree,1,test-182,3.465735902799726,4.102352142333984
z_cn_to_degree,1,test-183,0.0,2.724445104598999
z_cn_to_degree,1,test-184,7.24422751560335,6.58671760559082
z_cn_to_degree,1,test-185,3.332204510175204,4.002019882202148
z_cn_to_degree,1,test-186,3.401197381662155,3.658139944076538
z_cn_to_degree,1,test-187,3.332204510175204,4.002019882202148
z_cn_to_degree,1,test-188,2.484906649788,3.2911088466644287
z_cn_to_degree,1,test-189,2.197224577336219,3.092498540878296
z_cn_to_degree,1,test-190,2.7080502011022096,3.223191976547241
z_cn_to_degree,1,test-191,2.0794415416798357,2.7161271572113037
z_cn_to_degree,1,test-192,3.0445224377234226,2.550391912460327
z_cn_to_degree,1,test-193,2.995732273553991,3.6505563259124756
z_cn_to_degree,1,test-194,3.58351893845611,2.6641080379486084
z_cn_to_degree,1,test-195,4.90527477843843,3.739694356918335
z_cn_to_degree,1,test-196,4.5217885770490405,4.268559455871582
z_cn_to_degree,1,test-197,2.484906649788,3.2911088466644287
z_cn_to_degree,1,test-198,4.709530201312334,3.551863431930542
z_cn_to_degree,1,test-199,1.0986122886681096,2.7244107723236084
z_cn_to_degree,1,test-200,1.0986122886681096,2.7244107723236084
z_cn_to_degree,1,test-201,1.0986122886681096,2.7244107723236084
z_cn_to_degree,1,test-202,3.0445224377234226,3.4894015789031982
z_cn_to_degree,1,test-203,2.484906649788,3.2911088466644287
z_cn_to_degree,1,test-204,2.6390573296152584,3.5386006832122803
z_cn_to_degree,1,test-205,2.197224577336219,3.092498540878296
z_cn_to_degree,1,test-206,3.58351893845611,4.077934265136719
z_cn_to_degree,1,test-207,4.248495242049359,3.953510046005249
z_cn_to_degree,1,test-208,4.0943445622221,4.230602264404297
z_cn_to_degree,1,test-209,4.836281906951478,4.6000213623046875
z_cn_to_degree,1,test-210,4.976733742420574,3.5927770137786865
z_cn_to_degree,1,test-211,3.0445224377234226,3.575935125350952
z_cn_to_degree,1,test-212,4.499809670330265,2.586129903793335
z_cn_to_degree,1,test-213,1.3862943611198906,2.724445104598999
z_cn_to_degree,1,test-214,5.560681631015528,3.633287191390991
z_cn_to_degree,1,test-215,2.0794415416798357,2.7161271572113037
z_cn_to_degree,1,test-216,0.6931471805599453,2.7188432216644287
z_cn_to_degree,1,test-217,1.791759469228055,3.1859567165374756
z_cn_to_degree,1,test-218,3.0445224377234226,3.4894015789031982
z_cn_to_degree,1,test-219,3.58351893845611,4.324002265930176
z_cn_to_degree,1,test-220,2.70805020110221,2.7390668392181396
z_cn_to_degree,1,test-221,2.995732273553991,3.6505563259124756
z_cn_to_degree,1,test-222,2.0794415416798357,2.7161271572113037
z_cn_to_degree,1,test-223,3.8712010109078907,3.706197500228882
z_cn_to_degree,1,test-224,0.0,2.724445104598999
z_cn_to_degree,1,test-225,3.332204510175204,3.2865636348724365
z_cn_to_degree,1,test-226,2.0794415416798357,2.7161271572113037
z_cn_to_degree,1,test-227,2.772588722239781,3.8998563289642334
z_cn_to_degree,1,test-228,1.791759469228055,2.7188432216644287
z_cn_to_degree,1,test-229,2.197224577336219,3.092498540878296
z_cn_to_degree,1,test-230,3.4011973816621555,3.7899911403656006
z_cn_to_degree,1,test-231,4.430816798843313,4.262380599975586
z_cn_to_degree,1,test-232,4.276666119016055,5.144491195678711
z_cn_to_degree,1,test-233,1.791759469228055,2.7276360988616943
z_cn_to_degree,1,test-234,3.58351893845611,4.324002265930176
z_cn_to_degree,1,test-235,3.1780538303479453,4.473661422729492
z_cn_to_degree,1,test-236,2.8903717578961645,3.4806935787200928
z_cn_to_degree,1,test-237,3.0445224377234226,3.4894015789031982
z_cn_to_degree,1,test-238,5.780743515792329,4.875139236450195
z_cn_to_degree,1,test-239,6.327936783729195,5.063266754150391
z_cn_to_degree,1,test-240,0.6931471805599453,2.7188432216644287
z_cn_to_degree,1,test-241,2.4849066497880004,2.6965463161468506
z_cn_to_degree,1,test-242,2.8903717578961645,3.682969808578491
z_cn_to_degree,1,test-243,2.197224577336219,3.6148908138275146
z_cn_to_degree,1,test-244,3.0445224377234226,3.4894015789031982
z_cn_to_degree,1,test-245,2.7080502011022096,3.9632298946380615
z_cn_to_degree,1,test-246,4.74493212836325,5.306856155395508
z_cn_to_degree,1,test-247,1.791759469228055,2.7188432216644287
z_cn_to_degree,1,test-248,3.8066624897703196,4.095544815063477
z_cn_to_degree,1,test-249,3.951243718581427,4.121530532836914
z_cn_to_degree,1,test-250,1.3862943611198906,2.721698522567749
z_cn_to_degree,1,test-251,4.718498871295095,3.1291539669036865
z_cn_to_degree,1,test-252,3.465735902799726,4.102352142333984
z_cn_to_degree,1,test-253,2.7080502011022096,3.4806935787200928
z_cn_to_degree,1,test-254,2.6390573296152584,2.6568830013275146
z_cn_to_degree,1,test-255,5.19295685089021,3.9892804622650146
z_cn_to_degree,1,test-256,0.0,2.724445104598999
z_cn_to_degree,1,test-257,5.98141421125448,4.061271667480469
z_cn_to_degree,1,test-258,3.8712010109078907,4.499090194702148
z_cn_to_degree,1,test-259,2.9957322735539913,2.7136895656585693
z_cn_to_degree,1,test-260,1.0986122886681096,2.7244107723236084
z_cn_to_degree,1,test-261,3.401197381662155,4.122797012329102
z_cn_to_degree,1,test-262,2.995732273553991,3.5669057369232178
z_cn_to_degree,1,test-263,2.995732273553991,3.6505563259124756
z_cn_to_degree,1,test-264,4.1588830833596715,4.164980888366699
z_cn_to_degree,1,test-265,4.31748811353631,4.468318939208984
z_cn_to_degree,1,test-266,1.791759469228055,2.7328317165374756
z_cn_to_degree,1,test-267,2.0794415416798357,4.123264312744141
z_cn_to_degree,1,test-268,2.7080502011022096,3.4806935787200928
z_cn_to_degree,1,test-269,6.476972362889683,5.629894256591797
z_cn_to_degree,1,test-270,1.791759469228055,2.7188432216644287
z_cn_to_degree,1,test-271,3.0445224377234226,4.079036712646484
z_cn_to_degree,1,test-272,3.737669618283368,4.630271911621094
z_cn_to_degree,1,test-273,3.1780538303479453,3.8590657711029053
z_cn_to_degree,1,test-274,2.772588722239781,4.019308090209961
z_cn_to_degree,1,test-275,2.7080502011022096,3.4806935787200928
z_cn_to_degree,1,test-276,2.0794415416798357,2.7442033290863037
z_cn_to_degree,1,test-277,3.332204510175204,4.002019882202148
z_cn_to_degree,1,test-278,5.220355825078324,3.315284490585327
z_cn_to_degree,1,test-279,3.6635616461296463,3.769407033920288
z_cn_to_degree,1,test-280,2.6390573296152584,2.6568830013275146
z_cn_to_degree,1,test-281,2.484906649788,3.164174795150757
z_cn_to_degree,1,test-282,3.9512437185814275,2.6009957790374756
z_cn_to_degree,1,test-283,2.995732273553991,3.6505563259124756
z_cn_to_degree,1,test-284,1.6094379124341003,2.7276360988616943
z_cn_to_degree,1,test-285,2.7080502011022096,3.4806935787200928
z_cn_to_degree,1,test-286,6.461468176353717,5.817852020263672
z_cn_to_degree,1,test-287,3.0445224377234226,3.4894015789031982
z_cn_to_degree,1,test-288,3.4965075614664802,4.23503303527832
z_cn_to_degree,1,test-289,4.499809670330265,4.390132904052734
z_cn_to_degree,1,test-290,2.8903717578961645,3.0133397579193115
z_cn_to_degree,1,test-291,5.60947179518496,4.824214935302734
z_cn_to_degree,1,test-292,5.375278407684165,5.608423233032227
z_cn_to_degree,1,test-293,3.6888794541139367,4.501199722290039
z_cn_to_degree,1,test-294,2.197224577336219,3.469299077987671
z_cn_to_degree,1,test-295,2.3025850929940455,3.2281548976898193
z_cn_to_degree,1,test-296,3.7376696182833684,2.709552526473999
z_cn_to_degree,1,test-297,2.0794415416798357,2.7442033290863037
z_cn_to_degree,1,test-298,1.3862943611198906,3.6367223262786865
z_cn_to_degree,1,test-299,3.1780538303479453,3.932603597640991
z_cn_to_degree,1,test-300,2.995732273553991,3.4565351009368896
z_cn_to_degree,1,test-301,1.6094379124341003,2.7276360988616943
z_cn_to_degree,1,test-302,2.484906649788,2.9956700801849365
z_cn_to_degree,1,test-303,2.0794415416798357,2.7161271572113037
z_cn_to_degree,1,test-304,4.382026634673881,4.173793792724609
z_cn_to_degree,1,test-305,3.332204510175204,3.0619847774505615
z_cn_to_degree,1,test-306,5.556828061699537,3.8290746212005615
z_cn_to_degree,1,test-307,2.0794415416798357,2.7161271572113037
z_cn_to_degree,1,test-308,2.0794415416798357,2.635577917098999
z_cn_to_degree,1,test-309,3.58351893845611,4.158933639526367
z_cn_to_degree,1,test-310,2.197224577336219,3.092498540878296
z_cn_to_degree,1,test-311,3.8918202981106265,4.6375885009765625
z_cn_to_degree,1,test-312,2.4849066497880004,2.7560269832611084
z_cn_to_degree,1,test-313,6.733401891837358,5.21135139465332
z_cn_to_degree,1,test-314,4.941642422609304,3.905921697616577
z_cn_to_degree,1,test-315,1.9459101490553132,2.7442033290863037
z_cn_to_degree,1,test-316,2.8903717578961645,4.113525390625
z_cn_to_degree,1,test-317,5.41164605185504,5.398410797119141
z_cn_to_degree,1,test-318,3.332204510175204,4.002019882202148
z_cn_to_degree,1,test-319,6.733401891837358,5.211957931518555
z_cn_to_degree,1,test-320,2.772588722239781,3.5729291439056396
z_cn_to_degree,1,test-321,3.0445224377234226,3.4894015789031982
z_cn_to_degree,1,test-322,2.995732273553991,3.303121328353882
z_cn_to_degree,1,test-323,0.6931471805599453,2.7188432216644287
z_cn_to_degree,1,test-324,2.484906649788,3.2911088466644287
z_cn_to_degree,1,test-325,2.772588722239781,3.286393880844116
z_cn_to_degree,1,test-326,3.091042453358316,2.7136895656585693
z_cn_to_degree,1,test-327,3.4011973816621555,3.531543493270874
z_cn_to_degree,1,test-328,3.688879454113936,3.981928586959839
z_cn_to_degree,1,test-329,1.6094379124341003,2.7276360988616943
z_cn_to_degree,1,test-330,3.5553480614894135,4.540864944458008
z_cn_to_degree,1,test-331,3.8712010109078907,3.9872591495513916
z_cn_to_degree,1,test-332,2.70805020110221,2.7390668392181396
z_cn_to_degree,1,test-333,2.8903717578961645,2.782264471054077
z_cn_to_degree,1,test-334,2.4849066497880004,2.6965463161468506
z_cn_to_degree,1,test-335,4.51085950651685,5.23663330078125
z_cn_to_degree,1,test-336,2.7080502011022096,3.4806935787200928
z_cn_to_degree,1,test-337,3.0445224377234226,3.925485372543335
z_cn_to_degree,1,test-338,2.484906649788,3.572509527206421
z_cn_to_degree,1,test-339,2.772588722239781,3.1253888607025146
z_cn_to_degree,1,test-340,4.143134726391533,3.1545960903167725
z_cn_to_degree,1,test-341,3.9318256327243257,3.393745183944702
z_cn_to_degree,1,test-342,2.484906649788,3.2911088466644287
z_cn_to_degree,1,test-343,4.787491742782047,5.727941513061523
z_cn_to_degree,1,test-344,1.3862943611198906,2.724445104598999
z_cn_to_degree,1,test-345,3.1780538303479453,3.24125075340271
z_cn_to_degree,1,test-346,2.484906649788,3.977262258529663
z_cn_to_degree,1,test-347,2.484906649788,3.55375075340271
z_cn_to_degree,1,test-348,2.484906649788,2.869497060775757
z_cn_to_degree,1,test-349,3.401197381662155,3.99814772605896
z_cn_to_degree,1,test-350,2.8903717578961645,2.782264471054077
z_cn_to_degree,1,test-351,3.1780538303479453,3.932603597640991
z_cn_to_degree,1,test-352,1.3862943611198906,2.724445104598999
z_cn_to_degree,1,test-353,4.882801922586371,3.7604024410247803
z_cn_to_degree,1,test-354,4.234106504597259,3.588905096054077
z_cn_to_degree,1,test-355,5.6937321388027,5.201202392578125
z_cn_to_degree,1,test-356,0.6931471805599453,2.7188432216644287
z_cn_to_degree,1,test-357,1.791759469228055,2.7188432216644287
z_cn_to_degree,1,test-358,1.791759469228055,2.7188432216644287
z_cn_to_degree,1,test-359,5.966146739123692,3.8732545375823975
z_cn_to_degree,1,test-360,3.4965075614664802,3.5427844524383545
z_cn_to_degree,1,test-361,6.733401891837358,5.280416488647461
z_cn_to_degree,1,test-362,5.272999558563747,4.128453254699707
z_cn_to_degree,1,test-363,3.737669618283368,3.7377469539642334
z_cn_to_degree,1,test-364,2.197224577336219,3.092498540878296
z_cn_to_degree,1,test-365,2.995732273553991,3.6505563259124756
z_cn_to_degree,1,test-366,1.3862943611198906,2.721698522567749
z_cn_to_degree,1,test-367,6.327936783729195,5.234395980834961
z_cn_to_degree,1,test-368,4.430816798843313,4.820261001586914
z_cn_to_degree,1,test-369,0.0,2.724445104598999
z_cn_to_degree,1,test-370,2.6390573296152584,3.4019410610198975
z_cn_to_degree,1,test-371,1.6094379124341003,2.7276360988616943
z_cn_to_degree,1,test-372,2.484906649788,4.435346603393555
z_cn_to_degree,1,test-373,3.465735902799726,4.102352142333984
z_cn_to_degree,1,test-374,2.772588722239781,3.014667272567749
z_cn_to_degree,1,test-375,2.7080502011022096,3.2146832942962646
z_cn_to_degree,1,test-376,4.74493212836325,4.435544967651367
z_cn_to_degree,1,test-377,2.4849066497880004,2.6965463161468506
z_cn_to_degree,1,test-378,3.332204510175204,4.002019882202148
z_cn_to_degree,1,test-379,2.4849066497880004,2.6965463161468506
z_cn_to_degree,1,test-380,2.8903717578961645,3.0250585079193115
z_cn_to_degree,1,test-381,2.3025850929940455,3.858140707015991
z_cn_to_degree,1,test-382,1.791759469228055,2.7188432216644287
z_cn_to_degree,1,test-383,0.6931471805599453,2.7188432216644287
z_cn_to_degree,1,test-384,4.276666119016055,2.5893666744232178
z_cn_to_degree,1,test-385,1.791759469228055,2.7188432216644287
z_cn_to_degree,1,test-386,1.791759469228055,2.7188432216644287
z_cn_to_degree,1,test-387,2.0794415416798357,3.3376519680023193
z_cn_to_degree,1,test-388,2.995732273553991,3.3337533473968506
z_cn_to_degree,1,test-389,2.0794415416798357,2.7161271572113037
z_cn_to_degree,1,test-390,3.0445224377234226,3.6535184383392334
z_cn_to_degree,1,test-391,2.995732273553991,3.803251028060913
z_cn_to_degree,1,test-392,0.0,2.724445104598999
z_cn_to_degree,1,test-393,1.3862943611198906,2.721698522567749
z_cn_to_degree,1,test-394,2.3025850929940455,2.7161271572113037
z_cn_to_degree,1,test-395,3.295836866004329,3.3955323696136475
z_cn_to_degree,1,test-396,1.791759469228055,2.7188432216644287
z_cn_to_degree,1,test-397,3.4011973816621555,2.6531198024749756
z_cn_to_degree,1,test-398,2.4849066497880004,2.6965463161468506
z_cn_to_degree,1,test-399,2.995732273553991,3.6505563259124756
z_cn_to_degree,1,test-400,2.0794415416798357,4.050546646118164
z_cn_to_degree,1,test-401,2.0794415416798357,3.316749334335327
z_cn_to_degree,1,test-402,3.1780538303479453,2.973273992538452
z_cn_to_degree,1,test-403,3.828641396489095,2.5873658657073975
z_cn_to_degree,1,test-404,4.90527477843843,3.9075238704681396
z_cn_to_degree,1,test-405,1.791759469228055,2.7276360988616943
z_cn_to_degree,1,test-406,3.401197381662155,3.99814772605896
z_cn_to_degree,1,test-407,1.3862943611198906,1.8387525081634521
z_cn_to_degree,1,test-408,2.8903717578961645,2.782264471054077
z_cn_to_degree,1,test-409,4.276666119016055,3.2893598079681396
z_cn_to_degree,1,test-410,0.6931471805599453,2.7188432216644287
z_cn_to_degree,1,test-411,3.5553480614894135,4.313074111938477
z_cn_to_degree,1,test-412,2.8903717578961645,4.156669616699219
z_cn_to_degree,1,test-413,3.332204510175204,4.147254943847656
z_cn_to_degree,1,test-414,5.342334251964811,5.237636566162109
z_cn_to_degree,1,test-415,2.890371757896165,3.3822457790374756
z_cn_to_degree,1,test-416,3.401197381662155,4.308320999145508
z_cn_to_degree,1,test-417,3.091042453358316,2.7136895656585693
z_cn_to_degree,1,test-418,2.995732273553991,3.6505563259124756
z_cn_to_degree,1,test-419,3.401197381662155,3.248899221420288
z_cn_to_degree,1,test-420,4.787491742782046,3.4925296306610107
z_cn_to_degree,1,test-421,4.430816798843313,4.262380599975586
z_cn_to_degree,1,test-422,2.8903717578961645,2.4684484004974365
z_cn_to_degree,1,test-423,2.0794415416798357,2.7161271572113037
z_cn_to_degree,1,test-424,3.1780538303479458,3.9754865169525146
z_cn_to_degree,1,test-425,1.9459101490553132,2.7442033290863037
z_cn_to_degree,1,test-426,2.995732273553991,3.5214688777923584
z_cn_to_degree,1,test-427,2.197224577336219,3.092498540878296
z_cn_to_degree,1,test-428,1.3862943611198906,1.8387525081634521
z_cn_to_degree,1,test-429,3.4011973816621555,3.531543493270874
z_cn_to_degree,1,test-430,3.3322045101752042,2.7600228786468506
z_cn_to_degree,1,test-431,2.0794415416798357,2.7161271572113037
z_cn_to_degree,1,test-432,2.484906649788,3.2911088466644287
z_cn_to_degree,1,test-433,3.6888794541139367,3.2574212551116943
z_cn_to_degree,1,test-434,2.7080502011022096,3.722533941268921
z_cn_to_degree,1,test-435,2.4849066497880004,3.0022408962249756
z_cn_to_degree,1,test-436,4.718498871295095,3.1291539669036865
z_cn_to_degree,1,test-437,5.634789603169249,3.6209046840667725
z_cn_to_degree,1,test-438,4.68213122712422,3.527360677719116
z_cn_to_degree,1,test-439,1.791759469228055,2.7188432216644287
z_cn_to_degree,1,test-440,3.9889840465642745,4.143190383911133
z_cn_to_degree,1,test-441,6.327936783729195,4.850749969482422
z_cn_to_degree,1,test-442,3.0445224377234226,4.199007034301758
z_cn_to_degree,1,test-443,2.7080502011022096,2.9169023036956787
z_cn_to_degree,1,test-444,1.0986122886681096,2.7244107723236084
z_cn_to_degree,1,test-445,2.995732273553991,4.319522857666016
z_cn_to_degree,1,test-446,2.772588722239781,3.450019598007202
z_cn_to_degree,1,test-447,2.995732273553991,4.284690856933594
z_cn_to_degree,1,test-448,1.791759469228055,2.7276360988616943
z_cn_to_degree,1,test-449,1.3862943611198906,1.8387525081634521
z_cn_to_degree,1,test-450,2.484906649788,3.7381742000579834
z_cn_to_degree,1,test-451,7.50659178007084,6.730388641357422
z_cn_to_degree,1,test-452,3.951243718581427,4.121530532836914
z_cn_to_degree,1,test-453,3.5553480614894135,4.947500228881836
z_cn_to_degree,1,test-454,2.7080502011022096,3.4806935787200928
z_cn_to_degree,1,test-455,3.258096538021482,2.961568593978882
z_cn_to_degree,1,test-456,5.634789603169249,3.1368653774261475
z_cn_to_degree,1,test-457,0.6931471805599453,2.7188432216644287
z_cn_to_degree,1,test-458,2.772588722239781,3.5729291439056396
z_cn_to_degree,1,test-459,3.4011973816621555,3.415452718734741
z_cn_to_degree,1,test-460,2.995732273553991,4.021503448486328
z_cn_to_degree,1,test-461,3.0445224377234226,4.020374298095703
z_cn_to_degree,1,test-462,2.1972245773362196,2.7442033290863037
z_cn_to_degree,1,test-463,1.791759469228055,3.400541067123413
z_cn_to_degree,1,test-464,3.1780538303479458,3.8568780422210693
z_cn_to_degree,1,test-465,2.1972245773362196,2.7442033290863037
z_cn_to_degree,1,test-466,3.401197381662155,4.388275146484375
z_cn_to_degree,1,test-467,6.327936783729195,5.078474044799805
z_cn_to_degree,1,test-468,2.995732273553991,3.6505563259124756
z_cn_to_degree,1,test-469,3.0445224377234226,3.4894015789031982
z_cn_to_degree,1,test-470,1.0986122886681096,2.7244107723236084
z_cn_to_degree,1,test-471,3.401197381662155,3.808133840560913
z_cn_to_degree,1,test-472,2.3025850929940455,2.7161271572113037
z_cn_to_degree,1,test-473,6.040254711277413,4.081930160522461
z_cn_to_degree,1,test-474,4.90527477843843,3.8199422359466553
z_cn_to_degree,1,test-475,2.197224577336219,3.469299077987671
z_cn_to_degree,1,test-476,2.0794415416798357,2.7161271572113037
z_cn_to_degree,1,test-477,2.8903717578961645,3.4806935787200928
z_cn_to_degree,1,test-478,3.1780538303479453,2.6009252071380615
z_cn_to_degree,1,test-479,2.995732273553991,3.0950562953948975
z_cn_to_degree,1,test-480,4.276666119016055,3.6544606685638428
z_cn_to_degree,1,test-481,2.4849066497880004,2.6965463161468506
z_cn_to_degree,1,test-482,3.295836866004329,3.079782247543335
z_cn_to_degree,1,test-483,3.1780538303479453,3.8482320308685303
z_cn_to_degree,1,test-484,2.0794415416798357,2.7161271572113037
z_cn_to_degree,1,test-485,3.332204510175204,4.002019882202148
z_cn_to_degree,1,test-486,1.3862943611198906,2.721698522567749
z_cn_to_degree,1,test-487,4.356708826689592,3.7764222621917725
z_cn_to_degree,1,test-488,2.0794415416798357,2.7161271572113037
z_cn_to_degree,1,test-489,2.9957322735539913,2.7136895656585693
z_cn_to_degree,1,test-490,0.6931471805599453,2.7188432216644287
z_cn_to_degree,1,test-491,2.0794415416798357,2.7161271572113037
z_cn_to_degree,1,test-492,4.31748811353631,4.953758239746094
z_cn_to_degree,1,test-493,3.58351893845611,4.080942153930664
z_cn_to_degree,1,test-494,0.0,2.724445104598999
z_cn_to_degree,1,test-495,5.272999558563747,4.128453254699707
z_cn_to_degree,1,test-496,1.791759469228055,2.7188432216644287
z_cn_to_degree,1,test-497,3.7376696182833684,2.6297757625579834
z_cn_to_degree,1,test-498,2.4849066497880004,2.6965463161468506
z_cn_to_degree,1,test-499,3.8712010109078907,4.971820831298828
z_cn_to_degree,1,test-500,6.040254711277413,4.014804840087891
z_cn_to_degree,1,test-501,3.3322045101752042,2.7611329555511475
z_cn_to_degree,1,test-502,3.332204510175204,3.4694039821624756
z_cn_to_degree,1,test-503,4.700480365792417,5.877735137939453
z_cn_to_degree,1,test-504,4.499809670330265,4.920008659362793
z_cn_to_degree,1,test-505,2.197224577336219,3.182687520980835
z_cn_to_degree,1,test-506,3.688879454113936,3.981928586959839
z_cn_to_degree,1,test-507,2.6390573296152584,2.6568830013275146
z_cn_to_degree,1,test-508,4.276666119016055,5.599748611450195
z_cn_to_degree,1,test-509,3.8712010109078907,4.476936340332031
z_cn_to_degree,1,test-510,4.442651256490317,4.050865173339844
z_cn_to_degree,1,test-511,5.634789603169249,3.1368653774261475
z_residual_to_degree,1,test-0,4.6443908991413725,3.48749041557312
z_residual_to_degree,1,test-1,3.988984046564274,3.597698926925659
z_residual_to_degree,1,test-2,4.584967478670572,3.679560661315918
z_residual_to_degree,1,test-3,3.1780538303479453,3.2377753257751465
z_residual_to_degree,1,test-4,4.77912349311153,3.6224889755249023
z_residual_to_degree,1,test-5,3.8066624897703196,3.871668815612793
z_residual_to_degree,1,test-6,5.966146739123692,3.810002326965332
z_residual_to_degree,1,test-7,3.6635616461296463,2.9613847732543945
z_residual_to_degree,1,test-8,3.0445224377234226,3.7526869773864746
z_residual_to_degree,1,test-9,3.6888794541139367,2.8654704093933105
z_residual_to_degree,1,test-10,3.401197381662155,3.0590462684631348
z_residual_to_degree,1,test-11,3.9120230054281464,3.885812997817993
z_residual_to_degree,1,test-12,0.6931471805599453,3.398183822631836
z_residual_to_degree,1,test-13,4.74493212836325,3.6537022590637207
z_residual_to_degree,1,test-14,4.0943445622221,3.74857497215271
z_residual_to_degree,1,test-15,1.791759469228055,3.4283857345581055
z_residual_to_degree,1,test-16,4.394449154672438,3.927889347076416
z_residual_to_degree,1,test-17,4.718498871295095,3.838414192199707
z_residual_to_degree,1,test-18,0.6931471805599453,3.5861382484436035
z_residual_to_degree,1,test-19,3.0445224377234226,4.026759147644043
z_residual_to_degree,1,test-20,3.1780538303479458,3.8305013179779053
z_residual_to_degree,1,test-21,3.465735902799726,3.646923780441284
z_residual_to_degree,1,test-22,3.401197381662155,3.490696668624878
z_residual_to_degree,1,test-23,1.0986122886681096,4.271158218383789
z_residual_to_degree,1,test-24,3.5553480614894135,3.1378166675567627
z_residual_to_degree,1,test-25,4.189654742026425,2.7879064083099365
z_residual_to_degree,1,test-26,2.3025850929940455,3.3447632789611816
z_residual_to_degree,1,test-27,3.465735902799726,3.8155877590179443
z_residual_to_degree,1,test-28,2.8903717578961645,3.6201353073120117
z_residual_to_degree,1,test-29,3.688879454113936,3.662914991378784
z_residual_to_degree,1,test-30,4.882801922586371,3.9886655807495117
z_residual_to_degree,1,test-31,4.553876891600541,3.62154483795166
z_residual_to_degree,1,test-32,3.58351893845611,3.7019155025482178
z_residual_to_degree,1,test-33,3.58351893845611,3.270562171936035
z_residual_to_degree,1,test-34,3.1780538303479453,3.3218953609466553
z_residual_to_degree,1,test-35,2.772588722239781,3.1439194679260254
z_residual_to_degree,1,test-36,1.3862943611198906,2.5108988285064697
z_residual_to_degree,1,test-37,2.3025850929940455,1.995232105255127
z_residual_to_degree,1,test-38,3.9889840465642745,4.386835098266602
z_residual_to_degree,1,test-39,1.791759469228055,3.684227705001831
z_residual_to_degree,1,test-40,3.951243718581427,3.4190258979797363
z_residual_to_degree,1,test-41,3.6888794541139367,3.3562090396881104
z_residual_to_degree,1,test-42,6.040254711277413,3.9099082946777344
z_residual_to_degree,1,test-43,2.484906649788,3.853550672531128
z_residual_to_degree,1,test-44,3.1780538303479453,3.7946629524230957
z_residual_to_degree,1,test-45,0.6931471805599453,3.0258355140686035
z_residual_to_degree,1,test-46,4.941642422609304,3.8135738372802734
z_residual_to_degree,1,test-47,0.0,3.425753355026245
z_residual_to_degree,1,test-48,2.8903717578961645,3.9932708740234375
z_residual_to_degree,1,test-49,6.040254711277413,3.801481008529663
z_residual_to_degree,1,test-50,3.332204510175204,3.7269933223724365
z_residual_to_degree,1,test-51,2.995732273553991,3.380657196044922
z_residual_to_degree,1,test-52,6.327936783729195,3.6461987495422363
z_residual_to_degree,1,test-53,2.8903717578961645,3.389268636703491
z_residual_to_degree,1,test-54,2.6390573296152584,3.1369400024414062
z_residual_to_degree,1,test-55,4.927253685157204,3.6672003269195557
z_residual_to_degree,1,test-56,2.7080502011022096,3.711622714996338
z_residual_to_degree,1,test-57,5.272999558563747,3.718924045562744
z_residual_to_degree,1,test-58,3.9889840465642745,3.8245761394500732
z_residual_to_degree,1,test-59,2.0794415416798357,3.6267154216766357
z_residual_to_degree,1,test-60,4.7535901911063645,3.7687606811523438
z_residual_to_degree,1,test-61,2.1972245773362196,3.123448133468628
z_residual_to_degree,1,test-62,2.3978952727983707,3.516577959060669
z_residual_to_degree,1,test-63,1.3862943611198906,7.097795486450195
z_residual_to_degree,1,test-64,3.58351893845611,3.7268152236938477
z_residual_to_degree,1,test-65,2.8903717578961645,3.457362651824951
z_residual_to_degree,1,test-66,2.4849066497880004,3.5329887866973877
z_residual_to_degree,1,test-67,2.4849066497880004,2.9768025875091553
z_residual_to_degree,1,test-68,4.90527477843843,3.824957847595215
z_residual_to_degree,1,test-69,3.2188758248682006,3.6199069023132324
z_residual_to_degree,1,test-70,2.995732273553991,3.405696392059326
z_residual_to_degree,1,test-71,4.0943445622221,3.715974807739258
z_residual_to_degree,1,test-72,1.791759469228055,4.225149631500244
z_residual_to_degree,1,test-73,3.951243718581427,2.6709160804748535
z_residual_to_degree,1,test-74,2.7080502011022096,3.7988245487213135
z_residual_to_degree,1,test-75,3.0445224377234226,3.3022260665893555
z_residual_to_degree,1,test-76,1.0986122886681096,3.754711627960205
z_residual_to_degree,1,test-77,3.0445224377234226,3.6435060501098633
z_residual_to_degree,1,test-78,1.3862943611198906,3.437333345413208
z_residual_to_degree,1,test-79,1.791759469228055,2.941378116607666
z_residual_to_degree,1,test-80,3.688879454113936,3.524320125579834
z_residual_to_degree,1,test-81,3.58351893845611,3.5044238567352295
z_residual_to_degree,1,test-82,3.465735902799726,3.3556690216064453
z_residual_to_degree,1,test-83,4.025351690735149,4.252561569213867
z_residual_to_degree,1,test-84,4.718498871295094,4.18411111831665
z_residual_to_degree,1,test-85,3.988984046564274,3.487454414367676
z_residual_to_degree,1,test-86,3.332204510175204,3.5326170921325684
z_residual_to_degree,1,test-87,2.7080502011022096,3.7231388092041016
z_residual_to_degree,1,test-88,2.6390573296152584,3.079238176345825
z_residual_to_degree,1,test-89,3.332204510175204,3.3178939819335938
z_residual_to_degree,1,test-90,2.484906649788,3.221302032470703
z_residual_to_degree,1,test-91,2.0794415416798357,3.6347973346710205
z_residual_to_degree,1,test-92,3.1780538303479453,3.509157657623291
z_residual_to_degree,1,test-93,5.272999558563747,3.9442238807678223
z_residual_to_degree,1,test-94,2.484906649788,2.8627853393554688
z_residual_to_degree,1,test-95,3.4011973816621555,3.9138197898864746
z_residual_to_degree,1,test-96,7.50659178007084,3.747952461242676
z_residual_to_degree,1,test-97,4.465908118654584,4.191174507141113
z_residual_to_degree,1,test-98,2.3025850929940455,3.5666146278381348
z_residual_to_degree,1,test-99,2.7080502011022096,3.3583717346191406
z_residual_to_degree,1,test-100,3.58351893845611,3.6781809329986572
z_residual_to_degree,1,test-101,2.7080502011022096,3.4113616943359375
z_residual_to_degree,1,test-102,4.02535169073515,2.561426877975464
z_residual_to_degree,1,test-103,2.772588722239781,3.463472843170166
z_residual_to_degree,1,test-104,2.197224577336219,3.085663318634033
z_residual_to_degree,1,test-105,1.0986122886681096,2.836649179458618
z_residual_to_degree,1,test-106,3.5263605246161616,3.3059651851654053
z_residual_to_degree,1,test-107,0.6931471805599453,2.3431239128112793
z_residual_to_degree,1,test-108,6.327936783729195,2.8725948333740234
z_residual_to_degree,1,test-109,3.58351893845611,3.2294816970825195
z_residual_to_degree,1,test-110,2.0794415416798357,3.7133233547210693
z_residual_to_degree,1,test-111,2.8903717578961645,2.7188894748687744
z_residual_to_degree,1,test-112,5.0106352940962555,3.7168924808502197
z_residual_to_degree,1,test-113,3.688879454113936,3.7318098545074463
z_residual_to_degree,1,test-114,1.3862943611198906,2.75382399559021
z_residual_to_degree,1,test-115,1.3862943611198906,3.437378168106079
z_residual_to_degree,1,test-116,7.3395376954076745,3.895463228225708
z_residual_to_degree,1,test-117,4.304065093204169,3.51666522026062
z_residual_to_degree,1,test-118,3.2188758248682006,4.538540840148926
z_residual_to_degree,1,test-119,6.733401891837358,2.4803647994995117
z_residual_to_degree,1,test-120,2.484906649788,3.7381744384765625
z_residual_to_degree,1,test-121,2.995732273553991,3.719355821609497
z_residual_to_degree,1,test-122,3.58351893845611,3.770488977432251
z_residual_to_degree,1,test-123,1.791759469228055,3.625622510910034
z_residual_to_degree,1,test-124,2.6390573296152584,3.7663161754608154
z_residual_to_degree,1,test-125,2.197224577336219,3.3583478927612305
z_residual_to_degree,1,test-126,2.484906649788,3.8140876293182373
z_residual_to_degree,1,test-127,1.791759469228055,3.586509943008423
z_residual_to_degree,1,test-128,3.6635616461296463,3.5235371589660645
z_residual_to_degree,1,test-129,2.5649493574615367,2.539858341217041
z_residual_to_degree,1,test-130,2.995732273553991,3.5770671367645264
z_residual_to_degree,1,test-131,3.0445224377234226,3.6045007705688477
z_residual_to_degree,1,test-132,3.688879454113936,3.321317434310913
z_residual_to_degree,1,test-133,5.560681631015528,3.807990550994873
z_residual_to_degree,1,test-134,2.197224577336219,3.231213092803955
z_residual_to_degree,1,test-135,2.772588722239781,3.414555788040161
z_residual_to_degree,1,test-136,3.688879454113936,3.3885107040405273
z_residual_to_degree,1,test-137,2.1972245773362196,2.5217525959014893
z_residual_to_degree,1,test-138,4.31748811353631,4.100693225860596
z_residual_to_degree,1,test-139,1.791759469228055,2.9159984588623047
z_residual_to_degree,1,test-140,3.332204510175204,3.210369110107422
z_residual_to_degree,1,test-141,4.276666119016055,3.4146740436553955
z_residual_to_degree,1,test-142,2.7080502011022096,3.7621963024139404
z_residual_to_degree,1,test-143,2.0794415416798357,3.1051812171936035
z_residual_to_degree,1,test-144,2.772588722239781,3.7555136680603027
z_residual_to_degree,1,test-145,4.882801922586371,3.7213690280914307
z_residual_to_degree,1,test-146,3.465735902799726,3.7208807468414307
z_residual_to_degree,1,test-147,3.332204510175204,3.728926181793213
z_residual_to_degree,1,test-148,6.327936783729195,3.7670133113861084
z_residual_to_degree,1,test-149,3.2188758248682006,3.668271780014038
z_residual_to_degree,1,test-150,3.9318256327243257,3.625209093093872
z_residual_to_degree,1,test-151,3.295836866004329,3.3879194259643555
z_residual_to_degree,1,test-152,3.4011973816621555,3.301631450653076
z_residual_to_degree,1,test-153,4.0943445622221,3.7576074600219727
z_residual_to_degree,1,test-154,2.0794415416798357,3.462008237838745
z_residual_to_degree,1,test-155,2.3025850929940455,3.5749056339263916
z_residual_to_degree,1,test-156,5.41164605185504,3.5675642490386963
z_residual_to_degree,1,test-157,4.564348191467836,3.9854860305786133
z_residual_to_degree,1,test-158,0.0,0.07663989067077637
z_residual_to_degree,1,test-159,2.7080502011022096,3.882024049758911
z_residual_to_degree,1,test-160,2.9444389791664403,3.8753857612609863
z_residual_to_degree,1,test-161,1.3862943611198906,3.6286442279815674
z_residual_to_degree,1,test-162,2.8903717578961645,3.581124782562256
z_residual_to_degree,1,test-163,1.791759469228055,3.8285722732543945
z_residual_to_degree,1,test-164,5.560681631015528,3.687080144882202
z_residual_to_degree,1,test-165,1.0986122886681096,3.7534966468811035
z_residual_to_degree,1,test-166,3.5553480614894135,3.5276870727539062
z_residual_to_degree,1,test-167,4.499809670330265,3.3677825927734375
z_residual_to_degree,1,test-168,3.5553480614894135,3.6606545448303223
z_residual_to_degree,1,test-169,1.791759469228055,3.2476115226745605
z_residual_to_degree,1,test-170,2.0794415416798357,3.5779807567596436
z_residual_to_degree,1,test-171,5.288267030694534,3.809429168701172
z_residual_to_degree,1,test-172,1.3862943611198906,3.9410417079925537
z_residual_to_degree,1,test-173,2.484906649788,3.6820011138916016
z_residual_to_degree,1,test-174,3.9120230054281464,3.496373176574707
z_residual_to_degree,1,test-175,4.499809670330265,3.7543158531188965
z_residual_to_degree,1,test-176,4.867534450455582,3.4471096992492676
z_residual_to_degree,1,test-177,4.718498871295095,3.56628680229187
z_residual_to_degree,1,test-178,3.465735902799726,3.2805283069610596
z_residual_to_degree,1,test-179,1.3862943611198906,2.200057029724121
z_residual_to_degree,1,test-180,3.58351893845611,3.7659432888031006
z_residual_to_degree,1,test-181,3.58351893845611,3.3326547145843506
z_residual_to_degree,1,test-182,3.465735902799726,3.942218780517578
z_residual_to_degree,1,test-183,0.0,1.5968290567398071
z_residual_to_degree,1,test-184,7.24422751560335,3.874983549118042
z_residual_to_degree,1,test-185,3.332204510175204,3.039940357208252
z_residual_to_degree,1,test-186,3.401197381662155,3.062295913696289
z_residual_to_degree,1,test-187,3.332204510175204,3.637880802154541
z_residual_to_degree,1,test-188,2.484906649788,3.792598247528076
z_residual_to_degree,1,test-189,2.197224577336219,4.087410926818848
z_residual_to_degree,1,test-190,2.7080502011022096,3.3654816150665283
z_residual_to_degree,1,test-191,2.0794415416798357,3.44055438041687
z_residual_to_degree,1,test-192,3.0445224377234226,3.0729899406433105
z_residual_to_degree,1,test-193,2.995732273553991,3.6711714267730713
z_residual_to_degree,1,test-194,3.58351893845611,3.2813570499420166
z_residual_to_degree,1,test-195,4.90527477843843,4.079819679260254
z_residual_to_degree,1,test-196,4.5217885770490405,3.768202781677246
z_residual_to_degree,1,test-197,2.484906649788,3.6962528228759766
z_residual_to_degree,1,test-198,4.709530201312334,3.5521793365478516
z_residual_to_degree,1,test-199,1.0986122886681096,2.942291259765625
z_residual_to_degree,1,test-200,1.0986122886681096,3.207906484603882
z_residual_to_degree,1,test-201,1.0986122886681096,3.304903030395508
z_residual_to_degree,1,test-202,3.0445224377234226,2.999363899230957
z_residual_to_degree,1,test-203,2.484906649788,2.2630343437194824
z_residual_to_degree,1,test-204,2.6390573296152584,3.169311761856079
z_residual_to_degree,1,test-205,2.197224577336219,4.125168800354004
z_residual_to_degree,1,test-206,3.58351893845611,3.1757359504699707
z_residual_to_degree,1,test-207,4.248495242049359,3.7885613441467285
z_residual_to_degree,1,test-208,4.0943445622221,3.771141767501831
z_residual_to_degree,1,test-209,4.836281906951478,3.7450554370880127
z_residual_to_degree,1,test-210,4.976733742420574,3.7271387577056885
z_residual_to_degree,1,test-211,3.0445224377234226,3.566601276397705
z_residual_to_degree,1,test-212,4.499809670330265,3.7596592903137207
z_residual_to_degree,1,test-213,1.3862943611198906,1.5750868320465088
z_residual_to_degree,1,test-214,5.560681631015528,3.7745919227600098
z_residual_to_degree,1,test-215,2.0794415416798357,3.8148038387298584
z_residual_to_degree,1,test-216,0.6931471805599453,0.9501650333404541
z_residual_to_degree,1,test-217,1.791759469228055,2.7971785068511963
z_residual_to_degree,1,test-218,3.0445224377234226,2.981801748275757
z_residual_to_degree,1,test-219,3.58351893845611,3.1048974990844727
z_residual_to_degree,1,test-220,2.70805020110221,2.568422317504883
z_residual_to_degree,1,test-221,2.995732273553991,3.4083266258239746
z_residual_to_degree,1,test-222,2.0794415416798357,3.515636444091797
z_residual_to_degree,1,test-223,3.8712010109078907,3.5431137084960938
z_residual_to_degree,1,test-224,0.0,3.745781660079956
z_residual_to_degree,1,test-225,3.332204510175204,2.8495354652404785
z_residual_to_degree,1,test-226,2.0794415416798357,3.0810537338256836
z_residual_to_degree,1,test-227,2.772588722239781,3.4165091514587402
z_residual_to_degree,1,test-228,1.791759469228055,3.3933444023132324
z_residual_to_degree,1,test-229,2.197224577336219,3.6597976684570312
z_residual_to_degree,1,test-230,3.4011973816621555,2.956528663635254
z_residual_to_degree,1,test-231,4.430816798843313,3.775275945663452
z_residual_to_degree,1,test-232,4.276666119016055,3.831423759460449
z_residual_to_degree,1,test-233,1.791759469228055,2.773545265197754
z_residual_to_degree,1,test-234,3.58351893845611,3.297058582305908
z_residual_to_degree,1,test-235,3.1780538303479453,3.7937989234924316
z_residual_to_degree,1,test-236,2.8903717578961645,3.9001808166503906
z_residual_to_degree,1,test-237,3.0445224377234226,2.8503193855285645
z_residual_to_degree,1,test-238,5.780743515792329,3.620988368988037
z_residual_to_degree,1,test-239,6.327936783729195,3.9505231380462646
z_residual_to_degree,1,test-240,0.6931471805599453,4.397696495056152
z_residual_to_degree,1,test-241,2.4849066497880004,2.7913196086883545
z_residual_to_degree,1,test-242,2.8903717578961645,2.9939048290252686
z_residual_to_degree,1,test-243,2.197224577336219,3.615212917327881
z_residual_to_degree,1,test-244,3.0445224377234226,3.6828978061676025
z_residual_to_degree,1,test-245,2.7080502011022096,3.7795023918151855
z_residual_to_degree,1,test-246,4.74493212836325,3.7808380126953125
z_residual_to_degree,1,test-247,1.791759469228055,3.939117431640625
z_residual_to_degree,1,test-248,3.8066624897703196,3.746366500854492
z_residual_to_degree,1,test-249,3.951243718581427,3.767207622528076
z_residual_to_degree,1,test-250,1.3862943611198906,2.3704886436462402
z_residual_to_degree,1,test-251,4.718498871295095,3.5612761974334717
z_residual_to_degree,1,test-252,3.465735902799726,3.493938446044922
z_residual_to_degree,1,test-253,2.7080502011022096,3.0278477668762207
z_residual_to_degree,1,test-254,2.6390573296152584,3.6122095584869385
z_residual_to_degree,1,test-255,5.19295685089021,3.3433871269226074
z_residual_to_degree,1,test-256,0.0,3.6223201751708984
z_residual_to_degree,1,test-257,5.98141421125448,3.8675055503845215
z_residual_to_degree,1,test-258,3.8712010109078907,3.3193914890289307
z_residual_to_degree,1,test-259,2.9957322735539913,3.9688220024108887
z_residual_to_degree,1,test-260,1.0986122886681096,3.8626813888549805
z_residual_to_degree,1,test-261,3.401197381662155,3.6742424964904785
z_residual_to_degree,1,test-262,2.995732273553991,3.374870777130127
z_residual_to_degree,1,test-263,2.995732273553991,3.4835386276245117
z_residual_to_degree,1,test-264,4.1588830833596715,3.7448580265045166
z_residual_to_degree,1,test-265,4.31748811353631,3.917970895767212
z_residual_to_degree,1,test-266,1.791759469228055,2.5083067417144775
z_residual_to_degree,1,test-267,2.0794415416798357,3.7951858043670654
z_residual_to_degree,1,test-268,2.7080502011022096,3.469592809677124
z_residual_to_degree,1,test-269,6.476972362889683,3.764958143234253
z_residual_to_degree,1,test-270,1.791759469228055,3.5694994926452637
z_residual_to_degree,1,test-271,3.0445224377234226,3.4387478828430176
z_residual_to_degree,1,test-272,3.737669618283368,3.7810583114624023
z_residual_to_degree,1,test-273,3.1780538303479453,3.698683738708496
z_residual_to_degree,1,test-274,2.772588722239781,3.627173900604248
z_residual_to_degree,1,test-275,2.7080502011022096,3.4015276432037354
z_residual_to_degree,1,test-276,2.0794415416798357,3.6148109436035156
z_residual_to_degree,1,test-277,3.332204510175204,3.4330263137817383
z_residual_to_degree,1,test-278,5.220355825078324,3.646432399749756
z_residual_to_degree,1,test-279,3.6635616461296463,3.282766342163086
z_residual_to_degree,1,test-280,2.6390573296152584,3.781161069869995
z_residual_to_degree,1,test-281,2.484906649788,3.1000311374664307
z_residual_to_degree,1,test-282,3.9512437185814275,3.451502799987793
z_residual_to_degree,1,test-283,2.995732273553991,3.5201618671417236
z_residual_to_degree,1,test-284,1.6094379124341003,3.306370258331299
z_residual_to_degree,1,test-285,2.7080502011022096,2.947193145751953
z_residual_to_degree,1,test-286,6.461468176353717,3.773000717163086
z_residual_to_degree,1,test-287,3.0445224377234226,2.7643375396728516
z_residual_to_degree,1,test-288,3.4965075614664802,3.6323442459106445
z_residual_to_degree,1,test-289,4.499809670330265,3.1529459953308105
z_residual_to_degree,1,test-290,2.8903717578961645,2.9424216747283936
z_residual_to_degree,1,test-291,5.60947179518496,3.634294271469116
z_residual_to_degree,1,test-292,5.375278407684165,4.296499252319336
z_residual_to_degree,1,test-293,3.6888794541139367,3.830089807510376
z_residual_to_degree,1,test-294,2.197224577336219,3.5831406116485596
z_residual_to_degree,1,test-295,2.3025850929940455,3.17250919342041
z_residual_to_degree,1,test-296,3.7376696182833684,3.658879518508911
z_residual_to_degree,1,test-297,2.0794415416798357,3.6865999698638916
z_residual_to_degree,1,test-298,1.3862943611198906,3.3573660850524902
z_residual_to_degree,1,test-299,3.1780538303479453,3.522165060043335
z_residual_to_degree,1,test-300,2.995732273553991,3.371267080307007
z_residual_to_degree,1,test-301,1.6094379124341003,3.1972601413726807
z_residual_to_degree,1,test-302,2.484906649788,3.3923275470733643
z_residual_to_degree,1,test-303,2.0794415416798357,2.20306658744812
z_residual_to_degree,1,test-304,4.382026634673881,3.698967218399048
z_residual_to_degree,1,test-305,3.332204510175204,3.1911516189575195
z_residual_to_degree,1,test-306,5.556828061699537,3.8096699714660645
z_residual_to_degree,1,test-307,2.0794415416798357,3.4691505432128906
z_residual_to_degree,1,test-308,2.0794415416798357,2.8669872283935547
z_residual_to_degree,1,test-309,3.58351893845611,3.875778913497925
z_residual_to_degree,1,test-310,2.197224577336219,2.968292713165283
z_residual_to_degree,1,test-311,3.8918202981106265,3.777651786804199
z_residual_to_degree,1,test-312,2.4849066497880004,4.36499547958374
z_residual_to_degree,1,test-313,6.733401891837358,3.979985237121582
z_residual_to_degree,1,test-314,4.941642422609304,3.6066620349884033
z_residual_to_degree,1,test-315,1.9459101490553132,2.619774103164673
z_residual_to_degree,1,test-316,2.8903717578961645,3.3356122970581055
z_residual_to_degree,1,test-317,5.41164605185504,3.75939679145813
z_residual_to_degree,1,test-318,3.332204510175204,3.077857255935669
z_residual_to_degree,1,test-319,6.733401891837358,3.911832332611084
z_residual_to_degree,1,test-320,2.772588722239781,3.8142292499542236
z_residual_to_degree,1,test-321,3.0445224377234226,3.7091407775878906
z_residual_to_degree,1,test-322,2.995732273553991,3.39493989944458
z_residual_to_degree,1,test-323,0.6931471805599453,2.5847413539886475
z_residual_to_degree,1,test-324,2.484906649788,3.8745827674865723
z_residual_to_degree,1,test-325,2.772588722239781,3.5888702869415283
z_residual_to_degree,1,test-326,3.091042453358316,3.3518483638763428
z_residual_to_degree,1,test-327,3.4011973816621555,2.9730734825134277
z_residual_to_degree,1,test-328,3.688879454113936,3.336484432220459
z_residual_to_degree,1,test-329,1.6094379124341003,2.039486885070801
z_residual_to_degree,1,test-330,3.5553480614894135,3.4333930015563965
z_residual_to_degree,1,test-331,3.8712010109078907,3.993992328643799
z_residual_to_degree,1,test-332,2.70805020110221,2.8778586387634277
z_residual_to_degree,1,test-333,2.8903717578961645,5.793875694274902
z_residual_to_degree,1,test-334,2.4849066497880004,2.8471691608428955
z_residual_to_degree,1,test-335,4.51085950651685,2.9975690841674805
z_residual_to_degree,1,test-336,2.7080502011022096,3.7213034629821777
z_residual_to_degree,1,test-337,3.0445224377234226,3.4872853755950928
z_residual_to_degree,1,test-338,2.484906649788,3.4160542488098145
z_residual_to_degree,1,test-339,2.772588722239781,3.681727886199951
z_residual_to_degree,1,test-340,4.143134726391533,3.6829466819763184
z_residual_to_degree,1,test-341,3.9318256327243257,3.7213292121887207
z_residual_to_degree,1,test-342,2.484906649788,3.9969840049743652
z_residual_to_degree,1,test-343,4.787491742782047,3.8150157928466797
z_residual_to_degree,1,test-344,1.3862943611198906,3.269217014312744
z_residual_to_degree,1,test-345,3.1780538303479453,3.7537336349487305
z_residual_to_degree,1,test-346,2.484906649788,2.6660141944885254
z_residual_to_degree,1,test-347,2.484906649788,3.313905715942383
z_residual_to_degree,1,test-348,2.484906649788,2.82452392578125
z_residual_to_degree,1,test-349,3.401197381662155,3.626730442047119
z_residual_to_degree,1,test-350,2.8903717578961645,2.541863441467285
z_residual_to_degree,1,test-351,3.1780538303479453,3.543494701385498
z_residual_to_degree,1,test-352,1.3862943611198906,2.8808295726776123
z_residual_to_degree,1,test-353,4.882801922586371,4.18145751953125
z_residual_to_degree,1,test-354,4.234106504597259,3.7806754112243652
z_residual_to_degree,1,test-355,5.6937321388027,3.2974183559417725
z_residual_to_degree,1,test-356,0.6931471805599453,3.0360219478607178
z_residual_to_degree,1,test-357,1.791759469228055,3.751600742340088
z_residual_to_degree,1,test-358,1.791759469228055,3.6687700748443604
z_residual_to_degree,1,test-359,5.966146739123692,3.7846298217773438
z_residual_to_degree,1,test-360,3.4965075614664802,3.6081292629241943
z_residual_to_degree,1,test-361,6.733401891837358,2.376047134399414
z_residual_to_degree,1,test-362,5.272999558563747,3.8934364318847656
z_residual_to_degree,1,test-363,3.737669618283368,3.5816493034362793
z_residual_to_degree,1,test-364,2.197224577336219,2.54992938041687
z_residual_to_degree,1,test-365,2.995732273553991,3.8029978275299072
z_residual_to_degree,1,test-366,1.3862943611198906,3.560997486114502
z_residual_to_degree,1,test-367,6.327936783729195,2.6464052200317383
z_residual_to_degree,1,test-368,4.430816798843313,3.6087629795074463
z_residual_to_degree,1,test-369,0.0,2.6875760555267334
z_residual_to_degree,1,test-370,2.6390573296152584,3.856333017349243
z_residual_to_degree,1,test-371,1.6094379124341003,3.306558132171631
z_residual_to_degree,1,test-372,2.484906649788,3.773667812347412
z_residual_to_degree,1,test-373,3.465735902799726,3.855672836303711
z_residual_to_degree,1,test-374,2.772588722239781,3.105478525161743
z_residual_to_degree,1,test-375,2.7080502011022096,2.9907424449920654
z_residual_to_degree,1,test-376,4.74493212836325,3.778468370437622
z_residual_to_degree,1,test-377,2.4849066497880004,3.513758897781372
z_residual_to_degree,1,test-378,3.332204510175204,3.7620937824249268
z_residual_to_degree,1,test-379,2.4849066497880004,3.258566379547119
z_residual_to_degree,1,test-380,2.8903717578961645,3.6602840423583984
z_residual_to_degree,1,test-381,2.3025850929940455,4.013084888458252
z_residual_to_degree,1,test-382,1.791759469228055,3.525890588760376
z_residual_to_degree,1,test-383,0.6931471805599453,3.208057403564453
z_residual_to_degree,1,test-384,4.276666119016055,3.913001775741577
z_residual_to_degree,1,test-385,1.791759469228055,3.767068862915039
z_residual_to_degree,1,test-386,1.791759469228055,3.576029062271118
z_residual_to_degree,1,test-387,2.0794415416798357,3.450261354446411
z_residual_to_degree,1,test-388,2.995732273553991,3.6792869567871094
z_residual_to_degree,1,test-389,2.0794415416798357,3.700612783432007
z_residual_to_degree,1,test-390,3.0445224377234226,3.1024935245513916
z_residual_to_degree,1,test-391,2.995732273553991,3.628436326980591
z_residual_to_degree,1,test-392,0.0,3.698502540588379
z_residual_to_degree,1,test-393,1.3862943611198906,1.6249866485595703
z_residual_to_degree,1,test-394,2.3025850929940455,3.2303428649902344
z_residual_to_degree,1,test-395,3.295836866004329,3.6519603729248047
z_residual_to_degree,1,test-396,1.791759469228055,3.8167896270751953
z_residual_to_degree,1,test-397,3.4011973816621555,3.7095890045166016
z_residual_to_degree,1,test-398,2.4849066497880004,3.7875261306762695
z_residual_to_degree,1,test-399,2.995732273553991,3.4647862911224365
z_residual_to_degree,1,test-400,2.0794415416798357,3.964064598083496
z_residual_to_degree,1,test-401,2.0794415416798357,2.9083046913146973
z_residual_to_degree,1,test-402,3.1780538303479453,3.462399482727051
z_residual_to_degree,1,test-403,3.828641396489095,3.5570828914642334
z_residual_to_degree,1,test-404,4.90527477843843,3.8821442127227783
z_residual_to_degree,1,test-405,1.791759469228055,2.786123514175415
z_residual_to_degree,1,test-406,3.401197381662155,2.8918254375457764
z_residual_to_degree,1,test-407,1.3862943611198906,3.3281219005584717
z_residual_to_degree,1,test-408,2.8903717578961645,2.5648202896118164
z_residual_to_degree,1,test-409,4.276666119016055,3.4359445571899414
z_residual_to_degree,1,test-410,0.6931471805599453,2.693814277648926
z_residual_to_degree,1,test-411,3.5553480614894135,3.3608903884887695
z_residual_to_degree,1,test-412,2.8903717578961645,3.5073957443237305
z_residual_to_degree,1,test-413,3.332204510175204,3.707202672958374
z_residual_to_degree,1,test-414,5.342334251964811,3.6635963916778564
z_residual_to_degree,1,test-415,2.890371757896165,3.70365834236145
z_residual_to_degree,1,test-416,3.401197381662155,3.234626054763794
z_residual_to_degree,1,test-417,3.091042453358316,3.685089349746704
z_residual_to_degree,1,test-418,2.995732273553991,3.7191524505615234
z_residual_to_degree,1,test-419,3.401197381662155,3.677128791809082
z_residual_to_degree,1,test-420,4.787491742782046,3.637495279312134
z_residual_to_degree,1,test-421,4.430816798843313,3.703833818435669
z_residual_to_degree,1,test-422,2.8903717578961645,3.1061348915100098
z_residual_to_degree,1,test-423,2.0794415416798357,3.0282673835754395
z_residual_to_degree,1,test-424,3.1780538303479458,3.79760479927063
z_residual_to_degree,1,test-425,1.9459101490553132,3.4191489219665527
z_residual_to_degree,1,test-426,2.995732273553991,3.1252589225769043
z_residual_to_degree,1,test-427,2.197224577336219,3.63594126701355
z_residual_to_degree,1,test-428,1.3862943611198906,3.296043634414673
z_residual_to_degree,1,test-429,3.4011973816621555,3.8977363109588623
z_residual_to_degree,1,test-430,3.3322045101752042,3.2500123977661133
z_residual_to_degree,1,test-431,2.0794415416798357,3.245025396347046
z_residual_to_degree,1,test-432,2.484906649788,2.986248016357422
z_residual_to_degree,1,test-433,3.6888794541139367,3.1189541816711426
z_residual_to_degree,1,test-434,2.7080502011022096,2.948871612548828
z_residual_to_degree,1,test-435,2.4849066497880004,3.3090972900390625
z_residual_to_degree,1,test-436,4.718498871295095,3.6109962463378906
z_residual_to_degree,1,test-437,5.634789603169249,3.999640464782715
z_residual_to_degree,1,test-438,4.68213122712422,3.666384696960449
z_residual_to_degree,1,test-439,1.791759469228055,3.3935561180114746
z_residual_to_degree,1,test-440,3.9889840465642745,3.7701051235198975
z_residual_to_degree,1,test-441,6.327936783729195,3.7620508670806885
z_residual_to_degree,1,test-442,3.0445224377234226,3.27236270904541
z_residual_to_degree,1,test-443,2.7080502011022096,3.5845184326171875
z_residual_to_degree,1,test-444,1.0986122886681096,2.7498488426208496
z_residual_to_degree,1,test-445,2.995732273553991,2.9444751739501953
z_residual_to_degree,1,test-446,2.772588722239781,3.4137048721313477
z_residual_to_degree,1,test-447,2.995732273553991,3.4098565578460693
z_residual_to_degree,1,test-448,1.791759469228055,2.2858211994171143
z_residual_to_degree,1,test-449,1.3862943611198906,3.2643215656280518
z_residual_to_degree,1,test-450,2.484906649788,3.8380253314971924
z_residual_to_degree,1,test-451,7.50659178007084,3.8830535411834717
z_residual_to_degree,1,test-452,3.951243718581427,3.655637264251709
z_residual_to_degree,1,test-453,3.5553480614894135,3.752500057220459
z_residual_to_degree,1,test-454,2.7080502011022096,4.406007766723633
z_residual_to_degree,1,test-455,3.258096538021482,2.8071746826171875
z_residual_to_degree,1,test-456,5.634789603169249,3.8262181282043457
z_residual_to_degree,1,test-457,0.6931471805599453,2.745351791381836
z_residual_to_degree,1,test-458,2.772588722239781,3.2345898151397705
z_residual_to_degree,1,test-459,3.4011973816621555,3.5147995948791504
z_residual_to_degree,1,test-460,2.995732273553991,3.7294015884399414
z_residual_to_degree,1,test-461,3.0445224377234226,3.0027055740356445
z_residual_to_degree,1,test-462,2.1972245773362196,3.3227009773254395
z_residual_to_degree,1,test-463,1.791759469228055,2.5839147567749023
z_residual_to_degree,1,test-464,3.1780538303479458,3.80334734916687
z_residual_to_degree,1,test-465,2.1972245773362196,3.571035146713257
z_residual_to_degree,1,test-466,3.401197381662155,4.10105037689209
z_residual_to_degree,1,test-467,6.327936783729195,3.889252185821533
z_residual_to_degree,1,test-468,2.995732273553991,3.8187971115112305
z_residual_to_degree,1,test-469,3.0445224377234226,2.99591326713562
z_residual_to_degree,1,test-470,1.0986122886681096,3.8940186500549316
z_residual_to_degree,1,test-471,3.401197381662155,3.260810136795044
z_residual_to_degree,1,test-472,2.3025850929940455,2.875541925430298
z_residual_to_degree,1,test-473,6.040254711277413,3.2354989051818848
z_residual_to_degree,1,test-474,4.90527477843843,3.397784948348999
z_residual_to_degree,1,test-475,2.197224577336219,3.4272196292877197
z_residual_to_degree,1,test-476,2.0794415416798357,3.1712281703948975
z_residual_to_degree,1,test-477,2.8903717578961645,2.3622264862060547
z_residual_to_degree,1,test-478,3.1780538303479453,3.5020906925201416
z_residual_to_degree,1,test-479,2.995732273553991,3.1564552783966064
z_residual_to_degree,1,test-480,4.276666119016055,3.71232271194458
z_residual_to_degree,1,test-481,2.4849066497880004,3.6520309448242188
z_residual_to_degree,1,test-482,3.295836866004329,3.715327262878418
z_residual_to_degree,1,test-483,3.1780538303479453,3.453709125518799
z_residual_to_degree,1,test-484,2.0794415416798357,2.0853376388549805
z_residual_to_degree,1,test-485,3.332204510175204,3.055509090423584
z_residual_to_degree,1,test-486,1.3862943611198906,2.7260079383850098
z_residual_to_degree,1,test-487,4.356708826689592,3.6233341693878174
z_residual_to_degree,1,test-488,2.0794415416798357,3.5619757175445557
z_residual_to_degree,1,test-489,2.9957322735539913,3.748875379562378
z_residual_to_degree,1,test-490,0.6931471805599453,2.8294661045074463
z_residual_to_degree,1,test-491,2.0794415416798357,2.957740306854248
z_residual_to_degree,1,test-492,4.31748811353631,3.791995048522949
z_residual_to_degree,1,test-493,3.58351893845611,3.632272243499756
z_residual_to_degree,1,test-494,0.0,2.589275360107422
z_residual_to_degree,1,test-495,5.272999558563747,4.237233638763428
z_residual_to_degree,1,test-496,1.791759469228055,3.8098368644714355
z_residual_to_degree,1,test-497,3.7376696182833684,3.6799075603485107
z_residual_to_degree,1,test-498,2.4849066497880004,2.613391876220703
z_residual_to_degree,1,test-499,3.8712010109078907,3.080052614212036
z_residual_to_degree,1,test-500,6.040254711277413,2.914496421813965
z_residual_to_degree,1,test-501,3.3322045101752042,3.7639026641845703
z_residual_to_degree,1,test-502,3.332204510175204,3.608499526977539
z_residual_to_degree,1,test-503,4.700480365792417,3.9279799461364746
z_residual_to_degree,1,test-504,4.499809670330265,3.441070079803467
z_residual_to_degree,1,test-505,2.197224577336219,2.847893238067627
z_residual_to_degree,1,test-506,3.688879454113936,4.070285320281982
z_residual_to_degree,1,test-507,2.6390573296152584,3.10701322555542
z_residual_to_degree,1,test-508,4.276666119016055,3.5029523372650146
z_residual_to_degree,1,test-509,3.8712010109078907,3.8357791900634766
z_residual_to_degree,1,test-510,4.442651256490317,3.301882743835449
z_residual_to_degree,1,test-511,5.634789603169249,3.777860164642334
z_degree_to_cn_residual,1,test-0,0.41901558340082656,0.4141385555267334
z_degree_to_cn_residual,1,test-1,-0.2583525517139924,0.19845746457576752
z_degree_to_cn_residual,1,test-2,-0.018993154254683953,0.18776987493038177
z_degree_to_cn_residual,1,test-3,-0.09727709888120242,0.0719287246465683
z_degree_to_cn_residual,1,test-4,1.0359694158101418,-0.08934701979160309
z_degree_to_cn_residual,1,test-5,-0.4047253779878611,0.13380549848079681
z_degree_to_cn_residual,1,test-6,1.0655218182956825,0.15491221845149994
z_degree_to_cn_residual,1,test-7,-0.18426105211107924,0.17878566682338715
z_degree_to_cn_residual,1,test-8,-0.10023401181546886,0.23118744790554047
z_degree_to_cn_residual,1,test-9,-0.35666135733620163,0.1355867236852646
z_degree_to_cn_residual,1,test-10,0.8355607557628979,0.16043327748775482
z_degree_to_cn_residual,1,test-11,0.6811794613133313,0.32158946990966797
z_degree_to_cn_residual,1,test-12,-0.0022547768087889004,0.045561060309410095
z_degree_to_cn_residual,1,test-13,0.08268421210545274,0.13881419599056244
z_degree_to_cn_residual,1,test-14,0.1265245666267653,0.019221052527427673
z_degree_to_cn_residual,1,test-15,0.6908924037511563,0.10836027562618256
z_degree_to_cn_residual,1,test-16,0.4964614688251994,0.1828296035528183
z_degree_to_cn_residual,1,test-17,0.030648706081244377,0.1368558257818222
z_degree_to_cn_residual,1,test-18,-0.0022547768087889004,0.045561060309410095
z_degree_to_cn_residual,1,test-19,-0.10023401181546886,0.23118744790554047
z_degree_to_cn_residual,1,test-20,-0.0017162122830214665,0.12121342122554779
z_degree_to_cn_residual,1,test-21,0.3748629636930609,0.2107226699590683
z_degree_to_cn_residual,1,test-22,-0.2630515329052116,0.16043327748775482
z_degree_to_cn_residual,1,test-23,-0.0018040386788887037,0.03411506116390228
z_degree_to_cn_residual,1,test-24,0.3272151667083216,0.21403859555721283
z_degree_to_cn_residual,1,test-25,-0.528650074782717,0.2775299549102783
z_degree_to_cn_residual,1,test-26,0.6906723567239333,0.2478361576795578
z_degree_to_cn_residual,1,test-27,0.7803280718012251,0.2107226699590683
z_degree_to_cn_residual,1,test-28,0.5975839598243551,0.1357123702764511
z_degree_to_cn_residual,1,test-29,0.6876077702565512,0.20172904431819916
z_degree_to_cn_residual,1,test-30,0.6739266191922899,0.10659955441951752
z_degree_to_cn_residual,1,test-31,0.22592574994459075,0.13462428748607635
z_degree_to_cn_residual,1,test-32,-0.31276047812031493,0.3625681400299072
z_degree_to_cn_residual,1,test-33,0.6864567173986107,-0.06949855387210846
z_degree_to_cn_residual,1,test-34,-0.22577903790857956,0.22397778928279877
z_degree_to_cn_residual,1,test-35,-0.15886813049140017,0.36052775382995605
z_degree_to_cn_residual,1,test-36,-0.0018015872129917689,0.3375427722930908
z_degree_to_cn_residual,1,test-37,-0.0024748238360119044,0.2478361576795578
z_degree_to_cn_residual,1,test-38,0.0026647510744795353,-0.0042581707239151
z_degree_to_cn_residual,1,test-39,-0.0022547768087889004,0.10836027562618256
z_degree_to_cn_residual,1,test-40,1.0637319047963991,0.08498464524745941
z_degree_to_cn_residual,1,test-41,0.33648582322374365,0.1355867236852646
z_degree_to_cn_residual,1,test-42,0.3950893555112512,0.39249300956726074
z_degree_to_cn_residual,1,test-43,-0.07427853032672008,0.20964430272579193
z_degree_to_cn_residual,1,test-44,1.160515323211311,0.22397778928279877
z_degree_to_cn_residual,1,test-45,-0.0022547768087889004,0.045561060309410095
z_degree_to_cn_residual,1,test-46,0.1405242991682083,0.27576184272766113
z_degree_to_cn_residual,1,test-47,-0.0018015872129917689,-0.0012967735528945923
z_degree_to_cn_residual,1,test-48,0.5975839598243551,0.1357123702764511
z_degree_to_cn_residual,1,test-49,0.3950893555112512,0.39249300956726074
z_degree_to_cn_residual,1,test-50,0.3983360912278105,-0.007375970482826233
z_degree_to_cn_residual,1,test-51,0.5067931432115338,0.3116753101348877
z_degree_to_cn_residual,1,test-52,-0.5947108813669576,0.13396094739437103
z_degree_to_cn_residual,1,test-53,-0.09556322073559016,0.1357123702764511
z_degree_to_cn_residual,1,test-54,-0.007277398667662731,0.11690054833889008
z_degree_to_cn_residual,1,test-55,-0.585216216354449,-0.00873972475528717
z_degree_to_cn_residual,1,test-56,-0.09556322073559016,0.20843003690242767
z_degree_to_cn_residual,1,test-57,0.8884193392353986,-0.03712822496891022
z_degree_to_cn_residual,1,test-58,-0.48732856757400367,0.300494909286499
z_degree_to_cn_residual,1,test-59,0.6906723567239333,0.09733723104000092
z_degree_to_cn_residual,1,test-60,-0.24664060277060912,0.27478933334350586
z_degree_to_cn_residual,1,test-61,-0.00020231820106400537,-0.016586557030677795
z_degree_to_cn_residual,1,test-62,-0.00020231820106400537,-0.05392099916934967
z_degree_to_cn_residual,1,test-63,-0.0018015872129917689,0.3375427722930908
z_degree_to_cn_residual,1,test-64,-0.18349714014503832,0.13641832768917084
z_degree_to_cn_residual,1,test-65,1.0030490679325195,0.1357123702764511
z_degree_to_cn_residual,1,test-66,-0.0040603077699362606,0.016433700919151306
z_degree_to_cn_residual,1,test-67,-0.0040603077699362606,0.016433700919151306
z_degree_to_cn_residual,1,test-68,-0.5281305324979,0.23330281674861908
z_degree_to_cn_residual,1,test-69,0.40923910922239254,0.02376149594783783
z_degree_to_cn_residual,1,test-70,0.5067931432115338,0.3116753101348877
z_degree_to_cn_residual,1,test-71,0.34616685845311307,0.0887143462896347
z_degree_to_cn_residual,1,test-72,-0.0022547768087889004,0.10836027562618256
z_degree_to_cn_residual,1,test-73,-0.3225624563234914,0.08498464524745941
z_degree_to_cn_residual,1,test-74,-0.09556322073559016,0.20843003690242767
z_degree_to_cn_residual,1,test-75,0.9983782768526407,0.23118744790554047
z_degree_to_cn_residual,1,test-76,-0.0018040386788887037,0.03411506116390228
z_degree_to_cn_residual,1,test-77,0.5929131687444764,0.23118744790554047
z_degree_to_cn_residual,1,test-78,-0.0020240857061117087,-0.0471203476190567
z_degree_to_cn_residual,1,test-79,-0.0022547768087889004,0.10836027562618256
z_degree_to_cn_residual,1,test-80,0.6876077702565512,0.20172904431819916
z_degree_to_cn_residual,1,test-81,0.3247792901778015,-0.016850963234901428
z_degree_to_cn_residual,1,test-82,1.068010144253006,0.2107226699590683
z_degree_to_cn_residual,1,test-83,-0.06000166077099335,-0.00038148462772369385
z_degree_to_cn_residual,1,test-84,-0.32208678930701756,0.34148573875427246
z_degree_to_cn_residual,1,test-85,-0.2583525517139924,0.19845746457576752
z_degree_to_cn_residual,1,test-86,0.3983360912278105,-0.007375970482826233
z_degree_to_cn_residual,1,test-87,-0.09556322073559016,0.20843003690242767
z_degree_to_cn_residual,1,test-88,-0.007277398667662731,0.11690054833889008
z_degree_to_cn_residual,1,test-89,-0.2948110893321348,-0.007375970482826233
z_degree_to_cn_residual,1,test-90,-0.07427853032672008,0.20964430272579193
z_degree_to_cn_residual,1,test-91,-0.0024748238360119044,0.09733723104000092
z_degree_to_cn_residual,1,test-92,0.5958700816787429,0.0719287246465683
z_degree_to_cn_residual,1,test-93,0.48295423112723435,-0.03712822496891022
z_degree_to_cn_residual,1,test-94,-0.07427853032672008,0.20964430272579193
z_degree_to_cn_residual,1,test-95,0.5620068735609041,0.13478772342205048
z_degree_to_cn_residual,1,test-96,-0.6164097484976776,-0.3413207530975342
z_degree_to_cn_residual,1,test-97,-0.12666879423377733,0.17788337171077728
z_degree_to_cn_residual,1,test-98,-0.0024748238360119044,0.2478361576795578
z_degree_to_cn_residual,1,test-99,-0.09556322073559016,0.20843003690242767
z_degree_to_cn_residual,1,test-100,-0.3683678903821438,-0.016850963234901428
z_degree_to_cn_residual,1,test-101,0.5975839598243551,0.20843003690242767
z_degree_to_cn_residual,1,test-102,0.04707236782785143,0.06733249127864838
z_degree_to_cn_residual,1,test-103,-0.15886813049140017,0.36052775382995605
z_degree_to_cn_residual,1,test-104,0.6291349309040132,0.272571325302124
z_degree_to_cn_residual,1,test-105,-0.0018040386788887037,0.03411506116390228
z_degree_to_cn_residual,1,test-106,0.6864567173986107,-0.08769012987613678
z_degree_to_cn_residual,1,test-107,-0.0022547768087889004,0.045561060309410095
z_degree_to_cn_residual,1,test-108,0.09843629919298769,0.13396094739437103
z_degree_to_cn_residual,1,test-109,0.38038670243963035,0.3625681400299072
z_degree_to_cn_residual,1,test-110,-0.0024748238360119044,0.09733723104000092
z_degree_to_cn_residual,1,test-111,0.0028715724223535776,-0.012155309319496155
z_degree_to_cn_residual,1,test-112,0.43827176493454917,0.31209659576416016
z_degree_to_cn_residual,1,test-113,-0.4110045184115584,0.20172904431819916
z_degree_to_cn_residual,1,test-114,-0.0020240857061117087,-0.0471203476190567
z_degree_to_cn_residual,1,test-115,0.6913455933469536,0.3375427722930908
z_degree_to_cn_residual,1,test-116,1.018059726085129,-0.2564537525177002
z_degree_to_cn_residual,1,test-117,0.6990601796163277,0.07710693776607513
z_degree_to_cn_residual,1,test-118,-0.28390807133755275,0.02376149594783783
z_degree_to_cn_residual,1,test-119,0.7108960938684429,0.013172373175621033
z_degree_to_cn_residual,1,test-120,0.6188686502332252,0.20964430272579193
z_degree_to_cn_residual,1,test-121,0.5067931432115338,0.3116753101348877
z_degree_to_cn_residual,1,test-122,0.7302443982859658,-0.016850963234901428
z_degree_to_cn_residual,1,test-123,0.6908924037511563,0.10836027562618256
z_degree_to_cn_residual,1,test-124,-0.007277398667662731,0.11690054833889008
z_degree_to_cn_residual,1,test-125,-0.06401224965593211,0.272571325302124
z_degree_to_cn_residual,1,test-126,1.0243337583413894,0.20964740216732025
z_degree_to_cn_residual,1,test-127,-0.0022547768087889004,0.10836504399776459
z_degree_to_cn_residual,1,test-128,-0.18426105211107924,0.17878566682338715
z_degree_to_cn_residual,1,test-129,-0.013887172973514786,-0.04958893358707428
z_degree_to_cn_residual,1,test-130,0.9122582513196982,0.3116753101348877
z_degree_to_cn_residual,1,test-131,0.5929131687444764,0.23118744790554047
z_degree_to_cn_residual,1,test-132,-0.4110045184115584,0.20172904431819916
z_degree_to_cn_residual,1,test-133,-0.37883510134058207,0.09688542783260345
z_degree_to_cn_residual,1,test-134,-0.06401224965593211,0.272571325302124
z_degree_to_cn_residual,1,test-135,0.5342790500685451,0.36052775382995605
z_degree_to_cn_residual,1,test-136,0.6876077702565512,0.20172904431819916
z_degree_to_cn_residual,1,test-137,-0.00020231820106400537,-0.016586557030677795
z_degree_to_cn_residual,1,test-138,-0.4547401543466098,0.06479333341121674
z_degree_to_cn_residual,1,test-139,-0.0022547768087889004,0.10836027562618256
z_degree_to_cn_residual,1,test-140,-0.2948110893321348,-0.007375970482826233
z_degree_to_cn_residual,1,test-141,0.7255381829334756,0.2416531890630722
z_degree_to_cn_residual,1,test-142,-0.09556322073559016,0.20843003690242767
z_degree_to_cn_residual,1,test-143,-0.0024748238360119044,0.09733723104000092
z_degree_to_cn_residual,1,test-144,-0.15886813049140017,0.36052775382995605
z_degree_to_cn_residual,1,test-145,-0.019220561367655327,0.10659955441951752
z_degree_to_cn_residual,1,test-146,0.3748629636930609,0.2107226699590683
z_degree_to_cn_residual,1,test-147,-0.2948110893321348,-0.007375970482826233
z_degree_to_cn_residual,1,test-148,0.09843629919298769,0.13396094739437103
z_degree_to_cn_residual,1,test-149,-0.28390807133755275,0.02376149594783783
z_degree_to_cn_residual,1,test-150,-0.2022090658798931,0.1702258437871933
z_degree_to_cn_residual,1,test-151,0.5620068735609041,0.12013553082942963
z_degree_to_cn_residual,1,test-152,-0.007582155548103726,0.044653162360191345
z_degree_to_cn_residual,1,test-153,0.2590097008212066,0.2800624370574951
z_degree_to_cn_residual,1,test-154,0.6906723567239333,0.09733723104000092
z_degree_to_cn_residual,1,test-155,-0.0024748238360119044,0.2478361576795578
z_degree_to_cn_residual,1,test-156,1.219443201021135,0.18230055272579193
z_degree_to_cn_residual,1,test-157,-0.12202718859176774,0.1478874534368515
z_degree_to_cn_residual,1,test-158,-0.0018015872129917689,-0.0012967735528945923
z_degree_to_cn_residual,1,test-159,0.5975839598243551,0.20843003690242767
z_degree_to_cn_residual,1,test-160,0.0028715724223535776,-0.006822362542152405
z_degree_to_cn_residual,1,test-161,-0.0020240857061117087,-0.0471203476190567
z_degree_to_cn_residual,1,test-162,0.5975839598243551,0.1357123702764511
z_degree_to_cn_residual,1,test-163,-0.0022547768087889004,0.10836027562618256
z_degree_to_cn_residual,1,test-164,0.3143120792193632,0.09688542783260345
z_degree_to_cn_residual,1,test-165,-0.0018040386788887037,0.03411506116390228
z_degree_to_cn_residual,1,test-166,-0.36593201385162366,0.21403859555721283
z_degree_to_cn_residual,1,test-167,-0.5594178356868584,0.009372100234031677
z_degree_to_cn_residual,1,test-168,0.3272151667083216,0.21403859555721283
z_degree_to_cn_residual,1,test-169,-0.0022547768087889004,0.10836027562618256
z_degree_to_cn_residual,1,test-170,-0.0024748238360119044,0.09733723104000092
z_degree_to_cn_residual,1,test-171,0.5721845461797057,-0.026777997612953186
z_degree_to_cn_residual,1,test-172,-0.0020240857061117087,-0.0471203476190567
z_degree_to_cn_residual,1,test-173,-0.07427853032672008,0.20964430272579193
z_degree_to_cn_residual,1,test-174,1.192005085079322,0.32158946990966797
z_degree_to_cn_residual,1,test-175,0.8268765254330321,0.009372100234031677
z_degree_to_cn_residual,1,test-176,-0.09264389345827083,0.10933183133602142
z_degree_to_cn_residual,1,test-177,0.030648706081244377,0.1368558257818222
z_degree_to_cn_residual,1,test-178,-0.3182842168668844,0.2107226699590683
z_degree_to_cn_residual,1,test-179,-0.0020240857061117087,-0.0471203476190567
z_degree_to_cn_residual,1,test-180,-0.006690463161334578,-0.06949855387210846
z_degree_to_cn_residual,1,test-181,-0.31276047812031493,0.3625681400299072
z_degree_to_cn_residual,1,test-182,-0.3182842168668844,0.2107226699590683
z_degree_to_cn_residual,1,test-183,-0.0018015872129917689,-0.0012967735528945923
z_degree_to_cn_residual,1,test-184,0.2591570888338408,-0.17311431467533112
z_degree_to_cn_residual,1,test-185,-0.2948110893321348,-0.007375970482826233
z_degree_to_cn_residual,1,test-186,1.123242828214679,0.16043327748775482
z_degree_to_cn_residual,1,test-187,-0.2948110893321348,-0.007375970482826233
z_degree_to_cn_residual,1,test-188,-0.07427853032672008,0.20964430272579193
z_degree_to_cn_residual,1,test-189,-0.06401224965593211,0.272571325302124
z_degree_to_cn_residual,1,test-190,0.5975839598243551,0.20843003690242767
z_degree_to_cn_residual,1,test-191,-0.0024748238360119044,0.09733723104000092
z_degree_to_cn_residual,1,test-192,0.5929131687444764,0.23118744790554047
z_degree_to_cn_residual,1,test-193,-0.18635403734841144,0.3116753101348877
z_degree_to_cn_residual,1,test-194,-0.006690463161334578,-0.06949855387210846
z_degree_to_cn_residual,1,test-195,0.1650166480620453,0.23330281674861908
z_degree_to_cn_residual,1,test-196,-0.3558306615151853,0.4615817070007324
z_degree_to_cn_residual,1,test-197,-0.07427853032672008,0.20964430272579193
z_degree_to_cn_residual,1,test-198,-0.14545922246111387,0.10892032086849213
z_degree_to_cn_residual,1,test-199,-0.0018040386788887037,0.03411506116390228
z_degree_to_cn_residual,1,test-200,-0.0018040386788887037,0.03411506116390228
z_degree_to_cn_residual,1,test-201,-0.0018040386788887037,0.03411506116390228
z_degree_to_cn_residual,1,test-202,-0.10023401181546886,0.23118744790554047
z_degree_to_cn_residual,1,test-203,-0.07427853032672008,0.20964430272579193
z_degree_to_cn_residual,1,test-204,0.6858697818922825,0.11690054833889008
z_degree_to_cn_residual,1,test-205,-0.06401224965593211,0.272571325302124
z_degree_to_cn_residual,1,test-206,-0.31276047812031493,0.3625681400299072
z_degree_to_cn_residual,1,test-207,0.252220462640869,0.04058597981929779
z_degree_to_cn_residual,1,test-208,-0.3469803221068322,0.0887143462896347
z_degree_to_cn_residual,1,test-209,0.4614097222901157,0.004277095198631287
z_degree_to_cn_residual,1,test-210,0.2528816619975243,0.3159446716308594
z_degree_to_cn_residual,1,test-211,0.9983782768526407,0.23118744790554047
z_degree_to_cn_residual,1,test-212,-0.017144623807369665,0.17529724538326263
z_degree_to_cn_residual,1,test-213,-0.0018015872129917689,0.3375427722930908
z_degree_to_cn_residual,1,test-214,0.7197771873275275,0.09688542783260345
z_degree_to_cn_residual,1,test-215,-0.0024748238360119044,0.09733723104000092
z_degree_to_cn_residual,1,test-216,-0.0022547768087889004,0.045561060309410095
z_degree_to_cn_residual,1,test-217,0.6908924037511563,0.10836027562618256
z_degree_to_cn_residual,1,test-218,-0.10023401181546886,0.23118744790554047
z_degree_to_cn_residual,1,test-219,-0.3683678903821438,-0.016850963234901428
z_degree_to_cn_residual,1,test-220,-0.0006184180575551858,-0.031906858086586
z_degree_to_cn_residual,1,test-221,-0.18635403734841144,0.3116753101348877
z_degree_to_cn_residual,1,test-222,-0.0024748238360119044,0.09733723104000092
z_degree_to_cn_residual,1,test-223,-0.19225343103972337,0.21704386174678802
z_degree_to_cn_residual,1,test-224,-0.0018015872129917689,-0.0012967735528945923
z_degree_to_cn_residual,1,test-225,0.8038011993359748,-0.007375970482826233
z_degree_to_cn_residual,1,test-226,-0.0024748238360119044,0.09733723104000092
z_degree_to_cn_residual,1,test-227,0.9397441581767094,0.36052775382995605
z_degree_to_cn_residual,1,test-228,-0.0022547768087889004,0.10836027562618256
z_degree_to_cn_residual,1,test-229,-0.06401224965593211,0.272571325302124
z_degree_to_cn_residual,1,test-230,0.5620068735609041,0.13478772342205048
z_degree_to_cn_residual,1,test-231,-0.35440529161499984,0.48844051361083984
z_degree_to_cn_residual,1,test-232,0.5770717695959459,0.36783337593078613
z_degree_to_cn_residual,1,test-233,-0.0015424143024689073,0.09892009198665619
z_degree_to_cn_residual,1,test-234,-0.3683678903821438,-0.016850963234901428
z_degree_to_cn_residual,1,test-235,0.5958700816787429,0.0719287246465683
z_degree_to_cn_residual,1,test-236,-0.09556322073559016,0.1357123702764511
z_degree_to_cn_residual,1,test-237,-0.10023401181546886,0.23118744790554047
z_degree_to_cn_residual,1,test-238,1.0695654446363474,-0.6955273151397705
z_degree_to_cn_residual,1,test-239,0.09843629919298769,0.13396094739437103
z_degree_to_cn_residual,1,test-240,-0.0022547768087889004,0.045561060309410095
z_degree_to_cn_residual,1,test-241,-0.0040603077699362606,0.016433700919151306
z_degree_to_cn_residual,1,test-242,1.0030490679325195,0.1357123702764511
z_degree_to_cn_residual,1,test-243,0.6291349309040132,0.272571325302124
z_degree_to_cn_residual,1,test-244,-0.10023401181546886,0.23118744790554047
z_degree_to_cn_residual,1,test-245,0.5975839598243551,0.20843003690242767
z_degree_to_cn_residual,1,test-246,-0.6104629684544925,0.13881419599056244
z_degree_to_cn_residual,1,test-247,-0.0022547768087889004,0.10836027562618256
z_degree_to_cn_residual,1,test-248,-0.4047253779878611,0.13380549848079681
z_degree_to_cn_residual,1,test-249,-0.3225624563234914,0.08498464524745941
z_degree_to_cn_residual,1,test-250,-0.0020240857061117087,-0.0471203476190567
z_degree_to_cn_residual,1,test-251,0.030648706081244377,0.1368558257818222
z_degree_to_cn_residual,1,test-252,-0.3182842168668844,0.2107226699590683
z_degree_to_cn_residual,1,test-253,-0.09556322073559016,0.20843003690242767
z_degree_to_cn_residual,1,test-254,-0.007277398667662731,0.11689947545528412
z_degree_to_cn_residual,1,test-255,-0.2731760138842796,0.24191544950008392
z_degree_to_cn_residual,1,test-256,-0.0018015872129917689,-0.0012967735528945923
z_degree_to_cn_residual,1,test-257,0.16176521739140348,0.16553948819637299
z_degree_to_cn_residual,1,test-258,0.8541545387589237,0.2513768672943115
z_degree_to_cn_residual,1,test-259,-0.002670989411858091,0.0758884996175766
z_degree_to_cn_residual,1,test-260,-0.0018040386788887037,0.03411506116390228
z_degree_to_cn_residual,1,test-261,0.4300956476547337,0.16043327748775482
z_degree_to_cn_residual,1,test-262,0.9122582513196982,0.3116753101348877
z_degree_to_cn_residual,1,test-263,-0.18635403734841144,0.3116753101348877
z_degree_to_cn_residual,1,test-264,-0.3320721512816548,0.09903262555599213
z_degree_to_cn_residual,1,test-265,-0.4547401543466098,0.06479333341121674
z_degree_to_cn_residual,1,test-266,0.6908924037511563,0.10836027562618256
z_degree_to_cn_residual,1,test-267,0.6906723567239333,0.09733723104000092
z_degree_to_cn_residual,1,test-268,-0.09556322073559016,0.20843003690242767
z_degree_to_cn_residual,1,test-269,0.5689702541034036,-0.4513099193572998
z_degree_to_cn_residual,1,test-270,-0.0022547768087889004,0.10836027562618256
z_degree_to_cn_residual,1,test-271,0.9983782768526407,0.23118744790554047
z_degree_to_cn_residual,1,test-272,0.2613485229610166,0.21969102323055267
z_degree_to_cn_residual,1,test-273,0.4673681426513657,0.22397778928279877
z_degree_to_cn_residual,1,test-274,0.5342790500685451,0.36052775382995605
z_degree_to_cn_residual,1,test-275,-0.09556322073559016,0.20843003690242767
z_degree_to_cn_residual,1,test-276,-0.00020231820106400537,0.007868513464927673
z_degree_to_cn_residual,1,test-277,-0.2948110893321348,-0.007375970482826233
z_degree_to_cn_residual,1,test-278,0.4199711666756657,0.22547219693660736
z_degree_to_cn_residual,1,test-279,0.508886128448866,0.17878566682338715
z_degree_to_cn_residual,1,test-280,-0.007277398667662731,0.11690054833889008
z_degree_to_cn_residual,1,test-281,1.0243337583413894,0.20964430272579193
z_degree_to_cn_residual,1,test-282,-0.03149563168791701,-0.008506789803504944
z_degree_to_cn_residual,1,test-283,-0.18635403734841144,0.3116753101348877
z_degree_to_cn_residual,1,test-284,-0.0015424143024689073,0.0203239768743515
z_degree_to_cn_residual,1,test-285,-0.09556322073559016,0.20843003690242767
z_degree_to_cn_residual,1,test-286,1.2992843180736968,-0.33127355575561523
z_degree_to_cn_residual,1,test-287,-0.10023401181546886,0.23118744790554047
z_degree_to_cn_residual,1,test-288,0.5538976368173106,0.06496880948543549
z_degree_to_cn_residual,1,test-289,0.22592574994459075,0.12035320699214935
z_degree_to_cn_residual,1,test-290,0.5975839598243551,0.1357123702764511
z_degree_to_cn_residual,1,test-291,0.5684379178128287,-0.18577171862125397
z_degree_to_cn_residual,1,test-292,-0.8251345712510022,-0.27417075634002686
z_degree_to_cn_residual,1,test-293,0.33648582322374365,0.1355867236852646
z_degree_to_cn_residual,1,test-294,0.6291349309040132,0.272571325302124
z_degree_to_cn_residual,1,test-295,0.6906723567239333,0.2478361576795578
z_degree_to_cn_residual,1,test-296,-0.003006727339478526,-0.0365605503320694
z_degree_to_cn_residual,1,test-297,-0.00020231820106400537,0.007868513464927673
z_degree_to_cn_residual,1,test-298,0.6913455933469536,0.3375427722930908
z_degree_to_cn_residual,1,test-299,-0.22577903790857956,0.22397778928279877
z_degree_to_cn_residual,1,test-300,0.5067931432115338,0.3116753101348877
z_degree_to_cn_residual,1,test-301,-0.0015424143024689073,0.0203239768743515
z_degree_to_cn_residual,1,test-302,0.6188686502332252,0.20964430272579193
z_degree_to_cn_residual,1,test-303,-0.0024748238360119044,0.09733723104000092
z_degree_to_cn_residual,1,test-304,-0.33397562185019486,0.44625067710876465
z_degree_to_cn_residual,1,test-305,0.3983360912278105,-0.007375970482826233
z_degree_to_cn_residual,1,test-306,0.5928120623831642,-0.20692719519138336
z_degree_to_cn_residual,1,test-307,-0.0024748238360119044,0.09733723104000092
z_degree_to_cn_residual,1,test-308,0.6906723567239333,0.09733723104000092
z_degree_to_cn_residual,1,test-309,0.5096500404149069,0.13641832768917084
z_degree_to_cn_residual,1,test-310,-0.06401224965593211,0.272571325302124
z_degree_to_cn_residual,1,test-311,0.8882030670104488,0.16657517850399017
z_degree_to_cn_residual,1,test-312,0.0007524589277726183,-0.060471311211586
z_degree_to_cn_residual,1,test-313,0.42321402141666187,0.013172373175621033
z_degree_to_cn_residual,1,test-314,0.1405242991682083,0.27576184272766113
z_degree_to_cn_residual,1,test-315,-0.00020231820106400537,0.04358266294002533
z_degree_to_cn_residual,1,test-316,0.5975839598243551,0.1357123702764511
z_degree_to_cn_residual,1,test-317,0.6316565361190157,0.18230055272579193
z_degree_to_cn_residual,1,test-318,-0.2948110893321348,-0.007375970482826233
z_degree_to_cn_residual,1,test-319,0.42321402141666187,0.013172373175621033
z_degree_to_cn_residual,1,test-320,-0.15886813049140017,0.36052775382995605
z_degree_to_cn_residual,1,test-321,-0.10023401181546886,0.23118744790554047
z_degree_to_cn_residual,1,test-322,0.5067931432115338,0.3116753101348877
z_degree_to_cn_residual,1,test-323,-0.0022547768087889004,0.045561060309410095
z_degree_to_cn_residual,1,test-324,-0.07427853032672008,0.20964430272579193
z_degree_to_cn_residual,1,test-325,0.5342790500685451,0.36052775382995605
z_degree_to_cn_residual,1,test-326,-0.002670989411858091,0.10197959840297699
z_degree_to_cn_residual,1,test-327,-0.13114030699904125,0.13478772342205048
z_degree_to_cn_residual,1,test-328,-0.4110045184115584,0.20172904431819916
z_degree_to_cn_residual,1,test-329,-0.0015424143024689073,0.0203239768743515
z_degree_to_cn_residual,1,test-330,1.020362347268267,0.21403859555721283
z_degree_to_cn_residual,1,test-331,-0.2812409609123343,0.07913695275783539
z_degree_to_cn_residual,1,test-332,-0.0006184180575551858,-0.031906858086586
z_degree_to_cn_residual,1,test-333,0.0028715724223535776,-0.012155309319496155
z_degree_to_cn_residual,1,test-334,-0.0040603077699362606,0.016433700919151306
z_degree_to_cn_residual,1,test-335,1.105601283204832,0.2599058151245117
z_degree_to_cn_residual,1,test-336,-0.09556322073559016,0.20843003690242767
z_degree_to_cn_residual,1,test-337,0.5929131687444764,0.23118744790554047
z_degree_to_cn_residual,1,test-338,0.6188686502332252,0.20964430272579193
z_degree_to_cn_residual,1,test-339,0.5342790500685451,0.36052775382995605
z_degree_to_cn_residual,1,test-340,0.934733314125266,0.21823500096797943
z_degree_to_cn_residual,1,test-341,0.4909381146800522,0.1702258437871933
z_degree_to_cn_residual,1,test-342,-0.07427853032672008,0.20964430272579193
z_degree_to_cn_residual,1,test-343,-0.42488024750326947,0.25042057037353516
z_degree_to_cn_residual,1,test-344,-0.0018015872129917689,0.3375427722930908
z_degree_to_cn_residual,1,test-345,0.5958700816787429,0.0719287246465683
z_degree_to_cn_residual,1,test-346,0.6188686502332252,0.20964430272579193
z_degree_to_cn_residual,1,test-347,0.6188686502332252,0.20964430272579193
z_degree_to_cn_residual,1,test-348,0.6188686502332252,0.20964430272579193
z_degree_to_cn_residual,1,test-349,-0.2630515329052116,0.16043327748775482
z_degree_to_cn_residual,1,test-350,0.0028715724223535776,-0.012155309319496155
z_degree_to_cn_residual,1,test-351,-0.22577903790857956,0.22397778928279877
z_degree_to_cn_residual,1,test-352,-0.0018015872129917689,0.3375427722930908
z_degree_to_cn_residual,1,test-353,0.6739266191922899,0.10659955441951752
z_degree_to_cn_residual,1,test-354,-0.16827858824673567,0.19105671346187592
z_degree_to_cn_residual,1,test-355,-0.5873090742255913,-0.6834757328033447
z_degree_to_cn_residual,1,test-356,-0.0022547768087889004,0.045561060309410095
z_degree_to_cn_residual,1,test-357,-0.0022547768087889004,0.10836027562618256
z_degree_to_cn_residual,1,test-358,-0.0022547768087889004,0.10836027562618256
z_degree_to_cn_residual,1,test-359,-0.03309047037242718,0.15491221845149994
z_degree_to_cn_residual,1,test-360,-0.13924954374263468,0.06496880948543549
z_degree_to_cn_residual,1,test-361,0.42321402141666187,0.013172373175621033
z_degree_to_cn_residual,1,test-362,-0.3240937138453681,0.172577366232872
z_degree_to_cn_residual,1,test-363,0.2613485229610166,0.21969102323055267
z_degree_to_cn_residual,1,test-364,-0.06401224965593211,0.272571325302124
z_degree_to_cn_residual,1,test-365,-0.18635403734841144,0.3116753101348877
z_degree_to_cn_residual,1,test-366,-0.0020240857061117087,-0.0471203476190567
z_degree_to_cn_residual,1,test-367,-0.5947108813669576,0.13396094739437103
z_degree_to_cn_residual,1,test-368,1.0318890695048908,0.48844051361083984
z_degree_to_cn_residual,1,test-369,-0.0018015872129917689,-0.0012967735528945923
z_degree_to_cn_residual,1,test-370,0.6858697818922825,0.11690054833889008
z_degree_to_cn_residual,1,test-371,-0.0015424143024689073,0.0203239768743515
z_degree_to_cn_residual,1,test-372,0.6188686502332252,0.20964430272579193
z_degree_to_cn_residual,1,test-373,-0.3182842168668844,0.2107226699590683
z_degree_to_cn_residual,1,test-374,0.5342790500685451,0.36052775382995605
z_degree_to_cn_residual,1,test-375,0.5975839598243551,0.20843003690242767
z_degree_to_cn_residual,1,test-376,0.08268421210545274,0.13881419599056244
z_degree_to_cn_residual,1,test-377,-0.0040603077699362606,0.016433700919151306
z_degree_to_cn_residual,1,test-378,-0.2948110893321348,-0.007375970482826233
z_degree_to_cn_residual,1,test-379,-0.0040603077699362606,0.016433700919151306
z_degree_to_cn_residual,1,test-380,0.5975839598243551,0.1357123702764511
z_degree_to_cn_residual,1,test-381,0.6906723567239333,0.2478361576795578
z_degree_to_cn_residual,1,test-382,-0.0022547768087889004,0.10836504399776459
z_degree_to_cn_residual,1,test-383,-0.0022547768087889004,0.04556058347225189
z_degree_to_cn_residual,1,test-384,-0.02354671894819338,0.06305049359798431
z_degree_to_cn_residual,1,test-385,-0.0022547768087889004,0.10836027562618256
z_degree_to_cn_residual,1,test-386,-0.0022547768087889004,0.10836027562618256
z_degree_to_cn_residual,1,test-387,0.6906723567239333,0.09733723104000092
z_degree_to_cn_residual,1,test-388,0.5067931432115338,0.3116753101348877
z_degree_to_cn_residual,1,test-389,-0.0024748238360119044,0.09733723104000092
z_degree_to_cn_residual,1,test-390,0.5929131687444764,0.23118744790554047
z_degree_to_cn_residual,1,test-391,0.5067931432115338,0.3116753101348877
z_degree_to_cn_residual,1,test-392,-0.0018015872129917689,-0.0012967735528945923
z_degree_to_cn_residual,1,test-393,-0.0020240857061117087,-0.0471203476190567
z_degree_to_cn_residual,1,test-394,-0.0024748238360119044,0.2478361576795578
z_degree_to_cn_residual,1,test-395,0.5620068735609041,0.12013553082942963
z_degree_to_cn_residual,1,test-396,-0.0022547768087889004,0.10836027562618256
z_degree_to_cn_residual,1,test-397,-0.007582155548103726,0.044653162360191345
z_degree_to_cn_residual,1,test-398,-0.0040603077699362606,0.016433700919151306
z_degree_to_cn_residual,1,test-399,-0.18635403734841144,0.3116753101348877
z_degree_to_cn_residual,1,test-400,0.6906723567239333,0.09733723104000092
z_degree_to_cn_residual,1,test-401,0.6906723567239333,0.09733723104000092
z_degree_to_cn_residual,1,test-402,0.5958700816787429,0.0719287246465683
z_degree_to_cn_residual,1,test-403,-0.019646567613829567,-0.024126306176185608
z_degree_to_cn_residual,1,test-404,0.1650166480620453,0.23330281674861908
z_degree_to_cn_residual,1,test-405,-0.0015424143024689073,0.09892009198665619
z_degree_to_cn_residual,1,test-406,-0.2630515329052116,0.16043327748775482
z_degree_to_cn_residual,1,test-407,0.6913455933469536,0.3375427722930908
z_degree_to_cn_residual,1,test-408,0.0028715724223535776,-0.012155309319496155
z_degree_to_cn_residual,1,test-409,0.6696004616117519,0.06305049359798431
z_degree_to_cn_residual,1,test-410,-0.0022547768087889004,0.045561060309410095
z_degree_to_cn_residual,1,test-411,-0.36593201385162366,0.21403859555721283
z_degree_to_cn_residual,1,test-412,1.0030490679325195,0.1357123702764511
z_degree_to_cn_residual,1,test-413,0.3983360912278105,-0.007375970482826233
z_degree_to_cn_residual,1,test-414,0.17526134949601502,0.08727405965328217
z_degree_to_cn_residual,1,test-415,0.6936189549882101,-0.019954100251197815
z_degree_to_cn_residual,1,test-416,0.4300956476547337,0.16043327748775482
z_degree_to_cn_residual,1,test-417,-0.002670989411858091,0.10197959840297699
z_degree_to_cn_residual,1,test-418,-0.18635403734841144,0.3116753101348877
z_degree_to_cn_residual,1,test-419,0.4300956476547337,0.16043327748775482
z_degree_to_cn_residual,1,test-420,-0.10188873275634702,0.211043581366539
z_degree_to_cn_residual,1,test-421,-0.35440529161499984,0.48844051361083984
z_degree_to_cn_residual,1,test-422,0.5975839598243551,0.1357123702764511
z_degree_to_cn_residual,1,test-423,-0.0024748238360119044,0.09733723104000092
z_degree_to_cn_residual,1,test-424,0.6914309682769239,0.12121342122554779
z_degree_to_cn_residual,1,test-425,-0.00020231820106400537,0.04358266294002533
z_degree_to_cn_residual,1,test-426,1.1999403237714792,0.3116753101348877
z_degree_to_cn_residual,1,test-427,-0.06401224965593211,0.272571325302124
z_degree_to_cn_residual,1,test-428,0.6913455933469536,0.3375427722930908
z_degree_to_cn_residual,1,test-429,-0.13114030699904125,0.13478772342205048
z_degree_to_cn_residual,1,test-430,0.001075849647576595,0.12159012258052826
z_degree_to_cn_residual,1,test-431,-0.0024748238360119044,0.09733723104000092
z_degree_to_cn_residual,1,test-432,-0.07427853032672008,0.20964430272579193
z_degree_to_cn_residual,1,test-433,0.33648582322374365,0.1355867236852646
z_degree_to_cn_residual,1,test-434,0.5975839598243551,0.20843003690242767
z_degree_to_cn_residual,1,test-435,0.689086872790009,0.016433700919151306
z_degree_to_cn_residual,1,test-436,0.030648706081244377,0.1368558257818222
z_degree_to_cn_residual,1,test-437,0.6268363939653109,-0.05779100954532623
z_degree_to_cn_residual,1,test-438,-0.12797890134930998,0.10870574414730072
z_degree_to_cn_residual,1,test-439,-0.0022547768087889004,0.10836027562618256
z_degree_to_cn_residual,1,test-440,0.8989657935458869,0.300494909286499
z_degree_to_cn_residual,1,test-441,0.09843629919298769,0.13396094739437103
z_degree_to_cn_residual,1,test-442,0.9983782768526407,0.23118744790554047
z_degree_to_cn_residual,1,test-443,1.0030490679325195,0.20843003690242767
z_degree_to_cn_residual,1,test-444,-0.0018040386788887037,0.03411506116390228
z_degree_to_cn_residual,1,test-445,1.1999403237714792,0.3116753101348877
z_degree_to_cn_residual,1,test-446,0.9397441581767094,0.36052775382995605
z_degree_to_cn_residual,1,test-447,0.9122582513196982,0.3116753101348877
z_degree_to_cn_residual,1,test-448,-0.0015424143024689073,0.09892009198665619
z_degree_to_cn_residual,1,test-449,0.6913455933469536,0.3375427722930908
z_degree_to_cn_residual,1,test-450,0.6188686502332252,0.20964430272579193
z_degree_to_cn_residual,1,test-451,-0.6164097484976776,-0.3413207530975342
z_degree_to_cn_residual,1,test-452,-0.3225624563234914,0.08498464524745941
z_degree_to_cn_residual,1,test-453,0.7326802748164859,0.21403859555721283
z_degree_to_cn_residual,1,test-454,-0.09556322073559016,0.20843003690242767
z_degree_to_cn_residual,1,test-455,0.6898989853876496,0.13560007512569427
z_degree_to_cn_residual,1,test-456,-0.06631078659463438,-0.05779100954532623
z_degree_to_cn_residual,1,test-457,-0.0022547768087889004,0.045561060309410095
z_degree_to_cn_residual,1,test-458,-0.15886813049140017,0.36052775382995605
z_degree_to_cn_residual,1,test-459,0.5620068735609041,0.13478772342205048
z_degree_to_cn_residual,1,test-460,0.9122582513196982,0.3116753101348877
z_degree_to_cn_residual,1,test-461,0.5929131687444764,0.23118744790554047
z_degree_to_cn_residual,1,test-462,-0.00020231820106400537,-0.016586557030677795
z_degree_to_cn_residual,1,test-463,0.6908924037511563,0.10836027562618256
z_degree_to_cn_residual,1,test-464,0.6914309682769239,0.12121342122554779
z_degree_to_cn_residual,1,test-465,-0.00020231820106400537,-0.016586557030677795
z_degree_to_cn_residual,1,test-466,0.4300956476547337,0.16043327748775482
z_degree_to_cn_residual,1,test-467,0.503901407301152,0.13396094739437103
z_degree_to_cn_residual,1,test-468,-0.18635403734841144,0.3116753101348877
z_degree_to_cn_residual,1,test-469,-0.10023401181546886,0.23118744790554047
z_degree_to_cn_residual,1,test-470,-0.0018040386788887037,0.03411506116390228
z_degree_to_cn_residual,1,test-471,0.4300956476547337,0.16043327748775482
z_degree_to_cn_residual,1,test-472,-0.0024748238360119044,0.2478361576795578
z_degree_to_cn_residual,1,test-473,0.3950893555112512,0.39249300956726074
z_degree_to_cn_residual,1,test-474,0.1650166480620453,0.23330281674861908
z_degree_to_cn_residual,1,test-475,0.6291349309040132,0.272571325302124
z_degree_to_cn_residual,1,test-476,-0.0024748238360119044,0.09733723104000092
z_degree_to_cn_residual,1,test-477,-0.09556322073559016,0.1357123702764511
z_degree_to_cn_residual,1,test-478,0.5958700816787429,0.0719287246465683
z_degree_to_cn_residual,1,test-479,0.5067931432115338,0.3116753101348877
z_degree_to_cn_residual,1,test-480,0.7255381829334756,0.2416531890630722
z_degree_to_cn_residual,1,test-481,-0.0040603077699362606,0.016433700919151306
z_degree_to_cn_residual,1,test-482,0.5620068735609041,0.12013553082942963
z_degree_to_cn_residual,1,test-483,0.4673681426513657,0.22397778928279877
z_degree_to_cn_residual,1,test-484,-0.0024748238360119044,0.09733723104000092
z_degree_to_cn_residual,1,test-485,-0.2948110893321348,-0.007375970482826233
z_degree_to_cn_residual,1,test-486,-0.0020240857061117087,-0.0471203476190567
z_degree_to_cn_residual,1,test-487,-0.19964350558256308,0.18515609204769135
z_degree_to_cn_residual,1,test-488,-0.0024748238360119044,0.09733723104000092
z_degree_to_cn_residual,1,test-489,-0.002670989411858091,0.0758884996175766
z_degree_to_cn_residual,1,test-490,-0.0022547768087889004,0.045561060309410095
z_degree_to_cn_residual,1,test-491,-0.0024748238360119044,0.09733723104000092
z_degree_to_cn_residual,1,test-492,0.6438721343214997,0.06479333341121674
z_degree_to_cn_residual,1,test-493,0.7302443982859658,-0.016850963234901428
z_degree_to_cn_residual,1,test-494,-0.0018015872129917689,-0.0012967735528945923
z_degree_to_cn_residual,1,test-495,-0.3240937138453681,0.172577366232872
z_degree_to_cn_residual,1,test-496,-0.0022547768087889004,0.10836027562618256
z_degree_to_cn_residual,1,test-497,0.6901404532204668,-0.0365605503320694
z_degree_to_cn_residual,1,test-498,-0.0040603077699362606,0.016433700919151306
z_degree_to_cn_residual,1,test-499,-0.5321398223609669,0.2513768672943115
z_degree_to_cn_residual,1,test-500,-0.2980578250486941,0.39249300956726074
z_degree_to_cn_residual,1,test-501,0.6942230302075219,0.12159012258052826
z_degree_to_cn_residual,1,test-502,0.3983360912278105,-0.007375970482826233
z_degree_to_cn_residual,1,test-503,-0.4589079606438703,0.2088923305273056
z_degree_to_cn_residual,1,test-504,-0.46722143061535454,0.12035320699214935
z_degree_to_cn_residual,1,test-505,0.6291349309040132,0.272571325302124
z_degree_to_cn_residual,1,test-506,-0.4110045184115584,0.20172904431819916
z_degree_to_cn_residual,1,test-507,-0.007277398667662731,0.11690054833889008
z_degree_to_cn_residual,1,test-508,-0.7430745731595764,0.24756525456905365
z_degree_to_cn_residual,1,test-509,0.411906219647611,0.07913695275783539
z_degree_to_cn_residual,1,test-510,0.9288112708702547,0.1041942685842514
z_degree_to_cn_residual,1,test-511,-0.06631078659463438,-0.05779673159122467
z_degree_to_degree,1,test-0,4.6443908991413725,4.820280075073242
z_degree_to_degree,1,test-1,3.988984046564274,4.246638298034668
z_degree_to_degree,1,test-2,4.584967478670572,4.715388298034668
z_degree_to_degree,1,test-3,3.1780538303479453,3.5154829025268555
z_degree_to_degree,1,test-4,4.77912349311153,4.940849304199219
z_degree_to_degree,1,test-5,3.8066624897703196,4.052182197570801
z_degree_to_degree,1,test-6,5.966146739123692,6.149786949157715
z_degree_to_degree,1,test-7,3.6635616461296463,4.124005317687988
z_degree_to_degree,1,test-8,3.0445224377234226,3.3698172569274902
z_degree_to_degree,1,test-9,3.6888794541139367,3.8644163608551025
z_degree_to_degree,1,test-10,3.401197381662155,3.5811879634857178
z_degree_to_degree,1,test-11,3.9120230054281464,4.120481014251709
z_degree_to_degree,1,test-12,0.6931471805599453,1.579253911972046
z_degree_to_degree,1,test-13,4.74493212836325,4.952027320861816
z_degree_to_degree,1,test-14,4.0943445622221,4.666818618774414
z_degree_to_degree,1,test-15,1.791759469228055,2.315488338470459
z_degree_to_degree,1,test-16,4.394449154672438,4.642319679260254
z_degree_to_degree,1,test-17,4.718498871295095,5.243917942047119
z_degree_to_degree,1,test-18,0.6931471805599453,1.579253911972046
z_degree_to_degree,1,test-19,3.0445224377234226,3.3698172569274902
z_degree_to_degree,1,test-20,3.1780538303479458,3.696841239929199
z_degree_to_degree,1,test-21,3.465735902799726,3.690582275390625
z_degree_to_degree,1,test-22,3.401197381662155,3.5811879634857178
z_degree_to_degree,1,test-23,1.0986122886681096,1.7797317504882812
z_degree_to_degree,1,test-24,3.5553480614894135,3.6922967433929443
z_degree_to_degree,1,test-25,4.189654742026425,4.32710599899292
z_degree_to_degree,1,test-26,2.3025850929940455,2.790386199951172
z_degree_to_degree,1,test-27,3.465735902799726,3.690582275390625
z_degree_to_degree,1,test-28,2.8903717578961645,3.201129913330078
z_degree_to_degree,1,test-29,3.688879454113936,3.8985586166381836
z_degree_to_degree,1,test-30,4.882801922586371,5.367513656616211
z_degree_to_degree,1,test-31,4.553876891600541,4.811691761016846
z_degree_to_degree,1,test-32,3.58351893845611,3.795156478881836
z_degree_to_degree,1,test-33,3.58351893845611,4.243411540985107
z_degree_to_degree,1,test-34,3.1780538303479453,3.43341326713562
z_degree_to_degree,1,test-35,2.772588722239781,3.2470529079437256
z_degree_to_degree,1,test-36,1.3862943611198906,2.022066354751587
z_degree_to_degree,1,test-37,2.3025850929940455,2.790386199951172
z_degree_to_degree,1,test-38,3.9889840465642745,4.5997772216796875
z_degree_to_degree,1,test-39,1.791759469228055,2.315488338470459
z_degree_to_degree,1,test-40,3.951243718581427,4.2241621017456055
z_degree_to_degree,1,test-41,3.6888794541139367,3.8644163608551025
z_degree_to_degree,1,test-42,6.040254711277413,6.400784492492676
z_degree_to_degree,1,test-43,2.484906649788,2.917834758758545
z_degree_to_degree,1,test-44,3.1780538303479453,3.43341326713562
z_degree_to_degree,1,test-45,0.6931471805599453,1.579253911972046
z_degree_to_degree,1,test-46,4.941642422609304,5.239093780517578
z_degree_to_degree,1,test-47,0.0,1.2322700023651123
z_degree_to_degree,1,test-48,2.8903717578961645,3.201129913330078
z_degree_to_degree,1,test-49,6.040254711277413,6.400784492492676
z_degree_to_degree,1,test-50,3.332204510175204,3.6100730895996094
z_degree_to_degree,1,test-51,2.995732273553991,3.349681854248047
z_degree_to_degree,1,test-52,6.327936783729195,6.524633407592773
z_degree_to_degree,1,test-53,2.8903717578961645,3.201129913330078
z_degree_to_degree,1,test-54,2.6390573296152584,3.087371349334717
z_degree_to_degree,1,test-55,4.927253685157204,5.199724197387695
z_degree_to_degree,1,test-56,2.7080502011022096,3.122437000274658
z_degree_to_degree,1,test-57,5.272999558563747,5.687772750854492
z_degree_to_degree,1,test-58,3.9889840465642745,4.185458660125732
z_degree_to_degree,1,test-59,2.0794415416798357,2.7734909057617188
z_degree_to_degree,1,test-60,4.7535901911063645,4.958336353302002
z_degree_to_degree,1,test-61,2.1972245773362196,2.9386751651763916
z_degree_to_degree,1,test-62,2.3978952727983707,3.20139479637146
z_degree_to_degree,1,test-63,1.3862943611198906,2.022066354751587
z_degree_to_degree,1,test-64,3.58351893845611,3.9558284282684326
z_degree_to_degree,1,test-65,2.8903717578961645,3.201129913330078
z_degree_to_degree,1,test-66,2.4849066497880004,2.9669506549835205
z_degree_to_degree,1,test-67,2.4849066497880004,2.9669506549835205
z_degree_to_degree,1,test-68,4.90527477843843,5.1843791007995605
z_degree_to_degree,1,test-69,3.2188758248682006,3.6818854808807373
z_degree_to_degree,1,test-70,2.995732273553991,3.349681854248047
z_degree_to_degree,1,test-71,4.0943445622221,4.361783504486084
z_degree_to_degree,1,test-72,1.791759469228055,2.315488338470459
z_degree_to_degree,1,test-73,3.951243718581427,4.2241621017456055
z_degree_to_degree,1,test-74,2.7080502011022096,3.122437000274658
z_degree_to_degree,1,test-75,3.0445224377234226,3.3698172569274902
z_degree_to_degree,1,test-76,1.0986122886681096,1.7797317504882812
z_degree_to_degree,1,test-77,3.0445224377234226,3.3698172569274902
z_degree_to_degree,1,test-78,1.3862943611198906,2.0279757976531982
z_degree_to_degree,1,test-79,1.791759469228055,2.315488338470459
z_degree_to_degree,1,test-80,3.688879454113936,3.8985586166381836
z_degree_to_degree,1,test-81,3.58351893845611,3.9729928970336914
z_degree_to_degree,1,test-82,3.465735902799726,3.690582275390625
z_degree_to_degree,1,test-83,4.025351690735149,4.623408317565918
z_degree_to_degree,1,test-84,4.718498871295094,4.903311252593994
z_degree_to_degree,1,test-85,3.988984046564274,4.246638298034668
z_degree_to_degree,1,test-86,3.332204510175204,3.6100730895996094
z_degree_to_degree,1,test-87,2.7080502011022096,3.122437000274658
z_degree_to_degree,1,test-88,2.6390573296152584,3.087371349334717
z_degree_to_degree,1,test-89,3.332204510175204,3.6100730895996094
z_degree_to_degree,1,test-90,2.484906649788,2.917834758758545
z_degree_to_degree,1,test-91,2.0794415416798357,2.7734909057617188
z_degree_to_degree,1,test-92,3.1780538303479453,3.5154829025268555
z_degree_to_degree,1,test-93,5.272999558563747,5.687772750854492
z_degree_to_degree,1,test-94,2.484906649788,2.917834758758545
z_degree_to_degree,1,test-95,3.4011973816621555,3.694395065307617
z_degree_to_degree,1,test-96,7.50659178007084,7.500049591064453
z_degree_to_degree,1,test-97,4.465908118654584,4.71238899230957
z_degree_to_degree,1,test-98,2.3025850929940455,2.790386199951172
z_degree_to_degree,1,test-99,2.7080502011022096,3.122437000274658
z_degree_to_degree,1,test-100,3.58351893845611,3.9729928970336914
z_degree_to_degree,1,test-101,2.7080502011022096,3.122437000274658
z_degree_to_degree,1,test-102,4.02535169073515,4.651719093322754
z_degree_to_degree,1,test-103,2.772588722239781,3.2470529079437256
z_degree_to_degree,1,test-104,2.197224577336219,2.5907325744628906
z_degree_to_degree,1,test-105,1.0986122886681096,1.7797317504882812
z_degree_to_degree,1,test-106,3.5263605246161616,4.170266151428223
z_degree_to_degree,1,test-107,0.6931471805599453,1.579253911972046
z_degree_to_degree,1,test-108,6.327936783729195,6.524633407592773
z_degree_to_degree,1,test-109,3.58351893845611,3.795156478881836
z_degree_to_degree,1,test-110,2.0794415416798357,2.7734909057617188
z_degree_to_degree,1,test-111,2.8903717578961645,3.807342529296875
z_degree_to_degree,1,test-112,5.0106352940962555,5.31080961227417
z_degree_to_degree,1,test-113,3.688879454113936,3.8985586166381836
z_degree_to_degree,1,test-114,1.3862943611198906,2.0279757976531982
z_degree_to_degree,1,test-115,1.3862943611198906,2.022066354751587
z_degree_to_degree,1,test-116,7.3395376954076745,7.337008476257324
z_degree_to_degree,1,test-117,4.304065093204169,4.833906173706055
z_degree_to_degree,1,test-118,3.2188758248682006,3.6818854808807373
z_degree_to_degree,1,test-119,6.733401891837358,6.862098693847656
z_degree_to_degree,1,test-120,2.484906649788,2.917834758758545
z_degree_to_degree,1,test-121,2.995732273553991,3.349681854248047
z_degree_to_degree,1,test-122,3.58351893845611,3.9729928970336914
z_degree_to_degree,1,test-123,1.791759469228055,2.315488338470459
z_degree_to_degree,1,test-124,2.6390573296152584,3.087371349334717
z_degree_to_degree,1,test-125,2.197224577336219,2.5907325744628906
z_degree_to_degree,1,test-126,2.484906649788,2.917834758758545
z_degree_to_degree,1,test-127,1.791759469228055,2.315488338470459
z_degree_to_degree,1,test-128,3.6635616461296463,4.124005317687988
z_degree_to_degree,1,test-129,2.5649493574615367,3.4211699962615967
z_degree_to_degree,1,test-130,2.995732273553991,3.349681854248047
z_degree_to_degree,1,test-131,3.0445224377234226,3.3698172569274902
z_degree_to_degree,1,test-132,3.688879454113936,3.8985586166381836
z_degree_to_degree,1,test-133,5.560681631015528,5.986148834228516
z_degree_to_degree,1,test-134,2.197224577336219,2.5907325744628906
z_degree_to_degree,1,test-135,2.772588722239781,3.2470529079437256
z_degree_to_degree,1,test-136,3.688879454113936,3.8985586166381836
z_degree_to_degree,1,test-137,2.1972245773362196,2.9386751651763916
z_degree_to_degree,1,test-138,4.31748811353631,4.609428882598877
z_degree_to_degree,1,test-139,1.791759469228055,2.315488338470459
z_degree_to_degree,1,test-140,3.332204510175204,3.6100730895996094
z_degree_to_degree,1,test-141,4.276666119016055,4.535890102386475
z_degree_to_degree,1,test-142,2.7080502011022096,3.122437000274658
z_degree_to_degree,1,test-143,2.0794415416798357,2.7734909057617188
z_degree_to_degree,1,test-144,2.772588722239781,3.2470529079437256
z_degree_to_degree,1,test-145,4.882801922586371,5.367513656616211
z_degree_to_degree,1,test-146,3.465735902799726,3.690582275390625
z_degree_to_degree,1,test-147,3.332204510175204,3.6100730895996094
z_degree_to_degree,1,test-148,6.327936783729195,6.524633407592773
z_degree_to_degree,1,test-149,3.2188758248682006,3.6818854808807373
z_degree_to_degree,1,test-150,3.9318256327243257,4.233067989349365
z_degree_to_degree,1,test-151,3.295836866004329,3.655056953430176
z_degree_to_degree,1,test-152,3.4011973816621555,3.9291505813598633
z_degree_to_degree,1,test-153,4.0943445622221,4.3218207359313965
z_degree_to_degree,1,test-154,2.0794415416798357,2.7734909057617188
z_degree_to_degree,1,test-155,2.3025850929940455,2.790386199951172
z_degree_to_degree,1,test-156,5.41164605185504,5.602922439575195
z_degree_to_degree,1,test-157,4.564348191467836,4.8062334060668945
z_degree_to_degree,1,test-158,0.0,1.2322700023651123
z_degree_to_degree,1,test-159,2.7080502011022096,3.122437000274658
z_degree_to_degree,1,test-160,2.9444389791664403,3.862962245941162
z_degree_to_degree,1,test-161,1.3862943611198906,2.0279757976531982
z_degree_to_degree,1,test-162,2.8903717578961645,3.201129913330078
z_degree_to_degree,1,test-163,1.791759469228055,2.315488338470459
z_degree_to_degree,1,test-164,5.560681631015528,5.986148834228516
z_degree_to_degree,1,test-165,1.0986122886681096,1.7797317504882812
z_degree_to_degree,1,test-166,3.5553480614894135,3.6922967433929443
z_degree_to_degree,1,test-167,4.499809670330265,4.729966163635254
z_degree_to_degree,1,test-168,3.5553480614894135,3.6922967433929443
z_degree_to_degree,1,test-169,1.791759469228055,2.315488338470459
z_degree_to_degree,1,test-170,2.0794415416798357,2.7734909057617188
z_degree_to_degree,1,test-171,5.288267030694534,5.702184200286865
z_degree_to_degree,1,test-172,1.3862943611198906,2.0279757976531982
z_degree_to_degree,1,test-173,2.484906649788,2.917834758758545
z_degree_to_degree,1,test-174,3.9120230054281464,4.120481014251709
z_degree_to_degree,1,test-175,4.499809670330265,4.729966163635254
z_degree_to_degree,1,test-176,4.867534450455582,5.356721878051758
z_degree_to_degree,1,test-177,4.718498871295095,5.243917942047119
z_degree_to_degree,1,test-178,3.465735902799726,3.690582275390625
z_degree_to_degree,1,test-179,1.3862943611198906,2.0279757976531982
z_degree_to_degree,1,test-180,3.58351893845611,4.243411540985107
z_degree_to_degree,1,test-181,3.58351893845611,3.795156478881836
z_degree_to_degree,1,test-182,3.465735902799726,3.690582275390625
z_degree_to_degree,1,test-183,0.0,1.2322700023651123
z_degree_to_degree,1,test-184,7.24422751560335,7.230171203613281
z_degree_to_degree,1,test-185,3.332204510175204,3.6100730895996094
z_degree_to_degree,1,test-186,3.401197381662155,3.5811879634857178
z_degree_to_degree,1,test-187,3.332204510175204,3.6100730895996094
z_degree_to_degree,1,test-188,2.484906649788,2.917834758758545
z_degree_to_degree,1,test-189,2.197224577336219,2.5907325744628906
z_degree_to_degree,1,test-190,2.7080502011022096,3.122437000274658
z_degree_to_degree,1,test-191,2.0794415416798357,2.7734909057617188
z_degree_to_degree,1,test-192,3.0445224377234226,3.3698172569274902
z_degree_to_degree,1,test-193,2.995732273553991,3.349681854248047
z_degree_to_degree,1,test-194,3.58351893845611,4.243411540985107
z_degree_to_degree,1,test-195,4.90527477843843,5.1843791007995605
z_degree_to_degree,1,test-196,4.5217885770490405,4.720150947570801
z_degree_to_degree,1,test-197,2.484906649788,2.917834758758545
z_degree_to_degree,1,test-198,4.709530201312334,4.961580276489258
z_degree_to_degree,1,test-199,1.0986122886681096,1.7797317504882812
z_degree_to_degree,1,test-200,1.0986122886681096,1.7797317504882812
z_degree_to_degree,1,test-201,1.0986122886681096,1.7797317504882812
z_degree_to_degree,1,test-202,3.0445224377234226,3.3698172569274902
z_degree_to_degree,1,test-203,2.484906649788,2.917834758758545
z_degree_to_degree,1,test-204,2.6390573296152584,3.087371349334717
z_degree_to_degree,1,test-205,2.197224577336219,2.5907325744628906
z_degree_to_degree,1,test-206,3.58351893845611,3.795156478881836
z_degree_to_degree,1,test-207,4.248495242049359,4.534355163574219
z_degree_to_degree,1,test-208,4.0943445622221,4.361783504486084
z_degree_to_degree,1,test-209,4.836281906951478,5.0730299949646
z_degree_to_degree,1,test-210,4.976733742420574,5.289863109588623
z_degree_to_degree,1,test-211,3.0445224377234226,3.3698172569274902
z_degree_to_degree,1,test-212,4.499809670330265,4.742947578430176
z_degree_to_degree,1,test-213,1.3862943611198906,2.022066354751587
z_degree_to_degree,1,test-214,5.560681631015528,5.986148834228516
z_degree_to_degree,1,test-215,2.0794415416798357,2.7734909057617188
z_degree_to_degree,1,test-216,0.6931471805599453,1.579253911972046
z_degree_to_degree,1,test-217,1.791759469228055,2.315488338470459
z_degree_to_degree,1,test-218,3.0445224377234226,3.3698172569274902
z_degree_to_degree,1,test-219,3.58351893845611,3.9729928970336914
z_degree_to_degree,1,test-220,2.70805020110221,3.602804183959961
z_degree_to_degree,1,test-221,2.995732273553991,3.349681854248047
z_degree_to_degree,1,test-222,2.0794415416798357,2.7734909057617188
z_degree_to_degree,1,test-223,3.8712010109078907,4.19954776763916
z_degree_to_degree,1,test-224,0.0,1.2322700023651123
z_degree_to_degree,1,test-225,3.332204510175204,3.6100730895996094
z_degree_to_degree,1,test-226,2.0794415416798357,2.7734909057617188
z_degree_to_degree,1,test-227,2.772588722239781,3.2470529079437256
z_degree_to_degree,1,test-228,1.791759469228055,2.315488338470459
z_degree_to_degree,1,test-229,2.197224577336219,2.5907325744628906
z_degree_to_degree,1,test-230,3.4011973816621555,3.694395065307617
z_degree_to_degree,1,test-231,4.430816798843313,4.6882524490356445
z_degree_to_degree,1,test-232,4.276666119016055,4.433610916137695
z_degree_to_degree,1,test-233,1.791759469228055,2.377974510192871
z_degree_to_degree,1,test-234,3.58351893845611,3.9729928970336914
z_degree_to_degree,1,test-235,3.1780538303479453,3.5154829025268555
z_degree_to_degree,1,test-236,2.8903717578961645,3.201129913330078
z_degree_to_degree,1,test-237,3.0445224377234226,3.3698172569274902
z_degree_to_degree,1,test-238,5.780743515792329,5.931182384490967
z_degree_to_degree,1,test-239,6.327936783729195,6.524633407592773
z_degree_to_degree,1,test-240,0.6931471805599453,1.579253911972046
z_degree_to_degree,1,test-241,2.4849066497880004,2.9669506549835205
z_degree_to_degree,1,test-242,2.8903717578961645,3.201129913330078
z_degree_to_degree,1,test-243,2.197224577336219,2.5907325744628906
z_degree_to_degree,1,test-244,3.0445224377234226,3.3698172569274902
z_degree_to_degree,1,test-245,2.7080502011022096,3.122437000274658
z_degree_to_degree,1,test-246,4.74493212836325,4.952027320861816
z_degree_to_degree,1,test-247,1.791759469228055,2.315488338470459
z_degree_to_degree,1,test-248,3.8066624897703196,4.052182197570801
z_degree_to_degree,1,test-249,3.951243718581427,4.2241621017456055
z_degree_to_degree,1,test-250,1.3862943611198906,2.0279757976531982
z_degree_to_degree,1,test-251,4.718498871295095,5.243917942047119
z_degree_to_degree,1,test-252,3.465735902799726,3.690582275390625
z_degree_to_degree,1,test-253,2.7080502011022096,3.122437000274658
z_degree_to_degree,1,test-254,2.6390573296152584,3.087372303009033
z_degree_to_degree,1,test-255,5.19295685089021,5.4041666984558105
z_degree_to_degree,1,test-256,0.0,1.2322700023651123
z_degree_to_degree,1,test-257,5.98141421125448,6.161402225494385
z_degree_to_degree,1,test-258,3.8712010109078907,4.096221923828125
z_degree_to_degree,1,test-259,2.9957322735539913,3.58640456199646
z_degree_to_degree,1,test-260,1.0986122886681096,1.7797317504882812
z_degree_to_degree,1,test-261,3.401197381662155,3.5811879634857178
z_degree_to_degree,1,test-262,2.995732273553991,3.349681854248047
z_degree_to_degree,1,test-263,2.995732273553991,3.349681854248047
z_degree_to_degree,1,test-264,4.1588830833596715,4.416086673736572
z_degree_to_degree,1,test-265,4.31748811353631,4.609428882598877
z_degree_to_degree,1,test-266,1.791759469228055,2.315488338470459
z_degree_to_degree,1,test-267,2.0794415416798357,2.7734909057617188
z_degree_to_degree,1,test-268,2.7080502011022096,3.122437000274658
z_degree_to_degree,1,test-269,6.476972362889683,6.6566009521484375
z_degree_to_degree,1,test-270,1.791759469228055,2.315488338470459
z_degree_to_degree,1,test-271,3.0445224377234226,3.3698172569274902
z_degree_to_degree,1,test-272,3.737669618283368,4.017634391784668
z_degree_to_degree,1,test-273,3.1780538303479453,3.43341326713562
z_degree_to_degree,1,test-274,2.772588722239781,3.2470529079437256
z_degree_to_degree,1,test-275,2.7080502011022096,3.122437000274658
z_degree_to_degree,1,test-276,2.0794415416798357,2.7596845626831055
z_degree_to_degree,1,test-277,3.332204510175204,3.6100730895996094
z_degree_to_degree,1,test-278,5.220355825078324,5.421520709991455
z_degree_to_degree,1,test-279,3.6635616461296463,4.124005317687988
z_degree_to_degree,1,test-280,2.6390573296152584,3.087371349334717
z_degree_to_degree,1,test-281,2.484906649788,2.917834758758545
z_degree_to_degree,1,test-282,3.9512437185814275,4.573799133300781
z_degree_to_degree,1,test-283,2.995732273553991,3.349681854248047
z_degree_to_degree,1,test-284,1.6094379124341003,2.1035237312316895
z_degree_to_degree,1,test-285,2.7080502011022096,3.122437000274658
z_degree_to_degree,1,test-286,6.461468176353717,6.320619583129883
z_degree_to_degree,1,test-287,3.0445224377234226,3.3698172569274902
z_degree_to_degree,1,test-288,3.4965075614664802,3.811018943786621
z_degree_to_degree,1,test-289,4.499809670330265,4.7725510597229
z_degree_to_degree,1,test-290,2.8903717578961645,3.201129913330078
z_degree_to_degree,1,test-291,5.60947179518496,5.9334516525268555
z_degree_to_degree,1,test-292,5.375278407684165,5.642451286315918
z_degree_to_degree,1,test-293,3.6888794541139367,3.8644163608551025
z_degree_to_degree,1,test-294,2.197224577336219,2.5907325744628906
z_degree_to_degree,1,test-295,2.3025850929940455,2.790386199951172
z_degree_to_degree,1,test-296,3.7376696182833684,4.397796154022217
z_degree_to_degree,1,test-297,2.0794415416798357,2.7596845626831055
z_degree_to_degree,1,test-298,1.3862943611198906,2.022066354751587
z_degree_to_degree,1,test-299,3.1780538303479453,3.43341326713562
z_degree_to_degree,1,test-300,2.995732273553991,3.349681854248047
z_degree_to_degree,1,test-301,1.6094379124341003,2.1035237312316895
z_degree_to_degree,1,test-302,2.484906649788,2.917834758758545
z_degree_to_degree,1,test-303,2.0794415416798357,2.7734909057617188
z_degree_to_degree,1,test-304,4.382026634673881,4.667243003845215
z_degree_to_degree,1,test-305,3.332204510175204,3.6100730895996094
z_degree_to_degree,1,test-306,5.556828061699537,5.882128715515137
z_degree_to_degree,1,test-307,2.0794415416798357,2.7734909057617188
z_degree_to_degree,1,test-308,2.0794415416798357,2.7734909057617188
z_degree_to_degree,1,test-309,3.58351893845611,3.9558284282684326
z_degree_to_degree,1,test-310,2.197224577336219,2.5907325744628906
z_degree_to_degree,1,test-311,3.8918202981106265,4.270764350891113
z_degree_to_degree,1,test-312,2.4849066497880004,3.3101601600646973
z_degree_to_degree,1,test-313,6.733401891837358,6.862098693847656
z_degree_to_degree,1,test-314,4.941642422609304,5.239093780517578
z_degree_to_degree,1,test-315,1.9459101490553132,2.568559408187866
z_degree_to_degree,1,test-316,2.8903717578961645,3.201129913330078
z_degree_to_degree,1,test-317,5.41164605185504,5.602922439575195
z_degree_to_degree,1,test-318,3.332204510175204,3.6100730895996094
z_degree_to_degree,1,test-319,6.733401891837358,6.862098693847656
z_degree_to_degree,1,test-320,2.772588722239781,3.2470529079437256
z_degree_to_degree,1,test-321,3.0445224377234226,3.3698172569274902
z_degree_to_degree,1,test-322,2.995732273553991,3.349681854248047
z_degree_to_degree,1,test-323,0.6931471805599453,1.579253911972046
z_degree_to_degree,1,test-324,2.484906649788,2.917834758758545
z_degree_to_degree,1,test-325,2.772588722239781,3.2470529079437256
z_degree_to_degree,1,test-326,3.091042453358316,3.654588222503662
z_degree_to_degree,1,test-327,3.4011973816621555,3.694395065307617
z_degree_to_degree,1,test-328,3.688879454113936,3.8985586166381836
z_degree_to_degree,1,test-329,1.6094379124341003,2.1035237312316895
z_degree_to_degree,1,test-330,3.5553480614894135,3.6922967433929443
z_degree_to_degree,1,test-331,3.8712010109078907,4.130999565124512
z_degree_to_degree,1,test-332,2.70805020110221,3.602804183959961
z_degree_to_degree,1,test-333,2.8903717578961645,3.807342529296875
z_degree_to_degree,1,test-334,2.4849066497880004,2.9669506549835205
z_degree_to_degree,1,test-335,4.51085950651685,4.66486930847168
z_degree_to_degree,1,test-336,2.7080502011022096,3.122437000274658
z_degree_to_degree,1,test-337,3.0445224377234226,3.3698172569274902
z_degree_to_degree,1,test-338,2.484906649788,2.917834758758545
z_degree_to_degree,1,test-339,2.772588722239781,3.2470529079437256
z_degree_to_degree,1,test-340,4.143134726391533,4.339735984802246
z_degree_to_degree,1,test-341,3.9318256327243257,4.233067989349365
z_degree_to_degree,1,test-342,2.484906649788,2.917834758758545
z_degree_to_degree,1,test-343,4.787491742782047,5.080030918121338
z_degree_to_degree,1,test-344,1.3862943611198906,2.022066354751587
z_degree_to_degree,1,test-345,3.1780538303479453,3.5154829025268555
z_degree_to_degree,1,test-346,2.484906649788,2.917834758758545
z_degree_to_degree,1,test-347,2.484906649788,2.917834758758545
z_degree_to_degree,1,test-348,2.484906649788,2.917834758758545
z_degree_to_degree,1,test-349,3.401197381662155,3.5811879634857178
z_degree_to_degree,1,test-350,2.8903717578961645,3.807342529296875
z_degree_to_degree,1,test-351,3.1780538303479453,3.43341326713562
z_degree_to_degree,1,test-352,1.3862943611198906,2.022066354751587
z_degree_to_degree,1,test-353,4.882801922586371,5.367513656616211
z_degree_to_degree,1,test-354,4.234106504597259,4.453906059265137
z_degree_to_degree,1,test-355,5.6937321388027,5.856983184814453
z_degree_to_degree,1,test-356,0.6931471805599453,1.579253911972046
z_degree_to_degree,1,test-357,1.791759469228055,2.315488338470459
z_degree_to_degree,1,test-358,1.791759469228055,2.315488338470459
z_degree_to_degree,1,test-359,5.966146739123692,6.149786949157715
z_degree_to_degree,1,test-360,3.4965075614664802,3.811018943786621
z_degree_to_degree,1,test-361,6.733401891837358,6.862098693847656
z_degree_to_degree,1,test-362,5.272999558563747,5.45950984954834
z_degree_to_degree,1,test-363,3.737669618283368,4.017634391784668
z_degree_to_degree,1,test-364,2.197224577336219,2.5907325744628906
z_degree_to_degree,1,test-365,2.995732273553991,3.349681854248047
z_degree_to_degree,1,test-366,1.3862943611198906,2.0279757976531982
z_degree_to_degree,1,test-367,6.327936783729195,6.524633407592773
z_degree_to_degree,1,test-368,4.430816798843313,4.6882524490356445
z_degree_to_degree,1,test-369,0.0,1.2322700023651123
z_degree_to_degree,1,test-370,2.6390573296152584,3.087371349334717
z_degree_to_degree,1,test-371,1.6094379124341003,2.1035237312316895
z_degree_to_degree,1,test-372,2.484906649788,2.917834758758545
z_degree_to_degree,1,test-373,3.465735902799726,3.690582275390625
z_degree_to_degree,1,test-374,2.772588722239781,3.2470529079437256
z_degree_to_degree,1,test-375,2.7080502011022096,3.122437000274658
z_degree_to_degree,1,test-376,4.74493212836325,4.952027320861816
z_degree_to_degree,1,test-377,2.4849066497880004,2.9669506549835205
z_degree_to_degree,1,test-378,3.332204510175204,3.6100730895996094
z_degree_to_degree,1,test-379,2.4849066497880004,2.9669506549835205
z_degree_to_degree,1,test-380,2.8903717578961645,3.201129913330078
z_degree_to_degree,1,test-381,2.3025850929940455,2.790386199951172
z_degree_to_degree,1,test-382,1.791759469228055,2.315488338470459
z_degree_to_degree,1,test-383,0.6931471805599453,1.5792524814605713
z_degree_to_degree,1,test-384,4.276666119016055,4.804754257202148
z_degree_to_degree,1,test-385,1.791759469228055,2.315488338470459
z_degree_to_degree,1,test-386,1.791759469228055,2.315488338470459
z_degree_to_degree,1,test-387,2.0794415416798357,2.7734909057617188
z_degree_to_degree,1,test-388,2.995732273553991,3.349681854248047
z_degree_to_degree,1,test-389,2.0794415416798357,2.7734909057617188
z_degree_to_degree,1,test-390,3.0445224377234226,3.3698172569274902
z_degree_to_degree,1,test-391,2.995732273553991,3.349681854248047
z_degree_to_degree,1,test-392,0.0,1.2322700023651123
z_degree_to_degree,1,test-393,1.3862943611198906,2.0279757976531982
z_degree_to_degree,1,test-394,2.3025850929940455,2.790386199951172
z_degree_to_degree,1,test-395,3.295836866004329,3.655056953430176
z_degree_to_degree,1,test-396,1.791759469228055,2.315488338470459
z_degree_to_degree,1,test-397,3.4011973816621555,3.9291505813598633
z_degree_to_degree,1,test-398,2.4849066497880004,2.9669506549835205
z_degree_to_degree,1,test-399,2.995732273553991,3.349681854248047
z_degree_to_degree,1,test-400,2.0794415416798357,2.7734909057617188
z_degree_to_degree,1,test-401,2.0794415416798357,2.7734909057617188
z_degree_to_degree,1,test-402,3.1780538303479453,3.5154829025268555
z_degree_to_degree,1,test-403,3.828641396489095,4.478094577789307
z_degree_to_degree,1,test-404,4.90527477843843,5.1843791007995605
z_degree_to_degree,1,test-405,1.791759469228055,2.377974510192871
z_degree_to_degree,1,test-406,3.401197381662155,3.5811879634857178
z_degree_to_degree,1,test-407,1.3862943611198906,2.022066354751587
z_degree_to_degree,1,test-408,2.8903717578961645,3.807342529296875
z_degree_to_degree,1,test-409,4.276666119016055,4.804754257202148
z_degree_to_degree,1,test-410,0.6931471805599453,1.579253911972046
z_degree_to_degree,1,test-411,3.5553480614894135,3.6922967433929443
z_degree_to_degree,1,test-412,2.8903717578961645,3.201129913330078
z_degree_to_degree,1,test-413,3.332204510175204,3.6100730895996094
z_degree_to_degree,1,test-414,5.342334251964811,5.445468902587891
z_degree_to_degree,1,test-415,2.890371757896165,3.4510879516601562
z_degree_to_degree,1,test-416,3.401197381662155,3.5811879634857178
z_degree_to_degree,1,test-417,3.091042453358316,3.654588222503662
z_degree_to_degree,1,test-418,2.995732273553991,3.349681854248047
z_degree_to_degree,1,test-419,3.401197381662155,3.5811879634857178
z_degree_to_degree,1,test-420,4.787491742782046,5.00930643081665
z_degree_to_degree,1,test-421,4.430816798843313,4.6882524490356445
z_degree_to_degree,1,test-422,2.8903717578961645,3.201129913330078
z_degree_to_degree,1,test-423,2.0794415416798357,2.7734909057617188
z_degree_to_degree,1,test-424,3.1780538303479458,3.696841239929199
z_degree_to_degree,1,test-425,1.9459101490553132,2.568559408187866
z_degree_to_degree,1,test-426,2.995732273553991,3.349681854248047
z_degree_to_degree,1,test-427,2.197224577336219,2.5907325744628906
z_degree_to_degree,1,test-428,1.3862943611198906,2.022066354751587
z_degree_to_degree,1,test-429,3.4011973816621555,3.694395065307617
z_degree_to_degree,1,test-430,3.3322045101752042,3.777392864227295
z_degree_to_degree,1,test-431,2.0794415416798357,2.7734909057617188
z_degree_to_degree,1,test-432,2.484906649788,2.917834758758545
z_degree_to_degree,1,test-433,3.6888794541139367,3.8644163608551025
z_degree_to_degree,1,test-434,2.7080502011022096,3.122437000274658
z_degree_to_degree,1,test-435,2.4849066497880004,2.9669506549835205
z_degree_to_degree,1,test-436,4.718498871295095,5.243917942047119
z_degree_to_degree,1,test-437,5.634789603169249,5.760581970214844
z_degree_to_degree,1,test-438,4.68213122712422,4.9226789474487305
z_degree_to_degree,1,test-439,1.791759469228055,2.315488338470459
z_degree_to_degree,1,test-440,3.9889840465642745,4.185458660125732
z_degree_to_degree,1,test-441,6.327936783729195,6.524633407592773
z_degree_to_degree,1,test-442,3.0445224377234226,3.3698172569274902
z_degree_to_degree,1,test-443,2.7080502011022096,3.122437000274658
z_degree_to_degree,1,test-444,1.0986122886681096,1.7797317504882812
z_degree_to_degree,1,test-445,2.995732273553991,3.349681854248047
z_degree_to_degree,1,test-446,2.772588722239781,3.2470529079437256
z_degree_to_degree,1,test-447,2.995732273553991,3.349681854248047
z_degree_to_degree,1,test-448,1.791759469228055,2.377974510192871
z_degree_to_degree,1,test-449,1.3862943611198906,2.022066354751587
z_degree_to_degree,1,test-450,2.484906649788,2.917834758758545
z_degree_to_degree,1,test-451,7.50659178007084,7.500049591064453
z_degree_to_degree,1,test-452,3.951243718581427,4.2241621017456055
z_degree_to_degree,1,test-453,3.5553480614894135,3.6922967433929443
z_degree_to_degree,1,test-454,2.7080502011022096,3.122437000274658
z_degree_to_degree,1,test-455,3.258096538021482,3.7216038703918457
z_degree_to_degree,1,test-456,5.634789603169249,5.760581970214844
z_degree_to_degree,1,test-457,0.6931471805599453,1.579253911972046
z_degree_to_degree,1,test-458,2.772588722239781,3.2470529079437256
z_degree_to_degree,1,test-459,3.4011973816621555,3.694395065307617
z_degree_to_degree,1,test-460,2.995732273553991,3.349681854248047
z_degree_to_degree,1,test-461,3.0445224377234226,3.3698172569274902
z_degree_to_degree,1,test-462,2.1972245773362196,2.9386751651763916
z_degree_to_degree,1,test-463,1.791759469228055,2.315488338470459
z_degree_to_degree,1,test-464,3.1780538303479458,3.696841239929199
z_degree_to_degree,1,test-465,2.1972245773362196,2.9386751651763916
z_degree_to_degree,1,test-466,3.401197381662155,3.5811879634857178
z_degree_to_degree,1,test-467,6.327936783729195,6.524633407592773
z_degree_to_degree,1,test-468,2.995732273553991,3.349681854248047
z_degree_to_degree,1,test-469,3.0445224377234226,3.3698172569274902
z_degree_to_degree,1,test-470,1.0986122886681096,1.7797317504882812
z_degree_to_degree,1,test-471,3.401197381662155,3.5811879634857178
z_degree_to_degree,1,test-472,2.3025850929940455,2.790386199951172
z_degree_to_degree,1,test-473,6.040254711277413,6.400784492492676
z_degree_to_degree,1,test-474,4.90527477843843,5.1843791007995605
z_degree_to_degree,1,test-475,2.197224577336219,2.5907325744628906
z_degree_to_degree,1,test-476,2.0794415416798357,2.7734909057617188
z_degree_to_degree,1,test-477,2.8903717578961645,3.201129913330078
z_degree_to_degree,1,test-478,3.1780538303479453,3.5154829025268555
z_degree_to_degree,1,test-479,2.995732273553991,3.349681854248047
z_degree_to_degree,1,test-480,4.276666119016055,4.535890102386475
z_degree_to_degree,1,test-481,2.4849066497880004,2.9669506549835205
z_degree_to_degree,1,test-482,3.295836866004329,3.655056953430176
z_degree_to_degree,1,test-483,3.1780538303479453,3.43341326713562
z_degree_to_degree,1,test-484,2.0794415416798357,2.7734909057617188
z_degree_to_degree,1,test-485,3.332204510175204,3.6100730895996094
z_degree_to_degree,1,test-486,1.3862943611198906,2.0279757976531982
z_degree_to_degree,1,test-487,4.356708826689592,4.602023124694824
z_degree_to_degree,1,test-488,2.0794415416798357,2.7734909057617188
z_degree_to_degree,1,test-489,2.9957322735539913,3.58640456199646
z_degree_to_degree,1,test-490,0.6931471805599453,1.579253911972046
z_degree_to_degree,1,test-491,2.0794415416798357,2.7734909057617188
z_degree_to_degree,1,test-492,4.31748811353631,4.609428882598877
z_degree_to_degree,1,test-493,3.58351893845611,3.9729928970336914
z_degree_to_degree,1,test-494,0.0,1.2322700023651123
z_degree_to_degree,1,test-495,5.272999558563747,5.45950984954834
z_degree_to_degree,1,test-496,1.791759469228055,2.315488338470459
z_degree_to_degree,1,test-497,3.7376696182833684,4.397796154022217
z_degree_to_degree,1,test-498,2.4849066497880004,2.9669506549835205
z_degree_to_degree,1,test-499,3.8712010109078907,4.096221923828125
z_degree_to_degree,1,test-500,6.040254711277413,6.400784492492676
z_degree_to_degree,1,test-501,3.3322045101752042,3.777392864227295
z_degree_to_degree,1,test-502,3.332204510175204,3.6100730895996094
z_degree_to_degree,1,test-503,4.700480365792417,4.9870381355285645
z_degree_to_degree,1,test-504,4.499809670330265,4.7725510597229
z_degree_to_degree,1,test-505,2.197224577336219,2.5907325744628906
z_degree_to_degree,1,test-506,3.688879454113936,3.8985586166381836
z_degree_to_degree,1,test-507,2.6390573296152584,3.087371349334717
z_degree_to_degree,1,test-508,4.276666119016055,4.584982395172119
z_degree_to_degree,1,test-509,3.8712010109078907,4.130999565124512
z_degree_to_degree,1,test-510,4.442651256490317,4.726703643798828
z_degree_to_degree,1,test-511,5.634789603169249,5.7605791091918945
z_cn_to_cn_residual,1,test-0,0.41901558340082656,0.40375596284866333
z_cn_to_cn_residual,1,test-1,-0.2583525517139924,-0.2658711075782776
z_cn_to_cn_residual,1,test-2,-0.018993154254683953,0.37589526176452637
z_cn_to_cn_residual,1,test-3,-0.09727709888120242,-0.16483226418495178
z_cn_to_cn_residual,1,test-4,1.0359694158101418,0.9722209572792053
z_cn_to_cn_residual,1,test-5,-0.4047253779878611,-0.44289642572402954
z_cn_to_cn_residual,1,test-6,1.0655218182956825,0.8205457329750061
z_cn_to_cn_residual,1,test-7,-0.18426105211107924,-0.14027884602546692
z_cn_to_cn_residual,1,test-8,-0.10023401181546886,-0.16589972376823425
z_cn_to_cn_residual,1,test-9,-0.35666135733620163,-0.393978476524353
z_cn_to_cn_residual,1,test-10,0.8355607557628979,0.8287651538848877
z_cn_to_cn_residual,1,test-11,0.6811794613133313,0.7268034219741821
z_cn_to_cn_residual,1,test-12,-0.0022547768087889004,-0.050982266664505005
z_cn_to_cn_residual,1,test-13,0.08268421210545274,0.3033730983734131
z_cn_to_cn_residual,1,test-14,0.1265245666267653,0.18342778086662292
z_cn_to_cn_residual,1,test-15,0.6908924037511563,0.37609273195266724
z_cn_to_cn_residual,1,test-16,0.4964614688251994,0.531754195690155
z_cn_to_cn_residual,1,test-17,0.030648706081244377,0.015475481748580933
z_cn_to_cn_residual,1,test-18,-0.0022547768087889004,-0.050982266664505005
z_cn_to_cn_residual,1,test-19,-0.10023401181546886,-0.16589972376823425
z_cn_to_cn_residual,1,test-20,-0.0017162122830214665,-0.049893707036972046
z_cn_to_cn_residual,1,test-21,0.3748629636930609,0.3294870853424072
z_cn_to_cn_residual,1,test-22,-0.2630515329052116,-0.27348795533180237
z_cn_to_cn_residual,1,test-23,-0.0018040386788887037,-0.0500713586807251
z_cn_to_cn_residual,1,test-24,0.3272151667083216,0.39133065938949585
z_cn_to_cn_residual,1,test-25,-0.528650074782717,-0.5631240010261536
z_cn_to_cn_residual,1,test-26,0.6906723567239333,0.5819161534309387
z_cn_to_cn_residual,1,test-27,0.7803280718012251,0.6906517744064331
z_cn_to_cn_residual,1,test-28,0.5975839598243551,0.5254788398742676
z_cn_to_cn_residual,1,test-29,0.6876077702565512,0.5661319494247437
z_cn_to_cn_residual,1,test-30,0.6739266191922899,0.5040087699890137
z_cn_to_cn_residual,1,test-31,0.22592574994459075,0.4425753951072693
z_cn_to_cn_residual,1,test-32,-0.31276047812031493,-0.3473590910434723
z_cn_to_cn_residual,1,test-33,0.6864567173986107,0.5127760171890259
z_cn_to_cn_residual,1,test-34,-0.22577903790857956,-0.2077144980430603
z_cn_to_cn_residual,1,test-35,-0.15886813049140017,-0.15051686763763428
z_cn_to_cn_residual,1,test-36,-0.0018015872129917689,-0.050065845251083374
z_cn_to_cn_residual,1,test-37,-0.0024748238360119044,-0.05142751336097717
z_cn_to_cn_residual,1,test-38,0.0026647510744795353,-0.04103633761405945
z_cn_to_cn_residual,1,test-39,-0.0022547768087889004,-0.050982266664505005
z_cn_to_cn_residual,1,test-40,1.0637319047963991,0.8902583718299866
z_cn_to_cn_residual,1,test-41,0.33648582322374365,0.3631659746170044
z_cn_to_cn_residual,1,test-42,0.3950893555112512,0.3254929780960083
z_cn_to_cn_residual,1,test-43,-0.07427853032672008,-0.15121343731880188
z_cn_to_cn_residual,1,test-44,1.160515323211311,0.9417082667350769
z_cn_to_cn_residual,1,test-45,-0.0022547768087889004,-0.050982266664505005
z_cn_to_cn_residual,1,test-46,0.1405242991682083,0.38639765977859497
z_cn_to_cn_residual,1,test-47,-0.0018015872129917689,-0.050065845251083374
z_cn_to_cn_residual,1,test-48,0.5975839598243551,0.4448584318161011
z_cn_to_cn_residual,1,test-49,0.3950893555112512,0.272477924823761
z_cn_to_cn_residual,1,test-50,0.3983360912278105,0.43424397706985474
z_cn_to_cn_residual,1,test-51,0.5067931432115338,0.4767652153968811
z_cn_to_cn_residual,1,test-52,-0.5947108813669576,-0.5833365321159363
z_cn_to_cn_residual,1,test-53,-0.09556322073559016,-0.16421499848365784
z_cn_to_cn_residual,1,test-54,-0.007277398667662731,-0.06114056706428528
z_cn_to_cn_residual,1,test-55,-0.585216216354449,-0.5804470777511597
z_cn_to_cn_residual,1,test-56,-0.09556322073559016,-0.16421499848365784
z_cn_to_cn_residual,1,test-57,0.8884193392353986,0.7580718398094177
z_cn_to_cn_residual,1,test-58,-0.48732856757400367,-0.4988356828689575
z_cn_to_cn_residual,1,test-59,0.6906723567239333,0.3497074544429779
z_cn_to_cn_residual,1,test-60,-0.24664060277060912,-0.24368584156036377
z_cn_to_cn_residual,1,test-61,-0.00020231820106400537,-0.04683205485343933
z_cn_to_cn_residual,1,test-62,-0.00020231820106400537,-0.04683205485343933
z_cn_to_cn_residual,1,test-63,-0.0018015872129917689,-0.050065845251083374
z_cn_to_cn_residual,1,test-64,-0.18349714014503832,-0.13906711339950562
z_cn_to_cn_residual,1,test-65,1.0030490679325195,1.011803388595581
z_cn_to_cn_residual,1,test-66,-0.0040603077699362606,-0.05463334918022156
z_cn_to_cn_residual,1,test-67,-0.0040603077699362606,-0.05463334918022156
z_cn_to_cn_residual,1,test-68,-0.5281305324979,-0.5629640817642212
z_cn_to_cn_residual,1,test-69,0.40923910922239254,0.39129772782325745
z_cn_to_cn_residual,1,test-70,0.5067931432115338,0.3601610064506531
z_cn_to_cn_residual,1,test-71,0.34616685845311307,0.41225671768188477
z_cn_to_cn_residual,1,test-72,-0.0022547768087889004,-0.050982266664505005
z_cn_to_cn_residual,1,test-73,-0.3225624563234914,-0.35740891098976135
z_cn_to_cn_residual,1,test-74,-0.09556322073559016,-0.16421499848365784
z_cn_to_cn_residual,1,test-75,0.9983782768526407,0.8976404070854187
z_cn_to_cn_residual,1,test-76,-0.0018040386788887037,-0.0500713586807251
z_cn_to_cn_residual,1,test-77,0.5929131687444764,0.5877593755722046
z_cn_to_cn_residual,1,test-78,-0.0020240857061117087,-0.05051645636558533
z_cn_to_cn_residual,1,test-79,-0.0022547768087889004,-0.050982266664505005
z_cn_to_cn_residual,1,test-80,0.6876077702565512,0.7647402882575989
z_cn_to_cn_residual,1,test-81,0.3247792901778015,0.4269763231277466
z_cn_to_cn_residual,1,test-82,1.068010144253006,0.8940773010253906
z_cn_to_cn_residual,1,test-83,-0.06000166077099335,-0.13674330711364746
z_cn_to_cn_residual,1,test-84,-0.32208678930701756,-0.35692086815834045
z_cn_to_cn_residual,1,test-85,-0.2583525517139924,-0.2658711075782776
z_cn_to_cn_residual,1,test-86,0.3983360912278105,0.4370895028114319
z_cn_to_cn_residual,1,test-87,-0.09556322073559016,-0.16421499848365784
z_cn_to_cn_residual,1,test-88,-0.007277398667662731,-0.06114056706428528
z_cn_to_cn_residual,1,test-89,-0.2948110893321348,-0.3287574350833893
z_cn_to_cn_residual,1,test-90,-0.07427853032672008,-0.15121343731880188
z_cn_to_cn_residual,1,test-91,-0.0024748238360119044,-0.05142751336097717
z_cn_to_cn_residual,1,test-92,0.5958700816787429,0.37206000089645386
z_cn_to_cn_residual,1,test-93,0.48295423112723435,0.4811795949935913
z_cn_to_cn_residual,1,test-94,-0.07427853032672008,-0.15121343731880188
z_cn_to_cn_residual,1,test-95,0.5620068735609041,0.3677784502506256
z_cn_to_cn_residual,1,test-96,-0.6164097484976776,0.045555949211120605
z_cn_to_cn_residual,1,test-97,-0.12666879423377733,-0.16820251941680908
z_cn_to_cn_residual,1,test-98,-0.0024748238360119044,-0.05142751336097717
z_cn_to_cn_residual,1,test-99,-0.09556322073559016,-0.16421499848365784
z_cn_to_cn_residual,1,test-100,-0.3683678903821438,-0.40702319145202637
z_cn_to_cn_residual,1,test-101,0.5975839598243551,0.38766658306121826
z_cn_to_cn_residual,1,test-102,0.04707236782785143,0.04858240485191345
z_cn_to_cn_residual,1,test-103,-0.15886813049140017,-0.15051686763763428
z_cn_to_cn_residual,1,test-104,0.6291349309040132,0.5351067781448364
z_cn_to_cn_residual,1,test-105,-0.0018040386788887037,-0.0500713586807251
z_cn_to_cn_residual,1,test-106,0.6864567173986107,0.5099949836730957
z_cn_to_cn_residual,1,test-107,-0.0022547768087889004,-0.050982266664505005
z_cn_to_cn_residual,1,test-108,0.09843629919298769,0.2688302993774414
z_cn_to_cn_residual,1,test-109,0.38038670243963035,0.36025261878967285
z_cn_to_cn_residual,1,test-110,-0.0024748238360119044,-0.05142751336097717
z_cn_to_cn_residual,1,test-111,0.0028715724223535776,-0.040617674589157104
z_cn_to_cn_residual,1,test-112,0.43827176493454917,0.4238252639770508
z_cn_to_cn_residual,1,test-113,-0.4110045184115584,-0.4482129216194153
z_cn_to_cn_residual,1,test-114,-0.0020240857061117087,-0.05051645636558533
z_cn_to_cn_residual,1,test-115,0.6913455933469536,0.5531203150749207
z_cn_to_cn_residual,1,test-116,1.018059726085129,0.7978312373161316
z_cn_to_cn_residual,1,test-117,0.6990601796163277,0.43223336338996887
z_cn_to_cn_residual,1,test-118,-0.28390807133755275,-0.30938270688056946
z_cn_to_cn_residual,1,test-119,0.7108960938684429,0.6595840454101562
z_cn_to_cn_residual,1,test-120,0.6188686502332252,0.48340851068496704
z_cn_to_cn_residual,1,test-121,0.5067931432115338,0.47319865226745605
z_cn_to_cn_residual,1,test-122,0.7302443982859658,0.7704312801361084
z_cn_to_cn_residual,1,test-123,0.6908924037511563,0.5343159437179565
z_cn_to_cn_residual,1,test-124,-0.007277398667662731,-0.06114056706428528
z_cn_to_cn_residual,1,test-125,-0.06401224965593211,-0.14080610871315002
z_cn_to_cn_residual,1,test-126,1.0243337583413894,0.5766870975494385
z_cn_to_cn_residual,1,test-127,-0.0022547768087889004,-0.050982266664505005
z_cn_to_cn_residual,1,test-128,-0.18426105211107924,-0.14027884602546692
z_cn_to_cn_residual,1,test-129,-0.013887172973514786,-0.07426288723945618
z_cn_to_cn_residual,1,test-130,0.9122582513196982,0.7414215207099915
z_cn_to_cn_residual,1,test-131,0.5929131687444764,0.559761106967926
z_cn_to_cn_residual,1,test-132,-0.4110045184115584,-0.4482129216194153
z_cn_to_cn_residual,1,test-133,-0.37883510134058207,-0.41867923736572266
z_cn_to_cn_residual,1,test-134,-0.06401224965593211,-0.14080610871315002
z_cn_to_cn_residual,1,test-135,0.5342790500685451,0.4930122494697571
z_cn_to_cn_residual,1,test-136,0.6876077702565512,0.5001044869422913
z_cn_to_cn_residual,1,test-137,-0.00020231820106400537,-0.04683205485343933
z_cn_to_cn_residual,1,test-138,-0.4547401543466098,-0.4698371887207031
z_cn_to_cn_residual,1,test-139,-0.0022547768087889004,-0.050982266664505005
z_cn_to_cn_residual,1,test-140,-0.2948110893321348,-0.3287574350833893
z_cn_to_cn_residual,1,test-141,0.7255381829334756,0.6605745553970337
z_cn_to_cn_residual,1,test-142,-0.09556322073559016,-0.16421499848365784
z_cn_to_cn_residual,1,test-143,-0.0024748238360119044,-0.05142751336097717
z_cn_to_cn_residual,1,test-144,-0.15886813049140017,-0.15051686763763428
z_cn_to_cn_residual,1,test-145,-0.019220561367655327,-0.0831785500049591
z_cn_to_cn_residual,1,test-146,0.3748629636930609,0.495821475982666
z_cn_to_cn_residual,1,test-147,-0.2948110893321348,-0.3287574350833893
z_cn_to_cn_residual,1,test-148,0.09843629919298769,0.3178907036781311
z_cn_to_cn_residual,1,test-149,-0.28390807133755275,-0.30938270688056946
z_cn_to_cn_residual,1,test-150,-0.2022090658798931,-0.16880017518997192
z_cn_to_cn_residual,1,test-151,0.5620068735609041,0.32066765427589417
z_cn_to_cn_residual,1,test-152,-0.007582155548103726,-0.0617557168006897
z_cn_to_cn_residual,1,test-153,0.2590097008212066,0.35240882635116577
z_cn_to_cn_residual,1,test-154,0.6906723567239333,0.5698754191398621
z_cn_to_cn_residual,1,test-155,-0.0024748238360119044,-0.05142751336097717
z_cn_to_cn_residual,1,test-156,1.219443201021135,0.8115556836128235
z_cn_to_cn_residual,1,test-157,-0.12202718859176774,-0.17076024413108826
z_cn_to_cn_residual,1,test-158,-0.0018015872129917689,-0.050065845251083374
z_cn_to_cn_residual,1,test-159,0.5975839598243551,0.3987591862678528
z_cn_to_cn_residual,1,test-160,0.0028715724223535776,-0.040617674589157104
z_cn_to_cn_residual,1,test-161,-0.0020240857061117087,-0.05051645636558533
z_cn_to_cn_residual,1,test-162,0.5975839598243551,0.5605224967002869
z_cn_to_cn_residual,1,test-163,-0.0022547768087889004,-0.050982266664505005
z_cn_to_cn_residual,1,test-164,0.3143120792193632,0.48509976267814636
z_cn_to_cn_residual,1,test-165,-0.0018040386788887037,-0.0500713586807251
z_cn_to_cn_residual,1,test-166,-0.36593201385162366,-0.4043097496032715
z_cn_to_cn_residual,1,test-167,-0.5594178356868584,-0.5725685954093933
z_cn_to_cn_residual,1,test-168,0.3272151667083216,0.423331081867218
z_cn_to_cn_residual,1,test-169,-0.0022547768087889004,-0.050982266664505005
z_cn_to_cn_residual,1,test-170,-0.0024748238360119044,-0.05142751336097717
z_cn_to_cn_residual,1,test-171,0.5721845461797057,0.41740477085113525
z_cn_to_cn_residual,1,test-172,-0.0020240857061117087,-0.05051645636558533
z_cn_to_cn_residual,1,test-173,-0.07427853032672008,-0.15121343731880188
z_cn_to_cn_residual,1,test-174,1.192005085079322,1.084844946861267
z_cn_to_cn_residual,1,test-175,0.8268765254330321,0.8384528160095215
z_cn_to_cn_residual,1,test-176,-0.09264389345827083,-0.16316381096839905
z_cn_to_cn_residual,1,test-177,0.030648706081244377,0.015475481748580933
z_cn_to_cn_residual,1,test-178,-0.3182842168668844,-0.3530222177505493
z_cn_to_cn_residual,1,test-179,-0.0020240857061117087,-0.05051645636558533
z_cn_to_cn_residual,1,test-180,-0.006690463161334578,-0.059952735900878906
z_cn_to_cn_residual,1,test-181,-0.31276047812031493,-0.3473590910434723
z_cn_to_cn_residual,1,test-182,-0.3182842168668844,-0.3530222177505493
z_cn_to_cn_residual,1,test-183,-0.0018015872129917689,-0.050065845251083374
z_cn_to_cn_residual,1,test-184,0.2591570888338408,0.46075791120529175
z_cn_to_cn_residual,1,test-185,-0.2948110893321348,-0.3287574350833893
z_cn_to_cn_residual,1,test-186,1.123242828214679,1.172909140586853
z_cn_to_cn_residual,1,test-187,-0.2948110893321348,-0.3287574350833893
z_cn_to_cn_residual,1,test-188,-0.07427853032672008,-0.15121343731880188
z_cn_to_cn_residual,1,test-189,-0.06401224965593211,-0.14080610871315002
z_cn_to_cn_residual,1,test-190,0.5975839598243551,0.5226874351501465
z_cn_to_cn_residual,1,test-191,-0.0024748238360119044,-0.05142751336097717
z_cn_to_cn_residual,1,test-192,0.5929131687444764,0.6125723719596863
z_cn_to_cn_residual,1,test-193,-0.18635403734841144,-0.14360272884368896
z_cn_to_cn_residual,1,test-194,-0.006690463161334578,-0.059952735900878906
z_cn_to_cn_residual,1,test-195,0.1650166480620453,0.39637356996536255
z_cn_to_cn_residual,1,test-196,-0.3558306615151853,-0.39305150508880615
z_cn_to_cn_residual,1,test-197,-0.07427853032672008,-0.15121343731880188
z_cn_to_cn_residual,1,test-198,-0.14545922246111387,-0.15786907076835632
z_cn_to_cn_residual,1,test-199,-0.0018040386788887037,-0.0500713586807251
z_cn_to_cn_residual,1,test-200,-0.0018040386788887037,-0.0500713586807251
z_cn_to_cn_residual,1,test-201,-0.0018040386788887037,-0.0500713586807251
z_cn_to_cn_residual,1,test-202,-0.10023401181546886,-0.16589972376823425
z_cn_to_cn_residual,1,test-203,-0.07427853032672008,-0.15121343731880188
z_cn_to_cn_residual,1,test-204,0.6858697818922825,0.5069524049758911
z_cn_to_cn_residual,1,test-205,-0.06401224965593211,-0.14080610871315002
z_cn_to_cn_residual,1,test-206,-0.31276047812031493,-0.3473590910434723
z_cn_to_cn_residual,1,test-207,0.252220462640869,0.3305312991142273
z_cn_to_cn_residual,1,test-208,-0.3469803221068322,-0.38318395614624023
z_cn_to_cn_residual,1,test-209,0.4614097222901157,0.6730976700782776
z_cn_to_cn_residual,1,test-210,0.2528816619975243,0.432201623916626
z_cn_to_cn_residual,1,test-211,0.9983782768526407,0.8311067223548889
z_cn_to_cn_residual,1,test-212,-0.017144623807369665,-0.07970738410949707
z_cn_to_cn_residual,1,test-213,-0.0018015872129917689,-0.050065845251083374
z_cn_to_cn_residual,1,test-214,0.7197771873275275,0.7134530544281006
z_cn_to_cn_residual,1,test-215,-0.0024748238360119044,-0.05142751336097717
z_cn_to_cn_residual,1,test-216,-0.0022547768087889004,-0.050982266664505005
z_cn_to_cn_residual,1,test-217,0.6908924037511563,0.5576920509338379
z_cn_to_cn_residual,1,test-218,-0.10023401181546886,-0.16589972376823425
z_cn_to_cn_residual,1,test-219,-0.3683678903821438,-0.40702319145202637
z_cn_to_cn_residual,1,test-220,-0.0006184180575551858,-0.04767325520515442
z_cn_to_cn_residual,1,test-221,-0.18635403734841144,-0.14360272884368896
z_cn_to_cn_residual,1,test-222,-0.0024748238360119044,-0.05142751336097717
z_cn_to_cn_residual,1,test-223,-0.19225343103972337,-0.15297511219978333
z_cn_to_cn_residual,1,test-224,-0.0018015872129917689,-0.050065845251083374
z_cn_to_cn_residual,1,test-225,0.8038011993359748,0.9070517420768738
z_cn_to_cn_residual,1,test-226,-0.0024748238360119044,-0.05142751336097717
z_cn_to_cn_residual,1,test-227,0.9397441581767094,0.7527509927749634
z_cn_to_cn_residual,1,test-228,-0.0022547768087889004,-0.050982266664505005
z_cn_to_cn_residual,1,test-229,-0.06401224965593211,-0.14080610871315002
z_cn_to_cn_residual,1,test-230,0.5620068735609041,0.4841618537902832
z_cn_to_cn_residual,1,test-231,-0.35440529161499984,-0.39146268367767334
z_cn_to_cn_residual,1,test-232,0.5770717695959459,0.47395217418670654
z_cn_to_cn_residual,1,test-233,-0.0015424143024689073,-0.04954153299331665
z_cn_to_cn_residual,1,test-234,-0.3683678903821438,-0.40702319145202637
z_cn_to_cn_residual,1,test-235,0.5958700816787429,0.3095710277557373
z_cn_to_cn_residual,1,test-236,-0.09556322073559016,-0.16421499848365784
z_cn_to_cn_residual,1,test-237,-0.10023401181546886,-0.16589972376823425
z_cn_to_cn_residual,1,test-238,1.0695654446363474,0.7275977730751038
z_cn_to_cn_residual,1,test-239,0.09843629919298769,0.11141213774681091
z_cn_to_cn_residual,1,test-240,-0.0022547768087889004,-0.050982266664505005
z_cn_to_cn_residual,1,test-241,-0.0040603077699362606,-0.05463334918022156
z_cn_to_cn_residual,1,test-242,1.0030490679325195,0.781977117061615
z_cn_to_cn_residual,1,test-243,0.6291349309040132,0.46828678250312805
z_cn_to_cn_residual,1,test-244,-0.10023401181546886,-0.16589972376823425
z_cn_to_cn_residual,1,test-245,0.5975839598243551,0.39218294620513916
z_cn_to_cn_residual,1,test-246,-0.6104629684544925,-0.5881164073944092
z_cn_to_cn_residual,1,test-247,-0.0022547768087889004,-0.050982266664505005
z_cn_to_cn_residual,1,test-248,-0.4047253779878611,-0.44289642572402954
z_cn_to_cn_residual,1,test-249,-0.3225624563234914,-0.35740891098976135
z_cn_to_cn_residual,1,test-250,-0.0020240857061117087,-0.05051645636558533
z_cn_to_cn_residual,1,test-251,0.030648706081244377,0.015475481748580933
z_cn_to_cn_residual,1,test-252,-0.3182842168668844,-0.3530222177505493
z_cn_to_cn_residual,1,test-253,-0.09556322073559016,-0.16421499848365784
z_cn_to_cn_residual,1,test-254,-0.007277398667662731,-0.06114056706428528
z_cn_to_cn_residual,1,test-255,-0.2731760138842796,-0.2899082899093628
z_cn_to_cn_residual,1,test-256,-0.0018015872129917689,-0.050065845251083374
z_cn_to_cn_residual,1,test-257,0.16176521739140348,0.29551786184310913
z_cn_to_cn_residual,1,test-258,0.8541545387589237,0.7635464668273926
z_cn_to_cn_residual,1,test-259,-0.002670989411858091,-0.051823973655700684
z_cn_to_cn_residual,1,test-260,-0.0018040386788887037,-0.0500713586807251
z_cn_to_cn_residual,1,test-261,0.4300956476547337,0.32102301716804504
z_cn_to_cn_residual,1,test-262,0.9122582513196982,0.7714964747428894
z_cn_to_cn_residual,1,test-263,-0.18635403734841144,-0.14360272884368896
z_cn_to_cn_residual,1,test-264,-0.3320721512816548,-0.3671576976776123
z_cn_to_cn_residual,1,test-265,-0.4547401543466098,-0.4698371887207031
z_cn_to_cn_residual,1,test-266,0.6908924037511563,0.5737871527671814
z_cn_to_cn_residual,1,test-267,0.6906723567239333,0.42403265833854675
z_cn_to_cn_residual,1,test-268,-0.09556322073559016,-0.16421499848365784
z_cn_to_cn_residual,1,test-269,0.5689702541034036,0.7720716595649719
z_cn_to_cn_residual,1,test-270,-0.0022547768087889004,-0.050982266664505005
z_cn_to_cn_residual,1,test-271,0.9983782768526407,0.6624241471290588
z_cn_to_cn_residual,1,test-272,0.2613485229610166,0.2493334412574768
z_cn_to_cn_residual,1,test-273,0.4673681426513657,0.3459615707397461
z_cn_to_cn_residual,1,test-274,0.5342790500685451,0.3189607262611389
z_cn_to_cn_residual,1,test-275,-0.09556322073559016,-0.16421499848365784
z_cn_to_cn_residual,1,test-276,-0.00020231820106400537,-0.04683205485343933
z_cn_to_cn_residual,1,test-277,-0.2948110893321348,-0.3287574350833893
z_cn_to_cn_residual,1,test-278,0.4199711666756657,0.5008538365364075
z_cn_to_cn_residual,1,test-279,0.508886128448866,0.36139214038848877
z_cn_to_cn_residual,1,test-280,-0.007277398667662731,-0.06114056706428528
z_cn_to_cn_residual,1,test-281,1.0243337583413894,0.953673779964447
z_cn_to_cn_residual,1,test-282,-0.03149563168791701,-0.10343983769416809
z_cn_to_cn_residual,1,test-283,-0.18635403734841144,-0.14360272884368896
z_cn_to_cn_residual,1,test-284,-0.0015424143024689073,-0.04954153299331665
z_cn_to_cn_residual,1,test-285,-0.09556322073559016,-0.16421499848365784
z_cn_to_cn_residual,1,test-286,1.2992843180736968,1.0161901712417603
z_cn_to_cn_residual,1,test-287,-0.10023401181546886,-0.16589972376823425
z_cn_to_cn_residual,1,test-288,0.5538976368173106,0.2979116141796112
z_cn_to_cn_residual,1,test-289,0.22592574994459075,0.3014500141143799
z_cn_to_cn_residual,1,test-290,0.5975839598243551,0.4627671241760254
z_cn_to_cn_residual,1,test-291,0.5684379178128287,0.5911944508552551
z_cn_to_cn_residual,1,test-292,-0.8251345712510022,-0.8484560251235962
z_cn_to_cn_residual,1,test-293,0.33648582322374365,0.2652519643306732
z_cn_to_cn_residual,1,test-294,0.6291349309040132,0.5474265217781067
z_cn_to_cn_residual,1,test-295,0.6906723567239333,0.5810648202896118
z_cn_to_cn_residual,1,test-296,-0.003006727339478526,-0.05250251293182373
z_cn_to_cn_residual,1,test-297,-0.00020231820106400537,-0.04683205485343933
z_cn_to_cn_residual,1,test-298,0.6913455933469536,0.5032110214233398
z_cn_to_cn_residual,1,test-299,-0.22577903790857956,-0.2077144980430603
z_cn_to_cn_residual,1,test-300,0.5067931432115338,0.5776994824409485
z_cn_to_cn_residual,1,test-301,-0.0015424143024689073,-0.04954153299331665
z_cn_to_cn_residual,1,test-302,0.6188686502332252,0.6007875800132751
z_cn_to_cn_residual,1,test-303,-0.0024748238360119044,-0.05142751336097717
z_cn_to_cn_residual,1,test-304,-0.33397562185019486,-0.36910927295684814
z_cn_to_cn_residual,1,test-305,0.3983360912278105,0.45800328254699707
z_cn_to_cn_residual,1,test-306,0.5928120623831642,0.6142220497131348
z_cn_to_cn_residual,1,test-307,-0.0024748238360119044,-0.05142751336097717
z_cn_to_cn_residual,1,test-308,0.6906723567239333,0.5736209154129028
z_cn_to_cn_residual,1,test-309,0.5096500404149069,0.36535340547561646
z_cn_to_cn_residual,1,test-310,-0.06401224965593211,-0.14080610871315002
z_cn_to_cn_residual,1,test-311,0.8882030670104488,0.7847383618354797
z_cn_to_cn_residual,1,test-312,0.0007524589277726183,-0.044902265071868896
z_cn_to_cn_residual,1,test-313,0.42321402141666187,0.47222620248794556
z_cn_to_cn_residual,1,test-314,0.1405242991682083,0.43027520179748535
z_cn_to_cn_residual,1,test-315,-0.00020231820106400537,-0.04683205485343933
z_cn_to_cn_residual,1,test-316,0.5975839598243551,0.38802582025527954
z_cn_to_cn_residual,1,test-317,0.6316565361190157,0.5163587331771851
z_cn_to_cn_residual,1,test-318,-0.2948110893321348,-0.3287574350833893
z_cn_to_cn_residual,1,test-319,0.42321402141666187,0.43610405921936035
z_cn_to_cn_residual,1,test-320,-0.15886813049140017,-0.15051686763763428
z_cn_to_cn_residual,1,test-321,-0.10023401181546886,-0.16589972376823425
z_cn_to_cn_residual,1,test-322,0.5067931432115338,0.5367417931556702
z_cn_to_cn_residual,1,test-323,-0.0022547768087889004,-0.050982266664505005
z_cn_to_cn_residual,1,test-324,-0.07427853032672008,-0.15121343731880188
z_cn_to_cn_residual,1,test-325,0.5342790500685451,0.535972535610199
z_cn_to_cn_residual,1,test-326,-0.002670989411858091,-0.051823973655700684
z_cn_to_cn_residual,1,test-327,-0.13114030699904125,-0.16574028134346008
z_cn_to_cn_residual,1,test-328,-0.4110045184115584,-0.4482129216194153
z_cn_to_cn_residual,1,test-329,-0.0015424143024689073,-0.04954153299331665
z_cn_to_cn_residual,1,test-330,1.020362347268267,0.9612201452255249
z_cn_to_cn_residual,1,test-331,-0.2812409609123343,-0.30454498529434204
z_cn_to_cn_residual,1,test-332,-0.0006184180575551858,-0.04767325520515442
z_cn_to_cn_residual,1,test-333,0.0028715724223535776,-0.040617674589157104
z_cn_to_cn_residual,1,test-334,-0.0040603077699362606,-0.05463334918022156
z_cn_to_cn_residual,1,test-335,1.105601283204832,1.0196075439453125
z_cn_to_cn_residual,1,test-336,-0.09556322073559016,-0.16421499848365784
z_cn_to_cn_residual,1,test-337,0.5929131687444764,0.4601253271102905
z_cn_to_cn_residual,1,test-338,0.6188686502332252,0.4140612483024597
z_cn_to_cn_residual,1,test-339,0.5342790500685451,0.5470159649848938
z_cn_to_cn_residual,1,test-340,0.934733314125266,1.0911054611206055
z_cn_to_cn_residual,1,test-341,0.4909381146800522,0.5404864549636841
z_cn_to_cn_residual,1,test-342,-0.07427853032672008,-0.15121343731880188
z_cn_to_cn_residual,1,test-343,-0.42488024750326947,-0.0036308765411376953
z_cn_to_cn_residual,1,test-344,-0.0018015872129917689,-0.050065845251083374
z_cn_to_cn_residual,1,test-345,0.5958700816787429,0.5754333138465881
z_cn_to_cn_residual,1,test-346,0.6188686502332252,0.4068501591682434
z_cn_to_cn_residual,1,test-347,0.6188686502332252,0.43027544021606445
z_cn_to_cn_residual,1,test-348,0.6188686502332252,0.5389494895935059
z_cn_to_cn_residual,1,test-349,-0.2630515329052116,-0.27348795533180237
z_cn_to_cn_residual,1,test-350,0.0028715724223535776,-0.040617674589157104
z_cn_to_cn_residual,1,test-351,-0.22577903790857956,-0.2077144980430603
z_cn_to_cn_residual,1,test-352,-0.0018015872129917689,-0.050065845251083374
z_cn_to_cn_residual,1,test-353,0.6739266191922899,0.44012385606765747
z_cn_to_cn_residual,1,test-354,-0.16827858824673567,-0.14536970853805542
z_cn_to_cn_residual,1,test-355,-0.5873090742255913,-0.581084132194519
z_cn_to_cn_residual,1,test-356,-0.0022547768087889004,-0.050982266664505005
z_cn_to_cn_residual,1,test-357,-0.0022547768087889004,-0.050982266664505005
z_cn_to_cn_residual,1,test-358,-0.0022547768087889004,-0.050982266664505005
z_cn_to_cn_residual,1,test-359,-0.03309047037242718,0.3461189270019531
z_cn_to_cn_residual,1,test-360,-0.13924954374263468,-0.16128015518188477
z_cn_to_cn_residual,1,test-361,0.42321402141666187,0.41522151231765747
z_cn_to_cn_residual,1,test-362,-0.3240937138453681,-0.3589784801006317
z_cn_to_cn_residual,1,test-363,0.2613485229610166,0.38028180599212646
z_cn_to_cn_residual,1,test-364,-0.06401224965593211,-0.14080610871315002
z_cn_to_cn_residual,1,test-365,-0.18635403734841144,-0.14360272884368896
z_cn_to_cn_residual,1,test-366,-0.0020240857061117087,-0.05051645636558533
z_cn_to_cn_residual,1,test-367,-0.5947108813669576,-0.5833365321159363
z_cn_to_cn_residual,1,test-368,1.0318890695048908,0.7491549849510193
z_cn_to_cn_residual,1,test-369,-0.0018015872129917689,-0.050065845251083374
z_cn_to_cn_residual,1,test-370,0.6858697818922825,0.5753659009933472
z_cn_to_cn_residual,1,test-371,-0.0015424143024689073,-0.04954153299331665
z_cn_to_cn_residual,1,test-372,0.6188686502332252,0.31843703985214233
z_cn_to_cn_residual,1,test-373,-0.3182842168668844,-0.3530222177505493
z_cn_to_cn_residual,1,test-374,0.5342790500685451,0.46246469020843506
z_cn_to_cn_residual,1,test-375,0.5975839598243551,0.503035843372345
z_cn_to_cn_residual,1,test-376,0.08268421210545274,0.30443495512008667
z_cn_to_cn_residual,1,test-377,-0.0040603077699362606,-0.05463334918022156
z_cn_to_cn_residual,1,test-378,-0.2948110893321348,-0.3287574350833893
z_cn_to_cn_residual,1,test-379,-0.0040603077699362606,-0.05463334918022156
z_cn_to_cn_residual,1,test-380,0.5975839598243551,0.5361513495445251
z_cn_to_cn_residual,1,test-381,0.6906723567239333,0.4341638386249542
z_cn_to_cn_residual,1,test-382,-0.0022547768087889004,-0.050982266664505005
z_cn_to_cn_residual,1,test-383,-0.0022547768087889004,-0.050982266664505005
z_cn_to_cn_residual,1,test-384,-0.02354671894819338,-0.09041327238082886
z_cn_to_cn_residual,1,test-385,-0.0022547768087889004,-0.050982266664505005
z_cn_to_cn_residual,1,test-386,-0.0022547768087889004,-0.050982266664505005
z_cn_to_cn_residual,1,test-387,0.6906723567239333,0.551042377948761
z_cn_to_cn_residual,1,test-388,0.5067931432115338,0.5345044136047363
z_cn_to_cn_residual,1,test-389,-0.0024748238360119044,-0.05142751336097717
z_cn_to_cn_residual,1,test-390,0.5929131687444764,0.41096097230911255
z_cn_to_cn_residual,1,test-391,0.5067931432115338,0.3594396710395813
z_cn_to_cn_residual,1,test-392,-0.0018015872129917689,-0.050065845251083374
z_cn_to_cn_residual,1,test-393,-0.0020240857061117087,-0.05051645636558533
z_cn_to_cn_residual,1,test-394,-0.0024748238360119044,-0.05142751336097717
z_cn_to_cn_residual,1,test-395,0.5620068735609041,0.5016455054283142
z_cn_to_cn_residual,1,test-396,-0.0022547768087889004,-0.050982266664505005
z_cn_to_cn_residual,1,test-397,-0.007582155548103726,-0.0617557168006897
z_cn_to_cn_residual,1,test-398,-0.0040603077699362606,-0.05463334918022156
z_cn_to_cn_residual,1,test-399,-0.18635403734841144,-0.14360272884368896
z_cn_to_cn_residual,1,test-400,0.6906723567239333,0.37545090913772583
z_cn_to_cn_residual,1,test-401,0.6906723567239333,0.390275776386261
z_cn_to_cn_residual,1,test-402,0.5958700816787429,0.5635581016540527
z_cn_to_cn_residual,1,test-403,-0.019646567613829567,-0.08389157056808472
z_cn_to_cn_residual,1,test-404,0.1650166480620453,0.3577495217323303
z_cn_to_cn_residual,1,test-405,-0.0015424143024689073,-0.04954153299331665
z_cn_to_cn_residual,1,test-406,-0.2630515329052116,-0.27348795533180237
z_cn_to_cn_residual,1,test-407,0.6913455933469536,0.7181777358055115
z_cn_to_cn_residual,1,test-408,0.0028715724223535776,-0.040617674589157104
z_cn_to_cn_residual,1,test-409,0.6696004616117519,0.4804455041885376
z_cn_to_cn_residual,1,test-410,-0.0022547768087889004,-0.050982266664505005
z_cn_to_cn_residual,1,test-411,-0.36593201385162366,-0.4043097496032715
z_cn_to_cn_residual,1,test-412,1.0030490679325195,0.6634460687637329
z_cn_to_cn_residual,1,test-413,0.3983360912278105,0.3841618299484253
z_cn_to_cn_residual,1,test-414,0.17526134949601502,0.4474620819091797
z_cn_to_cn_residual,1,test-415,0.6936189549882101,0.5706270337104797
z_cn_to_cn_residual,1,test-416,0.4300956476547337,0.2838681936264038
z_cn_to_cn_residual,1,test-417,-0.002670989411858091,-0.051823973655700684
z_cn_to_cn_residual,1,test-418,-0.18635403734841144,-0.14360272884368896
z_cn_to_cn_residual,1,test-419,0.4300956476547337,0.4672155976295471
z_cn_to_cn_residual,1,test-420,-0.10188873275634702,-0.16649696230888367
z_cn_to_cn_residual,1,test-421,-0.35440529161499984,-0.39146268367767334
z_cn_to_cn_residual,1,test-422,0.5975839598243551,0.6107972264289856
z_cn_to_cn_residual,1,test-423,-0.0024748238360119044,-0.05142751336097717
z_cn_to_cn_residual,1,test-424,0.6914309682769239,0.3510890007019043
z_cn_to_cn_residual,1,test-425,-0.00020231820106400537,-0.04683205485343933
z_cn_to_cn_residual,1,test-426,1.1999403237714792,1.080047369003296
z_cn_to_cn_residual,1,test-427,-0.06401224965593211,-0.14080610871315002
z_cn_to_cn_residual,1,test-428,0.6913455933469536,0.7181777358055115
z_cn_to_cn_residual,1,test-429,-0.13114030699904125,-0.16574028134346008
z_cn_to_cn_residual,1,test-430,0.001075849647576595,-0.04424816370010376
z_cn_to_cn_residual,1,test-431,-0.0024748238360119044,-0.05142751336097717
z_cn_to_cn_residual,1,test-432,-0.07427853032672008,-0.15121343731880188
z_cn_to_cn_residual,1,test-433,0.33648582322374365,0.38368743658065796
z_cn_to_cn_residual,1,test-434,0.5975839598243551,0.4341646432876587
z_cn_to_cn_residual,1,test-435,0.689086872790009,0.6026691794395447
z_cn_to_cn_residual,1,test-436,0.030648706081244377,0.015475481748580933
z_cn_to_cn_residual,1,test-437,0.6268363939653109,0.5108321905136108
z_cn_to_cn_residual,1,test-438,-0.12797890134930998,-0.16748109459877014
z_cn_to_cn_residual,1,test-439,-0.0022547768087889004,-0.050982266664505005
z_cn_to_cn_residual,1,test-440,0.8989657935458869,0.7341153025627136
z_cn_to_cn_residual,1,test-441,0.09843629919298769,0.23687458038330078
z_cn_to_cn_residual,1,test-442,0.9983782768526407,0.7462226748466492
z_cn_to_cn_residual,1,test-443,1.0030490679325195,0.8848216533660889
z_cn_to_cn_residual,1,test-444,-0.0018040386788887037,-0.0500713586807251
z_cn_to_cn_residual,1,test-445,1.1999403237714792,0.979154109954834
z_cn_to_cn_residual,1,test-446,0.9397441581767094,0.8012478947639465
z_cn_to_cn_residual,1,test-447,0.9122582513196982,0.5956947207450867
z_cn_to_cn_residual,1,test-448,-0.0015424143024689073,-0.04954153299331665
z_cn_to_cn_residual,1,test-449,0.6913455933469536,0.7181777358055115
z_cn_to_cn_residual,1,test-450,0.6188686502332252,0.41285377740859985
z_cn_to_cn_residual,1,test-451,-0.6164097484976776,0.08328121900558472
z_cn_to_cn_residual,1,test-452,-0.3225624563234914,-0.35740891098976135
z_cn_to_cn_residual,1,test-453,0.7326802748164859,0.48602908849716187
z_cn_to_cn_residual,1,test-454,-0.09556322073559016,-0.16421499848365784
z_cn_to_cn_residual,1,test-455,0.6898989853876496,0.4833105802536011
z_cn_to_cn_residual,1,test-456,-0.06631078659463438,-0.1431352198123932
z_cn_to_cn_residual,1,test-457,-0.0022547768087889004,-0.050982266664505005
z_cn_to_cn_residual,1,test-458,-0.15886813049140017,-0.15051686763763428
z_cn_to_cn_residual,1,test-459,0.5620068735609041,0.49134302139282227
z_cn_to_cn_residual,1,test-460,0.9122582513196982,0.80413818359375
z_cn_to_cn_residual,1,test-461,0.5929131687444764,0.39698469638824463
z_cn_to_cn_residual,1,test-462,-0.00020231820106400537,-0.04683205485343933
z_cn_to_cn_residual,1,test-463,0.6908924037511563,0.4723741412162781
z_cn_to_cn_residual,1,test-464,0.6914309682769239,0.4344522953033447
z_cn_to_cn_residual,1,test-465,-0.00020231820106400537,-0.04683205485343933
z_cn_to_cn_residual,1,test-466,0.4300956476547337,0.3189889192581177
z_cn_to_cn_residual,1,test-467,0.503901407301152,0.47172605991363525
z_cn_to_cn_residual,1,test-468,-0.18635403734841144,-0.14360272884368896
z_cn_to_cn_residual,1,test-469,-0.10023401181546886,-0.16589972376823425
z_cn_to_cn_residual,1,test-470,-0.0018040386788887037,-0.0500713586807251
z_cn_to_cn_residual,1,test-471,0.4300956476547337,0.34052032232284546
z_cn_to_cn_residual,1,test-472,-0.0024748238360119044,-0.05142751336097717
z_cn_to_cn_residual,1,test-473,0.3950893555112512,0.2788587212562561
z_cn_to_cn_residual,1,test-474,0.1650166480620453,0.3597479462623596
z_cn_to_cn_residual,1,test-475,0.6291349309040132,0.5474265217781067
z_cn_to_cn_residual,1,test-476,-0.0024748238360119044,-0.05142751336097717
z_cn_to_cn_residual,1,test-477,-0.09556322073559016,-0.16421499848365784
z_cn_to_cn_residual,1,test-478,0.5958700816787429,0.6337735652923584
z_cn_to_cn_residual,1,test-479,0.5067931432115338,0.42495426535606384
z_cn_to_cn_residual,1,test-480,0.7255381829334756,0.8205588459968567
z_cn_to_cn_residual,1,test-481,-0.0040603077699362606,-0.05463334918022156
z_cn_to_cn_residual,1,test-482,0.5620068735609041,0.5582122802734375
z_cn_to_cn_residual,1,test-483,0.4673681426513657,0.3373763859272003
z_cn_to_cn_residual,1,test-484,-0.0024748238360119044,-0.05142751336097717
z_cn_to_cn_residual,1,test-485,-0.2948110893321348,-0.3287574350833893
z_cn_to_cn_residual,1,test-486,-0.0020240857061117087,-0.05051645636558533
z_cn_to_cn_residual,1,test-487,-0.19964350558256308,-0.1647205948829651
z_cn_to_cn_residual,1,test-488,-0.0024748238360119044,-0.05142751336097717
z_cn_to_cn_residual,1,test-489,-0.002670989411858091,-0.051823973655700684
z_cn_to_cn_residual,1,test-490,-0.0022547768087889004,-0.050982266664505005
z_cn_to_cn_residual,1,test-491,-0.0024748238360119044,-0.05142751336097717
z_cn_to_cn_residual,1,test-492,0.6438721343214997,0.5088887810707092
z_cn_to_cn_residual,1,test-493,0.7302443982859658,0.8217254281044006
z_cn_to_cn_residual,1,test-494,-0.0018015872129917689,-0.050065845251083374
z_cn_to_cn_residual,1,test-495,-0.3240937138453681,-0.3589784801006317
z_cn_to_cn_residual,1,test-496,-0.0022547768087889004,-0.050982266664505005
z_cn_to_cn_residual,1,test-497,0.6901404532204668,0.6969920992851257
z_cn_to_cn_residual,1,test-498,-0.0040603077699362606,-0.05463334918022156
z_cn_to_cn_residual,1,test-499,-0.5321398223609669,-0.5641975402832031
z_cn_to_cn_residual,1,test-500,-0.2980578250486941,-0.33228373527526855
z_cn_to_cn_residual,1,test-501,0.6942230302075219,0.5904086232185364
z_cn_to_cn_residual,1,test-502,0.3983360912278105,0.5008182525634766
z_cn_to_cn_residual,1,test-503,-0.4589079606438703,-0.0701325535774231
z_cn_to_cn_residual,1,test-504,-0.46722143061535454,-0.4722405672073364
z_cn_to_cn_residual,1,test-505,0.6291349309040132,0.49245381355285645
z_cn_to_cn_residual,1,test-506,-0.4110045184115584,-0.4482129216194153
z_cn_to_cn_residual,1,test-507,-0.007277398667662731,-0.06114056706428528
z_cn_to_cn_residual,1,test-508,-0.7430745731595764,-0.7466476559638977
z_cn_to_cn_residual,1,test-509,0.411906219647611,0.24216747283935547
z_cn_to_cn_residual,1,test-510,0.9288112708702547,0.8814161419868469
z_cn_to_cn_residual,1,test-511,-0.06631078659463438,-0.1431352198123932
z_cn_to_degree,2,test-0,4.6443908991413725,3.5569589138031006
z_cn_to_degree,2,test-1,3.988984046564274,4.0027265548706055
z_cn_to_degree,2,test-2,4.584967478670572,3.9071156978607178
z_cn_to_degree,2,test-3,3.1780538303479453,3.4838521480560303
z_cn_to_degree,2,test-4,4.77912349311153,4.613645553588867
z_cn_to_degree,2,test-5,3.8066624897703196,4.095544815063477
z_cn_to_degree,2,test-6,5.966146739123692,5.06134033203125
z_cn_to_degree,2,test-7,3.6635616461296463,3.6309096813201904
z_cn_to_degree,2,test-8,3.0445224377234226,3.4894015789031982
z_cn_to_degree,2,test-9,3.6888794541139367,4.272188186645508
z_cn_to_degree,2,test-10,3.401197381662155,3.19199538230896
z_cn_to_degree,2,test-11,3.9120230054281464,3.7827184200286865
z_cn_to_degree,2,test-12,0.6931471805599453,2.7188432216644287
z_cn_to_degree,2,test-13,4.74493212836325,4.334781646728516
z_cn_to_degree,2,test-14,4.0943445622221,4.336854934692383
z_cn_to_degree,2,test-15,1.791759469228055,3.804157018661499
z_cn_to_degree,2,test-16,4.394449154672438,3.1876370906829834
z_cn_to_degree,2,test-17,4.718498871295095,3.1291539669036865
z_cn_to_degree,2,test-18,0.6931471805599453,2.7188432216644287
z_cn_to_degree,2,test-19,3.0445224377234226,3.4894015789031982
z_cn_to_degree,2,test-20,3.1780538303479458,2.7254979610443115
z_cn_to_degree,2,test-21,3.465735902799726,4.086179733276367
z_cn_to_degree,2,test-22,3.401197381662155,3.99814772605896
z_cn_to_degree,2,test-23,1.0986122886681096,2.7244107723236084
z_cn_to_degree,2,test-24,3.5553480614894135,3.3102853298187256
z_cn_to_degree,2,test-25,4.189654742026425,4.95838737487793
z_cn_to_degree,2,test-26,2.3025850929940455,2.5045487880706787
z_cn_to_degree,2,test-27,3.465735902799726,3.833604574203491
z_cn_to_degree,2,test-28,2.8903717578961645,3.5302140712738037
z_cn_to_degree,2,test-29,3.688879454113936,4.619285583496094
z_cn_to_degree,2,test-30,4.882801922586371,3.0321500301361084
z_cn_to_degree,2,test-31,4.553876891600541,3.6420819759368896
z_cn_to_degree,2,test-32,3.58351893845611,4.077934265136719
z_cn_to_degree,2,test-33,3.58351893845611,3.5309503078460693
z_cn_to_degree,2,test-34,3.1780538303479453,3.932603597640991
z_cn_to_degree,2,test-35,2.772588722239781,3.5729291439056396
z_cn_to_degree,2,test-36,1.3862943611198906,2.724445104598999
z_cn_to_degree,2,test-37,2.3025850929940455,2.7161271572113037
z_cn_to_degree,2,test-38,3.9889840465642745,2.77970290184021
z_cn_to_degree,2,test-39,1.791759469228055,2.7188432216644287
z_cn_to_degree,2,test-40,3.951243718581427,4.006830215454102
z_cn_to_degree,2,test-41,3.6888794541139367,3.758958578109741
z_cn_to_degree,2,test-42,6.040254711277413,4.219097137451172
z_cn_to_degree,2,test-43,2.484906649788,3.2911088466644287
z_cn_to_degree,2,test-44,3.1780538303479453,4.525001525878906
z_cn_to_degree,2,test-45,0.6931471805599453,2.7188432216644287
z_cn_to_degree,2,test-46,4.941642422609304,3.7807137966156006
z_cn_to_degree,2,test-47,0.0,2.724445104598999
z_cn_to_degree,2,test-48,2.8903717578961645,3.6663777828216553
z_cn_to_degree,2,test-49,6.040254711277413,4.16114616394043
z_cn_to_degree,2,test-50,3.332204510175204,3.781745672225952
z_cn_to_degree,2,test-51,2.995732273553991,3.5746915340423584
z_cn_to_degree,2,test-52,6.327936783729195,5.234395980834961
z_cn_to_degree,2,test-53,2.8903717578961645,3.4806935787200928
z_cn_to_degree,2,test-54,2.6390573296152584,2.6568830013275146
z_cn_to_degree,2,test-55,4.927253685157204,5.191932678222656
z_cn_to_degree,2,test-56,2.7080502011022096,3.4806935787200928
z_cn_to_degree,2,test-57,5.272999558563747,3.37632155418396
z_cn_to_degree,2,test-58,3.9889840465642745,4.918713569641113
z_cn_to_degree,2,test-59,2.0794415416798357,3.904071569442749
z_cn_to_degree,2,test-60,4.7535901911063645,3.99580454826355
z_cn_to_degree,2,test-61,2.1972245773362196,2.7442033290863037
z_cn_to_degree,2,test-62,2.3978952727983707,2.7442033290863037
z_cn_to_degree,2,test-63,1.3862943611198906,2.724445104598999
z_cn_to_degree,2,test-64,3.58351893845611,3.623753309249878
z_cn_to_degree,2,test-65,2.8903717578961645,3.2225663661956787
z_cn_to_degree,2,test-66,2.4849066497880004,2.6965463161468506
z_cn_to_degree,2,test-67,2.4849066497880004,2.6965463161468506
z_cn_to_degree,2,test-68,4.90527477843843,4.9564056396484375
z_cn_to_degree,2,test-69,3.2188758248682006,3.8248441219329834
z_cn_to_degree,2,test-70,2.995732273553991,3.9534718990325928
z_cn_to_degree,2,test-71,4.0943445622221,3.876178503036499
z_cn_to_degree,2,test-72,1.791759469228055,2.7188432216644287
z_cn_to_degree,2,test-73,3.951243718581427,4.121530532836914
z_cn_to_degree,2,test-74,2.7080502011022096,3.4806935787200928
z_cn_to_degree,2,test-75,3.0445224377234226,2.8112142086029053
z_cn_to_degree,2,test-76,1.0986122886681096,2.7244107723236084
z_cn_to_degree,2,test-77,3.0445224377234226,3.2143189907073975
z_cn_to_degree,2,test-78,1.3862943611198906,2.721698522567749
z_cn_to_degree,2,test-79,1.791759469228055,2.7188432216644287
z_cn_to_degree,2,test-80,3.688879454113936,3.963775396347046
z_cn_to_degree,2,test-81,3.58351893845611,3.7716119289398193
z_cn_to_degree,2,test-82,3.465735902799726,4.32203483581543
z_cn_to_degree,2,test-83,4.025351690735149,3.0151917934417725
z_cn_to_degree,2,test-84,4.718498871295094,4.119382858276367
z_cn_to_degree,2,test-85,3.988984046564274,4.0027265548706055
z_cn_to_degree,2,test-86,3.332204510175204,3.860654592514038
z_cn_to_degree,2,test-87,2.7080502011022096,3.4806935787200928
z_cn_to_degree,2,test-88,2.6390573296152584,2.6568830013275146
z_cn_to_degree,2,test-89,3.332204510175204,4.002019882202148
z_cn_to_degree,2,test-90,2.484906649788,3.2911088466644287
z_cn_to_degree,2,test-91,2.0794415416798357,2.7161271572113037
z_cn_to_degree,2,test-92,3.1780538303479453,3.901963949203491
z_cn_to_degree,2,test-93,5.272999558563747,3.4855763912200928
z_cn_to_degree,2,test-94,2.484906649788,3.2911088466644287
z_cn_to_degree,2,test-95,3.4011973816621555,4.064577102661133
z_cn_to_degree,2,test-96,7.50659178007084,6.810110092163086
z_cn_to_degree,2,test-97,4.465908118654584,3.525665044784546
z_cn_to_degree,2,test-98,2.3025850929940455,2.7161271572113037
z_cn_to_degree,2,test-99,2.7080502011022096,3.4806935787200928
z_cn_to_degree,2,test-100,3.58351893845611,4.324002265930176
z_cn_to_degree,2,test-101,2.7080502011022096,3.732053518295288
z_cn_to_degree,2,test-102,4.02535169073515,3.3367745876312256
z_cn_to_degree,2,test-103,2.772588722239781,3.5729291439056396
z_cn_to_degree,2,test-104,2.197224577336219,3.1773183345794678
z_cn_to_degree,2,test-105,1.0986122886681096,2.7244107723236084
z_cn_to_degree,2,test-106,3.5263605246161616,3.0897538661956787
z_cn_to_degree,2,test-107,0.6931471805599453,2.7188432216644287
z_cn_to_degree,2,test-108,6.327936783729195,4.56776237487793
z_cn_to_degree,2,test-109,3.58351893845611,3.6015775203704834
z_cn_to_degree,2,test-110,2.0794415416798357,2.7161271572113037
z_cn_to_degree,2,test-111,2.8903717578961645,2.782264471054077
z_cn_to_degree,2,test-112,5.0106352940962555,3.6368863582611084
z_cn_to_degree,2,test-113,3.688879454113936,3.981928586959839
z_cn_to_degree,2,test-114,1.3862943611198906,2.721698522567749
z_cn_to_degree,2,test-115,1.3862943611198906,2.779235601425171
z_cn_to_degree,2,test-116,7.3395376954076745,6.488481521606445
z_cn_to_degree,2,test-117,4.304065093204169,3.398486852645874
z_cn_to_degree,2,test-118,3.2188758248682006,3.989764928817749
z_cn_to_degree,2,test-119,6.733401891837358,4.824384689331055
z_cn_to_degree,2,test-120,2.484906649788,3.630307912826538
z_cn_to_degree,2,test-121,2.995732273553991,3.4871652126312256
z_cn_to_degree,2,test-122,3.58351893845611,4.227300643920898
z_cn_to_degree,2,test-123,1.791759469228055,3.270993947982788
z_cn_to_degree,2,test-124,2.6390573296152584,2.6568830013275146
z_cn_to_degree,2,test-125,2.197224577336219,3.092498540878296
z_cn_to_degree,2,test-126,2.484906649788,4.3671722412109375
z_cn_to_degree,2,test-127,1.791759469228055,2.7188432216644287
z_cn_to_degree,2,test-128,3.6635616461296463,3.6309096813201904
z_cn_to_degree,2,test-129,2.5649493574615367,2.584625005722046
z_cn_to_degree,2,test-130,2.995732273553991,3.9914395809173584
z_cn_to_degree,2,test-131,3.0445224377234226,2.904376745223999
z_cn_to_degree,2,test-132,3.688879454113936,3.981928586959839
z_cn_to_degree,2,test-133,5.560681631015528,4.371744155883789
z_cn_to_degree,2,test-134,2.197224577336219,3.092498540878296
z_cn_to_degree,2,test-135,2.772588722239781,3.500385046005249
z_cn_to_degree,2,test-136,3.688879454113936,5.012628555297852
z_cn_to_degree,2,test-137,2.1972245773362196,2.7442033290863037
z_cn_to_degree,2,test-138,4.31748811353631,4.468318939208984
z_cn_to_degree,2,test-139,1.791759469228055,2.7188432216644287
z_cn_to_degree,2,test-140,3.332204510175204,4.002019882202148
z_cn_to_degree,2,test-141,4.276666119016055,4.333765029907227
z_cn_to_degree,2,test-142,2.7080502011022096,3.4806935787200928
z_cn_to_degree,2,test-143,2.0794415416798357,2.7161271572113037
z_cn_to_degree,2,test-144,2.772588722239781,3.5729291439056396
z_cn_to_degree,2,test-145,4.882801922586371,2.5871541500091553
z_cn_to_degree,2,test-146,3.465735902799726,3.5328500270843506
z_cn_to_degree,2,test-147,3.332204510175204,4.002019882202148
z_cn_to_degree,2,test-148,6.327936783729195,4.260007858276367
z_cn_to_degree,2,test-149,3.2188758248682006,3.989764928817749
z_cn_to_degree,2,test-150,3.9318256327243257,3.8009421825408936
z_cn_to_degree,2,test-151,3.295836866004329,3.9555108547210693
z_cn_to_degree,2,test-152,3.4011973816621555,2.6531198024749756
z_cn_to_degree,2,test-153,4.0943445622221,4.103679656982422
z_cn_to_degree,2,test-154,2.0794415416798357,3.179044485092163
z_cn_to_degree,2,test-155,2.3025850929940455,2.7161271572113037
z_cn_to_degree,2,test-156,5.41164605185504,4.96527099609375
z_cn_to_degree,2,test-157,4.564348191467836,3.519775152206421
z_cn_to_degree,2,test-158,0.0,2.724445104598999
z_cn_to_degree,2,test-159,2.7080502011022096,4.0126190185546875
z_cn_to_degree,2,test-160,2.9444389791664403,2.782264471054077
z_cn_to_degree,2,test-161,1.3862943611198906,2.721698522567749
z_cn_to_degree,2,test-162,2.8903717578961645,3.1997201442718506
z_cn_to_degree,2,test-163,1.791759469228055,2.7188432216644287
z_cn_to_degree,2,test-164,5.560681631015528,3.2942540645599365
z_cn_to_degree,2,test-165,1.0986122886681096,2.7244107723236084
z_cn_to_degree,2,test-166,3.5553480614894135,4.313074111938477
z_cn_to_degree,2,test-167,4.499809670330265,5.081239700317383
z_cn_to_degree,2,test-168,3.5553480614894135,3.6365182399749756
z_cn_to_degree,2,test-169,1.791759469228055,2.7188432216644287
z_cn_to_degree,2,test-170,2.0794415416798357,2.7161271572113037
z_cn_to_degree,2,test-171,5.288267030694534,4.233234405517578
z_cn_to_degree,2,test-172,1.3862943611198906,2.721698522567749
z_cn_to_degree,2,test-173,2.484906649788,3.2911088466644287
z_cn_to_degree,2,test-174,3.9120230054281464,3.6403634548187256
z_cn_to_degree,2,test-175,4.499809670330265,4.8057098388671875
z_cn_to_degree,2,test-176,4.867534450455582,3.4753854274749756
z_cn_to_degree,2,test-177,4.718498871295095,3.1291539669036865
z_cn_to_degree,2,test-178,3.465735902799726,4.102352142333984
z_cn_to_degree,2,test-179,1.3862943611198906,2.721698522567749
z_cn_to_degree,2,test-180,3.58351893845611,2.6641080379486084
z_cn_to_degree,2,test-181,3.58351893845611,4.077934265136719
z_cn_to_degree,2,test-182,3.465735902799726,4.102352142333984
z_cn_to_degree,2,test-183,0.0,2.724445104598999
z_cn_to_degree,2,test-184,7.24422751560335,6.58671760559082
z_cn_to_degree,2,test-185,3.332204510175204,4.002019882202148
z_cn_to_degree,2,test-186,3.401197381662155,3.658139944076538
z_cn_to_degree,2,test-187,3.332204510175204,4.002019882202148
z_cn_to_degree,2,test-188,2.484906649788,3.2911088466644287
z_cn_to_degree,2,test-189,2.197224577336219,3.092498540878296
z_cn_to_degree,2,test-190,2.7080502011022096,3.223191976547241
z_cn_to_degree,2,test-191,2.0794415416798357,2.7161271572113037
z_cn_to_degree,2,test-192,3.0445224377234226,2.550391912460327
z_cn_to_degree,2,test-193,2.995732273553991,3.6505563259124756
z_cn_to_degree,2,test-194,3.58351893845611,2.6641080379486084
z_cn_to_degree,2,test-195,4.90527477843843,3.739694356918335
z_cn_to_degree,2,test-196,4.5217885770490405,4.268559455871582
z_cn_to_degree,2,test-197,2.484906649788,3.2911088466644287
z_cn_to_degree,2,test-198,4.709530201312334,3.551863431930542
z_cn_to_degree,2,test-199,1.0986122886681096,2.7244107723236084
z_cn_to_degree,2,test-200,1.0986122886681096,2.7244107723236084
z_cn_to_degree,2,test-201,1.0986122886681096,2.7244107723236084
z_cn_to_degree,2,test-202,3.0445224377234226,3.4894015789031982
z_cn_to_degree,2,test-203,2.484906649788,3.2911088466644287
z_cn_to_degree,2,test-204,2.6390573296152584,3.5386006832122803
z_cn_to_degree,2,test-205,2.197224577336219,3.092498540878296
z_cn_to_degree,2,test-206,3.58351893845611,4.077934265136719
z_cn_to_degree,2,test-207,4.248495242049359,3.953510046005249
z_cn_to_degree,2,test-208,4.0943445622221,4.230602264404297
z_cn_to_degree,2,test-209,4.836281906951478,4.6000213623046875
z_cn_to_degree,2,test-210,4.976733742420574,3.5927770137786865
z_cn_to_degree,2,test-211,3.0445224377234226,3.575935125350952
z_cn_to_degree,2,test-212,4.499809670330265,2.586129903793335
z_cn_to_degree,2,test-213,1.3862943611198906,2.724445104598999
z_cn_to_degree,2,test-214,5.560681631015528,3.633287191390991
z_cn_to_degree,2,test-215,2.0794415416798357,2.7161271572113037
z_cn_to_degree,2,test-216,0.6931471805599453,2.7188432216644287
z_cn_to_degree,2,test-217,1.791759469228055,3.1859567165374756
z_cn_to_degree,2,test-218,3.0445224377234226,3.4894015789031982
z_cn_to_degree,2,test-219,3.58351893845611,4.324002265930176
z_cn_to_degree,2,test-220,2.70805020110221,2.7390668392181396
z_cn_to_degree,2,test-221,2.995732273553991,3.6505563259124756
z_cn_to_degree,2,test-222,2.0794415416798357,2.7161271572113037
z_cn_to_degree,2,test-223,3.8712010109078907,3.706197500228882
z_cn_to_degree,2,test-224,0.0,2.724445104598999
z_cn_to_degree,2,test-225,3.332204510175204,3.2865636348724365
z_cn_to_degree,2,test-226,2.0794415416798357,2.7161271572113037
z_cn_to_degree,2,test-227,2.772588722239781,3.8998563289642334
z_cn_to_degree,2,test-228,1.791759469228055,2.7188432216644287
z_cn_to_degree,2,test-229,2.197224577336219,3.092498540878296
z_cn_to_degree,2,test-230,3.4011973816621555,3.7899911403656006
z_cn_to_degree,2,test-231,4.430816798843313,4.262380599975586
z_cn_to_degree,2,test-232,4.276666119016055,5.144491195678711
z_cn_to_degree,2,test-233,1.791759469228055,2.7276360988616943
z_cn_to_degree,2,test-234,3.58351893845611,4.324002265930176
z_cn_to_degree,2,test-235,3.1780538303479453,4.473661422729492
z_cn_to_degree,2,test-236,2.8903717578961645,3.4806935787200928
z_cn_to_degree,2,test-237,3.0445224377234226,3.4894015789031982
z_cn_to_degree,2,test-238,5.780743515792329,4.875139236450195
z_cn_to_degree,2,test-239,6.327936783729195,5.063266754150391
z_cn_to_degree,2,test-240,0.6931471805599453,2.7188432216644287
z_cn_to_degree,2,test-241,2.4849066497880004,2.6965463161468506
z_cn_to_degree,2,test-242,2.8903717578961645,3.682969808578491
z_cn_to_degree,2,test-243,2.197224577336219,3.6148908138275146
z_cn_to_degree,2,test-244,3.0445224377234226,3.4894015789031982
z_cn_to_degree,2,test-245,2.7080502011022096,3.9632298946380615
z_cn_to_degree,2,test-246,4.74493212836325,5.306856155395508
z_cn_to_degree,2,test-247,1.791759469228055,2.7188432216644287
z_cn_to_degree,2,test-248,3.8066624897703196,4.095544815063477
z_cn_to_degree,2,test-249,3.951243718581427,4.121530532836914
z_cn_to_degree,2,test-250,1.3862943611198906,2.721698522567749
z_cn_to_degree,2,test-251,4.718498871295095,3.1291539669036865
z_cn_to_degree,2,test-252,3.465735902799726,4.102352142333984
z_cn_to_degree,2,test-253,2.7080502011022096,3.4806935787200928
z_cn_to_degree,2,test-254,2.6390573296152584,2.6568830013275146
z_cn_to_degree,2,test-255,5.19295685089021,3.9892804622650146
z_cn_to_degree,2,test-256,0.0,2.724445104598999
z_cn_to_degree,2,test-257,5.98141421125448,4.061271667480469
z_cn_to_degree,2,test-258,3.8712010109078907,4.499090194702148
z_cn_to_degree,2,test-259,2.9957322735539913,2.7136895656585693
z_cn_to_degree,2,test-260,1.0986122886681096,2.7244107723236084
z_cn_to_degree,2,test-261,3.401197381662155,4.122797012329102
z_cn_to_degree,2,test-262,2.995732273553991,3.5669057369232178
z_cn_to_degree,2,test-263,2.995732273553991,3.6505563259124756
z_cn_to_degree,2,test-264,4.1588830833596715,4.164980888366699
z_cn_to_degree,2,test-265,4.31748811353631,4.468318939208984
z_cn_to_degree,2,test-266,1.791759469228055,2.7328317165374756
z_cn_to_degree,2,test-267,2.0794415416798357,4.123264312744141
z_cn_to_degree,2,test-268,2.7080502011022096,3.4806935787200928
z_cn_to_degree,2,test-269,6.476972362889683,5.629894256591797
z_cn_to_degree,2,test-270,1.791759469228055,2.7188432216644287
z_cn_to_degree,2,test-271,3.0445224377234226,4.079036712646484
z_cn_to_degree,2,test-272,3.737669618283368,4.630271911621094
z_cn_to_degree,2,test-273,3.1780538303479453,3.8590657711029053
z_cn_to_degree,2,test-274,2.772588722239781,4.019308090209961
z_cn_to_degree,2,test-275,2.7080502011022096,3.4806935787200928
z_cn_to_degree,2,test-276,2.0794415416798357,2.7442033290863037
z_cn_to_degree,2,test-277,3.332204510175204,4.002019882202148
z_cn_to_degree,2,test-278,5.220355825078324,3.315284490585327
z_cn_to_degree,2,test-279,3.6635616461296463,3.769407033920288
z_cn_to_degree,2,test-280,2.6390573296152584,2.6568830013275146
z_cn_to_degree,2,test-281,2.484906649788,3.164174795150757
z_cn_to_degree,2,test-282,3.9512437185814275,2.6009957790374756
z_cn_to_degree,2,test-283,2.995732273553991,3.6505563259124756
z_cn_to_degree,2,test-284,1.6094379124341003,2.7276360988616943
z_cn_to_degree,2,test-285,2.7080502011022096,3.4806935787200928
z_cn_to_degree,2,test-286,6.461468176353717,5.817852020263672
z_cn_to_degree,2,test-287,3.0445224377234226,3.4894015789031982
z_cn_to_degree,2,test-288,3.4965075614664802,4.23503303527832
z_cn_to_degree,2,test-289,4.499809670330265,4.390132904052734
z_cn_to_degree,2,test-290,2.8903717578961645,3.0133397579193115
z_cn_to_degree,2,test-291,5.60947179518496,4.824214935302734
z_cn_to_degree,2,test-292,5.375278407684165,5.608423233032227
z_cn_to_degree,2,test-293,3.6888794541139367,4.501199722290039
z_cn_to_degree,2,test-294,2.197224577336219,3.469299077987671
z_cn_to_degree,2,test-295,2.3025850929940455,3.2281548976898193
z_cn_to_degree,2,test-296,3.7376696182833684,2.709552526473999
z_cn_to_degree,2,test-297,2.0794415416798357,2.7442033290863037
z_cn_to_degree,2,test-298,1.3862943611198906,3.6367223262786865
z_cn_to_degree,2,test-299,3.1780538303479453,3.932603597640991
z_cn_to_degree,2,test-300,2.995732273553991,3.4565351009368896
z_cn_to_degree,2,test-301,1.6094379124341003,2.7276360988616943
z_cn_to_degree,2,test-302,2.484906649788,2.9956700801849365
z_cn_to_degree,2,test-303,2.0794415416798357,2.7161271572113037
z_cn_to_degree,2,test-304,4.382026634673881,4.173793792724609
z_cn_to_degree,2,test-305,3.332204510175204,3.0619847774505615
z_cn_to_degree,2,test-306,5.556828061699537,3.8290746212005615
z_cn_to_degree,2,test-307,2.0794415416798357,2.7161271572113037
z_cn_to_degree,2,test-308,2.0794415416798357,2.635577917098999
z_cn_to_degree,2,test-309,3.58351893845611,4.158933639526367
z_cn_to_degree,2,test-310,2.197224577336219,3.092498540878296
z_cn_to_degree,2,test-311,3.8918202981106265,4.6375885009765625
z_cn_to_degree,2,test-312,2.4849066497880004,2.7560269832611084
z_cn_to_degree,2,test-313,6.733401891837358,5.21135139465332
z_cn_to_degree,2,test-314,4.941642422609304,3.905921697616577
z_cn_to_degree,2,test-315,1.9459101490553132,2.7442033290863037
z_cn_to_degree,2,test-316,2.8903717578961645,4.113525390625
z_cn_to_degree,2,test-317,5.41164605185504,5.398410797119141
z_cn_to_degree,2,test-318,3.332204510175204,4.002019882202148
z_cn_to_degree,2,test-319,6.733401891837358,5.211957931518555
z_cn_to_degree,2,test-320,2.772588722239781,3.5729291439056396
z_cn_to_degree,2,test-321,3.0445224377234226,3.4894015789031982
z_cn_to_degree,2,test-322,2.995732273553991,3.303121328353882
z_cn_to_degree,2,test-323,0.6931471805599453,2.7188432216644287
z_cn_to_degree,2,test-324,2.484906649788,3.2911088466644287
z_cn_to_degree,2,test-325,2.772588722239781,3.286393880844116
z_cn_to_degree,2,test-326,3.091042453358316,2.7136895656585693
z_cn_to_degree,2,test-327,3.4011973816621555,3.531543493270874
z_cn_to_degree,2,test-328,3.688879454113936,3.981928586959839
z_cn_to_degree,2,test-329,1.6094379124341003,2.7276360988616943
z_cn_to_degree,2,test-330,3.5553480614894135,4.540864944458008
z_cn_to_degree,2,test-331,3.8712010109078907,3.9872591495513916
z_cn_to_degree,2,test-332,2.70805020110221,2.7390668392181396
z_cn_to_degree,2,test-333,2.8903717578961645,2.782264471054077
z_cn_to_degree,2,test-334,2.4849066497880004,2.6965463161468506
z_cn_to_degree,2,test-335,4.51085950651685,5.23663330078125
z_cn_to_degree,2,test-336,2.7080502011022096,3.4806935787200928
z_cn_to_degree,2,test-337,3.0445224377234226,3.925485372543335
z_cn_to_degree,2,test-338,2.484906649788,3.572509527206421
z_cn_to_degree,2,test-339,2.772588722239781,3.1253888607025146
z_cn_to_degree,2,test-340,4.143134726391533,3.1545960903167725
z_cn_to_degree,2,test-341,3.9318256327243257,3.393745183944702
z_cn_to_degree,2,test-342,2.484906649788,3.2911088466644287
z_cn_to_degree,2,test-343,4.787491742782047,5.727941513061523
z_cn_to_degree,2,test-344,1.3862943611198906,2.724445104598999
z_cn_to_degree,2,test-345,3.1780538303479453,3.24125075340271
z_cn_to_degree,2,test-346,2.484906649788,3.977262258529663
z_cn_to_degree,2,test-347,2.484906649788,3.55375075340271
z_cn_to_degree,2,test-348,2.484906649788,2.869497060775757
z_cn_to_degree,2,test-349,3.401197381662155,3.99814772605896
z_cn_to_degree,2,test-350,2.8903717578961645,2.782264471054077
z_cn_to_degree,2,test-351,3.1780538303479453,3.932603597640991
z_cn_to_degree,2,test-352,1.3862943611198906,2.724445104598999
z_cn_to_degree,2,test-353,4.882801922586371,3.7604024410247803
z_cn_to_degree,2,test-354,4.234106504597259,3.588905096054077
z_cn_to_degree,2,test-355,5.6937321388027,5.201202392578125
z_cn_to_degree,2,test-356,0.6931471805599453,2.7188432216644287
z_cn_to_degree,2,test-357,1.791759469228055,2.7188432216644287
z_cn_to_degree,2,test-358,1.791759469228055,2.7188432216644287
z_cn_to_degree,2,test-359,5.966146739123692,3.8732545375823975
z_cn_to_degree,2,test-360,3.4965075614664802,3.5427844524383545
z_cn_to_degree,2,test-361,6.733401891837358,5.280416488647461
z_cn_to_degree,2,test-362,5.272999558563747,4.128453254699707
z_cn_to_degree,2,test-363,3.737669618283368,3.7377469539642334
z_cn_to_degree,2,test-364,2.197224577336219,3.092498540878296
z_cn_to_degree,2,test-365,2.995732273553991,3.6505563259124756
z_cn_to_degree,2,test-366,1.3862943611198906,2.721698522567749
z_cn_to_degree,2,test-367,6.327936783729195,5.234395980834961
z_cn_to_degree,2,test-368,4.430816798843313,4.820261001586914
z_cn_to_degree,2,test-369,0.0,2.724445104598999
z_cn_to_degree,2,test-370,2.6390573296152584,3.4019410610198975
z_cn_to_degree,2,test-371,1.6094379124341003,2.7276360988616943
z_cn_to_degree,2,test-372,2.484906649788,4.435346603393555
z_cn_to_degree,2,test-373,3.465735902799726,4.102352142333984
z_cn_to_degree,2,test-374,2.772588722239781,3.014667272567749
z_cn_to_degree,2,test-375,2.7080502011022096,3.2146832942962646
z_cn_to_degree,2,test-376,4.74493212836325,4.435544967651367
z_cn_to_degree,2,test-377,2.4849066497880004,2.6965463161468506
z_cn_to_degree,2,test-378,3.332204510175204,4.002019882202148
z_cn_to_degree,2,test-379,2.4849066497880004,2.6965463161468506
z_cn_to_degree,2,test-380,2.8903717578961645,3.0250585079193115
z_cn_to_degree,2,test-381,2.3025850929940455,3.858140707015991
z_cn_to_degree,2,test-382,1.791759469228055,2.7188432216644287
z_cn_to_degree,2,test-383,0.6931471805599453,2.7188432216644287
z_cn_to_degree,2,test-384,4.276666119016055,2.5893666744232178
z_cn_to_degree,2,test-385,1.791759469228055,2.7188432216644287
z_cn_to_degree,2,test-386,1.791759469228055,2.7188432216644287
z_cn_to_degree,2,test-387,2.0794415416798357,3.3376519680023193
z_cn_to_degree,2,test-388,2.995732273553991,3.3337533473968506
z_cn_to_degree,2,test-389,2.0794415416798357,2.7161271572113037
z_cn_to_degree,2,test-390,3.0445224377234226,3.6535184383392334
z_cn_to_degree,2,test-391,2.995732273553991,3.803251028060913
z_cn_to_degree,2,test-392,0.0,2.724445104598999
z_cn_to_degree,2,test-393,1.3862943611198906,2.721698522567749
z_cn_to_degree,2,test-394,2.3025850929940455,2.7161271572113037
z_cn_to_degree,2,test-395,3.295836866004329,3.3955323696136475
z_cn_to_degree,2,test-396,1.791759469228055,2.7188432216644287
z_cn_to_degree,2,test-397,3.4011973816621555,2.6531198024749756
z_cn_to_degree,2,test-398,2.4849066497880004,2.6965463161468506
z_cn_to_degree,2,test-399,2.995732273553991,3.6505563259124756
z_cn_to_degree,2,test-400,2.0794415416798357,4.050546646118164
z_cn_to_degree,2,test-401,2.0794415416798357,3.316749334335327
z_cn_to_degree,2,test-402,3.1780538303479453,2.973273992538452
z_cn_to_degree,2,test-403,3.828641396489095,2.5873658657073975
z_cn_to_degree,2,test-404,4.90527477843843,3.9075238704681396
z_cn_to_degree,2,test-405,1.791759469228055,2.7276360988616943
z_cn_to_degree,2,test-406,3.401197381662155,3.99814772605896
z_cn_to_degree,2,test-407,1.3862943611198906,1.8387525081634521
z_cn_to_degree,2,test-408,2.8903717578961645,2.782264471054077
z_cn_to_degree,2,test-409,4.276666119016055,3.2893598079681396
z_cn_to_degree,2,test-410,0.6931471805599453,2.7188432216644287
z_cn_to_degree,2,test-411,3.5553480614894135,4.313074111938477
z_cn_to_degree,2,test-412,2.8903717578961645,4.156669616699219
z_cn_to_degree,2,test-413,3.332204510175204,4.147254943847656
z_cn_to_degree,2,test-414,5.342334251964811,5.237636566162109
z_cn_to_degree,2,test-415,2.890371757896165,3.3822457790374756
z_cn_to_degree,2,test-416,3.401197381662155,4.308320999145508
z_cn_to_degree,2,test-417,3.091042453358316,2.7136895656585693
z_cn_to_degree,2,test-418,2.995732273553991,3.6505563259124756
z_cn_to_degree,2,test-419,3.401197381662155,3.248899221420288
z_cn_to_degree,2,test-420,4.787491742782046,3.4925296306610107
z_cn_to_degree,2,test-421,4.430816798843313,4.262380599975586
z_cn_to_degree,2,test-422,2.8903717578961645,2.4684484004974365
z_cn_to_degree,2,test-423,2.0794415416798357,2.7161271572113037
z_cn_to_degree,2,test-424,3.1780538303479458,3.9754865169525146
z_cn_to_degree,2,test-425,1.9459101490553132,2.7442033290863037
z_cn_to_degree,2,test-426,2.995732273553991,3.5214688777923584
z_cn_to_degree,2,test-427,2.197224577336219,3.092498540878296
z_cn_to_degree,2,test-428,1.3862943611198906,1.8387525081634521
z_cn_to_degree,2,test-429,3.4011973816621555,3.531543493270874
z_cn_to_degree,2,test-430,3.3322045101752042,2.7600228786468506
z_cn_to_degree,2,test-431,2.0794415416798357,2.7161271572113037
z_cn_to_degree,2,test-432,2.484906649788,3.2911088466644287
z_cn_to_degree,2,test-433,3.6888794541139367,3.2574212551116943
z_cn_to_degree,2,test-434,2.7080502011022096,3.722533941268921
z_cn_to_degree,2,test-435,2.4849066497880004,3.0022408962249756
z_cn_to_degree,2,test-436,4.718498871295095,3.1291539669036865
z_cn_to_degree,2,test-437,5.634789603169249,3.6209046840667725
z_cn_to_degree,2,test-438,4.68213122712422,3.527360677719116
z_cn_to_degree,2,test-439,1.791759469228055,2.7188432216644287
z_cn_to_degree,2,test-440,3.9889840465642745,4.143190383911133
z_cn_to_degree,2,test-441,6.327936783729195,4.850749969482422
z_cn_to_degree,2,test-442,3.0445224377234226,4.199007034301758
z_cn_to_degree,2,test-443,2.7080502011022096,2.9169023036956787
z_cn_to_degree,2,test-444,1.0986122886681096,2.7244107723236084
z_cn_to_degree,2,test-445,2.995732273553991,4.319522857666016
z_cn_to_degree,2,test-446,2.772588722239781,3.450019598007202
z_cn_to_degree,2,test-447,2.995732273553991,4.284690856933594
z_cn_to_degree,2,test-448,1.791759469228055,2.7276360988616943
z_cn_to_degree,2,test-449,1.3862943611198906,1.8387525081634521
z_cn_to_degree,2,test-450,2.484906649788,3.7381742000579834
z_cn_to_degree,2,test-451,7.50659178007084,6.730388641357422
z_cn_to_degree,2,test-452,3.951243718581427,4.121530532836914
z_cn_to_degree,2,test-453,3.5553480614894135,4.947500228881836
z_cn_to_degree,2,test-454,2.7080502011022096,3.4806935787200928
z_cn_to_degree,2,test-455,3.258096538021482,2.961568593978882
z_cn_to_degree,2,test-456,5.634789603169249,3.1368653774261475
z_cn_to_degree,2,test-457,0.6931471805599453,2.7188432216644287
z_cn_to_degree,2,test-458,2.772588722239781,3.5729291439056396
z_cn_to_degree,2,test-459,3.4011973816621555,3.415452718734741
z_cn_to_degree,2,test-460,2.995732273553991,4.021503448486328
z_cn_to_degree,2,test-461,3.0445224377234226,4.020374298095703
z_cn_to_degree,2,test-462,2.1972245773362196,2.7442033290863037
z_cn_to_degree,2,test-463,1.791759469228055,3.400541067123413
z_cn_to_degree,2,test-464,3.1780538303479458,3.8568780422210693
z_cn_to_degree,2,test-465,2.1972245773362196,2.7442033290863037
z_cn_to_degree,2,test-466,3.401197381662155,4.388275146484375
z_cn_to_degree,2,test-467,6.327936783729195,5.078474044799805
z_cn_to_degree,2,test-468,2.995732273553991,3.6505563259124756
z_cn_to_degree,2,test-469,3.0445224377234226,3.4894015789031982
z_cn_to_degree,2,test-470,1.0986122886681096,2.7244107723236084
z_cn_to_degree,2,test-471,3.401197381662155,3.808133840560913
z_cn_to_degree,2,test-472,2.3025850929940455,2.7161271572113037
z_cn_to_degree,2,test-473,6.040254711277413,4.081930160522461
z_cn_to_degree,2,test-474,4.90527477843843,3.8199422359466553
z_cn_to_degree,2,test-475,2.197224577336219,3.469299077987671
z_cn_to_degree,2,test-476,2.0794415416798357,2.7161271572113037
z_cn_to_degree,2,test-477,2.8903717578961645,3.4806935787200928
z_cn_to_degree,2,test-478,3.1780538303479453,2.6009252071380615
z_cn_to_degree,2,test-479,2.995732273553991,3.0950562953948975
z_cn_to_degree,2,test-480,4.276666119016055,3.6544606685638428
z_cn_to_degree,2,test-481,2.4849066497880004,2.6965463161468506
z_cn_to_degree,2,test-482,3.295836866004329,3.079782247543335
z_cn_to_degree,2,test-483,3.1780538303479453,3.8482320308685303
z_cn_to_degree,2,test-484,2.0794415416798357,2.7161271572113037
z_cn_to_degree,2,test-485,3.332204510175204,4.002019882202148
z_cn_to_degree,2,test-486,1.3862943611198906,2.721698522567749
z_cn_to_degree,2,test-487,4.356708826689592,3.7764222621917725
z_cn_to_degree,2,test-488,2.0794415416798357,2.7161271572113037
z_cn_to_degree,2,test-489,2.9957322735539913,2.7136895656585693
z_cn_to_degree,2,test-490,0.6931471805599453,2.7188432216644287
z_cn_to_degree,2,test-491,2.0794415416798357,2.7161271572113037
z_cn_to_degree,2,test-492,4.31748811353631,4.953758239746094
z_cn_to_degree,2,test-493,3.58351893845611,4.080942153930664
z_cn_to_degree,2,test-494,0.0,2.724445104598999
z_cn_to_degree,2,test-495,5.272999558563747,4.128453254699707
z_cn_to_degree,2,test-496,1.791759469228055,2.7188432216644287
z_cn_to_degree,2,test-497,3.7376696182833684,2.6297757625579834
z_cn_to_degree,2,test-498,2.4849066497880004,2.6965463161468506
z_cn_to_degree,2,test-499,3.8712010109078907,4.971820831298828
z_cn_to_degree,2,test-500,6.040254711277413,4.014804840087891
z_cn_to_degree,2,test-501,3.3322045101752042,2.7611329555511475
z_cn_to_degree,2,test-502,3.332204510175204,3.4694039821624756
z_cn_to_degree,2,test-503,4.700480365792417,5.877735137939453
z_cn_to_degree,2,test-504,4.499809670330265,4.920008659362793
z_cn_to_degree,2,test-505,2.197224577336219,3.182687520980835
z_cn_to_degree,2,test-506,3.688879454113936,3.981928586959839
z_cn_to_degree,2,test-507,2.6390573296152584,2.6568830013275146
z_cn_to_degree,2,test-508,4.276666119016055,5.599748611450195
z_cn_to_degree,2,test-509,3.8712010109078907,4.476936340332031
z_cn_to_degree,2,test-510,4.442651256490317,4.050865173339844
z_cn_to_degree,2,test-511,5.634789603169249,3.1368653774261475
z_residual_to_degree,2,test-0,4.6443908991413725,3.48749041557312
z_residual_to_degree,2,test-1,3.988984046564274,3.597698926925659
z_residual_to_degree,2,test-2,4.584967478670572,3.679560661315918
z_residual_to_degree,2,test-3,3.1780538303479453,3.2377753257751465
z_residual_to_degree,2,test-4,4.77912349311153,3.6224889755249023
z_residual_to_degree,2,test-5,3.8066624897703196,3.871668815612793
z_residual_to_degree,2,test-6,5.966146739123692,3.810002326965332
z_residual_to_degree,2,test-7,3.6635616461296463,2.9613847732543945
z_residual_to_degree,2,test-8,3.0445224377234226,3.7526869773864746
z_residual_to_degree,2,test-9,3.6888794541139367,2.8654704093933105
z_residual_to_degree,2,test-10,3.401197381662155,3.0590462684631348
z_residual_to_degree,2,test-11,3.9120230054281464,3.885812997817993
z_residual_to_degree,2,test-12,0.6931471805599453,3.398183822631836
z_residual_to_degree,2,test-13,4.74493212836325,3.6537022590637207
z_residual_to_degree,2,test-14,4.0943445622221,3.74857497215271
z_residual_to_degree,2,test-15,1.791759469228055,3.4283857345581055
z_residual_to_degree,2,test-16,4.394449154672438,3.927889347076416
z_residual_to_degree,2,test-17,4.718498871295095,3.838414192199707
z_residual_to_degree,2,test-18,0.6931471805599453,3.5861382484436035
z_residual_to_degree,2,test-19,3.0445224377234226,4.026759147644043
z_residual_to_degree,2,test-20,3.1780538303479458,3.8305013179779053
z_residual_to_degree,2,test-21,3.465735902799726,3.646923780441284
z_residual_to_degree,2,test-22,3.401197381662155,3.490696668624878
z_residual_to_degree,2,test-23,1.0986122886681096,4.271158218383789
z_residual_to_degree,2,test-24,3.5553480614894135,3.1378166675567627
z_residual_to_degree,2,test-25,4.189654742026425,2.7879064083099365
z_residual_to_degree,2,test-26,2.3025850929940455,3.3447632789611816
z_residual_to_degree,2,test-27,3.465735902799726,3.8155877590179443
z_residual_to_degree,2,test-28,2.8903717578961645,3.6201353073120117
z_residual_to_degree,2,test-29,3.688879454113936,3.662914991378784
z_residual_to_degree,2,test-30,4.882801922586371,3.9886655807495117
z_residual_to_degree,2,test-31,4.553876891600541,3.62154483795166
z_residual_to_degree,2,test-32,3.58351893845611,3.7019155025482178
z_residual_to_degree,2,test-33,3.58351893845611,3.270562171936035
z_residual_to_degree,2,test-34,3.1780538303479453,3.3218953609466553
z_residual_to_degree,2,test-35,2.772588722239781,3.1439194679260254
z_residual_to_degree,2,test-36,1.3862943611198906,2.5108988285064697
z_residual_to_degree,2,test-37,2.3025850929940455,1.995232105255127
z_residual_to_degree,2,test-38,3.9889840465642745,4.386835098266602
z_residual_to_degree,2,test-39,1.791759469228055,3.684227705001831
z_residual_to_degree,2,test-40,3.951243718581427,3.4190258979797363
z_residual_to_degree,2,test-41,3.6888794541139367,3.3562090396881104
z_residual_to_degree,2,test-42,6.040254711277413,3.9099082946777344
z_residual_to_degree,2,test-43,2.484906649788,3.853550672531128
z_residual_to_degree,2,test-44,3.1780538303479453,3.7946629524230957
z_residual_to_degree,2,test-45,0.6931471805599453,3.0258355140686035
z_residual_to_degree,2,test-46,4.941642422609304,3.8135738372802734
z_residual_to_degree,2,test-47,0.0,3.425753355026245
z_residual_to_degree,2,test-48,2.8903717578961645,3.9932708740234375
z_residual_to_degree,2,test-49,6.040254711277413,3.801481008529663
z_residual_to_degree,2,test-50,3.332204510175204,3.7269933223724365
z_residual_to_degree,2,test-51,2.995732273553991,3.380657196044922
z_residual_to_degree,2,test-52,6.327936783729195,3.6461987495422363
z_residual_to_degree,2,test-53,2.8903717578961645,3.389268636703491
z_residual_to_degree,2,test-54,2.6390573296152584,3.1369400024414062
z_residual_to_degree,2,test-55,4.927253685157204,3.6672003269195557
z_residual_to_degree,2,test-56,2.7080502011022096,3.711622714996338
z_residual_to_degree,2,test-57,5.272999558563747,3.718924045562744
z_residual_to_degree,2,test-58,3.9889840465642745,3.8245761394500732
z_residual_to_degree,2,test-59,2.0794415416798357,3.6267154216766357
z_residual_to_degree,2,test-60,4.7535901911063645,3.7687606811523438
z_residual_to_degree,2,test-61,2.1972245773362196,3.123448133468628
z_residual_to_degree,2,test-62,2.3978952727983707,3.516577959060669
z_residual_to_degree,2,test-63,1.3862943611198906,7.097795486450195
z_residual_to_degree,2,test-64,3.58351893845611,3.7268152236938477
z_residual_to_degree,2,test-65,2.8903717578961645,3.457362651824951
z_residual_to_degree,2,test-66,2.4849066497880004,3.5329887866973877
z_residual_to_degree,2,test-67,2.4849066497880004,2.9768025875091553
z_residual_to_degree,2,test-68,4.90527477843843,3.824957847595215
z_residual_to_degree,2,test-69,3.2188758248682006,3.6199069023132324
z_residual_to_degree,2,test-70,2.995732273553991,3.405696392059326
z_residual_to_degree,2,test-71,4.0943445622221,3.715974807739258
z_residual_to_degree,2,test-72,1.791759469228055,4.225149631500244
z_residual_to_degree,2,test-73,3.951243718581427,2.6709160804748535
z_residual_to_degree,2,test-74,2.7080502011022096,3.7988245487213135
z_residual_to_degree,2,test-75,3.0445224377234226,3.3022260665893555
z_residual_to_degree,2,test-76,1.0986122886681096,3.754711627960205
z_residual_to_degree,2,test-77,3.0445224377234226,3.6435060501098633
z_residual_to_degree,2,test-78,1.3862943611198906,3.437333345413208
z_residual_to_degree,2,test-79,1.791759469228055,2.941378116607666
z_residual_to_degree,2,test-80,3.688879454113936,3.524320125579834
z_residual_to_degree,2,test-81,3.58351893845611,3.5044238567352295
z_residual_to_degree,2,test-82,3.465735902799726,3.3556690216064453
z_residual_to_degree,2,test-83,4.025351690735149,4.252561569213867
z_residual_to_degree,2,test-84,4.718498871295094,4.18411111831665
z_residual_to_degree,2,test-85,3.988984046564274,3.487454414367676
z_residual_to_degree,2,test-86,3.332204510175204,3.5326170921325684
z_residual_to_degree,2,test-87,2.7080502011022096,3.7231388092041016
z_residual_to_degree,2,test-88,2.6390573296152584,3.079238176345825
z_residual_to_degree,2,test-89,3.332204510175204,3.3178939819335938
z_residual_to_degree,2,test-90,2.484906649788,3.221302032470703
z_residual_to_degree,2,test-91,2.0794415416798357,3.6347973346710205
z_residual_to_degree,2,test-92,3.1780538303479453,3.509157657623291
z_residual_to_degree,2,test-93,5.272999558563747,3.9442238807678223
z_residual_to_degree,2,test-94,2.484906649788,2.8627853393554688
z_residual_to_degree,2,test-95,3.4011973816621555,3.9138197898864746
z_residual_to_degree,2,test-96,7.50659178007084,3.747952461242676
z_residual_to_degree,2,test-97,4.465908118654584,4.191174507141113
z_residual_to_degree,2,test-98,2.3025850929940455,3.5666146278381348
z_residual_to_degree,2,test-99,2.7080502011022096,3.3583717346191406
z_residual_to_degree,2,test-100,3.58351893845611,3.6781809329986572
z_residual_to_degree,2,test-101,2.7080502011022096,3.4113616943359375
z_residual_to_degree,2,test-102,4.02535169073515,2.561426877975464
z_residual_to_degree,2,test-103,2.772588722239781,3.463472843170166
z_residual_to_degree,2,test-104,2.197224577336219,3.085663318634033
z_residual_to_degree,2,test-105,1.0986122886681096,2.836649179458618
z_residual_to_degree,2,test-106,3.5263605246161616,3.3059651851654053
z_residual_to_degree,2,test-107,0.6931471805599453,2.3431239128112793
z_residual_to_degree,2,test-108,6.327936783729195,2.8725948333740234
z_residual_to_degree,2,test-109,3.58351893845611,3.2294816970825195
z_residual_to_degree,2,test-110,2.0794415416798357,3.7133233547210693
z_residual_to_degree,2,test-111,2.8903717578961645,2.7188894748687744
z_residual_to_degree,2,test-112,5.0106352940962555,3.7168924808502197
z_residual_to_degree,2,test-113,3.688879454113936,3.7318098545074463
z_residual_to_degree,2,test-114,1.3862943611198906,2.75382399559021
z_residual_to_degree,2,test-115,1.3862943611198906,3.437378168106079
z_residual_to_degree,2,test-116,7.3395376954076745,3.895463228225708
z_residual_to_degree,2,test-117,4.304065093204169,3.51666522026062
z_residual_to_degree,2,test-118,3.2188758248682006,4.538540840148926
z_residual_to_degree,2,test-119,6.733401891837358,2.4803647994995117
z_residual_to_degree,2,test-120,2.484906649788,3.7381744384765625
z_residual_to_degree,2,test-121,2.995732273553991,3.719355821609497
z_residual_to_degree,2,test-122,3.58351893845611,3.770488977432251
z_residual_to_degree,2,test-123,1.791759469228055,3.625622510910034
z_residual_to_degree,2,test-124,2.6390573296152584,3.7663161754608154
z_residual_to_degree,2,test-125,2.197224577336219,3.3583478927612305
z_residual_to_degree,2,test-126,2.484906649788,3.8140876293182373
z_residual_to_degree,2,test-127,1.791759469228055,3.586509943008423
z_residual_to_degree,2,test-128,3.6635616461296463,3.5235371589660645
z_residual_to_degree,2,test-129,2.5649493574615367,2.539858341217041
z_residual_to_degree,2,test-130,2.995732273553991,3.5770671367645264
z_residual_to_degree,2,test-131,3.0445224377234226,3.6045007705688477
z_residual_to_degree,2,test-132,3.688879454113936,3.321317434310913
z_residual_to_degree,2,test-133,5.560681631015528,3.807990550994873
z_residual_to_degree,2,test-134,2.197224577336219,3.231213092803955
z_residual_to_degree,2,test-135,2.772588722239781,3.414555788040161
z_residual_to_degree,2,test-136,3.688879454113936,3.3885107040405273
z_residual_to_degree,2,test-137,2.1972245773362196,2.5217525959014893
z_residual_to_degree,2,test-138,4.31748811353631,4.100693225860596
z_residual_to_degree,2,test-139,1.791759469228055,2.9159984588623047
z_residual_to_degree,2,test-140,3.332204510175204,3.210369110107422
z_residual_to_degree,2,test-141,4.276666119016055,3.4146740436553955
z_residual_to_degree,2,test-142,2.7080502011022096,3.7621963024139404
z_residual_to_degree,2,test-143,2.0794415416798357,3.1051812171936035
z_residual_to_degree,2,test-144,2.772588722239781,3.7555136680603027
z_residual_to_degree,2,test-145,4.882801922586371,3.7213690280914307
z_residual_to_degree,2,test-146,3.465735902799726,3.7208807468414307
z_residual_to_degree,2,test-147,3.332204510175204,3.728926181793213
z_residual_to_degree,2,test-148,6.327936783729195,3.7670133113861084
z_residual_to_degree,2,test-149,3.2188758248682006,3.668271780014038
z_residual_to_degree,2,test-150,3.9318256327243257,3.625209093093872
z_residual_to_degree,2,test-151,3.295836866004329,3.3879194259643555
z_residual_to_degree,2,test-152,3.4011973816621555,3.301631450653076
z_residual_to_degree,2,test-153,4.0943445622221,3.7576074600219727
z_residual_to_degree,2,test-154,2.0794415416798357,3.462008237838745
z_residual_to_degree,2,test-155,2.3025850929940455,3.5749056339263916
z_residual_to_degree,2,test-156,5.41164605185504,3.5675642490386963
z_residual_to_degree,2,test-157,4.564348191467836,3.9854860305786133
z_residual_to_degree,2,test-158,0.0,0.07663989067077637
z_residual_to_degree,2,test-159,2.7080502011022096,3.882024049758911
z_residual_to_degree,2,test-160,2.9444389791664403,3.8753857612609863
z_residual_to_degree,2,test-161,1.3862943611198906,3.6286442279815674
z_residual_to_degree,2,test-162,2.8903717578961645,3.581124782562256
z_residual_to_degree,2,test-163,1.791759469228055,3.8285722732543945
z_residual_to_degree,2,test-164,5.560681631015528,3.687080144882202
z_residual_to_degree,2,test-165,1.0986122886681096,3.7534966468811035
z_residual_to_degree,2,test-166,3.5553480614894135,3.5276870727539062
z_residual_to_degree,2,test-167,4.499809670330265,3.3677825927734375
z_residual_to_degree,2,test-168,3.5553480614894135,3.6606545448303223
z_residual_to_degree,2,test-169,1.791759469228055,3.2476115226745605
z_residual_to_degree,2,test-170,2.0794415416798357,3.5779807567596436
z_residual_to_degree,2,test-171,5.288267030694534,3.809429168701172
z_residual_to_degree,2,test-172,1.3862943611198906,3.9410417079925537
z_residual_to_degree,2,test-173,2.484906649788,3.6820011138916016
z_residual_to_degree,2,test-174,3.9120230054281464,3.496373176574707
z_residual_to_degree,2,test-175,4.499809670330265,3.7543158531188965
z_residual_to_degree,2,test-176,4.867534450455582,3.4471096992492676
z_residual_to_degree,2,test-177,4.718498871295095,3.56628680229187
z_residual_to_degree,2,test-178,3.465735902799726,3.2805283069610596
z_residual_to_degree,2,test-179,1.3862943611198906,2.200057029724121
z_residual_to_degree,2,test-180,3.58351893845611,3.7659432888031006
z_residual_to_degree,2,test-181,3.58351893845611,3.3326547145843506
z_residual_to_degree,2,test-182,3.465735902799726,3.942218780517578
z_residual_to_degree,2,test-183,0.0,1.5968290567398071
z_residual_to_degree,2,test-184,7.24422751560335,3.874983549118042
z_residual_to_degree,2,test-185,3.332204510175204,3.039940357208252
z_residual_to_degree,2,test-186,3.401197381662155,3.062295913696289
z_residual_to_degree,2,test-187,3.332204510175204,3.637880802154541
z_residual_to_degree,2,test-188,2.484906649788,3.792598247528076
z_residual_to_degree,2,test-189,2.197224577336219,4.087410926818848
z_residual_to_degree,2,test-190,2.7080502011022096,3.3654816150665283
z_residual_to_degree,2,test-191,2.0794415416798357,3.44055438041687
z_residual_to_degree,2,test-192,3.0445224377234226,3.0729899406433105
z_residual_to_degree,2,test-193,2.995732273553991,3.6711714267730713
z_residual_to_degree,2,test-194,3.58351893845611,3.2813570499420166
z_residual_to_degree,2,test-195,4.90527477843843,4.079819679260254
z_residual_to_degree,2,test-196,4.5217885770490405,3.768202781677246
z_residual_to_degree,2,test-197,2.484906649788,3.6962528228759766
z_residual_to_degree,2,test-198,4.709530201312334,3.5521793365478516
z_residual_to_degree,2,test-199,1.0986122886681096,2.942291259765625
z_residual_to_degree,2,test-200,1.0986122886681096,3.207906484603882
z_residual_to_degree,2,test-201,1.0986122886681096,3.304903030395508
z_residual_to_degree,2,test-202,3.0445224377234226,2.999363899230957
z_residual_to_degree,2,test-203,2.484906649788,2.2630343437194824
z_residual_to_degree,2,test-204,2.6390573296152584,3.169311761856079
z_residual_to_degree,2,test-205,2.197224577336219,4.125168800354004
z_residual_to_degree,2,test-206,3.58351893845611,3.1757359504699707
z_residual_to_degree,2,test-207,4.248495242049359,3.7885613441467285
z_residual_to_degree,2,test-208,4.0943445622221,3.771141767501831
z_residual_to_degree,2,test-209,4.836281906951478,3.7450554370880127
z_residual_to_degree,2,test-210,4.976733742420574,3.7271387577056885
z_residual_to_degree,2,test-211,3.0445224377234226,3.566601276397705
z_residual_to_degree,2,test-212,4.499809670330265,3.7596592903137207
z_residual_to_degree,2,test-213,1.3862943611198906,1.5750868320465088
z_residual_to_degree,2,test-214,5.560681631015528,3.7745919227600098
z_residual_to_degree,2,test-215,2.0794415416798357,3.8148038387298584
z_residual_to_degree,2,test-216,0.6931471805599453,0.9501650333404541
z_residual_to_degree,2,test-217,1.791759469228055,2.7971785068511963
z_residual_to_degree,2,test-218,3.0445224377234226,2.981801748275757
z_residual_to_degree,2,test-219,3.58351893845611,3.1048974990844727
z_residual_to_degree,2,test-220,2.70805020110221,2.568422317504883
z_residual_to_degree,2,test-221,2.995732273553991,3.4083266258239746
z_residual_to_degree,2,test-222,2.0794415416798357,3.515636444091797
z_residual_to_degree,2,test-223,3.8712010109078907,3.5431137084960938
z_residual_to_degree,2,test-224,0.0,3.745781660079956
z_residual_to_degree,2,test-225,3.332204510175204,2.8495354652404785
z_residual_to_degree,2,test-226,2.0794415416798357,3.0810537338256836
z_residual_to_degree,2,test-227,2.772588722239781,3.4165091514587402
z_residual_to_degree,2,test-228,1.791759469228055,3.3933444023132324
z_residual_to_degree,2,test-229,2.197224577336219,3.6597976684570312
z_residual_to_degree,2,test-230,3.4011973816621555,2.956528663635254
z_residual_to_degree,2,test-231,4.430816798843313,3.775275945663452
z_residual_to_degree,2,test-232,4.276666119016055,3.831423759460449
z_residual_to_degree,2,test-233,1.791759469228055,2.773545265197754
z_residual_to_degree,2,test-234,3.58351893845611,3.297058582305908
z_residual_to_degree,2,test-235,3.1780538303479453,3.7937989234924316
z_residual_to_degree,2,test-236,2.8903717578961645,3.9001808166503906
z_residual_to_degree,2,test-237,3.0445224377234226,2.8503193855285645
z_residual_to_degree,2,test-238,5.780743515792329,3.620988368988037
z_residual_to_degree,2,test-239,6.327936783729195,3.9505231380462646
z_residual_to_degree,2,test-240,0.6931471805599453,4.397696495056152
z_residual_to_degree,2,test-241,2.4849066497880004,2.7913196086883545
z_residual_to_degree,2,test-242,2.8903717578961645,2.9939048290252686
z_residual_to_degree,2,test-243,2.197224577336219,3.615212917327881
z_residual_to_degree,2,test-244,3.0445224377234226,3.6828978061676025
z_residual_to_degree,2,test-245,2.7080502011022096,3.7795023918151855
z_residual_to_degree,2,test-246,4.74493212836325,3.7808380126953125
z_residual_to_degree,2,test-247,1.791759469228055,3.939117431640625
z_residual_to_degree,2,test-248,3.8066624897703196,3.746366500854492
z_residual_to_degree,2,test-249,3.951243718581427,3.767207622528076
z_residual_to_degree,2,test-250,1.3862943611198906,2.3704886436462402
z_residual_to_degree,2,test-251,4.718498871295095,3.5612761974334717
z_residual_to_degree,2,test-252,3.465735902799726,3.493938446044922
z_residual_to_degree,2,test-253,2.7080502011022096,3.0278477668762207
z_residual_to_degree,2,test-254,2.6390573296152584,3.6122095584869385
z_residual_to_degree,2,test-255,5.19295685089021,3.3433871269226074
z_residual_to_degree,2,test-256,0.0,3.6223201751708984
z_residual_to_degree,2,test-257,5.98141421125448,3.8675055503845215
z_residual_to_degree,2,test-258,3.8712010109078907,3.3193914890289307
z_residual_to_degree,2,test-259,2.9957322735539913,3.9688220024108887
z_residual_to_degree,2,test-260,1.0986122886681096,3.8626813888549805
z_residual_to_degree,2,test-261,3.401197381662155,3.6742424964904785
z_residual_to_degree,2,test-262,2.995732273553991,3.374870777130127
z_residual_to_degree,2,test-263,2.995732273553991,3.4835386276245117
z_residual_to_degree,2,test-264,4.1588830833596715,3.7448580265045166
z_residual_to_degree,2,test-265,4.31748811353631,3.917970895767212
z_residual_to_degree,2,test-266,1.791759469228055,2.5083067417144775
z_residual_to_degree,2,test-267,2.0794415416798357,3.7951858043670654
z_residual_to_degree,2,test-268,2.7080502011022096,3.469592809677124
z_residual_to_degree,2,test-269,6.476972362889683,3.764958143234253
z_residual_to_degree,2,test-270,1.791759469228055,3.5694994926452637
z_residual_to_degree,2,test-271,3.0445224377234226,3.4387478828430176
z_residual_to_degree,2,test-272,3.737669618283368,3.7810583114624023
z_residual_to_degree,2,test-273,3.1780538303479453,3.698683738708496
z_residual_to_degree,2,test-274,2.772588722239781,3.627173900604248
z_residual_to_degree,2,test-275,2.7080502011022096,3.4015276432037354
z_residual_to_degree,2,test-276,2.0794415416798357,3.6148109436035156
z_residual_to_degree,2,test-277,3.332204510175204,3.4330263137817383
z_residual_to_degree,2,test-278,5.220355825078324,3.646432399749756
z_residual_to_degree,2,test-279,3.6635616461296463,3.282766342163086
z_residual_to_degree,2,test-280,2.6390573296152584,3.781161069869995
z_residual_to_degree,2,test-281,2.484906649788,3.1000311374664307
z_residual_to_degree,2,test-282,3.9512437185814275,3.451502799987793
z_residual_to_degree,2,test-283,2.995732273553991,3.5201618671417236
z_residual_to_degree,2,test-284,1.6094379124341003,3.306370258331299
z_residual_to_degree,2,test-285,2.7080502011022096,2.947193145751953
z_residual_to_degree,2,test-286,6.461468176353717,3.773000717163086
z_residual_to_degree,2,test-287,3.0445224377234226,2.7643375396728516
z_residual_to_degree,2,test-288,3.4965075614664802,3.6323442459106445
z_residual_to_degree,2,test-289,4.499809670330265,3.1529459953308105
z_residual_to_degree,2,test-290,2.8903717578961645,2.9424216747283936
z_residual_to_degree,2,test-291,5.60947179518496,3.634294271469116
z_residual_to_degree,2,test-292,5.375278407684165,4.296499252319336
z_residual_to_degree,2,test-293,3.6888794541139367,3.830089807510376
z_residual_to_degree,2,test-294,2.197224577336219,3.5831406116485596
z_residual_to_degree,2,test-295,2.3025850929940455,3.17250919342041
z_residual_to_degree,2,test-296,3.7376696182833684,3.658879518508911
z_residual_to_degree,2,test-297,2.0794415416798357,3.6865999698638916
z_residual_to_degree,2,test-298,1.3862943611198906,3.3573660850524902
z_residual_to_degree,2,test-299,3.1780538303479453,3.522165060043335
z_residual_to_degree,2,test-300,2.995732273553991,3.371267080307007
z_residual_to_degree,2,test-301,1.6094379124341003,3.1972601413726807
z_residual_to_degree,2,test-302,2.484906649788,3.3923275470733643
z_residual_to_degree,2,test-303,2.0794415416798357,2.20306658744812
z_residual_to_degree,2,test-304,4.382026634673881,3.698967218399048
z_residual_to_degree,2,test-305,3.332204510175204,3.1911516189575195
z_residual_to_degree,2,test-306,5.556828061699537,3.8096699714660645
z_residual_to_degree,2,test-307,2.0794415416798357,3.4691505432128906
z_residual_to_degree,2,test-308,2.0794415416798357,2.8669872283935547
z_residual_to_degree,2,test-309,3.58351893845611,3.875778913497925
z_residual_to_degree,2,test-310,2.197224577336219,2.968292713165283
z_residual_to_degree,2,test-311,3.8918202981106265,3.777651786804199
z_residual_to_degree,2,test-312,2.4849066497880004,4.36499547958374
z_residual_to_degree,2,test-313,6.733401891837358,3.979985237121582
z_residual_to_degree,2,test-314,4.941642422609304,3.6066620349884033
z_residual_to_degree,2,test-315,1.9459101490553132,2.619774103164673
z_residual_to_degree,2,test-316,2.8903717578961645,3.3356122970581055
z_residual_to_degree,2,test-317,5.41164605185504,3.75939679145813
z_residual_to_degree,2,test-318,3.332204510175204,3.077857255935669
z_residual_to_degree,2,test-319,6.733401891837358,3.911832332611084
z_residual_to_degree,2,test-320,2.772588722239781,3.8142292499542236
z_residual_to_degree,2,test-321,3.0445224377234226,3.7091407775878906
z_residual_to_degree,2,test-322,2.995732273553991,3.39493989944458
z_residual_to_degree,2,test-323,0.6931471805599453,2.5847413539886475
z_residual_to_degree,2,test-324,2.484906649788,3.8745827674865723
z_residual_to_degree,2,test-325,2.772588722239781,3.5888702869415283
z_residual_to_degree,2,test-326,3.091042453358316,3.3518483638763428
z_residual_to_degree,2,test-327,3.4011973816621555,2.9730734825134277
z_residual_to_degree,2,test-328,3.688879454113936,3.336484432220459
z_residual_to_degree,2,test-329,1.6094379124341003,2.039486885070801
z_residual_to_degree,2,test-330,3.5553480614894135,3.4333930015563965
z_residual_to_degree,2,test-331,3.8712010109078907,3.993992328643799
z_residual_to_degree,2,test-332,2.70805020110221,2.8778586387634277
z_residual_to_degree,2,test-333,2.8903717578961645,5.793875694274902
z_residual_to_degree,2,test-334,2.4849066497880004,2.8471691608428955
z_residual_to_degree,2,test-335,4.51085950651685,2.9975690841674805
z_residual_to_degree,2,test-336,2.7080502011022096,3.7213034629821777
z_residual_to_degree,2,test-337,3.0445224377234226,3.4872853755950928
z_residual_to_degree,2,test-338,2.484906649788,3.4160542488098145
z_residual_to_degree,2,test-339,2.772588722239781,3.681727886199951
z_residual_to_degree,2,test-340,4.143134726391533,3.6829466819763184
z_residual_to_degree,2,test-341,3.9318256327243257,3.7213292121887207
z_residual_to_degree,2,test-342,2.484906649788,3.9969840049743652
z_residual_to_degree,2,test-343,4.787491742782047,3.8150157928466797
z_residual_to_degree,2,test-344,1.3862943611198906,3.269217014312744
z_residual_to_degree,2,test-345,3.1780538303479453,3.7537336349487305
z_residual_to_degree,2,test-346,2.484906649788,2.6660141944885254
z_residual_to_degree,2,test-347,2.484906649788,3.313905715942383
z_residual_to_degree,2,test-348,2.484906649788,2.82452392578125
z_residual_to_degree,2,test-349,3.401197381662155,3.626730442047119
z_residual_to_degree,2,test-350,2.8903717578961645,2.541863441467285
z_residual_to_degree,2,test-351,3.1780538303479453,3.543494701385498
z_residual_to_degree,2,test-352,1.3862943611198906,2.8808295726776123
z_residual_to_degree,2,test-353,4.882801922586371,4.18145751953125
z_residual_to_degree,2,test-354,4.234106504597259,3.7806754112243652
z_residual_to_degree,2,test-355,5.6937321388027,3.2974183559417725
z_residual_to_degree,2,test-356,0.6931471805599453,3.0360219478607178
z_residual_to_degree,2,test-357,1.791759469228055,3.751600742340088
z_residual_to_degree,2,test-358,1.791759469228055,3.6687700748443604
z_residual_to_degree,2,test-359,5.966146739123692,3.7846298217773438
z_residual_to_degree,2,test-360,3.4965075614664802,3.6081292629241943
z_residual_to_degree,2,test-361,6.733401891837358,2.376047134399414
z_residual_to_degree,2,test-362,5.272999558563747,3.8934364318847656
z_residual_to_degree,2,test-363,3.737669618283368,3.5816493034362793
z_residual_to_degree,2,test-364,2.197224577336219,2.54992938041687
z_residual_to_degree,2,test-365,2.995732273553991,3.8029978275299072
z_residual_to_degree,2,test-366,1.3862943611198906,3.560997486114502
z_residual_to_degree,2,test-367,6.327936783729195,2.6464052200317383
z_residual_to_degree,2,test-368,4.430816798843313,3.6087629795074463
z_residual_to_degree,2,test-369,0.0,2.6875760555267334
z_residual_to_degree,2,test-370,2.6390573296152584,3.856333017349243
z_residual_to_degree,2,test-371,1.6094379124341003,3.306558132171631
z_residual_to_degree,2,test-372,2.484906649788,3.773667812347412
z_residual_to_degree,2,test-373,3.465735902799726,3.855672836303711
z_residual_to_degree,2,test-374,2.772588722239781,3.105478525161743
z_residual_to_degree,2,test-375,2.7080502011022096,2.9907424449920654
z_residual_to_degree,2,test-376,4.74493212836325,3.778468370437622
z_residual_to_degree,2,test-377,2.4849066497880004,3.513758897781372
z_residual_to_degree,2,test-378,3.332204510175204,3.7620937824249268
z_residual_to_degree,2,test-379,2.4849066497880004,3.258566379547119
z_residual_to_degree,2,test-380,2.8903717578961645,3.6602840423583984
z_residual_to_degree,2,test-381,2.3025850929940455,4.013084888458252
z_residual_to_degree,2,test-382,1.791759469228055,3.525890588760376
z_residual_to_degree,2,test-383,0.6931471805599453,3.208057403564453
z_residual_to_degree,2,test-384,4.276666119016055,3.913001775741577
z_residual_to_degree,2,test-385,1.791759469228055,3.767068862915039
z_residual_to_degree,2,test-386,1.791759469228055,3.576029062271118
z_residual_to_degree,2,test-387,2.0794415416798357,3.450261354446411
z_residual_to_degree,2,test-388,2.995732273553991,3.6792869567871094
z_residual_to_degree,2,test-389,2.0794415416798357,3.700612783432007
z_residual_to_degree,2,test-390,3.0445224377234226,3.1024935245513916
z_residual_to_degree,2,test-391,2.995732273553991,3.628436326980591
z_residual_to_degree,2,test-392,0.0,3.698502540588379
z_residual_to_degree,2,test-393,1.3862943611198906,1.6249866485595703
z_residual_to_degree,2,test-394,2.3025850929940455,3.2303428649902344
z_residual_to_degree,2,test-395,3.295836866004329,3.6519603729248047
z_residual_to_degree,2,test-396,1.791759469228055,3.8167896270751953
z_residual_to_degree,2,test-397,3.4011973816621555,3.7095890045166016
z_residual_to_degree,2,test-398,2.4849066497880004,3.7875261306762695
z_residual_to_degree,2,test-399,2.995732273553991,3.4647862911224365
z_residual_to_degree,2,test-400,2.0794415416798357,3.964064598083496
z_residual_to_degree,2,test-401,2.0794415416798357,2.9083046913146973
z_residual_to_degree,2,test-402,3.1780538303479453,3.462399482727051
z_residual_to_degree,2,test-403,3.828641396489095,3.5570828914642334
z_residual_to_degree,2,test-404,4.90527477843843,3.8821442127227783
z_residual_to_degree,2,test-405,1.791759469228055,2.786123514175415
z_residual_to_degree,2,test-406,3.401197381662155,2.8918254375457764
z_residual_to_degree,2,test-407,1.3862943611198906,3.3281219005584717
z_residual_to_degree,2,test-408,2.8903717578961645,2.5648202896118164
z_residual_to_degree,2,test-409,4.276666119016055,3.4359445571899414
z_residual_to_degree,2,test-410,0.6931471805599453,2.693814277648926
z_residual_to_degree,2,test-411,3.5553480614894135,3.3608903884887695
z_residual_to_degree,2,test-412,2.8903717578961645,3.5073957443237305
z_residual_to_degree,2,test-413,3.332204510175204,3.707202672958374
z_residual_to_degree,2,test-414,5.342334251964811,3.6635963916778564
z_residual_to_degree,2,test-415,2.890371757896165,3.70365834236145
z_residual_to_degree,2,test-416,3.401197381662155,3.234626054763794
z_residual_to_degree,2,test-417,3.091042453358316,3.685089349746704
z_residual_to_degree,2,test-418,2.995732273553991,3.7191524505615234
z_residual_to_degree,2,test-419,3.401197381662155,3.677128791809082
z_residual_to_degree,2,test-420,4.787491742782046,3.637495279312134
z_residual_to_degree,2,test-421,4.430816798843313,3.703833818435669
z_residual_to_degree,2,test-422,2.8903717578961645,3.1061348915100098
z_residual_to_degree,2,test-423,2.0794415416798357,3.0282673835754395
z_residual_to_degree,2,test-424,3.1780538303479458,3.79760479927063
z_residual_to_degree,2,test-425,1.9459101490553132,3.4191489219665527
z_residual_to_degree,2,test-426,2.995732273553991,3.1252589225769043
z_residual_to_degree,2,test-427,2.197224577336219,3.63594126701355
z_residual_to_degree,2,test-428,1.3862943611198906,3.296043634414673
z_residual_to_degree,2,test-429,3.4011973816621555,3.8977363109588623
z_residual_to_degree,2,test-430,3.3322045101752042,3.2500123977661133
z_residual_to_degree,2,test-431,2.0794415416798357,3.245025396347046
z_residual_to_degree,2,test-432,2.484906649788,2.986248016357422
z_residual_to_degree,2,test-433,3.6888794541139367,3.1189541816711426
z_residual_to_degree,2,test-434,2.7080502011022096,2.948871612548828
z_residual_to_degree,2,test-435,2.4849066497880004,3.3090972900390625
z_residual_to_degree,2,test-436,4.718498871295095,3.6109962463378906
z_residual_to_degree,2,test-437,5.634789603169249,3.999640464782715
z_residual_to_degree,2,test-438,4.68213122712422,3.666384696960449
z_residual_to_degree,2,test-439,1.791759469228055,3.3935561180114746
z_residual_to_degree,2,test-440,3.9889840465642745,3.7701051235198975
z_residual_to_degree,2,test-441,6.327936783729195,3.7620508670806885
z_residual_to_degree,2,test-442,3.0445224377234226,3.27236270904541
z_residual_to_degree,2,test-443,2.7080502011022096,3.5845184326171875
z_residual_to_degree,2,test-444,1.0986122886681096,2.7498488426208496
z_residual_to_degree,2,test-445,2.995732273553991,2.9444751739501953
z_residual_to_degree,2,test-446,2.772588722239781,3.4137048721313477
z_residual_to_degree,2,test-447,2.995732273553991,3.4098565578460693
z_residual_to_degree,2,test-448,1.791759469228055,2.2858211994171143
z_residual_to_degree,2,test-449,1.3862943611198906,3.2643215656280518
z_residual_to_degree,2,test-450,2.484906649788,3.8380253314971924
z_residual_to_degree,2,test-451,7.50659178007084,3.8830535411834717
z_residual_to_degree,2,test-452,3.951243718581427,3.655637264251709
z_residual_to_degree,2,test-453,3.5553480614894135,3.752500057220459
z_residual_to_degree,2,test-454,2.7080502011022096,4.406007766723633
z_residual_to_degree,2,test-455,3.258096538021482,2.8071746826171875
z_residual_to_degree,2,test-456,5.634789603169249,3.8262181282043457
z_residual_to_degree,2,test-457,0.6931471805599453,2.745351791381836
z_residual_to_degree,2,test-458,2.772588722239781,3.2345898151397705
z_residual_to_degree,2,test-459,3.4011973816621555,3.5147995948791504
z_residual_to_degree,2,test-460,2.995732273553991,3.7294015884399414
z_residual_to_degree,2,test-461,3.0445224377234226,3.0027055740356445
z_residual_to_degree,2,test-462,2.1972245773362196,3.3227009773254395
z_residual_to_degree,2,test-463,1.791759469228055,2.5839147567749023
z_residual_to_degree,2,test-464,3.1780538303479458,3.80334734916687
z_residual_to_degree,2,test-465,2.1972245773362196,3.571035146713257
z_residual_to_degree,2,test-466,3.401197381662155,4.10105037689209
z_residual_to_degree,2,test-467,6.327936783729195,3.889252185821533
z_residual_to_degree,2,test-468,2.995732273553991,3.8187971115112305
z_residual_to_degree,2,test-469,3.0445224377234226,2.99591326713562
z_residual_to_degree,2,test-470,1.0986122886681096,3.8940186500549316
z_residual_to_degree,2,test-471,3.401197381662155,3.260810136795044
z_residual_to_degree,2,test-472,2.3025850929940455,2.875541925430298
z_residual_to_degree,2,test-473,6.040254711277413,3.2354989051818848
z_residual_to_degree,2,test-474,4.90527477843843,3.397784948348999
z_residual_to_degree,2,test-475,2.197224577336219,3.4272196292877197
z_residual_to_degree,2,test-476,2.0794415416798357,3.1712281703948975
z_residual_to_degree,2,test-477,2.8903717578961645,2.3622264862060547
z_residual_to_degree,2,test-478,3.1780538303479453,3.5020906925201416
z_residual_to_degree,2,test-479,2.995732273553991,3.1564552783966064
z_residual_to_degree,2,test-480,4.276666119016055,3.71232271194458
z_residual_to_degree,2,test-481,2.4849066497880004,3.6520309448242188
z_residual_to_degree,2,test-482,3.295836866004329,3.715327262878418
z_residual_to_degree,2,test-483,3.1780538303479453,3.453709125518799
z_residual_to_degree,2,test-484,2.0794415416798357,2.0853376388549805
z_residual_to_degree,2,test-485,3.332204510175204,3.055509090423584
z_residual_to_degree,2,test-486,1.3862943611198906,2.7260079383850098
z_residual_to_degree,2,test-487,4.356708826689592,3.6233341693878174
z_residual_to_degree,2,test-488,2.0794415416798357,3.5619757175445557
z_residual_to_degree,2,test-489,2.9957322735539913,3.748875379562378
z_residual_to_degree,2,test-490,0.6931471805599453,2.8294661045074463
z_residual_to_degree,2,test-491,2.0794415416798357,2.957740306854248
z_residual_to_degree,2,test-492,4.31748811353631,3.791995048522949
z_residual_to_degree,2,test-493,3.58351893845611,3.632272243499756
z_residual_to_degree,2,test-494,0.0,2.589275360107422
z_residual_to_degree,2,test-495,5.272999558563747,4.237233638763428
z_residual_to_degree,2,test-496,1.791759469228055,3.8098368644714355
z_residual_to_degree,2,test-497,3.7376696182833684,3.6799075603485107
z_residual_to_degree,2,test-498,2.4849066497880004,2.613391876220703
z_residual_to_degree,2,test-499,3.8712010109078907,3.080052614212036
z_residual_to_degree,2,test-500,6.040254711277413,2.914496421813965
z_residual_to_degree,2,test-501,3.3322045101752042,3.7639026641845703
z_residual_to_degree,2,test-502,3.332204510175204,3.608499526977539
z_residual_to_degree,2,test-503,4.700480365792417,3.9279799461364746
z_residual_to_degree,2,test-504,4.499809670330265,3.441070079803467
z_residual_to_degree,2,test-505,2.197224577336219,2.847893238067627
z_residual_to_degree,2,test-506,3.688879454113936,4.070285320281982
z_residual_to_degree,2,test-507,2.6390573296152584,3.10701322555542
z_residual_to_degree,2,test-508,4.276666119016055,3.5029523372650146
z_residual_to_degree,2,test-509,3.8712010109078907,3.8357791900634766
z_residual_to_degree,2,test-510,4.442651256490317,3.301882743835449
z_residual_to_degree,2,test-511,5.634789603169249,3.777860164642334
z_degree_to_cn_residual,2,test-0,0.41901558340082656,0.4141385555267334
z_degree_to_cn_residual,2,test-1,-0.2583525517139924,0.19845746457576752
z_degree_to_cn_residual,2,test-2,-0.018993154254683953,0.18776987493038177
z_degree_to_cn_residual,2,test-3,-0.09727709888120242,0.0719287246465683
z_degree_to_cn_residual,2,test-4,1.0359694158101418,-0.08934701979160309
z_degree_to_cn_residual,2,test-5,-0.4047253779878611,0.13380549848079681
z_degree_to_cn_residual,2,test-6,1.0655218182956825,0.15491221845149994
z_degree_to_cn_residual,2,test-7,-0.18426105211107924,0.17878566682338715
z_degree_to_cn_residual,2,test-8,-0.10023401181546886,0.23118744790554047
z_degree_to_cn_residual,2,test-9,-0.35666135733620163,0.1355867236852646
z_degree_to_cn_residual,2,test-10,0.8355607557628979,0.16043327748775482
z_degree_to_cn_residual,2,test-11,0.6811794613133313,0.32158946990966797
z_degree_to_cn_residual,2,test-12,-0.0022547768087889004,0.045561060309410095
z_degree_to_cn_residual,2,test-13,0.08268421210545274,0.13881419599056244
z_degree_to_cn_residual,2,test-14,0.1265245666267653,0.019221052527427673
z_degree_to_cn_residual,2,test-15,0.6908924037511563,0.10836027562618256
z_degree_to_cn_residual,2,test-16,0.4964614688251994,0.1828296035528183
z_degree_to_cn_residual,2,test-17,0.030648706081244377,0.1368558257818222
z_degree_to_cn_residual,2,test-18,-0.0022547768087889004,0.045561060309410095
z_degree_to_cn_residual,2,test-19,-0.10023401181546886,0.23118744790554047
z_degree_to_cn_residual,2,test-20,-0.0017162122830214665,0.12121342122554779
z_degree_to_cn_residual,2,test-21,0.3748629636930609,0.2107226699590683
z_degree_to_cn_residual,2,test-22,-0.2630515329052116,0.16043327748775482
z_degree_to_cn_residual,2,test-23,-0.0018040386788887037,0.03411506116390228
z_degree_to_cn_residual,2,test-24,0.3272151667083216,0.21403859555721283
z_degree_to_cn_residual,2,test-25,-0.528650074782717,0.2775299549102783
z_degree_to_cn_residual,2,test-26,0.6906723567239333,0.2478361576795578
z_degree_to_cn_residual,2,test-27,0.7803280718012251,0.2107226699590683
z_degree_to_cn_residual,2,test-28,0.5975839598243551,0.1357123702764511
z_degree_to_cn_residual,2,test-29,0.6876077702565512,0.20172904431819916
z_degree_to_cn_residual,2,test-30,0.6739266191922899,0.10659955441951752
z_degree_to_cn_residual,2,test-31,0.22592574994459075,0.13462428748607635
z_degree_to_cn_residual,2,test-32,-0.31276047812031493,0.3625681400299072
z_degree_to_cn_residual,2,test-33,0.6864567173986107,-0.06949855387210846
z_degree_to_cn_residual,2,test-34,-0.22577903790857956,0.22397778928279877
z_degree_to_cn_residual,2,test-35,-0.15886813049140017,0.36052775382995605
z_degree_to_cn_residual,2,test-36,-0.0018015872129917689,0.3375427722930908
z_degree_to_cn_residual,2,test-37,-0.0024748238360119044,0.2478361576795578
z_degree_to_cn_residual,2,test-38,0.0026647510744795353,-0.0042581707239151
z_degree_to_cn_residual,2,test-39,-0.0022547768087889004,0.10836027562618256
z_degree_to_cn_residual,2,test-40,1.0637319047963991,0.08498464524745941
z_degree_to_cn_residual,2,test-41,0.33648582322374365,0.1355867236852646
z_degree_to_cn_residual,2,test-42,0.3950893555112512,0.39249300956726074
z_degree_to_cn_residual,2,test-43,-0.07427853032672008,0.20964430272579193
z_degree_to_cn_residual,2,test-44,1.160515323211311,0.22397778928279877
z_degree_to_cn_residual,2,test-45,-0.0022547768087889004,0.045561060309410095
z_degree_to_cn_residual,2,test-46,0.1405242991682083,0.27576184272766113
z_degree_to_cn_residual,2,test-47,-0.0018015872129917689,-0.0012967735528945923
z_degree_to_cn_residual,2,test-48,0.5975839598243551,0.1357123702764511
z_degree_to_cn_residual,2,test-49,0.3950893555112512,0.39249300956726074
z_degree_to_cn_residual,2,test-50,0.3983360912278105,-0.007375970482826233
z_degree_to_cn_residual,2,test-51,0.5067931432115338,0.3116753101348877
z_degree_to_cn_residual,2,test-52,-0.5947108813669576,0.13396094739437103
z_degree_to_cn_residual,2,test-53,-0.09556322073559016,0.1357123702764511
z_degree_to_cn_residual,2,test-54,-0.007277398667662731,0.11690054833889008
z_degree_to_cn_residual,2,test-55,-0.585216216354449,-0.00873972475528717
z_degree_to_cn_residual,2,test-56,-0.09556322073559016,0.20843003690242767
z_degree_to_cn_residual,2,test-57,0.8884193392353986,-0.03712822496891022
z_degree_to_cn_residual,2,test-58,-0.48732856757400367,0.300494909286499
z_degree_to_cn_residual,2,test-59,0.6906723567239333,0.09733723104000092
z_degree_to_cn_residual,2,test-60,-0.24664060277060912,0.27478933334350586
z_degree_to_cn_residual,2,test-61,-0.00020231820106400537,-0.016586557030677795
z_degree_to_cn_residual,2,test-62,-0.00020231820106400537,-0.05392099916934967
z_degree_to_cn_residual,2,test-63,-0.0018015872129917689,0.3375427722930908
z_degree_to_cn_residual,2,test-64,-0.18349714014503832,0.13641832768917084
z_degree_to_cn_residual,2,test-65,1.0030490679325195,0.1357123702764511
z_degree_to_cn_residual,2,test-66,-0.0040603077699362606,0.016433700919151306
z_degree_to_cn_residual,2,test-67,-0.0040603077699362606,0.016433700919151306
z_degree_to_cn_residual,2,test-68,-0.5281305324979,0.23330281674861908
z_degree_to_cn_residual,2,test-69,0.40923910922239254,0.02376149594783783
z_degree_to_cn_residual,2,test-70,0.5067931432115338,0.3116753101348877
z_degree_to_cn_residual,2,test-71,0.34616685845311307,0.0887143462896347
z_degree_to_cn_residual,2,test-72,-0.0022547768087889004,0.10836027562618256
z_degree_to_cn_residual,2,test-73,-0.3225624563234914,0.08498464524745941
z_degree_to_cn_residual,2,test-74,-0.09556322073559016,0.20843003690242767
z_degree_to_cn_residual,2,test-75,0.9983782768526407,0.23118744790554047
z_degree_to_cn_residual,2,test-76,-0.0018040386788887037,0.03411506116390228
z_degree_to_cn_residual,2,test-77,0.5929131687444764,0.23118744790554047
z_degree_to_cn_residual,2,test-78,-0.0020240857061117087,-0.0471203476190567
z_degree_to_cn_residual,2,test-79,-0.0022547768087889004,0.10836027562618256
z_degree_to_cn_residual,2,test-80,0.6876077702565512,0.20172904431819916
z_degree_to_cn_residual,2,test-81,0.3247792901778015,-0.016850963234901428
z_degree_to_cn_residual,2,test-82,1.068010144253006,0.2107226699590683
z_degree_to_cn_residual,2,test-83,-0.06000166077099335,-0.00038148462772369385
z_degree_to_cn_residual,2,test-84,-0.32208678930701756,0.34148573875427246
z_degree_to_cn_residual,2,test-85,-0.2583525517139924,0.19845746457576752
z_degree_to_cn_residual,2,test-86,0.3983360912278105,-0.007375970482826233
z_degree_to_cn_residual,2,test-87,-0.09556322073559016,0.20843003690242767
z_degree_to_cn_residual,2,test-88,-0.007277398667662731,0.11690054833889008
z_degree_to_cn_residual,2,test-89,-0.2948110893321348,-0.007375970482826233
z_degree_to_cn_residual,2,test-90,-0.07427853032672008,0.20964430272579193
z_degree_to_cn_residual,2,test-91,-0.0024748238360119044,0.09733723104000092
z_degree_to_cn_residual,2,test-92,0.5958700816787429,0.0719287246465683
z_degree_to_cn_residual,2,test-93,0.48295423112723435,-0.03712822496891022
z_degree_to_cn_residual,2,test-94,-0.07427853032672008,0.20964430272579193
z_degree_to_cn_residual,2,test-95,0.5620068735609041,0.13478772342205048
z_degree_to_cn_residual,2,test-96,-0.6164097484976776,-0.3413207530975342
z_degree_to_cn_residual,2,test-97,-0.12666879423377733,0.17788337171077728
z_degree_to_cn_residual,2,test-98,-0.0024748238360119044,0.2478361576795578
z_degree_to_cn_residual,2,test-99,-0.09556322073559016,0.20843003690242767
z_degree_to_cn_residual,2,test-100,-0.3683678903821438,-0.016850963234901428
z_degree_to_cn_residual,2,test-101,0.5975839598243551,0.20843003690242767
z_degree_to_cn_residual,2,test-102,0.04707236782785143,0.06733249127864838
z_degree_to_cn_residual,2,test-103,-0.15886813049140017,0.36052775382995605
z_degree_to_cn_residual,2,test-104,0.6291349309040132,0.272571325302124
z_degree_to_cn_residual,2,test-105,-0.0018040386788887037,0.03411506116390228
z_degree_to_cn_residual,2,test-106,0.6864567173986107,-0.08769012987613678
z_degree_to_cn_residual,2,test-107,-0.0022547768087889004,0.045561060309410095
z_degree_to_cn_residual,2,test-108,0.09843629919298769,0.13396094739437103
z_degree_to_cn_residual,2,test-109,0.38038670243963035,0.3625681400299072
z_degree_to_cn_residual,2,test-110,-0.0024748238360119044,0.09733723104000092
z_degree_to_cn_residual,2,test-111,0.0028715724223535776,-0.012155309319496155
z_degree_to_cn_residual,2,test-112,0.43827176493454917,0.31209659576416016
z_degree_to_cn_residual,2,test-113,-0.4110045184115584,0.20172904431819916
z_degree_to_cn_residual,2,test-114,-0.0020240857061117087,-0.0471203476190567
z_degree_to_cn_residual,2,test-115,0.6913455933469536,0.3375427722930908
z_degree_to_cn_residual,2,test-116,1.018059726085129,-0.2564537525177002
z_degree_to_cn_residual,2,test-117,0.6990601796163277,0.07710693776607513
z_degree_to_cn_residual,2,test-118,-0.28390807133755275,0.02376149594783783
z_degree_to_cn_residual,2,test-119,0.7108960938684429,0.013172373175621033
z_degree_to_cn_residual,2,test-120,0.6188686502332252,0.20964430272579193
z_degree_to_cn_residual,2,test-121,0.5067931432115338,0.3116753101348877
z_degree_to_cn_residual,2,test-122,0.7302443982859658,-0.016850963234901428
z_degree_to_cn_residual,2,test-123,0.6908924037511563,0.10836027562618256
z_degree_to_cn_residual,2,test-124,-0.007277398667662731,0.11690054833889008
z_degree_to_cn_residual,2,test-125,-0.06401224965593211,0.272571325302124
z_degree_to_cn_residual,2,test-126,1.0243337583413894,0.20964740216732025
z_degree_to_cn_residual,2,test-127,-0.0022547768087889004,0.10836504399776459
z_degree_to_cn_residual,2,test-128,-0.18426105211107924,0.17878566682338715
z_degree_to_cn_residual,2,test-129,-0.013887172973514786,-0.04958893358707428
z_degree_to_cn_residual,2,test-130,0.9122582513196982,0.3116753101348877
z_degree_to_cn_residual,2,test-131,0.5929131687444764,0.23118744790554047
z_degree_to_cn_residual,2,test-132,-0.4110045184115584,0.20172904431819916
z_degree_to_cn_residual,2,test-133,-0.37883510134058207,0.09688542783260345
z_degree_to_cn_residual,2,test-134,-0.06401224965593211,0.272571325302124
z_degree_to_cn_residual,2,test-135,0.5342790500685451,0.36052775382995605
z_degree_to_cn_residual,2,test-136,0.6876077702565512,0.20172904431819916
z_degree_to_cn_residual,2,test-137,-0.00020231820106400537,-0.016586557030677795
z_degree_to_cn_residual,2,test-138,-0.4547401543466098,0.06479333341121674
z_degree_to_cn_residual,2,test-139,-0.0022547768087889004,0.10836027562618256
z_degree_to_cn_residual,2,test-140,-0.2948110893321348,-0.007375970482826233
z_degree_to_cn_residual,2,test-141,0.7255381829334756,0.2416531890630722
z_degree_to_cn_residual,2,test-142,-0.09556322073559016,0.20843003690242767
z_degree_to_cn_residual,2,test-143,-0.0024748238360119044,0.09733723104000092
z_degree_to_cn_residual,2,test-144,-0.15886813049140017,0.36052775382995605
z_degree_to_cn_residual,2,test-145,-0.019220561367655327,0.10659955441951752
z_degree_to_cn_residual,2,test-146,0.3748629636930609,0.2107226699590683
z_degree_to_cn_residual,2,test-147,-0.2948110893321348,-0.007375970482826233
z_degree_to_cn_residual,2,test-148,0.09843629919298769,0.13396094739437103
z_degree_to_cn_residual,2,test-149,-0.28390807133755275,0.02376149594783783
z_degree_to_cn_residual,2,test-150,-0.2022090658798931,0.1702258437871933
z_degree_to_cn_residual,2,test-151,0.5620068735609041,0.12013553082942963
z_degree_to_cn_residual,2,test-152,-0.007582155548103726,0.044653162360191345
z_degree_to_cn_residual,2,test-153,0.2590097008212066,0.2800624370574951
z_degree_to_cn_residual,2,test-154,0.6906723567239333,0.09733723104000092
z_degree_to_cn_residual,2,test-155,-0.0024748238360119044,0.2478361576795578
z_degree_to_cn_residual,2,test-156,1.219443201021135,0.18230055272579193
z_degree_to_cn_residual,2,test-157,-0.12202718859176774,0.1478874534368515
z_degree_to_cn_residual,2,test-158,-0.0018015872129917689,-0.0012967735528945923
z_degree_to_cn_residual,2,test-159,0.5975839598243551,0.20843003690242767
z_degree_to_cn_residual,2,test-160,0.0028715724223535776,-0.006822362542152405
z_degree_to_cn_residual,2,test-161,-0.0020240857061117087,-0.0471203476190567
z_degree_to_cn_residual,2,test-162,0.5975839598243551,0.1357123702764511
z_degree_to_cn_residual,2,test-163,-0.0022547768087889004,0.10836027562618256
z_degree_to_cn_residual,2,test-164,0.3143120792193632,0.09688542783260345
z_degree_to_cn_residual,2,test-165,-0.0018040386788887037,0.03411506116390228
z_degree_to_cn_residual,2,test-166,-0.36593201385162366,0.21403859555721283
z_degree_to_cn_residual,2,test-167,-0.5594178356868584,0.009372100234031677
z_degree_to_cn_residual,2,test-168,0.3272151667083216,0.21403859555721283
z_degree_to_cn_residual,2,test-169,-0.0022547768087889004,0.10836027562618256
z_degree_to_cn_residual,2,test-170,-0.0024748238360119044,0.09733723104000092
z_degree_to_cn_residual,2,test-171,0.5721845461797057,-0.026777997612953186
z_degree_to_cn_residual,2,test-172,-0.0020240857061117087,-0.0471203476190567
z_degree_to_cn_residual,2,test-173,-0.07427853032672008,0.20964430272579193
z_degree_to_cn_residual,2,test-174,1.192005085079322,0.32158946990966797
z_degree_to_cn_residual,2,test-175,0.8268765254330321,0.009372100234031677
z_degree_to_cn_residual,2,test-176,-0.09264389345827083,0.10933183133602142
z_degree_to_cn_residual,2,test-177,0.030648706081244377,0.1368558257818222
z_degree_to_cn_residual,2,test-178,-0.3182842168668844,0.2107226699590683
z_degree_to_cn_residual,2,test-179,-0.0020240857061117087,-0.0471203476190567
z_degree_to_cn_residual,2,test-180,-0.006690463161334578,-0.06949855387210846
z_degree_to_cn_residual,2,test-181,-0.31276047812031493,0.3625681400299072
z_degree_to_cn_residual,2,test-182,-0.3182842168668844,0.2107226699590683
z_degree_to_cn_residual,2,test-183,-0.0018015872129917689,-0.0012967735528945923
z_degree_to_cn_residual,2,test-184,0.2591570888338408,-0.17311431467533112
z_degree_to_cn_residual,2,test-185,-0.2948110893321348,-0.007375970482826233
z_degree_to_cn_residual,2,test-186,1.123242828214679,0.16043327748775482
z_degree_to_cn_residual,2,test-187,-0.2948110893321348,-0.007375970482826233
z_degree_to_cn_residual,2,test-188,-0.07427853032672008,0.20964430272579193
z_degree_to_cn_residual,2,test-189,-0.06401224965593211,0.272571325302124
z_degree_to_cn_residual,2,test-190,0.5975839598243551,0.20843003690242767
z_degree_to_cn_residual,2,test-191,-0.0024748238360119044,0.09733723104000092
z_degree_to_cn_residual,2,test-192,0.5929131687444764,0.23118744790554047
z_degree_to_cn_residual,2,test-193,-0.18635403734841144,0.3116753101348877
z_degree_to_cn_residual,2,test-194,-0.006690463161334578,-0.06949855387210846
z_degree_to_cn_residual,2,test-195,0.1650166480620453,0.23330281674861908
z_degree_to_cn_residual,2,test-196,-0.3558306615151853,0.4615817070007324
z_degree_to_cn_residual,2,test-197,-0.07427853032672008,0.20964430272579193
z_degree_to_cn_residual,2,test-198,-0.14545922246111387,0.10892032086849213
z_degree_to_cn_residual,2,test-199,-0.0018040386788887037,0.03411506116390228
z_degree_to_cn_residual,2,test-200,-0.0018040386788887037,0.03411506116390228
z_degree_to_cn_residual,2,test-201,-0.0018040386788887037,0.03411506116390228
z_degree_to_cn_residual,2,test-202,-0.10023401181546886,0.23118744790554047
z_degree_to_cn_residual,2,test-203,-0.07427853032672008,0.20964430272579193
z_degree_to_cn_residual,2,test-204,0.6858697818922825,0.11690054833889008
z_degree_to_cn_residual,2,test-205,-0.06401224965593211,0.272571325302124
z_degree_to_cn_residual,2,test-206,-0.31276047812031493,0.3625681400299072
z_degree_to_cn_residual,2,test-207,0.252220462640869,0.04058597981929779
z_degree_to_cn_residual,2,test-208,-0.3469803221068322,0.0887143462896347
z_degree_to_cn_residual,2,test-209,0.4614097222901157,0.004277095198631287
z_degree_to_cn_residual,2,test-210,0.2528816619975243,0.3159446716308594
z_degree_to_cn_residual,2,test-211,0.9983782768526407,0.23118744790554047
z_degree_to_cn_residual,2,test-212,-0.017144623807369665,0.17529724538326263
z_degree_to_cn_residual,2,test-213,-0.0018015872129917689,0.3375427722930908
z_degree_to_cn_residual,2,test-214,0.7197771873275275,0.09688542783260345
z_degree_to_cn_residual,2,test-215,-0.0024748238360119044,0.09733723104000092
z_degree_to_cn_residual,2,test-216,-0.0022547768087889004,0.045561060309410095
z_degree_to_cn_residual,2,test-217,0.6908924037511563,0.10836027562618256
z_degree_to_cn_residual,2,test-218,-0.10023401181546886,0.23118744790554047
z_degree_to_cn_residual,2,test-219,-0.3683678903821438,-0.016850963234901428
z_degree_to_cn_residual,2,test-220,-0.0006184180575551858,-0.031906858086586
z_degree_to_cn_residual,2,test-221,-0.18635403734841144,0.3116753101348877
z_degree_to_cn_residual,2,test-222,-0.0024748238360119044,0.09733723104000092
z_degree_to_cn_residual,2,test-223,-0.19225343103972337,0.21704386174678802
z_degree_to_cn_residual,2,test-224,-0.0018015872129917689,-0.0012967735528945923
z_degree_to_cn_residual,2,test-225,0.8038011993359748,-0.007375970482826233
z_degree_to_cn_residual,2,test-226,-0.0024748238360119044,0.09733723104000092
z_degree_to_cn_residual,2,test-227,0.9397441581767094,0.36052775382995605
z_degree_to_cn_residual,2,test-228,-0.0022547768087889004,0.10836027562618256
z_degree_to_cn_residual,2,test-229,-0.06401224965593211,0.272571325302124
z_degree_to_cn_residual,2,test-230,0.5620068735609041,0.13478772342205048
z_degree_to_cn_residual,2,test-231,-0.35440529161499984,0.48844051361083984
z_degree_to_cn_residual,2,test-232,0.5770717695959459,0.36783337593078613
z_degree_to_cn_residual,2,test-233,-0.0015424143024689073,0.09892009198665619
z_degree_to_cn_residual,2,test-234,-0.3683678903821438,-0.016850963234901428
z_degree_to_cn_residual,2,test-235,0.5958700816787429,0.0719287246465683
z_degree_to_cn_residual,2,test-236,-0.09556322073559016,0.1357123702764511
z_degree_to_cn_residual,2,test-237,-0.10023401181546886,0.23118744790554047
z_degree_to_cn_residual,2,test-238,1.0695654446363474,-0.6955273151397705
z_degree_to_cn_residual,2,test-239,0.09843629919298769,0.13396094739437103
z_degree_to_cn_residual,2,test-240,-0.0022547768087889004,0.045561060309410095
z_degree_to_cn_residual,2,test-241,-0.0040603077699362606,0.016433700919151306
z_degree_to_cn_residual,2,test-242,1.0030490679325195,0.1357123702764511
z_degree_to_cn_residual,2,test-243,0.6291349309040132,0.272571325302124
z_degree_to_cn_residual,2,test-244,-0.10023401181546886,0.23118744790554047
z_degree_to_cn_residual,2,test-245,0.5975839598243551,0.20843003690242767
z_degree_to_cn_residual,2,test-246,-0.6104629684544925,0.13881419599056244
z_degree_to_cn_residual,2,test-247,-0.0022547768087889004,0.10836027562618256
z_degree_to_cn_residual,2,test-248,-0.4047253779878611,0.13380549848079681
z_degree_to_cn_residual,2,test-249,-0.3225624563234914,0.08498464524745941
z_degree_to_cn_residual,2,test-250,-0.0020240857061117087,-0.0471203476190567
z_degree_to_cn_residual,2,test-251,0.030648706081244377,0.1368558257818222
z_degree_to_cn_residual,2,test-252,-0.3182842168668844,0.2107226699590683
z_degree_to_cn_residual,2,test-253,-0.09556322073559016,0.20843003690242767
z_degree_to_cn_residual,2,test-254,-0.007277398667662731,0.11689947545528412
z_degree_to_cn_residual,2,test-255,-0.2731760138842796,0.24191544950008392
z_degree_to_cn_residual,2,test-256,-0.0018015872129917689,-0.0012967735528945923
z_degree_to_cn_residual,2,test-257,0.16176521739140348,0.16553948819637299
z_degree_to_cn_residual,2,test-258,0.8541545387589237,0.2513768672943115
z_degree_to_cn_residual,2,test-259,-0.002670989411858091,0.0758884996175766
z_degree_to_cn_residual,2,test-260,-0.0018040386788887037,0.03411506116390228
z_degree_to_cn_residual,2,test-261,0.4300956476547337,0.16043327748775482
z_degree_to_cn_residual,2,test-262,0.9122582513196982,0.3116753101348877
z_degree_to_cn_residual,2,test-263,-0.18635403734841144,0.3116753101348877
z_degree_to_cn_residual,2,test-264,-0.3320721512816548,0.09903262555599213
z_degree_to_cn_residual,2,test-265,-0.4547401543466098,0.06479333341121674
z_degree_to_cn_residual,2,test-266,0.6908924037511563,0.10836027562618256
z_degree_to_cn_residual,2,test-267,0.6906723567239333,0.09733723104000092
z_degree_to_cn_residual,2,test-268,-0.09556322073559016,0.20843003690242767
z_degree_to_cn_residual,2,test-269,0.5689702541034036,-0.4513099193572998
z_degree_to_cn_residual,2,test-270,-0.0022547768087889004,0.10836027562618256
z_degree_to_cn_residual,2,test-271,0.9983782768526407,0.23118744790554047
z_degree_to_cn_residual,2,test-272,0.2613485229610166,0.21969102323055267
z_degree_to_cn_residual,2,test-273,0.4673681426513657,0.22397778928279877
z_degree_to_cn_residual,2,test-274,0.5342790500685451,0.36052775382995605
z_degree_to_cn_residual,2,test-275,-0.09556322073559016,0.20843003690242767
z_degree_to_cn_residual,2,test-276,-0.00020231820106400537,0.007868513464927673
z_degree_to_cn_residual,2,test-277,-0.2948110893321348,-0.007375970482826233
z_degree_to_cn_residual,2,test-278,0.4199711666756657,0.22547219693660736
z_degree_to_cn_residual,2,test-279,0.508886128448866,0.17878566682338715
z_degree_to_cn_residual,2,test-280,-0.007277398667662731,0.11690054833889008
z_degree_to_cn_residual,2,test-281,1.0243337583413894,0.20964430272579193
z_degree_to_cn_residual,2,test-282,-0.03149563168791701,-0.008506789803504944
z_degree_to_cn_residual,2,test-283,-0.18635403734841144,0.3116753101348877
z_degree_to_cn_residual,2,test-284,-0.0015424143024689073,0.0203239768743515
z_degree_to_cn_residual,2,test-285,-0.09556322073559016,0.20843003690242767
z_degree_to_cn_residual,2,test-286,1.2992843180736968,-0.33127355575561523
z_degree_to_cn_residual,2,test-287,-0.10023401181546886,0.23118744790554047
z_degree_to_cn_residual,2,test-288,0.5538976368173106,0.06496880948543549
z_degree_to_cn_residual,2,test-289,0.22592574994459075,0.12035320699214935
z_degree_to_cn_residual,2,test-290,0.5975839598243551,0.1357123702764511
z_degree_to_cn_residual,2,test-291,0.5684379178128287,-0.18577171862125397
z_degree_to_cn_residual,2,test-292,-0.8251345712510022,-0.27417075634002686
z_degree_to_cn_residual,2,test-293,0.33648582322374365,0.1355867236852646
z_degree_to_cn_residual,2,test-294,0.6291349309040132,0.272571325302124
z_degree_to_cn_residual,2,test-295,0.6906723567239333,0.2478361576795578
z_degree_to_cn_residual,2,test-296,-0.003006727339478526,-0.0365605503320694
z_degree_to_cn_residual,2,test-297,-0.00020231820106400537,0.007868513464927673
z_degree_to_cn_residual,2,test-298,0.6913455933469536,0.3375427722930908
z_degree_to_cn_residual,2,test-299,-0.22577903790857956,0.22397778928279877
z_degree_to_cn_residual,2,test-300,0.5067931432115338,0.3116753101348877
z_degree_to_cn_residual,2,test-301,-0.0015424143024689073,0.0203239768743515
z_degree_to_cn_residual,2,test-302,0.6188686502332252,0.20964430272579193
z_degree_to_cn_residual,2,test-303,-0.0024748238360119044,0.09733723104000092
z_degree_to_cn_residual,2,test-304,-0.33397562185019486,0.44625067710876465
z_degree_to_cn_residual,2,test-305,0.3983360912278105,-0.007375970482826233
z_degree_to_cn_residual,2,test-306,0.5928120623831642,-0.20692719519138336
z_degree_to_cn_residual,2,test-307,-0.0024748238360119044,0.09733723104000092
z_degree_to_cn_residual,2,test-308,0.6906723567239333,0.09733723104000092
z_degree_to_cn_residual,2,test-309,0.5096500404149069,0.13641832768917084
z_degree_to_cn_residual,2,test-310,-0.06401224965593211,0.272571325302124
z_degree_to_cn_residual,2,test-311,0.8882030670104488,0.16657517850399017
z_degree_to_cn_residual,2,test-312,0.0007524589277726183,-0.060471311211586
z_degree_to_cn_residual,2,test-313,0.42321402141666187,0.013172373175621033
z_degree_to_cn_residual,2,test-314,0.1405242991682083,0.27576184272766113
z_degree_to_cn_residual,2,test-315,-0.00020231820106400537,0.04358266294002533
z_degree_to_cn_residual,2,test-316,0.5975839598243551,0.1357123702764511
z_degree_to_cn_residual,2,test-317,0.6316565361190157,0.18230055272579193
z_degree_to_cn_residual,2,test-318,-0.2948110893321348,-0.007375970482826233
z_degree_to_cn_residual,2,test-319,0.42321402141666187,0.013172373175621033
z_degree_to_cn_residual,2,test-320,-0.15886813049140017,0.36052775382995605
z_degree_to_cn_residual,2,test-321,-0.10023401181546886,0.23118744790554047
z_degree_to_cn_residual,2,test-322,0.5067931432115338,0.3116753101348877
z_degree_to_cn_residual,2,test-323,-0.0022547768087889004,0.045561060309410095
z_degree_to_cn_residual,2,test-324,-0.07427853032672008,0.20964430272579193
z_degree_to_cn_residual,2,test-325,0.5342790500685451,0.36052775382995605
z_degree_to_cn_residual,2,test-326,-0.002670989411858091,0.10197959840297699
z_degree_to_cn_residual,2,test-327,-0.13114030699904125,0.13478772342205048
z_degree_to_cn_residual,2,test-328,-0.4110045184115584,0.20172904431819916
z_degree_to_cn_residual,2,test-329,-0.0015424143024689073,0.0203239768743515
z_degree_to_cn_residual,2,test-330,1.020362347268267,0.21403859555721283
z_degree_to_cn_residual,2,test-331,-0.2812409609123343,0.07913695275783539
z_degree_to_cn_residual,2,test-332,-0.0006184180575551858,-0.031906858086586
z_degree_to_cn_residual,2,test-333,0.0028715724223535776,-0.012155309319496155
z_degree_to_cn_residual,2,test-334,-0.0040603077699362606,0.016433700919151306
z_degree_to_cn_residual,2,test-335,1.105601283204832,0.2599058151245117
z_degree_to_cn_residual,2,test-336,-0.09556322073559016,0.20843003690242767
z_degree_to_cn_residual,2,test-337,0.5929131687444764,0.23118744790554047
z_degree_to_cn_residual,2,test-338,0.6188686502332252,0.20964430272579193
z_degree_to_cn_residual,2,test-339,0.5342790500685451,0.36052775382995605
z_degree_to_cn_residual,2,test-340,0.934733314125266,0.21823500096797943
z_degree_to_cn_residual,2,test-341,0.4909381146800522,0.1702258437871933
z_degree_to_cn_residual,2,test-342,-0.07427853032672008,0.20964430272579193
z_degree_to_cn_residual,2,test-343,-0.42488024750326947,0.25042057037353516
z_degree_to_cn_residual,2,test-344,-0.0018015872129917689,0.3375427722930908
z_degree_to_cn_residual,2,test-345,0.5958700816787429,0.0719287246465683
z_degree_to_cn_residual,2,test-346,0.6188686502332252,0.20964430272579193
z_degree_to_cn_residual,2,test-347,0.6188686502332252,0.20964430272579193
z_degree_to_cn_residual,2,test-348,0.6188686502332252,0.20964430272579193
z_degree_to_cn_residual,2,test-349,-0.2630515329052116,0.16043327748775482
z_degree_to_cn_residual,2,test-350,0.0028715724223535776,-0.012155309319496155
z_degree_to_cn_residual,2,test-351,-0.22577903790857956,0.22397778928279877
z_degree_to_cn_residual,2,test-352,-0.0018015872129917689,0.3375427722930908
z_degree_to_cn_residual,2,test-353,0.6739266191922899,0.10659955441951752
z_degree_to_cn_residual,2,test-354,-0.16827858824673567,0.19105671346187592
z_degree_to_cn_residual,2,test-355,-0.5873090742255913,-0.6834757328033447
z_degree_to_cn_residual,2,test-356,-0.0022547768087889004,0.045561060309410095
z_degree_to_cn_residual,2,test-357,-0.0022547768087889004,0.10836027562618256
z_degree_to_cn_residual,2,test-358,-0.0022547768087889004,0.10836027562618256
z_degree_to_cn_residual,2,test-359,-0.03309047037242718,0.15491221845149994
z_degree_to_cn_residual,2,test-360,-0.13924954374263468,0.06496880948543549
z_degree_to_cn_residual,2,test-361,0.42321402141666187,0.013172373175621033
z_degree_to_cn_residual,2,test-362,-0.3240937138453681,0.172577366232872
z_degree_to_cn_residual,2,test-363,0.2613485229610166,0.21969102323055267
z_degree_to_cn_residual,2,test-364,-0.06401224965593211,0.272571325302124
z_degree_to_cn_residual,2,test-365,-0.18635403734841144,0.3116753101348877
z_degree_to_cn_residual,2,test-366,-0.0020240857061117087,-0.0471203476190567
z_degree_to_cn_residual,2,test-367,-0.5947108813669576,0.13396094739437103
z_degree_to_cn_residual,2,test-368,1.0318890695048908,0.48844051361083984
z_degree_to_cn_residual,2,test-369,-0.0018015872129917689,-0.0012967735528945923
z_degree_to_cn_residual,2,test-370,0.6858697818922825,0.11690054833889008
z_degree_to_cn_residual,2,test-371,-0.0015424143024689073,0.0203239768743515
z_degree_to_cn_residual,2,test-372,0.6188686502332252,0.20964430272579193
z_degree_to_cn_residual,2,test-373,-0.3182842168668844,0.2107226699590683
z_degree_to_cn_residual,2,test-374,0.5342790500685451,0.36052775382995605
z_degree_to_cn_residual,2,test-375,0.5975839598243551,0.20843003690242767
z_degree_to_cn_residual,2,test-376,0.08268421210545274,0.13881419599056244
z_degree_to_cn_residual,2,test-377,-0.0040603077699362606,0.016433700919151306
z_degree_to_cn_residual,2,test-378,-0.2948110893321348,-0.007375970482826233
z_degree_to_cn_residual,2,test-379,-0.0040603077699362606,0.016433700919151306
z_degree_to_cn_residual,2,test-380,0.5975839598243551,0.1357123702764511
z_degree_to_cn_residual,2,test-381,0.6906723567239333,0.2478361576795578
z_degree_to_cn_residual,2,test-382,-0.0022547768087889004,0.10836504399776459
z_degree_to_cn_residual,2,test-383,-0.0022547768087889004,0.04556058347225189
z_degree_to_cn_residual,2,test-384,-0.02354671894819338,0.06305049359798431
z_degree_to_cn_residual,2,test-385,-0.0022547768087889004,0.10836027562618256
z_degree_to_cn_residual,2,test-386,-0.0022547768087889004,0.10836027562618256
z_degree_to_cn_residual,2,test-387,0.6906723567239333,0.09733723104000092
z_degree_to_cn_residual,2,test-388,0.5067931432115338,0.3116753101348877
z_degree_to_cn_residual,2,test-389,-0.0024748238360119044,0.09733723104000092
z_degree_to_cn_residual,2,test-390,0.5929131687444764,0.23118744790554047
z_degree_to_cn_residual,2,test-391,0.5067931432115338,0.3116753101348877
z_degree_to_cn_residual,2,test-392,-0.0018015872129917689,-0.0012967735528945923
z_degree_to_cn_residual,2,test-393,-0.0020240857061117087,-0.0471203476190567
z_degree_to_cn_residual,2,test-394,-0.0024748238360119044,0.2478361576795578
z_degree_to_cn_residual,2,test-395,0.5620068735609041,0.12013553082942963
z_degree_to_cn_residual,2,test-396,-0.0022547768087889004,0.10836027562618256
z_degree_to_cn_residual,2,test-397,-0.007582155548103726,0.044653162360191345
z_degree_to_cn_residual,2,test-398,-0.0040603077699362606,0.016433700919151306
z_degree_to_cn_residual,2,test-399,-0.18635403734841144,0.3116753101348877
z_degree_to_cn_residual,2,test-400,0.6906723567239333,0.09733723104000092
z_degree_to_cn_residual,2,test-401,0.6906723567239333,0.09733723104000092
z_degree_to_cn_residual,2,test-402,0.5958700816787429,0.0719287246465683
z_degree_to_cn_residual,2,test-403,-0.019646567613829567,-0.024126306176185608
z_degree_to_cn_residual,2,test-404,0.1650166480620453,0.23330281674861908
z_degree_to_cn_residual,2,test-405,-0.0015424143024689073,0.09892009198665619
z_degree_to_cn_residual,2,test-406,-0.2630515329052116,0.16043327748775482
z_degree_to_cn_residual,2,test-407,0.6913455933469536,0.3375427722930908
z_degree_to_cn_residual,2,test-408,0.0028715724223535776,-0.012155309319496155
z_degree_to_cn_residual,2,test-409,0.6696004616117519,0.06305049359798431
z_degree_to_cn_residual,2,test-410,-0.0022547768087889004,0.045561060309410095
z_degree_to_cn_residual,2,test-411,-0.36593201385162366,0.21403859555721283
z_degree_to_cn_residual,2,test-412,1.0030490679325195,0.1357123702764511
z_degree_to_cn_residual,2,test-413,0.3983360912278105,-0.007375970482826233
z_degree_to_cn_residual,2,test-414,0.17526134949601502,0.08727405965328217
z_degree_to_cn_residual,2,test-415,0.6936189549882101,-0.019954100251197815
z_degree_to_cn_residual,2,test-416,0.4300956476547337,0.16043327748775482
z_degree_to_cn_residual,2,test-417,-0.002670989411858091,0.10197959840297699
z_degree_to_cn_residual,2,test-418,-0.18635403734841144,0.3116753101348877
z_degree_to_cn_residual,2,test-419,0.4300956476547337,0.16043327748775482
z_degree_to_cn_residual,2,test-420,-0.10188873275634702,0.211043581366539
z_degree_to_cn_residual,2,test-421,-0.35440529161499984,0.48844051361083984
z_degree_to_cn_residual,2,test-422,0.5975839598243551,0.1357123702764511
z_degree_to_cn_residual,2,test-423,-0.0024748238360119044,0.09733723104000092
z_degree_to_cn_residual,2,test-424,0.6914309682769239,0.12121342122554779
z_degree_to_cn_residual,2,test-425,-0.00020231820106400537,0.04358266294002533
z_degree_to_cn_residual,2,test-426,1.1999403237714792,0.3116753101348877
z_degree_to_cn_residual,2,test-427,-0.06401224965593211,0.272571325302124
z_degree_to_cn_residual,2,test-428,0.6913455933469536,0.3375427722930908
z_degree_to_cn_residual,2,test-429,-0.13114030699904125,0.13478772342205048
z_degree_to_cn_residual,2,test-430,0.001075849647576595,0.12159012258052826
z_degree_to_cn_residual,2,test-431,-0.0024748238360119044,0.09733723104000092
z_degree_to_cn_residual,2,test-432,-0.07427853032672008,0.20964430272579193
z_degree_to_cn_residual,2,test-433,0.33648582322374365,0.1355867236852646
z_degree_to_cn_residual,2,test-434,0.5975839598243551,0.20843003690242767
z_degree_to_cn_residual,2,test-435,0.689086872790009,0.016433700919151306
z_degree_to_cn_residual,2,test-436,0.030648706081244377,0.1368558257818222
z_degree_to_cn_residual,2,test-437,0.6268363939653109,-0.05779100954532623
z_degree_to_cn_residual,2,test-438,-0.12797890134930998,0.10870574414730072
z_degree_to_cn_residual,2,test-439,-0.0022547768087889004,0.10836027562618256
z_degree_to_cn_residual,2,test-440,0.8989657935458869,0.300494909286499
z_degree_to_cn_residual,2,test-441,0.09843629919298769,0.13396094739437103
z_degree_to_cn_residual,2,test-442,0.9983782768526407,0.23118744790554047
z_degree_to_cn_residual,2,test-443,1.0030490679325195,0.20843003690242767
z_degree_to_cn_residual,2,test-444,-0.0018040386788887037,0.03411506116390228
z_degree_to_cn_residual,2,test-445,1.1999403237714792,0.3116753101348877
z_degree_to_cn_residual,2,test-446,0.9397441581767094,0.36052775382995605
z_degree_to_cn_residual,2,test-447,0.9122582513196982,0.3116753101348877
z_degree_to_cn_residual,2,test-448,-0.0015424143024689073,0.09892009198665619
z_degree_to_cn_residual,2,test-449,0.6913455933469536,0.3375427722930908
z_degree_to_cn_residual,2,test-450,0.6188686502332252,0.20964430272579193
z_degree_to_cn_residual,2,test-451,-0.6164097484976776,-0.3413207530975342
z_degree_to_cn_residual,2,test-452,-0.3225624563234914,0.08498464524745941
z_degree_to_cn_residual,2,test-453,0.7326802748164859,0.21403859555721283
z_degree_to_cn_residual,2,test-454,-0.09556322073559016,0.20843003690242767
z_degree_to_cn_residual,2,test-455,0.6898989853876496,0.13560007512569427
z_degree_to_cn_residual,2,test-456,-0.06631078659463438,-0.05779100954532623
z_degree_to_cn_residual,2,test-457,-0.0022547768087889004,0.045561060309410095
z_degree_to_cn_residual,2,test-458,-0.15886813049140017,0.36052775382995605
z_degree_to_cn_residual,2,test-459,0.5620068735609041,0.13478772342205048
z_degree_to_cn_residual,2,test-460,0.9122582513196982,0.3116753101348877
z_degree_to_cn_residual,2,test-461,0.5929131687444764,0.23118744790554047
z_degree_to_cn_residual,2,test-462,-0.00020231820106400537,-0.016586557030677795
z_degree_to_cn_residual,2,test-463,0.6908924037511563,0.10836027562618256
z_degree_to_cn_residual,2,test-464,0.6914309682769239,0.12121342122554779
z_degree_to_cn_residual,2,test-465,-0.00020231820106400537,-0.016586557030677795
z_degree_to_cn_residual,2,test-466,0.4300956476547337,0.16043327748775482
z_degree_to_cn_residual,2,test-467,0.503901407301152,0.13396094739437103
z_degree_to_cn_residual,2,test-468,-0.18635403734841144,0.3116753101348877
z_degree_to_cn_residual,2,test-469,-0.10023401181546886,0.23118744790554047
z_degree_to_cn_residual,2,test-470,-0.0018040386788887037,0.03411506116390228
z_degree_to_cn_residual,2,test-471,0.4300956476547337,0.16043327748775482
z_degree_to_cn_residual,2,test-472,-0.0024748238360119044,0.2478361576795578
z_degree_to_cn_residual,2,test-473,0.3950893555112512,0.39249300956726074
z_degree_to_cn_residual,2,test-474,0.1650166480620453,0.23330281674861908
z_degree_to_cn_residual,2,test-475,0.6291349309040132,0.272571325302124
z_degree_to_cn_residual,2,test-476,-0.0024748238360119044,0.09733723104000092
z_degree_to_cn_residual,2,test-477,-0.09556322073559016,0.1357123702764511
z_degree_to_cn_residual,2,test-478,0.5958700816787429,0.0719287246465683
z_degree_to_cn_residual,2,test-479,0.5067931432115338,0.3116753101348877
z_degree_to_cn_residual,2,test-480,0.7255381829334756,0.2416531890630722
z_degree_to_cn_residual,2,test-481,-0.0040603077699362606,0.016433700919151306
z_degree_to_cn_residual,2,test-482,0.5620068735609041,0.12013553082942963
z_degree_to_cn_residual,2,test-483,0.4673681426513657,0.22397778928279877
z_degree_to_cn_residual,2,test-484,-0.0024748238360119044,0.09733723104000092
z_degree_to_cn_residual,2,test-485,-0.2948110893321348,-0.007375970482826233
z_degree_to_cn_residual,2,test-486,-0.0020240857061117087,-0.0471203476190567
z_degree_to_cn_residual,2,test-487,-0.19964350558256308,0.18515609204769135
z_degree_to_cn_residual,2,test-488,-0.0024748238360119044,0.09733723104000092
z_degree_to_cn_residual,2,test-489,-0.002670989411858091,0.0758884996175766
z_degree_to_cn_residual,2,test-490,-0.0022547768087889004,0.045561060309410095
z_degree_to_cn_residual,2,test-491,-0.0024748238360119044,0.09733723104000092
z_degree_to_cn_residual,2,test-492,0.6438721343214997,0.06479333341121674
z_degree_to_cn_residual,2,test-493,0.7302443982859658,-0.016850963234901428
z_degree_to_cn_residual,2,test-494,-0.0018015872129917689,-0.0012967735528945923
z_degree_to_cn_residual,2,test-495,-0.3240937138453681,0.172577366232872
z_degree_to_cn_residual,2,test-496,-0.0022547768087889004,0.10836027562618256
z_degree_to_cn_residual,2,test-497,0.6901404532204668,-0.0365605503320694
z_degree_to_cn_residual,2,test-498,-0.0040603077699362606,0.016433700919151306
z_degree_to_cn_residual,2,test-499,-0.5321398223609669,0.2513768672943115
z_degree_to_cn_residual,2,test-500,-0.2980578250486941,0.39249300956726074
z_degree_to_cn_residual,2,test-501,0.6942230302075219,0.12159012258052826
z_degree_to_cn_residual,2,test-502,0.3983360912278105,-0.007375970482826233
z_degree_to_cn_residual,2,test-503,-0.4589079606438703,0.2088923305273056
z_degree_to_cn_residual,2,test-504,-0.46722143061535454,0.12035320699214935
z_degree_to_cn_residual,2,test-505,0.6291349309040132,0.272571325302124
z_degree_to_cn_residual,2,test-506,-0.4110045184115584,0.20172904431819916
z_degree_to_cn_residual,2,test-507,-0.007277398667662731,0.11690054833889008
z_degree_to_cn_residual,2,test-508,-0.7430745731595764,0.24756525456905365
z_degree_to_cn_residual,2,test-509,0.411906219647611,0.07913695275783539
z_degree_to_cn_residual,2,test-510,0.9288112708702547,0.1041942685842514
z_degree_to_cn_residual,2,test-511,-0.06631078659463438,-0.05779673159122467
z_degree_to_degree,2,test-0,4.6443908991413725,4.820280075073242
z_degree_to_degree,2,test-1,3.988984046564274,4.246638298034668
z_degree_to_degree,2,test-2,4.584967478670572,4.715388298034668
z_degree_to_degree,2,test-3,3.1780538303479453,3.5154829025268555
z_degree_to_degree,2,test-4,4.77912349311153,4.940849304199219
z_degree_to_degree,2,test-5,3.8066624897703196,4.052182197570801
z_degree_to_degree,2,test-6,5.966146739123692,6.149786949157715
z_degree_to_degree,2,test-7,3.6635616461296463,4.124005317687988
z_degree_to_degree,2,test-8,3.0445224377234226,3.3698172569274902
z_degree_to_degree,2,test-9,3.6888794541139367,3.8644163608551025
z_degree_to_degree,2,test-10,3.401197381662155,3.5811879634857178
z_degree_to_degree,2,test-11,3.9120230054281464,4.120481014251709
z_degree_to_degree,2,test-12,0.6931471805599453,1.579253911972046
z_degree_to_degree,2,test-13,4.74493212836325,4.952027320861816
z_degree_to_degree,2,test-14,4.0943445622221,4.666818618774414
z_degree_to_degree,2,test-15,1.791759469228055,2.315488338470459
z_degree_to_degree,2,test-16,4.394449154672438,4.642319679260254
z_degree_to_degree,2,test-17,4.718498871295095,5.243917942047119
z_degree_to_degree,2,test-18,0.6931471805599453,1.579253911972046
z_degree_to_degree,2,test-19,3.0445224377234226,3.3698172569274902
z_degree_to_degree,2,test-20,3.1780538303479458,3.696841239929199
z_degree_to_degree,2,test-21,3.465735902799726,3.690582275390625
z_degree_to_degree,2,test-22,3.401197381662155,3.5811879634857178
z_degree_to_degree,2,test-23,1.0986122886681096,1.7797317504882812
z_degree_to_degree,2,test-24,3.5553480614894135,3.6922967433929443
z_degree_to_degree,2,test-25,4.189654742026425,4.32710599899292
z_degree_to_degree,2,test-26,2.3025850929940455,2.790386199951172
z_degree_to_degree,2,test-27,3.465735902799726,3.690582275390625
z_degree_to_degree,2,test-28,2.8903717578961645,3.201129913330078
z_degree_to_degree,2,test-29,3.688879454113936,3.8985586166381836
z_degree_to_degree,2,test-30,4.882801922586371,5.367513656616211
z_degree_to_degree,2,test-31,4.553876891600541,4.811691761016846
z_degree_to_degree,2,test-32,3.58351893845611,3.795156478881836
z_degree_to_degree,2,test-33,3.58351893845611,4.243411540985107
z_degree_to_degree,2,test-34,3.1780538303479453,3.43341326713562
z_degree_to_degree,2,test-35,2.772588722239781,3.2470529079437256
z_degree_to_degree,2,test-36,1.3862943611198906,2.022066354751587
z_degree_to_degree,2,test-37,2.3025850929940455,2.790386199951172
z_degree_to_degree,2,test-38,3.9889840465642745,4.5997772216796875
z_degree_to_degree,2,test-39,1.791759469228055,2.315488338470459
z_degree_to_degree,2,test-40,3.951243718581427,4.2241621017456055
z_degree_to_degree,2,test-41,3.6888794541139367,3.8644163608551025
z_degree_to_degree,2,test-42,6.040254711277413,6.400784492492676
z_degree_to_degree,2,test-43,2.484906649788,2.917834758758545
z_degree_to_degree,2,test-44,3.1780538303479453,3.43341326713562
z_degree_to_degree,2,test-45,0.6931471805599453,1.579253911972046
z_degree_to_degree,2,test-46,4.941642422609304,5.239093780517578
z_degree_to_degree,2,test-47,0.0,1.2322700023651123
z_degree_to_degree,2,test-48,2.8903717578961645,3.201129913330078
z_degree_to_degree,2,test-49,6.040254711277413,6.400784492492676
z_degree_to_degree,2,test-50,3.332204510175204,3.6100730895996094
z_degree_to_degree,2,test-51,2.995732273553991,3.349681854248047
z_degree_to_degree,2,test-52,6.327936783729195,6.524633407592773
z_degree_to_degree,2,test-53,2.8903717578961645,3.201129913330078
z_degree_to_degree,2,test-54,2.6390573296152584,3.087371349334717
z_degree_to_degree,2,test-55,4.927253685157204,5.199724197387695
z_degree_to_degree,2,test-56,2.7080502011022096,3.122437000274658
z_degree_to_degree,2,test-57,5.272999558563747,5.687772750854492
z_degree_to_degree,2,test-58,3.9889840465642745,4.185458660125732
z_degree_to_degree,2,test-59,2.0794415416798357,2.7734909057617188
z_degree_to_degree,2,test-60,4.7535901911063645,4.958336353302002
z_degree_to_degree,2,test-61,2.1972245773362196,2.9386751651763916
z_degree_to_degree,2,test-62,2.3978952727983707,3.20139479637146
z_degree_to_degree,2,test-63,1.3862943611198906,2.022066354751587
z_degree_to_degree,2,test-64,3.58351893845611,3.9558284282684326
z_degree_to_degree,2,test-65,2.8903717578961645,3.201129913330078
z_degree_to_degree,2,test-66,2.4849066497880004,2.9669506549835205
z_degree_to_degree,2,test-67,2.4849066497880004,2.9669506549835205
z_degree_to_degree,2,test-68,4.90527477843843,5.1843791007995605
z_degree_to_degree,2,test-69,3.2188758248682006,3.6818854808807373
z_degree_to_degree,2,test-70,2.995732273553991,3.349681854248047
z_degree_to_degree,2,test-71,4.0943445622221,4.361783504486084
z_degree_to_degree,2,test-72,1.791759469228055,2.315488338470459
z_degree_to_degree,2,test-73,3.951243718581427,4.2241621017456055
z_degree_to_degree,2,test-74,2.7080502011022096,3.122437000274658
z_degree_to_degree,2,test-75,3.0445224377234226,3.3698172569274902
z_degree_to_degree,2,test-76,1.0986122886681096,1.7797317504882812
z_degree_to_degree,2,test-77,3.0445224377234226,3.3698172569274902
z_degree_to_degree,2,test-78,1.3862943611198906,2.0279757976531982
z_degree_to_degree,2,test-79,1.791759469228055,2.315488338470459
z_degree_to_degree,2,test-80,3.688879454113936,3.8985586166381836
z_degree_to_degree,2,test-81,3.58351893845611,3.9729928970336914
z_degree_to_degree,2,test-82,3.465735902799726,3.690582275390625
z_degree_to_degree,2,test-83,4.025351690735149,4.623408317565918
z_degree_to_degree,2,test-84,4.718498871295094,4.903311252593994
z_degree_to_degree,2,test-85,3.988984046564274,4.246638298034668
z_degree_to_degree,2,test-86,3.332204510175204,3.6100730895996094
z_degree_to_degree,2,test-87,2.7080502011022096,3.122437000274658
z_degree_to_degree,2,test-88,2.6390573296152584,3.087371349334717
z_degree_to_degree,2,test-89,3.332204510175204,3.6100730895996094
z_degree_to_degree,2,test-90,2.484906649788,2.917834758758545
z_degree_to_degree,2,test-91,2.0794415416798357,2.7734909057617188
z_degree_to_degree,2,test-92,3.1780538303479453,3.5154829025268555
z_degree_to_degree,2,test-93,5.272999558563747,5.687772750854492
z_degree_to_degree,2,test-94,2.484906649788,2.917834758758545
z_degree_to_degree,2,test-95,3.4011973816621555,3.694395065307617
z_degree_to_degree,2,test-96,7.50659178007084,7.500049591064453
z_degree_to_degree,2,test-97,4.465908118654584,4.71238899230957
z_degree_to_degree,2,test-98,2.3025850929940455,2.790386199951172
z_degree_to_degree,2,test-99,2.7080502011022096,3.122437000274658
z_degree_to_degree,2,test-100,3.58351893845611,3.9729928970336914
z_degree_to_degree,2,test-101,2.7080502011022096,3.122437000274658
z_degree_to_degree,2,test-102,4.02535169073515,4.651719093322754
z_degree_to_degree,2,test-103,2.772588722239781,3.2470529079437256
z_degree_to_degree,2,test-104,2.197224577336219,2.5907325744628906
z_degree_to_degree,2,test-105,1.0986122886681096,1.7797317504882812
z_degree_to_degree,2,test-106,3.5263605246161616,4.170266151428223
z_degree_to_degree,2,test-107,0.6931471805599453,1.579253911972046
z_degree_to_degree,2,test-108,6.327936783729195,6.524633407592773
z_degree_to_degree,2,test-109,3.58351893845611,3.795156478881836
z_degree_to_degree,2,test-110,2.0794415416798357,2.7734909057617188
z_degree_to_degree,2,test-111,2.8903717578961645,3.807342529296875
z_degree_to_degree,2,test-112,5.0106352940962555,5.31080961227417
z_degree_to_degree,2,test-113,3.688879454113936,3.8985586166381836
z_degree_to_degree,2,test-114,1.3862943611198906,2.0279757976531982
z_degree_to_degree,2,test-115,1.3862943611198906,2.022066354751587
z_degree_to_degree,2,test-116,7.3395376954076745,7.337008476257324
z_degree_to_degree,2,test-117,4.304065093204169,4.833906173706055
z_degree_to_degree,2,test-118,3.2188758248682006,3.6818854808807373
z_degree_to_degree,2,test-119,6.733401891837358,6.862098693847656
z_degree_to_degree,2,test-120,2.484906649788,2.917834758758545
z_degree_to_degree,2,test-121,2.995732273553991,3.349681854248047
z_degree_to_degree,2,test-122,3.58351893845611,3.9729928970336914
z_degree_to_degree,2,test-123,1.791759469228055,2.315488338470459
z_degree_to_degree,2,test-124,2.6390573296152584,3.087371349334717
z_degree_to_degree,2,test-125,2.197224577336219,2.5907325744628906
z_degree_to_degree,2,test-126,2.484906649788,2.917834758758545
z_degree_to_degree,2,test-127,1.791759469228055,2.315488338470459
z_degree_to_degree,2,test-128,3.6635616461296463,4.124005317687988
z_degree_to_degree,2,test-129,2.5649493574615367,3.4211699962615967
z_degree_to_degree,2,test-130,2.995732273553991,3.349681854248047
z_degree_to_degree,2,test-131,3.0445224377234226,3.3698172569274902
z_degree_to_degree,2,test-132,3.688879454113936,3.8985586166381836
z_degree_to_degree,2,test-133,5.560681631015528,5.986148834228516
z_degree_to_degree,2,test-134,2.197224577336219,2.5907325744628906
z_degree_to_degree,2,test-135,2.772588722239781,3.2470529079437256
z_degree_to_degree,2,test-136,3.688879454113936,3.8985586166381836
z_degree_to_degree,2,test-137,2.1972245773362196,2.9386751651763916
z_degree_to_degree,2,test-138,4.31748811353631,4.609428882598877
z_degree_to_degree,2,test-139,1.791759469228055,2.315488338470459
z_degree_to_degree,2,test-140,3.332204510175204,3.6100730895996094
z_degree_to_degree,2,test-141,4.276666119016055,4.535890102386475
z_degree_to_degree,2,test-142,2.7080502011022096,3.122437000274658
z_degree_to_degree,2,test-143,2.0794415416798357,2.7734909057617188
z_degree_to_degree,2,test-144,2.772588722239781,3.2470529079437256
z_degree_to_degree,2,test-145,4.882801922586371,5.367513656616211
z_degree_to_degree,2,test-146,3.465735902799726,3.690582275390625
z_degree_to_degree,2,test-147,3.332204510175204,3.6100730895996094
z_degree_to_degree,2,test-148,6.327936783729195,6.524633407592773
z_degree_to_degree,2,test-149,3.2188758248682006,3.6818854808807373
z_degree_to_degree,2,test-150,3.9318256327243257,4.233067989349365
z_degree_to_degree,2,test-151,3.295836866004329,3.655056953430176
z_degree_to_degree,2,test-152,3.4011973816621555,3.9291505813598633
z_degree_to_degree,2,test-153,4.0943445622221,4.3218207359313965
z_degree_to_degree,2,test-154,2.0794415416798357,2.7734909057617188
z_degree_to_degree,2,test-155,2.3025850929940455,2.790386199951172
z_degree_to_degree,2,test-156,5.41164605185504,5.602922439575195
z_degree_to_degree,2,test-157,4.564348191467836,4.8062334060668945
z_degree_to_degree,2,test-158,0.0,1.2322700023651123
z_degree_to_degree,2,test-159,2.7080502011022096,3.122437000274658
z_degree_to_degree,2,test-160,2.9444389791664403,3.862962245941162
z_degree_to_degree,2,test-161,1.3862943611198906,2.0279757976531982
z_degree_to_degree,2,test-162,2.8903717578961645,3.201129913330078
z_degree_to_degree,2,test-163,1.791759469228055,2.315488338470459
z_degree_to_degree,2,test-164,5.560681631015528,5.986148834228516
z_degree_to_degree,2,test-165,1.0986122886681096,1.7797317504882812
z_degree_to_degree,2,test-166,3.5553480614894135,3.6922967433929443
z_degree_to_degree,2,test-167,4.499809670330265,4.729966163635254
z_degree_to_degree,2,test-168,3.5553480614894135,3.6922967433929443
z_degree_to_degree,2,test-169,1.791759469228055,2.315488338470459
z_degree_to_degree,2,test-170,2.0794415416798357,2.7734909057617188
z_degree_to_degree,2,test-171,5.288267030694534,5.702184200286865
z_degree_to_degree,2,test-172,1.3862943611198906,2.0279757976531982
z_degree_to_degree,2,test-173,2.484906649788,2.917834758758545
z_degree_to_degree,2,test-174,3.9120230054281464,4.120481014251709
z_degree_to_degree,2,test-175,4.499809670330265,4.729966163635254
z_degree_to_degree,2,test-176,4.867534450455582,5.356721878051758
z_degree_to_degree,2,test-177,4.718498871295095,5.243917942047119
z_degree_to_degree,2,test-178,3.465735902799726,3.690582275390625
z_degree_to_degree,2,test-179,1.3862943611198906,2.0279757976531982
z_degree_to_degree,2,test-180,3.58351893845611,4.243411540985107
z_degree_to_degree,2,test-181,3.58351893845611,3.795156478881836
z_degree_to_degree,2,test-182,3.465735902799726,3.690582275390625
z_degree_to_degree,2,test-183,0.0,1.2322700023651123
z_degree_to_degree,2,test-184,7.24422751560335,7.230171203613281
z_degree_to_degree,2,test-185,3.332204510175204,3.6100730895996094
z_degree_to_degree,2,test-186,3.401197381662155,3.5811879634857178
z_degree_to_degree,2,test-187,3.332204510175204,3.6100730895996094
z_degree_to_degree,2,test-188,2.484906649788,2.917834758758545
z_degree_to_degree,2,test-189,2.197224577336219,2.5907325744628906
z_degree_to_degree,2,test-190,2.7080502011022096,3.122437000274658
z_degree_to_degree,2,test-191,2.0794415416798357,2.7734909057617188
z_degree_to_degree,2,test-192,3.0445224377234226,3.3698172569274902
z_degree_to_degree,2,test-193,2.995732273553991,3.349681854248047
z_degree_to_degree,2,test-194,3.58351893845611,4.243411540985107
z_degree_to_degree,2,test-195,4.90527477843843,5.1843791007995605
z_degree_to_degree,2,test-196,4.5217885770490405,4.720150947570801
z_degree_to_degree,2,test-197,2.484906649788,2.917834758758545
z_degree_to_degree,2,test-198,4.709530201312334,4.961580276489258
z_degree_to_degree,2,test-199,1.0986122886681096,1.7797317504882812
z_degree_to_degree,2,test-200,1.0986122886681096,1.7797317504882812
z_degree_to_degree,2,test-201,1.0986122886681096,1.7797317504882812
z_degree_to_degree,2,test-202,3.0445224377234226,3.3698172569274902
z_degree_to_degree,2,test-203,2.484906649788,2.917834758758545
z_degree_to_degree,2,test-204,2.6390573296152584,3.087371349334717
z_degree_to_degree,2,test-205,2.197224577336219,2.5907325744628906
z_degree_to_degree,2,test-206,3.58351893845611,3.795156478881836
z_degree_to_degree,2,test-207,4.248495242049359,4.534355163574219
z_degree_to_degree,2,test-208,4.0943445622221,4.361783504486084
z_degree_to_degree,2,test-209,4.836281906951478,5.0730299949646
z_degree_to_degree,2,test-210,4.976733742420574,5.289863109588623
z_degree_to_degree,2,test-211,3.0445224377234226,3.3698172569274902
z_degree_to_degree,2,test-212,4.499809670330265,4.742947578430176
z_degree_to_degree,2,test-213,1.3862943611198906,2.022066354751587
z_degree_to_degree,2,test-214,5.560681631015528,5.986148834228516
z_degree_to_degree,2,test-215,2.0794415416798357,2.7734909057617188
z_degree_to_degree,2,test-216,0.6931471805599453,1.579253911972046
z_degree_to_degree,2,test-217,1.791759469228055,2.315488338470459
z_degree_to_degree,2,test-218,3.0445224377234226,3.3698172569274902
z_degree_to_degree,2,test-219,3.58351893845611,3.9729928970336914
z_degree_to_degree,2,test-220,2.70805020110221,3.602804183959961
z_degree_to_degree,2,test-221,2.995732273553991,3.349681854248047
z_degree_to_degree,2,test-222,2.0794415416798357,2.7734909057617188
z_degree_to_degree,2,test-223,3.8712010109078907,4.19954776763916
z_degree_to_degree,2,test-224,0.0,1.2322700023651123
z_degree_to_degree,2,test-225,3.332204510175204,3.6100730895996094
z_degree_to_degree,2,test-226,2.0794415416798357,2.7734909057617188
z_degree_to_degree,2,test-227,2.772588722239781,3.2470529079437256
z_degree_to_degree,2,test-228,1.791759469228055,2.315488338470459
z_degree_to_degree,2,test-229,2.197224577336219,2.5907325744628906
z_degree_to_degree,2,test-230,3.4011973816621555,3.694395065307617
z_degree_to_degree,2,test-231,4.430816798843313,4.6882524490356445
z_degree_to_degree,2,test-232,4.276666119016055,4.433610916137695
z_degree_to_degree,2,test-233,1.791759469228055,2.377974510192871
z_degree_to_degree,2,test-234,3.58351893845611,3.9729928970336914
z_degree_to_degree,2,test-235,3.1780538303479453,3.5154829025268555
z_degree_to_degree,2,test-236,2.8903717578961645,3.201129913330078
z_degree_to_degree,2,test-237,3.0445224377234226,3.3698172569274902
z_degree_to_degree,2,test-238,5.780743515792329,5.931182384490967
z_degree_to_degree,2,test-239,6.327936783729195,6.524633407592773
z_degree_to_degree,2,test-240,0.6931471805599453,1.579253911972046
z_degree_to_degree,2,test-241,2.4849066497880004,2.9669506549835205
z_degree_to_degree,2,test-242,2.8903717578961645,3.201129913330078
z_degree_to_degree,2,test-243,2.197224577336219,2.5907325744628906
z_degree_to_degree,2,test-244,3.0445224377234226,3.3698172569274902
z_degree_to_degree,2,test-245,2.7080502011022096,3.122437000274658
z_degree_to_degree,2,test-246,4.74493212836325,4.952027320861816
z_degree_to_degree,2,test-247,1.791759469228055,2.315488338470459
z_degree_to_degree,2,test-248,3.8066624897703196,4.052182197570801
z_degree_to_degree,2,test-249,3.951243718581427,4.2241621017456055
z_degree_to_degree,2,test-250,1.3862943611198906,2.0279757976531982
z_degree_to_degree,2,test-251,4.718498871295095,5.243917942047119
z_degree_to_degree,2,test-252,3.465735902799726,3.690582275390625
z_degree_to_degree,2,test-253,2.7080502011022096,3.122437000274658
z_degree_to_degree,2,test-254,2.6390573296152584,3.087372303009033
z_degree_to_degree,2,test-255,5.19295685089021,5.4041666984558105
z_degree_to_degree,2,test-256,0.0,1.2322700023651123
z_degree_to_degree,2,test-257,5.98141421125448,6.161402225494385
z_degree_to_degree,2,test-258,3.8712010109078907,4.096221923828125
z_degree_to_degree,2,test-259,2.9957322735539913,3.58640456199646
z_degree_to_degree,2,test-260,1.0986122886681096,1.7797317504882812
z_degree_to_degree,2,test-261,3.401197381662155,3.5811879634857178
z_degree_to_degree,2,test-262,2.995732273553991,3.349681854248047
z_degree_to_degree,2,test-263,2.995732273553991,3.349681854248047
z_degree_to_degree,2,test-264,4.1588830833596715,4.416086673736572
z_degree_to_degree,2,test-265,4.31748811353631,4.609428882598877
z_degree_to_degree,2,test-266,1.791759469228055,2.315488338470459
z_degree_to_degree,2,test-267,2.0794415416798357,2.7734909057617188
z_degree_to_degree,2,test-268,2.7080502011022096,3.122437000274658
z_degree_to_degree,2,test-269,6.476972362889683,6.6566009521484375
z_degree_to_degree,2,test-270,1.791759469228055,2.315488338470459
z_degree_to_degree,2,test-271,3.0445224377234226,3.3698172569274902
z_degree_to_degree,2,test-272,3.737669618283368,4.017634391784668
z_degree_to_degree,2,test-273,3.1780538303479453,3.43341326713562
z_degree_to_degree,2,test-274,2.772588722239781,3.2470529079437256
z_degree_to_degree,2,test-275,2.7080502011022096,3.122437000274658
z_degree_to_degree,2,test-276,2.0794415416798357,2.7596845626831055
z_degree_to_degree,2,test-277,3.332204510175204,3.6100730895996094
z_degree_to_degree,2,test-278,5.220355825078324,5.421520709991455
z_degree_to_degree,2,test-279,3.6635616461296463,4.124005317687988
z_degree_to_degree,2,test-280,2.6390573296152584,3.087371349334717
z_degree_to_degree,2,test-281,2.484906649788,2.917834758758545
z_degree_to_degree,2,test-282,3.9512437185814275,4.573799133300781
z_degree_to_degree,2,test-283,2.995732273553991,3.349681854248047
z_degree_to_degree,2,test-284,1.6094379124341003,2.1035237312316895
z_degree_to_degree,2,test-285,2.7080502011022096,3.122437000274658
z_degree_to_degree,2,test-286,6.461468176353717,6.320619583129883
z_degree_to_degree,2,test-287,3.0445224377234226,3.3698172569274902
z_degree_to_degree,2,test-288,3.4965075614664802,3.811018943786621
z_degree_to_degree,2,test-289,4.499809670330265,4.7725510597229
z_degree_to_degree,2,test-290,2.8903717578961645,3.201129913330078
z_degree_to_degree,2,test-291,5.60947179518496,5.9334516525268555
z_degree_to_degree,2,test-292,5.375278407684165,5.642451286315918
z_degree_to_degree,2,test-293,3.6888794541139367,3.8644163608551025
z_degree_to_degree,2,test-294,2.197224577336219,2.5907325744628906
z_degree_to_degree,2,test-295,2.3025850929940455,2.790386199951172
z_degree_to_degree,2,test-296,3.7376696182833684,4.397796154022217
z_degree_to_degree,2,test-297,2.0794415416798357,2.7596845626831055
z_degree_to_degree,2,test-298,1.3862943611198906,2.022066354751587
z_degree_to_degree,2,test-299,3.1780538303479453,3.43341326713562
z_degree_to_degree,2,test-300,2.995732273553991,3.349681854248047
z_degree_to_degree,2,test-301,1.6094379124341003,2.1035237312316895
z_degree_to_degree,2,test-302,2.484906649788,2.917834758758545
z_degree_to_degree,2,test-303,2.0794415416798357,2.7734909057617188
z_degree_to_degree,2,test-304,4.382026634673881,4.667243003845215
z_degree_to_degree,2,test-305,3.332204510175204,3.6100730895996094
z_degree_to_degree,2,test-306,5.556828061699537,5.882128715515137
z_degree_to_degree,2,test-307,2.0794415416798357,2.7734909057617188
z_degree_to_degree,2,test-308,2.0794415416798357,2.7734909057617188
z_degree_to_degree,2,test-309,3.58351893845611,3.9558284282684326
z_degree_to_degree,2,test-310,2.197224577336219,2.5907325744628906
z_degree_to_degree,2,test-311,3.8918202981106265,4.270764350891113
z_degree_to_degree,2,test-312,2.4849066497880004,3.3101601600646973
z_degree_to_degree,2,test-313,6.733401891837358,6.862098693847656
z_degree_to_degree,2,test-314,4.941642422609304,5.239093780517578
z_degree_to_degree,2,test-315,1.9459101490553132,2.568559408187866
z_degree_to_degree,2,test-316,2.8903717578961645,3.201129913330078
z_degree_to_degree,2,test-317,5.41164605185504,5.602922439575195
z_degree_to_degree,2,test-318,3.332204510175204,3.6100730895996094
z_degree_to_degree,2,test-319,6.733401891837358,6.862098693847656
z_degree_to_degree,2,test-320,2.772588722239781,3.2470529079437256
z_degree_to_degree,2,test-321,3.0445224377234226,3.3698172569274902
z_degree_to_degree,2,test-322,2.995732273553991,3.349681854248047
z_degree_to_degree,2,test-323,0.6931471805599453,1.579253911972046
z_degree_to_degree,2,test-324,2.484906649788,2.917834758758545
z_degree_to_degree,2,test-325,2.772588722239781,3.2470529079437256
z_degree_to_degree,2,test-326,3.091042453358316,3.654588222503662
z_degree_to_degree,2,test-327,3.4011973816621555,3.694395065307617
z_degree_to_degree,2,test-328,3.688879454113936,3.8985586166381836
z_degree_to_degree,2,test-329,1.6094379124341003,2.1035237312316895
z_degree_to_degree,2,test-330,3.5553480614894135,3.6922967433929443
z_degree_to_degree,2,test-331,3.8712010109078907,4.130999565124512
z_degree_to_degree,2,test-332,2.70805020110221,3.602804183959961
z_degree_to_degree,2,test-333,2.8903717578961645,3.807342529296875
z_degree_to_degree,2,test-334,2.4849066497880004,2.9669506549835205
z_degree_to_degree,2,test-335,4.51085950651685,4.66486930847168
z_degree_to_degree,2,test-336,2.7080502011022096,3.122437000274658
z_degree_to_degree,2,test-337,3.0445224377234226,3.3698172569274902
z_degree_to_degree,2,test-338,2.484906649788,2.917834758758545
z_degree_to_degree,2,test-339,2.772588722239781,3.2470529079437256
z_degree_to_degree,2,test-340,4.143134726391533,4.339735984802246
z_degree_to_degree,2,test-341,3.9318256327243257,4.233067989349365
z_degree_to_degree,2,test-342,2.484906649788,2.917834758758545
z_degree_to_degree,2,test-343,4.787491742782047,5.080030918121338
z_degree_to_degree,2,test-344,1.3862943611198906,2.022066354751587
z_degree_to_degree,2,test-345,3.1780538303479453,3.5154829025268555
z_degree_to_degree,2,test-346,2.484906649788,2.917834758758545
z_degree_to_degree,2,test-347,2.484906649788,2.917834758758545
z_degree_to_degree,2,test-348,2.484906649788,2.917834758758545
z_degree_to_degree,2,test-349,3.401197381662155,3.5811879634857178
z_degree_to_degree,2,test-350,2.8903717578961645,3.807342529296875
z_degree_to_degree,2,test-351,3.1780538303479453,3.43341326713562
z_degree_to_degree,2,test-352,1.3862943611198906,2.022066354751587
z_degree_to_degree,2,test-353,4.882801922586371,5.367513656616211
z_degree_to_degree,2,test-354,4.234106504597259,4.453906059265137
z_degree_to_degree,2,test-355,5.6937321388027,5.856983184814453
z_degree_to_degree,2,test-356,0.6931471805599453,1.579253911972046
z_degree_to_degree,2,test-357,1.791759469228055,2.315488338470459
z_degree_to_degree,2,test-358,1.791759469228055,2.315488338470459
z_degree_to_degree,2,test-359,5.966146739123692,6.149786949157715
z_degree_to_degree,2,test-360,3.4965075614664802,3.811018943786621
z_degree_to_degree,2,test-361,6.733401891837358,6.862098693847656
z_degree_to_degree,2,test-362,5.272999558563747,5.45950984954834
z_degree_to_degree,2,test-363,3.737669618283368,4.017634391784668
z_degree_to_degree,2,test-364,2.197224577336219,2.5907325744628906
z_degree_to_degree,2,test-365,2.995732273553991,3.349681854248047
z_degree_to_degree,2,test-366,1.3862943611198906,2.0279757976531982
z_degree_to_degree,2,test-367,6.327936783729195,6.524633407592773
z_degree_to_degree,2,test-368,4.430816798843313,4.6882524490356445
z_degree_to_degree,2,test-369,0.0,1.2322700023651123
z_degree_to_degree,2,test-370,2.6390573296152584,3.087371349334717
z_degree_to_degree,2,test-371,1.6094379124341003,2.1035237312316895
z_degree_to_degree,2,test-372,2.484906649788,2.917834758758545
z_degree_to_degree,2,test-373,3.465735902799726,3.690582275390625
z_degree_to_degree,2,test-374,2.772588722239781,3.2470529079437256
z_degree_to_degree,2,test-375,2.7080502011022096,3.122437000274658
z_degree_to_degree,2,test-376,4.74493212836325,4.952027320861816
z_degree_to_degree,2,test-377,2.4849066497880004,2.9669506549835205
z_degree_to_degree,2,test-378,3.332204510175204,3.6100730895996094
z_degree_to_degree,2,test-379,2.4849066497880004,2.9669506549835205
z_degree_to_degree,2,test-380,2.8903717578961645,3.201129913330078
z_degree_to_degree,2,test-381,2.3025850929940455,2.790386199951172
z_degree_to_degree,2,test-382,1.791759469228055,2.315488338470459
z_degree_to_degree,2,test-383,0.6931471805599453,1.5792524814605713
z_degree_to_degree,2,test-384,4.276666119016055,4.804754257202148
z_degree_to_degree,2,test-385,1.791759469228055,2.315488338470459
z_degree_to_degree,2,test-386,1.791759469228055,2.315488338470459
z_degree_to_degree,2,test-387,2.0794415416798357,2.7734909057617188
z_degree_to_degree,2,test-388,2.995732273553991,3.349681854248047
z_degree_to_degree,2,test-389,2.0794415416798357,2.7734909057617188
z_degree_to_degree,2,test-390,3.0445224377234226,3.3698172569274902
z_degree_to_degree,2,test-391,2.995732273553991,3.349681854248047
z_degree_to_degree,2,test-392,0.0,1.2322700023651123
z_degree_to_degree,2,test-393,1.3862943611198906,2.0279757976531982
z_degree_to_degree,2,test-394,2.3025850929940455,2.790386199951172
z_degree_to_degree,2,test-395,3.295836866004329,3.655056953430176
z_degree_to_degree,2,test-396,1.791759469228055,2.315488338470459
z_degree_to_degree,2,test-397,3.4011973816621555,3.9291505813598633
z_degree_to_degree,2,test-398,2.4849066497880004,2.9669506549835205
z_degree_to_degree,2,test-399,2.995732273553991,3.349681854248047
z_degree_to_degree,2,test-400,2.0794415416798357,2.7734909057617188
z_degree_to_degree,2,test-401,2.0794415416798357,2.7734909057617188
z_degree_to_degree,2,test-402,3.1780538303479453,3.5154829025268555
z_degree_to_degree,2,test-403,3.828641396489095,4.478094577789307
z_degree_to_degree,2,test-404,4.90527477843843,5.1843791007995605
z_degree_to_degree,2,test-405,1.791759469228055,2.377974510192871
z_degree_to_degree,2,test-406,3.401197381662155,3.5811879634857178
z_degree_to_degree,2,test-407,1.3862943611198906,2.022066354751587
z_degree_to_degree,2,test-408,2.8903717578961645,3.807342529296875
z_degree_to_degree,2,test-409,4.276666119016055,4.804754257202148
z_degree_to_degree,2,test-410,0.6931471805599453,1.579253911972046
z_degree_to_degree,2,test-411,3.5553480614894135,3.6922967433929443
z_degree_to_degree,2,test-412,2.8903717578961645,3.201129913330078
z_degree_to_degree,2,test-413,3.332204510175204,3.6100730895996094
z_degree_to_degree,2,test-414,5.342334251964811,5.445468902587891
z_degree_to_degree,2,test-415,2.890371757896165,3.4510879516601562
z_degree_to_degree,2,test-416,3.401197381662155,3.5811879634857178
z_degree_to_degree,2,test-417,3.091042453358316,3.654588222503662
z_degree_to_degree,2,test-418,2.995732273553991,3.349681854248047
z_degree_to_degree,2,test-419,3.401197381662155,3.5811879634857178
z_degree_to_degree,2,test-420,4.787491742782046,5.00930643081665
z_degree_to_degree,2,test-421,4.430816798843313,4.6882524490356445
z_degree_to_degree,2,test-422,2.8903717578961645,3.201129913330078
z_degree_to_degree,2,test-423,2.0794415416798357,2.7734909057617188
z_degree_to_degree,2,test-424,3.1780538303479458,3.696841239929199
z_degree_to_degree,2,test-425,1.9459101490553132,2.568559408187866
z_degree_to_degree,2,test-426,2.995732273553991,3.349681854248047
z_degree_to_degree,2,test-427,2.197224577336219,2.5907325744628906
z_degree_to_degree,2,test-428,1.3862943611198906,2.022066354751587
z_degree_to_degree,2,test-429,3.4011973816621555,3.694395065307617
z_degree_to_degree,2,test-430,3.3322045101752042,3.777392864227295
z_degree_to_degree,2,test-431,2.0794415416798357,2.7734909057617188
z_degree_to_degree,2,test-432,2.484906649788,2.917834758758545
z_degree_to_degree,2,test-433,3.6888794541139367,3.8644163608551025
z_degree_to_degree,2,test-434,2.7080502011022096,3.122437000274658
z_degree_to_degree,2,test-435,2.4849066497880004,2.9669506549835205
z_degree_to_degree,2,test-436,4.718498871295095,5.243917942047119
z_degree_to_degree,2,test-437,5.634789603169249,5.760581970214844
z_degree_to_degree,2,test-438,4.68213122712422,4.9226789474487305
z_degree_to_degree,2,test-439,1.791759469228055,2.315488338470459
z_degree_to_degree,2,test-440,3.9889840465642745,4.185458660125732
z_degree_to_degree,2,test-441,6.327936783729195,6.524633407592773
z_degree_to_degree,2,test-442,3.0445224377234226,3.3698172569274902
z_degree_to_degree,2,test-443,2.7080502011022096,3.122437000274658
z_degree_to_degree,2,test-444,1.0986122886681096,1.7797317504882812
z_degree_to_degree,2,test-445,2.995732273553991,3.349681854248047
z_degree_to_degree,2,test-446,2.772588722239781,3.2470529079437256
z_degree_to_degree,2,test-447,2.995732273553991,3.349681854248047
z_degree_to_degree,2,test-448,1.791759469228055,2.377974510192871
z_degree_to_degree,2,test-449,1.3862943611198906,2.022066354751587
z_degree_to_degree,2,test-450,2.484906649788,2.917834758758545
z_degree_to_degree,2,test-451,7.50659178007084,7.500049591064453
z_degree_to_degree,2,test-452,3.951243718581427,4.2241621017456055
z_degree_to_degree,2,test-453,3.5553480614894135,3.6922967433929443
z_degree_to_degree,2,test-454,2.7080502011022096,3.122437000274658
z_degree_to_degree,2,test-455,3.258096538021482,3.7216038703918457
z_degree_to_degree,2,test-456,5.634789603169249,5.760581970214844
z_degree_to_degree,2,test-457,0.6931471805599453,1.579253911972046
z_degree_to_degree,2,test-458,2.772588722239781,3.2470529079437256
z_degree_to_degree,2,test-459,3.4011973816621555,3.694395065307617
z_degree_to_degree,2,test-460,2.995732273553991,3.349681854248047
z_degree_to_degree,2,test-461,3.0445224377234226,3.3698172569274902
z_degree_to_degree,2,test-462,2.1972245773362196,2.9386751651763916
z_degree_to_degree,2,test-463,1.791759469228055,2.315488338470459
z_degree_to_degree,2,test-464,3.1780538303479458,3.696841239929199
z_degree_to_degree,2,test-465,2.1972245773362196,2.9386751651763916
z_degree_to_degree,2,test-466,3.401197381662155,3.5811879634857178
z_degree_to_degree,2,test-467,6.327936783729195,6.524633407592773
z_degree_to_degree,2,test-468,2.995732273553991,3.349681854248047
z_degree_to_degree,2,test-469,3.0445224377234226,3.3698172569274902
z_degree_to_degree,2,test-470,1.0986122886681096,1.7797317504882812
z_degree_to_degree,2,test-471,3.401197381662155,3.5811879634857178
z_degree_to_degree,2,test-472,2.3025850929940455,2.790386199951172
z_degree_to_degree,2,test-473,6.040254711277413,6.400784492492676
z_degree_to_degree,2,test-474,4.90527477843843,5.1843791007995605
z_degree_to_degree,2,test-475,2.197224577336219,2.5907325744628906
z_degree_to_degree,2,test-476,2.0794415416798357,2.7734909057617188
z_degree_to_degree,2,test-477,2.8903717578961645,3.201129913330078
z_degree_to_degree,2,test-478,3.1780538303479453,3.5154829025268555
z_degree_to_degree,2,test-479,2.995732273553991,3.349681854248047
z_degree_to_degree,2,test-480,4.276666119016055,4.535890102386475
z_degree_to_degree,2,test-481,2.4849066497880004,2.9669506549835205
z_degree_to_degree,2,test-482,3.295836866004329,3.655056953430176
z_degree_to_degree,2,test-483,3.1780538303479453,3.43341326713562
z_degree_to_degree,2,test-484,2.0794415416798357,2.7734909057617188
z_degree_to_degree,2,test-485,3.332204510175204,3.6100730895996094
z_degree_to_degree,2,test-486,1.3862943611198906,2.0279757976531982
z_degree_to_degree,2,test-487,4.356708826689592,4.602023124694824
z_degree_to_degree,2,test-488,2.0794415416798357,2.7734909057617188
z_degree_to_degree,2,test-489,2.9957322735539913,3.58640456199646
z_degree_to_degree,2,test-490,0.6931471805599453,1.579253911972046
z_degree_to_degree,2,test-491,2.0794415416798357,2.7734909057617188
z_degree_to_degree,2,test-492,4.31748811353631,4.609428882598877
z_degree_to_degree,2,test-493,3.58351893845611,3.9729928970336914
z_degree_to_degree,2,test-494,0.0,1.2322700023651123
z_degree_to_degree,2,test-495,5.272999558563747,5.45950984954834
z_degree_to_degree,2,test-496,1.791759469228055,2.315488338470459
z_degree_to_degree,2,test-497,3.7376696182833684,4.397796154022217
z_degree_to_degree,2,test-498,2.4849066497880004,2.9669506549835205
z_degree_to_degree,2,test-499,3.8712010109078907,4.096221923828125
z_degree_to_degree,2,test-500,6.040254711277413,6.400784492492676
z_degree_to_degree,2,test-501,3.3322045101752042,3.777392864227295
z_degree_to_degree,2,test-502,3.332204510175204,3.6100730895996094
z_degree_to_degree,2,test-503,4.700480365792417,4.9870381355285645
z_degree_to_degree,2,test-504,4.499809670330265,4.7725510597229
z_degree_to_degree,2,test-505,2.197224577336219,2.5907325744628906
z_degree_to_degree,2,test-506,3.688879454113936,3.8985586166381836
z_degree_to_degree,2,test-507,2.6390573296152584,3.087371349334717
z_degree_to_degree,2,test-508,4.276666119016055,4.584982395172119
z_degree_to_degree,2,test-509,3.8712010109078907,4.130999565124512
z_degree_to_degree,2,test-510,4.442651256490317,4.726703643798828
z_degree_to_degree,2,test-511,5.634789603169249,5.7605791091918945
z_cn_to_cn_residual,2,test-0,0.41901558340082656,0.40375596284866333
z_cn_to_cn_residual,2,test-1,-0.2583525517139924,-0.2658711075782776
z_cn_to_cn_residual,2,test-2,-0.018993154254683953,0.37589526176452637
z_cn_to_cn_residual,2,test-3,-0.09727709888120242,-0.16483226418495178
z_cn_to_cn_residual,2,test-4,1.0359694158101418,0.9722209572792053
z_cn_to_cn_residual,2,test-5,-0.4047253779878611,-0.44289642572402954
z_cn_to_cn_residual,2,test-6,1.0655218182956825,0.8205457329750061
z_cn_to_cn_residual,2,test-7,-0.18426105211107924,-0.14027884602546692
z_cn_to_cn_residual,2,test-8,-0.10023401181546886,-0.16589972376823425
z_cn_to_cn_residual,2,test-9,-0.35666135733620163,-0.393978476524353
z_cn_to_cn_residual,2,test-10,0.8355607557628979,0.8287651538848877
z_cn_to_cn_residual,2,test-11,0.6811794613133313,0.7268034219741821
z_cn_to_cn_residual,2,test-12,-0.0022547768087889004,-0.050982266664505005
z_cn_to_cn_residual,2,test-13,0.08268421210545274,0.3033730983734131
z_cn_to_cn_residual,2,test-14,0.1265245666267653,0.18342778086662292
z_cn_to_cn_residual,2,test-15,0.6908924037511563,0.37609273195266724
z_cn_to_cn_residual,2,test-16,0.4964614688251994,0.531754195690155
z_cn_to_cn_residual,2,test-17,0.030648706081244377,0.015475481748580933
z_cn_to_cn_residual,2,test-18,-0.0022547768087889004,-0.050982266664505005
z_cn_to_cn_residual,2,test-19,-0.10023401181546886,-0.16589972376823425
z_cn_to_cn_residual,2,test-20,-0.0017162122830214665,-0.049893707036972046
z_cn_to_cn_residual,2,test-21,0.3748629636930609,0.3294870853424072
z_cn_to_cn_residual,2,test-22,-0.2630515329052116,-0.27348795533180237
z_cn_to_cn_residual,2,test-23,-0.0018040386788887037,-0.0500713586807251
z_cn_to_cn_residual,2,test-24,0.3272151667083216,0.39133065938949585
z_cn_to_cn_residual,2,test-25,-0.528650074782717,-0.5631240010261536
z_cn_to_cn_residual,2,test-26,0.6906723567239333,0.5819161534309387
z_cn_to_cn_residual,2,test-27,0.7803280718012251,0.6906517744064331
z_cn_to_cn_residual,2,test-28,0.5975839598243551,0.5254788398742676
z_cn_to_cn_residual,2,test-29,0.6876077702565512,0.5661319494247437
z_cn_to_cn_residual,2,test-30,0.6739266191922899,0.5040087699890137
z_cn_to_cn_residual,2,test-31,0.22592574994459075,0.4425753951072693
z_cn_to_cn_residual,2,test-32,-0.31276047812031493,-0.3473590910434723
z_cn_to_cn_residual,2,test-33,0.6864567173986107,0.5127760171890259
z_cn_to_cn_residual,2,test-34,-0.22577903790857956,-0.2077144980430603
z_cn_to_cn_residual,2,test-35,-0.15886813049140017,-0.15051686763763428
z_cn_to_cn_residual,2,test-36,-0.0018015872129917689,-0.050065845251083374
z_cn_to_cn_residual,2,test-37,-0.0024748238360119044,-0.05142751336097717
z_cn_to_cn_residual,2,test-38,0.0026647510744795353,-0.04103633761405945
z_cn_to_cn_residual,2,test-39,-0.0022547768087889004,-0.050982266664505005
z_cn_to_cn_residual,2,test-40,1.0637319047963991,0.8902583718299866
z_cn_to_cn_residual,2,test-41,0.33648582322374365,0.3631659746170044
z_cn_to_cn_residual,2,test-42,0.3950893555112512,0.3254929780960083
z_cn_to_cn_residual,2,test-43,-0.07427853032672008,-0.15121343731880188
z_cn_to_cn_residual,2,test-44,1.160515323211311,0.9417082667350769
z_cn_to_cn_residual,2,test-45,-0.0022547768087889004,-0.050982266664505005
z_cn_to_cn_residual,2,test-46,0.1405242991682083,0.38639765977859497
z_cn_to_cn_residual,2,test-47,-0.0018015872129917689,-0.050065845251083374
z_cn_to_cn_residual,2,test-48,0.5975839598243551,0.4448584318161011
z_cn_to_cn_residual,2,test-49,0.3950893555112512,0.272477924823761
z_cn_to_cn_residual,2,test-50,0.3983360912278105,0.43424397706985474
z_cn_to_cn_residual,2,test-51,0.5067931432115338,0.4767652153968811
z_cn_to_cn_residual,2,test-52,-0.5947108813669576,-0.5833365321159363
z_cn_to_cn_residual,2,test-53,-0.09556322073559016,-0.16421499848365784
z_cn_to_cn_residual,2,test-54,-0.007277398667662731,-0.06114056706428528
z_cn_to_cn_residual,2,test-55,-0.585216216354449,-0.5804470777511597
z_cn_to_cn_residual,2,test-56,-0.09556322073559016,-0.16421499848365784
z_cn_to_cn_residual,2,test-57,0.8884193392353986,0.7580718398094177
z_cn_to_cn_residual,2,test-58,-0.48732856757400367,-0.4988356828689575
z_cn_to_cn_residual,2,test-59,0.6906723567239333,0.3497074544429779
z_cn_to_cn_residual,2,test-60,-0.24664060277060912,-0.24368584156036377
z_cn_to_cn_residual,2,test-61,-0.00020231820106400537,-0.04683205485343933
z_cn_to_cn_residual,2,test-62,-0.00020231820106400537,-0.04683205485343933
z_cn_to_cn_residual,2,test-63,-0.0018015872129917689,-0.050065845251083374
z_cn_to_cn_residual,2,test-64,-0.18349714014503832,-0.13906711339950562
z_cn_to_cn_residual,2,test-65,1.0030490679325195,1.011803388595581
z_cn_to_cn_residual,2,test-66,-0.0040603077699362606,-0.05463334918022156
z_cn_to_cn_residual,2,test-67,-0.0040603077699362606,-0.05463334918022156
z_cn_to_cn_residual,2,test-68,-0.5281305324979,-0.5629640817642212
z_cn_to_cn_residual,2,test-69,0.40923910922239254,0.39129772782325745
z_cn_to_cn_residual,2,test-70,0.5067931432115338,0.3601610064506531
z_cn_to_cn_residual,2,test-71,0.34616685845311307,0.41225671768188477
z_cn_to_cn_residual,2,test-72,-0.0022547768087889004,-0.050982266664505005
z_cn_to_cn_residual,2,test-73,-0.3225624563234914,-0.35740891098976135
z_cn_to_cn_residual,2,test-74,-0.09556322073559016,-0.16421499848365784
z_cn_to_cn_residual,2,test-75,0.9983782768526407,0.8976404070854187
z_cn_to_cn_residual,2,test-76,-0.0018040386788887037,-0.0500713586807251
z_cn_to_cn_residual,2,test-77,0.5929131687444764,0.5877593755722046
z_cn_to_cn_residual,2,test-78,-0.0020240857061117087,-0.05051645636558533
z_cn_to_cn_residual,2,test-79,-0.0022547768087889004,-0.050982266664505005
z_cn_to_cn_residual,2,test-80,0.6876077702565512,0.7647402882575989
z_cn_to_cn_residual,2,test-81,0.3247792901778015,0.4269763231277466
z_cn_to_cn_residual,2,test-82,1.068010144253006,0.8940773010253906
z_cn_to_cn_residual,2,test-83,-0.06000166077099335,-0.13674330711364746
z_cn_to_cn_residual,2,test-84,-0.32208678930701756,-0.35692086815834045
z_cn_to_cn_residual,2,test-85,-0.2583525517139924,-0.2658711075782776
z_cn_to_cn_residual,2,test-86,0.3983360912278105,0.4370895028114319
z_cn_to_cn_residual,2,test-87,-0.09556322073559016,-0.16421499848365784
z_cn_to_cn_residual,2,test-88,-0.007277398667662731,-0.06114056706428528
z_cn_to_cn_residual,2,test-89,-0.2948110893321348,-0.3287574350833893
z_cn_to_cn_residual,2,test-90,-0.07427853032672008,-0.15121343731880188
z_cn_to_cn_residual,2,test-91,-0.0024748238360119044,-0.05142751336097717
z_cn_to_cn_residual,2,test-92,0.5958700816787429,0.37206000089645386
z_cn_to_cn_residual,2,test-93,0.48295423112723435,0.4811795949935913
z_cn_to_cn_residual,2,test-94,-0.07427853032672008,-0.15121343731880188
z_cn_to_cn_residual,2,test-95,0.5620068735609041,0.3677784502506256
z_cn_to_cn_residual,2,test-96,-0.6164097484976776,0.045555949211120605
z_cn_to_cn_residual,2,test-97,-0.12666879423377733,-0.16820251941680908
z_cn_to_cn_residual,2,test-98,-0.0024748238360119044,-0.05142751336097717
z_cn_to_cn_residual,2,test-99,-0.09556322073559016,-0.16421499848365784
z_cn_to_cn_residual,2,test-100,-0.3683678903821438,-0.40702319145202637
z_cn_to_cn_residual,2,test-101,0.5975839598243551,0.38766658306121826
z_cn_to_cn_residual,2,test-102,0.04707236782785143,0.04858240485191345
z_cn_to_cn_residual,2,test-103,-0.15886813049140017,-0.15051686763763428
z_cn_to_cn_residual,2,test-104,0.6291349309040132,0.5351067781448364
z_cn_to_cn_residual,2,test-105,-0.0018040386788887037,-0.0500713586807251
z_cn_to_cn_residual,2,test-106,0.6864567173986107,0.5099949836730957
z_cn_to_cn_residual,2,test-107,-0.0022547768087889004,-0.050982266664505005
z_cn_to_cn_residual,2,test-108,0.09843629919298769,0.2688302993774414
z_cn_to_cn_residual,2,test-109,0.38038670243963035,0.36025261878967285
z_cn_to_cn_residual,2,test-110,-0.0024748238360119044,-0.05142751336097717
z_cn_to_cn_residual,2,test-111,0.0028715724223535776,-0.040617674589157104
z_cn_to_cn_residual,2,test-112,0.43827176493454917,0.4238252639770508
z_cn_to_cn_residual,2,test-113,-0.4110045184115584,-0.4482129216194153
z_cn_to_cn_residual,2,test-114,-0.0020240857061117087,-0.05051645636558533
z_cn_to_cn_residual,2,test-115,0.6913455933469536,0.5531203150749207
z_cn_to_cn_residual,2,test-116,1.018059726085129,0.7978312373161316
z_cn_to_cn_residual,2,test-117,0.6990601796163277,0.43223336338996887
z_cn_to_cn_residual,2,test-118,-0.28390807133755275,-0.30938270688056946
z_cn_to_cn_residual,2,test-119,0.7108960938684429,0.6595840454101562
z_cn_to_cn_residual,2,test-120,0.6188686502332252,0.48340851068496704
z_cn_to_cn_residual,2,test-121,0.5067931432115338,0.47319865226745605
z_cn_to_cn_residual,2,test-122,0.7302443982859658,0.7704312801361084
z_cn_to_cn_residual,2,test-123,0.6908924037511563,0.5343159437179565
z_cn_to_cn_residual,2,test-124,-0.007277398667662731,-0.06114056706428528
z_cn_to_cn_residual,2,test-125,-0.06401224965593211,-0.14080610871315002
z_cn_to_cn_residual,2,test-126,1.0243337583413894,0.5766870975494385
z_cn_to_cn_residual,2,test-127,-0.0022547768087889004,-0.050982266664505005
z_cn_to_cn_residual,2,test-128,-0.18426105211107924,-0.14027884602546692
z_cn_to_cn_residual,2,test-129,-0.013887172973514786,-0.07426288723945618
z_cn_to_cn_residual,2,test-130,0.9122582513196982,0.7414215207099915
z_cn_to_cn_residual,2,test-131,0.5929131687444764,0.559761106967926
z_cn_to_cn_residual,2,test-132,-0.4110045184115584,-0.4482129216194153
z_cn_to_cn_residual,2,test-133,-0.37883510134058207,-0.41867923736572266
z_cn_to_cn_residual,2,test-134,-0.06401224965593211,-0.14080610871315002
z_cn_to_cn_residual,2,test-135,0.5342790500685451,0.4930122494697571
z_cn_to_cn_residual,2,test-136,0.6876077702565512,0.5001044869422913
z_cn_to_cn_residual,2,test-137,-0.00020231820106400537,-0.04683205485343933
z_cn_to_cn_residual,2,test-138,-0.4547401543466098,-0.4698371887207031
z_cn_to_cn_residual,2,test-139,-0.0022547768087889004,-0.050982266664505005
z_cn_to_cn_residual,2,test-140,-0.2948110893321348,-0.3287574350833893
z_cn_to_cn_residual,2,test-141,0.7255381829334756,0.6605745553970337
z_cn_to_cn_residual,2,test-142,-0.09556322073559016,-0.16421499848365784
z_cn_to_cn_residual,2,test-143,-0.0024748238360119044,-0.05142751336097717
z_cn_to_cn_residual,2,test-144,-0.15886813049140017,-0.15051686763763428
z_cn_to_cn_residual,2,test-145,-0.019220561367655327,-0.0831785500049591
z_cn_to_cn_residual,2,test-146,0.3748629636930609,0.495821475982666
z_cn_to_cn_residual,2,test-147,-0.2948110893321348,-0.3287574350833893
z_cn_to_cn_residual,2,test-148,0.09843629919298769,0.3178907036781311
z_cn_to_cn_residual,2,test-149,-0.28390807133755275,-0.30938270688056946
z_cn_to_cn_residual,2,test-150,-0.2022090658798931,-0.16880017518997192
z_cn_to_cn_residual,2,test-151,0.5620068735609041,0.32066765427589417
z_cn_to_cn_residual,2,test-152,-0.007582155548103726,-0.0617557168006897
z_cn_to_cn_residual,2,test-153,0.2590097008212066,0.35240882635116577
z_cn_to_cn_residual,2,test-154,0.6906723567239333,0.5698754191398621
z_cn_to_cn_residual,2,test-155,-0.0024748238360119044,-0.05142751336097717
z_cn_to_cn_residual,2,test-156,1.219443201021135,0.8115556836128235
z_cn_to_cn_residual,2,test-157,-0.12202718859176774,-0.17076024413108826
z_cn_to_cn_residual,2,test-158,-0.0018015872129917689,-0.050065845251083374
z_cn_to_cn_residual,2,test-159,0.5975839598243551,0.3987591862678528
z_cn_to_cn_residual,2,test-160,0.0028715724223535776,-0.040617674589157104
z_cn_to_cn_residual,2,test-161,-0.0020240857061117087,-0.05051645636558533
z_cn_to_cn_residual,2,test-162,0.5975839598243551,0.5605224967002869
z_cn_to_cn_residual,2,test-163,-0.0022547768087889004,-0.050982266664505005
z_cn_to_cn_residual,2,test-164,0.3143120792193632,0.48509976267814636
z_cn_to_cn_residual,2,test-165,-0.0018040386788887037,-0.0500713586807251
z_cn_to_cn_residual,2,test-166,-0.36593201385162366,-0.4043097496032715
z_cn_to_cn_residual,2,test-167,-0.5594178356868584,-0.5725685954093933
z_cn_to_cn_residual,2,test-168,0.3272151667083216,0.423331081867218
z_cn_to_cn_residual,2,test-169,-0.0022547768087889004,-0.050982266664505005
z_cn_to_cn_residual,2,test-170,-0.0024748238360119044,-0.05142751336097717
z_cn_to_cn_residual,2,test-171,0.5721845461797057,0.41740477085113525
z_cn_to_cn_residual,2,test-172,-0.0020240857061117087,-0.05051645636558533
z_cn_to_cn_residual,2,test-173,-0.07427853032672008,-0.15121343731880188
z_cn_to_cn_residual,2,test-174,1.192005085079322,1.084844946861267
z_cn_to_cn_residual,2,test-175,0.8268765254330321,0.8384528160095215
z_cn_to_cn_residual,2,test-176,-0.09264389345827083,-0.16316381096839905
z_cn_to_cn_residual,2,test-177,0.030648706081244377,0.015475481748580933
z_cn_to_cn_residual,2,test-178,-0.3182842168668844,-0.3530222177505493
z_cn_to_cn_residual,2,test-179,-0.0020240857061117087,-0.05051645636558533
z_cn_to_cn_residual,2,test-180,-0.006690463161334578,-0.059952735900878906
z_cn_to_cn_residual,2,test-181,-0.31276047812031493,-0.3473590910434723
z_cn_to_cn_residual,2,test-182,-0.3182842168668844,-0.3530222177505493
z_cn_to_cn_residual,2,test-183,-0.0018015872129917689,-0.050065845251083374
z_cn_to_cn_residual,2,test-184,0.2591570888338408,0.46075791120529175
z_cn_to_cn_residual,2,test-185,-0.2948110893321348,-0.3287574350833893
z_cn_to_cn_residual,2,test-186,1.123242828214679,1.172909140586853
z_cn_to_cn_residual,2,test-187,-0.2948110893321348,-0.3287574350833893
z_cn_to_cn_residual,2,test-188,-0.07427853032672008,-0.15121343731880188
z_cn_to_cn_residual,2,test-189,-0.06401224965593211,-0.14080610871315002
z_cn_to_cn_residual,2,test-190,0.5975839598243551,0.5226874351501465
z_cn_to_cn_residual,2,test-191,-0.0024748238360119044,-0.05142751336097717
z_cn_to_cn_residual,2,test-192,0.5929131687444764,0.6125723719596863
z_cn_to_cn_residual,2,test-193,-0.18635403734841144,-0.14360272884368896
z_cn_to_cn_residual,2,test-194,-0.006690463161334578,-0.059952735900878906
z_cn_to_cn_residual,2,test-195,0.1650166480620453,0.39637356996536255
z_cn_to_cn_residual,2,test-196,-0.3558306615151853,-0.39305150508880615
z_cn_to_cn_residual,2,test-197,-0.07427853032672008,-0.15121343731880188
z_cn_to_cn_residual,2,test-198,-0.14545922246111387,-0.15786907076835632
z_cn_to_cn_residual,2,test-199,-0.0018040386788887037,-0.0500713586807251
z_cn_to_cn_residual,2,test-200,-0.0018040386788887037,-0.0500713586807251
z_cn_to_cn_residual,2,test-201,-0.0018040386788887037,-0.0500713586807251
z_cn_to_cn_residual,2,test-202,-0.10023401181546886,-0.16589972376823425
z_cn_to_cn_residual,2,test-203,-0.07427853032672008,-0.15121343731880188
z_cn_to_cn_residual,2,test-204,0.6858697818922825,0.5069524049758911
z_cn_to_cn_residual,2,test-205,-0.06401224965593211,-0.14080610871315002
z_cn_to_cn_residual,2,test-206,-0.31276047812031493,-0.3473590910434723
z_cn_to_cn_residual,2,test-207,0.252220462640869,0.3305312991142273
z_cn_to_cn_residual,2,test-208,-0.3469803221068322,-0.38318395614624023
z_cn_to_cn_residual,2,test-209,0.4614097222901157,0.6730976700782776
z_cn_to_cn_residual,2,test-210,0.2528816619975243,0.432201623916626
z_cn_to_cn_residual,2,test-211,0.9983782768526407,0.8311067223548889
z_cn_to_cn_residual,2,test-212,-0.017144623807369665,-0.07970738410949707
z_cn_to_cn_residual,2,test-213,-0.0018015872129917689,-0.050065845251083374
z_cn_to_cn_residual,2,test-214,0.7197771873275275,0.7134530544281006
z_cn_to_cn_residual,2,test-215,-0.0024748238360119044,-0.05142751336097717
z_cn_to_cn_residual,2,test-216,-0.0022547768087889004,-0.050982266664505005
z_cn_to_cn_residual,2,test-217,0.6908924037511563,0.5576920509338379
z_cn_to_cn_residual,2,test-218,-0.10023401181546886,-0.16589972376823425
z_cn_to_cn_residual,2,test-219,-0.3683678903821438,-0.40702319145202637
z_cn_to_cn_residual,2,test-220,-0.0006184180575551858,-0.04767325520515442
z_cn_to_cn_residual,2,test-221,-0.18635403734841144,-0.14360272884368896
z_cn_to_cn_residual,2,test-222,-0.0024748238360119044,-0.05142751336097717
z_cn_to_cn_residual,2,test-223,-0.19225343103972337,-0.15297511219978333
z_cn_to_cn_residual,2,test-224,-0.0018015872129917689,-0.050065845251083374
z_cn_to_cn_residual,2,test-225,0.8038011993359748,0.9070517420768738
z_cn_to_cn_residual,2,test-226,-0.0024748238360119044,-0.05142751336097717
z_cn_to_cn_residual,2,test-227,0.9397441581767094,0.7527509927749634
z_cn_to_cn_residual,2,test-228,-0.0022547768087889004,-0.050982266664505005
z_cn_to_cn_residual,2,test-229,-0.06401224965593211,-0.14080610871315002
z_cn_to_cn_residual,2,test-230,0.5620068735609041,0.4841618537902832
z_cn_to_cn_residual,2,test-231,-0.35440529161499984,-0.39146268367767334
z_cn_to_cn_residual,2,test-232,0.5770717695959459,0.47395217418670654
z_cn_to_cn_residual,2,test-233,-0.0015424143024689073,-0.04954153299331665
z_cn_to_cn_residual,2,test-234,-0.3683678903821438,-0.40702319145202637
z_cn_to_cn_residual,2,test-235,0.5958700816787429,0.3095710277557373
z_cn_to_cn_residual,2,test-236,-0.09556322073559016,-0.16421499848365784
z_cn_to_cn_residual,2,test-237,-0.10023401181546886,-0.16589972376823425
z_cn_to_cn_residual,2,test-238,1.0695654446363474,0.7275977730751038
z_cn_to_cn_residual,2,test-239,0.09843629919298769,0.11141213774681091
z_cn_to_cn_residual,2,test-240,-0.0022547768087889004,-0.050982266664505005
z_cn_to_cn_residual,2,test-241,-0.0040603077699362606,-0.05463334918022156
z_cn_to_cn_residual,2,test-242,1.0030490679325195,0.781977117061615
z_cn_to_cn_residual,2,test-243,0.6291349309040132,0.46828678250312805
z_cn_to_cn_residual,2,test-244,-0.10023401181546886,-0.16589972376823425
z_cn_to_cn_residual,2,test-245,0.5975839598243551,0.39218294620513916
z_cn_to_cn_residual,2,test-246,-0.6104629684544925,-0.5881164073944092
z_cn_to_cn_residual,2,test-247,-0.0022547768087889004,-0.050982266664505005
z_cn_to_cn_residual,2,test-248,-0.4047253779878611,-0.44289642572402954
z_cn_to_cn_residual,2,test-249,-0.3225624563234914,-0.35740891098976135
z_cn_to_cn_residual,2,test-250,-0.0020240857061117087,-0.05051645636558533
z_cn_to_cn_residual,2,test-251,0.030648706081244377,0.015475481748580933
z_cn_to_cn_residual,2,test-252,-0.3182842168668844,-0.3530222177505493
z_cn_to_cn_residual,2,test-253,-0.09556322073559016,-0.16421499848365784
z_cn_to_cn_residual,2,test-254,-0.007277398667662731,-0.06114056706428528
z_cn_to_cn_residual,2,test-255,-0.2731760138842796,-0.2899082899093628
z_cn_to_cn_residual,2,test-256,-0.0018015872129917689,-0.050065845251083374
z_cn_to_cn_residual,2,test-257,0.16176521739140348,0.29551786184310913
z_cn_to_cn_residual,2,test-258,0.8541545387589237,0.7635464668273926
z_cn_to_cn_residual,2,test-259,-0.002670989411858091,-0.051823973655700684
z_cn_to_cn_residual,2,test-260,-0.0018040386788887037,-0.0500713586807251
z_cn_to_cn_residual,2,test-261,0.4300956476547337,0.32102301716804504
z_cn_to_cn_residual,2,test-262,0.9122582513196982,0.7714964747428894
z_cn_to_cn_residual,2,test-263,-0.18635403734841144,-0.14360272884368896
z_cn_to_cn_residual,2,test-264,-0.3320721512816548,-0.3671576976776123
z_cn_to_cn_residual,2,test-265,-0.4547401543466098,-0.4698371887207031
z_cn_to_cn_residual,2,test-266,0.6908924037511563,0.5737871527671814
z_cn_to_cn_residual,2,test-267,0.6906723567239333,0.42403265833854675
z_cn_to_cn_residual,2,test-268,-0.09556322073559016,-0.16421499848365784
z_cn_to_cn_residual,2,test-269,0.5689702541034036,0.7720716595649719
z_cn_to_cn_residual,2,test-270,-0.0022547768087889004,-0.050982266664505005
z_cn_to_cn_residual,2,test-271,0.9983782768526407,0.6624241471290588
z_cn_to_cn_residual,2,test-272,0.2613485229610166,0.2493334412574768
z_cn_to_cn_residual,2,test-273,0.4673681426513657,0.3459615707397461
z_cn_to_cn_residual,2,test-274,0.5342790500685451,0.3189607262611389
z_cn_to_cn_residual,2,test-275,-0.09556322073559016,-0.16421499848365784
z_cn_to_cn_residual,2,test-276,-0.00020231820106400537,-0.04683205485343933
z_cn_to_cn_residual,2,test-277,-0.2948110893321348,-0.3287574350833893
z_cn_to_cn_residual,2,test-278,0.4199711666756657,0.5008538365364075
z_cn_to_cn_residual,2,test-279,0.508886128448866,0.36139214038848877
z_cn_to_cn_residual,2,test-280,-0.007277398667662731,-0.06114056706428528
z_cn_to_cn_residual,2,test-281,1.0243337583413894,0.953673779964447
z_cn_to_cn_residual,2,test-282,-0.03149563168791701,-0.10343983769416809
z_cn_to_cn_residual,2,test-283,-0.18635403734841144,-0.14360272884368896
z_cn_to_cn_residual,2,test-284,-0.0015424143024689073,-0.04954153299331665
z_cn_to_cn_residual,2,test-285,-0.09556322073559016,-0.16421499848365784
z_cn_to_cn_residual,2,test-286,1.2992843180736968,1.0161901712417603
z_cn_to_cn_residual,2,test-287,-0.10023401181546886,-0.16589972376823425
z_cn_to_cn_residual,2,test-288,0.5538976368173106,0.2979116141796112
z_cn_to_cn_residual,2,test-289,0.22592574994459075,0.3014500141143799
z_cn_to_cn_residual,2,test-290,0.5975839598243551,0.4627671241760254
z_cn_to_cn_residual,2,test-291,0.5684379178128287,0.5911944508552551
z_cn_to_cn_residual,2,test-292,-0.8251345712510022,-0.8484560251235962
z_cn_to_cn_residual,2,test-293,0.33648582322374365,0.2652519643306732
z_cn_to_cn_residual,2,test-294,0.6291349309040132,0.5474265217781067
z_cn_to_cn_residual,2,test-295,0.6906723567239333,0.5810648202896118
z_cn_to_cn_residual,2,test-296,-0.003006727339478526,-0.05250251293182373
z_cn_to_cn_residual,2,test-297,-0.00020231820106400537,-0.04683205485343933
z_cn_to_cn_residual,2,test-298,0.6913455933469536,0.5032110214233398
z_cn_to_cn_residual,2,test-299,-0.22577903790857956,-0.2077144980430603
z_cn_to_cn_residual,2,test-300,0.5067931432115338,0.5776994824409485
z_cn_to_cn_residual,2,test-301,-0.0015424143024689073,-0.04954153299331665
z_cn_to_cn_residual,2,test-302,0.6188686502332252,0.6007875800132751
z_cn_to_cn_residual,2,test-303,-0.0024748238360119044,-0.05142751336097717
z_cn_to_cn_residual,2,test-304,-0.33397562185019486,-0.36910927295684814
z_cn_to_cn_residual,2,test-305,0.3983360912278105,0.45800328254699707
z_cn_to_cn_residual,2,test-306,0.5928120623831642,0.6142220497131348
z_cn_to_cn_residual,2,test-307,-0.0024748238360119044,-0.05142751336097717
z_cn_to_cn_residual,2,test-308,0.6906723567239333,0.5736209154129028
z_cn_to_cn_residual,2,test-309,0.5096500404149069,0.36535340547561646
z_cn_to_cn_residual,2,test-310,-0.06401224965593211,-0.14080610871315002
z_cn_to_cn_residual,2,test-311,0.8882030670104488,0.7847383618354797
z_cn_to_cn_residual,2,test-312,0.0007524589277726183,-0.044902265071868896
z_cn_to_cn_residual,2,test-313,0.42321402141666187,0.47222620248794556
z_cn_to_cn_residual,2,test-314,0.1405242991682083,0.43027520179748535
z_cn_to_cn_residual,2,test-315,-0.00020231820106400537,-0.04683205485343933
z_cn_to_cn_residual,2,test-316,0.5975839598243551,0.38802582025527954
z_cn_to_cn_residual,2,test-317,0.6316565361190157,0.5163587331771851
z_cn_to_cn_residual,2,test-318,-0.2948110893321348,-0.3287574350833893
z_cn_to_cn_residual,2,test-319,0.42321402141666187,0.43610405921936035
z_cn_to_cn_residual,2,test-320,-0.15886813049140017,-0.15051686763763428
z_cn_to_cn_residual,2,test-321,-0.10023401181546886,-0.16589972376823425
z_cn_to_cn_residual,2,test-322,0.5067931432115338,0.5367417931556702
z_cn_to_cn_residual,2,test-323,-0.0022547768087889004,-0.050982266664505005
z_cn_to_cn_residual,2,test-324,-0.07427853032672008,-0.15121343731880188
z_cn_to_cn_residual,2,test-325,0.5342790500685451,0.535972535610199
z_cn_to_cn_residual,2,test-326,-0.002670989411858091,-0.051823973655700684
z_cn_to_cn_residual,2,test-327,-0.13114030699904125,-0.16574028134346008
z_cn_to_cn_residual,2,test-328,-0.4110045184115584,-0.4482129216194153
z_cn_to_cn_residual,2,test-329,-0.0015424143024689073,-0.04954153299331665
z_cn_to_cn_residual,2,test-330,1.020362347268267,0.9612201452255249
z_cn_to_cn_residual,2,test-331,-0.2812409609123343,-0.30454498529434204
z_cn_to_cn_residual,2,test-332,-0.0006184180575551858,-0.04767325520515442
z_cn_to_cn_residual,2,test-333,0.0028715724223535776,-0.040617674589157104
z_cn_to_cn_residual,2,test-334,-0.0040603077699362606,-0.05463334918022156
z_cn_to_cn_residual,2,test-335,1.105601283204832,1.0196075439453125
z_cn_to_cn_residual,2,test-336,-0.09556322073559016,-0.16421499848365784
z_cn_to_cn_residual,2,test-337,0.5929131687444764,0.4601253271102905
z_cn_to_cn_residual,2,test-338,0.6188686502332252,0.4140612483024597
z_cn_to_cn_residual,2,test-339,0.5342790500685451,0.5470159649848938
z_cn_to_cn_residual,2,test-340,0.934733314125266,1.0911054611206055
z_cn_to_cn_residual,2,test-341,0.4909381146800522,0.5404864549636841
z_cn_to_cn_residual,2,test-342,-0.07427853032672008,-0.15121343731880188
z_cn_to_cn_residual,2,test-343,-0.42488024750326947,-0.0036308765411376953
z_cn_to_cn_residual,2,test-344,-0.0018015872129917689,-0.050065845251083374
z_cn_to_cn_residual,2,test-345,0.5958700816787429,0.5754333138465881
z_cn_to_cn_residual,2,test-346,0.6188686502332252,0.4068501591682434
z_cn_to_cn_residual,2,test-347,0.6188686502332252,0.43027544021606445
z_cn_to_cn_residual,2,test-348,0.6188686502332252,0.5389494895935059
z_cn_to_cn_residual,2,test-349,-0.2630515329052116,-0.27348795533180237
z_cn_to_cn_residual,2,test-350,0.0028715724223535776,-0.040617674589157104
z_cn_to_cn_residual,2,test-351,-0.22577903790857956,-0.2077144980430603
z_cn_to_cn_residual,2,test-352,-0.0018015872129917689,-0.050065845251083374
z_cn_to_cn_residual,2,test-353,0.6739266191922899,0.44012385606765747
z_cn_to_cn_residual,2,test-354,-0.16827858824673567,-0.14536970853805542
z_cn_to_cn_residual,2,test-355,-0.5873090742255913,-0.581084132194519
z_cn_to_cn_residual,2,test-356,-0.0022547768087889004,-0.050982266664505005
z_cn_to_cn_residual,2,test-357,-0.0022547768087889004,-0.050982266664505005
z_cn_to_cn_residual,2,test-358,-0.0022547768087889004,-0.050982266664505005
z_cn_to_cn_residual,2,test-359,-0.03309047037242718,0.3461189270019531
z_cn_to_cn_residual,2,test-360,-0.13924954374263468,-0.16128015518188477
z_cn_to_cn_residual,2,test-361,0.42321402141666187,0.41522151231765747
z_cn_to_cn_residual,2,test-362,-0.3240937138453681,-0.3589784801006317
z_cn_to_cn_residual,2,test-363,0.2613485229610166,0.38028180599212646
z_cn_to_cn_residual,2,test-364,-0.06401224965593211,-0.14080610871315002
z_cn_to_cn_residual,2,test-365,-0.18635403734841144,-0.14360272884368896
z_cn_to_cn_residual,2,test-366,-0.0020240857061117087,-0.05051645636558533
z_cn_to_cn_residual,2,test-367,-0.5947108813669576,-0.5833365321159363
z_cn_to_cn_residual,2,test-368,1.0318890695048908,0.7491549849510193
z_cn_to_cn_residual,2,test-369,-0.0018015872129917689,-0.050065845251083374
z_cn_to_cn_residual,2,test-370,0.6858697818922825,0.5753659009933472
z_cn_to_cn_residual,2,test-371,-0.0015424143024689073,-0.04954153299331665
z_cn_to_cn_residual,2,test-372,0.6188686502332252,0.31843703985214233
z_cn_to_cn_residual,2,test-373,-0.3182842168668844,-0.3530222177505493
z_cn_to_cn_residual,2,test-374,0.5342790500685451,0.46246469020843506
z_cn_to_cn_residual,2,test-375,0.5975839598243551,0.503035843372345
z_cn_to_cn_residual,2,test-376,0.08268421210545274,0.30443495512008667
z_cn_to_cn_residual,2,test-377,-0.0040603077699362606,-0.05463334918022156
z_cn_to_cn_residual,2,test-378,-0.2948110893321348,-0.3287574350833893
z_cn_to_cn_residual,2,test-379,-0.0040603077699362606,-0.05463334918022156
z_cn_to_cn_residual,2,test-380,0.5975839598243551,0.5361513495445251
z_cn_to_cn_residual,2,test-381,0.6906723567239333,0.4341638386249542
z_cn_to_cn_residual,2,test-382,-0.0022547768087889004,-0.050982266664505005
z_cn_to_cn_residual,2,test-383,-0.0022547768087889004,-0.050982266664505005
z_cn_to_cn_residual,2,test-384,-0.02354671894819338,-0.09041327238082886
z_cn_to_cn_residual,2,test-385,-0.0022547768087889004,-0.050982266664505005
z_cn_to_cn_residual,2,test-386,-0.0022547768087889004,-0.050982266664505005
z_cn_to_cn_residual,2,test-387,0.6906723567239333,0.551042377948761
z_cn_to_cn_residual,2,test-388,0.5067931432115338,0.5345044136047363
z_cn_to_cn_residual,2,test-389,-0.0024748238360119044,-0.05142751336097717
z_cn_to_cn_residual,2,test-390,0.5929131687444764,0.41096097230911255
z_cn_to_cn_residual,2,test-391,0.5067931432115338,0.3594396710395813
z_cn_to_cn_residual,2,test-392,-0.0018015872129917689,-0.050065845251083374
z_cn_to_cn_residual,2,test-393,-0.0020240857061117087,-0.05051645636558533
z_cn_to_cn_residual,2,test-394,-0.0024748238360119044,-0.05142751336097717
z_cn_to_cn_residual,2,test-395,0.5620068735609041,0.5016455054283142
z_cn_to_cn_residual,2,test-396,-0.0022547768087889004,-0.050982266664505005
z_cn_to_cn_residual,2,test-397,-0.007582155548103726,-0.0617557168006897
z_cn_to_cn_residual,2,test-398,-0.0040603077699362606,-0.05463334918022156
z_cn_to_cn_residual,2,test-399,-0.18635403734841144,-0.14360272884368896
z_cn_to_cn_residual,2,test-400,0.6906723567239333,0.37545090913772583
z_cn_to_cn_residual,2,test-401,0.6906723567239333,0.390275776386261
z_cn_to_cn_residual,2,test-402,0.5958700816787429,0.5635581016540527
z_cn_to_cn_residual,2,test-403,-0.019646567613829567,-0.08389157056808472
z_cn_to_cn_residual,2,test-404,0.1650166480620453,0.3577495217323303
z_cn_to_cn_residual,2,test-405,-0.0015424143024689073,-0.04954153299331665
z_cn_to_cn_residual,2,test-406,-0.2630515329052116,-0.27348795533180237
z_cn_to_cn_residual,2,test-407,0.6913455933469536,0.7181777358055115
z_cn_to_cn_residual,2,test-408,0.0028715724223535776,-0.040617674589157104
z_cn_to_cn_residual,2,test-409,0.6696004616117519,0.4804455041885376
z_cn_to_cn_residual,2,test-410,-0.0022547768087889004,-0.050982266664505005
z_cn_to_cn_residual,2,test-411,-0.36593201385162366,-0.4043097496032715
z_cn_to_cn_residual,2,test-412,1.0030490679325195,0.6634460687637329
z_cn_to_cn_residual,2,test-413,0.3983360912278105,0.3841618299484253
z_cn_to_cn_residual,2,test-414,0.17526134949601502,0.4474620819091797
z_cn_to_cn_residual,2,test-415,0.6936189549882101,0.5706270337104797
z_cn_to_cn_residual,2,test-416,0.4300956476547337,0.2838681936264038
z_cn_to_cn_residual,2,test-417,-0.002670989411858091,-0.051823973655700684
z_cn_to_cn_residual,2,test-418,-0.18635403734841144,-0.14360272884368896
z_cn_to_cn_residual,2,test-419,0.4300956476547337,0.4672155976295471
z_cn_to_cn_residual,2,test-420,-0.10188873275634702,-0.16649696230888367
z_cn_to_cn_residual,2,test-421,-0.35440529161499984,-0.39146268367767334
z_cn_to_cn_residual,2,test-422,0.5975839598243551,0.6107972264289856
z_cn_to_cn_residual,2,test-423,-0.0024748238360119044,-0.05142751336097717
z_cn_to_cn_residual,2,test-424,0.6914309682769239,0.3510890007019043
z_cn_to_cn_residual,2,test-425,-0.00020231820106400537,-0.04683205485343933
z_cn_to_cn_residual,2,test-426,1.1999403237714792,1.080047369003296
z_cn_to_cn_residual,2,test-427,-0.06401224965593211,-0.14080610871315002
z_cn_to_cn_residual,2,test-428,0.6913455933469536,0.7181777358055115
z_cn_to_cn_residual,2,test-429,-0.13114030699904125,-0.16574028134346008
z_cn_to_cn_residual,2,test-430,0.001075849647576595,-0.04424816370010376
z_cn_to_cn_residual,2,test-431,-0.0024748238360119044,-0.05142751336097717
z_cn_to_cn_residual,2,test-432,-0.07427853032672008,-0.15121343731880188
z_cn_to_cn_residual,2,test-433,0.33648582322374365,0.38368743658065796
z_cn_to_cn_residual,2,test-434,0.5975839598243551,0.4341646432876587
z_cn_to_cn_residual,2,test-435,0.689086872790009,0.6026691794395447
z_cn_to_cn_residual,2,test-436,0.030648706081244377,0.015475481748580933
z_cn_to_cn_residual,2,test-437,0.6268363939653109,0.5108321905136108
z_cn_to_cn_residual,2,test-438,-0.12797890134930998,-0.16748109459877014
z_cn_to_cn_residual,2,test-439,-0.0022547768087889004,-0.050982266664505005
z_cn_to_cn_residual,2,test-440,0.8989657935458869,0.7341153025627136
z_cn_to_cn_residual,2,test-441,0.09843629919298769,0.23687458038330078
z_cn_to_cn_residual,2,test-442,0.9983782768526407,0.7462226748466492
z_cn_to_cn_residual,2,test-443,1.0030490679325195,0.8848216533660889
z_cn_to_cn_residual,2,test-444,-0.0018040386788887037,-0.0500713586807251
z_cn_to_cn_residual,2,test-445,1.1999403237714792,0.979154109954834
z_cn_to_cn_residual,2,test-446,0.9397441581767094,0.8012478947639465
z_cn_to_cn_residual,2,test-447,0.9122582513196982,0.5956947207450867
z_cn_to_cn_residual,2,test-448,-0.0015424143024689073,-0.04954153299331665
z_cn_to_cn_residual,2,test-449,0.6913455933469536,0.7181777358055115
z_cn_to_cn_residual,2,test-450,0.6188686502332252,0.41285377740859985
z_cn_to_cn_residual,2,test-451,-0.6164097484976776,0.08328121900558472
z_cn_to_cn_residual,2,test-452,-0.3225624563234914,-0.35740891098976135
z_cn_to_cn_residual,2,test-453,0.7326802748164859,0.48602908849716187
z_cn_to_cn_residual,2,test-454,-0.09556322073559016,-0.16421499848365784
z_cn_to_cn_residual,2,test-455,0.6898989853876496,0.4833105802536011
z_cn_to_cn_residual,2,test-456,-0.06631078659463438,-0.1431352198123932
z_cn_to_cn_residual,2,test-457,-0.0022547768087889004,-0.050982266664505005
z_cn_to_cn_residual,2,test-458,-0.15886813049140017,-0.15051686763763428
z_cn_to_cn_residual,2,test-459,0.5620068735609041,0.49134302139282227
z_cn_to_cn_residual,2,test-460,0.9122582513196982,0.80413818359375
z_cn_to_cn_residual,2,test-461,0.5929131687444764,0.39698469638824463
z_cn_to_cn_residual,2,test-462,-0.00020231820106400537,-0.04683205485343933
z_cn_to_cn_residual,2,test-463,0.6908924037511563,0.4723741412162781
z_cn_to_cn_residual,2,test-464,0.6914309682769239,0.4344522953033447
z_cn_to_cn_residual,2,test-465,-0.00020231820106400537,-0.04683205485343933
z_cn_to_cn_residual,2,test-466,0.4300956476547337,0.3189889192581177
z_cn_to_cn_residual,2,test-467,0.503901407301152,0.47172605991363525
z_cn_to_cn_residual,2,test-468,-0.18635403734841144,-0.14360272884368896
z_cn_to_cn_residual,2,test-469,-0.10023401181546886,-0.16589972376823425
z_cn_to_cn_residual,2,test-470,-0.0018040386788887037,-0.0500713586807251
z_cn_to_cn_residual,2,test-471,0.4300956476547337,0.34052032232284546
z_cn_to_cn_residual,2,test-472,-0.0024748238360119044,-0.05142751336097717
z_cn_to_cn_residual,2,test-473,0.3950893555112512,0.2788587212562561
z_cn_to_cn_residual,2,test-474,0.1650166480620453,0.3597479462623596
z_cn_to_cn_residual,2,test-475,0.6291349309040132,0.5474265217781067
z_cn_to_cn_residual,2,test-476,-0.0024748238360119044,-0.05142751336097717
z_cn_to_cn_residual,2,test-477,-0.09556322073559016,-0.16421499848365784
z_cn_to_cn_residual,2,test-478,0.5958700816787429,0.6337735652923584
z_cn_to_cn_residual,2,test-479,0.5067931432115338,0.42495426535606384
z_cn_to_cn_residual,2,test-480,0.7255381829334756,0.8205588459968567
z_cn_to_cn_residual,2,test-481,-0.0040603077699362606,-0.05463334918022156
z_cn_to_cn_residual,2,test-482,0.5620068735609041,0.5582122802734375
z_cn_to_cn_residual,2,test-483,0.4673681426513657,0.3373763859272003
z_cn_to_cn_residual,2,test-484,-0.0024748238360119044,-0.05142751336097717
z_cn_to_cn_residual,2,test-485,-0.2948110893321348,-0.3287574350833893
z_cn_to_cn_residual,2,test-486,-0.0020240857061117087,-0.05051645636558533
z_cn_to_cn_residual,2,test-487,-0.19964350558256308,-0.1647205948829651
z_cn_to_cn_residual,2,test-488,-0.0024748238360119044,-0.05142751336097717
z_cn_to_cn_residual,2,test-489,-0.002670989411858091,-0.051823973655700684
z_cn_to_cn_residual,2,test-490,-0.0022547768087889004,-0.050982266664505005
z_cn_to_cn_residual,2,test-491,-0.0024748238360119044,-0.05142751336097717
z_cn_to_cn_residual,2,test-492,0.6438721343214997,0.5088887810707092
z_cn_to_cn_residual,2,test-493,0.7302443982859658,0.8217254281044006
z_cn_to_cn_residual,2,test-494,-0.0018015872129917689,-0.050065845251083374
z_cn_to_cn_residual,2,test-495,-0.3240937138453681,-0.3589784801006317
z_cn_to_cn_residual,2,test-496,-0.0022547768087889004,-0.050982266664505005
z_cn_to_cn_residual,2,test-497,0.6901404532204668,0.6969920992851257
z_cn_to_cn_residual,2,test-498,-0.0040603077699362606,-0.05463334918022156
z_cn_to_cn_residual,2,test-499,-0.5321398223609669,-0.5641975402832031
z_cn_to_cn_residual,2,test-500,-0.2980578250486941,-0.33228373527526855
z_cn_to_cn_residual,2,test-501,0.6942230302075219,0.5904086232185364
z_cn_to_cn_residual,2,test-502,0.3983360912278105,0.5008182525634766
z_cn_to_cn_residual,2,test-503,-0.4589079606438703,-0.0701325535774231
z_cn_to_cn_residual,2,test-504,-0.46722143061535454,-0.4722405672073364
z_cn_to_cn_residual,2,test-505,0.6291349309040132,0.49245381355285645
z_cn_to_cn_residual,2,test-506,-0.4110045184115584,-0.4482129216194153
z_cn_to_cn_residual,2,test-507,-0.007277398667662731,-0.06114056706428528
z_cn_to_cn_residual,2,test-508,-0.7430745731595764,-0.7466476559638977
z_cn_to_cn_residual,2,test-509,0.411906219647611,0.24216747283935547
z_cn_to_cn_residual,2,test-510,0.9288112708702547,0.8814161419868469
z_cn_to_cn_residual,2,test-511,-0.06631078659463438,-0.1431352198123932
