abs_delta_score_cn,abs_delta_score_degree,abs_delta_score_interaction,abs_delta_score_residual,abs_delta_score_total,cn_expected_after,cn_expected_before,cn_raw_after,cn_raw_before,cn_residual_feature_after,cn_residual_feature_before,cross_response,cross_sensitivity,delta_cn_expected,delta_cn_raw,delta_cn_residual_feature,delta_score_cn,delta_score_degree,delta_score_interaction,delta_score_residual,delta_score_total,failure_code,interaction_share_after,interaction_share_before,interaction_share_cap,interaction_share_cap_violation_before,intervention_kind,intervention_type,pair_id,post_degree_u,post_degree_v,pre_degree_u,pre_degree_v,requested_delta,routing_ratio,routing_selectivity,score_cn_after,score_cn_before,score_degree_after,score_degree_before,score_interaction_after,score_interaction_before,score_residual_after,score_residual_before,score_total_after,score_total_before,status,target_response,u,v
7.724761962890625e-05,0.03321915864944458,0.0012999996542930603,0.0010063648223876953,0.035602569580078125,0.27377960085868835,0.2726098299026489,1.0,1.0,0.41936758160591125,0.4205373525619507,0.002383612096309662,0.002383612096309662,0.0011697709560394287,0.0,-0.0011697709560394287,7.724761962890625e-05,0.03321915864944458,0.0012999996542930603,0.0010063648223876953,0.035602569580078125,,0.015751637518405914,0.01563880778849125,0.2,0,degree,degree_u_plus,0,26,3,25,3,1,13.936419997479753,0.9330495526927649,2.83697509765625,2.836897850036621,0.7724550366401672,0.7392358779907227,0.10375793278217316,0.1024579331278801,2.8739326000213623,2.8729262351989746,6.593303680419922,6.557701110839844,AVAILABLE,0.03321915864944458,733,1062
0.001373291015625,0.0,0.0006657987833023071,0.017943620681762695,0.015904903411865234,0.2726098299026489,0.2726098299026489,2.0,1.0,0.8260024785995483,0.4205373525619507,0.018609419465065002,0.018609419465065002,0.0,1.0,0.40546512603759766,-0.001373291015625,0.0,-0.0006657987833023071,0.017943620681762695,0.015904903411865234,,0.015499555505812168,0.01563880778849125,0.2,0,cn,cn_plus,0,25,3,25,3,1,0.07379543893073366,0.06872392660208898,2.835524559020996,2.836897850036621,0.7392358779907227,0.7392358779907227,0.10179213434457779,0.1024579331278801,2.8908698558807373,2.8729262351989746,6.573606014251709,6.557701110839844,AVAILABLE,0.001373291015625,733,1062
0.0,0.0521358847618103,0.004932723939418793,0.011985301971435547,0.04508328437805176,0.21963798999786377,0.2623661458492279,0.0,0.0,-0.21963798999786377,-0.2623661458492279,0.01691802591085434,0.01691802591085434,-0.042728155851364136,0.0,0.042728155851364136,0.0,0.0521358847618103,0.004932723939418793,-0.011985301971435547,0.04508328437805176,,0.011379208415746689,0.010312564671039581,0.2,0,degree,degree_u_plus,1,18,2,17,2,1,3.081674789941825,0.7550025292401474,-0.7559678554534912,-0.7559678554534912,0.7398309707641602,0.6876950860023499,0.04766351729631424,0.04273079335689545,2.6451871395111084,2.657172441482544,2.682896852493286,2.6378135681152344,AVAILABLE,0.0521358847618103,1416,1468
3.584429979324341,0.0,0.05456317961215973,0.1274394989013672,3.766432285308838,0.2623661458492279,0.2623661458492279,1.0,0.0,0.4307810366153717,-0.2623661458492279,0.18200267851352692,0.18200267851352692,0.0,1.0,0.6931471824645996,3.584429979324341,0.0,0.05456317961215973,0.1274394989013672,3.766432285308838,,0.015206786803901196,0.010312564671039581,0.2,0,cn,cn_plus,1,17,2,17,2,1,19.694379289666024,0.9516777002101551,2.8284621238708496,-0.7559678554534912,0.6876950860023499,0.6876950860023499,0.09729397296905518,0.04273079335689545,2.784611940383911,2.657172441482544,6.404245853424072,2.6378135681152344,AVAILABLE,3.584429979324341,1416,1468
7.152557373046875e-06,0.06653404235839844,0.003146521747112274,0.007894515991210938,0.07756757736206055,0.7663353681564331,0.6968421936035156,1.0,1.0,-0.0731881856918335,-0.0036950111389160156,0.011048190295696259,0.011048190295696259,0.06949317455291748,0.0,-0.06949317455291748,-7.152557373046875e-06,0.06653404235839844,0.003146521747112274,0.007894515991210938,0.07756757736206055,,0.011583823710680008,0.010967152193188667,0.2,0,degree,degree_u_plus,2,14,6,13,6,1,6.0221611282985394,0.8575936977620594,2.834874153137207,2.83488130569458,-0.3047580122947693,-0.3712920546531677,0.07053942233324051,0.06739290058612823,2.879305124282837,2.871410608291626,5.486143589019775,5.408576011657715,AVAILABLE,0.06653404235839844,350,1778
0.002602100372314453,0.0,0.0004357770085334778,0.02694869041442871,0.029114723205566406,0.6968421936035156,0.6968421936035156,2.0,1.0,0.40177011489868164,-0.0036950111389160156,0.02738446742296219,0.02738446742296219,0.0,1.0,0.40546512603759766,0.002602100372314453,0.0,-0.0004357770085334778,0.02694869041442871,0.029114723205566406,,0.010844853706657887,0.010967152193188667,0.2,0,cn,cn_plus,2,13,6,13,6,1,0.0950209979224421,0.08677550302936952,2.8374834060668945,2.83488130569458,-0.3712920546531677,-0.3712920546531677,0.06695712357759476,0.06739290058612823,2.8983592987060547,2.871410608291626,5.437690734863281,5.408576011657715,AVAILABLE,0.002602100372314453,350,1778
0.0,0.02867734432220459,0.0020475611090660095,0.0026977062225341797,0.028027057647705078,0.4221753180027008,0.8077701330184937,0.0,0.0,-0.4221753180027008,-0.8077701330184937,0.004745267331600189,0.004745267331600189,-0.38559481501579285,0.0,0.38559481501579285,0.0,-0.02867734432220459,-0.0020475611090660095,0.0026977062225341797,-0.028027057647705078,,0.019926240667700768,0.01962105557322502,0.2,0,degree,degree_u_plus,3,11,12,10,12,1,6.0433442174672845,0.8580219893953174,-0.7559678554534912,-0.7559678554534912,-0.6791947484016418,-0.6505174040794373,-0.09087233990430832,-0.08882477879524231,3.034400701522827,3.031702995300293,1.5145490169525146,1.5425760746002197,AVAILABLE,0.02867734432220459,657,1740
3.577375650405884,0.0,0.15004324913024902,0.0011725425720214844,3.728591203689575,0.8077701330184937,0.8077701330184937,1.0,0.0,-0.11462295055389404,-0.8077701330184937,0.1512157917022705,0.1512157917022705,0.0,1.0,0.6931471824645996,3.577375650405884,0.0,0.15004324913024902,0.0011725425720214844,3.728591203689575,,0.009323528967797756,0.01962105557322502,0.2,0,cn,cn_plus,3,10,12,10,12,1,23.657419463670838,0.9594442556540291,2.8214077949523926,-0.7559678554534912,-0.6505174040794373,-0.6505174040794373,0.061218470335006714,-0.08882477879524231,3.0328755378723145,3.031702995300293,5.271167278289795,1.5425760746002197,AVAILABLE,3.577375650405884,657,1740
0.0,0.19003111124038696,0.01641758903861046,0.016342639923095703,0.19010615348815918,0.12291979789733887,0.10136482119560242,0.0,0.0,-0.12291979789733887,-0.10136482119560242,0.03276022896170616,0.03276022896170616,0.02155497670173645,0.0,-0.02155497670173645,0.0,0.19003111124038696,0.01641758903861046,-0.016342639923095703,0.19010615348815918,,0.010421395301818848,0.013928128406405449,0.2,0,degree,degree_u_plus,4,8,2,7,2,1,5.800663159463416,0.8529555167559716,-0.7559678554534912,-0.7559678554534912,-0.2091095745563507,-0.39914068579673767,-0.03956841304898262,-0.05598600208759308,2.792198419570923,2.8085410594940186,1.7937357425689697,1.6036295890808105,AVAILABLE,0.19003111124038696,1602,2073
3.590629816055298,0.0,0.1048431284725666,0.07159996032714844,3.767073154449463,0.10136482119560242,0.10136482119560242,1.0,0.0,0.5917823314666748,-0.10136482119560242,0.17644308879971504,0.17644308879971504,0.0,1.0,0.6931471526622772,3.590629816055298,0.0,0.1048431284725666,0.07159996032714844,3.767073154449463,,0.007927747443318367,0.013928128406405449,0.2,0,cn,cn_plus,4,7,2,7,2,1,20.350072292320775,0.9531617511028437,2.8346619606018066,-0.7559678554534912,-0.39914068579673767,-0.39914068579673767,0.048857126384973526,-0.05598600208759308,2.880141019821167,2.8085410594940186,5.370702743530273,1.6036295890808105,AVAILABLE,3.590629816055298,1602,2073
0.00010776519775390625,0.050681278109550476,0.001775309443473816,0.003394603729248047,0.04895448684692383,0.7490926384925842,0.7634426355361938,5.0,5.0,1.0426669120788574,1.028316855430603,0.005277678370475769,0.005277678370475769,-0.01434999704360962,0.0,0.014350056648254395,-0.00010776519775390625,0.050681278109550476,0.001775309443473816,-0.003394603729248047,0.04895448684692383,,0.012995114549994469,0.012586420401930809,0.2,0,degree,degree_u_plus,5,17,6,16,6,1,9.602931160746367,0.9056864573730188,2.826338291168213,2.826446056365967,-0.13856136798858643,-0.1892426460981369,0.07742297649383545,0.07564766705036163,2.915529489517212,2.91892409324646,5.686913013458252,5.637958526611328,AVAILABLE,0.050681278109550476,507,1300
0.0014820098876953125,0.0,9.229034185409546e-05,0.003123760223388672,0.0015492439270019531,0.7634426355361938,0.7634426355361938,6.0,5.0,1.1824674606323242,1.028316855430603,0.0032160505652427673,0.0032160505652427673,0.0,1.0,0.1541506052017212,-0.0014820098876953125,0.0,-9.229034185409546e-05,0.003123760223388672,0.0015492439270019531,,0.012567825615406036,0.012586420401930809,0.2,0,cn,cn_plus,5,16,6,16,6,1,0.460815291761597,0.31545075846372056,2.8249640464782715,2.826446056365967,-0.1892426460981369,-0.1892426460981369,0.07555537670850754,0.07564766705036163,2.9220478534698486,2.91892409324646,5.63950777053833,5.637958526611328,AVAILABLE,0.0014820098876953125,507,1300
0.0,0.11762070655822754,0.009812571108341217,0.23244214057922363,0.3598753809928894,0.4244561195373535,0.45435792207717896,0.0,0.0,-0.4244561195373535,-0.45435792207717896,0.24225471168756485,0.24225471168756485,-0.02990180253982544,0.0,0.02990180253982544,0.0,0.11762070655822754,0.009812571108341217,0.23244214057922363,0.3598753809928894,,0.018912695348262787,0.02212171070277691,0.2,0,degree,degree_u_plus,6,9,4,8,4,1,0.4855249290452328,0.32683728125470524,-0.7559678554534912,-0.7559678554534912,-0.5089841485023499,-0.6266048550605774,-0.07152220606803894,-0.08133477717638016,2.4452292919158936,2.21278715133667,1.1149382591247559,0.7550628781318665,AVAILABLE,0.11762070655822754,1682,2189
3.589014768600464,0.0,0.13492272421717644,0.23022246360778809,3.954159915447235,0.45435792207717896,0.45435792207717896,1.0,0.0,0.23878926038742065,-0.45435792207717896,0.3651451878249645,0.3651451878249645,0.0,1.0,0.6931471824645996,3.589014768600464,0.0,0.13492272421717644,0.23022246360778809,3.954159915447235,,0.008996928110718727,0.02212171070277691,0.2,0,cn,cn_plus,6,8,4,8,4,1,9.829007172979141,0.9076554310080033,2.8330469131469727,-0.7559678554534912,-0.6266048550605774,-0.6266048550605774,0.05358794704079628,-0.08133477717638016,2.443009614944458,2.21278715133667,4.709222793579102,0.7550628781318665,AVAILABLE,3.589014768600464,1682,2189
2.6702880859375e-05,0.009122848510742188,0.00031523406505584717,0.00823354721069336,0.0012316703796386719,0.5024290680885315,0.7020067572593689,5.0,5.0,1.2893304824829102,1.0897526741027832,0.008575484156608582,0.008575484156608582,-0.1995776891708374,0.0,0.19957780838012695,2.6702880859375e-05,0.009122848510742188,0.00031523406505584717,-0.00823354721069336,0.0012316703796386719,,0.016815951094031334,0.016772335395216942,0.2,0,degree,degree_u_plus,7,65,5,64,5,1,1.0638277333221426,0.5154634353176849,2.8315300941467285,2.831503391265869,1.0280336141586304,1.0189107656478882,0.11356938630342484,0.11325415223836899,2.780536413192749,2.7887699604034424,6.759852886199951,6.7586212158203125,AVAILABLE,0.009122848510742188,306,1798
,,,,,,,,,,,,,,,,,,,,,NO_CANDIDATE,,,,,cn,cn,7,,,,,,,,,,,,,,,,,,MISSING,,306,1798
0.0,0.09421670436859131,0.008727024309337139,0.00487065315246582,0.10781455039978027,0.15178519487380981,0.18823504447937012,0.0,0.0,-0.15178519487380981,-0.18823504447937012,0.01359767746180296,0.01359767746180296,-0.0364498496055603,0.0,0.0364498496055603,0.0,0.09421670436859131,0.008727024309337139,0.00487065315246582,0.10781455039978027,,0.004643989726901054,0.002354301977902651,0.2,0,degree,degree_u_plus,8,13,2,12,2,1,6.928877033926093,0.8738787351952618,-0.7559678554534912,-0.7559678554534912,0.41607919335365295,0.32186248898506165,0.017185505479574203,0.008458481170237064,2.5113584995269775,2.5064878463745117,2.194838523864746,2.087023973464966,AVAILABLE,0.09421670436859131,661,1878
3.5879385471343994,0.0,0.07113198097795248,0.2309095859527588,3.8899800777435303,0.18823504447937012,0.18823504447937012,1.0,0.0,0.5049121379852295,-0.18823504447937012,0.30204156693071127,0.30204156693071127,0.0,1.0,0.6931471824645996,3.5879385471343994,0.0,0.07113198097795248,0.2309095859527588,3.8899800777435303,,0.013329902663826942,0.002354301977902651,0.2,0,cn,cn_plus,8,12,2,12,2,1,11.87895581659434,0.9223539536713439,2.831970691680908,-0.7559678554534912,0.32186248898506165,0.32186248898506165,0.07959046214818954,0.008458481170237064,2.7373974323272705,2.5064878463745117,5.977004051208496,2.087023973464966,AVAILABLE,3.5879385471343994,661,1878
0.0,0.2231009304523468,0.018343448638916016,0.0013477802276611328,0.2400965690612793,0.10136482119560242,0.11078149825334549,0.0,0.0,-0.10136482119560242,-0.11078149825334549,0.01969122886657715,0.01969122886657715,-0.009416677057743073,0.0,0.009416677057743073,0.0,0.2231009304523468,0.018343448638916016,-0.0013477802276611328,0.2400965690612793,,0.013205810450017452,0.016582919284701347,0.2,0,degree,degree_u_plus,9,7,2,6,2,1,11.32995907286597,0.9188967299818003,-0.7559678554534912,-0.7559678554534912,-0.39914068579673767,-0.6222416162490845,-0.05598600208759308,-0.0743294507265091,3.0284030437469482,3.0297508239746094,1.8234915733337402,1.583395004272461,AVAILABLE,0.2231009304523468,2446,2448
3.5670602321624756,0.0,0.11294617876410484,0.001550912857055664,3.6815576553344727,0.11078149825334549,0.11078149825334549,1.0,0.0,0.5823656916618347,-0.11078149825334549,0.11449709162116051,0.11449709162116051,0.0,1.0,0.6931471899151802,3.5670602321624756,0.0,0.11294617876410484,0.001550912857055664,3.6815576553344727,,0.005938063841313124,0.016582919284701347,0.2,0,cn,cn_plus,9,6,2,6,2,1,31.154153089087785,0.9688998184082364,2.8110923767089844,-0.7559678554534912,-0.6222416162490845,-0.6222416162490845,0.03861672803759575,-0.0743294507265091,3.031301736831665,3.0297508239746094,5.264952659606934,1.583395004272461,AVAILABLE,3.5670602321624756,2446,2448
0.0,0.1623491644859314,0.017116740345954895,0.9450091123580933,1.1244749873876572,0.4244561195373535,0.41515451669692993,0.0,0.0,-0.4244561195373535,-0.41515451669692993,0.9621258527040482,0.9621258527040482,0.009301602840423584,0.0,-0.009301602840423584,0.0,-0.1623491644859314,-0.017116740345954895,-0.9450091123580933,-1.1244749873876572,,0.02785314805805683,0.016321435570716858,0.2,0,degree,degree_u_plus,10,4,9,3,9,1,0.16874004824031044,0.14437774122172886,-0.7559678554534912,-0.7559678554534912,-0.5089841485023499,-0.34663498401641846,-0.07152220606803894,-0.054405465722084045,1.2313579320907593,2.1763670444488525,-0.09893308579921722,1.02554190158844,AVAILABLE,0.1623491644859314,1704,1912
3.5868942737579346,0.0,0.11536867544054985,0.3296208381652832,4.031883597373962,0.41515451669692993,0.41515451669692993,1.0,0.0,0.2779926657676697,-0.41515451669692993,0.44498951360583305,0.44498951360583305,0.0,1.0,0.6931471824645996,3.5868942737579346,0.0,0.11536867544054985,0.3296208381652832,4.031883597373962,,0.010612426325678825,0.016321435570716858,0.2,0,cn,cn_plus,10,3,9,3,9,1,8.060626337206013,0.8896323540135785,2.8309264183044434,-0.7559678554534912,-0.34663498401641846,-0.34663498401641846,0.060963209718465805,-0.054405465722084045,2.5059878826141357,2.1763670444488525,5.057425498962402,1.02554190158844,AVAILABLE,3.5868942737579346,1704,1912
0.0002818107604980469,0.03032362461090088,0.005637615919113159,0.02546095848083496,0.0498652458190918,0.33077800273895264,0.27733898162841797,2.0,2.0,0.7678343057632446,0.8212733268737793,0.03138038516044617,0.03138038516044617,0.05343902111053467,0.0,-0.05343902111053467,0.0002818107604980469,-0.03032362461090088,0.005637615919113159,-0.02546095848083496,-0.0498652458190918,,0.006668074056506157,0.005852558184415102,0.2,0,degree,degree_u_plus,11,5,5,4,5,1,0.9663238609921232,0.4914367771057599,2.8345842361450195,2.8343024253845215,-1.0532379150390625,-1.0229142904281616,0.04558008164167404,0.03994246572256088,2.902167320251465,2.9276282787323,4.735276699066162,4.785141944885254,AVAILABLE,0.03032362461090088,4,1761
0.002281665802001953,0.0,0.0010958798229694366,0.04317665100097656,0.041991233825683594,0.27733898162841797,0.27733898162841797,3.0,2.0,1.1089553833007812,0.8212733268737793,0.044272530823946,0.044272530823946,0.0,1.0,0.28768205642700195,-0.002281665802001953,0.0,0.0010958798229694366,0.04317665100097656,0.041991233825683594,,0.005976360756903887,0.005852558184415102,0.2,0,cn,cn_plus,11,4,5,4,5,1,0.051536816264402256,0.0490109480403049,2.8320207595825195,2.8343024253845215,-1.0229142904281616,-1.0229142904281616,0.04103834554553032,0.03994246572256088,2.9708049297332764,2.9276282787323,4.8271331787109375,4.785141944885254,AVAILABLE,0.002281665802001953,4,1761
2.3365020751953125e-05,0.10572031140327454,0.003957200795412064,0.025901079177856445,0.08375310897827148,0.4369032680988312,0.4244561195373535,2.0,2.0,0.6617090702056885,0.6741561889648438,0.029881644994020462,0.029881644994020462,0.012447148561477661,0.0,-0.012447118759155273,-2.3365020751953125e-05,0.10572031140327454,0.003957200795412064,-0.025901079177856445,0.08375310897827148,,0.010031984187662601,0.009196154773235321,0.2,0,degree,degree_u_plus,12,10,4,9,4,1,3.537967071249231,0.7796370083124654,2.834855079650879,2.834878444671631,-0.4032638370990753,-0.5089841485023499,0.061589743942022324,0.05763254314661026,2.839629650115967,2.8655307292938232,5.338994026184082,5.2552409172058105,AVAILABLE,0.10572031140327454,236,2046
0.0012784004211425781,0.0,0.0008913241326808929,0.042716026306152344,0.04310274124145508,0.4244561195373535,0.4244561195373535,3.0,2.0,0.9618382453918457,0.6741561889648438,0.04360735043883324,0.04360735043883324,0.0,1.0,0.28768205642700195,0.0012784004211425781,0.0,-0.0008913241326808929,0.042716026306152344,0.04310274124145508,,0.008992086164653301,0.009196154773235321,0.2,0,cn,cn_plus,12,9,4,9,4,1,0.02931616149837257,0.028481201981417563,2.8361568450927734,2.834878444671631,-0.5089841485023499,-0.5089841485023499,0.05674121901392937,0.05763254314661026,2.9082467555999756,2.8655307292938232,5.298343658447266,5.2552409172058105,AVAILABLE,0.0012784004211425781,236,2046
0.0,1.601101577281952,0.15400489047169685,0.033588409423828125,1.7215179800987244,0.0018686256371438503,0.003560676472261548,0.0,0.0,-0.0018686256371438503,-0.003560676472261548,0.18759329989552498,0.18759329989552498,-0.0016920508351176977,0.0,0.0016920508351176977,0.0,-1.601101577281952,-0.15400489047169685,0.033588409423828125,-1.7215179800987244,,0.008916898630559444,0.03003869764506817,0.2,0,degree,degree_u_plus,13,1,1,0,1,1,8.534960965151914,0.8951228008531162,-0.7559678554534912,-0.7559678554534912,-1.0529664754867554,0.5481351017951965,-0.03842312470078468,0.11558176577091217,2.4616658687591553,2.428077459335327,0.6204915642738342,2.3420095443725586,AVAILABLE,1.601101577281952,1411,2218
,,,,,,,,,,,,,,,,,,,,,NO_CANDIDATE,,,,,cn,cn,13,,,,,,,,,,,,,,,,,,MISSING,,1411,2218
0.00013208389282226562,0.16389188170433044,0.002888888120651245,0.00013399124145507812,0.16678333282470703,0.6186087131500244,0.6567931175231934,1.0,1.0,0.0745384693145752,0.03635406494140625,0.003154963254928589,0.003154963254928589,-0.038184404373168945,0.0,0.038184404373168945,0.00013208389282226562,-0.16389188170433044,-0.002888888120651245,-0.00013399124145507812,-0.16678333282470703,,0.014806495979428291,0.014873933978378773,0.2,0,degree,degree_u_plus,14,5,22,4,22,1,51.94715405219498,0.9811132436124101,2.8358378410339355,2.8357057571411133,0.22707778215408325,0.3909696638584137,0.08961453288793564,0.09250342100858688,2.8998496532440186,2.8999836444854736,6.058562755584717,6.225346088409424,AVAILABLE,0.16389188170433044,1359,1914
0.0002193450927734375,0.0,0.0016966313123703003,0.023657560348510742,0.02218008041381836,0.6567931175231934,0.6567931175231934,2.0,1.0,0.4418191909790039,0.03635406494140625,0.025354191660881042,0.025354191660881042,0.0,1.0,0.40546512603759766,0.0002193450927734375,0.0,-0.0016966313123703003,0.023657560348510742,0.02218008041381836,,0.014549238607287407,0.014873933978378773,0.2,0,cn,cn_plus,14,4,22,4,22,1,0.008651232474492173,0.00857703058892654,2.8359251022338867,2.8357057571411133,0.3909696638584137,0.3909696638584137,0.09080678969621658,0.09250342100858688,2.9236412048339844,2.8999836444854736,6.247526168823242,6.225346088409424,AVAILABLE,0.0002193450927734375,1359,1914
0.0,0.018451452255249023,0.0017909109592437744,0.0011796951293945312,0.01906299591064453,0.020298779010772705,-0.07882805913686752,0.0,0.0,-0.020298779010772705,0.07882805913686752,0.0029706060886383057,0.0029706060886383057,0.09912683814764023,0.0,-0.09912683814764023,0.0,0.018451452255249023,0.0017909109592437744,-0.0011796951293945312,0.01906299591064453,,0.023016400635242462,0.02274397388100624,0.2,0,degree,degree_u_plus,15,30,1,29,1,1,6.211321727442385,0.8613291657485559,-0.7559678554534912,-0.7559678554534912,1.4391587972640991,1.42070734500885,0.11467930674552917,0.1128883957862854,2.6726982593536377,2.6738779544830322,3.4767518043518066,3.457688808441162,AVAILABLE,0.018451452255249023,1013,1844
3.5856077671051025,0.0,0.023971274495124817,0.08424854278564453,3.6938276290893555,-0.07882805913686752,-0.07882805913686752,1.0,0.0,0.7719752192497253,0.07882805913686752,0.10821981728076935,0.10821981728076935,0.0,1.0,0.6931471601128578,3.5856077671051025,0.0,0.023971274495124817,0.08424854278564453,3.6938276290893555,,0.019153714179992676,0.02274397388100624,0.2,0,cn,cn_plus,15,29,1,29,1,1,33.132632505524846,0.9707025234623161,2.8296399116516113,-0.7559678554534912,1.42070734500885,1.42070734500885,0.13685967028141022,0.1128883957862854,2.7581264972686768,2.6738779544830322,7.151516437530518,3.457688808441162,AVAILABLE,3.5856077671051025,1013,1844
0.00034046173095703125,0.1400594711303711,0.0010136226192116737,0.010086297988891602,0.13132715225219727,0.003655461361631751,0.003560676472261548,1.0,1.0,0.6894917488098145,0.6895865201950073,0.011440382339060307,0.011440382339060307,9.478488937020302e-05,0.0,-9.47713851928711e-05,0.00034046173095703125,0.1400594711303711,0.0010136226192116737,-0.010086297988891602,0.13132715225219727,,0.0015295137418434024,0.0013541016960516572,0.2,0,degree,degree_u_plus,16,3,1,2,1,1,12.242540900644963,0.9244857910953256,2.8368606567382812,2.836520195007324,-1.1696096658706665,-1.3096691370010376,0.010595135390758514,0.00958151277154684,2.9100611209869385,2.92014741897583,4.594090461730957,4.46276330947876,AVAILABLE,0.1400594711303711,2263,2490
,,,,,,,,,,,,,,,,,,,,,NO_CANDIDATE,,,,,cn,cn,16,,,,,,,,,,,,,,,,,,MISSING,,2263,2490
4.76837158203125e-07,0.02625858783721924,0.001160167157649994,0.01810598373413086,0.045525550842285156,0.18750245869159698,0.17839844524860382,1.0,1.0,0.5056447386741638,0.514748752117157,0.019266627728939056,0.019266627728939056,0.009104013442993164,0.0,-0.009104013442993164,4.76837158203125e-07,0.02625858783721924,0.001160167157649994,0.01810598373413086,0.045525550842285156,,0.01776207610964775,0.017707709223031998,0.2,0,degree,degree_u_plus,17,27,2,26,2,1,1.3629045299262603,0.5767920424481953,2.833639621734619,2.833639144897461,1.0589301586151123,1.032671570777893,0.11565932631492615,0.11449915915727615,2.503359079360962,2.485253095626831,6.517771244049072,6.472245693206787,AVAILABLE,0.02625858783721924,1072,1802
1.6689300537109375e-05,0.0,0.00206543505191803,0.08684349060058594,0.0847620964050293,0.17839844524860382,0.17839844524860382,2.0,1.0,0.9202138781547546,0.514748752117157,0.08890892565250397,0.08890892565250397,0.0,1.0,0.40546512603759766,-1.6689300537109375e-05,0.0,-0.00206543505191803,0.08684349060058594,0.0847620964050293,,0.017163293436169624,0.017707709223031998,0.2,0,cn,cn_plus,17,26,2,26,2,1,0.0001877122970219625,0.00018767706772848084,2.833622455596924,2.833639144897461,1.032671570777893,1.032671570777893,0.11243372410535812,0.11449915915727615,2.572096586227417,2.485253095626831,6.557007789611816,6.472245693206787,AVAILABLE,1.6689300537109375e-05,1072,1802
0.0,0.23240244388580322,0.02250724285840988,0.26244091987609863,0.5173506736755371,0.08534102886915207,-0.007736477069556713,0.0,0.0,-0.08534102886915207,0.007736477069556713,0.2849481627345085,0.2849481627345085,0.09307750593870878,0.0,-0.09307750593870878,0.0,-0.23240244388580322,-0.02250724285840988,-0.26244091987609863,-0.5173506736755371,,0.023224858567118645,0.025148194283246994,0.2,0,degree,degree_u_plus,18,2,55,1,55,1,0.8155954876128891,0.4492165205175844,-0.7559678554534912,-0.7559678554534912,1.4542770385742188,1.686679482460022,0.11467672139406204,0.13718396425247192,2.6127498149871826,2.8751907348632812,3.4319188594818115,3.9492695331573486,AVAILABLE,0.23240244388580322,968,1986
3.5820586681365967,0.0,0.01798112690448761,0.002408266067504883,3.6024482250213623,-0.007736477069556713,-0.007736477069556713,1.0,0.0,0.700883686542511,0.007736477069556713,0.020389392971992493,0.020389392971992493,0.0,1.0,0.6931472094729543,3.5820586681365967,0.0,0.01798112690448761,0.002408266067504883,3.6024482250213623,,0.020563829690217972,0.025148194283246994,0.2,0,cn,cn_plus,18,1,55,1,55,1,175.68237152686726,0.994340125778491,2.8260908126831055,-0.7559678554534912,1.686679482460022,1.686679482460022,0.15516509115695953,0.13718396425247192,2.877599000930786,2.8751907348632812,7.551717758178711,3.9492695331573486,AVAILABLE,3.5820586681365967,968,1986
0.0,0.0006945133209228516,0.05769268423318863,2.2572193145751953,2.3142176270484924,0.0028787346091121435,0.003560676472261548,0.0,0.0,-0.0028787346091121435,-0.003560676472261548,2.314911998808384,2.314911998808384,-0.0006819418631494045,0.0,0.0006819418631494045,0.0,0.0006945133209228516,-0.05769268423318863,-2.2572193145751953,-2.3142176270484924,,0.017088914290070534,0.06996187567710876,0.2,0,degree,degree_u_plus,19,2,0,1,0,1,0.00030001715757669634,0.0002999271742783893,-0.7559678554534912,-0.7559678554534912,0.5488296151161194,0.5481351017951965,0.05788908153772354,0.11558176577091217,-2.0248360633850098,0.23238325119018555,-2.1679022312164307,0.14631539583206177,AVAILABLE,0.0006945133209228516,968,1603
,,,,,,,,,,,,,,,,,,,,,NO_CANDIDATE,,,,,cn,cn,19,,,,,,,,,,,,,,,,,,MISSING,,968,1603
0.0,0.2231009304523468,0.018343448638916016,0.0017583370208740234,0.2396860122680664,0.10136482119560242,0.11078149825334549,0.0,0.0,-0.10136482119560242,-0.11078149825334549,0.02010178565979004,0.02010178565979004,-0.009416677057743073,0.0,0.009416677057743073,0.0,0.2231009304523468,0.018343448638916016,-0.0017583370208740234,0.2396860122680664,,0.013290178962051868,0.016681553795933723,0.2,0,degree,degree_u_plus,20,7,2,6,2,1,11.098557274593102,0.9173455167171053,-0.7559678554534912,-0.7559678554534912,-0.39914068579673767,-0.6222416162490845,-0.05598600208759308,-0.0743294507265091,3.0014901161193848,3.003248453140259,1.7965786457061768,1.5568926334381104,AVAILABLE,0.2231009304523468,650,1486
3.570941209793091,0.0,0.11321203038096428,0.010380268096923828,3.6945340633392334,0.11078149825334549,0.11078149825334549,1.0,0.0,0.5823656916618347,-0.11078149825334549,0.12359229847788811,0.12359229847788811,0.0,1.0,0.6931471899151802,3.570941209793091,0.0,0.11321203038096428,0.010380268096923828,3.6945340633392334,,0.005991404876112938,0.016681553795933723,0.2,0,cn,cn_plus,20,6,2,6,2,1,28.892908092512634,0.966547249370814,2.8149733543395996,-0.7559678554534912,-0.6222416162490845,-0.6222416162490845,0.038882579654455185,-0.0743294507265091,3.0136287212371826,3.003248453140259,5.251426696777344,1.5568926334381104,AVAILABLE,3.570941209793091,650,1486
0.0,0.09833073616027832,0.00899321585893631,0.0028231143951416016,0.11014699935913086,0.002772857202216983,0.00769416568800807,0.0,0.0,-0.002772857202216983,-0.00769416568800807,0.011816330254077911,0.011816330254077911,-0.004921308485791087,0.0,0.004921308485791087,0.0,0.09833073616027832,0.00899321585893631,0.0028231143951416016,0.11014699935913086,,0.011098317801952362,0.009331821464002132,0.2,0,degree,degree_u_plus,21,12,1,11,1,1,8.321589768570147,0.8927221616883714,-0.7559678554534912,-0.7559678554534912,0.7048943638801575,0.6065636277198792,0.05004364252090454,0.04105042666196823,2.998213768005371,2.9953906536102295,3.0033669471740723,2.8932199478149414,AVAILABLE,0.09833073616027832,73,1751
3.5749528408050537,0.0,0.05452193319797516,0.003178834915161133,3.6326537132263184,0.00769416568800807,0.00769416568800807,1.0,0.0,0.6854529976844788,-0.00769416568800807,0.05770076811313629,0.05770076811313629,0.0,1.0,0.6931471633724868,3.5749528408050537,0.0,0.05452193319797516,0.003178834915161133,3.6326537132263184,,0.0146590331569314,0.009331821464002132,0.2,0,cn,cn_plus,21,11,1,11,1,1,61.95675271129787,0.9841160803736857,2.8189849853515625,-0.7559678554534912,0.6065636277198792,0.6065636277198792,0.09557235985994339,0.04105042666196823,2.9985694885253906,2.9953906536102295,6.52587366104126,2.8932199478149414,AVAILABLE,3.5749528408050537,73,1751
7.152557373046875e-06,0.14350584149360657,0.004786591976881027,0.00016164779663085938,0.14844655990600586,0.3248056471347809,0.30975377559661865,1.0,1.0,0.3683415353298187,0.38339340686798096,0.0049553923308849335,0.0049553923308849335,0.015051871538162231,0.0,-0.015051871538162231,-7.152557373046875e-06,0.14350584149360657,0.004786591976881027,0.00016164779663085938,0.14844655990600586,,0.00856210757046938,0.00762749370187521,0.2,0,degree,degree_u_plus,22,8,3,7,3,1,28.95947330032017,0.9666215760879444,2.8403549194335938,2.840362071990967,-0.48964205384254456,-0.6331478953361511,0.05353294685482979,0.04874635487794876,2.868779420852661,2.8686177730560303,5.279208183288574,5.130761623382568,AVAILABLE,0.14350584149360657,1602,2074
0.0013279914855957031,0.0,0.0006636753678321838,0.021030902862548828,0.02169513702392578,0.30975377559661865,0.30975377559661865,2.0,1.0,0.7888585329055786,0.38339340686798096,0.021694578230381012,0.021694578230381012,0.0,1.0,0.40546512603759766,0.0013279914855957031,0.0,-0.0006636753678321838,0.021030902862548828,0.02169513702392578,,0.007498192135244608,0.00762749370187521,0.2,0,cn,cn_plus,22,7,3,7,3,1,0.0612130302494513,0.05768213214934085,2.8416900634765625,2.840362071990967,-0.6331478953361511,-0.6331478953361511,0.04808267951011658,0.04874635487794876,2.889648675918579,2.8686177730560303,5.152456760406494,5.130761623382568,AVAILABLE,0.0013279914855957031,1602,2074
0.0,0.1380569338798523,0.00756286084651947,0.006831169128417969,0.15245091915130615,0.4048007130622864,0.27733898162841797,0.0,0.0,-0.4048007130622864,-0.27733898162841797,0.014394029974937439,0.014394029974937439,0.1274617314338684,0.0,-0.1274617314338684,0.0,0.1380569338798523,0.00756286084651947,0.006831169128417969,0.15245091915130615,,0.020552827045321465,0.021509313955903053,0.2,0,degree,degree_u_plus,23,6,4,5,4,1,9.591256806305509,0.9055824990094992,-0.7559678554534912,-0.7559678554534912,-0.8848573565483093,-1.0229142904281616,-0.09836277365684509,-0.10592563450336456,3.046663522720337,3.039832353591919,1.313658595085144,1.161207675933838,AVAILABLE,0.1380569338798523,1599,2614
3.5780303478240967,0.0,0.1470346935093403,0.00030231475830078125,3.7247629165649414,0.27733898162841797,0.27733898162841797,1.0,0.0,0.41580820083618164,-0.27733898162841797,0.14733700826764107,0.14733700826764107,0.0,1.0,0.6931471824645996,3.5780303478240967,0.0,0.1470346935093403,-0.00030231475830078125,3.7247629165649414,,0.005935797933489084,0.021509313955903053,0.2,0,cn,cn_plus,23,5,4,5,4,1,24.284666473462377,0.9604503385065588,2.8220624923706055,-0.7559678554534912,-1.0229142904281616,-1.0229142904281616,0.04110905900597572,-0.10592563450336456,3.039530038833618,3.039832353591919,4.885970592498779,1.161207675933838,AVAILABLE,3.5780303478240967,1599,2614
0.0,0.11155557632446289,0.020079635083675385,0.48043370246887207,0.5719097256660461,0.0028130984865128994,0.0028787346091121435,0.0,0.0,-0.0028130984865128994,-0.0028787346091121435,0.5005133375525475,0.5005133375525475,-6.563612259924412e-05,0.0,6.563612259924412e-05,0.0,0.11155557632446289,-0.020079635083675385,0.48043370246887207,0.5719097256660461,,0.01331029087305069,0.025516323745250702,0.2,0,degree,degree_u_plus,24,3,0,2,0,1,0.22288232046149575,0.18225982723945475,-0.7559678554534912,-0.7559678554534912,0.6603851914405823,0.5488296151161194,0.03780944645404816,0.05788908153772354,1.3864551782608032,0.9060214757919312,1.3348652124404907,0.7629554867744446,AVAILABLE,0.11155557632446289,1201,2533
,,,,,,,,,,,,,,,,,,,,,NO_CANDIDATE,,,,,cn,cn,24,,,,,,,,,,,,,,,,,,MISSING,,1201,2533
0.0005984306335449219,0.045516014099121094,0.004210777580738068,0.00330352783203125,0.045206546783447266,0.4616621434688568,0.4048007130622864,1.0,1.0,0.2314850389957428,0.28834646940231323,0.00811273604631424,0.00811273604631424,0.056861430406570435,0.0,-0.056861430406570435,-0.0005984306335449219,-0.045516014099121094,0.004210777580738068,-0.00330352783203125,-0.045206546783447266,,0.006682152394205332,0.006105248816311359,0.2,0,degree,degree_u_plus,25,5,6,4,6,1,5.610432502050252,0.8487239678054581,2.844115734100342,2.8447141647338867,-0.9303733706474304,-0.8848573565483093,0.04553202912211418,0.041321251541376114,2.993955135345459,2.9972586631774902,4.959413051605225,5.004619598388672,AVAILABLE,0.045516014099121094,1409,1826
1.52587890625e-05,0.0,8.492544293403625e-05,0.002374410629272461,0.0024747848510742188,0.4048007130622864,0.4048007130622864,2.0,1.0,0.6938115954399109,0.28834646940231323,0.002459336072206497,0.002459336072206497,0.0,1.0,0.40546512603759766,1.52587890625e-05,0.0,8.492544293403625e-05,0.002374410629272461,0.0024747848510742188,,0.006115560885518789,0.006105248816311359,0.2,0,cn,cn_plus,25,4,6,4,6,1,0.00620440906423958,0.006166151736514075,2.844729423522949,2.8447141647338867,-0.8848573565483093,-0.8848573565483093,0.04140617698431015,0.041321251541376114,2.9996330738067627,2.9972586631774902,5.007094383239746,5.004619598388672,AVAILABLE,1.52587890625e-05,1409,1826
0.0,0.08815306425094604,0.007502749562263489,0.00424504280090332,0.09990096092224121,0.48681196570396423,0.5636563301086426,0.0,0.0,-0.48681196570396423,-0.5636563301086426,0.011747792363166809,0.011747792363166809,-0.07684436440467834,0.0,0.07684436440467834,0.0,0.08815306425094604,0.007502749562263489,0.00424504280090332,0.09990096092224121,,0.019815610721707344,0.021418940275907516,0.2,0,degree,degree_u_plus,26,11,5,10,5,1,7.503791903014529,0.8824054008605846,-0.7559678554534912,-0.7559678554534912,-0.42933404445648193,-0.517487108707428,-0.0662812888622284,-0.07378403842449188,-2.0933194160461426,-2.097564458847046,-3.338719367980957,-3.4386203289031982,AVAILABLE,0.08815306425094604,756,885
3.5882227420806885,0.0,0.1338401734828949,0.04210066795349121,3.7641636729240417,0.5636563301086426,0.5636563301086426,1.0,0.0,0.12949085235595703,-0.5636563301086426,0.1759408414363861,0.1759408414363861,0.0,1.0,0.6931471824645996,3.5882227420806885,0.0,0.1338401734828949,0.04210066795349121,3.7641636729240417,,0.010988702066242695,0.021418940275907516,0.2,0,cn,cn_plus,26,10,5,10,5,1,20.394483218572244,0.9532589785047056,2.8322548866271973,-0.7559678554534912,-0.517487108707428,-0.517487108707428,0.060056135058403015,-0.07378403842449188,-2.0554637908935547,-2.097564458847046,0.3255433440208435,-3.4386203289031982,AVAILABLE,3.5882227420806885,756,885
0.0006875991821289062,0.23558682203292847,0.0004154704511165619,0.028024673461914062,0.2638840675354004,0.09065704047679901,0.0031781308352947235,1.0,1.0,0.6024901270866394,0.6899690628051758,0.02912774309515953,0.02912774309515953,0.08747890964150429,0.0,-0.08747893571853638,-0.0006875991821289062,-0.23558682203292847,0.0004154704511165619,-0.028024673461914062,-0.2638840675354004,,0.003211183240637183,0.0032483588438481092,0.2,0,degree,degree_u_plus,27,2,4,1,4,1,8.088053385486793,0.8899654351066033,2.846954345703125,2.847641944885254,-1.1165399551391602,-0.8809531331062317,0.022275438532233238,0.021859968081116676,2.9510624408721924,2.9790871143341064,4.709935188293457,4.973819255828857,AVAILABLE,0.23558682203292847,1153,1401
,,,,,,,,,,,,,,,,,,,,,NO_CANDIDATE,,,,,cn,cn,27,,,,,,,,,,,,,,,,,,MISSING,,1153,1401
3.0040740966796875e-05,0.14350584149360657,0.004328358918428421,0.009547710418701172,0.15741205215454102,0.3248056471347809,0.30975377559661865,2.0,2.0,0.7738066911697388,0.7888585329055786,0.01390611007809639,0.01390611007809639,0.015051871538162231,0.0,-0.015051841735839844,3.0040740966796875e-05,0.14350584149360657,0.004328358918428421,0.009547710418701172,0.15741205215454102,,0.008708206005394459,0.00782964751124382,0.2,0,degree,degree_u_plus,28,8,3,7,3,1,10.31961759913489,0.9116577930974961,2.8355655670166016,2.8355355262756348,-0.48964205384254456,-0.6331478953361511,0.05296018347144127,0.04863182455301285,2.7034733295440674,2.693925619125366,5.108540058135986,4.951128005981445,AVAILABLE,0.14350584149360657,102,1251
0.0018219947814941406,0.0,0.00045034661889076233,0.11137533187866211,0.10910320281982422,0.30975377559661865,0.30975377559661865,3.0,2.0,1.0765405893325806,0.7888585329055786,0.11182567849755287,0.11182567849755287,0.0,1.0,0.28768205642700195,-0.0018219947814941406,0.0,-0.00045034661889076233,0.11137533187866211,0.10910320281982422,,0.0076232366263866425,0.00782964751124382,0.2,0,cn,cn_plus,28,7,3,7,3,1,0.01629316846579498,0.016031957088121815,2.8337135314941406,2.8355355262756348,-0.6331478953361511,-0.6331478953361511,0.048181477934122086,0.04863182455301285,2.8053009510040283,2.693925619125366,5.0602312088012695,4.951128005981445,AVAILABLE,0.0018219947814941406,102,1251
6.0558319091796875e-05,0.2321765422821045,0.007999341934919357,0.002188444137573242,0.24242496490478516,0.11078149825334549,0.10175491869449615,1.0,1.0,0.5823656916618347,0.5913922786712646,0.010248344391584396,0.010248344391584396,0.009026579558849335,0.0,-0.009026587009429932,6.0558319091796875e-05,0.2321765422821045,0.007999341934919357,0.002188444137573242,0.24242496490478516,,0.006292689125984907,0.004895857069641352,0.2,0,degree,degree_u_plus,29,6,2,5,2,1,22.655007175860355,0.957725652223835,2.8230786323547363,2.8230180740356445,-0.6222416162490845,-0.854418158531189,0.0409315824508667,0.03293224051594734,3.0183730125427246,3.0161845684051514,5.266324996948242,5.023900032043457,AVAILABLE,0.2321765422821045,567,1513
0.0020551681518554688,0.0,0.00028635188937187195,0.0019783973693847656,0.004319667816162109,0.10175491869449615,0.10175491869449615,2.0,1.0,0.9968574047088623,0.5913922786712646,0.0022647492587566376,0.0022647492587566376,0.0,1.0,0.40546512603759766,0.0020551681518554688,0.0,0.00028635188937187195,0.0019783973693847656,0.004319667816162109,,0.004935257602483034,0.004895857069641352,0.2,0,cn,cn_plus,29,5,2,5,2,1,0.9074554586361487,0.47574136241429676,2.8250732421875,2.8230180740356445,-0.854418158531189,-0.854418158531189,0.033218592405319214,0.03293224051594734,3.018162965774536,3.0161845684051514,5.028219699859619,5.023900032043457,AVAILABLE,0.0020551681518554688,567,1513
3.9577484130859375e-05,0.06740516424179077,0.0007253512740135193,0.003192901611328125,0.06983280181884766,0.5217296481132507,0.4340936243534088,2.0,2.0,0.5768826603889465,0.6645187139511108,0.003957830369472504,0.003957830369472504,0.08763602375984192,0.0,-0.0876360535621643,3.9577484130859375e-05,-0.06740516424179077,0.0007253512740135193,-0.003192901611328125,-0.06983280181884766,,0.007174498867243528,0.007135619409382343,0.2,0,degree,degree_u_plus,30,5,7,4,7,1,17.03079405670281,0.9445393255086147,2.822826862335205,2.822787284851074,-0.8225700259208679,-0.7551648616790771,0.048291485756635666,0.04756613448262215,3.0373024940490723,3.0404953956604004,5.092034339904785,5.161867141723633,AVAILABLE,0.06740516424179077,1282,1735
0.002440929412841797,0.0,0.00011616572737693787,0.005705118179321289,0.003380298614501953,0.4340936243534088,0.4340936243534088,3.0,2.0,0.9522007703781128,0.6645187139511108,0.005821283906698227,0.005821283906698227,0.0,1.0,0.28768205642700195,-0.002440929412841797,0.0,0.00011616572737693787,0.005705118179321289,0.003380298614501953,,0.007149420212954283,0.007135619409382343,0.2,0,cn,cn_plus,30,4,7,4,7,1,0.41931045777179543,0.2954325147650074,2.8203463554382324,2.822787284851074,-0.7551648616790771,-0.7551648616790771,0.047682300209999084,0.04756613448262215,3.0462005138397217,3.0404953956604004,5.165247440338135,5.161867141723633,AVAILABLE,0.002440929412841797,1282,1735
0.002913951873779297,0.21637213230133057,0.020223528146743774,0.07615852355957031,0.31566810607910156,0.13929599523544312,0.029386289417743683,1.0,1.0,0.5538511872291565,0.6637609004974365,0.09929600358009338,0.09929600358009338,0.10990970581769943,0.0,-0.10990971326828003,-0.002913951873779297,-0.21637213230133057,-0.020223528146743774,-0.07615852355957031,-0.31566810607910156,,0.01903051696717739,0.02089121751487255,0.2,0,degree,degree_u_plus,31,2,65,1,65,1,2.17906162090588,0.6854417689094533,2.8264050483703613,2.8293190002441406,1.5209373235702515,1.737309455871582,0.13939033448696136,0.15961386263370514,2.837836503982544,2.9139950275421143,7.330752372741699,7.646420478820801,AVAILABLE,0.21637213230133057,1440,1701
,,,,,,,,,,,,,,,,,,,,,NO_CANDIDATE,,,,,cn,cn,31,,,,,,,,,,,,,,,,,,MISSING,,1440,1701
4.1961669921875e-05,0.05139458179473877,0.001863047480583191,0.002322673797607422,0.05097675323486328,0.4730435013771057,0.5014394521713257,1.0,1.0,0.2201036810874939,0.19170773029327393,0.004227682948112488,0.004227682948112488,-0.02839595079421997,0.0,0.02839595079421997,4.1961669921875e-05,0.05139458179473877,0.001863047480583191,-0.002322673797607422,0.05097675323486328,,0.014735700562596321,0.014547217637300491,0.2,0,degree,degree_u_plus,32,19,4,18,4,1,12.15664960192641,0.9239928074200913,2.83125638961792,2.831214427947998,0.2576946020126343,0.2063000202178955,0.08767780661582947,0.08581475913524628,2.77339768409729,2.7757203578948975,5.956209659576416,5.905232906341553,AVAILABLE,0.05139458179473877,118,581
0.0026578903198242188,0.0,0.0010691434144973755,0.004230499267578125,0.005818843841552734,0.5014394521713257,0.5014394521713257,2.0,1.0,0.5971728563308716,0.19170773029327393,0.0052996426820755005,0.0052996426820755005,0.0,1.0,0.40546512603759766,0.0026578903198242188,0.0,-0.0010691434144973755,0.004230499267578125,0.005818843841552734,,0.014351820573210716,0.014547217637300491,0.2,0,cn,cn_plus,32,18,4,18,4,1,0.5015216051447565,0.33400891697219803,2.8338723182678223,2.831214427947998,0.2063000202178955,0.2063000202178955,0.0847456157207489,0.08581475913524628,2.7799508571624756,2.7757203578948975,5.9110517501831055,5.905232906341553,AVAILABLE,0.0026578903198242188,118,581
0.0,0.13696280121803284,0.013731598854064941,0.14556479454040527,0.29625916481018066,0.45435792207717896,0.3248056471347809,0.0,0.0,-0.45435792207717896,-0.3248056471347809,0.15929639339447021,0.15929639339447021,0.12955227494239807,0.0,-0.12955227494239807,0.0,-0.13696280121803284,-0.013731598854064941,-0.14556479454040527,-0.29625916481018066,,0.019745316356420517,0.01643221266567707,0.2,0,degree,degree_u_plus,33,4,8,3,8,1,0.859798453069075,0.4623073277914707,-0.7559678554534912,-0.7559678554534912,-0.6266048550605774,-0.48964205384254456,-0.08133477717638016,-0.06760317832231522,2.6552863121032715,2.8008511066436768,1.1975619792938232,1.493821144104004,AVAILABLE,0.13696280121803284,124,1367
3.594843626022339,0.0,0.12068307399749756,0.0778965950012207,3.793423652648926,0.3248056471347809,0.3248056471347809,1.0,0.0,0.3683415353298187,-0.3248056471347809,0.19857966899871826,0.19857966899871826,0.0,1.0,0.6931471824645996,3.594843626022339,0.0,0.12068307399749756,0.0778965950012207,3.793423652648926,,0.008478747680783272,0.01643221266567707,0.2,0,cn,cn_plus,33,3,8,3,8,1,18.102776901183034,0.947651589861887,2.8388757705688477,-0.7559678554534912,-0.48964205384254456,-0.48964205384254456,0.05307989567518234,-0.06760317832231522,2.8787477016448975,2.8008511066436768,5.28724479675293,1.493821144104004,AVAILABLE,3.594843626022339,124,1367
4.9591064453125e-05,0.04831278324127197,0.0022473111748695374,0.030907869338989258,0.08141851425170898,0.006257409229874611,0.002870856784284115,1.0,1.0,0.6868897676467896,0.6902763247489929,0.03320477157831192,0.03320477157831192,0.003386552445590496,0.0,-0.003386557102203369,-4.9591064453125e-05,0.04831278324127197,0.0022473111748695374,0.030907869338989258,0.08141851425170898,,0.017353210598230362,0.017229704186320305,0.2,0,degree,degree_u_plus,34,18,1,17,1,1,1.454994761140908,0.5926671552100296,2.8349733352661133,2.8350229263305664,1.0917561054229736,1.0434433221817017,0.11865510791540146,0.11640779674053192,2.7922606468200684,2.761352777481079,6.8438286781311035,6.7624101638793945,AVAILABLE,0.04831278324127197,1042,1517
,,,,,,,,,,,,,,,,,,,,,NO_CANDIDATE,,,,,cn,cn,34,,,,,,,,,,,,,,,,,,MISSING,,1042,1517
0.0,0.17895269393920898,0.010763265192508698,0.00069427490234375,0.19041025638580322,0.2781181335449219,0.20898012816905975,0.0,0.0,-0.2781181335449219,-0.20898012816905975,0.011457540094852448,0.011457540094852448,0.06913800537586212,0.0,-0.06913800537586212,0.0,0.17895269393920898,0.010763265192508698,0.00069427490234375,0.19041025638580322,,0.01956295408308506,0.02103230357170105,0.2,0,degree,degree_u_plus,35,6,3,5,3,1,15.6187572786269,0.9398270289869338,-0.7559678554534912,-0.7559678554534912,-0.7943634390830994,-0.9733161330223083,-0.0903717428445816,-0.1011350080370903,2.9788315296173096,2.978137254714966,1.3443115949630737,1.1539013385772705,AVAILABLE,0.17895269393920898,492,1533
3.5927727222442627,0.0,0.13519812747836113,0.0010213851928710938,3.7289927005767822,0.20898012816905975,0.20898012816905975,1.0,0.0,0.48416703939437866,-0.20898012816905975,0.13621951267123222,0.13621951267123222,0.0,1.0,0.6931471675634384,3.5927727222442627,0.0,0.13519812747836113,0.0010213851928710938,3.7289927005767822,,0.004992145113646984,0.02103230357170105,0.2,0,cn,cn_plus,35,5,3,5,3,1,26.374873819778912,0.9634701512568259,2.8368048667907715,-0.7559678554534912,-0.9733161330223083,-0.9733161330223083,0.03406311944127083,-0.1011350080370903,2.979158639907837,2.978137254714966,4.882894039154053,1.1539013385772705,AVAILABLE,3.5927727222442627,492,1533
0.0,0.1567842960357666,0.0026337504386901855,0.00522923469543457,0.15418893098831177,0.19555333256721497,0.15915937721729279,0.0,0.0,-0.19555333256721497,-0.15915937721729279,0.007862985134124756,0.007862985134124756,0.03639395534992218,0.0,-0.03639395534992218,0.0,0.1567842960357666,0.0026337504386901855,-0.00522923469543457,0.15418893098831177,,0.022829972207546234,0.022603631019592285,0.2,0,degree,degree_u_plus,36,4,3,3,3,1,19.93951329759007,0.9522433981254431,-0.7559678554534912,-0.7559678554534912,-1.1554569005966187,-1.3122411966323853,-0.10972895473241806,-0.11236270517110825,2.78520131111145,2.7904305458068848,0.770230770111084,0.6160418391227722,AVAILABLE,0.1567842960357666,972,1000
3.5898549556732178,0.0,0.15426859632134438,0.03886699676513672,3.7829907536506653,0.15915937721729279,0.15915937721729279,1.0,0.0,0.533987820148468,-0.15915937721729279,0.1931355930864811,0.1931355930864811,0.0,1.0,0.6931471973657608,3.5898549556732178,0.0,0.15426859632134438,0.03886699676513672,3.7829907536506653,,0.005971770267933607,0.022603631019592285,0.2,0,cn,cn_plus,36,3,3,3,3,1,18.58722523607299,0.9489463163900143,2.8338871002197266,-0.7559678554534912,-1.3122411966323853,-1.3122411966323853,0.04190589115023613,-0.11236270517110825,2.8292975425720215,2.7904305458068848,4.3990325927734375,0.6160418391227722,AVAILABLE,3.5898549556732178,972,1000
0.0,0.2567026615142822,0.056613270193338394,0.295809268951416,0.6091252565383911,0.003560676472261548,0.0018686256371438503,0.0,0.0,-0.003560676472261548,-0.0018686256371438503,0.3524225391447544,0.3524225391447544,0.0016920508351176977,0.0,-0.0016920508351176977,0.0,-0.2567026615142822,-0.056613270193338394,-0.295809268951416,-0.6091252565383911,,0.019922619685530663,0.008084366098046303,0.2,0,degree,degree_u_plus,37,2,1,1,1,1,0.7283945426796283,0.4214283976795928,-0.7559678554534912,-0.7559678554534912,-1.3096691370010376,-1.0529664754867554,-0.09503639489412308,-0.03842312470078468,2.609602212905884,2.9054114818573,0.45511186122894287,1.064237117767334,AVAILABLE,0.2567026615142822,468,647
3.599736452102661,0.0,0.08232124894857407,0.096954345703125,3.7790122032165527,0.0018686256371438503,0.0018686256371438503,1.0,0.0,0.6912785768508911,-0.0018686256371438503,0.17927559465169907,0.17927559465169907,0.0,1.0,0.693147202488035,3.599736452102661,0.0,0.08232124894857407,0.096954345703125,3.7790122032165527,,0.006322645582258701,0.008084366098046303,0.2,0,cn,cn_plus,37,1,1,1,1,1,20.079343528620726,0.9525601924631932,2.84376859664917,-0.7559678554534912,-1.0529664754867554,-1.0529664754867554,0.04389812424778938,-0.03842312470078468,3.002365827560425,2.9054114818573,4.843249320983887,1.064237117767334,AVAILABLE,3.599736452102661,468,647
0.0,0.2829824686050415,0.017905741930007935,1.0913867056369781,1.392274796962738,0.009524164721369743,0.0031781308352947235,0.0,0.0,-0.009524164721369743,-0.0031781308352947235,1.109292447566986,1.109292447566986,0.00634603388607502,0.0,-0.00634603388607502,0.0,0.2829824686050415,0.017905741930007935,1.0913867056369781,1.392274796962738,,0.02968950942158699,0.04389894753694534,0.2,0,degree,degree_u_plus,38,5,1,4,1,1,0.255101769307715,0.20325186016463287,-0.7559678554534912,-0.7559678554534912,-0.5979706645011902,-0.8809531331062317,-0.06779588013887405,-0.08570162206888199,0.8617615103721619,-0.22962519526481628,-0.5537897944450378,-1.9460645914077759,AVAILABLE,0.2829824686050415,121,1910
3.593024492263794,0.0,0.10905363224446774,2.106554239988327,5.808632254600525,0.0031781308352947235,0.0031781308352947235,1.0,0.0,0.6899690628051758,-0.0031781308352947235,2.2156078722327948,2.2156078722327948,0.0,1.0,0.6931471936404705,3.593024492263794,0.0,0.10905363224446774,2.106554239988327,5.808632254600525,,0.004156426060944796,0.04389894753694534,0.2,0,cn,cn_plus,38,4,1,4,1,1,1.6216878993239985,0.618566344125916,2.8370566368103027,-0.7559678554534912,-0.8809531331062317,-0.8809531331062317,0.023352010175585747,-0.08570162206888199,1.8769290447235107,-0.22962519526481628,3.862567663192749,-1.9460645914077759,AVAILABLE,3.593024492263794,121,1910
0.0,0.3231515884399414,0.0316811203956604,0.07962584495544434,0.43445873260498047,0.17839844524860382,0.023864248767495155,0.0,0.0,-0.17839844524860382,-0.023864248767495155,0.11130696535110474,0.11130696535110474,0.15453419648110867,0.0,-0.15453419648110867,0.0,-0.3231515884399414,-0.0316811203956604,-0.07962584495544434,-0.43445873260498047,,0.01721077412366867,0.022228874266147614,0.2,0,degree,degree_u_plus,39,2,26,1,26,1,2.90324651640742,0.7438030122370011,-0.7559678554534912,-0.7559678554534912,1.032671570777893,1.3558231592178345,0.07553519308567047,0.10721631348133087,2.5246570110321045,2.604282855987549,2.8830790519714355,3.317537784576416,AVAILABLE,0.3231515884399414,547,598
3.58550763130188,0.0,0.026012003421783447,0.25978851318359375,3.3517308235168457,0.023864248767495155,0.023864248767495155,1.0,0.0,0.6692829132080078,-0.023864248767495155,0.2858005166053772,0.2858005166053772,0.0,1.0,0.693147161975503,3.58550763130188,0.0,0.026012003421783447,-0.25978851318359375,3.3517308235168457,,0.019994989037513733,0.022228874266147614,0.2,0,cn,cn_plus,39,1,26,1,26,1,12.545489939746039,0.9261746895499338,2.8295397758483887,-0.7559678554534912,1.3558231592178345,1.3558231592178345,0.13322831690311432,0.10721631348133087,2.344494342803955,2.604282855987549,6.669268608093262,3.317537784576416,AVAILABLE,3.58550763130188,547,598
0.0,0.1400594711303711,0.0037961825728416443,0.16541051864624023,0.02914711833000183,0.003655461361631751,0.003560676472261548,0.0,0.0,-0.003655461361631751,-0.003560676472261548,0.16920670121908188,0.16920670121908188,9.478488937020302e-05,0.0,-9.478488937020302e-05,0.0,0.1400594711303711,-0.0037961825728416443,-0.16541051864624023,-0.02914711833000183,,0.02231399342417717,0.02008865401148796,0.2,0,degree,degree_u_plus,40,3,1,2,1,1,0.8277418201753703,0.4528767745194719,-0.7559678554534912,-0.7559678554534912,-1.1696096658706665,-1.3096691370010376,-0.09883257746696472,-0.09503639489412308,2.4047648906707764,2.5701754093170166,0.38653793931007385,0.4156850576400757,AVAILABLE,0.1400594711303711,452,1258
3.5884602069854736,0.0,0.10652976017445326,0.27135300636291504,3.96634304523468,0.003560676472261548,0.003560676472261548,1.0,0.0,0.6895865201950073,-0.003560676472261548,0.3778827665373683,0.3778827665373683,0.0,1.0,0.6931471966672689,3.5884602069854736,0.0,0.10652976017445326,0.27135300636291504,3.96634304523468,,0.0016430399846285582,0.02008865401148796,0.2,0,cn,cn_plus,40,2,1,2,1,1,9.496225892768669,0.9047276601879399,2.8324923515319824,-0.7559678554534912,-1.3096691370010376,-1.3096691370010376,0.011493365280330181,-0.09503639489412308,2.8415284156799316,2.5701754093170166,4.382028102874756,0.4156850576400757,AVAILABLE,3.5884602069854736,452,1258
0.0005936622619628906,0.21198952198028564,0.0037060528993606567,0.012245655059814453,0.22853469848632812,0.4406741261482239,0.3231161832809448,3.0,3.0,0.9456202387809753,1.0631781816482544,0.016545370221138,0.016545370221138,0.11755794286727905,0.0,-0.11755794286727905,-0.0005936622619628906,-0.21198952198028564,-0.0037060528993606567,-0.012245655059814453,-0.22853469848632812,,0.01105117704719305,0.012049876153469086,0.2,0,degree,degree_u_plus,41,4,12,3,12,1,12.81261108218309,0.9276023921871006,2.8366079330444336,2.8372015953063965,-0.21403008699417114,-0.002040565013885498,0.06706986576318741,0.07077591866254807,2.9513165950775146,2.963562250137329,5.6471476554870605,5.875682353973389,AVAILABLE,0.21198952198028564,1109,2671
,,,,,,,,,,,,,,,,,,,,,NO_CANDIDATE,,,,,cn,cn,41,,,,,,,,,,,,,,,,,,MISSING,,1109,2671
0.00010967254638671875,0.1623491644859314,0.002342306077480316,0.23087549209594727,0.39545726776123047,0.4244561195373535,0.41515451669692993,1.0,1.0,0.2686910629272461,0.2779926657676697,0.2333274707198143,0.2333274707198143,0.009301602840423584,0.0,-0.009301602840423584,0.00010967254638671875,-0.1623491644859314,-0.002342306077480316,-0.23087549209594727,-0.39545726776123047,,0.009278801269829273,0.009560946375131607,0.2,0,degree,degree_u_plus,42,4,9,3,9,1,0.695799585994264,0.4103076753532227,2.846024513244629,2.845914840698242,-0.5089841485023499,-0.34663498401641846,0.05478205531835556,0.057124361395835876,2.4942104816436768,2.725085973739624,4.892216205596924,5.287673473358154,AVAILABLE,0.1623491644859314,1365,1702
0.0024123191833496094,0.0,0.0006483830511569977,0.09524202346801758,0.09347820281982422,0.41515451669692993,0.41515451669692993,2.0,1.0,0.6834577918052673,0.2779926657676697,0.09589040651917458,0.09589040651917458,0.0,1.0,0.40546512603759766,-0.0024123191833496094,0.0,0.0006483830511569977,0.09524202346801758,0.09347820281982422,,0.00952051393687725,0.009560946375131607,0.2,0,cn,cn_plus,42,3,9,3,9,1,0.025157041453326402,0.024539695320886852,2.8435025215148926,2.845914840698242,-0.34663498401641846,-0.34663498401641846,0.057772744446992874,0.057124361395835876,2.8203279972076416,2.725085973739624,5.3811516761779785,5.287673473358154,AVAILABLE,0.0024123191833496094,1365,1702
0.0038590431213378906,0.13315105438232422,0.009186074137687683,0.015211343765258789,0.12326669692993164,0.5382569432258606,0.3073776066303253,1.0,1.0,0.154890239238739,0.3857695758342743,0.028256461024284363,0.028256461024284363,0.23087933659553528,0.0,-0.23087933659553528,0.0038590431213378906,-0.13315105438232422,-0.009186074137687683,0.015211343765258789,-0.12326669692993164,,0.018830593675374985,0.01971757970750332,0.2,0,degree,degree_u_plus,43,3,139,2,139,1,4.71223226240427,0.82493709042932,2.8173646926879883,2.8135056495666504,1.612122893333435,1.7452739477157593,0.14341950416564941,0.1526055783033371,3.043395519256592,3.028184175491333,7.622485637664795,7.745752334594727,AVAILABLE,0.13315105438232422,326,1358
0.0011143684387207031,0.0,0.0021442919969558716,0.005823612213134766,0.009082317352294922,0.3073776066303253,0.3073776066303253,2.0,1.0,0.7912347316741943,0.3857695758342743,0.007967904210090637,0.007967904210090637,0.0,1.0,0.40546515583992004,-0.0011143684387207031,0.0,-0.0021442919969558716,-0.005823612213134766,-0.009082317352294922,,0.01946336403489113,0.01971757970750332,0.2,0,cn,cn_plus,43,2,139,2,139,1,0.13985698256006032,0.12269695646022953,2.8123912811279297,2.8135056495666504,1.7452739477157593,1.7452739477157593,0.15046128630638123,0.1526055783033371,3.0223605632781982,3.028184175491333,7.736670017242432,7.745752334594727,AVAILABLE,0.0011143684387207031,326,1358
0.0,0.025262832641601562,0.0004677325487136841,0.08293700218200684,0.10866755247116089,0.15915937721729279,0.07578850537538528,0.0,0.0,-0.15915937721729279,-0.07578850537538528,0.08340473473072052,0.08340473473072052,0.0833708718419075,0.0,-0.0833708718419075,0.0,0.025262832641601562,0.0004677325487136841,0.08293700218200684,0.10866755247116089,,0.023269616067409515,0.023646624758839607,0.2,0,degree,degree_u_plus,44,3,3,2,3,1,0.30289443032485525,0.23247810664854368,-0.7559678554534912,-0.7559678554534912,-1.3122411966323853,-1.3375040292739868,-0.11236270517110825,-0.11283043771982193,2.648158550262451,2.5652215480804443,0.47376981377601624,0.36510226130485535,AVAILABLE,0.025262832641601562,718,2059
3.5904343128204346,0.0,0.13877245411276817,0.2765922546386719,4.005798846483231,0.07578850537538528,0.07578850537538528,1.0,0.0,0.6173586845397949,-0.07578850537538528,0.41536470875144005,0.41536470875144005,0.0,1.0,0.6931471899151802,3.5904343128204346,0.0,0.13877245411276817,0.2765922546386719,4.005798846483231,,0.0036850888282060623,0.023646624758839607,0.2,0,cn,cn_plus,44,2,3,2,3,1,8.644052204561456,0.8963091469447855,2.8344664573669434,-0.7559678554534912,-1.3375040292739868,-1.3375040292739868,0.025942016392946243,-0.11283043771982193,2.841813802719116,2.5652215480804443,4.370901107788086,0.36510226130485535,AVAILABLE,3.5904343128204346,718,2059
0.0003399848937988281,0.04959815740585327,0.006249483674764633,0.01248788833618164,0.056176185607910156,0.27733898162841797,0.20898012816905975,3.0,3.0,1.1089553833007812,1.177314281463623,0.019077356904745102,0.019077356904745102,0.06835885345935822,0.0,-0.0683588981628418,-0.0003399848937988281,-0.04959815740585327,0.006249483674764633,-0.01248788833618164,-0.056176185607910156,,0.006400946993380785,0.0055155460722744465,0.2,0,degree,degree_u_plus,45,4,5,3,5,1,2.5998429266209033,0.7222101018338934,2.8354344367980957,2.8357744216918945,-1.0229142904281616,-0.9733161330223083,0.043464817106723785,0.03721533343195915,2.888559103012085,2.9010469913482666,4.75072717666626,4.80690336227417,AVAILABLE,0.04959815740585327,1085,1421
,,,,,,,,,,,,,,,,,,,,,NO_CANDIDATE,,,,,cn,cn,45,,,,,,,,,,,,,,,,,,MISSING,,1085,1421
0.0,0.0006945133209228516,0.05769268423318863,1.0917684435844421,1.1487666368484497,0.0028787346091121435,0.003560676472261548,0.0,0.0,-0.0028787346091121435,-0.003560676472261548,1.1494611278176308,1.1494611278176308,-0.0006819418631494045,0.0,0.0006819418631494045,0.0,0.0006945133209228516,-0.05769268423318863,-1.0917684435844421,-1.1487666368484497,,0.02684602700173855,0.03497069329023361,0.2,0,degree,degree_u_plus,46,2,0,1,0,1,0.0006042077440229567,0.0006038428974681332,-0.7559678554534912,-0.7559678554534912,0.5488296151161194,0.5481351017951965,0.05788908153772354,0.11558176577091217,0.7936505675315857,1.8854190111160278,0.6505845785140991,1.7993512153625488,AVAILABLE,0.0006945133209228516,166,2617
,,,,,,,,,,,,,,,,,,,,,NO_CANDIDATE,,,,,cn,cn,46,,,,,,,,,,,,,,,,,,MISSING,,166,2617
0.0,0.1700914204120636,0.004014529287815094,0.031208515167236328,0.20531415939331055,0.6757590174674988,0.6162476539611816,1.0,1.0,0.01738816499710083,0.07689952850341797,0.03522304445505142,0.03522304445505142,0.05951136350631714,0.0,-0.05951136350631714,0.0,-0.1700914204120636,-0.004014529287815094,-0.031208515167236328,-0.20531415939331055,,0.015420581214129925,0.015553037635982037,0.2,0,degree,degree_u_plus,47,5,27,4,27,1,4.828979855484122,0.8284433940770678,2.833639144897461,2.833639144897461,0.39868900179862976,0.5687804222106934,0.09561270475387573,0.09962723404169083,2.872390031814575,2.9035985469818115,6.20651388168335,6.41182804107666,AVAILABLE,0.1700914204120636,1856,2045
0.0011363029479980469,0.0,0.001272149384021759,0.013473749160766602,0.013608932495117188,0.6162476539611816,0.6162476539611816,2.0,1.0,0.4823646545410156,0.07689952850341797,0.01474589854478836,0.01474589854478836,0.0,1.0,0.40546512603759766,0.0011363029479980469,0.0,-0.001272149384021759,-0.013473749160766602,-0.013608932495117188,,0.015387129038572311,0.015553037635982037,0.2,0,cn,cn_plus,47,4,27,4,27,1,0.07705886311085591,0.07154563761565244,2.834775447845459,2.833639144897461,0.5687804222106934,0.5687804222106934,0.09835508465766907,0.09962723404169083,2.890124797821045,2.9035985469818115,6.398219108581543,6.41182804107666,AVAILABLE,0.0011363029479980469,1856,2045
0.0,1.118600070476532,0.12260094285011292,0.835878849029541,2.077080011367798,0.003560676472261548,0.0018686256371438503,0.0,0.0,-0.003560676472261548,-0.0018686256371438503,0.9584797918796539,0.9584797918796539,0.0016920508351176977,0.0,-0.0016920508351176977,0.0,-1.118600070476532,-0.12260094285011292,-0.835878849029541,-2.077080011367798,,0.0376141294836998,0.04624989628791809,0.2,0,degree,degree_u_plus,48,1,0,0,0,1,1.1670564870358975,0.5385445621826863,-0.7559678554534912,-0.7559678554534912,0.5481351017951965,1.6667351722717285,0.11558176577091217,0.23818270862102509,1.6531436443328857,2.4890224933624268,1.5670757293701172,3.644155740737915,AVAILABLE,1.118600070476532,307,991
,,,,,,,,,,,,,,,,,,,,,NO_CANDIDATE,,,,,cn,cn,48,,,,,,,,,,,,,,,,,,MISSING,,307,991
0.000736236572265625,0.11889797449111938,0.003698505461215973,0.0489046573638916,0.06555843353271484,0.20898012816905975,0.10175491869449615,1.0,1.0,0.48416703939437866,0.5913922786712646,0.0533393993973732,0.0533393993973732,0.1072252094745636,0.0,-0.10722523927688599,0.000736236572265625,-0.11889797449111938,0.003698505461215973,0.0489046573638916,-0.06555843353271484,,0.005320135969668627,0.004895453806966543,0.2,0,degree,degree_u_plus,49,3,5,2,5,1,2.229083070743088,0.6903145635798473,2.8293910026550293,2.8286547660827637,-0.9733161330223083,-0.854418158531189,0.03576962649822235,0.03207112103700638,2.884965181350708,2.8360605239868164,4.782992839813232,4.848551273345947,AVAILABLE,0.11889797449111938,958,1798
0.0037131309509277344,0.0,0.0013082921504974365,0.005292654037475586,0.010314464569091797,0.10175491869449615,0.10175491869449615,2.0,1.0,0.9968574047088623,0.5913922786712646,0.0066009461879730225,0.0066009461879730225,0.0,1.0,0.40546512603759766,0.0037131309509277344,0.0,0.0013082921504974365,0.005292654037475586,0.010314464569091797,,0.00508714746683836,0.004895453806966543,0.2,0,cn,cn_plus,49,2,5,2,5,1,0.5625141032890173,0.3600057766550408,2.8323678970336914,2.8286547660827637,-0.854418158531189,-0.854418158531189,0.033379413187503815,0.03207112103700638,2.841353178024292,2.8360605239868164,4.858865737915039,4.848551273345947,AVAILABLE,0.0037131309509277344,958,1798
3.337860107421875e-06,0.0016841888427734375,0.00011909008026123047,0.0004391670227050781,0.0022454261779785156,0.3303554058074951,0.3073776066303253,1.0,1.0,0.3627917766571045,0.3857695758342743,0.0005615949630737305,0.0005615949630737305,0.0229777991771698,0.0,-0.0229777991771698,3.337860107421875e-06,0.0016841888427734375,0.00011909008026123047,0.0004391670227050781,0.0022454261779785156,,0.01940911076962948,0.019399359822273254,0.2,0,degree,degree_u_plus,50,140,2,139,2,1,2.9988852547806424,0.7499303090018634,2.82224702835083,2.8222436904907227,1.7469581365585327,1.7452739477157593,0.15035367012023926,0.15023458003997803,3.0269925594329834,3.0265533924102783,7.752734661102295,7.750489234924316,AVAILABLE,0.0016841888427734375,1358,1568
0.0008478164672851562,0.0,0.0022748559713363647,0.0003705024719238281,0.0027527809143066406,0.3073776066303253,0.3073776066303253,2.0,1.0,0.7912347316741943,0.3857695758342743,0.002645358443260193,0.002645358443260193,0.0,1.0,0.40546515583992004,-0.0008478164672851562,0.0,-0.0022748559713363647,0.0003705024719238281,-0.0027527809143066406,,0.01911240816116333,0.019399359822273254,0.2,0,cn,cn_plus,50,139,2,139,2,1,0.32049088263875036,0.24270586556289597,2.8213958740234375,2.8222436904907227,1.7452739477157593,1.7452739477157593,0.14795972406864166,0.15023458003997803,3.026923894882202,3.0265533924102783,7.74773645401001,7.750489234924316,AVAILABLE,0.0008478164672851562,1358,1568
0.000499725341796875,0.16121554374694824,0.006287764757871628,0.005792379379272461,0.16221046447753906,0.30975377559661865,0.2781181335449219,1.0,1.0,0.38339340686798096,0.41502904891967773,0.012579869478940964,0.012579869478940964,0.03163564205169678,0.0,-0.03163564205169678,0.000499725341796875,0.16121554374694824,0.006287764757871628,-0.005792379379272461,0.16221046447753906,,0.007754761725664139,0.006610625423491001,0.2,0,degree,degree_u_plus,51,7,3,6,3,1,12.815348828804531,0.9276167390058923,2.8347525596618652,2.8342528343200684,-0.6331478953361511,-0.7943634390830994,0.04979622736573219,0.043508462607860565,2.9036779403686523,2.909470319747925,5.161262035369873,4.999051570892334,AVAILABLE,0.16121554374694824,1501,2228
0.00010538101196289062,0.0,0.0004228539764881134,0.01296377182006836,0.012646198272705078,0.2781181335449219,0.2781181335449219,2.0,1.0,0.8204941749572754,0.41502904891967773,0.013386625796556473,0.013386625796556473,0.0,1.0,0.40546512603759766,0.00010538101196289062,0.0,-0.0004228539764881134,0.01296377182006836,0.012646198272705078,,0.006533822976052761,0.006610625423491001,0.2,0,cn,cn_plus,51,6,3,6,3,1,0.007872105700373087,0.007810619676692747,2.8343582153320312,2.8342528343200684,-0.7943634390830994,-0.7943634390830994,0.04308560863137245,0.043508462607860565,2.922434091567993,2.909470319747925,5.011697769165039,4.999051570892334,AVAILABLE,0.00010538101196289062,1501,2228
7.581710815429688e-05,0.1821407675743103,0.0007744207978248596,0.014897584915161133,0.16794157028198242,0.20898012816905975,0.19555333256721497,1.0,1.0,0.48416703939437866,0.49759384989738464,0.01574782282114029,0.01574782282114029,0.013426795601844788,0.0,-0.013426810503005981,-7.581710815429688e-05,0.1821407675743103,0.0007744207978248596,-0.014897584915161133,0.16794157028198242,,0.0054147979244589806,0.005149107426404953,0.2,0,degree,degree_u_plus,52,5,3,4,3,1,11.566084657045629,0.9204207175670018,2.8373703956604004,2.8374462127685547,-0.9733161330223083,-1.1554569005966187,0.03638657182455063,0.03561215102672577,2.8727664947509766,2.8876640796661377,4.779390335083008,4.611448764801025,AVAILABLE,0.1821407675743103,14,2668
0.0010037422180175781,0.0,0.00048600509762763977,0.0336146354675293,0.03510427474975586,0.19555333256721497,0.19555333256721497,2.0,1.0,0.9030590057373047,0.49759384989738464,0.03410064056515694,0.03410064056515694,0.0,1.0,0.40546515583992004,0.0010037422180175781,0.0,0.00048600509762763977,0.0336146354675293,0.03510427474975586,,0.00519301975145936,0.005149107426404953,0.2,0,cn,cn_plus,52,4,3,4,3,1,0.02943469410062144,0.02859306595095615,2.8384499549865723,2.8374462127685547,-1.1554569005966187,-1.1554569005966187,0.03609815612435341,0.03561215102672577,2.921278715133667,2.8876640796661377,4.646553039550781,4.611448764801025,AVAILABLE,0.0010037422180175781,14,2668
0.0,0.11533224582672119,0.012089632451534271,0.002897024154663086,0.12452483177185059,0.6396632790565491,0.5382569432258606,0.0,0.0,-0.6396632790565491,-0.5382569432258606,0.014986656606197357,0.014986656606197357,0.10140633583068848,0.0,-0.10140633583068848,0.0,-0.11533224582672119,-0.012089632451534271,0.002897024154663086,-0.12452483177185059,,0.021598612889647484,0.023298485204577446,0.2,0,degree,degree_u_plus,53,4,139,3,139,1,7.695657003474572,0.8850000638709158,-0.7559678554534912,-0.7559678554534912,1.4967906475067139,1.612122893333435,0.1167478933930397,0.12883752584457397,3.0358359813690186,3.0329389572143555,3.899589776992798,4.024114608764648,AVAILABLE,0.11533224582672119,1038,1358
3.574167013168335,0.0,0.014148354530334473,0.007786989212036133,3.5805282592773438,0.5382569432258606,0.5382569432258606,1.0,0.0,0.154890239238739,-0.5382569432258606,0.021935343742370605,0.021935343742370605,0.0,1.0,0.6931471824645996,3.574167013168335,0.0,0.014148354530334473,-0.007786989212036133,3.5805282592773438,,0.01881774514913559,0.023298485204577446,0.2,0,cn,cn_plus,53,3,139,3,139,1,162.94093339668504,0.99390024212208,2.8181991577148438,-0.7559678554534912,1.612122893333435,1.612122893333435,0.14298588037490845,0.12883752584457397,3.0251519680023193,3.0329389572143555,7.604642868041992,4.024114608764648,AVAILABLE,3.574167013168335,1038,1358
0.0,0.11889797449111938,0.01186148077249527,0.2154676914215088,0.34622716903686523,0.20898012816905975,0.10175491869449615,0.0,0.0,-0.20898012816905975,-0.10175491869449615,0.22732917219400406,0.22732917219400406,0.1072252094745636,0.0,-0.1072252094745636,0.0,-0.11889797449111938,-0.01186148077249527,-0.2154676914215088,-0.34622716903686523,,0.02255208045244217,0.0195380337536335,0.2,0,degree,degree_u_plus,54,3,5,2,5,1,0.5230211684378082,0.3434103079304413,-0.7559678554534912,-0.7559678554534912,-0.9733161330223083,-0.854418158531189,-0.1011350080370903,-0.08927352726459503,2.654090404510498,2.869558095932007,0.8298544883728027,1.176081657409668,AVAILABLE,0.11889797449111938,1385,2335
3.5946319103240967,0.0,0.12047701887786388,0.030771970748901367,3.745880603790283,0.10175491869449615,0.10175491869449615,1.0,0.0,0.5913922786712646,-0.10175491869449615,0.15124898962676525,0.15124898962676525,0.0,1.0,0.6931471973657608,3.5946319103240967,0.0,0.12047701887786388,0.030771970748901367,3.745880603790283,,0.004710234235972166,0.0195380337536335,0.2,0,cn,cn_plus,54,2,5,2,5,1,23.76631858190476,0.9596225819072424,2.8386640548706055,-0.7559678554534912,-0.854418158531189,-0.854418158531189,0.031203491613268852,-0.08927352726459503,2.900330066680908,2.869558095932007,4.921962261199951,1.176081657409668,AVAILABLE,3.5946319103240967,1385,2335
0.0,0.33404940366744995,0.03452502191066742,0.017856597900390625,0.3864309787750244,0.11078149825334549,0.003478978993371129,0.0,0.0,-0.11078149825334549,-0.003478978993371129,0.052381619811058044,0.052381619811058044,0.10730251925997436,0.0,-0.10730251925997436,0.0,-0.33404940366744995,-0.03452502191066742,-0.017856597900390625,-0.3864309787750244,,0.01678984798491001,0.009764771908521652,0.2,0,degree,degree_u_plus,55,2,6,1,6,1,6.377224322197976,0.8644476626539589,-0.7559678554534912,-0.7559678554534912,-0.6222416162490845,-0.2881922125816345,-0.0743294507265091,-0.039804428815841675,2.97450852394104,2.9923651218414307,1.5281527042388916,1.914583683013916,AVAILABLE,0.33404940366744995,647,904
3.5973751544952393,0.0,0.09070833772420883,0.010361433029174805,3.6984448432922363,0.003478978993371129,0.003478978993371129,1.0,0.0,0.6896681785583496,-0.003478978993371129,0.10106977075338364,0.10106977075338364,0.0,1.0,0.6931471575517207,3.5973751544952393,0.0,0.09070833772420883,0.010361433029174805,3.6984448432922363,,0.008232575841248035,0.009764771908521652,0.2,0,cn,cn_plus,55,1,6,1,6,1,35.59298464565835,0.9726723575657105,2.841407299041748,-0.7559678554534912,-0.2881922125816345,-0.2881922125816345,0.05090390890836716,-0.039804428815841675,3.0027265548706055,2.9923651218414307,5.613028526306152,1.914583683013916,AVAILABLE,3.5973751544952393,647,904
0.0,0.13105130940675735,0.013658287469297647,0.01283717155456543,0.13187241554260254,0.7591821551322937,0.6186087131500244,0.0,0.0,-0.7591821551322937,-0.6186087131500244,0.026495459023863077,0.026495459023863077,0.1405734419822693,0.0,-0.1405734419822693,0.0,-0.13105130940675735,-0.013658287469297647,0.01283717155456543,-0.13187241554260254,,0.004812972154468298,0.0011573773808777332,0.2,0,degree,degree_u_plus,56,6,22,5,22,1,4.946178129125637,0.8318247488917648,-0.7559678554534912,-0.7559678554534912,0.0960264727473259,0.22707778215408325,-0.018141884356737137,-0.004483596887439489,2.899235963821411,2.8863987922668457,2.2273356914520264,2.359208106994629,AVAILABLE,0.13105130940675735,1849,1914
3.5969321727752686,0.0,0.09267901768907905,0.022223472595214844,3.6673879623413086,0.6186087131500244,0.6186087131500244,1.0,0.0,0.0745384693145752,-0.6186087131500244,0.11490249028429389,0.11490249028429389,0.0,1.0,0.6931471824645996,3.5969321727752686,0.0,0.09267901768907905,-0.022223472595214844,3.6673879623413086,,0.014649397693574429,0.0011573773808777332,0.2,0,cn,cn_plus,56,5,22,5,22,1,31.30421151737928,0.9690442839175316,2.8409643173217773,-0.7559678554534912,0.22707778215408325,0.22707778215408325,0.08819542080163956,-0.004483596887439489,2.864175319671631,2.8863987922668457,6.0265960693359375,2.359208106994629,AVAILABLE,3.5969321727752686,1849,1914
0.0,0.2621217966079712,0.014486916363239288,0.05837416648864746,0.21823447942733765,0.10175491869449615,0.09065704047679901,0.0,0.0,-0.10175491869449615,-0.09065704047679901,0.07286108285188675,0.07286108285188675,0.011097878217697144,0.0,-0.011097878217697144,0.0,0.2621217966079712,0.014486916363239288,-0.05837416648864746,0.21823447942733765,,0.02022808976471424,0.021851999685168266,0.2,0,degree,degree_u_plus,57,5,2,4,2,1,3.597555105861736,0.7824930910072112,-0.7559678554534912,-0.7559678554534912,-0.854418158531189,-1.1165399551391602,-0.08927352726459503,-0.10376044362783432,2.7136850357055664,2.772059202194214,1.0202085971832275,0.8019741177558899,AVAILABLE,0.2621217966079712,1773,1780
3.596473455429077,0.0,0.12802218087017536,0.06936025619506836,3.793855845928192,0.09065704047679901,0.09065704047679901,1.0,0.0,0.6024901270866394,-0.09065704047679901,0.19738243706524372,0.19738243706524372,0.0,1.0,0.6931471675634384,3.596473455429077,0.0,0.12802218087017536,0.06936025619506836,3.793855845928192,,0.0035560177639126778,0.021851999685168266,0.2,0,cn,cn_plus,57,4,2,4,2,1,18.220837307991637,0.9479731302036348,2.840505599975586,-0.7559678554534912,-1.1165399551391602,-1.1165399551391602,0.02426173724234104,-0.10376044362783432,2.8414194583892822,2.772059202194214,4.595829963684082,0.8019741177558899,AVAILABLE,3.596473455429077,1773,1780
1.4781951904296875e-05,0.0059098005294799805,0.00035443902015686035,3.0040740966796875e-05,0.006309032440185547,0.13929599523544312,0.2222231924533844,2.0,2.0,0.9593163132667542,0.8763891458511353,0.0003992617130279541,0.0003992617130279541,-0.08292719721794128,0.0,0.0829271674156189,1.4781951904296875e-05,0.0059098005294799805,0.00035443902015686035,3.0040740966796875e-05,0.006309032440185547,,0.018790654838085175,0.018758630380034447,0.2,0,degree,degree_u_plus,58,65,2,64,2,1,14.801450582766977,0.9367146709245417,2.836409568786621,2.836394786834717,1.5209373235702515,1.5150275230407715,0.13852322101593018,0.13816878199577332,2.8760502338409424,2.8760201930999756,7.378103733062744,7.371794700622559,AVAILABLE,0.0059098005294799805,306,656
,,,,,,,,,,,,,,,,,,,,,NO_CANDIDATE,,,,,cn,cn,58,,,,,,,,,,,,,,,,,,MISSING,,306,656
0.0,0.10021859407424927,0.007530592381954193,0.004960536956787109,0.10278868675231934,0.4546849727630615,0.45229554176330566,0.0,0.0,-0.4546849727630615,-0.45229554176330566,0.012491129338741302,0.012491129338741302,0.0023894309997558594,0.0,-0.0023894309997558594,0.0,0.10021859407424927,0.007530592381954193,-0.004960536956787109,0.10278868675231934,,0.01908629946410656,0.020306428894400597,0.2,0,degree,degree_u_plus,59,9,5,8,5,1,8.023174776653162,0.8891742624128893,-0.7559678554534912,-0.7559678554534912,-0.6159182190895081,-0.7161368131637573,-0.08199754357337952,-0.08952813595533371,2.842263698577881,2.847224235534668,1.3945633172988892,1.2917746305465698,AVAILABLE,0.10021859407424927,1351,1535
3.5962460041046143,0.0,0.14218735322356224,0.024808406829833984,3.763241410255432,0.45229554176330566,0.45229554176330566,1.0,0.0,0.24085164070129395,-0.45229554176330566,0.16699576005339622,0.16699576005339622,0.0,1.0,0.6931471824645996,3.5962460041046143,0.0,0.14218735322356224,0.024808406829833984,3.763241410255432,,0.008125035092234612,0.020306428894400597,0.2,0,cn,cn_plus,59,8,5,8,5,1,21.53495266948815,0.9556244907780979,2.840278148651123,-0.7559678554534912,-0.7161368131637573,-0.7161368131637573,0.05265921726822853,-0.08952813595533371,2.872032642364502,2.847224235534668,5.055016040802002,1.2917746305465698,AVAILABLE,3.5962460041046143,1351,1535
0.00018453598022460938,0.2886565327644348,0.011810410767793655,0.01277017593383789,0.28788137435913086,0.0031781308352947235,0.003655461361631751,1.0,1.0,0.6899690628051758,0.6894917488098145,0.024765122681856155,0.024765122681856155,-0.00047733052633702755,0.0,0.0004773139953613281,0.00018453598022460938,0.2886565327644348,0.011810410767793655,-0.01277017593383789,0.28788137435913086,,0.0036661678459495306,0.0018209872068837285,0.2,0,degree,degree_u_plus,60,4,1,3,1,1,11.655763628349755,0.9209846178100283,2.8301453590393066,2.829960823059082,-0.8809531331062317,-1.1696096658706665,0.024513160809874535,0.01270275004208088,2.9507052898406982,2.963475465774536,4.930593967437744,4.642712593078613,AVAILABLE,0.2886565327644348,2457,2458
,,,,,,,,,,,,,,,,,,,,,NO_CANDIDATE,,,,,cn,cn,60,,,,,,,,,,,,,,,,,,MISSING,,2457,2458
0.0,0.02784407138824463,0.0026070885360240936,0.006944179534912109,0.03739523887634277,0.1197313591837883,0.2807563543319702,0.0,0.0,-0.1197313591837883,-0.2807563543319702,0.009551268070936203,0.009551268070936203,-0.16102499514818192,0.0,0.16102499514818192,0.0,0.02784407138824463,0.0026070885360240936,0.006944179534912109,0.03739523887634277,,0.012561776675283909,0.012082389555871487,0.2,0,degree,degree_u_plus,61,29,3,28,3,1,2.9152194273321363,0.7445864737442293,-0.7559678554534912,-0.7559678554534912,0.8610244393348694,0.8331803679466248,0.056476201862096786,0.05386911332607269,2.822408437728882,2.8154642581939697,2.990124225616455,2.9527289867401123,AVAILABLE,0.02784407138824463,109,1805
3.5863754749298096,0.0,0.052933044731616974,0.024677276611328125,3.6639859676361084,0.2807563543319702,0.2807563543319702,1.0,0.0,0.4123908281326294,-0.2807563543319702,0.0776103213429451,0.0776103213429451,0.0,1.0,0.6931471824645996,3.5863754749298096,0.0,0.052933044731616974,0.024677276611328125,3.6639859676361084,,0.016156364232301712,0.012082389555871487,0.2,0,cn,cn_plus,61,28,3,28,3,1,46.21002658888683,0.9788180589537012,2.8304076194763184,-0.7559678554534912,0.8331803679466248,0.8331803679466248,0.10680215805768967,0.05386911332607269,2.840141534805298,2.8154642581939697,6.616714954376221,2.9527289867401123,AVAILABLE,3.5863754749298096,109,1805
0.0,1.2015002071857452,0.06833569100126624,1.8573229312896729,3.127158761024475,0.004607513081282377,0.0004881954228039831,0.0,0.0,-0.004607513081282377,-0.0004881954228039831,1.925658622290939,1.925658622290939,0.004119317658478394,0.0,-0.004119317658478394,0.0,-1.2015002071857452,-0.06833569100126624,-1.8573229312896729,-3.127158761024475,,0.0013529229909181595,0.02155035175383091,0.2,0,degree,degree_u_plus,62,1,8,0,8,1,0.6239424719615704,0.3842146398252066,-0.7559678554534912,-0.7559678554534912,0.1784033477306366,1.3799035549163818,0.0023290649987757206,0.07066475600004196,-0.7848056554794312,1.0725172758102417,-1.3538578748703003,1.7733008861541748,AVAILABLE,1.2015002071857452,907,1351
,,,,,,,,,,,,,,,,,,,,,NO_CANDIDATE,,,,,cn,cn,62,,,,,,,,,,,,,,,,,,MISSING,,907,1351
0.0,0.04993414878845215,0.003448374569416046,0.06440353393554688,0.11778593063354492,-0.0006363913416862488,-0.0006363913416862488,0.0,0.0,0.0006363913416862488,0.0006363913416862488,0.06785190850496292,0.06785190850496292,0.0,0.0,0.0,0.0,0.04993414878845215,0.003448374569416046,0.06440353393554688,0.11778593063354492,,0.015938682481646538,0.015627607703208923,0.2,0,degree,degree_u_plus,63,11,0,10,0,1,0.7359283258114477,0.42393934983890713,-0.7559678554534912,-0.7559678554534912,1.5566378831863403,1.5067037343978882,0.08237212896347046,0.07892375439405441,2.773085832595825,2.7086822986602783,3.66231107711792,3.544525146484375,AVAILABLE,0.04993414878845215,748,1617
,,,,,,,,,,,,,,,,,,,,,NO_CANDIDATE,,,,,cn,cn,63,,,,,,,,,,,,,,,,,,MISSING,,748,1617
0.0,0.2567026615142822,0.056613270193338394,0.10195398330688477,0.2113620638847351,0.003560676472261548,0.0018686256371438503,0.0,0.0,-0.003560676472261548,-0.0018686256371438503,0.15856725350022316,0.15856725350022316,0.0016920508351176977,0.0,-0.0016920508351176977,0.0,-0.2567026615142822,-0.056613270193338394,0.10195398330688477,-0.2113620638847351,,0.019456632435321808,0.00859721191227436,0.2,0,degree,degree_u_plus,64,2,1,1,1,1,1.6188881352166424,0.6181585663958583,-0.7559678554534912,-0.7559678554534912,-1.3096691370010376,-1.0529664754867554,-0.09503639489412308,-0.03842312470078468,2.723850727081299,2.621896743774414,0.5693603754043579,0.780722439289093,AVAILABLE,0.2567026615142822,1357,2170
3.590364694595337,0.0,0.08493568748235703,0.12251973152160645,3.797820270061493,0.0018686256371438503,0.0018686256371438503,1.0,0.0,0.6912785768508911,-0.0018686256371438503,0.20745541900396347,0.20745541900396347,0.0,1.0,0.693147202488035,3.590364694595337,0.0,0.08493568748235703,0.12251973152160645,3.797820270061493,,0.006964738946408033,0.00859721191227436,0.2,0,cn,cn_plus,64,1,1,1,1,1,17.306679858094927,0.9453751304031345,2.8343968391418457,-0.7559678554534912,-1.0529664754867554,-1.0529664754867554,0.04651256278157234,-0.03842312470078468,2.7444164752960205,2.621896743774414,4.578542709350586,0.780722439289093,AVAILABLE,3.590364694595337,1357,2170
0.0,0.10844916105270386,0.01000730530358851,0.019298553466796875,0.1377549171447754,0.18823504447937012,0.14670895040035248,0.0,0.0,-0.18823504447937012,-0.14670895040035248,0.029305858770385385,0.029305858770385385,0.04152609407901764,0.0,-0.04152609407901764,0.0,0.10844916105270386,0.01000730530358851,0.019298553466796875,0.1377549171447754,,0.0022029224783182144,0.0004180355172138661,0.2,0,degree,degree_u_plus,65,12,2,11,2,1,3.700595327932935,0.7872609892501116,-0.7559678554534912,-0.7559678554534912,0.32186248898506165,0.2134133279323578,0.008458481170237064,-0.0015488241333514452,2.7533748149871826,2.7340762615203857,2.3339109420776367,2.1961560249328613,AVAILABLE,0.10844916105270386,645,1495
3.588338613510132,0.0,0.0760072369594127,0.2233901023864746,3.8877358436584473,0.14670895040035248,0.14670895040035248,1.0,0.0,0.5464382171630859,-0.14670895040035248,0.2993973393458873,0.2993973393458873,0.0,1.0,0.6931471675634384,3.588338613510132,0.0,0.0760072369594127,0.2233901023864746,3.8877358436584473,,0.012251066043972969,0.0004180355172138661,0.2,0,cn,cn_plus,65,11,2,11,2,1,11.98520501717803,0.9229892790543462,2.8323707580566406,-0.7559678554534912,0.2134133279323578,0.2134133279323578,0.07445841282606125,-0.0015488241333514452,2.9574663639068604,2.7340762615203857,6.083891868591309,2.1961560249328613,AVAILABLE,3.588338613510132,645,1495
0.0001220703125,0.11889797449111938,0.004233654588460922,0.050118207931518555,0.16490507125854492,0.20898012816905975,0.10175491869449615,2.0,2.0,0.8896321654319763,0.9968574047088623,0.05447393283247948,0.05447393283247948,0.1072252094745636,0.0,-0.10722523927688599,-0.0001220703125,-0.11889797449111938,0.004233654588460922,-0.050118207931518555,-0.16490507125854492,,0.005474516190588474,0.00489701796323061,0.2,0,degree,degree_u_plus,66,3,5,2,5,1,2.1826577682610444,0.6857971944164186,2.833853244781494,2.833975315093994,-0.9733161330223083,-0.854418158531189,0.03675006702542305,0.03251641243696213,2.8690154552459717,2.9191336631774902,4.772485256195068,4.937390327453613,AVAILABLE,0.11889797449111938,56,1849
,,,,,,,,,,,,,,,,,,,,,NO_CANDIDATE,,,,,cn,cn,66,,,,,,,,,,,,,,,,,,MISSING,,56,1849
0.0,0.30977845191955566,0.02799145132303238,0.1196601390838623,0.21810972690582275,0.003478978993371129,0.009524164721369743,0.0,0.0,-0.003478978993371129,-0.009524164721369743,0.14765159040689468,0.14765159040689468,-0.006045185727998614,0.0,0.006045185727998614,0.0,0.30977845191955566,0.02799145132303238,-0.1196601390838623,0.21810972690582275,,0.01193821057677269,0.017880385741591454,0.2,0,degree,degree_u_plus,67,6,1,5,1,1,2.0980365337448137,0.6772149104416048,-0.7559678554534912,-0.7559678554534912,-0.2881922125816345,-0.5979706645011902,-0.039804428815841675,-0.06779588013887405,2.250239372253418,2.3698995113372803,1.1724579334259033,0.9543482065200806,AVAILABLE,0.30977845191955566,743,1570
3.5899288654327393,0.0,0.1063498742878437,0.41484951972961426,4.1111286878585815,0.009524164721369743,0.009524164721369743,1.0,0.0,0.6836230158805847,-0.009524164721369743,0.521199394017458,0.521199394017458,0.0,1.0,0.6931471806019545,3.5899288654327393,0.0,0.1063498742878437,0.41484951972961426,4.1111286878585815,,0.006163476966321468,0.017880385741591454,0.2,0,cn,cn_plus,67,5,1,5,1,1,6.887822276390192,0.8732222957161196,2.833961009979248,-0.7559678554534912,-0.5979706645011902,-0.5979706645011902,0.03855399414896965,-0.06779588013887405,2.7847490310668945,2.3698995113372803,5.065476894378662,0.9543482065200806,AVAILABLE,3.5899288654327393,743,1570
0.0,0.2564474940299988,0.021477647125720978,0.8396260738372803,0.5617009699344635,0.10175491869449615,0.009524164721369743,0.0,0.0,-0.10175491869449615,-0.009524164721369743,0.8611037209630013,0.8611037209630013,0.09223075397312641,0.0,-0.09223075397312641,0.0,-0.2564474940299988,-0.021477647125720978,0.8396260738372803,0.5617009699344635,,0.025177475064992905,0.027920003980398178,0.2,0,degree,degree_u_plus,68,2,5,1,5,1,0.29781254546790187,0.22947269735363146,-0.7559678554534912,-0.7559678554534912,-0.854418158531189,-0.5979706645011902,-0.08927352726459503,-0.06779588013887405,1.8461103439331055,1.0064842700958252,0.152633935213089,-0.4090670347213745,AVAILABLE,0.2564474940299988,8,281
3.589723825454712,0.0,0.10705920308828354,1.881105899810791,5.5778888463974,0.009524164721369743,0.009524164721369743,1.0,0.0,0.6836230158805847,-0.009524164721369743,1.9881651028990746,1.9881651028990746,0.0,1.0,0.6931471806019545,3.589723825454712,0.0,0.10705920308828354,1.881105899810791,5.5778888463974,,0.006174856796860695,0.027920003980398178,0.2,0,cn,cn_plus,68,1,5,1,5,1,1.8055461300295623,0.6435631589527766,2.8337559700012207,-0.7559678554534912,-0.5979706645011902,-0.5979706645011902,0.039263322949409485,-0.06779588013887405,2.887590169906616,1.0064842700958252,5.168821811676025,-0.4090670347213745,AVAILABLE,3.589723825454712,8,281
0.0,0.03253704309463501,0.0030189063400030136,0.007804155349731445,0.027751922607421875,0.6162476539611816,0.5794788599014282,0.0,0.0,-0.6162476539611816,-0.5794788599014282,0.010823061689734459,0.010823061689734459,0.03676879405975342,0.0,-0.03676879405975342,0.0,0.03253704309463501,0.0030189063400030136,-0.007804155349731445,0.027751922607421875,,0.007444918621331453,0.006695967633277178,0.2,0,degree,degree_u_plus,69,27,4,26,4,1,3.0062669847688404,0.7503910738346112,-0.7559678554534912,-0.7559678554534912,0.5687804222106934,0.5362433791160583,0.02816212736070156,0.025143221020698547,2.4298207759857178,2.437624931335449,2.2769787311553955,2.2492268085479736,AVAILABLE,0.03253704309463501,598,1301
3.581474542617798,0.0,0.07273400574922562,0.2374560832977295,3.8916642665863037,0.5794788599014282,0.5794788599014282,1.0,0.0,0.11366832256317139,-0.5794788599014282,0.3101900890469551,0.3101900890469551,0.0,1.0,0.6931471824645996,3.581474542617798,0.0,0.07273400574922562,0.2374560832977295,3.8916642665863037,,0.015954667702317238,0.006695967633277178,0.2,0,cn,cn_plus,69,26,4,26,4,1,11.546063377334463,0.9202937232242437,2.8255066871643066,-0.7559678554534912,0.5362433791160583,0.5362433791160583,0.09787722676992416,0.025143221020698547,2.6750810146331787,2.437624931335449,6.140891075134277,2.2492268085479736,AVAILABLE,3.581474542617798,598,1301
3.8623809814453125e-05,0.14404308795928955,0.0025848709046840668,0.017796754837036133,0.12362289428710938,0.27733898162841797,0.27696138620376587,1.0,1.0,0.41580820083618164,0.41618579626083374,0.020420249551534653,0.020420249551534653,0.0003775954246520996,0.0,-0.0003775954246520996,-3.8623809814453125e-05,0.14404308795928955,-0.0025848709046840668,-0.017796754837036133,0.12362289428710938,,0.006191244814544916,0.006416093558073044,0.2,0,degree,degree_u_plus,70,5,4,4,4,1,7.053930318357007,0.8758370186391184,2.8398475646972656,2.83988618850708,-1.0229142904281616,-1.1669573783874512,0.042119428515434265,0.04470429942011833,2.898181200027466,2.915977954864502,4.7634172439575195,4.63979434967041,AVAILABLE,0.14404308795928955,1388,2181
0.0014758110046386719,0.0,0.0002316311001777649,0.009928464889526367,0.011635780334472656,0.27696138620376587,0.27696138620376587,2.0,1.0,0.8216509222984314,0.41618579626083374,0.010160095989704132,0.010160095989704132,0.0,1.0,0.40546512603759766,0.0014758110046386719,0.0,0.0002316311001777649,0.009928464889526367,0.011635780334472656,,0.006438585463911295,0.006416093558073044,0.2,0,cn,cn_plus,70,4,4,4,4,1,0.14525547333208955,0.1268323764561218,2.8413619995117188,2.83988618850708,-1.1669573783874512,-1.1669573783874512,0.0449359305202961,0.04470429942011833,2.9259064197540283,2.915977954864502,4.651430130004883,4.63979434967041,AVAILABLE,0.0014758110046386719,1388,2181
0.00015783309936523438,0.01150047779083252,0.009993281215429306,0.07241153717041016,0.07407617568969727,0.27696138620376587,0.19555333256721497,1.0,1.0,0.41618579626083374,0.49759384989738464,0.0825626514852047,0.0825626514852047,0.0814080536365509,0.0,-0.0814080536365509,-0.00015783309936523438,-0.01150047779083252,0.009993281215429306,-0.07241153717041016,-0.07407617568969727,,0.006500272545963526,0.005010171327739954,0.2,0,degree,degree_u_plus,71,4,4,3,4,1,0.13929393243813265,0.12226338477906075,2.8336181640625,2.8337759971618652,-1.1669573783874512,-1.1554569005966187,0.04470999911427498,0.03471671789884567,2.8328869342803955,2.9052984714508057,4.550441265106201,4.624517440795898,AVAILABLE,0.01150047779083252,1818,2305
0.00237274169921875,0.0,0.0004425644874572754,0.007764339447021484,0.010579586029052734,0.19555333256721497,0.19555333256721497,2.0,1.0,0.9030590057373047,0.49759384989738464,0.00820690393447876,0.00820690393447876,0.0,1.0,0.40546515583992004,0.00237274169921875,0.0,0.0004425644874572754,0.007764339447021484,0.010579586029052734,,0.005066304467618465,0.005010171327739954,0.2,0,cn,cn_plus,71,3,4,3,4,1,0.2891149728341154,0.22427400109898424,2.836148738861084,2.8337759971618652,-1.1554569005966187,-1.1554569005966187,0.03515928238630295,0.03471671789884567,2.913062810897827,2.9052984714508057,4.635097026824951,4.624517440795898,AVAILABLE,0.00237274169921875,1818,2305
0.0005030632019042969,0.21519440412521362,0.0037705376744270325,0.015705585479736328,0.23517322540283203,0.4428975284099579,0.3375204801559448,1.0,1.0,0.2502496540546417,0.3556267023086548,0.019979186356067657,0.019979186356067657,0.10537704825401306,0.0,-0.10537704825401306,-0.0005030632019042969,-0.21519440412521362,-0.0037705376744270325,-0.015705585479736328,-0.23517322540283203,,0.013332262635231018,0.013648660853505135,0.2,0,degree,degree_u_plus,72,4,14,3,14,1,10.770923929573339,0.9150449016591133,2.833749771118164,2.8342528343200684,-0.04716107249259949,0.16803333163261414,0.07787507772445679,0.08164561539888382,2.8823134899139404,2.8980190753936768,5.752960681915283,5.988133907318115,AVAILABLE,0.21519440412521362,2228,2394
0.000553131103515625,0.0,0.001727283000946045,0.016300439834594727,0.018580913543701172,0.3375204801559448,0.3375204801559448,2.0,1.0,0.7610918283462524,0.3556267023086548,0.01802772283554077,0.01802772283554077,0.0,1.0,0.40546512603759766,-0.000553131103515625,0.0,-0.001727283000946045,-0.016300439834594727,-0.018580913543701172,,0.01340153906494379,0.013648660853505135,0.2,0,cn,cn_plus,72,3,14,3,14,1,0.030682233232631154,0.029768858182797443,2.8336997032165527,2.8342528343200684,0.16803333163261414,0.16803333163261414,0.07991833239793777,0.08164561539888382,2.881718635559082,2.8980190753936768,5.969552993774414,5.988133907318115,AVAILABLE,0.000553131103515625,2228,2394
0.0,0.1400594711303711,0.0037961825728416443,0.452642560005188,0.316379152238369,0.003655461361631751,0.003560676472261548,0.0,0.0,-0.003655461361631751,-0.003560676472261548,0.45643874257802963,0.45643874257802963,9.478488937020302e-05,0.0,-9.478488937020302e-05,0.0,0.1400594711303711,-0.0037961825728416443,-0.452642560005188,-0.316379152238369,,0.025782978162169456,0.02149096690118313,0.2,0,degree,degree_u_plus,73,3,1,2,1,1,0.3068527164691773,0.23480283019055462,-0.7559678554534912,-0.7559678554534912,-1.1696096658706665,-1.3096691370010376,-0.09883257746696472,-0.09503639489412308,1.808838963508606,2.261481523513794,-0.20938800275325775,0.10699114948511124,AVAILABLE,0.1400594711303711,2303,2541
3.5898597240448,0.0,0.10743873193860054,0.5902938842773438,4.287592552602291,0.003560676472261548,0.003560676472261548,1.0,0.0,0.6895865201950073,-0.003560676472261548,0.6977326162159443,0.6977326162159443,0.0,1.0,0.6931471966672689,3.5898597240448,0.0,0.10743873193860054,0.5902938842773438,4.287592552602291,,0.0017698057927191257,0.02149096690118313,0.2,0,cn,cn_plus,73,2,1,2,1,1,5.145036349402067,0.8372670325868287,2.8338918685913086,-0.7559678554534912,-1.3096691370010376,-1.3096691370010376,0.012402337044477463,-0.09503639489412308,2.8517754077911377,2.261481523513794,4.394583702087402,0.10699114948511124,AVAILABLE,3.5898597240448,2303,2541
0.0,0.08975403755903244,0.008029395714402199,0.062352895736694336,0.03543055057525635,0.3183216154575348,0.3231161832809448,0.0,0.0,-0.3183216154575348,-0.3231161832809448,0.07038229145109653,0.07038229145109653,-0.004794567823410034,0.0,0.004794567823410034,0.0,0.08975403755903244,0.008029395714402199,-0.062352895736694336,0.03543055057525635,,0.004480328410863876,0.00690860953181982,0.2,0,degree,degree_u_plus,74,13,3,12,3,1,1.2752359003405978,0.5604851348159977,-0.7559678554534912,-0.7559678554534912,0.08771347254514694,-0.002040565013885498,-0.01500963605940342,-0.02303903177380562,2.4914286136627197,2.553781509399414,1.814347743988037,1.7789171934127808,AVAILABLE,0.08975403755903244,661,1879
3.587414503097534,0.0,0.09583749994635582,0.09103751182556152,3.7742892503738403,0.3231161832809448,0.3231161832809448,1.0,0.0,0.3700309991836548,-0.3231161832809448,0.18687501177191734,0.18687501177191734,0.0,1.0,0.6931471824645996,3.587414503097534,0.0,0.09583749994635582,0.09103751182556152,3.7742892503738403,,0.013114230707287788,0.00690860953181982,0.2,0,cn,cn_plus,74,12,3,12,3,1,19.196864669672152,0.9504873644322819,2.831446647644043,-0.7559678554534912,-0.002040565013885498,-0.002040565013885498,0.0727984681725502,-0.02303903177380562,2.6448190212249756,2.553781509399414,5.553206443786621,1.7789171934127808,AVAILABLE,3.587414503097534,661,1879
0.0,0.2621217966079712,0.014486916363239288,0.11777234077453613,0.15883636474609375,0.10175491869449615,0.09065704047679901,0.0,0.0,-0.10175491869449615,-0.09065704047679901,0.13225925713777542,0.13225925713777542,0.011097878217697144,0.0,-0.011097878217697144,0.0,0.2621217966079712,0.014486916363239288,-0.11777234077453613,0.15883636474609375,,0.0213104709982872,0.022637488320469856,0.2,0,degree,degree_u_plus,75,5,2,4,2,1,1.9818784897312114,0.6646409290506868,-0.7559678554534912,-0.7559678554534912,-0.854418158531189,-1.1165399551391602,-0.08927352726459503,-0.10376044362783432,2.4895267486572266,2.6072990894317627,0.7960503697395325,0.6372140049934387,AVAILABLE,0.2621217966079712,1395,2072
3.5942270755767822,0.0,0.12889034114778042,0.1360163688659668,3.8591334223747253,0.09065704047679901,0.09065704047679901,1.0,0.0,0.6024901270866394,-0.09065704047679901,0.2649067100137472,0.2649067100137472,0.0,1.0,0.6931471675634384,3.5942270755767822,0.0,0.12889034114778042,0.1360163688659668,3.8591334223747253,,0.003737763501703739,0.022637488320469856,0.2,0,cn,cn_plus,75,4,2,4,2,1,13.567896938931037,0.9313559119623084,2.838259220123291,-0.7559678554534912,-1.1165399551391602,-1.1165399551391602,0.0251298975199461,-0.10376044362783432,2.7433154582977295,2.6072990894317627,4.496347427368164,0.6372140049934387,AVAILABLE,3.5942270755767822,1395,2072
0.00026035308837890625,0.1721218228340149,0.0016096383333206177,0.05387735366821289,0.22412967681884766,0.2781181335449219,0.11078149825334549,2.0,2.0,0.8204941749572754,0.9878308176994324,0.055747345089912415,0.055747345089912415,0.16733663529157639,0.0,-0.16733664274215698,0.00026035308837890625,-0.1721218228340149,0.0016096383333206177,-0.05387735366821289,-0.22412967681884766,,0.005921384319663048,0.005782784428447485,0.2,0,degree,degree_u_plus,76,3,6,2,6,1,3.08753343645465,0.7553536832062329,2.837592601776123,2.837332248687744,-0.7943634390830994,-0.6222416162490845,0.03909331560134888,0.03748367726802826,2.9310076236724854,2.9848849773406982,5.019513130187988,5.243642807006836,AVAILABLE,0.1721218228340149,1091,2176
,,,,,,,,,,,,,,,,,,,,,NO_CANDIDATE,,,,,cn,cn,76,,,,,,,,,,,,,,,,,,MISSING,,1091,2176
0.0,0.11155557632446289,0.020079635083675385,0.1017768383026123,0.010300874710083008,0.0028130984865128994,0.0028787346091121435,0.0,0.0,-0.0028130984865128994,-0.0028787346091121435,0.12185647338628769,0.12185647338628769,-6.563612259924412e-05,0.0,6.563612259924412e-05,0.0,0.11155557632446289,-0.020079635083675385,-0.1017768383026123,-0.010300874710083008,,0.009900233708322048,0.01511722058057785,0.2,0,degree,degree_u_plus,77,3,0,2,0,1,0.9154668937132323,0.47793407274116445,-0.7559678554534912,-0.7559678554534912,0.6603851914405823,0.5488296151161194,0.03780944645404816,0.05788908153772354,2.3648836612701416,2.466660499572754,2.31329345703125,2.323594331741333,AVAILABLE,0.11155557632446289,387,2191
,,,,,,,,,,,,,,,,,,,,,NO_CANDIDATE,,,,,cn,cn,77,,,,,,,,,,,,,,,,,,MISSING,,387,2191
0.00041294097900390625,0.2231009304523468,0.008271034806966782,0.0015065670013427734,0.23027801513671875,0.10136482119560242,0.11078149825334549,1.0,1.0,0.5917823314666748,0.5823656916618347,0.010190542787313461,0.010190542787313461,-0.009416677057743073,0.0,0.009416639804840088,0.00041294097900390625,0.2231009304523468,0.008271034806966782,-0.0015065670013427734,0.23027801513671875,,0.008256884291768074,0.00668030371889472,0.2,0,degree,degree_u_plus,78,7,2,6,2,1,21.892917401899155,0.9563183677097861,2.8272500038146973,2.8268370628356934,-0.39914068579673767,-0.6222416162490845,0.050871510058641434,0.04260047525167465,2.883840799331665,2.885347366333008,5.369004726409912,5.138726711273193,AVAILABLE,0.2231009304523468,1300,2508
0.004224300384521484,0.0,0.0005385130643844604,0.0036764144897460938,0.007361888885498047,0.11078149825334549,0.11078149825334549,2.0,1.0,0.9878308176994324,0.5823656916618347,0.004214927554130554,0.004214927554130554,0.0,1.0,0.40546512603759766,0.004224300384521484,0.0,-0.0005385130643844604,0.0036764144897460938,0.007361888885498047,,0.0065882522612810135,0.00668030371889472,0.2,0,cn,cn_plus,78,6,2,6,2,1,1.002221344983333,0.5005547201334405,2.831061363220215,2.8268370628356934,-0.6222416162490845,-0.6222416162490845,0.04206196218729019,0.04260047525167465,2.889023780822754,2.885347366333008,5.146088600158691,5.138726711273193,AVAILABLE,0.004224300384521484,1300,2508
0.0,1.8299948573112488,0.13664202392101288,0.34638333320617676,1.6202534437179565,0.003655461361631751,0.0028130984865128994,0.0,0.0,-0.003655461361631751,-0.0028130984865128994,0.48302535712718964,0.48302535712718964,0.0008423628751188517,0.0,-0.0008423628751188517,0.0,-1.8299948573112488,-0.13664202392101288,0.34638333320617676,-1.6202534437179565,,0.02063039131462574,0.009759797714650631,0.2,0,degree,degree_u_plus,79,1,3,0,3,1,3.7886102508346666,0.7911711441068529,-0.7559678554534912,-0.7559678554534912,-1.1696096658706665,0.6603851914405823,-0.09883257746696472,0.03780944645404816,2.7662200927734375,2.4198367595672607,0.7479931116104126,2.368246555328369,AVAILABLE,1.8299948573112488,926,1862
,,,,,,,,,,,,,,,,,,,,,NO_CANDIDATE,,,,,cn,cn,79,,,,,,,,,,,,,,,,,,MISSING,,926,1862
0.0,0.10932683944702148,0.009521432220935822,0.2448282241821289,0.363676518201828,0.05864700675010681,0.003560676472261548,0.0,0.0,-0.05864700675010681,-0.003560676472261548,0.25434965640306473,0.25434965640306473,0.055086330277845263,0.0,-0.055086330277845263,0.0,-0.10932683944702148,-0.009521432220935822,-0.2448282241821289,-0.363676518201828,,0.02219049632549286,0.019644513726234436,0.2,0,degree,degree_u_plus,80,2,2,1,2,1,0.4298289083413721,0.30061562319367396,-0.7559678554534912,-0.7559678554534912,-1.418995976448059,-1.3096691370010376,-0.1045578271150589,-0.09503639489412308,2.432307004928589,2.6771352291107178,0.15896835923194885,0.5226448774337769,AVAILABLE,0.10932683944702148,1125,2332
3.588452100753784,0.0,0.1059536961838603,0.10370969772338867,3.798115372657776,0.003560676472261548,0.003560676472261548,1.0,0.0,0.6895865201950073,-0.003560676472261548,0.20966339390724897,0.20966339390724897,0.0,1.0,0.6931471966672689,3.588452100753784,0.0,0.1059536961838603,0.10370969772338867,3.798115372657776,,0.0015744785778224468,0.019644513726234436,0.2,0,cn,cn_plus,80,1,2,1,2,1,17.115300209192664,0.9447980442801303,2.832484245300293,-0.7559678554534912,-1.3096691370010376,-1.3096691370010376,0.010917301289737225,-0.09503639489412308,2.7808449268341064,2.6771352291107178,4.320760250091553,0.5226448774337769,AVAILABLE,3.588452100753784,1125,2332
3.719329833984375e-05,0.12856000661849976,0.005110114812850952,0.011207103729248047,0.12250041961669922,0.45435792207717896,0.4340936243534088,2.0,2.0,0.6442543864250183,0.6645187139511108,0.016354411840438843,0.016354411840438843,0.02026429772377014,0.0,-0.02026432752609253,3.719329833984375e-05,0.12856000661849976,0.005110114812850952,-0.011207103729248047,0.12250041961669922,,0.008009680546820164,0.00706818699836731,0.2,0,degree,degree_u_plus,81,8,4,7,4,1,7.860871382234693,0.8871442822198147,2.837347984313965,2.837310791015625,-0.6266048550605774,-0.7551648616790771,0.05156883969902992,0.04645872488617897,2.9227921962738037,2.9339993000030518,5.191287517547607,5.068787097930908,AVAILABLE,0.12856000661849976,577,2351
0.0010504722595214844,0.0,0.00027963146567344666,0.00407719612121582,0.0033059120178222656,0.4340936243534088,0.4340936243534088,3.0,2.0,0.9522007703781128,0.6645187139511108,0.004356827586889267,0.004356827586889267,0.0,1.0,0.28768205642700195,-0.0010504722595214844,0.0,0.00027963146567344666,0.00407719612121582,0.0033059120178222656,,0.007107154931873083,0.00706818699836731,0.2,0,cn,cn_plus,81,7,4,7,4,1,0.24110888656547552,0.19426892287645842,2.8362603187561035,2.837310791015625,-0.7551648616790771,-0.7551648616790771,0.04673835635185242,0.04645872488617897,2.9380764961242676,2.9339993000030518,5.0720930099487305,5.068787097930908,AVAILABLE,0.0010504722595214844,577,2351
0.00013208389282226562,0.12286454439163208,0.0005143918097019196,0.03742623329162598,0.15990829467773438,0.4616621434688568,0.33077800273895264,1.0,1.0,0.2314850389957428,0.362369179725647,0.03807270899415016,0.03807270899415016,0.13088414072990417,0.0,-0.13088414072990417,0.00013208389282226562,0.12286454439163208,-0.0005143918097019196,0.03742623329162598,0.15990829467773438,,0.007202032022178173,0.00718668894842267,0.2,0,degree,degree_u_plus,82,6,5,5,5,1,3.2271019154295257,0.7634313011593459,2.833303928375244,2.833171844482422,-0.9303733706474304,-1.0532379150390625,0.048055168241262436,0.048569560050964355,2.860713243484497,2.823287010192871,4.817882061004639,4.657973766326904,AVAILABLE,0.12286454439163208,45,2667
0.0033283233642578125,0.0,0.000635731965303421,0.07784104347229004,0.08180475234985352,0.33077800273895264,0.33077800273895264,2.0,1.0,0.7678343057632446,0.362369179725647,0.07847677543759346,0.07847677543759346,0.0,1.0,0.40546512603759766,0.0033283233642578125,0.0,0.000635731965303421,0.07784104347229004,0.08180475234985352,,0.007193681318312883,0.00718668894842267,0.2,0,cn,cn_plus,82,5,5,5,5,1,0.042411565989850235,0.04068600864916265,2.8365001678466797,2.833171844482422,-1.0532379150390625,-1.0532379150390625,0.049205292016267776,0.048569560050964355,2.901128053665161,2.823287010192871,4.739778518676758,4.657973766326904,AVAILABLE,0.0033283233642578125,45,2667
0.0004191398620605469,0.14350584149360657,0.004294607788324356,0.007614612579345703,0.14060497283935547,0.3248056471347809,0.30975377559661865,3.0,3.0,1.0614887475967407,1.0765405893325806,0.012328360229730606,0.012328360229730606,0.015051871538162231,0.0,-0.015051841735839844,0.0004191398620605469,0.14350584149360657,0.004294607788324356,-0.007614612579345703,0.14060497283935547,,0.008173797279596329,0.007320031989365816,0.2,0,degree,degree_u_plus,83,8,3,7,3,1,11.640292984350324,0.9208879096997136,2.822093963623047,2.8216748237609863,-0.48964205384254456,-0.6331478953361511,0.0513760969042778,0.047081489115953445,2.9223506450653076,2.9299652576446533,5.312361717224121,5.171756744384766,AVAILABLE,0.14350584149360657,1273,2125
,,,,,,,,,,,,,,,,,,,,,NO_CANDIDATE,,,,,cn,cn,83,,,,,,,,,,,,,,,,,,MISSING,,1273,2125
0.0,0.021746397018432617,0.0018574446439743042,0.024431943893432617,0.04803586006164551,0.048159822821617126,0.1300172060728073,0.0,0.0,-0.048159822821617126,-0.1300172060728073,0.02628938853740692,0.02628938853740692,-0.08185738325119019,0.0,0.08185738325119019,0.0,0.021746397018432617,0.0018574446439743042,0.024431943893432617,0.04803586006164551,,0.027209876105189323,0.027073409408330917,0.2,0,degree,degree_u_plus,84,28,1,27,1,1,0.8271926414554478,0.45271233185163695,-0.7559678554534912,-0.7559678554534912,1.4007576704025269,1.3790112733840942,0.11105350404977798,0.10919605940580368,1.8135887384414673,1.7891567945480347,2.575615167617798,2.5275793075561523,AVAILABLE,0.021746397018432617,2045,2047
3.602168321609497,0.0,0.022519178688526154,0.1811056137084961,3.805793285369873,0.1300172060728073,0.1300172060728073,1.0,0.0,0.5631299614906311,-0.1300172060728073,0.20362479239702225,0.20362479239702225,0.0,1.0,0.6931471675634384,3.602168321609497,0.0,0.022519178688526154,0.1811056137084961,3.805793285369873,,0.020817337557673454,0.027073409408330917,0.2,0,cn,cn_plus,84,27,1,27,1,1,17.690223780235204,0.9464960927296391,2.846200466156006,-0.7559678554534912,1.3790112733840942,1.3790112733840942,0.13171523809432983,0.10919605940580368,1.9702624082565308,1.7891567945480347,6.333372592926025,2.5275793075561523,AVAILABLE,3.602168321609497,2045,2047
0.0,0.23492950201034546,0.022950461134314537,0.5758879780769348,0.3180081844329834,0.6162476539611816,0.337265282869339,0.0,0.0,-0.6162476539611816,-0.337265282869339,0.5988384392112494,0.5988384392112494,0.27898237109184265,0.0,-0.27898237109184265,0.0,-0.23492950201034546,-0.022950461134314537,0.5758879780769348,0.3180081844329834,,0.012296954169869423,0.016361583024263382,0.2,0,degree,degree_u_plus,85,4,27,3,27,1,0.39230864738190935,0.28176844848274457,-0.7559678554534912,-0.7559678554534912,0.5687804222106934,0.8037099242210388,0.02816212736070156,0.0511125884950161,-0.9372604489326477,-1.5131484270095825,-1.0901025533676147,-1.4081107378005981,AVAILABLE,0.23492950201034546,341,2045
3.5906050205230713,0.0,0.05439366027712822,0.34022998809814453,3.9852288961410522,0.337265282869339,0.337265282869339,1.0,0.0,0.3558818995952606,-0.337265282869339,0.39462364837527275,0.39462364837527275,0.0,1.0,0.6931471824645996,3.5906050205230713,0.0,0.05439366027712822,0.34022998809814453,3.9852288961410522,,0.021458439528942108,0.016361583024263382,0.2,0,cn,cn_plus,85,3,27,3,27,1,9.098808305883518,0.9009784155010245,2.83463716506958,-0.7559678554534912,0.8037099242210388,0.8037099242210388,0.10550624877214432,0.0511125884950161,-1.172918438911438,-1.5131484270095825,2.577118158340454,-1.4081107378005981,AVAILABLE,3.5906050205230713,341,2045
0.0,0.3152417242527008,0.03162423521280289,0.10267496109008789,0.4495408535003662,0.3970562219619751,0.2623661458492279,0.0,0.0,-0.3970562219619751,-0.2623661458492279,0.13429919630289078,0.13429919630289078,0.1346900761127472,0.0,-0.1346900761127472,0.0,-0.3152417242527008,-0.03162423521280289,-0.10267496109008789,-0.4495408535003662,,0.002901276806369424,0.00998919177800417,0.2,0,degree,degree_u_plus,86,3,17,2,17,1,2.3473089151526523,0.7012525508257742,-0.7559678554534912,-0.7559678554534912,0.37245336174964905,0.6876950860023499,0.01110655814409256,0.04273079335689545,2.6886343955993652,2.791309356689453,2.3224096298217773,2.7719504833221436,AVAILABLE,0.3152417242527008,6,1042
3.5934064388275146,0.0,0.05579983443021774,0.008396387100219727,3.6576030254364014,0.2623661458492279,0.2623661458492279,1.0,0.0,0.4307810366153717,-0.2623661458492279,0.06419622153043747,0.06419622153043747,0.0,1.0,0.6931471824645996,3.5934064388275146,0.0,0.05579983443021774,0.008396387100219727,3.6576030254364014,,0.015339396893978119,0.00998919177800417,0.2,0,cn,cn_plus,86,2,17,2,17,1,55.97534860163508,0.9824485496878329,2.8374385833740234,-0.7559678554534912,0.6876950860023499,0.6876950860023499,0.09853062778711319,0.04273079335689545,2.799705743789673,2.791309356689453,6.429553508758545,2.7719504833221436,AVAILABLE,3.5934064388275146,6,1042
4.482269287109375e-05,0.09049391746520996,0.0012536309659481049,0.03183436393737793,0.12102985382080078,0.4048007130622864,0.2781181335449219,1.0,1.0,0.28834646940231323,0.41502904891967773,0.03313281759619713,0.03313281759619713,0.1266825795173645,0.0,-0.1266825795173645,4.482269287109375e-05,-0.09049391746520996,0.0012536309659481049,-0.03183436393737793,-0.12102985382080078,,0.006964156869798899,0.006830947939306498,0.2,0,degree,degree_u_plus,87,4,6,3,6,1,2.731246441387228,0.7319930442256681,2.8304038047790527,2.8303589820861816,-0.8848573565483093,-0.7943634390830994,0.044127464294433594,0.04287383332848549,2.576979875564575,2.608814239501953,4.572836875915527,4.693866729736328,AVAILABLE,0.09049391746520996,1920,1926
0.002681732177734375,0.0,0.00033005326986312866,0.17007946968078613,0.16772747039794922,0.2781181335449219,0.2781181335449219,2.0,1.0,0.8204941749572754,0.41502904891967773,0.17040952295064926,0.17040952295064926,0.0,1.0,0.40546512603759766,-0.002681732177734375,0.0,0.00033005326986312866,0.17007946968078613,0.16772747039794922,,0.006704370025545359,0.006830947939306498,0.2,0,cn,cn_plus,87,3,6,3,6,1,0.01573698449435342,0.015493168738152707,2.8276772499084473,2.8303589820861816,-0.7943634390830994,-0.7943634390830994,0.04320388659834862,0.04287383332848549,2.7788937091827393,2.608814239501953,4.861594200134277,4.693866729736328,AVAILABLE,0.002681732177734375,1920,1926
0.0,0.038916945457458496,0.00596851110458374,0.05416989326477051,0.09905529022216797,0.19555333256721497,0.09065704047679901,0.0,0.0,-0.19555333256721497,-0.09065704047679901,0.06013840436935425,0.06013840436935425,0.10489629209041595,0.0,-0.10489629209041595,0.0,-0.038916945457458496,-0.00596851110458374,-0.05416989326477051,-0.09905529022216797,,0.02212521620094776,0.020882662385702133,0.2,0,degree,degree_u_plus,88,3,4,2,4,1,0.6471229058092702,0.3928807641050463,-0.7559678554534912,-0.7559678554534912,-1.1554569005966187,-1.1165399551391602,-0.10972895473241806,-0.10376044362783432,2.938298463821411,2.9924683570861816,0.9233279228210449,1.022383213043213,AVAILABLE,0.038916945457458496,1568,1729
3.5884439945220947,0.0,0.12975027225911617,0.011679410934448242,3.7298741340637207,0.09065704047679901,0.09065704047679901,1.0,0.0,0.6024901270866394,-0.09065704047679901,0.14142968319356441,0.14142968319356441,0.0,1.0,0.6931471675634384,3.5884439945220947,0.0,0.12975027225911617,0.011679410934448242,3.7298741340637207,,0.0037239224184304476,0.020882662385702133,0.2,0,cn,cn_plus,88,2,4,2,4,1,25.372635077492927,0.9620819081194725,2.8324761390686035,-0.7559678554534912,-1.1165399551391602,-1.1165399551391602,0.025989828631281853,-0.10376044362783432,3.00414776802063,2.9924683570861816,4.752257347106934,1.022383213043213,AVAILABLE,3.5884439945220947,1568,1729
0.0,0.33404940366744995,0.03452502191066742,0.03290390968322754,0.40147829055786133,0.11078149825334549,0.003478978993371129,0.0,0.0,-0.11078149825334549,-0.003478978993371129,0.06742893159389496,0.06742893159389496,0.10730251925997436,0.0,-0.10730251925997436,0.0,-0.33404940366744995,-0.03452502191066742,-0.03290390968322754,-0.40147829055786133,,0.01688471809029579,0.009788368828594685,0.2,0,degree,degree_u_plus,89,2,6,1,6,1,4.954095315322211,0.8320483722478191,-0.7559678554534912,-0.7559678554534912,-0.6222416162490845,-0.2881922125816345,-0.0743294507265091,-0.039804428815841675,2.949634075164795,2.9825379848480225,1.5032782554626465,1.9047565460205078,AVAILABLE,0.33404940366744995,360,1824
3.5921566486358643,0.0,0.09207264706492424,0.011485815048217773,3.6957149505615234,0.003478978993371129,0.003478978993371129,1.0,0.0,0.6896681785583496,-0.003478978993371129,0.10355846211314201,0.10355846211314201,0.0,1.0,0.6931471575517207,3.5921566486358643,0.0,0.09207264706492424,0.011485815048217773,3.6957149505615234,,0.008470424450933933,0.009788368828594685,0.2,0,cn,cn_plus,89,1,6,1,6,1,34.68723104287674,0.9719787730575526,2.836188793182373,-0.7559678554534912,-0.2881922125816345,-0.2881922125816345,0.052268218249082565,-0.039804428815841675,2.9940237998962402,2.9825379848480225,5.600471496582031,1.9047565460205078,AVAILABLE,3.5921566486358643,360,1824
0.0,0.16121554374694824,0.010843992233276367,0.0009636878967285156,0.1710958480834961,0.30975377559661865,0.2781181335449219,0.0,0.0,-0.30975377559661865,-0.2781181335449219,0.011807680130004883,0.011807680130004883,0.03163564205169678,0.0,-0.03163564205169678,0.0,0.16121554374694824,0.010843992233276367,-0.0009636878967285156,0.1710958480834961,,0.018553882837295532,0.020265741273760796,0.2,0,degree,degree_u_plus,90,7,3,6,3,1,13.653436190477127,0.9317566209726377,-0.7559678554534912,-0.7559678554534912,-0.6331478953361511,-0.7943634390830994,-0.07952775061130524,-0.0903717428445816,2.817669153213501,2.8186328411102295,1.3552087545394897,1.1841129064559937,AVAILABLE,0.16121554374694824,482,2308
3.593007802963257,0.0,0.1340784765779972,0.014682292938232422,3.741768956184387,0.2781181335449219,0.2781181335449219,1.0,0.0,0.41502904891967773,-0.2781181335449219,0.14876076951622963,0.14876076951622963,0.0,1.0,0.6931471824645996,3.593007802963257,0.0,0.1340784765779972,0.014682292938232422,3.741768956184387,,0.006715408060699701,0.020265741273760796,0.2,0,cn,cn_plus,90,6,3,6,3,1,24.15292400757596,0.9602431908235081,2.8370399475097656,-0.7559678554534912,-0.7943634390830994,-0.7943634390830994,0.043706733733415604,-0.0903717428445816,2.833315134048462,2.8186328411102295,4.925881862640381,1.1841129064559937,AVAILABLE,3.593007802963257,482,2308
0.0,0.025262832641601562,0.0004677325487136841,0.11159420013427734,0.0858636349439621,0.15915937721729279,0.07578850537538528,0.0,0.0,-0.15915937721729279,-0.07578850537538528,0.11206193268299103,0.11206193268299103,0.0833708718419075,0.0,-0.0833708718419075,0.0,0.025262832641601562,0.0004677325487136841,-0.11159420013427734,-0.0858636349439621,,0.026024647057056427,0.0253274105489254,0.2,0,degree,degree_u_plus,91,3,3,2,3,1,0.22543632598862667,0.18396412870065268,-0.7559678554534912,-0.7559678554534912,-1.3122411966323853,-1.3375040292739868,-0.11236270517110825,-0.11283043771982193,2.136977434158325,2.2485716342926025,-0.03741130605340004,0.04845232889056206,AVAILABLE,0.025262832641601562,1522,1697
3.585292100906372,0.0,0.14061987586319447,0.15117573738098145,3.8770878799259663,0.07578850537538528,0.07578850537538528,1.0,0.0,0.6173586845397949,-0.07578850537538528,0.2917956132441759,0.2917956132441759,0.0,1.0,0.6931471899151802,3.585292100906372,0.0,0.14061987586319447,0.15117573738098145,3.8770878799259663,,0.004214118700474501,0.0253274105489254,0.2,0,cn,cn_plus,91,2,3,2,3,1,12.28699752602589,0.9247384521566102,2.829324245452881,-0.7559678554534912,-1.3375040292739868,-1.3375040292739868,0.027789438143372536,-0.11283043771982193,2.399747371673584,2.2485716342926025,3.9255402088165283,0.04845232889056206,AVAILABLE,3.585292100906372,1522,1697
0.0,0.2886565327644348,0.013130955398082733,0.11397814750671387,0.41576576232910156,0.0031781308352947235,0.003655461361631751,0.0,0.0,-0.0031781308352947235,-0.003655461361631751,0.1271091029047966,0.1271091029047966,-0.00047733052633702755,0.0,0.00047733052633702755,0.0,0.2886565327644348,0.013130955398082733,0.11397814750671387,0.41576576232910156,,0.018966898322105408,0.0210000891238451,0.2,0,degree,degree_u_plus,92,4,1,3,1,1,2.270934995672856,0.6942770182461873,-0.7559678554534912,-0.7559678554534912,-0.8809531331062317,-1.1696096658706665,-0.08570162206888199,-0.09883257746696472,2.79586124420166,2.6818830966949463,1.079421877861023,0.6636561155319214,AVAILABLE,0.2886565327644348,741,1088
3.5876643657684326,0.0,0.11094397585839033,0.23043155670166016,3.9290395975112915,0.003655461361631751,0.003655461361631751,1.0,0.0,0.6894917488098145,-0.003655461361631751,0.3413755325600505,0.3413755325600505,0.0,1.0,0.6931472101714462,3.5876643657684326,0.0,0.11094397585839033,0.23043155670166016,3.9290395975112915,,0.0017487534787505865,0.0210000891238451,0.2,0,cn,cn_plus,92,3,1,3,1,1,10.509435851390368,0.9131147683594589,2.8316965103149414,-0.7559678554534912,-1.1696096658706665,-1.1696096658706665,0.01211139839142561,-0.09883257746696472,2.9123146533966064,2.6818830966949463,4.592695713043213,0.6636561155319214,AVAILABLE,3.5876643657684326,741,1088
0.000171661376953125,0.23400720953941345,0.00010231509804725647,0.008692741394042969,0.24297428131103516,0.30975377559661865,0.10136482119560242,1.0,1.0,0.38339340686798096,0.5917823314666748,0.00896671786904335,0.00896671786904335,0.20838895440101624,0.0,-0.20838892459869385,-0.000171661376953125,-0.23400720953941345,-0.00010231509804725647,-0.008692741394042969,-0.24297428131103516,,0.007965930737555027,0.008272949606180191,0.2,0,degree,degree_u_plus,93,3,7,2,7,1,26.097280184815,0.9630959272229694,2.832451343536377,2.83262300491333,-0.6331478953361511,-0.39914068579673767,0.050959765911102295,0.05106208100914955,2.88065505027771,2.889347791671753,5.137101173400879,5.380075454711914,AVAILABLE,0.23400720953941345,1191,1558
0.0044574737548828125,0.0,0.0011540167033672333,0.023420095443725586,0.026723861694335938,0.10136482119560242,0.10136482119560242,2.0,1.0,0.9972474575042725,0.5917823314666748,0.02457411214709282,0.02457411214709282,0.0,1.0,0.40546512603759766,0.0044574737548828125,0.0,-0.0011540167033672333,0.023420095443725586,0.026723861694335938,,0.008051120676100254,0.008272949606180191,0.2,0,cn,cn_plus,93,2,7,2,7,1,0.18138893134012288,0.1535387089959969,2.837080478668213,2.83262300491333,-0.39914068579673767,-0.39914068579673767,0.04990806430578232,0.05106208100914955,2.9127678871154785,2.889347791671753,5.40679931640625,5.380075454711914,AVAILABLE,0.0044574737548828125,1191,1558
4.76837158203125e-06,0.0059098005294799805,0.0003529191017150879,0.005102396011352539,0.011369705200195312,0.13929599523544312,0.2222231924533844,1.0,1.0,0.5538511872291565,0.4709239900112152,0.005460083484649658,0.005460083484649658,-0.08292719721794128,0.0,0.08292719721794128,4.76837158203125e-06,0.0059098005294799805,0.0003529191017150879,0.005102396011352539,0.011369705200195312,,0.019375290721654892,0.019356658682227135,0.2,0,degree,degree_u_plus,94,65,2,64,2,1,1.0823625174357574,0.519776219737469,2.8315954208374023,2.8315906524658203,1.5209373235702515,1.5150275230407715,0.13814471662044525,0.13779179751873016,2.639265775680542,2.6341633796691895,7.1361260414123535,7.124756336212158,AVAILABLE,0.0059098005294799805,306,2078
0.0020847320556640625,0.0,0.0013532936573028564,0.14003634452819824,0.14076805114746094,0.2222231924533844,0.2222231924533844,2.0,1.0,0.8763891458511353,0.4709239900112152,0.1413896381855011,0.1413896381855011,0.0,1.0,0.40546515583992004,0.0020847320556640625,0.0,-0.0013532936573028564,0.14003634452819824,0.14076805114746094,,0.018794888630509377,0.019356658682227135,0.2,0,cn,cn_plus,94,64,2,64,2,1,0.014744587615982505,0.014530343690349803,2.8336753845214844,2.8315906524658203,1.5150275230407715,1.5150275230407715,0.1364385038614273,0.13779179751873016,2.7741997241973877,2.6341633796691895,7.265524387359619,7.124756336212158,AVAILABLE,0.0020847320556640625,306,2078
0.0,0.025262832641601562,0.0004677325487136841,0.5254725813865662,0.5512032508850098,0.15915937721729279,0.07578850537538528,0.0,0.0,-0.15915937721729279,-0.07578850537538528,0.5259403139352798,0.5259403139352798,0.0833708718419075,0.0,-0.0833708718419075,0.0,0.025262832641601562,0.0004677325487136841,0.5254725813865662,0.5512032508850098,,0.04132062941789627,0.03449953347444534,0.2,0,degree,degree_u_plus,95,3,3,2,3,1,0.048033648480450615,0.045832162497926335,-0.7559678554534912,-0.7559678554534912,-1.3122411966323853,-1.3375040292739868,-0.11236270517110825,-0.11283043771982193,-0.5387166142463684,-1.0641891956329346,-2.7131052017211914,-3.264308452606201,AVAILABLE,0.025262832641601562,86,2295
3.5950119495391846,0.0,0.13688621670007706,3.7239084243774414,7.455806732177734,0.07578850537538528,0.07578850537538528,1.0,0.0,0.6173586845397949,-0.07578850537538528,3.8607946410775185,3.8607946410775185,0.0,1.0,0.6931471899151802,3.5950119495391846,0.0,0.13688621670007706,3.7239084243774414,7.455806732177734,,0.003506507957354188,0.03449953347444534,0.2,0,cn,cn_plus,95,2,3,2,3,1,0.9311585501020739,0.4821761268917336,2.8390440940856934,-0.7559678554534912,-1.3375040292739868,-1.3375040292739868,0.024055778980255127,-0.11283043771982193,2.659719228744507,-1.0641891956329346,4.191498279571533,-3.264308452606201,AVAILABLE,3.5950119495391846,86,2295
4.8160552978515625e-05,0.13758493214845657,0.005731940269470215,0.0007777214050292969,0.14414310455322266,0.13133838772773743,0.13133838772773743,1.0,1.0,0.5618088245391846,0.5618088245391846,0.006557822227478027,0.006557822227478027,0.0,0.0,0.0,4.8160552978515625e-05,0.13758493214845657,0.005731940269470215,0.0007777214050292969,0.14414310455322266,,0.011193717829883099,0.010305342264473438,0.2,0,degree,degree_u_plus,96,10,2,9,2,1,20.980245815371855,0.9545046034334771,2.811643600463867,2.8115954399108887,0.0862414762377739,-0.05134345591068268,0.06684058904647827,0.06110864877700806,3.00653338432312,3.005755662918091,5.977442264556885,5.833299160003662,AVAILABLE,0.13758493214845657,364,1632
0.0002346038818359375,0.0,0.0009512342512607574,0.0029363632202148438,0.004122257232666016,0.13133838772773743,0.13133838772773743,2.0,1.0,0.9672739505767822,0.5618088245391846,0.003887597471475601,0.003887597471475601,0.0,1.0,0.40546512603759766,-0.0002346038818359375,0.0,-0.0009512342512607574,-0.0029363632202148438,-0.004122257232666016,,0.010151984170079231,0.010305342264473438,0.2,0,cn,cn_plus,96,9,2,9,2,1,0.06034659711848171,0.05691214295634569,2.8113608360290527,2.8115954399108887,-0.05134345591068268,-0.05134345591068268,0.0601574145257473,0.06110864877700806,3.002819299697876,3.005755662918091,5.829176902770996,5.833299160003662,AVAILABLE,0.0002346038818359375,364,1632
4.76837158203125e-07,0.003771960735321045,0.00012683868408203125,1.7642974853515625e-05,0.0038814544677734375,1.6204283237457275,1.6204283237457275,2.0,2.0,-0.5218160152435303,-0.5218160152435303,0.00014495849609375,0.00014495849609375,0.0,0.0,0.0,4.76837158203125e-07,0.003771960735321045,0.00012683868408203125,-1.7642974853515625e-05,0.0038814544677734375,,0.016257377341389656,0.01624801941215992,0.2,0,degree,degree_u_plus,97,140,12,139,12,1,26.019175455070922,0.96298924807447,2.815831184387207,2.815830707550049,0.8537827134132385,0.8500107526779175,0.11078566312789917,0.11065882444381714,3.034085988998413,3.0341036319732666,6.820668697357178,6.816787242889404,AVAILABLE,0.003771960735321045,1358,1742
0.001941680908203125,0.0,0.0006115362048149109,0.0005793571472167969,0.0019741058349609375,1.6204283237457275,1.6204283237457275,3.0,2.0,-0.23413395881652832,-0.5218160152435303,0.0011908933520317078,0.0011908933520317078,0.0,1.0,0.28768205642700195,-0.001941680908203125,0.0,-0.0006115362048149109,0.0005793571472167969,-0.0019741058349609375,,0.01616291143000126,0.01624801941215992,0.2,0,cn,cn_plus,97,139,12,139,12,1,1.6304269400959985,0.6198335772961995,2.8138890266418457,2.815830707550049,0.8500107526779175,0.8500107526779175,0.11004728823900223,0.11065882444381714,3.0346829891204834,3.0341036319732666,6.814813137054443,6.816787242889404,AVAILABLE,0.001941680908203125,1358,1742
0.0,0.023281455039978027,0.0022325068712234497,0.015376091003417969,0.04089021682739258,0.0021065780892968178,0.13099351525306702,0.0,0.0,-0.0021065780892968178,-0.13099351525306702,0.01760859787464142,0.01760859787464142,-0.1288869371637702,0.0,0.1288869371637702,0.0,0.023281455039978027,0.0022325068712234497,0.015376091003417969,0.04089021682739258,,0.01798836700618267,0.0176596250385046,0.2,0,degree,degree_u_plus,98,29,2,28,2,1,1.3221632968217898,0.5693670633031527,-0.7559678554534912,-0.7559678554534912,1.1069096326828003,1.0836281776428223,0.08264734596014023,0.08041483908891678,2.648963689804077,2.633587598800659,3.088736057281494,3.0478458404541016,AVAILABLE,0.023281455039978027,109,176
3.589129686355591,0.0,0.03584573417901993,0.005148649215698242,3.630124092102051,0.13099351525306702,0.13099351525306702,1.0,0.0,0.562153697013855,-0.13099351525306702,0.04099438339471817,0.04099438339471817,0.0,1.0,0.693147212266922,3.589129686355591,0.0,0.03584573417901993,0.005148649215698242,3.630124092102051,,0.01742570288479328,0.0176596250385046,0.2,0,cn,cn_plus,98,28,2,28,2,1,87.55172083648941,0.9887071646880077,2.8331618309020996,-0.7559678554534912,1.0836281776428223,1.0836281776428223,0.1162605732679367,0.08041483908891678,2.6387362480163574,2.633587598800659,6.677969932556152,3.0478458404541016,AVAILABLE,3.589129686355591,109,176
0.0,0.2829824686050415,0.017905741930007935,0.17284607887268066,0.1280421018600464,0.009524164721369743,0.0031781308352947235,0.0,0.0,-0.009524164721369743,-0.0031781308352947235,0.1907518208026886,0.1907518208026886,0.00634603388607502,0.0,-0.00634603388607502,0.0,0.2829824686050415,0.017905741930007935,-0.17284607887268066,0.1280421018600464,,0.017083020880818367,0.019291972741484642,0.2,0,degree,degree_u_plus,99,5,1,4,1,1,1.4835111538077723,0.5973442686308138,-0.7559678554534912,-0.7559678554534912,-0.5979706645011902,-0.8809531331062317,-0.06779588013887405,-0.08570162206888199,2.546877384185791,2.7197234630584717,1.1313260793685913,1.003283977508545,AVAILABLE,0.2829824686050415,52,2053
3.593668222427368,0.0,0.11047843843698502,0.032433509826660156,3.671713352203369,0.0031781308352947235,0.0031781308352947235,1.0,0.0,0.6899690628051758,-0.0031781308352947235,0.14291194826364517,0.14291194826364517,0.0,1.0,0.6931471936404705,3.593668222427368,0.0,0.11047843843698502,-0.032433509826660156,3.671713352203369,,0.0038528835866600275,0.019291972741484642,0.2,0,cn,cn_plus,99,4,1,4,1,1,25.146028828446525,0.961753274022554,2.837700366973877,-0.7559678554534912,-0.8809531331062317,-0.8809531331062317,0.024776816368103027,-0.08570162206888199,2.6872899532318115,2.7197234630584717,4.674997329711914,1.003283977508545,AVAILABLE,3.593668222427368,52,2053
