probe,probe_seed,pair_id,target,prediction
z_cn_to_degree,0,test-0,4.6443908991413725,3.6287245750427246
z_cn_to_degree,0,test-1,3.988984046564274,4.091833591461182
z_cn_to_degree,0,test-2,4.584967478670572,4.810110569000244
z_cn_to_degree,0,test-3,4.962844630259907,5.349921226501465
z_cn_to_degree,0,test-4,3.1780538303479453,3.38100004196167
z_cn_to_degree,0,test-5,4.77912349311153,5.0927252769470215
z_cn_to_degree,0,test-6,3.8066624897703196,4.335752487182617
z_cn_to_degree,0,test-7,5.966146739123692,5.596965312957764
z_cn_to_degree,0,test-8,3.6635616461296463,3.8144659996032715
z_cn_to_degree,0,test-9,3.0445224377234226,3.46144437789917
z_cn_to_degree,0,test-10,3.6888794541139367,4.262875556945801
z_cn_to_degree,0,test-11,3.401197381662155,2.880894184112549
z_cn_to_degree,0,test-12,3.9120230054281464,4.5427632331848145
z_cn_to_degree,0,test-13,0.6931471805599453,2.63126802444458
z_cn_to_degree,0,test-14,4.74493212836325,4.69856595993042
z_cn_to_degree,0,test-15,4.0943445622221,3.1872687339782715
z_cn_to_degree,0,test-16,1.791759469228055,3.507188320159912
z_cn_to_degree,0,test-17,4.394449154672438,3.732353687286377
z_cn_to_degree,0,test-18,4.718498871295095,2.7117514610290527
z_cn_to_degree,0,test-19,0.6931471805599453,2.63126802444458
z_cn_to_degree,0,test-20,3.0445224377234226,3.46144437789917
z_cn_to_degree,0,test-21,3.1780538303479458,2.6359829902648926
z_cn_to_degree,0,test-22,3.465735902799726,3.895559787750244
z_cn_to_degree,0,test-23,3.401197381662155,4.14610481262207
z_cn_to_degree,0,test-24,1.0986122886681096,2.634782314300537
z_cn_to_degree,0,test-25,3.5553480614894135,3.4899497032165527
z_cn_to_degree,0,test-26,4.189654742026425,5.092846870422363
z_cn_to_degree,0,test-27,2.3025850929940455,2.909207820892334
z_cn_to_degree,0,test-28,3.465735902799726,4.210606098175049
z_cn_to_degree,0,test-29,2.8903717578961645,3.26981782913208
z_cn_to_degree,0,test-30,3.688879454113936,4.488596439361572
z_cn_to_degree,0,test-31,4.882801922586371,3.5583081245422363
z_cn_to_degree,0,test-32,4.553876891600541,4.203873157501221
z_cn_to_degree,0,test-33,3.58351893845611,4.314639091491699
z_cn_to_degree,0,test-34,3.58351893845611,3.2823281288146973
z_cn_to_degree,0,test-35,3.1780538303479453,3.893404006958008
z_cn_to_degree,0,test-36,2.772588722239781,3.7025399208068848
z_cn_to_degree,0,test-37,1.3862943611198906,2.639986515045166
z_cn_to_degree,0,test-38,2.3025850929940455,2.6332411766052246
z_cn_to_degree,0,test-39,3.9889840465642745,2.742095470428467
z_cn_to_degree,0,test-40,1.791759469228055,2.63126802444458
z_cn_to_degree,0,test-41,3.951243718581427,3.693692684173584
z_cn_to_degree,0,test-42,3.6888794541139367,3.9254631996154785
z_cn_to_degree,0,test-43,6.040254711277413,3.3810982704162598
z_cn_to_degree,0,test-44,2.484906649788,3.161581516265869
z_cn_to_degree,0,test-45,3.1780538303479453,4.472609043121338
z_cn_to_degree,0,test-46,0.6931471805599453,2.63126802444458
z_cn_to_degree,0,test-47,4.941642422609304,4.824162006378174
z_cn_to_degree,0,test-48,0.0,2.639986515045166
z_cn_to_degree,0,test-49,2.8903717578961645,3.2949090003967285
z_cn_to_degree,0,test-50,6.040254711277413,3.8797812461853027
z_cn_to_degree,0,test-51,3.332204510175204,3.4359326362609863
z_cn_to_degree,0,test-52,2.995732273553991,4.05199670791626
z_cn_to_degree,0,test-53,6.327936783729195,4.905542373657227
z_cn_to_degree,0,test-54,2.8903717578961645,3.3843331336975098
z_cn_to_degree,0,test-55,2.6390573296152584,2.631690502166748
z_cn_to_degree,0,test-56,4.927253685157204,5.5110321044921875
z_cn_to_degree,0,test-57,2.7080502011022096,3.2893052101135254
z_cn_to_degree,0,test-58,5.272999558563747,4.339603900909424
z_cn_to_degree,0,test-59,3.9889840465642745,4.324258804321289
z_cn_to_degree,0,test-60,2.0794415416798357,2.5379233360290527
z_cn_to_degree,0,test-61,4.7535901911063645,4.1584153175354
z_cn_to_degree,0,test-62,2.1972245773362196,2.647094249725342
z_cn_to_degree,0,test-63,2.3978952727983707,2.6528849601745605
z_cn_to_degree,0,test-64,1.3862943611198906,2.639986515045166
z_cn_to_degree,0,test-65,3.58351893845611,3.6541543006896973
z_cn_to_degree,0,test-66,2.8903717578961645,3.7828125953674316
z_cn_to_degree,0,test-67,2.4849066497880004,2.6480154991149902
z_cn_to_degree,0,test-68,2.4849066497880004,2.6480154991149902
z_cn_to_degree,0,test-69,4.90527477843843,5.214637756347656
z_cn_to_degree,0,test-70,3.2188758248682006,3.731259822845459
z_cn_to_degree,0,test-71,2.995732273553991,3.3260560035705566
z_cn_to_degree,0,test-72,4.0943445622221,3.582437038421631
z_cn_to_degree,0,test-73,1.791759469228055,2.63126802444458
z_cn_to_degree,0,test-74,3.951243718581427,4.3087334632873535
z_cn_to_degree,0,test-75,2.7080502011022096,3.2893052101135254
z_cn_to_degree,0,test-76,3.0445224377234226,2.4759135246276855
z_cn_to_degree,0,test-77,1.0986122886681096,2.634782314300537
z_cn_to_degree,0,test-78,3.0445224377234226,3.861523151397705
z_cn_to_degree,0,test-79,1.3862943611198906,2.6351218223571777
z_cn_to_degree,0,test-80,1.791759469228055,2.63126802444458
z_cn_to_degree,0,test-81,3.688879454113936,3.8850951194763184
z_cn_to_degree,0,test-82,3.58351893845611,4.162831783294678
z_cn_to_degree,0,test-83,3.465735902799726,3.4849963188171387
z_cn_to_degree,0,test-84,4.025351690735149,3.5888619422912598
z_cn_to_degree,0,test-85,4.718498871295094,4.322927951812744
z_cn_to_degree,0,test-86,3.988984046564274,4.091833591461182
z_cn_to_degree,0,test-87,3.332204510175204,3.7123866081237793
z_cn_to_degree,0,test-88,2.7080502011022096,3.2893052101135254
z_cn_to_degree,0,test-89,2.6390573296152584,2.631690502166748
z_cn_to_degree,0,test-90,3.332204510175204,4.1489152908325195
z_cn_to_degree,0,test-91,2.484906649788,3.161581516265869
z_cn_to_degree,0,test-92,2.0794415416798357,2.6307835578918457
z_cn_to_degree,0,test-93,3.1780538303479453,3.186580181121826
z_cn_to_degree,0,test-94,5.272999558563747,3.542172908782959
z_cn_to_degree,0,test-95,2.484906649788,3.161581516265869
z_cn_to_degree,0,test-96,3.4011973816621555,2.9809298515319824
z_cn_to_degree,0,test-97,7.50659178007084,7.072937488555908
z_cn_to_degree,0,test-98,4.465908118654584,3.5926947593688965
z_cn_to_degree,0,test-99,2.3025850929940455,2.6332411766052246
z_cn_to_degree,0,test-100,2.7080502011022096,3.2893052101135254
z_cn_to_degree,0,test-101,3.58351893845611,4.328330993652344
z_cn_to_degree,0,test-102,2.7080502011022096,3.5122551918029785
z_cn_to_degree,0,test-103,4.02535169073515,3.1938700675964355
z_cn_to_degree,0,test-104,2.772588722239781,3.7025399208068848
z_cn_to_degree,0,test-105,2.197224577336219,3.4378066062927246
z_cn_to_degree,0,test-106,1.0986122886681096,2.634782314300537
z_cn_to_degree,0,test-107,3.5263605246161616,2.8420491218566895
z_cn_to_degree,0,test-108,0.6931471805599453,2.63126802444458
z_cn_to_degree,0,test-109,6.327936783729195,4.745858669281006
z_cn_to_degree,0,test-110,3.58351893845611,3.79649019241333
z_cn_to_degree,0,test-111,2.0794415416798357,2.6307835578918457
z_cn_to_degree,0,test-112,2.8903717578961645,2.7941441535949707
z_cn_to_degree,0,test-113,5.0106352940962555,4.046331882476807
z_cn_to_degree,0,test-114,3.688879454113936,4.222164154052734
z_cn_to_degree,0,test-115,1.3862943611198906,2.6351218223571777
z_cn_to_degree,0,test-116,1.3862943611198906,2.76082181930542
z_cn_to_degree,0,test-117,7.3395376954076745,6.4915595054626465
z_cn_to_degree,0,test-118,4.304065093204169,3.163198947906494
z_cn_to_degree,0,test-119,3.2188758248682006,4.144744396209717
z_cn_to_degree,0,test-120,6.733401891837358,4.429063320159912
z_cn_to_degree,0,test-121,2.484906649788,3.0511298179626465
z_cn_to_degree,0,test-122,2.995732273553991,3.4863009452819824
z_cn_to_degree,0,test-123,3.58351893845611,4.214582920074463
z_cn_to_degree,0,test-124,1.791759469228055,2.6683669090270996
z_cn_to_degree,0,test-125,2.6390573296152584,2.631690502166748
z_cn_to_degree,0,test-126,2.197224577336219,3.0137972831726074
z_cn_to_degree,0,test-127,2.484906649788,3.9241557121276855
z_cn_to_degree,0,test-128,1.791759469228055,2.63126802444458
z_cn_to_degree,0,test-129,3.6635616461296463,3.8144659996032715
z_cn_to_degree,0,test-130,2.5649493574615367,2.639893054962158
z_cn_to_degree,0,test-131,2.995732273553991,4.311234951019287
z_cn_to_degree,0,test-132,3.688879454113936,4.222164154052734
z_cn_to_degree,0,test-133,5.560681631015528,4.283963203430176
z_cn_to_degree,0,test-134,2.197224577336219,3.0137972831726074
z_cn_to_degree,0,test-135,2.772588722239781,3.8103137016296387
z_cn_to_degree,0,test-136,2.772588722239781,4.0632500648498535
z_cn_to_degree,0,test-137,3.688879454113936,3.8837695121765137
z_cn_to_degree,0,test-138,2.1972245773362196,2.647094249725342
z_cn_to_degree,0,test-139,2.995732273553991,3.842402458190918
z_cn_to_degree,0,test-140,2.8903717578961645,3.3843331336975098
z_cn_to_degree,0,test-141,4.31748811353631,4.271697998046875
z_cn_to_degree,0,test-142,1.791759469228055,2.63126802444458
z_cn_to_degree,0,test-143,3.332204510175204,4.1489152908325195
z_cn_to_degree,0,test-144,2.7080502011022096,3.2893052101135254
z_cn_to_degree,0,test-145,2.0794415416798357,2.6307835578918457
z_cn_to_degree,0,test-146,4.882801922586371,2.7857251167297363
z_cn_to_degree,0,test-147,3.465735902799726,4.16504430770874
z_cn_to_degree,0,test-148,3.332204510175204,4.1489152908325195
z_cn_to_degree,0,test-149,6.327936783729195,4.402328014373779
z_cn_to_degree,0,test-150,3.2188758248682006,4.144744396209717
z_cn_to_degree,0,test-151,3.9318256327243257,3.8952670097351074
z_cn_to_degree,0,test-152,3.295836866004329,2.826162815093994
z_cn_to_degree,0,test-153,3.4011973816621555,2.639029026031494
z_cn_to_degree,0,test-154,4.0943445622221,4.076542377471924
z_cn_to_degree,0,test-155,2.0794415416798357,2.616652011871338
z_cn_to_degree,0,test-156,2.3025850929940455,2.6332411766052246
z_cn_to_degree,0,test-157,5.41164605185504,5.680943965911865
z_cn_to_degree,0,test-158,4.564348191467836,3.5939316749572754
z_cn_to_degree,0,test-159,0.0,2.639986515045166
z_cn_to_degree,0,test-160,2.7080502011022096,3.646205425262451
z_cn_to_degree,0,test-161,2.9444389791664403,2.777026653289795
z_cn_to_degree,0,test-162,1.3862943611198906,2.6351218223571777
z_cn_to_degree,0,test-163,2.8903717578961645,3.660057544708252
z_cn_to_degree,0,test-164,1.791759469228055,2.63126802444458
z_cn_to_degree,0,test-165,5.560681631015528,4.074315547943115
z_cn_to_degree,0,test-166,1.0986122886681096,2.634782314300537
z_cn_to_degree,0,test-167,3.5553480614894135,4.272804260253906
z_cn_to_degree,0,test-168,4.499809670330265,4.89672327041626
z_cn_to_degree,0,test-169,3.5553480614894135,4.574624538421631
z_cn_to_degree,0,test-170,1.791759469228055,2.63126802444458
z_cn_to_degree,0,test-171,2.0794415416798357,2.6307835578918457
z_cn_to_degree,0,test-172,5.288267030694534,3.900515079498291
z_cn_to_degree,0,test-173,1.3862943611198906,2.6351218223571777
z_cn_to_degree,0,test-174,2.484906649788,3.161581516265869
z_cn_to_degree,0,test-175,3.9120230054281464,4.229243755340576
z_cn_to_degree,0,test-176,2.8903717578961645,3.3843331336975098
z_cn_to_degree,0,test-177,4.499809670330265,5.041707515716553
z_cn_to_degree,0,test-178,4.867534450455582,3.4745144844055176
z_cn_to_degree,0,test-179,4.718498871295095,2.7117514610290527
z_cn_to_degree,0,test-180,1.3862943611198906,2.6351218223571777
z_cn_to_degree,0,test-181,3.58351893845611,2.6348233222961426
z_cn_to_degree,0,test-182,3.58351893845611,4.314639091491699
z_cn_to_degree,0,test-183,3.465735902799726,4.261772632598877
z_cn_to_degree,0,test-184,0.0,2.639986515045166
z_cn_to_degree,0,test-185,7.24422751560335,6.323146343231201
z_cn_to_degree,0,test-186,3.332204510175204,4.1489152908325195
z_cn_to_degree,0,test-187,3.401197381662155,4.019078731536865
z_cn_to_degree,0,test-188,3.332204510175204,4.1489152908325195
z_cn_to_degree,0,test-189,2.484906649788,3.161581516265869
z_cn_to_degree,0,test-190,2.197224577336219,3.0137972831726074
z_cn_to_degree,0,test-191,2.7080502011022096,3.5142416954040527
z_cn_to_degree,0,test-192,2.0794415416798357,2.6307835578918457
z_cn_to_degree,0,test-193,1.791759469228055,2.63126802444458
z_cn_to_degree,0,test-194,3.0445224377234226,2.792418956756592
z_cn_to_degree,0,test-195,2.995732273553991,3.842402458190918
z_cn_to_degree,0,test-196,3.58351893845611,2.6348233222961426
z_cn_to_degree,0,test-197,4.90527477843843,4.7319865226745605
z_cn_to_degree,0,test-198,4.5217885770490405,4.305510997772217
z_cn_to_degree,0,test-199,2.484906649788,3.161581516265869
z_cn_to_degree,0,test-200,4.709530201312334,3.611663341522217
z_cn_to_degree,0,test-201,1.0986122886681096,2.634782314300537
z_cn_to_degree,0,test-202,1.0986122886681096,2.634782314300537
z_cn_to_degree,0,test-203,3.0445224377234226,3.46144437789917
z_cn_to_degree,0,test-204,2.484906649788,3.161581516265869
z_cn_to_degree,0,test-205,2.6390573296152584,3.096858501434326
z_cn_to_degree,0,test-206,2.197224577336219,3.0137972831726074
z_cn_to_degree,0,test-207,3.58351893845611,4.314639091491699
z_cn_to_degree,0,test-208,4.248495242049359,4.040420055389404
z_cn_to_degree,0,test-209,4.0943445622221,4.322714805603027
z_cn_to_degree,0,test-210,4.836281906951478,4.960758686065674
z_cn_to_degree,0,test-211,4.976733742420574,4.6998724937438965
z_cn_to_degree,0,test-212,3.0445224377234226,3.8225226402282715
z_cn_to_degree,0,test-213,4.499809670330265,2.6387600898742676
z_cn_to_degree,0,test-214,1.3862943611198906,2.639986515045166
z_cn_to_degree,0,test-215,5.560681631015528,4.345113277435303
z_cn_to_degree,0,test-216,2.0794415416798357,2.6307835578918457
z_cn_to_degree,0,test-217,0.6931471805599453,2.63126802444458
z_cn_to_degree,0,test-218,1.791759469228055,3.496673107147217
z_cn_to_degree,0,test-219,3.0445224377234226,3.46144437789917
z_cn_to_degree,0,test-220,3.58351893845611,4.328330993652344
z_cn_to_degree,0,test-221,2.995732273553991,3.842402458190918
z_cn_to_degree,0,test-222,2.0794415416798357,2.6307835578918457
z_cn_to_degree,0,test-223,3.8712010109078907,3.8952670097351074
z_cn_to_degree,0,test-224,0.0,2.639986515045166
z_cn_to_degree,0,test-225,3.332204510175204,3.861428737640381
z_cn_to_degree,0,test-226,2.0794415416798357,2.6307835578918457
z_cn_to_degree,0,test-227,2.772588722239781,3.8053364753723145
z_cn_to_degree,0,test-228,1.791759469228055,2.63126802444458
z_cn_to_degree,0,test-229,2.197224577336219,3.0137972831726074
z_cn_to_degree,0,test-230,3.4011973816621555,3.593618869781494
z_cn_to_degree,0,test-231,4.430816798843313,4.30189847946167
z_cn_to_degree,0,test-232,4.276666119016055,5.01282262802124
z_cn_to_degree,0,test-233,1.791759469228055,2.6351218223571777
z_cn_to_degree,0,test-234,3.58351893845611,4.328330993652344
z_cn_to_degree,0,test-235,3.1780538303479453,3.544891834259033
z_cn_to_degree,0,test-236,2.8903717578961645,3.3843331336975098
z_cn_to_degree,0,test-237,2.8903717578961645,3.3843331336975098
z_cn_to_degree,0,test-238,3.0445224377234226,3.46144437789917
z_cn_to_degree,0,test-239,5.780743515792329,4.858232021331787
z_cn_to_degree,0,test-240,6.327936783729195,4.1615681648254395
z_cn_to_degree,0,test-241,0.6931471805599453,2.63126802444458
z_cn_to_degree,0,test-242,2.4849066497880004,2.6480154991149902
z_cn_to_degree,0,test-243,2.8903717578961645,3.25093412399292
z_cn_to_degree,0,test-244,2.197224577336219,3.822265148162842
z_cn_to_degree,0,test-245,3.0445224377234226,3.46144437789917
z_cn_to_degree,0,test-246,5.087596335232384,4.275327682495117
z_cn_to_degree,0,test-247,2.7080502011022096,3.4466261863708496
z_cn_to_degree,0,test-248,4.74493212836325,5.550373077392578
z_cn_to_degree,0,test-249,1.791759469228055,2.63126802444458
z_cn_to_degree,0,test-250,3.8066624897703196,4.335752487182617
z_cn_to_degree,0,test-251,3.951243718581427,4.3087334632873535
z_cn_to_degree,0,test-252,1.3862943611198906,2.6351218223571777
z_cn_to_degree,0,test-253,4.718498871295095,2.7117514610290527
z_cn_to_degree,0,test-254,3.465735902799726,4.261772632598877
z_cn_to_degree,0,test-255,2.7080502011022096,3.2893052101135254
z_cn_to_degree,0,test-256,2.6390573296152584,2.631690502166748
z_cn_to_degree,0,test-257,5.19295685089021,3.9748806953430176
z_cn_to_degree,0,test-258,0.0,2.639986515045166
z_cn_to_degree,0,test-259,5.98141421125448,4.363016605377197
z_cn_to_degree,0,test-260,3.8712010109078907,4.9586663246154785
z_cn_to_degree,0,test-261,2.9957322735539913,2.623408794403076
z_cn_to_degree,0,test-262,1.0986122886681096,2.634782314300537
z_cn_to_degree,0,test-263,3.401197381662155,3.6277050971984863
z_cn_to_degree,0,test-264,2.995732273553991,4.060391902923584
z_cn_to_degree,0,test-265,2.995732273553991,3.842402458190918
z_cn_to_degree,0,test-266,4.1588830833596715,4.2469611167907715
z_cn_to_degree,0,test-267,4.31748811353631,4.271697998046875
z_cn_to_degree,0,test-268,1.791759469228055,3.5069689750671387
z_cn_to_degree,0,test-269,2.0794415416798357,3.882999897003174
z_cn_to_degree,0,test-270,2.7080502011022096,3.2893052101135254
z_cn_to_degree,0,test-271,6.476972362889683,6.523606777191162
z_cn_to_degree,0,test-272,1.791759469228055,2.63126802444458
z_cn_to_degree,0,test-273,3.0445224377234226,3.8177218437194824
z_cn_to_degree,0,test-274,3.737669618283368,4.941000461578369
z_cn_to_degree,0,test-275,3.1780538303479453,3.6948323249816895
z_cn_to_degree,0,test-276,2.772588722239781,3.8503212928771973
z_cn_to_degree,0,test-277,2.7080502011022096,3.2893052101135254
z_cn_to_degree,0,test-278,2.0794415416798357,2.6552252769470215
z_cn_to_degree,0,test-279,3.332204510175204,4.1489152908325195
z_cn_to_degree,0,test-280,5.220355825078324,3.7867836952209473
z_cn_to_degree,0,test-281,3.6635616461296463,3.957160472869873
z_cn_to_degree,0,test-282,2.6390573296152584,2.631690502166748
z_cn_to_degree,0,test-283,2.484906649788,3.651101589202881
z_cn_to_degree,0,test-284,3.9512437185814275,2.887265682220459
z_cn_to_degree,0,test-285,2.995732273553991,3.842402458190918
z_cn_to_degree,0,test-286,1.6094379124341003,2.6351218223571777
z_cn_to_degree,0,test-287,2.7080502011022096,3.2893052101135254
z_cn_to_degree,0,test-288,6.461468176353717,6.437772274017334
z_cn_to_degree,0,test-289,3.0445224377234226,3.46144437789917
z_cn_to_degree,0,test-290,3.4965075614664802,3.6957859992980957
z_cn_to_degree,0,test-291,4.499809670330265,4.37509298324585
z_cn_to_degree,0,test-292,2.8903717578961645,3.0282320976257324
z_cn_to_degree,0,test-293,5.60947179518496,4.282016277313232
z_cn_to_degree,0,test-294,5.375278407684165,5.992959976196289
z_cn_to_degree,0,test-295,3.6888794541139367,4.602912425994873
z_cn_to_degree,0,test-296,2.197224577336219,3.2561869621276855
z_cn_to_degree,0,test-297,2.3025850929940455,3.0565648078918457
z_cn_to_degree,0,test-298,3.7376696182833684,2.6243977546691895
z_cn_to_degree,0,test-299,2.0794415416798357,2.6552252769470215
z_cn_to_degree,0,test-300,1.3862943611198906,2.807075023651123
z_cn_to_degree,0,test-301,3.1780538303479453,3.893404006958008
z_cn_to_degree,0,test-302,2.995732273553991,3.790762424468994
z_cn_to_degree,0,test-303,1.6094379124341003,2.6351218223571777
z_cn_to_degree,0,test-304,2.484906649788,3.1792960166931152
z_cn_to_degree,0,test-305,2.0794415416798357,2.6307835578918457
z_cn_to_degree,0,test-306,4.382026634673881,4.257721900939941
z_cn_to_degree,0,test-307,3.332204510175204,3.5659966468811035
z_cn_to_degree,0,test-308,5.556828061699537,4.503342151641846
z_cn_to_degree,0,test-309,2.0794415416798357,2.6307835578918457
z_cn_to_degree,0,test-310,2.0794415416798357,2.4360804557800293
z_cn_to_degree,0,test-311,2.772588722239781,3.7025399208068848
z_cn_to_degree,0,test-312,3.58351893845611,3.779201030731201
z_cn_to_degree,0,test-313,2.197224577336219,3.0137972831726074
z_cn_to_degree,0,test-314,3.8918202981106265,5.009150981903076
z_cn_to_degree,0,test-315,2.4849066497880004,2.6528849601745605
z_cn_to_degree,0,test-316,6.733401891837358,5.430797100067139
z_cn_to_degree,0,test-317,4.941642422609304,5.141796588897705
z_cn_to_degree,0,test-318,1.9459101490553132,2.6633381843566895
z_cn_to_degree,0,test-319,2.8903717578961645,3.7992281913757324
z_cn_to_degree,0,test-320,5.41164605185504,5.887186527252197
z_cn_to_degree,0,test-321,3.332204510175204,4.1489152908325195
z_cn_to_degree,0,test-322,6.73340189183736,5.562143802642822
z_cn_to_degree,0,test-323,6.733401891837358,5.231576442718506
z_cn_to_degree,0,test-324,6.104793232414986,5.328677654266357
z_cn_to_degree,0,test-325,2.772588722239781,3.7025399208068848
z_cn_to_degree,0,test-326,3.0445224377234226,3.46144437789917
z_cn_to_degree,0,test-327,2.995732273553991,3.0146613121032715
z_cn_to_degree,0,test-328,0.6931471805599453,2.63126802444458
z_cn_to_degree,0,test-329,2.484906649788,3.161581516265869
z_cn_to_degree,0,test-330,2.772588722239781,3.1755547523498535
z_cn_to_degree,0,test-331,3.091042453358316,2.6359829902648926
z_cn_to_degree,0,test-332,3.4011973816621555,3.5940470695495605
z_cn_to_degree,0,test-333,3.688879454113936,4.222164154052734
z_cn_to_degree,0,test-334,1.6094379124341003,2.6351218223571777
z_cn_to_degree,0,test-335,3.5553480614894135,5.1077561378479
z_cn_to_degree,0,test-336,3.8712010109078907,4.322205066680908
z_cn_to_degree,0,test-337,2.70805020110221,2.639893054962158
z_cn_to_degree,0,test-338,2.8903717578961645,2.7941441535949707
z_cn_to_degree,0,test-339,2.4849066497880004,2.6480154991149902
z_cn_to_degree,0,test-340,4.51085950651685,5.237146854400635
z_cn_to_degree,0,test-341,2.7080502011022096,3.2893052101135254
z_cn_to_degree,0,test-342,3.0445224377234226,3.7787928581237793
z_cn_to_degree,0,test-343,2.484906649788,3.6949448585510254
z_cn_to_degree,0,test-344,2.772588722239781,3.6860108375549316
z_cn_to_degree,0,test-345,4.143134726391533,4.308311939239502
z_cn_to_degree,0,test-346,3.9318256327243257,3.8471550941467285
z_cn_to_degree,0,test-347,2.484906649788,3.161581516265869
z_cn_to_degree,0,test-348,4.787491742782047,5.799593448638916
z_cn_to_degree,0,test-349,1.3862943611198906,2.639986515045166
z_cn_to_degree,0,test-350,3.1780538303479453,3.3214497566223145
z_cn_to_degree,0,test-351,2.484906649788,3.6086392402648926
z_cn_to_degree,0,test-352,2.484906649788,2.774834156036377
z_cn_to_degree,0,test-353,2.484906649788,2.703181743621826
z_cn_to_degree,0,test-354,3.401197381662155,4.14610481262207
z_cn_to_degree,0,test-355,2.8903717578961645,2.7941441535949707
z_cn_to_degree,0,test-356,3.1780538303479453,3.893404006958008
z_cn_to_degree,0,test-357,1.3862943611198906,2.639986515045166
z_cn_to_degree,0,test-358,4.882801922586371,3.4712023735046387
z_cn_to_degree,0,test-359,4.234106504597259,3.740016460418701
z_cn_to_degree,0,test-360,5.6937321388027,5.409050941467285
z_cn_to_degree,0,test-361,0.6931471805599453,2.63126802444458
z_cn_to_degree,0,test-362,1.791759469228055,2.63126802444458
z_cn_to_degree,0,test-363,1.791759469228055,2.63126802444458
z_cn_to_degree,0,test-364,5.966146739123692,4.850488185882568
z_cn_to_degree,0,test-365,3.4965075614664802,3.5940470695495605
z_cn_to_degree,0,test-366,6.733401891837358,5.377468585968018
z_cn_to_degree,0,test-367,5.272999558563747,4.325860500335693
z_cn_to_degree,0,test-368,3.737669618283368,4.485231876373291
z_cn_to_degree,0,test-369,2.197224577336219,3.0137972831726074
z_cn_to_degree,0,test-370,2.995732273553991,3.842402458190918
z_cn_to_degree,0,test-371,1.3862943611198906,2.6351218223571777
z_cn_to_degree,0,test-372,6.327936783729195,4.905542373657227
z_cn_to_degree,0,test-373,4.430816798843313,4.618252277374268
z_cn_to_degree,0,test-374,0.0,2.639986515045166
z_cn_to_degree,0,test-375,2.6390573296152584,3.836188793182373
z_cn_to_degree,0,test-376,1.6094379124341003,2.6351218223571777
z_cn_to_degree,0,test-377,2.484906649788,3.483248233795166
z_cn_to_degree,0,test-378,3.465735902799726,4.261772632598877
z_cn_to_degree,0,test-379,2.772588722239781,2.933520793914795
z_cn_to_degree,0,test-380,2.7080502011022096,3.3543848991394043
z_cn_to_degree,0,test-381,4.74493212836325,4.593857288360596
z_cn_to_degree,0,test-382,2.4849066497880004,2.6480154991149902
z_cn_to_degree,0,test-383,2.4849066497880004,2.6480154991149902
z_cn_to_degree,0,test-384,2.8903717578961645,3.665510654449463
z_cn_to_degree,0,test-385,2.197224577336219,3.564152240753174
z_cn_to_degree,0,test-386,2.3025850929940455,3.420231342315674
z_cn_to_degree,0,test-387,1.791759469228055,2.63126802444458
z_cn_to_degree,0,test-388,2.3025850929940455,2.6332411766052246
z_cn_to_degree,0,test-389,0.6931471805599453,2.63126802444458
z_cn_to_degree,0,test-390,4.276666119016055,2.8091931343078613
z_cn_to_degree,0,test-391,1.791759469228055,2.63126802444458
z_cn_to_degree,0,test-392,1.791759469228055,2.63126802444458
z_cn_to_degree,0,test-393,2.0794415416798357,3.3953213691711426
z_cn_to_degree,0,test-394,2.995732273553991,3.3250069618225098
z_cn_to_degree,0,test-395,2.0794415416798357,2.6307835578918457
z_cn_to_degree,0,test-396,3.0445224377234226,3.3940396308898926
z_cn_to_degree,0,test-397,2.995732273553991,3.660412311553955
z_cn_to_degree,0,test-398,0.0,2.639986515045166
z_cn_to_degree,0,test-399,1.3862943611198906,2.6351218223571777
z_cn_to_degree,0,test-400,2.3025850929940455,2.6332411766052246
z_cn_to_degree,0,test-401,3.295836866004329,3.603273868560791
z_cn_to_degree,0,test-402,1.791759469228055,2.63126802444458
z_cn_to_degree,0,test-403,3.4011973816621555,2.639029026031494
z_cn_to_degree,0,test-404,2.4849066497880004,2.6480154991149902
z_cn_to_degree,0,test-405,2.995732273553991,3.842402458190918
z_cn_to_degree,0,test-406,2.0794415416798357,2.6269803047180176
z_cn_to_degree,0,test-407,5.288267030694534,3.6252169609069824
z_cn_to_degree,0,test-408,2.0794415416798357,2.677100658416748
z_cn_to_degree,0,test-409,3.1780538303479453,3.1791157722473145
z_cn_to_degree,0,test-410,3.828641396489095,2.8690505027770996
z_cn_to_degree,0,test-411,4.90527477843843,5.011447429656982
z_cn_to_degree,0,test-412,1.791759469228055,2.6351218223571777
z_cn_to_degree,0,test-413,3.401197381662155,4.14610481262207
z_cn_to_degree,0,test-414,1.3862943611198906,2.339974880218506
z_cn_to_degree,0,test-415,2.8903717578961645,2.7941441535949707
z_cn_to_degree,0,test-416,4.276666119016055,3.182680606842041
z_cn_to_degree,0,test-417,3.5553480614894135,4.272804260253906
z_cn_to_degree,0,test-418,2.8903717578961645,3.228454113006592
z_cn_to_degree,0,test-419,3.332204510175204,3.731194019317627
z_cn_to_degree,0,test-420,5.342334251964811,5.526858806610107
z_cn_to_degree,0,test-421,2.890371757896165,2.9315085411071777
z_cn_to_degree,0,test-422,3.401197381662155,3.676626682281494
z_cn_to_degree,0,test-423,3.091042453358316,2.6359829902648926
z_cn_to_degree,0,test-424,2.995732273553991,3.842402458190918
z_cn_to_degree,0,test-425,3.401197381662155,3.4124321937561035
z_cn_to_degree,0,test-426,4.430816798843313,4.30189847946167
z_cn_to_degree,0,test-427,2.8903717578961645,3.005575656890869
z_cn_to_degree,0,test-428,2.0794415416798357,2.6307835578918457
z_cn_to_degree,0,test-429,1.9459101490553132,2.6633381843566895
z_cn_to_degree,0,test-430,2.995732273553991,3.652322292327881
z_cn_to_degree,0,test-431,2.197224577336219,3.0137972831726074
z_cn_to_degree,0,test-432,1.3862943611198906,2.339974880218506
z_cn_to_degree,0,test-433,3.4011973816621555,3.5940470695495605
z_cn_to_degree,0,test-434,3.3322045101752042,2.652500629425049
z_cn_to_degree,0,test-435,2.0794415416798357,2.6307835578918457
z_cn_to_degree,0,test-436,2.484906649788,3.161581516265869
z_cn_to_degree,0,test-437,3.6888794541139367,3.9031014442443848
z_cn_to_degree,0,test-438,2.7080502011022096,3.2270522117614746
z_cn_to_degree,0,test-439,2.4849066497880004,2.5130515098571777
z_cn_to_degree,0,test-440,4.718498871295095,2.7117514610290527
z_cn_to_degree,0,test-441,5.634789603169249,2.823716640472412
z_cn_to_degree,0,test-442,4.68213122712422,3.6017775535583496
z_cn_to_degree,0,test-443,1.791759469228055,2.63126802444458
z_cn_to_degree,0,test-444,3.9889840465642745,4.84871244430542
z_cn_to_degree,0,test-445,6.327936783729195,4.147701740264893
z_cn_to_degree,0,test-446,3.0445224377234226,3.8361754417419434
z_cn_to_degree,0,test-447,2.7080502011022096,3.3838820457458496
z_cn_to_degree,0,test-448,1.0986122886681096,2.634782314300537
z_cn_to_degree,0,test-449,2.995732273553991,4.310462474822998
z_cn_to_degree,0,test-450,2.772588722239781,3.540055751800537
z_cn_to_degree,0,test-451,2.995732273553991,3.5132298469543457
z_cn_to_degree,0,test-452,1.791759469228055,2.6351218223571777
z_cn_to_degree,0,test-453,2.484906649788,3.308084011077881
z_cn_to_degree,0,test-454,7.50659178007084,7.194421291351318
z_cn_to_degree,0,test-455,3.951243718581427,4.3087334632873535
z_cn_to_degree,0,test-456,3.5553480614894135,4.526443004608154
z_cn_to_degree,0,test-457,2.7080502011022096,3.2893052101135254
z_cn_to_degree,0,test-458,3.258096538021482,2.8534903526306152
z_cn_to_degree,0,test-459,5.634789603169249,2.7619967460632324
z_cn_to_degree,0,test-460,0.6931471805599453,2.63126802444458
z_cn_to_degree,0,test-461,2.772588722239781,3.7025399208068848
z_cn_to_degree,0,test-462,3.4011973816621555,3.4081292152404785
z_cn_to_degree,0,test-463,2.995732273553991,4.134328365325928
z_cn_to_degree,0,test-464,3.0445224377234226,3.6939587593078613
z_cn_to_degree,0,test-465,2.1972245773362196,2.647094249725342
z_cn_to_degree,0,test-466,1.791759469228055,2.6378893852233887
z_cn_to_degree,0,test-467,3.1780538303479458,3.4319510459899902
z_cn_to_degree,0,test-468,2.1972245773362196,2.647094249725342
z_cn_to_degree,0,test-469,3.401197381662155,4.239748477935791
z_cn_to_degree,0,test-470,6.327936783729195,4.816070079803467
z_cn_to_degree,0,test-471,2.995732273553991,3.842402458190918
z_cn_to_degree,0,test-472,3.0445224377234226,3.46144437789917
z_cn_to_degree,0,test-473,1.0986122886681096,2.634782314300537
z_cn_to_degree,0,test-474,3.401197381662155,3.426774501800537
z_cn_to_degree,0,test-475,2.3025850929940455,2.6332411766052246
z_cn_to_degree,0,test-476,6.040254711277413,3.690743923187256
z_cn_to_degree,0,test-477,4.90527477843843,4.492824077606201
z_cn_to_degree,0,test-478,2.197224577336219,3.2561869621276855
z_cn_to_degree,0,test-479,2.8903717578961645,3.3843331336975098
z_cn_to_degree,0,test-480,3.1780538303479453,3.1448731422424316
z_cn_to_degree,0,test-481,2.995732273553991,3.2409462928771973
z_cn_to_degree,0,test-482,4.276666119016055,4.390791416168213
z_cn_to_degree,0,test-483,2.4849066497880004,2.6480154991149902
z_cn_to_degree,0,test-484,3.295836866004329,3.598723888397217
z_cn_to_degree,0,test-485,3.1780538303479453,3.2784361839294434
z_cn_to_degree,0,test-486,2.0794415416798357,2.6307835578918457
z_cn_to_degree,0,test-487,1.3862943611198906,2.6351218223571777
z_cn_to_degree,0,test-488,4.356708826689592,3.9344897270202637
z_cn_to_degree,0,test-489,2.0794415416798357,2.6307835578918457
z_cn_to_degree,0,test-490,2.9957322735539913,2.623408794403076
z_cn_to_degree,0,test-491,0.6931471805599453,2.63126802444458
z_cn_to_degree,0,test-492,2.0794415416798357,2.6307835578918457
z_cn_to_degree,0,test-493,3.58351893845611,4.398038387298584
z_cn_to_degree,0,test-494,0.0,2.639986515045166
z_cn_to_degree,0,test-495,5.272999558563747,4.325860500335693
z_cn_to_degree,0,test-496,1.791759469228055,2.63126802444458
z_cn_to_degree,0,test-497,3.7376696182833684,3.2395224571228027
z_cn_to_degree,0,test-498,2.4849066497880004,2.6480154991149902
z_cn_to_degree,0,test-499,3.8712010109078907,4.782101631164551
z_cn_to_degree,0,test-500,6.040254711277413,4.253376483917236
z_cn_to_degree,0,test-501,3.3322045101752042,3.356227397918701
z_cn_to_degree,0,test-502,3.332204510175204,3.6035876274108887
z_cn_to_degree,0,test-503,4.700480365792417,4.8523173332214355
z_cn_to_degree,0,test-504,4.499809670330265,4.46299934387207
z_cn_to_degree,0,test-505,2.197224577336219,3.5004191398620605
z_cn_to_degree,0,test-506,3.688879454113936,4.222164154052734
z_cn_to_degree,0,test-507,2.6390573296152584,2.631690502166748
z_cn_to_degree,0,test-508,4.276666119016055,5.22654390335083
z_cn_to_degree,0,test-509,3.8712010109078907,4.206855297088623
z_cn_to_degree,0,test-510,4.442651256490317,4.228600978851318
z_cn_to_degree,0,test-511,5.634789603169249,2.7619967460632324
z_residual_to_degree,0,test-0,4.6443908991413725,3.7889719009399414
z_residual_to_degree,0,test-1,3.988984046564274,3.867373466491699
z_residual_to_degree,0,test-2,4.584967478670572,3.591149091720581
z_residual_to_degree,0,test-3,4.962844630259907,3.667957305908203
z_residual_to_degree,0,test-4,3.1780538303479453,3.5763628482818604
z_residual_to_degree,0,test-5,4.77912349311153,3.759650707244873
z_residual_to_degree,0,test-6,3.8066624897703196,3.5478649139404297
z_residual_to_degree,0,test-7,5.966146739123692,3.6412901878356934
z_residual_to_degree,0,test-8,3.6635616461296463,3.864689826965332
z_residual_to_degree,0,test-9,3.0445224377234226,3.700387954711914
z_residual_to_degree,0,test-10,3.6888794541139367,3.888227939605713
z_residual_to_degree,0,test-11,3.401197381662155,3.6209967136383057
z_residual_to_degree,0,test-12,3.9120230054281464,3.588071823120117
z_residual_to_degree,0,test-13,0.6931471805599453,3.3574414253234863
z_residual_to_degree,0,test-14,4.74493212836325,3.54080867767334
z_residual_to_degree,0,test-15,4.0943445622221,3.800801992416382
z_residual_to_degree,0,test-16,1.791759469228055,3.579148769378662
z_residual_to_degree,0,test-17,4.394449154672438,3.701796054840088
z_residual_to_degree,0,test-18,4.718498871295095,3.613370180130005
z_residual_to_degree,0,test-19,0.6931471805599453,1.952756404876709
z_residual_to_degree,0,test-20,3.0445224377234226,3.931154251098633
z_residual_to_degree,0,test-21,3.1780538303479458,3.655780553817749
z_residual_to_degree,0,test-22,3.465735902799726,3.4744956493377686
z_residual_to_degree,0,test-23,3.401197381662155,3.9146289825439453
z_residual_to_degree,0,test-24,1.0986122886681096,3.4758739471435547
z_residual_to_degree,0,test-25,3.5553480614894135,3.144230604171753
z_residual_to_degree,0,test-26,4.189654742026425,2.7719192504882812
z_residual_to_degree,0,test-27,2.3025850929940455,3.0811445713043213
z_residual_to_degree,0,test-28,3.465735902799726,3.621134042739868
z_residual_to_degree,0,test-29,2.8903717578961645,3.9376883506774902
z_residual_to_degree,0,test-30,3.688879454113936,3.8167362213134766
z_residual_to_degree,0,test-31,4.882801922586371,3.6703734397888184
z_residual_to_degree,0,test-32,4.553876891600541,3.539381742477417
z_residual_to_degree,0,test-33,3.58351893845611,3.7279372215270996
z_residual_to_degree,0,test-34,3.58351893845611,3.5328311920166016
z_residual_to_degree,0,test-35,3.1780538303479453,3.2751693725585938
z_residual_to_degree,0,test-36,2.772588722239781,3.497406244277954
z_residual_to_degree,0,test-37,1.3862943611198906,2.6702592372894287
z_residual_to_degree,0,test-38,2.3025850929940455,1.8702890872955322
z_residual_to_degree,0,test-39,3.9889840465642745,3.411465883255005
z_residual_to_degree,0,test-40,1.791759469228055,3.8458356857299805
z_residual_to_degree,0,test-41,3.951243718581427,3.27901554107666
z_residual_to_degree,0,test-42,3.6888794541139367,3.497772693634033
z_residual_to_degree,0,test-43,6.040254711277413,3.8781280517578125
z_residual_to_degree,0,test-44,2.484906649788,3.4778573513031006
z_residual_to_degree,0,test-45,3.1780538303479453,3.3763136863708496
z_residual_to_degree,0,test-46,0.6931471805599453,2.428208351135254
z_residual_to_degree,0,test-47,4.941642422609304,3.7882115840911865
z_residual_to_degree,0,test-48,0.0,3.273308515548706
z_residual_to_degree,0,test-49,2.8903717578961645,3.5405330657958984
z_residual_to_degree,0,test-50,6.040254711277413,3.7633559703826904
z_residual_to_degree,0,test-51,3.332204510175204,3.5108697414398193
z_residual_to_degree,0,test-52,2.995732273553991,3.7157530784606934
z_residual_to_degree,0,test-53,6.327936783729195,4.021444797515869
z_residual_to_degree,0,test-54,2.8903717578961645,3.515517234802246
z_residual_to_degree,0,test-55,2.6390573296152584,2.9635205268859863
z_residual_to_degree,0,test-56,4.927253685157204,3.3967788219451904
z_residual_to_degree,0,test-57,2.7080502011022096,3.593421459197998
z_residual_to_degree,0,test-58,5.272999558563747,3.668952226638794
z_residual_to_degree,0,test-59,3.9889840465642745,3.414926767349243
z_residual_to_degree,0,test-60,2.0794415416798357,3.430088520050049
z_residual_to_degree,0,test-61,4.7535901911063645,3.742534637451172
z_residual_to_degree,0,test-62,2.1972245773362196,2.623323678970337
z_residual_to_degree,0,test-63,2.3978952727983707,3.7534916400909424
z_residual_to_degree,0,test-64,1.3862943611198906,3.46457576751709
z_residual_to_degree,0,test-65,3.58351893845611,3.307800054550171
z_residual_to_degree,0,test-66,2.8903717578961645,3.2756741046905518
z_residual_to_degree,0,test-67,2.4849066497880004,3.2372074127197266
z_residual_to_degree,0,test-68,2.4849066497880004,2.0036470890045166
z_residual_to_degree,0,test-69,4.90527477843843,3.8361775875091553
z_residual_to_degree,0,test-70,3.2188758248682006,3.366983413696289
z_residual_to_degree,0,test-71,2.995732273553991,3.628760576248169
z_residual_to_degree,0,test-72,4.0943445622221,3.4482669830322266
z_residual_to_degree,0,test-73,1.791759469228055,3.1885664463043213
z_residual_to_degree,0,test-74,3.951243718581427,3.375467300415039
z_residual_to_degree,0,test-75,2.7080502011022096,3.763073444366455
z_residual_to_degree,0,test-76,3.0445224377234226,3.89853572845459
z_residual_to_degree,0,test-77,1.0986122886681096,2.1331868171691895
z_residual_to_degree,0,test-78,3.0445224377234226,3.725137233734131
z_residual_to_degree,0,test-79,1.3862943611198906,2.386704921722412
z_residual_to_degree,0,test-80,1.791759469228055,3.573350429534912
z_residual_to_degree,0,test-81,3.688879454113936,3.387643575668335
z_residual_to_degree,0,test-82,3.58351893845611,3.758769989013672
z_residual_to_degree,0,test-83,3.465735902799726,3.160900831222534
z_residual_to_degree,0,test-84,4.025351690735149,3.1503775119781494
z_residual_to_degree,0,test-85,4.718498871295094,3.7168595790863037
z_residual_to_degree,0,test-86,3.988984046564274,3.516862154006958
z_residual_to_degree,0,test-87,3.332204510175204,3.5595498085021973
z_residual_to_degree,0,test-88,2.7080502011022096,3.5844874382019043
z_residual_to_degree,0,test-89,2.6390573296152584,3.1142165660858154
z_residual_to_degree,0,test-90,3.332204510175204,3.5860178470611572
z_residual_to_degree,0,test-91,2.484906649788,1.6606318950653076
z_residual_to_degree,0,test-92,2.0794415416798357,3.4061954021453857
z_residual_to_degree,0,test-93,3.1780538303479453,3.748844623565674
z_residual_to_degree,0,test-94,5.272999558563747,3.794893980026245
z_residual_to_degree,0,test-95,2.484906649788,2.0352330207824707
z_residual_to_degree,0,test-96,3.4011973816621555,3.6647284030914307
z_residual_to_degree,0,test-97,7.50659178007084,3.814300060272217
z_residual_to_degree,0,test-98,4.465908118654584,3.68658447265625
z_residual_to_degree,0,test-99,2.3025850929940455,3.8019022941589355
z_residual_to_degree,0,test-100,2.7080502011022096,3.2034213542938232
z_residual_to_degree,0,test-101,3.58351893845611,3.5425779819488525
z_residual_to_degree,0,test-102,2.7080502011022096,3.7521727085113525
z_residual_to_degree,0,test-103,4.02535169073515,1.007521629333496
z_residual_to_degree,0,test-104,2.772588722239781,3.1071107387542725
z_residual_to_degree,0,test-105,2.197224577336219,3.459059000015259
z_residual_to_degree,0,test-106,1.0986122886681096,3.0733299255371094
z_residual_to_degree,0,test-107,3.5263605246161616,3.253822088241577
z_residual_to_degree,0,test-108,0.6931471805599453,3.3027050495147705
z_residual_to_degree,0,test-109,6.327936783729195,4.216906547546387
z_residual_to_degree,0,test-110,3.58351893845611,3.134697914123535
z_residual_to_degree,0,test-111,2.0794415416798357,3.6613729000091553
z_residual_to_degree,0,test-112,2.8903717578961645,2.172855854034424
z_residual_to_degree,0,test-113,5.0106352940962555,3.6483912467956543
z_residual_to_degree,0,test-114,3.688879454113936,3.644047498703003
z_residual_to_degree,0,test-115,1.3862943611198906,3.6741623878479004
z_residual_to_degree,0,test-116,1.3862943611198906,3.3869435787200928
z_residual_to_degree,0,test-117,7.3395376954076745,3.870579481124878
z_residual_to_degree,0,test-118,4.304065093204169,3.7235493659973145
z_residual_to_degree,0,test-119,3.2188758248682006,3.7085390090942383
z_residual_to_degree,0,test-120,6.733401891837358,3.218172073364258
z_residual_to_degree,0,test-121,2.484906649788,3.5046353340148926
z_residual_to_degree,0,test-122,2.995732273553991,3.8231935501098633
z_residual_to_degree,0,test-123,3.58351893845611,3.430222272872925
z_residual_to_degree,0,test-124,1.791759469228055,3.5941267013549805
z_residual_to_degree,0,test-125,2.6390573296152584,3.4430177211761475
z_residual_to_degree,0,test-126,2.197224577336219,3.621664524078369
z_residual_to_degree,0,test-127,2.484906649788,3.7833683490753174
z_residual_to_degree,0,test-128,1.791759469228055,3.3979389667510986
z_residual_to_degree,0,test-129,3.6635616461296463,3.625332832336426
z_residual_to_degree,0,test-130,2.5649493574615367,3.262498378753662
z_residual_to_degree,0,test-131,2.995732273553991,3.6533825397491455
z_residual_to_degree,0,test-132,3.688879454113936,3.4722301959991455
z_residual_to_degree,0,test-133,5.560681631015528,3.613880157470703
z_residual_to_degree,0,test-134,2.197224577336219,3.277390241622925
z_residual_to_degree,0,test-135,2.772588722239781,3.801140308380127
z_residual_to_degree,0,test-136,2.772588722239781,3.5940208435058594
z_residual_to_degree,0,test-137,3.688879454113936,3.3990044593811035
z_residual_to_degree,0,test-138,2.1972245773362196,4.324306011199951
z_residual_to_degree,0,test-139,2.995732273553991,3.6092824935913086
z_residual_to_degree,0,test-140,2.8903717578961645,3.4942665100097656
z_residual_to_degree,0,test-141,4.31748811353631,3.713359832763672
z_residual_to_degree,0,test-142,1.791759469228055,3.711398124694824
z_residual_to_degree,0,test-143,3.332204510175204,2.914187431335449
z_residual_to_degree,0,test-144,2.7080502011022096,2.390812397003174
z_residual_to_degree,0,test-145,2.0794415416798357,3.0222601890563965
z_residual_to_degree,0,test-146,4.882801922586371,3.7056713104248047
z_residual_to_degree,0,test-147,3.465735902799726,3.8729138374328613
z_residual_to_degree,0,test-148,3.332204510175204,3.428330183029175
z_residual_to_degree,0,test-149,6.327936783729195,4.017942428588867
z_residual_to_degree,0,test-150,3.2188758248682006,3.6055164337158203
z_residual_to_degree,0,test-151,3.9318256327243257,3.707073211669922
z_residual_to_degree,0,test-152,3.295836866004329,3.3642892837524414
z_residual_to_degree,0,test-153,3.4011973816621555,3.202460527420044
z_residual_to_degree,0,test-154,4.0943445622221,3.582947015762329
z_residual_to_degree,0,test-155,2.0794415416798357,3.6301372051239014
z_residual_to_degree,0,test-156,2.3025850929940455,3.400294542312622
z_residual_to_degree,0,test-157,5.41164605185504,3.670684576034546
z_residual_to_degree,0,test-158,4.564348191467836,3.3533172607421875
z_residual_to_degree,0,test-159,0.0,1.9845805168151855
z_residual_to_degree,0,test-160,2.7080502011022096,3.751943826675415
z_residual_to_degree,0,test-161,2.9444389791664403,3.0958380699157715
z_residual_to_degree,0,test-162,1.3862943611198906,4.097256660461426
z_residual_to_degree,0,test-163,2.8903717578961645,4.047173500061035
z_residual_to_degree,0,test-164,1.791759469228055,3.5928521156311035
z_residual_to_degree,0,test-165,5.560681631015528,3.7109196186065674
z_residual_to_degree,0,test-166,1.0986122886681096,3.471910238265991
z_residual_to_degree,0,test-167,3.5553480614894135,3.7363250255584717
z_residual_to_degree,0,test-168,4.499809670330265,3.4503417015075684
z_residual_to_degree,0,test-169,3.5553480614894135,3.4606430530548096
z_residual_to_degree,0,test-170,1.791759469228055,3.135561227798462
z_residual_to_degree,0,test-171,2.0794415416798357,3.4651644229888916
z_residual_to_degree,0,test-172,5.288267030694534,3.78840708732605
z_residual_to_degree,0,test-173,1.3862943611198906,3.794543504714966
z_residual_to_degree,0,test-174,2.484906649788,3.4897117614746094
z_residual_to_degree,0,test-175,3.9120230054281464,3.1716058254241943
z_residual_to_degree,0,test-176,2.8903717578961645,3.6500179767608643
z_residual_to_degree,0,test-177,4.499809670330265,3.4436850547790527
z_residual_to_degree,0,test-178,4.867534450455582,3.125230073928833
z_residual_to_degree,0,test-179,4.718498871295095,3.7319066524505615
z_residual_to_degree,0,test-180,1.3862943611198906,3.7396080493927
z_residual_to_degree,0,test-181,3.58351893845611,3.9725711345672607
z_residual_to_degree,0,test-182,3.58351893845611,3.3322455883026123
z_residual_to_degree,0,test-183,3.465735902799726,3.938689708709717
z_residual_to_degree,0,test-184,0.0,1.8026533126831055
z_residual_to_degree,0,test-185,7.24422751560335,3.804542064666748
z_residual_to_degree,0,test-186,3.332204510175204,3.134799003601074
z_residual_to_degree,0,test-187,3.401197381662155,3.115629196166992
z_residual_to_degree,0,test-188,3.332204510175204,3.7378084659576416
z_residual_to_degree,0,test-189,2.484906649788,3.4391512870788574
z_residual_to_degree,0,test-190,2.197224577336219,3.549407482147217
z_residual_to_degree,0,test-191,2.7080502011022096,3.4460651874542236
z_residual_to_degree,0,test-192,2.0794415416798357,2.8292431831359863
z_residual_to_degree,0,test-193,1.791759469228055,3.4882209300994873
z_residual_to_degree,0,test-194,3.0445224377234226,3.1538124084472656
z_residual_to_degree,0,test-195,2.995732273553991,3.7065720558166504
z_residual_to_degree,0,test-196,3.58351893845611,3.6249024868011475
z_residual_to_degree,0,test-197,4.90527477843843,4.247142314910889
z_residual_to_degree,0,test-198,4.5217885770490405,3.5949978828430176
z_residual_to_degree,0,test-199,2.484906649788,3.5552592277526855
z_residual_to_degree,0,test-200,4.709530201312334,3.664937973022461
z_residual_to_degree,0,test-201,1.0986122886681096,3.122650623321533
z_residual_to_degree,0,test-202,1.0986122886681096,3.1408536434173584
z_residual_to_degree,0,test-203,3.0445224377234226,2.977044105529785
z_residual_to_degree,0,test-204,2.484906649788,2.414670467376709
z_residual_to_degree,0,test-205,2.6390573296152584,3.4112603664398193
z_residual_to_degree,0,test-206,2.197224577336219,3.376305341720581
z_residual_to_degree,0,test-207,3.58351893845611,2.2939202785491943
z_residual_to_degree,0,test-208,4.248495242049359,3.477179765701294
z_residual_to_degree,0,test-209,4.0943445622221,3.538424491882324
z_residual_to_degree,0,test-210,4.836281906951478,3.5585997104644775
z_residual_to_degree,0,test-211,4.976733742420574,3.7437541484832764
z_residual_to_degree,0,test-212,3.0445224377234226,3.6744415760040283
z_residual_to_degree,0,test-213,4.499809670330265,3.4892020225524902
z_residual_to_degree,0,test-214,1.3862943611198906,3.0711581707000732
z_residual_to_degree,0,test-215,5.560681631015528,3.6699626445770264
z_residual_to_degree,0,test-216,2.0794415416798357,3.693056106567383
z_residual_to_degree,0,test-217,0.6931471805599453,3.292807102203369
z_residual_to_degree,0,test-218,1.791759469228055,2.744152069091797
z_residual_to_degree,0,test-219,3.0445224377234226,2.929391384124756
z_residual_to_degree,0,test-220,3.58351893845611,3.253485679626465
z_residual_to_degree,0,test-221,2.995732273553991,3.652108669281006
z_residual_to_degree,0,test-222,2.0794415416798357,3.5124924182891846
z_residual_to_degree,0,test-223,3.8712010109078907,3.7013964653015137
z_residual_to_degree,0,test-224,0.0,0.8105874061584473
z_residual_to_degree,0,test-225,3.332204510175204,3.1349098682403564
z_residual_to_degree,0,test-226,2.0794415416798357,3.5508604049682617
z_residual_to_degree,0,test-227,2.772588722239781,3.6964569091796875
z_residual_to_degree,0,test-228,1.791759469228055,3.335601806640625
z_residual_to_degree,0,test-229,2.197224577336219,3.521071195602417
z_residual_to_degree,0,test-230,3.4011973816621555,3.468111991882324
z_residual_to_degree,0,test-231,4.430816798843313,3.5924715995788574
z_residual_to_degree,0,test-232,4.276666119016055,3.822089672088623
z_residual_to_degree,0,test-233,1.791759469228055,3.2079391479492188
z_residual_to_degree,0,test-234,3.58351893845611,3.3171794414520264
z_residual_to_degree,0,test-235,3.1780538303479453,3.636308193206787
z_residual_to_degree,0,test-236,2.8903717578961645,3.7283504009246826
z_residual_to_degree,0,test-237,2.8903717578961645,3.1706151962280273
z_residual_to_degree,0,test-238,3.0445224377234226,2.9747109413146973
z_residual_to_degree,0,test-239,5.780743515792329,3.9136056900024414
z_residual_to_degree,0,test-240,6.327936783729195,3.4620680809020996
z_residual_to_degree,0,test-241,0.6931471805599453,2.3045620918273926
z_residual_to_degree,0,test-242,2.4849066497880004,3.3253061771392822
z_residual_to_degree,0,test-243,2.8903717578961645,3.1327877044677734
z_residual_to_degree,0,test-244,2.197224577336219,3.542976140975952
z_residual_to_degree,0,test-245,3.0445224377234226,3.8071203231811523
z_residual_to_degree,0,test-246,5.087596335232384,2.963243246078491
z_residual_to_degree,0,test-247,2.7080502011022096,3.6860997676849365
z_residual_to_degree,0,test-248,4.74493212836325,3.593961477279663
z_residual_to_degree,0,test-249,1.791759469228055,3.567531108856201
z_residual_to_degree,0,test-250,3.8066624897703196,3.6678764820098877
z_residual_to_degree,0,test-251,3.951243718581427,3.623997926712036
z_residual_to_degree,0,test-252,1.3862943611198906,4.794136047363281
z_residual_to_degree,0,test-253,4.718498871295095,3.7260255813598633
z_residual_to_degree,0,test-254,3.465735902799726,3.9274814128875732
z_residual_to_degree,0,test-255,2.7080502011022096,2.444425582885742
z_residual_to_degree,0,test-256,2.6390573296152584,4.079002380371094
z_residual_to_degree,0,test-257,5.19295685089021,3.6528282165527344
z_residual_to_degree,0,test-258,0.0,2.6933445930480957
z_residual_to_degree,0,test-259,5.98141421125448,3.349729537963867
z_residual_to_degree,0,test-260,3.8712010109078907,3.691699743270874
z_residual_to_degree,0,test-261,2.9957322735539913,3.3930957317352295
z_residual_to_degree,0,test-262,1.0986122886681096,3.520113706588745
z_residual_to_degree,0,test-263,3.401197381662155,4.189342498779297
z_residual_to_degree,0,test-264,2.995732273553991,3.5019476413726807
z_residual_to_degree,0,test-265,2.995732273553991,3.2740771770477295
z_residual_to_degree,0,test-266,4.1588830833596715,3.5522706508636475
z_residual_to_degree,0,test-267,4.31748811353631,3.925844192504883
z_residual_to_degree,0,test-268,1.791759469228055,3.166308879852295
z_residual_to_degree,0,test-269,2.0794415416798357,3.852034091949463
z_residual_to_degree,0,test-270,2.7080502011022096,3.923278331756592
z_residual_to_degree,0,test-271,6.476972362889683,3.654088020324707
z_residual_to_degree,0,test-272,1.791759469228055,3.6587038040161133
z_residual_to_degree,0,test-273,3.0445224377234226,3.5252888202667236
z_residual_to_degree,0,test-274,3.737669618283368,3.895296096801758
z_residual_to_degree,0,test-275,3.1780538303479453,3.482365608215332
z_residual_to_degree,0,test-276,2.772588722239781,3.8543410301208496
z_residual_to_degree,0,test-277,2.7080502011022096,3.7172446250915527
z_residual_to_degree,0,test-278,2.0794415416798357,3.9465019702911377
z_residual_to_degree,0,test-279,3.332204510175204,3.1486551761627197
z_residual_to_degree,0,test-280,5.220355825078324,3.7249948978424072
z_residual_to_degree,0,test-281,3.6635616461296463,3.320521116256714
z_residual_to_degree,0,test-282,2.6390573296152584,2.8989219665527344
z_residual_to_degree,0,test-283,2.484906649788,3.233360528945923
z_residual_to_degree,0,test-284,3.9512437185814275,3.6622748374938965
z_residual_to_degree,0,test-285,2.995732273553991,3.329338788986206
z_residual_to_degree,0,test-286,1.6094379124341003,3.20623517036438
z_residual_to_degree,0,test-287,2.7080502011022096,2.688908576965332
z_residual_to_degree,0,test-288,6.461468176353717,3.6139020919799805
z_residual_to_degree,0,test-289,3.0445224377234226,2.9890434741973877
z_residual_to_degree,0,test-290,3.4965075614664802,3.51078200340271
z_residual_to_degree,0,test-291,4.499809670330265,3.5476956367492676
z_residual_to_degree,0,test-292,2.8903717578961645,3.191784381866455
z_residual_to_degree,0,test-293,5.60947179518496,3.712653875350952
z_residual_to_degree,0,test-294,5.375278407684165,3.269728899002075
z_residual_to_degree,0,test-295,3.6888794541139367,3.7865500450134277
z_residual_to_degree,0,test-296,2.197224577336219,3.2871508598327637
z_residual_to_degree,0,test-297,2.3025850929940455,2.6715877056121826
z_residual_to_degree,0,test-298,3.7376696182833684,3.239097833633423
z_residual_to_degree,0,test-299,2.0794415416798357,4.964795112609863
z_residual_to_degree,0,test-300,1.3862943611198906,3.253419876098633
z_residual_to_degree,0,test-301,3.1780538303479453,3.7788925170898438
z_residual_to_degree,0,test-302,2.995732273553991,3.573402166366577
z_residual_to_degree,0,test-303,1.6094379124341003,2.984752655029297
z_residual_to_degree,0,test-304,2.484906649788,3.184609889984131
z_residual_to_degree,0,test-305,2.0794415416798357,3.073132038116455
z_residual_to_degree,0,test-306,4.382026634673881,3.795301675796509
z_residual_to_degree,0,test-307,3.332204510175204,3.193709373474121
z_residual_to_degree,0,test-308,5.556828061699537,3.636061429977417
z_residual_to_degree,0,test-309,2.0794415416798357,3.6847517490386963
z_residual_to_degree,0,test-310,2.0794415416798357,3.0835471153259277
z_residual_to_degree,0,test-311,2.772588722239781,3.8881547451019287
z_residual_to_degree,0,test-312,3.58351893845611,3.888373613357544
z_residual_to_degree,0,test-313,2.197224577336219,3.3436837196350098
z_residual_to_degree,0,test-314,3.8918202981106265,3.7882673740386963
z_residual_to_degree,0,test-315,2.4849066497880004,3.857112407684326
z_residual_to_degree,0,test-316,6.733401891837358,3.8729498386383057
z_residual_to_degree,0,test-317,4.941642422609304,3.750275135040283
z_residual_to_degree,0,test-318,1.9459101490553132,1.5468635559082031
z_residual_to_degree,0,test-319,2.8903717578961645,3.566150188446045
z_residual_to_degree,0,test-320,5.41164605185504,3.6248929500579834
z_residual_to_degree,0,test-321,3.332204510175204,3.092515230178833
z_residual_to_degree,0,test-322,6.73340189183736,3.4441447257995605
z_residual_to_degree,0,test-323,6.733401891837358,3.715637683868408
z_residual_to_degree,0,test-324,6.104793232414986,3.916124105453491
z_residual_to_degree,0,test-325,2.772588722239781,3.560100555419922
z_residual_to_degree,0,test-326,3.0445224377234226,3.9967103004455566
z_residual_to_degree,0,test-327,2.995732273553991,3.304868459701538
z_residual_to_degree,0,test-328,0.6931471805599453,2.6273763179779053
z_residual_to_degree,0,test-329,2.484906649788,3.9450361728668213
z_residual_to_degree,0,test-330,2.772588722239781,3.8269691467285156
z_residual_to_degree,0,test-331,3.091042453358316,3.637423515319824
z_residual_to_degree,0,test-332,3.4011973816621555,3.007206916809082
z_residual_to_degree,0,test-333,3.688879454113936,3.420358180999756
z_residual_to_degree,0,test-334,1.6094379124341003,3.6006598472595215
z_residual_to_degree,0,test-335,3.5553480614894135,3.618553400039673
z_residual_to_degree,0,test-336,3.8712010109078907,4.656486511230469
z_residual_to_degree,0,test-337,2.70805020110221,3.252246856689453
z_residual_to_degree,0,test-338,2.8903717578961645,2.9896886348724365
z_residual_to_degree,0,test-339,2.4849066497880004,2.3945505619049072
z_residual_to_degree,0,test-340,4.51085950651685,3.2341058254241943
z_residual_to_degree,0,test-341,2.7080502011022096,3.6370928287506104
z_residual_to_degree,0,test-342,3.0445224377234226,3.5478196144104004
z_residual_to_degree,0,test-343,2.484906649788,3.078307628631592
z_residual_to_degree,0,test-344,2.772588722239781,3.5613582134246826
z_residual_to_degree,0,test-345,4.143134726391533,3.6802968978881836
z_residual_to_degree,0,test-346,3.9318256327243257,3.5807993412017822
z_residual_to_degree,0,test-347,2.484906649788,2.799168109893799
z_residual_to_degree,0,test-348,4.787491742782047,3.9301207065582275
z_residual_to_degree,0,test-349,1.3862943611198906,3.361854076385498
z_residual_to_degree,0,test-350,3.1780538303479453,3.6311068534851074
z_residual_to_degree,0,test-351,2.484906649788,4.111949920654297
z_residual_to_degree,0,test-352,2.484906649788,3.146451473236084
z_residual_to_degree,0,test-353,2.484906649788,3.1727182865142822
z_residual_to_degree,0,test-354,3.401197381662155,3.530305862426758
z_residual_to_degree,0,test-355,2.8903717578961645,2.870037794113159
z_residual_to_degree,0,test-356,3.1780538303479453,3.376258611679077
z_residual_to_degree,0,test-357,1.3862943611198906,2.6343119144439697
z_residual_to_degree,0,test-358,4.882801922586371,3.8966808319091797
z_residual_to_degree,0,test-359,4.234106504597259,3.3973708152770996
z_residual_to_degree,0,test-360,5.6937321388027,3.8023853302001953
z_residual_to_degree,0,test-361,0.6931471805599453,2.1635546684265137
z_residual_to_degree,0,test-362,1.791759469228055,3.634308099746704
z_residual_to_degree,0,test-363,1.791759469228055,3.638676881790161
z_residual_to_degree,0,test-364,5.966146739123692,3.6462833881378174
z_residual_to_degree,0,test-365,3.4965075614664802,3.5135202407836914
z_residual_to_degree,0,test-366,6.733401891837358,4.958146572113037
z_residual_to_degree,0,test-367,5.272999558563747,3.7455172538757324
z_residual_to_degree,0,test-368,3.737669618283368,3.7517242431640625
z_residual_to_degree,0,test-369,2.197224577336219,3.212620735168457
z_residual_to_degree,0,test-370,2.995732273553991,3.398145914077759
z_residual_to_degree,0,test-371,1.3862943611198906,4.095137596130371
z_residual_to_degree,0,test-372,6.327936783729195,4.541888236999512
z_residual_to_degree,0,test-373,4.430816798843313,3.780200242996216
z_residual_to_degree,0,test-374,0.0,2.8085780143737793
z_residual_to_degree,0,test-375,2.6390573296152584,3.746716260910034
z_residual_to_degree,0,test-376,1.6094379124341003,2.8006179332733154
z_residual_to_degree,0,test-377,2.484906649788,3.7319962978363037
z_residual_to_degree,0,test-378,3.465735902799726,3.604499340057373
z_residual_to_degree,0,test-379,2.772588722239781,3.116403102874756
z_residual_to_degree,0,test-380,2.7080502011022096,2.802511215209961
z_residual_to_degree,0,test-381,4.74493212836325,3.457535743713379
z_residual_to_degree,0,test-382,2.4849066497880004,3.687687873840332
z_residual_to_degree,0,test-383,2.4849066497880004,3.198303699493408
z_residual_to_degree,0,test-384,2.8903717578961645,3.737694263458252
z_residual_to_degree,0,test-385,2.197224577336219,3.4405465126037598
z_residual_to_degree,0,test-386,2.3025850929940455,3.4500746726989746
z_residual_to_degree,0,test-387,1.791759469228055,3.633495569229126
z_residual_to_degree,0,test-388,2.3025850929940455,1.1739282608032227
z_residual_to_degree,0,test-389,0.6931471805599453,3.0255963802337646
z_residual_to_degree,0,test-390,4.276666119016055,3.856689929962158
z_residual_to_degree,0,test-391,1.791759469228055,3.3840839862823486
z_residual_to_degree,0,test-392,1.791759469228055,3.2815799713134766
z_residual_to_degree,0,test-393,2.0794415416798357,3.6305041313171387
z_residual_to_degree,0,test-394,2.995732273553991,3.596177339553833
z_residual_to_degree,0,test-395,2.0794415416798357,3.655506134033203
z_residual_to_degree,0,test-396,3.0445224377234226,3.1471123695373535
z_residual_to_degree,0,test-397,2.995732273553991,3.3804357051849365
z_residual_to_degree,0,test-398,0.0,1.523040533065796
z_residual_to_degree,0,test-399,1.3862943611198906,2.1234610080718994
z_residual_to_degree,0,test-400,2.3025850929940455,3.4589223861694336
z_residual_to_degree,0,test-401,3.295836866004329,3.6247313022613525
z_residual_to_degree,0,test-402,1.791759469228055,3.586466073989868
z_residual_to_degree,0,test-403,3.4011973816621555,3.4660701751708984
z_residual_to_degree,0,test-404,2.4849066497880004,4.035538673400879
z_residual_to_degree,0,test-405,2.995732273553991,3.343104839324951
z_residual_to_degree,0,test-406,2.0794415416798357,3.5539510250091553
z_residual_to_degree,0,test-407,5.288267030694534,3.3323280811309814
z_residual_to_degree,0,test-408,2.0794415416798357,2.891818046569824
z_residual_to_degree,0,test-409,3.1780538303479453,3.448340654373169
z_residual_to_degree,0,test-410,3.828641396489095,3.505004405975342
z_residual_to_degree,0,test-411,4.90527477843843,3.387507915496826
z_residual_to_degree,0,test-412,1.791759469228055,3.3347368240356445
z_residual_to_degree,0,test-413,3.401197381662155,2.563826560974121
z_residual_to_degree,0,test-414,1.3862943611198906,3.412541151046753
z_residual_to_degree,0,test-415,2.8903717578961645,3.2098186016082764
z_residual_to_degree,0,test-416,4.276666119016055,3.5100717544555664
z_residual_to_degree,0,test-417,3.5553480614894135,3.7107391357421875
z_residual_to_degree,0,test-418,2.8903717578961645,3.467823028564453
z_residual_to_degree,0,test-419,3.332204510175204,3.610694646835327
z_residual_to_degree,0,test-420,5.342334251964811,3.4340980052948
z_residual_to_degree,0,test-421,2.890371757896165,3.512275457382202
z_residual_to_degree,0,test-422,3.401197381662155,3.5349233150482178
z_residual_to_degree,0,test-423,3.091042453358316,3.4252676963806152
z_residual_to_degree,0,test-424,2.995732273553991,3.4674134254455566
z_residual_to_degree,0,test-425,3.401197381662155,3.5256478786468506
z_residual_to_degree,0,test-426,4.430816798843313,3.66489577293396
z_residual_to_degree,0,test-427,2.8903717578961645,3.270205497741699
z_residual_to_degree,0,test-428,2.0794415416798357,2.6108875274658203
z_residual_to_degree,0,test-429,1.9459101490553132,3.4184460639953613
z_residual_to_degree,0,test-430,2.995732273553991,3.386646032333374
z_residual_to_degree,0,test-431,2.197224577336219,3.9202065467834473
z_residual_to_degree,0,test-432,1.3862943611198906,3.4604458808898926
z_residual_to_degree,0,test-433,3.4011973816621555,3.779463291168213
z_residual_to_degree,0,test-434,3.3322045101752042,3.282618284225464
z_residual_to_degree,0,test-435,2.0794415416798357,3.248288631439209
z_residual_to_degree,0,test-436,2.484906649788,3.0553488731384277
z_residual_to_degree,0,test-437,3.6888794541139367,3.0970559120178223
z_residual_to_degree,0,test-438,2.7080502011022096,3.060328722000122
z_residual_to_degree,0,test-439,2.4849066497880004,3.2938005924224854
z_residual_to_degree,0,test-440,4.718498871295095,3.5253682136535645
z_residual_to_degree,0,test-441,5.634789603169249,3.815223455429077
z_residual_to_degree,0,test-442,4.68213122712422,3.773350477218628
z_residual_to_degree,0,test-443,1.791759469228055,3.612318277359009
z_residual_to_degree,0,test-444,3.9889840465642745,3.5877609252929688
z_residual_to_degree,0,test-445,6.327936783729195,3.418954849243164
z_residual_to_degree,0,test-446,3.0445224377234226,3.4777328968048096
z_residual_to_degree,0,test-447,2.7080502011022096,3.0698187351226807
z_residual_to_degree,0,test-448,1.0986122886681096,1.2442431449890137
z_residual_to_degree,0,test-449,2.995732273553991,3.351868152618408
z_residual_to_degree,0,test-450,2.772588722239781,3.312373161315918
z_residual_to_degree,0,test-451,2.995732273553991,3.372849702835083
z_residual_to_degree,0,test-452,1.791759469228055,4.153565406799316
z_residual_to_degree,0,test-453,2.484906649788,3.4961977005004883
z_residual_to_degree,0,test-454,7.50659178007084,3.7324886322021484
z_residual_to_degree,0,test-455,3.951243718581427,3.8206913471221924
z_residual_to_degree,0,test-456,3.5553480614894135,3.6780989170074463
z_residual_to_degree,0,test-457,2.7080502011022096,3.5883679389953613
z_residual_to_degree,0,test-458,3.258096538021482,3.225104808807373
z_residual_to_degree,0,test-459,5.634789603169249,3.4302010536193848
z_residual_to_degree,0,test-460,0.6931471805599453,2.587536096572876
z_residual_to_degree,0,test-461,2.772588722239781,3.537825584411621
z_residual_to_degree,0,test-462,3.4011973816621555,3.655595302581787
z_residual_to_degree,0,test-463,2.995732273553991,3.6311569213867188
z_residual_to_degree,0,test-464,3.0445224377234226,3.5897161960601807
z_residual_to_degree,0,test-465,2.1972245773362196,3.560795307159424
z_residual_to_degree,0,test-466,1.791759469228055,3.3159284591674805
z_residual_to_degree,0,test-467,3.1780538303479458,3.470142126083374
z_residual_to_degree,0,test-468,2.1972245773362196,3.2598233222961426
z_residual_to_degree,0,test-469,3.401197381662155,4.0187859535217285
z_residual_to_degree,0,test-470,6.327936783729195,3.8065974712371826
z_residual_to_degree,0,test-471,2.995732273553991,3.87622332572937
z_residual_to_degree,0,test-472,3.0445224377234226,3.1213934421539307
z_residual_to_degree,0,test-473,1.0986122886681096,4.105485439300537
z_residual_to_degree,0,test-474,3.401197381662155,3.4419734477996826
z_residual_to_degree,0,test-475,2.3025850929940455,1.7926521301269531
z_residual_to_degree,0,test-476,6.040254711277413,3.1474809646606445
z_residual_to_degree,0,test-477,4.90527477843843,3.562950372695923
z_residual_to_degree,0,test-478,2.197224577336219,3.1402885913848877
z_residual_to_degree,0,test-479,2.8903717578961645,2.2598838806152344
z_residual_to_degree,0,test-480,3.1780538303479453,3.378885269165039
z_residual_to_degree,0,test-481,2.995732273553991,3.7530527114868164
z_residual_to_degree,0,test-482,4.276666119016055,3.762418031692505
z_residual_to_degree,0,test-483,2.4849066497880004,4.140485763549805
z_residual_to_degree,0,test-484,3.295836866004329,3.7200865745544434
z_residual_to_degree,0,test-485,3.1780538303479453,3.4109015464782715
z_residual_to_degree,0,test-486,2.0794415416798357,3.3125646114349365
z_residual_to_degree,0,test-487,1.3862943611198906,3.0184884071350098
z_residual_to_degree,0,test-488,4.356708826689592,3.7347168922424316
z_residual_to_degree,0,test-489,2.0794415416798357,4.617861747741699
z_residual_to_degree,0,test-490,2.9957322735539913,3.7589168548583984
z_residual_to_degree,0,test-491,0.6931471805599453,3.491844415664673
z_residual_to_degree,0,test-492,2.0794415416798357,5.057430267333984
z_residual_to_degree,0,test-493,3.58351893845611,3.5131285190582275
z_residual_to_degree,0,test-494,0.0,2.9447994232177734
z_residual_to_degree,0,test-495,5.272999558563747,3.436194896697998
z_residual_to_degree,0,test-496,1.791759469228055,3.6630773544311523
z_residual_to_degree,0,test-497,3.7376696182833684,3.5617213249206543
z_residual_to_degree,0,test-498,2.4849066497880004,3.291930675506592
z_residual_to_degree,0,test-499,3.8712010109078907,3.032933235168457
z_residual_to_degree,0,test-500,6.040254711277413,3.675368309020996
z_residual_to_degree,0,test-501,3.3322045101752042,3.83353853225708
z_residual_to_degree,0,test-502,3.332204510175204,3.7974839210510254
z_residual_to_degree,0,test-503,4.700480365792417,3.6643497943878174
z_residual_to_degree,0,test-504,4.499809670330265,3.508493423461914
z_residual_to_degree,0,test-505,2.197224577336219,3.1096155643463135
z_residual_to_degree,0,test-506,3.688879454113936,3.3729257583618164
z_residual_to_degree,0,test-507,2.6390573296152584,3.871844530105591
z_residual_to_degree,0,test-508,4.276666119016055,3.9197568893432617
z_residual_to_degree,0,test-509,3.8712010109078907,3.64642071723938
z_residual_to_degree,0,test-510,4.442651256490317,3.1032164096832275
z_residual_to_degree,0,test-511,5.634789603169249,3.5641913414001465
z_degree_to_cn_residual,0,test-0,0.42053735013992466,0.10062852501869202
z_degree_to_cn_residual,0,test-1,-0.2623661567412917,0.1360408067703247
z_degree_to_cn_residual,0,test-2,-0.0036950091657206308,0.07530266046524048
z_degree_to_cn_residual,0,test-3,-0.8077701392043845,0.012045323848724365
z_degree_to_cn_residual,0,test-4,-0.10136482150163013,0.0751771628856659
z_degree_to_cn_residual,0,test-5,1.0283168230873239,0.3227784037590027
z_degree_to_cn_residual,0,test-6,-0.45435792080222814,0.05017518997192383
z_degree_to_cn_residual,0,test-7,1.0897527105280385,0.021211326122283936
z_degree_to_cn_residual,0,test-8,-0.18823503876493325,0.11946287751197815
z_degree_to_cn_residual,0,test-9,-0.11078149960964469,0.09129790961742401
z_degree_to_cn_residual,0,test-10,-0.41515451118692936,0.16824978590011597
z_degree_to_cn_residual,0,test-11,0.8212733044980796,0.14632052183151245
z_degree_to_cn_residual,0,test-12,0.6741561684105264,0.24162423610687256
z_degree_to_cn_residual,0,test-13,-0.0035606765680585707,-0.004045307636260986
z_degree_to_cn_residual,0,test-14,0.03635404698519895,-0.09279072284698486
z_degree_to_cn_residual,0,test-15,0.07882805751442076,0.11334139108657837
z_degree_to_cn_residual,0,test-16,0.6895865039918867,0.20965707302093506
z_degree_to_cn_residual,0,test-17,0.5147487410949563,0.16819363832473755
z_degree_to_cn_residual,0,test-18,0.007736477119163819,0.1324666142463684
z_degree_to_cn_residual,0,test-19,-0.0035606765680585707,-0.004045307636260986
z_degree_to_cn_residual,0,test-20,-0.11078149960964469,0.09129790961742401
z_degree_to_cn_residual,0,test-21,-0.007694165471705018,0.07440859079360962
z_degree_to_cn_residual,0,test-22,0.38339339457728866,0.35420477390289307
z_degree_to_cn_residual,0,test-23,-0.27733898417003,0.14632052183151245
z_degree_to_cn_residual,0,test-24,-0.0028787346636806365,-0.016400039196014404
z_degree_to_cn_residual,0,test-25,0.28834646581769413,0.1763409972190857
z_degree_to_cn_residual,0,test-26,-0.5636563510881639,0.01349109411239624
z_degree_to_cn_residual,0,test-27,0.6899690497383588,0.24078670144081116
z_degree_to_cn_residual,0,test-28,0.7888585026854529,0.35420477390289307
z_degree_to_cn_residual,0,test-29,0.5913922639498311,0.18848267197608948
z_degree_to_cn_residual,0,test-30,0.66451867806514,-0.0015770792961120605
z_degree_to_cn_residual,0,test-31,0.6637608916981007,0.12044543027877808
z_degree_to_cn_residual,0,test-32,0.19170770684298688,-0.08265805244445801
z_degree_to_cn_residual,0,test-33,-0.32480564797407757,0.25939837098121643
z_degree_to_cn_residual,0,test-34,0.6902763237576075,0.1076403260231018
z_degree_to_cn_residual,0,test-35,-0.20898013394359,0.16667431592941284
z_degree_to_cn_residual,0,test-36,-0.15915938445172756,0.3362991213798523
z_degree_to_cn_residual,0,test-37,-0.0018686256953188945,0.35929757356643677
z_degree_to_cn_residual,0,test-38,-0.0031781308215864876,0.24078670144081116
z_degree_to_cn_residual,0,test-39,-0.023864249406051155,0.09458106756210327
z_degree_to_cn_residual,0,test-40,-0.0035606765680585707,0.20965707302093506
z_degree_to_cn_residual,0,test-41,1.0631781652624883,-0.0007791519165039062
z_degree_to_cn_residual,0,test-42,0.2779926693730159,0.16824978590011597
z_degree_to_cn_residual,0,test-43,0.38576956172760457,0.19265443086624146
z_degree_to_cn_residual,0,test-44,-0.07578850766276808,0.14332598447799683
z_degree_to_cn_residual,0,test-45,1.1773142271763006,0.16667431592941284
z_degree_to_cn_residual,0,test-46,-0.0035606765680585707,-0.004045307636260986
z_degree_to_cn_residual,0,test-47,0.07689953639068714,0.11425602436065674
z_degree_to_cn_residual,0,test-48,-0.0018686256953188945,-0.0017132163047790527
z_degree_to_cn_residual,0,test-49,0.5913922639498311,0.18848267197608948
z_degree_to_cn_residual,0,test-50,0.38576956172760457,0.19265443086624146
z_degree_to_cn_residual,0,test-51,0.41502905640153087,0.08025875687599182
z_degree_to_cn_residual,0,test-52,0.4975938529983208,0.23463648557662964
z_degree_to_cn_residual,0,test-53,-0.5382569319004575,0.15169757604599
z_degree_to_cn_residual,0,test-54,-0.10175491661011418,0.18848267197608948
z_degree_to_cn_residual,0,test-55,-0.0034789790604594075,-0.01579141616821289
z_degree_to_cn_residual,0,test-56,-0.6186087075677585,-0.0742078423500061
z_degree_to_cn_residual,0,test-57,-0.09065704239956256,0.28530359268188477
z_degree_to_cn_residual,0,test-58,0.8763890937635881,0.2131776213645935
z_degree_to_cn_residual,0,test-59,-0.45229554029351454,0.027522385120391846
z_degree_to_cn_residual,0,test-60,0.6894917191807426,0.11056789755821228
z_degree_to_cn_residual,0,test-61,-0.28075635072516975,0.08131971955299377
z_degree_to_cn_residual,0,test-62,-0.0004881954264035043,-0.0008228421211242676
z_degree_to_cn_residual,0,test-63,0.0006363913580034505,-0.03529566526412964
z_degree_to_cn_residual,0,test-64,-0.0018686256953188945,0.35929757356643677
z_degree_to_cn_residual,0,test-65,-0.1467089512755031,0.11193177103996277
z_degree_to_cn_residual,0,test-66,0.9968573720579954,0.18848267197608948
z_degree_to_cn_residual,0,test-67,-0.009524164442536962,0.09821894764900208
z_degree_to_cn_residual,0,test-68,-0.009524164442536962,0.09821894764900208
z_degree_to_cn_residual,0,test-69,-0.5794788458136152,0.07567888498306274
z_degree_to_cn_residual,0,test-70,0.4161857875749146,0.2811198830604553
z_degree_to_cn_residual,0,test-71,0.4975938529983208,0.23463648557662964
z_degree_to_cn_residual,0,test-72,0.35562668704444245,-0.07349342107772827
z_degree_to_cn_residual,0,test-73,-0.0035606765680585707,0.20965707302093506
z_degree_to_cn_residual,0,test-74,-0.32311619585740226,-0.0007791519165039062
z_degree_to_cn_residual,0,test-75,-0.09065704239956256,0.28530359268188477
z_degree_to_cn_residual,0,test-76,0.9878307890584649,0.09129790961742401
z_degree_to_cn_residual,0,test-77,-0.0028787346636806365,-0.016400039196014404
z_degree_to_cn_residual,0,test-78,0.5823656809503006,0.09129790961742401
z_degree_to_cn_residual,0,test-79,-0.002813098481549962,0.11379307508468628
z_degree_to_cn_residual,0,test-80,-0.0035606765680585707,0.20965707302093506
z_degree_to_cn_residual,0,test-81,0.66451867806514,-0.0015770792961120605
z_degree_to_cn_residual,0,test-82,0.36236918256138484,0.14808052778244019
z_degree_to_cn_residual,0,test-83,1.076540575137234,0.35420477390289307
z_degree_to_cn_residual,0,test-84,-0.13001720227017255,0.09236961603164673
z_degree_to_cn_residual,0,test-85,-0.33726529577523584,0.08776375651359558
z_degree_to_cn_residual,0,test-86,-0.2623661567412917,0.1360408067703247
z_degree_to_cn_residual,0,test-87,0.41502905640153087,0.08025875687599182
z_degree_to_cn_residual,0,test-88,-0.09065704239956256,0.28530359268188477
z_degree_to_cn_residual,0,test-89,-0.0034789790604594075,-0.01579141616821289
z_degree_to_cn_residual,0,test-90,-0.2781181241584144,0.08025875687599182
z_degree_to_cn_residual,0,test-91,-0.07578850766276808,0.14332598447799683
z_degree_to_cn_residual,0,test-92,-0.0036554613792027465,0.11056789755821228
z_degree_to_cn_residual,0,test-93,0.5917823590583151,0.0751771628856659
z_degree_to_cn_residual,0,test-94,0.47092398565542376,0.2131776213645935
z_degree_to_cn_residual,0,test-95,-0.07578850766276808,0.14332598447799683
z_degree_to_cn_residual,0,test-96,0.5618087898319306,-0.017245352268218994
z_degree_to_cn_residual,0,test-97,-0.5218160654288044,-0.04970496892929077
z_degree_to_cn_residual,0,test-98,-0.13099351632842182,0.17724692821502686
z_degree_to_cn_residual,0,test-99,-0.0031781308215864876,0.24078670144081116
z_degree_to_cn_residual,0,test-100,-0.09065704239956256,0.28530359268188477
z_degree_to_cn_residual,0,test-101,-0.33077799799856045,0.14808052778244019
z_degree_to_cn_residual,0,test-102,0.6024901381603828,0.28530359268188477
z_degree_to_cn_residual,0,test-103,0.06439643568485909,-0.05620831251144409
z_degree_to_cn_residual,0,test-104,-0.15915938445172756,0.3362991213798523
z_degree_to_cn_residual,0,test-105,0.6345001729408056,0.14349621534347534
z_degree_to_cn_residual,0,test-106,-0.0028787346636806365,-0.016400039196014404
z_degree_to_cn_residual,0,test-107,0.6997674449098304,0.10624140501022339
z_degree_to_cn_residual,0,test-108,-0.0035606765680585707,-0.004045307636260986
z_degree_to_cn_residual,0,test-109,0.15489024865948775,0.15169757604599
z_degree_to_cn_residual,0,test-110,0.3683415325858677,0.25939837098121643
z_degree_to_cn_residual,0,test-111,-0.0036554613792027465,0.11056789755821228
z_degree_to_cn_residual,0,test-112,0.016437147451202155,0.0021165013313293457
z_degree_to_cn_residual,0,test-113,0.4667526697460198,0.11319547891616821
z_degree_to_cn_residual,0,test-114,-0.4340936106029696,-0.0015770792961120605
z_degree_to_cn_residual,0,test-115,-0.002813098481549962,0.11379307508468628
z_degree_to_cn_residual,0,test-116,0.6912785548646264,0.35929757356643677
z_degree_to_cn_residual,0,test-117,0.7326360849824656,-0.022656142711639404
z_degree_to_cn_residual,0,test-118,0.6895700720466398,0.15929633378982544
z_degree_to_cn_residual,0,test-119,-0.2769613929850307,0.2811198830604553
z_degree_to_cn_residual,0,test-120,0.7419506826667789,0.018658697605133057
z_degree_to_cn_residual,0,test-121,0.6173586728971772,0.14332598447799683
z_degree_to_cn_residual,0,test-122,0.4975938529983208,0.23463648557662964
z_degree_to_cn_residual,0,test-123,0.7678342906695491,0.14808052778244019
z_degree_to_cn_residual,0,test-124,0.6895865039918867,0.20965707302093506
z_degree_to_cn_residual,0,test-125,-0.0034789790604594075,-0.01579141616821289
z_degree_to_cn_residual,0,test-126,-0.05864700761913961,0.1434968113899231
z_degree_to_cn_residual,0,test-127,1.0228237810053415,0.1433272361755371
z_degree_to_cn_residual,0,test-128,-0.0035606765680585707,0.20965707302093506
z_degree_to_cn_residual,0,test-129,-0.18823503876493325,0.11946287751197815
z_degree_to_cn_residual,0,test-130,-0.0018858338027912184,-0.04466730356216431
z_degree_to_cn_residual,0,test-131,0.9030589611064851,0.23463648557662964
z_degree_to_cn_residual,0,test-132,-0.4340936106029696,-0.0015770792961120605
z_degree_to_cn_residual,0,test-133,-0.38887630573317594,0.09684771299362183
z_degree_to_cn_residual,0,test-134,-0.05864700761913961,0.14349621534347534
z_degree_to_cn_residual,0,test-135,0.5339877961082178,0.3362991213798523
z_degree_to_cn_residual,0,test-136,0.939452904216382,0.3362991213798523
z_degree_to_cn_residual,0,test-137,0.66451867806514,-0.0015770792961120605
z_degree_to_cn_residual,0,test-138,-0.0004881954264035043,-0.0008228421211242676
z_degree_to_cn_residual,0,test-139,-0.1955533275616245,0.23463648557662964
z_degree_to_cn_residual,0,test-140,-0.10175491661011418,0.18848267197608948
z_degree_to_cn_residual,0,test-141,-0.44289752605972865,0.06784588098526001
z_degree_to_cn_residual,0,test-142,-0.0035606765680585707,0.20965707302093506
z_degree_to_cn_residual,0,test-143,-0.2781181241584144,0.08025875687599182
z_degree_to_cn_residual,0,test-144,-0.09065704239956256,0.28530359268188477
z_degree_to_cn_residual,0,test-145,-0.0036554613792027465,0.11056789755821228
z_degree_to_cn_residual,0,test-146,-0.029386288861844613,0.12044543027877808
z_degree_to_cn_residual,0,test-147,0.38339339457728866,0.35420477390289307
z_degree_to_cn_residual,0,test-148,-0.2781181241584144,0.08025875687599182
z_degree_to_cn_residual,0,test-149,0.15489024865948775,0.15169757604599
z_degree_to_cn_residual,0,test-150,-0.2769613929850307,0.2811198830604553
z_degree_to_cn_residual,0,test-151,-0.20947272133996278,0.1365179419517517
z_degree_to_cn_residual,0,test-152,0.5702273837469602,-0.010709822177886963
z_degree_to_cn_residual,0,test-153,-0.002053521525395429,0.0994296669960022
z_degree_to_cn_residual,0,test-154,0.2460194339238882,0.3138686716556549
z_degree_to_cn_residual,0,test-155,0.6894917191807426,0.11056789755821228
z_degree_to_cn_residual,0,test-156,-0.0031781308215864876,0.24078670144081116
z_degree_to_cn_residual,0,test-157,1.2627715283766356,-0.03723031282424927
z_degree_to_cn_residual,0,test-158,-0.13130940597547108,0.18750208616256714
z_degree_to_cn_residual,0,test-159,-0.0018686256953188945,-0.0017132163047790527
z_degree_to_cn_residual,0,test-160,0.6024901381603828,0.28530359268188477
z_degree_to_cn_residual,0,test-161,0.014629997385950364,0.008687078952789307
z_degree_to_cn_residual,0,test-162,-0.002813098481549962,0.11379307508468628
z_degree_to_cn_residual,0,test-163,0.5913922639498311,0.18848267197608948
z_degree_to_cn_residual,0,test-164,-0.0035606765680585707,0.20965707302093506
z_degree_to_cn_residual,0,test-165,0.30427087482676934,0.09684771299362183
z_degree_to_cn_residual,0,test-166,-0.0028787346636806365,-0.016400039196014404
z_degree_to_cn_residual,0,test-167,-0.40480071474225116,0.1763409972190857
z_degree_to_cn_residual,0,test-168,-0.5370711129495983,0.34005892276763916
z_degree_to_cn_residual,0,test-169,0.28834646581769413,0.1763409972190857
z_degree_to_cn_residual,0,test-170,-0.0035606765680585707,0.20965707302093506
z_degree_to_cn_residual,0,test-171,-0.0036554613792027465,0.11056789755821228
z_degree_to_cn_residual,0,test-172,0.5538511883699282,0.2131747603416443
z_degree_to_cn_residual,0,test-173,-0.002813098481549962,0.11379307508468628
z_degree_to_cn_residual,0,test-174,-0.07578850766276808,0.14332598447799683
z_degree_to_cn_residual,0,test-175,1.1849817921765171,0.24162423610687256
z_degree_to_cn_residual,0,test-176,-0.10175491661011418,0.18848267197608948
z_degree_to_cn_residual,0,test-177,0.8492232481702923,0.34005892276763916
z_degree_to_cn_residual,0,test-178,-0.11231349157634923,0.12135201692581177
z_degree_to_cn_residual,0,test-179,0.007736477119163819,0.1324666142463684
z_degree_to_cn_residual,0,test-180,-0.002813098481549962,0.11379307508468628
z_degree_to_cn_residual,0,test-181,-0.0028708568023377394,0.1076403260231018
z_degree_to_cn_residual,0,test-182,-0.32480564797407757,0.25939837098121643
z_degree_to_cn_residual,0,test-183,-0.3097537859826566,0.35420477390289307
z_degree_to_cn_residual,0,test-184,-0.0018686256953188945,-0.0017132163047790527
z_degree_to_cn_residual,0,test-185,0.33672796414016415,-0.029474854469299316
z_degree_to_cn_residual,0,test-186,-0.2781181241584144,0.08025875687599182
z_degree_to_cn_residual,0,test-187,1.1089553769498606,0.14632052183151245
z_degree_to_cn_residual,0,test-188,-0.2781181241584144,0.08025875687599182
z_degree_to_cn_residual,0,test-189,-0.07578850766276808,0.14332598447799683
z_degree_to_cn_residual,0,test-190,-0.05864700761913961,0.14349621534347534
z_degree_to_cn_residual,0,test-191,0.6024901381603828,0.28530359268188477
z_degree_to_cn_residual,0,test-192,-0.0036554613792027465,0.11056789755821228
z_degree_to_cn_residual,0,test-193,-0.0035606765680585707,0.20965707302093506
z_degree_to_cn_residual,0,test-194,0.5823656809503006,0.09129790961742401
z_degree_to_cn_residual,0,test-195,-0.1955533275616245,0.23463648557662964
z_degree_to_cn_residual,0,test-196,-0.0028708568023377394,0.1076403260231018
z_degree_to_cn_residual,0,test-197,0.11366833474633009,0.07567888498306274
z_degree_to_cn_residual,0,test-198,-0.35638048877056727,0.11927348375320435
z_degree_to_cn_residual,0,test-199,-0.07578850766276808,0.14332598447799683
z_degree_to_cn_residual,0,test-200,-0.13583211349719748,0.1986372470855713
z_degree_to_cn_residual,0,test-201,-0.0028787346636806365,-0.016400039196014404
z_degree_to_cn_residual,0,test-202,-0.0028787346636806365,-0.016400039196014404
z_degree_to_cn_residual,0,test-203,-0.11078149960964469,0.09129790961742401
z_degree_to_cn_residual,0,test-204,-0.07578850766276808,0.14332598447799683
z_degree_to_cn_residual,0,test-205,0.6896682014994859,-0.01579141616821289
z_degree_to_cn_residual,0,test-206,-0.05864700761913961,0.14349621534347534
z_degree_to_cn_residual,0,test-207,-0.32480564797407757,0.25939837098121643
z_degree_to_cn_residual,0,test-208,0.25024965450021663,0.10883551836013794
z_degree_to_cn_residual,0,test-209,-0.33752049351550284,-0.07349342107772827
z_degree_to_cn_residual,0,test-210,0.44737721938821673,-0.0229341983795166
z_degree_to_cn_residual,0,test-211,0.12647768999901543,0.1169428825378418
z_degree_to_cn_residual,0,test-212,0.9878307890584649,0.09129790961742401
z_degree_to_cn_residual,0,test-213,-0.0021065781046860016,0.18105489015579224
z_degree_to_cn_residual,0,test-214,-0.0018686256953188945,0.35929757356643677
z_degree_to_cn_residual,0,test-215,0.7097359829349337,0.09684771299362183
z_degree_to_cn_residual,0,test-216,-0.0036554613792027465,0.11056789755821228
z_degree_to_cn_residual,0,test-217,-0.0035606765680585707,-0.004045307636260986
z_degree_to_cn_residual,0,test-218,0.6895865039918867,0.20965707302093506
z_degree_to_cn_residual,0,test-219,-0.11078149960964469,0.09129790961742401
z_degree_to_cn_residual,0,test-220,-0.33077799799856045,0.14808052778244019
z_degree_to_cn_residual,0,test-221,-0.1955533275616245,0.23463648557662964
z_degree_to_cn_residual,0,test-222,-0.0036554613792027465,0.11056789755821228
z_degree_to_cn_residual,0,test-223,-0.20947272133996278,0.13564789295196533
z_degree_to_cn_residual,0,test-224,-0.0018686256953188945,-0.0017132163047790527
z_degree_to_cn_residual,0,test-225,0.8204941645096951,0.08025875687599182
z_degree_to_cn_residual,0,test-226,-0.0036554613792027465,0.11056789755821228
z_degree_to_cn_residual,0,test-227,0.939452904216382,0.3362991213798523
z_degree_to_cn_residual,0,test-228,-0.0035606765680585707,0.20965707302093506
z_degree_to_cn_residual,0,test-229,-0.05864700761913961,0.14349621534347534
z_degree_to_cn_residual,0,test-230,0.5618087898319306,-0.017245352268218994
z_degree_to_cn_residual,0,test-231,-0.36200354022730785,0.1304994821548462
z_degree_to_cn_residual,0,test-232,0.6118003281156039,0.1538587212562561
z_degree_to_cn_residual,0,test-233,-0.002813098481549962,-0.07268840074539185
z_degree_to_cn_residual,0,test-234,-0.33077799799856045,0.14808052778244019
z_degree_to_cn_residual,0,test-235,0.5917823590583151,0.0751771628856659
z_degree_to_cn_residual,0,test-236,-0.10175491661011418,0.18848267197608948
z_degree_to_cn_residual,0,test-237,-0.10175491661011418,0.18848267197608948
z_degree_to_cn_residual,0,test-238,-0.11078149960964469,0.09129790961742401
z_degree_to_cn_residual,0,test-239,1.0575197935891483,-0.012927889823913574
z_degree_to_cn_residual,0,test-240,0.15489024865948775,0.15169757604599
z_degree_to_cn_residual,0,test-241,-0.0035606765680585707,-0.004045307636260986
z_degree_to_cn_residual,0,test-242,-0.009524164442536962,0.09821894764900208
z_degree_to_cn_residual,0,test-243,0.9968573720579954,0.18848267197608948
z_degree_to_cn_residual,0,test-244,0.6345001729408056,0.14349621534347534
z_degree_to_cn_residual,0,test-245,-0.11078149960964469,0.09129790961742401
z_degree_to_cn_residual,0,test-246,-0.4012440214494514,-0.02488309144973755
z_degree_to_cn_residual,0,test-247,0.6024901381603828,0.28530359268188477
z_degree_to_cn_residual,0,test-248,-0.6567931335747463,-0.09279072284698486
z_degree_to_cn_residual,0,test-249,-0.0035606765680585707,0.20965707302093506
z_degree_to_cn_residual,0,test-250,-0.45435792080222814,0.05017518997192383
z_degree_to_cn_residual,0,test-251,-0.32311619585740226,-0.0007791519165039062
z_degree_to_cn_residual,0,test-252,-0.002813098481549962,0.11379307508468628
z_degree_to_cn_residual,0,test-253,0.007736477119163819,0.1324666142463684
z_degree_to_cn_residual,0,test-254,-0.3097537859826566,0.35420557856559753
z_degree_to_cn_residual,0,test-255,-0.09065704239956256,0.2853034734725952
z_degree_to_cn_residual,0,test-256,-0.0034789790604594075,-0.01579141616821289
z_degree_to_cn_residual,0,test-257,-0.23061314275164188,0.08883929252624512
z_degree_to_cn_residual,0,test-258,-0.0018686256953188945,-0.0017132163047790527
z_degree_to_cn_residual,0,test-259,0.1907181118045317,0.018606722354888916
z_degree_to_cn_residual,0,test-260,0.8645646996554307,0.15884143114089966
z_degree_to_cn_residual,0,test-261,-0.005086360255747422,0.09891492128372192
z_degree_to_cn_residual,0,test-262,-0.0028787346636806365,-0.016400039196014404
z_degree_to_cn_residual,0,test-263,0.4158081963899153,0.14632052183151245
z_degree_to_cn_residual,0,test-264,0.9030589611064851,0.23463648557662964
z_degree_to_cn_residual,0,test-265,-0.1955533275616245,0.23463648557662964
z_degree_to_cn_residual,0,test-266,-0.30556432891279645,-0.0434303879737854
z_degree_to_cn_residual,0,test-267,-0.44289752605972865,0.06784588098526001
z_degree_to_cn_residual,0,test-268,0.6895865039918867,0.20965707302093506
z_degree_to_cn_residual,0,test-269,0.6894917191807426,0.11056789755821228
z_degree_to_cn_residual,0,test-270,-0.09065704239956256,0.28530359268188477
z_degree_to_cn_residual,0,test-271,0.5959739975662122,-0.267969012260437
z_degree_to_cn_residual,0,test-272,-0.0035606765680585707,0.20965707302093506
z_degree_to_cn_residual,0,test-273,0.9878307890584649,0.09129790961742401
z_degree_to_cn_residual,0,test-274,0.2314850461504528,0.11436420679092407
z_degree_to_cn_residual,0,test-275,0.4841670466163553,0.16667431592941284
z_degree_to_cn_residual,0,test-276,0.5339877961082178,0.3362991213798523
z_degree_to_cn_residual,0,test-277,-0.09065704239956256,0.28530359268188477
z_degree_to_cn_residual,0,test-278,0.0010912067988609801,0.02488487958908081
z_degree_to_cn_residual,0,test-279,-0.2781181241584144,0.08025875687599182
z_degree_to_cn_residual,0,test-280,0.4625340378083034,0.08465331792831421
z_degree_to_cn_residual,0,test-281,0.504912141795012,0.11946287751197815
z_degree_to_cn_residual,0,test-282,-0.0034789790604594075,-0.01579141616821289
z_degree_to_cn_residual,0,test-283,1.0228237810053415,0.14332598447799683
z_degree_to_cn_residual,0,test-284,-0.044024025327156165,0.0967373251914978
z_degree_to_cn_residual,0,test-285,-0.1955533275616245,0.23463648557662964
z_degree_to_cn_residual,0,test-286,-0.002813098481549962,0.03056424856185913
z_degree_to_cn_residual,0,test-287,-0.09065704239956256,0.28530359268188477
z_degree_to_cn_residual,0,test-288,1.35793738207373,-0.14134728908538818
z_degree_to_cn_residual,0,test-289,-0.11078149960964469,0.09129790961742401
z_degree_to_cn_residual,0,test-290,0.5618087898319306,0.04858049750328064
z_degree_to_cn_residual,0,test-291,0.21803315624854092,-0.04718273878097534
z_degree_to_cn_residual,0,test-292,0.5913922639498311,0.18848267197608948
z_degree_to_cn_residual,0,test-293,0.5499859594505343,-0.16979855298995972
z_degree_to_cn_residual,0,test-294,-0.9950422905965786,-0.00932854413986206
z_degree_to_cn_residual,0,test-295,0.2779926693730159,0.16824978590011597
z_degree_to_cn_residual,0,test-296,0.6345001729408056,0.14349621534347534
z_degree_to_cn_residual,0,test-297,0.6899690497383588,0.24078670144081116
z_degree_to_cn_residual,0,test-298,-0.00593228369389451,0.10722917318344116
z_degree_to_cn_residual,0,test-299,0.0010912067988609801,0.02488487958908081
z_degree_to_cn_residual,0,test-300,0.6912785548646264,0.35929757356643677
z_degree_to_cn_residual,0,test-301,-0.20898013394359,0.16667431592941284
z_degree_to_cn_residual,0,test-302,0.4975938529983208,0.23463648557662964
z_degree_to_cn_residual,0,test-303,-0.002813098481549962,0.03056424856185913
z_degree_to_cn_residual,0,test-304,0.6173586728971772,0.14332598447799683
z_degree_to_cn_residual,0,test-305,-0.0036554613792027465,0.11056789755821228
z_degree_to_cn_residual,0,test-306,-0.30860672153291563,0.13543486595153809
z_degree_to_cn_residual,0,test-307,0.41502905640153087,0.08025875687599182
z_degree_to_cn_residual,0,test-308,0.634961762773199,-0.1902042031288147
z_degree_to_cn_residual,0,test-309,-0.0036554613792027465,0.11056789755821228
z_degree_to_cn_residual,0,test-310,0.6894917191807426,0.11056789755821228
z_degree_to_cn_residual,0,test-311,-0.15915938445172756,0.3362991213798523
z_degree_to_cn_residual,0,test-312,0.5464382292844422,0.11193177103996277
z_degree_to_cn_residual,0,test-313,-0.05864700761913961,0.14349621534347534
z_degree_to_cn_residual,0,test-314,0.9157863172080091,0.06417864561080933
z_degree_to_cn_residual,0,test-315,0.0006363913580034505,-0.04573589563369751
z_degree_to_cn_residual,0,test-316,0.45426861021499787,0.018658697605133057
z_degree_to_cn_residual,0,test-317,0.07689953639068714,0.11425602436065674
z_degree_to_cn_residual,0,test-318,0.0026230950542789266,-0.052223265171051025
z_degree_to_cn_residual,0,test-319,0.5913922639498311,0.18848267197608948
z_degree_to_cn_residual,0,test-320,0.6749848634745165,-0.03723031282424927
z_degree_to_cn_residual,0,test-321,-0.2781181241584144,0.08025875687599182
z_degree_to_cn_residual,0,test-322,-0.07862923785894682,0.002244412899017334
z_degree_to_cn_residual,0,test-323,0.45426861021499787,0.018658697605133057
z_degree_to_cn_residual,0,test-324,1.0888176139850687,-0.05545729398727417
z_degree_to_cn_residual,0,test-325,-0.15915938445172756,0.3362991213798523
z_degree_to_cn_residual,0,test-326,-0.11078149960964469,0.09129790961742401
z_degree_to_cn_residual,0,test-327,0.4975938529983208,0.23463648557662964
z_degree_to_cn_residual,0,test-328,-0.0035606765680585707,-0.004045307636260986
z_degree_to_cn_residual,0,test-329,-0.07578850766276808,0.14332598447799683
z_degree_to_cn_residual,0,test-330,0.5339877961082178,0.3362991213798523
z_degree_to_cn_residual,0,test-331,-0.007694165471705018,0.08998256921768188
z_degree_to_cn_residual,0,test-332,-0.13133839072801465,-0.017245352268218994
z_degree_to_cn_residual,0,test-333,-0.4340936106029696,-0.0015770792961120605
z_degree_to_cn_residual,0,test-334,-0.002813098481549962,0.03056424856185913
z_degree_to_cn_residual,0,test-335,0.9814936463776394,0.1763409972190857
z_degree_to_cn_residual,0,test-336,-0.33812649705939035,0.054010987281799316
z_degree_to_cn_residual,0,test-337,-0.0018858338027912184,-0.024468958377838135
z_degree_to_cn_residual,0,test-338,0.016437147451202155,0.0021165013313293457
z_degree_to_cn_residual,0,test-339,-0.009524164442536962,0.09821894764900208
z_degree_to_cn_residual,0,test-340,1.1605692126756,-0.04396209120750427
z_degree_to_cn_residual,0,test-341,-0.09065704239956256,0.28530359268188477
z_degree_to_cn_residual,0,test-342,0.5823656809503006,0.09129790961742401
z_degree_to_cn_residual,0,test-343,0.6173586728971772,0.14332598447799683
z_degree_to_cn_residual,0,test-344,0.5339877961082178,0.3362991213798523
z_degree_to_cn_residual,0,test-345,0.9369652036159007,0.1294974684715271
z_degree_to_cn_residual,0,test-346,0.48367445921998253,0.1365179419517517
z_degree_to_cn_residual,0,test-347,-0.07578850766276808,0.14332598447799683
z_degree_to_cn_residual,0,test-348,-0.3042585632391721,0.031707763671875
z_degree_to_cn_residual,0,test-349,-0.0018686256953188945,0.35929757356643677
z_degree_to_cn_residual,0,test-350,0.5917823590583151,0.0751771628856659
z_degree_to_cn_residual,0,test-351,0.6173586728971772,0.14332598447799683
z_degree_to_cn_residual,0,test-352,0.6173586728971772,0.14332598447799683
z_degree_to_cn_residual,0,test-353,0.6173586728971772,0.14332598447799683
z_degree_to_cn_residual,0,test-354,-0.27733898417003,0.14632052183151245
z_degree_to_cn_residual,0,test-355,0.016437147451202155,0.0021165013313293457
z_degree_to_cn_residual,0,test-356,-0.20898013394359,0.16667431592941284
z_degree_to_cn_residual,0,test-357,-0.0018686256953188945,0.35929757356643677
z_degree_to_cn_residual,0,test-358,0.6637608916981007,0.12044543027877808
z_degree_to_cn_residual,0,test-359,-0.16885127416876008,0.14204543828964233
z_degree_to_cn_residual,0,test-360,-0.830148528167549,0.10477340221405029
z_degree_to_cn_residual,0,test-361,-0.0035606765680585707,-0.004045307636260986
z_degree_to_cn_residual,0,test-362,-0.0035606765680585707,0.20965707302093506
z_degree_to_cn_residual,0,test-363,-0.0035606765680585707,0.20965707302093506
z_degree_to_cn_residual,0,test-364,-0.008859578140071211,0.021211326122283936
z_degree_to_cn_residual,0,test-365,-0.13133839072801465,0.04858049750328064
z_degree_to_cn_residual,0,test-366,0.45426861021499787,0.018658697605133057
z_degree_to_cn_residual,0,test-367,-0.33375183485569004,0.07629048824310303
z_degree_to_cn_residual,0,test-368,0.2314850461504528,0.11436420679092407
z_degree_to_cn_residual,0,test-369,-0.05864700761913961,0.14349621534347534
z_degree_to_cn_residual,0,test-370,-0.1955533275616245,0.23463648557662964
z_degree_to_cn_residual,0,test-371,-0.002813098481549962,0.11379307508468628
z_degree_to_cn_residual,0,test-372,-0.5382569319004575,0.15169757604599
z_degree_to_cn_residual,0,test-373,1.0242908208925827,0.1304994821548462
z_degree_to_cn_residual,0,test-374,-0.0018686256953188945,-0.0017132163047790527
z_degree_to_cn_residual,0,test-375,0.6896682014994859,-0.01579141616821289
z_degree_to_cn_residual,0,test-376,-0.002813098481549962,0.03056424856185913
z_degree_to_cn_residual,0,test-377,0.6173586728971772,0.14332598447799683
z_degree_to_cn_residual,0,test-378,-0.3097537859826566,0.35420477390289307
z_degree_to_cn_residual,0,test-379,0.5339877961082178,0.3362991213798523
z_degree_to_cn_residual,0,test-380,0.6024901381603828,0.28530359268188477
z_degree_to_cn_residual,0,test-381,0.03635404698519895,-0.09279072284698486
z_degree_to_cn_residual,0,test-382,-0.009524164442536962,0.0982203483581543
z_degree_to_cn_residual,0,test-383,-0.009524164442536962,0.0982203483581543
z_degree_to_cn_residual,0,test-384,0.5913922639498311,0.18848267197608948
z_degree_to_cn_residual,0,test-385,0.6345001729408056,0.14349621534347534
z_degree_to_cn_residual,0,test-386,0.6899690497383588,0.24078670144081116
z_degree_to_cn_residual,0,test-387,-0.0035606765680585707,0.20965707302093506
z_degree_to_cn_residual,0,test-388,-0.0031781308215864876,0.24078670144081116
z_degree_to_cn_residual,0,test-389,-0.0035606765680585707,-0.004045307636260986
z_degree_to_cn_residual,0,test-390,-0.032324694674933076,0.16240793466567993
z_degree_to_cn_residual,0,test-391,-0.0035606765680585707,0.20965707302093506
z_degree_to_cn_residual,0,test-392,-0.0035606765680585707,0.20965707302093506
z_degree_to_cn_residual,0,test-393,0.6894917191807426,0.11056789755821228
z_degree_to_cn_residual,0,test-394,0.4975938529983208,0.23463648557662964
z_degree_to_cn_residual,0,test-395,-0.0036554613792027465,0.11056789755821228
z_degree_to_cn_residual,0,test-396,0.5823656809503006,0.09129790961742401
z_degree_to_cn_residual,0,test-397,0.4975938529983208,0.23463648557662964
z_degree_to_cn_residual,0,test-398,-0.0018686256953188945,-0.0017132163047790527
z_degree_to_cn_residual,0,test-399,-0.002813098481549962,0.11379307508468628
z_degree_to_cn_residual,0,test-400,-0.0031781308215864876,0.24078670144081116
z_degree_to_cn_residual,0,test-401,0.5702273837469602,-0.010709822177886963
z_degree_to_cn_residual,0,test-402,-0.0035606765680585707,0.20965707302093506
z_degree_to_cn_residual,0,test-403,-0.002053521525395429,0.0994296669960022
z_degree_to_cn_residual,0,test-404,-0.009524164442536962,0.09821894764900208
z_degree_to_cn_residual,0,test-405,-0.1955533275616245,0.23463648557662964
z_degree_to_cn_residual,0,test-406,0.6894917191807426,0.11056789755821228
z_degree_to_cn_residual,0,test-407,-0.13929599219001707,0.2131747603416443
z_degree_to_cn_residual,0,test-408,0.6894917191807426,0.11056789755821228
z_degree_to_cn_residual,0,test-409,0.5917823590583151,0.0751771628856659
z_degree_to_cn_residual,0,test-410,-0.04190258786028581,0.10470086336135864
z_degree_to_cn_residual,0,test-411,0.11366833474633009,0.07567888498306274
z_degree_to_cn_residual,0,test-412,-0.002813098481549962,-0.07268840074539185
z_degree_to_cn_residual,0,test-413,-0.27733898417003,0.14632052183151245
z_degree_to_cn_residual,0,test-414,0.6912785548646264,0.35929757356643677
z_degree_to_cn_residual,0,test-415,0.016437147451202155,0.0021165013313293457
z_degree_to_cn_residual,0,test-416,0.6608224858850122,0.16240793466567993
z_degree_to_cn_residual,0,test-417,-0.40480071474225116,0.1763409972190857
z_degree_to_cn_residual,0,test-418,0.9968573720579954,0.18848267197608948
z_degree_to_cn_residual,0,test-419,0.41502905640153087,0.08025875687599182
z_degree_to_cn_residual,0,test-420,0.11452475044660182,-0.11937057971954346
z_degree_to_cn_residual,0,test-421,0.6885396674914255,0.08181154727935791
z_degree_to_cn_residual,0,test-422,0.4158081963899153,0.14632052183151245
z_degree_to_cn_residual,0,test-423,-0.007694165471705018,0.08998256921768188
z_degree_to_cn_residual,0,test-424,-0.1955533275616245,0.23463648557662964
z_degree_to_cn_residual,0,test-425,0.4158081963899153,0.14632052183151245
z_degree_to_cn_residual,0,test-426,-0.36200354022730785,0.1304994821548462
z_degree_to_cn_residual,0,test-427,0.5913922639498311,0.18848267197608948
z_degree_to_cn_residual,0,test-428,-0.0036554613792027465,0.11056789755821228
z_degree_to_cn_residual,0,test-429,0.0026230950542789266,-0.052223265171051025
z_degree_to_cn_residual,0,test-430,1.190741033558266,0.23463648557662964
z_degree_to_cn_residual,0,test-431,-0.05864700761913961,0.14349621534347534
z_degree_to_cn_residual,0,test-432,0.6912785548646264,0.35929757356643677
z_degree_to_cn_residual,0,test-433,-0.13133839072801465,-0.017245352268218994
z_degree_to_cn_residual,0,test-434,-0.010206311973696352,0.09304231405258179
z_degree_to_cn_residual,0,test-435,-0.0036554613792027465,0.11056789755821228
z_degree_to_cn_residual,0,test-436,-0.07578850766276808,0.14332598447799683
z_degree_to_cn_residual,0,test-437,0.2779926693730159,0.16824978590011597
z_degree_to_cn_residual,0,test-438,0.6024901381603828,0.28530359268188477
z_degree_to_cn_residual,0,test-439,0.6836230161174083,0.09821894764900208
z_degree_to_cn_residual,0,test-440,0.007736477119163819,0.1324666142463684
z_degree_to_cn_residual,0,test-441,0.6667289091472093,0.01554030179977417
z_degree_to_cn_residual,0,test-442,-0.13330988833640284,0.19686377048492432
z_degree_to_cn_residual,0,test-443,-0.0035606765680585707,0.20965707302093506
z_degree_to_cn_residual,0,test-444,0.9339988208263761,0.027522385120391846
z_degree_to_cn_residual,0,test-445,0.15489024865948775,0.15169757604599
z_degree_to_cn_residual,0,test-446,0.9878307890584649,0.09129790961742401
z_degree_to_cn_residual,0,test-447,1.007955246268547,0.28530359268188477
z_degree_to_cn_residual,0,test-448,-0.0028787346636806365,-0.016400039196014404
z_degree_to_cn_residual,0,test-449,1.190741033558266,0.23463648557662964
z_degree_to_cn_residual,0,test-450,0.939452904216382,0.3362991213798523
z_degree_to_cn_residual,0,test-451,0.9030589611064851,0.23463648557662964
z_degree_to_cn_residual,0,test-452,-0.002813098481549962,-0.07268840074539185
z_degree_to_cn_residual,0,test-453,0.6173586728971772,0.14332598447799683
z_degree_to_cn_residual,0,test-454,-0.5218160654288044,-0.04970496892929077
z_degree_to_cn_residual,0,test-455,-0.32311619585740226,-0.0007791519165039062
z_degree_to_cn_residual,0,test-456,0.6938115739258583,0.1763409972190857
z_degree_to_cn_residual,0,test-457,-0.09065704239956256,0.28530359268188477
z_degree_to_cn_residual,0,test-458,0.690374323407516,0.08367586135864258
z_degree_to_cn_residual,0,test-459,-0.026418271412736054,0.01554030179977417
z_degree_to_cn_residual,0,test-460,-0.0035606765680585707,-0.004045307636260986
z_degree_to_cn_residual,0,test-461,-0.15915938445172756,0.3362991213798523
z_degree_to_cn_residual,0,test-462,0.5618087898319306,-0.017245352268218994
z_degree_to_cn_residual,0,test-463,0.9030589611064851,0.23463648557662964
z_degree_to_cn_residual,0,test-464,0.5823656809503006,0.09129790961742401
z_degree_to_cn_residual,0,test-465,-0.0004881954264035043,-0.0008228421211242676
z_degree_to_cn_residual,0,test-466,0.6895865039918867,0.20965707302093506
z_degree_to_cn_residual,0,test-467,0.6854530150882403,0.07440859079360962
z_degree_to_cn_residual,0,test-468,-0.0004881954264035043,-0.0008228421211242676
z_degree_to_cn_residual,0,test-469,0.4158081963899153,0.14632052183151245
z_degree_to_cn_residual,0,test-470,0.560355356767652,0.15169757604599
z_degree_to_cn_residual,0,test-471,-0.1955533275616245,0.23463648557662964
z_degree_to_cn_residual,0,test-472,-0.11078149960964469,0.09129790961742401
z_degree_to_cn_residual,0,test-473,-0.0028787346636806365,-0.016400039196014404
z_degree_to_cn_residual,0,test-474,0.4158081963899153,0.14632052183151245
z_degree_to_cn_residual,0,test-475,-0.0031781308215864876,0.24078670144081116
z_degree_to_cn_residual,0,test-476,0.38576956172760457,0.19265443086624146
z_degree_to_cn_residual,0,test-477,0.11366833474633009,0.07567888498306274
z_degree_to_cn_residual,0,test-478,0.6345001729408056,0.14349621534347534
z_degree_to_cn_residual,0,test-479,-0.10175491661011418,0.18848267197608948
z_degree_to_cn_residual,0,test-480,0.5917823590583151,0.0751771628856659
z_degree_to_cn_residual,0,test-481,0.4975938529983208,0.23463648557662964
z_degree_to_cn_residual,0,test-482,0.7015560682294257,0.07248687744140625
z_degree_to_cn_residual,0,test-483,-0.009524164442536962,0.09821894764900208
z_degree_to_cn_residual,0,test-484,0.5702273837469602,-0.010709822177886963
z_degree_to_cn_residual,0,test-485,0.4841670466163553,0.16667431592941284
z_degree_to_cn_residual,0,test-486,-0.0036554613792027465,0.11056789755821228
z_degree_to_cn_residual,0,test-487,-0.002813098481549962,0.11379307508468628
z_degree_to_cn_residual,0,test-488,-0.21986076979624922,0.1628047227859497
z_degree_to_cn_residual,0,test-489,-0.0036554613792027465,0.11056789755821228
z_degree_to_cn_residual,0,test-490,-0.005086360255747422,0.09891492128372192
z_degree_to_cn_residual,0,test-491,-0.0035606765680585707,-0.004045307636260986
z_degree_to_cn_residual,0,test-492,-0.0036554613792027465,0.11056789755821228
z_degree_to_cn_residual,0,test-493,0.7678342906695491,0.14808052778244019
z_degree_to_cn_residual,0,test-494,-0.0018686256953188945,-0.0017132163047790527
z_degree_to_cn_residual,0,test-495,-0.33375183485569004,0.07629048824310303
z_degree_to_cn_residual,0,test-496,-0.0035606765680585707,0.20965707302093506
z_degree_to_cn_residual,0,test-497,0.6872148968660508,0.10722917318344116
z_degree_to_cn_residual,0,test-498,-0.009524164442536962,0.09821894764900208
z_degree_to_cn_residual,0,test-499,-0.5217296614644599,0.15884143114089966
z_degree_to_cn_residual,0,test-500,-0.3073776188323407,0.19265443086624146
z_degree_to_cn_residual,0,test-501,0.6829408685862489,0.09304231405258179
z_degree_to_cn_residual,0,test-502,0.41502905640153087,0.08025875687599182
z_degree_to_cn_residual,0,test-503,-0.08022471546986565,0.02444082498550415
z_degree_to_cn_residual,0,test-504,-0.47511402431140437,-0.04718273878097534
z_degree_to_cn_residual,0,test-505,0.6345001729408056,0.14349621534347534
z_degree_to_cn_residual,0,test-506,-0.4340936106029696,-0.0015770792961120605
z_degree_to_cn_residual,0,test-507,-0.0034789790604594075,-0.01579141616821289
z_degree_to_cn_residual,0,test-508,-0.5810323630174453,0.06243628263473511
z_degree_to_cn_residual,0,test-509,0.35502068350055493,0.054010987281799316
z_degree_to_cn_residual,0,test-510,0.9297740279230993,-0.010260820388793945
z_degree_to_cn_residual,0,test-511,-0.026418271412736054,0.015538990497589111
z_degree_to_degree,0,test-0,4.6443908991413725,4.903295516967773
z_degree_to_degree,0,test-1,3.988984046564274,4.296135902404785
z_degree_to_degree,0,test-2,4.584967478670572,4.823763847351074
z_degree_to_degree,0,test-3,4.962844630259907,5.190639495849609
z_degree_to_degree,0,test-4,3.1780538303479453,3.627488374710083
z_degree_to_degree,0,test-5,4.77912349311153,5.0175933837890625
z_degree_to_degree,0,test-6,3.8066624897703196,3.977365732192993
z_degree_to_degree,0,test-7,5.966146739123692,6.141161918640137
z_degree_to_degree,0,test-8,3.6635616461296463,4.013395309448242
z_degree_to_degree,0,test-9,3.0445224377234226,3.3956122398376465
z_degree_to_degree,0,test-10,3.6888794541139367,3.9869089126586914
z_degree_to_degree,0,test-11,3.401197381662155,3.6246588230133057
z_degree_to_degree,0,test-12,3.9120230054281464,4.073988914489746
z_degree_to_degree,0,test-13,0.6931471805599453,1.5555965900421143
z_degree_to_degree,0,test-14,4.74493212836325,5.1313886642456055
z_degree_to_degree,0,test-15,4.0943445622221,4.661949157714844
z_degree_to_degree,0,test-16,1.791759469228055,2.266957998275757
z_degree_to_degree,0,test-17,4.394449154672438,4.684073448181152
z_degree_to_degree,0,test-18,4.718498871295095,4.886224746704102
z_degree_to_degree,0,test-19,0.6931471805599453,1.5555965900421143
z_degree_to_degree,0,test-20,3.0445224377234226,3.3956122398376465
z_degree_to_degree,0,test-21,3.1780538303479458,3.7879364490509033
z_degree_to_degree,0,test-22,3.465735902799726,3.683576822280884
z_degree_to_degree,0,test-23,3.401197381662155,3.6246588230133057
z_degree_to_degree,0,test-24,1.0986122886681096,1.807770013809204
z_degree_to_degree,0,test-25,3.5553480614894135,3.774495840072632
z_degree_to_degree,0,test-26,4.189654742026425,4.327538967132568
z_degree_to_degree,0,test-27,2.3025850929940455,2.7414140701293945
z_degree_to_degree,0,test-28,3.465735902799726,3.683576822280884
z_degree_to_degree,0,test-29,2.8903717578961645,3.2956387996673584
z_degree_to_degree,0,test-30,3.688879454113936,3.908038854598999
z_degree_to_degree,0,test-31,4.882801922586371,5.0183515548706055
z_degree_to_degree,0,test-32,4.553876891600541,4.8873748779296875
z_degree_to_degree,0,test-33,3.58351893845611,3.8497262001037598
z_degree_to_degree,0,test-34,3.58351893845611,4.123296737670898
z_degree_to_degree,0,test-35,3.1780538303479453,3.479186773300171
z_degree_to_degree,0,test-36,2.772588722239781,3.2572529315948486
z_degree_to_degree,0,test-37,1.3862943611198906,2.0452520847320557
z_degree_to_degree,0,test-38,2.3025850929940455,2.7414140701293945
z_degree_to_degree,0,test-39,3.9889840465642745,4.600863456726074
z_degree_to_degree,0,test-40,1.791759469228055,2.266957998275757
z_degree_to_degree,0,test-41,3.951243718581427,4.233243465423584
z_degree_to_degree,0,test-42,3.6888794541139367,3.9869089126586914
z_degree_to_degree,0,test-43,6.040254711277413,6.306427955627441
z_degree_to_degree,0,test-44,2.484906649788,2.898613214492798
z_degree_to_degree,0,test-45,3.1780538303479453,3.479186773300171
z_degree_to_degree,0,test-46,0.6931471805599453,1.5555965900421143
z_degree_to_degree,0,test-47,4.941642422609304,5.192568778991699
z_degree_to_degree,0,test-48,0.0,1.2226955890655518
z_degree_to_degree,0,test-49,2.8903717578961645,3.2956387996673584
z_degree_to_degree,0,test-50,6.040254711277413,6.306427955627441
z_degree_to_degree,0,test-51,3.332204510175204,3.6422441005706787
z_degree_to_degree,0,test-52,2.995732273553991,3.375324010848999
z_degree_to_degree,0,test-53,6.327936783729195,6.460475921630859
z_degree_to_degree,0,test-54,2.8903717578961645,3.2956387996673584
z_degree_to_degree,0,test-55,2.6390573296152584,3.025068521499634
z_degree_to_degree,0,test-56,4.927253685157204,5.188736915588379
z_degree_to_degree,0,test-57,2.7080502011022096,3.0477449893951416
z_degree_to_degree,0,test-58,5.272999558563747,5.740384101867676
z_degree_to_degree,0,test-59,3.9889840465642745,4.127677917480469
z_degree_to_degree,0,test-60,2.0794415416798357,2.6113648414611816
z_degree_to_degree,0,test-61,4.7535901911063645,5.05330753326416
z_degree_to_degree,0,test-62,2.1972245773362196,3.019232988357544
z_degree_to_degree,0,test-63,2.3978952727983707,3.1335957050323486
z_degree_to_degree,0,test-64,1.3862943611198906,2.0452520847320557
z_degree_to_degree,0,test-65,3.58351893845611,3.9724903106689453
z_degree_to_degree,0,test-66,2.8903717578961645,3.2956387996673584
z_degree_to_degree,0,test-67,2.4849066497880004,3.000105142593384
z_degree_to_degree,0,test-68,2.4849066497880004,3.000105142593384
z_degree_to_degree,0,test-69,4.90527477843843,5.176704406738281
z_degree_to_degree,0,test-70,3.2188758248682006,3.6347391605377197
z_degree_to_degree,0,test-71,2.995732273553991,3.375324010848999
z_degree_to_degree,0,test-72,4.0943445622221,4.498194694519043
z_degree_to_degree,0,test-73,1.791759469228055,2.266957998275757
z_degree_to_degree,0,test-74,3.951243718581427,4.233243465423584
z_degree_to_degree,0,test-75,2.7080502011022096,3.0477449893951416
z_degree_to_degree,0,test-76,3.0445224377234226,3.3956122398376465
z_degree_to_degree,0,test-77,1.0986122886681096,1.807770013809204
z_degree_to_degree,0,test-78,3.0445224377234226,3.3956122398376465
z_degree_to_degree,0,test-79,1.3862943611198906,2.2432377338409424
z_degree_to_degree,0,test-80,1.791759469228055,2.266957998275757
z_degree_to_degree,0,test-81,3.688879454113936,3.908038854598999
z_degree_to_degree,0,test-82,3.58351893845611,3.9890263080596924
z_degree_to_degree,0,test-83,3.465735902799726,3.683576822280884
z_degree_to_degree,0,test-84,4.025351690735149,4.633077621459961
z_degree_to_degree,0,test-85,4.718498871295094,5.002789497375488
z_degree_to_degree,0,test-86,3.988984046564274,4.296135902404785
z_degree_to_degree,0,test-87,3.332204510175204,3.6422441005706787
z_degree_to_degree,0,test-88,2.7080502011022096,3.0477449893951416
z_degree_to_degree,0,test-89,2.6390573296152584,3.025068521499634
z_degree_to_degree,0,test-90,3.332204510175204,3.6422441005706787
z_degree_to_degree,0,test-91,2.484906649788,2.898613214492798
z_degree_to_degree,0,test-92,2.0794415416798357,2.6113648414611816
z_degree_to_degree,0,test-93,3.1780538303479453,3.627488374710083
z_degree_to_degree,0,test-94,5.272999558563747,5.740384101867676
z_degree_to_degree,0,test-95,2.484906649788,2.898613214492798
z_degree_to_degree,0,test-96,3.4011973816621555,3.8765945434570312
z_degree_to_degree,0,test-97,7.50659178007084,7.221585273742676
z_degree_to_degree,0,test-98,4.465908118654584,4.73726749420166
z_degree_to_degree,0,test-99,2.3025850929940455,2.7414140701293945
z_degree_to_degree,0,test-100,2.7080502011022096,3.0477449893951416
z_degree_to_degree,0,test-101,3.58351893845611,3.9890263080596924
z_degree_to_degree,0,test-102,2.7080502011022096,3.0477449893951416
z_degree_to_degree,0,test-103,4.02535169073515,4.782959938049316
z_degree_to_degree,0,test-104,2.772588722239781,3.2572529315948486
z_degree_to_degree,0,test-105,2.197224577336219,2.6646950244903564
z_degree_to_degree,0,test-106,1.0986122886681096,1.807770013809204
z_degree_to_degree,0,test-107,3.5263605246161616,4.054347038269043
z_degree_to_degree,0,test-108,0.6931471805599453,1.5555965900421143
z_degree_to_degree,0,test-109,6.327936783729195,6.460475921630859
z_degree_to_degree,0,test-110,3.58351893845611,3.8497262001037598
z_degree_to_degree,0,test-111,2.0794415416798357,2.6113648414611816
z_degree_to_degree,0,test-112,2.8903717578961645,3.670974016189575
z_degree_to_degree,0,test-113,5.0106352940962555,5.235116004943848
z_degree_to_degree,0,test-114,3.688879454113936,3.908038854598999
z_degree_to_degree,0,test-115,1.3862943611198906,2.2432377338409424
z_degree_to_degree,0,test-116,1.3862943611198906,2.0452520847320557
z_degree_to_degree,0,test-117,7.3395376954076745,7.081228256225586
z_degree_to_degree,0,test-118,4.304065093204169,4.792777061462402
z_degree_to_degree,0,test-119,3.2188758248682006,3.6347391605377197
z_degree_to_degree,0,test-120,6.733401891837358,6.735210418701172
z_degree_to_degree,0,test-121,2.484906649788,2.898613214492798
z_degree_to_degree,0,test-122,2.995732273553991,3.375324010848999
z_degree_to_degree,0,test-123,3.58351893845611,3.9890263080596924
z_degree_to_degree,0,test-124,1.791759469228055,2.266957998275757
z_degree_to_degree,0,test-125,2.6390573296152584,3.025068521499634
z_degree_to_degree,0,test-126,2.197224577336219,2.6646931171417236
z_degree_to_degree,0,test-127,2.484906649788,2.898611307144165
z_degree_to_degree,0,test-128,1.791759469228055,2.266957998275757
z_degree_to_degree,0,test-129,3.6635616461296463,4.013395309448242
z_degree_to_degree,0,test-130,2.5649493574615367,3.39342999458313
z_degree_to_degree,0,test-131,2.995732273553991,3.375324010848999
z_degree_to_degree,0,test-132,3.688879454113936,3.908038854598999
z_degree_to_degree,0,test-133,5.560681631015528,5.72176456451416
z_degree_to_degree,0,test-134,2.197224577336219,2.6646950244903564
z_degree_to_degree,0,test-135,2.772588722239781,3.2572529315948486
z_degree_to_degree,0,test-136,2.772588722239781,3.2572529315948486
z_degree_to_degree,0,test-137,3.688879454113936,3.908038854598999
z_degree_to_degree,0,test-138,2.1972245773362196,3.019232988357544
z_degree_to_degree,0,test-139,2.995732273553991,3.375324010848999
z_degree_to_degree,0,test-140,2.8903717578961645,3.2956387996673584
z_degree_to_degree,0,test-141,4.31748811353631,4.513424396514893
z_degree_to_degree,0,test-142,1.791759469228055,2.266957998275757
z_degree_to_degree,0,test-143,3.332204510175204,3.6422441005706787
z_degree_to_degree,0,test-144,2.7080502011022096,3.0477449893951416
z_degree_to_degree,0,test-145,2.0794415416798357,2.6113648414611816
z_degree_to_degree,0,test-146,4.882801922586371,5.0183515548706055
z_degree_to_degree,0,test-147,3.465735902799726,3.683576822280884
z_degree_to_degree,0,test-148,3.332204510175204,3.6422441005706787
z_degree_to_degree,0,test-149,6.327936783729195,6.460475921630859
z_degree_to_degree,0,test-150,3.2188758248682006,3.6347391605377197
z_degree_to_degree,0,test-151,3.9318256327243257,4.2213335037231445
z_degree_to_degree,0,test-152,3.295836866004329,3.751128673553467
z_degree_to_degree,0,test-153,3.4011973816621555,3.92580246925354
z_degree_to_degree,0,test-154,4.0943445622221,4.373628616333008
z_degree_to_degree,0,test-155,2.0794415416798357,2.6113648414611816
z_degree_to_degree,0,test-156,2.3025850929940455,2.7414140701293945
z_degree_to_degree,0,test-157,5.41164605185504,5.54471492767334
z_degree_to_degree,0,test-158,4.564348191467836,4.821087837219238
z_degree_to_degree,0,test-159,0.0,1.2226955890655518
z_degree_to_degree,0,test-160,2.7080502011022096,3.0477449893951416
z_degree_to_degree,0,test-161,2.9444389791664403,3.703538179397583
z_degree_to_degree,0,test-162,1.3862943611198906,2.2432377338409424
z_degree_to_degree,0,test-163,2.8903717578961645,3.2956387996673584
z_degree_to_degree,0,test-164,1.791759469228055,2.266957998275757
z_degree_to_degree,0,test-165,5.560681631015528,5.72176456451416
z_degree_to_degree,0,test-166,1.0986122886681096,1.807770013809204
z_degree_to_degree,0,test-167,3.5553480614894135,3.774495840072632
z_degree_to_degree,0,test-168,4.499809670330265,4.724860668182373
z_degree_to_degree,0,test-169,3.5553480614894135,3.774495840072632
z_degree_to_degree,0,test-170,1.791759469228055,2.266957998275757
z_degree_to_degree,0,test-171,2.0794415416798357,2.6113648414611816
z_degree_to_degree,0,test-172,5.288267030694534,5.766615867614746
z_degree_to_degree,0,test-173,1.3862943611198906,2.2432377338409424
z_degree_to_degree,0,test-174,2.484906649788,2.898613214492798
z_degree_to_degree,0,test-175,3.9120230054281464,4.073988914489746
z_degree_to_degree,0,test-176,2.8903717578961645,3.2956387996673584
z_degree_to_degree,0,test-177,4.499809670330265,4.724860668182373
z_degree_to_degree,0,test-178,4.867534450455582,4.999144554138184
z_degree_to_degree,0,test-179,4.718498871295095,4.886224746704102
z_degree_to_degree,0,test-180,1.3862943611198906,2.2432377338409424
z_degree_to_degree,0,test-181,3.58351893845611,4.123296737670898
z_degree_to_degree,0,test-182,3.58351893845611,3.8497262001037598
z_degree_to_degree,0,test-183,3.465735902799726,3.683576822280884
z_degree_to_degree,0,test-184,0.0,1.2226955890655518
z_degree_to_degree,0,test-185,7.24422751560335,7.033251762390137
z_degree_to_degree,0,test-186,3.332204510175204,3.6422441005706787
z_degree_to_degree,0,test-187,3.401197381662155,3.6246588230133057
z_degree_to_degree,0,test-188,3.332204510175204,3.6422441005706787
z_degree_to_degree,0,test-189,2.484906649788,2.898613214492798
z_degree_to_degree,0,test-190,2.197224577336219,2.6646950244903564
z_degree_to_degree,0,test-191,2.7080502011022096,3.0477449893951416
z_degree_to_degree,0,test-192,2.0794415416798357,2.6113648414611816
z_degree_to_degree,0,test-193,1.791759469228055,2.266957998275757
z_degree_to_degree,0,test-194,3.0445224377234226,3.3956122398376465
z_degree_to_degree,0,test-195,2.995732273553991,3.375324010848999
z_degree_to_degree,0,test-196,3.58351893845611,4.123296737670898
z_degree_to_degree,0,test-197,4.90527477843843,5.176704406738281
z_degree_to_degree,0,test-198,4.5217885770490405,4.764025688171387
z_degree_to_degree,0,test-199,2.484906649788,2.898613214492798
z_degree_to_degree,0,test-200,4.709530201312334,4.962119102478027
z_degree_to_degree,0,test-201,1.0986122886681096,1.807770013809204
z_degree_to_degree,0,test-202,1.0986122886681096,1.807770013809204
z_degree_to_degree,0,test-203,3.0445224377234226,3.3956122398376465
z_degree_to_degree,0,test-204,2.484906649788,2.898613214492798
z_degree_to_degree,0,test-205,2.6390573296152584,3.025068521499634
z_degree_to_degree,0,test-206,2.197224577336219,2.6646950244903564
z_degree_to_degree,0,test-207,3.58351893845611,3.8497262001037598
z_degree_to_degree,0,test-208,4.248495242049359,4.450756549835205
z_degree_to_degree,0,test-209,4.0943445622221,4.498194694519043
z_degree_to_degree,0,test-210,4.836281906951478,5.054685592651367
z_degree_to_degree,0,test-211,4.976733742420574,5.212653160095215
z_degree_to_degree,0,test-212,3.0445224377234226,3.3956122398376465
z_degree_to_degree,0,test-213,4.499809670330265,4.764856338500977
z_degree_to_degree,0,test-214,1.3862943611198906,2.0452520847320557
z_degree_to_degree,0,test-215,5.560681631015528,5.72176456451416
z_degree_to_degree,0,test-216,2.0794415416798357,2.6113648414611816
z_degree_to_degree,0,test-217,0.6931471805599453,1.5555965900421143
z_degree_to_degree,0,test-218,1.791759469228055,2.266957998275757
z_degree_to_degree,0,test-219,3.0445224377234226,3.3956122398376465
z_degree_to_degree,0,test-220,3.58351893845611,3.9890263080596924
z_degree_to_degree,0,test-221,2.995732273553991,3.375324010848999
z_degree_to_degree,0,test-222,2.0794415416798357,2.6113648414611816
z_degree_to_degree,0,test-223,3.8712010109078907,4.151899337768555
z_degree_to_degree,0,test-224,0.0,1.2226955890655518
z_degree_to_degree,0,test-225,3.332204510175204,3.6422441005706787
z_degree_to_degree,0,test-226,2.0794415416798357,2.6113648414611816
z_degree_to_degree,0,test-227,2.772588722239781,3.2572529315948486
z_degree_to_degree,0,test-228,1.791759469228055,2.266957998275757
z_degree_to_degree,0,test-229,2.197224577336219,2.6646950244903564
z_degree_to_degree,0,test-230,3.4011973816621555,3.8765945434570312
z_degree_to_degree,0,test-231,4.430816798843313,4.685482025146484
z_degree_to_degree,0,test-232,4.276666119016055,4.466479778289795
z_degree_to_degree,0,test-233,1.791759469228055,2.403937578201294
z_degree_to_degree,0,test-234,3.58351893845611,3.9890263080596924
z_degree_to_degree,0,test-235,3.1780538303479453,3.627488374710083
z_degree_to_degree,0,test-236,2.8903717578961645,3.2956387996673584
z_degree_to_degree,0,test-237,2.8903717578961645,3.2956387996673584
z_degree_to_degree,0,test-238,3.0445224377234226,3.3956122398376465
z_degree_to_degree,0,test-239,5.780743515792329,6.042381763458252
z_degree_to_degree,0,test-240,6.327936783729195,6.460475921630859
z_degree_to_degree,0,test-241,0.6931471805599453,1.5555965900421143
z_degree_to_degree,0,test-242,2.4849066497880004,3.000105142593384
z_degree_to_degree,0,test-243,2.8903717578961645,3.2956387996673584
z_degree_to_degree,0,test-244,2.197224577336219,2.6646950244903564
z_degree_to_degree,0,test-245,3.0445224377234226,3.3956122398376465
z_degree_to_degree,0,test-246,5.087596335232384,5.4126811027526855
z_degree_to_degree,0,test-247,2.7080502011022096,3.0477449893951416
z_degree_to_degree,0,test-248,4.74493212836325,5.1313886642456055
z_degree_to_degree,0,test-249,1.791759469228055,2.266957998275757
z_degree_to_degree,0,test-250,3.8066624897703196,3.977365732192993
z_degree_to_degree,0,test-251,3.951243718581427,4.233243465423584
z_degree_to_degree,0,test-252,1.3862943611198906,2.2432377338409424
z_degree_to_degree,0,test-253,4.718498871295095,4.886224746704102
z_degree_to_degree,0,test-254,3.465735902799726,3.6835696697235107
z_degree_to_degree,0,test-255,2.7080502011022096,3.047743558883667
z_degree_to_degree,0,test-256,2.6390573296152584,3.025068521499634
z_degree_to_degree,0,test-257,5.19295685089021,5.396358489990234
z_degree_to_degree,0,test-258,0.0,1.2226955890655518
z_degree_to_degree,0,test-259,5.98141421125448,6.160035133361816
z_degree_to_degree,0,test-260,3.8712010109078907,4.083671569824219
z_degree_to_degree,0,test-261,2.9957322735539913,3.4636242389678955
z_degree_to_degree,0,test-262,1.0986122886681096,1.807770013809204
z_degree_to_degree,0,test-263,3.401197381662155,3.6246588230133057
z_degree_to_degree,0,test-264,2.995732273553991,3.375324010848999
z_degree_to_degree,0,test-265,2.995732273553991,3.375324010848999
z_degree_to_degree,0,test-266,4.1588830833596715,4.57296895980835
z_degree_to_degree,0,test-267,4.31748811353631,4.513424396514893
z_degree_to_degree,0,test-268,1.791759469228055,2.266957998275757
z_degree_to_degree,0,test-269,2.0794415416798357,2.6113648414611816
z_degree_to_degree,0,test-270,2.7080502011022096,3.0477449893951416
z_degree_to_degree,0,test-271,6.476972362889683,6.661553382873535
z_degree_to_degree,0,test-272,1.791759469228055,2.266957998275757
z_degree_to_degree,0,test-273,3.0445224377234226,3.3956122398376465
z_degree_to_degree,0,test-274,3.737669618283368,3.951864004135132
z_degree_to_degree,0,test-275,3.1780538303479453,3.479186773300171
z_degree_to_degree,0,test-276,2.772588722239781,3.2572529315948486
z_degree_to_degree,0,test-277,2.7080502011022096,3.0477449893951416
z_degree_to_degree,0,test-278,2.0794415416798357,2.913233995437622
z_degree_to_degree,0,test-279,3.332204510175204,3.6422441005706787
z_degree_to_degree,0,test-280,5.220355825078324,5.4257097244262695
z_degree_to_degree,0,test-281,3.6635616461296463,4.013395309448242
z_degree_to_degree,0,test-282,2.6390573296152584,3.025068521499634
z_degree_to_degree,0,test-283,2.484906649788,2.898613214492798
z_degree_to_degree,0,test-284,3.9512437185814275,4.5684404373168945
z_degree_to_degree,0,test-285,2.995732273553991,3.375324010848999
z_degree_to_degree,0,test-286,1.6094379124341003,2.1516506671905518
z_degree_to_degree,0,test-287,2.7080502011022096,3.0477449893951416
z_degree_to_degree,0,test-288,6.461468176353717,6.5222320556640625
z_degree_to_degree,0,test-289,3.0445224377234226,3.3956122398376465
z_degree_to_degree,0,test-290,3.4965075614664802,3.970808506011963
z_degree_to_degree,0,test-291,4.499809670330265,4.782779693603516
z_degree_to_degree,0,test-292,2.8903717578961645,3.2956387996673584
z_degree_to_degree,0,test-293,5.60947179518496,5.930424690246582
z_degree_to_degree,0,test-294,5.375278407684165,5.532426834106445
z_degree_to_degree,0,test-295,3.6888794541139367,3.9869089126586914
z_degree_to_degree,0,test-296,2.197224577336219,2.6646950244903564
z_degree_to_degree,0,test-297,2.3025850929940455,2.7414140701293945
z_degree_to_degree,0,test-298,3.7376696182833684,4.331892967224121
z_degree_to_degree,0,test-299,2.0794415416798357,2.913233995437622
z_degree_to_degree,0,test-300,1.3862943611198906,2.0452520847320557
z_degree_to_degree,0,test-301,3.1780538303479453,3.479186773300171
z_degree_to_degree,0,test-302,2.995732273553991,3.375324010848999
z_degree_to_degree,0,test-303,1.6094379124341003,2.1516506671905518
z_degree_to_degree,0,test-304,2.484906649788,2.898613214492798
z_degree_to_degree,0,test-305,2.0794415416798357,2.6113648414611816
z_degree_to_degree,0,test-306,4.382026634673881,4.653602600097656
z_degree_to_degree,0,test-307,3.332204510175204,3.6422441005706787
z_degree_to_degree,0,test-308,5.556828061699537,5.885445594787598
z_degree_to_degree,0,test-309,2.0794415416798357,2.6113648414611816
z_degree_to_degree,0,test-310,2.0794415416798357,2.6113648414611816
z_degree_to_degree,0,test-311,2.772588722239781,3.2572529315948486
z_degree_to_degree,0,test-312,3.58351893845611,3.9724903106689453
z_degree_to_degree,0,test-313,2.197224577336219,2.6646950244903564
z_degree_to_degree,0,test-314,3.8918202981106265,4.239593505859375
z_degree_to_degree,0,test-315,2.4849066497880004,3.2383530139923096
z_degree_to_degree,0,test-316,6.733401891837358,6.735210418701172
z_degree_to_degree,0,test-317,4.941642422609304,5.192568778991699
z_degree_to_degree,0,test-318,1.9459101490553132,2.7839863300323486
z_degree_to_degree,0,test-319,2.8903717578961645,3.2956387996673584
z_degree_to_degree,0,test-320,5.41164605185504,5.54471492767334
z_degree_to_degree,0,test-321,3.332204510175204,3.6422441005706787
z_degree_to_degree,0,test-322,6.73340189183736,6.683793544769287
z_degree_to_degree,0,test-323,6.733401891837358,6.735210418701172
z_degree_to_degree,0,test-324,6.104793232414986,6.249726295471191
z_degree_to_degree,0,test-325,2.772588722239781,3.2572529315948486
z_degree_to_degree,0,test-326,3.0445224377234226,3.3956122398376465
z_degree_to_degree,0,test-327,2.995732273553991,3.375324010848999
z_degree_to_degree,0,test-328,0.6931471805599453,1.5555965900421143
z_degree_to_degree,0,test-329,2.484906649788,2.898613214492798
z_degree_to_degree,0,test-330,2.772588722239781,3.2572529315948486
z_degree_to_degree,0,test-331,3.091042453358316,3.620551347732544
z_degree_to_degree,0,test-332,3.4011973816621555,3.8765945434570312
z_degree_to_degree,0,test-333,3.688879454113936,3.908038854598999
z_degree_to_degree,0,test-334,1.6094379124341003,2.1516506671905518
z_degree_to_degree,0,test-335,3.5553480614894135,3.774495840072632
z_degree_to_degree,0,test-336,3.8712010109078907,4.112071990966797
z_degree_to_degree,0,test-337,2.70805020110221,3.5756428241729736
z_degree_to_degree,0,test-338,2.8903717578961645,3.670974016189575
z_degree_to_degree,0,test-339,2.4849066497880004,3.000105142593384
z_degree_to_degree,0,test-340,4.51085950651685,4.717226982116699
z_degree_to_degree,0,test-341,2.7080502011022096,3.0477449893951416
z_degree_to_degree,0,test-342,3.0445224377234226,3.3956122398376465
z_degree_to_degree,0,test-343,2.484906649788,2.898613214492798
z_degree_to_degree,0,test-344,2.772588722239781,3.2572529315948486
z_degree_to_degree,0,test-345,4.143134726391533,4.534167289733887
z_degree_to_degree,0,test-346,3.9318256327243257,4.2213335037231445
z_degree_to_degree,0,test-347,2.484906649788,2.898613214492798
z_degree_to_degree,0,test-348,4.787491742782047,5.044976234436035
z_degree_to_degree,0,test-349,1.3862943611198906,2.0452520847320557
z_degree_to_degree,0,test-350,3.1780538303479453,3.627488374710083
z_degree_to_degree,0,test-351,2.484906649788,2.898613214492798
z_degree_to_degree,0,test-352,2.484906649788,2.898613214492798
z_degree_to_degree,0,test-353,2.484906649788,2.898613214492798
z_degree_to_degree,0,test-354,3.401197381662155,3.6246588230133057
z_degree_to_degree,0,test-355,2.8903717578961645,3.670974016189575
z_degree_to_degree,0,test-356,3.1780538303479453,3.479186773300171
z_degree_to_degree,0,test-357,1.3862943611198906,2.0452520847320557
z_degree_to_degree,0,test-358,4.882801922586371,5.0183515548706055
z_degree_to_degree,0,test-359,4.234106504597259,4.594825744628906
z_degree_to_degree,0,test-360,5.6937321388027,5.923620223999023
z_degree_to_degree,0,test-361,0.6931471805599453,1.5555965900421143
z_degree_to_degree,0,test-362,1.791759469228055,2.266957998275757
z_degree_to_degree,0,test-363,1.791759469228055,2.266957998275757
z_degree_to_degree,0,test-364,5.966146739123692,6.141161918640137
z_degree_to_degree,0,test-365,3.4965075614664802,3.970808506011963
z_degree_to_degree,0,test-366,6.733401891837358,6.735210418701172
z_degree_to_degree,0,test-367,5.272999558563747,5.485284805297852
z_degree_to_degree,0,test-368,3.737669618283368,3.951864004135132
z_degree_to_degree,0,test-369,2.197224577336219,2.6646950244903564
z_degree_to_degree,0,test-370,2.995732273553991,3.375324010848999
z_degree_to_degree,0,test-371,1.3862943611198906,2.2432377338409424
z_degree_to_degree,0,test-372,6.327936783729195,6.460475921630859
z_degree_to_degree,0,test-373,4.430816798843313,4.685482025146484
z_degree_to_degree,0,test-374,0.0,1.2226955890655518
z_degree_to_degree,0,test-375,2.6390573296152584,3.025068521499634
z_degree_to_degree,0,test-376,1.6094379124341003,2.1516506671905518
z_degree_to_degree,0,test-377,2.484906649788,2.898613214492798
z_degree_to_degree,0,test-378,3.465735902799726,3.683576822280884
z_degree_to_degree,0,test-379,2.772588722239781,3.2572529315948486
z_degree_to_degree,0,test-380,2.7080502011022096,3.0477449893951416
z_degree_to_degree,0,test-381,4.74493212836325,5.1313886642456055
z_degree_to_degree,0,test-382,2.4849066497880004,3.000096559524536
z_degree_to_degree,0,test-383,2.4849066497880004,3.000096559524536
z_degree_to_degree,0,test-384,2.8903717578961645,3.2956387996673584
z_degree_to_degree,0,test-385,2.197224577336219,2.6646950244903564
z_degree_to_degree,0,test-386,2.3025850929940455,2.7414140701293945
z_degree_to_degree,0,test-387,1.791759469228055,2.266957998275757
z_degree_to_degree,0,test-388,2.3025850929940455,2.7414140701293945
z_degree_to_degree,0,test-389,0.6931471805599453,1.5555965900421143
z_degree_to_degree,0,test-390,4.276666119016055,4.754891395568848
z_degree_to_degree,0,test-391,1.791759469228055,2.266957998275757
z_degree_to_degree,0,test-392,1.791759469228055,2.266957998275757
z_degree_to_degree,0,test-393,2.0794415416798357,2.6113648414611816
z_degree_to_degree,0,test-394,2.995732273553991,3.375324010848999
z_degree_to_degree,0,test-395,2.0794415416798357,2.6113648414611816
z_degree_to_degree,0,test-396,3.0445224377234226,3.3956122398376465
z_degree_to_degree,0,test-397,2.995732273553991,3.375324010848999
z_degree_to_degree,0,test-398,0.0,1.2226955890655518
z_degree_to_degree,0,test-399,1.3862943611198906,2.2432377338409424
z_degree_to_degree,0,test-400,2.3025850929940455,2.7414140701293945
z_degree_to_degree,0,test-401,3.295836866004329,3.751128673553467
z_degree_to_degree,0,test-402,1.791759469228055,2.266957998275757
z_degree_to_degree,0,test-403,3.4011973816621555,3.92580246925354
z_degree_to_degree,0,test-404,2.4849066497880004,3.000105142593384
z_degree_to_degree,0,test-405,2.995732273553991,3.375324010848999
z_degree_to_degree,0,test-406,2.0794415416798357,2.6113648414611816
z_degree_to_degree,0,test-407,5.288267030694534,5.766615867614746
z_degree_to_degree,0,test-408,2.0794415416798357,2.6113648414611816
z_degree_to_degree,0,test-409,3.1780538303479453,3.627488374710083
z_degree_to_degree,0,test-410,3.828641396489095,4.465948104858398
z_degree_to_degree,0,test-411,4.90527477843843,5.176704406738281
z_degree_to_degree,0,test-412,1.791759469228055,2.403937578201294
z_degree_to_degree,0,test-413,3.401197381662155,3.6246588230133057
z_degree_to_degree,0,test-414,1.3862943611198906,2.0452520847320557
z_degree_to_degree,0,test-415,2.8903717578961645,3.670974016189575
z_degree_to_degree,0,test-416,4.276666119016055,4.754891395568848
z_degree_to_degree,0,test-417,3.5553480614894135,3.774495840072632
z_degree_to_degree,0,test-418,2.8903717578961645,3.2956387996673584
z_degree_to_degree,0,test-419,3.332204510175204,3.6422441005706787
z_degree_to_degree,0,test-420,5.342334251964811,5.564714431762695
z_degree_to_degree,0,test-421,2.890371757896165,3.2627155780792236
z_degree_to_degree,0,test-422,3.401197381662155,3.6246588230133057
z_degree_to_degree,0,test-423,3.091042453358316,3.620551347732544
z_degree_to_degree,0,test-424,2.995732273553991,3.375324010848999
z_degree_to_degree,0,test-425,3.401197381662155,3.6246588230133057
z_degree_to_degree,0,test-426,4.430816798843313,4.685482025146484
z_degree_to_degree,0,test-427,2.8903717578961645,3.2956387996673584
z_degree_to_degree,0,test-428,2.0794415416798357,2.6113648414611816
z_degree_to_degree,0,test-429,1.9459101490553132,2.7839863300323486
z_degree_to_degree,0,test-430,2.995732273553991,3.375324010848999
z_degree_to_degree,0,test-431,2.197224577336219,2.6646950244903564
z_degree_to_degree,0,test-432,1.3862943611198906,2.0452520847320557
z_degree_to_degree,0,test-433,3.4011973816621555,3.8765945434570312
z_degree_to_degree,0,test-434,3.3322045101752042,3.871706247329712
z_degree_to_degree,0,test-435,2.0794415416798357,2.6113648414611816
z_degree_to_degree,0,test-436,2.484906649788,2.898613214492798
z_degree_to_degree,0,test-437,3.6888794541139367,3.9869089126586914
z_degree_to_degree,0,test-438,2.7080502011022096,3.0477449893951416
z_degree_to_degree,0,test-439,2.4849066497880004,3.000105142593384
z_degree_to_degree,0,test-440,4.718498871295095,4.886224746704102
z_degree_to_degree,0,test-441,5.634789603169249,5.924184799194336
z_degree_to_degree,0,test-442,4.68213122712422,4.934185981750488
z_degree_to_degree,0,test-443,1.791759469228055,2.266957998275757
z_degree_to_degree,0,test-444,3.9889840465642745,4.127677917480469
z_degree_to_degree,0,test-445,6.327936783729195,6.460475921630859
z_degree_to_degree,0,test-446,3.0445224377234226,3.3956122398376465
z_degree_to_degree,0,test-447,2.7080502011022096,3.0477449893951416
z_degree_to_degree,0,test-448,1.0986122886681096,1.807770013809204
z_degree_to_degree,0,test-449,2.995732273553991,3.375324010848999
z_degree_to_degree,0,test-450,2.772588722239781,3.2572529315948486
z_degree_to_degree,0,test-451,2.995732273553991,3.375324010848999
z_degree_to_degree,0,test-452,1.791759469228055,2.403937578201294
z_degree_to_degree,0,test-453,2.484906649788,2.898613214492798
z_degree_to_degree,0,test-454,7.50659178007084,7.221585273742676
z_degree_to_degree,0,test-455,3.951243718581427,4.233243465423584
z_degree_to_degree,0,test-456,3.5553480614894135,3.774495840072632
z_degree_to_degree,0,test-457,2.7080502011022096,3.0477449893951416
z_degree_to_degree,0,test-458,3.258096538021482,3.830456018447876
z_degree_to_degree,0,test-459,5.634789603169249,5.924184799194336
z_degree_to_degree,0,test-460,0.6931471805599453,1.5555965900421143
z_degree_to_degree,0,test-461,2.772588722239781,3.2572529315948486
z_degree_to_degree,0,test-462,3.4011973816621555,3.8765945434570312
z_degree_to_degree,0,test-463,2.995732273553991,3.375324010848999
z_degree_to_degree,0,test-464,3.0445224377234226,3.3956122398376465
z_degree_to_degree,0,test-465,2.1972245773362196,3.019232988357544
z_degree_to_degree,0,test-466,1.791759469228055,2.266957998275757
z_degree_to_degree,0,test-467,3.1780538303479458,3.7879364490509033
z_degree_to_degree,0,test-468,2.1972245773362196,3.019232988357544
z_degree_to_degree,0,test-469,3.401197381662155,3.6246588230133057
z_degree_to_degree,0,test-470,6.327936783729195,6.460475921630859
z_degree_to_degree,0,test-471,2.995732273553991,3.375324010848999
z_degree_to_degree,0,test-472,3.0445224377234226,3.3956122398376465
z_degree_to_degree,0,test-473,1.0986122886681096,1.807770013809204
z_degree_to_degree,0,test-474,3.401197381662155,3.6246588230133057
z_degree_to_degree,0,test-475,2.3025850929940455,2.7414140701293945
z_degree_to_degree,0,test-476,6.040254711277413,6.306427955627441
z_degree_to_degree,0,test-477,4.90527477843843,5.176704406738281
z_degree_to_degree,0,test-478,2.197224577336219,2.6646950244903564
z_degree_to_degree,0,test-479,2.8903717578961645,3.2956387996673584
z_degree_to_degree,0,test-480,3.1780538303479453,3.627488374710083
z_degree_to_degree,0,test-481,2.995732273553991,3.375324010848999
z_degree_to_degree,0,test-482,4.276666119016055,4.616463661193848
z_degree_to_degree,0,test-483,2.4849066497880004,3.000105142593384
z_degree_to_degree,0,test-484,3.295836866004329,3.751128673553467
z_degree_to_degree,0,test-485,3.1780538303479453,3.479186773300171
z_degree_to_degree,0,test-486,2.0794415416798357,2.6113648414611816
z_degree_to_degree,0,test-487,1.3862943611198906,2.2432377338409424
z_degree_to_degree,0,test-488,4.356708826689592,4.659015655517578
z_degree_to_degree,0,test-489,2.0794415416798357,2.6113648414611816
z_degree_to_degree,0,test-490,2.9957322735539913,3.4636242389678955
z_degree_to_degree,0,test-491,0.6931471805599453,1.5555965900421143
z_degree_to_degree,0,test-492,2.0794415416798357,2.6113648414611816
z_degree_to_degree,0,test-493,3.58351893845611,3.9890263080596924
z_degree_to_degree,0,test-494,0.0,1.2226955890655518
z_degree_to_degree,0,test-495,5.272999558563747,5.485284805297852
z_degree_to_degree,0,test-496,1.791759469228055,2.266957998275757
z_degree_to_degree,0,test-497,3.7376696182833684,4.331892967224121
z_degree_to_degree,0,test-498,2.4849066497880004,3.000105142593384
z_degree_to_degree,0,test-499,3.8712010109078907,4.083671569824219
z_degree_to_degree,0,test-500,6.040254711277413,6.306427955627441
z_degree_to_degree,0,test-501,3.3322045101752042,3.871706247329712
z_degree_to_degree,0,test-502,3.332204510175204,3.6422441005706787
z_degree_to_degree,0,test-503,4.700480365792417,5.014647483825684
z_degree_to_degree,0,test-504,4.499809670330265,4.782779693603516
z_degree_to_degree,0,test-505,2.197224577336219,2.6646950244903564
z_degree_to_degree,0,test-506,3.688879454113936,3.908038854598999
z_degree_to_degree,0,test-507,2.6390573296152584,3.025068521499634
z_degree_to_degree,0,test-508,4.276666119016055,4.5573320388793945
z_degree_to_degree,0,test-509,3.8712010109078907,4.112071990966797
z_degree_to_degree,0,test-510,4.442651256490317,4.683660507202148
z_degree_to_degree,0,test-511,5.634789603169249,5.924189567565918
z_cn_to_cn_residual,0,test-0,0.42053735013992466,0.49343886971473694
z_cn_to_cn_residual,0,test-1,-0.2623661567412917,-0.3643682897090912
z_cn_to_cn_residual,0,test-2,-0.0036950091657206308,0.03268876671791077
z_cn_to_cn_residual,0,test-3,-0.8077701392043845,-0.7173000574111938
z_cn_to_cn_residual,0,test-4,-0.10136482150163013,-0.14414295554161072
z_cn_to_cn_residual,0,test-5,1.0283168230873239,1.029077172279358
z_cn_to_cn_residual,0,test-6,-0.45435792080222814,-0.4759105145931244
z_cn_to_cn_residual,0,test-7,1.0897527105280385,0.6184507608413696
z_cn_to_cn_residual,0,test-8,-0.18823503876493325,-0.27720674872398376
z_cn_to_cn_residual,0,test-9,-0.11078149960964469,-0.1523803174495697
z_cn_to_cn_residual,0,test-10,-0.41515451118692936,-0.49549469351768494
z_cn_to_cn_residual,0,test-11,0.8212733044980796,0.9688602685928345
z_cn_to_cn_residual,0,test-12,0.6741561684105264,0.5911527872085571
z_cn_to_cn_residual,0,test-13,-0.0035606765680585707,-0.029199451208114624
z_cn_to_cn_residual,0,test-14,0.03635404698519895,0.029935985803604126
z_cn_to_cn_residual,0,test-15,0.07882805751442076,0.0012208521366119385
z_cn_to_cn_residual,0,test-16,0.6895865039918867,0.5150514841079712
z_cn_to_cn_residual,0,test-17,0.5147487410949563,0.37278714776039124
z_cn_to_cn_residual,0,test-18,0.007736477119163819,-0.02860817313194275
z_cn_to_cn_residual,0,test-19,-0.0035606765680585707,-0.029199451208114624
z_cn_to_cn_residual,0,test-20,-0.11078149960964469,-0.1523803174495697
z_cn_to_cn_residual,0,test-21,-0.007694165471705018,-0.032945483922958374
z_cn_to_cn_residual,0,test-22,0.38339339457728866,0.39527860283851624
z_cn_to_cn_residual,0,test-23,-0.27733898417003,-0.3676041066646576
z_cn_to_cn_residual,0,test-24,-0.0028787346636806365,-0.02915176749229431
z_cn_to_cn_residual,0,test-25,0.28834646581769413,0.3861466944217682
z_cn_to_cn_residual,0,test-26,-0.5636563510881639,-0.47834834456443787
z_cn_to_cn_residual,0,test-27,0.6899690497383588,0.5842553377151489
z_cn_to_cn_residual,0,test-28,0.7888585026854529,0.6662269830703735
z_cn_to_cn_residual,0,test-29,0.5913922639498311,0.4976936876773834
z_cn_to_cn_residual,0,test-30,0.66451867806514,0.6694599390029907
z_cn_to_cn_residual,0,test-31,0.6637608916981007,0.5786234140396118
z_cn_to_cn_residual,0,test-32,0.19170770684298688,0.23849931359291077
z_cn_to_cn_residual,0,test-33,-0.32480564797407757,-0.377938836812973
z_cn_to_cn_residual,0,test-34,0.6902763237576075,0.5462452173233032
z_cn_to_cn_residual,0,test-35,-0.20898013394359,-0.31312164664268494
z_cn_to_cn_residual,0,test-36,-0.15915938445172756,-0.22676214575767517
z_cn_to_cn_residual,0,test-37,-0.0018686256953188945,-0.02907976508140564
z_cn_to_cn_residual,0,test-38,-0.0031781308215864876,-0.029172271490097046
z_cn_to_cn_residual,0,test-39,-0.023864249406051155,-0.059265464544296265
z_cn_to_cn_residual,0,test-40,-0.0035606765680585707,-0.029199451208114624
z_cn_to_cn_residual,0,test-41,1.0631781652624883,0.9192672967910767
z_cn_to_cn_residual,0,test-42,0.2779926693730159,0.24496760964393616
z_cn_to_cn_residual,0,test-43,0.38576956172760457,0.48484864830970764
z_cn_to_cn_residual,0,test-44,-0.07578850766276808,-0.12178739905357361
z_cn_to_cn_residual,0,test-45,1.1773142271763006,0.798291802406311
z_cn_to_cn_residual,0,test-46,-0.0035606765680585707,-0.029199451208114624
z_cn_to_cn_residual,0,test-47,0.07689953639068714,0.05690684914588928
z_cn_to_cn_residual,0,test-48,-0.0018686256953188945,-0.02907976508140564
z_cn_to_cn_residual,0,test-49,0.5913922639498311,0.5680047273635864
z_cn_to_cn_residual,0,test-50,0.38576956172760457,0.3562285006046295
z_cn_to_cn_residual,0,test-51,0.41502905640153087,0.4969402849674225
z_cn_to_cn_residual,0,test-52,0.4975938529983208,0.3167015612125397
z_cn_to_cn_residual,0,test-53,-0.5382569319004575,-0.4631434381008148
z_cn_to_cn_residual,0,test-54,-0.10175491661011418,-0.14448389410972595
z_cn_to_cn_residual,0,test-55,-0.0034789790604594075,-0.02919277548789978
z_cn_to_cn_residual,0,test-56,-0.6186087075677585,-0.5283762216567993
z_cn_to_cn_residual,0,test-57,-0.09065704239956256,-0.13478073477745056
z_cn_to_cn_residual,0,test-58,0.8763890937635881,0.6560975313186646
z_cn_to_cn_residual,0,test-59,-0.45229554029351454,-0.4784136712551117
z_cn_to_cn_residual,0,test-60,0.6894917191807426,0.7416983842849731
z_cn_to_cn_residual,0,test-61,-0.28075635072516975,-0.36834606528282166
z_cn_to_cn_residual,0,test-62,-0.0004881954264035043,-0.028982490301132202
z_cn_to_cn_residual,0,test-63,0.0006363913580034505,-0.02890285849571228
z_cn_to_cn_residual,0,test-64,-0.0018686256953188945,-0.02907976508140564
z_cn_to_cn_residual,0,test-65,-0.1467089512755031,-0.20512661337852478
z_cn_to_cn_residual,0,test-66,0.9968573720579954,0.7275506258010864
z_cn_to_cn_residual,0,test-67,-0.009524164442536962,-0.0359252393245697
z_cn_to_cn_residual,0,test-68,-0.009524164442536962,-0.0359252393245697
z_cn_to_cn_residual,0,test-69,-0.5794788458136152,-0.4927702844142914
z_cn_to_cn_residual,0,test-70,0.4161857875749146,0.4100858271121979
z_cn_to_cn_residual,0,test-71,0.4975938529983208,0.5414754152297974
z_cn_to_cn_residual,0,test-72,0.35562668704444245,0.45474162697792053
z_cn_to_cn_residual,0,test-73,-0.0035606765680585707,-0.029199451208114624
z_cn_to_cn_residual,0,test-74,-0.32311619585740226,-0.3775690495967865
z_cn_to_cn_residual,0,test-75,-0.09065704239956256,-0.13478073477745056
z_cn_to_cn_residual,0,test-76,0.9878307890584649,1.0619155168533325
z_cn_to_cn_residual,0,test-77,-0.0028787346636806365,-0.02915176749229431
z_cn_to_cn_residual,0,test-78,0.5823656809503006,0.44680991768836975
z_cn_to_cn_residual,0,test-79,-0.002813098481549962,-0.02914699912071228
z_cn_to_cn_residual,0,test-80,-0.0035606765680585707,-0.029199451208114624
z_cn_to_cn_residual,0,test-81,0.66451867806514,0.6965309381484985
z_cn_to_cn_residual,0,test-82,0.36236918256138484,0.2503897249698639
z_cn_to_cn_residual,0,test-83,1.076540575137234,1.031389832496643
z_cn_to_cn_residual,0,test-84,-0.13001720227017255,-0.1760934293270111
z_cn_to_cn_residual,0,test-85,-0.33726529577523584,-0.3838213384151459
z_cn_to_cn_residual,0,test-86,-0.2623661567412917,-0.3643682897090912
z_cn_to_cn_residual,0,test-87,0.41502905640153087,0.44064202904701233
z_cn_to_cn_residual,0,test-88,-0.09065704239956256,-0.13478073477745056
z_cn_to_cn_residual,0,test-89,-0.0034789790604594075,-0.02919277548789978
z_cn_to_cn_residual,0,test-90,-0.2781181241584144,-0.3677729070186615
z_cn_to_cn_residual,0,test-91,-0.07578850766276808,-0.12178739905357361
z_cn_to_cn_residual,0,test-92,-0.0036554613792027465,-0.02920660376548767
z_cn_to_cn_residual,0,test-93,0.5917823590583151,0.5563875436782837
z_cn_to_cn_residual,0,test-94,0.47092398565542376,0.44288554787635803
z_cn_to_cn_residual,0,test-95,-0.07578850766276808,-0.12178739905357361
z_cn_to_cn_residual,0,test-96,0.5618087898319306,0.5409966707229614
z_cn_to_cn_residual,0,test-97,-0.5218160654288044,-0.04840216040611267
z_cn_to_cn_residual,0,test-98,-0.13099351632842182,-0.17779192328453064
z_cn_to_cn_residual,0,test-99,-0.0031781308215864876,-0.029172271490097046
z_cn_to_cn_residual,0,test-100,-0.09065704239956256,-0.13478073477745056
z_cn_to_cn_residual,0,test-101,-0.33077799799856045,-0.3798886239528656
z_cn_to_cn_residual,0,test-102,0.6024901381603828,0.4687725603580475
z_cn_to_cn_residual,0,test-103,0.06439643568485909,0.0011302530765533447
z_cn_to_cn_residual,0,test-104,-0.15915938445172756,-0.22676214575767517
z_cn_to_cn_residual,0,test-105,0.6345001729408056,0.47232785820961
z_cn_to_cn_residual,0,test-106,-0.0028787346636806365,-0.02915176749229431
z_cn_to_cn_residual,0,test-107,0.6997674449098304,0.6123038530349731
z_cn_to_cn_residual,0,test-108,-0.0035606765680585707,-0.029199451208114624
z_cn_to_cn_residual,0,test-109,0.15489024865948775,0.21552005410194397
z_cn_to_cn_residual,0,test-110,0.3683415325858677,0.3447658121585846
z_cn_to_cn_residual,0,test-111,-0.0036554613792027465,-0.02920660376548767
z_cn_to_cn_residual,0,test-112,0.016437147451202155,-0.028349727392196655
z_cn_to_cn_residual,0,test-113,0.4667526697460198,0.38650813698768616
z_cn_to_cn_residual,0,test-114,-0.4340936106029696,-0.5006083250045776
z_cn_to_cn_residual,0,test-115,-0.002813098481549962,-0.02914699912071228
z_cn_to_cn_residual,0,test-116,0.6912785548646264,0.6655360460281372
z_cn_to_cn_residual,0,test-117,0.7326360849824656,0.7410742044448853
z_cn_to_cn_residual,0,test-118,0.6895700720466398,0.5321327447891235
z_cn_to_cn_residual,0,test-119,-0.2769613929850307,-0.36752256751060486
z_cn_to_cn_residual,0,test-120,0.7419506826667789,0.9070712327957153
z_cn_to_cn_residual,0,test-121,0.6173586728971772,0.5595389604568481
z_cn_to_cn_residual,0,test-122,0.4975938529983208,0.5664788484573364
z_cn_to_cn_residual,0,test-123,0.7678342906695491,0.647016167640686
z_cn_to_cn_residual,0,test-124,0.6895865039918867,0.7576771974563599
z_cn_to_cn_residual,0,test-125,-0.0034789790604594075,-0.02919277548789978
z_cn_to_cn_residual,0,test-126,-0.05864700761913961,-0.10682043433189392
z_cn_to_cn_residual,0,test-127,1.0228237810053415,0.8686190843582153
z_cn_to_cn_residual,0,test-128,-0.0035606765680585707,-0.029199451208114624
z_cn_to_cn_residual,0,test-129,-0.18823503876493325,-0.27720674872398376
z_cn_to_cn_residual,0,test-130,-0.0018858338027912184,-0.029080718755722046
z_cn_to_cn_residual,0,test-131,0.9030589611064851,0.7018800973892212
z_cn_to_cn_residual,0,test-132,-0.4340936106029696,-0.5006083250045776
z_cn_to_cn_residual,0,test-133,-0.38887630573317594,-0.45673641562461853
z_cn_to_cn_residual,0,test-134,-0.05864700761913961,-0.10682043433189392
z_cn_to_cn_residual,0,test-135,0.5339877961082178,0.3696562349796295
z_cn_to_cn_residual,0,test-136,0.939452904216382,0.7579079866409302
z_cn_to_cn_residual,0,test-137,0.66451867806514,0.7347017526626587
z_cn_to_cn_residual,0,test-138,-0.0004881954264035043,-0.028982490301132202
z_cn_to_cn_residual,0,test-139,-0.1955533275616245,-0.28988394141197205
z_cn_to_cn_residual,0,test-140,-0.10175491661011418,-0.14448389410972595
z_cn_to_cn_residual,0,test-141,-0.44289752605972865,-0.4898549020290375
z_cn_to_cn_residual,0,test-142,-0.0035606765680585707,-0.029199451208114624
z_cn_to_cn_residual,0,test-143,-0.2781181241584144,-0.3677729070186615
z_cn_to_cn_residual,0,test-144,-0.09065704239956256,-0.13478073477745056
z_cn_to_cn_residual,0,test-145,-0.0036554613792027465,-0.02920660376548767
z_cn_to_cn_residual,0,test-146,-0.029386288861844613,-0.06919369101524353
z_cn_to_cn_residual,0,test-147,0.38339339457728866,0.3885938227176666
z_cn_to_cn_residual,0,test-148,-0.2781181241584144,-0.3677729070186615
z_cn_to_cn_residual,0,test-149,0.15489024865948775,0.19184079766273499
z_cn_to_cn_residual,0,test-150,-0.2769613929850307,-0.36752256751060486
z_cn_to_cn_residual,0,test-151,-0.20947272133996278,-0.3139742314815521
z_cn_to_cn_residual,0,test-152,0.5702273837469602,0.5796753168106079
z_cn_to_cn_residual,0,test-153,-0.002053521525395429,-0.029092639684677124
z_cn_to_cn_residual,0,test-154,0.2460194339238882,0.3638540804386139
z_cn_to_cn_residual,0,test-155,0.6894917191807426,0.6713281869888306
z_cn_to_cn_residual,0,test-156,-0.0031781308215864876,-0.029172271490097046
z_cn_to_cn_residual,0,test-157,1.2627715283766356,1.093615174293518
z_cn_to_cn_residual,0,test-158,-0.13130940597547108,-0.17834028601646423
z_cn_to_cn_residual,0,test-159,-0.0018686256953188945,-0.02907976508140564
z_cn_to_cn_residual,0,test-160,0.6024901381603828,0.4492603838443756
z_cn_to_cn_residual,0,test-161,0.014629997385950364,-0.028402656316757202
z_cn_to_cn_residual,0,test-162,-0.002813098481549962,-0.02914699912071228
z_cn_to_cn_residual,0,test-163,0.5913922639498311,0.5461412668228149
z_cn_to_cn_residual,0,test-164,-0.0035606765680585707,-0.029199451208114624
z_cn_to_cn_residual,0,test-165,0.30427087482676934,0.28383317589759827
z_cn_to_cn_residual,0,test-166,-0.0028787346636806365,-0.02915176749229431
z_cn_to_cn_residual,0,test-167,-0.40480071474225116,-0.4805785119533539
z_cn_to_cn_residual,0,test-168,-0.5370711129495983,-0.46243199706077576
z_cn_to_cn_residual,0,test-169,0.28834646581769413,0.19032254815101624
z_cn_to_cn_residual,0,test-170,-0.0035606765680585707,-0.029199451208114624
z_cn_to_cn_residual,0,test-171,-0.0036554613792027465,-0.02920660376548767
z_cn_to_cn_residual,0,test-172,0.5538511883699282,0.510501503944397
z_cn_to_cn_residual,0,test-173,-0.002813098481549962,-0.02914699912071228
z_cn_to_cn_residual,0,test-174,-0.07578850766276808,-0.12178739905357361
z_cn_to_cn_residual,0,test-175,1.1849817921765171,1.0363160371780396
z_cn_to_cn_residual,0,test-176,-0.10175491661011418,-0.14448389410972595
z_cn_to_cn_residual,0,test-177,0.8492232481702923,0.6722918748855591
z_cn_to_cn_residual,0,test-178,-0.11231349157634923,-0.15371975302696228
z_cn_to_cn_residual,0,test-179,0.007736477119163819,-0.02860817313194275
z_cn_to_cn_residual,0,test-180,-0.002813098481549962,-0.02914699912071228
z_cn_to_cn_residual,0,test-181,-0.0028708568023377394,-0.02915129065513611
z_cn_to_cn_residual,0,test-182,-0.32480564797407757,-0.377938836812973
z_cn_to_cn_residual,0,test-183,-0.3097537859826566,-0.37465009093284607
z_cn_to_cn_residual,0,test-184,-0.0018686256953188945,-0.02907976508140564
z_cn_to_cn_residual,0,test-185,0.33672796414016415,0.617681622505188
z_cn_to_cn_residual,0,test-186,-0.2781181241584144,-0.3677729070186615
z_cn_to_cn_residual,0,test-187,1.1089553769498606,0.873062252998352
z_cn_to_cn_residual,0,test-188,-0.2781181241584144,-0.3677729070186615
z_cn_to_cn_residual,0,test-189,-0.07578850766276808,-0.12178739905357361
z_cn_to_cn_residual,0,test-190,-0.05864700761913961,-0.10682043433189392
z_cn_to_cn_residual,0,test-191,0.6024901381603828,0.4504658281803131
z_cn_to_cn_residual,0,test-192,-0.0036554613792027465,-0.02920660376548767
z_cn_to_cn_residual,0,test-193,-0.0035606765680585707,-0.029199451208114624
z_cn_to_cn_residual,0,test-194,0.5823656809503006,0.45497050881385803
z_cn_to_cn_residual,0,test-195,-0.1955533275616245,-0.28988394141197205
z_cn_to_cn_residual,0,test-196,-0.0028708568023377394,-0.02915129065513611
z_cn_to_cn_residual,0,test-197,0.11366833474633009,0.08353772759437561
z_cn_to_cn_residual,0,test-198,-0.35638048877056727,-0.4078079164028168
z_cn_to_cn_residual,0,test-199,-0.07578850766276808,-0.12178739905357361
z_cn_to_cn_residual,0,test-200,-0.13583211349719748,-0.1862104833126068
z_cn_to_cn_residual,0,test-201,-0.0028787346636806365,-0.02915176749229431
z_cn_to_cn_residual,0,test-202,-0.0028787346636806365,-0.02915176749229431
z_cn_to_cn_residual,0,test-203,-0.11078149960964469,-0.1523803174495697
z_cn_to_cn_residual,0,test-204,-0.07578850766276808,-0.12178739905357361
z_cn_to_cn_residual,0,test-205,0.6896682014994859,0.4142433702945709
z_cn_to_cn_residual,0,test-206,-0.05864700761913961,-0.10682043433189392
z_cn_to_cn_residual,0,test-207,-0.32480564797407757,-0.377938836812973
z_cn_to_cn_residual,0,test-208,0.25024965450021663,0.2825681269168854
z_cn_to_cn_residual,0,test-209,-0.33752049351550284,-0.3839777410030365
z_cn_to_cn_residual,0,test-210,0.44737721938821673,0.48073163628578186
z_cn_to_cn_residual,0,test-211,0.12647768999901543,0.09281840920448303
z_cn_to_cn_residual,0,test-212,0.9878307890584649,0.8829962015151978
z_cn_to_cn_residual,0,test-213,-0.0021065781046860016,-0.029097408056259155
z_cn_to_cn_residual,0,test-214,-0.0018686256953188945,-0.02907976508140564
z_cn_to_cn_residual,0,test-215,0.7097359829349337,0.6649366617202759
z_cn_to_cn_residual,0,test-216,-0.0036554613792027465,-0.02920660376548767
z_cn_to_cn_residual,0,test-217,-0.0035606765680585707,-0.029199451208114624
z_cn_to_cn_residual,0,test-218,0.6895865039918867,0.5726252794265747
z_cn_to_cn_residual,0,test-219,-0.11078149960964469,-0.1523803174495697
z_cn_to_cn_residual,0,test-220,-0.33077799799856045,-0.3798886239528656
z_cn_to_cn_residual,0,test-221,-0.1955533275616245,-0.28988394141197205
z_cn_to_cn_residual,0,test-222,-0.0036554613792027465,-0.02920660376548767
z_cn_to_cn_residual,0,test-223,-0.20947272133996278,-0.3139742314815521
z_cn_to_cn_residual,0,test-224,-0.0018686256953188945,-0.02907976508140564
z_cn_to_cn_residual,0,test-225,0.8204941645096951,0.7655669450759888
z_cn_to_cn_residual,0,test-226,-0.0036554613792027465,-0.02920660376548767
z_cn_to_cn_residual,0,test-227,0.939452904216382,0.8773466348648071
z_cn_to_cn_residual,0,test-228,-0.0035606765680585707,-0.029199451208114624
z_cn_to_cn_residual,0,test-229,-0.05864700761913961,-0.10682043433189392
z_cn_to_cn_residual,0,test-230,0.5618087898319306,0.39493051171302795
z_cn_to_cn_residual,0,test-231,-0.36200354022730785,-0.4163001477718353
z_cn_to_cn_residual,0,test-232,0.6118003281156039,0.5745803117752075
z_cn_to_cn_residual,0,test-233,-0.002813098481549962,-0.02914699912071228
z_cn_to_cn_residual,0,test-234,-0.33077799799856045,-0.3798886239528656
z_cn_to_cn_residual,0,test-235,0.5917823590583151,0.43910375237464905
z_cn_to_cn_residual,0,test-236,-0.10175491661011418,-0.14448389410972595
z_cn_to_cn_residual,0,test-237,-0.10175491661011418,-0.14448389410972595
z_cn_to_cn_residual,0,test-238,-0.11078149960964469,-0.1523803174495697
z_cn_to_cn_residual,0,test-239,1.0575197935891483,0.7812682390213013
z_cn_to_cn_residual,0,test-240,0.15489024865948775,0.17443957924842834
z_cn_to_cn_residual,0,test-241,-0.0035606765680585707,-0.029199451208114624
z_cn_to_cn_residual,0,test-242,-0.009524164442536962,-0.0359252393245697
z_cn_to_cn_residual,0,test-243,0.9968573720579954,1.019898533821106
z_cn_to_cn_residual,0,test-244,0.6345001729408056,0.38665834069252014
z_cn_to_cn_residual,0,test-245,-0.11078149960964469,-0.1523803174495697
z_cn_to_cn_residual,0,test-246,-0.4012440214494514,-0.47526273131370544
z_cn_to_cn_residual,0,test-247,0.6024901381603828,0.49655213952064514
z_cn_to_cn_residual,0,test-248,-0.6567931335747463,-0.5688942670822144
z_cn_to_cn_residual,0,test-249,-0.0035606765680585707,-0.029199451208114624
z_cn_to_cn_residual,0,test-250,-0.45435792080222814,-0.4759105145931244
z_cn_to_cn_residual,0,test-251,-0.32311619585740226,-0.3775690495967865
z_cn_to_cn_residual,0,test-252,-0.002813098481549962,-0.02914699912071228
z_cn_to_cn_residual,0,test-253,0.007736477119163819,-0.02860817313194275
z_cn_to_cn_residual,0,test-254,-0.3097537859826566,-0.37465009093284607
z_cn_to_cn_residual,0,test-255,-0.09065704239956256,-0.13478073477745056
z_cn_to_cn_residual,0,test-256,-0.0034789790604594075,-0.02919277548789978
z_cn_to_cn_residual,0,test-257,-0.23061314275164188,-0.35049518942832947
z_cn_to_cn_residual,0,test-258,-0.0018686256953188945,-0.02907976508140564
z_cn_to_cn_residual,0,test-259,0.1907181118045317,0.24587932229042053
z_cn_to_cn_residual,0,test-260,0.8645646996554307,0.7320438623428345
z_cn_to_cn_residual,0,test-261,-0.005086360255747422,-0.029308170080184937
z_cn_to_cn_residual,0,test-262,-0.0028787346636806365,-0.02915176749229431
z_cn_to_cn_residual,0,test-263,0.4158081963899153,0.3608604967594147
z_cn_to_cn_residual,0,test-264,0.9030589611064851,0.8415995836257935
z_cn_to_cn_residual,0,test-265,-0.1955533275616245,-0.28988394141197205
z_cn_to_cn_residual,0,test-266,-0.30556432891279645,-0.3737364709377289
z_cn_to_cn_residual,0,test-267,-0.44289752605972865,-0.4898549020290375
z_cn_to_cn_residual,0,test-268,0.6895865039918867,0.373666912317276
z_cn_to_cn_residual,0,test-269,0.6894917191807426,0.32516923546791077
z_cn_to_cn_residual,0,test-270,-0.09065704239956256,-0.13478073477745056
z_cn_to_cn_residual,0,test-271,0.5959739975662122,0.4565178453922272
z_cn_to_cn_residual,0,test-272,-0.0035606765680585707,-0.029199451208114624
z_cn_to_cn_residual,0,test-273,0.9878307890584649,0.9673982858657837
z_cn_to_cn_residual,0,test-274,0.2314850461504528,0.07355800271034241
z_cn_to_cn_residual,0,test-275,0.4841670466163553,0.43782535195350647
z_cn_to_cn_residual,0,test-276,0.5339877961082178,0.36822667717933655
z_cn_to_cn_residual,0,test-277,-0.09065704239956256,-0.13478073477745056
z_cn_to_cn_residual,0,test-278,0.0010912067988609801,-0.028871387243270874
z_cn_to_cn_residual,0,test-279,-0.2781181241584144,-0.3677729070186615
z_cn_to_cn_residual,0,test-280,0.4625340378083034,0.3124658167362213
z_cn_to_cn_residual,0,test-281,0.504912141795012,0.17780080437660217
z_cn_to_cn_residual,0,test-282,-0.0034789790604594075,-0.02919277548789978
z_cn_to_cn_residual,0,test-283,1.0228237810053415,0.807599663734436
z_cn_to_cn_residual,0,test-284,-0.044024025327156165,-0.0940612256526947
z_cn_to_cn_residual,0,test-285,-0.1955533275616245,-0.28988394141197205
z_cn_to_cn_residual,0,test-286,-0.002813098481549962,-0.02914699912071228
z_cn_to_cn_residual,0,test-287,-0.09065704239956256,-0.13478073477745056
z_cn_to_cn_residual,0,test-288,1.35793738207373,0.7499033212661743
z_cn_to_cn_residual,0,test-289,-0.11078149960964469,-0.1523803174495697
z_cn_to_cn_residual,0,test-290,0.5618087898319306,0.393745094537735
z_cn_to_cn_residual,0,test-291,0.21803315624854092,0.21510282158851624
z_cn_to_cn_residual,0,test-292,0.5913922639498311,0.5229178667068481
z_cn_to_cn_residual,0,test-293,0.5499859594505343,0.6915050745010376
z_cn_to_cn_residual,0,test-294,-0.9950422905965786,-0.961959958076477
z_cn_to_cn_residual,0,test-295,0.2779926693730159,0.04569926857948303
z_cn_to_cn_residual,0,test-296,0.6345001729408056,0.5891906023025513
z_cn_to_cn_residual,0,test-297,0.6899690497383588,0.6354299783706665
z_cn_to_cn_residual,0,test-298,-0.00593228369389451,-0.03007778525352478
z_cn_to_cn_residual,0,test-299,0.0010912067988609801,-0.028871387243270874
z_cn_to_cn_residual,0,test-300,0.6912785548646264,0.7665845155715942
z_cn_to_cn_residual,0,test-301,-0.20898013394359,-0.31312164664268494
z_cn_to_cn_residual,0,test-302,0.4975938529983208,0.5059758424758911
z_cn_to_cn_residual,0,test-303,-0.002813098481549962,-0.02914699912071228
z_cn_to_cn_residual,0,test-304,0.6173586728971772,0.5315314531326294
z_cn_to_cn_residual,0,test-305,-0.0036554613792027465,-0.02920660376548767
z_cn_to_cn_residual,0,test-306,-0.30860672153291563,-0.37440070509910583
z_cn_to_cn_residual,0,test-307,0.41502905640153087,0.35145774483680725
z_cn_to_cn_residual,0,test-308,0.634961762773199,0.5919028520584106
z_cn_to_cn_residual,0,test-309,-0.0036554613792027465,-0.02920660376548767
z_cn_to_cn_residual,0,test-310,0.6894917191807426,0.6178709268569946
z_cn_to_cn_residual,0,test-311,-0.15915938445172756,-0.22676214575767517
z_cn_to_cn_residual,0,test-312,0.5464382292844422,0.40832486748695374
z_cn_to_cn_residual,0,test-313,-0.05864700761913961,-0.10682043433189392
z_cn_to_cn_residual,0,test-314,0.9157863172080091,0.6774917840957642
z_cn_to_cn_residual,0,test-315,0.0006363913580034505,-0.02890285849571228
z_cn_to_cn_residual,0,test-316,0.45426861021499787,0.4160291254520416
z_cn_to_cn_residual,0,test-317,0.07689953639068714,0.08654084801673889
z_cn_to_cn_residual,0,test-318,0.0026230950542789266,-0.02876552939414978
z_cn_to_cn_residual,0,test-319,0.5913922639498311,0.4536410868167877
z_cn_to_cn_residual,0,test-320,0.6749848634745165,0.6657510995864868
z_cn_to_cn_residual,0,test-321,-0.2781181241584144,-0.3677729070186615
z_cn_to_cn_residual,0,test-322,-0.07862923785894682,0.32958856225013733
z_cn_to_cn_residual,0,test-323,0.45426861021499787,0.45517030358314514
z_cn_to_cn_residual,0,test-324,1.0888176139850687,0.9905496835708618
z_cn_to_cn_residual,0,test-325,-0.15915938445172756,-0.22676214575767517
z_cn_to_cn_residual,0,test-326,-0.11078149960964469,-0.1523803174495697
z_cn_to_cn_residual,0,test-327,0.4975938529983208,0.4060889780521393
z_cn_to_cn_residual,0,test-328,-0.0035606765680585707,-0.029199451208114624
z_cn_to_cn_residual,0,test-329,-0.07578850766276808,-0.12178739905357361
z_cn_to_cn_residual,0,test-330,0.5339877961082178,0.5974165201187134
z_cn_to_cn_residual,0,test-331,-0.007694165471705018,-0.032945483922958374
z_cn_to_cn_residual,0,test-332,-0.13133839072801465,-0.17839178442955017
z_cn_to_cn_residual,0,test-333,-0.4340936106029696,-0.5006083250045776
z_cn_to_cn_residual,0,test-334,-0.002813098481549962,-0.02914699912071228
z_cn_to_cn_residual,0,test-335,0.9814936463776394,0.7274905443191528
z_cn_to_cn_residual,0,test-336,-0.33812649705939035,-0.3843437135219574
z_cn_to_cn_residual,0,test-337,-0.0018858338027912184,-0.029080718755722046
z_cn_to_cn_residual,0,test-338,0.016437147451202155,-0.028349727392196655
z_cn_to_cn_residual,0,test-339,-0.009524164442536962,-0.0359252393245697
z_cn_to_cn_residual,0,test-340,1.1605692126756,0.895462155342102
z_cn_to_cn_residual,0,test-341,-0.09065704239956256,-0.13478073477745056
z_cn_to_cn_residual,0,test-342,0.5823656809503006,0.4058057367801666
z_cn_to_cn_residual,0,test-343,0.6173586728971772,0.23711219429969788
z_cn_to_cn_residual,0,test-344,0.5339877961082178,0.3863798677921295
z_cn_to_cn_residual,0,test-345,0.9369652036159007,0.7189074754714966
z_cn_to_cn_residual,0,test-346,0.48367445921998253,0.3943888247013092
z_cn_to_cn_residual,0,test-347,-0.07578850766276808,-0.12178739905357361
z_cn_to_cn_residual,0,test-348,-0.3042585632391721,-0.21499428153038025
z_cn_to_cn_residual,0,test-349,-0.0018686256953188945,-0.02907976508140564
z_cn_to_cn_residual,0,test-350,0.5917823590583151,0.5636755228042603
z_cn_to_cn_residual,0,test-351,0.6173586728971772,0.4605318605899811
z_cn_to_cn_residual,0,test-352,0.6173586728971772,0.4783865511417389
z_cn_to_cn_residual,0,test-353,0.6173586728971772,0.6108704805374146
z_cn_to_cn_residual,0,test-354,-0.27733898417003,-0.3676041066646576
z_cn_to_cn_residual,0,test-355,0.016437147451202155,-0.028349727392196655
z_cn_to_cn_residual,0,test-356,-0.20898013394359,-0.31312164664268494
z_cn_to_cn_residual,0,test-357,-0.0018686256953188945,-0.02907976508140564
z_cn_to_cn_residual,0,test-358,0.6637608916981007,0.506015419960022
z_cn_to_cn_residual,0,test-359,-0.16885127416876008,-0.24358972907066345
z_cn_to_cn_residual,0,test-360,-0.830148528167549,-0.7543677091598511
z_cn_to_cn_residual,0,test-361,-0.0035606765680585707,-0.029199451208114624
z_cn_to_cn_residual,0,test-362,-0.0035606765680585707,-0.029199451208114624
z_cn_to_cn_residual,0,test-363,-0.0035606765680585707,-0.029199451208114624
z_cn_to_cn_residual,0,test-364,-0.008859578140071211,0.05981650948524475
z_cn_to_cn_residual,0,test-365,-0.13133839072801465,-0.17839178442955017
z_cn_to_cn_residual,0,test-366,0.45426861021499787,0.41704240441322327
z_cn_to_cn_residual,0,test-367,-0.33375183485569004,-0.3816915452480316
z_cn_to_cn_residual,0,test-368,0.2314850461504528,0.20649972558021545
z_cn_to_cn_residual,0,test-369,-0.05864700761913961,-0.10682043433189392
z_cn_to_cn_residual,0,test-370,-0.1955533275616245,-0.28988394141197205
z_cn_to_cn_residual,0,test-371,-0.002813098481549962,-0.02914699912071228
z_cn_to_cn_residual,0,test-372,-0.5382569319004575,-0.4631434381008148
z_cn_to_cn_residual,0,test-373,1.0242908208925827,0.8391634225845337
z_cn_to_cn_residual,0,test-374,-0.0018686256953188945,-0.02907976508140564
z_cn_to_cn_residual,0,test-375,0.6896682014994859,0.4034196436405182
z_cn_to_cn_residual,0,test-376,-0.002813098481549962,-0.02914699912071228
z_cn_to_cn_residual,0,test-377,0.6173586728971772,0.4580956995487213
z_cn_to_cn_residual,0,test-378,-0.3097537859826566,-0.37465009093284607
z_cn_to_cn_residual,0,test-379,0.5339877961082178,0.5693851709365845
z_cn_to_cn_residual,0,test-380,0.6024901381603828,0.4641238749027252
z_cn_to_cn_residual,0,test-381,0.03635404698519895,0.18721261620521545
z_cn_to_cn_residual,0,test-382,-0.009524164442536962,-0.0359252393245697
z_cn_to_cn_residual,0,test-383,-0.009524164442536962,-0.0359252393245697
z_cn_to_cn_residual,0,test-384,0.5913922639498311,0.5002490282058716
z_cn_to_cn_residual,0,test-385,0.6345001729408056,0.4737350046634674
z_cn_to_cn_residual,0,test-386,0.6899690497383588,0.5164467096328735
z_cn_to_cn_residual,0,test-387,-0.0035606765680585707,-0.029199451208114624
z_cn_to_cn_residual,0,test-388,-0.0031781308215864876,-0.029172271490097046
z_cn_to_cn_residual,0,test-389,-0.0035606765680585707,-0.029199451208114624
z_cn_to_cn_residual,0,test-390,-0.032324694674933076,-0.07451137900352478
z_cn_to_cn_residual,0,test-391,-0.0035606765680585707,-0.029199451208114624
z_cn_to_cn_residual,0,test-392,-0.0035606765680585707,-0.029199451208114624
z_cn_to_cn_residual,0,test-393,0.6894917191807426,0.5312715768814087
z_cn_to_cn_residual,0,test-394,0.4975938529983208,0.5753647089004517
z_cn_to_cn_residual,0,test-395,-0.0036554613792027465,-0.02920660376548767
z_cn_to_cn_residual,0,test-396,0.5823656809503006,0.5337449312210083
z_cn_to_cn_residual,0,test-397,0.4975938529983208,0.44774261116981506
z_cn_to_cn_residual,0,test-398,-0.0018686256953188945,-0.02907976508140564
z_cn_to_cn_residual,0,test-399,-0.002813098481549962,-0.02914699912071228
z_cn_to_cn_residual,0,test-400,-0.0031781308215864876,-0.029172271490097046
z_cn_to_cn_residual,0,test-401,0.5702273837469602,0.5170117616653442
z_cn_to_cn_residual,0,test-402,-0.0035606765680585707,-0.029199451208114624
z_cn_to_cn_residual,0,test-403,-0.002053521525395429,-0.029092639684677124
z_cn_to_cn_residual,0,test-404,-0.009524164442536962,-0.0359252393245697
z_cn_to_cn_residual,0,test-405,-0.1955533275616245,-0.28988394141197205
z_cn_to_cn_residual,0,test-406,0.6894917191807426,0.6635309457778931
z_cn_to_cn_residual,0,test-407,-0.13929599219001707,-0.1922367513179779
z_cn_to_cn_residual,0,test-408,0.6894917191807426,0.62147057056427
z_cn_to_cn_residual,0,test-409,0.5917823590583151,0.46219173073768616
z_cn_to_cn_residual,0,test-410,-0.04190258786028581,-0.09215673804283142
z_cn_to_cn_residual,0,test-411,0.11366833474633009,0.06425824761390686
z_cn_to_cn_residual,0,test-412,-0.002813098481549962,-0.02914699912071228
z_cn_to_cn_residual,0,test-413,-0.27733898417003,-0.3676041066646576
z_cn_to_cn_residual,0,test-414,0.6912785548646264,0.6322323083877563
z_cn_to_cn_residual,0,test-415,0.016437147451202155,-0.028349727392196655
z_cn_to_cn_residual,0,test-416,0.6608224858850122,0.5872212648391724
z_cn_to_cn_residual,0,test-417,-0.40480071474225116,-0.4805785119533539
z_cn_to_cn_residual,0,test-418,0.9968573720579954,0.9630676507949829
z_cn_to_cn_residual,0,test-419,0.41502905640153087,0.3727189600467682
z_cn_to_cn_residual,0,test-420,0.11452475044660182,0.28360334038734436
z_cn_to_cn_residual,0,test-421,0.6885396674914255,0.6857591867446899
z_cn_to_cn_residual,0,test-422,0.4158081963899153,0.36441054940223694
z_cn_to_cn_residual,0,test-423,-0.007694165471705018,-0.032945483922958374
z_cn_to_cn_residual,0,test-424,-0.1955533275616245,-0.28988394141197205
z_cn_to_cn_residual,0,test-425,0.4158081963899153,0.4762398302555084
z_cn_to_cn_residual,0,test-426,-0.36200354022730785,-0.4163001477718353
z_cn_to_cn_residual,0,test-427,0.5913922639498311,0.5424953699111938
z_cn_to_cn_residual,0,test-428,-0.0036554613792027465,-0.02920660376548767
z_cn_to_cn_residual,0,test-429,0.0026230950542789266,-0.02876552939414978
z_cn_to_cn_residual,0,test-430,1.190741033558266,1.10112726688385
z_cn_to_cn_residual,0,test-431,-0.05864700761913961,-0.10682043433189392
z_cn_to_cn_residual,0,test-432,0.6912785548646264,0.6322323083877563
z_cn_to_cn_residual,0,test-433,-0.13133839072801465,-0.17839178442955017
z_cn_to_cn_residual,0,test-434,-0.010206311973696352,-0.037034839391708374
z_cn_to_cn_residual,0,test-435,-0.0036554613792027465,-0.02920660376548767
z_cn_to_cn_residual,0,test-436,-0.07578850766276808,-0.12178739905357361
z_cn_to_cn_residual,0,test-437,0.2779926693730159,0.3250085413455963
z_cn_to_cn_residual,0,test-438,0.6024901381603828,0.4739362299442291
z_cn_to_cn_residual,0,test-439,0.6836230161174083,0.5455905199050903
z_cn_to_cn_residual,0,test-440,0.007736477119163819,-0.02860817313194275
z_cn_to_cn_residual,0,test-441,0.6667289091472093,0.5537916421890259
z_cn_to_cn_residual,0,test-442,-0.13330988833640284,-0.18182262778282166
z_cn_to_cn_residual,0,test-443,-0.0035606765680585707,-0.029199451208114624
z_cn_to_cn_residual,0,test-444,0.9339988208263761,0.7802654504776001
z_cn_to_cn_residual,0,test-445,0.15489024865948775,0.20813670754432678
z_cn_to_cn_residual,0,test-446,0.9878307890584649,0.7106457948684692
z_cn_to_cn_residual,0,test-447,1.007955246268547,0.934705376625061
z_cn_to_cn_residual,0,test-448,-0.0028787346636806365,-0.02915176749229431
z_cn_to_cn_residual,0,test-449,1.190741033558266,0.9180589914321899
z_cn_to_cn_residual,0,test-450,0.939452904216382,0.7881761789321899
z_cn_to_cn_residual,0,test-451,0.9030589611064851,0.7787657976150513
z_cn_to_cn_residual,0,test-452,-0.002813098481549962,-0.02914699912071228
z_cn_to_cn_residual,0,test-453,0.6173586728971772,0.564484715461731
z_cn_to_cn_residual,0,test-454,-0.5218160654288044,-0.10656532645225525
z_cn_to_cn_residual,0,test-455,-0.32311619585740226,-0.3775690495967865
z_cn_to_cn_residual,0,test-456,0.6938115739258583,0.6917616128921509
z_cn_to_cn_residual,0,test-457,-0.09065704239956256,-0.13478073477745056
z_cn_to_cn_residual,0,test-458,0.690374323407516,0.5892788171768188
z_cn_to_cn_residual,0,test-459,-0.026418271412736054,-0.06382212042808533
z_cn_to_cn_residual,0,test-460,-0.0035606765680585707,-0.029199451208114624
z_cn_to_cn_residual,0,test-461,-0.15915938445172756,-0.22676214575767517
z_cn_to_cn_residual,0,test-462,0.5618087898319306,0.534302830696106
z_cn_to_cn_residual,0,test-463,0.9030589611064851,0.7245079278945923
z_cn_to_cn_residual,0,test-464,0.5823656809503006,0.4345618784427643
z_cn_to_cn_residual,0,test-465,-0.0004881954264035043,-0.028982490301132202
z_cn_to_cn_residual,0,test-466,0.6895865039918867,0.6177555322647095
z_cn_to_cn_residual,0,test-467,0.6854530150882403,0.5129719972610474
z_cn_to_cn_residual,0,test-468,-0.0004881954264035043,-0.028982490301132202
z_cn_to_cn_residual,0,test-469,0.4158081963899153,0.2583877146244049
z_cn_to_cn_residual,0,test-470,0.560355356767652,0.6431180238723755
z_cn_to_cn_residual,0,test-471,-0.1955533275616245,-0.28988394141197205
z_cn_to_cn_residual,0,test-472,-0.11078149960964469,-0.1523803174495697
z_cn_to_cn_residual,0,test-473,-0.0028787346636806365,-0.02915176749229431
z_cn_to_cn_residual,0,test-474,0.4158081963899153,0.3627559244632721
z_cn_to_cn_residual,0,test-475,-0.0031781308215864876,-0.029172271490097046
z_cn_to_cn_residual,0,test-476,0.38576956172760457,0.38708892464637756
z_cn_to_cn_residual,0,test-477,0.11366833474633009,0.2531534731388092
z_cn_to_cn_residual,0,test-478,0.6345001729408056,0.5891906023025513
z_cn_to_cn_residual,0,test-479,-0.10175491661011418,-0.14448389410972595
z_cn_to_cn_residual,0,test-480,0.5917823590583151,0.4874826967716217
z_cn_to_cn_residual,0,test-481,0.4975938529983208,0.46787229180336
z_cn_to_cn_residual,0,test-482,0.7015560682294257,0.7401372194290161
z_cn_to_cn_residual,0,test-483,-0.009524164442536962,-0.0359252393245697
z_cn_to_cn_residual,0,test-484,0.5702273837469602,0.41198745369911194
z_cn_to_cn_residual,0,test-485,0.4841670466163553,0.4360577166080475
z_cn_to_cn_residual,0,test-486,-0.0036554613792027465,-0.02920660376548767
z_cn_to_cn_residual,0,test-487,-0.002813098481549962,-0.02914699912071228
z_cn_to_cn_residual,0,test-488,-0.21986076979624922,-0.3319285809993744
z_cn_to_cn_residual,0,test-489,-0.0036554613792027465,-0.02920660376548767
z_cn_to_cn_residual,0,test-490,-0.005086360255747422,-0.029308170080184937
z_cn_to_cn_residual,0,test-491,-0.0035606765680585707,-0.029199451208114624
z_cn_to_cn_residual,0,test-492,-0.0036554613792027465,-0.02920660376548767
z_cn_to_cn_residual,0,test-493,0.7678342906695491,0.6830569505691528
z_cn_to_cn_residual,0,test-494,-0.0018686256953188945,-0.02907976508140564
z_cn_to_cn_residual,0,test-495,-0.33375183485569004,-0.3816915452480316
z_cn_to_cn_residual,0,test-496,-0.0035606765680585707,-0.029199451208114624
z_cn_to_cn_residual,0,test-497,0.6872148968660508,0.5814996957778931
z_cn_to_cn_residual,0,test-498,-0.009524164442536962,-0.0359252393245697
z_cn_to_cn_residual,0,test-499,-0.5217296614644599,-0.45321664214134216
z_cn_to_cn_residual,0,test-500,-0.3073776188323407,-0.3741322457790375
z_cn_to_cn_residual,0,test-501,0.6829408685862489,0.5712004899978638
z_cn_to_cn_residual,0,test-502,0.41502905640153087,0.46400418877601624
z_cn_to_cn_residual,0,test-503,-0.08022471546986565,0.006786972284317017
z_cn_to_cn_residual,0,test-504,-0.47511402431140437,-0.4458220899105072
z_cn_to_cn_residual,0,test-505,0.6345001729408056,0.36515775322914124
z_cn_to_cn_residual,0,test-506,-0.4340936106029696,-0.5006083250045776
z_cn_to_cn_residual,0,test-507,-0.0034789790604594075,-0.02919277548789978
z_cn_to_cn_residual,0,test-508,-0.5810323630174453,-0.4941907823085785
z_cn_to_cn_residual,0,test-509,0.35502068350055493,0.24678054451942444
z_cn_to_cn_residual,0,test-510,0.9297740279230993,0.8850275278091431
z_cn_to_cn_residual,0,test-511,-0.026418271412736054,-0.06382212042808533
z_cn_to_degree,1,test-0,4.6443908991413725,3.6287245750427246
z_cn_to_degree,1,test-1,3.988984046564274,4.091833591461182
z_cn_to_degree,1,test-2,4.584967478670572,4.810110569000244
z_cn_to_degree,1,test-3,4.962844630259907,5.349921226501465
z_cn_to_degree,1,test-4,3.1780538303479453,3.38100004196167
z_cn_to_degree,1,test-5,4.77912349311153,5.0927252769470215
z_cn_to_degree,1,test-6,3.8066624897703196,4.335752487182617
z_cn_to_degree,1,test-7,5.966146739123692,5.596965312957764
z_cn_to_degree,1,test-8,3.6635616461296463,3.8144659996032715
z_cn_to_degree,1,test-9,3.0445224377234226,3.46144437789917
z_cn_to_degree,1,test-10,3.6888794541139367,4.262875556945801
z_cn_to_degree,1,test-11,3.401197381662155,2.880894184112549
z_cn_to_degree,1,test-12,3.9120230054281464,4.5427632331848145
z_cn_to_degree,1,test-13,0.6931471805599453,2.63126802444458
z_cn_to_degree,1,test-14,4.74493212836325,4.69856595993042
z_cn_to_degree,1,test-15,4.0943445622221,3.1872687339782715
z_cn_to_degree,1,test-16,1.791759469228055,3.507188320159912
z_cn_to_degree,1,test-17,4.394449154672438,3.732353687286377
z_cn_to_degree,1,test-18,4.718498871295095,2.7117514610290527
z_cn_to_degree,1,test-19,0.6931471805599453,2.63126802444458
z_cn_to_degree,1,test-20,3.0445224377234226,3.46144437789917
z_cn_to_degree,1,test-21,3.1780538303479458,2.6359829902648926
z_cn_to_degree,1,test-22,3.465735902799726,3.895559787750244
z_cn_to_degree,1,test-23,3.401197381662155,4.14610481262207
z_cn_to_degree,1,test-24,1.0986122886681096,2.634782314300537
z_cn_to_degree,1,test-25,3.5553480614894135,3.4899497032165527
z_cn_to_degree,1,test-26,4.189654742026425,5.092846870422363
z_cn_to_degree,1,test-27,2.3025850929940455,2.909207820892334
z_cn_to_degree,1,test-28,3.465735902799726,4.210606098175049
z_cn_to_degree,1,test-29,2.8903717578961645,3.26981782913208
z_cn_to_degree,1,test-30,3.688879454113936,4.488596439361572
z_cn_to_degree,1,test-31,4.882801922586371,3.5583081245422363
z_cn_to_degree,1,test-32,4.553876891600541,4.203873157501221
z_cn_to_degree,1,test-33,3.58351893845611,4.314639091491699
z_cn_to_degree,1,test-34,3.58351893845611,3.2823281288146973
z_cn_to_degree,1,test-35,3.1780538303479453,3.893404006958008
z_cn_to_degree,1,test-36,2.772588722239781,3.7025399208068848
z_cn_to_degree,1,test-37,1.3862943611198906,2.639986515045166
z_cn_to_degree,1,test-38,2.3025850929940455,2.6332411766052246
z_cn_to_degree,1,test-39,3.9889840465642745,2.742095470428467
z_cn_to_degree,1,test-40,1.791759469228055,2.63126802444458
z_cn_to_degree,1,test-41,3.951243718581427,3.693692684173584
z_cn_to_degree,1,test-42,3.6888794541139367,3.9254631996154785
z_cn_to_degree,1,test-43,6.040254711277413,3.3810982704162598
z_cn_to_degree,1,test-44,2.484906649788,3.161581516265869
z_cn_to_degree,1,test-45,3.1780538303479453,4.472609043121338
z_cn_to_degree,1,test-46,0.6931471805599453,2.63126802444458
z_cn_to_degree,1,test-47,4.941642422609304,4.824162006378174
z_cn_to_degree,1,test-48,0.0,2.639986515045166
z_cn_to_degree,1,test-49,2.8903717578961645,3.2949090003967285
z_cn_to_degree,1,test-50,6.040254711277413,3.8797812461853027
z_cn_to_degree,1,test-51,3.332204510175204,3.4359326362609863
z_cn_to_degree,1,test-52,2.995732273553991,4.05199670791626
z_cn_to_degree,1,test-53,6.327936783729195,4.905542373657227
z_cn_to_degree,1,test-54,2.8903717578961645,3.3843331336975098
z_cn_to_degree,1,test-55,2.6390573296152584,2.631690502166748
z_cn_to_degree,1,test-56,4.927253685157204,5.5110321044921875
z_cn_to_degree,1,test-57,2.7080502011022096,3.2893052101135254
z_cn_to_degree,1,test-58,5.272999558563747,4.339603900909424
z_cn_to_degree,1,test-59,3.9889840465642745,4.324258804321289
z_cn_to_degree,1,test-60,2.0794415416798357,2.5379233360290527
z_cn_to_degree,1,test-61,4.7535901911063645,4.1584153175354
z_cn_to_degree,1,test-62,2.1972245773362196,2.647094249725342
z_cn_to_degree,1,test-63,2.3978952727983707,2.6528849601745605
z_cn_to_degree,1,test-64,1.3862943611198906,2.639986515045166
z_cn_to_degree,1,test-65,3.58351893845611,3.6541543006896973
z_cn_to_degree,1,test-66,2.8903717578961645,3.7828125953674316
z_cn_to_degree,1,test-67,2.4849066497880004,2.6480154991149902
z_cn_to_degree,1,test-68,2.4849066497880004,2.6480154991149902
z_cn_to_degree,1,test-69,4.90527477843843,5.214637756347656
z_cn_to_degree,1,test-70,3.2188758248682006,3.731259822845459
z_cn_to_degree,1,test-71,2.995732273553991,3.3260560035705566
z_cn_to_degree,1,test-72,4.0943445622221,3.582437038421631
z_cn_to_degree,1,test-73,1.791759469228055,2.63126802444458
z_cn_to_degree,1,test-74,3.951243718581427,4.3087334632873535
z_cn_to_degree,1,test-75,2.7080502011022096,3.2893052101135254
z_cn_to_degree,1,test-76,3.0445224377234226,2.4759135246276855
z_cn_to_degree,1,test-77,1.0986122886681096,2.634782314300537
z_cn_to_degree,1,test-78,3.0445224377234226,3.861523151397705
z_cn_to_degree,1,test-79,1.3862943611198906,2.6351218223571777
z_cn_to_degree,1,test-80,1.791759469228055,2.63126802444458
z_cn_to_degree,1,test-81,3.688879454113936,3.8850951194763184
z_cn_to_degree,1,test-82,3.58351893845611,4.162831783294678
z_cn_to_degree,1,test-83,3.465735902799726,3.4849963188171387
z_cn_to_degree,1,test-84,4.025351690735149,3.5888619422912598
z_cn_to_degree,1,test-85,4.718498871295094,4.322927951812744
z_cn_to_degree,1,test-86,3.988984046564274,4.091833591461182
z_cn_to_degree,1,test-87,3.332204510175204,3.7123866081237793
z_cn_to_degree,1,test-88,2.7080502011022096,3.2893052101135254
z_cn_to_degree,1,test-89,2.6390573296152584,2.631690502166748
z_cn_to_degree,1,test-90,3.332204510175204,4.1489152908325195
z_cn_to_degree,1,test-91,2.484906649788,3.161581516265869
z_cn_to_degree,1,test-92,2.0794415416798357,2.6307835578918457
z_cn_to_degree,1,test-93,3.1780538303479453,3.186580181121826
z_cn_to_degree,1,test-94,5.272999558563747,3.542172908782959
z_cn_to_degree,1,test-95,2.484906649788,3.161581516265869
z_cn_to_degree,1,test-96,3.4011973816621555,2.9809298515319824
z_cn_to_degree,1,test-97,7.50659178007084,7.072937488555908
z_cn_to_degree,1,test-98,4.465908118654584,3.5926947593688965
z_cn_to_degree,1,test-99,2.3025850929940455,2.6332411766052246
z_cn_to_degree,1,test-100,2.7080502011022096,3.2893052101135254
z_cn_to_degree,1,test-101,3.58351893845611,4.328330993652344
z_cn_to_degree,1,test-102,2.7080502011022096,3.5122551918029785
z_cn_to_degree,1,test-103,4.02535169073515,3.1938700675964355
z_cn_to_degree,1,test-104,2.772588722239781,3.7025399208068848
z_cn_to_degree,1,test-105,2.197224577336219,3.4378066062927246
z_cn_to_degree,1,test-106,1.0986122886681096,2.634782314300537
z_cn_to_degree,1,test-107,3.5263605246161616,2.8420491218566895
z_cn_to_degree,1,test-108,0.6931471805599453,2.63126802444458
z_cn_to_degree,1,test-109,6.327936783729195,4.745858669281006
z_cn_to_degree,1,test-110,3.58351893845611,3.79649019241333
z_cn_to_degree,1,test-111,2.0794415416798357,2.6307835578918457
z_cn_to_degree,1,test-112,2.8903717578961645,2.7941441535949707
z_cn_to_degree,1,test-113,5.0106352940962555,4.046331882476807
z_cn_to_degree,1,test-114,3.688879454113936,4.222164154052734
z_cn_to_degree,1,test-115,1.3862943611198906,2.6351218223571777
z_cn_to_degree,1,test-116,1.3862943611198906,2.76082181930542
z_cn_to_degree,1,test-117,7.3395376954076745,6.4915595054626465
z_cn_to_degree,1,test-118,4.304065093204169,3.163198947906494
z_cn_to_degree,1,test-119,3.2188758248682006,4.144744396209717
z_cn_to_degree,1,test-120,6.733401891837358,4.429063320159912
z_cn_to_degree,1,test-121,2.484906649788,3.0511298179626465
z_cn_to_degree,1,test-122,2.995732273553991,3.4863009452819824
z_cn_to_degree,1,test-123,3.58351893845611,4.214582920074463
z_cn_to_degree,1,test-124,1.791759469228055,2.6683669090270996
z_cn_to_degree,1,test-125,2.6390573296152584,2.631690502166748
z_cn_to_degree,1,test-126,2.197224577336219,3.0137972831726074
z_cn_to_degree,1,test-127,2.484906649788,3.9241557121276855
z_cn_to_degree,1,test-128,1.791759469228055,2.63126802444458
z_cn_to_degree,1,test-129,3.6635616461296463,3.8144659996032715
z_cn_to_degree,1,test-130,2.5649493574615367,2.639893054962158
z_cn_to_degree,1,test-131,2.995732273553991,4.311234951019287
z_cn_to_degree,1,test-132,3.688879454113936,4.222164154052734
z_cn_to_degree,1,test-133,5.560681631015528,4.283963203430176
z_cn_to_degree,1,test-134,2.197224577336219,3.0137972831726074
z_cn_to_degree,1,test-135,2.772588722239781,3.8103137016296387
z_cn_to_degree,1,test-136,2.772588722239781,4.0632500648498535
z_cn_to_degree,1,test-137,3.688879454113936,3.8837695121765137
z_cn_to_degree,1,test-138,2.1972245773362196,2.647094249725342
z_cn_to_degree,1,test-139,2.995732273553991,3.842402458190918
z_cn_to_degree,1,test-140,2.8903717578961645,3.3843331336975098
z_cn_to_degree,1,test-141,4.31748811353631,4.271697998046875
z_cn_to_degree,1,test-142,1.791759469228055,2.63126802444458
z_cn_to_degree,1,test-143,3.332204510175204,4.1489152908325195
z_cn_to_degree,1,test-144,2.7080502011022096,3.2893052101135254
z_cn_to_degree,1,test-145,2.0794415416798357,2.6307835578918457
z_cn_to_degree,1,test-146,4.882801922586371,2.7857251167297363
z_cn_to_degree,1,test-147,3.465735902799726,4.16504430770874
z_cn_to_degree,1,test-148,3.332204510175204,4.1489152908325195
z_cn_to_degree,1,test-149,6.327936783729195,4.402328014373779
z_cn_to_degree,1,test-150,3.2188758248682006,4.144744396209717
z_cn_to_degree,1,test-151,3.9318256327243257,3.8952670097351074
z_cn_to_degree,1,test-152,3.295836866004329,2.826162815093994
z_cn_to_degree,1,test-153,3.4011973816621555,2.639029026031494
z_cn_to_degree,1,test-154,4.0943445622221,4.076542377471924
z_cn_to_degree,1,test-155,2.0794415416798357,2.616652011871338
z_cn_to_degree,1,test-156,2.3025850929940455,2.6332411766052246
z_cn_to_degree,1,test-157,5.41164605185504,5.680943965911865
z_cn_to_degree,1,test-158,4.564348191467836,3.5939316749572754
z_cn_to_degree,1,test-159,0.0,2.639986515045166
z_cn_to_degree,1,test-160,2.7080502011022096,3.646205425262451
z_cn_to_degree,1,test-161,2.9444389791664403,2.777026653289795
z_cn_to_degree,1,test-162,1.3862943611198906,2.6351218223571777
z_cn_to_degree,1,test-163,2.8903717578961645,3.660057544708252
z_cn_to_degree,1,test-164,1.791759469228055,2.63126802444458
z_cn_to_degree,1,test-165,5.560681631015528,4.074315547943115
z_cn_to_degree,1,test-166,1.0986122886681096,2.634782314300537
z_cn_to_degree,1,test-167,3.5553480614894135,4.272804260253906
z_cn_to_degree,1,test-168,4.499809670330265,4.89672327041626
z_cn_to_degree,1,test-169,3.5553480614894135,4.574624538421631
z_cn_to_degree,1,test-170,1.791759469228055,2.63126802444458
z_cn_to_degree,1,test-171,2.0794415416798357,2.6307835578918457
z_cn_to_degree,1,test-172,5.288267030694534,3.900515079498291
z_cn_to_degree,1,test-173,1.3862943611198906,2.6351218223571777
z_cn_to_degree,1,test-174,2.484906649788,3.161581516265869
z_cn_to_degree,1,test-175,3.9120230054281464,4.229243755340576
z_cn_to_degree,1,test-176,2.8903717578961645,3.3843331336975098
z_cn_to_degree,1,test-177,4.499809670330265,5.041707515716553
z_cn_to_degree,1,test-178,4.867534450455582,3.4745144844055176
z_cn_to_degree,1,test-179,4.718498871295095,2.7117514610290527
z_cn_to_degree,1,test-180,1.3862943611198906,2.6351218223571777
z_cn_to_degree,1,test-181,3.58351893845611,2.6348233222961426
z_cn_to_degree,1,test-182,3.58351893845611,4.314639091491699
z_cn_to_degree,1,test-183,3.465735902799726,4.261772632598877
z_cn_to_degree,1,test-184,0.0,2.639986515045166
z_cn_to_degree,1,test-185,7.24422751560335,6.323146343231201
z_cn_to_degree,1,test-186,3.332204510175204,4.1489152908325195
z_cn_to_degree,1,test-187,3.401197381662155,4.019078731536865
z_cn_to_degree,1,test-188,3.332204510175204,4.1489152908325195
z_cn_to_degree,1,test-189,2.484906649788,3.161581516265869
z_cn_to_degree,1,test-190,2.197224577336219,3.0137972831726074
z_cn_to_degree,1,test-191,2.7080502011022096,3.5142416954040527
z_cn_to_degree,1,test-192,2.0794415416798357,2.6307835578918457
z_cn_to_degree,1,test-193,1.791759469228055,2.63126802444458
z_cn_to_degree,1,test-194,3.0445224377234226,2.792418956756592
z_cn_to_degree,1,test-195,2.995732273553991,3.842402458190918
z_cn_to_degree,1,test-196,3.58351893845611,2.6348233222961426
z_cn_to_degree,1,test-197,4.90527477843843,4.7319865226745605
z_cn_to_degree,1,test-198,4.5217885770490405,4.305510997772217
z_cn_to_degree,1,test-199,2.484906649788,3.161581516265869
z_cn_to_degree,1,test-200,4.709530201312334,3.611663341522217
z_cn_to_degree,1,test-201,1.0986122886681096,2.634782314300537
z_cn_to_degree,1,test-202,1.0986122886681096,2.634782314300537
z_cn_to_degree,1,test-203,3.0445224377234226,3.46144437789917
z_cn_to_degree,1,test-204,2.484906649788,3.161581516265869
z_cn_to_degree,1,test-205,2.6390573296152584,3.096858501434326
z_cn_to_degree,1,test-206,2.197224577336219,3.0137972831726074
z_cn_to_degree,1,test-207,3.58351893845611,4.314639091491699
z_cn_to_degree,1,test-208,4.248495242049359,4.040420055389404
z_cn_to_degree,1,test-209,4.0943445622221,4.322714805603027
z_cn_to_degree,1,test-210,4.836281906951478,4.960758686065674
z_cn_to_degree,1,test-211,4.976733742420574,4.6998724937438965
z_cn_to_degree,1,test-212,3.0445224377234226,3.8225226402282715
z_cn_to_degree,1,test-213,4.499809670330265,2.6387600898742676
z_cn_to_degree,1,test-214,1.3862943611198906,2.639986515045166
z_cn_to_degree,1,test-215,5.560681631015528,4.345113277435303
z_cn_to_degree,1,test-216,2.0794415416798357,2.6307835578918457
z_cn_to_degree,1,test-217,0.6931471805599453,2.63126802444458
z_cn_to_degree,1,test-218,1.791759469228055,3.496673107147217
z_cn_to_degree,1,test-219,3.0445224377234226,3.46144437789917
z_cn_to_degree,1,test-220,3.58351893845611,4.328330993652344
z_cn_to_degree,1,test-221,2.995732273553991,3.842402458190918
z_cn_to_degree,1,test-222,2.0794415416798357,2.6307835578918457
z_cn_to_degree,1,test-223,3.8712010109078907,3.8952670097351074
z_cn_to_degree,1,test-224,0.0,2.639986515045166
z_cn_to_degree,1,test-225,3.332204510175204,3.861428737640381
z_cn_to_degree,1,test-226,2.0794415416798357,2.6307835578918457
z_cn_to_degree,1,test-227,2.772588722239781,3.8053364753723145
z_cn_to_degree,1,test-228,1.791759469228055,2.63126802444458
z_cn_to_degree,1,test-229,2.197224577336219,3.0137972831726074
z_cn_to_degree,1,test-230,3.4011973816621555,3.593618869781494
z_cn_to_degree,1,test-231,4.430816798843313,4.30189847946167
z_cn_to_degree,1,test-232,4.276666119016055,5.01282262802124
z_cn_to_degree,1,test-233,1.791759469228055,2.6351218223571777
z_cn_to_degree,1,test-234,3.58351893845611,4.328330993652344
z_cn_to_degree,1,test-235,3.1780538303479453,3.544891834259033
z_cn_to_degree,1,test-236,2.8903717578961645,3.3843331336975098
z_cn_to_degree,1,test-237,2.8903717578961645,3.3843331336975098
z_cn_to_degree,1,test-238,3.0445224377234226,3.46144437789917
z_cn_to_degree,1,test-239,5.780743515792329,4.858232021331787
z_cn_to_degree,1,test-240,6.327936783729195,4.1615681648254395
z_cn_to_degree,1,test-241,0.6931471805599453,2.63126802444458
z_cn_to_degree,1,test-242,2.4849066497880004,2.6480154991149902
z_cn_to_degree,1,test-243,2.8903717578961645,3.25093412399292
z_cn_to_degree,1,test-244,2.197224577336219,3.822265148162842
z_cn_to_degree,1,test-245,3.0445224377234226,3.46144437789917
z_cn_to_degree,1,test-246,5.087596335232384,4.275327682495117
z_cn_to_degree,1,test-247,2.7080502011022096,3.4466261863708496
z_cn_to_degree,1,test-248,4.74493212836325,5.550373077392578
z_cn_to_degree,1,test-249,1.791759469228055,2.63126802444458
z_cn_to_degree,1,test-250,3.8066624897703196,4.335752487182617
z_cn_to_degree,1,test-251,3.951243718581427,4.3087334632873535
z_cn_to_degree,1,test-252,1.3862943611198906,2.6351218223571777
z_cn_to_degree,1,test-253,4.718498871295095,2.7117514610290527
z_cn_to_degree,1,test-254,3.465735902799726,4.261772632598877
z_cn_to_degree,1,test-255,2.7080502011022096,3.2893052101135254
z_cn_to_degree,1,test-256,2.6390573296152584,2.631690502166748
z_cn_to_degree,1,test-257,5.19295685089021,3.9748806953430176
z_cn_to_degree,1,test-258,0.0,2.639986515045166
z_cn_to_degree,1,test-259,5.98141421125448,4.363016605377197
z_cn_to_degree,1,test-260,3.8712010109078907,4.9586663246154785
z_cn_to_degree,1,test-261,2.9957322735539913,2.623408794403076
z_cn_to_degree,1,test-262,1.0986122886681096,2.634782314300537
z_cn_to_degree,1,test-263,3.401197381662155,3.6277050971984863
z_cn_to_degree,1,test-264,2.995732273553991,4.060391902923584
z_cn_to_degree,1,test-265,2.995732273553991,3.842402458190918
z_cn_to_degree,1,test-266,4.1588830833596715,4.2469611167907715
z_cn_to_degree,1,test-267,4.31748811353631,4.271697998046875
z_cn_to_degree,1,test-268,1.791759469228055,3.5069689750671387
z_cn_to_degree,1,test-269,2.0794415416798357,3.882999897003174
z_cn_to_degree,1,test-270,2.7080502011022096,3.2893052101135254
z_cn_to_degree,1,test-271,6.476972362889683,6.523606777191162
z_cn_to_degree,1,test-272,1.791759469228055,2.63126802444458
z_cn_to_degree,1,test-273,3.0445224377234226,3.8177218437194824
z_cn_to_degree,1,test-274,3.737669618283368,4.941000461578369
z_cn_to_degree,1,test-275,3.1780538303479453,3.6948323249816895
z_cn_to_degree,1,test-276,2.772588722239781,3.8503212928771973
z_cn_to_degree,1,test-277,2.7080502011022096,3.2893052101135254
z_cn_to_degree,1,test-278,2.0794415416798357,2.6552252769470215
z_cn_to_degree,1,test-279,3.332204510175204,4.1489152908325195
z_cn_to_degree,1,test-280,5.220355825078324,3.7867836952209473
z_cn_to_degree,1,test-281,3.6635616461296463,3.957160472869873
z_cn_to_degree,1,test-282,2.6390573296152584,2.631690502166748
z_cn_to_degree,1,test-283,2.484906649788,3.651101589202881
z_cn_to_degree,1,test-284,3.9512437185814275,2.887265682220459
z_cn_to_degree,1,test-285,2.995732273553991,3.842402458190918
z_cn_to_degree,1,test-286,1.6094379124341003,2.6351218223571777
z_cn_to_degree,1,test-287,2.7080502011022096,3.2893052101135254
z_cn_to_degree,1,test-288,6.461468176353717,6.437772274017334
z_cn_to_degree,1,test-289,3.0445224377234226,3.46144437789917
z_cn_to_degree,1,test-290,3.4965075614664802,3.6957859992980957
z_cn_to_degree,1,test-291,4.499809670330265,4.37509298324585
z_cn_to_degree,1,test-292,2.8903717578961645,3.0282320976257324
z_cn_to_degree,1,test-293,5.60947179518496,4.282016277313232
z_cn_to_degree,1,test-294,5.375278407684165,5.992959976196289
z_cn_to_degree,1,test-295,3.6888794541139367,4.602912425994873
z_cn_to_degree,1,test-296,2.197224577336219,3.2561869621276855
z_cn_to_degree,1,test-297,2.3025850929940455,3.0565648078918457
z_cn_to_degree,1,test-298,3.7376696182833684,2.6243977546691895
z_cn_to_degree,1,test-299,2.0794415416798357,2.6552252769470215
z_cn_to_degree,1,test-300,1.3862943611198906,2.807075023651123
z_cn_to_degree,1,test-301,3.1780538303479453,3.893404006958008
z_cn_to_degree,1,test-302,2.995732273553991,3.790762424468994
z_cn_to_degree,1,test-303,1.6094379124341003,2.6351218223571777
z_cn_to_degree,1,test-304,2.484906649788,3.1792960166931152
z_cn_to_degree,1,test-305,2.0794415416798357,2.6307835578918457
z_cn_to_degree,1,test-306,4.382026634673881,4.257721900939941
z_cn_to_degree,1,test-307,3.332204510175204,3.5659966468811035
z_cn_to_degree,1,test-308,5.556828061699537,4.503342151641846
z_cn_to_degree,1,test-309,2.0794415416798357,2.6307835578918457
z_cn_to_degree,1,test-310,2.0794415416798357,2.4360804557800293
z_cn_to_degree,1,test-311,2.772588722239781,3.7025399208068848
z_cn_to_degree,1,test-312,3.58351893845611,3.779201030731201
z_cn_to_degree,1,test-313,2.197224577336219,3.0137972831726074
z_cn_to_degree,1,test-314,3.8918202981106265,5.009150981903076
z_cn_to_degree,1,test-315,2.4849066497880004,2.6528849601745605
z_cn_to_degree,1,test-316,6.733401891837358,5.430797100067139
z_cn_to_degree,1,test-317,4.941642422609304,5.141796588897705
z_cn_to_degree,1,test-318,1.9459101490553132,2.6633381843566895
z_cn_to_degree,1,test-319,2.8903717578961645,3.7992281913757324
z_cn_to_degree,1,test-320,5.41164605185504,5.887186527252197
z_cn_to_degree,1,test-321,3.332204510175204,4.1489152908325195
z_cn_to_degree,1,test-322,6.73340189183736,5.562143802642822
z_cn_to_degree,1,test-323,6.733401891837358,5.231576442718506
z_cn_to_degree,1,test-324,6.104793232414986,5.328677654266357
z_cn_to_degree,1,test-325,2.772588722239781,3.7025399208068848
z_cn_to_degree,1,test-326,3.0445224377234226,3.46144437789917
z_cn_to_degree,1,test-327,2.995732273553991,3.0146613121032715
z_cn_to_degree,1,test-328,0.6931471805599453,2.63126802444458
z_cn_to_degree,1,test-329,2.484906649788,3.161581516265869
z_cn_to_degree,1,test-330,2.772588722239781,3.1755547523498535
z_cn_to_degree,1,test-331,3.091042453358316,2.6359829902648926
z_cn_to_degree,1,test-332,3.4011973816621555,3.5940470695495605
z_cn_to_degree,1,test-333,3.688879454113936,4.222164154052734
z_cn_to_degree,1,test-334,1.6094379124341003,2.6351218223571777
z_cn_to_degree,1,test-335,3.5553480614894135,5.1077561378479
z_cn_to_degree,1,test-336,3.8712010109078907,4.322205066680908
z_cn_to_degree,1,test-337,2.70805020110221,2.639893054962158
z_cn_to_degree,1,test-338,2.8903717578961645,2.7941441535949707
z_cn_to_degree,1,test-339,2.4849066497880004,2.6480154991149902
z_cn_to_degree,1,test-340,4.51085950651685,5.237146854400635
z_cn_to_degree,1,test-341,2.7080502011022096,3.2893052101135254
z_cn_to_degree,1,test-342,3.0445224377234226,3.7787928581237793
z_cn_to_degree,1,test-343,2.484906649788,3.6949448585510254
z_cn_to_degree,1,test-344,2.772588722239781,3.6860108375549316
z_cn_to_degree,1,test-345,4.143134726391533,4.308311939239502
z_cn_to_degree,1,test-346,3.9318256327243257,3.8471550941467285
z_cn_to_degree,1,test-347,2.484906649788,3.161581516265869
z_cn_to_degree,1,test-348,4.787491742782047,5.799593448638916
z_cn_to_degree,1,test-349,1.3862943611198906,2.639986515045166
z_cn_to_degree,1,test-350,3.1780538303479453,3.3214497566223145
z_cn_to_degree,1,test-351,2.484906649788,3.6086392402648926
z_cn_to_degree,1,test-352,2.484906649788,2.774834156036377
z_cn_to_degree,1,test-353,2.484906649788,2.703181743621826
z_cn_to_degree,1,test-354,3.401197381662155,4.14610481262207
z_cn_to_degree,1,test-355,2.8903717578961645,2.7941441535949707
z_cn_to_degree,1,test-356,3.1780538303479453,3.893404006958008
z_cn_to_degree,1,test-357,1.3862943611198906,2.639986515045166
z_cn_to_degree,1,test-358,4.882801922586371,3.4712023735046387
z_cn_to_degree,1,test-359,4.234106504597259,3.740016460418701
z_cn_to_degree,1,test-360,5.6937321388027,5.409050941467285
z_cn_to_degree,1,test-361,0.6931471805599453,2.63126802444458
z_cn_to_degree,1,test-362,1.791759469228055,2.63126802444458
z_cn_to_degree,1,test-363,1.791759469228055,2.63126802444458
z_cn_to_degree,1,test-364,5.966146739123692,4.850488185882568
z_cn_to_degree,1,test-365,3.4965075614664802,3.5940470695495605
z_cn_to_degree,1,test-366,6.733401891837358,5.377468585968018
z_cn_to_degree,1,test-367,5.272999558563747,4.325860500335693
z_cn_to_degree,1,test-368,3.737669618283368,4.485231876373291
z_cn_to_degree,1,test-369,2.197224577336219,3.0137972831726074
z_cn_to_degree,1,test-370,2.995732273553991,3.842402458190918
z_cn_to_degree,1,test-371,1.3862943611198906,2.6351218223571777
z_cn_to_degree,1,test-372,6.327936783729195,4.905542373657227
z_cn_to_degree,1,test-373,4.430816798843313,4.618252277374268
z_cn_to_degree,1,test-374,0.0,2.639986515045166
z_cn_to_degree,1,test-375,2.6390573296152584,3.836188793182373
z_cn_to_degree,1,test-376,1.6094379124341003,2.6351218223571777
z_cn_to_degree,1,test-377,2.484906649788,3.483248233795166
z_cn_to_degree,1,test-378,3.465735902799726,4.261772632598877
z_cn_to_degree,1,test-379,2.772588722239781,2.933520793914795
z_cn_to_degree,1,test-380,2.7080502011022096,3.3543848991394043
z_cn_to_degree,1,test-381,4.74493212836325,4.593857288360596
z_cn_to_degree,1,test-382,2.4849066497880004,2.6480154991149902
z_cn_to_degree,1,test-383,2.4849066497880004,2.6480154991149902
z_cn_to_degree,1,test-384,2.8903717578961645,3.665510654449463
z_cn_to_degree,1,test-385,2.197224577336219,3.564152240753174
z_cn_to_degree,1,test-386,2.3025850929940455,3.420231342315674
z_cn_to_degree,1,test-387,1.791759469228055,2.63126802444458
z_cn_to_degree,1,test-388,2.3025850929940455,2.6332411766052246
z_cn_to_degree,1,test-389,0.6931471805599453,2.63126802444458
z_cn_to_degree,1,test-390,4.276666119016055,2.8091931343078613
z_cn_to_degree,1,test-391,1.791759469228055,2.63126802444458
z_cn_to_degree,1,test-392,1.791759469228055,2.63126802444458
z_cn_to_degree,1,test-393,2.0794415416798357,3.3953213691711426
z_cn_to_degree,1,test-394,2.995732273553991,3.3250069618225098
z_cn_to_degree,1,test-395,2.0794415416798357,2.6307835578918457
z_cn_to_degree,1,test-396,3.0445224377234226,3.3940396308898926
z_cn_to_degree,1,test-397,2.995732273553991,3.660412311553955
z_cn_to_degree,1,test-398,0.0,2.639986515045166
z_cn_to_degree,1,test-399,1.3862943611198906,2.6351218223571777
z_cn_to_degree,1,test-400,2.3025850929940455,2.6332411766052246
z_cn_to_degree,1,test-401,3.295836866004329,3.603273868560791
z_cn_to_degree,1,test-402,1.791759469228055,2.63126802444458
z_cn_to_degree,1,test-403,3.4011973816621555,2.639029026031494
z_cn_to_degree,1,test-404,2.4849066497880004,2.6480154991149902
z_cn_to_degree,1,test-405,2.995732273553991,3.842402458190918
z_cn_to_degree,1,test-406,2.0794415416798357,2.6269803047180176
z_cn_to_degree,1,test-407,5.288267030694534,3.6252169609069824
z_cn_to_degree,1,test-408,2.0794415416798357,2.677100658416748
z_cn_to_degree,1,test-409,3.1780538303479453,3.1791157722473145
z_cn_to_degree,1,test-410,3.828641396489095,2.8690505027770996
z_cn_to_degree,1,test-411,4.90527477843843,5.011447429656982
z_cn_to_degree,1,test-412,1.791759469228055,2.6351218223571777
z_cn_to_degree,1,test-413,3.401197381662155,4.14610481262207
z_cn_to_degree,1,test-414,1.3862943611198906,2.339974880218506
z_cn_to_degree,1,test-415,2.8903717578961645,2.7941441535949707
z_cn_to_degree,1,test-416,4.276666119016055,3.182680606842041
z_cn_to_degree,1,test-417,3.5553480614894135,4.272804260253906
z_cn_to_degree,1,test-418,2.8903717578961645,3.228454113006592
z_cn_to_degree,1,test-419,3.332204510175204,3.731194019317627
z_cn_to_degree,1,test-420,5.342334251964811,5.526858806610107
z_cn_to_degree,1,test-421,2.890371757896165,2.9315085411071777
z_cn_to_degree,1,test-422,3.401197381662155,3.676626682281494
z_cn_to_degree,1,test-423,3.091042453358316,2.6359829902648926
z_cn_to_degree,1,test-424,2.995732273553991,3.842402458190918
z_cn_to_degree,1,test-425,3.401197381662155,3.4124321937561035
z_cn_to_degree,1,test-426,4.430816798843313,4.30189847946167
z_cn_to_degree,1,test-427,2.8903717578961645,3.005575656890869
z_cn_to_degree,1,test-428,2.0794415416798357,2.6307835578918457
z_cn_to_degree,1,test-429,1.9459101490553132,2.6633381843566895
z_cn_to_degree,1,test-430,2.995732273553991,3.652322292327881
z_cn_to_degree,1,test-431,2.197224577336219,3.0137972831726074
z_cn_to_degree,1,test-432,1.3862943611198906,2.339974880218506
z_cn_to_degree,1,test-433,3.4011973816621555,3.5940470695495605
z_cn_to_degree,1,test-434,3.3322045101752042,2.652500629425049
z_cn_to_degree,1,test-435,2.0794415416798357,2.6307835578918457
z_cn_to_degree,1,test-436,2.484906649788,3.161581516265869
z_cn_to_degree,1,test-437,3.6888794541139367,3.9031014442443848
z_cn_to_degree,1,test-438,2.7080502011022096,3.2270522117614746
z_cn_to_degree,1,test-439,2.4849066497880004,2.5130515098571777
z_cn_to_degree,1,test-440,4.718498871295095,2.7117514610290527
z_cn_to_degree,1,test-441,5.634789603169249,2.823716640472412
z_cn_to_degree,1,test-442,4.68213122712422,3.6017775535583496
z_cn_to_degree,1,test-443,1.791759469228055,2.63126802444458
z_cn_to_degree,1,test-444,3.9889840465642745,4.84871244430542
z_cn_to_degree,1,test-445,6.327936783729195,4.147701740264893
z_cn_to_degree,1,test-446,3.0445224377234226,3.8361754417419434
z_cn_to_degree,1,test-447,2.7080502011022096,3.3838820457458496
z_cn_to_degree,1,test-448,1.0986122886681096,2.634782314300537
z_cn_to_degree,1,test-449,2.995732273553991,4.310462474822998
z_cn_to_degree,1,test-450,2.772588722239781,3.540055751800537
z_cn_to_degree,1,test-451,2.995732273553991,3.5132298469543457
z_cn_to_degree,1,test-452,1.791759469228055,2.6351218223571777
z_cn_to_degree,1,test-453,2.484906649788,3.308084011077881
z_cn_to_degree,1,test-454,7.50659178007084,7.194421291351318
z_cn_to_degree,1,test-455,3.951243718581427,4.3087334632873535
z_cn_to_degree,1,test-456,3.5553480614894135,4.526443004608154
z_cn_to_degree,1,test-457,2.7080502011022096,3.2893052101135254
z_cn_to_degree,1,test-458,3.258096538021482,2.8534903526306152
z_cn_to_degree,1,test-459,5.634789603169249,2.7619967460632324
z_cn_to_degree,1,test-460,0.6931471805599453,2.63126802444458
z_cn_to_degree,1,test-461,2.772588722239781,3.7025399208068848
z_cn_to_degree,1,test-462,3.4011973816621555,3.4081292152404785
z_cn_to_degree,1,test-463,2.995732273553991,4.134328365325928
z_cn_to_degree,1,test-464,3.0445224377234226,3.6939587593078613
z_cn_to_degree,1,test-465,2.1972245773362196,2.647094249725342
z_cn_to_degree,1,test-466,1.791759469228055,2.6378893852233887
z_cn_to_degree,1,test-467,3.1780538303479458,3.4319510459899902
z_cn_to_degree,1,test-468,2.1972245773362196,2.647094249725342
z_cn_to_degree,1,test-469,3.401197381662155,4.239748477935791
z_cn_to_degree,1,test-470,6.327936783729195,4.816070079803467
z_cn_to_degree,1,test-471,2.995732273553991,3.842402458190918
z_cn_to_degree,1,test-472,3.0445224377234226,3.46144437789917
z_cn_to_degree,1,test-473,1.0986122886681096,2.634782314300537
z_cn_to_degree,1,test-474,3.401197381662155,3.426774501800537
z_cn_to_degree,1,test-475,2.3025850929940455,2.6332411766052246
z_cn_to_degree,1,test-476,6.040254711277413,3.690743923187256
z_cn_to_degree,1,test-477,4.90527477843843,4.492824077606201
z_cn_to_degree,1,test-478,2.197224577336219,3.2561869621276855
z_cn_to_degree,1,test-479,2.8903717578961645,3.3843331336975098
z_cn_to_degree,1,test-480,3.1780538303479453,3.1448731422424316
z_cn_to_degree,1,test-481,2.995732273553991,3.2409462928771973
z_cn_to_degree,1,test-482,4.276666119016055,4.390791416168213
z_cn_to_degree,1,test-483,2.4849066497880004,2.6480154991149902
z_cn_to_degree,1,test-484,3.295836866004329,3.598723888397217
z_cn_to_degree,1,test-485,3.1780538303479453,3.2784361839294434
z_cn_to_degree,1,test-486,2.0794415416798357,2.6307835578918457
z_cn_to_degree,1,test-487,1.3862943611198906,2.6351218223571777
z_cn_to_degree,1,test-488,4.356708826689592,3.9344897270202637
z_cn_to_degree,1,test-489,2.0794415416798357,2.6307835578918457
z_cn_to_degree,1,test-490,2.9957322735539913,2.623408794403076
z_cn_to_degree,1,test-491,0.6931471805599453,2.63126802444458
z_cn_to_degree,1,test-492,2.0794415416798357,2.6307835578918457
z_cn_to_degree,1,test-493,3.58351893845611,4.398038387298584
z_cn_to_degree,1,test-494,0.0,2.639986515045166
z_cn_to_degree,1,test-495,5.272999558563747,4.325860500335693
z_cn_to_degree,1,test-496,1.791759469228055,2.63126802444458
z_cn_to_degree,1,test-497,3.7376696182833684,3.2395224571228027
z_cn_to_degree,1,test-498,2.4849066497880004,2.6480154991149902
z_cn_to_degree,1,test-499,3.8712010109078907,4.782101631164551
z_cn_to_degree,1,test-500,6.040254711277413,4.253376483917236
z_cn_to_degree,1,test-501,3.3322045101752042,3.356227397918701
z_cn_to_degree,1,test-502,3.332204510175204,3.6035876274108887
z_cn_to_degree,1,test-503,4.700480365792417,4.8523173332214355
z_cn_to_degree,1,test-504,4.499809670330265,4.46299934387207
z_cn_to_degree,1,test-505,2.197224577336219,3.5004191398620605
z_cn_to_degree,1,test-506,3.688879454113936,4.222164154052734
z_cn_to_degree,1,test-507,2.6390573296152584,2.631690502166748
z_cn_to_degree,1,test-508,4.276666119016055,5.22654390335083
z_cn_to_degree,1,test-509,3.8712010109078907,4.206855297088623
z_cn_to_degree,1,test-510,4.442651256490317,4.228600978851318
z_cn_to_degree,1,test-511,5.634789603169249,2.7619967460632324
z_residual_to_degree,1,test-0,4.6443908991413725,3.7889719009399414
z_residual_to_degree,1,test-1,3.988984046564274,3.867373466491699
z_residual_to_degree,1,test-2,4.584967478670572,3.591149091720581
z_residual_to_degree,1,test-3,4.962844630259907,3.667957305908203
z_residual_to_degree,1,test-4,3.1780538303479453,3.5763628482818604
z_residual_to_degree,1,test-5,4.77912349311153,3.759650707244873
z_residual_to_degree,1,test-6,3.8066624897703196,3.5478649139404297
z_residual_to_degree,1,test-7,5.966146739123692,3.6412901878356934
z_residual_to_degree,1,test-8,3.6635616461296463,3.864689826965332
z_residual_to_degree,1,test-9,3.0445224377234226,3.700387954711914
z_residual_to_degree,1,test-10,3.6888794541139367,3.888227939605713
z_residual_to_degree,1,test-11,3.401197381662155,3.6209967136383057
z_residual_to_degree,1,test-12,3.9120230054281464,3.588071823120117
z_residual_to_degree,1,test-13,0.6931471805599453,3.3574414253234863
z_residual_to_degree,1,test-14,4.74493212836325,3.54080867767334
z_residual_to_degree,1,test-15,4.0943445622221,3.800801992416382
z_residual_to_degree,1,test-16,1.791759469228055,3.579148769378662
z_residual_to_degree,1,test-17,4.394449154672438,3.701796054840088
z_residual_to_degree,1,test-18,4.718498871295095,3.613370180130005
z_residual_to_degree,1,test-19,0.6931471805599453,1.952756404876709
z_residual_to_degree,1,test-20,3.0445224377234226,3.931154251098633
z_residual_to_degree,1,test-21,3.1780538303479458,3.655780553817749
z_residual_to_degree,1,test-22,3.465735902799726,3.4744956493377686
z_residual_to_degree,1,test-23,3.401197381662155,3.9146289825439453
z_residual_to_degree,1,test-24,1.0986122886681096,3.4758739471435547
z_residual_to_degree,1,test-25,3.5553480614894135,3.144230604171753
z_residual_to_degree,1,test-26,4.189654742026425,2.7719192504882812
z_residual_to_degree,1,test-27,2.3025850929940455,3.0811445713043213
z_residual_to_degree,1,test-28,3.465735902799726,3.621134042739868
z_residual_to_degree,1,test-29,2.8903717578961645,3.9376883506774902
z_residual_to_degree,1,test-30,3.688879454113936,3.8167362213134766
z_residual_to_degree,1,test-31,4.882801922586371,3.6703734397888184
z_residual_to_degree,1,test-32,4.553876891600541,3.539381742477417
z_residual_to_degree,1,test-33,3.58351893845611,3.7279372215270996
z_residual_to_degree,1,test-34,3.58351893845611,3.5328311920166016
z_residual_to_degree,1,test-35,3.1780538303479453,3.2751693725585938
z_residual_to_degree,1,test-36,2.772588722239781,3.497406244277954
z_residual_to_degree,1,test-37,1.3862943611198906,2.6702592372894287
z_residual_to_degree,1,test-38,2.3025850929940455,1.8702890872955322
z_residual_to_degree,1,test-39,3.9889840465642745,3.411465883255005
z_residual_to_degree,1,test-40,1.791759469228055,3.8458356857299805
z_residual_to_degree,1,test-41,3.951243718581427,3.27901554107666
z_residual_to_degree,1,test-42,3.6888794541139367,3.497772693634033
z_residual_to_degree,1,test-43,6.040254711277413,3.8781280517578125
z_residual_to_degree,1,test-44,2.484906649788,3.4778573513031006
z_residual_to_degree,1,test-45,3.1780538303479453,3.3763136863708496
z_residual_to_degree,1,test-46,0.6931471805599453,2.428208351135254
z_residual_to_degree,1,test-47,4.941642422609304,3.7882115840911865
z_residual_to_degree,1,test-48,0.0,3.273308515548706
z_residual_to_degree,1,test-49,2.8903717578961645,3.5405330657958984
z_residual_to_degree,1,test-50,6.040254711277413,3.7633559703826904
z_residual_to_degree,1,test-51,3.332204510175204,3.5108697414398193
z_residual_to_degree,1,test-52,2.995732273553991,3.7157530784606934
z_residual_to_degree,1,test-53,6.327936783729195,4.021444797515869
z_residual_to_degree,1,test-54,2.8903717578961645,3.515517234802246
z_residual_to_degree,1,test-55,2.6390573296152584,2.9635205268859863
z_residual_to_degree,1,test-56,4.927253685157204,3.3967788219451904
z_residual_to_degree,1,test-57,2.7080502011022096,3.593421459197998
z_residual_to_degree,1,test-58,5.272999558563747,3.668952226638794
z_residual_to_degree,1,test-59,3.9889840465642745,3.414926767349243
z_residual_to_degree,1,test-60,2.0794415416798357,3.430088520050049
z_residual_to_degree,1,test-61,4.7535901911063645,3.742534637451172
z_residual_to_degree,1,test-62,2.1972245773362196,2.623323678970337
z_residual_to_degree,1,test-63,2.3978952727983707,3.7534916400909424
z_residual_to_degree,1,test-64,1.3862943611198906,3.46457576751709
z_residual_to_degree,1,test-65,3.58351893845611,3.307800054550171
z_residual_to_degree,1,test-66,2.8903717578961645,3.2756741046905518
z_residual_to_degree,1,test-67,2.4849066497880004,3.2372074127197266
z_residual_to_degree,1,test-68,2.4849066497880004,2.0036470890045166
z_residual_to_degree,1,test-69,4.90527477843843,3.8361775875091553
z_residual_to_degree,1,test-70,3.2188758248682006,3.366983413696289
z_residual_to_degree,1,test-71,2.995732273553991,3.628760576248169
z_residual_to_degree,1,test-72,4.0943445622221,3.4482669830322266
z_residual_to_degree,1,test-73,1.791759469228055,3.1885664463043213
z_residual_to_degree,1,test-74,3.951243718581427,3.375467300415039
z_residual_to_degree,1,test-75,2.7080502011022096,3.763073444366455
z_residual_to_degree,1,test-76,3.0445224377234226,3.89853572845459
z_residual_to_degree,1,test-77,1.0986122886681096,2.1331868171691895
z_residual_to_degree,1,test-78,3.0445224377234226,3.725137233734131
z_residual_to_degree,1,test-79,1.3862943611198906,2.386704921722412
z_residual_to_degree,1,test-80,1.791759469228055,3.573350429534912
z_residual_to_degree,1,test-81,3.688879454113936,3.387643575668335
z_residual_to_degree,1,test-82,3.58351893845611,3.758769989013672
z_residual_to_degree,1,test-83,3.465735902799726,3.160900831222534
z_residual_to_degree,1,test-84,4.025351690735149,3.1503775119781494
z_residual_to_degree,1,test-85,4.718498871295094,3.7168595790863037
z_residual_to_degree,1,test-86,3.988984046564274,3.516862154006958
z_residual_to_degree,1,test-87,3.332204510175204,3.5595498085021973
z_residual_to_degree,1,test-88,2.7080502011022096,3.5844874382019043
z_residual_to_degree,1,test-89,2.6390573296152584,3.1142165660858154
z_residual_to_degree,1,test-90,3.332204510175204,3.5860178470611572
z_residual_to_degree,1,test-91,2.484906649788,1.6606318950653076
z_residual_to_degree,1,test-92,2.0794415416798357,3.4061954021453857
z_residual_to_degree,1,test-93,3.1780538303479453,3.748844623565674
z_residual_to_degree,1,test-94,5.272999558563747,3.794893980026245
z_residual_to_degree,1,test-95,2.484906649788,2.0352330207824707
z_residual_to_degree,1,test-96,3.4011973816621555,3.6647284030914307
z_residual_to_degree,1,test-97,7.50659178007084,3.814300060272217
z_residual_to_degree,1,test-98,4.465908118654584,3.68658447265625
z_residual_to_degree,1,test-99,2.3025850929940455,3.8019022941589355
z_residual_to_degree,1,test-100,2.7080502011022096,3.2034213542938232
z_residual_to_degree,1,test-101,3.58351893845611,3.5425779819488525
z_residual_to_degree,1,test-102,2.7080502011022096,3.7521727085113525
z_residual_to_degree,1,test-103,4.02535169073515,1.007521629333496
z_residual_to_degree,1,test-104,2.772588722239781,3.1071107387542725
z_residual_to_degree,1,test-105,2.197224577336219,3.459059000015259
z_residual_to_degree,1,test-106,1.0986122886681096,3.0733299255371094
z_residual_to_degree,1,test-107,3.5263605246161616,3.253822088241577
z_residual_to_degree,1,test-108,0.6931471805599453,3.3027050495147705
z_residual_to_degree,1,test-109,6.327936783729195,4.216906547546387
z_residual_to_degree,1,test-110,3.58351893845611,3.134697914123535
z_residual_to_degree,1,test-111,2.0794415416798357,3.6613729000091553
z_residual_to_degree,1,test-112,2.8903717578961645,2.172855854034424
z_residual_to_degree,1,test-113,5.0106352940962555,3.6483912467956543
z_residual_to_degree,1,test-114,3.688879454113936,3.644047498703003
z_residual_to_degree,1,test-115,1.3862943611198906,3.6741623878479004
z_residual_to_degree,1,test-116,1.3862943611198906,3.3869435787200928
z_residual_to_degree,1,test-117,7.3395376954076745,3.870579481124878
z_residual_to_degree,1,test-118,4.304065093204169,3.7235493659973145
z_residual_to_degree,1,test-119,3.2188758248682006,3.7085390090942383
z_residual_to_degree,1,test-120,6.733401891837358,3.218172073364258
z_residual_to_degree,1,test-121,2.484906649788,3.5046353340148926
z_residual_to_degree,1,test-122,2.995732273553991,3.8231935501098633
z_residual_to_degree,1,test-123,3.58351893845611,3.430222272872925
z_residual_to_degree,1,test-124,1.791759469228055,3.5941267013549805
z_residual_to_degree,1,test-125,2.6390573296152584,3.4430177211761475
z_residual_to_degree,1,test-126,2.197224577336219,3.621664524078369
z_residual_to_degree,1,test-127,2.484906649788,3.7833683490753174
z_residual_to_degree,1,test-128,1.791759469228055,3.3979389667510986
z_residual_to_degree,1,test-129,3.6635616461296463,3.625332832336426
z_residual_to_degree,1,test-130,2.5649493574615367,3.262498378753662
z_residual_to_degree,1,test-131,2.995732273553991,3.6533825397491455
z_residual_to_degree,1,test-132,3.688879454113936,3.4722301959991455
z_residual_to_degree,1,test-133,5.560681631015528,3.613880157470703
z_residual_to_degree,1,test-134,2.197224577336219,3.277390241622925
z_residual_to_degree,1,test-135,2.772588722239781,3.801140308380127
z_residual_to_degree,1,test-136,2.772588722239781,3.5940208435058594
z_residual_to_degree,1,test-137,3.688879454113936,3.3990044593811035
z_residual_to_degree,1,test-138,2.1972245773362196,4.324306011199951
z_residual_to_degree,1,test-139,2.995732273553991,3.6092824935913086
z_residual_to_degree,1,test-140,2.8903717578961645,3.4942665100097656
z_residual_to_degree,1,test-141,4.31748811353631,3.713359832763672
z_residual_to_degree,1,test-142,1.791759469228055,3.711398124694824
z_residual_to_degree,1,test-143,3.332204510175204,2.914187431335449
z_residual_to_degree,1,test-144,2.7080502011022096,2.390812397003174
z_residual_to_degree,1,test-145,2.0794415416798357,3.0222601890563965
z_residual_to_degree,1,test-146,4.882801922586371,3.7056713104248047
z_residual_to_degree,1,test-147,3.465735902799726,3.8729138374328613
z_residual_to_degree,1,test-148,3.332204510175204,3.428330183029175
z_residual_to_degree,1,test-149,6.327936783729195,4.017942428588867
z_residual_to_degree,1,test-150,3.2188758248682006,3.6055164337158203
z_residual_to_degree,1,test-151,3.9318256327243257,3.707073211669922
z_residual_to_degree,1,test-152,3.295836866004329,3.3642892837524414
z_residual_to_degree,1,test-153,3.4011973816621555,3.202460527420044
z_residual_to_degree,1,test-154,4.0943445622221,3.582947015762329
z_residual_to_degree,1,test-155,2.0794415416798357,3.6301372051239014
z_residual_to_degree,1,test-156,2.3025850929940455,3.400294542312622
z_residual_to_degree,1,test-157,5.41164605185504,3.670684576034546
z_residual_to_degree,1,test-158,4.564348191467836,3.3533172607421875
z_residual_to_degree,1,test-159,0.0,1.9845805168151855
z_residual_to_degree,1,test-160,2.7080502011022096,3.751943826675415
z_residual_to_degree,1,test-161,2.9444389791664403,3.0958380699157715
z_residual_to_degree,1,test-162,1.3862943611198906,4.097256660461426
z_residual_to_degree,1,test-163,2.8903717578961645,4.047173500061035
z_residual_to_degree,1,test-164,1.791759469228055,3.5928521156311035
z_residual_to_degree,1,test-165,5.560681631015528,3.7109196186065674
z_residual_to_degree,1,test-166,1.0986122886681096,3.471910238265991
z_residual_to_degree,1,test-167,3.5553480614894135,3.7363250255584717
z_residual_to_degree,1,test-168,4.499809670330265,3.4503417015075684
z_residual_to_degree,1,test-169,3.5553480614894135,3.4606430530548096
z_residual_to_degree,1,test-170,1.791759469228055,3.135561227798462
z_residual_to_degree,1,test-171,2.0794415416798357,3.4651644229888916
z_residual_to_degree,1,test-172,5.288267030694534,3.78840708732605
z_residual_to_degree,1,test-173,1.3862943611198906,3.794543504714966
z_residual_to_degree,1,test-174,2.484906649788,3.4897117614746094
z_residual_to_degree,1,test-175,3.9120230054281464,3.1716058254241943
z_residual_to_degree,1,test-176,2.8903717578961645,3.6500179767608643
z_residual_to_degree,1,test-177,4.499809670330265,3.4436850547790527
z_residual_to_degree,1,test-178,4.867534450455582,3.125230073928833
z_residual_to_degree,1,test-179,4.718498871295095,3.7319066524505615
z_residual_to_degree,1,test-180,1.3862943611198906,3.7396080493927
z_residual_to_degree,1,test-181,3.58351893845611,3.9725711345672607
z_residual_to_degree,1,test-182,3.58351893845611,3.3322455883026123
z_residual_to_degree,1,test-183,3.465735902799726,3.938689708709717
z_residual_to_degree,1,test-184,0.0,1.8026533126831055
z_residual_to_degree,1,test-185,7.24422751560335,3.804542064666748
z_residual_to_degree,1,test-186,3.332204510175204,3.134799003601074
z_residual_to_degree,1,test-187,3.401197381662155,3.115629196166992
z_residual_to_degree,1,test-188,3.332204510175204,3.7378084659576416
z_residual_to_degree,1,test-189,2.484906649788,3.4391512870788574
z_residual_to_degree,1,test-190,2.197224577336219,3.549407482147217
z_residual_to_degree,1,test-191,2.7080502011022096,3.4460651874542236
z_residual_to_degree,1,test-192,2.0794415416798357,2.8292431831359863
z_residual_to_degree,1,test-193,1.791759469228055,3.4882209300994873
z_residual_to_degree,1,test-194,3.0445224377234226,3.1538124084472656
z_residual_to_degree,1,test-195,2.995732273553991,3.7065720558166504
z_residual_to_degree,1,test-196,3.58351893845611,3.6249024868011475
z_residual_to_degree,1,test-197,4.90527477843843,4.247142314910889
z_residual_to_degree,1,test-198,4.5217885770490405,3.5949978828430176
z_residual_to_degree,1,test-199,2.484906649788,3.5552592277526855
z_residual_to_degree,1,test-200,4.709530201312334,3.664937973022461
z_residual_to_degree,1,test-201,1.0986122886681096,3.122650623321533
z_residual_to_degree,1,test-202,1.0986122886681096,3.1408536434173584
z_residual_to_degree,1,test-203,3.0445224377234226,2.977044105529785
z_residual_to_degree,1,test-204,2.484906649788,2.414670467376709
z_residual_to_degree,1,test-205,2.6390573296152584,3.4112603664398193
z_residual_to_degree,1,test-206,2.197224577336219,3.376305341720581
z_residual_to_degree,1,test-207,3.58351893845611,2.2939202785491943
z_residual_to_degree,1,test-208,4.248495242049359,3.477179765701294
z_residual_to_degree,1,test-209,4.0943445622221,3.538424491882324
z_residual_to_degree,1,test-210,4.836281906951478,3.5585997104644775
z_residual_to_degree,1,test-211,4.976733742420574,3.7437541484832764
z_residual_to_degree,1,test-212,3.0445224377234226,3.6744415760040283
z_residual_to_degree,1,test-213,4.499809670330265,3.4892020225524902
z_residual_to_degree,1,test-214,1.3862943611198906,3.0711581707000732
z_residual_to_degree,1,test-215,5.560681631015528,3.6699626445770264
z_residual_to_degree,1,test-216,2.0794415416798357,3.693056106567383
z_residual_to_degree,1,test-217,0.6931471805599453,3.292807102203369
z_residual_to_degree,1,test-218,1.791759469228055,2.744152069091797
z_residual_to_degree,1,test-219,3.0445224377234226,2.929391384124756
z_residual_to_degree,1,test-220,3.58351893845611,3.253485679626465
z_residual_to_degree,1,test-221,2.995732273553991,3.652108669281006
z_residual_to_degree,1,test-222,2.0794415416798357,3.5124924182891846
z_residual_to_degree,1,test-223,3.8712010109078907,3.7013964653015137
z_residual_to_degree,1,test-224,0.0,0.8105874061584473
z_residual_to_degree,1,test-225,3.332204510175204,3.1349098682403564
z_residual_to_degree,1,test-226,2.0794415416798357,3.5508604049682617
z_residual_to_degree,1,test-227,2.772588722239781,3.6964569091796875
z_residual_to_degree,1,test-228,1.791759469228055,3.335601806640625
z_residual_to_degree,1,test-229,2.197224577336219,3.521071195602417
z_residual_to_degree,1,test-230,3.4011973816621555,3.468111991882324
z_residual_to_degree,1,test-231,4.430816798843313,3.5924715995788574
z_residual_to_degree,1,test-232,4.276666119016055,3.822089672088623
z_residual_to_degree,1,test-233,1.791759469228055,3.2079391479492188
z_residual_to_degree,1,test-234,3.58351893845611,3.3171794414520264
z_residual_to_degree,1,test-235,3.1780538303479453,3.636308193206787
z_residual_to_degree,1,test-236,2.8903717578961645,3.7283504009246826
z_residual_to_degree,1,test-237,2.8903717578961645,3.1706151962280273
z_residual_to_degree,1,test-238,3.0445224377234226,2.9747109413146973
z_residual_to_degree,1,test-239,5.780743515792329,3.9136056900024414
z_residual_to_degree,1,test-240,6.327936783729195,3.4620680809020996
z_residual_to_degree,1,test-241,0.6931471805599453,2.3045620918273926
z_residual_to_degree,1,test-242,2.4849066497880004,3.3253061771392822
z_residual_to_degree,1,test-243,2.8903717578961645,3.1327877044677734
z_residual_to_degree,1,test-244,2.197224577336219,3.542976140975952
z_residual_to_degree,1,test-245,3.0445224377234226,3.8071203231811523
z_residual_to_degree,1,test-246,5.087596335232384,2.963243246078491
z_residual_to_degree,1,test-247,2.7080502011022096,3.6860997676849365
z_residual_to_degree,1,test-248,4.74493212836325,3.593961477279663
z_residual_to_degree,1,test-249,1.791759469228055,3.567531108856201
z_residual_to_degree,1,test-250,3.8066624897703196,3.6678764820098877
z_residual_to_degree,1,test-251,3.951243718581427,3.623997926712036
z_residual_to_degree,1,test-252,1.3862943611198906,4.794136047363281
z_residual_to_degree,1,test-253,4.718498871295095,3.7260255813598633
z_residual_to_degree,1,test-254,3.465735902799726,3.9274814128875732
z_residual_to_degree,1,test-255,2.7080502011022096,2.444425582885742
z_residual_to_degree,1,test-256,2.6390573296152584,4.079002380371094
z_residual_to_degree,1,test-257,5.19295685089021,3.6528282165527344
z_residual_to_degree,1,test-258,0.0,2.6933445930480957
z_residual_to_degree,1,test-259,5.98141421125448,3.349729537963867
z_residual_to_degree,1,test-260,3.8712010109078907,3.691699743270874
z_residual_to_degree,1,test-261,2.9957322735539913,3.3930957317352295
z_residual_to_degree,1,test-262,1.0986122886681096,3.520113706588745
z_residual_to_degree,1,test-263,3.401197381662155,4.189342498779297
z_residual_to_degree,1,test-264,2.995732273553991,3.5019476413726807
z_residual_to_degree,1,test-265,2.995732273553991,3.2740771770477295
z_residual_to_degree,1,test-266,4.1588830833596715,3.5522706508636475
z_residual_to_degree,1,test-267,4.31748811353631,3.925844192504883
z_residual_to_degree,1,test-268,1.791759469228055,3.166308879852295
z_residual_to_degree,1,test-269,2.0794415416798357,3.852034091949463
z_residual_to_degree,1,test-270,2.7080502011022096,3.923278331756592
z_residual_to_degree,1,test-271,6.476972362889683,3.654088020324707
z_residual_to_degree,1,test-272,1.791759469228055,3.6587038040161133
z_residual_to_degree,1,test-273,3.0445224377234226,3.5252888202667236
z_residual_to_degree,1,test-274,3.737669618283368,3.895296096801758
z_residual_to_degree,1,test-275,3.1780538303479453,3.482365608215332
z_residual_to_degree,1,test-276,2.772588722239781,3.8543410301208496
z_residual_to_degree,1,test-277,2.7080502011022096,3.7172446250915527
z_residual_to_degree,1,test-278,2.0794415416798357,3.9465019702911377
z_residual_to_degree,1,test-279,3.332204510175204,3.1486551761627197
z_residual_to_degree,1,test-280,5.220355825078324,3.7249948978424072
z_residual_to_degree,1,test-281,3.6635616461296463,3.320521116256714
z_residual_to_degree,1,test-282,2.6390573296152584,2.8989219665527344
z_residual_to_degree,1,test-283,2.484906649788,3.233360528945923
z_residual_to_degree,1,test-284,3.9512437185814275,3.6622748374938965
z_residual_to_degree,1,test-285,2.995732273553991,3.329338788986206
z_residual_to_degree,1,test-286,1.6094379124341003,3.20623517036438
z_residual_to_degree,1,test-287,2.7080502011022096,2.688908576965332
z_residual_to_degree,1,test-288,6.461468176353717,3.6139020919799805
z_residual_to_degree,1,test-289,3.0445224377234226,2.9890434741973877
z_residual_to_degree,1,test-290,3.4965075614664802,3.51078200340271
z_residual_to_degree,1,test-291,4.499809670330265,3.5476956367492676
z_residual_to_degree,1,test-292,2.8903717578961645,3.191784381866455
z_residual_to_degree,1,test-293,5.60947179518496,3.712653875350952
z_residual_to_degree,1,test-294,5.375278407684165,3.269728899002075
z_residual_to_degree,1,test-295,3.6888794541139367,3.7865500450134277
z_residual_to_degree,1,test-296,2.197224577336219,3.2871508598327637
z_residual_to_degree,1,test-297,2.3025850929940455,2.6715877056121826
z_residual_to_degree,1,test-298,3.7376696182833684,3.239097833633423
z_residual_to_degree,1,test-299,2.0794415416798357,4.964795112609863
z_residual_to_degree,1,test-300,1.3862943611198906,3.253419876098633
z_residual_to_degree,1,test-301,3.1780538303479453,3.7788925170898438
z_residual_to_degree,1,test-302,2.995732273553991,3.573402166366577
z_residual_to_degree,1,test-303,1.6094379124341003,2.984752655029297
z_residual_to_degree,1,test-304,2.484906649788,3.184609889984131
z_residual_to_degree,1,test-305,2.0794415416798357,3.073132038116455
z_residual_to_degree,1,test-306,4.382026634673881,3.795301675796509
z_residual_to_degree,1,test-307,3.332204510175204,3.193709373474121
z_residual_to_degree,1,test-308,5.556828061699537,3.636061429977417
z_residual_to_degree,1,test-309,2.0794415416798357,3.6847517490386963
z_residual_to_degree,1,test-310,2.0794415416798357,3.0835471153259277
z_residual_to_degree,1,test-311,2.772588722239781,3.8881547451019287
z_residual_to_degree,1,test-312,3.58351893845611,3.888373613357544
z_residual_to_degree,1,test-313,2.197224577336219,3.3436837196350098
z_residual_to_degree,1,test-314,3.8918202981106265,3.7882673740386963
z_residual_to_degree,1,test-315,2.4849066497880004,3.857112407684326
z_residual_to_degree,1,test-316,6.733401891837358,3.8729498386383057
z_residual_to_degree,1,test-317,4.941642422609304,3.750275135040283
z_residual_to_degree,1,test-318,1.9459101490553132,1.5468635559082031
z_residual_to_degree,1,test-319,2.8903717578961645,3.566150188446045
z_residual_to_degree,1,test-320,5.41164605185504,3.6248929500579834
z_residual_to_degree,1,test-321,3.332204510175204,3.092515230178833
z_residual_to_degree,1,test-322,6.73340189183736,3.4441447257995605
z_residual_to_degree,1,test-323,6.733401891837358,3.715637683868408
z_residual_to_degree,1,test-324,6.104793232414986,3.916124105453491
z_residual_to_degree,1,test-325,2.772588722239781,3.560100555419922
z_residual_to_degree,1,test-326,3.0445224377234226,3.9967103004455566
z_residual_to_degree,1,test-327,2.995732273553991,3.304868459701538
z_residual_to_degree,1,test-328,0.6931471805599453,2.6273763179779053
z_residual_to_degree,1,test-329,2.484906649788,3.9450361728668213
z_residual_to_degree,1,test-330,2.772588722239781,3.8269691467285156
z_residual_to_degree,1,test-331,3.091042453358316,3.637423515319824
z_residual_to_degree,1,test-332,3.4011973816621555,3.007206916809082
z_residual_to_degree,1,test-333,3.688879454113936,3.420358180999756
z_residual_to_degree,1,test-334,1.6094379124341003,3.6006598472595215
z_residual_to_degree,1,test-335,3.5553480614894135,3.618553400039673
z_residual_to_degree,1,test-336,3.8712010109078907,4.656486511230469
z_residual_to_degree,1,test-337,2.70805020110221,3.252246856689453
z_residual_to_degree,1,test-338,2.8903717578961645,2.9896886348724365
z_residual_to_degree,1,test-339,2.4849066497880004,2.3945505619049072
z_residual_to_degree,1,test-340,4.51085950651685,3.2341058254241943
z_residual_to_degree,1,test-341,2.7080502011022096,3.6370928287506104
z_residual_to_degree,1,test-342,3.0445224377234226,3.5478196144104004
z_residual_to_degree,1,test-343,2.484906649788,3.078307628631592
z_residual_to_degree,1,test-344,2.772588722239781,3.5613582134246826
z_residual_to_degree,1,test-345,4.143134726391533,3.6802968978881836
z_residual_to_degree,1,test-346,3.9318256327243257,3.5807993412017822
z_residual_to_degree,1,test-347,2.484906649788,2.799168109893799
z_residual_to_degree,1,test-348,4.787491742782047,3.9301207065582275
z_residual_to_degree,1,test-349,1.3862943611198906,3.361854076385498
z_residual_to_degree,1,test-350,3.1780538303479453,3.6311068534851074
z_residual_to_degree,1,test-351,2.484906649788,4.111949920654297
z_residual_to_degree,1,test-352,2.484906649788,3.146451473236084
z_residual_to_degree,1,test-353,2.484906649788,3.1727182865142822
z_residual_to_degree,1,test-354,3.401197381662155,3.530305862426758
z_residual_to_degree,1,test-355,2.8903717578961645,2.870037794113159
z_residual_to_degree,1,test-356,3.1780538303479453,3.376258611679077
z_residual_to_degree,1,test-357,1.3862943611198906,2.6343119144439697
z_residual_to_degree,1,test-358,4.882801922586371,3.8966808319091797
z_residual_to_degree,1,test-359,4.234106504597259,3.3973708152770996
z_residual_to_degree,1,test-360,5.6937321388027,3.8023853302001953
z_residual_to_degree,1,test-361,0.6931471805599453,2.1635546684265137
z_residual_to_degree,1,test-362,1.791759469228055,3.634308099746704
z_residual_to_degree,1,test-363,1.791759469228055,3.638676881790161
z_residual_to_degree,1,test-364,5.966146739123692,3.6462833881378174
z_residual_to_degree,1,test-365,3.4965075614664802,3.5135202407836914
z_residual_to_degree,1,test-366,6.733401891837358,4.958146572113037
z_residual_to_degree,1,test-367,5.272999558563747,3.7455172538757324
z_residual_to_degree,1,test-368,3.737669618283368,3.7517242431640625
z_residual_to_degree,1,test-369,2.197224577336219,3.212620735168457
z_residual_to_degree,1,test-370,2.995732273553991,3.398145914077759
z_residual_to_degree,1,test-371,1.3862943611198906,4.095137596130371
z_residual_to_degree,1,test-372,6.327936783729195,4.541888236999512
z_residual_to_degree,1,test-373,4.430816798843313,3.780200242996216
z_residual_to_degree,1,test-374,0.0,2.8085780143737793
z_residual_to_degree,1,test-375,2.6390573296152584,3.746716260910034
z_residual_to_degree,1,test-376,1.6094379124341003,2.8006179332733154
z_residual_to_degree,1,test-377,2.484906649788,3.7319962978363037
z_residual_to_degree,1,test-378,3.465735902799726,3.604499340057373
z_residual_to_degree,1,test-379,2.772588722239781,3.116403102874756
z_residual_to_degree,1,test-380,2.7080502011022096,2.802511215209961
z_residual_to_degree,1,test-381,4.74493212836325,3.457535743713379
z_residual_to_degree,1,test-382,2.4849066497880004,3.687687873840332
z_residual_to_degree,1,test-383,2.4849066497880004,3.198303699493408
z_residual_to_degree,1,test-384,2.8903717578961645,3.737694263458252
z_residual_to_degree,1,test-385,2.197224577336219,3.4405465126037598
z_residual_to_degree,1,test-386,2.3025850929940455,3.4500746726989746
z_residual_to_degree,1,test-387,1.791759469228055,3.633495569229126
z_residual_to_degree,1,test-388,2.3025850929940455,1.1739282608032227
z_residual_to_degree,1,test-389,0.6931471805599453,3.0255963802337646
z_residual_to_degree,1,test-390,4.276666119016055,3.856689929962158
z_residual_to_degree,1,test-391,1.791759469228055,3.3840839862823486
z_residual_to_degree,1,test-392,1.791759469228055,3.2815799713134766
z_residual_to_degree,1,test-393,2.0794415416798357,3.6305041313171387
z_residual_to_degree,1,test-394,2.995732273553991,3.596177339553833
z_residual_to_degree,1,test-395,2.0794415416798357,3.655506134033203
z_residual_to_degree,1,test-396,3.0445224377234226,3.1471123695373535
z_residual_to_degree,1,test-397,2.995732273553991,3.3804357051849365
z_residual_to_degree,1,test-398,0.0,1.523040533065796
z_residual_to_degree,1,test-399,1.3862943611198906,2.1234610080718994
z_residual_to_degree,1,test-400,2.3025850929940455,3.4589223861694336
z_residual_to_degree,1,test-401,3.295836866004329,3.6247313022613525
z_residual_to_degree,1,test-402,1.791759469228055,3.586466073989868
z_residual_to_degree,1,test-403,3.4011973816621555,3.4660701751708984
z_residual_to_degree,1,test-404,2.4849066497880004,4.035538673400879
z_residual_to_degree,1,test-405,2.995732273553991,3.343104839324951
z_residual_to_degree,1,test-406,2.0794415416798357,3.5539510250091553
z_residual_to_degree,1,test-407,5.288267030694534,3.3323280811309814
z_residual_to_degree,1,test-408,2.0794415416798357,2.891818046569824
z_residual_to_degree,1,test-409,3.1780538303479453,3.448340654373169
z_residual_to_degree,1,test-410,3.828641396489095,3.505004405975342
z_residual_to_degree,1,test-411,4.90527477843843,3.387507915496826
z_residual_to_degree,1,test-412,1.791759469228055,3.3347368240356445
z_residual_to_degree,1,test-413,3.401197381662155,2.563826560974121
z_residual_to_degree,1,test-414,1.3862943611198906,3.412541151046753
z_residual_to_degree,1,test-415,2.8903717578961645,3.2098186016082764
z_residual_to_degree,1,test-416,4.276666119016055,3.5100717544555664
z_residual_to_degree,1,test-417,3.5553480614894135,3.7107391357421875
z_residual_to_degree,1,test-418,2.8903717578961645,3.467823028564453
z_residual_to_degree,1,test-419,3.332204510175204,3.610694646835327
z_residual_to_degree,1,test-420,5.342334251964811,3.4340980052948
z_residual_to_degree,1,test-421,2.890371757896165,3.512275457382202
z_residual_to_degree,1,test-422,3.401197381662155,3.5349233150482178
z_residual_to_degree,1,test-423,3.091042453358316,3.4252676963806152
z_residual_to_degree,1,test-424,2.995732273553991,3.4674134254455566
z_residual_to_degree,1,test-425,3.401197381662155,3.5256478786468506
z_residual_to_degree,1,test-426,4.430816798843313,3.66489577293396
z_residual_to_degree,1,test-427,2.8903717578961645,3.270205497741699
z_residual_to_degree,1,test-428,2.0794415416798357,2.6108875274658203
z_residual_to_degree,1,test-429,1.9459101490553132,3.4184460639953613
z_residual_to_degree,1,test-430,2.995732273553991,3.386646032333374
z_residual_to_degree,1,test-431,2.197224577336219,3.9202065467834473
z_residual_to_degree,1,test-432,1.3862943611198906,3.4604458808898926
z_residual_to_degree,1,test-433,3.4011973816621555,3.779463291168213
z_residual_to_degree,1,test-434,3.3322045101752042,3.282618284225464
z_residual_to_degree,1,test-435,2.0794415416798357,3.248288631439209
z_residual_to_degree,1,test-436,2.484906649788,3.0553488731384277
z_residual_to_degree,1,test-437,3.6888794541139367,3.0970559120178223
z_residual_to_degree,1,test-438,2.7080502011022096,3.060328722000122
z_residual_to_degree,1,test-439,2.4849066497880004,3.2938005924224854
z_residual_to_degree,1,test-440,4.718498871295095,3.5253682136535645
z_residual_to_degree,1,test-441,5.634789603169249,3.815223455429077
z_residual_to_degree,1,test-442,4.68213122712422,3.773350477218628
z_residual_to_degree,1,test-443,1.791759469228055,3.612318277359009
z_residual_to_degree,1,test-444,3.9889840465642745,3.5877609252929688
z_residual_to_degree,1,test-445,6.327936783729195,3.418954849243164
z_residual_to_degree,1,test-446,3.0445224377234226,3.4777328968048096
z_residual_to_degree,1,test-447,2.7080502011022096,3.0698187351226807
z_residual_to_degree,1,test-448,1.0986122886681096,1.2442431449890137
z_residual_to_degree,1,test-449,2.995732273553991,3.351868152618408
z_residual_to_degree,1,test-450,2.772588722239781,3.312373161315918
z_residual_to_degree,1,test-451,2.995732273553991,3.372849702835083
z_residual_to_degree,1,test-452,1.791759469228055,4.153565406799316
z_residual_to_degree,1,test-453,2.484906649788,3.4961977005004883
z_residual_to_degree,1,test-454,7.50659178007084,3.7324886322021484
z_residual_to_degree,1,test-455,3.951243718581427,3.8206913471221924
z_residual_to_degree,1,test-456,3.5553480614894135,3.6780989170074463
z_residual_to_degree,1,test-457,2.7080502011022096,3.5883679389953613
z_residual_to_degree,1,test-458,3.258096538021482,3.225104808807373
z_residual_to_degree,1,test-459,5.634789603169249,3.4302010536193848
z_residual_to_degree,1,test-460,0.6931471805599453,2.587536096572876
z_residual_to_degree,1,test-461,2.772588722239781,3.537825584411621
z_residual_to_degree,1,test-462,3.4011973816621555,3.655595302581787
z_residual_to_degree,1,test-463,2.995732273553991,3.6311569213867188
z_residual_to_degree,1,test-464,3.0445224377234226,3.5897161960601807
z_residual_to_degree,1,test-465,2.1972245773362196,3.560795307159424
z_residual_to_degree,1,test-466,1.791759469228055,3.3159284591674805
z_residual_to_degree,1,test-467,3.1780538303479458,3.470142126083374
z_residual_to_degree,1,test-468,2.1972245773362196,3.2598233222961426
z_residual_to_degree,1,test-469,3.401197381662155,4.0187859535217285
z_residual_to_degree,1,test-470,6.327936783729195,3.8065974712371826
z_residual_to_degree,1,test-471,2.995732273553991,3.87622332572937
z_residual_to_degree,1,test-472,3.0445224377234226,3.1213934421539307
z_residual_to_degree,1,test-473,1.0986122886681096,4.105485439300537
z_residual_to_degree,1,test-474,3.401197381662155,3.4419734477996826
z_residual_to_degree,1,test-475,2.3025850929940455,1.7926521301269531
z_residual_to_degree,1,test-476,6.040254711277413,3.1474809646606445
z_residual_to_degree,1,test-477,4.90527477843843,3.562950372695923
z_residual_to_degree,1,test-478,2.197224577336219,3.1402885913848877
z_residual_to_degree,1,test-479,2.8903717578961645,2.2598838806152344
z_residual_to_degree,1,test-480,3.1780538303479453,3.378885269165039
z_residual_to_degree,1,test-481,2.995732273553991,3.7530527114868164
z_residual_to_degree,1,test-482,4.276666119016055,3.762418031692505
z_residual_to_degree,1,test-483,2.4849066497880004,4.140485763549805
z_residual_to_degree,1,test-484,3.295836866004329,3.7200865745544434
z_residual_to_degree,1,test-485,3.1780538303479453,3.4109015464782715
z_residual_to_degree,1,test-486,2.0794415416798357,3.3125646114349365
z_residual_to_degree,1,test-487,1.3862943611198906,3.0184884071350098
z_residual_to_degree,1,test-488,4.356708826689592,3.7347168922424316
z_residual_to_degree,1,test-489,2.0794415416798357,4.617861747741699
z_residual_to_degree,1,test-490,2.9957322735539913,3.7589168548583984
z_residual_to_degree,1,test-491,0.6931471805599453,3.491844415664673
z_residual_to_degree,1,test-492,2.0794415416798357,5.057430267333984
z_residual_to_degree,1,test-493,3.58351893845611,3.5131285190582275
z_residual_to_degree,1,test-494,0.0,2.9447994232177734
z_residual_to_degree,1,test-495,5.272999558563747,3.436194896697998
z_residual_to_degree,1,test-496,1.791759469228055,3.6630773544311523
z_residual_to_degree,1,test-497,3.7376696182833684,3.5617213249206543
z_residual_to_degree,1,test-498,2.4849066497880004,3.291930675506592
z_residual_to_degree,1,test-499,3.8712010109078907,3.032933235168457
z_residual_to_degree,1,test-500,6.040254711277413,3.675368309020996
z_residual_to_degree,1,test-501,3.3322045101752042,3.83353853225708
z_residual_to_degree,1,test-502,3.332204510175204,3.7974839210510254
z_residual_to_degree,1,test-503,4.700480365792417,3.6643497943878174
z_residual_to_degree,1,test-504,4.499809670330265,3.508493423461914
z_residual_to_degree,1,test-505,2.197224577336219,3.1096155643463135
z_residual_to_degree,1,test-506,3.688879454113936,3.3729257583618164
z_residual_to_degree,1,test-507,2.6390573296152584,3.871844530105591
z_residual_to_degree,1,test-508,4.276666119016055,3.9197568893432617
z_residual_to_degree,1,test-509,3.8712010109078907,3.64642071723938
z_residual_to_degree,1,test-510,4.442651256490317,3.1032164096832275
z_residual_to_degree,1,test-511,5.634789603169249,3.5641913414001465
z_degree_to_cn_residual,1,test-0,0.42053735013992466,0.10062852501869202
z_degree_to_cn_residual,1,test-1,-0.2623661567412917,0.1360408067703247
z_degree_to_cn_residual,1,test-2,-0.0036950091657206308,0.07530266046524048
z_degree_to_cn_residual,1,test-3,-0.8077701392043845,0.012045323848724365
z_degree_to_cn_residual,1,test-4,-0.10136482150163013,0.0751771628856659
z_degree_to_cn_residual,1,test-5,1.0283168230873239,0.3227784037590027
z_degree_to_cn_residual,1,test-6,-0.45435792080222814,0.05017518997192383
z_degree_to_cn_residual,1,test-7,1.0897527105280385,0.021211326122283936
z_degree_to_cn_residual,1,test-8,-0.18823503876493325,0.11946287751197815
z_degree_to_cn_residual,1,test-9,-0.11078149960964469,0.09129790961742401
z_degree_to_cn_residual,1,test-10,-0.41515451118692936,0.16824978590011597
z_degree_to_cn_residual,1,test-11,0.8212733044980796,0.14632052183151245
z_degree_to_cn_residual,1,test-12,0.6741561684105264,0.24162423610687256
z_degree_to_cn_residual,1,test-13,-0.0035606765680585707,-0.004045307636260986
z_degree_to_cn_residual,1,test-14,0.03635404698519895,-0.09279072284698486
z_degree_to_cn_residual,1,test-15,0.07882805751442076,0.11334139108657837
z_degree_to_cn_residual,1,test-16,0.6895865039918867,0.20965707302093506
z_degree_to_cn_residual,1,test-17,0.5147487410949563,0.16819363832473755
z_degree_to_cn_residual,1,test-18,0.007736477119163819,0.1324666142463684
z_degree_to_cn_residual,1,test-19,-0.0035606765680585707,-0.004045307636260986
z_degree_to_cn_residual,1,test-20,-0.11078149960964469,0.09129790961742401
z_degree_to_cn_residual,1,test-21,-0.007694165471705018,0.07440859079360962
z_degree_to_cn_residual,1,test-22,0.38339339457728866,0.35420477390289307
z_degree_to_cn_residual,1,test-23,-0.27733898417003,0.14632052183151245
z_degree_to_cn_residual,1,test-24,-0.0028787346636806365,-0.016400039196014404
z_degree_to_cn_residual,1,test-25,0.28834646581769413,0.1763409972190857
z_degree_to_cn_residual,1,test-26,-0.5636563510881639,0.01349109411239624
z_degree_to_cn_residual,1,test-27,0.6899690497383588,0.24078670144081116
z_degree_to_cn_residual,1,test-28,0.7888585026854529,0.35420477390289307
z_degree_to_cn_residual,1,test-29,0.5913922639498311,0.18848267197608948
z_degree_to_cn_residual,1,test-30,0.66451867806514,-0.0015770792961120605
z_degree_to_cn_residual,1,test-31,0.6637608916981007,0.12044543027877808
z_degree_to_cn_residual,1,test-32,0.19170770684298688,-0.08265805244445801
z_degree_to_cn_residual,1,test-33,-0.32480564797407757,0.25939837098121643
z_degree_to_cn_residual,1,test-34,0.6902763237576075,0.1076403260231018
z_degree_to_cn_residual,1,test-35,-0.20898013394359,0.16667431592941284
z_degree_to_cn_residual,1,test-36,-0.15915938445172756,0.3362991213798523
z_degree_to_cn_residual,1,test-37,-0.0018686256953188945,0.35929757356643677
z_degree_to_cn_residual,1,test-38,-0.0031781308215864876,0.24078670144081116
z_degree_to_cn_residual,1,test-39,-0.023864249406051155,0.09458106756210327
z_degree_to_cn_residual,1,test-40,-0.0035606765680585707,0.20965707302093506
z_degree_to_cn_residual,1,test-41,1.0631781652624883,-0.0007791519165039062
z_degree_to_cn_residual,1,test-42,0.2779926693730159,0.16824978590011597
z_degree_to_cn_residual,1,test-43,0.38576956172760457,0.19265443086624146
z_degree_to_cn_residual,1,test-44,-0.07578850766276808,0.14332598447799683
z_degree_to_cn_residual,1,test-45,1.1773142271763006,0.16667431592941284
z_degree_to_cn_residual,1,test-46,-0.0035606765680585707,-0.004045307636260986
z_degree_to_cn_residual,1,test-47,0.07689953639068714,0.11425602436065674
z_degree_to_cn_residual,1,test-48,-0.0018686256953188945,-0.0017132163047790527
z_degree_to_cn_residual,1,test-49,0.5913922639498311,0.18848267197608948
z_degree_to_cn_residual,1,test-50,0.38576956172760457,0.19265443086624146
z_degree_to_cn_residual,1,test-51,0.41502905640153087,0.08025875687599182
z_degree_to_cn_residual,1,test-52,0.4975938529983208,0.23463648557662964
z_degree_to_cn_residual,1,test-53,-0.5382569319004575,0.15169757604599
z_degree_to_cn_residual,1,test-54,-0.10175491661011418,0.18848267197608948
z_degree_to_cn_residual,1,test-55,-0.0034789790604594075,-0.01579141616821289
z_degree_to_cn_residual,1,test-56,-0.6186087075677585,-0.0742078423500061
z_degree_to_cn_residual,1,test-57,-0.09065704239956256,0.28530359268188477
z_degree_to_cn_residual,1,test-58,0.8763890937635881,0.2131776213645935
z_degree_to_cn_residual,1,test-59,-0.45229554029351454,0.027522385120391846
z_degree_to_cn_residual,1,test-60,0.6894917191807426,0.11056789755821228
z_degree_to_cn_residual,1,test-61,-0.28075635072516975,0.08131971955299377
z_degree_to_cn_residual,1,test-62,-0.0004881954264035043,-0.0008228421211242676
z_degree_to_cn_residual,1,test-63,0.0006363913580034505,-0.03529566526412964
z_degree_to_cn_residual,1,test-64,-0.0018686256953188945,0.35929757356643677
z_degree_to_cn_residual,1,test-65,-0.1467089512755031,0.11193177103996277
z_degree_to_cn_residual,1,test-66,0.9968573720579954,0.18848267197608948
z_degree_to_cn_residual,1,test-67,-0.009524164442536962,0.09821894764900208
z_degree_to_cn_residual,1,test-68,-0.009524164442536962,0.09821894764900208
z_degree_to_cn_residual,1,test-69,-0.5794788458136152,0.07567888498306274
z_degree_to_cn_residual,1,test-70,0.4161857875749146,0.2811198830604553
z_degree_to_cn_residual,1,test-71,0.4975938529983208,0.23463648557662964
z_degree_to_cn_residual,1,test-72,0.35562668704444245,-0.07349342107772827
z_degree_to_cn_residual,1,test-73,-0.0035606765680585707,0.20965707302093506
z_degree_to_cn_residual,1,test-74,-0.32311619585740226,-0.0007791519165039062
z_degree_to_cn_residual,1,test-75,-0.09065704239956256,0.28530359268188477
z_degree_to_cn_residual,1,test-76,0.9878307890584649,0.09129790961742401
z_degree_to_cn_residual,1,test-77,-0.0028787346636806365,-0.016400039196014404
z_degree_to_cn_residual,1,test-78,0.5823656809503006,0.09129790961742401
z_degree_to_cn_residual,1,test-79,-0.002813098481549962,0.11379307508468628
z_degree_to_cn_residual,1,test-80,-0.0035606765680585707,0.20965707302093506
z_degree_to_cn_residual,1,test-81,0.66451867806514,-0.0015770792961120605
z_degree_to_cn_residual,1,test-82,0.36236918256138484,0.14808052778244019
z_degree_to_cn_residual,1,test-83,1.076540575137234,0.35420477390289307
z_degree_to_cn_residual,1,test-84,-0.13001720227017255,0.09236961603164673
z_degree_to_cn_residual,1,test-85,-0.33726529577523584,0.08776375651359558
z_degree_to_cn_residual,1,test-86,-0.2623661567412917,0.1360408067703247
z_degree_to_cn_residual,1,test-87,0.41502905640153087,0.08025875687599182
z_degree_to_cn_residual,1,test-88,-0.09065704239956256,0.28530359268188477
z_degree_to_cn_residual,1,test-89,-0.0034789790604594075,-0.01579141616821289
z_degree_to_cn_residual,1,test-90,-0.2781181241584144,0.08025875687599182
z_degree_to_cn_residual,1,test-91,-0.07578850766276808,0.14332598447799683
z_degree_to_cn_residual,1,test-92,-0.0036554613792027465,0.11056789755821228
z_degree_to_cn_residual,1,test-93,0.5917823590583151,0.0751771628856659
z_degree_to_cn_residual,1,test-94,0.47092398565542376,0.2131776213645935
z_degree_to_cn_residual,1,test-95,-0.07578850766276808,0.14332598447799683
z_degree_to_cn_residual,1,test-96,0.5618087898319306,-0.017245352268218994
z_degree_to_cn_residual,1,test-97,-0.5218160654288044,-0.04970496892929077
z_degree_to_cn_residual,1,test-98,-0.13099351632842182,0.17724692821502686
z_degree_to_cn_residual,1,test-99,-0.0031781308215864876,0.24078670144081116
z_degree_to_cn_residual,1,test-100,-0.09065704239956256,0.28530359268188477
z_degree_to_cn_residual,1,test-101,-0.33077799799856045,0.14808052778244019
z_degree_to_cn_residual,1,test-102,0.6024901381603828,0.28530359268188477
z_degree_to_cn_residual,1,test-103,0.06439643568485909,-0.05620831251144409
z_degree_to_cn_residual,1,test-104,-0.15915938445172756,0.3362991213798523
z_degree_to_cn_residual,1,test-105,0.6345001729408056,0.14349621534347534
z_degree_to_cn_residual,1,test-106,-0.0028787346636806365,-0.016400039196014404
z_degree_to_cn_residual,1,test-107,0.6997674449098304,0.10624140501022339
z_degree_to_cn_residual,1,test-108,-0.0035606765680585707,-0.004045307636260986
z_degree_to_cn_residual,1,test-109,0.15489024865948775,0.15169757604599
z_degree_to_cn_residual,1,test-110,0.3683415325858677,0.25939837098121643
z_degree_to_cn_residual,1,test-111,-0.0036554613792027465,0.11056789755821228
z_degree_to_cn_residual,1,test-112,0.016437147451202155,0.0021165013313293457
z_degree_to_cn_residual,1,test-113,0.4667526697460198,0.11319547891616821
z_degree_to_cn_residual,1,test-114,-0.4340936106029696,-0.0015770792961120605
z_degree_to_cn_residual,1,test-115,-0.002813098481549962,0.11379307508468628
z_degree_to_cn_residual,1,test-116,0.6912785548646264,0.35929757356643677
z_degree_to_cn_residual,1,test-117,0.7326360849824656,-0.022656142711639404
z_degree_to_cn_residual,1,test-118,0.6895700720466398,0.15929633378982544
z_degree_to_cn_residual,1,test-119,-0.2769613929850307,0.2811198830604553
z_degree_to_cn_residual,1,test-120,0.7419506826667789,0.018658697605133057
z_degree_to_cn_residual,1,test-121,0.6173586728971772,0.14332598447799683
z_degree_to_cn_residual,1,test-122,0.4975938529983208,0.23463648557662964
z_degree_to_cn_residual,1,test-123,0.7678342906695491,0.14808052778244019
z_degree_to_cn_residual,1,test-124,0.6895865039918867,0.20965707302093506
z_degree_to_cn_residual,1,test-125,-0.0034789790604594075,-0.01579141616821289
z_degree_to_cn_residual,1,test-126,-0.05864700761913961,0.1434968113899231
z_degree_to_cn_residual,1,test-127,1.0228237810053415,0.1433272361755371
z_degree_to_cn_residual,1,test-128,-0.0035606765680585707,0.20965707302093506
z_degree_to_cn_residual,1,test-129,-0.18823503876493325,0.11946287751197815
z_degree_to_cn_residual,1,test-130,-0.0018858338027912184,-0.04466730356216431
z_degree_to_cn_residual,1,test-131,0.9030589611064851,0.23463648557662964
z_degree_to_cn_residual,1,test-132,-0.4340936106029696,-0.0015770792961120605
z_degree_to_cn_residual,1,test-133,-0.38887630573317594,0.09684771299362183
z_degree_to_cn_residual,1,test-134,-0.05864700761913961,0.14349621534347534
z_degree_to_cn_residual,1,test-135,0.5339877961082178,0.3362991213798523
z_degree_to_cn_residual,1,test-136,0.939452904216382,0.3362991213798523
z_degree_to_cn_residual,1,test-137,0.66451867806514,-0.0015770792961120605
z_degree_to_cn_residual,1,test-138,-0.0004881954264035043,-0.0008228421211242676
z_degree_to_cn_residual,1,test-139,-0.1955533275616245,0.23463648557662964
z_degree_to_cn_residual,1,test-140,-0.10175491661011418,0.18848267197608948
z_degree_to_cn_residual,1,test-141,-0.44289752605972865,0.06784588098526001
z_degree_to_cn_residual,1,test-142,-0.0035606765680585707,0.20965707302093506
z_degree_to_cn_residual,1,test-143,-0.2781181241584144,0.08025875687599182
z_degree_to_cn_residual,1,test-144,-0.09065704239956256,0.28530359268188477
z_degree_to_cn_residual,1,test-145,-0.0036554613792027465,0.11056789755821228
z_degree_to_cn_residual,1,test-146,-0.029386288861844613,0.12044543027877808
z_degree_to_cn_residual,1,test-147,0.38339339457728866,0.35420477390289307
z_degree_to_cn_residual,1,test-148,-0.2781181241584144,0.08025875687599182
z_degree_to_cn_residual,1,test-149,0.15489024865948775,0.15169757604599
z_degree_to_cn_residual,1,test-150,-0.2769613929850307,0.2811198830604553
z_degree_to_cn_residual,1,test-151,-0.20947272133996278,0.1365179419517517
z_degree_to_cn_residual,1,test-152,0.5702273837469602,-0.010709822177886963
z_degree_to_cn_residual,1,test-153,-0.002053521525395429,0.0994296669960022
z_degree_to_cn_residual,1,test-154,0.2460194339238882,0.3138686716556549
z_degree_to_cn_residual,1,test-155,0.6894917191807426,0.11056789755821228
z_degree_to_cn_residual,1,test-156,-0.0031781308215864876,0.24078670144081116
z_degree_to_cn_residual,1,test-157,1.2627715283766356,-0.03723031282424927
z_degree_to_cn_residual,1,test-158,-0.13130940597547108,0.18750208616256714
z_degree_to_cn_residual,1,test-159,-0.0018686256953188945,-0.0017132163047790527
z_degree_to_cn_residual,1,test-160,0.6024901381603828,0.28530359268188477
z_degree_to_cn_residual,1,test-161,0.014629997385950364,0.008687078952789307
z_degree_to_cn_residual,1,test-162,-0.002813098481549962,0.11379307508468628
z_degree_to_cn_residual,1,test-163,0.5913922639498311,0.18848267197608948
z_degree_to_cn_residual,1,test-164,-0.0035606765680585707,0.20965707302093506
z_degree_to_cn_residual,1,test-165,0.30427087482676934,0.09684771299362183
z_degree_to_cn_residual,1,test-166,-0.0028787346636806365,-0.016400039196014404
z_degree_to_cn_residual,1,test-167,-0.40480071474225116,0.1763409972190857
z_degree_to_cn_residual,1,test-168,-0.5370711129495983,0.34005892276763916
z_degree_to_cn_residual,1,test-169,0.28834646581769413,0.1763409972190857
z_degree_to_cn_residual,1,test-170,-0.0035606765680585707,0.20965707302093506
z_degree_to_cn_residual,1,test-171,-0.0036554613792027465,0.11056789755821228
z_degree_to_cn_residual,1,test-172,0.5538511883699282,0.2131747603416443
z_degree_to_cn_residual,1,test-173,-0.002813098481549962,0.11379307508468628
z_degree_to_cn_residual,1,test-174,-0.07578850766276808,0.14332598447799683
z_degree_to_cn_residual,1,test-175,1.1849817921765171,0.24162423610687256
z_degree_to_cn_residual,1,test-176,-0.10175491661011418,0.18848267197608948
z_degree_to_cn_residual,1,test-177,0.8492232481702923,0.34005892276763916
z_degree_to_cn_residual,1,test-178,-0.11231349157634923,0.12135201692581177
z_degree_to_cn_residual,1,test-179,0.007736477119163819,0.1324666142463684
z_degree_to_cn_residual,1,test-180,-0.002813098481549962,0.11379307508468628
z_degree_to_cn_residual,1,test-181,-0.0028708568023377394,0.1076403260231018
z_degree_to_cn_residual,1,test-182,-0.32480564797407757,0.25939837098121643
z_degree_to_cn_residual,1,test-183,-0.3097537859826566,0.35420477390289307
z_degree_to_cn_residual,1,test-184,-0.0018686256953188945,-0.0017132163047790527
z_degree_to_cn_residual,1,test-185,0.33672796414016415,-0.029474854469299316
z_degree_to_cn_residual,1,test-186,-0.2781181241584144,0.08025875687599182
z_degree_to_cn_residual,1,test-187,1.1089553769498606,0.14632052183151245
z_degree_to_cn_residual,1,test-188,-0.2781181241584144,0.08025875687599182
z_degree_to_cn_residual,1,test-189,-0.07578850766276808,0.14332598447799683
z_degree_to_cn_residual,1,test-190,-0.05864700761913961,0.14349621534347534
z_degree_to_cn_residual,1,test-191,0.6024901381603828,0.28530359268188477
z_degree_to_cn_residual,1,test-192,-0.0036554613792027465,0.11056789755821228
z_degree_to_cn_residual,1,test-193,-0.0035606765680585707,0.20965707302093506
z_degree_to_cn_residual,1,test-194,0.5823656809503006,0.09129790961742401
z_degree_to_cn_residual,1,test-195,-0.1955533275616245,0.23463648557662964
z_degree_to_cn_residual,1,test-196,-0.0028708568023377394,0.1076403260231018
z_degree_to_cn_residual,1,test-197,0.11366833474633009,0.07567888498306274
z_degree_to_cn_residual,1,test-198,-0.35638048877056727,0.11927348375320435
z_degree_to_cn_residual,1,test-199,-0.07578850766276808,0.14332598447799683
z_degree_to_cn_residual,1,test-200,-0.13583211349719748,0.1986372470855713
z_degree_to_cn_residual,1,test-201,-0.0028787346636806365,-0.016400039196014404
z_degree_to_cn_residual,1,test-202,-0.0028787346636806365,-0.016400039196014404
z_degree_to_cn_residual,1,test-203,-0.11078149960964469,0.09129790961742401
z_degree_to_cn_residual,1,test-204,-0.07578850766276808,0.14332598447799683
z_degree_to_cn_residual,1,test-205,0.6896682014994859,-0.01579141616821289
z_degree_to_cn_residual,1,test-206,-0.05864700761913961,0.14349621534347534
z_degree_to_cn_residual,1,test-207,-0.32480564797407757,0.25939837098121643
z_degree_to_cn_residual,1,test-208,0.25024965450021663,0.10883551836013794
z_degree_to_cn_residual,1,test-209,-0.33752049351550284,-0.07349342107772827
z_degree_to_cn_residual,1,test-210,0.44737721938821673,-0.0229341983795166
z_degree_to_cn_residual,1,test-211,0.12647768999901543,0.1169428825378418
z_degree_to_cn_residual,1,test-212,0.9878307890584649,0.09129790961742401
z_degree_to_cn_residual,1,test-213,-0.0021065781046860016,0.18105489015579224
z_degree_to_cn_residual,1,test-214,-0.0018686256953188945,0.35929757356643677
z_degree_to_cn_residual,1,test-215,0.7097359829349337,0.09684771299362183
z_degree_to_cn_residual,1,test-216,-0.0036554613792027465,0.11056789755821228
z_degree_to_cn_residual,1,test-217,-0.0035606765680585707,-0.004045307636260986
z_degree_to_cn_residual,1,test-218,0.6895865039918867,0.20965707302093506
z_degree_to_cn_residual,1,test-219,-0.11078149960964469,0.09129790961742401
z_degree_to_cn_residual,1,test-220,-0.33077799799856045,0.14808052778244019
z_degree_to_cn_residual,1,test-221,-0.1955533275616245,0.23463648557662964
z_degree_to_cn_residual,1,test-222,-0.0036554613792027465,0.11056789755821228
z_degree_to_cn_residual,1,test-223,-0.20947272133996278,0.13564789295196533
z_degree_to_cn_residual,1,test-224,-0.0018686256953188945,-0.0017132163047790527
z_degree_to_cn_residual,1,test-225,0.8204941645096951,0.08025875687599182
z_degree_to_cn_residual,1,test-226,-0.0036554613792027465,0.11056789755821228
z_degree_to_cn_residual,1,test-227,0.939452904216382,0.3362991213798523
z_degree_to_cn_residual,1,test-228,-0.0035606765680585707,0.20965707302093506
z_degree_to_cn_residual,1,test-229,-0.05864700761913961,0.14349621534347534
z_degree_to_cn_residual,1,test-230,0.5618087898319306,-0.017245352268218994
z_degree_to_cn_residual,1,test-231,-0.36200354022730785,0.1304994821548462
z_degree_to_cn_residual,1,test-232,0.6118003281156039,0.1538587212562561
z_degree_to_cn_residual,1,test-233,-0.002813098481549962,-0.07268840074539185
z_degree_to_cn_residual,1,test-234,-0.33077799799856045,0.14808052778244019
z_degree_to_cn_residual,1,test-235,0.5917823590583151,0.0751771628856659
z_degree_to_cn_residual,1,test-236,-0.10175491661011418,0.18848267197608948
z_degree_to_cn_residual,1,test-237,-0.10175491661011418,0.18848267197608948
z_degree_to_cn_residual,1,test-238,-0.11078149960964469,0.09129790961742401
z_degree_to_cn_residual,1,test-239,1.0575197935891483,-0.012927889823913574
z_degree_to_cn_residual,1,test-240,0.15489024865948775,0.15169757604599
z_degree_to_cn_residual,1,test-241,-0.0035606765680585707,-0.004045307636260986
z_degree_to_cn_residual,1,test-242,-0.009524164442536962,0.09821894764900208
z_degree_to_cn_residual,1,test-243,0.9968573720579954,0.18848267197608948
z_degree_to_cn_residual,1,test-244,0.6345001729408056,0.14349621534347534
z_degree_to_cn_residual,1,test-245,-0.11078149960964469,0.09129790961742401
z_degree_to_cn_residual,1,test-246,-0.4012440214494514,-0.02488309144973755
z_degree_to_cn_residual,1,test-247,0.6024901381603828,0.28530359268188477
z_degree_to_cn_residual,1,test-248,-0.6567931335747463,-0.09279072284698486
z_degree_to_cn_residual,1,test-249,-0.0035606765680585707,0.20965707302093506
z_degree_to_cn_residual,1,test-250,-0.45435792080222814,0.05017518997192383
z_degree_to_cn_residual,1,test-251,-0.32311619585740226,-0.0007791519165039062
z_degree_to_cn_residual,1,test-252,-0.002813098481549962,0.11379307508468628
z_degree_to_cn_residual,1,test-253,0.007736477119163819,0.1324666142463684
z_degree_to_cn_residual,1,test-254,-0.3097537859826566,0.35420557856559753
z_degree_to_cn_residual,1,test-255,-0.09065704239956256,0.2853034734725952
z_degree_to_cn_residual,1,test-256,-0.0034789790604594075,-0.01579141616821289
z_degree_to_cn_residual,1,test-257,-0.23061314275164188,0.08883929252624512
z_degree_to_cn_residual,1,test-258,-0.0018686256953188945,-0.0017132163047790527
z_degree_to_cn_residual,1,test-259,0.1907181118045317,0.018606722354888916
z_degree_to_cn_residual,1,test-260,0.8645646996554307,0.15884143114089966
z_degree_to_cn_residual,1,test-261,-0.005086360255747422,0.09891492128372192
z_degree_to_cn_residual,1,test-262,-0.0028787346636806365,-0.016400039196014404
z_degree_to_cn_residual,1,test-263,0.4158081963899153,0.14632052183151245
z_degree_to_cn_residual,1,test-264,0.9030589611064851,0.23463648557662964
z_degree_to_cn_residual,1,test-265,-0.1955533275616245,0.23463648557662964
z_degree_to_cn_residual,1,test-266,-0.30556432891279645,-0.0434303879737854
z_degree_to_cn_residual,1,test-267,-0.44289752605972865,0.06784588098526001
z_degree_to_cn_residual,1,test-268,0.6895865039918867,0.20965707302093506
z_degree_to_cn_residual,1,test-269,0.6894917191807426,0.11056789755821228
z_degree_to_cn_residual,1,test-270,-0.09065704239956256,0.28530359268188477
z_degree_to_cn_residual,1,test-271,0.5959739975662122,-0.267969012260437
z_degree_to_cn_residual,1,test-272,-0.0035606765680585707,0.20965707302093506
z_degree_to_cn_residual,1,test-273,0.9878307890584649,0.09129790961742401
z_degree_to_cn_residual,1,test-274,0.2314850461504528,0.11436420679092407
z_degree_to_cn_residual,1,test-275,0.4841670466163553,0.16667431592941284
z_degree_to_cn_residual,1,test-276,0.5339877961082178,0.3362991213798523
z_degree_to_cn_residual,1,test-277,-0.09065704239956256,0.28530359268188477
z_degree_to_cn_residual,1,test-278,0.0010912067988609801,0.02488487958908081
z_degree_to_cn_residual,1,test-279,-0.2781181241584144,0.08025875687599182
z_degree_to_cn_residual,1,test-280,0.4625340378083034,0.08465331792831421
z_degree_to_cn_residual,1,test-281,0.504912141795012,0.11946287751197815
z_degree_to_cn_residual,1,test-282,-0.0034789790604594075,-0.01579141616821289
z_degree_to_cn_residual,1,test-283,1.0228237810053415,0.14332598447799683
z_degree_to_cn_residual,1,test-284,-0.044024025327156165,0.0967373251914978
z_degree_to_cn_residual,1,test-285,-0.1955533275616245,0.23463648557662964
z_degree_to_cn_residual,1,test-286,-0.002813098481549962,0.03056424856185913
z_degree_to_cn_residual,1,test-287,-0.09065704239956256,0.28530359268188477
z_degree_to_cn_residual,1,test-288,1.35793738207373,-0.14134728908538818
z_degree_to_cn_residual,1,test-289,-0.11078149960964469,0.09129790961742401
z_degree_to_cn_residual,1,test-290,0.5618087898319306,0.04858049750328064
z_degree_to_cn_residual,1,test-291,0.21803315624854092,-0.04718273878097534
z_degree_to_cn_residual,1,test-292,0.5913922639498311,0.18848267197608948
z_degree_to_cn_residual,1,test-293,0.5499859594505343,-0.16979855298995972
z_degree_to_cn_residual,1,test-294,-0.9950422905965786,-0.00932854413986206
z_degree_to_cn_residual,1,test-295,0.2779926693730159,0.16824978590011597
z_degree_to_cn_residual,1,test-296,0.6345001729408056,0.14349621534347534
z_degree_to_cn_residual,1,test-297,0.6899690497383588,0.24078670144081116
z_degree_to_cn_residual,1,test-298,-0.00593228369389451,0.10722917318344116
z_degree_to_cn_residual,1,test-299,0.0010912067988609801,0.02488487958908081
z_degree_to_cn_residual,1,test-300,0.6912785548646264,0.35929757356643677
z_degree_to_cn_residual,1,test-301,-0.20898013394359,0.16667431592941284
z_degree_to_cn_residual,1,test-302,0.4975938529983208,0.23463648557662964
z_degree_to_cn_residual,1,test-303,-0.002813098481549962,0.03056424856185913
z_degree_to_cn_residual,1,test-304,0.6173586728971772,0.14332598447799683
z_degree_to_cn_residual,1,test-305,-0.0036554613792027465,0.11056789755821228
z_degree_to_cn_residual,1,test-306,-0.30860672153291563,0.13543486595153809
z_degree_to_cn_residual,1,test-307,0.41502905640153087,0.08025875687599182
z_degree_to_cn_residual,1,test-308,0.634961762773199,-0.1902042031288147
z_degree_to_cn_residual,1,test-309,-0.0036554613792027465,0.11056789755821228
z_degree_to_cn_residual,1,test-310,0.6894917191807426,0.11056789755821228
z_degree_to_cn_residual,1,test-311,-0.15915938445172756,0.3362991213798523
z_degree_to_cn_residual,1,test-312,0.5464382292844422,0.11193177103996277
z_degree_to_cn_residual,1,test-313,-0.05864700761913961,0.14349621534347534
z_degree_to_cn_residual,1,test-314,0.9157863172080091,0.06417864561080933
z_degree_to_cn_residual,1,test-315,0.0006363913580034505,-0.04573589563369751
z_degree_to_cn_residual,1,test-316,0.45426861021499787,0.018658697605133057
z_degree_to_cn_residual,1,test-317,0.07689953639068714,0.11425602436065674
z_degree_to_cn_residual,1,test-318,0.0026230950542789266,-0.052223265171051025
z_degree_to_cn_residual,1,test-319,0.5913922639498311,0.18848267197608948
z_degree_to_cn_residual,1,test-320,0.6749848634745165,-0.03723031282424927
z_degree_to_cn_residual,1,test-321,-0.2781181241584144,0.08025875687599182
z_degree_to_cn_residual,1,test-322,-0.07862923785894682,0.002244412899017334
z_degree_to_cn_residual,1,test-323,0.45426861021499787,0.018658697605133057
z_degree_to_cn_residual,1,test-324,1.0888176139850687,-0.05545729398727417
z_degree_to_cn_residual,1,test-325,-0.15915938445172756,0.3362991213798523
z_degree_to_cn_residual,1,test-326,-0.11078149960964469,0.09129790961742401
z_degree_to_cn_residual,1,test-327,0.4975938529983208,0.23463648557662964
z_degree_to_cn_residual,1,test-328,-0.0035606765680585707,-0.004045307636260986
z_degree_to_cn_residual,1,test-329,-0.07578850766276808,0.14332598447799683
z_degree_to_cn_residual,1,test-330,0.5339877961082178,0.3362991213798523
z_degree_to_cn_residual,1,test-331,-0.007694165471705018,0.08998256921768188
z_degree_to_cn_residual,1,test-332,-0.13133839072801465,-0.017245352268218994
z_degree_to_cn_residual,1,test-333,-0.4340936106029696,-0.0015770792961120605
z_degree_to_cn_residual,1,test-334,-0.002813098481549962,0.03056424856185913
z_degree_to_cn_residual,1,test-335,0.9814936463776394,0.1763409972190857
z_degree_to_cn_residual,1,test-336,-0.33812649705939035,0.054010987281799316
z_degree_to_cn_residual,1,test-337,-0.0018858338027912184,-0.024468958377838135
z_degree_to_cn_residual,1,test-338,0.016437147451202155,0.0021165013313293457
z_degree_to_cn_residual,1,test-339,-0.009524164442536962,0.09821894764900208
z_degree_to_cn_residual,1,test-340,1.1605692126756,-0.04396209120750427
z_degree_to_cn_residual,1,test-341,-0.09065704239956256,0.28530359268188477
z_degree_to_cn_residual,1,test-342,0.5823656809503006,0.09129790961742401
z_degree_to_cn_residual,1,test-343,0.6173586728971772,0.14332598447799683
z_degree_to_cn_residual,1,test-344,0.5339877961082178,0.3362991213798523
z_degree_to_cn_residual,1,test-345,0.9369652036159007,0.1294974684715271
z_degree_to_cn_residual,1,test-346,0.48367445921998253,0.1365179419517517
z_degree_to_cn_residual,1,test-347,-0.07578850766276808,0.14332598447799683
z_degree_to_cn_residual,1,test-348,-0.3042585632391721,0.031707763671875
z_degree_to_cn_residual,1,test-349,-0.0018686256953188945,0.35929757356643677
z_degree_to_cn_residual,1,test-350,0.5917823590583151,0.0751771628856659
z_degree_to_cn_residual,1,test-351,0.6173586728971772,0.14332598447799683
z_degree_to_cn_residual,1,test-352,0.6173586728971772,0.14332598447799683
z_degree_to_cn_residual,1,test-353,0.6173586728971772,0.14332598447799683
z_degree_to_cn_residual,1,test-354,-0.27733898417003,0.14632052183151245
z_degree_to_cn_residual,1,test-355,0.016437147451202155,0.0021165013313293457
z_degree_to_cn_residual,1,test-356,-0.20898013394359,0.16667431592941284
z_degree_to_cn_residual,1,test-357,-0.0018686256953188945,0.35929757356643677
z_degree_to_cn_residual,1,test-358,0.6637608916981007,0.12044543027877808
z_degree_to_cn_residual,1,test-359,-0.16885127416876008,0.14204543828964233
z_degree_to_cn_residual,1,test-360,-0.830148528167549,0.10477340221405029
z_degree_to_cn_residual,1,test-361,-0.0035606765680585707,-0.004045307636260986
z_degree_to_cn_residual,1,test-362,-0.0035606765680585707,0.20965707302093506
z_degree_to_cn_residual,1,test-363,-0.0035606765680585707,0.20965707302093506
z_degree_to_cn_residual,1,test-364,-0.008859578140071211,0.021211326122283936
z_degree_to_cn_residual,1,test-365,-0.13133839072801465,0.04858049750328064
z_degree_to_cn_residual,1,test-366,0.45426861021499787,0.018658697605133057
z_degree_to_cn_residual,1,test-367,-0.33375183485569004,0.07629048824310303
z_degree_to_cn_residual,1,test-368,0.2314850461504528,0.11436420679092407
z_degree_to_cn_residual,1,test-369,-0.05864700761913961,0.14349621534347534
z_degree_to_cn_residual,1,test-370,-0.1955533275616245,0.23463648557662964
z_degree_to_cn_residual,1,test-371,-0.002813098481549962,0.11379307508468628
z_degree_to_cn_residual,1,test-372,-0.5382569319004575,0.15169757604599
z_degree_to_cn_residual,1,test-373,1.0242908208925827,0.1304994821548462
z_degree_to_cn_residual,1,test-374,-0.0018686256953188945,-0.0017132163047790527
z_degree_to_cn_residual,1,test-375,0.6896682014994859,-0.01579141616821289
z_degree_to_cn_residual,1,test-376,-0.002813098481549962,0.03056424856185913
z_degree_to_cn_residual,1,test-377,0.6173586728971772,0.14332598447799683
z_degree_to_cn_residual,1,test-378,-0.3097537859826566,0.35420477390289307
z_degree_to_cn_residual,1,test-379,0.5339877961082178,0.3362991213798523
z_degree_to_cn_residual,1,test-380,0.6024901381603828,0.28530359268188477
z_degree_to_cn_residual,1,test-381,0.03635404698519895,-0.09279072284698486
z_degree_to_cn_residual,1,test-382,-0.009524164442536962,0.0982203483581543
z_degree_to_cn_residual,1,test-383,-0.009524164442536962,0.0982203483581543
z_degree_to_cn_residual,1,test-384,0.5913922639498311,0.18848267197608948
z_degree_to_cn_residual,1,test-385,0.6345001729408056,0.14349621534347534
z_degree_to_cn_residual,1,test-386,0.6899690497383588,0.24078670144081116
z_degree_to_cn_residual,1,test-387,-0.0035606765680585707,0.20965707302093506
z_degree_to_cn_residual,1,test-388,-0.0031781308215864876,0.24078670144081116
z_degree_to_cn_residual,1,test-389,-0.0035606765680585707,-0.004045307636260986
z_degree_to_cn_residual,1,test-390,-0.032324694674933076,0.16240793466567993
z_degree_to_cn_residual,1,test-391,-0.0035606765680585707,0.20965707302093506
z_degree_to_cn_residual,1,test-392,-0.0035606765680585707,0.20965707302093506
z_degree_to_cn_residual,1,test-393,0.6894917191807426,0.11056789755821228
z_degree_to_cn_residual,1,test-394,0.4975938529983208,0.23463648557662964
z_degree_to_cn_residual,1,test-395,-0.0036554613792027465,0.11056789755821228
z_degree_to_cn_residual,1,test-396,0.5823656809503006,0.09129790961742401
z_degree_to_cn_residual,1,test-397,0.4975938529983208,0.23463648557662964
z_degree_to_cn_residual,1,test-398,-0.0018686256953188945,-0.0017132163047790527
z_degree_to_cn_residual,1,test-399,-0.002813098481549962,0.11379307508468628
z_degree_to_cn_residual,1,test-400,-0.0031781308215864876,0.24078670144081116
z_degree_to_cn_residual,1,test-401,0.5702273837469602,-0.010709822177886963
z_degree_to_cn_residual,1,test-402,-0.0035606765680585707,0.20965707302093506
z_degree_to_cn_residual,1,test-403,-0.002053521525395429,0.0994296669960022
z_degree_to_cn_residual,1,test-404,-0.009524164442536962,0.09821894764900208
z_degree_to_cn_residual,1,test-405,-0.1955533275616245,0.23463648557662964
z_degree_to_cn_residual,1,test-406,0.6894917191807426,0.11056789755821228
z_degree_to_cn_residual,1,test-407,-0.13929599219001707,0.2131747603416443
z_degree_to_cn_residual,1,test-408,0.6894917191807426,0.11056789755821228
z_degree_to_cn_residual,1,test-409,0.5917823590583151,0.0751771628856659
z_degree_to_cn_residual,1,test-410,-0.04190258786028581,0.10470086336135864
z_degree_to_cn_residual,1,test-411,0.11366833474633009,0.07567888498306274
z_degree_to_cn_residual,1,test-412,-0.002813098481549962,-0.07268840074539185
z_degree_to_cn_residual,1,test-413,-0.27733898417003,0.14632052183151245
z_degree_to_cn_residual,1,test-414,0.6912785548646264,0.35929757356643677
z_degree_to_cn_residual,1,test-415,0.016437147451202155,0.0021165013313293457
z_degree_to_cn_residual,1,test-416,0.6608224858850122,0.16240793466567993
z_degree_to_cn_residual,1,test-417,-0.40480071474225116,0.1763409972190857
z_degree_to_cn_residual,1,test-418,0.9968573720579954,0.18848267197608948
z_degree_to_cn_residual,1,test-419,0.41502905640153087,0.08025875687599182
z_degree_to_cn_residual,1,test-420,0.11452475044660182,-0.11937057971954346
z_degree_to_cn_residual,1,test-421,0.6885396674914255,0.08181154727935791
z_degree_to_cn_residual,1,test-422,0.4158081963899153,0.14632052183151245
z_degree_to_cn_residual,1,test-423,-0.007694165471705018,0.08998256921768188
z_degree_to_cn_residual,1,test-424,-0.1955533275616245,0.23463648557662964
z_degree_to_cn_residual,1,test-425,0.4158081963899153,0.14632052183151245
z_degree_to_cn_residual,1,test-426,-0.36200354022730785,0.1304994821548462
z_degree_to_cn_residual,1,test-427,0.5913922639498311,0.18848267197608948
z_degree_to_cn_residual,1,test-428,-0.0036554613792027465,0.11056789755821228
z_degree_to_cn_residual,1,test-429,0.0026230950542789266,-0.052223265171051025
z_degree_to_cn_residual,1,test-430,1.190741033558266,0.23463648557662964
z_degree_to_cn_residual,1,test-431,-0.05864700761913961,0.14349621534347534
z_degree_to_cn_residual,1,test-432,0.6912785548646264,0.35929757356643677
z_degree_to_cn_residual,1,test-433,-0.13133839072801465,-0.017245352268218994
z_degree_to_cn_residual,1,test-434,-0.010206311973696352,0.09304231405258179
z_degree_to_cn_residual,1,test-435,-0.0036554613792027465,0.11056789755821228
z_degree_to_cn_residual,1,test-436,-0.07578850766276808,0.14332598447799683
z_degree_to_cn_residual,1,test-437,0.2779926693730159,0.16824978590011597
z_degree_to_cn_residual,1,test-438,0.6024901381603828,0.28530359268188477
z_degree_to_cn_residual,1,test-439,0.6836230161174083,0.09821894764900208
z_degree_to_cn_residual,1,test-440,0.007736477119163819,0.1324666142463684
z_degree_to_cn_residual,1,test-441,0.6667289091472093,0.01554030179977417
z_degree_to_cn_residual,1,test-442,-0.13330988833640284,0.19686377048492432
z_degree_to_cn_residual,1,test-443,-0.0035606765680585707,0.20965707302093506
z_degree_to_cn_residual,1,test-444,0.9339988208263761,0.027522385120391846
z_degree_to_cn_residual,1,test-445,0.15489024865948775,0.15169757604599
z_degree_to_cn_residual,1,test-446,0.9878307890584649,0.09129790961742401
z_degree_to_cn_residual,1,test-447,1.007955246268547,0.28530359268188477
z_degree_to_cn_residual,1,test-448,-0.0028787346636806365,-0.016400039196014404
z_degree_to_cn_residual,1,test-449,1.190741033558266,0.23463648557662964
z_degree_to_cn_residual,1,test-450,0.939452904216382,0.3362991213798523
z_degree_to_cn_residual,1,test-451,0.9030589611064851,0.23463648557662964
z_degree_to_cn_residual,1,test-452,-0.002813098481549962,-0.07268840074539185
z_degree_to_cn_residual,1,test-453,0.6173586728971772,0.14332598447799683
z_degree_to_cn_residual,1,test-454,-0.5218160654288044,-0.04970496892929077
z_degree_to_cn_residual,1,test-455,-0.32311619585740226,-0.0007791519165039062
z_degree_to_cn_residual,1,test-456,0.6938115739258583,0.1763409972190857
z_degree_to_cn_residual,1,test-457,-0.09065704239956256,0.28530359268188477
z_degree_to_cn_residual,1,test-458,0.690374323407516,0.08367586135864258
z_degree_to_cn_residual,1,test-459,-0.026418271412736054,0.01554030179977417
z_degree_to_cn_residual,1,test-460,-0.0035606765680585707,-0.004045307636260986
z_degree_to_cn_residual,1,test-461,-0.15915938445172756,0.3362991213798523
z_degree_to_cn_residual,1,test-462,0.5618087898319306,-0.017245352268218994
z_degree_to_cn_residual,1,test-463,0.9030589611064851,0.23463648557662964
z_degree_to_cn_residual,1,test-464,0.5823656809503006,0.09129790961742401
z_degree_to_cn_residual,1,test-465,-0.0004881954264035043,-0.0008228421211242676
z_degree_to_cn_residual,1,test-466,0.6895865039918867,0.20965707302093506
z_degree_to_cn_residual,1,test-467,0.6854530150882403,0.07440859079360962
z_degree_to_cn_residual,1,test-468,-0.0004881954264035043,-0.0008228421211242676
z_degree_to_cn_residual,1,test-469,0.4158081963899153,0.14632052183151245
z_degree_to_cn_residual,1,test-470,0.560355356767652,0.15169757604599
z_degree_to_cn_residual,1,test-471,-0.1955533275616245,0.23463648557662964
z_degree_to_cn_residual,1,test-472,-0.11078149960964469,0.09129790961742401
z_degree_to_cn_residual,1,test-473,-0.0028787346636806365,-0.016400039196014404
z_degree_to_cn_residual,1,test-474,0.4158081963899153,0.14632052183151245
z_degree_to_cn_residual,1,test-475,-0.0031781308215864876,0.24078670144081116
z_degree_to_cn_residual,1,test-476,0.38576956172760457,0.19265443086624146
z_degree_to_cn_residual,1,test-477,0.11366833474633009,0.07567888498306274
z_degree_to_cn_residual,1,test-478,0.6345001729408056,0.14349621534347534
z_degree_to_cn_residual,1,test-479,-0.10175491661011418,0.18848267197608948
z_degree_to_cn_residual,1,test-480,0.5917823590583151,0.0751771628856659
z_degree_to_cn_residual,1,test-481,0.4975938529983208,0.23463648557662964
z_degree_to_cn_residual,1,test-482,0.7015560682294257,0.07248687744140625
z_degree_to_cn_residual,1,test-483,-0.009524164442536962,0.09821894764900208
z_degree_to_cn_residual,1,test-484,0.5702273837469602,-0.010709822177886963
z_degree_to_cn_residual,1,test-485,0.4841670466163553,0.16667431592941284
z_degree_to_cn_residual,1,test-486,-0.0036554613792027465,0.11056789755821228
z_degree_to_cn_residual,1,test-487,-0.002813098481549962,0.11379307508468628
z_degree_to_cn_residual,1,test-488,-0.21986076979624922,0.1628047227859497
z_degree_to_cn_residual,1,test-489,-0.0036554613792027465,0.11056789755821228
z_degree_to_cn_residual,1,test-490,-0.005086360255747422,0.09891492128372192
z_degree_to_cn_residual,1,test-491,-0.0035606765680585707,-0.004045307636260986
z_degree_to_cn_residual,1,test-492,-0.0036554613792027465,0.11056789755821228
z_degree_to_cn_residual,1,test-493,0.7678342906695491,0.14808052778244019
z_degree_to_cn_residual,1,test-494,-0.0018686256953188945,-0.0017132163047790527
z_degree_to_cn_residual,1,test-495,-0.33375183485569004,0.07629048824310303
z_degree_to_cn_residual,1,test-496,-0.0035606765680585707,0.20965707302093506
z_degree_to_cn_residual,1,test-497,0.6872148968660508,0.10722917318344116
z_degree_to_cn_residual,1,test-498,-0.009524164442536962,0.09821894764900208
z_degree_to_cn_residual,1,test-499,-0.5217296614644599,0.15884143114089966
z_degree_to_cn_residual,1,test-500,-0.3073776188323407,0.19265443086624146
z_degree_to_cn_residual,1,test-501,0.6829408685862489,0.09304231405258179
z_degree_to_cn_residual,1,test-502,0.41502905640153087,0.08025875687599182
z_degree_to_cn_residual,1,test-503,-0.08022471546986565,0.02444082498550415
z_degree_to_cn_residual,1,test-504,-0.47511402431140437,-0.04718273878097534
z_degree_to_cn_residual,1,test-505,0.6345001729408056,0.14349621534347534
z_degree_to_cn_residual,1,test-506,-0.4340936106029696,-0.0015770792961120605
z_degree_to_cn_residual,1,test-507,-0.0034789790604594075,-0.01579141616821289
z_degree_to_cn_residual,1,test-508,-0.5810323630174453,0.06243628263473511
z_degree_to_cn_residual,1,test-509,0.35502068350055493,0.054010987281799316
z_degree_to_cn_residual,1,test-510,0.9297740279230993,-0.010260820388793945
z_degree_to_cn_residual,1,test-511,-0.026418271412736054,0.015538990497589111
z_degree_to_degree,1,test-0,4.6443908991413725,4.903295516967773
z_degree_to_degree,1,test-1,3.988984046564274,4.296135902404785
z_degree_to_degree,1,test-2,4.584967478670572,4.823763847351074
z_degree_to_degree,1,test-3,4.962844630259907,5.190639495849609
z_degree_to_degree,1,test-4,3.1780538303479453,3.627488374710083
z_degree_to_degree,1,test-5,4.77912349311153,5.0175933837890625
z_degree_to_degree,1,test-6,3.8066624897703196,3.977365732192993
z_degree_to_degree,1,test-7,5.966146739123692,6.141161918640137
z_degree_to_degree,1,test-8,3.6635616461296463,4.013395309448242
z_degree_to_degree,1,test-9,3.0445224377234226,3.3956122398376465
z_degree_to_degree,1,test-10,3.6888794541139367,3.9869089126586914
z_degree_to_degree,1,test-11,3.401197381662155,3.6246588230133057
z_degree_to_degree,1,test-12,3.9120230054281464,4.073988914489746
z_degree_to_degree,1,test-13,0.6931471805599453,1.5555965900421143
z_degree_to_degree,1,test-14,4.74493212836325,5.1313886642456055
z_degree_to_degree,1,test-15,4.0943445622221,4.661949157714844
z_degree_to_degree,1,test-16,1.791759469228055,2.266957998275757
z_degree_to_degree,1,test-17,4.394449154672438,4.684073448181152
z_degree_to_degree,1,test-18,4.718498871295095,4.886224746704102
z_degree_to_degree,1,test-19,0.6931471805599453,1.5555965900421143
z_degree_to_degree,1,test-20,3.0445224377234226,3.3956122398376465
z_degree_to_degree,1,test-21,3.1780538303479458,3.7879364490509033
z_degree_to_degree,1,test-22,3.465735902799726,3.683576822280884
z_degree_to_degree,1,test-23,3.401197381662155,3.6246588230133057
z_degree_to_degree,1,test-24,1.0986122886681096,1.807770013809204
z_degree_to_degree,1,test-25,3.5553480614894135,3.774495840072632
z_degree_to_degree,1,test-26,4.189654742026425,4.327538967132568
z_degree_to_degree,1,test-27,2.3025850929940455,2.7414140701293945
z_degree_to_degree,1,test-28,3.465735902799726,3.683576822280884
z_degree_to_degree,1,test-29,2.8903717578961645,3.2956387996673584
z_degree_to_degree,1,test-30,3.688879454113936,3.908038854598999
z_degree_to_degree,1,test-31,4.882801922586371,5.0183515548706055
z_degree_to_degree,1,test-32,4.553876891600541,4.8873748779296875
z_degree_to_degree,1,test-33,3.58351893845611,3.8497262001037598
z_degree_to_degree,1,test-34,3.58351893845611,4.123296737670898
z_degree_to_degree,1,test-35,3.1780538303479453,3.479186773300171
z_degree_to_degree,1,test-36,2.772588722239781,3.2572529315948486
z_degree_to_degree,1,test-37,1.3862943611198906,2.0452520847320557
z_degree_to_degree,1,test-38,2.3025850929940455,2.7414140701293945
z_degree_to_degree,1,test-39,3.9889840465642745,4.600863456726074
z_degree_to_degree,1,test-40,1.791759469228055,2.266957998275757
z_degree_to_degree,1,test-41,3.951243718581427,4.233243465423584
z_degree_to_degree,1,test-42,3.6888794541139367,3.9869089126586914
z_degree_to_degree,1,test-43,6.040254711277413,6.306427955627441
z_degree_to_degree,1,test-44,2.484906649788,2.898613214492798
z_degree_to_degree,1,test-45,3.1780538303479453,3.479186773300171
z_degree_to_degree,1,test-46,0.6931471805599453,1.5555965900421143
z_degree_to_degree,1,test-47,4.941642422609304,5.192568778991699
z_degree_to_degree,1,test-48,0.0,1.2226955890655518
z_degree_to_degree,1,test-49,2.8903717578961645,3.2956387996673584
z_degree_to_degree,1,test-50,6.040254711277413,6.306427955627441
z_degree_to_degree,1,test-51,3.332204510175204,3.6422441005706787
z_degree_to_degree,1,test-52,2.995732273553991,3.375324010848999
z_degree_to_degree,1,test-53,6.327936783729195,6.460475921630859
z_degree_to_degree,1,test-54,2.8903717578961645,3.2956387996673584
z_degree_to_degree,1,test-55,2.6390573296152584,3.025068521499634
z_degree_to_degree,1,test-56,4.927253685157204,5.188736915588379
z_degree_to_degree,1,test-57,2.7080502011022096,3.0477449893951416
z_degree_to_degree,1,test-58,5.272999558563747,5.740384101867676
z_degree_to_degree,1,test-59,3.9889840465642745,4.127677917480469
z_degree_to_degree,1,test-60,2.0794415416798357,2.6113648414611816
z_degree_to_degree,1,test-61,4.7535901911063645,5.05330753326416
z_degree_to_degree,1,test-62,2.1972245773362196,3.019232988357544
z_degree_to_degree,1,test-63,2.3978952727983707,3.1335957050323486
z_degree_to_degree,1,test-64,1.3862943611198906,2.0452520847320557
z_degree_to_degree,1,test-65,3.58351893845611,3.9724903106689453
z_degree_to_degree,1,test-66,2.8903717578961645,3.2956387996673584
z_degree_to_degree,1,test-67,2.4849066497880004,3.000105142593384
z_degree_to_degree,1,test-68,2.4849066497880004,3.000105142593384
z_degree_to_degree,1,test-69,4.90527477843843,5.176704406738281
z_degree_to_degree,1,test-70,3.2188758248682006,3.6347391605377197
z_degree_to_degree,1,test-71,2.995732273553991,3.375324010848999
z_degree_to_degree,1,test-72,4.0943445622221,4.498194694519043
z_degree_to_degree,1,test-73,1.791759469228055,2.266957998275757
z_degree_to_degree,1,test-74,3.951243718581427,4.233243465423584
z_degree_to_degree,1,test-75,2.7080502011022096,3.0477449893951416
z_degree_to_degree,1,test-76,3.0445224377234226,3.3956122398376465
z_degree_to_degree,1,test-77,1.0986122886681096,1.807770013809204
z_degree_to_degree,1,test-78,3.0445224377234226,3.3956122398376465
z_degree_to_degree,1,test-79,1.3862943611198906,2.2432377338409424
z_degree_to_degree,1,test-80,1.791759469228055,2.266957998275757
z_degree_to_degree,1,test-81,3.688879454113936,3.908038854598999
z_degree_to_degree,1,test-82,3.58351893845611,3.9890263080596924
z_degree_to_degree,1,test-83,3.465735902799726,3.683576822280884
z_degree_to_degree,1,test-84,4.025351690735149,4.633077621459961
z_degree_to_degree,1,test-85,4.718498871295094,5.002789497375488
z_degree_to_degree,1,test-86,3.988984046564274,4.296135902404785
z_degree_to_degree,1,test-87,3.332204510175204,3.6422441005706787
z_degree_to_degree,1,test-88,2.7080502011022096,3.0477449893951416
z_degree_to_degree,1,test-89,2.6390573296152584,3.025068521499634
z_degree_to_degree,1,test-90,3.332204510175204,3.6422441005706787
z_degree_to_degree,1,test-91,2.484906649788,2.898613214492798
z_degree_to_degree,1,test-92,2.0794415416798357,2.6113648414611816
z_degree_to_degree,1,test-93,3.1780538303479453,3.627488374710083
z_degree_to_degree,1,test-94,5.272999558563747,5.740384101867676
z_degree_to_degree,1,test-95,2.484906649788,2.898613214492798
z_degree_to_degree,1,test-96,3.4011973816621555,3.8765945434570312
z_degree_to_degree,1,test-97,7.50659178007084,7.221585273742676
z_degree_to_degree,1,test-98,4.465908118654584,4.73726749420166
z_degree_to_degree,1,test-99,2.3025850929940455,2.7414140701293945
z_degree_to_degree,1,test-100,2.7080502011022096,3.0477449893951416
z_degree_to_degree,1,test-101,3.58351893845611,3.9890263080596924
z_degree_to_degree,1,test-102,2.7080502011022096,3.0477449893951416
z_degree_to_degree,1,test-103,4.02535169073515,4.782959938049316
z_degree_to_degree,1,test-104,2.772588722239781,3.2572529315948486
z_degree_to_degree,1,test-105,2.197224577336219,2.6646950244903564
z_degree_to_degree,1,test-106,1.0986122886681096,1.807770013809204
z_degree_to_degree,1,test-107,3.5263605246161616,4.054347038269043
z_degree_to_degree,1,test-108,0.6931471805599453,1.5555965900421143
z_degree_to_degree,1,test-109,6.327936783729195,6.460475921630859
z_degree_to_degree,1,test-110,3.58351893845611,3.8497262001037598
z_degree_to_degree,1,test-111,2.0794415416798357,2.6113648414611816
z_degree_to_degree,1,test-112,2.8903717578961645,3.670974016189575
z_degree_to_degree,1,test-113,5.0106352940962555,5.235116004943848
z_degree_to_degree,1,test-114,3.688879454113936,3.908038854598999
z_degree_to_degree,1,test-115,1.3862943611198906,2.2432377338409424
z_degree_to_degree,1,test-116,1.3862943611198906,2.0452520847320557
z_degree_to_degree,1,test-117,7.3395376954076745,7.081228256225586
z_degree_to_degree,1,test-118,4.304065093204169,4.792777061462402
z_degree_to_degree,1,test-119,3.2188758248682006,3.6347391605377197
z_degree_to_degree,1,test-120,6.733401891837358,6.735210418701172
z_degree_to_degree,1,test-121,2.484906649788,2.898613214492798
z_degree_to_degree,1,test-122,2.995732273553991,3.375324010848999
z_degree_to_degree,1,test-123,3.58351893845611,3.9890263080596924
z_degree_to_degree,1,test-124,1.791759469228055,2.266957998275757
z_degree_to_degree,1,test-125,2.6390573296152584,3.025068521499634
z_degree_to_degree,1,test-126,2.197224577336219,2.6646931171417236
z_degree_to_degree,1,test-127,2.484906649788,2.898611307144165
z_degree_to_degree,1,test-128,1.791759469228055,2.266957998275757
z_degree_to_degree,1,test-129,3.6635616461296463,4.013395309448242
z_degree_to_degree,1,test-130,2.5649493574615367,3.39342999458313
z_degree_to_degree,1,test-131,2.995732273553991,3.375324010848999
z_degree_to_degree,1,test-132,3.688879454113936,3.908038854598999
z_degree_to_degree,1,test-133,5.560681631015528,5.72176456451416
z_degree_to_degree,1,test-134,2.197224577336219,2.6646950244903564
z_degree_to_degree,1,test-135,2.772588722239781,3.2572529315948486
z_degree_to_degree,1,test-136,2.772588722239781,3.2572529315948486
z_degree_to_degree,1,test-137,3.688879454113936,3.908038854598999
z_degree_to_degree,1,test-138,2.1972245773362196,3.019232988357544
z_degree_to_degree,1,test-139,2.995732273553991,3.375324010848999
z_degree_to_degree,1,test-140,2.8903717578961645,3.2956387996673584
z_degree_to_degree,1,test-141,4.31748811353631,4.513424396514893
z_degree_to_degree,1,test-142,1.791759469228055,2.266957998275757
z_degree_to_degree,1,test-143,3.332204510175204,3.6422441005706787
z_degree_to_degree,1,test-144,2.7080502011022096,3.0477449893951416
z_degree_to_degree,1,test-145,2.0794415416798357,2.6113648414611816
z_degree_to_degree,1,test-146,4.882801922586371,5.0183515548706055
z_degree_to_degree,1,test-147,3.465735902799726,3.683576822280884
z_degree_to_degree,1,test-148,3.332204510175204,3.6422441005706787
z_degree_to_degree,1,test-149,6.327936783729195,6.460475921630859
z_degree_to_degree,1,test-150,3.2188758248682006,3.6347391605377197
z_degree_to_degree,1,test-151,3.9318256327243257,4.2213335037231445
z_degree_to_degree,1,test-152,3.295836866004329,3.751128673553467
z_degree_to_degree,1,test-153,3.4011973816621555,3.92580246925354
z_degree_to_degree,1,test-154,4.0943445622221,4.373628616333008
z_degree_to_degree,1,test-155,2.0794415416798357,2.6113648414611816
z_degree_to_degree,1,test-156,2.3025850929940455,2.7414140701293945
z_degree_to_degree,1,test-157,5.41164605185504,5.54471492767334
z_degree_to_degree,1,test-158,4.564348191467836,4.821087837219238
z_degree_to_degree,1,test-159,0.0,1.2226955890655518
z_degree_to_degree,1,test-160,2.7080502011022096,3.0477449893951416
z_degree_to_degree,1,test-161,2.9444389791664403,3.703538179397583
z_degree_to_degree,1,test-162,1.3862943611198906,2.2432377338409424
z_degree_to_degree,1,test-163,2.8903717578961645,3.2956387996673584
z_degree_to_degree,1,test-164,1.791759469228055,2.266957998275757
z_degree_to_degree,1,test-165,5.560681631015528,5.72176456451416
z_degree_to_degree,1,test-166,1.0986122886681096,1.807770013809204
z_degree_to_degree,1,test-167,3.5553480614894135,3.774495840072632
z_degree_to_degree,1,test-168,4.499809670330265,4.724860668182373
z_degree_to_degree,1,test-169,3.5553480614894135,3.774495840072632
z_degree_to_degree,1,test-170,1.791759469228055,2.266957998275757
z_degree_to_degree,1,test-171,2.0794415416798357,2.6113648414611816
z_degree_to_degree,1,test-172,5.288267030694534,5.766615867614746
z_degree_to_degree,1,test-173,1.3862943611198906,2.2432377338409424
z_degree_to_degree,1,test-174,2.484906649788,2.898613214492798
z_degree_to_degree,1,test-175,3.9120230054281464,4.073988914489746
z_degree_to_degree,1,test-176,2.8903717578961645,3.2956387996673584
z_degree_to_degree,1,test-177,4.499809670330265,4.724860668182373
z_degree_to_degree,1,test-178,4.867534450455582,4.999144554138184
z_degree_to_degree,1,test-179,4.718498871295095,4.886224746704102
z_degree_to_degree,1,test-180,1.3862943611198906,2.2432377338409424
z_degree_to_degree,1,test-181,3.58351893845611,4.123296737670898
z_degree_to_degree,1,test-182,3.58351893845611,3.8497262001037598
z_degree_to_degree,1,test-183,3.465735902799726,3.683576822280884
z_degree_to_degree,1,test-184,0.0,1.2226955890655518
z_degree_to_degree,1,test-185,7.24422751560335,7.033251762390137
z_degree_to_degree,1,test-186,3.332204510175204,3.6422441005706787
z_degree_to_degree,1,test-187,3.401197381662155,3.6246588230133057
z_degree_to_degree,1,test-188,3.332204510175204,3.6422441005706787
z_degree_to_degree,1,test-189,2.484906649788,2.898613214492798
z_degree_to_degree,1,test-190,2.197224577336219,2.6646950244903564
z_degree_to_degree,1,test-191,2.7080502011022096,3.0477449893951416
z_degree_to_degree,1,test-192,2.0794415416798357,2.6113648414611816
z_degree_to_degree,1,test-193,1.791759469228055,2.266957998275757
z_degree_to_degree,1,test-194,3.0445224377234226,3.3956122398376465
z_degree_to_degree,1,test-195,2.995732273553991,3.375324010848999
z_degree_to_degree,1,test-196,3.58351893845611,4.123296737670898
z_degree_to_degree,1,test-197,4.90527477843843,5.176704406738281
z_degree_to_degree,1,test-198,4.5217885770490405,4.764025688171387
z_degree_to_degree,1,test-199,2.484906649788,2.898613214492798
z_degree_to_degree,1,test-200,4.709530201312334,4.962119102478027
z_degree_to_degree,1,test-201,1.0986122886681096,1.807770013809204
z_degree_to_degree,1,test-202,1.0986122886681096,1.807770013809204
z_degree_to_degree,1,test-203,3.0445224377234226,3.3956122398376465
z_degree_to_degree,1,test-204,2.484906649788,2.898613214492798
z_degree_to_degree,1,test-205,2.6390573296152584,3.025068521499634
z_degree_to_degree,1,test-206,2.197224577336219,2.6646950244903564
z_degree_to_degree,1,test-207,3.58351893845611,3.8497262001037598
z_degree_to_degree,1,test-208,4.248495242049359,4.450756549835205
z_degree_to_degree,1,test-209,4.0943445622221,4.498194694519043
z_degree_to_degree,1,test-210,4.836281906951478,5.054685592651367
z_degree_to_degree,1,test-211,4.976733742420574,5.212653160095215
z_degree_to_degree,1,test-212,3.0445224377234226,3.3956122398376465
z_degree_to_degree,1,test-213,4.499809670330265,4.764856338500977
z_degree_to_degree,1,test-214,1.3862943611198906,2.0452520847320557
z_degree_to_degree,1,test-215,5.560681631015528,5.72176456451416
z_degree_to_degree,1,test-216,2.0794415416798357,2.6113648414611816
z_degree_to_degree,1,test-217,0.6931471805599453,1.5555965900421143
z_degree_to_degree,1,test-218,1.791759469228055,2.266957998275757
z_degree_to_degree,1,test-219,3.0445224377234226,3.3956122398376465
z_degree_to_degree,1,test-220,3.58351893845611,3.9890263080596924
z_degree_to_degree,1,test-221,2.995732273553991,3.375324010848999
z_degree_to_degree,1,test-222,2.0794415416798357,2.6113648414611816
z_degree_to_degree,1,test-223,3.8712010109078907,4.151899337768555
z_degree_to_degree,1,test-224,0.0,1.2226955890655518
z_degree_to_degree,1,test-225,3.332204510175204,3.6422441005706787
z_degree_to_degree,1,test-226,2.0794415416798357,2.6113648414611816
z_degree_to_degree,1,test-227,2.772588722239781,3.2572529315948486
z_degree_to_degree,1,test-228,1.791759469228055,2.266957998275757
z_degree_to_degree,1,test-229,2.197224577336219,2.6646950244903564
z_degree_to_degree,1,test-230,3.4011973816621555,3.8765945434570312
z_degree_to_degree,1,test-231,4.430816798843313,4.685482025146484
z_degree_to_degree,1,test-232,4.276666119016055,4.466479778289795
z_degree_to_degree,1,test-233,1.791759469228055,2.403937578201294
z_degree_to_degree,1,test-234,3.58351893845611,3.9890263080596924
z_degree_to_degree,1,test-235,3.1780538303479453,3.627488374710083
z_degree_to_degree,1,test-236,2.8903717578961645,3.2956387996673584
z_degree_to_degree,1,test-237,2.8903717578961645,3.2956387996673584
z_degree_to_degree,1,test-238,3.0445224377234226,3.3956122398376465
z_degree_to_degree,1,test-239,5.780743515792329,6.042381763458252
z_degree_to_degree,1,test-240,6.327936783729195,6.460475921630859
z_degree_to_degree,1,test-241,0.6931471805599453,1.5555965900421143
z_degree_to_degree,1,test-242,2.4849066497880004,3.000105142593384
z_degree_to_degree,1,test-243,2.8903717578961645,3.2956387996673584
z_degree_to_degree,1,test-244,2.197224577336219,2.6646950244903564
z_degree_to_degree,1,test-245,3.0445224377234226,3.3956122398376465
z_degree_to_degree,1,test-246,5.087596335232384,5.4126811027526855
z_degree_to_degree,1,test-247,2.7080502011022096,3.0477449893951416
z_degree_to_degree,1,test-248,4.74493212836325,5.1313886642456055
z_degree_to_degree,1,test-249,1.791759469228055,2.266957998275757
z_degree_to_degree,1,test-250,3.8066624897703196,3.977365732192993
z_degree_to_degree,1,test-251,3.951243718581427,4.233243465423584
z_degree_to_degree,1,test-252,1.3862943611198906,2.2432377338409424
z_degree_to_degree,1,test-253,4.718498871295095,4.886224746704102
z_degree_to_degree,1,test-254,3.465735902799726,3.6835696697235107
z_degree_to_degree,1,test-255,2.7080502011022096,3.047743558883667
z_degree_to_degree,1,test-256,2.6390573296152584,3.025068521499634
z_degree_to_degree,1,test-257,5.19295685089021,5.396358489990234
z_degree_to_degree,1,test-258,0.0,1.2226955890655518
z_degree_to_degree,1,test-259,5.98141421125448,6.160035133361816
z_degree_to_degree,1,test-260,3.8712010109078907,4.083671569824219
z_degree_to_degree,1,test-261,2.9957322735539913,3.4636242389678955
z_degree_to_degree,1,test-262,1.0986122886681096,1.807770013809204
z_degree_to_degree,1,test-263,3.401197381662155,3.6246588230133057
z_degree_to_degree,1,test-264,2.995732273553991,3.375324010848999
z_degree_to_degree,1,test-265,2.995732273553991,3.375324010848999
z_degree_to_degree,1,test-266,4.1588830833596715,4.57296895980835
z_degree_to_degree,1,test-267,4.31748811353631,4.513424396514893
z_degree_to_degree,1,test-268,1.791759469228055,2.266957998275757
z_degree_to_degree,1,test-269,2.0794415416798357,2.6113648414611816
z_degree_to_degree,1,test-270,2.7080502011022096,3.0477449893951416
z_degree_to_degree,1,test-271,6.476972362889683,6.661553382873535
z_degree_to_degree,1,test-272,1.791759469228055,2.266957998275757
z_degree_to_degree,1,test-273,3.0445224377234226,3.3956122398376465
z_degree_to_degree,1,test-274,3.737669618283368,3.951864004135132
z_degree_to_degree,1,test-275,3.1780538303479453,3.479186773300171
z_degree_to_degree,1,test-276,2.772588722239781,3.2572529315948486
z_degree_to_degree,1,test-277,2.7080502011022096,3.0477449893951416
z_degree_to_degree,1,test-278,2.0794415416798357,2.913233995437622
z_degree_to_degree,1,test-279,3.332204510175204,3.6422441005706787
z_degree_to_degree,1,test-280,5.220355825078324,5.4257097244262695
z_degree_to_degree,1,test-281,3.6635616461296463,4.013395309448242
z_degree_to_degree,1,test-282,2.6390573296152584,3.025068521499634
z_degree_to_degree,1,test-283,2.484906649788,2.898613214492798
z_degree_to_degree,1,test-284,3.9512437185814275,4.5684404373168945
z_degree_to_degree,1,test-285,2.995732273553991,3.375324010848999
z_degree_to_degree,1,test-286,1.6094379124341003,2.1516506671905518
z_degree_to_degree,1,test-287,2.7080502011022096,3.0477449893951416
z_degree_to_degree,1,test-288,6.461468176353717,6.5222320556640625
z_degree_to_degree,1,test-289,3.0445224377234226,3.3956122398376465
z_degree_to_degree,1,test-290,3.4965075614664802,3.970808506011963
z_degree_to_degree,1,test-291,4.499809670330265,4.782779693603516
z_degree_to_degree,1,test-292,2.8903717578961645,3.2956387996673584
z_degree_to_degree,1,test-293,5.60947179518496,5.930424690246582
z_degree_to_degree,1,test-294,5.375278407684165,5.532426834106445
z_degree_to_degree,1,test-295,3.6888794541139367,3.9869089126586914
z_degree_to_degree,1,test-296,2.197224577336219,2.6646950244903564
z_degree_to_degree,1,test-297,2.3025850929940455,2.7414140701293945
z_degree_to_degree,1,test-298,3.7376696182833684,4.331892967224121
z_degree_to_degree,1,test-299,2.0794415416798357,2.913233995437622
z_degree_to_degree,1,test-300,1.3862943611198906,2.0452520847320557
z_degree_to_degree,1,test-301,3.1780538303479453,3.479186773300171
z_degree_to_degree,1,test-302,2.995732273553991,3.375324010848999
z_degree_to_degree,1,test-303,1.6094379124341003,2.1516506671905518
z_degree_to_degree,1,test-304,2.484906649788,2.898613214492798
z_degree_to_degree,1,test-305,2.0794415416798357,2.6113648414611816
z_degree_to_degree,1,test-306,4.382026634673881,4.653602600097656
z_degree_to_degree,1,test-307,3.332204510175204,3.6422441005706787
z_degree_to_degree,1,test-308,5.556828061699537,5.885445594787598
z_degree_to_degree,1,test-309,2.0794415416798357,2.6113648414611816
z_degree_to_degree,1,test-310,2.0794415416798357,2.6113648414611816
z_degree_to_degree,1,test-311,2.772588722239781,3.2572529315948486
z_degree_to_degree,1,test-312,3.58351893845611,3.9724903106689453
z_degree_to_degree,1,test-313,2.197224577336219,2.6646950244903564
z_degree_to_degree,1,test-314,3.8918202981106265,4.239593505859375
z_degree_to_degree,1,test-315,2.4849066497880004,3.2383530139923096
z_degree_to_degree,1,test-316,6.733401891837358,6.735210418701172
z_degree_to_degree,1,test-317,4.941642422609304,5.192568778991699
z_degree_to_degree,1,test-318,1.9459101490553132,2.7839863300323486
z_degree_to_degree,1,test-319,2.8903717578961645,3.2956387996673584
z_degree_to_degree,1,test-320,5.41164605185504,5.54471492767334
z_degree_to_degree,1,test-321,3.332204510175204,3.6422441005706787
z_degree_to_degree,1,test-322,6.73340189183736,6.683793544769287
z_degree_to_degree,1,test-323,6.733401891837358,6.735210418701172
z_degree_to_degree,1,test-324,6.104793232414986,6.249726295471191
z_degree_to_degree,1,test-325,2.772588722239781,3.2572529315948486
z_degree_to_degree,1,test-326,3.0445224377234226,3.3956122398376465
z_degree_to_degree,1,test-327,2.995732273553991,3.375324010848999
z_degree_to_degree,1,test-328,0.6931471805599453,1.5555965900421143
z_degree_to_degree,1,test-329,2.484906649788,2.898613214492798
z_degree_to_degree,1,test-330,2.772588722239781,3.2572529315948486
z_degree_to_degree,1,test-331,3.091042453358316,3.620551347732544
z_degree_to_degree,1,test-332,3.4011973816621555,3.8765945434570312
z_degree_to_degree,1,test-333,3.688879454113936,3.908038854598999
z_degree_to_degree,1,test-334,1.6094379124341003,2.1516506671905518
z_degree_to_degree,1,test-335,3.5553480614894135,3.774495840072632
z_degree_to_degree,1,test-336,3.8712010109078907,4.112071990966797
z_degree_to_degree,1,test-337,2.70805020110221,3.5756428241729736
z_degree_to_degree,1,test-338,2.8903717578961645,3.670974016189575
z_degree_to_degree,1,test-339,2.4849066497880004,3.000105142593384
z_degree_to_degree,1,test-340,4.51085950651685,4.717226982116699
z_degree_to_degree,1,test-341,2.7080502011022096,3.0477449893951416
z_degree_to_degree,1,test-342,3.0445224377234226,3.3956122398376465
z_degree_to_degree,1,test-343,2.484906649788,2.898613214492798
z_degree_to_degree,1,test-344,2.772588722239781,3.2572529315948486
z_degree_to_degree,1,test-345,4.143134726391533,4.534167289733887
z_degree_to_degree,1,test-346,3.9318256327243257,4.2213335037231445
z_degree_to_degree,1,test-347,2.484906649788,2.898613214492798
z_degree_to_degree,1,test-348,4.787491742782047,5.044976234436035
z_degree_to_degree,1,test-349,1.3862943611198906,2.0452520847320557
z_degree_to_degree,1,test-350,3.1780538303479453,3.627488374710083
z_degree_to_degree,1,test-351,2.484906649788,2.898613214492798
z_degree_to_degree,1,test-352,2.484906649788,2.898613214492798
z_degree_to_degree,1,test-353,2.484906649788,2.898613214492798
z_degree_to_degree,1,test-354,3.401197381662155,3.6246588230133057
z_degree_to_degree,1,test-355,2.8903717578961645,3.670974016189575
z_degree_to_degree,1,test-356,3.1780538303479453,3.479186773300171
z_degree_to_degree,1,test-357,1.3862943611198906,2.0452520847320557
z_degree_to_degree,1,test-358,4.882801922586371,5.0183515548706055
z_degree_to_degree,1,test-359,4.234106504597259,4.594825744628906
z_degree_to_degree,1,test-360,5.6937321388027,5.923620223999023
z_degree_to_degree,1,test-361,0.6931471805599453,1.5555965900421143
z_degree_to_degree,1,test-362,1.791759469228055,2.266957998275757
z_degree_to_degree,1,test-363,1.791759469228055,2.266957998275757
z_degree_to_degree,1,test-364,5.966146739123692,6.141161918640137
z_degree_to_degree,1,test-365,3.4965075614664802,3.970808506011963
z_degree_to_degree,1,test-366,6.733401891837358,6.735210418701172
z_degree_to_degree,1,test-367,5.272999558563747,5.485284805297852
z_degree_to_degree,1,test-368,3.737669618283368,3.951864004135132
z_degree_to_degree,1,test-369,2.197224577336219,2.6646950244903564
z_degree_to_degree,1,test-370,2.995732273553991,3.375324010848999
z_degree_to_degree,1,test-371,1.3862943611198906,2.2432377338409424
z_degree_to_degree,1,test-372,6.327936783729195,6.460475921630859
z_degree_to_degree,1,test-373,4.430816798843313,4.685482025146484
z_degree_to_degree,1,test-374,0.0,1.2226955890655518
z_degree_to_degree,1,test-375,2.6390573296152584,3.025068521499634
z_degree_to_degree,1,test-376,1.6094379124341003,2.1516506671905518
z_degree_to_degree,1,test-377,2.484906649788,2.898613214492798
z_degree_to_degree,1,test-378,3.465735902799726,3.683576822280884
z_degree_to_degree,1,test-379,2.772588722239781,3.2572529315948486
z_degree_to_degree,1,test-380,2.7080502011022096,3.0477449893951416
z_degree_to_degree,1,test-381,4.74493212836325,5.1313886642456055
z_degree_to_degree,1,test-382,2.4849066497880004,3.000096559524536
z_degree_to_degree,1,test-383,2.4849066497880004,3.000096559524536
z_degree_to_degree,1,test-384,2.8903717578961645,3.2956387996673584
z_degree_to_degree,1,test-385,2.197224577336219,2.6646950244903564
z_degree_to_degree,1,test-386,2.3025850929940455,2.7414140701293945
z_degree_to_degree,1,test-387,1.791759469228055,2.266957998275757
z_degree_to_degree,1,test-388,2.3025850929940455,2.7414140701293945
z_degree_to_degree,1,test-389,0.6931471805599453,1.5555965900421143
z_degree_to_degree,1,test-390,4.276666119016055,4.754891395568848
z_degree_to_degree,1,test-391,1.791759469228055,2.266957998275757
z_degree_to_degree,1,test-392,1.791759469228055,2.266957998275757
z_degree_to_degree,1,test-393,2.0794415416798357,2.6113648414611816
z_degree_to_degree,1,test-394,2.995732273553991,3.375324010848999
z_degree_to_degree,1,test-395,2.0794415416798357,2.6113648414611816
z_degree_to_degree,1,test-396,3.0445224377234226,3.3956122398376465
z_degree_to_degree,1,test-397,2.995732273553991,3.375324010848999
z_degree_to_degree,1,test-398,0.0,1.2226955890655518
z_degree_to_degree,1,test-399,1.3862943611198906,2.2432377338409424
z_degree_to_degree,1,test-400,2.3025850929940455,2.7414140701293945
z_degree_to_degree,1,test-401,3.295836866004329,3.751128673553467
z_degree_to_degree,1,test-402,1.791759469228055,2.266957998275757
z_degree_to_degree,1,test-403,3.4011973816621555,3.92580246925354
z_degree_to_degree,1,test-404,2.4849066497880004,3.000105142593384
z_degree_to_degree,1,test-405,2.995732273553991,3.375324010848999
z_degree_to_degree,1,test-406,2.0794415416798357,2.6113648414611816
z_degree_to_degree,1,test-407,5.288267030694534,5.766615867614746
z_degree_to_degree,1,test-408,2.0794415416798357,2.6113648414611816
z_degree_to_degree,1,test-409,3.1780538303479453,3.627488374710083
z_degree_to_degree,1,test-410,3.828641396489095,4.465948104858398
z_degree_to_degree,1,test-411,4.90527477843843,5.176704406738281
z_degree_to_degree,1,test-412,1.791759469228055,2.403937578201294
z_degree_to_degree,1,test-413,3.401197381662155,3.6246588230133057
z_degree_to_degree,1,test-414,1.3862943611198906,2.0452520847320557
z_degree_to_degree,1,test-415,2.8903717578961645,3.670974016189575
z_degree_to_degree,1,test-416,4.276666119016055,4.754891395568848
z_degree_to_degree,1,test-417,3.5553480614894135,3.774495840072632
z_degree_to_degree,1,test-418,2.8903717578961645,3.2956387996673584
z_degree_to_degree,1,test-419,3.332204510175204,3.6422441005706787
z_degree_to_degree,1,test-420,5.342334251964811,5.564714431762695
z_degree_to_degree,1,test-421,2.890371757896165,3.2627155780792236
z_degree_to_degree,1,test-422,3.401197381662155,3.6246588230133057
z_degree_to_degree,1,test-423,3.091042453358316,3.620551347732544
z_degree_to_degree,1,test-424,2.995732273553991,3.375324010848999
z_degree_to_degree,1,test-425,3.401197381662155,3.6246588230133057
z_degree_to_degree,1,test-426,4.430816798843313,4.685482025146484
z_degree_to_degree,1,test-427,2.8903717578961645,3.2956387996673584
z_degree_to_degree,1,test-428,2.0794415416798357,2.6113648414611816
z_degree_to_degree,1,test-429,1.9459101490553132,2.7839863300323486
z_degree_to_degree,1,test-430,2.995732273553991,3.375324010848999
z_degree_to_degree,1,test-431,2.197224577336219,2.6646950244903564
z_degree_to_degree,1,test-432,1.3862943611198906,2.0452520847320557
z_degree_to_degree,1,test-433,3.4011973816621555,3.8765945434570312
z_degree_to_degree,1,test-434,3.3322045101752042,3.871706247329712
z_degree_to_degree,1,test-435,2.0794415416798357,2.6113648414611816
z_degree_to_degree,1,test-436,2.484906649788,2.898613214492798
z_degree_to_degree,1,test-437,3.6888794541139367,3.9869089126586914
z_degree_to_degree,1,test-438,2.7080502011022096,3.0477449893951416
z_degree_to_degree,1,test-439,2.4849066497880004,3.000105142593384
z_degree_to_degree,1,test-440,4.718498871295095,4.886224746704102
z_degree_to_degree,1,test-441,5.634789603169249,5.924184799194336
z_degree_to_degree,1,test-442,4.68213122712422,4.934185981750488
z_degree_to_degree,1,test-443,1.791759469228055,2.266957998275757
z_degree_to_degree,1,test-444,3.9889840465642745,4.127677917480469
z_degree_to_degree,1,test-445,6.327936783729195,6.460475921630859
z_degree_to_degree,1,test-446,3.0445224377234226,3.3956122398376465
z_degree_to_degree,1,test-447,2.7080502011022096,3.0477449893951416
z_degree_to_degree,1,test-448,1.0986122886681096,1.807770013809204
z_degree_to_degree,1,test-449,2.995732273553991,3.375324010848999
z_degree_to_degree,1,test-450,2.772588722239781,3.2572529315948486
z_degree_to_degree,1,test-451,2.995732273553991,3.375324010848999
z_degree_to_degree,1,test-452,1.791759469228055,2.403937578201294
z_degree_to_degree,1,test-453,2.484906649788,2.898613214492798
z_degree_to_degree,1,test-454,7.50659178007084,7.221585273742676
z_degree_to_degree,1,test-455,3.951243718581427,4.233243465423584
z_degree_to_degree,1,test-456,3.5553480614894135,3.774495840072632
z_degree_to_degree,1,test-457,2.7080502011022096,3.0477449893951416
z_degree_to_degree,1,test-458,3.258096538021482,3.830456018447876
z_degree_to_degree,1,test-459,5.634789603169249,5.924184799194336
z_degree_to_degree,1,test-460,0.6931471805599453,1.5555965900421143
z_degree_to_degree,1,test-461,2.772588722239781,3.2572529315948486
z_degree_to_degree,1,test-462,3.4011973816621555,3.8765945434570312
z_degree_to_degree,1,test-463,2.995732273553991,3.375324010848999
z_degree_to_degree,1,test-464,3.0445224377234226,3.3956122398376465
z_degree_to_degree,1,test-465,2.1972245773362196,3.019232988357544
z_degree_to_degree,1,test-466,1.791759469228055,2.266957998275757
z_degree_to_degree,1,test-467,3.1780538303479458,3.7879364490509033
z_degree_to_degree,1,test-468,2.1972245773362196,3.019232988357544
z_degree_to_degree,1,test-469,3.401197381662155,3.6246588230133057
z_degree_to_degree,1,test-470,6.327936783729195,6.460475921630859
z_degree_to_degree,1,test-471,2.995732273553991,3.375324010848999
z_degree_to_degree,1,test-472,3.0445224377234226,3.3956122398376465
z_degree_to_degree,1,test-473,1.0986122886681096,1.807770013809204
z_degree_to_degree,1,test-474,3.401197381662155,3.6246588230133057
z_degree_to_degree,1,test-475,2.3025850929940455,2.7414140701293945
z_degree_to_degree,1,test-476,6.040254711277413,6.306427955627441
z_degree_to_degree,1,test-477,4.90527477843843,5.176704406738281
z_degree_to_degree,1,test-478,2.197224577336219,2.6646950244903564
z_degree_to_degree,1,test-479,2.8903717578961645,3.2956387996673584
z_degree_to_degree,1,test-480,3.1780538303479453,3.627488374710083
z_degree_to_degree,1,test-481,2.995732273553991,3.375324010848999
z_degree_to_degree,1,test-482,4.276666119016055,4.616463661193848
z_degree_to_degree,1,test-483,2.4849066497880004,3.000105142593384
z_degree_to_degree,1,test-484,3.295836866004329,3.751128673553467
z_degree_to_degree,1,test-485,3.1780538303479453,3.479186773300171
z_degree_to_degree,1,test-486,2.0794415416798357,2.6113648414611816
z_degree_to_degree,1,test-487,1.3862943611198906,2.2432377338409424
z_degree_to_degree,1,test-488,4.356708826689592,4.659015655517578
z_degree_to_degree,1,test-489,2.0794415416798357,2.6113648414611816
z_degree_to_degree,1,test-490,2.9957322735539913,3.4636242389678955
z_degree_to_degree,1,test-491,0.6931471805599453,1.5555965900421143
z_degree_to_degree,1,test-492,2.0794415416798357,2.6113648414611816
z_degree_to_degree,1,test-493,3.58351893845611,3.9890263080596924
z_degree_to_degree,1,test-494,0.0,1.2226955890655518
z_degree_to_degree,1,test-495,5.272999558563747,5.485284805297852
z_degree_to_degree,1,test-496,1.791759469228055,2.266957998275757
z_degree_to_degree,1,test-497,3.7376696182833684,4.331892967224121
z_degree_to_degree,1,test-498,2.4849066497880004,3.000105142593384
z_degree_to_degree,1,test-499,3.8712010109078907,4.083671569824219
z_degree_to_degree,1,test-500,6.040254711277413,6.306427955627441
z_degree_to_degree,1,test-501,3.3322045101752042,3.871706247329712
z_degree_to_degree,1,test-502,3.332204510175204,3.6422441005706787
z_degree_to_degree,1,test-503,4.700480365792417,5.014647483825684
z_degree_to_degree,1,test-504,4.499809670330265,4.782779693603516
z_degree_to_degree,1,test-505,2.197224577336219,2.6646950244903564
z_degree_to_degree,1,test-506,3.688879454113936,3.908038854598999
z_degree_to_degree,1,test-507,2.6390573296152584,3.025068521499634
z_degree_to_degree,1,test-508,4.276666119016055,4.5573320388793945
z_degree_to_degree,1,test-509,3.8712010109078907,4.112071990966797
z_degree_to_degree,1,test-510,4.442651256490317,4.683660507202148
z_degree_to_degree,1,test-511,5.634789603169249,5.924189567565918
z_cn_to_cn_residual,1,test-0,0.42053735013992466,0.49343886971473694
z_cn_to_cn_residual,1,test-1,-0.2623661567412917,-0.3643682897090912
z_cn_to_cn_residual,1,test-2,-0.0036950091657206308,0.03268876671791077
z_cn_to_cn_residual,1,test-3,-0.8077701392043845,-0.7173000574111938
z_cn_to_cn_residual,1,test-4,-0.10136482150163013,-0.14414295554161072
z_cn_to_cn_residual,1,test-5,1.0283168230873239,1.029077172279358
z_cn_to_cn_residual,1,test-6,-0.45435792080222814,-0.4759105145931244
z_cn_to_cn_residual,1,test-7,1.0897527105280385,0.6184507608413696
z_cn_to_cn_residual,1,test-8,-0.18823503876493325,-0.27720674872398376
z_cn_to_cn_residual,1,test-9,-0.11078149960964469,-0.1523803174495697
z_cn_to_cn_residual,1,test-10,-0.41515451118692936,-0.49549469351768494
z_cn_to_cn_residual,1,test-11,0.8212733044980796,0.9688602685928345
z_cn_to_cn_residual,1,test-12,0.6741561684105264,0.5911527872085571
z_cn_to_cn_residual,1,test-13,-0.0035606765680585707,-0.029199451208114624
z_cn_to_cn_residual,1,test-14,0.03635404698519895,0.029935985803604126
z_cn_to_cn_residual,1,test-15,0.07882805751442076,0.0012208521366119385
z_cn_to_cn_residual,1,test-16,0.6895865039918867,0.5150514841079712
z_cn_to_cn_residual,1,test-17,0.5147487410949563,0.37278714776039124
z_cn_to_cn_residual,1,test-18,0.007736477119163819,-0.02860817313194275
z_cn_to_cn_residual,1,test-19,-0.0035606765680585707,-0.029199451208114624
z_cn_to_cn_residual,1,test-20,-0.11078149960964469,-0.1523803174495697
z_cn_to_cn_residual,1,test-21,-0.007694165471705018,-0.032945483922958374
z_cn_to_cn_residual,1,test-22,0.38339339457728866,0.39527860283851624
z_cn_to_cn_residual,1,test-23,-0.27733898417003,-0.3676041066646576
z_cn_to_cn_residual,1,test-24,-0.0028787346636806365,-0.02915176749229431
z_cn_to_cn_residual,1,test-25,0.28834646581769413,0.3861466944217682
z_cn_to_cn_residual,1,test-26,-0.5636563510881639,-0.47834834456443787
z_cn_to_cn_residual,1,test-27,0.6899690497383588,0.5842553377151489
z_cn_to_cn_residual,1,test-28,0.7888585026854529,0.6662269830703735
z_cn_to_cn_residual,1,test-29,0.5913922639498311,0.4976936876773834
z_cn_to_cn_residual,1,test-30,0.66451867806514,0.6694599390029907
z_cn_to_cn_residual,1,test-31,0.6637608916981007,0.5786234140396118
z_cn_to_cn_residual,1,test-32,0.19170770684298688,0.23849931359291077
z_cn_to_cn_residual,1,test-33,-0.32480564797407757,-0.377938836812973
z_cn_to_cn_residual,1,test-34,0.6902763237576075,0.5462452173233032
z_cn_to_cn_residual,1,test-35,-0.20898013394359,-0.31312164664268494
z_cn_to_cn_residual,1,test-36,-0.15915938445172756,-0.22676214575767517
z_cn_to_cn_residual,1,test-37,-0.0018686256953188945,-0.02907976508140564
z_cn_to_cn_residual,1,test-38,-0.0031781308215864876,-0.029172271490097046
z_cn_to_cn_residual,1,test-39,-0.023864249406051155,-0.059265464544296265
z_cn_to_cn_residual,1,test-40,-0.0035606765680585707,-0.029199451208114624
z_cn_to_cn_residual,1,test-41,1.0631781652624883,0.9192672967910767
z_cn_to_cn_residual,1,test-42,0.2779926693730159,0.24496760964393616
z_cn_to_cn_residual,1,test-43,0.38576956172760457,0.48484864830970764
z_cn_to_cn_residual,1,test-44,-0.07578850766276808,-0.12178739905357361
z_cn_to_cn_residual,1,test-45,1.1773142271763006,0.798291802406311
z_cn_to_cn_residual,1,test-46,-0.0035606765680585707,-0.029199451208114624
z_cn_to_cn_residual,1,test-47,0.07689953639068714,0.05690684914588928
z_cn_to_cn_residual,1,test-48,-0.0018686256953188945,-0.02907976508140564
z_cn_to_cn_residual,1,test-49,0.5913922639498311,0.5680047273635864
z_cn_to_cn_residual,1,test-50,0.38576956172760457,0.3562285006046295
z_cn_to_cn_residual,1,test-51,0.41502905640153087,0.4969402849674225
z_cn_to_cn_residual,1,test-52,0.4975938529983208,0.3167015612125397
z_cn_to_cn_residual,1,test-53,-0.5382569319004575,-0.4631434381008148
z_cn_to_cn_residual,1,test-54,-0.10175491661011418,-0.14448389410972595
z_cn_to_cn_residual,1,test-55,-0.0034789790604594075,-0.02919277548789978
z_cn_to_cn_residual,1,test-56,-0.6186087075677585,-0.5283762216567993
z_cn_to_cn_residual,1,test-57,-0.09065704239956256,-0.13478073477745056
z_cn_to_cn_residual,1,test-58,0.8763890937635881,0.6560975313186646
z_cn_to_cn_residual,1,test-59,-0.45229554029351454,-0.4784136712551117
z_cn_to_cn_residual,1,test-60,0.6894917191807426,0.7416983842849731
z_cn_to_cn_residual,1,test-61,-0.28075635072516975,-0.36834606528282166
z_cn_to_cn_residual,1,test-62,-0.0004881954264035043,-0.028982490301132202
z_cn_to_cn_residual,1,test-63,0.0006363913580034505,-0.02890285849571228
z_cn_to_cn_residual,1,test-64,-0.0018686256953188945,-0.02907976508140564
z_cn_to_cn_residual,1,test-65,-0.1467089512755031,-0.20512661337852478
z_cn_to_cn_residual,1,test-66,0.9968573720579954,0.7275506258010864
z_cn_to_cn_residual,1,test-67,-0.009524164442536962,-0.0359252393245697
z_cn_to_cn_residual,1,test-68,-0.009524164442536962,-0.0359252393245697
z_cn_to_cn_residual,1,test-69,-0.5794788458136152,-0.4927702844142914
z_cn_to_cn_residual,1,test-70,0.4161857875749146,0.4100858271121979
z_cn_to_cn_residual,1,test-71,0.4975938529983208,0.5414754152297974
z_cn_to_cn_residual,1,test-72,0.35562668704444245,0.45474162697792053
z_cn_to_cn_residual,1,test-73,-0.0035606765680585707,-0.029199451208114624
z_cn_to_cn_residual,1,test-74,-0.32311619585740226,-0.3775690495967865
z_cn_to_cn_residual,1,test-75,-0.09065704239956256,-0.13478073477745056
z_cn_to_cn_residual,1,test-76,0.9878307890584649,1.0619155168533325
z_cn_to_cn_residual,1,test-77,-0.0028787346636806365,-0.02915176749229431
z_cn_to_cn_residual,1,test-78,0.5823656809503006,0.44680991768836975
z_cn_to_cn_residual,1,test-79,-0.002813098481549962,-0.02914699912071228
z_cn_to_cn_residual,1,test-80,-0.0035606765680585707,-0.029199451208114624
z_cn_to_cn_residual,1,test-81,0.66451867806514,0.6965309381484985
z_cn_to_cn_residual,1,test-82,0.36236918256138484,0.2503897249698639
z_cn_to_cn_residual,1,test-83,1.076540575137234,1.031389832496643
z_cn_to_cn_residual,1,test-84,-0.13001720227017255,-0.1760934293270111
z_cn_to_cn_residual,1,test-85,-0.33726529577523584,-0.3838213384151459
z_cn_to_cn_residual,1,test-86,-0.2623661567412917,-0.3643682897090912
z_cn_to_cn_residual,1,test-87,0.41502905640153087,0.44064202904701233
z_cn_to_cn_residual,1,test-88,-0.09065704239956256,-0.13478073477745056
z_cn_to_cn_residual,1,test-89,-0.0034789790604594075,-0.02919277548789978
z_cn_to_cn_residual,1,test-90,-0.2781181241584144,-0.3677729070186615
z_cn_to_cn_residual,1,test-91,-0.07578850766276808,-0.12178739905357361
z_cn_to_cn_residual,1,test-92,-0.0036554613792027465,-0.02920660376548767
z_cn_to_cn_residual,1,test-93,0.5917823590583151,0.5563875436782837
z_cn_to_cn_residual,1,test-94,0.47092398565542376,0.44288554787635803
z_cn_to_cn_residual,1,test-95,-0.07578850766276808,-0.12178739905357361
z_cn_to_cn_residual,1,test-96,0.5618087898319306,0.5409966707229614
z_cn_to_cn_residual,1,test-97,-0.5218160654288044,-0.04840216040611267
z_cn_to_cn_residual,1,test-98,-0.13099351632842182,-0.17779192328453064
z_cn_to_cn_residual,1,test-99,-0.0031781308215864876,-0.029172271490097046
z_cn_to_cn_residual,1,test-100,-0.09065704239956256,-0.13478073477745056
z_cn_to_cn_residual,1,test-101,-0.33077799799856045,-0.3798886239528656
z_cn_to_cn_residual,1,test-102,0.6024901381603828,0.4687725603580475
z_cn_to_cn_residual,1,test-103,0.06439643568485909,0.0011302530765533447
z_cn_to_cn_residual,1,test-104,-0.15915938445172756,-0.22676214575767517
z_cn_to_cn_residual,1,test-105,0.6345001729408056,0.47232785820961
z_cn_to_cn_residual,1,test-106,-0.0028787346636806365,-0.02915176749229431
z_cn_to_cn_residual,1,test-107,0.6997674449098304,0.6123038530349731
z_cn_to_cn_residual,1,test-108,-0.0035606765680585707,-0.029199451208114624
z_cn_to_cn_residual,1,test-109,0.15489024865948775,0.21552005410194397
z_cn_to_cn_residual,1,test-110,0.3683415325858677,0.3447658121585846
z_cn_to_cn_residual,1,test-111,-0.0036554613792027465,-0.02920660376548767
z_cn_to_cn_residual,1,test-112,0.016437147451202155,-0.028349727392196655
z_cn_to_cn_residual,1,test-113,0.4667526697460198,0.38650813698768616
z_cn_to_cn_residual,1,test-114,-0.4340936106029696,-0.5006083250045776
z_cn_to_cn_residual,1,test-115,-0.002813098481549962,-0.02914699912071228
z_cn_to_cn_residual,1,test-116,0.6912785548646264,0.6655360460281372
z_cn_to_cn_residual,1,test-117,0.7326360849824656,0.7410742044448853
z_cn_to_cn_residual,1,test-118,0.6895700720466398,0.5321327447891235
z_cn_to_cn_residual,1,test-119,-0.2769613929850307,-0.36752256751060486
z_cn_to_cn_residual,1,test-120,0.7419506826667789,0.9070712327957153
z_cn_to_cn_residual,1,test-121,0.6173586728971772,0.5595389604568481
z_cn_to_cn_residual,1,test-122,0.4975938529983208,0.5664788484573364
z_cn_to_cn_residual,1,test-123,0.7678342906695491,0.647016167640686
z_cn_to_cn_residual,1,test-124,0.6895865039918867,0.7576771974563599
z_cn_to_cn_residual,1,test-125,-0.0034789790604594075,-0.02919277548789978
z_cn_to_cn_residual,1,test-126,-0.05864700761913961,-0.10682043433189392
z_cn_to_cn_residual,1,test-127,1.0228237810053415,0.8686190843582153
z_cn_to_cn_residual,1,test-128,-0.0035606765680585707,-0.029199451208114624
z_cn_to_cn_residual,1,test-129,-0.18823503876493325,-0.27720674872398376
z_cn_to_cn_residual,1,test-130,-0.0018858338027912184,-0.029080718755722046
z_cn_to_cn_residual,1,test-131,0.9030589611064851,0.7018800973892212
z_cn_to_cn_residual,1,test-132,-0.4340936106029696,-0.5006083250045776
z_cn_to_cn_residual,1,test-133,-0.38887630573317594,-0.45673641562461853
z_cn_to_cn_residual,1,test-134,-0.05864700761913961,-0.10682043433189392
z_cn_to_cn_residual,1,test-135,0.5339877961082178,0.3696562349796295
z_cn_to_cn_residual,1,test-136,0.939452904216382,0.7579079866409302
z_cn_to_cn_residual,1,test-137,0.66451867806514,0.7347017526626587
z_cn_to_cn_residual,1,test-138,-0.0004881954264035043,-0.028982490301132202
z_cn_to_cn_residual,1,test-139,-0.1955533275616245,-0.28988394141197205
z_cn_to_cn_residual,1,test-140,-0.10175491661011418,-0.14448389410972595
z_cn_to_cn_residual,1,test-141,-0.44289752605972865,-0.4898549020290375
z_cn_to_cn_residual,1,test-142,-0.0035606765680585707,-0.029199451208114624
z_cn_to_cn_residual,1,test-143,-0.2781181241584144,-0.3677729070186615
z_cn_to_cn_residual,1,test-144,-0.09065704239956256,-0.13478073477745056
z_cn_to_cn_residual,1,test-145,-0.0036554613792027465,-0.02920660376548767
z_cn_to_cn_residual,1,test-146,-0.029386288861844613,-0.06919369101524353
z_cn_to_cn_residual,1,test-147,0.38339339457728866,0.3885938227176666
z_cn_to_cn_residual,1,test-148,-0.2781181241584144,-0.3677729070186615
z_cn_to_cn_residual,1,test-149,0.15489024865948775,0.19184079766273499
z_cn_to_cn_residual,1,test-150,-0.2769613929850307,-0.36752256751060486
z_cn_to_cn_residual,1,test-151,-0.20947272133996278,-0.3139742314815521
z_cn_to_cn_residual,1,test-152,0.5702273837469602,0.5796753168106079
z_cn_to_cn_residual,1,test-153,-0.002053521525395429,-0.029092639684677124
z_cn_to_cn_residual,1,test-154,0.2460194339238882,0.3638540804386139
z_cn_to_cn_residual,1,test-155,0.6894917191807426,0.6713281869888306
z_cn_to_cn_residual,1,test-156,-0.0031781308215864876,-0.029172271490097046
z_cn_to_cn_residual,1,test-157,1.2627715283766356,1.093615174293518
z_cn_to_cn_residual,1,test-158,-0.13130940597547108,-0.17834028601646423
z_cn_to_cn_residual,1,test-159,-0.0018686256953188945,-0.02907976508140564
z_cn_to_cn_residual,1,test-160,0.6024901381603828,0.4492603838443756
z_cn_to_cn_residual,1,test-161,0.014629997385950364,-0.028402656316757202
z_cn_to_cn_residual,1,test-162,-0.002813098481549962,-0.02914699912071228
z_cn_to_cn_residual,1,test-163,0.5913922639498311,0.5461412668228149
z_cn_to_cn_residual,1,test-164,-0.0035606765680585707,-0.029199451208114624
z_cn_to_cn_residual,1,test-165,0.30427087482676934,0.28383317589759827
z_cn_to_cn_residual,1,test-166,-0.0028787346636806365,-0.02915176749229431
z_cn_to_cn_residual,1,test-167,-0.40480071474225116,-0.4805785119533539
z_cn_to_cn_residual,1,test-168,-0.5370711129495983,-0.46243199706077576
z_cn_to_cn_residual,1,test-169,0.28834646581769413,0.19032254815101624
z_cn_to_cn_residual,1,test-170,-0.0035606765680585707,-0.029199451208114624
z_cn_to_cn_residual,1,test-171,-0.0036554613792027465,-0.02920660376548767
z_cn_to_cn_residual,1,test-172,0.5538511883699282,0.510501503944397
z_cn_to_cn_residual,1,test-173,-0.002813098481549962,-0.02914699912071228
z_cn_to_cn_residual,1,test-174,-0.07578850766276808,-0.12178739905357361
z_cn_to_cn_residual,1,test-175,1.1849817921765171,1.0363160371780396
z_cn_to_cn_residual,1,test-176,-0.10175491661011418,-0.14448389410972595
z_cn_to_cn_residual,1,test-177,0.8492232481702923,0.6722918748855591
z_cn_to_cn_residual,1,test-178,-0.11231349157634923,-0.15371975302696228
z_cn_to_cn_residual,1,test-179,0.007736477119163819,-0.02860817313194275
z_cn_to_cn_residual,1,test-180,-0.002813098481549962,-0.02914699912071228
z_cn_to_cn_residual,1,test-181,-0.0028708568023377394,-0.02915129065513611
z_cn_to_cn_residual,1,test-182,-0.32480564797407757,-0.377938836812973
z_cn_to_cn_residual,1,test-183,-0.3097537859826566,-0.37465009093284607
z_cn_to_cn_residual,1,test-184,-0.0018686256953188945,-0.02907976508140564
z_cn_to_cn_residual,1,test-185,0.33672796414016415,0.617681622505188
z_cn_to_cn_residual,1,test-186,-0.2781181241584144,-0.3677729070186615
z_cn_to_cn_residual,1,test-187,1.1089553769498606,0.873062252998352
z_cn_to_cn_residual,1,test-188,-0.2781181241584144,-0.3677729070186615
z_cn_to_cn_residual,1,test-189,-0.07578850766276808,-0.12178739905357361
z_cn_to_cn_residual,1,test-190,-0.05864700761913961,-0.10682043433189392
z_cn_to_cn_residual,1,test-191,0.6024901381603828,0.4504658281803131
z_cn_to_cn_residual,1,test-192,-0.0036554613792027465,-0.02920660376548767
z_cn_to_cn_residual,1,test-193,-0.0035606765680585707,-0.029199451208114624
z_cn_to_cn_residual,1,test-194,0.5823656809503006,0.45497050881385803
z_cn_to_cn_residual,1,test-195,-0.1955533275616245,-0.28988394141197205
z_cn_to_cn_residual,1,test-196,-0.0028708568023377394,-0.02915129065513611
z_cn_to_cn_residual,1,test-197,0.11366833474633009,0.08353772759437561
z_cn_to_cn_residual,1,test-198,-0.35638048877056727,-0.4078079164028168
z_cn_to_cn_residual,1,test-199,-0.07578850766276808,-0.12178739905357361
z_cn_to_cn_residual,1,test-200,-0.13583211349719748,-0.1862104833126068
z_cn_to_cn_residual,1,test-201,-0.0028787346636806365,-0.02915176749229431
z_cn_to_cn_residual,1,test-202,-0.0028787346636806365,-0.02915176749229431
z_cn_to_cn_residual,1,test-203,-0.11078149960964469,-0.1523803174495697
z_cn_to_cn_residual,1,test-204,-0.07578850766276808,-0.12178739905357361
z_cn_to_cn_residual,1,test-205,0.6896682014994859,0.4142433702945709
z_cn_to_cn_residual,1,test-206,-0.05864700761913961,-0.10682043433189392
z_cn_to_cn_residual,1,test-207,-0.32480564797407757,-0.377938836812973
z_cn_to_cn_residual,1,test-208,0.25024965450021663,0.2825681269168854
z_cn_to_cn_residual,1,test-209,-0.33752049351550284,-0.3839777410030365
z_cn_to_cn_residual,1,test-210,0.44737721938821673,0.48073163628578186
z_cn_to_cn_residual,1,test-211,0.12647768999901543,0.09281840920448303
z_cn_to_cn_residual,1,test-212,0.9878307890584649,0.8829962015151978
z_cn_to_cn_residual,1,test-213,-0.0021065781046860016,-0.029097408056259155
z_cn_to_cn_residual,1,test-214,-0.0018686256953188945,-0.02907976508140564
z_cn_to_cn_residual,1,test-215,0.7097359829349337,0.6649366617202759
z_cn_to_cn_residual,1,test-216,-0.0036554613792027465,-0.02920660376548767
z_cn_to_cn_residual,1,test-217,-0.0035606765680585707,-0.029199451208114624
z_cn_to_cn_residual,1,test-218,0.6895865039918867,0.5726252794265747
z_cn_to_cn_residual,1,test-219,-0.11078149960964469,-0.1523803174495697
z_cn_to_cn_residual,1,test-220,-0.33077799799856045,-0.3798886239528656
z_cn_to_cn_residual,1,test-221,-0.1955533275616245,-0.28988394141197205
z_cn_to_cn_residual,1,test-222,-0.0036554613792027465,-0.02920660376548767
z_cn_to_cn_residual,1,test-223,-0.20947272133996278,-0.3139742314815521
z_cn_to_cn_residual,1,test-224,-0.0018686256953188945,-0.02907976508140564
z_cn_to_cn_residual,1,test-225,0.8204941645096951,0.7655669450759888
z_cn_to_cn_residual,1,test-226,-0.0036554613792027465,-0.02920660376548767
z_cn_to_cn_residual,1,test-227,0.939452904216382,0.8773466348648071
z_cn_to_cn_residual,1,test-228,-0.0035606765680585707,-0.029199451208114624
z_cn_to_cn_residual,1,test-229,-0.05864700761913961,-0.10682043433189392
z_cn_to_cn_residual,1,test-230,0.5618087898319306,0.39493051171302795
z_cn_to_cn_residual,1,test-231,-0.36200354022730785,-0.4163001477718353
z_cn_to_cn_residual,1,test-232,0.6118003281156039,0.5745803117752075
z_cn_to_cn_residual,1,test-233,-0.002813098481549962,-0.02914699912071228
z_cn_to_cn_residual,1,test-234,-0.33077799799856045,-0.3798886239528656
z_cn_to_cn_residual,1,test-235,0.5917823590583151,0.43910375237464905
z_cn_to_cn_residual,1,test-236,-0.10175491661011418,-0.14448389410972595
z_cn_to_cn_residual,1,test-237,-0.10175491661011418,-0.14448389410972595
z_cn_to_cn_residual,1,test-238,-0.11078149960964469,-0.1523803174495697
z_cn_to_cn_residual,1,test-239,1.0575197935891483,0.7812682390213013
z_cn_to_cn_residual,1,test-240,0.15489024865948775,0.17443957924842834
z_cn_to_cn_residual,1,test-241,-0.0035606765680585707,-0.029199451208114624
z_cn_to_cn_residual,1,test-242,-0.009524164442536962,-0.0359252393245697
z_cn_to_cn_residual,1,test-243,0.9968573720579954,1.019898533821106
z_cn_to_cn_residual,1,test-244,0.6345001729408056,0.38665834069252014
z_cn_to_cn_residual,1,test-245,-0.11078149960964469,-0.1523803174495697
z_cn_to_cn_residual,1,test-246,-0.4012440214494514,-0.47526273131370544
z_cn_to_cn_residual,1,test-247,0.6024901381603828,0.49655213952064514
z_cn_to_cn_residual,1,test-248,-0.6567931335747463,-0.5688942670822144
z_cn_to_cn_residual,1,test-249,-0.0035606765680585707,-0.029199451208114624
z_cn_to_cn_residual,1,test-250,-0.45435792080222814,-0.4759105145931244
z_cn_to_cn_residual,1,test-251,-0.32311619585740226,-0.3775690495967865
z_cn_to_cn_residual,1,test-252,-0.002813098481549962,-0.02914699912071228
z_cn_to_cn_residual,1,test-253,0.007736477119163819,-0.02860817313194275
z_cn_to_cn_residual,1,test-254,-0.3097537859826566,-0.37465009093284607
z_cn_to_cn_residual,1,test-255,-0.09065704239956256,-0.13478073477745056
z_cn_to_cn_residual,1,test-256,-0.0034789790604594075,-0.02919277548789978
z_cn_to_cn_residual,1,test-257,-0.23061314275164188,-0.35049518942832947
z_cn_to_cn_residual,1,test-258,-0.0018686256953188945,-0.02907976508140564
z_cn_to_cn_residual,1,test-259,0.1907181118045317,0.24587932229042053
z_cn_to_cn_residual,1,test-260,0.8645646996554307,0.7320438623428345
z_cn_to_cn_residual,1,test-261,-0.005086360255747422,-0.029308170080184937
z_cn_to_cn_residual,1,test-262,-0.0028787346636806365,-0.02915176749229431
z_cn_to_cn_residual,1,test-263,0.4158081963899153,0.3608604967594147
z_cn_to_cn_residual,1,test-264,0.9030589611064851,0.8415995836257935
z_cn_to_cn_residual,1,test-265,-0.1955533275616245,-0.28988394141197205
z_cn_to_cn_residual,1,test-266,-0.30556432891279645,-0.3737364709377289
z_cn_to_cn_residual,1,test-267,-0.44289752605972865,-0.4898549020290375
z_cn_to_cn_residual,1,test-268,0.6895865039918867,0.373666912317276
z_cn_to_cn_residual,1,test-269,0.6894917191807426,0.32516923546791077
z_cn_to_cn_residual,1,test-270,-0.09065704239956256,-0.13478073477745056
z_cn_to_cn_residual,1,test-271,0.5959739975662122,0.4565178453922272
z_cn_to_cn_residual,1,test-272,-0.0035606765680585707,-0.029199451208114624
z_cn_to_cn_residual,1,test-273,0.9878307890584649,0.9673982858657837
z_cn_to_cn_residual,1,test-274,0.2314850461504528,0.07355800271034241
z_cn_to_cn_residual,1,test-275,0.4841670466163553,0.43782535195350647
z_cn_to_cn_residual,1,test-276,0.5339877961082178,0.36822667717933655
z_cn_to_cn_residual,1,test-277,-0.09065704239956256,-0.13478073477745056
z_cn_to_cn_residual,1,test-278,0.0010912067988609801,-0.028871387243270874
z_cn_to_cn_residual,1,test-279,-0.2781181241584144,-0.3677729070186615
z_cn_to_cn_residual,1,test-280,0.4625340378083034,0.3124658167362213
z_cn_to_cn_residual,1,test-281,0.504912141795012,0.17780080437660217
z_cn_to_cn_residual,1,test-282,-0.0034789790604594075,-0.02919277548789978
z_cn_to_cn_residual,1,test-283,1.0228237810053415,0.807599663734436
z_cn_to_cn_residual,1,test-284,-0.044024025327156165,-0.0940612256526947
z_cn_to_cn_residual,1,test-285,-0.1955533275616245,-0.28988394141197205
z_cn_to_cn_residual,1,test-286,-0.002813098481549962,-0.02914699912071228
z_cn_to_cn_residual,1,test-287,-0.09065704239956256,-0.13478073477745056
z_cn_to_cn_residual,1,test-288,1.35793738207373,0.7499033212661743
z_cn_to_cn_residual,1,test-289,-0.11078149960964469,-0.1523803174495697
z_cn_to_cn_residual,1,test-290,0.5618087898319306,0.393745094537735
z_cn_to_cn_residual,1,test-291,0.21803315624854092,0.21510282158851624
z_cn_to_cn_residual,1,test-292,0.5913922639498311,0.5229178667068481
z_cn_to_cn_residual,1,test-293,0.5499859594505343,0.6915050745010376
z_cn_to_cn_residual,1,test-294,-0.9950422905965786,-0.961959958076477
z_cn_to_cn_residual,1,test-295,0.2779926693730159,0.04569926857948303
z_cn_to_cn_residual,1,test-296,0.6345001729408056,0.5891906023025513
z_cn_to_cn_residual,1,test-297,0.6899690497383588,0.6354299783706665
z_cn_to_cn_residual,1,test-298,-0.00593228369389451,-0.03007778525352478
z_cn_to_cn_residual,1,test-299,0.0010912067988609801,-0.028871387243270874
z_cn_to_cn_residual,1,test-300,0.6912785548646264,0.7665845155715942
z_cn_to_cn_residual,1,test-301,-0.20898013394359,-0.31312164664268494
z_cn_to_cn_residual,1,test-302,0.4975938529983208,0.5059758424758911
z_cn_to_cn_residual,1,test-303,-0.002813098481549962,-0.02914699912071228
z_cn_to_cn_residual,1,test-304,0.6173586728971772,0.5315314531326294
z_cn_to_cn_residual,1,test-305,-0.0036554613792027465,-0.02920660376548767
z_cn_to_cn_residual,1,test-306,-0.30860672153291563,-0.37440070509910583
z_cn_to_cn_residual,1,test-307,0.41502905640153087,0.35145774483680725
z_cn_to_cn_residual,1,test-308,0.634961762773199,0.5919028520584106
z_cn_to_cn_residual,1,test-309,-0.0036554613792027465,-0.02920660376548767
z_cn_to_cn_residual,1,test-310,0.6894917191807426,0.6178709268569946
z_cn_to_cn_residual,1,test-311,-0.15915938445172756,-0.22676214575767517
z_cn_to_cn_residual,1,test-312,0.5464382292844422,0.40832486748695374
z_cn_to_cn_residual,1,test-313,-0.05864700761913961,-0.10682043433189392
z_cn_to_cn_residual,1,test-314,0.9157863172080091,0.6774917840957642
z_cn_to_cn_residual,1,test-315,0.0006363913580034505,-0.02890285849571228
z_cn_to_cn_residual,1,test-316,0.45426861021499787,0.4160291254520416
z_cn_to_cn_residual,1,test-317,0.07689953639068714,0.08654084801673889
z_cn_to_cn_residual,1,test-318,0.0026230950542789266,-0.02876552939414978
z_cn_to_cn_residual,1,test-319,0.5913922639498311,0.4536410868167877
z_cn_to_cn_residual,1,test-320,0.6749848634745165,0.6657510995864868
z_cn_to_cn_residual,1,test-321,-0.2781181241584144,-0.3677729070186615
z_cn_to_cn_residual,1,test-322,-0.07862923785894682,0.32958856225013733
z_cn_to_cn_residual,1,test-323,0.45426861021499787,0.45517030358314514
z_cn_to_cn_residual,1,test-324,1.0888176139850687,0.9905496835708618
z_cn_to_cn_residual,1,test-325,-0.15915938445172756,-0.22676214575767517
z_cn_to_cn_residual,1,test-326,-0.11078149960964469,-0.1523803174495697
z_cn_to_cn_residual,1,test-327,0.4975938529983208,0.4060889780521393
z_cn_to_cn_residual,1,test-328,-0.0035606765680585707,-0.029199451208114624
z_cn_to_cn_residual,1,test-329,-0.07578850766276808,-0.12178739905357361
z_cn_to_cn_residual,1,test-330,0.5339877961082178,0.5974165201187134
z_cn_to_cn_residual,1,test-331,-0.007694165471705018,-0.032945483922958374
z_cn_to_cn_residual,1,test-332,-0.13133839072801465,-0.17839178442955017
z_cn_to_cn_residual,1,test-333,-0.4340936106029696,-0.5006083250045776
z_cn_to_cn_residual,1,test-334,-0.002813098481549962,-0.02914699912071228
z_cn_to_cn_residual,1,test-335,0.9814936463776394,0.7274905443191528
z_cn_to_cn_residual,1,test-336,-0.33812649705939035,-0.3843437135219574
z_cn_to_cn_residual,1,test-337,-0.0018858338027912184,-0.029080718755722046
z_cn_to_cn_residual,1,test-338,0.016437147451202155,-0.028349727392196655
z_cn_to_cn_residual,1,test-339,-0.009524164442536962,-0.0359252393245697
z_cn_to_cn_residual,1,test-340,1.1605692126756,0.895462155342102
z_cn_to_cn_residual,1,test-341,-0.09065704239956256,-0.13478073477745056
z_cn_to_cn_residual,1,test-342,0.5823656809503006,0.4058057367801666
z_cn_to_cn_residual,1,test-343,0.6173586728971772,0.23711219429969788
z_cn_to_cn_residual,1,test-344,0.5339877961082178,0.3863798677921295
z_cn_to_cn_residual,1,test-345,0.9369652036159007,0.7189074754714966
z_cn_to_cn_residual,1,test-346,0.48367445921998253,0.3943888247013092
z_cn_to_cn_residual,1,test-347,-0.07578850766276808,-0.12178739905357361
z_cn_to_cn_residual,1,test-348,-0.3042585632391721,-0.21499428153038025
z_cn_to_cn_residual,1,test-349,-0.0018686256953188945,-0.02907976508140564
z_cn_to_cn_residual,1,test-350,0.5917823590583151,0.5636755228042603
z_cn_to_cn_residual,1,test-351,0.6173586728971772,0.4605318605899811
z_cn_to_cn_residual,1,test-352,0.6173586728971772,0.4783865511417389
z_cn_to_cn_residual,1,test-353,0.6173586728971772,0.6108704805374146
z_cn_to_cn_residual,1,test-354,-0.27733898417003,-0.3676041066646576
z_cn_to_cn_residual,1,test-355,0.016437147451202155,-0.028349727392196655
z_cn_to_cn_residual,1,test-356,-0.20898013394359,-0.31312164664268494
z_cn_to_cn_residual,1,test-357,-0.0018686256953188945,-0.02907976508140564
z_cn_to_cn_residual,1,test-358,0.6637608916981007,0.506015419960022
z_cn_to_cn_residual,1,test-359,-0.16885127416876008,-0.24358972907066345
z_cn_to_cn_residual,1,test-360,-0.830148528167549,-0.7543677091598511
z_cn_to_cn_residual,1,test-361,-0.0035606765680585707,-0.029199451208114624
z_cn_to_cn_residual,1,test-362,-0.0035606765680585707,-0.029199451208114624
z_cn_to_cn_residual,1,test-363,-0.0035606765680585707,-0.029199451208114624
z_cn_to_cn_residual,1,test-364,-0.008859578140071211,0.05981650948524475
z_cn_to_cn_residual,1,test-365,-0.13133839072801465,-0.17839178442955017
z_cn_to_cn_residual,1,test-366,0.45426861021499787,0.41704240441322327
z_cn_to_cn_residual,1,test-367,-0.33375183485569004,-0.3816915452480316
z_cn_to_cn_residual,1,test-368,0.2314850461504528,0.20649972558021545
z_cn_to_cn_residual,1,test-369,-0.05864700761913961,-0.10682043433189392
z_cn_to_cn_residual,1,test-370,-0.1955533275616245,-0.28988394141197205
z_cn_to_cn_residual,1,test-371,-0.002813098481549962,-0.02914699912071228
z_cn_to_cn_residual,1,test-372,-0.5382569319004575,-0.4631434381008148
z_cn_to_cn_residual,1,test-373,1.0242908208925827,0.8391634225845337
z_cn_to_cn_residual,1,test-374,-0.0018686256953188945,-0.02907976508140564
z_cn_to_cn_residual,1,test-375,0.6896682014994859,0.4034196436405182
z_cn_to_cn_residual,1,test-376,-0.002813098481549962,-0.02914699912071228
z_cn_to_cn_residual,1,test-377,0.6173586728971772,0.4580956995487213
z_cn_to_cn_residual,1,test-378,-0.3097537859826566,-0.37465009093284607
z_cn_to_cn_residual,1,test-379,0.5339877961082178,0.5693851709365845
z_cn_to_cn_residual,1,test-380,0.6024901381603828,0.4641238749027252
z_cn_to_cn_residual,1,test-381,0.03635404698519895,0.18721261620521545
z_cn_to_cn_residual,1,test-382,-0.009524164442536962,-0.0359252393245697
z_cn_to_cn_residual,1,test-383,-0.009524164442536962,-0.0359252393245697
z_cn_to_cn_residual,1,test-384,0.5913922639498311,0.5002490282058716
z_cn_to_cn_residual,1,test-385,0.6345001729408056,0.4737350046634674
z_cn_to_cn_residual,1,test-386,0.6899690497383588,0.5164467096328735
z_cn_to_cn_residual,1,test-387,-0.0035606765680585707,-0.029199451208114624
z_cn_to_cn_residual,1,test-388,-0.0031781308215864876,-0.029172271490097046
z_cn_to_cn_residual,1,test-389,-0.0035606765680585707,-0.029199451208114624
z_cn_to_cn_residual,1,test-390,-0.032324694674933076,-0.07451137900352478
z_cn_to_cn_residual,1,test-391,-0.0035606765680585707,-0.029199451208114624
z_cn_to_cn_residual,1,test-392,-0.0035606765680585707,-0.029199451208114624
z_cn_to_cn_residual,1,test-393,0.6894917191807426,0.5312715768814087
z_cn_to_cn_residual,1,test-394,0.4975938529983208,0.5753647089004517
z_cn_to_cn_residual,1,test-395,-0.0036554613792027465,-0.02920660376548767
z_cn_to_cn_residual,1,test-396,0.5823656809503006,0.5337449312210083
z_cn_to_cn_residual,1,test-397,0.4975938529983208,0.44774261116981506
z_cn_to_cn_residual,1,test-398,-0.0018686256953188945,-0.02907976508140564
z_cn_to_cn_residual,1,test-399,-0.002813098481549962,-0.02914699912071228
z_cn_to_cn_residual,1,test-400,-0.0031781308215864876,-0.029172271490097046
z_cn_to_cn_residual,1,test-401,0.5702273837469602,0.5170117616653442
z_cn_to_cn_residual,1,test-402,-0.0035606765680585707,-0.029199451208114624
z_cn_to_cn_residual,1,test-403,-0.002053521525395429,-0.029092639684677124
z_cn_to_cn_residual,1,test-404,-0.009524164442536962,-0.0359252393245697
z_cn_to_cn_residual,1,test-405,-0.1955533275616245,-0.28988394141197205
z_cn_to_cn_residual,1,test-406,0.6894917191807426,0.6635309457778931
z_cn_to_cn_residual,1,test-407,-0.13929599219001707,-0.1922367513179779
z_cn_to_cn_residual,1,test-408,0.6894917191807426,0.62147057056427
z_cn_to_cn_residual,1,test-409,0.5917823590583151,0.46219173073768616
z_cn_to_cn_residual,1,test-410,-0.04190258786028581,-0.09215673804283142
z_cn_to_cn_residual,1,test-411,0.11366833474633009,0.06425824761390686
z_cn_to_cn_residual,1,test-412,-0.002813098481549962,-0.02914699912071228
z_cn_to_cn_residual,1,test-413,-0.27733898417003,-0.3676041066646576
z_cn_to_cn_residual,1,test-414,0.6912785548646264,0.6322323083877563
z_cn_to_cn_residual,1,test-415,0.016437147451202155,-0.028349727392196655
z_cn_to_cn_residual,1,test-416,0.6608224858850122,0.5872212648391724
z_cn_to_cn_residual,1,test-417,-0.40480071474225116,-0.4805785119533539
z_cn_to_cn_residual,1,test-418,0.9968573720579954,0.9630676507949829
z_cn_to_cn_residual,1,test-419,0.41502905640153087,0.3727189600467682
z_cn_to_cn_residual,1,test-420,0.11452475044660182,0.28360334038734436
z_cn_to_cn_residual,1,test-421,0.6885396674914255,0.6857591867446899
z_cn_to_cn_residual,1,test-422,0.4158081963899153,0.36441054940223694
z_cn_to_cn_residual,1,test-423,-0.007694165471705018,-0.032945483922958374
z_cn_to_cn_residual,1,test-424,-0.1955533275616245,-0.28988394141197205
z_cn_to_cn_residual,1,test-425,0.4158081963899153,0.4762398302555084
z_cn_to_cn_residual,1,test-426,-0.36200354022730785,-0.4163001477718353
z_cn_to_cn_residual,1,test-427,0.5913922639498311,0.5424953699111938
z_cn_to_cn_residual,1,test-428,-0.0036554613792027465,-0.02920660376548767
z_cn_to_cn_residual,1,test-429,0.0026230950542789266,-0.02876552939414978
z_cn_to_cn_residual,1,test-430,1.190741033558266,1.10112726688385
z_cn_to_cn_residual,1,test-431,-0.05864700761913961,-0.10682043433189392
z_cn_to_cn_residual,1,test-432,0.6912785548646264,0.6322323083877563
z_cn_to_cn_residual,1,test-433,-0.13133839072801465,-0.17839178442955017
z_cn_to_cn_residual,1,test-434,-0.010206311973696352,-0.037034839391708374
z_cn_to_cn_residual,1,test-435,-0.0036554613792027465,-0.02920660376548767
z_cn_to_cn_residual,1,test-436,-0.07578850766276808,-0.12178739905357361
z_cn_to_cn_residual,1,test-437,0.2779926693730159,0.3250085413455963
z_cn_to_cn_residual,1,test-438,0.6024901381603828,0.4739362299442291
z_cn_to_cn_residual,1,test-439,0.6836230161174083,0.5455905199050903
z_cn_to_cn_residual,1,test-440,0.007736477119163819,-0.02860817313194275
z_cn_to_cn_residual,1,test-441,0.6667289091472093,0.5537916421890259
z_cn_to_cn_residual,1,test-442,-0.13330988833640284,-0.18182262778282166
z_cn_to_cn_residual,1,test-443,-0.0035606765680585707,-0.029199451208114624
z_cn_to_cn_residual,1,test-444,0.9339988208263761,0.7802654504776001
z_cn_to_cn_residual,1,test-445,0.15489024865948775,0.20813670754432678
z_cn_to_cn_residual,1,test-446,0.9878307890584649,0.7106457948684692
z_cn_to_cn_residual,1,test-447,1.007955246268547,0.934705376625061
z_cn_to_cn_residual,1,test-448,-0.0028787346636806365,-0.02915176749229431
z_cn_to_cn_residual,1,test-449,1.190741033558266,0.9180589914321899
z_cn_to_cn_residual,1,test-450,0.939452904216382,0.7881761789321899
z_cn_to_cn_residual,1,test-451,0.9030589611064851,0.7787657976150513
z_cn_to_cn_residual,1,test-452,-0.002813098481549962,-0.02914699912071228
z_cn_to_cn_residual,1,test-453,0.6173586728971772,0.564484715461731
z_cn_to_cn_residual,1,test-454,-0.5218160654288044,-0.10656532645225525
z_cn_to_cn_residual,1,test-455,-0.32311619585740226,-0.3775690495967865
z_cn_to_cn_residual,1,test-456,0.6938115739258583,0.6917616128921509
z_cn_to_cn_residual,1,test-457,-0.09065704239956256,-0.13478073477745056
z_cn_to_cn_residual,1,test-458,0.690374323407516,0.5892788171768188
z_cn_to_cn_residual,1,test-459,-0.026418271412736054,-0.06382212042808533
z_cn_to_cn_residual,1,test-460,-0.0035606765680585707,-0.029199451208114624
z_cn_to_cn_residual,1,test-461,-0.15915938445172756,-0.22676214575767517
z_cn_to_cn_residual,1,test-462,0.5618087898319306,0.534302830696106
z_cn_to_cn_residual,1,test-463,0.9030589611064851,0.7245079278945923
z_cn_to_cn_residual,1,test-464,0.5823656809503006,0.4345618784427643
z_cn_to_cn_residual,1,test-465,-0.0004881954264035043,-0.028982490301132202
z_cn_to_cn_residual,1,test-466,0.6895865039918867,0.6177555322647095
z_cn_to_cn_residual,1,test-467,0.6854530150882403,0.5129719972610474
z_cn_to_cn_residual,1,test-468,-0.0004881954264035043,-0.028982490301132202
z_cn_to_cn_residual,1,test-469,0.4158081963899153,0.2583877146244049
z_cn_to_cn_residual,1,test-470,0.560355356767652,0.6431180238723755
z_cn_to_cn_residual,1,test-471,-0.1955533275616245,-0.28988394141197205
z_cn_to_cn_residual,1,test-472,-0.11078149960964469,-0.1523803174495697
z_cn_to_cn_residual,1,test-473,-0.0028787346636806365,-0.02915176749229431
z_cn_to_cn_residual,1,test-474,0.4158081963899153,0.3627559244632721
z_cn_to_cn_residual,1,test-475,-0.0031781308215864876,-0.029172271490097046
z_cn_to_cn_residual,1,test-476,0.38576956172760457,0.38708892464637756
z_cn_to_cn_residual,1,test-477,0.11366833474633009,0.2531534731388092
z_cn_to_cn_residual,1,test-478,0.6345001729408056,0.5891906023025513
z_cn_to_cn_residual,1,test-479,-0.10175491661011418,-0.14448389410972595
z_cn_to_cn_residual,1,test-480,0.5917823590583151,0.4874826967716217
z_cn_to_cn_residual,1,test-481,0.4975938529983208,0.46787229180336
z_cn_to_cn_residual,1,test-482,0.7015560682294257,0.7401372194290161
z_cn_to_cn_residual,1,test-483,-0.009524164442536962,-0.0359252393245697
z_cn_to_cn_residual,1,test-484,0.5702273837469602,0.41198745369911194
z_cn_to_cn_residual,1,test-485,0.4841670466163553,0.4360577166080475
z_cn_to_cn_residual,1,test-486,-0.0036554613792027465,-0.02920660376548767
z_cn_to_cn_residual,1,test-487,-0.002813098481549962,-0.02914699912071228
z_cn_to_cn_residual,1,test-488,-0.21986076979624922,-0.3319285809993744
z_cn_to_cn_residual,1,test-489,-0.0036554613792027465,-0.02920660376548767
z_cn_to_cn_residual,1,test-490,-0.005086360255747422,-0.029308170080184937
z_cn_to_cn_residual,1,test-491,-0.0035606765680585707,-0.029199451208114624
z_cn_to_cn_residual,1,test-492,-0.0036554613792027465,-0.02920660376548767
z_cn_to_cn_residual,1,test-493,0.7678342906695491,0.6830569505691528
z_cn_to_cn_residual,1,test-494,-0.0018686256953188945,-0.02907976508140564
z_cn_to_cn_residual,1,test-495,-0.33375183485569004,-0.3816915452480316
z_cn_to_cn_residual,1,test-496,-0.0035606765680585707,-0.029199451208114624
z_cn_to_cn_residual,1,test-497,0.6872148968660508,0.5814996957778931
z_cn_to_cn_residual,1,test-498,-0.009524164442536962,-0.0359252393245697
z_cn_to_cn_residual,1,test-499,-0.5217296614644599,-0.45321664214134216
z_cn_to_cn_residual,1,test-500,-0.3073776188323407,-0.3741322457790375
z_cn_to_cn_residual,1,test-501,0.6829408685862489,0.5712004899978638
z_cn_to_cn_residual,1,test-502,0.41502905640153087,0.46400418877601624
z_cn_to_cn_residual,1,test-503,-0.08022471546986565,0.006786972284317017
z_cn_to_cn_residual,1,test-504,-0.47511402431140437,-0.4458220899105072
z_cn_to_cn_residual,1,test-505,0.6345001729408056,0.36515775322914124
z_cn_to_cn_residual,1,test-506,-0.4340936106029696,-0.5006083250045776
z_cn_to_cn_residual,1,test-507,-0.0034789790604594075,-0.02919277548789978
z_cn_to_cn_residual,1,test-508,-0.5810323630174453,-0.4941907823085785
z_cn_to_cn_residual,1,test-509,0.35502068350055493,0.24678054451942444
z_cn_to_cn_residual,1,test-510,0.9297740279230993,0.8850275278091431
z_cn_to_cn_residual,1,test-511,-0.026418271412736054,-0.06382212042808533
z_cn_to_degree,2,test-0,4.6443908991413725,3.6287245750427246
z_cn_to_degree,2,test-1,3.988984046564274,4.091833591461182
z_cn_to_degree,2,test-2,4.584967478670572,4.810110569000244
z_cn_to_degree,2,test-3,4.962844630259907,5.349921226501465
z_cn_to_degree,2,test-4,3.1780538303479453,3.38100004196167
z_cn_to_degree,2,test-5,4.77912349311153,5.0927252769470215
z_cn_to_degree,2,test-6,3.8066624897703196,4.335752487182617
z_cn_to_degree,2,test-7,5.966146739123692,5.596965312957764
z_cn_to_degree,2,test-8,3.6635616461296463,3.8144659996032715
z_cn_to_degree,2,test-9,3.0445224377234226,3.46144437789917
z_cn_to_degree,2,test-10,3.6888794541139367,4.262875556945801
z_cn_to_degree,2,test-11,3.401197381662155,2.880894184112549
z_cn_to_degree,2,test-12,3.9120230054281464,4.5427632331848145
z_cn_to_degree,2,test-13,0.6931471805599453,2.63126802444458
z_cn_to_degree,2,test-14,4.74493212836325,4.69856595993042
z_cn_to_degree,2,test-15,4.0943445622221,3.1872687339782715
z_cn_to_degree,2,test-16,1.791759469228055,3.507188320159912
z_cn_to_degree,2,test-17,4.394449154672438,3.732353687286377
z_cn_to_degree,2,test-18,4.718498871295095,2.7117514610290527
z_cn_to_degree,2,test-19,0.6931471805599453,2.63126802444458
z_cn_to_degree,2,test-20,3.0445224377234226,3.46144437789917
z_cn_to_degree,2,test-21,3.1780538303479458,2.6359829902648926
z_cn_to_degree,2,test-22,3.465735902799726,3.895559787750244
z_cn_to_degree,2,test-23,3.401197381662155,4.14610481262207
z_cn_to_degree,2,test-24,1.0986122886681096,2.634782314300537
z_cn_to_degree,2,test-25,3.5553480614894135,3.4899497032165527
z_cn_to_degree,2,test-26,4.189654742026425,5.092846870422363
z_cn_to_degree,2,test-27,2.3025850929940455,2.909207820892334
z_cn_to_degree,2,test-28,3.465735902799726,4.210606098175049
z_cn_to_degree,2,test-29,2.8903717578961645,3.26981782913208
z_cn_to_degree,2,test-30,3.688879454113936,4.488596439361572
z_cn_to_degree,2,test-31,4.882801922586371,3.5583081245422363
z_cn_to_degree,2,test-32,4.553876891600541,4.203873157501221
z_cn_to_degree,2,test-33,3.58351893845611,4.314639091491699
z_cn_to_degree,2,test-34,3.58351893845611,3.2823281288146973
z_cn_to_degree,2,test-35,3.1780538303479453,3.893404006958008
z_cn_to_degree,2,test-36,2.772588722239781,3.7025399208068848
z_cn_to_degree,2,test-37,1.3862943611198906,2.639986515045166
z_cn_to_degree,2,test-38,2.3025850929940455,2.6332411766052246
z_cn_to_degree,2,test-39,3.9889840465642745,2.742095470428467
z_cn_to_degree,2,test-40,1.791759469228055,2.63126802444458
z_cn_to_degree,2,test-41,3.951243718581427,3.693692684173584
z_cn_to_degree,2,test-42,3.6888794541139367,3.9254631996154785
z_cn_to_degree,2,test-43,6.040254711277413,3.3810982704162598
z_cn_to_degree,2,test-44,2.484906649788,3.161581516265869
z_cn_to_degree,2,test-45,3.1780538303479453,4.472609043121338
z_cn_to_degree,2,test-46,0.6931471805599453,2.63126802444458
z_cn_to_degree,2,test-47,4.941642422609304,4.824162006378174
z_cn_to_degree,2,test-48,0.0,2.639986515045166
z_cn_to_degree,2,test-49,2.8903717578961645,3.2949090003967285
z_cn_to_degree,2,test-50,6.040254711277413,3.8797812461853027
z_cn_to_degree,2,test-51,3.332204510175204,3.4359326362609863
z_cn_to_degree,2,test-52,2.995732273553991,4.05199670791626
z_cn_to_degree,2,test-53,6.327936783729195,4.905542373657227
z_cn_to_degree,2,test-54,2.8903717578961645,3.3843331336975098
z_cn_to_degree,2,test-55,2.6390573296152584,2.631690502166748
z_cn_to_degree,2,test-56,4.927253685157204,5.5110321044921875
z_cn_to_degree,2,test-57,2.7080502011022096,3.2893052101135254
z_cn_to_degree,2,test-58,5.272999558563747,4.339603900909424
z_cn_to_degree,2,test-59,3.9889840465642745,4.324258804321289
z_cn_to_degree,2,test-60,2.0794415416798357,2.5379233360290527
z_cn_to_degree,2,test-61,4.7535901911063645,4.1584153175354
z_cn_to_degree,2,test-62,2.1972245773362196,2.647094249725342
z_cn_to_degree,2,test-63,2.3978952727983707,2.6528849601745605
z_cn_to_degree,2,test-64,1.3862943611198906,2.639986515045166
z_cn_to_degree,2,test-65,3.58351893845611,3.6541543006896973
z_cn_to_degree,2,test-66,2.8903717578961645,3.7828125953674316
z_cn_to_degree,2,test-67,2.4849066497880004,2.6480154991149902
z_cn_to_degree,2,test-68,2.4849066497880004,2.6480154991149902
z_cn_to_degree,2,test-69,4.90527477843843,5.214637756347656
z_cn_to_degree,2,test-70,3.2188758248682006,3.731259822845459
z_cn_to_degree,2,test-71,2.995732273553991,3.3260560035705566
z_cn_to_degree,2,test-72,4.0943445622221,3.582437038421631
z_cn_to_degree,2,test-73,1.791759469228055,2.63126802444458
z_cn_to_degree,2,test-74,3.951243718581427,4.3087334632873535
z_cn_to_degree,2,test-75,2.7080502011022096,3.2893052101135254
z_cn_to_degree,2,test-76,3.0445224377234226,2.4759135246276855
z_cn_to_degree,2,test-77,1.0986122886681096,2.634782314300537
z_cn_to_degree,2,test-78,3.0445224377234226,3.861523151397705
z_cn_to_degree,2,test-79,1.3862943611198906,2.6351218223571777
z_cn_to_degree,2,test-80,1.791759469228055,2.63126802444458
z_cn_to_degree,2,test-81,3.688879454113936,3.8850951194763184
z_cn_to_degree,2,test-82,3.58351893845611,4.162831783294678
z_cn_to_degree,2,test-83,3.465735902799726,3.4849963188171387
z_cn_to_degree,2,test-84,4.025351690735149,3.5888619422912598
z_cn_to_degree,2,test-85,4.718498871295094,4.322927951812744
z_cn_to_degree,2,test-86,3.988984046564274,4.091833591461182
z_cn_to_degree,2,test-87,3.332204510175204,3.7123866081237793
z_cn_to_degree,2,test-88,2.7080502011022096,3.2893052101135254
z_cn_to_degree,2,test-89,2.6390573296152584,2.631690502166748
z_cn_to_degree,2,test-90,3.332204510175204,4.1489152908325195
z_cn_to_degree,2,test-91,2.484906649788,3.161581516265869
z_cn_to_degree,2,test-92,2.0794415416798357,2.6307835578918457
z_cn_to_degree,2,test-93,3.1780538303479453,3.186580181121826
z_cn_to_degree,2,test-94,5.272999558563747,3.542172908782959
z_cn_to_degree,2,test-95,2.484906649788,3.161581516265869
z_cn_to_degree,2,test-96,3.4011973816621555,2.9809298515319824
z_cn_to_degree,2,test-97,7.50659178007084,7.072937488555908
z_cn_to_degree,2,test-98,4.465908118654584,3.5926947593688965
z_cn_to_degree,2,test-99,2.3025850929940455,2.6332411766052246
z_cn_to_degree,2,test-100,2.7080502011022096,3.2893052101135254
z_cn_to_degree,2,test-101,3.58351893845611,4.328330993652344
z_cn_to_degree,2,test-102,2.7080502011022096,3.5122551918029785
z_cn_to_degree,2,test-103,4.02535169073515,3.1938700675964355
z_cn_to_degree,2,test-104,2.772588722239781,3.7025399208068848
z_cn_to_degree,2,test-105,2.197224577336219,3.4378066062927246
z_cn_to_degree,2,test-106,1.0986122886681096,2.634782314300537
z_cn_to_degree,2,test-107,3.5263605246161616,2.8420491218566895
z_cn_to_degree,2,test-108,0.6931471805599453,2.63126802444458
z_cn_to_degree,2,test-109,6.327936783729195,4.745858669281006
z_cn_to_degree,2,test-110,3.58351893845611,3.79649019241333
z_cn_to_degree,2,test-111,2.0794415416798357,2.6307835578918457
z_cn_to_degree,2,test-112,2.8903717578961645,2.7941441535949707
z_cn_to_degree,2,test-113,5.0106352940962555,4.046331882476807
z_cn_to_degree,2,test-114,3.688879454113936,4.222164154052734
z_cn_to_degree,2,test-115,1.3862943611198906,2.6351218223571777
z_cn_to_degree,2,test-116,1.3862943611198906,2.76082181930542
z_cn_to_degree,2,test-117,7.3395376954076745,6.4915595054626465
z_cn_to_degree,2,test-118,4.304065093204169,3.163198947906494
z_cn_to_degree,2,test-119,3.2188758248682006,4.144744396209717
z_cn_to_degree,2,test-120,6.733401891837358,4.429063320159912
z_cn_to_degree,2,test-121,2.484906649788,3.0511298179626465
z_cn_to_degree,2,test-122,2.995732273553991,3.4863009452819824
z_cn_to_degree,2,test-123,3.58351893845611,4.214582920074463
z_cn_to_degree,2,test-124,1.791759469228055,2.6683669090270996
z_cn_to_degree,2,test-125,2.6390573296152584,2.631690502166748
z_cn_to_degree,2,test-126,2.197224577336219,3.0137972831726074
z_cn_to_degree,2,test-127,2.484906649788,3.9241557121276855
z_cn_to_degree,2,test-128,1.791759469228055,2.63126802444458
z_cn_to_degree,2,test-129,3.6635616461296463,3.8144659996032715
z_cn_to_degree,2,test-130,2.5649493574615367,2.639893054962158
z_cn_to_degree,2,test-131,2.995732273553991,4.311234951019287
z_cn_to_degree,2,test-132,3.688879454113936,4.222164154052734
z_cn_to_degree,2,test-133,5.560681631015528,4.283963203430176
z_cn_to_degree,2,test-134,2.197224577336219,3.0137972831726074
z_cn_to_degree,2,test-135,2.772588722239781,3.8103137016296387
z_cn_to_degree,2,test-136,2.772588722239781,4.0632500648498535
z_cn_to_degree,2,test-137,3.688879454113936,3.8837695121765137
z_cn_to_degree,2,test-138,2.1972245773362196,2.647094249725342
z_cn_to_degree,2,test-139,2.995732273553991,3.842402458190918
z_cn_to_degree,2,test-140,2.8903717578961645,3.3843331336975098
z_cn_to_degree,2,test-141,4.31748811353631,4.271697998046875
z_cn_to_degree,2,test-142,1.791759469228055,2.63126802444458
z_cn_to_degree,2,test-143,3.332204510175204,4.1489152908325195
z_cn_to_degree,2,test-144,2.7080502011022096,3.2893052101135254
z_cn_to_degree,2,test-145,2.0794415416798357,2.6307835578918457
z_cn_to_degree,2,test-146,4.882801922586371,2.7857251167297363
z_cn_to_degree,2,test-147,3.465735902799726,4.16504430770874
z_cn_to_degree,2,test-148,3.332204510175204,4.1489152908325195
z_cn_to_degree,2,test-149,6.327936783729195,4.402328014373779
z_cn_to_degree,2,test-150,3.2188758248682006,4.144744396209717
z_cn_to_degree,2,test-151,3.9318256327243257,3.8952670097351074
z_cn_to_degree,2,test-152,3.295836866004329,2.826162815093994
z_cn_to_degree,2,test-153,3.4011973816621555,2.639029026031494
z_cn_to_degree,2,test-154,4.0943445622221,4.076542377471924
z_cn_to_degree,2,test-155,2.0794415416798357,2.616652011871338
z_cn_to_degree,2,test-156,2.3025850929940455,2.6332411766052246
z_cn_to_degree,2,test-157,5.41164605185504,5.680943965911865
z_cn_to_degree,2,test-158,4.564348191467836,3.5939316749572754
z_cn_to_degree,2,test-159,0.0,2.639986515045166
z_cn_to_degree,2,test-160,2.7080502011022096,3.646205425262451
z_cn_to_degree,2,test-161,2.9444389791664403,2.777026653289795
z_cn_to_degree,2,test-162,1.3862943611198906,2.6351218223571777
z_cn_to_degree,2,test-163,2.8903717578961645,3.660057544708252
z_cn_to_degree,2,test-164,1.791759469228055,2.63126802444458
z_cn_to_degree,2,test-165,5.560681631015528,4.074315547943115
z_cn_to_degree,2,test-166,1.0986122886681096,2.634782314300537
z_cn_to_degree,2,test-167,3.5553480614894135,4.272804260253906
z_cn_to_degree,2,test-168,4.499809670330265,4.89672327041626
z_cn_to_degree,2,test-169,3.5553480614894135,4.574624538421631
z_cn_to_degree,2,test-170,1.791759469228055,2.63126802444458
z_cn_to_degree,2,test-171,2.0794415416798357,2.6307835578918457
z_cn_to_degree,2,test-172,5.288267030694534,3.900515079498291
z_cn_to_degree,2,test-173,1.3862943611198906,2.6351218223571777
z_cn_to_degree,2,test-174,2.484906649788,3.161581516265869
z_cn_to_degree,2,test-175,3.9120230054281464,4.229243755340576
z_cn_to_degree,2,test-176,2.8903717578961645,3.3843331336975098
z_cn_to_degree,2,test-177,4.499809670330265,5.041707515716553
z_cn_to_degree,2,test-178,4.867534450455582,3.4745144844055176
z_cn_to_degree,2,test-179,4.718498871295095,2.7117514610290527
z_cn_to_degree,2,test-180,1.3862943611198906,2.6351218223571777
z_cn_to_degree,2,test-181,3.58351893845611,2.6348233222961426
z_cn_to_degree,2,test-182,3.58351893845611,4.314639091491699
z_cn_to_degree,2,test-183,3.465735902799726,4.261772632598877
z_cn_to_degree,2,test-184,0.0,2.639986515045166
z_cn_to_degree,2,test-185,7.24422751560335,6.323146343231201
z_cn_to_degree,2,test-186,3.332204510175204,4.1489152908325195
z_cn_to_degree,2,test-187,3.401197381662155,4.019078731536865
z_cn_to_degree,2,test-188,3.332204510175204,4.1489152908325195
z_cn_to_degree,2,test-189,2.484906649788,3.161581516265869
z_cn_to_degree,2,test-190,2.197224577336219,3.0137972831726074
z_cn_to_degree,2,test-191,2.7080502011022096,3.5142416954040527
z_cn_to_degree,2,test-192,2.0794415416798357,2.6307835578918457
z_cn_to_degree,2,test-193,1.791759469228055,2.63126802444458
z_cn_to_degree,2,test-194,3.0445224377234226,2.792418956756592
z_cn_to_degree,2,test-195,2.995732273553991,3.842402458190918
z_cn_to_degree,2,test-196,3.58351893845611,2.6348233222961426
z_cn_to_degree,2,test-197,4.90527477843843,4.7319865226745605
z_cn_to_degree,2,test-198,4.5217885770490405,4.305510997772217
z_cn_to_degree,2,test-199,2.484906649788,3.161581516265869
z_cn_to_degree,2,test-200,4.709530201312334,3.611663341522217
z_cn_to_degree,2,test-201,1.0986122886681096,2.634782314300537
z_cn_to_degree,2,test-202,1.0986122886681096,2.634782314300537
z_cn_to_degree,2,test-203,3.0445224377234226,3.46144437789917
z_cn_to_degree,2,test-204,2.484906649788,3.161581516265869
z_cn_to_degree,2,test-205,2.6390573296152584,3.096858501434326
z_cn_to_degree,2,test-206,2.197224577336219,3.0137972831726074
z_cn_to_degree,2,test-207,3.58351893845611,4.314639091491699
z_cn_to_degree,2,test-208,4.248495242049359,4.040420055389404
z_cn_to_degree,2,test-209,4.0943445622221,4.322714805603027
z_cn_to_degree,2,test-210,4.836281906951478,4.960758686065674
z_cn_to_degree,2,test-211,4.976733742420574,4.6998724937438965
z_cn_to_degree,2,test-212,3.0445224377234226,3.8225226402282715
z_cn_to_degree,2,test-213,4.499809670330265,2.6387600898742676
z_cn_to_degree,2,test-214,1.3862943611198906,2.639986515045166
z_cn_to_degree,2,test-215,5.560681631015528,4.345113277435303
z_cn_to_degree,2,test-216,2.0794415416798357,2.6307835578918457
z_cn_to_degree,2,test-217,0.6931471805599453,2.63126802444458
z_cn_to_degree,2,test-218,1.791759469228055,3.496673107147217
z_cn_to_degree,2,test-219,3.0445224377234226,3.46144437789917
z_cn_to_degree,2,test-220,3.58351893845611,4.328330993652344
z_cn_to_degree,2,test-221,2.995732273553991,3.842402458190918
z_cn_to_degree,2,test-222,2.0794415416798357,2.6307835578918457
z_cn_to_degree,2,test-223,3.8712010109078907,3.8952670097351074
z_cn_to_degree,2,test-224,0.0,2.639986515045166
z_cn_to_degree,2,test-225,3.332204510175204,3.861428737640381
z_cn_to_degree,2,test-226,2.0794415416798357,2.6307835578918457
z_cn_to_degree,2,test-227,2.772588722239781,3.8053364753723145
z_cn_to_degree,2,test-228,1.791759469228055,2.63126802444458
z_cn_to_degree,2,test-229,2.197224577336219,3.0137972831726074
z_cn_to_degree,2,test-230,3.4011973816621555,3.593618869781494
z_cn_to_degree,2,test-231,4.430816798843313,4.30189847946167
z_cn_to_degree,2,test-232,4.276666119016055,5.01282262802124
z_cn_to_degree,2,test-233,1.791759469228055,2.6351218223571777
z_cn_to_degree,2,test-234,3.58351893845611,4.328330993652344
z_cn_to_degree,2,test-235,3.1780538303479453,3.544891834259033
z_cn_to_degree,2,test-236,2.8903717578961645,3.3843331336975098
z_cn_to_degree,2,test-237,2.8903717578961645,3.3843331336975098
z_cn_to_degree,2,test-238,3.0445224377234226,3.46144437789917
z_cn_to_degree,2,test-239,5.780743515792329,4.858232021331787
z_cn_to_degree,2,test-240,6.327936783729195,4.1615681648254395
z_cn_to_degree,2,test-241,0.6931471805599453,2.63126802444458
z_cn_to_degree,2,test-242,2.4849066497880004,2.6480154991149902
z_cn_to_degree,2,test-243,2.8903717578961645,3.25093412399292
z_cn_to_degree,2,test-244,2.197224577336219,3.822265148162842
z_cn_to_degree,2,test-245,3.0445224377234226,3.46144437789917
z_cn_to_degree,2,test-246,5.087596335232384,4.275327682495117
z_cn_to_degree,2,test-247,2.7080502011022096,3.4466261863708496
z_cn_to_degree,2,test-248,4.74493212836325,5.550373077392578
z_cn_to_degree,2,test-249,1.791759469228055,2.63126802444458
z_cn_to_degree,2,test-250,3.8066624897703196,4.335752487182617
z_cn_to_degree,2,test-251,3.951243718581427,4.3087334632873535
z_cn_to_degree,2,test-252,1.3862943611198906,2.6351218223571777
z_cn_to_degree,2,test-253,4.718498871295095,2.7117514610290527
z_cn_to_degree,2,test-254,3.465735902799726,4.261772632598877
z_cn_to_degree,2,test-255,2.7080502011022096,3.2893052101135254
z_cn_to_degree,2,test-256,2.6390573296152584,2.631690502166748
z_cn_to_degree,2,test-257,5.19295685089021,3.9748806953430176
z_cn_to_degree,2,test-258,0.0,2.639986515045166
z_cn_to_degree,2,test-259,5.98141421125448,4.363016605377197
z_cn_to_degree,2,test-260,3.8712010109078907,4.9586663246154785
z_cn_to_degree,2,test-261,2.9957322735539913,2.623408794403076
z_cn_to_degree,2,test-262,1.0986122886681096,2.634782314300537
z_cn_to_degree,2,test-263,3.401197381662155,3.6277050971984863
z_cn_to_degree,2,test-264,2.995732273553991,4.060391902923584
z_cn_to_degree,2,test-265,2.995732273553991,3.842402458190918
z_cn_to_degree,2,test-266,4.1588830833596715,4.2469611167907715
z_cn_to_degree,2,test-267,4.31748811353631,4.271697998046875
z_cn_to_degree,2,test-268,1.791759469228055,3.5069689750671387
z_cn_to_degree,2,test-269,2.0794415416798357,3.882999897003174
z_cn_to_degree,2,test-270,2.7080502011022096,3.2893052101135254
z_cn_to_degree,2,test-271,6.476972362889683,6.523606777191162
z_cn_to_degree,2,test-272,1.791759469228055,2.63126802444458
z_cn_to_degree,2,test-273,3.0445224377234226,3.8177218437194824
z_cn_to_degree,2,test-274,3.737669618283368,4.941000461578369
z_cn_to_degree,2,test-275,3.1780538303479453,3.6948323249816895
z_cn_to_degree,2,test-276,2.772588722239781,3.8503212928771973
z_cn_to_degree,2,test-277,2.7080502011022096,3.2893052101135254
z_cn_to_degree,2,test-278,2.0794415416798357,2.6552252769470215
z_cn_to_degree,2,test-279,3.332204510175204,4.1489152908325195
z_cn_to_degree,2,test-280,5.220355825078324,3.7867836952209473
z_cn_to_degree,2,test-281,3.6635616461296463,3.957160472869873
z_cn_to_degree,2,test-282,2.6390573296152584,2.631690502166748
z_cn_to_degree,2,test-283,2.484906649788,3.651101589202881
z_cn_to_degree,2,test-284,3.9512437185814275,2.887265682220459
z_cn_to_degree,2,test-285,2.995732273553991,3.842402458190918
z_cn_to_degree,2,test-286,1.6094379124341003,2.6351218223571777
z_cn_to_degree,2,test-287,2.7080502011022096,3.2893052101135254
z_cn_to_degree,2,test-288,6.461468176353717,6.437772274017334
z_cn_to_degree,2,test-289,3.0445224377234226,3.46144437789917
z_cn_to_degree,2,test-290,3.4965075614664802,3.6957859992980957
z_cn_to_degree,2,test-291,4.499809670330265,4.37509298324585
z_cn_to_degree,2,test-292,2.8903717578961645,3.0282320976257324
z_cn_to_degree,2,test-293,5.60947179518496,4.282016277313232
z_cn_to_degree,2,test-294,5.375278407684165,5.992959976196289
z_cn_to_degree,2,test-295,3.6888794541139367,4.602912425994873
z_cn_to_degree,2,test-296,2.197224577336219,3.2561869621276855
z_cn_to_degree,2,test-297,2.3025850929940455,3.0565648078918457
z_cn_to_degree,2,test-298,3.7376696182833684,2.6243977546691895
z_cn_to_degree,2,test-299,2.0794415416798357,2.6552252769470215
z_cn_to_degree,2,test-300,1.3862943611198906,2.807075023651123
z_cn_to_degree,2,test-301,3.1780538303479453,3.893404006958008
z_cn_to_degree,2,test-302,2.995732273553991,3.790762424468994
z_cn_to_degree,2,test-303,1.6094379124341003,2.6351218223571777
z_cn_to_degree,2,test-304,2.484906649788,3.1792960166931152
z_cn_to_degree,2,test-305,2.0794415416798357,2.6307835578918457
z_cn_to_degree,2,test-306,4.382026634673881,4.257721900939941
z_cn_to_degree,2,test-307,3.332204510175204,3.5659966468811035
z_cn_to_degree,2,test-308,5.556828061699537,4.503342151641846
z_cn_to_degree,2,test-309,2.0794415416798357,2.6307835578918457
z_cn_to_degree,2,test-310,2.0794415416798357,2.4360804557800293
z_cn_to_degree,2,test-311,2.772588722239781,3.7025399208068848
z_cn_to_degree,2,test-312,3.58351893845611,3.779201030731201
z_cn_to_degree,2,test-313,2.197224577336219,3.0137972831726074
z_cn_to_degree,2,test-314,3.8918202981106265,5.009150981903076
z_cn_to_degree,2,test-315,2.4849066497880004,2.6528849601745605
z_cn_to_degree,2,test-316,6.733401891837358,5.430797100067139
z_cn_to_degree,2,test-317,4.941642422609304,5.141796588897705
z_cn_to_degree,2,test-318,1.9459101490553132,2.6633381843566895
z_cn_to_degree,2,test-319,2.8903717578961645,3.7992281913757324
z_cn_to_degree,2,test-320,5.41164605185504,5.887186527252197
z_cn_to_degree,2,test-321,3.332204510175204,4.1489152908325195
z_cn_to_degree,2,test-322,6.73340189183736,5.562143802642822
z_cn_to_degree,2,test-323,6.733401891837358,5.231576442718506
z_cn_to_degree,2,test-324,6.104793232414986,5.328677654266357
z_cn_to_degree,2,test-325,2.772588722239781,3.7025399208068848
z_cn_to_degree,2,test-326,3.0445224377234226,3.46144437789917
z_cn_to_degree,2,test-327,2.995732273553991,3.0146613121032715
z_cn_to_degree,2,test-328,0.6931471805599453,2.63126802444458
z_cn_to_degree,2,test-329,2.484906649788,3.161581516265869
z_cn_to_degree,2,test-330,2.772588722239781,3.1755547523498535
z_cn_to_degree,2,test-331,3.091042453358316,2.6359829902648926
z_cn_to_degree,2,test-332,3.4011973816621555,3.5940470695495605
z_cn_to_degree,2,test-333,3.688879454113936,4.222164154052734
z_cn_to_degree,2,test-334,1.6094379124341003,2.6351218223571777
z_cn_to_degree,2,test-335,3.5553480614894135,5.1077561378479
z_cn_to_degree,2,test-336,3.8712010109078907,4.322205066680908
z_cn_to_degree,2,test-337,2.70805020110221,2.639893054962158
z_cn_to_degree,2,test-338,2.8903717578961645,2.7941441535949707
z_cn_to_degree,2,test-339,2.4849066497880004,2.6480154991149902
z_cn_to_degree,2,test-340,4.51085950651685,5.237146854400635
z_cn_to_degree,2,test-341,2.7080502011022096,3.2893052101135254
z_cn_to_degree,2,test-342,3.0445224377234226,3.7787928581237793
z_cn_to_degree,2,test-343,2.484906649788,3.6949448585510254
z_cn_to_degree,2,test-344,2.772588722239781,3.6860108375549316
z_cn_to_degree,2,test-345,4.143134726391533,4.308311939239502
z_cn_to_degree,2,test-346,3.9318256327243257,3.8471550941467285
z_cn_to_degree,2,test-347,2.484906649788,3.161581516265869
z_cn_to_degree,2,test-348,4.787491742782047,5.799593448638916
z_cn_to_degree,2,test-349,1.3862943611198906,2.639986515045166
z_cn_to_degree,2,test-350,3.1780538303479453,3.3214497566223145
z_cn_to_degree,2,test-351,2.484906649788,3.6086392402648926
z_cn_to_degree,2,test-352,2.484906649788,2.774834156036377
z_cn_to_degree,2,test-353,2.484906649788,2.703181743621826
z_cn_to_degree,2,test-354,3.401197381662155,4.14610481262207
z_cn_to_degree,2,test-355,2.8903717578961645,2.7941441535949707
z_cn_to_degree,2,test-356,3.1780538303479453,3.893404006958008
z_cn_to_degree,2,test-357,1.3862943611198906,2.639986515045166
z_cn_to_degree,2,test-358,4.882801922586371,3.4712023735046387
z_cn_to_degree,2,test-359,4.234106504597259,3.740016460418701
z_cn_to_degree,2,test-360,5.6937321388027,5.409050941467285
z_cn_to_degree,2,test-361,0.6931471805599453,2.63126802444458
z_cn_to_degree,2,test-362,1.791759469228055,2.63126802444458
z_cn_to_degree,2,test-363,1.791759469228055,2.63126802444458
z_cn_to_degree,2,test-364,5.966146739123692,4.850488185882568
z_cn_to_degree,2,test-365,3.4965075614664802,3.5940470695495605
z_cn_to_degree,2,test-366,6.733401891837358,5.377468585968018
z_cn_to_degree,2,test-367,5.272999558563747,4.325860500335693
z_cn_to_degree,2,test-368,3.737669618283368,4.485231876373291
z_cn_to_degree,2,test-369,2.197224577336219,3.0137972831726074
z_cn_to_degree,2,test-370,2.995732273553991,3.842402458190918
z_cn_to_degree,2,test-371,1.3862943611198906,2.6351218223571777
z_cn_to_degree,2,test-372,6.327936783729195,4.905542373657227
z_cn_to_degree,2,test-373,4.430816798843313,4.618252277374268
z_cn_to_degree,2,test-374,0.0,2.639986515045166
z_cn_to_degree,2,test-375,2.6390573296152584,3.836188793182373
z_cn_to_degree,2,test-376,1.6094379124341003,2.6351218223571777
z_cn_to_degree,2,test-377,2.484906649788,3.483248233795166
z_cn_to_degree,2,test-378,3.465735902799726,4.261772632598877
z_cn_to_degree,2,test-379,2.772588722239781,2.933520793914795
z_cn_to_degree,2,test-380,2.7080502011022096,3.3543848991394043
z_cn_to_degree,2,test-381,4.74493212836325,4.593857288360596
z_cn_to_degree,2,test-382,2.4849066497880004,2.6480154991149902
z_cn_to_degree,2,test-383,2.4849066497880004,2.6480154991149902
z_cn_to_degree,2,test-384,2.8903717578961645,3.665510654449463
z_cn_to_degree,2,test-385,2.197224577336219,3.564152240753174
z_cn_to_degree,2,test-386,2.3025850929940455,3.420231342315674
z_cn_to_degree,2,test-387,1.791759469228055,2.63126802444458
z_cn_to_degree,2,test-388,2.3025850929940455,2.6332411766052246
z_cn_to_degree,2,test-389,0.6931471805599453,2.63126802444458
z_cn_to_degree,2,test-390,4.276666119016055,2.8091931343078613
z_cn_to_degree,2,test-391,1.791759469228055,2.63126802444458
z_cn_to_degree,2,test-392,1.791759469228055,2.63126802444458
z_cn_to_degree,2,test-393,2.0794415416798357,3.3953213691711426
z_cn_to_degree,2,test-394,2.995732273553991,3.3250069618225098
z_cn_to_degree,2,test-395,2.0794415416798357,2.6307835578918457
z_cn_to_degree,2,test-396,3.0445224377234226,3.3940396308898926
z_cn_to_degree,2,test-397,2.995732273553991,3.660412311553955
z_cn_to_degree,2,test-398,0.0,2.639986515045166
z_cn_to_degree,2,test-399,1.3862943611198906,2.6351218223571777
z_cn_to_degree,2,test-400,2.3025850929940455,2.6332411766052246
z_cn_to_degree,2,test-401,3.295836866004329,3.603273868560791
z_cn_to_degree,2,test-402,1.791759469228055,2.63126802444458
z_cn_to_degree,2,test-403,3.4011973816621555,2.639029026031494
z_cn_to_degree,2,test-404,2.4849066497880004,2.6480154991149902
z_cn_to_degree,2,test-405,2.995732273553991,3.842402458190918
z_cn_to_degree,2,test-406,2.0794415416798357,2.6269803047180176
z_cn_to_degree,2,test-407,5.288267030694534,3.6252169609069824
z_cn_to_degree,2,test-408,2.0794415416798357,2.677100658416748
z_cn_to_degree,2,test-409,3.1780538303479453,3.1791157722473145
z_cn_to_degree,2,test-410,3.828641396489095,2.8690505027770996
z_cn_to_degree,2,test-411,4.90527477843843,5.011447429656982
z_cn_to_degree,2,test-412,1.791759469228055,2.6351218223571777
z_cn_to_degree,2,test-413,3.401197381662155,4.14610481262207
z_cn_to_degree,2,test-414,1.3862943611198906,2.339974880218506
z_cn_to_degree,2,test-415,2.8903717578961645,2.7941441535949707
z_cn_to_degree,2,test-416,4.276666119016055,3.182680606842041
z_cn_to_degree,2,test-417,3.5553480614894135,4.272804260253906
z_cn_to_degree,2,test-418,2.8903717578961645,3.228454113006592
z_cn_to_degree,2,test-419,3.332204510175204,3.731194019317627
z_cn_to_degree,2,test-420,5.342334251964811,5.526858806610107
z_cn_to_degree,2,test-421,2.890371757896165,2.9315085411071777
z_cn_to_degree,2,test-422,3.401197381662155,3.676626682281494
z_cn_to_degree,2,test-423,3.091042453358316,2.6359829902648926
z_cn_to_degree,2,test-424,2.995732273553991,3.842402458190918
z_cn_to_degree,2,test-425,3.401197381662155,3.4124321937561035
z_cn_to_degree,2,test-426,4.430816798843313,4.30189847946167
z_cn_to_degree,2,test-427,2.8903717578961645,3.005575656890869
z_cn_to_degree,2,test-428,2.0794415416798357,2.6307835578918457
z_cn_to_degree,2,test-429,1.9459101490553132,2.6633381843566895
z_cn_to_degree,2,test-430,2.995732273553991,3.652322292327881
z_cn_to_degree,2,test-431,2.197224577336219,3.0137972831726074
z_cn_to_degree,2,test-432,1.3862943611198906,2.339974880218506
z_cn_to_degree,2,test-433,3.4011973816621555,3.5940470695495605
z_cn_to_degree,2,test-434,3.3322045101752042,2.652500629425049
z_cn_to_degree,2,test-435,2.0794415416798357,2.6307835578918457
z_cn_to_degree,2,test-436,2.484906649788,3.161581516265869
z_cn_to_degree,2,test-437,3.6888794541139367,3.9031014442443848
z_cn_to_degree,2,test-438,2.7080502011022096,3.2270522117614746
z_cn_to_degree,2,test-439,2.4849066497880004,2.5130515098571777
z_cn_to_degree,2,test-440,4.718498871295095,2.7117514610290527
z_cn_to_degree,2,test-441,5.634789603169249,2.823716640472412
z_cn_to_degree,2,test-442,4.68213122712422,3.6017775535583496
z_cn_to_degree,2,test-443,1.791759469228055,2.63126802444458
z_cn_to_degree,2,test-444,3.9889840465642745,4.84871244430542
z_cn_to_degree,2,test-445,6.327936783729195,4.147701740264893
z_cn_to_degree,2,test-446,3.0445224377234226,3.8361754417419434
z_cn_to_degree,2,test-447,2.7080502011022096,3.3838820457458496
z_cn_to_degree,2,test-448,1.0986122886681096,2.634782314300537
z_cn_to_degree,2,test-449,2.995732273553991,4.310462474822998
z_cn_to_degree,2,test-450,2.772588722239781,3.540055751800537
z_cn_to_degree,2,test-451,2.995732273553991,3.5132298469543457
z_cn_to_degree,2,test-452,1.791759469228055,2.6351218223571777
z_cn_to_degree,2,test-453,2.484906649788,3.308084011077881
z_cn_to_degree,2,test-454,7.50659178007084,7.194421291351318
z_cn_to_degree,2,test-455,3.951243718581427,4.3087334632873535
z_cn_to_degree,2,test-456,3.5553480614894135,4.526443004608154
z_cn_to_degree,2,test-457,2.7080502011022096,3.2893052101135254
z_cn_to_degree,2,test-458,3.258096538021482,2.8534903526306152
z_cn_to_degree,2,test-459,5.634789603169249,2.7619967460632324
z_cn_to_degree,2,test-460,0.6931471805599453,2.63126802444458
z_cn_to_degree,2,test-461,2.772588722239781,3.7025399208068848
z_cn_to_degree,2,test-462,3.4011973816621555,3.4081292152404785
z_cn_to_degree,2,test-463,2.995732273553991,4.134328365325928
z_cn_to_degree,2,test-464,3.0445224377234226,3.6939587593078613
z_cn_to_degree,2,test-465,2.1972245773362196,2.647094249725342
z_cn_to_degree,2,test-466,1.791759469228055,2.6378893852233887
z_cn_to_degree,2,test-467,3.1780538303479458,3.4319510459899902
z_cn_to_degree,2,test-468,2.1972245773362196,2.647094249725342
z_cn_to_degree,2,test-469,3.401197381662155,4.239748477935791
z_cn_to_degree,2,test-470,6.327936783729195,4.816070079803467
z_cn_to_degree,2,test-471,2.995732273553991,3.842402458190918
z_cn_to_degree,2,test-472,3.0445224377234226,3.46144437789917
z_cn_to_degree,2,test-473,1.0986122886681096,2.634782314300537
z_cn_to_degree,2,test-474,3.401197381662155,3.426774501800537
z_cn_to_degree,2,test-475,2.3025850929940455,2.6332411766052246
z_cn_to_degree,2,test-476,6.040254711277413,3.690743923187256
z_cn_to_degree,2,test-477,4.90527477843843,4.492824077606201
z_cn_to_degree,2,test-478,2.197224577336219,3.2561869621276855
z_cn_to_degree,2,test-479,2.8903717578961645,3.3843331336975098
z_cn_to_degree,2,test-480,3.1780538303479453,3.1448731422424316
z_cn_to_degree,2,test-481,2.995732273553991,3.2409462928771973
z_cn_to_degree,2,test-482,4.276666119016055,4.390791416168213
z_cn_to_degree,2,test-483,2.4849066497880004,2.6480154991149902
z_cn_to_degree,2,test-484,3.295836866004329,3.598723888397217
z_cn_to_degree,2,test-485,3.1780538303479453,3.2784361839294434
z_cn_to_degree,2,test-486,2.0794415416798357,2.6307835578918457
z_cn_to_degree,2,test-487,1.3862943611198906,2.6351218223571777
z_cn_to_degree,2,test-488,4.356708826689592,3.9344897270202637
z_cn_to_degree,2,test-489,2.0794415416798357,2.6307835578918457
z_cn_to_degree,2,test-490,2.9957322735539913,2.623408794403076
z_cn_to_degree,2,test-491,0.6931471805599453,2.63126802444458
z_cn_to_degree,2,test-492,2.0794415416798357,2.6307835578918457
z_cn_to_degree,2,test-493,3.58351893845611,4.398038387298584
z_cn_to_degree,2,test-494,0.0,2.639986515045166
z_cn_to_degree,2,test-495,5.272999558563747,4.325860500335693
z_cn_to_degree,2,test-496,1.791759469228055,2.63126802444458
z_cn_to_degree,2,test-497,3.7376696182833684,3.2395224571228027
z_cn_to_degree,2,test-498,2.4849066497880004,2.6480154991149902
z_cn_to_degree,2,test-499,3.8712010109078907,4.782101631164551
z_cn_to_degree,2,test-500,6.040254711277413,4.253376483917236
z_cn_to_degree,2,test-501,3.3322045101752042,3.356227397918701
z_cn_to_degree,2,test-502,3.332204510175204,3.6035876274108887
z_cn_to_degree,2,test-503,4.700480365792417,4.8523173332214355
z_cn_to_degree,2,test-504,4.499809670330265,4.46299934387207
z_cn_to_degree,2,test-505,2.197224577336219,3.5004191398620605
z_cn_to_degree,2,test-506,3.688879454113936,4.222164154052734
z_cn_to_degree,2,test-507,2.6390573296152584,2.631690502166748
z_cn_to_degree,2,test-508,4.276666119016055,5.22654390335083
z_cn_to_degree,2,test-509,3.8712010109078907,4.206855297088623
z_cn_to_degree,2,test-510,4.442651256490317,4.228600978851318
z_cn_to_degree,2,test-511,5.634789603169249,2.7619967460632324
z_residual_to_degree,2,test-0,4.6443908991413725,3.7889719009399414
z_residual_to_degree,2,test-1,3.988984046564274,3.867373466491699
z_residual_to_degree,2,test-2,4.584967478670572,3.591149091720581
z_residual_to_degree,2,test-3,4.962844630259907,3.667957305908203
z_residual_to_degree,2,test-4,3.1780538303479453,3.5763628482818604
z_residual_to_degree,2,test-5,4.77912349311153,3.759650707244873
z_residual_to_degree,2,test-6,3.8066624897703196,3.5478649139404297
z_residual_to_degree,2,test-7,5.966146739123692,3.6412901878356934
z_residual_to_degree,2,test-8,3.6635616461296463,3.864689826965332
z_residual_to_degree,2,test-9,3.0445224377234226,3.700387954711914
z_residual_to_degree,2,test-10,3.6888794541139367,3.888227939605713
z_residual_to_degree,2,test-11,3.401197381662155,3.6209967136383057
z_residual_to_degree,2,test-12,3.9120230054281464,3.588071823120117
z_residual_to_degree,2,test-13,0.6931471805599453,3.3574414253234863
z_residual_to_degree,2,test-14,4.74493212836325,3.54080867767334
z_residual_to_degree,2,test-15,4.0943445622221,3.800801992416382
z_residual_to_degree,2,test-16,1.791759469228055,3.579148769378662
z_residual_to_degree,2,test-17,4.394449154672438,3.701796054840088
z_residual_to_degree,2,test-18,4.718498871295095,3.613370180130005
z_residual_to_degree,2,test-19,0.6931471805599453,1.952756404876709
z_residual_to_degree,2,test-20,3.0445224377234226,3.931154251098633
z_residual_to_degree,2,test-21,3.1780538303479458,3.655780553817749
z_residual_to_degree,2,test-22,3.465735902799726,3.4744956493377686
z_residual_to_degree,2,test-23,3.401197381662155,3.9146289825439453
z_residual_to_degree,2,test-24,1.0986122886681096,3.4758739471435547
z_residual_to_degree,2,test-25,3.5553480614894135,3.144230604171753
z_residual_to_degree,2,test-26,4.189654742026425,2.7719192504882812
z_residual_to_degree,2,test-27,2.3025850929940455,3.0811445713043213
z_residual_to_degree,2,test-28,3.465735902799726,3.621134042739868
z_residual_to_degree,2,test-29,2.8903717578961645,3.9376883506774902
z_residual_to_degree,2,test-30,3.688879454113936,3.8167362213134766
z_residual_to_degree,2,test-31,4.882801922586371,3.6703734397888184
z_residual_to_degree,2,test-32,4.553876891600541,3.539381742477417
z_residual_to_degree,2,test-33,3.58351893845611,3.7279372215270996
z_residual_to_degree,2,test-34,3.58351893845611,3.5328311920166016
z_residual_to_degree,2,test-35,3.1780538303479453,3.2751693725585938
z_residual_to_degree,2,test-36,2.772588722239781,3.497406244277954
z_residual_to_degree,2,test-37,1.3862943611198906,2.6702592372894287
z_residual_to_degree,2,test-38,2.3025850929940455,1.8702890872955322
z_residual_to_degree,2,test-39,3.9889840465642745,3.411465883255005
z_residual_to_degree,2,test-40,1.791759469228055,3.8458356857299805
z_residual_to_degree,2,test-41,3.951243718581427,3.27901554107666
z_residual_to_degree,2,test-42,3.6888794541139367,3.497772693634033
z_residual_to_degree,2,test-43,6.040254711277413,3.8781280517578125
z_residual_to_degree,2,test-44,2.484906649788,3.4778573513031006
z_residual_to_degree,2,test-45,3.1780538303479453,3.3763136863708496
z_residual_to_degree,2,test-46,0.6931471805599453,2.428208351135254
z_residual_to_degree,2,test-47,4.941642422609304,3.7882115840911865
z_residual_to_degree,2,test-48,0.0,3.273308515548706
z_residual_to_degree,2,test-49,2.8903717578961645,3.5405330657958984
z_residual_to_degree,2,test-50,6.040254711277413,3.7633559703826904
z_residual_to_degree,2,test-51,3.332204510175204,3.5108697414398193
z_residual_to_degree,2,test-52,2.995732273553991,3.7157530784606934
z_residual_to_degree,2,test-53,6.327936783729195,4.021444797515869
z_residual_to_degree,2,test-54,2.8903717578961645,3.515517234802246
z_residual_to_degree,2,test-55,2.6390573296152584,2.9635205268859863
z_residual_to_degree,2,test-56,4.927253685157204,3.3967788219451904
z_residual_to_degree,2,test-57,2.7080502011022096,3.593421459197998
z_residual_to_degree,2,test-58,5.272999558563747,3.668952226638794
z_residual_to_degree,2,test-59,3.9889840465642745,3.414926767349243
z_residual_to_degree,2,test-60,2.0794415416798357,3.430088520050049
z_residual_to_degree,2,test-61,4.7535901911063645,3.742534637451172
z_residual_to_degree,2,test-62,2.1972245773362196,2.623323678970337
z_residual_to_degree,2,test-63,2.3978952727983707,3.7534916400909424
z_residual_to_degree,2,test-64,1.3862943611198906,3.46457576751709
z_residual_to_degree,2,test-65,3.58351893845611,3.307800054550171
z_residual_to_degree,2,test-66,2.8903717578961645,3.2756741046905518
z_residual_to_degree,2,test-67,2.4849066497880004,3.2372074127197266
z_residual_to_degree,2,test-68,2.4849066497880004,2.0036470890045166
z_residual_to_degree,2,test-69,4.90527477843843,3.8361775875091553
z_residual_to_degree,2,test-70,3.2188758248682006,3.366983413696289
z_residual_to_degree,2,test-71,2.995732273553991,3.628760576248169
z_residual_to_degree,2,test-72,4.0943445622221,3.4482669830322266
z_residual_to_degree,2,test-73,1.791759469228055,3.1885664463043213
z_residual_to_degree,2,test-74,3.951243718581427,3.375467300415039
z_residual_to_degree,2,test-75,2.7080502011022096,3.763073444366455
z_residual_to_degree,2,test-76,3.0445224377234226,3.89853572845459
z_residual_to_degree,2,test-77,1.0986122886681096,2.1331868171691895
z_residual_to_degree,2,test-78,3.0445224377234226,3.725137233734131
z_residual_to_degree,2,test-79,1.3862943611198906,2.386704921722412
z_residual_to_degree,2,test-80,1.791759469228055,3.573350429534912
z_residual_to_degree,2,test-81,3.688879454113936,3.387643575668335
z_residual_to_degree,2,test-82,3.58351893845611,3.758769989013672
z_residual_to_degree,2,test-83,3.465735902799726,3.160900831222534
z_residual_to_degree,2,test-84,4.025351690735149,3.1503775119781494
z_residual_to_degree,2,test-85,4.718498871295094,3.7168595790863037
z_residual_to_degree,2,test-86,3.988984046564274,3.516862154006958
z_residual_to_degree,2,test-87,3.332204510175204,3.5595498085021973
z_residual_to_degree,2,test-88,2.7080502011022096,3.5844874382019043
z_residual_to_degree,2,test-89,2.6390573296152584,3.1142165660858154
z_residual_to_degree,2,test-90,3.332204510175204,3.5860178470611572
z_residual_to_degree,2,test-91,2.484906649788,1.6606318950653076
z_residual_to_degree,2,test-92,2.0794415416798357,3.4061954021453857
z_residual_to_degree,2,test-93,3.1780538303479453,3.748844623565674
z_residual_to_degree,2,test-94,5.272999558563747,3.794893980026245
z_residual_to_degree,2,test-95,2.484906649788,2.0352330207824707
z_residual_to_degree,2,test-96,3.4011973816621555,3.6647284030914307
z_residual_to_degree,2,test-97,7.50659178007084,3.814300060272217
z_residual_to_degree,2,test-98,4.465908118654584,3.68658447265625
z_residual_to_degree,2,test-99,2.3025850929940455,3.8019022941589355
z_residual_to_degree,2,test-100,2.7080502011022096,3.2034213542938232
z_residual_to_degree,2,test-101,3.58351893845611,3.5425779819488525
z_residual_to_degree,2,test-102,2.7080502011022096,3.7521727085113525
z_residual_to_degree,2,test-103,4.02535169073515,1.007521629333496
z_residual_to_degree,2,test-104,2.772588722239781,3.1071107387542725
z_residual_to_degree,2,test-105,2.197224577336219,3.459059000015259
z_residual_to_degree,2,test-106,1.0986122886681096,3.0733299255371094
z_residual_to_degree,2,test-107,3.5263605246161616,3.253822088241577
z_residual_to_degree,2,test-108,0.6931471805599453,3.3027050495147705
z_residual_to_degree,2,test-109,6.327936783729195,4.216906547546387
z_residual_to_degree,2,test-110,3.58351893845611,3.134697914123535
z_residual_to_degree,2,test-111,2.0794415416798357,3.6613729000091553
z_residual_to_degree,2,test-112,2.8903717578961645,2.172855854034424
z_residual_to_degree,2,test-113,5.0106352940962555,3.6483912467956543
z_residual_to_degree,2,test-114,3.688879454113936,3.644047498703003
z_residual_to_degree,2,test-115,1.3862943611198906,3.6741623878479004
z_residual_to_degree,2,test-116,1.3862943611198906,3.3869435787200928
z_residual_to_degree,2,test-117,7.3395376954076745,3.870579481124878
z_residual_to_degree,2,test-118,4.304065093204169,3.7235493659973145
z_residual_to_degree,2,test-119,3.2188758248682006,3.7085390090942383
z_residual_to_degree,2,test-120,6.733401891837358,3.218172073364258
z_residual_to_degree,2,test-121,2.484906649788,3.5046353340148926
z_residual_to_degree,2,test-122,2.995732273553991,3.8231935501098633
z_residual_to_degree,2,test-123,3.58351893845611,3.430222272872925
z_residual_to_degree,2,test-124,1.791759469228055,3.5941267013549805
z_residual_to_degree,2,test-125,2.6390573296152584,3.4430177211761475
z_residual_to_degree,2,test-126,2.197224577336219,3.621664524078369
z_residual_to_degree,2,test-127,2.484906649788,3.7833683490753174
z_residual_to_degree,2,test-128,1.791759469228055,3.3979389667510986
z_residual_to_degree,2,test-129,3.6635616461296463,3.625332832336426
z_residual_to_degree,2,test-130,2.5649493574615367,3.262498378753662
z_residual_to_degree,2,test-131,2.995732273553991,3.6533825397491455
z_residual_to_degree,2,test-132,3.688879454113936,3.4722301959991455
z_residual_to_degree,2,test-133,5.560681631015528,3.613880157470703
z_residual_to_degree,2,test-134,2.197224577336219,3.277390241622925
z_residual_to_degree,2,test-135,2.772588722239781,3.801140308380127
z_residual_to_degree,2,test-136,2.772588722239781,3.5940208435058594
z_residual_to_degree,2,test-137,3.688879454113936,3.3990044593811035
z_residual_to_degree,2,test-138,2.1972245773362196,4.324306011199951
z_residual_to_degree,2,test-139,2.995732273553991,3.6092824935913086
z_residual_to_degree,2,test-140,2.8903717578961645,3.4942665100097656
z_residual_to_degree,2,test-141,4.31748811353631,3.713359832763672
z_residual_to_degree,2,test-142,1.791759469228055,3.711398124694824
z_residual_to_degree,2,test-143,3.332204510175204,2.914187431335449
z_residual_to_degree,2,test-144,2.7080502011022096,2.390812397003174
z_residual_to_degree,2,test-145,2.0794415416798357,3.0222601890563965
z_residual_to_degree,2,test-146,4.882801922586371,3.7056713104248047
z_residual_to_degree,2,test-147,3.465735902799726,3.8729138374328613
z_residual_to_degree,2,test-148,3.332204510175204,3.428330183029175
z_residual_to_degree,2,test-149,6.327936783729195,4.017942428588867
z_residual_to_degree,2,test-150,3.2188758248682006,3.6055164337158203
z_residual_to_degree,2,test-151,3.9318256327243257,3.707073211669922
z_residual_to_degree,2,test-152,3.295836866004329,3.3642892837524414
z_residual_to_degree,2,test-153,3.4011973816621555,3.202460527420044
z_residual_to_degree,2,test-154,4.0943445622221,3.582947015762329
z_residual_to_degree,2,test-155,2.0794415416798357,3.6301372051239014
z_residual_to_degree,2,test-156,2.3025850929940455,3.400294542312622
z_residual_to_degree,2,test-157,5.41164605185504,3.670684576034546
z_residual_to_degree,2,test-158,4.564348191467836,3.3533172607421875
z_residual_to_degree,2,test-159,0.0,1.9845805168151855
z_residual_to_degree,2,test-160,2.7080502011022096,3.751943826675415
z_residual_to_degree,2,test-161,2.9444389791664403,3.0958380699157715
z_residual_to_degree,2,test-162,1.3862943611198906,4.097256660461426
z_residual_to_degree,2,test-163,2.8903717578961645,4.047173500061035
z_residual_to_degree,2,test-164,1.791759469228055,3.5928521156311035
z_residual_to_degree,2,test-165,5.560681631015528,3.7109196186065674
z_residual_to_degree,2,test-166,1.0986122886681096,3.471910238265991
z_residual_to_degree,2,test-167,3.5553480614894135,3.7363250255584717
z_residual_to_degree,2,test-168,4.499809670330265,3.4503417015075684
z_residual_to_degree,2,test-169,3.5553480614894135,3.4606430530548096
z_residual_to_degree,2,test-170,1.791759469228055,3.135561227798462
z_residual_to_degree,2,test-171,2.0794415416798357,3.4651644229888916
z_residual_to_degree,2,test-172,5.288267030694534,3.78840708732605
z_residual_to_degree,2,test-173,1.3862943611198906,3.794543504714966
z_residual_to_degree,2,test-174,2.484906649788,3.4897117614746094
z_residual_to_degree,2,test-175,3.9120230054281464,3.1716058254241943
z_residual_to_degree,2,test-176,2.8903717578961645,3.6500179767608643
z_residual_to_degree,2,test-177,4.499809670330265,3.4436850547790527
z_residual_to_degree,2,test-178,4.867534450455582,3.125230073928833
z_residual_to_degree,2,test-179,4.718498871295095,3.7319066524505615
z_residual_to_degree,2,test-180,1.3862943611198906,3.7396080493927
z_residual_to_degree,2,test-181,3.58351893845611,3.9725711345672607
z_residual_to_degree,2,test-182,3.58351893845611,3.3322455883026123
z_residual_to_degree,2,test-183,3.465735902799726,3.938689708709717
z_residual_to_degree,2,test-184,0.0,1.8026533126831055
z_residual_to_degree,2,test-185,7.24422751560335,3.804542064666748
z_residual_to_degree,2,test-186,3.332204510175204,3.134799003601074
z_residual_to_degree,2,test-187,3.401197381662155,3.115629196166992
z_residual_to_degree,2,test-188,3.332204510175204,3.7378084659576416
z_residual_to_degree,2,test-189,2.484906649788,3.4391512870788574
z_residual_to_degree,2,test-190,2.197224577336219,3.549407482147217
z_residual_to_degree,2,test-191,2.7080502011022096,3.4460651874542236
z_residual_to_degree,2,test-192,2.0794415416798357,2.8292431831359863
z_residual_to_degree,2,test-193,1.791759469228055,3.4882209300994873
z_residual_to_degree,2,test-194,3.0445224377234226,3.1538124084472656
z_residual_to_degree,2,test-195,2.995732273553991,3.7065720558166504
z_residual_to_degree,2,test-196,3.58351893845611,3.6249024868011475
z_residual_to_degree,2,test-197,4.90527477843843,4.247142314910889
z_residual_to_degree,2,test-198,4.5217885770490405,3.5949978828430176
z_residual_to_degree,2,test-199,2.484906649788,3.5552592277526855
z_residual_to_degree,2,test-200,4.709530201312334,3.664937973022461
z_residual_to_degree,2,test-201,1.0986122886681096,3.122650623321533
z_residual_to_degree,2,test-202,1.0986122886681096,3.1408536434173584
z_residual_to_degree,2,test-203,3.0445224377234226,2.977044105529785
z_residual_to_degree,2,test-204,2.484906649788,2.414670467376709
z_residual_to_degree,2,test-205,2.6390573296152584,3.4112603664398193
z_residual_to_degree,2,test-206,2.197224577336219,3.376305341720581
z_residual_to_degree,2,test-207,3.58351893845611,2.2939202785491943
z_residual_to_degree,2,test-208,4.248495242049359,3.477179765701294
z_residual_to_degree,2,test-209,4.0943445622221,3.538424491882324
z_residual_to_degree,2,test-210,4.836281906951478,3.5585997104644775
z_residual_to_degree,2,test-211,4.976733742420574,3.7437541484832764
z_residual_to_degree,2,test-212,3.0445224377234226,3.6744415760040283
z_residual_to_degree,2,test-213,4.499809670330265,3.4892020225524902
z_residual_to_degree,2,test-214,1.3862943611198906,3.0711581707000732
z_residual_to_degree,2,test-215,5.560681631015528,3.6699626445770264
z_residual_to_degree,2,test-216,2.0794415416798357,3.693056106567383
z_residual_to_degree,2,test-217,0.6931471805599453,3.292807102203369
z_residual_to_degree,2,test-218,1.791759469228055,2.744152069091797
z_residual_to_degree,2,test-219,3.0445224377234226,2.929391384124756
z_residual_to_degree,2,test-220,3.58351893845611,3.253485679626465
z_residual_to_degree,2,test-221,2.995732273553991,3.652108669281006
z_residual_to_degree,2,test-222,2.0794415416798357,3.5124924182891846
z_residual_to_degree,2,test-223,3.8712010109078907,3.7013964653015137
z_residual_to_degree,2,test-224,0.0,0.8105874061584473
z_residual_to_degree,2,test-225,3.332204510175204,3.1349098682403564
z_residual_to_degree,2,test-226,2.0794415416798357,3.5508604049682617
z_residual_to_degree,2,test-227,2.772588722239781,3.6964569091796875
z_residual_to_degree,2,test-228,1.791759469228055,3.335601806640625
z_residual_to_degree,2,test-229,2.197224577336219,3.521071195602417
z_residual_to_degree,2,test-230,3.4011973816621555,3.468111991882324
z_residual_to_degree,2,test-231,4.430816798843313,3.5924715995788574
z_residual_to_degree,2,test-232,4.276666119016055,3.822089672088623
z_residual_to_degree,2,test-233,1.791759469228055,3.2079391479492188
z_residual_to_degree,2,test-234,3.58351893845611,3.3171794414520264
z_residual_to_degree,2,test-235,3.1780538303479453,3.636308193206787
z_residual_to_degree,2,test-236,2.8903717578961645,3.7283504009246826
z_residual_to_degree,2,test-237,2.8903717578961645,3.1706151962280273
z_residual_to_degree,2,test-238,3.0445224377234226,2.9747109413146973
z_residual_to_degree,2,test-239,5.780743515792329,3.9136056900024414
z_residual_to_degree,2,test-240,6.327936783729195,3.4620680809020996
z_residual_to_degree,2,test-241,0.6931471805599453,2.3045620918273926
z_residual_to_degree,2,test-242,2.4849066497880004,3.3253061771392822
z_residual_to_degree,2,test-243,2.8903717578961645,3.1327877044677734
z_residual_to_degree,2,test-244,2.197224577336219,3.542976140975952
z_residual_to_degree,2,test-245,3.0445224377234226,3.8071203231811523
z_residual_to_degree,2,test-246,5.087596335232384,2.963243246078491
z_residual_to_degree,2,test-247,2.7080502011022096,3.6860997676849365
z_residual_to_degree,2,test-248,4.74493212836325,3.593961477279663
z_residual_to_degree,2,test-249,1.791759469228055,3.567531108856201
z_residual_to_degree,2,test-250,3.8066624897703196,3.6678764820098877
z_residual_to_degree,2,test-251,3.951243718581427,3.623997926712036
z_residual_to_degree,2,test-252,1.3862943611198906,4.794136047363281
z_residual_to_degree,2,test-253,4.718498871295095,3.7260255813598633
z_residual_to_degree,2,test-254,3.465735902799726,3.9274814128875732
z_residual_to_degree,2,test-255,2.7080502011022096,2.444425582885742
z_residual_to_degree,2,test-256,2.6390573296152584,4.079002380371094
z_residual_to_degree,2,test-257,5.19295685089021,3.6528282165527344
z_residual_to_degree,2,test-258,0.0,2.6933445930480957
z_residual_to_degree,2,test-259,5.98141421125448,3.349729537963867
z_residual_to_degree,2,test-260,3.8712010109078907,3.691699743270874
z_residual_to_degree,2,test-261,2.9957322735539913,3.3930957317352295
z_residual_to_degree,2,test-262,1.0986122886681096,3.520113706588745
z_residual_to_degree,2,test-263,3.401197381662155,4.189342498779297
z_residual_to_degree,2,test-264,2.995732273553991,3.5019476413726807
z_residual_to_degree,2,test-265,2.995732273553991,3.2740771770477295
z_residual_to_degree,2,test-266,4.1588830833596715,3.5522706508636475
z_residual_to_degree,2,test-267,4.31748811353631,3.925844192504883
z_residual_to_degree,2,test-268,1.791759469228055,3.166308879852295
z_residual_to_degree,2,test-269,2.0794415416798357,3.852034091949463
z_residual_to_degree,2,test-270,2.7080502011022096,3.923278331756592
z_residual_to_degree,2,test-271,6.476972362889683,3.654088020324707
z_residual_to_degree,2,test-272,1.791759469228055,3.6587038040161133
z_residual_to_degree,2,test-273,3.0445224377234226,3.5252888202667236
z_residual_to_degree,2,test-274,3.737669618283368,3.895296096801758
z_residual_to_degree,2,test-275,3.1780538303479453,3.482365608215332
z_residual_to_degree,2,test-276,2.772588722239781,3.8543410301208496
z_residual_to_degree,2,test-277,2.7080502011022096,3.7172446250915527
z_residual_to_degree,2,test-278,2.0794415416798357,3.9465019702911377
z_residual_to_degree,2,test-279,3.332204510175204,3.1486551761627197
z_residual_to_degree,2,test-280,5.220355825078324,3.7249948978424072
z_residual_to_degree,2,test-281,3.6635616461296463,3.320521116256714
z_residual_to_degree,2,test-282,2.6390573296152584,2.8989219665527344
z_residual_to_degree,2,test-283,2.484906649788,3.233360528945923
z_residual_to_degree,2,test-284,3.9512437185814275,3.6622748374938965
z_residual_to_degree,2,test-285,2.995732273553991,3.329338788986206
z_residual_to_degree,2,test-286,1.6094379124341003,3.20623517036438
z_residual_to_degree,2,test-287,2.7080502011022096,2.688908576965332
z_residual_to_degree,2,test-288,6.461468176353717,3.6139020919799805
z_residual_to_degree,2,test-289,3.0445224377234226,2.9890434741973877
z_residual_to_degree,2,test-290,3.4965075614664802,3.51078200340271
z_residual_to_degree,2,test-291,4.499809670330265,3.5476956367492676
z_residual_to_degree,2,test-292,2.8903717578961645,3.191784381866455
z_residual_to_degree,2,test-293,5.60947179518496,3.712653875350952
z_residual_to_degree,2,test-294,5.375278407684165,3.269728899002075
z_residual_to_degree,2,test-295,3.6888794541139367,3.7865500450134277
z_residual_to_degree,2,test-296,2.197224577336219,3.2871508598327637
z_residual_to_degree,2,test-297,2.3025850929940455,2.6715877056121826
z_residual_to_degree,2,test-298,3.7376696182833684,3.239097833633423
z_residual_to_degree,2,test-299,2.0794415416798357,4.964795112609863
z_residual_to_degree,2,test-300,1.3862943611198906,3.253419876098633
z_residual_to_degree,2,test-301,3.1780538303479453,3.7788925170898438
z_residual_to_degree,2,test-302,2.995732273553991,3.573402166366577
z_residual_to_degree,2,test-303,1.6094379124341003,2.984752655029297
z_residual_to_degree,2,test-304,2.484906649788,3.184609889984131
z_residual_to_degree,2,test-305,2.0794415416798357,3.073132038116455
z_residual_to_degree,2,test-306,4.382026634673881,3.795301675796509
z_residual_to_degree,2,test-307,3.332204510175204,3.193709373474121
z_residual_to_degree,2,test-308,5.556828061699537,3.636061429977417
z_residual_to_degree,2,test-309,2.0794415416798357,3.6847517490386963
z_residual_to_degree,2,test-310,2.0794415416798357,3.0835471153259277
z_residual_to_degree,2,test-311,2.772588722239781,3.8881547451019287
z_residual_to_degree,2,test-312,3.58351893845611,3.888373613357544
z_residual_to_degree,2,test-313,2.197224577336219,3.3436837196350098
z_residual_to_degree,2,test-314,3.8918202981106265,3.7882673740386963
z_residual_to_degree,2,test-315,2.4849066497880004,3.857112407684326
z_residual_to_degree,2,test-316,6.733401891837358,3.8729498386383057
z_residual_to_degree,2,test-317,4.941642422609304,3.750275135040283
z_residual_to_degree,2,test-318,1.9459101490553132,1.5468635559082031
z_residual_to_degree,2,test-319,2.8903717578961645,3.566150188446045
z_residual_to_degree,2,test-320,5.41164605185504,3.6248929500579834
z_residual_to_degree,2,test-321,3.332204510175204,3.092515230178833
z_residual_to_degree,2,test-322,6.73340189183736,3.4441447257995605
z_residual_to_degree,2,test-323,6.733401891837358,3.715637683868408
z_residual_to_degree,2,test-324,6.104793232414986,3.916124105453491
z_residual_to_degree,2,test-325,2.772588722239781,3.560100555419922
z_residual_to_degree,2,test-326,3.0445224377234226,3.9967103004455566
z_residual_to_degree,2,test-327,2.995732273553991,3.304868459701538
z_residual_to_degree,2,test-328,0.6931471805599453,2.6273763179779053
z_residual_to_degree,2,test-329,2.484906649788,3.9450361728668213
z_residual_to_degree,2,test-330,2.772588722239781,3.8269691467285156
z_residual_to_degree,2,test-331,3.091042453358316,3.637423515319824
z_residual_to_degree,2,test-332,3.4011973816621555,3.007206916809082
z_residual_to_degree,2,test-333,3.688879454113936,3.420358180999756
z_residual_to_degree,2,test-334,1.6094379124341003,3.6006598472595215
z_residual_to_degree,2,test-335,3.5553480614894135,3.618553400039673
z_residual_to_degree,2,test-336,3.8712010109078907,4.656486511230469
z_residual_to_degree,2,test-337,2.70805020110221,3.252246856689453
z_residual_to_degree,2,test-338,2.8903717578961645,2.9896886348724365
z_residual_to_degree,2,test-339,2.4849066497880004,2.3945505619049072
z_residual_to_degree,2,test-340,4.51085950651685,3.2341058254241943
z_residual_to_degree,2,test-341,2.7080502011022096,3.6370928287506104
z_residual_to_degree,2,test-342,3.0445224377234226,3.5478196144104004
z_residual_to_degree,2,test-343,2.484906649788,3.078307628631592
z_residual_to_degree,2,test-344,2.772588722239781,3.5613582134246826
z_residual_to_degree,2,test-345,4.143134726391533,3.6802968978881836
z_residual_to_degree,2,test-346,3.9318256327243257,3.5807993412017822
z_residual_to_degree,2,test-347,2.484906649788,2.799168109893799
z_residual_to_degree,2,test-348,4.787491742782047,3.9301207065582275
z_residual_to_degree,2,test-349,1.3862943611198906,3.361854076385498
z_residual_to_degree,2,test-350,3.1780538303479453,3.6311068534851074
z_residual_to_degree,2,test-351,2.484906649788,4.111949920654297
z_residual_to_degree,2,test-352,2.484906649788,3.146451473236084
z_residual_to_degree,2,test-353,2.484906649788,3.1727182865142822
z_residual_to_degree,2,test-354,3.401197381662155,3.530305862426758
z_residual_to_degree,2,test-355,2.8903717578961645,2.870037794113159
z_residual_to_degree,2,test-356,3.1780538303479453,3.376258611679077
z_residual_to_degree,2,test-357,1.3862943611198906,2.6343119144439697
z_residual_to_degree,2,test-358,4.882801922586371,3.8966808319091797
z_residual_to_degree,2,test-359,4.234106504597259,3.3973708152770996
z_residual_to_degree,2,test-360,5.6937321388027,3.8023853302001953
z_residual_to_degree,2,test-361,0.6931471805599453,2.1635546684265137
z_residual_to_degree,2,test-362,1.791759469228055,3.634308099746704
z_residual_to_degree,2,test-363,1.791759469228055,3.638676881790161
z_residual_to_degree,2,test-364,5.966146739123692,3.6462833881378174
z_residual_to_degree,2,test-365,3.4965075614664802,3.5135202407836914
z_residual_to_degree,2,test-366,6.733401891837358,4.958146572113037
z_residual_to_degree,2,test-367,5.272999558563747,3.7455172538757324
z_residual_to_degree,2,test-368,3.737669618283368,3.7517242431640625
z_residual_to_degree,2,test-369,2.197224577336219,3.212620735168457
z_residual_to_degree,2,test-370,2.995732273553991,3.398145914077759
z_residual_to_degree,2,test-371,1.3862943611198906,4.095137596130371
z_residual_to_degree,2,test-372,6.327936783729195,4.541888236999512
z_residual_to_degree,2,test-373,4.430816798843313,3.780200242996216
z_residual_to_degree,2,test-374,0.0,2.8085780143737793
z_residual_to_degree,2,test-375,2.6390573296152584,3.746716260910034
z_residual_to_degree,2,test-376,1.6094379124341003,2.8006179332733154
z_residual_to_degree,2,test-377,2.484906649788,3.7319962978363037
z_residual_to_degree,2,test-378,3.465735902799726,3.604499340057373
z_residual_to_degree,2,test-379,2.772588722239781,3.116403102874756
z_residual_to_degree,2,test-380,2.7080502011022096,2.802511215209961
z_residual_to_degree,2,test-381,4.74493212836325,3.457535743713379
z_residual_to_degree,2,test-382,2.4849066497880004,3.687687873840332
z_residual_to_degree,2,test-383,2.4849066497880004,3.198303699493408
z_residual_to_degree,2,test-384,2.8903717578961645,3.737694263458252
z_residual_to_degree,2,test-385,2.197224577336219,3.4405465126037598
z_residual_to_degree,2,test-386,2.3025850929940455,3.4500746726989746
z_residual_to_degree,2,test-387,1.791759469228055,3.633495569229126
z_residual_to_degree,2,test-388,2.3025850929940455,1.1739282608032227
z_residual_to_degree,2,test-389,0.6931471805599453,3.0255963802337646
z_residual_to_degree,2,test-390,4.276666119016055,3.856689929962158
z_residual_to_degree,2,test-391,1.791759469228055,3.3840839862823486
z_residual_to_degree,2,test-392,1.791759469228055,3.2815799713134766
z_residual_to_degree,2,test-393,2.0794415416798357,3.6305041313171387
z_residual_to_degree,2,test-394,2.995732273553991,3.596177339553833
z_residual_to_degree,2,test-395,2.0794415416798357,3.655506134033203
z_residual_to_degree,2,test-396,3.0445224377234226,3.1471123695373535
z_residual_to_degree,2,test-397,2.995732273553991,3.3804357051849365
z_residual_to_degree,2,test-398,0.0,1.523040533065796
z_residual_to_degree,2,test-399,1.3862943611198906,2.1234610080718994
z_residual_to_degree,2,test-400,2.3025850929940455,3.4589223861694336
z_residual_to_degree,2,test-401,3.295836866004329,3.6247313022613525
z_residual_to_degree,2,test-402,1.791759469228055,3.586466073989868
z_residual_to_degree,2,test-403,3.4011973816621555,3.4660701751708984
z_residual_to_degree,2,test-404,2.4849066497880004,4.035538673400879
z_residual_to_degree,2,test-405,2.995732273553991,3.343104839324951
z_residual_to_degree,2,test-406,2.0794415416798357,3.5539510250091553
z_residual_to_degree,2,test-407,5.288267030694534,3.3323280811309814
z_residual_to_degree,2,test-408,2.0794415416798357,2.891818046569824
z_residual_to_degree,2,test-409,3.1780538303479453,3.448340654373169
z_residual_to_degree,2,test-410,3.828641396489095,3.505004405975342
z_residual_to_degree,2,test-411,4.90527477843843,3.387507915496826
z_residual_to_degree,2,test-412,1.791759469228055,3.3347368240356445
z_residual_to_degree,2,test-413,3.401197381662155,2.563826560974121
z_residual_to_degree,2,test-414,1.3862943611198906,3.412541151046753
z_residual_to_degree,2,test-415,2.8903717578961645,3.2098186016082764
z_residual_to_degree,2,test-416,4.276666119016055,3.5100717544555664
z_residual_to_degree,2,test-417,3.5553480614894135,3.7107391357421875
z_residual_to_degree,2,test-418,2.8903717578961645,3.467823028564453
z_residual_to_degree,2,test-419,3.332204510175204,3.610694646835327
z_residual_to_degree,2,test-420,5.342334251964811,3.4340980052948
z_residual_to_degree,2,test-421,2.890371757896165,3.512275457382202
z_residual_to_degree,2,test-422,3.401197381662155,3.5349233150482178
z_residual_to_degree,2,test-423,3.091042453358316,3.4252676963806152
z_residual_to_degree,2,test-424,2.995732273553991,3.4674134254455566
z_residual_to_degree,2,test-425,3.401197381662155,3.5256478786468506
z_residual_to_degree,2,test-426,4.430816798843313,3.66489577293396
z_residual_to_degree,2,test-427,2.8903717578961645,3.270205497741699
z_residual_to_degree,2,test-428,2.0794415416798357,2.6108875274658203
z_residual_to_degree,2,test-429,1.9459101490553132,3.4184460639953613
z_residual_to_degree,2,test-430,2.995732273553991,3.386646032333374
z_residual_to_degree,2,test-431,2.197224577336219,3.9202065467834473
z_residual_to_degree,2,test-432,1.3862943611198906,3.4604458808898926
z_residual_to_degree,2,test-433,3.4011973816621555,3.779463291168213
z_residual_to_degree,2,test-434,3.3322045101752042,3.282618284225464
z_residual_to_degree,2,test-435,2.0794415416798357,3.248288631439209
z_residual_to_degree,2,test-436,2.484906649788,3.0553488731384277
z_residual_to_degree,2,test-437,3.6888794541139367,3.0970559120178223
z_residual_to_degree,2,test-438,2.7080502011022096,3.060328722000122
z_residual_to_degree,2,test-439,2.4849066497880004,3.2938005924224854
z_residual_to_degree,2,test-440,4.718498871295095,3.5253682136535645
z_residual_to_degree,2,test-441,5.634789603169249,3.815223455429077
z_residual_to_degree,2,test-442,4.68213122712422,3.773350477218628
z_residual_to_degree,2,test-443,1.791759469228055,3.612318277359009
z_residual_to_degree,2,test-444,3.9889840465642745,3.5877609252929688
z_residual_to_degree,2,test-445,6.327936783729195,3.418954849243164
z_residual_to_degree,2,test-446,3.0445224377234226,3.4777328968048096
z_residual_to_degree,2,test-447,2.7080502011022096,3.0698187351226807
z_residual_to_degree,2,test-448,1.0986122886681096,1.2442431449890137
z_residual_to_degree,2,test-449,2.995732273553991,3.351868152618408
z_residual_to_degree,2,test-450,2.772588722239781,3.312373161315918
z_residual_to_degree,2,test-451,2.995732273553991,3.372849702835083
z_residual_to_degree,2,test-452,1.791759469228055,4.153565406799316
z_residual_to_degree,2,test-453,2.484906649788,3.4961977005004883
z_residual_to_degree,2,test-454,7.50659178007084,3.7324886322021484
z_residual_to_degree,2,test-455,3.951243718581427,3.8206913471221924
z_residual_to_degree,2,test-456,3.5553480614894135,3.6780989170074463
z_residual_to_degree,2,test-457,2.7080502011022096,3.5883679389953613
z_residual_to_degree,2,test-458,3.258096538021482,3.225104808807373
z_residual_to_degree,2,test-459,5.634789603169249,3.4302010536193848
z_residual_to_degree,2,test-460,0.6931471805599453,2.587536096572876
z_residual_to_degree,2,test-461,2.772588722239781,3.537825584411621
z_residual_to_degree,2,test-462,3.4011973816621555,3.655595302581787
z_residual_to_degree,2,test-463,2.995732273553991,3.6311569213867188
z_residual_to_degree,2,test-464,3.0445224377234226,3.5897161960601807
z_residual_to_degree,2,test-465,2.1972245773362196,3.560795307159424
z_residual_to_degree,2,test-466,1.791759469228055,3.3159284591674805
z_residual_to_degree,2,test-467,3.1780538303479458,3.470142126083374
z_residual_to_degree,2,test-468,2.1972245773362196,3.2598233222961426
z_residual_to_degree,2,test-469,3.401197381662155,4.0187859535217285
z_residual_to_degree,2,test-470,6.327936783729195,3.8065974712371826
z_residual_to_degree,2,test-471,2.995732273553991,3.87622332572937
z_residual_to_degree,2,test-472,3.0445224377234226,3.1213934421539307
z_residual_to_degree,2,test-473,1.0986122886681096,4.105485439300537
z_residual_to_degree,2,test-474,3.401197381662155,3.4419734477996826
z_residual_to_degree,2,test-475,2.3025850929940455,1.7926521301269531
z_residual_to_degree,2,test-476,6.040254711277413,3.1474809646606445
z_residual_to_degree,2,test-477,4.90527477843843,3.562950372695923
z_residual_to_degree,2,test-478,2.197224577336219,3.1402885913848877
z_residual_to_degree,2,test-479,2.8903717578961645,2.2598838806152344
z_residual_to_degree,2,test-480,3.1780538303479453,3.378885269165039
z_residual_to_degree,2,test-481,2.995732273553991,3.7530527114868164
z_residual_to_degree,2,test-482,4.276666119016055,3.762418031692505
z_residual_to_degree,2,test-483,2.4849066497880004,4.140485763549805
z_residual_to_degree,2,test-484,3.295836866004329,3.7200865745544434
z_residual_to_degree,2,test-485,3.1780538303479453,3.4109015464782715
z_residual_to_degree,2,test-486,2.0794415416798357,3.3125646114349365
z_residual_to_degree,2,test-487,1.3862943611198906,3.0184884071350098
z_residual_to_degree,2,test-488,4.356708826689592,3.7347168922424316
z_residual_to_degree,2,test-489,2.0794415416798357,4.617861747741699
z_residual_to_degree,2,test-490,2.9957322735539913,3.7589168548583984
z_residual_to_degree,2,test-491,0.6931471805599453,3.491844415664673
z_residual_to_degree,2,test-492,2.0794415416798357,5.057430267333984
z_residual_to_degree,2,test-493,3.58351893845611,3.5131285190582275
z_residual_to_degree,2,test-494,0.0,2.9447994232177734
z_residual_to_degree,2,test-495,5.272999558563747,3.436194896697998
z_residual_to_degree,2,test-496,1.791759469228055,3.6630773544311523
z_residual_to_degree,2,test-497,3.7376696182833684,3.5617213249206543
z_residual_to_degree,2,test-498,2.4849066497880004,3.291930675506592
z_residual_to_degree,2,test-499,3.8712010109078907,3.032933235168457
z_residual_to_degree,2,test-500,6.040254711277413,3.675368309020996
z_residual_to_degree,2,test-501,3.3322045101752042,3.83353853225708
z_residual_to_degree,2,test-502,3.332204510175204,3.7974839210510254
z_residual_to_degree,2,test-503,4.700480365792417,3.6643497943878174
z_residual_to_degree,2,test-504,4.499809670330265,3.508493423461914
z_residual_to_degree,2,test-505,2.197224577336219,3.1096155643463135
z_residual_to_degree,2,test-506,3.688879454113936,3.3729257583618164
z_residual_to_degree,2,test-507,2.6390573296152584,3.871844530105591
z_residual_to_degree,2,test-508,4.276666119016055,3.9197568893432617
z_residual_to_degree,2,test-509,3.8712010109078907,3.64642071723938
z_residual_to_degree,2,test-510,4.442651256490317,3.1032164096832275
z_residual_to_degree,2,test-511,5.634789603169249,3.5641913414001465
z_degree_to_cn_residual,2,test-0,0.42053735013992466,0.10062852501869202
z_degree_to_cn_residual,2,test-1,-0.2623661567412917,0.1360408067703247
z_degree_to_cn_residual,2,test-2,-0.0036950091657206308,0.07530266046524048
z_degree_to_cn_residual,2,test-3,-0.8077701392043845,0.012045323848724365
z_degree_to_cn_residual,2,test-4,-0.10136482150163013,0.0751771628856659
z_degree_to_cn_residual,2,test-5,1.0283168230873239,0.3227784037590027
z_degree_to_cn_residual,2,test-6,-0.45435792080222814,0.05017518997192383
z_degree_to_cn_residual,2,test-7,1.0897527105280385,0.021211326122283936
z_degree_to_cn_residual,2,test-8,-0.18823503876493325,0.11946287751197815
z_degree_to_cn_residual,2,test-9,-0.11078149960964469,0.09129790961742401
z_degree_to_cn_residual,2,test-10,-0.41515451118692936,0.16824978590011597
z_degree_to_cn_residual,2,test-11,0.8212733044980796,0.14632052183151245
z_degree_to_cn_residual,2,test-12,0.6741561684105264,0.24162423610687256
z_degree_to_cn_residual,2,test-13,-0.0035606765680585707,-0.004045307636260986
z_degree_to_cn_residual,2,test-14,0.03635404698519895,-0.09279072284698486
z_degree_to_cn_residual,2,test-15,0.07882805751442076,0.11334139108657837
z_degree_to_cn_residual,2,test-16,0.6895865039918867,0.20965707302093506
z_degree_to_cn_residual,2,test-17,0.5147487410949563,0.16819363832473755
z_degree_to_cn_residual,2,test-18,0.007736477119163819,0.1324666142463684
z_degree_to_cn_residual,2,test-19,-0.0035606765680585707,-0.004045307636260986
z_degree_to_cn_residual,2,test-20,-0.11078149960964469,0.09129790961742401
z_degree_to_cn_residual,2,test-21,-0.007694165471705018,0.07440859079360962
z_degree_to_cn_residual,2,test-22,0.38339339457728866,0.35420477390289307
z_degree_to_cn_residual,2,test-23,-0.27733898417003,0.14632052183151245
z_degree_to_cn_residual,2,test-24,-0.0028787346636806365,-0.016400039196014404
z_degree_to_cn_residual,2,test-25,0.28834646581769413,0.1763409972190857
z_degree_to_cn_residual,2,test-26,-0.5636563510881639,0.01349109411239624
z_degree_to_cn_residual,2,test-27,0.6899690497383588,0.24078670144081116
z_degree_to_cn_residual,2,test-28,0.7888585026854529,0.35420477390289307
z_degree_to_cn_residual,2,test-29,0.5913922639498311,0.18848267197608948
z_degree_to_cn_residual,2,test-30,0.66451867806514,-0.0015770792961120605
z_degree_to_cn_residual,2,test-31,0.6637608916981007,0.12044543027877808
z_degree_to_cn_residual,2,test-32,0.19170770684298688,-0.08265805244445801
z_degree_to_cn_residual,2,test-33,-0.32480564797407757,0.25939837098121643
z_degree_to_cn_residual,2,test-34,0.6902763237576075,0.1076403260231018
z_degree_to_cn_residual,2,test-35,-0.20898013394359,0.16667431592941284
z_degree_to_cn_residual,2,test-36,-0.15915938445172756,0.3362991213798523
z_degree_to_cn_residual,2,test-37,-0.0018686256953188945,0.35929757356643677
z_degree_to_cn_residual,2,test-38,-0.0031781308215864876,0.24078670144081116
z_degree_to_cn_residual,2,test-39,-0.023864249406051155,0.09458106756210327
z_degree_to_cn_residual,2,test-40,-0.0035606765680585707,0.20965707302093506
z_degree_to_cn_residual,2,test-41,1.0631781652624883,-0.0007791519165039062
z_degree_to_cn_residual,2,test-42,0.2779926693730159,0.16824978590011597
z_degree_to_cn_residual,2,test-43,0.38576956172760457,0.19265443086624146
z_degree_to_cn_residual,2,test-44,-0.07578850766276808,0.14332598447799683
z_degree_to_cn_residual,2,test-45,1.1773142271763006,0.16667431592941284
z_degree_to_cn_residual,2,test-46,-0.0035606765680585707,-0.004045307636260986
z_degree_to_cn_residual,2,test-47,0.07689953639068714,0.11425602436065674
z_degree_to_cn_residual,2,test-48,-0.0018686256953188945,-0.0017132163047790527
z_degree_to_cn_residual,2,test-49,0.5913922639498311,0.18848267197608948
z_degree_to_cn_residual,2,test-50,0.38576956172760457,0.19265443086624146
z_degree_to_cn_residual,2,test-51,0.41502905640153087,0.08025875687599182
z_degree_to_cn_residual,2,test-52,0.4975938529983208,0.23463648557662964
z_degree_to_cn_residual,2,test-53,-0.5382569319004575,0.15169757604599
z_degree_to_cn_residual,2,test-54,-0.10175491661011418,0.18848267197608948
z_degree_to_cn_residual,2,test-55,-0.0034789790604594075,-0.01579141616821289
z_degree_to_cn_residual,2,test-56,-0.6186087075677585,-0.0742078423500061
z_degree_to_cn_residual,2,test-57,-0.09065704239956256,0.28530359268188477
z_degree_to_cn_residual,2,test-58,0.8763890937635881,0.2131776213645935
z_degree_to_cn_residual,2,test-59,-0.45229554029351454,0.027522385120391846
z_degree_to_cn_residual,2,test-60,0.6894917191807426,0.11056789755821228
z_degree_to_cn_residual,2,test-61,-0.28075635072516975,0.08131971955299377
z_degree_to_cn_residual,2,test-62,-0.0004881954264035043,-0.0008228421211242676
z_degree_to_cn_residual,2,test-63,0.0006363913580034505,-0.03529566526412964
z_degree_to_cn_residual,2,test-64,-0.0018686256953188945,0.35929757356643677
z_degree_to_cn_residual,2,test-65,-0.1467089512755031,0.11193177103996277
z_degree_to_cn_residual,2,test-66,0.9968573720579954,0.18848267197608948
z_degree_to_cn_residual,2,test-67,-0.009524164442536962,0.09821894764900208
z_degree_to_cn_residual,2,test-68,-0.009524164442536962,0.09821894764900208
z_degree_to_cn_residual,2,test-69,-0.5794788458136152,0.07567888498306274
z_degree_to_cn_residual,2,test-70,0.4161857875749146,0.2811198830604553
z_degree_to_cn_residual,2,test-71,0.4975938529983208,0.23463648557662964
z_degree_to_cn_residual,2,test-72,0.35562668704444245,-0.07349342107772827
z_degree_to_cn_residual,2,test-73,-0.0035606765680585707,0.20965707302093506
z_degree_to_cn_residual,2,test-74,-0.32311619585740226,-0.0007791519165039062
z_degree_to_cn_residual,2,test-75,-0.09065704239956256,0.28530359268188477
z_degree_to_cn_residual,2,test-76,0.9878307890584649,0.09129790961742401
z_degree_to_cn_residual,2,test-77,-0.0028787346636806365,-0.016400039196014404
z_degree_to_cn_residual,2,test-78,0.5823656809503006,0.09129790961742401
z_degree_to_cn_residual,2,test-79,-0.002813098481549962,0.11379307508468628
z_degree_to_cn_residual,2,test-80,-0.0035606765680585707,0.20965707302093506
z_degree_to_cn_residual,2,test-81,0.66451867806514,-0.0015770792961120605
z_degree_to_cn_residual,2,test-82,0.36236918256138484,0.14808052778244019
z_degree_to_cn_residual,2,test-83,1.076540575137234,0.35420477390289307
z_degree_to_cn_residual,2,test-84,-0.13001720227017255,0.09236961603164673
z_degree_to_cn_residual,2,test-85,-0.33726529577523584,0.08776375651359558
z_degree_to_cn_residual,2,test-86,-0.2623661567412917,0.1360408067703247
z_degree_to_cn_residual,2,test-87,0.41502905640153087,0.08025875687599182
z_degree_to_cn_residual,2,test-88,-0.09065704239956256,0.28530359268188477
z_degree_to_cn_residual,2,test-89,-0.0034789790604594075,-0.01579141616821289
z_degree_to_cn_residual,2,test-90,-0.2781181241584144,0.08025875687599182
z_degree_to_cn_residual,2,test-91,-0.07578850766276808,0.14332598447799683
z_degree_to_cn_residual,2,test-92,-0.0036554613792027465,0.11056789755821228
z_degree_to_cn_residual,2,test-93,0.5917823590583151,0.0751771628856659
z_degree_to_cn_residual,2,test-94,0.47092398565542376,0.2131776213645935
z_degree_to_cn_residual,2,test-95,-0.07578850766276808,0.14332598447799683
z_degree_to_cn_residual,2,test-96,0.5618087898319306,-0.017245352268218994
z_degree_to_cn_residual,2,test-97,-0.5218160654288044,-0.04970496892929077
z_degree_to_cn_residual,2,test-98,-0.13099351632842182,0.17724692821502686
z_degree_to_cn_residual,2,test-99,-0.0031781308215864876,0.24078670144081116
z_degree_to_cn_residual,2,test-100,-0.09065704239956256,0.28530359268188477
z_degree_to_cn_residual,2,test-101,-0.33077799799856045,0.14808052778244019
z_degree_to_cn_residual,2,test-102,0.6024901381603828,0.28530359268188477
z_degree_to_cn_residual,2,test-103,0.06439643568485909,-0.05620831251144409
z_degree_to_cn_residual,2,test-104,-0.15915938445172756,0.3362991213798523
z_degree_to_cn_residual,2,test-105,0.6345001729408056,0.14349621534347534
z_degree_to_cn_residual,2,test-106,-0.0028787346636806365,-0.016400039196014404
z_degree_to_cn_residual,2,test-107,0.6997674449098304,0.10624140501022339
z_degree_to_cn_residual,2,test-108,-0.0035606765680585707,-0.004045307636260986
z_degree_to_cn_residual,2,test-109,0.15489024865948775,0.15169757604599
z_degree_to_cn_residual,2,test-110,0.3683415325858677,0.25939837098121643
z_degree_to_cn_residual,2,test-111,-0.0036554613792027465,0.11056789755821228
z_degree_to_cn_residual,2,test-112,0.016437147451202155,0.0021165013313293457
z_degree_to_cn_residual,2,test-113,0.4667526697460198,0.11319547891616821
z_degree_to_cn_residual,2,test-114,-0.4340936106029696,-0.0015770792961120605
z_degree_to_cn_residual,2,test-115,-0.002813098481549962,0.11379307508468628
z_degree_to_cn_residual,2,test-116,0.6912785548646264,0.35929757356643677
z_degree_to_cn_residual,2,test-117,0.7326360849824656,-0.022656142711639404
z_degree_to_cn_residual,2,test-118,0.6895700720466398,0.15929633378982544
z_degree_to_cn_residual,2,test-119,-0.2769613929850307,0.2811198830604553
z_degree_to_cn_residual,2,test-120,0.7419506826667789,0.018658697605133057
z_degree_to_cn_residual,2,test-121,0.6173586728971772,0.14332598447799683
z_degree_to_cn_residual,2,test-122,0.4975938529983208,0.23463648557662964
z_degree_to_cn_residual,2,test-123,0.7678342906695491,0.14808052778244019
z_degree_to_cn_residual,2,test-124,0.6895865039918867,0.20965707302093506
z_degree_to_cn_residual,2,test-125,-0.0034789790604594075,-0.01579141616821289
z_degree_to_cn_residual,2,test-126,-0.05864700761913961,0.1434968113899231
z_degree_to_cn_residual,2,test-127,1.0228237810053415,0.1433272361755371
z_degree_to_cn_residual,2,test-128,-0.0035606765680585707,0.20965707302093506
z_degree_to_cn_residual,2,test-129,-0.18823503876493325,0.11946287751197815
z_degree_to_cn_residual,2,test-130,-0.0018858338027912184,-0.04466730356216431
z_degree_to_cn_residual,2,test-131,0.9030589611064851,0.23463648557662964
z_degree_to_cn_residual,2,test-132,-0.4340936106029696,-0.0015770792961120605
z_degree_to_cn_residual,2,test-133,-0.38887630573317594,0.09684771299362183
z_degree_to_cn_residual,2,test-134,-0.05864700761913961,0.14349621534347534
z_degree_to_cn_residual,2,test-135,0.5339877961082178,0.3362991213798523
z_degree_to_cn_residual,2,test-136,0.939452904216382,0.3362991213798523
z_degree_to_cn_residual,2,test-137,0.66451867806514,-0.0015770792961120605
z_degree_to_cn_residual,2,test-138,-0.0004881954264035043,-0.0008228421211242676
z_degree_to_cn_residual,2,test-139,-0.1955533275616245,0.23463648557662964
z_degree_to_cn_residual,2,test-140,-0.10175491661011418,0.18848267197608948
z_degree_to_cn_residual,2,test-141,-0.44289752605972865,0.06784588098526001
z_degree_to_cn_residual,2,test-142,-0.0035606765680585707,0.20965707302093506
z_degree_to_cn_residual,2,test-143,-0.2781181241584144,0.08025875687599182
z_degree_to_cn_residual,2,test-144,-0.09065704239956256,0.28530359268188477
z_degree_to_cn_residual,2,test-145,-0.0036554613792027465,0.11056789755821228
z_degree_to_cn_residual,2,test-146,-0.029386288861844613,0.12044543027877808
z_degree_to_cn_residual,2,test-147,0.38339339457728866,0.35420477390289307
z_degree_to_cn_residual,2,test-148,-0.2781181241584144,0.08025875687599182
z_degree_to_cn_residual,2,test-149,0.15489024865948775,0.15169757604599
z_degree_to_cn_residual,2,test-150,-0.2769613929850307,0.2811198830604553
z_degree_to_cn_residual,2,test-151,-0.20947272133996278,0.1365179419517517
z_degree_to_cn_residual,2,test-152,0.5702273837469602,-0.010709822177886963
z_degree_to_cn_residual,2,test-153,-0.002053521525395429,0.0994296669960022
z_degree_to_cn_residual,2,test-154,0.2460194339238882,0.3138686716556549
z_degree_to_cn_residual,2,test-155,0.6894917191807426,0.11056789755821228
z_degree_to_cn_residual,2,test-156,-0.0031781308215864876,0.24078670144081116
z_degree_to_cn_residual,2,test-157,1.2627715283766356,-0.03723031282424927
z_degree_to_cn_residual,2,test-158,-0.13130940597547108,0.18750208616256714
z_degree_to_cn_residual,2,test-159,-0.0018686256953188945,-0.0017132163047790527
z_degree_to_cn_residual,2,test-160,0.6024901381603828,0.28530359268188477
z_degree_to_cn_residual,2,test-161,0.014629997385950364,0.008687078952789307
z_degree_to_cn_residual,2,test-162,-0.002813098481549962,0.11379307508468628
z_degree_to_cn_residual,2,test-163,0.5913922639498311,0.18848267197608948
z_degree_to_cn_residual,2,test-164,-0.0035606765680585707,0.20965707302093506
z_degree_to_cn_residual,2,test-165,0.30427087482676934,0.09684771299362183
z_degree_to_cn_residual,2,test-166,-0.0028787346636806365,-0.016400039196014404
z_degree_to_cn_residual,2,test-167,-0.40480071474225116,0.1763409972190857
z_degree_to_cn_residual,2,test-168,-0.5370711129495983,0.34005892276763916
z_degree_to_cn_residual,2,test-169,0.28834646581769413,0.1763409972190857
z_degree_to_cn_residual,2,test-170,-0.0035606765680585707,0.20965707302093506
z_degree_to_cn_residual,2,test-171,-0.0036554613792027465,0.11056789755821228
z_degree_to_cn_residual,2,test-172,0.5538511883699282,0.2131747603416443
z_degree_to_cn_residual,2,test-173,-0.002813098481549962,0.11379307508468628
z_degree_to_cn_residual,2,test-174,-0.07578850766276808,0.14332598447799683
z_degree_to_cn_residual,2,test-175,1.1849817921765171,0.24162423610687256
z_degree_to_cn_residual,2,test-176,-0.10175491661011418,0.18848267197608948
z_degree_to_cn_residual,2,test-177,0.8492232481702923,0.34005892276763916
z_degree_to_cn_residual,2,test-178,-0.11231349157634923,0.12135201692581177
z_degree_to_cn_residual,2,test-179,0.007736477119163819,0.1324666142463684
z_degree_to_cn_residual,2,test-180,-0.002813098481549962,0.11379307508468628
z_degree_to_cn_residual,2,test-181,-0.0028708568023377394,0.1076403260231018
z_degree_to_cn_residual,2,test-182,-0.32480564797407757,0.25939837098121643
z_degree_to_cn_residual,2,test-183,-0.3097537859826566,0.35420477390289307
z_degree_to_cn_residual,2,test-184,-0.0018686256953188945,-0.0017132163047790527
z_degree_to_cn_residual,2,test-185,0.33672796414016415,-0.029474854469299316
z_degree_to_cn_residual,2,test-186,-0.2781181241584144,0.08025875687599182
z_degree_to_cn_residual,2,test-187,1.1089553769498606,0.14632052183151245
z_degree_to_cn_residual,2,test-188,-0.2781181241584144,0.08025875687599182
z_degree_to_cn_residual,2,test-189,-0.07578850766276808,0.14332598447799683
z_degree_to_cn_residual,2,test-190,-0.05864700761913961,0.14349621534347534
z_degree_to_cn_residual,2,test-191,0.6024901381603828,0.28530359268188477
z_degree_to_cn_residual,2,test-192,-0.0036554613792027465,0.11056789755821228
z_degree_to_cn_residual,2,test-193,-0.0035606765680585707,0.20965707302093506
z_degree_to_cn_residual,2,test-194,0.5823656809503006,0.09129790961742401
z_degree_to_cn_residual,2,test-195,-0.1955533275616245,0.23463648557662964
z_degree_to_cn_residual,2,test-196,-0.0028708568023377394,0.1076403260231018
z_degree_to_cn_residual,2,test-197,0.11366833474633009,0.07567888498306274
z_degree_to_cn_residual,2,test-198,-0.35638048877056727,0.11927348375320435
z_degree_to_cn_residual,2,test-199,-0.07578850766276808,0.14332598447799683
z_degree_to_cn_residual,2,test-200,-0.13583211349719748,0.1986372470855713
z_degree_to_cn_residual,2,test-201,-0.0028787346636806365,-0.016400039196014404
z_degree_to_cn_residual,2,test-202,-0.0028787346636806365,-0.016400039196014404
z_degree_to_cn_residual,2,test-203,-0.11078149960964469,0.09129790961742401
z_degree_to_cn_residual,2,test-204,-0.07578850766276808,0.14332598447799683
z_degree_to_cn_residual,2,test-205,0.6896682014994859,-0.01579141616821289
z_degree_to_cn_residual,2,test-206,-0.05864700761913961,0.14349621534347534
z_degree_to_cn_residual,2,test-207,-0.32480564797407757,0.25939837098121643
z_degree_to_cn_residual,2,test-208,0.25024965450021663,0.10883551836013794
z_degree_to_cn_residual,2,test-209,-0.33752049351550284,-0.07349342107772827
z_degree_to_cn_residual,2,test-210,0.44737721938821673,-0.0229341983795166
z_degree_to_cn_residual,2,test-211,0.12647768999901543,0.1169428825378418
z_degree_to_cn_residual,2,test-212,0.9878307890584649,0.09129790961742401
z_degree_to_cn_residual,2,test-213,-0.0021065781046860016,0.18105489015579224
z_degree_to_cn_residual,2,test-214,-0.0018686256953188945,0.35929757356643677
z_degree_to_cn_residual,2,test-215,0.7097359829349337,0.09684771299362183
z_degree_to_cn_residual,2,test-216,-0.0036554613792027465,0.11056789755821228
z_degree_to_cn_residual,2,test-217,-0.0035606765680585707,-0.004045307636260986
z_degree_to_cn_residual,2,test-218,0.6895865039918867,0.20965707302093506
z_degree_to_cn_residual,2,test-219,-0.11078149960964469,0.09129790961742401
z_degree_to_cn_residual,2,test-220,-0.33077799799856045,0.14808052778244019
z_degree_to_cn_residual,2,test-221,-0.1955533275616245,0.23463648557662964
z_degree_to_cn_residual,2,test-222,-0.0036554613792027465,0.11056789755821228
z_degree_to_cn_residual,2,test-223,-0.20947272133996278,0.13564789295196533
z_degree_to_cn_residual,2,test-224,-0.0018686256953188945,-0.0017132163047790527
z_degree_to_cn_residual,2,test-225,0.8204941645096951,0.08025875687599182
z_degree_to_cn_residual,2,test-226,-0.0036554613792027465,0.11056789755821228
z_degree_to_cn_residual,2,test-227,0.939452904216382,0.3362991213798523
z_degree_to_cn_residual,2,test-228,-0.0035606765680585707,0.20965707302093506
z_degree_to_cn_residual,2,test-229,-0.05864700761913961,0.14349621534347534
z_degree_to_cn_residual,2,test-230,0.5618087898319306,-0.017245352268218994
z_degree_to_cn_residual,2,test-231,-0.36200354022730785,0.1304994821548462
z_degree_to_cn_residual,2,test-232,0.6118003281156039,0.1538587212562561
z_degree_to_cn_residual,2,test-233,-0.002813098481549962,-0.07268840074539185
z_degree_to_cn_residual,2,test-234,-0.33077799799856045,0.14808052778244019
z_degree_to_cn_residual,2,test-235,0.5917823590583151,0.0751771628856659
z_degree_to_cn_residual,2,test-236,-0.10175491661011418,0.18848267197608948
z_degree_to_cn_residual,2,test-237,-0.10175491661011418,0.18848267197608948
z_degree_to_cn_residual,2,test-238,-0.11078149960964469,0.09129790961742401
z_degree_to_cn_residual,2,test-239,1.0575197935891483,-0.012927889823913574
z_degree_to_cn_residual,2,test-240,0.15489024865948775,0.15169757604599
z_degree_to_cn_residual,2,test-241,-0.0035606765680585707,-0.004045307636260986
z_degree_to_cn_residual,2,test-242,-0.009524164442536962,0.09821894764900208
z_degree_to_cn_residual,2,test-243,0.9968573720579954,0.18848267197608948
z_degree_to_cn_residual,2,test-244,0.6345001729408056,0.14349621534347534
z_degree_to_cn_residual,2,test-245,-0.11078149960964469,0.09129790961742401
z_degree_to_cn_residual,2,test-246,-0.4012440214494514,-0.02488309144973755
z_degree_to_cn_residual,2,test-247,0.6024901381603828,0.28530359268188477
z_degree_to_cn_residual,2,test-248,-0.6567931335747463,-0.09279072284698486
z_degree_to_cn_residual,2,test-249,-0.0035606765680585707,0.20965707302093506
z_degree_to_cn_residual,2,test-250,-0.45435792080222814,0.05017518997192383
z_degree_to_cn_residual,2,test-251,-0.32311619585740226,-0.0007791519165039062
z_degree_to_cn_residual,2,test-252,-0.002813098481549962,0.11379307508468628
z_degree_to_cn_residual,2,test-253,0.007736477119163819,0.1324666142463684
z_degree_to_cn_residual,2,test-254,-0.3097537859826566,0.35420557856559753
z_degree_to_cn_residual,2,test-255,-0.09065704239956256,0.2853034734725952
z_degree_to_cn_residual,2,test-256,-0.0034789790604594075,-0.01579141616821289
z_degree_to_cn_residual,2,test-257,-0.23061314275164188,0.08883929252624512
z_degree_to_cn_residual,2,test-258,-0.0018686256953188945,-0.0017132163047790527
z_degree_to_cn_residual,2,test-259,0.1907181118045317,0.018606722354888916
z_degree_to_cn_residual,2,test-260,0.8645646996554307,0.15884143114089966
z_degree_to_cn_residual,2,test-261,-0.005086360255747422,0.09891492128372192
z_degree_to_cn_residual,2,test-262,-0.0028787346636806365,-0.016400039196014404
z_degree_to_cn_residual,2,test-263,0.4158081963899153,0.14632052183151245
z_degree_to_cn_residual,2,test-264,0.9030589611064851,0.23463648557662964
z_degree_to_cn_residual,2,test-265,-0.1955533275616245,0.23463648557662964
z_degree_to_cn_residual,2,test-266,-0.30556432891279645,-0.0434303879737854
z_degree_to_cn_residual,2,test-267,-0.44289752605972865,0.06784588098526001
z_degree_to_cn_residual,2,test-268,0.6895865039918867,0.20965707302093506
z_degree_to_cn_residual,2,test-269,0.6894917191807426,0.11056789755821228
z_degree_to_cn_residual,2,test-270,-0.09065704239956256,0.28530359268188477
z_degree_to_cn_residual,2,test-271,0.5959739975662122,-0.267969012260437
z_degree_to_cn_residual,2,test-272,-0.0035606765680585707,0.20965707302093506
z_degree_to_cn_residual,2,test-273,0.9878307890584649,0.09129790961742401
z_degree_to_cn_residual,2,test-274,0.2314850461504528,0.11436420679092407
z_degree_to_cn_residual,2,test-275,0.4841670466163553,0.16667431592941284
z_degree_to_cn_residual,2,test-276,0.5339877961082178,0.3362991213798523
z_degree_to_cn_residual,2,test-277,-0.09065704239956256,0.28530359268188477
z_degree_to_cn_residual,2,test-278,0.0010912067988609801,0.02488487958908081
z_degree_to_cn_residual,2,test-279,-0.2781181241584144,0.08025875687599182
z_degree_to_cn_residual,2,test-280,0.4625340378083034,0.08465331792831421
z_degree_to_cn_residual,2,test-281,0.504912141795012,0.11946287751197815
z_degree_to_cn_residual,2,test-282,-0.0034789790604594075,-0.01579141616821289
z_degree_to_cn_residual,2,test-283,1.0228237810053415,0.14332598447799683
z_degree_to_cn_residual,2,test-284,-0.044024025327156165,0.0967373251914978
z_degree_to_cn_residual,2,test-285,-0.1955533275616245,0.23463648557662964
z_degree_to_cn_residual,2,test-286,-0.002813098481549962,0.03056424856185913
z_degree_to_cn_residual,2,test-287,-0.09065704239956256,0.28530359268188477
z_degree_to_cn_residual,2,test-288,1.35793738207373,-0.14134728908538818
z_degree_to_cn_residual,2,test-289,-0.11078149960964469,0.09129790961742401
z_degree_to_cn_residual,2,test-290,0.5618087898319306,0.04858049750328064
z_degree_to_cn_residual,2,test-291,0.21803315624854092,-0.04718273878097534
z_degree_to_cn_residual,2,test-292,0.5913922639498311,0.18848267197608948
z_degree_to_cn_residual,2,test-293,0.5499859594505343,-0.16979855298995972
z_degree_to_cn_residual,2,test-294,-0.9950422905965786,-0.00932854413986206
z_degree_to_cn_residual,2,test-295,0.2779926693730159,0.16824978590011597
z_degree_to_cn_residual,2,test-296,0.6345001729408056,0.14349621534347534
z_degree_to_cn_residual,2,test-297,0.6899690497383588,0.24078670144081116
z_degree_to_cn_residual,2,test-298,-0.00593228369389451,0.10722917318344116
z_degree_to_cn_residual,2,test-299,0.0010912067988609801,0.02488487958908081
z_degree_to_cn_residual,2,test-300,0.6912785548646264,0.35929757356643677
z_degree_to_cn_residual,2,test-301,-0.20898013394359,0.16667431592941284
z_degree_to_cn_residual,2,test-302,0.4975938529983208,0.23463648557662964
z_degree_to_cn_residual,2,test-303,-0.002813098481549962,0.03056424856185913
z_degree_to_cn_residual,2,test-304,0.6173586728971772,0.14332598447799683
z_degree_to_cn_residual,2,test-305,-0.0036554613792027465,0.11056789755821228
z_degree_to_cn_residual,2,test-306,-0.30860672153291563,0.13543486595153809
z_degree_to_cn_residual,2,test-307,0.41502905640153087,0.08025875687599182
z_degree_to_cn_residual,2,test-308,0.634961762773199,-0.1902042031288147
z_degree_to_cn_residual,2,test-309,-0.0036554613792027465,0.11056789755821228
z_degree_to_cn_residual,2,test-310,0.6894917191807426,0.11056789755821228
z_degree_to_cn_residual,2,test-311,-0.15915938445172756,0.3362991213798523
z_degree_to_cn_residual,2,test-312,0.5464382292844422,0.11193177103996277
z_degree_to_cn_residual,2,test-313,-0.05864700761913961,0.14349621534347534
z_degree_to_cn_residual,2,test-314,0.9157863172080091,0.06417864561080933
z_degree_to_cn_residual,2,test-315,0.0006363913580034505,-0.04573589563369751
z_degree_to_cn_residual,2,test-316,0.45426861021499787,0.018658697605133057
z_degree_to_cn_residual,2,test-317,0.07689953639068714,0.11425602436065674
z_degree_to_cn_residual,2,test-318,0.0026230950542789266,-0.052223265171051025
z_degree_to_cn_residual,2,test-319,0.5913922639498311,0.18848267197608948
z_degree_to_cn_residual,2,test-320,0.6749848634745165,-0.03723031282424927
z_degree_to_cn_residual,2,test-321,-0.2781181241584144,0.08025875687599182
z_degree_to_cn_residual,2,test-322,-0.07862923785894682,0.002244412899017334
z_degree_to_cn_residual,2,test-323,0.45426861021499787,0.018658697605133057
z_degree_to_cn_residual,2,test-324,1.0888176139850687,-0.05545729398727417
z_degree_to_cn_residual,2,test-325,-0.15915938445172756,0.3362991213798523
z_degree_to_cn_residual,2,test-326,-0.11078149960964469,0.09129790961742401
z_degree_to_cn_residual,2,test-327,0.4975938529983208,0.23463648557662964
z_degree_to_cn_residual,2,test-328,-0.0035606765680585707,-0.004045307636260986
z_degree_to_cn_residual,2,test-329,-0.07578850766276808,0.14332598447799683
z_degree_to_cn_residual,2,test-330,0.5339877961082178,0.3362991213798523
z_degree_to_cn_residual,2,test-331,-0.007694165471705018,0.08998256921768188
z_degree_to_cn_residual,2,test-332,-0.13133839072801465,-0.017245352268218994
z_degree_to_cn_residual,2,test-333,-0.4340936106029696,-0.0015770792961120605
z_degree_to_cn_residual,2,test-334,-0.002813098481549962,0.03056424856185913
z_degree_to_cn_residual,2,test-335,0.9814936463776394,0.1763409972190857
z_degree_to_cn_residual,2,test-336,-0.33812649705939035,0.054010987281799316
z_degree_to_cn_residual,2,test-337,-0.0018858338027912184,-0.024468958377838135
z_degree_to_cn_residual,2,test-338,0.016437147451202155,0.0021165013313293457
z_degree_to_cn_residual,2,test-339,-0.009524164442536962,0.09821894764900208
z_degree_to_cn_residual,2,test-340,1.1605692126756,-0.04396209120750427
z_degree_to_cn_residual,2,test-341,-0.09065704239956256,0.28530359268188477
z_degree_to_cn_residual,2,test-342,0.5823656809503006,0.09129790961742401
z_degree_to_cn_residual,2,test-343,0.6173586728971772,0.14332598447799683
z_degree_to_cn_residual,2,test-344,0.5339877961082178,0.3362991213798523
z_degree_to_cn_residual,2,test-345,0.9369652036159007,0.1294974684715271
z_degree_to_cn_residual,2,test-346,0.48367445921998253,0.1365179419517517
z_degree_to_cn_residual,2,test-347,-0.07578850766276808,0.14332598447799683
z_degree_to_cn_residual,2,test-348,-0.3042585632391721,0.031707763671875
z_degree_to_cn_residual,2,test-349,-0.0018686256953188945,0.35929757356643677
z_degree_to_cn_residual,2,test-350,0.5917823590583151,0.0751771628856659
z_degree_to_cn_residual,2,test-351,0.6173586728971772,0.14332598447799683
z_degree_to_cn_residual,2,test-352,0.6173586728971772,0.14332598447799683
z_degree_to_cn_residual,2,test-353,0.6173586728971772,0.14332598447799683
z_degree_to_cn_residual,2,test-354,-0.27733898417003,0.14632052183151245
z_degree_to_cn_residual,2,test-355,0.016437147451202155,0.0021165013313293457
z_degree_to_cn_residual,2,test-356,-0.20898013394359,0.16667431592941284
z_degree_to_cn_residual,2,test-357,-0.0018686256953188945,0.35929757356643677
z_degree_to_cn_residual,2,test-358,0.6637608916981007,0.12044543027877808
z_degree_to_cn_residual,2,test-359,-0.16885127416876008,0.14204543828964233
z_degree_to_cn_residual,2,test-360,-0.830148528167549,0.10477340221405029
z_degree_to_cn_residual,2,test-361,-0.0035606765680585707,-0.004045307636260986
z_degree_to_cn_residual,2,test-362,-0.0035606765680585707,0.20965707302093506
z_degree_to_cn_residual,2,test-363,-0.0035606765680585707,0.20965707302093506
z_degree_to_cn_residual,2,test-364,-0.008859578140071211,0.021211326122283936
z_degree_to_cn_residual,2,test-365,-0.13133839072801465,0.04858049750328064
z_degree_to_cn_residual,2,test-366,0.45426861021499787,0.018658697605133057
z_degree_to_cn_residual,2,test-367,-0.33375183485569004,0.07629048824310303
z_degree_to_cn_residual,2,test-368,0.2314850461504528,0.11436420679092407
z_degree_to_cn_residual,2,test-369,-0.05864700761913961,0.14349621534347534
z_degree_to_cn_residual,2,test-370,-0.1955533275616245,0.23463648557662964
z_degree_to_cn_residual,2,test-371,-0.002813098481549962,0.11379307508468628
z_degree_to_cn_residual,2,test-372,-0.5382569319004575,0.15169757604599
z_degree_to_cn_residual,2,test-373,1.0242908208925827,0.1304994821548462
z_degree_to_cn_residual,2,test-374,-0.0018686256953188945,-0.0017132163047790527
z_degree_to_cn_residual,2,test-375,0.6896682014994859,-0.01579141616821289
z_degree_to_cn_residual,2,test-376,-0.002813098481549962,0.03056424856185913
z_degree_to_cn_residual,2,test-377,0.6173586728971772,0.14332598447799683
z_degree_to_cn_residual,2,test-378,-0.3097537859826566,0.35420477390289307
z_degree_to_cn_residual,2,test-379,0.5339877961082178,0.3362991213798523
z_degree_to_cn_residual,2,test-380,0.6024901381603828,0.28530359268188477
z_degree_to_cn_residual,2,test-381,0.03635404698519895,-0.09279072284698486
z_degree_to_cn_residual,2,test-382,-0.009524164442536962,0.0982203483581543
z_degree_to_cn_residual,2,test-383,-0.009524164442536962,0.0982203483581543
z_degree_to_cn_residual,2,test-384,0.5913922639498311,0.18848267197608948
z_degree_to_cn_residual,2,test-385,0.6345001729408056,0.14349621534347534
z_degree_to_cn_residual,2,test-386,0.6899690497383588,0.24078670144081116
z_degree_to_cn_residual,2,test-387,-0.0035606765680585707,0.20965707302093506
z_degree_to_cn_residual,2,test-388,-0.0031781308215864876,0.24078670144081116
z_degree_to_cn_residual,2,test-389,-0.0035606765680585707,-0.004045307636260986
z_degree_to_cn_residual,2,test-390,-0.032324694674933076,0.16240793466567993
z_degree_to_cn_residual,2,test-391,-0.0035606765680585707,0.20965707302093506
z_degree_to_cn_residual,2,test-392,-0.0035606765680585707,0.20965707302093506
z_degree_to_cn_residual,2,test-393,0.6894917191807426,0.11056789755821228
z_degree_to_cn_residual,2,test-394,0.4975938529983208,0.23463648557662964
z_degree_to_cn_residual,2,test-395,-0.0036554613792027465,0.11056789755821228
z_degree_to_cn_residual,2,test-396,0.5823656809503006,0.09129790961742401
z_degree_to_cn_residual,2,test-397,0.4975938529983208,0.23463648557662964
z_degree_to_cn_residual,2,test-398,-0.0018686256953188945,-0.0017132163047790527
z_degree_to_cn_residual,2,test-399,-0.002813098481549962,0.11379307508468628
z_degree_to_cn_residual,2,test-400,-0.0031781308215864876,0.24078670144081116
z_degree_to_cn_residual,2,test-401,0.5702273837469602,-0.010709822177886963
z_degree_to_cn_residual,2,test-402,-0.0035606765680585707,0.20965707302093506
z_degree_to_cn_residual,2,test-403,-0.002053521525395429,0.0994296669960022
z_degree_to_cn_residual,2,test-404,-0.009524164442536962,0.09821894764900208
z_degree_to_cn_residual,2,test-405,-0.1955533275616245,0.23463648557662964
z_degree_to_cn_residual,2,test-406,0.6894917191807426,0.11056789755821228
z_degree_to_cn_residual,2,test-407,-0.13929599219001707,0.2131747603416443
z_degree_to_cn_residual,2,test-408,0.6894917191807426,0.11056789755821228
z_degree_to_cn_residual,2,test-409,0.5917823590583151,0.0751771628856659
z_degree_to_cn_residual,2,test-410,-0.04190258786028581,0.10470086336135864
z_degree_to_cn_residual,2,test-411,0.11366833474633009,0.07567888498306274
z_degree_to_cn_residual,2,test-412,-0.002813098481549962,-0.07268840074539185
z_degree_to_cn_residual,2,test-413,-0.27733898417003,0.14632052183151245
z_degree_to_cn_residual,2,test-414,0.6912785548646264,0.35929757356643677
z_degree_to_cn_residual,2,test-415,0.016437147451202155,0.0021165013313293457
z_degree_to_cn_residual,2,test-416,0.6608224858850122,0.16240793466567993
z_degree_to_cn_residual,2,test-417,-0.40480071474225116,0.1763409972190857
z_degree_to_cn_residual,2,test-418,0.9968573720579954,0.18848267197608948
z_degree_to_cn_residual,2,test-419,0.41502905640153087,0.08025875687599182
z_degree_to_cn_residual,2,test-420,0.11452475044660182,-0.11937057971954346
z_degree_to_cn_residual,2,test-421,0.6885396674914255,0.08181154727935791
z_degree_to_cn_residual,2,test-422,0.4158081963899153,0.14632052183151245
z_degree_to_cn_residual,2,test-423,-0.007694165471705018,0.08998256921768188
z_degree_to_cn_residual,2,test-424,-0.1955533275616245,0.23463648557662964
z_degree_to_cn_residual,2,test-425,0.4158081963899153,0.14632052183151245
z_degree_to_cn_residual,2,test-426,-0.36200354022730785,0.1304994821548462
z_degree_to_cn_residual,2,test-427,0.5913922639498311,0.18848267197608948
z_degree_to_cn_residual,2,test-428,-0.0036554613792027465,0.11056789755821228
z_degree_to_cn_residual,2,test-429,0.0026230950542789266,-0.052223265171051025
z_degree_to_cn_residual,2,test-430,1.190741033558266,0.23463648557662964
z_degree_to_cn_residual,2,test-431,-0.05864700761913961,0.14349621534347534
z_degree_to_cn_residual,2,test-432,0.6912785548646264,0.35929757356643677
z_degree_to_cn_residual,2,test-433,-0.13133839072801465,-0.017245352268218994
z_degree_to_cn_residual,2,test-434,-0.010206311973696352,0.09304231405258179
z_degree_to_cn_residual,2,test-435,-0.0036554613792027465,0.11056789755821228
z_degree_to_cn_residual,2,test-436,-0.07578850766276808,0.14332598447799683
z_degree_to_cn_residual,2,test-437,0.2779926693730159,0.16824978590011597
z_degree_to_cn_residual,2,test-438,0.6024901381603828,0.28530359268188477
z_degree_to_cn_residual,2,test-439,0.6836230161174083,0.09821894764900208
z_degree_to_cn_residual,2,test-440,0.007736477119163819,0.1324666142463684
z_degree_to_cn_residual,2,test-441,0.6667289091472093,0.01554030179977417
z_degree_to_cn_residual,2,test-442,-0.13330988833640284,0.19686377048492432
z_degree_to_cn_residual,2,test-443,-0.0035606765680585707,0.20965707302093506
z_degree_to_cn_residual,2,test-444,0.9339988208263761,0.027522385120391846
z_degree_to_cn_residual,2,test-445,0.15489024865948775,0.15169757604599
z_degree_to_cn_residual,2,test-446,0.9878307890584649,0.09129790961742401
z_degree_to_cn_residual,2,test-447,1.007955246268547,0.28530359268188477
z_degree_to_cn_residual,2,test-448,-0.0028787346636806365,-0.016400039196014404
z_degree_to_cn_residual,2,test-449,1.190741033558266,0.23463648557662964
z_degree_to_cn_residual,2,test-450,0.939452904216382,0.3362991213798523
z_degree_to_cn_residual,2,test-451,0.9030589611064851,0.23463648557662964
z_degree_to_cn_residual,2,test-452,-0.002813098481549962,-0.07268840074539185
z_degree_to_cn_residual,2,test-453,0.6173586728971772,0.14332598447799683
z_degree_to_cn_residual,2,test-454,-0.5218160654288044,-0.04970496892929077
z_degree_to_cn_residual,2,test-455,-0.32311619585740226,-0.0007791519165039062
z_degree_to_cn_residual,2,test-456,0.6938115739258583,0.1763409972190857
z_degree_to_cn_residual,2,test-457,-0.09065704239956256,0.28530359268188477
z_degree_to_cn_residual,2,test-458,0.690374323407516,0.08367586135864258
z_degree_to_cn_residual,2,test-459,-0.026418271412736054,0.01554030179977417
z_degree_to_cn_residual,2,test-460,-0.0035606765680585707,-0.004045307636260986
z_degree_to_cn_residual,2,test-461,-0.15915938445172756,0.3362991213798523
z_degree_to_cn_residual,2,test-462,0.5618087898319306,-0.017245352268218994
z_degree_to_cn_residual,2,test-463,0.9030589611064851,0.23463648557662964
z_degree_to_cn_residual,2,test-464,0.5823656809503006,0.09129790961742401
z_degree_to_cn_residual,2,test-465,-0.0004881954264035043,-0.0008228421211242676
z_degree_to_cn_residual,2,test-466,0.6895865039918867,0.20965707302093506
z_degree_to_cn_residual,2,test-467,0.6854530150882403,0.07440859079360962
z_degree_to_cn_residual,2,test-468,-0.0004881954264035043,-0.0008228421211242676
z_degree_to_cn_residual,2,test-469,0.4158081963899153,0.14632052183151245
z_degree_to_cn_residual,2,test-470,0.560355356767652,0.15169757604599
z_degree_to_cn_residual,2,test-471,-0.1955533275616245,0.23463648557662964
z_degree_to_cn_residual,2,test-472,-0.11078149960964469,0.09129790961742401
z_degree_to_cn_residual,2,test-473,-0.0028787346636806365,-0.016400039196014404
z_degree_to_cn_residual,2,test-474,0.4158081963899153,0.14632052183151245
z_degree_to_cn_residual,2,test-475,-0.0031781308215864876,0.24078670144081116
z_degree_to_cn_residual,2,test-476,0.38576956172760457,0.19265443086624146
z_degree_to_cn_residual,2,test-477,0.11366833474633009,0.07567888498306274
z_degree_to_cn_residual,2,test-478,0.6345001729408056,0.14349621534347534
z_degree_to_cn_residual,2,test-479,-0.10175491661011418,0.18848267197608948
z_degree_to_cn_residual,2,test-480,0.5917823590583151,0.0751771628856659
z_degree_to_cn_residual,2,test-481,0.4975938529983208,0.23463648557662964
z_degree_to_cn_residual,2,test-482,0.7015560682294257,0.07248687744140625
z_degree_to_cn_residual,2,test-483,-0.009524164442536962,0.09821894764900208
z_degree_to_cn_residual,2,test-484,0.5702273837469602,-0.010709822177886963
z_degree_to_cn_residual,2,test-485,0.4841670466163553,0.16667431592941284
z_degree_to_cn_residual,2,test-486,-0.0036554613792027465,0.11056789755821228
z_degree_to_cn_residual,2,test-487,-0.002813098481549962,0.11379307508468628
z_degree_to_cn_residual,2,test-488,-0.21986076979624922,0.1628047227859497
z_degree_to_cn_residual,2,test-489,-0.0036554613792027465,0.11056789755821228
z_degree_to_cn_residual,2,test-490,-0.005086360255747422,0.09891492128372192
z_degree_to_cn_residual,2,test-491,-0.0035606765680585707,-0.004045307636260986
z_degree_to_cn_residual,2,test-492,-0.0036554613792027465,0.11056789755821228
z_degree_to_cn_residual,2,test-493,0.7678342906695491,0.14808052778244019
z_degree_to_cn_residual,2,test-494,-0.0018686256953188945,-0.0017132163047790527
z_degree_to_cn_residual,2,test-495,-0.33375183485569004,0.07629048824310303
z_degree_to_cn_residual,2,test-496,-0.0035606765680585707,0.20965707302093506
z_degree_to_cn_residual,2,test-497,0.6872148968660508,0.10722917318344116
z_degree_to_cn_residual,2,test-498,-0.009524164442536962,0.09821894764900208
z_degree_to_cn_residual,2,test-499,-0.5217296614644599,0.15884143114089966
z_degree_to_cn_residual,2,test-500,-0.3073776188323407,0.19265443086624146
z_degree_to_cn_residual,2,test-501,0.6829408685862489,0.09304231405258179
z_degree_to_cn_residual,2,test-502,0.41502905640153087,0.08025875687599182
z_degree_to_cn_residual,2,test-503,-0.08022471546986565,0.02444082498550415
z_degree_to_cn_residual,2,test-504,-0.47511402431140437,-0.04718273878097534
z_degree_to_cn_residual,2,test-505,0.6345001729408056,0.14349621534347534
z_degree_to_cn_residual,2,test-506,-0.4340936106029696,-0.0015770792961120605
z_degree_to_cn_residual,2,test-507,-0.0034789790604594075,-0.01579141616821289
z_degree_to_cn_residual,2,test-508,-0.5810323630174453,0.06243628263473511
z_degree_to_cn_residual,2,test-509,0.35502068350055493,0.054010987281799316
z_degree_to_cn_residual,2,test-510,0.9297740279230993,-0.010260820388793945
z_degree_to_cn_residual,2,test-511,-0.026418271412736054,0.015538990497589111
z_degree_to_degree,2,test-0,4.6443908991413725,4.903295516967773
z_degree_to_degree,2,test-1,3.988984046564274,4.296135902404785
z_degree_to_degree,2,test-2,4.584967478670572,4.823763847351074
z_degree_to_degree,2,test-3,4.962844630259907,5.190639495849609
z_degree_to_degree,2,test-4,3.1780538303479453,3.627488374710083
z_degree_to_degree,2,test-5,4.77912349311153,5.0175933837890625
z_degree_to_degree,2,test-6,3.8066624897703196,3.977365732192993
z_degree_to_degree,2,test-7,5.966146739123692,6.141161918640137
z_degree_to_degree,2,test-8,3.6635616461296463,4.013395309448242
z_degree_to_degree,2,test-9,3.0445224377234226,3.3956122398376465
z_degree_to_degree,2,test-10,3.6888794541139367,3.9869089126586914
z_degree_to_degree,2,test-11,3.401197381662155,3.6246588230133057
z_degree_to_degree,2,test-12,3.9120230054281464,4.073988914489746
z_degree_to_degree,2,test-13,0.6931471805599453,1.5555965900421143
z_degree_to_degree,2,test-14,4.74493212836325,5.1313886642456055
z_degree_to_degree,2,test-15,4.0943445622221,4.661949157714844
z_degree_to_degree,2,test-16,1.791759469228055,2.266957998275757
z_degree_to_degree,2,test-17,4.394449154672438,4.684073448181152
z_degree_to_degree,2,test-18,4.718498871295095,4.886224746704102
z_degree_to_degree,2,test-19,0.6931471805599453,1.5555965900421143
z_degree_to_degree,2,test-20,3.0445224377234226,3.3956122398376465
z_degree_to_degree,2,test-21,3.1780538303479458,3.7879364490509033
z_degree_to_degree,2,test-22,3.465735902799726,3.683576822280884
z_degree_to_degree,2,test-23,3.401197381662155,3.6246588230133057
z_degree_to_degree,2,test-24,1.0986122886681096,1.807770013809204
z_degree_to_degree,2,test-25,3.5553480614894135,3.774495840072632
z_degree_to_degree,2,test-26,4.189654742026425,4.327538967132568
z_degree_to_degree,2,test-27,2.3025850929940455,2.7414140701293945
z_degree_to_degree,2,test-28,3.465735902799726,3.683576822280884
z_degree_to_degree,2,test-29,2.8903717578961645,3.2956387996673584
z_degree_to_degree,2,test-30,3.688879454113936,3.908038854598999
z_degree_to_degree,2,test-31,4.882801922586371,5.0183515548706055
z_degree_to_degree,2,test-32,4.553876891600541,4.8873748779296875
z_degree_to_degree,2,test-33,3.58351893845611,3.8497262001037598
z_degree_to_degree,2,test-34,3.58351893845611,4.123296737670898
z_degree_to_degree,2,test-35,3.1780538303479453,3.479186773300171
z_degree_to_degree,2,test-36,2.772588722239781,3.2572529315948486
z_degree_to_degree,2,test-37,1.3862943611198906,2.0452520847320557
z_degree_to_degree,2,test-38,2.3025850929940455,2.7414140701293945
z_degree_to_degree,2,test-39,3.9889840465642745,4.600863456726074
z_degree_to_degree,2,test-40,1.791759469228055,2.266957998275757
z_degree_to_degree,2,test-41,3.951243718581427,4.233243465423584
z_degree_to_degree,2,test-42,3.6888794541139367,3.9869089126586914
z_degree_to_degree,2,test-43,6.040254711277413,6.306427955627441
z_degree_to_degree,2,test-44,2.484906649788,2.898613214492798
z_degree_to_degree,2,test-45,3.1780538303479453,3.479186773300171
z_degree_to_degree,2,test-46,0.6931471805599453,1.5555965900421143
z_degree_to_degree,2,test-47,4.941642422609304,5.192568778991699
z_degree_to_degree,2,test-48,0.0,1.2226955890655518
z_degree_to_degree,2,test-49,2.8903717578961645,3.2956387996673584
z_degree_to_degree,2,test-50,6.040254711277413,6.306427955627441
z_degree_to_degree,2,test-51,3.332204510175204,3.6422441005706787
z_degree_to_degree,2,test-52,2.995732273553991,3.375324010848999
z_degree_to_degree,2,test-53,6.327936783729195,6.460475921630859
z_degree_to_degree,2,test-54,2.8903717578961645,3.2956387996673584
z_degree_to_degree,2,test-55,2.6390573296152584,3.025068521499634
z_degree_to_degree,2,test-56,4.927253685157204,5.188736915588379
z_degree_to_degree,2,test-57,2.7080502011022096,3.0477449893951416
z_degree_to_degree,2,test-58,5.272999558563747,5.740384101867676
z_degree_to_degree,2,test-59,3.9889840465642745,4.127677917480469
z_degree_to_degree,2,test-60,2.0794415416798357,2.6113648414611816
z_degree_to_degree,2,test-61,4.7535901911063645,5.05330753326416
z_degree_to_degree,2,test-62,2.1972245773362196,3.019232988357544
z_degree_to_degree,2,test-63,2.3978952727983707,3.1335957050323486
z_degree_to_degree,2,test-64,1.3862943611198906,2.0452520847320557
z_degree_to_degree,2,test-65,3.58351893845611,3.9724903106689453
z_degree_to_degree,2,test-66,2.8903717578961645,3.2956387996673584
z_degree_to_degree,2,test-67,2.4849066497880004,3.000105142593384
z_degree_to_degree,2,test-68,2.4849066497880004,3.000105142593384
z_degree_to_degree,2,test-69,4.90527477843843,5.176704406738281
z_degree_to_degree,2,test-70,3.2188758248682006,3.6347391605377197
z_degree_to_degree,2,test-71,2.995732273553991,3.375324010848999
z_degree_to_degree,2,test-72,4.0943445622221,4.498194694519043
z_degree_to_degree,2,test-73,1.791759469228055,2.266957998275757
z_degree_to_degree,2,test-74,3.951243718581427,4.233243465423584
z_degree_to_degree,2,test-75,2.7080502011022096,3.0477449893951416
z_degree_to_degree,2,test-76,3.0445224377234226,3.3956122398376465
z_degree_to_degree,2,test-77,1.0986122886681096,1.807770013809204
z_degree_to_degree,2,test-78,3.0445224377234226,3.3956122398376465
z_degree_to_degree,2,test-79,1.3862943611198906,2.2432377338409424
z_degree_to_degree,2,test-80,1.791759469228055,2.266957998275757
z_degree_to_degree,2,test-81,3.688879454113936,3.908038854598999
z_degree_to_degree,2,test-82,3.58351893845611,3.9890263080596924
z_degree_to_degree,2,test-83,3.465735902799726,3.683576822280884
z_degree_to_degree,2,test-84,4.025351690735149,4.633077621459961
z_degree_to_degree,2,test-85,4.718498871295094,5.002789497375488
z_degree_to_degree,2,test-86,3.988984046564274,4.296135902404785
z_degree_to_degree,2,test-87,3.332204510175204,3.6422441005706787
z_degree_to_degree,2,test-88,2.7080502011022096,3.0477449893951416
z_degree_to_degree,2,test-89,2.6390573296152584,3.025068521499634
z_degree_to_degree,2,test-90,3.332204510175204,3.6422441005706787
z_degree_to_degree,2,test-91,2.484906649788,2.898613214492798
z_degree_to_degree,2,test-92,2.0794415416798357,2.6113648414611816
z_degree_to_degree,2,test-93,3.1780538303479453,3.627488374710083
z_degree_to_degree,2,test-94,5.272999558563747,5.740384101867676
z_degree_to_degree,2,test-95,2.484906649788,2.898613214492798
z_degree_to_degree,2,test-96,3.4011973816621555,3.8765945434570312
z_degree_to_degree,2,test-97,7.50659178007084,7.221585273742676
z_degree_to_degree,2,test-98,4.465908118654584,4.73726749420166
z_degree_to_degree,2,test-99,2.3025850929940455,2.7414140701293945
z_degree_to_degree,2,test-100,2.7080502011022096,3.0477449893951416
z_degree_to_degree,2,test-101,3.58351893845611,3.9890263080596924
z_degree_to_degree,2,test-102,2.7080502011022096,3.0477449893951416
z_degree_to_degree,2,test-103,4.02535169073515,4.782959938049316
z_degree_to_degree,2,test-104,2.772588722239781,3.2572529315948486
z_degree_to_degree,2,test-105,2.197224577336219,2.6646950244903564
z_degree_to_degree,2,test-106,1.0986122886681096,1.807770013809204
z_degree_to_degree,2,test-107,3.5263605246161616,4.054347038269043
z_degree_to_degree,2,test-108,0.6931471805599453,1.5555965900421143
z_degree_to_degree,2,test-109,6.327936783729195,6.460475921630859
z_degree_to_degree,2,test-110,3.58351893845611,3.8497262001037598
z_degree_to_degree,2,test-111,2.0794415416798357,2.6113648414611816
z_degree_to_degree,2,test-112,2.8903717578961645,3.670974016189575
z_degree_to_degree,2,test-113,5.0106352940962555,5.235116004943848
z_degree_to_degree,2,test-114,3.688879454113936,3.908038854598999
z_degree_to_degree,2,test-115,1.3862943611198906,2.2432377338409424
z_degree_to_degree,2,test-116,1.3862943611198906,2.0452520847320557
z_degree_to_degree,2,test-117,7.3395376954076745,7.081228256225586
z_degree_to_degree,2,test-118,4.304065093204169,4.792777061462402
z_degree_to_degree,2,test-119,3.2188758248682006,3.6347391605377197
z_degree_to_degree,2,test-120,6.733401891837358,6.735210418701172
z_degree_to_degree,2,test-121,2.484906649788,2.898613214492798
z_degree_to_degree,2,test-122,2.995732273553991,3.375324010848999
z_degree_to_degree,2,test-123,3.58351893845611,3.9890263080596924
z_degree_to_degree,2,test-124,1.791759469228055,2.266957998275757
z_degree_to_degree,2,test-125,2.6390573296152584,3.025068521499634
z_degree_to_degree,2,test-126,2.197224577336219,2.6646931171417236
z_degree_to_degree,2,test-127,2.484906649788,2.898611307144165
z_degree_to_degree,2,test-128,1.791759469228055,2.266957998275757
z_degree_to_degree,2,test-129,3.6635616461296463,4.013395309448242
z_degree_to_degree,2,test-130,2.5649493574615367,3.39342999458313
z_degree_to_degree,2,test-131,2.995732273553991,3.375324010848999
z_degree_to_degree,2,test-132,3.688879454113936,3.908038854598999
z_degree_to_degree,2,test-133,5.560681631015528,5.72176456451416
z_degree_to_degree,2,test-134,2.197224577336219,2.6646950244903564
z_degree_to_degree,2,test-135,2.772588722239781,3.2572529315948486
z_degree_to_degree,2,test-136,2.772588722239781,3.2572529315948486
z_degree_to_degree,2,test-137,3.688879454113936,3.908038854598999
z_degree_to_degree,2,test-138,2.1972245773362196,3.019232988357544
z_degree_to_degree,2,test-139,2.995732273553991,3.375324010848999
z_degree_to_degree,2,test-140,2.8903717578961645,3.2956387996673584
z_degree_to_degree,2,test-141,4.31748811353631,4.513424396514893
z_degree_to_degree,2,test-142,1.791759469228055,2.266957998275757
z_degree_to_degree,2,test-143,3.332204510175204,3.6422441005706787
z_degree_to_degree,2,test-144,2.7080502011022096,3.0477449893951416
z_degree_to_degree,2,test-145,2.0794415416798357,2.6113648414611816
z_degree_to_degree,2,test-146,4.882801922586371,5.0183515548706055
z_degree_to_degree,2,test-147,3.465735902799726,3.683576822280884
z_degree_to_degree,2,test-148,3.332204510175204,3.6422441005706787
z_degree_to_degree,2,test-149,6.327936783729195,6.460475921630859
z_degree_to_degree,2,test-150,3.2188758248682006,3.6347391605377197
z_degree_to_degree,2,test-151,3.9318256327243257,4.2213335037231445
z_degree_to_degree,2,test-152,3.295836866004329,3.751128673553467
z_degree_to_degree,2,test-153,3.4011973816621555,3.92580246925354
z_degree_to_degree,2,test-154,4.0943445622221,4.373628616333008
z_degree_to_degree,2,test-155,2.0794415416798357,2.6113648414611816
z_degree_to_degree,2,test-156,2.3025850929940455,2.7414140701293945
z_degree_to_degree,2,test-157,5.41164605185504,5.54471492767334
z_degree_to_degree,2,test-158,4.564348191467836,4.821087837219238
z_degree_to_degree,2,test-159,0.0,1.2226955890655518
z_degree_to_degree,2,test-160,2.7080502011022096,3.0477449893951416
z_degree_to_degree,2,test-161,2.9444389791664403,3.703538179397583
z_degree_to_degree,2,test-162,1.3862943611198906,2.2432377338409424
z_degree_to_degree,2,test-163,2.8903717578961645,3.2956387996673584
z_degree_to_degree,2,test-164,1.791759469228055,2.266957998275757
z_degree_to_degree,2,test-165,5.560681631015528,5.72176456451416
z_degree_to_degree,2,test-166,1.0986122886681096,1.807770013809204
z_degree_to_degree,2,test-167,3.5553480614894135,3.774495840072632
z_degree_to_degree,2,test-168,4.499809670330265,4.724860668182373
z_degree_to_degree,2,test-169,3.5553480614894135,3.774495840072632
z_degree_to_degree,2,test-170,1.791759469228055,2.266957998275757
z_degree_to_degree,2,test-171,2.0794415416798357,2.6113648414611816
z_degree_to_degree,2,test-172,5.288267030694534,5.766615867614746
z_degree_to_degree,2,test-173,1.3862943611198906,2.2432377338409424
z_degree_to_degree,2,test-174,2.484906649788,2.898613214492798
z_degree_to_degree,2,test-175,3.9120230054281464,4.073988914489746
z_degree_to_degree,2,test-176,2.8903717578961645,3.2956387996673584
z_degree_to_degree,2,test-177,4.499809670330265,4.724860668182373
z_degree_to_degree,2,test-178,4.867534450455582,4.999144554138184
z_degree_to_degree,2,test-179,4.718498871295095,4.886224746704102
z_degree_to_degree,2,test-180,1.3862943611198906,2.2432377338409424
z_degree_to_degree,2,test-181,3.58351893845611,4.123296737670898
z_degree_to_degree,2,test-182,3.58351893845611,3.8497262001037598
z_degree_to_degree,2,test-183,3.465735902799726,3.683576822280884
z_degree_to_degree,2,test-184,0.0,1.2226955890655518
z_degree_to_degree,2,test-185,7.24422751560335,7.033251762390137
z_degree_to_degree,2,test-186,3.332204510175204,3.6422441005706787
z_degree_to_degree,2,test-187,3.401197381662155,3.6246588230133057
z_degree_to_degree,2,test-188,3.332204510175204,3.6422441005706787
z_degree_to_degree,2,test-189,2.484906649788,2.898613214492798
z_degree_to_degree,2,test-190,2.197224577336219,2.6646950244903564
z_degree_to_degree,2,test-191,2.7080502011022096,3.0477449893951416
z_degree_to_degree,2,test-192,2.0794415416798357,2.6113648414611816
z_degree_to_degree,2,test-193,1.791759469228055,2.266957998275757
z_degree_to_degree,2,test-194,3.0445224377234226,3.3956122398376465
z_degree_to_degree,2,test-195,2.995732273553991,3.375324010848999
z_degree_to_degree,2,test-196,3.58351893845611,4.123296737670898
z_degree_to_degree,2,test-197,4.90527477843843,5.176704406738281
z_degree_to_degree,2,test-198,4.5217885770490405,4.764025688171387
z_degree_to_degree,2,test-199,2.484906649788,2.898613214492798
z_degree_to_degree,2,test-200,4.709530201312334,4.962119102478027
z_degree_to_degree,2,test-201,1.0986122886681096,1.807770013809204
z_degree_to_degree,2,test-202,1.0986122886681096,1.807770013809204
z_degree_to_degree,2,test-203,3.0445224377234226,3.3956122398376465
z_degree_to_degree,2,test-204,2.484906649788,2.898613214492798
z_degree_to_degree,2,test-205,2.6390573296152584,3.025068521499634
z_degree_to_degree,2,test-206,2.197224577336219,2.6646950244903564
z_degree_to_degree,2,test-207,3.58351893845611,3.8497262001037598
z_degree_to_degree,2,test-208,4.248495242049359,4.450756549835205
z_degree_to_degree,2,test-209,4.0943445622221,4.498194694519043
z_degree_to_degree,2,test-210,4.836281906951478,5.054685592651367
z_degree_to_degree,2,test-211,4.976733742420574,5.212653160095215
z_degree_to_degree,2,test-212,3.0445224377234226,3.3956122398376465
z_degree_to_degree,2,test-213,4.499809670330265,4.764856338500977
z_degree_to_degree,2,test-214,1.3862943611198906,2.0452520847320557
z_degree_to_degree,2,test-215,5.560681631015528,5.72176456451416
z_degree_to_degree,2,test-216,2.0794415416798357,2.6113648414611816
z_degree_to_degree,2,test-217,0.6931471805599453,1.5555965900421143
z_degree_to_degree,2,test-218,1.791759469228055,2.266957998275757
z_degree_to_degree,2,test-219,3.0445224377234226,3.3956122398376465
z_degree_to_degree,2,test-220,3.58351893845611,3.9890263080596924
z_degree_to_degree,2,test-221,2.995732273553991,3.375324010848999
z_degree_to_degree,2,test-222,2.0794415416798357,2.6113648414611816
z_degree_to_degree,2,test-223,3.8712010109078907,4.151899337768555
z_degree_to_degree,2,test-224,0.0,1.2226955890655518
z_degree_to_degree,2,test-225,3.332204510175204,3.6422441005706787
z_degree_to_degree,2,test-226,2.0794415416798357,2.6113648414611816
z_degree_to_degree,2,test-227,2.772588722239781,3.2572529315948486
z_degree_to_degree,2,test-228,1.791759469228055,2.266957998275757
z_degree_to_degree,2,test-229,2.197224577336219,2.6646950244903564
z_degree_to_degree,2,test-230,3.4011973816621555,3.8765945434570312
z_degree_to_degree,2,test-231,4.430816798843313,4.685482025146484
z_degree_to_degree,2,test-232,4.276666119016055,4.466479778289795
z_degree_to_degree,2,test-233,1.791759469228055,2.403937578201294
z_degree_to_degree,2,test-234,3.58351893845611,3.9890263080596924
z_degree_to_degree,2,test-235,3.1780538303479453,3.627488374710083
z_degree_to_degree,2,test-236,2.8903717578961645,3.2956387996673584
z_degree_to_degree,2,test-237,2.8903717578961645,3.2956387996673584
z_degree_to_degree,2,test-238,3.0445224377234226,3.3956122398376465
z_degree_to_degree,2,test-239,5.780743515792329,6.042381763458252
z_degree_to_degree,2,test-240,6.327936783729195,6.460475921630859
z_degree_to_degree,2,test-241,0.6931471805599453,1.5555965900421143
z_degree_to_degree,2,test-242,2.4849066497880004,3.000105142593384
z_degree_to_degree,2,test-243,2.8903717578961645,3.2956387996673584
z_degree_to_degree,2,test-244,2.197224577336219,2.6646950244903564
z_degree_to_degree,2,test-245,3.0445224377234226,3.3956122398376465
z_degree_to_degree,2,test-246,5.087596335232384,5.4126811027526855
z_degree_to_degree,2,test-247,2.7080502011022096,3.0477449893951416
z_degree_to_degree,2,test-248,4.74493212836325,5.1313886642456055
z_degree_to_degree,2,test-249,1.791759469228055,2.266957998275757
z_degree_to_degree,2,test-250,3.8066624897703196,3.977365732192993
z_degree_to_degree,2,test-251,3.951243718581427,4.233243465423584
z_degree_to_degree,2,test-252,1.3862943611198906,2.2432377338409424
z_degree_to_degree,2,test-253,4.718498871295095,4.886224746704102
z_degree_to_degree,2,test-254,3.465735902799726,3.6835696697235107
z_degree_to_degree,2,test-255,2.7080502011022096,3.047743558883667
z_degree_to_degree,2,test-256,2.6390573296152584,3.025068521499634
z_degree_to_degree,2,test-257,5.19295685089021,5.396358489990234
z_degree_to_degree,2,test-258,0.0,1.2226955890655518
z_degree_to_degree,2,test-259,5.98141421125448,6.160035133361816
z_degree_to_degree,2,test-260,3.8712010109078907,4.083671569824219
z_degree_to_degree,2,test-261,2.9957322735539913,3.4636242389678955
z_degree_to_degree,2,test-262,1.0986122886681096,1.807770013809204
z_degree_to_degree,2,test-263,3.401197381662155,3.6246588230133057
z_degree_to_degree,2,test-264,2.995732273553991,3.375324010848999
z_degree_to_degree,2,test-265,2.995732273553991,3.375324010848999
z_degree_to_degree,2,test-266,4.1588830833596715,4.57296895980835
z_degree_to_degree,2,test-267,4.31748811353631,4.513424396514893
z_degree_to_degree,2,test-268,1.791759469228055,2.266957998275757
z_degree_to_degree,2,test-269,2.0794415416798357,2.6113648414611816
z_degree_to_degree,2,test-270,2.7080502011022096,3.0477449893951416
z_degree_to_degree,2,test-271,6.476972362889683,6.661553382873535
z_degree_to_degree,2,test-272,1.791759469228055,2.266957998275757
z_degree_to_degree,2,test-273,3.0445224377234226,3.3956122398376465
z_degree_to_degree,2,test-274,3.737669618283368,3.951864004135132
z_degree_to_degree,2,test-275,3.1780538303479453,3.479186773300171
z_degree_to_degree,2,test-276,2.772588722239781,3.2572529315948486
z_degree_to_degree,2,test-277,2.7080502011022096,3.0477449893951416
z_degree_to_degree,2,test-278,2.0794415416798357,2.913233995437622
z_degree_to_degree,2,test-279,3.332204510175204,3.6422441005706787
z_degree_to_degree,2,test-280,5.220355825078324,5.4257097244262695
z_degree_to_degree,2,test-281,3.6635616461296463,4.013395309448242
z_degree_to_degree,2,test-282,2.6390573296152584,3.025068521499634
z_degree_to_degree,2,test-283,2.484906649788,2.898613214492798
z_degree_to_degree,2,test-284,3.9512437185814275,4.5684404373168945
z_degree_to_degree,2,test-285,2.995732273553991,3.375324010848999
z_degree_to_degree,2,test-286,1.6094379124341003,2.1516506671905518
z_degree_to_degree,2,test-287,2.7080502011022096,3.0477449893951416
z_degree_to_degree,2,test-288,6.461468176353717,6.5222320556640625
z_degree_to_degree,2,test-289,3.0445224377234226,3.3956122398376465
z_degree_to_degree,2,test-290,3.4965075614664802,3.970808506011963
z_degree_to_degree,2,test-291,4.499809670330265,4.782779693603516
z_degree_to_degree,2,test-292,2.8903717578961645,3.2956387996673584
z_degree_to_degree,2,test-293,5.60947179518496,5.930424690246582
z_degree_to_degree,2,test-294,5.375278407684165,5.532426834106445
z_degree_to_degree,2,test-295,3.6888794541139367,3.9869089126586914
z_degree_to_degree,2,test-296,2.197224577336219,2.6646950244903564
z_degree_to_degree,2,test-297,2.3025850929940455,2.7414140701293945
z_degree_to_degree,2,test-298,3.7376696182833684,4.331892967224121
z_degree_to_degree,2,test-299,2.0794415416798357,2.913233995437622
z_degree_to_degree,2,test-300,1.3862943611198906,2.0452520847320557
z_degree_to_degree,2,test-301,3.1780538303479453,3.479186773300171
z_degree_to_degree,2,test-302,2.995732273553991,3.375324010848999
z_degree_to_degree,2,test-303,1.6094379124341003,2.1516506671905518
z_degree_to_degree,2,test-304,2.484906649788,2.898613214492798
z_degree_to_degree,2,test-305,2.0794415416798357,2.6113648414611816
z_degree_to_degree,2,test-306,4.382026634673881,4.653602600097656
z_degree_to_degree,2,test-307,3.332204510175204,3.6422441005706787
z_degree_to_degree,2,test-308,5.556828061699537,5.885445594787598
z_degree_to_degree,2,test-309,2.0794415416798357,2.6113648414611816
z_degree_to_degree,2,test-310,2.0794415416798357,2.6113648414611816
z_degree_to_degree,2,test-311,2.772588722239781,3.2572529315948486
z_degree_to_degree,2,test-312,3.58351893845611,3.9724903106689453
z_degree_to_degree,2,test-313,2.197224577336219,2.6646950244903564
z_degree_to_degree,2,test-314,3.8918202981106265,4.239593505859375
z_degree_to_degree,2,test-315,2.4849066497880004,3.2383530139923096
z_degree_to_degree,2,test-316,6.733401891837358,6.735210418701172
z_degree_to_degree,2,test-317,4.941642422609304,5.192568778991699
z_degree_to_degree,2,test-318,1.9459101490553132,2.7839863300323486
z_degree_to_degree,2,test-319,2.8903717578961645,3.2956387996673584
z_degree_to_degree,2,test-320,5.41164605185504,5.54471492767334
z_degree_to_degree,2,test-321,3.332204510175204,3.6422441005706787
z_degree_to_degree,2,test-322,6.73340189183736,6.683793544769287
z_degree_to_degree,2,test-323,6.733401891837358,6.735210418701172
z_degree_to_degree,2,test-324,6.104793232414986,6.249726295471191
z_degree_to_degree,2,test-325,2.772588722239781,3.2572529315948486
z_degree_to_degree,2,test-326,3.0445224377234226,3.3956122398376465
z_degree_to_degree,2,test-327,2.995732273553991,3.375324010848999
z_degree_to_degree,2,test-328,0.6931471805599453,1.5555965900421143
z_degree_to_degree,2,test-329,2.484906649788,2.898613214492798
z_degree_to_degree,2,test-330,2.772588722239781,3.2572529315948486
z_degree_to_degree,2,test-331,3.091042453358316,3.620551347732544
z_degree_to_degree,2,test-332,3.4011973816621555,3.8765945434570312
z_degree_to_degree,2,test-333,3.688879454113936,3.908038854598999
z_degree_to_degree,2,test-334,1.6094379124341003,2.1516506671905518
z_degree_to_degree,2,test-335,3.5553480614894135,3.774495840072632
z_degree_to_degree,2,test-336,3.8712010109078907,4.112071990966797
z_degree_to_degree,2,test-337,2.70805020110221,3.5756428241729736
z_degree_to_degree,2,test-338,2.8903717578961645,3.670974016189575
z_degree_to_degree,2,test-339,2.4849066497880004,3.000105142593384
z_degree_to_degree,2,test-340,4.51085950651685,4.717226982116699
z_degree_to_degree,2,test-341,2.7080502011022096,3.0477449893951416
z_degree_to_degree,2,test-342,3.0445224377234226,3.3956122398376465
z_degree_to_degree,2,test-343,2.484906649788,2.898613214492798
z_degree_to_degree,2,test-344,2.772588722239781,3.2572529315948486
z_degree_to_degree,2,test-345,4.143134726391533,4.534167289733887
z_degree_to_degree,2,test-346,3.9318256327243257,4.2213335037231445
z_degree_to_degree,2,test-347,2.484906649788,2.898613214492798
z_degree_to_degree,2,test-348,4.787491742782047,5.044976234436035
z_degree_to_degree,2,test-349,1.3862943611198906,2.0452520847320557
z_degree_to_degree,2,test-350,3.1780538303479453,3.627488374710083
z_degree_to_degree,2,test-351,2.484906649788,2.898613214492798
z_degree_to_degree,2,test-352,2.484906649788,2.898613214492798
z_degree_to_degree,2,test-353,2.484906649788,2.898613214492798
z_degree_to_degree,2,test-354,3.401197381662155,3.6246588230133057
z_degree_to_degree,2,test-355,2.8903717578961645,3.670974016189575
z_degree_to_degree,2,test-356,3.1780538303479453,3.479186773300171
z_degree_to_degree,2,test-357,1.3862943611198906,2.0452520847320557
z_degree_to_degree,2,test-358,4.882801922586371,5.0183515548706055
z_degree_to_degree,2,test-359,4.234106504597259,4.594825744628906
z_degree_to_degree,2,test-360,5.6937321388027,5.923620223999023
z_degree_to_degree,2,test-361,0.6931471805599453,1.5555965900421143
z_degree_to_degree,2,test-362,1.791759469228055,2.266957998275757
z_degree_to_degree,2,test-363,1.791759469228055,2.266957998275757
z_degree_to_degree,2,test-364,5.966146739123692,6.141161918640137
z_degree_to_degree,2,test-365,3.4965075614664802,3.970808506011963
z_degree_to_degree,2,test-366,6.733401891837358,6.735210418701172
z_degree_to_degree,2,test-367,5.272999558563747,5.485284805297852
z_degree_to_degree,2,test-368,3.737669618283368,3.951864004135132
z_degree_to_degree,2,test-369,2.197224577336219,2.6646950244903564
z_degree_to_degree,2,test-370,2.995732273553991,3.375324010848999
z_degree_to_degree,2,test-371,1.3862943611198906,2.2432377338409424
z_degree_to_degree,2,test-372,6.327936783729195,6.460475921630859
z_degree_to_degree,2,test-373,4.430816798843313,4.685482025146484
z_degree_to_degree,2,test-374,0.0,1.2226955890655518
z_degree_to_degree,2,test-375,2.6390573296152584,3.025068521499634
z_degree_to_degree,2,test-376,1.6094379124341003,2.1516506671905518
z_degree_to_degree,2,test-377,2.484906649788,2.898613214492798
z_degree_to_degree,2,test-378,3.465735902799726,3.683576822280884
z_degree_to_degree,2,test-379,2.772588722239781,3.2572529315948486
z_degree_to_degree,2,test-380,2.7080502011022096,3.0477449893951416
z_degree_to_degree,2,test-381,4.74493212836325,5.1313886642456055
z_degree_to_degree,2,test-382,2.4849066497880004,3.000096559524536
z_degree_to_degree,2,test-383,2.4849066497880004,3.000096559524536
z_degree_to_degree,2,test-384,2.8903717578961645,3.2956387996673584
z_degree_to_degree,2,test-385,2.197224577336219,2.6646950244903564
z_degree_to_degree,2,test-386,2.3025850929940455,2.7414140701293945
z_degree_to_degree,2,test-387,1.791759469228055,2.266957998275757
z_degree_to_degree,2,test-388,2.3025850929940455,2.7414140701293945
z_degree_to_degree,2,test-389,0.6931471805599453,1.5555965900421143
z_degree_to_degree,2,test-390,4.276666119016055,4.754891395568848
z_degree_to_degree,2,test-391,1.791759469228055,2.266957998275757
z_degree_to_degree,2,test-392,1.791759469228055,2.266957998275757
z_degree_to_degree,2,test-393,2.0794415416798357,2.6113648414611816
z_degree_to_degree,2,test-394,2.995732273553991,3.375324010848999
z_degree_to_degree,2,test-395,2.0794415416798357,2.6113648414611816
z_degree_to_degree,2,test-396,3.0445224377234226,3.3956122398376465
z_degree_to_degree,2,test-397,2.995732273553991,3.375324010848999
z_degree_to_degree,2,test-398,0.0,1.2226955890655518
z_degree_to_degree,2,test-399,1.3862943611198906,2.2432377338409424
z_degree_to_degree,2,test-400,2.3025850929940455,2.7414140701293945
z_degree_to_degree,2,test-401,3.295836866004329,3.751128673553467
z_degree_to_degree,2,test-402,1.791759469228055,2.266957998275757
z_degree_to_degree,2,test-403,3.4011973816621555,3.92580246925354
z_degree_to_degree,2,test-404,2.4849066497880004,3.000105142593384
z_degree_to_degree,2,test-405,2.995732273553991,3.375324010848999
z_degree_to_degree,2,test-406,2.0794415416798357,2.6113648414611816
z_degree_to_degree,2,test-407,5.288267030694534,5.766615867614746
z_degree_to_degree,2,test-408,2.0794415416798357,2.6113648414611816
z_degree_to_degree,2,test-409,3.1780538303479453,3.627488374710083
z_degree_to_degree,2,test-410,3.828641396489095,4.465948104858398
z_degree_to_degree,2,test-411,4.90527477843843,5.176704406738281
z_degree_to_degree,2,test-412,1.791759469228055,2.403937578201294
z_degree_to_degree,2,test-413,3.401197381662155,3.6246588230133057
z_degree_to_degree,2,test-414,1.3862943611198906,2.0452520847320557
z_degree_to_degree,2,test-415,2.8903717578961645,3.670974016189575
z_degree_to_degree,2,test-416,4.276666119016055,4.754891395568848
z_degree_to_degree,2,test-417,3.5553480614894135,3.774495840072632
z_degree_to_degree,2,test-418,2.8903717578961645,3.2956387996673584
z_degree_to_degree,2,test-419,3.332204510175204,3.6422441005706787
z_degree_to_degree,2,test-420,5.342334251964811,5.564714431762695
z_degree_to_degree,2,test-421,2.890371757896165,3.2627155780792236
z_degree_to_degree,2,test-422,3.401197381662155,3.6246588230133057
z_degree_to_degree,2,test-423,3.091042453358316,3.620551347732544
z_degree_to_degree,2,test-424,2.995732273553991,3.375324010848999
z_degree_to_degree,2,test-425,3.401197381662155,3.6246588230133057
z_degree_to_degree,2,test-426,4.430816798843313,4.685482025146484
z_degree_to_degree,2,test-427,2.8903717578961645,3.2956387996673584
z_degree_to_degree,2,test-428,2.0794415416798357,2.6113648414611816
z_degree_to_degree,2,test-429,1.9459101490553132,2.7839863300323486
z_degree_to_degree,2,test-430,2.995732273553991,3.375324010848999
z_degree_to_degree,2,test-431,2.197224577336219,2.6646950244903564
z_degree_to_degree,2,test-432,1.3862943611198906,2.0452520847320557
z_degree_to_degree,2,test-433,3.4011973816621555,3.8765945434570312
z_degree_to_degree,2,test-434,3.3322045101752042,3.871706247329712
z_degree_to_degree,2,test-435,2.0794415416798357,2.6113648414611816
z_degree_to_degree,2,test-436,2.484906649788,2.898613214492798
z_degree_to_degree,2,test-437,3.6888794541139367,3.9869089126586914
z_degree_to_degree,2,test-438,2.7080502011022096,3.0477449893951416
z_degree_to_degree,2,test-439,2.4849066497880004,3.000105142593384
z_degree_to_degree,2,test-440,4.718498871295095,4.886224746704102
z_degree_to_degree,2,test-441,5.634789603169249,5.924184799194336
z_degree_to_degree,2,test-442,4.68213122712422,4.934185981750488
z_degree_to_degree,2,test-443,1.791759469228055,2.266957998275757
z_degree_to_degree,2,test-444,3.9889840465642745,4.127677917480469
z_degree_to_degree,2,test-445,6.327936783729195,6.460475921630859
z_degree_to_degree,2,test-446,3.0445224377234226,3.3956122398376465
z_degree_to_degree,2,test-447,2.7080502011022096,3.0477449893951416
z_degree_to_degree,2,test-448,1.0986122886681096,1.807770013809204
z_degree_to_degree,2,test-449,2.995732273553991,3.375324010848999
z_degree_to_degree,2,test-450,2.772588722239781,3.2572529315948486
z_degree_to_degree,2,test-451,2.995732273553991,3.375324010848999
z_degree_to_degree,2,test-452,1.791759469228055,2.403937578201294
z_degree_to_degree,2,test-453,2.484906649788,2.898613214492798
z_degree_to_degree,2,test-454,7.50659178007084,7.221585273742676
z_degree_to_degree,2,test-455,3.951243718581427,4.233243465423584
z_degree_to_degree,2,test-456,3.5553480614894135,3.774495840072632
z_degree_to_degree,2,test-457,2.7080502011022096,3.0477449893951416
z_degree_to_degree,2,test-458,3.258096538021482,3.830456018447876
z_degree_to_degree,2,test-459,5.634789603169249,5.924184799194336
z_degree_to_degree,2,test-460,0.6931471805599453,1.5555965900421143
z_degree_to_degree,2,test-461,2.772588722239781,3.2572529315948486
z_degree_to_degree,2,test-462,3.4011973816621555,3.8765945434570312
z_degree_to_degree,2,test-463,2.995732273553991,3.375324010848999
z_degree_to_degree,2,test-464,3.0445224377234226,3.3956122398376465
z_degree_to_degree,2,test-465,2.1972245773362196,3.019232988357544
z_degree_to_degree,2,test-466,1.791759469228055,2.266957998275757
z_degree_to_degree,2,test-467,3.1780538303479458,3.7879364490509033
z_degree_to_degree,2,test-468,2.1972245773362196,3.019232988357544
z_degree_to_degree,2,test-469,3.401197381662155,3.6246588230133057
z_degree_to_degree,2,test-470,6.327936783729195,6.460475921630859
z_degree_to_degree,2,test-471,2.995732273553991,3.375324010848999
z_degree_to_degree,2,test-472,3.0445224377234226,3.3956122398376465
z_degree_to_degree,2,test-473,1.0986122886681096,1.807770013809204
z_degree_to_degree,2,test-474,3.401197381662155,3.6246588230133057
z_degree_to_degree,2,test-475,2.3025850929940455,2.7414140701293945
z_degree_to_degree,2,test-476,6.040254711277413,6.306427955627441
z_degree_to_degree,2,test-477,4.90527477843843,5.176704406738281
z_degree_to_degree,2,test-478,2.197224577336219,2.6646950244903564
z_degree_to_degree,2,test-479,2.8903717578961645,3.2956387996673584
z_degree_to_degree,2,test-480,3.1780538303479453,3.627488374710083
z_degree_to_degree,2,test-481,2.995732273553991,3.375324010848999
z_degree_to_degree,2,test-482,4.276666119016055,4.616463661193848
z_degree_to_degree,2,test-483,2.4849066497880004,3.000105142593384
z_degree_to_degree,2,test-484,3.295836866004329,3.751128673553467
z_degree_to_degree,2,test-485,3.1780538303479453,3.479186773300171
z_degree_to_degree,2,test-486,2.0794415416798357,2.6113648414611816
z_degree_to_degree,2,test-487,1.3862943611198906,2.2432377338409424
z_degree_to_degree,2,test-488,4.356708826689592,4.659015655517578
z_degree_to_degree,2,test-489,2.0794415416798357,2.6113648414611816
z_degree_to_degree,2,test-490,2.9957322735539913,3.4636242389678955
z_degree_to_degree,2,test-491,0.6931471805599453,1.5555965900421143
z_degree_to_degree,2,test-492,2.0794415416798357,2.6113648414611816
z_degree_to_degree,2,test-493,3.58351893845611,3.9890263080596924
z_degree_to_degree,2,test-494,0.0,1.2226955890655518
z_degree_to_degree,2,test-495,5.272999558563747,5.485284805297852
z_degree_to_degree,2,test-496,1.791759469228055,2.266957998275757
z_degree_to_degree,2,test-497,3.7376696182833684,4.331892967224121
z_degree_to_degree,2,test-498,2.4849066497880004,3.000105142593384
z_degree_to_degree,2,test-499,3.8712010109078907,4.083671569824219
z_degree_to_degree,2,test-500,6.040254711277413,6.306427955627441
z_degree_to_degree,2,test-501,3.3322045101752042,3.871706247329712
z_degree_to_degree,2,test-502,3.332204510175204,3.6422441005706787
z_degree_to_degree,2,test-503,4.700480365792417,5.014647483825684
z_degree_to_degree,2,test-504,4.499809670330265,4.782779693603516
z_degree_to_degree,2,test-505,2.197224577336219,2.6646950244903564
z_degree_to_degree,2,test-506,3.688879454113936,3.908038854598999
z_degree_to_degree,2,test-507,2.6390573296152584,3.025068521499634
z_degree_to_degree,2,test-508,4.276666119016055,4.5573320388793945
z_degree_to_degree,2,test-509,3.8712010109078907,4.112071990966797
z_degree_to_degree,2,test-510,4.442651256490317,4.683660507202148
z_degree_to_degree,2,test-511,5.634789603169249,5.924189567565918
z_cn_to_cn_residual,2,test-0,0.42053735013992466,0.49343886971473694
z_cn_to_cn_residual,2,test-1,-0.2623661567412917,-0.3643682897090912
z_cn_to_cn_residual,2,test-2,-0.0036950091657206308,0.03268876671791077
z_cn_to_cn_residual,2,test-3,-0.8077701392043845,-0.7173000574111938
z_cn_to_cn_residual,2,test-4,-0.10136482150163013,-0.14414295554161072
z_cn_to_cn_residual,2,test-5,1.0283168230873239,1.029077172279358
z_cn_to_cn_residual,2,test-6,-0.45435792080222814,-0.4759105145931244
z_cn_to_cn_residual,2,test-7,1.0897527105280385,0.6184507608413696
z_cn_to_cn_residual,2,test-8,-0.18823503876493325,-0.27720674872398376
z_cn_to_cn_residual,2,test-9,-0.11078149960964469,-0.1523803174495697
z_cn_to_cn_residual,2,test-10,-0.41515451118692936,-0.49549469351768494
z_cn_to_cn_residual,2,test-11,0.8212733044980796,0.9688602685928345
z_cn_to_cn_residual,2,test-12,0.6741561684105264,0.5911527872085571
z_cn_to_cn_residual,2,test-13,-0.0035606765680585707,-0.029199451208114624
z_cn_to_cn_residual,2,test-14,0.03635404698519895,0.029935985803604126
z_cn_to_cn_residual,2,test-15,0.07882805751442076,0.0012208521366119385
z_cn_to_cn_residual,2,test-16,0.6895865039918867,0.5150514841079712
z_cn_to_cn_residual,2,test-17,0.5147487410949563,0.37278714776039124
z_cn_to_cn_residual,2,test-18,0.007736477119163819,-0.02860817313194275
z_cn_to_cn_residual,2,test-19,-0.0035606765680585707,-0.029199451208114624
z_cn_to_cn_residual,2,test-20,-0.11078149960964469,-0.1523803174495697
z_cn_to_cn_residual,2,test-21,-0.007694165471705018,-0.032945483922958374
z_cn_to_cn_residual,2,test-22,0.38339339457728866,0.39527860283851624
z_cn_to_cn_residual,2,test-23,-0.27733898417003,-0.3676041066646576
z_cn_to_cn_residual,2,test-24,-0.0028787346636806365,-0.02915176749229431
z_cn_to_cn_residual,2,test-25,0.28834646581769413,0.3861466944217682
z_cn_to_cn_residual,2,test-26,-0.5636563510881639,-0.47834834456443787
z_cn_to_cn_residual,2,test-27,0.6899690497383588,0.5842553377151489
z_cn_to_cn_residual,2,test-28,0.7888585026854529,0.6662269830703735
z_cn_to_cn_residual,2,test-29,0.5913922639498311,0.4976936876773834
z_cn_to_cn_residual,2,test-30,0.66451867806514,0.6694599390029907
z_cn_to_cn_residual,2,test-31,0.6637608916981007,0.5786234140396118
z_cn_to_cn_residual,2,test-32,0.19170770684298688,0.23849931359291077
z_cn_to_cn_residual,2,test-33,-0.32480564797407757,-0.377938836812973
z_cn_to_cn_residual,2,test-34,0.6902763237576075,0.5462452173233032
z_cn_to_cn_residual,2,test-35,-0.20898013394359,-0.31312164664268494
z_cn_to_cn_residual,2,test-36,-0.15915938445172756,-0.22676214575767517
z_cn_to_cn_residual,2,test-37,-0.0018686256953188945,-0.02907976508140564
z_cn_to_cn_residual,2,test-38,-0.0031781308215864876,-0.029172271490097046
z_cn_to_cn_residual,2,test-39,-0.023864249406051155,-0.059265464544296265
z_cn_to_cn_residual,2,test-40,-0.0035606765680585707,-0.029199451208114624
z_cn_to_cn_residual,2,test-41,1.0631781652624883,0.9192672967910767
z_cn_to_cn_residual,2,test-42,0.2779926693730159,0.24496760964393616
z_cn_to_cn_residual,2,test-43,0.38576956172760457,0.48484864830970764
z_cn_to_cn_residual,2,test-44,-0.07578850766276808,-0.12178739905357361
z_cn_to_cn_residual,2,test-45,1.1773142271763006,0.798291802406311
z_cn_to_cn_residual,2,test-46,-0.0035606765680585707,-0.029199451208114624
z_cn_to_cn_residual,2,test-47,0.07689953639068714,0.05690684914588928
z_cn_to_cn_residual,2,test-48,-0.0018686256953188945,-0.02907976508140564
z_cn_to_cn_residual,2,test-49,0.5913922639498311,0.5680047273635864
z_cn_to_cn_residual,2,test-50,0.38576956172760457,0.3562285006046295
z_cn_to_cn_residual,2,test-51,0.41502905640153087,0.4969402849674225
z_cn_to_cn_residual,2,test-52,0.4975938529983208,0.3167015612125397
z_cn_to_cn_residual,2,test-53,-0.5382569319004575,-0.4631434381008148
z_cn_to_cn_residual,2,test-54,-0.10175491661011418,-0.14448389410972595
z_cn_to_cn_residual,2,test-55,-0.0034789790604594075,-0.02919277548789978
z_cn_to_cn_residual,2,test-56,-0.6186087075677585,-0.5283762216567993
z_cn_to_cn_residual,2,test-57,-0.09065704239956256,-0.13478073477745056
z_cn_to_cn_residual,2,test-58,0.8763890937635881,0.6560975313186646
z_cn_to_cn_residual,2,test-59,-0.45229554029351454,-0.4784136712551117
z_cn_to_cn_residual,2,test-60,0.6894917191807426,0.7416983842849731
z_cn_to_cn_residual,2,test-61,-0.28075635072516975,-0.36834606528282166
z_cn_to_cn_residual,2,test-62,-0.0004881954264035043,-0.028982490301132202
z_cn_to_cn_residual,2,test-63,0.0006363913580034505,-0.02890285849571228
z_cn_to_cn_residual,2,test-64,-0.0018686256953188945,-0.02907976508140564
z_cn_to_cn_residual,2,test-65,-0.1467089512755031,-0.20512661337852478
z_cn_to_cn_residual,2,test-66,0.9968573720579954,0.7275506258010864
z_cn_to_cn_residual,2,test-67,-0.009524164442536962,-0.0359252393245697
z_cn_to_cn_residual,2,test-68,-0.009524164442536962,-0.0359252393245697
z_cn_to_cn_residual,2,test-69,-0.5794788458136152,-0.4927702844142914
z_cn_to_cn_residual,2,test-70,0.4161857875749146,0.4100858271121979
z_cn_to_cn_residual,2,test-71,0.4975938529983208,0.5414754152297974
z_cn_to_cn_residual,2,test-72,0.35562668704444245,0.45474162697792053
z_cn_to_cn_residual,2,test-73,-0.0035606765680585707,-0.029199451208114624
z_cn_to_cn_residual,2,test-74,-0.32311619585740226,-0.3775690495967865
z_cn_to_cn_residual,2,test-75,-0.09065704239956256,-0.13478073477745056
z_cn_to_cn_residual,2,test-76,0.9878307890584649,1.0619155168533325
z_cn_to_cn_residual,2,test-77,-0.0028787346636806365,-0.02915176749229431
z_cn_to_cn_residual,2,test-78,0.5823656809503006,0.44680991768836975
z_cn_to_cn_residual,2,test-79,-0.002813098481549962,-0.02914699912071228
z_cn_to_cn_residual,2,test-80,-0.0035606765680585707,-0.029199451208114624
z_cn_to_cn_residual,2,test-81,0.66451867806514,0.6965309381484985
z_cn_to_cn_residual,2,test-82,0.36236918256138484,0.2503897249698639
z_cn_to_cn_residual,2,test-83,1.076540575137234,1.031389832496643
z_cn_to_cn_residual,2,test-84,-0.13001720227017255,-0.1760934293270111
z_cn_to_cn_residual,2,test-85,-0.33726529577523584,-0.3838213384151459
z_cn_to_cn_residual,2,test-86,-0.2623661567412917,-0.3643682897090912
z_cn_to_cn_residual,2,test-87,0.41502905640153087,0.44064202904701233
z_cn_to_cn_residual,2,test-88,-0.09065704239956256,-0.13478073477745056
z_cn_to_cn_residual,2,test-89,-0.0034789790604594075,-0.02919277548789978
z_cn_to_cn_residual,2,test-90,-0.2781181241584144,-0.3677729070186615
z_cn_to_cn_residual,2,test-91,-0.07578850766276808,-0.12178739905357361
z_cn_to_cn_residual,2,test-92,-0.0036554613792027465,-0.02920660376548767
z_cn_to_cn_residual,2,test-93,0.5917823590583151,0.5563875436782837
z_cn_to_cn_residual,2,test-94,0.47092398565542376,0.44288554787635803
z_cn_to_cn_residual,2,test-95,-0.07578850766276808,-0.12178739905357361
z_cn_to_cn_residual,2,test-96,0.5618087898319306,0.5409966707229614
z_cn_to_cn_residual,2,test-97,-0.5218160654288044,-0.04840216040611267
z_cn_to_cn_residual,2,test-98,-0.13099351632842182,-0.17779192328453064
z_cn_to_cn_residual,2,test-99,-0.0031781308215864876,-0.029172271490097046
z_cn_to_cn_residual,2,test-100,-0.09065704239956256,-0.13478073477745056
z_cn_to_cn_residual,2,test-101,-0.33077799799856045,-0.3798886239528656
z_cn_to_cn_residual,2,test-102,0.6024901381603828,0.4687725603580475
z_cn_to_cn_residual,2,test-103,0.06439643568485909,0.0011302530765533447
z_cn_to_cn_residual,2,test-104,-0.15915938445172756,-0.22676214575767517
z_cn_to_cn_residual,2,test-105,0.6345001729408056,0.47232785820961
z_cn_to_cn_residual,2,test-106,-0.0028787346636806365,-0.02915176749229431
z_cn_to_cn_residual,2,test-107,0.6997674449098304,0.6123038530349731
z_cn_to_cn_residual,2,test-108,-0.0035606765680585707,-0.029199451208114624
z_cn_to_cn_residual,2,test-109,0.15489024865948775,0.21552005410194397
z_cn_to_cn_residual,2,test-110,0.3683415325858677,0.3447658121585846
z_cn_to_cn_residual,2,test-111,-0.0036554613792027465,-0.02920660376548767
z_cn_to_cn_residual,2,test-112,0.016437147451202155,-0.028349727392196655
z_cn_to_cn_residual,2,test-113,0.4667526697460198,0.38650813698768616
z_cn_to_cn_residual,2,test-114,-0.4340936106029696,-0.5006083250045776
z_cn_to_cn_residual,2,test-115,-0.002813098481549962,-0.02914699912071228
z_cn_to_cn_residual,2,test-116,0.6912785548646264,0.6655360460281372
z_cn_to_cn_residual,2,test-117,0.7326360849824656,0.7410742044448853
z_cn_to_cn_residual,2,test-118,0.6895700720466398,0.5321327447891235
z_cn_to_cn_residual,2,test-119,-0.2769613929850307,-0.36752256751060486
z_cn_to_cn_residual,2,test-120,0.7419506826667789,0.9070712327957153
z_cn_to_cn_residual,2,test-121,0.6173586728971772,0.5595389604568481
z_cn_to_cn_residual,2,test-122,0.4975938529983208,0.5664788484573364
z_cn_to_cn_residual,2,test-123,0.7678342906695491,0.647016167640686
z_cn_to_cn_residual,2,test-124,0.6895865039918867,0.7576771974563599
z_cn_to_cn_residual,2,test-125,-0.0034789790604594075,-0.02919277548789978
z_cn_to_cn_residual,2,test-126,-0.05864700761913961,-0.10682043433189392
z_cn_to_cn_residual,2,test-127,1.0228237810053415,0.8686190843582153
z_cn_to_cn_residual,2,test-128,-0.0035606765680585707,-0.029199451208114624
z_cn_to_cn_residual,2,test-129,-0.18823503876493325,-0.27720674872398376
z_cn_to_cn_residual,2,test-130,-0.0018858338027912184,-0.029080718755722046
z_cn_to_cn_residual,2,test-131,0.9030589611064851,0.7018800973892212
z_cn_to_cn_residual,2,test-132,-0.4340936106029696,-0.5006083250045776
z_cn_to_cn_residual,2,test-133,-0.38887630573317594,-0.45673641562461853
z_cn_to_cn_residual,2,test-134,-0.05864700761913961,-0.10682043433189392
z_cn_to_cn_residual,2,test-135,0.5339877961082178,0.3696562349796295
z_cn_to_cn_residual,2,test-136,0.939452904216382,0.7579079866409302
z_cn_to_cn_residual,2,test-137,0.66451867806514,0.7347017526626587
z_cn_to_cn_residual,2,test-138,-0.0004881954264035043,-0.028982490301132202
z_cn_to_cn_residual,2,test-139,-0.1955533275616245,-0.28988394141197205
z_cn_to_cn_residual,2,test-140,-0.10175491661011418,-0.14448389410972595
z_cn_to_cn_residual,2,test-141,-0.44289752605972865,-0.4898549020290375
z_cn_to_cn_residual,2,test-142,-0.0035606765680585707,-0.029199451208114624
z_cn_to_cn_residual,2,test-143,-0.2781181241584144,-0.3677729070186615
z_cn_to_cn_residual,2,test-144,-0.09065704239956256,-0.13478073477745056
z_cn_to_cn_residual,2,test-145,-0.0036554613792027465,-0.02920660376548767
z_cn_to_cn_residual,2,test-146,-0.029386288861844613,-0.06919369101524353
z_cn_to_cn_residual,2,test-147,0.38339339457728866,0.3885938227176666
z_cn_to_cn_residual,2,test-148,-0.2781181241584144,-0.3677729070186615
z_cn_to_cn_residual,2,test-149,0.15489024865948775,0.19184079766273499
z_cn_to_cn_residual,2,test-150,-0.2769613929850307,-0.36752256751060486
z_cn_to_cn_residual,2,test-151,-0.20947272133996278,-0.3139742314815521
z_cn_to_cn_residual,2,test-152,0.5702273837469602,0.5796753168106079
z_cn_to_cn_residual,2,test-153,-0.002053521525395429,-0.029092639684677124
z_cn_to_cn_residual,2,test-154,0.2460194339238882,0.3638540804386139
z_cn_to_cn_residual,2,test-155,0.6894917191807426,0.6713281869888306
z_cn_to_cn_residual,2,test-156,-0.0031781308215864876,-0.029172271490097046
z_cn_to_cn_residual,2,test-157,1.2627715283766356,1.093615174293518
z_cn_to_cn_residual,2,test-158,-0.13130940597547108,-0.17834028601646423
z_cn_to_cn_residual,2,test-159,-0.0018686256953188945,-0.02907976508140564
z_cn_to_cn_residual,2,test-160,0.6024901381603828,0.4492603838443756
z_cn_to_cn_residual,2,test-161,0.014629997385950364,-0.028402656316757202
z_cn_to_cn_residual,2,test-162,-0.002813098481549962,-0.02914699912071228
z_cn_to_cn_residual,2,test-163,0.5913922639498311,0.5461412668228149
z_cn_to_cn_residual,2,test-164,-0.0035606765680585707,-0.029199451208114624
z_cn_to_cn_residual,2,test-165,0.30427087482676934,0.28383317589759827
z_cn_to_cn_residual,2,test-166,-0.0028787346636806365,-0.02915176749229431
z_cn_to_cn_residual,2,test-167,-0.40480071474225116,-0.4805785119533539
z_cn_to_cn_residual,2,test-168,-0.5370711129495983,-0.46243199706077576
z_cn_to_cn_residual,2,test-169,0.28834646581769413,0.19032254815101624
z_cn_to_cn_residual,2,test-170,-0.0035606765680585707,-0.029199451208114624
z_cn_to_cn_residual,2,test-171,-0.0036554613792027465,-0.02920660376548767
z_cn_to_cn_residual,2,test-172,0.5538511883699282,0.510501503944397
z_cn_to_cn_residual,2,test-173,-0.002813098481549962,-0.02914699912071228
z_cn_to_cn_residual,2,test-174,-0.07578850766276808,-0.12178739905357361
z_cn_to_cn_residual,2,test-175,1.1849817921765171,1.0363160371780396
z_cn_to_cn_residual,2,test-176,-0.10175491661011418,-0.14448389410972595
z_cn_to_cn_residual,2,test-177,0.8492232481702923,0.6722918748855591
z_cn_to_cn_residual,2,test-178,-0.11231349157634923,-0.15371975302696228
z_cn_to_cn_residual,2,test-179,0.007736477119163819,-0.02860817313194275
z_cn_to_cn_residual,2,test-180,-0.002813098481549962,-0.02914699912071228
z_cn_to_cn_residual,2,test-181,-0.0028708568023377394,-0.02915129065513611
z_cn_to_cn_residual,2,test-182,-0.32480564797407757,-0.377938836812973
z_cn_to_cn_residual,2,test-183,-0.3097537859826566,-0.37465009093284607
z_cn_to_cn_residual,2,test-184,-0.0018686256953188945,-0.02907976508140564
z_cn_to_cn_residual,2,test-185,0.33672796414016415,0.617681622505188
z_cn_to_cn_residual,2,test-186,-0.2781181241584144,-0.3677729070186615
z_cn_to_cn_residual,2,test-187,1.1089553769498606,0.873062252998352
z_cn_to_cn_residual,2,test-188,-0.2781181241584144,-0.3677729070186615
z_cn_to_cn_residual,2,test-189,-0.07578850766276808,-0.12178739905357361
z_cn_to_cn_residual,2,test-190,-0.05864700761913961,-0.10682043433189392
z_cn_to_cn_residual,2,test-191,0.6024901381603828,0.4504658281803131
z_cn_to_cn_residual,2,test-192,-0.0036554613792027465,-0.02920660376548767
z_cn_to_cn_residual,2,test-193,-0.0035606765680585707,-0.029199451208114624
z_cn_to_cn_residual,2,test-194,0.5823656809503006,0.45497050881385803
z_cn_to_cn_residual,2,test-195,-0.1955533275616245,-0.28988394141197205
z_cn_to_cn_residual,2,test-196,-0.0028708568023377394,-0.02915129065513611
z_cn_to_cn_residual,2,test-197,0.11366833474633009,0.08353772759437561
z_cn_to_cn_residual,2,test-198,-0.35638048877056727,-0.4078079164028168
z_cn_to_cn_residual,2,test-199,-0.07578850766276808,-0.12178739905357361
z_cn_to_cn_residual,2,test-200,-0.13583211349719748,-0.1862104833126068
z_cn_to_cn_residual,2,test-201,-0.0028787346636806365,-0.02915176749229431
z_cn_to_cn_residual,2,test-202,-0.0028787346636806365,-0.02915176749229431
z_cn_to_cn_residual,2,test-203,-0.11078149960964469,-0.1523803174495697
z_cn_to_cn_residual,2,test-204,-0.07578850766276808,-0.12178739905357361
z_cn_to_cn_residual,2,test-205,0.6896682014994859,0.4142433702945709
z_cn_to_cn_residual,2,test-206,-0.05864700761913961,-0.10682043433189392
z_cn_to_cn_residual,2,test-207,-0.32480564797407757,-0.377938836812973
z_cn_to_cn_residual,2,test-208,0.25024965450021663,0.2825681269168854
z_cn_to_cn_residual,2,test-209,-0.33752049351550284,-0.3839777410030365
z_cn_to_cn_residual,2,test-210,0.44737721938821673,0.48073163628578186
z_cn_to_cn_residual,2,test-211,0.12647768999901543,0.09281840920448303
z_cn_to_cn_residual,2,test-212,0.9878307890584649,0.8829962015151978
z_cn_to_cn_residual,2,test-213,-0.0021065781046860016,-0.029097408056259155
z_cn_to_cn_residual,2,test-214,-0.0018686256953188945,-0.02907976508140564
z_cn_to_cn_residual,2,test-215,0.7097359829349337,0.6649366617202759
z_cn_to_cn_residual,2,test-216,-0.0036554613792027465,-0.02920660376548767
z_cn_to_cn_residual,2,test-217,-0.0035606765680585707,-0.029199451208114624
z_cn_to_cn_residual,2,test-218,0.6895865039918867,0.5726252794265747
z_cn_to_cn_residual,2,test-219,-0.11078149960964469,-0.1523803174495697
z_cn_to_cn_residual,2,test-220,-0.33077799799856045,-0.3798886239528656
z_cn_to_cn_residual,2,test-221,-0.1955533275616245,-0.28988394141197205
z_cn_to_cn_residual,2,test-222,-0.0036554613792027465,-0.02920660376548767
z_cn_to_cn_residual,2,test-223,-0.20947272133996278,-0.3139742314815521
z_cn_to_cn_residual,2,test-224,-0.0018686256953188945,-0.02907976508140564
z_cn_to_cn_residual,2,test-225,0.8204941645096951,0.7655669450759888
z_cn_to_cn_residual,2,test-226,-0.0036554613792027465,-0.02920660376548767
z_cn_to_cn_residual,2,test-227,0.939452904216382,0.8773466348648071
z_cn_to_cn_residual,2,test-228,-0.0035606765680585707,-0.029199451208114624
z_cn_to_cn_residual,2,test-229,-0.05864700761913961,-0.10682043433189392
z_cn_to_cn_residual,2,test-230,0.5618087898319306,0.39493051171302795
z_cn_to_cn_residual,2,test-231,-0.36200354022730785,-0.4163001477718353
z_cn_to_cn_residual,2,test-232,0.6118003281156039,0.5745803117752075
z_cn_to_cn_residual,2,test-233,-0.002813098481549962,-0.02914699912071228
z_cn_to_cn_residual,2,test-234,-0.33077799799856045,-0.3798886239528656
z_cn_to_cn_residual,2,test-235,0.5917823590583151,0.43910375237464905
z_cn_to_cn_residual,2,test-236,-0.10175491661011418,-0.14448389410972595
z_cn_to_cn_residual,2,test-237,-0.10175491661011418,-0.14448389410972595
z_cn_to_cn_residual,2,test-238,-0.11078149960964469,-0.1523803174495697
z_cn_to_cn_residual,2,test-239,1.0575197935891483,0.7812682390213013
z_cn_to_cn_residual,2,test-240,0.15489024865948775,0.17443957924842834
z_cn_to_cn_residual,2,test-241,-0.0035606765680585707,-0.029199451208114624
z_cn_to_cn_residual,2,test-242,-0.009524164442536962,-0.0359252393245697
z_cn_to_cn_residual,2,test-243,0.9968573720579954,1.019898533821106
z_cn_to_cn_residual,2,test-244,0.6345001729408056,0.38665834069252014
z_cn_to_cn_residual,2,test-245,-0.11078149960964469,-0.1523803174495697
z_cn_to_cn_residual,2,test-246,-0.4012440214494514,-0.47526273131370544
z_cn_to_cn_residual,2,test-247,0.6024901381603828,0.49655213952064514
z_cn_to_cn_residual,2,test-248,-0.6567931335747463,-0.5688942670822144
z_cn_to_cn_residual,2,test-249,-0.0035606765680585707,-0.029199451208114624
z_cn_to_cn_residual,2,test-250,-0.45435792080222814,-0.4759105145931244
z_cn_to_cn_residual,2,test-251,-0.32311619585740226,-0.3775690495967865
z_cn_to_cn_residual,2,test-252,-0.002813098481549962,-0.02914699912071228
z_cn_to_cn_residual,2,test-253,0.007736477119163819,-0.02860817313194275
z_cn_to_cn_residual,2,test-254,-0.3097537859826566,-0.37465009093284607
z_cn_to_cn_residual,2,test-255,-0.09065704239956256,-0.13478073477745056
z_cn_to_cn_residual,2,test-256,-0.0034789790604594075,-0.02919277548789978
z_cn_to_cn_residual,2,test-257,-0.23061314275164188,-0.35049518942832947
z_cn_to_cn_residual,2,test-258,-0.0018686256953188945,-0.02907976508140564
z_cn_to_cn_residual,2,test-259,0.1907181118045317,0.24587932229042053
z_cn_to_cn_residual,2,test-260,0.8645646996554307,0.7320438623428345
z_cn_to_cn_residual,2,test-261,-0.005086360255747422,-0.029308170080184937
z_cn_to_cn_residual,2,test-262,-0.0028787346636806365,-0.02915176749229431
z_cn_to_cn_residual,2,test-263,0.4158081963899153,0.3608604967594147
z_cn_to_cn_residual,2,test-264,0.9030589611064851,0.8415995836257935
z_cn_to_cn_residual,2,test-265,-0.1955533275616245,-0.28988394141197205
z_cn_to_cn_residual,2,test-266,-0.30556432891279645,-0.3737364709377289
z_cn_to_cn_residual,2,test-267,-0.44289752605972865,-0.4898549020290375
z_cn_to_cn_residual,2,test-268,0.6895865039918867,0.373666912317276
z_cn_to_cn_residual,2,test-269,0.6894917191807426,0.32516923546791077
z_cn_to_cn_residual,2,test-270,-0.09065704239956256,-0.13478073477745056
z_cn_to_cn_residual,2,test-271,0.5959739975662122,0.4565178453922272
z_cn_to_cn_residual,2,test-272,-0.0035606765680585707,-0.029199451208114624
z_cn_to_cn_residual,2,test-273,0.9878307890584649,0.9673982858657837
z_cn_to_cn_residual,2,test-274,0.2314850461504528,0.07355800271034241
z_cn_to_cn_residual,2,test-275,0.4841670466163553,0.43782535195350647
z_cn_to_cn_residual,2,test-276,0.5339877961082178,0.36822667717933655
z_cn_to_cn_residual,2,test-277,-0.09065704239956256,-0.13478073477745056
z_cn_to_cn_residual,2,test-278,0.0010912067988609801,-0.028871387243270874
z_cn_to_cn_residual,2,test-279,-0.2781181241584144,-0.3677729070186615
z_cn_to_cn_residual,2,test-280,0.4625340378083034,0.3124658167362213
z_cn_to_cn_residual,2,test-281,0.504912141795012,0.17780080437660217
z_cn_to_cn_residual,2,test-282,-0.0034789790604594075,-0.02919277548789978
z_cn_to_cn_residual,2,test-283,1.0228237810053415,0.807599663734436
z_cn_to_cn_residual,2,test-284,-0.044024025327156165,-0.0940612256526947
z_cn_to_cn_residual,2,test-285,-0.1955533275616245,-0.28988394141197205
z_cn_to_cn_residual,2,test-286,-0.002813098481549962,-0.02914699912071228
z_cn_to_cn_residual,2,test-287,-0.09065704239956256,-0.13478073477745056
z_cn_to_cn_residual,2,test-288,1.35793738207373,0.7499033212661743
z_cn_to_cn_residual,2,test-289,-0.11078149960964469,-0.1523803174495697
z_cn_to_cn_residual,2,test-290,0.5618087898319306,0.393745094537735
z_cn_to_cn_residual,2,test-291,0.21803315624854092,0.21510282158851624
z_cn_to_cn_residual,2,test-292,0.5913922639498311,0.5229178667068481
z_cn_to_cn_residual,2,test-293,0.5499859594505343,0.6915050745010376
z_cn_to_cn_residual,2,test-294,-0.9950422905965786,-0.961959958076477
z_cn_to_cn_residual,2,test-295,0.2779926693730159,0.04569926857948303
z_cn_to_cn_residual,2,test-296,0.6345001729408056,0.5891906023025513
z_cn_to_cn_residual,2,test-297,0.6899690497383588,0.6354299783706665
z_cn_to_cn_residual,2,test-298,-0.00593228369389451,-0.03007778525352478
z_cn_to_cn_residual,2,test-299,0.0010912067988609801,-0.028871387243270874
z_cn_to_cn_residual,2,test-300,0.6912785548646264,0.7665845155715942
z_cn_to_cn_residual,2,test-301,-0.20898013394359,-0.31312164664268494
z_cn_to_cn_residual,2,test-302,0.4975938529983208,0.5059758424758911
z_cn_to_cn_residual,2,test-303,-0.002813098481549962,-0.02914699912071228
z_cn_to_cn_residual,2,test-304,0.6173586728971772,0.5315314531326294
z_cn_to_cn_residual,2,test-305,-0.0036554613792027465,-0.02920660376548767
z_cn_to_cn_residual,2,test-306,-0.30860672153291563,-0.37440070509910583
z_cn_to_cn_residual,2,test-307,0.41502905640153087,0.35145774483680725
z_cn_to_cn_residual,2,test-308,0.634961762773199,0.5919028520584106
z_cn_to_cn_residual,2,test-309,-0.0036554613792027465,-0.02920660376548767
z_cn_to_cn_residual,2,test-310,0.6894917191807426,0.6178709268569946
z_cn_to_cn_residual,2,test-311,-0.15915938445172756,-0.22676214575767517
z_cn_to_cn_residual,2,test-312,0.5464382292844422,0.40832486748695374
z_cn_to_cn_residual,2,test-313,-0.05864700761913961,-0.10682043433189392
z_cn_to_cn_residual,2,test-314,0.9157863172080091,0.6774917840957642
z_cn_to_cn_residual,2,test-315,0.0006363913580034505,-0.02890285849571228
z_cn_to_cn_residual,2,test-316,0.45426861021499787,0.4160291254520416
z_cn_to_cn_residual,2,test-317,0.07689953639068714,0.08654084801673889
z_cn_to_cn_residual,2,test-318,0.0026230950542789266,-0.02876552939414978
z_cn_to_cn_residual,2,test-319,0.5913922639498311,0.4536410868167877
z_cn_to_cn_residual,2,test-320,0.6749848634745165,0.6657510995864868
z_cn_to_cn_residual,2,test-321,-0.2781181241584144,-0.3677729070186615
z_cn_to_cn_residual,2,test-322,-0.07862923785894682,0.32958856225013733
z_cn_to_cn_residual,2,test-323,0.45426861021499787,0.45517030358314514
z_cn_to_cn_residual,2,test-324,1.0888176139850687,0.9905496835708618
z_cn_to_cn_residual,2,test-325,-0.15915938445172756,-0.22676214575767517
z_cn_to_cn_residual,2,test-326,-0.11078149960964469,-0.1523803174495697
z_cn_to_cn_residual,2,test-327,0.4975938529983208,0.4060889780521393
z_cn_to_cn_residual,2,test-328,-0.0035606765680585707,-0.029199451208114624
z_cn_to_cn_residual,2,test-329,-0.07578850766276808,-0.12178739905357361
z_cn_to_cn_residual,2,test-330,0.5339877961082178,0.5974165201187134
z_cn_to_cn_residual,2,test-331,-0.007694165471705018,-0.032945483922958374
z_cn_to_cn_residual,2,test-332,-0.13133839072801465,-0.17839178442955017
z_cn_to_cn_residual,2,test-333,-0.4340936106029696,-0.5006083250045776
z_cn_to_cn_residual,2,test-334,-0.002813098481549962,-0.02914699912071228
z_cn_to_cn_residual,2,test-335,0.9814936463776394,0.7274905443191528
z_cn_to_cn_residual,2,test-336,-0.33812649705939035,-0.3843437135219574
z_cn_to_cn_residual,2,test-337,-0.0018858338027912184,-0.029080718755722046
z_cn_to_cn_residual,2,test-338,0.016437147451202155,-0.028349727392196655
z_cn_to_cn_residual,2,test-339,-0.009524164442536962,-0.0359252393245697
z_cn_to_cn_residual,2,test-340,1.1605692126756,0.895462155342102
z_cn_to_cn_residual,2,test-341,-0.09065704239956256,-0.13478073477745056
z_cn_to_cn_residual,2,test-342,0.5823656809503006,0.4058057367801666
z_cn_to_cn_residual,2,test-343,0.6173586728971772,0.23711219429969788
z_cn_to_cn_residual,2,test-344,0.5339877961082178,0.3863798677921295
z_cn_to_cn_residual,2,test-345,0.9369652036159007,0.7189074754714966
z_cn_to_cn_residual,2,test-346,0.48367445921998253,0.3943888247013092
z_cn_to_cn_residual,2,test-347,-0.07578850766276808,-0.12178739905357361
z_cn_to_cn_residual,2,test-348,-0.3042585632391721,-0.21499428153038025
z_cn_to_cn_residual,2,test-349,-0.0018686256953188945,-0.02907976508140564
z_cn_to_cn_residual,2,test-350,0.5917823590583151,0.5636755228042603
z_cn_to_cn_residual,2,test-351,0.6173586728971772,0.4605318605899811
z_cn_to_cn_residual,2,test-352,0.6173586728971772,0.4783865511417389
z_cn_to_cn_residual,2,test-353,0.6173586728971772,0.6108704805374146
z_cn_to_cn_residual,2,test-354,-0.27733898417003,-0.3676041066646576
z_cn_to_cn_residual,2,test-355,0.016437147451202155,-0.028349727392196655
z_cn_to_cn_residual,2,test-356,-0.20898013394359,-0.31312164664268494
z_cn_to_cn_residual,2,test-357,-0.0018686256953188945,-0.02907976508140564
z_cn_to_cn_residual,2,test-358,0.6637608916981007,0.506015419960022
z_cn_to_cn_residual,2,test-359,-0.16885127416876008,-0.24358972907066345
z_cn_to_cn_residual,2,test-360,-0.830148528167549,-0.7543677091598511
z_cn_to_cn_residual,2,test-361,-0.0035606765680585707,-0.029199451208114624
z_cn_to_cn_residual,2,test-362,-0.0035606765680585707,-0.029199451208114624
z_cn_to_cn_residual,2,test-363,-0.0035606765680585707,-0.029199451208114624
z_cn_to_cn_residual,2,test-364,-0.008859578140071211,0.05981650948524475
z_cn_to_cn_residual,2,test-365,-0.13133839072801465,-0.17839178442955017
z_cn_to_cn_residual,2,test-366,0.45426861021499787,0.41704240441322327
z_cn_to_cn_residual,2,test-367,-0.33375183485569004,-0.3816915452480316
z_cn_to_cn_residual,2,test-368,0.2314850461504528,0.20649972558021545
z_cn_to_cn_residual,2,test-369,-0.05864700761913961,-0.10682043433189392
z_cn_to_cn_residual,2,test-370,-0.1955533275616245,-0.28988394141197205
z_cn_to_cn_residual,2,test-371,-0.002813098481549962,-0.02914699912071228
z_cn_to_cn_residual,2,test-372,-0.5382569319004575,-0.4631434381008148
z_cn_to_cn_residual,2,test-373,1.0242908208925827,0.8391634225845337
z_cn_to_cn_residual,2,test-374,-0.0018686256953188945,-0.02907976508140564
z_cn_to_cn_residual,2,test-375,0.6896682014994859,0.4034196436405182
z_cn_to_cn_residual,2,test-376,-0.002813098481549962,-0.02914699912071228
z_cn_to_cn_residual,2,test-377,0.6173586728971772,0.4580956995487213
z_cn_to_cn_residual,2,test-378,-0.3097537859826566,-0.37465009093284607
z_cn_to_cn_residual,2,test-379,0.5339877961082178,0.5693851709365845
z_cn_to_cn_residual,2,test-380,0.6024901381603828,0.4641238749027252
z_cn_to_cn_residual,2,test-381,0.03635404698519895,0.18721261620521545
z_cn_to_cn_residual,2,test-382,-0.009524164442536962,-0.0359252393245697
z_cn_to_cn_residual,2,test-383,-0.009524164442536962,-0.0359252393245697
z_cn_to_cn_residual,2,test-384,0.5913922639498311,0.5002490282058716
z_cn_to_cn_residual,2,test-385,0.6345001729408056,0.4737350046634674
z_cn_to_cn_residual,2,test-386,0.6899690497383588,0.5164467096328735
z_cn_to_cn_residual,2,test-387,-0.0035606765680585707,-0.029199451208114624
z_cn_to_cn_residual,2,test-388,-0.0031781308215864876,-0.029172271490097046
z_cn_to_cn_residual,2,test-389,-0.0035606765680585707,-0.029199451208114624
z_cn_to_cn_residual,2,test-390,-0.032324694674933076,-0.07451137900352478
z_cn_to_cn_residual,2,test-391,-0.0035606765680585707,-0.029199451208114624
z_cn_to_cn_residual,2,test-392,-0.0035606765680585707,-0.029199451208114624
z_cn_to_cn_residual,2,test-393,0.6894917191807426,0.5312715768814087
z_cn_to_cn_residual,2,test-394,0.4975938529983208,0.5753647089004517
z_cn_to_cn_residual,2,test-395,-0.0036554613792027465,-0.02920660376548767
z_cn_to_cn_residual,2,test-396,0.5823656809503006,0.5337449312210083
z_cn_to_cn_residual,2,test-397,0.4975938529983208,0.44774261116981506
z_cn_to_cn_residual,2,test-398,-0.0018686256953188945,-0.02907976508140564
z_cn_to_cn_residual,2,test-399,-0.002813098481549962,-0.02914699912071228
z_cn_to_cn_residual,2,test-400,-0.0031781308215864876,-0.029172271490097046
z_cn_to_cn_residual,2,test-401,0.5702273837469602,0.5170117616653442
z_cn_to_cn_residual,2,test-402,-0.0035606765680585707,-0.029199451208114624
z_cn_to_cn_residual,2,test-403,-0.002053521525395429,-0.029092639684677124
z_cn_to_cn_residual,2,test-404,-0.009524164442536962,-0.0359252393245697
z_cn_to_cn_residual,2,test-405,-0.1955533275616245,-0.28988394141197205
z_cn_to_cn_residual,2,test-406,0.6894917191807426,0.6635309457778931
z_cn_to_cn_residual,2,test-407,-0.13929599219001707,-0.1922367513179779
z_cn_to_cn_residual,2,test-408,0.6894917191807426,0.62147057056427
z_cn_to_cn_residual,2,test-409,0.5917823590583151,0.46219173073768616
z_cn_to_cn_residual,2,test-410,-0.04190258786028581,-0.09215673804283142
z_cn_to_cn_residual,2,test-411,0.11366833474633009,0.06425824761390686
z_cn_to_cn_residual,2,test-412,-0.002813098481549962,-0.02914699912071228
z_cn_to_cn_residual,2,test-413,-0.27733898417003,-0.3676041066646576
z_cn_to_cn_residual,2,test-414,0.6912785548646264,0.6322323083877563
z_cn_to_cn_residual,2,test-415,0.016437147451202155,-0.028349727392196655
z_cn_to_cn_residual,2,test-416,0.6608224858850122,0.5872212648391724
z_cn_to_cn_residual,2,test-417,-0.40480071474225116,-0.4805785119533539
z_cn_to_cn_residual,2,test-418,0.9968573720579954,0.9630676507949829
z_cn_to_cn_residual,2,test-419,0.41502905640153087,0.3727189600467682
z_cn_to_cn_residual,2,test-420,0.11452475044660182,0.28360334038734436
z_cn_to_cn_residual,2,test-421,0.6885396674914255,0.6857591867446899
z_cn_to_cn_residual,2,test-422,0.4158081963899153,0.36441054940223694
z_cn_to_cn_residual,2,test-423,-0.007694165471705018,-0.032945483922958374
z_cn_to_cn_residual,2,test-424,-0.1955533275616245,-0.28988394141197205
z_cn_to_cn_residual,2,test-425,0.4158081963899153,0.4762398302555084
z_cn_to_cn_residual,2,test-426,-0.36200354022730785,-0.4163001477718353
z_cn_to_cn_residual,2,test-427,0.5913922639498311,0.5424953699111938
z_cn_to_cn_residual,2,test-428,-0.0036554613792027465,-0.02920660376548767
z_cn_to_cn_residual,2,test-429,0.0026230950542789266,-0.02876552939414978
z_cn_to_cn_residual,2,test-430,1.190741033558266,1.10112726688385
z_cn_to_cn_residual,2,test-431,-0.05864700761913961,-0.10682043433189392
z_cn_to_cn_residual,2,test-432,0.6912785548646264,0.6322323083877563
z_cn_to_cn_residual,2,test-433,-0.13133839072801465,-0.17839178442955017
z_cn_to_cn_residual,2,test-434,-0.010206311973696352,-0.037034839391708374
z_cn_to_cn_residual,2,test-435,-0.0036554613792027465,-0.02920660376548767
z_cn_to_cn_residual,2,test-436,-0.07578850766276808,-0.12178739905357361
z_cn_to_cn_residual,2,test-437,0.2779926693730159,0.3250085413455963
z_cn_to_cn_residual,2,test-438,0.6024901381603828,0.4739362299442291
z_cn_to_cn_residual,2,test-439,0.6836230161174083,0.5455905199050903
z_cn_to_cn_residual,2,test-440,0.007736477119163819,-0.02860817313194275
z_cn_to_cn_residual,2,test-441,0.6667289091472093,0.5537916421890259
z_cn_to_cn_residual,2,test-442,-0.13330988833640284,-0.18182262778282166
z_cn_to_cn_residual,2,test-443,-0.0035606765680585707,-0.029199451208114624
z_cn_to_cn_residual,2,test-444,0.9339988208263761,0.7802654504776001
z_cn_to_cn_residual,2,test-445,0.15489024865948775,0.20813670754432678
z_cn_to_cn_residual,2,test-446,0.9878307890584649,0.7106457948684692
z_cn_to_cn_residual,2,test-447,1.007955246268547,0.934705376625061
z_cn_to_cn_residual,2,test-448,-0.0028787346636806365,-0.02915176749229431
z_cn_to_cn_residual,2,test-449,1.190741033558266,0.9180589914321899
z_cn_to_cn_residual,2,test-450,0.939452904216382,0.7881761789321899
z_cn_to_cn_residual,2,test-451,0.9030589611064851,0.7787657976150513
z_cn_to_cn_residual,2,test-452,-0.002813098481549962,-0.02914699912071228
z_cn_to_cn_residual,2,test-453,0.6173586728971772,0.564484715461731
z_cn_to_cn_residual,2,test-454,-0.5218160654288044,-0.10656532645225525
z_cn_to_cn_residual,2,test-455,-0.32311619585740226,-0.3775690495967865
z_cn_to_cn_residual,2,test-456,0.6938115739258583,0.6917616128921509
z_cn_to_cn_residual,2,test-457,-0.09065704239956256,-0.13478073477745056
z_cn_to_cn_residual,2,test-458,0.690374323407516,0.5892788171768188
z_cn_to_cn_residual,2,test-459,-0.026418271412736054,-0.06382212042808533
z_cn_to_cn_residual,2,test-460,-0.0035606765680585707,-0.029199451208114624
z_cn_to_cn_residual,2,test-461,-0.15915938445172756,-0.22676214575767517
z_cn_to_cn_residual,2,test-462,0.5618087898319306,0.534302830696106
z_cn_to_cn_residual,2,test-463,0.9030589611064851,0.7245079278945923
z_cn_to_cn_residual,2,test-464,0.5823656809503006,0.4345618784427643
z_cn_to_cn_residual,2,test-465,-0.0004881954264035043,-0.028982490301132202
z_cn_to_cn_residual,2,test-466,0.6895865039918867,0.6177555322647095
z_cn_to_cn_residual,2,test-467,0.6854530150882403,0.5129719972610474
z_cn_to_cn_residual,2,test-468,-0.0004881954264035043,-0.028982490301132202
z_cn_to_cn_residual,2,test-469,0.4158081963899153,0.2583877146244049
z_cn_to_cn_residual,2,test-470,0.560355356767652,0.6431180238723755
z_cn_to_cn_residual,2,test-471,-0.1955533275616245,-0.28988394141197205
z_cn_to_cn_residual,2,test-472,-0.11078149960964469,-0.1523803174495697
z_cn_to_cn_residual,2,test-473,-0.0028787346636806365,-0.02915176749229431
z_cn_to_cn_residual,2,test-474,0.4158081963899153,0.3627559244632721
z_cn_to_cn_residual,2,test-475,-0.0031781308215864876,-0.029172271490097046
z_cn_to_cn_residual,2,test-476,0.38576956172760457,0.38708892464637756
z_cn_to_cn_residual,2,test-477,0.11366833474633009,0.2531534731388092
z_cn_to_cn_residual,2,test-478,0.6345001729408056,0.5891906023025513
z_cn_to_cn_residual,2,test-479,-0.10175491661011418,-0.14448389410972595
z_cn_to_cn_residual,2,test-480,0.5917823590583151,0.4874826967716217
z_cn_to_cn_residual,2,test-481,0.4975938529983208,0.46787229180336
z_cn_to_cn_residual,2,test-482,0.7015560682294257,0.7401372194290161
z_cn_to_cn_residual,2,test-483,-0.009524164442536962,-0.0359252393245697
z_cn_to_cn_residual,2,test-484,0.5702273837469602,0.41198745369911194
z_cn_to_cn_residual,2,test-485,0.4841670466163553,0.4360577166080475
z_cn_to_cn_residual,2,test-486,-0.0036554613792027465,-0.02920660376548767
z_cn_to_cn_residual,2,test-487,-0.002813098481549962,-0.02914699912071228
z_cn_to_cn_residual,2,test-488,-0.21986076979624922,-0.3319285809993744
z_cn_to_cn_residual,2,test-489,-0.0036554613792027465,-0.02920660376548767
z_cn_to_cn_residual,2,test-490,-0.005086360255747422,-0.029308170080184937
z_cn_to_cn_residual,2,test-491,-0.0035606765680585707,-0.029199451208114624
z_cn_to_cn_residual,2,test-492,-0.0036554613792027465,-0.02920660376548767
z_cn_to_cn_residual,2,test-493,0.7678342906695491,0.6830569505691528
z_cn_to_cn_residual,2,test-494,-0.0018686256953188945,-0.02907976508140564
z_cn_to_cn_residual,2,test-495,-0.33375183485569004,-0.3816915452480316
z_cn_to_cn_residual,2,test-496,-0.0035606765680585707,-0.029199451208114624
z_cn_to_cn_residual,2,test-497,0.6872148968660508,0.5814996957778931
z_cn_to_cn_residual,2,test-498,-0.009524164442536962,-0.0359252393245697
z_cn_to_cn_residual,2,test-499,-0.5217296614644599,-0.45321664214134216
z_cn_to_cn_residual,2,test-500,-0.3073776188323407,-0.3741322457790375
z_cn_to_cn_residual,2,test-501,0.6829408685862489,0.5712004899978638
z_cn_to_cn_residual,2,test-502,0.41502905640153087,0.46400418877601624
z_cn_to_cn_residual,2,test-503,-0.08022471546986565,0.006786972284317017
z_cn_to_cn_residual,2,test-504,-0.47511402431140437,-0.4458220899105072
z_cn_to_cn_residual,2,test-505,0.6345001729408056,0.36515775322914124
z_cn_to_cn_residual,2,test-506,-0.4340936106029696,-0.5006083250045776
z_cn_to_cn_residual,2,test-507,-0.0034789790604594075,-0.02919277548789978
z_cn_to_cn_residual,2,test-508,-0.5810323630174453,-0.4941907823085785
z_cn_to_cn_residual,2,test-509,0.35502068350055493,0.24678054451942444
z_cn_to_cn_residual,2,test-510,0.9297740279230993,0.8850275278091431
z_cn_to_cn_residual,2,test-511,-0.026418271412736054,-0.06382212042808533
