abs_delta_score_cn,abs_delta_score_degree,abs_delta_score_interaction,abs_delta_score_residual,abs_delta_score_total,cn_expected_after,cn_expected_before,cn_raw_after,cn_raw_before,cn_residual_feature_after,cn_residual_feature_before,cross_response,cross_sensitivity,delta_cn_expected,delta_cn_raw,delta_cn_residual_feature,delta_score_cn,delta_score_degree,delta_score_interaction,delta_score_residual,delta_score_total,failure_code,interaction_share_after,interaction_share_before,interaction_share_cap,interaction_share_cap_violation_before,intervention_kind,intervention_type,pair_id,post_degree_u,post_degree_v,pre_degree_u,pre_degree_v,requested_delta,routing_ratio,routing_selectivity,score_cn_after,score_cn_before,score_degree_after,score_degree_before,score_interaction_after,score_interaction_before,score_residual_after,score_residual_before,score_total_after,score_total_before,status,target_response,u,v
9.775161743164062e-06,0.030088305473327637,0.0,0.0011916160583496094,0.03129005432128906,0.2741315960884094,0.2741315960884094,1.0,1.0,0.4190155863761902,0.4190155863761902,0.0012013912200927734,0.0012013912200927734,0.0,0.0,0.0,9.775161743164062e-06,0.030088305473327637,0.0,0.0011916160583496094,0.03129005432128906,,0.0,0.0,0.2,0,degree,degree_u_plus,0,26,3,25,3,1,25.04434402938611,0.9616039475261235,3.247887372970581,3.247877597808838,0.8390791416168213,0.8089908361434937,0.0,0.0,2.9139668941497803,2.9127752780914307,7.0075154304504395,6.97622537612915,AVAILABLE,0.030088305473327637,733,1062
0.006673336029052734,0.0,0.0,0.00800180435180664,0.0013284683227539062,0.2741315960884094,0.2741315960884094,2.0,1.0,0.8244807124137878,0.4190155863761902,0.00800180435180664,0.00800180435180664,0.0,1.0,0.40546512603759766,-0.006673336029052734,0.0,0.0,0.00800180435180664,0.0013284683227539062,,0.0,0.0,0.2,0,cn,cn_plus,0,25,3,25,3,1,0.8339778624764065,0.4547371478902654,3.241204261779785,3.247877597808838,0.8089908361434937,0.8089908361434937,0.0,0.0,2.9207770824432373,2.9127752780914307,6.977553844451904,6.97622537612915,AVAILABLE,0.006673336029052734,733,1062
0.03339087963104248,0.048273444175720215,0.0,0.005330324172973633,0.009552240371704102,0.22470027208328247,0.2583525478839874,0.0,0.0,-0.22470027208328247,-0.2583525478839874,0.03872120380401611,0.03872120380401611,-0.033652275800704956,0.0,0.033652275800704956,-0.03339087963104248,0.048273444175720215,0.0,-0.005330324172973633,0.009552240371704102,,0.0,0.0,0.2,0,degree,degree_u_plus,1,18,2,17,2,1,1.2466924311838943,0.554901246774998,-0.6820441484451294,-0.6486532688140869,0.9456623792648315,0.8973889350891113,0.0,0.0,2.927856206893921,2.9331865310668945,3.19805645942688,3.188504219055176,AVAILABLE,0.048273444175720215,1416,1468
3.8790876865386963,0.0,0.0,0.023836612701416016,3.902924060821533,0.2583525478839874,0.2583525478839874,1.0,0.0,0.4347946345806122,-0.2583525478839874,0.023836612701416016,0.023836612701416016,0.0,1.0,0.6931471824645996,3.8790876865386963,0.0,0.0,0.023836612701416016,3.902924060821533,,0.0,0.0,0.2,0,cn,cn_plus,1,17,2,17,2,1,162.73646376540827,0.9938926249107668,3.2304344177246094,-0.6486532688140869,0.8973889350891113,0.8973889350891113,0.0,0.0,2.9570231437683105,2.9331865310668945,7.091428279876709,3.188504219055176,AVAILABLE,3.8790876865386963,1416,1468
0.00015664100646972656,0.05395917594432831,0.0,0.0010197162628173828,0.054822444915771484,0.758786141872406,0.7121403217315674,1.0,1.0,-0.0656389594078064,-0.018993139266967773,0.0011763572692871094,0.0011763572692871094,0.04664582014083862,0.0,-0.04664582014083862,-0.00015664100646972656,0.05395917594432831,0.0,0.0010197162628173828,0.054822444915771484,,0.0,0.0,0.2,0,degree,degree_u_plus,2,14,6,13,6,1,45.86932784778016,0.9786640848947578,3.234044075012207,3.2342007160186768,-0.23267842829227448,-0.2866376042366028,0.0,0.0,2.9900965690612793,2.989076852798462,5.998044013977051,5.943221569061279,AVAILABLE,0.05395917594432831,350,1778
0.0021114349365234375,0.0,0.0,0.0007855892181396484,0.0028972625732421875,0.7121403217315674,0.7121403217315674,2.0,1.0,0.3864719867706299,-0.018993139266967773,0.0007855892181396484,0.0007855892181396484,0.0,1.0,0.40546512603759766,0.0021114349365234375,0.0,0.0,0.0007855892181396484,0.0028972625732421875,,0.0,0.0,0.2,0,cn,cn_plus,2,13,6,13,6,1,2.6876744372575327,0.7288263871949378,3.2363121509552,3.2342007160186768,-0.2866376042366028,-0.2866376042366028,0.0,0.0,2.9898624420166016,2.989076852798462,5.9461188316345215,5.943221569061279,AVAILABLE,0.0021114349365234375,350,1778
0.4365968108177185,0.025940001010894775,0.0,0.0025484561920166016,0.45998847484588623,0.3195180892944336,0.6278652548789978,0.0,0.0,-0.3195180892944336,-0.6278652548789978,0.4391452670097351,0.4391452670097351,-0.3083471655845642,0.0,0.3083471655845642,-0.4365968108177185,-0.025940001010894775,0.0,0.0025484561920166016,-0.45998847484588623,,0.0,0.0,0.2,0,degree,degree_u_plus,3,11,12,10,12,1,0.0590692929399756,0.055774719684298736,-0.5709221363067627,-0.1343253254890442,-0.5479737520217896,-0.5220337510108948,0.0,0.0,2.838987350463867,2.8364388942718506,1.7266734838485718,2.186661958694458,AVAILABLE,0.025940001010894775,657,1740
3.3401606678962708,0.0,0.0,0.003017902374267578,3.3431780338287354,0.6278652548789978,0.6278652548789978,1.0,0.0,0.0652819275856018,-0.6278652548789978,0.003017902374267578,0.003017902374267578,0.0,1.0,0.6931471824645996,3.3401606678962708,0.0,0.0,0.003017902374267578,3.3431780338287354,,0.0,0.0,0.2,0,cn,cn_plus,3,10,12,10,12,1,1106.7785454529308,0.9990972925011911,3.2058353424072266,-0.1343253254890442,-0.5220337510108948,-0.5220337510108948,0.0,0.0,2.839456796646118,2.8364388942718506,5.529839992523193,2.186661958694458,AVAILABLE,3.3401606678962708,657,1740
0.025925755500793457,0.14603731781244278,0.0,0.0588068962097168,0.23077011108398438,0.1311403065919876,0.09727709740400314,0.0,0.0,-0.1311403065919876,-0.09727709740400314,0.08473265171051025,0.08473265171051025,0.03386320918798447,0.0,-0.03386320918798447,0.025925755500793457,0.14603731781244278,0.0,0.0588068962097168,0.23077011108398438,,0.0,0.0,0.2,0,degree,degree_u_plus,4,8,2,7,2,1,1.723506790231379,0.6328263239193012,-0.7610576152801514,-0.7869833707809448,0.06887808442115784,-0.07715923339128494,0.0,0.0,2.874347448348999,2.8155405521392822,2.1887500286102295,1.9579799175262451,AVAILABLE,0.14603731781244278,1602,2073
4.019611239433289,0.0,0.0,0.028939485549926758,4.048550367355347,0.09727709740400314,0.09727709740400314,1.0,0.0,0.5958700776100159,-0.09727709740400314,0.028939485549926758,0.028939485549926758,0.0,1.0,0.693147175014019,4.019611239433289,0.0,0.0,0.028939485549926758,4.048550367355347,,0.0,0.0,0.2,0,cn,cn_plus,4,7,2,7,2,1,138.89707346482967,0.9928518876397268,3.2326278686523438,-0.7869833707809448,-0.07715923339128494,-0.07715923339128494,0.0,0.0,2.844480037689209,2.8155405521392822,6.006530284881592,1.9579799175262451,AVAILABLE,4.019611239433289,1602,2073
5.626678466796875e-05,0.0440666601061821,0.0,0.0017008781433105469,0.04230928421020508,0.7201831340789795,0.7557900547981262,5.0,5.0,1.0715763568878174,1.0359694957733154,0.0017571449279785156,0.0017571449279785156,-0.03560692071914673,0.0,0.03560686111450195,-5.626678466796875e-05,0.0440666601061821,0.0,-0.0017008781433105469,0.04230928421020508,,0.0,0.0,0.2,0,degree,degree_u_plus,5,17,6,16,6,1,25.078414774090366,0.9616541109318681,3.214056968688965,3.214113235473633,-0.0905248150229454,-0.1345914751291275,0.0,0.0,2.9647557735443115,2.966456651687622,6.094869613647461,6.052560329437256,AVAILABLE,0.0440666601061821,507,1300
0.006407022476196289,0.0,0.0,0.00037932395935058594,0.006786346435546875,0.7557900547981262,0.7557900547981262,6.0,5.0,1.190119981765747,1.0359694957733154,0.00037932395935058594,0.00037932395935058594,0.0,1.0,0.15415048599243164,-0.006407022476196289,0.0,0.0,-0.00037932395935058594,-0.006786346435546875,,0.0,0.0,0.2,0,cn,cn_plus,5,16,6,16,6,1,16.890189550034002,0.9441034429957675,3.2077062129974365,3.214113235473633,-0.1345914751291275,-0.1345914751291275,0.0,0.0,2.9660773277282715,2.966456651687622,6.045773983001709,6.052560329437256,AVAILABLE,0.006407022476196289,507,1300
0.019095301628112793,0.08382582664489746,0.0,0.19110727310180664,0.29402852058410645,0.4174328148365021,0.4047253727912903,0.0,0.0,-0.4174328148365021,-0.4047253727912903,0.21020257472991943,0.21020257472991943,0.012707442045211792,0.0,-0.012707442045211792,0.019095301628112793,0.08382582664489746,0.0,0.19110727310180664,0.29402852058410645,,0.0,0.0,0.2,0,degree,degree_u_plus,6,9,4,8,4,1,0.39878589862537506,0.28509430858380314,-0.42608705163002014,-0.44518235325813293,-0.32776084542274475,-0.4115866720676422,0.0,0.0,2.155182123184204,1.9640748500823975,1.4079163074493408,1.1138877868652344,AVAILABLE,0.08382582664489746,1682,2189
3.6843197643756866,0.0,0.0,0.8018698692321777,4.486189365386963,0.4047253727912903,0.4047253727912903,1.0,0.0,0.2884218096733093,-0.4047253727912903,0.8018698692321777,0.8018698692321777,0.0,1.0,0.6931471824645996,3.6843197643756866,0.0,0.0,0.8018698692321777,4.486189365386963,,0.0,0.0,0.2,0,cn,cn_plus,6,8,4,8,4,1,4.594660380439241,0.8212581404411381,3.2391374111175537,-0.44518235325813293,-0.4115866720676422,-0.4115866720676422,0.0,0.0,2.765944719314575,1.9640748500823975,5.600077152252197,1.1138877868652344,AVAILABLE,3.6843197643756866,1682,2189
7.152557373046875e-06,0.00888437032699585,0.0,0.0002536773681640625,0.008624076843261719,0.5313819646835327,0.7262376546859741,5.0,5.0,1.2603775262832642,1.0655218362808228,0.0002608299255371094,0.0002608299255371094,-0.1948556900024414,0.0,0.1948556900024414,-7.152557373046875e-06,0.00888437032699585,0.0,-0.0002536773681640625,0.008624076843261719,,0.0,0.0,0.2,0,degree,degree_u_plus,7,65,5,64,5,1,34.06062284637434,0.9714779738973345,3.20438289642334,3.204390048980713,0.9552857279777527,0.9464013576507568,0.0,0.0,2.967543840408325,2.9677975177764893,7.13379430770874,7.1251702308654785,AVAILABLE,0.00888437032699585,306,1798
,,,,,,,,,,,,,,,,,,,,,NO_CANDIDATE,,,,,cn,cn,7,,,,,,,,,,,,,,,,,,MISSING,,306,1798
0.03345203399658203,0.08769124746322632,0.0,0.027518272399902344,0.0817575454711914,0.14163699746131897,0.18426105380058289,0.0,0.0,-0.14163699746131897,-0.18426105380058289,0.060970306396484375,0.060970306396484375,-0.042624056339263916,0.0,0.042624056339263916,-0.03345203399658203,0.08769124746322632,0.0,0.027518272399902344,0.0817575454711914,,0.0,0.0,0.2,0,degree,degree_u_plus,8,13,2,12,2,1,1.4382613154404216,0.589871686981438,-0.7529357671737671,-0.7194837331771851,0.6420977711677551,0.5544065237045288,0.0,0.0,2.782395362854004,2.7548770904541016,2.6781394481658936,2.596381902694702,AVAILABLE,0.08769124746322632,661,1878
3.97536838054657,0.0,0.0,0.18169903755187988,4.157067060470581,0.18426105380058289,0.18426105380058289,1.0,0.0,0.5088860988616943,-0.18426105380058289,0.18169903755187988,0.18169903755187988,0.0,1.0,0.6931471526622772,3.97536838054657,0.0,0.0,0.18169903755187988,4.157067060470581,,0.0,0.0,0.2,0,cn,cn_plus,8,12,2,12,2,1,21.878861964928557,0.9562915322653321,3.2558846473693848,-0.7194837331771851,0.5544065237045288,0.5544065237045288,0.0,0.0,2.9365761280059814,2.7548770904541016,6.753448963165283,2.596381902694702,AVAILABLE,3.97536838054657,661,1878
0.0022410154342651367,0.15845096856355667,0.0,0.004499673843383789,0.16070961952209473,0.09727709740400314,0.1002340093255043,0.0,0.0,-0.09727709740400314,-0.1002340093255043,0.006740689277648926,0.006740689277648926,-0.0029569119215011597,0.0,0.0029569119215011597,-0.0022410154342651367,0.15845096856355667,0.0,0.004499673843383789,0.16070961952209473,,0.0,0.0,0.2,0,degree,degree_u_plus,9,7,2,6,2,1,23.506606961232432,0.9591946775177028,-0.7869833707809448,-0.7847423553466797,-0.07715923339128494,-0.2356102019548416,0.0,0.0,2.856395959854126,2.851896286010742,1.9988353252410889,1.8381257057189941,AVAILABLE,0.15845096856355667,2446,2448
3.99808406829834,0.0,0.0,0.006303548812866211,4.004387378692627,0.1002340093255043,0.1002340093255043,1.0,0.0,0.5929131507873535,-0.1002340093255043,0.006303548812866211,0.006303548812866211,0.0,1.0,0.6931471601128578,3.99808406829834,0.0,0.0,0.006303548812866211,4.004387378692627,,0.0,0.0,0.2,0,cn,cn_plus,9,6,2,6,2,1,634.2582320542231,0.9984258370068401,3.21334171295166,-0.7847423553466797,-0.2356102019548416,-0.2356102019548416,0.0,0.0,2.8581998348236084,2.851896286010742,5.842513084411621,1.8381257057189941,AVAILABLE,3.99808406829834,2446,2448
0.09089145064353943,0.19677677750587463,0.0,0.054770827293395996,0.051114559173583984,0.4174328148365021,0.3566613495349884,0.0,0.0,-0.4174328148365021,-0.3566613495349884,0.14566227793693542,0.14566227793693542,0.06077146530151367,0.0,-0.06077146530151367,0.09089145064353943,-0.19677677750587463,0.0,0.054770827293395996,-0.051114559173583984,,0.0,0.0,0.2,0,degree,degree_u_plus,10,4,9,3,9,1,1.350910934414742,0.5746329708364943,-0.42608705163002014,-0.5169785022735596,-0.32776084542274475,-0.13098406791687012,0.0,0.0,-0.41076233983039856,-0.46553316712379456,-1.158028244972229,-1.106913685798645,AVAILABLE,0.19677677750587463,1704,1912
3.7559444904327393,0.0,0.0,0.9952155649662018,4.751160025596619,0.3566613495349884,0.3566613495349884,1.0,0.0,0.3364858329296112,-0.3566613495349884,0.9952155649662018,0.9952155649662018,0.0,1.0,0.6931471824645996,3.7559444904327393,0.0,0.0,0.9952155649662018,4.751160025596619,,0.0,0.0,0.2,0,cn,cn_plus,10,3,9,3,9,1,3.774000914887504,0.7905320887389138,3.2389659881591797,-0.5169785022735596,-0.13098406791687012,-0.13098406791687012,0.0,0.0,0.5296823978424072,-0.46553316712379456,3.6442463397979736,-1.106913685798645,AVAILABLE,3.7559444904327393,1704,1912
0.0010843276977539062,0.03506046533584595,0.0,0.0335540771484375,0.06753063201904297,0.36836788058280945,0.2630515396595001,2.0,2.0,0.7302443981170654,0.8355607986450195,0.034638404846191406,0.034638404846191406,0.10531634092330933,0.0,-0.1053164005279541,0.0010843276977539062,-0.03506046533584595,0.0,-0.0335540771484375,-0.06753063201904297,,0.0,0.0,0.2,0,degree,degree_u_plus,11,5,5,4,5,1,1.012184463161164,0.5030276705203315,3.2507147789001465,3.2496304512023926,-0.7077011466026306,-0.6726406812667847,0.0,0.0,2.671613931655884,2.7051680088043213,5.2212090492248535,5.2887396812438965,AVAILABLE,0.03506046533584595,4,1761
0.018321752548217773,0.0,0.0,0.1749894618988037,0.15666770935058594,0.2630515396595001,0.2630515396595001,3.0,2.0,1.1232428550720215,0.8355607986450195,0.1749894618988037,0.1749894618988037,0.0,1.0,0.28768205642700195,-0.018321752548217773,0.0,0.0,0.1749894618988037,0.15666770935058594,,0.0,0.0,0.2,0,cn,cn_plus,11,4,5,4,5,1,0.10470202778149551,0.0947785241163738,3.231308698654175,3.2496304512023926,-0.6726406812667847,-0.6726406812667847,0.0,0.0,2.880157470703125,2.7051680088043213,5.445407390594482,5.2887396812438965,AVAILABLE,0.018321752548217773,4,1761
4.887580871582031e-05,0.0882113128900528,0.0,0.020490169525146484,0.06777000427246094,0.4306926429271698,0.4174328148365021,2.0,2.0,0.6679196357727051,0.6811795234680176,0.020539045333862305,0.020539045333862305,0.013259828090667725,0.0,-0.0132598876953125,4.887580871582031e-05,0.0882113128900528,0.0,-0.020490169525146484,0.06777000427246094,,0.0,0.0,0.2,0,degree,degree_u_plus,12,10,4,9,4,1,4.294808668469804,0.8111357628548646,3.2304837703704834,3.2304348945617676,-0.23954953253269196,-0.32776084542274475,0.0,0.0,2.8961565494537354,2.916646718978882,5.893672466278076,5.825902462005615,AVAILABLE,0.0882113128900528,236,2046
0.008672714233398438,0.0,0.0,0.030913352966308594,0.022240638732910156,0.4174328148365021,0.4174328148365021,3.0,2.0,0.9688615798950195,0.6811795234680176,0.030913352966308594,0.030913352966308594,0.0,1.0,0.28768205642700195,-0.008672714233398438,0.0,0.0,0.030913352966308594,0.022240638732910156,,0.0,0.0,0.2,0,cn,cn_plus,12,9,4,9,4,1,0.2805490377365455,0.21908496236304573,3.221762180328369,3.2304348945617676,-0.32776084542274475,-0.32776084542274475,0.0,0.0,2.9475600719451904,2.916646718978882,5.848143100738525,5.825902462005615,AVAILABLE,0.008672714233398438,236,2046
0.00021564960479736328,2.1586431860923767,0.0,0.05507373809814453,2.213932514190674,0.001801587175577879,0.0022547768894582987,0.0,0.0,-0.001801587175577879,-0.0022547768894582987,0.055289387702941895,0.055289387702941895,-0.00045318971388041973,0.0,0.00045318971388041973,-0.00021564960479736328,-2.1586431860923767,0.0,-0.05507373809814453,-2.213932514190674,,0.0,0.0,0.2,0,degree,degree_u_plus,13,1,1,0,1,1,39.042624368785944,0.9750266118726344,-0.8475813865661621,-0.8473657369613647,-0.6782398819923401,1.4804033041000366,0.0,0.0,2.5054872035980225,2.560560941696167,0.9862480163574219,3.2001805305480957,AVAILABLE,2.1586431860923767,1411,2218
,,,,,,,,,,,,,,,,,,,,,NO_CANDIDATE,,,,,cn,cn,13,,,,,,,,,,,,,,,,,,MISSING,,1411,2218
0.00014138221740722656,0.18207941949367523,0.0,7.462501525878906e-05,0.18186378479003906,0.585216224193573,0.6104629635810852,1.0,1.0,0.10793095827102661,0.0826842188835144,0.00021600723266601562,0.00021600723266601562,-0.025246739387512207,0.0,0.025246739387512207,0.00014138221740722656,-0.18207941949367523,0.0,7.462501525878906e-05,-0.18186378479003906,,0.0,0.0,0.2,0,degree,degree_u_plus,14,5,22,4,22,1,842.8930287019663,0.9988150156880213,3.2349791526794434,3.234837770462036,0.23898012936115265,0.4210595488548279,0.0,0.0,2.9488868713378906,2.948812246322632,6.429427623748779,6.611291408538818,AVAILABLE,0.18207941949367523,1359,1914
0.013963937759399414,0.0,0.0,0.0011310577392578125,0.0128326416015625,0.6104629635810852,0.6104629635810852,2.0,1.0,0.48814934492111206,0.0826842188835144,0.0011310577392578125,0.0011310577392578125,0.0,1.0,0.40546512603759766,-0.013963937759399414,0.0,0.0,0.0011310577392578125,-0.0128326416015625,,0.0,0.0,0.2,0,cn,cn_plus,14,4,22,4,22,1,12.34580147123842,0.9250700677546341,3.2208738327026367,3.234837770462036,0.4210595488548279,0.4210595488548279,0.0,0.0,2.9499433040618896,2.948812246322632,6.598458766937256,6.611291408538818,AVAILABLE,0.013963937759399414,1359,1914
0.04428553581237793,0.011056184768676758,0.0,0.004245758056640625,0.05109596252441406,-0.02164200134575367,-0.12652456760406494,0.0,0.0,0.02164200134575367,0.12652456760406494,0.048531293869018555,0.048531293869018555,0.10488256625831127,0.0,-0.10488256625831127,0.04428553581237793,0.011056184768676758,0.0,-0.004245758056640625,0.05109596252441406,,0.0,0.0,0.2,0,degree,degree_u_plus,15,30,1,29,1,1,0.22781553115729933,0.18554540594755936,-0.8587019443511963,-0.9029874801635742,1.7997115850448608,1.788655400276184,0.0,0.0,2.7758948802948,2.7801406383514404,3.7234866619110107,3.6723906993865967,AVAILABLE,0.011056184768676758,1013,1844
4.138288259506226,0.0,0.0,0.1305985450744629,4.26888632774353,-0.12652456760406494,-0.12652456760406494,1.0,0.0,0.8196717500686646,0.12652456760406494,0.1305985450744629,0.1305985450744629,0.0,1.0,0.6931471824645996,4.138288259506226,0.0,0.0,0.1305985450744629,4.26888632774353,,0.0,0.0,0.2,0,cn,cn_plus,15,29,1,29,1,1,31.687090696728713,0.9694068826963521,3.2353007793426514,-0.9029874801635742,1.788655400276184,1.788655400276184,0.0,0.0,2.9107391834259033,2.7801406383514404,7.941277027130127,3.6723906993865967,AVAILABLE,4.138288259506226,1013,1844
0.0004401206970214844,0.31029847264289856,0.0,0.0024156570434570312,0.3122739791870117,0.002474823733791709,0.0022547768894582987,1.0,1.0,0.6906723380088806,0.6908923983573914,0.0028557777404785156,0.0028557777404785156,0.00022004684433341026,0.0,-0.0002200603485107422,-0.0004401206970214844,0.31029847264289856,0.0,0.0024156570434570312,0.3122739791870117,,0.0,0.0,0.2,0,degree,degree_u_plus,16,3,1,2,1,1,108.65599996969837,0.990880571968006,3.234790802001953,3.2352309226989746,-0.3780076205730438,-0.6883060932159424,0.0,0.0,2.9494094848632812,2.946993827819824,5.812774181365967,5.500500202178955,AVAILABLE,0.31029847264289856,2263,2490
,,,,,,,,,,,,,,,,,,,,,NO_CANDIDATE,,,,,cn,cn,16,,,,,,,,,,,,,,,,,,MISSING,,2263,2490
3.0994415283203125e-06,0.024332404136657715,0.0,0.007451057434082031,0.01688385009765625,0.19484670460224152,0.19668571650981903,1.0,1.0,0.4983004927635193,0.4964614510536194,0.0074541568756103516,0.0074541568756103516,-0.0018390119075775146,0.0,0.0018390417098999023,3.0994415283203125e-06,0.024332404136657715,0.0,-0.007451057434082031,0.01688385009765625,,0.0,0.0,0.2,0,degree,degree_u_plus,17,27,2,26,2,1,3.264268769763135,0.7654932055196074,3.2324109077453613,3.232407808303833,1.2380255460739136,1.2136931419372559,0.0,0.0,2.9022233486175537,2.9096744060516357,7.379241466522217,7.3623576164245605,AVAILABLE,0.024332404136657715,1072,1802
0.0053288936614990234,0.0,0.0,0.042760372161865234,0.04808998107910156,0.19668571650981903,0.19668571650981903,2.0,1.0,0.901926577091217,0.4964614510536194,0.042760372161865234,0.042760372161865234,0.0,1.0,0.40546512603759766,-0.0053288936614990234,0.0,0.0,-0.042760372161865234,-0.04808998107910156,,0.0,0.0,0.2,0,cn,cn_plus,17,26,2,26,2,1,0.12462221785874174,0.11081251630971684,3.227078914642334,3.232407808303833,1.2136931419372559,1.2136931419372559,0.0,0.0,2.8669140338897705,2.9096744060516357,7.314267635345459,7.3623576164245605,AVAILABLE,0.0053288936614990234,1072,1802
0.06883549690246582,0.3612290620803833,0.0,0.6738018989562988,0.9661955833435059,0.0878494456410408,-0.03064870648086071,0.0,0.0,-0.0878494456410408,0.03064870648086071,0.7426373958587646,0.7426373958587646,0.11849815212190151,0.0,-0.11849815212190151,0.06883549690246582,-0.3612290620803833,0.0,-0.6738018989562988,-0.9661955833435059,,0.0,0.0,0.2,0,degree,degree_u_plus,18,2,55,1,55,1,0.48641377236131583,0.32723981801419894,-0.7941153049468994,-0.8629508018493652,1.583592414855957,1.9448214769363403,0.0,0.0,2.182176351547241,2.85597825050354,2.9782354831695557,3.9444310665130615,AVAILABLE,0.3612290620803833,968,1986
4.106703996658325,0.0,0.0,0.0028350353240966797,4.109539270401001,-0.03064870648086071,-0.03064870648086071,1.0,0.0,0.7237958908081055,0.03064870648086071,0.0028350353240966797,0.0028350353240966797,0.0,1.0,0.6931471843272448,4.106703996658325,0.0,0.0,0.0028350353240966797,4.109539270401001,,0.0,0.0,0.2,0,cn,cn_plus,18,1,55,1,55,1,1448.5496798774566,0.999310130577874,3.24375319480896,-0.8629508018493652,1.9448214769363403,1.9448214769363403,0.0,0.0,2.8588132858276367,2.85597825050354,8.053970336914062,3.9444310665130615,AVAILABLE,4.106703996658325,968,1986
0.00021457672119140625,0.031623244285583496,0.0,1.321084201335907,1.3529219925403595,0.0018040386494249105,0.0022547768894582987,0.0,0.0,-0.0018040386494249105,-0.0022547768894582987,1.3212987780570984,1.3212987780570984,-0.00045073824003338814,0.0,0.00045073824003338814,-0.00021457672119140625,-0.031623244285583496,0.0,-1.321084201335907,-1.3529219925403595,,0.0,0.0,0.2,0,degree,degree_u_plus,19,2,0,1,0,1,0.023933454394583865,0.023374033040784746,-0.8475803136825562,-0.8473657369613647,1.4487800598144531,1.4804033041000366,0.0,0.0,-1.919450283050537,-0.5983660817146301,-1.3116685152053833,0.041253477334976196,AVAILABLE,0.031623244285583496,968,1603
,,,,,,,,,,,,,,,,,,,,,NO_CANDIDATE,,,,,cn,cn,19,,,,,,,,,,,,,,,,,,MISSING,,968,1603
0.0022410154342651367,0.15845096856355667,0.0,0.0005402565002441406,0.1556696891784668,0.09727709740400314,0.1002340093255043,0.0,0.0,-0.09727709740400314,-0.1002340093255043,0.0027812719345092773,0.0027812719345092773,-0.0029569119215011597,0.0,0.0029569119215011597,-0.0022410154342651367,0.15845096856355667,0.0,-0.0005402565002441406,0.1556696891784668,,0.0,0.0,0.2,0,degree,degree_u_plus,20,7,2,6,2,1,56.97048062533559,0.9827498411396135,-0.7869833707809448,-0.7847423553466797,-0.07715923339128494,-0.2356102019548416,0.0,0.0,2.7656261920928955,2.7661664485931396,1.9080655574798584,1.7523958683013916,AVAILABLE,0.15845096856355667,650,1486
4.008892297744751,0.0,0.0,0.027763843536376953,4.03665566444397,0.1002340093255043,0.1002340093255043,1.0,0.0,0.5929131507873535,-0.1002340093255043,0.027763843536376953,0.027763843536376953,0.0,1.0,0.6931471601128578,4.008892297744751,0.0,0.0,0.027763843536376953,4.03665566444397,,0.0,0.0,0.2,0,cn,cn_plus,20,6,2,6,2,1,144.39250273713594,0.993122066260817,3.2241499423980713,-0.7847423553466797,-0.2356102019548416,-0.2356102019548416,0.0,0.0,2.7939302921295166,2.7661664485931396,5.789051532745361,1.7523958683013916,AVAILABLE,4.008892297744751,650,1486
0.0007299184799194336,0.07614374160766602,0.0,0.0032262802124023438,0.08010005950927734,0.0032481951639056206,0.001716212253086269,0.0,0.0,-0.0032481951639056206,-0.001716212253086269,0.003956198692321777,0.003956198692321777,0.0015319829108193517,0.0,-0.0015319829108193517,0.0007299184799194336,0.07614374160766602,0.0,0.0032262802124023438,0.08010005950927734,,0.0,0.0,0.2,0,degree,degree_u_plus,21,12,1,11,1,1,19.246644332854846,0.9506090992877635,-0.846892237663269,-0.8476221561431885,1.2914239168167114,1.2152801752090454,0.0,0.0,2.7993462085723877,2.7961199283599854,3.250459909439087,3.1703598499298096,AVAILABLE,0.07614374160766602,73,1751
4.078292608261108,0.0,0.0,0.013838768005371094,4.092130899429321,0.001716212253086269,0.001716212253086269,1.0,0.0,0.6914309859275818,-0.001716212253086269,0.013838768005371094,0.013838768005371094,0.0,1.0,0.6931471981806681,4.078292608261108,0.0,0.0,0.013838768005371094,4.092130899429321,,0.0,0.0,0.2,0,cn,cn_plus,21,11,1,11,1,1,294.7003417988384,0.9966181980246737,3.23067045211792,-0.8476221561431885,1.2152801752090454,1.2152801752090454,0.0,0.0,2.8099586963653564,2.7961199283599854,7.262490749359131,3.1703598499298096,AVAILABLE,4.078292608261108,73,1751
0.00014901161193847656,0.108994260430336,0.0,0.0020873546600341797,0.11123037338256836,0.31276047229766846,0.31828421354293823,1.0,1.0,0.38038671016693115,0.3748629689216614,0.0022363662719726562,0.0022363662719726562,-0.005523741245269775,0.0,0.005523741245269775,0.00014901161193847656,0.108994260430336,0.0,0.0020873546600341797,0.11123037338256836,,0.0,0.0,0.2,0,degree,degree_u_plus,22,8,3,7,3,1,48.736995556742635,0.9798942419258287,3.2336044311523438,3.2334554195404053,-0.24378542602062225,-0.35277968645095825,0.0,0.0,2.9970102310180664,2.9949228763580322,5.993411064147949,5.882180690765381,AVAILABLE,0.108994260430336,1602,2074
0.00030541419982910156,0.0,0.0,0.0066144466400146484,0.00691986083984375,0.31828421354293823,0.31828421354293823,2.0,1.0,0.780328094959259,0.3748629689216614,0.0066144466400146484,0.0066144466400146484,0.0,1.0,0.40546512603759766,0.00030541419982910156,0.0,0.0,0.0066144466400146484,0.00691986083984375,,0.0,0.0,0.2,0,cn,cn_plus,22,7,3,7,3,1,0.046173739802219824,0.04413582375997032,3.2337608337402344,3.2334554195404053,-0.35277968645095825,-0.35277968645095825,0.0,0.0,3.001537322998047,2.9949228763580322,5.889100551605225,5.882180690765381,AVAILABLE,0.00030541419982910156,1602,2074
0.14011716842651367,0.0885651707649231,0.0,0.017693281173706055,0.21098899841308594,0.36593201756477356,0.2630515396595001,0.0,0.0,-0.36593201756477356,-0.2630515396595001,0.15781044960021973,0.15781044960021973,0.10288047790527344,0.0,-0.10288047790527344,0.14011716842651367,0.0885651707649231,0.0,-0.017693281173706055,0.21098899841308594,,0.0,0.0,0.2,0,degree,degree_u_plus,23,6,4,5,4,1,0.5612122985338532,0.3594721224402934,-0.5031803846359253,-0.643297553062439,-0.5840755105018616,-0.6726406812667847,0.0,0.0,2.6940276622772217,2.7117209434509277,1.6133537292480469,1.402364730834961,AVAILABLE,0.0885651707649231,1599,2614
3.8523281812667847,0.0,0.0,0.039214372634887695,3.8915419578552246,0.2630515396595001,0.2630515396595001,1.0,0.0,0.4300956428050995,-0.2630515396595001,0.039214372634887695,0.039214372634887695,0.0,1.0,0.6931471824645996,3.8523281812667847,0.0,0.0,0.039214372634887695,3.8915419578552246,,0.0,0.0,0.2,0,cn,cn_plus,23,5,4,5,4,1,98.23763431735121,0.9899231777653817,3.2090306282043457,-0.643297553062439,-0.6726406812667847,-0.6726406812667847,0.0,0.0,2.7509353160858154,2.7117209434509277,5.2939066886901855,1.402364730834961,AVAILABLE,3.8523281812667847,1599,2614
0.00010478496551513672,0.029166340827941895,0.0,2.1925031542778015,2.163232058286667,0.0020240857265889645,0.0018040386494249105,0.0,0.0,-0.0020240857265889645,-0.0018040386494249105,2.1926079392433167,2.1926079392433167,0.00022004707716405392,0.0,-0.00022004707716405392,0.00010478496551513672,0.029166340827941895,0.0,-2.1925031542778015,-2.163232058286667,,0.0,0.0,0.2,0,degree,degree_u_plus,24,3,0,2,0,1,0.013302123089541562,0.013127499475658461,-0.847475528717041,-0.8475803136825562,1.477946400642395,1.4487800598144531,0.0,0.0,-0.8420550227165222,1.3504481315612793,-0.20500215888023376,1.958229899406433,AVAILABLE,0.029166340827941895,1201,2533
,,,,,,,,,,,,,,,,,,,,,NO_CANDIDATE,,,,,cn,cn,24,,,,,,,,,,,,,,,,,,MISSING,,1201,2533
0.00038909912109375,0.05927163362503052,0.0,0.006559848785400391,0.06544303894042969,0.43179866671562195,0.36593201756477356,1.0,1.0,0.26134851574897766,0.32721516489982605,0.006948947906494141,0.006948947906494141,0.06586664915084839,0.0,-0.06586664915084839,0.00038909912109375,-0.05927163362503052,0.0,-0.006559848785400391,-0.06544303894042969,,0.0,0.0,0.2,0,degree,degree_u_plus,25,5,6,4,6,1,8.529571544769077,0.8950634878701431,3.256937026977539,3.2565479278564453,-0.6433471441268921,-0.5840755105018616,0.0,0.0,2.9527595043182373,2.9593193531036377,5.572930812835693,5.638373851776123,AVAILABLE,0.05927163362503052,1409,1826
0.01158761978149414,0.0,0.0,0.0002791881561279297,0.011308670043945312,0.36593201756477356,0.36593201756477356,2.0,1.0,0.7326803207397461,0.32721516489982605,0.0002791881561279297,0.0002791881561279297,0.0,1.0,0.40546515583992004,-0.01158761978149414,0.0,0.0,0.0002791881561279297,-0.011308670043945312,,0.0,0.0,0.2,0,cn,cn_plus,25,4,6,4,6,1,41.5032102725802,0.9764723654145926,3.244960308074951,3.2565479278564453,-0.5840755105018616,-0.5840755105018616,0.0,0.0,2.9595985412597656,2.9593193531036377,5.627065181732178,5.638373851776123,AVAILABLE,0.01158761978149414,1409,1826
0.009712457656860352,0.07029956579208374,0.0,0.06533002853393555,0.1259174346923828,0.5215405225753784,0.5286500453948975,0.0,0.0,-0.5215405225753784,-0.5286500453948975,0.0750424861907959,0.0750424861907959,-0.007109522819519043,0.0,0.007109522819519043,-0.009712457656860352,0.07029956579208374,0.0,0.06533002853393555,0.1259174346923828,,0.0,0.0,0.2,0,degree,degree_u_plus,26,11,5,10,5,1,0.93679673998779,0.4836835588610583,-0.2755363881587982,-0.26582393050193787,-0.3028631806373596,-0.37316274642944336,0.0,0.0,-2.557500123977661,-2.6228301525115967,-3.12931752204895,-3.255234956741333,AVAILABLE,0.07029956579208374,756,885
3.4905262887477875,0.0,0.0,0.35445666313171387,3.8449831008911133,0.5286500453948975,0.5286500453948975,1.0,0.0,0.16449713706970215,-0.5286500453948975,0.35445666313171387,0.35445666313171387,0.0,1.0,0.6931471824645996,3.4905262887477875,0.0,0.0,0.35445666313171387,3.8449831008911133,,0.0,0.0,0.2,0,cn,cn_plus,26,10,5,10,5,1,9.847540061548594,0.9078132005665771,3.2247023582458496,-0.26582393050193787,-0.37316274642944336,-0.37316274642944336,0.0,0.0,-2.268373489379883,-2.6228301525115967,0.5897481441497803,-3.255234956741333,AVAILABLE,3.4905262887477875,756,885
0.0012612342834472656,0.5705521404743195,0.0,0.014353275299072266,0.5861668586730957,0.09556321799755096,0.002474823733791709,1.0,1.0,0.5975839495658875,0.6906723380088806,0.015614509582519531,0.015614509582519531,0.09308839426375926,0.0,-0.09308838844299316,-0.0012612342834472656,-0.5705521404743195,0.0,-0.014353275299072266,-0.5861668586730957,,0.0,0.0,0.2,0,degree,degree_u_plus,27,2,4,1,4,1,36.53984597214589,0.9733616381712916,3.2414565086364746,3.242717742919922,-0.6084086894989014,-0.03785654902458191,0.0,0.0,2.930001974105835,2.9443552494049072,5.569631576538086,6.155798435211182,AVAILABLE,0.5705521404743195,1153,1401
,,,,,,,,,,,,,,,,,,,,,NO_CANDIDATE,,,,,cn,cn,27,,,,,,,,,,,,,,,,,,MISSING,,1153,1401
0.0002827644348144531,0.108994260430336,0.0,0.012335062026977539,0.121612548828125,0.31276047229766846,0.31828421354293823,2.0,2.0,0.7858518362045288,0.780328094959259,0.012617826461791992,0.012617826461791992,-0.005523741245269775,0.0,0.005523741245269775,0.0002827644348144531,0.108994260430336,0.0,0.012335062026977539,0.121612548828125,,0.0,0.0,0.2,0,degree,degree_u_plus,28,8,3,7,3,1,8.638110088078966,0.8962452191496688,3.227187156677246,3.2269043922424316,-0.24378542602062225,-0.35277968645095825,0.0,0.0,2.9803478717803955,2.968012809753418,5.97033166885376,5.848719120025635,AVAILABLE,0.108994260430336,102,1251
0.005148410797119141,0.0,0.0,0.003213644027709961,0.0019345283508300781,0.31828421354293823,0.31828421354293823,3.0,2.0,1.0680100917816162,0.780328094959259,0.003213644027709961,0.003213644027709961,0.0,1.0,0.2876819968223572,-0.005148410797119141,0.0,0.0,0.003213644027709961,-0.0019345283508300781,,0.0,0.0,0.2,0,cn,cn_plus,28,7,3,7,3,1,1.6020426445182343,0.6156865445281167,3.2217559814453125,3.2269043922424316,-0.35277968645095825,-0.35277968645095825,0.0,0.0,2.971226453781128,2.968012809753418,5.846784591674805,5.848719120025635,AVAILABLE,0.005148410797119141,102,1251
0.0002541542053222656,0.18522505462169647,0.0,0.014526605606079102,0.20000600814819336,0.1002340093255043,0.09556321799755096,1.0,1.0,0.5929131507873535,0.5975839495658875,0.014780759811401367,0.014780759811401367,0.004670791327953339,0.0,-0.0046707987785339355,0.0002541542053222656,0.18522505462169647,0.0,0.014526605606079102,0.20000600814819336,,0.0,0.0,0.2,0,degree,degree_u_plus,29,6,2,5,2,1,12.531489021554233,0.9260983031204396,3.2425637245178223,3.2423095703125,-0.2356102019548416,-0.4208352565765381,0.0,0.0,2.861710786819458,2.847184181213379,5.875246047973633,5.6752400398254395,AVAILABLE,0.18522505462169647,567,1513
0.012681961059570312,0.0,0.0,0.0042536258697509766,0.008428096771240234,0.09556321799755096,0.09556321799755096,2.0,1.0,1.0030491352081299,0.5975839495658875,0.0042536258697509766,0.0042536258697509766,0.0,1.0,0.40546518564224243,-0.012681961059570312,0.0,0.0,0.0042536258697509766,-0.008428096771240234,,0.0,0.0,0.2,0,cn,cn_plus,29,5,2,5,2,1,2.9814402191207687,0.7488346063322702,3.2296276092529297,3.2423095703125,-0.4208352565765381,-0.4208352565765381,0.0,0.0,2.85143780708313,2.847184181213379,5.666811943054199,5.6752400398254395,AVAILABLE,0.012681961059570312,567,1513
0.00023484230041503906,0.07241824269294739,0.0,0.00649261474609375,0.07867622375488281,0.5321398377418518,0.41100451350212097,2.0,2.0,0.5664724707603455,0.6876077651977539,0.006727457046508789,0.006727457046508789,0.12113532423973083,0.0,-0.12113529443740845,0.00023484230041503906,-0.07241824269294739,0.0,-0.00649261474609375,-0.07867622375488281,,0.0,0.0,0.2,0,degree,degree_u_plus,30,5,7,4,7,1,10.764562976273329,0.9149989674910329,3.2111902236938477,3.2109553813934326,-0.5705612897872925,-0.4981430470943451,0.0,0.0,2.909701108932495,2.916193723678589,5.556911945343018,5.6355881690979,AVAILABLE,0.07241824269294739,1282,1735
0.014522075653076172,0.0,0.0,0.015276670455932617,0.0007543563842773438,0.41100451350212097,0.41100451350212097,3.0,2.0,0.9752898216247559,0.6876077651977539,0.015276670455932617,0.015276670455932617,0.0,1.0,0.28768205642700195,-0.014522075653076172,0.0,0.0,0.015276670455932617,0.0007543563842773438,,0.0,0.0,0.2,0,cn,cn_plus,30,4,7,4,7,1,0.9506041377881018,0.4873383170744447,3.1964333057403564,3.2109553813934326,-0.4981430470943451,-0.4981430470943451,0.0,0.0,2.9314703941345215,2.916193723678589,5.636342525482178,5.6355881690979,AVAILABLE,0.014522075653076172,1282,1735
0.000873565673828125,0.3233703374862671,0.0,0.011258125305175781,0.33550214767456055,0.12096263468265533,0.019220560789108276,1.0,1.0,0.5721845626831055,0.673926591873169,0.012131690979003906,0.012131690979003906,0.10174207389354706,0.0,-0.10174202919006348,-0.000873565673828125,-0.3233703374862671,0.0,-0.011258125305175781,-0.33550214767456055,,0.0,0.0,0.2,0,degree,degree_u_plus,31,2,65,1,65,1,26.65498746185038,0.9638401571731144,3.252546787261963,3.253420352935791,1.6489626169204712,1.9723329544067383,0.0,0.0,2.8309438228607178,2.8422019481658936,7.739035129547119,8.07453727722168,AVAILABLE,0.3233703374862671,1440,1701
,,,,,,,,,,,,,,,,,,,,,NO_CANDIDATE,,,,,cn,cn,31,,,,,,,,,,,,,,,,,,MISSING,,1440,1701
6.961822509765625e-05,0.043553709983825684,0.0,0.0014178752899169922,0.04206562042236328,0.46101346611976624,0.4672214388847351,1.0,1.0,0.23213371634483337,0.2259257435798645,0.0014874935150146484,0.0014874935150146484,-0.006207972764968872,0.0,0.006207972764968872,-6.961822509765625e-05,0.043553709983825684,0.0,-0.0014178752899169922,0.04206562042236328,,0.0,0.0,0.2,0,degree,degree_u_plus,32,19,4,18,4,1,29.27973584210104,0.9669746128164831,3.238002300262451,3.238071918487549,0.30754828453063965,0.26399457454681396,0.0,0.0,2.911256790161133,2.91267466545105,6.463388919830322,6.421323299407959,AVAILABLE,0.043553709983825684,118,581
0.0046024322509765625,0.0,0.0,0.003258228302001953,0.0013446807861328125,0.4672214388847351,0.4672214388847351,2.0,1.0,0.6313908696174622,0.2259257435798645,0.003258228302001953,0.003258228302001953,0.0,1.0,0.40546512603759766,-0.0046024322509765625,0.0,0.0,0.003258228302001953,-0.0013446807861328125,,0.0,0.0,0.2,0,cn,cn_plus,32,18,4,18,4,1,1.4125523747445663,0.5855012266393276,3.2334694862365723,3.238071918487549,0.26399457454681396,0.26399457454681396,0.0,0.0,2.9159328937530518,2.91267466545105,6.419978618621826,6.421323299407959,AVAILABLE,0.0046024322509765625,118,581
0.13532277941703796,0.16780124604701996,0.0,0.010134696960449219,0.04261326789855957,0.4047253727912903,0.31276047229766846,0.0,0.0,-0.4047253727912903,-0.31276047229766846,0.14545747637748718,0.14545747637748718,0.09196490049362183,0.0,-0.09196490049362183,0.13532277941703796,-0.16780124604701996,0.0,-0.010134696960449219,-0.04261326789855957,,0.0,0.0,0.2,0,degree,degree_u_plus,33,4,8,3,8,1,1.1536102419063319,0.5356634266770479,-0.44518235325813293,-0.5805051326751709,-0.4115866720676422,-0.24378542602062225,0.0,0.0,2.987281084060669,2.997415781021118,2.137094020843506,2.1797072887420654,AVAILABLE,0.16780124604701996,124,1367
3.8170559406280518,0.0,0.0,0.0070323944091796875,3.810023069381714,0.31276047229766846,0.31276047229766846,1.0,0.0,0.38038671016693115,-0.31276047229766846,0.0070323944091796875,0.0070323944091796875,0.0,1.0,0.6931471824645996,3.8170559406280518,0.0,0.0,-0.0070323944091796875,3.810023069381714,,0.0,0.0,0.2,0,cn,cn_plus,33,3,8,3,8,1,542.7810629953948,0.9981610245960175,3.236550807952881,-0.5805051326751709,-0.24378542602062225,-0.24378542602062225,0.0,0.0,2.9903833866119385,2.997415781021118,5.989730358123779,2.1797072887420654,AVAILABLE,3.8170559406280518,124,1367
1.7881393432617188e-05,0.0336378812789917,0.0,0.002362966537475586,0.03598308563232422,0.006690463051199913,0.006690463051199913,1.0,1.0,0.6864567399024963,0.6864567399024963,0.002380847930908203,0.002380847930908203,0.0,0.0,0.0,-1.7881393432617188e-05,0.0336378812789917,0.0,0.002362966537475586,0.03598308563232422,,0.0,0.0,0.2,0,degree,degree_u_plus,34,18,1,17,1,1,14.128470599738884,0.9338994650247553,3.21920108795166,3.2192189693450928,1.5709614753723145,1.5373235940933228,0.0,0.0,2.9669547080993652,2.9645917415618896,7.763699054718018,7.727715969085693,AVAILABLE,0.0336378812789917,1042,1517
,,,,,,,,,,,,,,,,,,,,,NO_CANDIDATE,,,,,cn,cn,34,,,,,,,,,,,,,,,,,,MISSING,,1042,1517
0.07514703273773193,0.11889714002609253,0.0,0.00010704994201660156,0.1941511631011963,0.29481109976768494,0.22577904164791107,0.0,0.0,-0.29481109976768494,-0.22577904164791107,0.07525408267974854,0.07525408267974854,0.06903205811977386,0.0,-0.06903205811977386,0.07514703273773193,0.11889714002609253,0.0,0.00010704994201660156,0.1941511631011963,,0.0,0.0,0.2,0,degree,degree_u_plus,35,6,3,5,3,1,1.5799425093339632,0.612394463681999,-0.6058847904205322,-0.6810318231582642,-0.4740087389945984,-0.5929058790206909,0.0,0.0,2.86879563331604,2.8686885833740234,1.7954840660095215,1.6013329029083252,AVAILABLE,0.11889714002609253,492,1533
3.932604432106018,0.0,0.0,0.02253270149230957,3.95513653755188,0.22577904164791107,0.22577904164791107,1.0,0.0,0.46736812591552734,-0.22577904164791107,0.02253270149230957,0.02253270149230957,0.0,1.0,0.6931471675634384,3.932604432106018,0.0,0.0,0.02253270149230957,3.95513653755188,,0.0,0.0,0.2,0,cn,cn_plus,35,5,3,5,3,1,174.52868171006486,0.9943029253666259,3.251572608947754,-0.6810318231582642,-0.5929058790206909,-0.5929058790206909,0.0,0.0,2.891221284866333,2.8686885833740234,5.556469440460205,1.6013329029083252,AVAILABLE,3.932604432106018,492,1533
0.021988868713378906,0.09636497497558594,0.0,0.037075042724609375,0.08127880096435547,0.18635404109954834,0.15886813402175903,0.0,0.0,-0.18635404109954834,-0.15886813402175903,0.05906391143798828,0.05906391143798828,0.027485907077789307,0.0,-0.027485907077789307,0.021988868713378906,0.09636497497558594,0.0,-0.037075042724609375,0.08127880096435547,,0.0,0.0,0.2,0,degree,degree_u_plus,36,4,3,3,3,1,1.6315370302115877,0.6199939470661391,-0.7175617218017578,-0.7395505905151367,-0.6934921741485596,-0.7898571491241455,0.0,0.0,2.7791764736175537,2.816251516342163,1.3747045993804932,1.2934257984161377,AVAILABLE,0.09636497497558594,972,1000
3.9975967407226562,0.0,0.0,0.11111593246459961,4.108712434768677,0.15886813402175903,0.15886813402175903,1.0,0.0,0.5342790484428406,-0.15886813402175903,0.11111593246459961,0.11111593246459961,0.0,1.0,0.6931471824645996,3.9975967407226562,0.0,0.0,0.11111593246459961,4.108712434768677,,0.0,0.0,0.2,0,cn,cn_plus,36,3,3,3,3,1,35.976806316485586,0.9729560202836078,3.2580461502075195,-0.7395505905151367,-0.7898571491241455,-0.7898571491241455,0.0,0.0,2.9273674488067627,2.816251516342163,5.4021382331848145,1.2934257984161377,AVAILABLE,3.9975967407226562,972,1000
0.00021564960479736328,0.010066211223602295,0.0,0.1574249267578125,0.1672755479812622,0.0022547768894582987,0.001801587175577879,0.0,0.0,-0.0022547768894582987,-0.001801587175577879,0.15764057636260986,0.15764057636260986,0.00045318971388041973,0.0,-0.00045318971388041973,0.00021564960479736328,-0.010066211223602295,0.0,-0.1574249267578125,-0.1672755479812622,,0.0,0.0,0.2,0,degree,degree_u_plus,37,2,1,1,1,1,0.06385545407987558,0.06002267867781334,-0.8473657369613647,-0.8475813865661621,-0.6883060932159424,-0.6782398819923401,0.0,0.0,2.7112228870391846,2.868647813796997,1.1821330785751343,1.3494086265563965,AVAILABLE,0.010066211223602295,468,647
4.093721389770508,0.0,0.0,0.05842471122741699,4.152145862579346,0.001801587175577879,0.001801587175577879,1.0,0.0,0.6913455724716187,-0.001801587175577879,0.05842471122741699,0.05842471122741699,0.0,1.0,0.6931471596471965,4.093721389770508,0.0,0.0,0.05842471122741699,4.152145862579346,,0.0,0.0,0.2,0,cn,cn_plus,37,1,1,1,1,1,70.06830847914162,0.9859290305144451,3.2461400032043457,-0.8475813865661621,-0.6782398819923401,-0.6782398819923401,0.0,0.0,2.927072525024414,2.868647813796997,5.501554489135742,1.3494086265563965,AVAILABLE,4.093721389770508,468,647
0.00075531005859375,0.33669859170913696,0.0,0.040233612060546875,0.29722023010253906,0.0040603079833090305,0.002474823733791709,0.0,0.0,-0.0040603079833090305,-0.002474823733791709,0.040988922119140625,0.040988922119140625,0.0015854842495173216,0.0,-0.0015854842495173216,0.00075531005859375,0.33669859170913696,0.0,-0.040233612060546875,0.29722023010253906,,0.0,0.0,0.2,0,degree,degree_u_plus,38,5,1,4,1,1,8.214378230944655,0.8914739578801205,-0.8465054035186768,-0.8472607135772705,0.29884204268455505,-0.03785654902458191,0.0,0.0,-2.1101887226104736,-2.0699551105499268,-2.6512701511383057,-2.9484903812408447,AVAILABLE,0.33669859170913696,121,1910
4.076893091201782,0.0,0.0,1.6120358407497406,5.688928842544556,0.002474823733791709,0.002474823733791709,1.0,0.0,0.6906723380088806,-0.002474823733791709,1.6120358407497406,1.6120358407497406,0.0,1.0,0.6931471617426723,4.076893091201782,0.0,0.0,1.6120358407497406,5.688928842544556,,0.0,0.0,0.2,0,cn,cn_plus,38,4,1,4,1,1,2.5290337614425034,0.7166363181543361,3.2296323776245117,-0.8472607135772705,-0.03785654902458191,-0.03785654902458191,0.0,0.0,-0.45791926980018616,-2.0699551105499268,2.740438461303711,-2.9484903812408447,AVAILABLE,4.076893091201782,121,1910
0.14164471626281738,0.5330237150192261,0.0,0.5270140171051025,0.1356348991394043,0.19668571650981903,-0.0026647511404007673,0.0,0.0,-0.19668571650981903,0.0026647511404007673,0.6686587333679199,0.6686587333679199,0.1993504676502198,0.0,-0.1993504676502198,0.14164471626281738,-0.5330237150192261,0.0,0.5270140171051025,0.1356348991394043,,0.0,0.0,0.2,0,degree,degree_u_plus,39,2,26,1,26,1,0.7971535859001508,0.4435645301293912,-0.7080621719360352,-0.8497068881988525,1.2136931419372559,1.746716856956482,0.0,0.0,2.809536933898926,2.2825229167938232,3.3217499256134033,3.186115026473999,AVAILABLE,0.5330237150192261,547,598
4.092352390289307,0.0,0.0,0.002705097198486328,4.089647054672241,-0.0026647511404007673,-0.0026647511404007673,1.0,0.0,0.695811927318573,0.0026647511404007673,0.002705097198486328,0.002705097198486328,0.0,1.0,0.6931471761781722,4.092352390289307,0.0,0.0,-0.002705097198486328,4.089647054672241,,0.0,0.0,0.2,0,cn,cn_plus,39,1,26,1,26,1,1512.8244797763382,0.9993394214366598,3.242645502090454,-0.8497068881988525,1.746716856956482,1.746716856956482,0.0,0.0,2.279817819595337,2.2825229167938232,7.27576208114624,3.186115026473999,AVAILABLE,4.092352390289307,547,598
0.00010502338409423828,0.31029847264289856,0.0,0.17683029174804688,0.13357317447662354,0.002474823733791709,0.0022547768894582987,0.0,0.0,-0.002474823733791709,-0.0022547768894582987,0.1769353151321411,0.1769353151321411,0.00022004684433341026,0.0,-0.00022004684433341026,0.00010502338409423828,0.31029847264289856,0.0,-0.17683029174804688,0.13357317447662354,,0.0,0.0,0.2,0,degree,degree_u_plus,40,3,1,2,1,1,1.7537395226824122,0.6368574472047734,-0.8472607135772705,-0.8473657369613647,-0.3780076205730438,-0.6883060932159424,0.0,0.0,2.7577149868011475,2.9345452785491943,1.5390286445617676,1.405455470085144,AVAILABLE,0.31029847264289856,452,1258
4.0762470960617065,0.0,0.0,0.0414423942565918,4.117689251899719,0.0022547768894582987,0.0022547768894582987,1.0,0.0,0.6908923983573914,-0.0022547768894582987,0.0414423942565918,0.0414423942565918,0.0,1.0,0.6931471752468497,4.0762470960617065,0.0,0.0,0.0414423942565918,4.117689251899719,,0.0,0.0,0.2,0,cn,cn_plus,40,2,1,2,1,1,98.35932951243633,0.9899355198459262,3.228881359100342,-0.8473657369613647,-0.6883060932159424,-0.6883060932159424,0.0,0.0,2.975987672805786,2.9345452785491943,5.523144721984863,1.405455470085144,AVAILABLE,4.0762470960617065,452,1258
0.0023355484008789062,0.22747153788805008,0.0,0.014734268188476562,0.2398700714111328,0.3910866975784302,0.32256245613098145,3.0,3.0,0.995207667350769,1.0637319087982178,0.01706981658935547,0.01706981658935547,0.06852424144744873,0.0,-0.06852424144744873,0.0023355484008789062,-0.22747153788805008,0.0,-0.014734268188476562,-0.2398700714111328,,0.0,0.0,0.2,0,degree,degree_u_plus,41,4,12,3,12,1,13.325943101841379,0.930196567661122,3.231759548187256,3.229423999786377,-0.08076854795217514,0.14670298993587494,0.0,0.0,2.8992369174957275,2.913971185684204,6.056809902191162,6.296679973602295,AVAILABLE,0.22747153788805008,1109,2671
,,,,,,,,,,,,,,,,,,,,,NO_CANDIDATE,,,,,cn,cn,41,,,,,,,,,,,,,,,,,,MISSING,,1109,2671
0.0003705024719238281,0.19677677750587463,0.0,0.12675189971923828,0.3238992691040039,0.4174328148365021,0.3566613495349884,1.0,1.0,0.27571436762809753,0.3364858329296112,0.1271224021911621,0.1271224021911621,0.06077146530151367,0.0,-0.06077146530151367,-0.0003705024719238281,-0.19677677750587463,0.0,-0.12675189971923828,-0.3238992691040039,,0.0,0.0,0.2,0,degree,degree_u_plus,42,4,9,3,9,1,1.5479314317129917,0.6075247600647977,3.247274875640869,3.247645378112793,-0.32776084542274475,-0.13098406791687012,0.0,0.0,2.4901249408721924,2.6168768405914307,5.416220664978027,5.740119934082031,AVAILABLE,0.19677677750587463,1365,1702
0.006613254547119141,0.0,0.0,0.2992987632751465,0.29268550872802734,0.3566613495349884,0.3566613495349884,2.0,1.0,0.7419509887695312,0.3364858329296112,0.2992987632751465,0.2992987632751465,0.0,1.0,0.40546515583992004,-0.006613254547119141,0.0,0.0,0.2992987632751465,0.29268550872802734,,0.0,0.0,0.2,0,cn,cn_plus,42,3,9,3,9,1,0.02209582910999622,0.021618157985476238,3.241032123565674,3.247645378112793,-0.13098406791687012,-0.13098406791687012,0.0,0.0,2.916175603866577,2.6168768405914307,6.032805442810059,5.740119934082031,AVAILABLE,0.006613254547119141,1365,1702
0.0021560192108154297,0.23207688331604004,0.0,0.004449605941772461,0.23868227005004883,0.5947108864784241,0.29805782437324524,1.0,1.0,0.09843629598617554,0.39508935809135437,0.006605625152587891,0.006605625152587891,0.29665306210517883,0.0,-0.29665306210517883,-0.0021560192108154297,-0.23207688331604004,0.0,-0.004449605941772461,-0.23868227005004883,,0.0,0.0,0.2,0,degree,degree_u_plus,43,3,139,2,139,1,35.13316705436255,0.9723245958901002,3.2101259231567383,3.2122819423675537,1.6391936540603638,1.8712705373764038,0.0,0.0,2.8299920558929443,2.834441661834717,7.685893535614014,7.9245758056640625,AVAILABLE,0.23207688331604004,326,1358
0.012811422348022461,0.0,0.0,0.010236501693725586,0.002574443817138672,0.29805782437324524,0.29805782437324524,2.0,1.0,0.8005545139312744,0.39508935809135437,0.010236501693725586,0.010236501693725586,0.0,1.0,0.40546515583992004,-0.012811422348022461,0.0,0.0,0.010236501693725586,-0.002574443817138672,,0.0,0.0,0.2,0,cn,cn_plus,43,2,139,2,139,1,1.2515418075353886,0.5558599015780067,3.1994705200195312,3.2122819423675537,1.8712705373764038,1.8712705373764038,0.0,0.0,2.8446781635284424,2.834441661834717,7.922001361846924,7.9245758056640625,AVAILABLE,0.012811422348022461,326,1358
0.06412029266357422,0.05602443218231201,0.0,0.07996773719787598,0.07187187671661377,0.15886813402175903,0.07427853345870972,0.0,0.0,-0.15886813402175903,-0.07427853345870972,0.1440880298614502,0.1440880298614502,0.08458960056304932,0.0,-0.08458960056304932,0.06412029266357422,-0.05602443218231201,0.0,-0.07996773719787598,-0.07187187671661377,,0.0,0.0,0.2,0,degree,degree_u_plus,44,3,3,2,3,1,0.3888208364565377,0.2799647198904231,-0.7395505905151367,-0.8036708831787109,-0.7898571491241455,-0.7338327169418335,0.0,0.0,2.7248644828796387,2.8048322200775146,1.2020387649536133,1.273910641670227,AVAILABLE,0.05602443218231201,718,2059
4.028499603271484,0.0,0.0,0.15502381324768066,4.183523058891296,0.07427853345870972,0.07427853345870972,1.0,0.0,0.6188686490058899,-0.07427853345870972,0.15502381324768066,0.15502381324768066,0.0,1.0,0.6931471824645996,4.028499603271484,0.0,0.0,0.15502381324768066,4.183523058891296,,0.0,0.0,0.2,0,cn,cn_plus,44,2,3,2,3,1,25.98632596510779,0.9629441962091113,3.2248287200927734,-0.8036708831787109,-0.7338327169418335,-0.7338327169418335,0.0,0.0,2.9598560333251953,2.8048322200775146,5.457433700561523,1.273910641670227,AVAILABLE,4.028499603271484,718,2059
0.0005588531494140625,0.07973480224609375,0.0,0.0035076141357421875,0.08268356323242188,0.2630515396595001,0.22577904164791107,3.0,3.0,1.1232428550720215,1.160515308380127,0.00406646728515625,0.00406646728515625,0.03727249801158905,0.0,-0.03727245330810547,0.0005588531494140625,-0.07973480224609375,0.0,-0.0035076141357421875,-0.08268356323242188,,0.0,0.0,0.2,0,degree,degree_u_plus,45,4,5,3,5,1,19.607831706609428,0.9514747590024585,3.211735248565674,3.2111763954162598,-0.6726406812667847,-0.5929058790206909,0.0,0.0,2.9951822757720947,2.998689889907837,5.540858745574951,5.623542308807373,AVAILABLE,0.07973480224609375,1085,1421
,,,,,,,,,,,,,,,,,,,,,NO_CANDIDATE,,,,,cn,cn,45,,,,,,,,,,,,,,,,,,MISSING,,1085,1421
0.00021457672119140625,0.031623244285583496,0.0,0.2803077697753906,0.24847006797790527,0.0018040386494249105,0.0022547768894582987,0.0,0.0,-0.0018040386494249105,-0.0022547768894582987,0.28052234649658203,0.28052234649658203,-0.00045073824003338814,0.0,0.00045073824003338814,-0.00021457672119140625,-0.031623244285583496,0.0,0.2803077697753906,0.24847006797790527,,0.0,0.0,0.2,0,degree,degree_u_plus,46,2,0,1,0,1,0.11272985397856802,0.10130927428207502,-0.8475803136825562,-0.8473657369613647,1.4487800598144531,1.4804033041000366,0.0,0.0,2.7302134037017822,2.4499056339263916,3.3379952907562256,3.0895252227783203,AVAILABLE,0.031623244285583496,166,2617
,,,,,,,,,,,,,,,,,,,,,NO_CANDIDATE,,,,,cn,cn,46,,,,,,,,,,,,,,,,,,MISSING,,166,2617
2.002716064453125e-05,0.18778645992279053,0.0,0.01199197769165039,0.199798583984375,0.6234710812568665,0.5526228547096252,1.0,1.0,0.06967610120773315,0.14052432775497437,0.012012004852294922,0.012012004852294922,0.07084822654724121,0.0,-0.07084822654724121,-2.002716064453125e-05,-0.18778645992279053,0.0,-0.01199197769165039,-0.199798583984375,,0.0,0.0,0.2,0,degree,degree_u_plus,47,5,27,4,27,1,15.633219092042124,0.9398793465975307,3.2321553230285645,3.232175350189209,0.38713395595550537,0.5749204158782959,0.0,0.0,2.948448419570923,2.9604403972625732,6.574319362640381,6.774117946624756,AVAILABLE,0.18778645992279053,1856,2045
0.005772113800048828,0.0,0.0,0.005929470062255859,0.00015735626220703125,0.5526228547096252,0.5526228547096252,2.0,1.0,0.545989453792572,0.14052432775497437,0.005929470062255859,0.005929470062255859,0.0,1.0,0.40546512603759766,-0.005772113800048828,0.0,0.0,0.005929470062255859,0.00015735626220703125,,0.0,0.0,0.2,0,cn,cn_plus,47,4,27,4,27,1,0.9734603606800625,0.4932758620723469,3.22640323638916,3.232175350189209,0.5749204158782959,0.5749204158782959,0.0,0.0,2.966369867324829,2.9604403972625732,6.774275302886963,6.774117946624756,AVAILABLE,0.005772113800048828,1856,2045
0.00021564960479736328,0.9022349119186401,0.0,4.00442099571228,4.906440258026123,0.0022547768894582987,0.001801587175577879,0.0,0.0,-0.0022547768894582987,-0.001801587175577879,4.004636645317078,4.004636645317078,0.00045318971388041973,0.0,-0.00045318971388041973,0.00021564960479736328,-0.9022349119186401,0.0,-4.00442099571228,-4.906440258026123,,0.0,0.0,0.2,0,degree,degree_u_plus,48,1,0,0,0,1,0.22529757118432092,0.18387171939511623,-0.8473657369613647,-0.8475813865661621,1.4804033041000366,2.3826382160186768,0.0,0.0,-1.4214646816253662,2.582956314086914,-0.7818450927734375,4.1245951652526855,AVAILABLE,0.9022349119186401,307,991
,,,,,,,,,,,,,,,,,,,,,NO_CANDIDATE,,,,,cn,cn,48,,,,,,,,,,,,,,,,,,MISSING,,307,991
0.0003452301025390625,0.17207062244415283,0.0,0.280667781829834,0.45308351516723633,0.22577904164791107,0.09556321799755096,1.0,1.0,0.46736812591552734,0.5975839495658875,0.28101301193237305,0.28101301193237305,0.1302158236503601,0.0,-0.1302158236503601,-0.0003452301025390625,-0.17207062244415283,0.0,-0.280667781829834,-0.45308351516723633,,0.0,0.0,0.2,0,degree,degree_u_plus,49,3,5,2,5,1,0.6123225936681409,0.3797767246287025,3.2190866470336914,3.2194318771362305,-0.5929058790206909,-0.4208352565765381,0.0,0.0,2.6544511318206787,2.9351189136505127,5.2872138023376465,5.740297317504883,AVAILABLE,0.17207062244415283,958,1798
0.003858327865600586,0.0,0.0,0.03150296211242676,0.035361289978027344,0.09556321799755096,0.09556321799755096,2.0,1.0,1.0030491352081299,0.5975839495658875,0.03150296211242676,0.03150296211242676,0.0,1.0,0.40546518564224243,0.003858327865600586,0.0,0.0,0.03150296211242676,0.035361289978027344,,0.0,0.0,0.2,0,cn,cn_plus,49,2,5,2,5,1,0.12247504304771988,0.1091115956709187,3.223290205001831,3.2194318771362305,-0.4208352565765381,-0.4208352565765381,0.0,0.0,2.9666218757629395,2.9351189136505127,5.77565860748291,5.740297317504883,AVAILABLE,0.003858327865600586,958,1798
0.00016832351684570312,0.0016393661499023438,0.0,0.0006456375122070312,0.002117156982421875,0.3238118886947632,0.29805782437324524,1.0,1.0,0.3693352937698364,0.39508935809135437,0.0008139610290527344,0.0008139610290527344,0.025754064321517944,0.0,-0.025754064321517944,-0.00016832351684570312,0.0016393661499023438,0.0,0.0006456375122070312,0.002117156982421875,,0.0,0.0,0.2,0,degree,degree_u_plus,50,140,2,139,2,1,2.014035010324839,0.6682188506190495,3.2084856033325195,3.2086539268493652,1.8729099035263062,1.8712705373764038,0.0,0.0,2.8528292179107666,2.8521835803985596,7.940806865692139,7.938689708709717,AVAILABLE,0.0016393661499023438,1358,1568
0.00605010986328125,0.0,0.0,0.012913227081298828,0.018962860107421875,0.29805782437324524,0.29805782437324524,2.0,1.0,0.8005545139312744,0.39508935809135437,0.012913227081298828,0.012913227081298828,0.0,1.0,0.40546515583992004,-0.00605010986328125,0.0,0.0,-0.012913227081298828,-0.018962860107421875,,0.0,0.0,0.2,0,cn,cn_plus,50,139,2,139,2,1,0.4685200020096528,0.3190423020241389,3.202603816986084,3.2086539268493652,1.8712705373764038,1.8712705373764038,0.0,0.0,2.8392703533172607,2.8521835803985596,7.919726848602295,7.938689708709717,AVAILABLE,0.00605010986328125,1358,1568
0.00019407272338867188,0.12122905254364014,0.0,0.00086212158203125,0.12228536605834961,0.31828421354293823,0.29481109976768494,1.0,1.0,0.3748629689216614,0.3983360826969147,0.0010561943054199219,0.0010561943054199219,0.023473113775253296,0.0,-0.023473113775253296,0.00019407272338867188,0.12122905254364014,0.0,0.00086212158203125,0.12228536605834961,,0.0,0.0,0.2,0,degree,degree_u_plus,51,7,3,6,3,1,114.7780329255923,0.9913627829500034,3.2331881523132324,3.2329940795898438,-0.35277968645095825,-0.4740087389945984,0.0,0.0,2.9910428524017334,2.990180730819702,5.87803316116333,5.7557477951049805,AVAILABLE,0.12122905254364014,1501,2228
0.013691186904907227,0.0,0.0,0.00903940200805664,0.004651546478271484,0.29481109976768494,0.29481109976768494,2.0,1.0,0.8038011789321899,0.3983360826969147,0.00903940200805664,0.00903940200805664,0.0,1.0,0.40546509623527527,-0.013691186904907227,0.0,0.0,0.00903940200805664,-0.004651546478271484,,0.0,0.0,0.2,0,cn,cn_plus,51,6,3,6,3,1,1.5146103411045493,0.6023240723806348,3.2193028926849365,3.2329940795898438,-0.4740087389945984,-0.4740087389945984,0.0,0.0,2.999220132827759,2.990180730819702,5.751096248626709,5.7557477951049805,AVAILABLE,0.013691186904907227,1501,2228
0.00021314620971679688,0.10058629512786865,0.0,0.0016503334045410156,0.0987234115600586,0.22577904164791107,0.18635404109954834,1.0,1.0,0.46736812591552734,0.5067931413650513,0.0018634796142578125,0.0018634796142578125,0.03942500054836273,0.0,-0.039425015449523926,-0.00021314620971679688,0.10058629512786865,0.0,-0.0016503334045410156,0.0987234115600586,,0.0,0.0,0.2,0,degree,degree_u_plus,52,5,3,4,3,1,53.97738434293877,0.9818107024924616,3.2436115741729736,3.2438247203826904,-0.5929058790206909,-0.6934921741485596,0.0,0.0,2.96025013923645,2.961900472640991,5.617537975311279,5.518814563751221,AVAILABLE,0.10058629512786865,14,2668
0.010956525802612305,0.0,0.0,0.0012469291687011719,0.009709358215332031,0.18635404109954834,0.18635404109954834,2.0,1.0,0.9122582674026489,0.5067931413650513,0.0012469291687011719,0.0012469291687011719,0.0,1.0,0.40546512603759766,-0.010956525802612305,0.0,0.0,0.0012469291687011719,-0.009709358215332031,,0.0,0.0,0.2,0,cn,cn_plus,52,4,3,4,3,1,8.786736416360043,0.8978208917194964,3.232868194580078,3.2438247203826904,-0.6934921741485596,-0.6934921741485596,0.0,0.0,2.9631474018096924,2.961900472640991,5.509105205535889,5.518814563751221,AVAILABLE,0.010956525802612305,14,2668
0.044834017753601074,0.16675734519958496,0.0,0.042659759521484375,0.1645827293395996,0.6293670535087585,0.5947108864784241,0.0,0.0,-0.6293670535087585,-0.5947108864784241,0.08749377727508545,0.08749377727508545,0.03465616703033447,0.0,-0.03465616703033447,0.044834017753601074,-0.16675734519958496,0.0,-0.042659759521484375,-0.1645827293395996,,0.0,0.0,0.2,0,degree,degree_u_plus,53,4,139,3,139,1,1.9059335570340599,0.6558765090896814,-0.1323506236076355,-0.17718464136123657,1.4724363088607788,1.6391936540603638,0.0,0.0,2.7934389114379883,2.8360986709594727,4.140106678009033,4.304689407348633,AVAILABLE,0.16675734519958496,1038,1358
3.3867786526679993,0.0,0.0,0.00040841102600097656,3.3871874809265137,0.5947108864784241,0.5947108864784241,1.0,0.0,0.09843629598617554,-0.5947108864784241,0.00040841102600097656,0.00040841102600097656,0.0,1.0,0.6931471824645996,3.3867786526679993,0.0,0.0,0.00040841102600097656,3.3871874809265137,,0.0,0.0,0.2,0,cn,cn_plus,53,3,139,3,139,1,8292.370953154359,0.9998794217688262,3.2095940113067627,-0.17718464136123657,1.6391936540603638,1.6391936540603638,0.0,0.0,2.8365070819854736,2.8360986709594727,7.6918768882751465,4.304689407348633,AVAILABLE,3.3867786526679993,1038,1358
0.10724949836730957,0.17207062244415283,0.0,0.003373384475708008,0.06819450855255127,0.22577904164791107,0.09556321799755096,0.0,0.0,-0.22577904164791107,-0.09556321799755096,0.11062288284301758,0.11062288284301758,0.1302158236503601,0.0,-0.1302158236503601,0.10724949836730957,-0.17207062244415283,0.0,-0.003373384475708008,-0.06819450855255127,,0.0,0.0,0.2,0,degree,degree_u_plus,54,3,5,2,5,1,1.5554702830664022,0.608682594892059,-0.6810318231582642,-0.7882813215255737,-0.5929058790206909,-0.4208352565765381,0.0,0.0,2.8581509590148926,2.8615243434906006,1.5907952785491943,1.6589897871017456,AVAILABLE,0.17207062244415283,1385,2335
4.033592581748962,0.0,0.0,0.02944493293762207,4.0630375146865845,0.09556321799755096,0.09556321799755096,1.0,0.0,0.5975839495658875,-0.09556321799755096,0.02944493293762207,0.02944493293762207,0.0,1.0,0.6931471675634384,4.033592581748962,0.0,0.0,0.02944493293762207,4.0630375146865845,,0.0,0.0,0.2,0,cn,cn_plus,54,2,5,2,5,1,136.98761754417274,0.9927529729275898,3.2453112602233887,-0.7882813215255737,-0.4208352565765381,-0.4208352565765381,0.0,0.0,2.8909692764282227,2.8615243434906006,5.72202730178833,1.6589897871017456,AVAILABLE,4.033592581748962,1385,2335
0.060228943824768066,0.7956875115633011,0.0,0.006022930145263672,0.7294356822967529,0.1002340093255043,0.007277398835867643,0.0,0.0,-0.1002340093255043,-0.007277398835867643,0.06625187397003174,0.06625187397003174,0.09295661048963666,0.0,-0.09295661048963666,0.060228943824768066,-0.7956875115633011,0.0,0.006022930145263672,-0.7294356822967529,,0.0,0.0,0.2,0,degree,degree_u_plus,55,2,6,1,6,1,12.010036000232402,0.9231362618841226,-0.7847423553466797,-0.8449712991714478,-0.2356102019548416,0.5600773096084595,0.0,0.0,2.9378879070281982,2.9318649768829346,1.9241173267364502,2.653553009033203,AVAILABLE,0.7956875115633011,647,904
4.0977543592453,0.0,0.0,0.004938602447509766,4.1026930809021,0.007277398835867643,0.007277398835867643,1.0,0.0,0.6858698129653931,-0.007277398835867643,0.004938602447509766,0.004938602447509766,0.0,1.0,0.6931472118012607,4.0977543592453,0.0,0.0,0.004938602447509766,4.1026930809021,,0.0,0.0,0.2,0,cn,cn_plus,55,1,6,1,6,1,829.7379887161509,0.9987962510279018,3.2527830600738525,-0.8449712991714478,0.5600773096084595,0.5600773096084595,0.0,0.0,2.9368035793304443,2.9318649768829346,6.756246089935303,2.653553009033203,AVAILABLE,4.0977543592453,647,904
0.17810040712356567,0.141788087785244,0.0,0.003643512725830078,0.039955854415893555,0.7200585603713989,0.585216224193573,0.0,0.0,-0.7200585603713989,-0.585216224193573,0.18174391984939575,0.18174391984939575,0.13484233617782593,0.0,-0.13484233617782593,0.17810040712356567,-0.141788087785244,0.0,0.003643512725830078,0.039955854415893555,,0.0,0.0,0.2,0,degree,degree_u_plus,56,6,22,5,22,1,0.7801530862832028,0.4382505596257967,-0.01175948977470398,-0.18985989689826965,0.09719204157590866,0.23898012936115265,0.0,0.0,2.960197687149048,2.9565541744232178,3.0522122383117676,3.012256383895874,AVAILABLE,0.141788087785244,1849,1914
3.419775038957596,0.0,0.0,0.001032114028930664,3.4187428951263428,0.585216224193573,0.585216224193573,1.0,0.0,0.10793095827102661,-0.585216224193573,0.001032114028930664,0.001032114028930664,0.0,1.0,0.6931471824645996,3.419775038957596,0.0,0.0,-0.001032114028930664,3.4187428951263428,,0.0,0.0,0.2,0,cn,cn_plus,56,5,22,5,22,1,3313.337295809949,0.9996982805578466,3.229915142059326,-0.18985989689826965,0.23898012936115265,0.23898012936115265,0.0,0.0,2.955522060394287,2.9565541744232178,6.430999279022217,3.012256383895874,AVAILABLE,3.419775038957596,1849,1914
0.0,0.18757343292236328,0.0,0.002644062042236328,0.1902174949645996,0.09556321799755096,0.09556321799755096,0.0,0.0,-0.09556321799755096,-0.09556321799755096,0.002644062042236328,0.002644062042236328,0.0,0.0,0.0,0.0,0.18757343292236328,0.0,0.002644062042236328,0.1902174949645996,,0.0,0.0,0.2,0,degree,degree_u_plus,57,5,2,4,2,1,70.94112033487396,0.986099743855181,-0.7882813215255737,-0.7882813215255737,-0.4208352565765381,-0.6084086894989014,0.0,0.0,2.9823269844055176,2.9796829223632812,1.7797924280166626,1.589574933052063,AVAILABLE,0.18757343292236328,1773,1780
4.028905749320984,0.0,0.0,0.013706445693969727,4.015199065208435,0.09556321799755096,0.09556321799755096,1.0,0.0,0.5975839495658875,-0.09556321799755096,0.013706445693969727,0.013706445693969727,0.0,1.0,0.6931471675634384,4.028905749320984,0.0,0.0,-0.013706445693969727,4.015199065208435,,0.0,0.0,0.2,0,cn,cn_plus,57,4,2,4,2,1,293.9422006152572,0.9966095051914783,3.24062442779541,-0.7882813215255737,-0.6084086894989014,-0.6084086894989014,0.0,0.0,2.9659764766693115,2.9796829223632812,5.604773998260498,1.589574933052063,AVAILABLE,4.028905749320984,1773,1780
0.0002911090850830078,0.005908966064453125,0.0,0.000621795654296875,0.0062389373779296875,0.12096263468265533,0.2101929485797882,2.0,2.0,0.9776496887207031,0.8884193897247314,0.0009129047393798828,0.0009129047393798828,-0.08923031389713287,0.0,0.08923029899597168,-0.0002911090850830078,0.005908966064453125,0.0,0.000621795654296875,0.0062389373779296875,,0.0,0.0,0.2,0,degree,degree_u_plus,58,65,2,64,2,1,6.472637377360035,0.866178438816031,3.2390661239624023,3.2393572330474854,1.6489626169204712,1.643053650856018,0.0,0.0,2.986114263534546,2.985492467880249,7.8807244300842285,7.874485492706299,AVAILABLE,0.005908966064453125,306,656
,,,,,,,,,,,,,,,,,,,,,NO_CANDIDATE,,,,,cn,cn,58,,,,,,,,,,,,,,,,,,MISSING,,306,656
0.005254626274108887,0.0617222785949707,0.0,0.006893157958984375,0.04957437515258789,0.4835278391838074,0.48732855916023254,0.0,0.0,-0.4835278391838074,-0.48732855916023254,0.012147784233093262,0.012147784233093262,-0.003800719976425171,0.0,0.003800719976425171,-0.005254626274108887,0.0617222785949707,0.0,-0.006893157958984375,0.04957437515258789,,0.0,0.0,0.2,0,degree,degree_u_plus,59,9,5,8,5,1,5.08094534782501,0.8355518849782669,-0.3274679183959961,-0.3222132921218872,-0.44016480445861816,-0.5018870830535889,0.0,0.0,2.9333674907684326,2.940260648727417,2.172316789627075,2.1227424144744873,AVAILABLE,0.0617222785949707,1351,1535
3.5384422540664673,0.0,0.0,0.0031480789184570312,3.5415899753570557,0.48732855916023254,0.48732855916023254,1.0,0.0,0.20581862330436707,-0.48732855916023254,0.0031480789184570312,0.0031480789184570312,0.0,1.0,0.6931471824645996,3.5384422540664673,0.0,0.0,0.0031480789184570312,3.5415899753570557,,0.0,0.0,0.2,0,cn,cn_plus,59,8,5,8,5,1,1123.9969218533888,0.9991111086789887,3.21622896194458,-0.3222132921218872,-0.5018870830535889,-0.5018870830535889,0.0,0.0,2.943408727645874,2.940260648727417,5.664332389831543,2.1227424144744873,AVAILABLE,3.5384422540664673,1351,1535
0.0001380443572998047,0.3401510715484619,0.0,0.009458541870117188,0.3305544853210449,0.002474823733791709,0.002474823733791709,1.0,1.0,0.6906723380088806,0.6906723380088806,0.009596586227416992,0.009596586227416992,0.0,0.0,0.0,-0.0001380443572998047,0.3401510715484619,0.0,-0.009458541870117188,0.3305544853210449,,0.0,0.0,0.2,0,degree,degree_u_plus,60,4,1,3,1,1,35.444970642472946,0.972561371778563,3.2340891361236572,3.234227180480957,-0.03785654902458191,-0.3780076205730438,0.0,0.0,2.9441287517547607,2.953587293624878,6.146943092346191,5.8163886070251465,AVAILABLE,0.3401510715484619,2457,2458
,,,,,,,,,,,,,,,,,,,,,NO_CANDIDATE,,,,,cn,cn,60,,,,,,,,,,,,,,,,,,MISSING,,2457,2458
0.12219738960266113,0.025389790534973145,0.0,0.0014019012451171875,0.09540581703186035,0.1018887311220169,0.24664060771465302,0.0,0.0,-0.1018887311220169,-0.24664060771465302,0.12359929084777832,0.12359929084777832,-0.1447518765926361,0.0,0.1447518765926361,-0.12219738960266113,0.025389790534973145,0.0,0.0014019012451171875,-0.09540581703186035,,0.0,0.0,0.2,0,degree,degree_u_plus,61,29,3,28,3,1,0.20542017924715084,0.17041375512350115,-0.7834875583648682,-0.661290168762207,0.9195399880409241,0.8941501975059509,0.0,0.0,2.9794461727142334,2.978044271469116,3.1220805644989014,3.2174863815307617,AVAILABLE,0.025389790534973145,109,1805
3.8821325302124023,0.0,0.0,0.0017137527465820312,3.880418300628662,0.24664060771465302,0.24664060771465302,1.0,0.0,0.4465065598487854,-0.24664060771465302,0.0017137527465820312,0.0017137527465820312,0.0,1.0,0.6931471675634384,3.8821325302124023,0.0,0.0,-0.0017137527465820312,3.880418300628662,,0.0,0.0,0.2,0,cn,cn_plus,61,28,3,28,3,1,2265.268362236849,0.9995587459911355,3.2208423614501953,-0.661290168762207,0.8941501975059509,0.8941501975059509,0.0,0.0,2.976330518722534,2.978044271469116,7.097904682159424,3.2174863815307617,AVAILABLE,3.8821325302124023,109,1805
0.0003209114074707031,0.7072490453720093,0.0,1.7720541656017303,2.4796241521835327,-0.00047177443047985435,0.00020231820235494524,0.0,0.0,0.00047177443047985435,-0.00020231820235494524,1.772375077009201,1.772375077009201,-0.0006740926328347996,0.0,0.0006740926328347996,-0.0003209114074707031,-0.7072490453720093,0.0,-1.7720541656017303,-2.4796241521835327,,0.0,0.0,0.2,0,degree,degree_u_plus,62,1,8,0,8,1,0.3990402768329691,0.28522429514058256,-0.8486636877059937,-0.848342776298523,0.8962502479553223,1.6034992933273315,0.0,0.0,-0.12684699892997742,1.645207166671753,-0.07267844676971436,2.4069457054138184,AVAILABLE,0.7072490453720093,907,1351
,,,,,,,,,,,,,,,,,,,,,NO_CANDIDATE,,,,,cn,cn,62,,,,,,,,,,,,,,,,,,MISSING,,907,1351
0.0004544258117675781,0.008181452751159668,0.0,0.08543980121612549,0.09316682815551758,-0.0007524589309468865,0.00020231820235494524,0.0,0.0,0.0007524589309468865,-0.00020231820235494524,0.08589422702789307,0.08589422702789307,-0.0009547771333018318,0.0,0.0009547771333018318,-0.0004544258117675781,0.008181452751159668,0.0,0.08543980121612549,0.09316682815551758,,0.0,0.0,0.2,0,degree,degree_u_plus,63,11,0,10,0,1,0.09525031054764298,0.0869667048987334,-0.8487972021102905,-0.848342776298523,1.6325404644012451,1.6243590116500854,0.0,0.0,1.612392783164978,1.5269529819488525,2.4027180671691895,2.309551239013672,AVAILABLE,0.008181452751159668,748,1617
,,,,,,,,,,,,,,,,,,,,,NO_CANDIDATE,,,,,cn,cn,63,,,,,,,,,,,,,,,,,,MISSING,,748,1617
0.00021564960479736328,0.010066211223602295,0.0,0.0765380859375,0.06668746471405029,0.0022547768894582987,0.001801587175577879,0.0,0.0,-0.0022547768894582987,-0.001801587175577879,0.07675373554229736,0.07675373554229736,0.00045318971388041973,0.0,-0.00045318971388041973,0.00021564960479736328,-0.010066211223602295,0.0,0.0765380859375,0.06668746471405029,,0.0,0.0,0.2,0,degree,degree_u_plus,64,2,1,1,1,1,0.13114944622546165,0.11594351804095818,-0.8473657369613647,-0.8475813865661621,-0.6883060932159424,-0.6782398819923401,0.0,0.0,2.7417819499969482,2.6652438640594482,1.212692141532898,1.1460046768188477,AVAILABLE,0.010066211223602295,1357,2170
4.076510429382324,0.0,0.0,0.260939359664917,4.337449550628662,0.001801587175577879,0.001801587175577879,1.0,0.0,0.6913455724716187,-0.001801587175577879,0.260939359664917,0.260939359664917,0.0,1.0,0.6931471596471965,4.076510429382324,0.0,0.0,0.260939359664917,4.337449550628662,,0.0,0.0,0.2,0,cn,cn_plus,64,1,1,1,1,1,15.622443001288534,0.9398403712425134,3.228929042816162,-0.8475813865661621,-0.6782398819923401,-0.6782398819923401,0.0,0.0,2.9261832237243652,2.6652438640594482,5.48345422744751,1.1460046768188477,AVAILABLE,4.076510429382324,1357,2170
0.0007013082504272461,0.0978861153125763,0.0,0.06475830078125,0.0338292121887207,0.18426105380058289,0.18349714577198029,0.0,0.0,-0.18426105380058289,-0.18349714577198029,0.06545960903167725,0.06545960903167725,0.0007639080286026001,0.0,-0.0007639080286026001,0.0007013082504272461,0.0978861153125763,0.0,-0.06475830078125,0.0338292121887207,,0.0,0.0,0.2,0,degree,degree_u_plus,65,12,2,11,2,1,1.4953664069631571,0.5992572484707795,-0.7194837331771851,-0.7201850414276123,0.5544065237045288,0.4565204083919525,0.0,0.0,2.7596445083618164,2.8244028091430664,2.601149320602417,2.5673201084136963,AVAILABLE,0.0978861153125763,645,1495
3.953131675720215,0.0,0.0,0.02676868438720703,3.9799001216888428,0.18349714577198029,0.18349714577198029,1.0,0.0,0.5096500515937805,-0.18349714577198029,0.02676868438720703,0.02676868438720703,0.0,1.0,0.6931471973657608,3.953131675720215,0.0,0.0,0.02676868438720703,3.9799001216888428,,0.0,0.0,0.2,0,cn,cn_plus,65,11,2,11,2,1,147.67741820121967,0.9932740290213635,3.2329466342926025,-0.7201850414276123,0.4565204083919525,0.4565204083919525,0.0,0.0,2.8511714935302734,2.8244028091430664,6.547220230102539,2.5673201084136963,AVAILABLE,3.953131675720215,645,1495
0.00013899803161621094,0.17207062244415283,0.0,0.004737377166748047,0.17694759368896484,0.22577904164791107,0.09556321799755096,2.0,2.0,0.872833251953125,1.0030491352081299,0.004876375198364258,0.004876375198364258,0.1302158236503601,0.0,-0.13021588325500488,-0.00013899803161621094,-0.17207062244415283,0.0,-0.004737377166748047,-0.17694759368896484,,0.0,0.0,0.2,0,degree,degree_u_plus,66,3,5,2,5,1,35.286511513051195,0.9724415503639602,3.2265682220458984,3.2267072200775146,-0.5929058790206909,-0.4208352565765381,0.0,0.0,2.972353219985962,2.97709059715271,5.6125969886779785,5.789544582366943,AVAILABLE,0.17207062244415283,56,1849
,,,,,,,,,,,,,,,,,,,,,NO_CANDIDATE,,,,,cn,cn,66,,,,,,,,,,,,,,,,,,MISSING,,56,1849
0.001534104347229004,0.2612352669239044,0.0,0.17867064476013184,0.44143998622894287,0.007277398835867643,0.0040603079833090305,0.0,0.0,-0.007277398835867643,-0.0040603079833090305,0.18020474910736084,0.18020474910736084,0.003217090852558613,0.0,-0.003217090852558613,0.001534104347229004,0.2612352669239044,0.0,0.17867064476013184,0.44143998622894287,,0.0,0.0,0.2,0,degree,degree_u_plus,67,6,1,5,1,1,1.4496579791672868,0.5917797470078128,-0.8449712991714478,-0.8465054035186768,0.5600773096084595,0.29884204268455505,0.0,0.0,2.619467258453369,2.4407966136932373,2.3411552906036377,1.8997153043746948,AVAILABLE,0.2612352669239044,743,1570
4.094069004058838,0.0,0.0,0.43289613723754883,4.526964783668518,0.0040603079833090305,0.0040603079833090305,1.0,0.0,0.6890868544578552,-0.0040603079833090305,0.43289613723754883,0.43289613723754883,0.0,1.0,0.6931471624411643,4.094069004058838,0.0,0.0,0.43289613723754883,4.526964783668518,,0.0,0.0,0.2,0,cn,cn_plus,67,5,1,5,1,1,9.457393026443928,0.904373872391401,3.247563600540161,-0.8465054035186768,0.29884204268455505,0.29884204268455505,0.0,0.0,2.873692750930786,2.4407966136932373,6.426680088043213,1.8997153043746948,AVAILABLE,4.094069004058838,743,1570
0.05822408199310303,0.7196772992610931,0.0,0.2225804328918457,0.4388728141784668,0.09556321799755096,0.0040603079833090305,0.0,0.0,-0.09556321799755096,-0.0040603079833090305,0.28080451488494873,0.28080451488494873,0.09150291001424193,0.0,-0.09150291001424193,0.05822408199310303,-0.7196772992610931,0.0,0.2225804328918457,-0.4388728141784668,,0.0,0.0,0.2,0,degree,degree_u_plus,68,2,5,1,5,1,2.5629120455090937,0.7193307083568174,-0.7882813215255737,-0.8465054035186768,-0.4208352565765381,0.29884204268455505,0.0,0.0,2.359372854232788,2.1367924213409424,1.156838297843933,1.5957111120224,AVAILABLE,0.7196772992610931,8,281
4.091643333435059,0.0,0.0,0.6434478759765625,4.735090851783752,0.0040603079833090305,0.0040603079833090305,1.0,0.0,0.6890868544578552,-0.0040603079833090305,0.6434478759765625,0.6434478759765625,0.0,1.0,0.6931471624411643,4.091643333435059,0.0,0.0,0.6434478759765625,4.735090851783752,,0.0,0.0,0.2,0,cn,cn_plus,68,1,5,1,5,1,6.3589350786741035,0.8641107729163205,3.245137929916382,-0.8465054035186768,0.29884204268455505,0.29884204268455505,0.0,0.0,2.780240297317505,2.1367924213409424,6.330801963806152,1.5957111120224,AVAILABLE,4.091643333435059,8,281
0.032982587814331055,0.028361260890960693,0.0,0.004509449005126953,0.05683445930480957,0.5526228547096252,0.5281305313110352,0.0,0.0,-0.5526228547096252,-0.5281305313110352,0.03749203681945801,0.03749203681945801,0.024492323398590088,0.0,-0.024492323398590088,0.032982587814331055,0.028361260890960693,0.0,-0.004509449005126953,0.05683445930480957,,0.0,0.0,0.2,0,degree,degree_u_plus,69,27,4,26,4,1,0.7564607242579637,0.4306732930663958,-0.23354226350784302,-0.2665248513221741,0.5749204158782959,0.5465591549873352,0.0,0.0,2.8248236179351807,2.8293330669403076,3.172783851623535,3.1159493923187256,AVAILABLE,0.028361260890960693,598,1301
3.5152915120124817,0.0,0.0,0.015411376953125,3.5307023525238037,0.5281305313110352,0.5281305313110352,1.0,0.0,0.16501665115356445,-0.5281305313110352,0.015411376953125,0.015411376953125,0.0,1.0,0.6931471824645996,3.5152915120124817,0.0,0.0,0.015411376953125,3.5307023525238037,,0.0,0.0,0.2,0,cn,cn_plus,69,26,4,26,4,1,228.09702479760776,0.995635037159983,3.2487666606903076,-0.2665248513221741,0.5465591549873352,0.5465591549873352,0.0,0.0,2.8447444438934326,2.8293330669403076,6.646651744842529,3.1159493923187256,AVAILABLE,3.5152915120124817,598,1301
6.079673767089844e-05,0.06952166557312012,0.0,0.0038132667541503906,0.06564807891845703,0.2630515396595001,0.28390806913375854,1.0,1.0,0.4300956428050995,0.40923911333084106,0.003874063491821289,0.003874063491821289,-0.020856529474258423,0.0,0.020856529474258423,-6.079673767089844e-05,0.06952166557312012,0.0,-0.0038132667541503906,0.06564807891845703,,0.0,0.0,0.2,0,degree,degree_u_plus,70,5,4,4,4,1,17.945365703539203,0.9472166430752409,3.2368242740631104,3.2368850708007812,-0.6726406812667847,-0.7421623468399048,0.0,0.0,3.0040934085845947,3.007906675338745,5.574859142303467,5.50921106338501,AVAILABLE,0.06952166557312012,1388,2181
0.004581928253173828,0.0,0.0,0.0004851818084716797,0.005066871643066406,0.28390806913375854,0.28390806913375854,2.0,1.0,0.8147042393684387,0.40923911333084106,0.0004851818084716797,0.0004851818084716797,0.0,1.0,0.40546512603759766,-0.004581928253173828,0.0,0.0,-0.0004851818084716797,-0.005066871643066406,,0.0,0.0,0.2,0,cn,cn_plus,70,4,4,4,4,1,9.443540004532604,0.9042470273905219,3.2323031425476074,3.2368850708007812,-0.7421623468399048,-0.7421623468399048,0.0,0.0,3.0074214935302734,3.007906675338745,5.504144191741943,5.50921106338501,AVAILABLE,0.004581928253173828,1388,2181
0.00022792816162109375,0.048670172691345215,0.0,0.0157163143157959,0.03272581100463867,0.28390806913375854,0.18635404109954834,1.0,1.0,0.40923911333084106,0.5067931413650513,0.015944242477416992,0.015944242477416992,0.0975540280342102,0.0,-0.0975540280342102,0.00022792816162109375,-0.048670172691345215,0.0,0.0157163143157959,-0.03272581100463867,,0.0,0.0,0.2,0,degree,degree_u_plus,71,4,4,3,4,1,3.052521449988347,0.7532400476244548,3.244490623474121,3.2442626953125,-0.7421623468399048,-0.6934921741485596,0.0,0.0,2.9698333740234375,2.9541170597076416,5.478743553161621,5.51146936416626,AVAILABLE,0.048670172691345215,1818,2305
0.01172494888305664,0.0,0.0,0.00490117073059082,0.006823539733886719,0.18635404109954834,0.18635404109954834,2.0,1.0,0.9122582674026489,0.5067931413650513,0.00490117073059082,0.00490117073059082,0.0,1.0,0.40546512603759766,-0.01172494888305664,0.0,0.0,0.00490117073059082,-0.006823539733886719,,0.0,0.0,0.2,0,cn,cn_plus,71,3,4,3,4,1,2.392270256404774,0.7052121663620549,3.2325377464294434,3.2442626953125,-0.6934921741485596,-0.6934921741485596,0.0,0.0,2.9590182304382324,2.9541170597076416,5.504645824432373,5.51146936416626,AVAILABLE,0.01172494888305664,1818,2305
0.00020122528076171875,0.23152562975883484,0.0,0.010579586029052734,0.24190378189086914,0.45474016666412354,0.34698033332824707,1.0,1.0,0.23840701580047607,0.34616684913635254,0.010780811309814453,0.010780811309814453,0.10775983333587646,0.0,-0.10775983333587646,0.00020122528076171875,-0.23152562975883484,0.0,-0.010579586029052734,-0.24190378189086914,,0.0,0.0,0.2,0,degree,degree_u_plus,72,4,14,3,14,1,21.47569494988871,0.9555074936623951,3.233191967010498,3.2329907417297363,0.053950995206832886,0.2854766249656677,0.0,0.0,2.982832193374634,2.9934117794036865,6.276556968688965,6.518460750579834,AVAILABLE,0.23152562975883484,2228,2394
0.013979673385620117,0.0,0.0,0.004061698913574219,0.009917736053466797,0.34698033332824707,0.34698033332824707,2.0,1.0,0.7516319751739502,0.34616684913635254,0.004061698913574219,0.004061698913574219,0.0,1.0,0.40546512603759766,-0.013979673385620117,0.0,0.0,0.004061698913574219,-0.009917736053466797,,0.0,0.0,0.2,0,cn,cn_plus,72,3,14,3,14,1,3.4418205940115727,0.7748670891057166,3.219011068344116,3.2329907417297363,0.2854766249656677,0.2854766249656677,0.0,0.0,2.9974734783172607,2.9934117794036865,6.508543014526367,6.518460750579834,AVAILABLE,0.013979673385620117,2228,2394
0.00010502338409423828,0.31029847264289856,0.0,0.07750523090362549,0.2328982651233673,0.002474823733791709,0.0022547768894582987,0.0,0.0,-0.002474823733791709,-0.0022547768894582987,0.07761025428771973,0.07761025428771973,0.00022004684433341026,0.0,-0.00022004684433341026,0.00010502338409423828,0.31029847264289856,0.0,-0.07750523090362549,0.2328982651233673,,0.0,0.0,0.2,0,degree,degree_u_plus,73,3,1,2,1,1,3.998162813781284,0.7999264855393006,-0.8472607135772705,-0.8473657369613647,-0.3780076205730438,-0.6883060932159424,0.0,0.0,1.8645161390304565,1.942021369934082,0.6458297967910767,0.41293153166770935,AVAILABLE,0.31029847264289856,2303,2541
4.08611524105072,0.0,0.0,0.9483118057250977,5.03442707657814,0.0022547768894582987,0.0022547768894582987,1.0,0.0,0.6908923983573914,-0.0022547768894582987,0.9483118057250977,0.9483118057250977,0.0,1.0,0.6931471752468497,4.08611524105072,0.0,0.0,0.9483118057250977,5.03442707657814,,0.0,0.0,0.2,0,cn,cn_plus,73,2,1,2,1,1,4.308830885889993,0.8116346100498629,3.2387495040893555,-0.8473657369613647,-0.6883060932159424,-0.6883060932159424,0.0,0.0,2.8903331756591797,1.942021369934082,5.44735860824585,0.41293153166770935,AVAILABLE,4.08611524105072,2303,2541
0.012630820274353027,0.07276631891727448,0.0,0.15474271774291992,0.21487820148468018,0.3136563003063202,0.32256245613098145,0.0,0.0,-0.3136563003063202,-0.32256245613098145,0.16737353801727295,0.16737353801727295,-0.008906155824661255,0.0,0.008906155824661255,-0.012630820274353027,0.07276631891727448,0.0,0.15474271774291992,0.21487820148468018,,0.0,0.0,0.2,0,degree,degree_u_plus,74,13,3,12,3,1,0.43475399655007013,0.3030164039239169,-0.5792348384857178,-0.5666040182113647,0.21946930885314941,0.14670298993587494,0.0,0.0,2.0500335693359375,1.8952908515930176,1.696850061416626,1.4819718599319458,AVAILABLE,0.07276631891727448,661,1879
3.8018780946731567,0.0,0.0,0.4137003421783447,4.2155784368515015,0.32256245613098145,0.32256245613098145,1.0,0.0,0.37058472633361816,-0.32256245613098145,0.4137003421783447,0.4137003421783447,0.0,1.0,0.6931471824645996,3.8018780946731567,0.0,0.0,0.4137003421783447,4.2155784368515015,,0.0,0.0,0.2,0,cn,cn_plus,74,12,3,12,3,1,9.189931975291577,0.9018639179903469,3.235274076461792,-0.5666040182113647,0.14670298993587494,0.14670298993587494,0.0,0.0,2.3089911937713623,1.8952908515930176,5.697550296783447,1.4819718599319458,AVAILABLE,3.8018780946731567,661,1879
0.0,0.18757343292236328,0.0,0.02001190185546875,0.20758533477783203,0.09556321799755096,0.09556321799755096,0.0,0.0,-0.09556321799755096,-0.09556321799755096,0.02001190185546875,0.02001190185546875,0.0,0.0,0.0,0.0,0.18757343292236328,0.0,0.02001190185546875,0.20758533477783203,,0.0,0.0,0.2,0,degree,degree_u_plus,75,5,2,4,2,1,9.373089101984236,0.9035967019883486,-0.7882813215255737,-0.7882813215255737,-0.4208352565765381,-0.6084086894989014,0.0,0.0,2.9626400470733643,2.9426281452178955,1.7601054906845093,1.5525201559066772,AVAILABLE,0.18757343292236328,1395,2072
4.017619729042053,0.0,0.0,0.024222850799560547,4.041842579841614,0.09556321799755096,0.09556321799755096,1.0,0.0,0.5975839495658875,-0.09556321799755096,0.024222850799560547,0.024222850799560547,0.0,1.0,0.6931471675634384,4.017619729042053,0.0,0.0,0.024222850799560547,4.041842579841614,,0.0,0.0,0.2,0,cn,cn_plus,75,4,2,4,2,1,165.8606620533831,0.9940069757143833,3.2293384075164795,-0.7882813215255737,-0.6084086894989014,-0.6084086894989014,0.0,0.0,2.966850996017456,2.9426281452178955,5.594362735748291,1.5525201559066772,AVAILABLE,4.017619729042053,1395,2072
0.0017817020416259766,0.23839853703975677,0.0,0.018401145935058594,0.25858163833618164,0.29481109976768494,0.1002340093255043,2.0,2.0,0.8038011789321899,0.9983782768249512,0.02018284797668457,0.02018284797668457,0.19457709044218063,0.0,-0.19457709789276123,-0.0017817020416259766,-0.23839853703975677,0.0,-0.018401145935058594,-0.25858163833618164,,0.0,0.0,0.2,0,degree,degree_u_plus,76,3,6,2,6,1,11.811931556727844,0.9219477566226244,3.251110315322876,3.252892017364502,-0.4740087389945984,-0.2356102019548416,0.0,0.0,2.9620354175567627,2.9804365634918213,5.745718479156494,6.004300117492676,AVAILABLE,0.23839853703975677,1091,2176
,,,,,,,,,,,,,,,,,,,,,NO_CANDIDATE,,,,,cn,cn,76,,,,,,,,,,,,,,,,,,MISSING,,1091,2176
0.00010478496551513672,0.029166340827941895,0.0,2.4375807642936707,2.4083095490932465,0.0020240857265889645,0.0018040386494249105,0.0,0.0,-0.0020240857265889645,-0.0018040386494249105,2.437685549259186,2.437685549259186,0.00022004707716405392,0.0,-0.00022004707716405392,0.00010478496551513672,0.029166340827941895,0.0,-2.4375807642936707,-2.4083095490932465,,0.0,0.0,0.2,0,degree,degree_u_plus,77,3,0,2,0,1,0.011964767448023758,0.01182330436087864,-0.847475528717041,-0.8475803136825562,1.477946400642395,1.4487800598144531,0.0,0.0,-0.3841807246208191,2.0534000396728516,0.25287213921546936,2.661181688308716,AVAILABLE,0.029166340827941895,387,2191
,,,,,,,,,,,,,,,,,,,,,NO_CANDIDATE,,,,,cn,cn,77,,,,,,,,,,,,,,,,,,MISSING,,387,2191
0.0001380443572998047,0.15845096856355667,0.0,0.006577968597412109,0.16489124298095703,0.09727709740400314,0.1002340093255043,1.0,1.0,0.5958700776100159,0.5929131507873535,0.006716012954711914,0.006716012954711914,-0.0029569119215011597,0.0,0.0029569268226623535,-0.0001380443572998047,0.15845096856355667,0.0,0.006577968597412109,0.16489124298095703,,0.0,0.0,0.2,0,degree,degree_u_plus,78,7,2,6,2,1,23.592976026442642,0.9593379833768476,3.2431952953338623,3.243333339691162,-0.07715923339128494,-0.2356102019548416,0.0,0.0,2.9759275913238525,2.9693496227264404,6.148545742034912,5.983654499053955,AVAILABLE,0.15845096856355667,1300,2508
0.009659767150878906,0.0,0.0,0.005869150161743164,0.015528678894042969,0.1002340093255043,0.1002340093255043,2.0,1.0,0.9983782768249512,0.5929131507873535,0.005869150161743164,0.005869150161743164,0.0,1.0,0.40546512603759766,-0.009659767150878906,0.0,0.0,-0.005869150161743164,-0.015528678894042969,,0.0,0.0,0.2,0,cn,cn_plus,78,6,2,6,2,1,1.6458516865571302,0.6220498658028587,3.233673572540283,3.243333339691162,-0.2356102019548416,-0.2356102019548416,0.0,0.0,2.9634804725646973,2.9693496227264404,5.968125820159912,5.983654499053955,AVAILABLE,0.009659767150878906,1300,2508
0.0002148151397705078,1.8559540212154388,0.0,0.3652064800262451,2.2209455966949463,0.002474823733791709,0.0020240857265889645,0.0,0.0,-0.002474823733791709,-0.0020240857265889645,0.3654212951660156,0.3654212951660156,0.0004507380072027445,0.0,-0.0004507380072027445,0.0002148151397705078,-1.8559540212154388,0.0,-0.3652064800262451,-2.2209455966949463,,0.0,0.0,0.2,0,degree,degree_u_plus,79,1,3,0,3,1,5.078943112997353,0.8354977203418953,-0.8472607135772705,-0.847475528717041,-0.3780076205730438,1.477946400642395,0.0,0.0,1.9933416843414307,2.358548164367676,0.7746553421020508,2.995600938796997,AVAILABLE,1.8559540212154388,926,1862
,,,,,,,,,,,,,,,,,,,,,NO_CANDIDATE,,,,,cn,cn,79,,,,,,,,,,,,,,,,,,MISSING,,926,1862
0.0366976261138916,0.1721019744873047,0.0,4.315946102142334,4.451350569725037,0.06401225179433823,0.0022547768894582987,0.0,0.0,-0.06401225179433823,-0.0022547768894582987,4.352643728256226,4.352643728256226,0.06175747490487993,0.0,-0.06175747490487993,0.0366976261138916,-0.1721019744873047,0.0,-4.315946102142334,-4.451350569725037,,0.0,0.0,0.2,0,degree,degree_u_plus,80,2,2,1,2,1,0.039539641844488035,0.038035722980541274,-0.8106681108474731,-0.8473657369613647,-0.8604080677032471,-0.6883060932159424,0.0,0.0,-1.4717297554016113,2.8442163467407227,-3.1362240314483643,1.3151265382766724,AVAILABLE,0.1721019744873047,1125,2332
4.0842403173446655,0.0,0.0,0.1201331615447998,4.204373240470886,0.0022547768894582987,0.0022547768894582987,1.0,0.0,0.6908923983573914,-0.0022547768894582987,0.1201331615447998,0.1201331615447998,0.0,1.0,0.6931471752468497,4.0842403173446655,0.0,0.0,0.1201331615447998,4.204373240470886,,0.0,0.0,0.2,0,cn,cn_plus,80,1,2,1,2,1,33.997606696178664,0.9714266175775618,3.236874580383301,-0.8473657369613647,-0.6883060932159424,-0.6883060932159424,0.0,0.0,2.9643495082855225,2.8442163467407227,5.519499778747559,1.3151265382766724,AVAILABLE,4.0842403173446655,1125,2332
0.0005891323089599609,0.08655637502670288,0.0,0.003575563430786133,0.08239126205444336,0.4047253727912903,0.41100451350212097,2.0,2.0,0.693886935710907,0.6876077651977539,0.004164695739746094,0.004164695739746094,-0.0062791407108306885,0.0,0.006279170513153076,-0.0005891323089599609,0.08655637502670288,0.0,-0.003575563430786133,0.08239126205444336,,0.0,0.0,0.2,0,degree,degree_u_plus,81,8,4,7,4,1,20.783311099424733,0.9540932966785565,3.239666700363159,3.240255832672119,-0.4115866720676422,-0.4981430470943451,0.0,0.0,2.9415595531463623,2.9451351165771484,5.77622127532959,5.6938300132751465,AVAILABLE,0.08655637502670288,577,2351
0.010107278823852539,0.0,0.0,0.007309913635253906,0.0027976036071777344,0.41100451350212097,0.41100451350212097,3.0,2.0,0.9752898216247559,0.6876077651977539,0.007309913635253906,0.007309913635253906,0.0,1.0,0.28768205642700195,-0.010107278823852539,0.0,0.0,0.007309913635253906,-0.0027976036071777344,,0.0,0.0,0.2,0,cn,cn_plus,81,7,4,7,4,1,1.3826791261002644,0.5803043770997809,3.2301485538482666,3.240255832672119,-0.4981430470943451,-0.4981430470943451,0.0,0.0,2.9524450302124023,2.9451351165771484,5.691032409667969,5.6938300132751465,AVAILABLE,0.010107278823852539,577,2351
0.0007414817810058594,0.06435400247573853,0.0,0.0017096996307373047,0.0633854866027832,0.43179866671562195,0.36836788058280945,1.0,1.0,0.26134851574897766,0.32477930188179016,0.002451181411743164,0.002451181411743164,0.0634307861328125,0.0,-0.0634307861328125,0.0007414817810058594,0.06435400247573853,0.0,-0.0017096996307373047,0.0633854866027832,,0.0,0.0,0.2,0,degree,degree_u_plus,82,6,5,5,5,1,26.254172631085222,0.963308370665436,3.2418785095214844,3.2411370277404785,-0.6433471441268921,-0.7077011466026306,0.0,0.0,2.933763265609741,2.9354729652404785,5.538876056671143,5.475490570068359,AVAILABLE,0.06435400247573853,45,2667
0.006280422210693359,0.0,0.0,0.010078668594360352,0.0037980079650878906,0.36836788058280945,0.36836788058280945,2.0,1.0,0.7302443981170654,0.32477930188179016,0.010078668594360352,0.010078668594360352,0.0,1.0,0.40546509623527527,-0.006280422210693359,0.0,0.0,0.010078668594360352,0.0037980079650878906,,0.0,0.0,0.2,0,cn,cn_plus,82,5,5,5,5,1,0.623139447487456,0.3839099890351668,3.234856605529785,3.2411370277404785,-0.7077011466026306,-0.7077011466026306,0.0,0.0,2.945551633834839,2.9354729652404785,5.479288578033447,5.475490570068359,AVAILABLE,0.006280422210693359,45,2667
0.0006387233734130859,0.108994260430336,0.0,0.008427143096923828,0.09992837905883789,0.31276047229766846,0.31828421354293823,3.0,3.0,1.0735338926315308,1.0680100917816162,0.009065866470336914,0.009065866470336914,-0.005523741245269775,0.0,0.005523800849914551,-0.0006387233734130859,0.108994260430336,0.0,-0.008427143096923828,0.09992837905883789,,0.0,0.0,0.2,0,degree,degree_u_plus,83,8,3,7,3,1,12.02247358950452,0.923209673405984,3.2092912197113037,3.209929943084717,-0.24378542602062225,-0.35277968645095825,0.0,0.0,2.9345695972442627,2.9429967403411865,5.9066572189331055,5.806728839874268,AVAILABLE,0.108994260430336,1273,2125
,,,,,,,,,,,,,,,,,,,,,NO_CANDIDATE,,,,,cn,cn,83,,,,,,,,,,,,,,,,,,MISSING,,1273,2125
0.03980374336242676,0.014411211013793945,0.0,0.20851761102676392,0.18312501907348633,-0.010018941946327686,0.06000166013836861,0.0,0.0,0.010018941946327686,-0.06000166013836861,0.24832135438919067,0.24832135438919067,-0.07002060208469629,0.0,0.07002060208469629,-0.03980374336242676,0.014411211013793945,0.0,0.20851761102676392,0.18312501907348633,,0.0,0.0,0.2,0,degree,degree_u_plus,84,28,1,27,1,1,0.05803451929817626,0.054851253186589954,-0.8531996011734009,-0.8133958578109741,1.7765196561813354,1.7621084451675415,0.0,0.0,0.7355108857154846,0.5269932746887207,1.6654129028320312,1.482287883758545,AVAILABLE,0.014411211013793945,2045,2047
4.052853941917419,0.0,0.0,2.3165318965911865,6.369385719299316,0.06000166013836861,0.06000166013836861,1.0,0.0,0.6331455111503601,-0.06000166013836861,2.3165318965911865,2.3165318965911865,0.0,1.0,0.6931471712887287,4.052853941917419,0.0,0.0,2.3165318965911865,6.369385719299316,,0.0,0.0,0.2,0,cn,cn_plus,84,27,1,27,1,1,1.7495351263610517,0.6363021550761282,3.2394580841064453,-0.8133958578109741,1.7621084451675415,1.7621084451675415,0.0,0.0,2.8435251712799072,0.5269932746887207,7.851673603057861,1.482287883758545,AVAILABLE,4.052853941917419,2045,2047
0.33373647928237915,0.29245567321777344,0.0,1.2361440062522888,1.2774247527122498,0.5526228547096252,0.32208678126335144,0.0,0.0,-0.5526228547096252,-0.32208678126335144,1.569880485534668,1.569880485534668,0.2305360734462738,0.0,-0.2305360734462738,0.33373647928237915,-0.29245567321777344,0.0,1.2361440062522888,1.2774247527122498,,0.0,0.0,0.2,0,degree,degree_u_plus,85,4,27,3,27,1,0.1862916789205469,0.1570369937097266,-0.23354226350784302,-0.5672787427902222,0.5749204158782959,0.8673760890960693,0.0,0.0,1.6131387948989868,0.376994788646698,1.9610989093780518,0.683674156665802,AVAILABLE,0.29245567321777344,341,2045
3.812869668006897,0.0,0.0,1.655518114566803,5.4683877825737,0.32208678126335144,0.32208678126335144,1.0,0.0,0.37106040120124817,-0.32208678126335144,1.655518114566803,1.655518114566803,0.0,1.0,0.6931471824645996,3.812869668006897,0.0,0.0,1.655518114566803,5.4683877825737,,0.0,0.0,0.2,0,cn,cn_plus,85,3,27,3,27,1,2.3031277105495933,0.6972566344297919,3.245590925216675,-0.5672787427902222,0.8673760890960693,0.8673760890960693,0.0,0.0,2.032512903213501,0.376994788646698,6.152061939239502,0.683674156665802,AVAILABLE,3.812869668006897,341,2045
0.15610221028327942,0.4370056986808777,0.0,0.0878760814666748,0.36877965927124023,0.37307411432266235,0.2583525478839874,0.0,0.0,-0.37307411432266235,-0.2583525478839874,0.24397829174995422,0.24397829174995422,0.11472156643867493,0.0,-0.11472156643867493,0.15610221028327942,-0.4370056986808777,0.0,-0.0878760814666748,-0.36877965927124023,,0.0,0.0,0.2,0,degree,degree_u_plus,86,3,17,2,17,1,1.7911662453030404,0.6417268223693967,-0.4925510585308075,-0.6486532688140869,0.46038323640823364,0.8973889350891113,0.0,0.0,2.895955801010132,2.9838318824768066,2.8703699111938477,3.239149570465088,AVAILABLE,0.4370056986808777,6,1042
3.875910997390747,0.0,0.0,0.006552934646606445,3.8824634552001953,0.2583525478839874,0.2583525478839874,1.0,0.0,0.4347946345806122,-0.2583525478839874,0.006552934646606445,0.006552934646606445,0.0,1.0,0.6931471824645996,3.875910997390747,0.0,0.0,0.006552934646606445,3.8824634552001953,,0.0,0.0,0.2,0,cn,cn_plus,86,2,17,2,17,1,591.4762303688852,0.9983121685753075,3.22725772857666,-0.6486532688140869,0.8973889350891113,0.8973889350891113,0.0,0.0,2.990384817123413,2.9838318824768066,7.121613025665283,3.239149570465088,AVAILABLE,3.875910997390747,6,1042
0.0010440349578857422,0.11006677150726318,0.0,0.1287848949432373,0.23989582061767578,0.36593201756477356,0.29481109976768494,1.0,1.0,0.32721516489982605,0.3983360826969147,0.12982892990112305,0.12982892990112305,0.07112091779708862,0.0,-0.07112091779708862,-0.0010440349578857422,-0.11006677150726318,0.0,-0.1287848949432373,-0.23989582061767578,,0.0,0.0,0.2,0,degree,degree_u_plus,87,4,6,3,6,1,0.8477830258114207,0.45881091771536975,3.2276670932769775,3.2287111282348633,-0.5840755105018616,-0.4740087389945984,0.0,0.0,2.7484962940216064,2.8772811889648438,5.398669719696045,5.638565540313721,AVAILABLE,0.11006677150726318,1920,1926
0.008653640747070312,0.0,0.0,0.06988263130187988,0.06122875213623047,0.29481109976768494,0.29481109976768494,2.0,1.0,0.8038011789321899,0.3983360826969147,0.06988263130187988,0.06988263130187988,0.0,1.0,0.40546509623527527,-0.008653640747070312,0.0,0.0,0.06988263130187988,0.06122875213623047,,0.0,0.0,0.2,0,cn,cn_plus,87,3,6,3,6,1,0.12383104853876674,0.11018653444374488,3.220057487487793,3.2287111282348633,-0.4740087389945984,-0.4740087389945984,0.0,0.0,2.9471638202667236,2.8772811889648438,5.699794292449951,5.638565540313721,AVAILABLE,0.008653640747070312,1920,1926
0.07071959972381592,0.0850834846496582,0.0,1.0529308319091797,1.0672947466373444,0.18635404109954834,0.09556321799755096,0.0,0.0,-0.18635404109954834,-0.09556321799755096,1.1236504316329956,1.1236504316329956,0.09079082310199738,0.0,-0.09079082310199738,0.07071959972381592,-0.0850834846496582,0.0,-1.0529308319091797,-1.0672947466373444,,0.0,0.0,0.2,0,degree,degree_u_plus,88,3,4,2,4,1,0.07572059912690178,0.07039058207898935,-0.7175617218017578,-0.7882813215255737,-0.6934921741485596,-0.6084086894989014,0.0,0.0,1.7717106342315674,2.824641466140747,0.36723873019218445,1.4345334768295288,AVAILABLE,0.0850834846496582,1568,1729
3.99467933177948,0.0,0.0,0.06537103652954102,4.060050129890442,0.09556321799755096,0.09556321799755096,1.0,0.0,0.5975839495658875,-0.09556321799755096,0.06537103652954102,0.06537103652954102,0.0,1.0,0.6931471675634384,3.99467933177948,0.0,0.0,0.06537103652954102,4.060050129890442,,0.0,0.0,0.2,0,cn,cn_plus,88,2,4,2,4,1,61.10777697239855,0.9838989568014258,3.2063980102539062,-0.7882813215255737,-0.6084086894989014,-0.6084086894989014,0.0,0.0,2.890012502670288,2.824641466140747,5.494583606719971,1.4345334768295288,AVAILABLE,3.99467933177948,1568,1729
0.060228943824768066,0.7956875115633011,0.0,0.010987997055053711,0.7464466094970703,0.1002340093255043,0.007277398835867643,0.0,0.0,-0.1002340093255043,-0.007277398835867643,0.07121694087982178,0.07121694087982178,0.09295661048963666,0.0,-0.09295661048963666,0.060228943824768066,-0.7956875115633011,0.0,-0.010987997055053711,-0.7464466094970703,,0.0,0.0,0.2,0,degree,degree_u_plus,89,2,6,1,6,1,11.172726460951965,0.917849135671632,-0.7847423553466797,-0.8449712991714478,-0.2356102019548416,0.5600773096084595,0.0,0.0,2.9413387775421143,2.952326774597168,1.9275681972503662,2.6740148067474365,AVAILABLE,0.7956875115633011,360,1824
4.1018160581588745,0.0,0.0,0.010357141494750977,4.091459035873413,0.007277398835867643,0.007277398835867643,1.0,0.0,0.6858698129653931,-0.007277398835867643,0.010357141494750977,0.010357141494750977,0.0,1.0,0.6931472118012607,4.1018160581588745,0.0,0.0,-0.010357141494750977,4.091459035873413,,0.0,0.0,0.2,0,cn,cn_plus,89,1,6,1,6,1,396.0370822264869,0.9974813435702473,3.2568447589874268,-0.8449712991714478,0.5600773096084595,0.5600773096084595,0.0,0.0,2.941969633102417,2.952326774597168,6.76547384262085,2.6740148067474365,AVAILABLE,4.1018160581588745,360,1824
0.03321266174316406,0.12122905254364014,0.0,0.00458836555480957,0.14985346794128418,0.31828421354293823,0.29481109976768494,0.0,0.0,-0.31828421354293823,-0.29481109976768494,0.03780102729797363,0.03780102729797363,0.023473113775253296,0.0,-0.023473113775253296,0.03321266174316406,0.12122905254364014,0.0,-0.00458836555480957,0.14985346794128418,,0.0,0.0,0.2,0,degree,degree_u_plus,90,7,3,6,3,1,3.207029785665134,0.7623026099298464,-0.5726721286773682,-0.6058847904205322,-0.35277968645095825,-0.4740087389945984,0.0,0.0,2.8881819248199463,2.892770290374756,1.9693121910095215,1.8194587230682373,AVAILABLE,0.12122905254364014,482,2308
3.831479787826538,0.0,0.0,0.024495363235473633,3.8559749126434326,0.29481109976768494,0.29481109976768494,1.0,0.0,0.3983360826969147,-0.29481109976768494,0.024495363235473633,0.024495363235473633,0.0,1.0,0.6931471824645996,3.831479787826538,0.0,0.0,0.024495363235473633,3.8559749126434326,,0.0,0.0,0.2,0,cn,cn_plus,90,6,3,6,3,1,156.41646897945108,0.9936474245262703,3.225594997406006,-0.6058847904205322,-0.4740087389945984,-0.4740087389945984,0.0,0.0,2.9172656536102295,2.892770290374756,5.67543363571167,1.8194587230682373,AVAILABLE,3.831479787826538,482,2308
0.06412029266357422,0.05602443218231201,0.0,0.13105416297912598,0.13915002346038818,0.15886813402175903,0.07427853345870972,0.0,0.0,-0.15886813402175903,-0.07427853345870972,0.1951744556427002,0.1951744556427002,0.08458960056304932,0.0,-0.08458960056304932,0.06412029266357422,-0.05602443218231201,0.0,0.13105416297912598,0.13915002346038818,,0.0,0.0,0.2,0,degree,degree_u_plus,91,3,3,2,3,1,0.2870479598743936,0.2230281767451831,-0.7395505905151367,-0.8036708831787109,-0.7898571491241455,-0.7338327169418335,0.0,0.0,2.920752763748169,2.789698600769043,1.3979270458221436,1.2587770223617554,AVAILABLE,0.05602443218231201,1522,1697
4.0462965965271,0.0,0.0,0.1510317325592041,4.197327733039856,0.07427853345870972,0.07427853345870972,1.0,0.0,0.6188686490058899,-0.07427853345870972,0.1510317325592041,0.1510317325592041,0.0,1.0,0.6931471824645996,4.0462965965271,0.0,0.0,0.1510317325592041,4.197327733039856,,0.0,0.0,0.2,0,cn,cn_plus,91,2,3,2,3,1,26.791034308175057,0.9640171722681858,3.2426257133483887,-0.8036708831787109,-0.7338327169418335,-0.7338327169418335,0.0,0.0,2.940730333328247,2.789698600769043,5.456104755401611,1.2587770223617554,AVAILABLE,4.0462965965271,1522,1697
0.0,0.3401510715484619,0.0,0.07715368270874023,0.2629973888397217,0.002474823733791709,0.002474823733791709,0.0,0.0,-0.002474823733791709,-0.002474823733791709,0.07715368270874023,0.07715368270874023,0.0,0.0,0.0,0.0,0.3401510715484619,0.0,-0.07715368270874023,0.2629973888397217,,0.0,0.0,0.2,0,degree,degree_u_plus,92,4,1,3,1,1,4.408746485181887,0.815114277820257,-0.8472607135772705,-0.8472607135772705,-0.03785654902458191,-0.3780076205730438,0.0,0.0,2.6914589405059814,2.7686126232147217,1.8129236698150635,1.5499262809753418,AVAILABLE,0.3401510715484619,741,1088
4.081446409225464,0.0,0.0,0.010680675506591797,4.092126846313477,0.002474823733791709,0.002474823733791709,1.0,0.0,0.6906723380088806,-0.002474823733791709,0.010680675506591797,0.010680675506591797,0.0,1.0,0.6931471617426723,4.081446409225464,0.0,0.0,0.010680675506591797,4.092126846313477,,0.0,0.0,0.2,0,cn,cn_plus,92,3,1,3,1,1,382.1333758686667,0.9973899428685045,3.2341856956481934,-0.8472607135772705,-0.3780076205730438,-0.3780076205730438,0.0,0.0,2.7792932987213135,2.7686126232147217,5.642053127288818,1.5499262809753418,AVAILABLE,4.081446409225464,741,1088
0.004467964172363281,0.2756204530596733,0.0,0.04323220252990723,0.23685598373413086,0.31828421354293823,0.09727709740400314,1.0,1.0,0.3748629689216614,0.5958700776100159,0.04770016670227051,0.04770016670227051,0.2210071161389351,0.0,-0.2210071086883545,-0.004467964172363281,-0.2756204530596733,0.0,0.04323220252990723,-0.23685598373413086,,0.0,0.0,0.2,0,degree,degree_u_plus,93,3,7,2,7,1,5.7781851580972,0.8524678838545149,3.229752540588379,3.234220504760742,-0.35277968645095825,-0.07715923339128494,0.0,0.0,2.791039228439331,2.747807025909424,5.674593925476074,5.911449909210205,AVAILABLE,0.2756204530596733,1191,1558
0.0031545162200927734,0.0,0.0,0.09203982353210449,0.09519481658935547,0.09727709740400314,0.09727709740400314,2.0,1.0,1.0013352632522583,0.5958700776100159,0.09203982353210449,0.09203982353210449,0.0,1.0,0.40546518564224243,0.0031545162200927734,0.0,0.0,0.09203982353210449,0.09519481658935547,,0.0,0.0,0.2,0,cn,cn_plus,93,2,7,2,7,1,0.03427338032931627,0.03313764134430638,3.237375020980835,3.234220504760742,-0.07715923339128494,-0.07715923339128494,0.0,0.0,2.8398468494415283,2.747807025909424,6.0066447257995605,5.911449909210205,AVAILABLE,0.0031545162200927734,1191,1558
9.34600830078125e-05,0.005908966064453125,0.0,0.003563404083251953,0.0022516250610351562,0.12096263468265533,0.2101929485797882,1.0,1.0,0.5721845626831055,0.4829542338848114,0.0036568641662597656,0.0036568641662597656,-0.08923031389713287,0.0,0.08923032879829407,-9.34600830078125e-05,0.005908966064453125,0.0,-0.003563404083251953,0.0022516250610351562,,0.0,0.0,0.2,0,degree,degree_u_plus,94,65,2,64,2,1,1.6158516251317416,0.6177153205508599,3.226762294769287,3.226855754852295,1.6489626169204712,1.643053650856018,0.0,0.0,2.8306734561920166,2.8342368602752686,7.712979793548584,7.710728168487549,AVAILABLE,0.005908966064453125,306,2078
0.004627704620361328,0.0,0.0,0.0628969669342041,0.05826902389526367,0.2101929485797882,0.2101929485797882,2.0,1.0,0.8884193897247314,0.4829542338848114,0.0628969669342041,0.0628969669342041,0.0,1.0,0.40546515583992004,-0.004627704620361328,0.0,0.0,0.0628969669342041,0.05826902389526367,,0.0,0.0,0.2,0,cn,cn_plus,94,64,2,64,2,1,0.07357594666596336,0.06853352750167015,3.2222280502319336,3.226855754852295,1.643053650856018,1.643053650856018,0.0,0.0,2.8971338272094727,2.8342368602752686,7.7689971923828125,7.710728168487549,AVAILABLE,0.004627704620361328,306,2078
0.06412029266357422,0.05602443218231201,0.0,0.7627362012863159,0.7546403408050537,0.15886813402175903,0.07427853345870972,0.0,0.0,-0.15886813402175903,-0.07427853345870972,0.8268564939498901,0.8268564939498901,0.08458960056304932,0.0,-0.08458960056304932,0.06412029266357422,-0.05602443218231201,0.0,-0.7627362012863159,-0.7546403408050537,,0.0,0.0,0.2,0,degree,degree_u_plus,95,3,3,2,3,1,0.067755930944104,0.0634563845355507,-0.7395505905151367,-0.8036708831787109,-0.7898571491241455,-0.7338327169418335,0.0,0.0,-1.8995411396026611,-1.1368049383163452,-3.4223668575286865,-2.667726516723633,AVAILABLE,0.05602443218231201,86,2295
4.038041830062866,0.0,0.0,0.320978045463562,4.359019994735718,0.07427853345870972,0.07427853345870972,1.0,0.0,0.6188686490058899,-0.07427853345870972,0.320978045463562,0.320978045463562,0.0,1.0,0.6931471824645996,4.038041830062866,0.0,0.0,0.320978045463562,4.359019994735718,,0.0,0.0,0.2,0,cn,cn_plus,95,2,3,2,3,1,12.580429600494206,0.926364626936131,3.2343709468841553,-0.8036708831787109,-0.7338327169418335,-0.7338327169418335,0.0,0.0,-0.8158268928527832,-1.1368049383163452,1.691293478012085,-2.667726516723633,AVAILABLE,4.038041830062866,86,2295
5.9604644775390625e-06,0.127601757645607,0.0,0.0035784244537353516,0.13117408752441406,0.1392495483160019,0.1311403065919876,1.0,1.0,0.5538976192474365,0.5620068907737732,0.0035843849182128906,0.0035843849182128906,0.008109241724014282,0.0,-0.00810927152633667,-5.9604644775390625e-06,0.127601757645607,0.0,0.0035784244537353516,0.13117408752441406,,0.0,0.0,0.2,0,degree,degree_u_plus,96,10,2,9,2,1,35.599246332272656,0.9726770329934851,3.2112619876861572,3.2112679481506348,0.34591516852378845,0.21831341087818146,0.0,0.0,2.876457691192627,2.8728792667388916,6.440216541290283,6.309042453765869,AVAILABLE,0.127601757645607,364,1632
0.012983322143554688,0.0,0.0,0.002863645553588867,0.010119438171386719,0.1311403065919876,0.1311403065919876,2.0,1.0,0.9674720168113708,0.5620068907737732,0.002863645553588867,0.002863645553588867,0.0,1.0,0.40546512603759766,-0.012983322143554688,0.0,0.0,0.002863645553588867,-0.010119438171386719,,0.0,0.0,0.2,0,cn,cn_plus,96,9,2,9,2,1,4.5338281439900765,0.8192932678825535,3.19828462600708,3.2112679481506348,0.21831341087818146,0.21831341087818146,0.0,0.0,2.8757429122924805,2.8728792667388916,6.298923015594482,6.309042453765869,AVAILABLE,0.012983322143554688,364,1632
1.3828277587890625e-05,0.0032283663749694824,0.0,0.0002052783966064453,0.003036975860595703,1.715022087097168,1.715022087097168,2.0,2.0,-0.6164097785949707,-0.6164097785949707,0.00021910667419433594,0.00021910667419433594,0.0,0.0,0.0,1.3828277587890625e-05,0.0032283663749694824,0.0,-0.0002052783966064453,0.003036975860595703,,0.0,0.0,0.2,0,degree,degree_u_plus,97,140,12,139,12,1,14.733549543136203,0.93644155139574,3.191077709197998,3.19106388092041,0.6654677987098694,0.6622394323348999,0.0,0.0,2.8523471355438232,2.8525524139404297,6.715474605560303,6.712437629699707,AVAILABLE,0.0032283663749694824,1358,1742
0.006702423095703125,0.0,0.0,0.0011813640594482422,0.005521297454833984,1.715022087097168,1.715022087097168,3.0,2.0,-0.32872772216796875,-0.6164097785949707,0.0011813640594482422,0.0011813640594482422,0.0,1.0,0.28768205642700195,-0.006702423095703125,0.0,0.0,0.0011813640594482422,-0.005521297454833984,,0.0,0.0,0.2,0,cn,cn_plus,97,139,12,139,12,1,5.673413126096128,0.8501516418802939,3.184361457824707,3.19106388092041,0.6622394323348999,0.6622394323348999,0.0,0.0,2.853733777999878,2.8525524139404297,6.706916332244873,6.712437629699707,AVAILABLE,0.006702423095703125,1358,1742
0.07543551921844482,0.021625041961669922,0.0,0.0956047773361206,0.0417943000793457,0.017144624143838882,0.1266687959432602,0.0,0.0,-0.017144624143838882,-0.1266687959432602,0.17104029655456543,0.17104029655456543,-0.10952417179942131,0.0,0.10952417179942131,-0.07543551921844482,0.021625041961669922,0.0,0.0956047773361206,0.0417943000793457,,0.0,0.0,0.2,0,degree,degree_u_plus,98,29,2,28,2,1,0.12643243219849518,0.11224147013570343,-0.8399454355239868,-0.764509916305542,1.2825655937194824,1.2609405517578125,0.0,0.0,2.0441462993621826,1.948541522026062,2.4933483600616455,2.4515540599823,AVAILABLE,0.021625041961669922,109,176
4.001319169998169,0.0,0.0,0.22163069248199463,4.222949743270874,0.1266687959432602,0.1266687959432602,1.0,0.0,0.5664783716201782,-0.1266687959432602,0.22163069248199463,0.22163069248199463,0.0,1.0,0.6931471675634384,4.001319169998169,0.0,0.0,0.22163069248199463,4.222949743270874,,0.0,0.0,0.2,0,cn,cn_plus,98,28,2,28,2,1,18.05399308484003,0.9475175625630078,3.236809253692627,-0.764509916305542,1.2609405517578125,1.2609405517578125,0.0,0.0,2.1701722145080566,1.948541522026062,6.674503803253174,2.4515540599823,AVAILABLE,4.001319169998169,109,176
0.00075531005859375,0.33669859170913696,0.0,0.042585134506225586,0.3800389766693115,0.0040603079833090305,0.002474823733791709,0.0,0.0,-0.0040603079833090305,-0.002474823733791709,0.043340444564819336,0.043340444564819336,0.0015854842495173216,0.0,-0.0015854842495173216,0.00075531005859375,0.33669859170913696,0.0,0.042585134506225586,0.3800389766693115,,0.0,0.0,0.2,0,degree,degree_u_plus,99,5,1,4,1,1,7.7686908245407436,0.8859578904069326,-0.8465054035186768,-0.8472607135772705,0.29884204268455505,-0.03785654902458191,0.0,0.0,2.946423292160034,2.9038381576538086,2.405341863632202,2.0253028869628906,AVAILABLE,0.33669859170913696,52,2053
4.095781087875366,0.0,0.0,0.06313157081604004,4.032649517059326,0.002474823733791709,0.002474823733791709,1.0,0.0,0.6906723380088806,-0.002474823733791709,0.06313157081604004,0.06313157081604004,0.0,1.0,0.6931471617426723,4.095781087875366,0.0,0.0,-0.06313157081604004,4.032649517059326,,0.0,0.0,0.2,0,cn,cn_plus,99,4,1,4,1,1,64.87689734572176,0.9848201715579894,3.2485203742980957,-0.8472607135772705,-0.03785654902458191,-0.03785654902458191,0.0,0.0,2.8407065868377686,2.9038381576538086,6.057952404022217,2.0253028869628906,AVAILABLE,4.095781087875366,52,2053
