split,pair_index,u,v,context_graph_hash,target_present_before,removed_edge_count,base_edge_count,context_edge_count,representation_context_graph_hash,target_context_graph_hash,xy_context_hash_match,probe_seed
train,0,4,1016,99e4175876d31316d1905b90debe91cdd08ddcb452af5bb4ccff79cc39607194,True,1,4488,4487,99e4175876d31316d1905b90debe91cdd08ddcb452af5bb4ccff79cc39607194,99e4175876d31316d1905b90debe91cdd08ddcb452af5bb4ccff79cc39607194,True,0
train,1,9,2614,06403c247b854909135d301f8eab569f07b065456c275d3e188af3a63caf8e78,True,1,4488,4487,06403c247b854909135d301f8eab569f07b065456c275d3e188af3a63caf8e78,06403c247b854909135d301f8eab569f07b065456c275d3e188af3a63caf8e78,True,0
train,2,11,1655,4f658b74cd1178e922b5c9e9ee82f7588a0d1534be9778531fd78c98fe123ecd,True,1,4488,4487,4f658b74cd1178e922b5c9e9ee82f7588a0d1534be9778531fd78c98fe123ecd,4f658b74cd1178e922b5c9e9ee82f7588a0d1534be9778531fd78c98fe123ecd,True,0
train,3,12,2661,065b4a9d2ebfbcd8efc0c343ff9d38650fbe81a8117b168c8b0b91aa00a3fc29,True,1,4488,4487,065b4a9d2ebfbcd8efc0c343ff9d38650fbe81a8117b168c8b0b91aa00a3fc29,065b4a9d2ebfbcd8efc0c343ff9d38650fbe81a8117b168c8b0b91aa00a3fc29,True,0
train,4,14,2075,a3f765033b5b2ab53de88d6881979dd2a271c4fe219c496c44657a97272cd3e6,True,1,4488,4487,a3f765033b5b2ab53de88d6881979dd2a271c4fe219c496c44657a97272cd3e6,a3f765033b5b2ab53de88d6881979dd2a271c4fe219c496c44657a97272cd3e6,True,0
train,5,14,2077,9121616be68361d800cc46a967ed0a8e04642017694621dcce6a4a13ae39d9ca,True,1,4488,4487,9121616be68361d800cc46a967ed0a8e04642017694621dcce6a4a13ae39d9ca,9121616be68361d800cc46a967ed0a8e04642017694621dcce6a4a13ae39d9ca,True,0
train,6,17,24,fa1ad18e19d3b4a257a2a1a756e8954b3c9978025a88740684d875786423cfb4,True,1,4488,4487,fa1ad18e19d3b4a257a2a1a756e8954b3c9978025a88740684d875786423cfb4,fa1ad18e19d3b4a257a2a1a756e8954b3c9978025a88740684d875786423cfb4,True,0
train,7,24,598,353d8befc48121874176a3fd44f2bcf1c1b34dbe489669fb60b45c12089fdaba,True,1,4488,4487,353d8befc48121874176a3fd44f2bcf1c1b34dbe489669fb60b45c12089fdaba,353d8befc48121874176a3fd44f2bcf1c1b34dbe489669fb60b45c12089fdaba,True,0
train,8,24,2141,1fc6a1fe5a0bef66daa7830ac043c4bc3a615039e005fc16d2093e78afb1dacb,True,1,4488,4487,1fc6a1fe5a0bef66daa7830ac043c4bc3a615039e005fc16d2093e78afb1dacb,1fc6a1fe5a0bef66daa7830ac043c4bc3a615039e005fc16d2093e78afb1dacb,True,0
train,9,25,1344,69c6f00d7102d17a86385da57548bf6128ab98c3d520d0293b2e787542fbfcd3,True,1,4488,4487,69c6f00d7102d17a86385da57548bf6128ab98c3d520d0293b2e787542fbfcd3,69c6f00d7102d17a86385da57548bf6128ab98c3d520d0293b2e787542fbfcd3,True,0
train,10,33,2040,c548b1f98c05bb8c1c2fdac37c43c68746246f517110071b36c34ed7f2ae6e9b,True,1,4488,4487,c548b1f98c05bb8c1c2fdac37c43c68746246f517110071b36c34ed7f2ae6e9b,c548b1f98c05bb8c1c2fdac37c43c68746246f517110071b36c34ed7f2ae6e9b,True,0
train,11,38,1160,551207103c71d7ff08c948f865fd7fffbeb5d85b83b80b8deb1b67fcd0ae80c5,True,1,4488,4487,551207103c71d7ff08c948f865fd7fffbeb5d85b83b80b8deb1b67fcd0ae80c5,551207103c71d7ff08c948f865fd7fffbeb5d85b83b80b8deb1b67fcd0ae80c5,True,0
train,12,39,1349,8683f6981461fb957d758f76511942ce39951f033a10dd3e81427914ea7e51d2,True,1,4488,4487,8683f6981461fb957d758f76511942ce39951f033a10dd3e81427914ea7e51d2,8683f6981461fb957d758f76511942ce39951f033a10dd3e81427914ea7e51d2,True,0
train,13,39,1965,87418fb642320831f4faa91990e6167d034dd6825ab4c096b6c2958083f78764,True,1,4488,4487,87418fb642320831f4faa91990e6167d034dd6825ab4c096b6c2958083f78764,87418fb642320831f4faa91990e6167d034dd6825ab4c096b6c2958083f78764,True,0
train,14,41,644,5a30ab2171e430d9fb17238b3adaa14e3fff7373d7a3c144b2fdd1afbed2405c,True,1,4488,4487,5a30ab2171e430d9fb17238b3adaa14e3fff7373d7a3c144b2fdd1afbed2405c,5a30ab2171e430d9fb17238b3adaa14e3fff7373d7a3c144b2fdd1afbed2405c,True,0
train,15,46,1604,bcd5977c8edc9c24c2f484af8d2e9d955184eeb9649a0bccdc0ac21f6fce5164,True,1,4488,4487,bcd5977c8edc9c24c2f484af8d2e9d955184eeb9649a0bccdc0ac21f6fce5164,bcd5977c8edc9c24c2f484af8d2e9d955184eeb9649a0bccdc0ac21f6fce5164,True,0
train,16,53,1358,7e4940ee5f719fa611e3e2dcd2482e7df649c527d98685ff5a13ef6500e8a2c5,True,1,4488,4487,7e4940ee5f719fa611e3e2dcd2482e7df649c527d98685ff5a13ef6500e8a2c5,7e4940ee5f719fa611e3e2dcd2482e7df649c527d98685ff5a13ef6500e8a2c5,True,0
train,17,54,401,9b5d9721a568b3cda64de1dc102ae12e57b89a979a0bdd2b69830e77155cde22,True,1,4488,4487,9b5d9721a568b3cda64de1dc102ae12e57b89a979a0bdd2b69830e77155cde22,9b5d9721a568b3cda64de1dc102ae12e57b89a979a0bdd2b69830e77155cde22,True,0
train,18,55,771,68cdc62bf9f45cb2f130f4f956fe260e1a177ac7127bc92207c7abb33f104bc9,True,1,4488,4487,68cdc62bf9f45cb2f130f4f956fe260e1a177ac7127bc92207c7abb33f104bc9,68cdc62bf9f45cb2f130f4f956fe260e1a177ac7127bc92207c7abb33f104bc9,True,0
train,19,56,1616,8240d3aeb98492777ad1cc4e98143ccf12fc03a87222ef699b814bd3a6c1882b,True,1,4488,4487,8240d3aeb98492777ad1cc4e98143ccf12fc03a87222ef699b814bd3a6c1882b,8240d3aeb98492777ad1cc4e98143ccf12fc03a87222ef699b814bd3a6c1882b,True,0
train,20,59,1358,24ea4351f76e488d131cc5f6d9ff2ed2230376860d374be02de0c6735bdad83f,True,1,4488,4487,24ea4351f76e488d131cc5f6d9ff2ed2230376860d374be02de0c6735bdad83f,24ea4351f76e488d131cc5f6d9ff2ed2230376860d374be02de0c6735bdad83f,True,0
train,21,61,1416,af4633b585e587fcf87f2134d8287c3329d6b828386fa5fe51db7d1a833c7bd5,True,1,4488,4487,af4633b585e587fcf87f2134d8287c3329d6b828386fa5fe51db7d1a833c7bd5,af4633b585e587fcf87f2134d8287c3329d6b828386fa5fe51db7d1a833c7bd5,True,0
train,22,65,1156,ec8a50d77621beaa34e168238742eb88af864476e0402f491e7f5fec82fc2a2e,True,1,4488,4487,ec8a50d77621beaa34e168238742eb88af864476e0402f491e7f5fec82fc2a2e,ec8a50d77621beaa34e168238742eb88af864476e0402f491e7f5fec82fc2a2e,True,0
train,23,65,2419,9ee53e92ad21e0206ecbff9b881cb09bd1d4729cca85f1a74597a5aed1e198b3,True,1,4488,4487,9ee53e92ad21e0206ecbff9b881cb09bd1d4729cca85f1a74597a5aed1e198b3,9ee53e92ad21e0206ecbff9b881cb09bd1d4729cca85f1a74597a5aed1e198b3,True,0
train,24,67,282,7163b90d1162e9a699a90ae9855fea1e9ff9d826097159a891cf81bf5df5754f,True,1,4488,4487,7163b90d1162e9a699a90ae9855fea1e9ff9d826097159a891cf81bf5df5754f,7163b90d1162e9a699a90ae9855fea1e9ff9d826097159a891cf81bf5df5754f,True,0
train,25,69,604,6f08091c630ed4705f85eae56dcb57467caf0a85be6411247a95749d7b3f4d7d,True,1,4488,4487,6f08091c630ed4705f85eae56dcb57467caf0a85be6411247a95749d7b3f4d7d,6f08091c630ed4705f85eae56dcb57467caf0a85be6411247a95749d7b3f4d7d,True,0
train,26,69,1013,4deb1073815c411bddeb25507db3019effb810c71dbe0de05aa2a405d6ba8493,True,1,4488,4487,4deb1073815c411bddeb25507db3019effb810c71dbe0de05aa2a405d6ba8493,4deb1073815c411bddeb25507db3019effb810c71dbe0de05aa2a405d6ba8493,True,0
train,27,72,1103,8017ef12c26520720c8d12d34ed6d08f3fdfc969cce4a1509dda6cddc00a5b83,True,1,4488,4487,8017ef12c26520720c8d12d34ed6d08f3fdfc969cce4a1509dda6cddc00a5b83,8017ef12c26520720c8d12d34ed6d08f3fdfc969cce4a1509dda6cddc00a5b83,True,0
train,28,75,2225,41b1338f0dfe9571887e75993c235083d9ab91d0f7161809944fdeb88de3d0c5,True,1,4488,4487,41b1338f0dfe9571887e75993c235083d9ab91d0f7161809944fdeb88de3d0c5,41b1338f0dfe9571887e75993c235083d9ab91d0f7161809944fdeb88de3d0c5,True,0
train,29,80,1117,d60889c81d78c05ccfcb15d8ff7c52473d0d5cf17197223af7aa0714d5d5b17c,True,1,4488,4487,d60889c81d78c05ccfcb15d8ff7c52473d0d5cf17197223af7aa0714d5d5b17c,d60889c81d78c05ccfcb15d8ff7c52473d0d5cf17197223af7aa0714d5d5b17c,True,0
train,30,81,2180,22edc4ac343221303f3ff76583c9767bf76b28648e561b293e334665513a4092,True,1,4488,4487,22edc4ac343221303f3ff76583c9767bf76b28648e561b293e334665513a4092,22edc4ac343221303f3ff76583c9767bf76b28648e561b293e334665513a4092,True,0
train,31,83,1520,d67cd35df703c3809f1cbb0b864caaa5d32964ea27ab7425e84a0bc41e8eb63f,True,1,4488,4487,d67cd35df703c3809f1cbb0b864caaa5d32964ea27ab7425e84a0bc41e8eb63f,d67cd35df703c3809f1cbb0b864caaa5d32964ea27ab7425e84a0bc41e8eb63f,True,0
train,32,88,841,eb5ac3158a59838bb1f2f32b5a87abd64cd2c1807eb7bcf3eca4877be1b4caff,True,1,4488,4487,eb5ac3158a59838bb1f2f32b5a87abd64cd2c1807eb7bcf3eca4877be1b4caff,eb5ac3158a59838bb1f2f32b5a87abd64cd2c1807eb7bcf3eca4877be1b4caff,True,0
train,33,88,1174,c581b0d16077962275d4fcf0f928d238ed6829873400fc358d6e807d21b18c1a,True,1,4488,4487,c581b0d16077962275d4fcf0f928d238ed6829873400fc358d6e807d21b18c1a,c581b0d16077962275d4fcf0f928d238ed6829873400fc358d6e807d21b18c1a,True,0
train,34,88,1494,58314fcb6a2459ceccb84b716cacf2856f6d230c96937a8ff8ef7a388f3bfdcf,True,1,4488,4487,58314fcb6a2459ceccb84b716cacf2856f6d230c96937a8ff8ef7a388f3bfdcf,58314fcb6a2459ceccb84b716cacf2856f6d230c96937a8ff8ef7a388f3bfdcf,True,0
train,35,88,2013,afada66a65d1a0bfc6a5515d5f87a47b3729b678e554c4d9a54385ccc5357128,True,1,4488,4487,afada66a65d1a0bfc6a5515d5f87a47b3729b678e554c4d9a54385ccc5357128,afada66a65d1a0bfc6a5515d5f87a47b3729b678e554c4d9a54385ccc5357128,True,0
train,36,88,2016,944e7f79aa09764ab43a59b8f75f14f6db77ebfa8f2137c8ca2487fc0fc62f48,True,1,4488,4487,944e7f79aa09764ab43a59b8f75f14f6db77ebfa8f2137c8ca2487fc0fc62f48,944e7f79aa09764ab43a59b8f75f14f6db77ebfa8f2137c8ca2487fc0fc62f48,True,0
train,37,89,258,f6387095ae7f8b3a461ec15a4e1352a9f61c61ec7a62cc3700f430d5caba0df8,True,1,4488,4487,f6387095ae7f8b3a461ec15a4e1352a9f61c61ec7a62cc3700f430d5caba0df8,f6387095ae7f8b3a461ec15a4e1352a9f61c61ec7a62cc3700f430d5caba0df8,True,0
train,38,91,1046,42968fe921fc5a2e4ee73f0260ee078e215c2eb76f8c782d0363958076a4a941,True,1,4488,4487,42968fe921fc5a2e4ee73f0260ee078e215c2eb76f8c782d0363958076a4a941,42968fe921fc5a2e4ee73f0260ee078e215c2eb76f8c782d0363958076a4a941,True,0
train,39,93,550,6ad4e3ed028b07d312b5d33b6b60bc27cbb3ed5a54517a2194062582d7599dd3,True,1,4488,4487,6ad4e3ed028b07d312b5d33b6b60bc27cbb3ed5a54517a2194062582d7599dd3,6ad4e3ed028b07d312b5d33b6b60bc27cbb3ed5a54517a2194062582d7599dd3,True,0
train,40,94,586,aa5cfca80d70f7f6f6a8e84191d5dde2b590287a5ff90540a3ee4edc6000a9a7,True,1,4488,4487,aa5cfca80d70f7f6f6a8e84191d5dde2b590287a5ff90540a3ee4edc6000a9a7,aa5cfca80d70f7f6f6a8e84191d5dde2b590287a5ff90540a3ee4edc6000a9a7,True,0
train,41,94,675,bc19cebaaaf945464e85268b87eb0093ebd69d912c97168ee7589343d9df5fb7,True,1,4488,4487,bc19cebaaaf945464e85268b87eb0093ebd69d912c97168ee7589343d9df5fb7,bc19cebaaaf945464e85268b87eb0093ebd69d912c97168ee7589343d9df5fb7,True,0
train,42,94,934,20fe0e9abb94825b06bc715469e3818d8c562e00584a2fed929890955d29adc8,True,1,4488,4487,20fe0e9abb94825b06bc715469e3818d8c562e00584a2fed929890955d29adc8,20fe0e9abb94825b06bc715469e3818d8c562e00584a2fed929890955d29adc8,True,0
train,43,95,1303,0e2c293b8b996ac8963802626c2fedd53a3ee0c6fff1a00bfd2ff1fb797e6112,True,1,4488,4487,0e2c293b8b996ac8963802626c2fedd53a3ee0c6fff1a00bfd2ff1fb797e6112,0e2c293b8b996ac8963802626c2fedd53a3ee0c6fff1a00bfd2ff1fb797e6112,True,0
train,44,95,2074,c922ad18c0154380be09c8355b0c913438febebc82001886d6c0ca846bc6c869,True,1,4488,4487,c922ad18c0154380be09c8355b0c913438febebc82001886d6c0ca846bc6c869,c922ad18c0154380be09c8355b0c913438febebc82001886d6c0ca846bc6c869,True,0
train,45,95,2181,47760d5ba83f992fcea0da8c0284f4fd7f7479bc0dbad4e0a7a78b19d2893d24,True,1,4488,4487,47760d5ba83f992fcea0da8c0284f4fd7f7479bc0dbad4e0a7a78b19d2893d24,47760d5ba83f992fcea0da8c0284f4fd7f7479bc0dbad4e0a7a78b19d2893d24,True,0
train,46,96,2217,b244f0c243bf4a920febc5a5e8947251a9844505d7973d707e2100fd6652a344,True,1,4488,4487,b244f0c243bf4a920febc5a5e8947251a9844505d7973d707e2100fd6652a344,b244f0c243bf4a920febc5a5e8947251a9844505d7973d707e2100fd6652a344,True,0
train,47,100,1602,8f3151f9a91cea8fe785b13d1554873252fbf2e81ad46c3e740a4cf4348cdcbb,True,1,4488,4487,8f3151f9a91cea8fe785b13d1554873252fbf2e81ad46c3e740a4cf4348cdcbb,8f3151f9a91cea8fe785b13d1554873252fbf2e81ad46c3e740a4cf4348cdcbb,True,0
train,48,103,608,32eb56319948356d1de3f7ee8fce93e25a8db757c14ae97483708381cb02a6f0,True,1,4488,4487,32eb56319948356d1de3f7ee8fce93e25a8db757c14ae97483708381cb02a6f0,32eb56319948356d1de3f7ee8fce93e25a8db757c14ae97483708381cb02a6f0,True,0
train,49,104,2210,c87d5712cacbe2c2eaef7fba5fceb439d8d52d5fe5a07b21fde311ebe7bf6e8a,True,1,4488,4487,c87d5712cacbe2c2eaef7fba5fceb439d8d52d5fe5a07b21fde311ebe7bf6e8a,c87d5712cacbe2c2eaef7fba5fceb439d8d52d5fe5a07b21fde311ebe7bf6e8a,True,0
train,50,107,1113,0478bf6f6400235cd6b3d78d9e014fd2854b096573b0412a1e51eace6acba9c9,True,1,4488,4487,0478bf6f6400235cd6b3d78d9e014fd2854b096573b0412a1e51eace6acba9c9,0478bf6f6400235cd6b3d78d9e014fd2854b096573b0412a1e51eace6acba9c9,True,0
train,51,107,1650,2fd86721c2e20df039a4064e6f701244f294d0c429ec5f4893857afc95961d53,True,1,4488,4487,2fd86721c2e20df039a4064e6f701244f294d0c429ec5f4893857afc95961d53,2fd86721c2e20df039a4064e6f701244f294d0c429ec5f4893857afc95961d53,True,0
train,52,108,2209,54df3ba7b04d1ad3d09141e543fa0d0fd615429c9e523335c9415c5b201720d5,True,1,4488,4487,54df3ba7b04d1ad3d09141e543fa0d0fd615429c9e523335c9415c5b201720d5,54df3ba7b04d1ad3d09141e543fa0d0fd615429c9e523335c9415c5b201720d5,True,0
train,53,109,133,a9f0da6c2788583a4c1b1cd979e6660fedcb68b30134e9b56a57ebd53bdadf94,True,1,4488,4487,a9f0da6c2788583a4c1b1cd979e6660fedcb68b30134e9b56a57ebd53bdadf94,a9f0da6c2788583a4c1b1cd979e6660fedcb68b30134e9b56a57ebd53bdadf94,True,0
train,54,109,2094,e3217c21358bc970d282efe507ea79e8647ac92e543c3b4c4f5c6581d36cea71,True,1,4488,4487,e3217c21358bc970d282efe507ea79e8647ac92e543c3b4c4f5c6581d36cea71,e3217c21358bc970d282efe507ea79e8647ac92e543c3b4c4f5c6581d36cea71,True,0
train,55,116,1076,32c6e0e4f848c2450581e2b5439fa4b8f83b6c1e88a1aa55ec1c127884666714,True,1,4488,4487,32c6e0e4f848c2450581e2b5439fa4b8f83b6c1e88a1aa55ec1c127884666714,32c6e0e4f848c2450581e2b5439fa4b8f83b6c1e88a1aa55ec1c127884666714,True,0
train,56,118,255,3c9fcb07937bfe13ab2f1256a57c80d1afa305877d91311ae35c01c1073013cf,True,1,4488,4487,3c9fcb07937bfe13ab2f1256a57c80d1afa305877d91311ae35c01c1073013cf,3c9fcb07937bfe13ab2f1256a57c80d1afa305877d91311ae35c01c1073013cf,True,0
train,57,119,379,b99c7a26649bb184786842aebe4ddeec32090c5e6fde091b3b7ca70118004d62,True,1,4488,4487,b99c7a26649bb184786842aebe4ddeec32090c5e6fde091b3b7ca70118004d62,b99c7a26649bb184786842aebe4ddeec32090c5e6fde091b3b7ca70118004d62,True,0
train,58,122,2455,461e1294642ec913a7aba6f6cb5011f03ba8a5513b70341719f8583bc5cdcd8b,True,1,4488,4487,461e1294642ec913a7aba6f6cb5011f03ba8a5513b70341719f8583bc5cdcd8b,461e1294642ec913a7aba6f6cb5011f03ba8a5513b70341719f8583bc5cdcd8b,True,0
train,59,126,306,72c0b6211c389ec442115a1b2f035fef9016a8c68df2c09558213179df4de4e8,True,1,4488,4487,72c0b6211c389ec442115a1b2f035fef9016a8c68df2c09558213179df4de4e8,72c0b6211c389ec442115a1b2f035fef9016a8c68df2c09558213179df4de4e8,True,0
train,60,128,370,75343b985418b96f622ee91c0379ed0dfae385c9c8d8e151e7375465d73009bc,True,1,4488,4487,75343b985418b96f622ee91c0379ed0dfae385c9c8d8e151e7375465d73009bc,75343b985418b96f622ee91c0379ed0dfae385c9c8d8e151e7375465d73009bc,True,0
train,61,133,399,4755ab03ea00cb95bf52a61a76ea29d81038bd52b0123a396186984aacbc1182,True,1,4488,4487,4755ab03ea00cb95bf52a61a76ea29d81038bd52b0123a396186984aacbc1182,4755ab03ea00cb95bf52a61a76ea29d81038bd52b0123a396186984aacbc1182,True,0
train,62,133,1670,bdbf3f525b8af8b1561d114f46433aab0d2b35c47d1984e4f1a2dda80c8e479b,True,1,4488,4487,bdbf3f525b8af8b1561d114f46433aab0d2b35c47d1984e4f1a2dda80c8e479b,bdbf3f525b8af8b1561d114f46433aab0d2b35c47d1984e4f1a2dda80c8e479b,True,0
train,63,133,1784,dbed6a7b1c7eee7f350bf49d38ddc43878effa167d765bdee436077d86d05002,True,1,4488,4487,dbed6a7b1c7eee7f350bf49d38ddc43878effa167d765bdee436077d86d05002,dbed6a7b1c7eee7f350bf49d38ddc43878effa167d765bdee436077d86d05002,True,0
train,64,142,2049,ab85bf2272d8716621a60d25e7156b2f1b3c90f348288c30435b8862028c199c,True,1,4488,4487,ab85bf2272d8716621a60d25e7156b2f1b3c90f348288c30435b8862028c199c,ab85bf2272d8716621a60d25e7156b2f1b3c90f348288c30435b8862028c199c,True,0
train,65,143,598,5629bb9eae6e3f26836a5503fd6440123a0a3bcec051a829aaae1f775e5ba28b,True,1,4488,4487,5629bb9eae6e3f26836a5503fd6440123a0a3bcec051a829aaae1f775e5ba28b,5629bb9eae6e3f26836a5503fd6440123a0a3bcec051a829aaae1f775e5ba28b,True,0
train,66,144,1593,48e3b82edc67b29f66e3bad4619aa936bd60e8f18d050adcc5b7031197e9c79b,True,1,4488,4487,48e3b82edc67b29f66e3bad4619aa936bd60e8f18d050adcc5b7031197e9c79b,48e3b82edc67b29f66e3bad4619aa936bd60e8f18d050adcc5b7031197e9c79b,True,0
train,67,148,602,7dda79addd7c587db9bea0b09d0071508bd086bbb5af9f169ec5359cc6d99a85,True,1,4488,4487,7dda79addd7c587db9bea0b09d0071508bd086bbb5af9f169ec5359cc6d99a85,7dda79addd7c587db9bea0b09d0071508bd086bbb5af9f169ec5359cc6d99a85,True,0
train,68,148,2518,c7686834312b142bf3f6e0da3c485739edf87402812508696e68ccc0b6ea5eba,True,1,4488,4487,c7686834312b142bf3f6e0da3c485739edf87402812508696e68ccc0b6ea5eba,c7686834312b142bf3f6e0da3c485739edf87402812508696e68ccc0b6ea5eba,True,0
train,69,149,1655,791defcb2f5da5ae29e0b8583359c9e9489508fa914461c31bb05af196593a56,True,1,4488,4487,791defcb2f5da5ae29e0b8583359c9e9489508fa914461c31bb05af196593a56,791defcb2f5da5ae29e0b8583359c9e9489508fa914461c31bb05af196593a56,True,0
train,70,154,326,aa272004772277b003853c93b5396cccde30cd55e80a89be78ab4625c0d1a6cc,True,1,4488,4487,aa272004772277b003853c93b5396cccde30cd55e80a89be78ab4625c0d1a6cc,aa272004772277b003853c93b5396cccde30cd55e80a89be78ab4625c0d1a6cc,True,0
train,71,155,817,da230125af9fc8ebeaac645758a47452f6a6601d6f0a04695f6321905b5456f3,True,1,4488,4487,da230125af9fc8ebeaac645758a47452f6a6601d6f0a04695f6321905b5456f3,da230125af9fc8ebeaac645758a47452f6a6601d6f0a04695f6321905b5456f3,True,0
train,72,157,1870,625283cd24584f898fc5db77111af03196361dfde7ad65cb8c53e936fe951a6d,True,1,4488,4487,625283cd24584f898fc5db77111af03196361dfde7ad65cb8c53e936fe951a6d,625283cd24584f898fc5db77111af03196361dfde7ad65cb8c53e936fe951a6d,True,0
train,73,160,1986,8a0d61b39a6bef531011c1605d9312a4ec70ba1ae7636d8534cbfc94a0b55b8c,True,1,4488,4487,8a0d61b39a6bef531011c1605d9312a4ec70ba1ae7636d8534cbfc94a0b55b8c,8a0d61b39a6bef531011c1605d9312a4ec70ba1ae7636d8534cbfc94a0b55b8c,True,0
train,74,160,2000,8312c9cc1cb908267af0d49ca025ee71d593a179f972a584b663535811b48c0a,True,1,4488,4487,8312c9cc1cb908267af0d49ca025ee71d593a179f972a584b663535811b48c0a,8312c9cc1cb908267af0d49ca025ee71d593a179f972a584b663535811b48c0a,True,0
train,75,168,2438,75af0b2226f07076f2a0cff4b87a71271fcee72439ed6e2f18c4598f2273fc52,True,1,4488,4487,75af0b2226f07076f2a0cff4b87a71271fcee72439ed6e2f18c4598f2273fc52,75af0b2226f07076f2a0cff4b87a71271fcee72439ed6e2f18c4598f2273fc52,True,0
train,76,169,1994,a9fb1fdaac9fc85758bfedfd36107602a99fada284e9de5cca1a38c15c13c9da,True,1,4488,4487,a9fb1fdaac9fc85758bfedfd36107602a99fada284e9de5cca1a38c15c13c9da,a9fb1fdaac9fc85758bfedfd36107602a99fada284e9de5cca1a38c15c13c9da,True,0
train,77,172,512,ab927691b32e56d78406b0e6343a4f328ca73b70e2ab41fb97254c18f48f6f76,True,1,4488,4487,ab927691b32e56d78406b0e6343a4f328ca73b70e2ab41fb97254c18f48f6f76,ab927691b32e56d78406b0e6343a4f328ca73b70e2ab41fb97254c18f48f6f76,True,0
train,78,172,2187,fef27ad3d6a2c9b116595221516c518a7256916b5a7d93c23b773ea2e4420866,True,1,4488,4487,fef27ad3d6a2c9b116595221516c518a7256916b5a7d93c23b773ea2e4420866,fef27ad3d6a2c9b116595221516c518a7256916b5a7d93c23b773ea2e4420866,True,0
train,79,174,629,5fe31ae95e3133cf2baf8b7cc354ec5ebe6028354b6c1f96d4d2c9eb029c86ac,True,1,4488,4487,5fe31ae95e3133cf2baf8b7cc354ec5ebe6028354b6c1f96d4d2c9eb029c86ac,5fe31ae95e3133cf2baf8b7cc354ec5ebe6028354b6c1f96d4d2c9eb029c86ac,True,0
train,80,200,2676,4152ec5355535e9c8f5b8d1b5946659d0dbb2f8aa89a584023f9ad633983028e,True,1,4488,4487,4152ec5355535e9c8f5b8d1b5946659d0dbb2f8aa89a584023f9ad633983028e,4152ec5355535e9c8f5b8d1b5946659d0dbb2f8aa89a584023f9ad633983028e,True,0
train,81,202,1173,bc2ffe12a0bfc090d6dae13245cccbdca5dea4915269411503e0cae64ccf7b70,True,1,4488,4487,bc2ffe12a0bfc090d6dae13245cccbdca5dea4915269411503e0cae64ccf7b70,bc2ffe12a0bfc090d6dae13245cccbdca5dea4915269411503e0cae64ccf7b70,True,0
train,82,203,1869,754a9805369008f7fd224131a1fab0a9a59418761d910a3df2b1f3d8a6ca0e1a,True,1,4488,4487,754a9805369008f7fd224131a1fab0a9a59418761d910a3df2b1f3d8a6ca0e1a,754a9805369008f7fd224131a1fab0a9a59418761d910a3df2b1f3d8a6ca0e1a,True,0
train,83,211,1909,7ba2d4d0a25def04b08c1f0c32399b2f6a38bc7dd912f3caa0ad7e563235dafb,True,1,4488,4487,7ba2d4d0a25def04b08c1f0c32399b2f6a38bc7dd912f3caa0ad7e563235dafb,7ba2d4d0a25def04b08c1f0c32399b2f6a38bc7dd912f3caa0ad7e563235dafb,True,0
train,84,213,1593,da2b03e3fd6d2ca737c1bea850fce2b7603aa6d94c62405241e5327d313bf358,True,1,4488,4487,da2b03e3fd6d2ca737c1bea850fce2b7603aa6d94c62405241e5327d313bf358,da2b03e3fd6d2ca737c1bea850fce2b7603aa6d94c62405241e5327d313bf358,True,0
train,85,230,1095,5b941334b93e254c3d93c7101171c9cd73d9ec72fb132269116af37ca47cb463,True,1,4488,4487,5b941334b93e254c3d93c7101171c9cd73d9ec72fb132269116af37ca47cb463,5b941334b93e254c3d93c7101171c9cd73d9ec72fb132269116af37ca47cb463,True,0
train,86,231,232,f0dc857de11fbdfb55f7e3903c9096ca138758edfea41044cd1973c0685f0271,True,1,4488,4487,f0dc857de11fbdfb55f7e3903c9096ca138758edfea41044cd1973c0685f0271,f0dc857de11fbdfb55f7e3903c9096ca138758edfea41044cd1973c0685f0271,True,0
train,87,234,2591,44eb9f20658a0765d4c0befa5a5b353c7589def20477b6f92c87ad2d801cde10,True,1,4488,4487,44eb9f20658a0765d4c0befa5a5b353c7589def20477b6f92c87ad2d801cde10,44eb9f20658a0765d4c0befa5a5b353c7589def20477b6f92c87ad2d801cde10,True,0
train,88,239,887,bb1c2ccccf91c03515195d35e3cef113974537bd46b0889c5c87c6f0d5556c4c,True,1,4488,4487,bb1c2ccccf91c03515195d35e3cef113974537bd46b0889c5c87c6f0d5556c4c,bb1c2ccccf91c03515195d35e3cef113974537bd46b0889c5c87c6f0d5556c4c,True,0
train,89,243,2647,2df7124d3e9735953f732177cc4dc8e9c0fb1c9340bf214699ff0a09781314c6,True,1,4488,4487,2df7124d3e9735953f732177cc4dc8e9c0fb1c9340bf214699ff0a09781314c6,2df7124d3e9735953f732177cc4dc8e9c0fb1c9340bf214699ff0a09781314c6,True,0
train,90,245,1162,a87e1cf6c14fd0aaef45a5406a54925a3ee65c50f01c846a678826e1646e4086,True,1,4488,4487,a87e1cf6c14fd0aaef45a5406a54925a3ee65c50f01c846a678826e1646e4086,a87e1cf6c14fd0aaef45a5406a54925a3ee65c50f01c846a678826e1646e4086,True,0
train,91,246,1358,e464448808db99d13b73ce726b8a225b3614ee21ceb1e1e5356a30596e5a015d,True,1,4488,4487,e464448808db99d13b73ce726b8a225b3614ee21ceb1e1e5356a30596e5a015d,e464448808db99d13b73ce726b8a225b3614ee21ceb1e1e5356a30596e5a015d,True,0
train,92,248,1964,2a1e8f0a784276caac62834b7dd7f41a92adffd958f58a2072c8c233eed0f75b,True,1,4488,4487,2a1e8f0a784276caac62834b7dd7f41a92adffd958f58a2072c8c233eed0f75b,2a1e8f0a784276caac62834b7dd7f41a92adffd958f58a2072c8c233eed0f75b,True,0
train,93,249,1884,e041b9b3d71008ab4a2ff320b0dca9e15dc5ca90282e8f440a5fd22e16433c94,True,1,4488,4487,e041b9b3d71008ab4a2ff320b0dca9e15dc5ca90282e8f440a5fd22e16433c94,e041b9b3d71008ab4a2ff320b0dca9e15dc5ca90282e8f440a5fd22e16433c94,True,0
train,94,258,1153,8319cc41356a8ab610535df4945316fec514526a918c25fa6439e2b63b12bfae,True,1,4488,4487,8319cc41356a8ab610535df4945316fec514526a918c25fa6439e2b63b12bfae,8319cc41356a8ab610535df4945316fec514526a918c25fa6439e2b63b12bfae,True,0
train,95,262,1351,d70ba2dacf0d5dde6009286a15944cb1060564b8bfc4c68c48c53964f837b7fb,True,1,4488,4487,d70ba2dacf0d5dde6009286a15944cb1060564b8bfc4c68c48c53964f837b7fb,d70ba2dacf0d5dde6009286a15944cb1060564b8bfc4c68c48c53964f837b7fb,True,0
train,96,270,1215,51213b4686421239091127e110bcfb78bcc2001d7268ae987c51ea68a3889b26,True,1,4488,4487,51213b4686421239091127e110bcfb78bcc2001d7268ae987c51ea68a3889b26,51213b4686421239091127e110bcfb78bcc2001d7268ae987c51ea68a3889b26,True,0
train,97,274,748,48d1e8472d6d211d070d949efdc30a7d762c3306a59fa4e9d4bdb94e8c0022fd,True,1,4488,4487,48d1e8472d6d211d070d949efdc30a7d762c3306a59fa4e9d4bdb94e8c0022fd,48d1e8472d6d211d070d949efdc30a7d762c3306a59fa4e9d4bdb94e8c0022fd,True,0
train,98,288,618,afc40108e140b135c370e0f1c7c3cfe6596cf7f934734a2082a69111bd0828e2,True,1,4488,4487,afc40108e140b135c370e0f1c7c3cfe6596cf7f934734a2082a69111bd0828e2,afc40108e140b135c370e0f1c7c3cfe6596cf7f934734a2082a69111bd0828e2,True,0
train,99,295,1177,37fa5c7f5174ad6b3feedce7b26c8db93f0eea8d6345db45d5b9ee85fad983e3,True,1,4488,4487,37fa5c7f5174ad6b3feedce7b26c8db93f0eea8d6345db45d5b9ee85fad983e3,37fa5c7f5174ad6b3feedce7b26c8db93f0eea8d6345db45d5b9ee85fad983e3,True,0
train,100,300,415,b40b790d76e89990d724dca0abe371979573530f861f33d80b7cb316118c9039,True,1,4488,4487,b40b790d76e89990d724dca0abe371979573530f861f33d80b7cb316118c9039,b40b790d76e89990d724dca0abe371979573530f861f33d80b7cb316118c9039,True,0
train,101,303,2143,cfbcbe0a008aca8e6310063580a148599d32cc99a0d094436916d1b8a28c0b1c,True,1,4488,4487,cfbcbe0a008aca8e6310063580a148599d32cc99a0d094436916d1b8a28c0b1c,cfbcbe0a008aca8e6310063580a148599d32cc99a0d094436916d1b8a28c0b1c,True,0
train,102,304,1172,50a9d3e830a12aae95f1e2688beec48113655113e6e8a53180aa56a4a66e324f,True,1,4488,4487,50a9d3e830a12aae95f1e2688beec48113655113e6e8a53180aa56a4a66e324f,50a9d3e830a12aae95f1e2688beec48113655113e6e8a53180aa56a4a66e324f,True,0
train,103,304,1857,2c93fd0a63abd962a2528ccad28ea8e46d976e3db0ab4e1e93b15ca1362f9930,True,1,4488,4487,2c93fd0a63abd962a2528ccad28ea8e46d976e3db0ab4e1e93b15ca1362f9930,2c93fd0a63abd962a2528ccad28ea8e46d976e3db0ab4e1e93b15ca1362f9930,True,0
train,104,305,1927,1fd14ced21488f0fe644d01a853a5cabe799a5e6850456b8169c0da01b1ca0f5,True,1,4488,4487,1fd14ced21488f0fe644d01a853a5cabe799a5e6850456b8169c0da01b1ca0f5,1fd14ced21488f0fe644d01a853a5cabe799a5e6850456b8169c0da01b1ca0f5,True,0
train,105,306,608,38fed9acf9f594142823dc831b181e0d631a6f4cc79889a1c2f47c479e80d3b7,True,1,4488,4487,38fed9acf9f594142823dc831b181e0d631a6f4cc79889a1c2f47c479e80d3b7,38fed9acf9f594142823dc831b181e0d631a6f4cc79889a1c2f47c479e80d3b7,True,0
train,106,306,973,507c92a435a9160bcb9954ac7142ade38e87b6a5fcfac4387738c7be18189755,True,1,4488,4487,507c92a435a9160bcb9954ac7142ade38e87b6a5fcfac4387738c7be18189755,507c92a435a9160bcb9954ac7142ade38e87b6a5fcfac4387738c7be18189755,True,0
train,107,306,1483,fb7eb0287330ee1e5554af7b27730be9728915bde82480b88c2cb79a9c7944a9,True,1,4488,4487,fb7eb0287330ee1e5554af7b27730be9728915bde82480b88c2cb79a9c7944a9,fb7eb0287330ee1e5554af7b27730be9728915bde82480b88c2cb79a9c7944a9,True,0
train,108,306,1797,974cab55f29a769b9f6ba45e2125443086ad5aab08c34856145bd36726153369,True,1,4488,4487,974cab55f29a769b9f6ba45e2125443086ad5aab08c34856145bd36726153369,974cab55f29a769b9f6ba45e2125443086ad5aab08c34856145bd36726153369,True,0
train,109,310,352,ff082002789c9820b22969b195deac92653349751532a61e57f8981dbb20320d,True,1,4488,4487,ff082002789c9820b22969b195deac92653349751532a61e57f8981dbb20320d,ff082002789c9820b22969b195deac92653349751532a61e57f8981dbb20320d,True,0
train,110,310,892,8364513c4469018ac33aa49ee27610ce8dc8a3a5f2c5bfa80c2bef3db3058a7d,True,1,4488,4487,8364513c4469018ac33aa49ee27610ce8dc8a3a5f2c5bfa80c2bef3db3058a7d,8364513c4469018ac33aa49ee27610ce8dc8a3a5f2c5bfa80c2bef3db3058a7d,True,0
train,111,311,343,880a2e15371f10e731833e45f78d04ff2fd901883703db18bb60dffacbc25c3e,True,1,4488,4487,880a2e15371f10e731833e45f78d04ff2fd901883703db18bb60dffacbc25c3e,880a2e15371f10e731833e45f78d04ff2fd901883703db18bb60dffacbc25c3e,True,0
train,112,311,1132,e94853694573883178c11a4205f43157b94e75ae184ea5854bf51781ce0b4bb0,True,1,4488,4487,e94853694573883178c11a4205f43157b94e75ae184ea5854bf51781ce0b4bb0,e94853694573883178c11a4205f43157b94e75ae184ea5854bf51781ce0b4bb0,True,0
train,113,327,1325,efdf01c41ce16f1b7001f90177fc07dd260005b3d2d3887bf9e3f32493d2be40,True,1,4488,4487,efdf01c41ce16f1b7001f90177fc07dd260005b3d2d3887bf9e3f32493d2be40,efdf01c41ce16f1b7001f90177fc07dd260005b3d2d3887bf9e3f32493d2be40,True,0
train,114,327,1996,81ad45f9d23aa0494cc7d7d56a37170abbca593d37e0bafce8329547dd41cce2,True,1,4488,4487,81ad45f9d23aa0494cc7d7d56a37170abbca593d37e0bafce8329547dd41cce2,81ad45f9d23aa0494cc7d7d56a37170abbca593d37e0bafce8329547dd41cce2,True,0
train,115,337,1776,4bc3151b63ef54704fecc5b39a34d9f64f957b8a885dd5c9f4947931c2f0a07c,True,1,4488,4487,4bc3151b63ef54704fecc5b39a34d9f64f957b8a885dd5c9f4947931c2f0a07c,4bc3151b63ef54704fecc5b39a34d9f64f957b8a885dd5c9f4947931c2f0a07c,True,0
train,116,344,661,a2c064496f641656d375e93df8e422ae086cf34ab0191d8c4412b9f398694cb6,True,1,4488,4487,a2c064496f641656d375e93df8e422ae086cf34ab0191d8c4412b9f398694cb6,a2c064496f641656d375e93df8e422ae086cf34ab0191d8c4412b9f398694cb6,True,0
train,117,347,525,c68dac2894c1f072747f5387da991e89c6738c965b4522f1c7d0f7ee95682705,True,1,4488,4487,c68dac2894c1f072747f5387da991e89c6738c965b4522f1c7d0f7ee95682705,c68dac2894c1f072747f5387da991e89c6738c965b4522f1c7d0f7ee95682705,True,0
train,118,350,2085,a3a7597df27ae4263a38344f1d9fece59a5c07e6c44118b817eb34ae9326face,True,1,4488,4487,a3a7597df27ae4263a38344f1d9fece59a5c07e6c44118b817eb34ae9326face,a3a7597df27ae4263a38344f1d9fece59a5c07e6c44118b817eb34ae9326face,True,0
train,119,356,1259,5a856180a8de34d0ad1be57c71ecf1a1e54fc107dea8b1d3f1126438b81ce8ff,True,1,4488,4487,5a856180a8de34d0ad1be57c71ecf1a1e54fc107dea8b1d3f1126438b81ce8ff,5a856180a8de34d0ad1be57c71ecf1a1e54fc107dea8b1d3f1126438b81ce8ff,True,0
train,120,362,1966,5fc45b3adaaedb153d5385876ca024aa761525dbe3b7200a7dacd8728f2daeac,True,1,4488,4487,5fc45b3adaaedb153d5385876ca024aa761525dbe3b7200a7dacd8728f2daeac,5fc45b3adaaedb153d5385876ca024aa761525dbe3b7200a7dacd8728f2daeac,True,0
train,121,363,1003,7caa22a1c1cfe3039a439c8c11e42a7e4c746a602987d9d5203b203e939ebe26,True,1,4488,4487,7caa22a1c1cfe3039a439c8c11e42a7e4c746a602987d9d5203b203e939ebe26,7caa22a1c1cfe3039a439c8c11e42a7e4c746a602987d9d5203b203e939ebe26,True,0
train,122,365,2469,f6cb1dbdfa8d2d310dee9dbbd940428e1a16ef9b968a660d98a8f54558d17ebc,True,1,4488,4487,f6cb1dbdfa8d2d310dee9dbbd940428e1a16ef9b968a660d98a8f54558d17ebc,f6cb1dbdfa8d2d310dee9dbbd940428e1a16ef9b968a660d98a8f54558d17ebc,True,0
train,123,368,996,9e18fa2f7b20f002975bbfb03d45532ec9ceec8e0f9faa9aa9141162beab38ae,True,1,4488,4487,9e18fa2f7b20f002975bbfb03d45532ec9ceec8e0f9faa9aa9141162beab38ae,9e18fa2f7b20f002975bbfb03d45532ec9ceec8e0f9faa9aa9141162beab38ae,True,0
train,124,369,2484,a024c48c4de082beb58042172b966414ca2f470c1899efcd9074dd98b87b04b3,True,1,4488,4487,a024c48c4de082beb58042172b966414ca2f470c1899efcd9074dd98b87b04b3,a024c48c4de082beb58042172b966414ca2f470c1899efcd9074dd98b87b04b3,True,0
train,125,370,1408,f260f5c3476179df324a789ccee15611be314b1fb0f3e779006521c21401eca7,True,1,4488,4487,f260f5c3476179df324a789ccee15611be314b1fb0f3e779006521c21401eca7,f260f5c3476179df324a789ccee15611be314b1fb0f3e779006521c21401eca7,True,0
train,126,370,1414,eaf04cea482cf42e82f90d84b53c0cb19bafcd17bda26f40cbac07b04f0751a3,True,1,4488,4487,eaf04cea482cf42e82f90d84b53c0cb19bafcd17bda26f40cbac07b04f0751a3,eaf04cea482cf42e82f90d84b53c0cb19bafcd17bda26f40cbac07b04f0751a3,True,0
train,127,370,2269,7593c9412aabfe89d9390281254db0305612e19fe59c8b2e70b1fe9dacfafcf5,True,1,4488,4487,7593c9412aabfe89d9390281254db0305612e19fe59c8b2e70b1fe9dacfafcf5,7593c9412aabfe89d9390281254db0305612e19fe59c8b2e70b1fe9dacfafcf5,True,0
train,128,373,1025,96bed30f8478f97467749c1fad1cbf6da07be6584a7ffeee31aec49f57a912ee,True,1,4488,4487,96bed30f8478f97467749c1fad1cbf6da07be6584a7ffeee31aec49f57a912ee,96bed30f8478f97467749c1fad1cbf6da07be6584a7ffeee31aec49f57a912ee,True,0
train,129,375,2434,c8dbf0c15796020b7a17a3bf546167306ca9d8c64975a5affa4f41e39746be5e,True,1,4488,4487,c8dbf0c15796020b7a17a3bf546167306ca9d8c64975a5affa4f41e39746be5e,c8dbf0c15796020b7a17a3bf546167306ca9d8c64975a5affa4f41e39746be5e,True,0
train,130,379,1898,57bda938469d2effaecc262b529fd9a893a5b9e2f39111badcfe3bf40f48a435,True,1,4488,4487,57bda938469d2effaecc262b529fd9a893a5b9e2f39111badcfe3bf40f48a435,57bda938469d2effaecc262b529fd9a893a5b9e2f39111badcfe3bf40f48a435,True,0
train,131,389,905,3f07a9373cfb8ecb1002dc966daec89bb75a26a53b1535dc3f1c838f43693f8f,True,1,4488,4487,3f07a9373cfb8ecb1002dc966daec89bb75a26a53b1535dc3f1c838f43693f8f,3f07a9373cfb8ecb1002dc966daec89bb75a26a53b1535dc3f1c838f43693f8f,True,0
train,132,389,2450,d79bdc0fd0cf3e27a942cd29f07a0c214db607a66effef76dc074c9c2703577c,True,1,4488,4487,d79bdc0fd0cf3e27a942cd29f07a0c214db607a66effef76dc074c9c2703577c,d79bdc0fd0cf3e27a942cd29f07a0c214db607a66effef76dc074c9c2703577c,True,0
train,133,390,1108,6dc309ddb805fdc2710d74c23a93d06f4d47b68908097038c5207986135c8cee,True,1,4488,4487,6dc309ddb805fdc2710d74c23a93d06f4d47b68908097038c5207986135c8cee,6dc309ddb805fdc2710d74c23a93d06f4d47b68908097038c5207986135c8cee,True,0
train,134,391,493,7eb7303241fda40f82b34ee53655a8973b253ad4aea9ff5fb82e35ca59fe7228,True,1,4488,4487,7eb7303241fda40f82b34ee53655a8973b253ad4aea9ff5fb82e35ca59fe7228,7eb7303241fda40f82b34ee53655a8973b253ad4aea9ff5fb82e35ca59fe7228,True,0
train,135,401,1096,6c4c38b3000aa07f449db77081dae144f765e68c2fe5ddb122e43dc6c270ec2d,True,1,4488,4487,6c4c38b3000aa07f449db77081dae144f765e68c2fe5ddb122e43dc6c270ec2d,6c4c38b3000aa07f449db77081dae144f765e68c2fe5ddb122e43dc6c270ec2d,True,0
train,136,412,1616,a9a1d7b9ac5024d4ff93ea025313c36cde1fe15cbef9dcd9c99841b224486ce5,True,1,4488,4487,a9a1d7b9ac5024d4ff93ea025313c36cde1fe15cbef9dcd9c99841b224486ce5,a9a1d7b9ac5024d4ff93ea025313c36cde1fe15cbef9dcd9c99841b224486ce5,True,0
train,137,415,1847,3f32065c47783ed6e661565f65f8e0d83f647d2c5b0236a1f73455d4d912bc2b,True,1,4488,4487,3f32065c47783ed6e661565f65f8e0d83f647d2c5b0236a1f73455d4d912bc2b,3f32065c47783ed6e661565f65f8e0d83f647d2c5b0236a1f73455d4d912bc2b,True,0
train,138,415,2014,a9e2ff37be51c809958428c674d97b6d22b65e3e22c2dc013cd3246fdb800257,True,1,4488,4487,a9e2ff37be51c809958428c674d97b6d22b65e3e22c2dc013cd3246fdb800257,a9e2ff37be51c809958428c674d97b6d22b65e3e22c2dc013cd3246fdb800257,True,0
train,139,428,2248,cce5bf4390d6f5adeab17868da40c807cf58a967689e2161dd59808f55a42751,True,1,4488,4487,cce5bf4390d6f5adeab17868da40c807cf58a967689e2161dd59808f55a42751,cce5bf4390d6f5adeab17868da40c807cf58a967689e2161dd59808f55a42751,True,0
train,140,429,794,62cb1937382af7b5436d03bdacf8582bf94659ec3e9827278041c2c21d4349c6,True,1,4488,4487,62cb1937382af7b5436d03bdacf8582bf94659ec3e9827278041c2c21d4349c6,62cb1937382af7b5436d03bdacf8582bf94659ec3e9827278041c2c21d4349c6,True,0
train,141,429,1618,a5d596609c3486c90c561b1aa435ad89b30e27a7e93a169aa4f0bc25009c8787,True,1,4488,4487,a5d596609c3486c90c561b1aa435ad89b30e27a7e93a169aa4f0bc25009c8787,a5d596609c3486c90c561b1aa435ad89b30e27a7e93a169aa4f0bc25009c8787,True,0
train,142,434,1693,3141752bc08e25af19b88eccef52aada14f459ad745e52d29e9f65fa6d34aaa0,True,1,4488,4487,3141752bc08e25af19b88eccef52aada14f459ad745e52d29e9f65fa6d34aaa0,3141752bc08e25af19b88eccef52aada14f459ad745e52d29e9f65fa6d34aaa0,True,0
train,143,436,1332,311889005110861e9db2e1342dca3fef616daa2c14900feac4eae7efb7325e26,True,1,4488,4487,311889005110861e9db2e1342dca3fef616daa2c14900feac4eae7efb7325e26,311889005110861e9db2e1342dca3fef616daa2c14900feac4eae7efb7325e26,True,0
train,144,437,498,bb5cca8fc9a1c528ae3b3c1baaf1c9bca3d3dbf7a61f1d90fb39329d1455814d,True,1,4488,4487,bb5cca8fc9a1c528ae3b3c1baaf1c9bca3d3dbf7a61f1d90fb39329d1455814d,bb5cca8fc9a1c528ae3b3c1baaf1c9bca3d3dbf7a61f1d90fb39329d1455814d,True,0
train,145,440,2179,ea4febe1cd93478eba7903c90250aacaa573d625c961cfd0361b284d7566909e,True,1,4488,4487,ea4febe1cd93478eba7903c90250aacaa573d625c961cfd0361b284d7566909e,ea4febe1cd93478eba7903c90250aacaa573d625c961cfd0361b284d7566909e,True,0
train,146,444,515,1fa6bb70df58395ae9032f0ca9c6439b42d660cc19030e84210d1a7858872163,True,1,4488,4487,1fa6bb70df58395ae9032f0ca9c6439b42d660cc19030e84210d1a7858872163,1fa6bb70df58395ae9032f0ca9c6439b42d660cc19030e84210d1a7858872163,True,0
train,147,445,1434,51fd8d24f6d0b1ac24be9594eb8f4db1835d0b7c967f57f855fe16400d30eb88,True,1,4488,4487,51fd8d24f6d0b1ac24be9594eb8f4db1835d0b7c967f57f855fe16400d30eb88,51fd8d24f6d0b1ac24be9594eb8f4db1835d0b7c967f57f855fe16400d30eb88,True,0
train,148,448,1902,692e5095a79ac2b66b099657c3d44d1ae8b6e83d7e5934ff8ac2a97afa69d2b8,True,1,4488,4487,692e5095a79ac2b66b099657c3d44d1ae8b6e83d7e5934ff8ac2a97afa69d2b8,692e5095a79ac2b66b099657c3d44d1ae8b6e83d7e5934ff8ac2a97afa69d2b8,True,0
train,149,459,1681,f6f36b4c56085c9d77ff6f55ed945e8e0d3ed7abdbedb5936567c76e1377a30b,True,1,4488,4487,f6f36b4c56085c9d77ff6f55ed945e8e0d3ed7abdbedb5936567c76e1377a30b,f6f36b4c56085c9d77ff6f55ed945e8e0d3ed7abdbedb5936567c76e1377a30b,True,0
train,150,463,1703,dc58e7cc7d1c7d605350968391a4c82e2c390de67cb2826c39b202e641b56b19,True,1,4488,4487,dc58e7cc7d1c7d605350968391a4c82e2c390de67cb2826c39b202e641b56b19,dc58e7cc7d1c7d605350968391a4c82e2c390de67cb2826c39b202e641b56b19,True,0
train,151,463,1964,f9dfbe20b32563829d61e475ddb59adbba179627f3452db471c5448cfc508050,True,1,4488,4487,f9dfbe20b32563829d61e475ddb59adbba179627f3452db471c5448cfc508050,f9dfbe20b32563829d61e475ddb59adbba179627f3452db471c5448cfc508050,True,0
train,152,465,1403,fdd442359a480cdce109639ad8a54e7159e2f8aadf4832e0760f6f1eb20e723d,True,1,4488,4487,fdd442359a480cdce109639ad8a54e7159e2f8aadf4832e0760f6f1eb20e723d,fdd442359a480cdce109639ad8a54e7159e2f8aadf4832e0760f6f1eb20e723d,True,0
train,153,475,2219,4b8563d2c899c0dd7d73cd083f6277130786f2296f86ddedbd5ecfcdd81d2593,True,1,4488,4487,4b8563d2c899c0dd7d73cd083f6277130786f2296f86ddedbd5ecfcdd81d2593,4b8563d2c899c0dd7d73cd083f6277130786f2296f86ddedbd5ecfcdd81d2593,True,0
train,154,481,1810,848ccabf19d05d0764e6f2c1bbf249dfe2a5f6b062592968367fe681f328533f,True,1,4488,4487,848ccabf19d05d0764e6f2c1bbf249dfe2a5f6b062592968367fe681f328533f,848ccabf19d05d0764e6f2c1bbf249dfe2a5f6b062592968367fe681f328533f,True,0
train,155,485,2219,ee7868058d7740f1d3dcea1a8666fbaf0a73c2e849310a993a3c4f32bd69b2e9,True,1,4488,4487,ee7868058d7740f1d3dcea1a8666fbaf0a73c2e849310a993a3c4f32bd69b2e9,ee7868058d7740f1d3dcea1a8666fbaf0a73c2e849310a993a3c4f32bd69b2e9,True,0
train,156,490,826,98a8291a34d10d648f6f3931b321a3d36bf3eef9113f67dd8cf76b24ca1be0c7,True,1,4488,4487,98a8291a34d10d648f6f3931b321a3d36bf3eef9113f67dd8cf76b24ca1be0c7,98a8291a34d10d648f6f3931b321a3d36bf3eef9113f67dd8cf76b24ca1be0c7,True,0
train,157,490,1309,fa2fe103d2fcbe92e6044cd69d713eed32ccdcaf677fc4c9435ed4a51e686aed,True,1,4488,4487,fa2fe103d2fcbe92e6044cd69d713eed32ccdcaf677fc4c9435ed4a51e686aed,fa2fe103d2fcbe92e6044cd69d713eed32ccdcaf677fc4c9435ed4a51e686aed,True,0
train,158,490,1981,cd2dd08a2696aa5620a95bf15c3c1ea584b6e4e5b2a376ffbca83fa830e78f98,True,1,4488,4487,cd2dd08a2696aa5620a95bf15c3c1ea584b6e4e5b2a376ffbca83fa830e78f98,cd2dd08a2696aa5620a95bf15c3c1ea584b6e4e5b2a376ffbca83fa830e78f98,True,0
train,159,494,2614,292365e57bcb31d2bf82a67dba0a93a725200a91d212a933e81a7dd58cddbd76,True,1,4488,4487,292365e57bcb31d2bf82a67dba0a93a725200a91d212a933e81a7dd58cddbd76,292365e57bcb31d2bf82a67dba0a93a725200a91d212a933e81a7dd58cddbd76,True,0
train,160,503,2001,44112ff7e60088238038298986cc5365c2060d467743b77da8e8b12bf4a23653,True,1,4488,4487,44112ff7e60088238038298986cc5365c2060d467743b77da8e8b12bf4a23653,44112ff7e60088238038298986cc5365c2060d467743b77da8e8b12bf4a23653,True,0
train,161,505,1560,0924ae64450fec19f7a1ae40b9d04adbcc7ff5ee09fd2fdb13f63ae86c6d94fc,True,1,4488,4487,0924ae64450fec19f7a1ae40b9d04adbcc7ff5ee09fd2fdb13f63ae86c6d94fc,0924ae64450fec19f7a1ae40b9d04adbcc7ff5ee09fd2fdb13f63ae86c6d94fc,True,0
train,162,505,1779,2ca866449dad6babf26bde68ec50b56ee828b6a181563dbc6b4cf2d23b791712,True,1,4488,4487,2ca866449dad6babf26bde68ec50b56ee828b6a181563dbc6b4cf2d23b791712,2ca866449dad6babf26bde68ec50b56ee828b6a181563dbc6b4cf2d23b791712,True,0
train,163,506,1918,e6559da8f7ba75b8b8cf706b97b488d0c1c32919fa69395e29600d5fab5a9de9,True,1,4488,4487,e6559da8f7ba75b8b8cf706b97b488d0c1c32919fa69395e29600d5fab5a9de9,e6559da8f7ba75b8b8cf706b97b488d0c1c32919fa69395e29600d5fab5a9de9,True,0
train,164,507,1933,6f2aefb60bab006143168fe5452531e17f9b763043f202556c574052a46331e1,True,1,4488,4487,6f2aefb60bab006143168fe5452531e17f9b763043f202556c574052a46331e1,6f2aefb60bab006143168fe5452531e17f9b763043f202556c574052a46331e1,True,0
train,165,507,1940,fec3eba122383e870904c7da4e1b8f40f7ebb4d713dfdd51dbde5f2979de0117,True,1,4488,4487,fec3eba122383e870904c7da4e1b8f40f7ebb4d713dfdd51dbde5f2979de0117,fec3eba122383e870904c7da4e1b8f40f7ebb4d713dfdd51dbde5f2979de0117,True,0
train,166,510,1013,7e129a1aadf8a1bab5c36fcd3f5bac9dfc7378c01fb2a88c26c96a5389c0aeb3,True,1,4488,4487,7e129a1aadf8a1bab5c36fcd3f5bac9dfc7378c01fb2a88c26c96a5389c0aeb3,7e129a1aadf8a1bab5c36fcd3f5bac9dfc7378c01fb2a88c26c96a5389c0aeb3,True,0
train,167,514,1882,894ce10e8dcc982c80cef3e73ff4a574be9b0870bcedd7c398af59d6d53dfb46,True,1,4488,4487,894ce10e8dcc982c80cef3e73ff4a574be9b0870bcedd7c398af59d6d53dfb46,894ce10e8dcc982c80cef3e73ff4a574be9b0870bcedd7c398af59d6d53dfb46,True,0
train,168,519,1986,5e31f58d67ce5e146acbab101d6ef5b9fd9ce1de5bdf254f6c838879ca746ff2,True,1,4488,4487,5e31f58d67ce5e146acbab101d6ef5b9fd9ce1de5bdf254f6c838879ca746ff2,5e31f58d67ce5e146acbab101d6ef5b9fd9ce1de5bdf254f6c838879ca746ff2,True,0
train,169,525,2057,a2ba9dfb3d78d82a174fea841e192595207b4d43bde2ac8cd581e1ebbde40cc3,True,1,4488,4487,a2ba9dfb3d78d82a174fea841e192595207b4d43bde2ac8cd581e1ebbde40cc3,a2ba9dfb3d78d82a174fea841e192595207b4d43bde2ac8cd581e1ebbde40cc3,True,0
train,170,525,2181,516959a1776ba8a76252dd68e872fd642b41914bea120a1437d85da0488050d5,True,1,4488,4487,516959a1776ba8a76252dd68e872fd642b41914bea120a1437d85da0488050d5,516959a1776ba8a76252dd68e872fd642b41914bea120a1437d85da0488050d5,True,0
train,171,525,2183,97ce8309112b0b9e2c4bcd2ed746a371b8083002f143868ff30db577adfab8f4,True,1,4488,4487,97ce8309112b0b9e2c4bcd2ed746a371b8083002f143868ff30db577adfab8f4,97ce8309112b0b9e2c4bcd2ed746a371b8083002f143868ff30db577adfab8f4,True,0
train,172,537,1593,54dbfdb2448ec64709b43ba1f64909913bc4c06e0bf6fc0cdff5bd66b44cc538,True,1,4488,4487,54dbfdb2448ec64709b43ba1f64909913bc4c06e0bf6fc0cdff5bd66b44cc538,54dbfdb2448ec64709b43ba1f64909913bc4c06e0bf6fc0cdff5bd66b44cc538,True,0
train,173,552,1358,cbd8a470641cde66fb12bfbca433ae9eb3cb09aec2d824035ec47613ca3db232,True,1,4488,4487,cbd8a470641cde66fb12bfbca433ae9eb3cb09aec2d824035ec47613ca3db232,cbd8a470641cde66fb12bfbca433ae9eb3cb09aec2d824035ec47613ca3db232,True,0
train,174,553,745,54adf34c61ce86bbeabbb3eeeeb6eff7188457d46438aace3ed634e1767e6015,True,1,4488,4487,54adf34c61ce86bbeabbb3eeeeb6eff7188457d46438aace3ed634e1767e6015,54adf34c61ce86bbeabbb3eeeeb6eff7188457d46438aace3ed634e1767e6015,True,0
train,175,557,1725,851c4bcea9bbcd65f81c408da78705d63899d43f9b2ddbc277c45b88f33647c6,True,1,4488,4487,851c4bcea9bbcd65f81c408da78705d63899d43f9b2ddbc277c45b88f33647c6,851c4bcea9bbcd65f81c408da78705d63899d43f9b2ddbc277c45b88f33647c6,True,0
train,176,562,1735,282987610793f3048bced46c35575e7284709fbda6bb534a907b3e2eb3e9a5ec,True,1,4488,4487,282987610793f3048bced46c35575e7284709fbda6bb534a907b3e2eb3e9a5ec,282987610793f3048bced46c35575e7284709fbda6bb534a907b3e2eb3e9a5ec,True,0
train,177,563,1337,bc809369452a06034145bb397637ecf22b1fb85ff47d63c36452822c8e35d005,True,1,4488,4487,bc809369452a06034145bb397637ecf22b1fb85ff47d63c36452822c8e35d005,bc809369452a06034145bb397637ecf22b1fb85ff47d63c36452822c8e35d005,True,0
train,178,564,1262,ec102704b08eb5ba834ffb45e4fcae1556702991853ae7fafbc8cc66e2c01808,True,1,4488,4487,ec102704b08eb5ba834ffb45e4fcae1556702991853ae7fafbc8cc66e2c01808,ec102704b08eb5ba834ffb45e4fcae1556702991853ae7fafbc8cc66e2c01808,True,0
train,179,565,1610,089bb54fe10e55cfb717f81bac44ff8ccf125a5ebb1071287639b93435c4bc3b,True,1,4488,4487,089bb54fe10e55cfb717f81bac44ff8ccf125a5ebb1071287639b93435c4bc3b,089bb54fe10e55cfb717f81bac44ff8ccf125a5ebb1071287639b93435c4bc3b,True,0
train,180,565,2279,585fb5ff1e10d39ecee561557f011ba62364198d2f73dd0f03e98bd71eed6849,True,1,4488,4487,585fb5ff1e10d39ecee561557f011ba62364198d2f73dd0f03e98bd71eed6849,585fb5ff1e10d39ecee561557f011ba62364198d2f73dd0f03e98bd71eed6849,True,0
train,181,573,1313,08c0f2f7cc154acf54e5cb76f206033bb89fb8b2a102f26dd2be90de44da6e54,True,1,4488,4487,08c0f2f7cc154acf54e5cb76f206033bb89fb8b2a102f26dd2be90de44da6e54,08c0f2f7cc154acf54e5cb76f206033bb89fb8b2a102f26dd2be90de44da6e54,True,0
train,182,576,665,61bd0d1d697602f4bfb778796efe9e498d6d9c2c19c4d1effef19a93839094da,True,1,4488,4487,61bd0d1d697602f4bfb778796efe9e498d6d9c2c19c4d1effef19a93839094da,61bd0d1d697602f4bfb778796efe9e498d6d9c2c19c4d1effef19a93839094da,True,0
train,183,576,2348,e68efcc1103afbaedfbc70cbdeded6a094c1f36e17c9b16ebea7224a8c2e1049,True,1,4488,4487,e68efcc1103afbaedfbc70cbdeded6a094c1f36e17c9b16ebea7224a8c2e1049,e68efcc1103afbaedfbc70cbdeded6a094c1f36e17c9b16ebea7224a8c2e1049,True,0
train,184,578,1974,7a9adc4dffaefa1b0fa61511e331558c984fc5e4828966393529d1f9f3eef8bf,True,1,4488,4487,7a9adc4dffaefa1b0fa61511e331558c984fc5e4828966393529d1f9f3eef8bf,7a9adc4dffaefa1b0fa61511e331558c984fc5e4828966393529d1f9f3eef8bf,True,0
train,185,579,1134,fa4cfa025622f2f3efe9805cb66955e6f2b3a250bbaf7bce1f4b51d2d58e3e93,True,1,4488,4487,fa4cfa025622f2f3efe9805cb66955e6f2b3a250bbaf7bce1f4b51d2d58e3e93,fa4cfa025622f2f3efe9805cb66955e6f2b3a250bbaf7bce1f4b51d2d58e3e93,True,0
train,186,580,744,5aed218829456ab23a265638250a8601a459549a091fd61ceecc62105fb022b7,True,1,4488,4487,5aed218829456ab23a265638250a8601a459549a091fd61ceecc62105fb022b7,5aed218829456ab23a265638250a8601a459549a091fd61ceecc62105fb022b7,True,0
train,187,586,2155,b734360135c3d178e0c2062d5f3f1b0caa1a1a6697656cc4858423f25634ce88,True,1,4488,4487,b734360135c3d178e0c2062d5f3f1b0caa1a1a6697656cc4858423f25634ce88,b734360135c3d178e0c2062d5f3f1b0caa1a1a6697656cc4858423f25634ce88,True,0
train,188,591,1017,1038a154abfc3593724780f9eed4eb70791371a021a1d52c58c076df2e941047,True,1,4488,4487,1038a154abfc3593724780f9eed4eb70791371a021a1d52c58c076df2e941047,1038a154abfc3593724780f9eed4eb70791371a021a1d52c58c076df2e941047,True,0
train,189,598,2138,407061d48df363d5febbc63a88ca1fba50109f42533c03601e923b7f9f643fed,True,1,4488,4487,407061d48df363d5febbc63a88ca1fba50109f42533c03601e923b7f9f643fed,407061d48df363d5febbc63a88ca1fba50109f42533c03601e923b7f9f643fed,True,0
train,190,610,2287,5fe809407b82fc8aa504b22b997f6169a205a69198c15dcd67d0e9fb4de99303,True,1,4488,4487,5fe809407b82fc8aa504b22b997f6169a205a69198c15dcd67d0e9fb4de99303,5fe809407b82fc8aa504b22b997f6169a205a69198c15dcd67d0e9fb4de99303,True,0
train,191,615,2443,dc484aca1d6dab4dc787ef6559e2c78abf65976ee86a2a7b9aadc314f14eb61d,True,1,4488,4487,dc484aca1d6dab4dc787ef6559e2c78abf65976ee86a2a7b9aadc314f14eb61d,dc484aca1d6dab4dc787ef6559e2c78abf65976ee86a2a7b9aadc314f14eb61d,True,0
train,192,617,2034,312c47dcdddc34f9aa064a0d4b92d5f72e1652792908781f01b0dad337fd051e,True,1,4488,4487,312c47dcdddc34f9aa064a0d4b92d5f72e1652792908781f01b0dad337fd051e,312c47dcdddc34f9aa064a0d4b92d5f72e1652792908781f01b0dad337fd051e,True,0
train,193,620,2534,f1706cc7dd085217be7b045d3cfac0f2345001331e11564f88f09bf1dead0787,True,1,4488,4487,f1706cc7dd085217be7b045d3cfac0f2345001331e11564f88f09bf1dead0787,f1706cc7dd085217be7b045d3cfac0f2345001331e11564f88f09bf1dead0787,True,0
train,194,621,2018,16abdc807715fd6f2027d69f3cba9200ebb2e562efdee300e76a7177b2686512,True,1,4488,4487,16abdc807715fd6f2027d69f3cba9200ebb2e562efdee300e76a7177b2686512,16abdc807715fd6f2027d69f3cba9200ebb2e562efdee300e76a7177b2686512,True,0
train,195,643,1538,19b48f310f651378241cd3a69f4f110514dfd69a2617363018716cd54899dc31,True,1,4488,4487,19b48f310f651378241cd3a69f4f110514dfd69a2617363018716cd54899dc31,19b48f310f651378241cd3a69f4f110514dfd69a2617363018716cd54899dc31,True,0
train,196,645,950,c68e86138a0f5967807bd52da1d2912d81d5dc32de2409f439ba0758ab6a1c34,True,1,4488,4487,c68e86138a0f5967807bd52da1d2912d81d5dc32de2409f439ba0758ab6a1c34,c68e86138a0f5967807bd52da1d2912d81d5dc32de2409f439ba0758ab6a1c34,True,0
train,197,651,1667,be1d2621921f8f25f2897f0514939ddce5cd99de45e248bc7e368770afdfc8e1,True,1,4488,4487,be1d2621921f8f25f2897f0514939ddce5cd99de45e248bc7e368770afdfc8e1,be1d2621921f8f25f2897f0514939ddce5cd99de45e248bc7e368770afdfc8e1,True,0
train,198,657,1229,9cae063334ddd32b5798c9135446dde5bba0c34b94477b4c522b0935d00f52aa,True,1,4488,4487,9cae063334ddd32b5798c9135446dde5bba0c34b94477b4c522b0935d00f52aa,9cae063334ddd32b5798c9135446dde5bba0c34b94477b4c522b0935d00f52aa,True,0
train,199,657,1729,b6898311d8a875814cfb3162c77be511b7eb6c11e5b20d2ce048e83e1a7a03c7,True,1,4488,4487,b6898311d8a875814cfb3162c77be511b7eb6c11e5b20d2ce048e83e1a7a03c7,b6898311d8a875814cfb3162c77be511b7eb6c11e5b20d2ce048e83e1a7a03c7,True,0
train,200,666,1850,14b2f26fe51af22217471cf54a8220bf5109f0ed7caea2aab199bbedab475426,True,1,4488,4487,14b2f26fe51af22217471cf54a8220bf5109f0ed7caea2aab199bbedab475426,14b2f26fe51af22217471cf54a8220bf5109f0ed7caea2aab199bbedab475426,True,0
train,201,669,729,30dd800967507f00acf5b635f70eceba0389ec73a118aa0c9664d9251371040f,True,1,4488,4487,30dd800967507f00acf5b635f70eceba0389ec73a118aa0c9664d9251371040f,30dd800967507f00acf5b635f70eceba0389ec73a118aa0c9664d9251371040f,True,0
train,202,675,2356,de03f2cd2a2b73ee4df10895a84da9d64e8436e99b4dfbfe1386fc41e9ceacd4,True,1,4488,4487,de03f2cd2a2b73ee4df10895a84da9d64e8436e99b4dfbfe1386fc41e9ceacd4,de03f2cd2a2b73ee4df10895a84da9d64e8436e99b4dfbfe1386fc41e9ceacd4,True,0
train,203,677,954,e5570f5930b37f290086384bbce93b05b3a851ae4eca1165f4f31b0f4e52238d,True,1,4488,4487,e5570f5930b37f290086384bbce93b05b3a851ae4eca1165f4f31b0f4e52238d,e5570f5930b37f290086384bbce93b05b3a851ae4eca1165f4f31b0f4e52238d,True,0
train,204,695,1012,528036da767b068f903c785baf34eeccfc60326fbd15c1a509150090bf0ce1bf,True,1,4488,4487,528036da767b068f903c785baf34eeccfc60326fbd15c1a509150090bf0ce1bf,528036da767b068f903c785baf34eeccfc60326fbd15c1a509150090bf0ce1bf,True,0
train,205,695,2319,2d25def55d9d4f1153ead21ac170f46caf93fda2a81e081aaf448073ad160ac8,True,1,4488,4487,2d25def55d9d4f1153ead21ac170f46caf93fda2a81e081aaf448073ad160ac8,2d25def55d9d4f1153ead21ac170f46caf93fda2a81e081aaf448073ad160ac8,True,0
train,206,704,2113,9ab1c5f1a17c9fc4dbc4de1b921e1359c7b113c4d23ad21fb53bf6866b69dc31,True,1,4488,4487,9ab1c5f1a17c9fc4dbc4de1b921e1359c7b113c4d23ad21fb53bf6866b69dc31,9ab1c5f1a17c9fc4dbc4de1b921e1359c7b113c4d23ad21fb53bf6866b69dc31,True,0
train,207,708,2216,8ce8cd70e2c9eacd167db4e896233af400bf5c07f6362cc1e80a9b4ff2453818,True,1,4488,4487,8ce8cd70e2c9eacd167db4e896233af400bf5c07f6362cc1e80a9b4ff2453818,8ce8cd70e2c9eacd167db4e896233af400bf5c07f6362cc1e80a9b4ff2453818,True,0
train,208,710,2213,74a18de2fc42c6d34d205b17f0a76f920f5584d7af9e44ecbf5c60a4c0787705,True,1,4488,4487,74a18de2fc42c6d34d205b17f0a76f920f5584d7af9e44ecbf5c60a4c0787705,74a18de2fc42c6d34d205b17f0a76f920f5584d7af9e44ecbf5c60a4c0787705,True,0
train,209,711,2111,18cc117bfb8a3330af981675259afa6fad6f8b19062134edca69b362e3515723,True,1,4488,4487,18cc117bfb8a3330af981675259afa6fad6f8b19062134edca69b362e3515723,18cc117bfb8a3330af981675259afa6fad6f8b19062134edca69b362e3515723,True,0
train,210,716,1821,8a6c3b3b6c066249ed297eca1d4d085b8938c50226fbc5bb906824726dacae6f,True,1,4488,4487,8a6c3b3b6c066249ed297eca1d4d085b8938c50226fbc5bb906824726dacae6f,8a6c3b3b6c066249ed297eca1d4d085b8938c50226fbc5bb906824726dacae6f,True,0
train,211,719,1623,2c61f2ce1759458dae7df74f7ce71adcd27018a888d2052a7f2cd8d7f5d5b311,True,1,4488,4487,2c61f2ce1759458dae7df74f7ce71adcd27018a888d2052a7f2cd8d7f5d5b311,2c61f2ce1759458dae7df74f7ce71adcd27018a888d2052a7f2cd8d7f5d5b311,True,0
train,212,728,2388,e7117b072017597fd7420592eabd2f47c83a01892d35e5cf39bd42b2d8a7c46b,True,1,4488,4487,e7117b072017597fd7420592eabd2f47c83a01892d35e5cf39bd42b2d8a7c46b,e7117b072017597fd7420592eabd2f47c83a01892d35e5cf39bd42b2d8a7c46b,True,0
train,213,728,2553,56dd65748d9b477c7d3376841158707f0887b2cc2ec3ccd1fba4cf8be8591bff,True,1,4488,4487,56dd65748d9b477c7d3376841158707f0887b2cc2ec3ccd1fba4cf8be8591bff,56dd65748d9b477c7d3376841158707f0887b2cc2ec3ccd1fba4cf8be8591bff,True,0
train,214,731,901,e7fe4c3243a787ed7305d28d9bc8d51a17a4367916f499eb241b68530dfba465,True,1,4488,4487,e7fe4c3243a787ed7305d28d9bc8d51a17a4367916f499eb241b68530dfba465,e7fe4c3243a787ed7305d28d9bc8d51a17a4367916f499eb241b68530dfba465,True,0
train,215,733,1265,b8a89ac6962f988c22c7b60080b87d9ffdab224b8f17cf4f33d01c57b1c3d4ab,True,1,4488,4487,b8a89ac6962f988c22c7b60080b87d9ffdab224b8f17cf4f33d01c57b1c3d4ab,b8a89ac6962f988c22c7b60080b87d9ffdab224b8f17cf4f33d01c57b1c3d4ab,True,0
train,216,733,1817,e9498c7160649a2a01e87732697341d0ace15cf4e5d114986cd371e980eb0fe9,True,1,4488,4487,e9498c7160649a2a01e87732697341d0ace15cf4e5d114986cd371e980eb0fe9,e9498c7160649a2a01e87732697341d0ace15cf4e5d114986cd371e980eb0fe9,True,0
train,217,733,2011,25a0d41aef9a1cb5644a189d6821fd75c57c9c3f1574c4a37844e04f157481b3,True,1,4488,4487,25a0d41aef9a1cb5644a189d6821fd75c57c9c3f1574c4a37844e04f157481b3,25a0d41aef9a1cb5644a189d6821fd75c57c9c3f1574c4a37844e04f157481b3,True,0
train,218,734,751,ec753c5466a85794cb2adae601a53d804a1f12e3b14ed941ce0026fdf60159a8,True,1,4488,4487,ec753c5466a85794cb2adae601a53d804a1f12e3b14ed941ce0026fdf60159a8,ec753c5466a85794cb2adae601a53d804a1f12e3b14ed941ce0026fdf60159a8,True,0
train,219,734,964,e8a2772b365bc3ca92271e98242dd49d49f0af0e5a846b23f543d5296451ad78,True,1,4488,4487,e8a2772b365bc3ca92271e98242dd49d49f0af0e5a846b23f543d5296451ad78,e8a2772b365bc3ca92271e98242dd49d49f0af0e5a846b23f543d5296451ad78,True,0
train,220,735,1881,887277056b1ca1b27cba39fff3273209ea52ed70c27d7e0601d4e4d1844695c2,True,1,4488,4487,887277056b1ca1b27cba39fff3273209ea52ed70c27d7e0601d4e4d1844695c2,887277056b1ca1b27cba39fff3273209ea52ed70c27d7e0601d4e4d1844695c2,True,0
train,221,739,1958,13442ca1dc14637c4ab8e8a4b64ec8650376f001ae2514d4760162108f01d698,True,1,4488,4487,13442ca1dc14637c4ab8e8a4b64ec8650376f001ae2514d4760162108f01d698,13442ca1dc14637c4ab8e8a4b64ec8650376f001ae2514d4760162108f01d698,True,0
train,222,742,1483,beeaae6018f784f34bab75b17e7195e498e947306aa9a8b7c6580fe3c5e42c77,True,1,4488,4487,beeaae6018f784f34bab75b17e7195e498e947306aa9a8b7c6580fe3c5e42c77,beeaae6018f784f34bab75b17e7195e498e947306aa9a8b7c6580fe3c5e42c77,True,0
train,223,742,1620,e75f81712e7a5ddc7e8678d16e3a22e53547205d982e1d515f68a9ad5d1627e7,True,1,4488,4487,e75f81712e7a5ddc7e8678d16e3a22e53547205d982e1d515f68a9ad5d1627e7,e75f81712e7a5ddc7e8678d16e3a22e53547205d982e1d515f68a9ad5d1627e7,True,0
train,224,743,745,dcf884f2f752449f53db1d58d2b737e8f33ac4dcb4779325da8f0b99febcb43f,True,1,4488,4487,dcf884f2f752449f53db1d58d2b737e8f33ac4dcb4779325da8f0b99febcb43f,dcf884f2f752449f53db1d58d2b737e8f33ac4dcb4779325da8f0b99febcb43f,True,0
train,225,748,1358,bc559bb01ef8e3eeafcb4813d7fd809db00c03239338d7b44de77e8bd177ad83,True,1,4488,4487,bc559bb01ef8e3eeafcb4813d7fd809db00c03239338d7b44de77e8bd177ad83,bc559bb01ef8e3eeafcb4813d7fd809db00c03239338d7b44de77e8bd177ad83,True,0
train,226,748,1374,f1eb2b796691a404caf174a562b9006f634edc4c7c612a5e1ddb3d654d68d280,True,1,4488,4487,f1eb2b796691a404caf174a562b9006f634edc4c7c612a5e1ddb3d654d68d280,f1eb2b796691a404caf174a562b9006f634edc4c7c612a5e1ddb3d654d68d280,True,0
train,227,748,1550,d908aaebef81de42364b392a1352974b68adf9ecc39a9c12da2d2efe9a342425,True,1,4488,4487,d908aaebef81de42364b392a1352974b68adf9ecc39a9c12da2d2efe9a342425,d908aaebef81de42364b392a1352974b68adf9ecc39a9c12da2d2efe9a342425,True,0
train,228,749,2155,1d69371290cc76f7ff4cb50edeb8d8ef9be5e38d541056dfc06a3997c608559d,True,1,4488,4487,1d69371290cc76f7ff4cb50edeb8d8ef9be5e38d541056dfc06a3997c608559d,1d69371290cc76f7ff4cb50edeb8d8ef9be5e38d541056dfc06a3997c608559d,True,0
train,229,751,1204,f31cf5e5276ee1bfec3f4aceaab15c0f650f7bfcdffa83aedf3be16913c458e2,True,1,4488,4487,f31cf5e5276ee1bfec3f4aceaab15c0f650f7bfcdffa83aedf3be16913c458e2,f31cf5e5276ee1bfec3f4aceaab15c0f650f7bfcdffa83aedf3be16913c458e2,True,0
train,230,756,1472,1aa719a685d3a27faa0d06dfb0daa9b680acc46b11cdda11a7397e663fb84951,True,1,4488,4487,1aa719a685d3a27faa0d06dfb0daa9b680acc46b11cdda11a7397e663fb84951,1aa719a685d3a27faa0d06dfb0daa9b680acc46b11cdda11a7397e663fb84951,True,0
train,231,757,1284,1b498cbedbdd29a5fdc76bd3ebd88ba3cf221ee19a447f15fc5c62344fa700cb,True,1,4488,4487,1b498cbedbdd29a5fdc76bd3ebd88ba3cf221ee19a447f15fc5c62344fa700cb,1b498cbedbdd29a5fdc76bd3ebd88ba3cf221ee19a447f15fc5c62344fa700cb,True,0
train,232,757,2421,1d9b5cc13e274e4ce2a6a2d7ccfcf28607284aa134cb65f0f5862892a845473f,True,1,4488,4487,1d9b5cc13e274e4ce2a6a2d7ccfcf28607284aa134cb65f0f5862892a845473f,1d9b5cc13e274e4ce2a6a2d7ccfcf28607284aa134cb65f0f5862892a845473f,True,0
train,233,758,1358,15545a81a7262c89cf043d4c6a92e3b1ee217371d70ab8097d497d784b2ab4b3,True,1,4488,4487,15545a81a7262c89cf043d4c6a92e3b1ee217371d70ab8097d497d784b2ab4b3,15545a81a7262c89cf043d4c6a92e3b1ee217371d70ab8097d497d784b2ab4b3,True,0
train,234,760,1513,2da3b4e440958c3340f7be4f22f79521949bfb29aea787f5090cba0bb4b9f992,True,1,4488,4487,2da3b4e440958c3340f7be4f22f79521949bfb29aea787f5090cba0bb4b9f992,2da3b4e440958c3340f7be4f22f79521949bfb29aea787f5090cba0bb4b9f992,True,0
train,235,761,1401,7d518699ee133a5336d6da378396694502dc17d8cf9b923b56d55357011bf2ec,True,1,4488,4487,7d518699ee133a5336d6da378396694502dc17d8cf9b923b56d55357011bf2ec,7d518699ee133a5336d6da378396694502dc17d8cf9b923b56d55357011bf2ec,True,0
train,236,766,1868,66803372b12e8c832bdcd19921e88299cff381937c05ad1f9742b129243ff0c3,True,1,4488,4487,66803372b12e8c832bdcd19921e88299cff381937c05ad1f9742b129243ff0c3,66803372b12e8c832bdcd19921e88299cff381937c05ad1f9742b129243ff0c3,True,0
train,237,778,1914,8c8123660a5552a4f3f3bbaf684625030a1c5416edd8d37b310afabf0dcb8346,True,1,4488,4487,8c8123660a5552a4f3f3bbaf684625030a1c5416edd8d37b310afabf0dcb8346,8c8123660a5552a4f3f3bbaf684625030a1c5416edd8d37b310afabf0dcb8346,True,0
train,238,783,1143,f32e02e097ee5fd4b6c5f844b4c9c2c3c8f49ff9de6589c969d19b054754d61e,True,1,4488,4487,f32e02e097ee5fd4b6c5f844b4c9c2c3c8f49ff9de6589c969d19b054754d61e,f32e02e097ee5fd4b6c5f844b4c9c2c3c8f49ff9de6589c969d19b054754d61e,True,0
train,239,783,2376,cea98e3b720ed7dbaa78a2ddd67c4a109c8bdae07d110e1e483ac422ae48c823,True,1,4488,4487,cea98e3b720ed7dbaa78a2ddd67c4a109c8bdae07d110e1e483ac422ae48c823,cea98e3b720ed7dbaa78a2ddd67c4a109c8bdae07d110e1e483ac422ae48c823,True,0
train,240,788,2205,44810fc195814340d03706cfe1d867fbfa00d897d02b36d626e2100898569ead,True,1,4488,4487,44810fc195814340d03706cfe1d867fbfa00d897d02b36d626e2100898569ead,44810fc195814340d03706cfe1d867fbfa00d897d02b36d626e2100898569ead,True,0
train,241,790,1548,9fd8b79195f189b8593aabed3e4f59bc81a5fc4acad07adfceb3ac0bd66d35bb,True,1,4488,4487,9fd8b79195f189b8593aabed3e4f59bc81a5fc4acad07adfceb3ac0bd66d35bb,9fd8b79195f189b8593aabed3e4f59bc81a5fc4acad07adfceb3ac0bd66d35bb,True,0
train,242,798,1381,31e50289174042688a3068c404457b5dc2f67b533c5a163c084f57b857e3f4fd,True,1,4488,4487,31e50289174042688a3068c404457b5dc2f67b533c5a163c084f57b857e3f4fd,31e50289174042688a3068c404457b5dc2f67b533c5a163c084f57b857e3f4fd,True,0
train,243,798,1795,518259b692d05ca6345c321333713ba96c6a0073fb2c3d90e6e3ddc69f49fa30,True,1,4488,4487,518259b692d05ca6345c321333713ba96c6a0073fb2c3d90e6e3ddc69f49fa30,518259b692d05ca6345c321333713ba96c6a0073fb2c3d90e6e3ddc69f49fa30,True,0
train,244,800,820,8dd493217cecc32fd5d2e1ff65cd958230a1e2b215fe9809365ce49a078bbcce,True,1,4488,4487,8dd493217cecc32fd5d2e1ff65cd958230a1e2b215fe9809365ce49a078bbcce,8dd493217cecc32fd5d2e1ff65cd958230a1e2b215fe9809365ce49a078bbcce,True,0
train,245,808,924,8b7ff9d83d92df2c66ed8b0adc66ab932174f9bfb0a6fbd4210c9c0594312655,True,1,4488,4487,8b7ff9d83d92df2c66ed8b0adc66ab932174f9bfb0a6fbd4210c9c0594312655,8b7ff9d83d92df2c66ed8b0adc66ab932174f9bfb0a6fbd4210c9c0594312655,True,0
train,246,816,1842,4970b096bc2e28fd784136d6cb5030093c345cdf8c2ce68ecdb90f2fcd9b8e6d,True,1,4488,4487,4970b096bc2e28fd784136d6cb5030093c345cdf8c2ce68ecdb90f2fcd9b8e6d,4970b096bc2e28fd784136d6cb5030093c345cdf8c2ce68ecdb90f2fcd9b8e6d,True,0
train,247,817,2456,9f28e1340d91c01f4b412d6292783fa0c3918b14bd98a83d750b3d24e0c138ef,True,1,4488,4487,9f28e1340d91c01f4b412d6292783fa0c3918b14bd98a83d750b3d24e0c138ef,9f28e1340d91c01f4b412d6292783fa0c3918b14bd98a83d750b3d24e0c138ef,True,0
train,248,826,2528,0f474a485ad9c38b8abd8a177fde61b369bf0f3ffc3afb3603e0db3f0e0b0bbb,True,1,4488,4487,0f474a485ad9c38b8abd8a177fde61b369bf0f3ffc3afb3603e0db3f0e0b0bbb,0f474a485ad9c38b8abd8a177fde61b369bf0f3ffc3afb3603e0db3f0e0b0bbb,True,0
train,249,830,2100,01846430e37e56cb56bda155b398770befd86a1f06bf6148cfabc0edc2b8775f,True,1,4488,4487,01846430e37e56cb56bda155b398770befd86a1f06bf6148cfabc0edc2b8775f,01846430e37e56cb56bda155b398770befd86a1f06bf6148cfabc0edc2b8775f,True,0
train,250,833,1130,ffd27b4cb348dc5960ead05675a610f2d80e1567a9a55ba3129def2556dad174,True,1,4488,4487,ffd27b4cb348dc5960ead05675a610f2d80e1567a9a55ba3129def2556dad174,ffd27b4cb348dc5960ead05675a610f2d80e1567a9a55ba3129def2556dad174,True,0
train,251,835,1121,685c545dc5a292ab5fc3453ca10af3f716947b43a8760e30155c584672f91b7a,True,1,4488,4487,685c545dc5a292ab5fc3453ca10af3f716947b43a8760e30155c584672f91b7a,685c545dc5a292ab5fc3453ca10af3f716947b43a8760e30155c584672f91b7a,True,0
train,252,836,1131,60c091b971d7078bdf8dc5b07d4a979a25440ac06ecc252ed36bfafcfc371f48,True,1,4488,4487,60c091b971d7078bdf8dc5b07d4a979a25440ac06ecc252ed36bfafcfc371f48,60c091b971d7078bdf8dc5b07d4a979a25440ac06ecc252ed36bfafcfc371f48,True,0
train,253,837,2670,42b4b8d2f93ab90039e13f7ad9ab0a0d02e64ea4280f77bd92981e13a6ecece4,True,1,4488,4487,42b4b8d2f93ab90039e13f7ad9ab0a0d02e64ea4280f77bd92981e13a6ecece4,42b4b8d2f93ab90039e13f7ad9ab0a0d02e64ea4280f77bd92981e13a6ecece4,True,0
train,254,853,1169,7f9388201654aa77bad247580363129e9aaa6c53be3f80f8cef7bbbf675b4d66,True,1,4488,4487,7f9388201654aa77bad247580363129e9aaa6c53be3f80f8cef7bbbf675b4d66,7f9388201654aa77bad247580363129e9aaa6c53be3f80f8cef7bbbf675b4d66,True,0
train,255,853,1358,5625fec2a23b1696c8881be0e797831e100e7f93d13475e9f17bfc391aa89721,True,1,4488,4487,5625fec2a23b1696c8881be0e797831e100e7f93d13475e9f17bfc391aa89721,5625fec2a23b1696c8881be0e797831e100e7f93d13475e9f17bfc391aa89721,True,0
train,256,854,935,385745322298ef39c1f86c6f1606035f5b54919c2c1ae6e5335f5db13f928612,True,1,4488,4487,385745322298ef39c1f86c6f1606035f5b54919c2c1ae6e5335f5db13f928612,385745322298ef39c1f86c6f1606035f5b54919c2c1ae6e5335f5db13f928612,True,0
train,257,855,2493,6ddac0b5121d23fdc283a1580e8eb7757951188a052bdab5366d5e275418d1e8,True,1,4488,4487,6ddac0b5121d23fdc283a1580e8eb7757951188a052bdab5366d5e275418d1e8,6ddac0b5121d23fdc283a1580e8eb7757951188a052bdab5366d5e275418d1e8,True,0
train,258,868,2276,770e56575bf64e112580ab0bbc5a8bafef40c41ca3bff8fefc920becd4c6e916,True,1,4488,4487,770e56575bf64e112580ab0bbc5a8bafef40c41ca3bff8fefc920becd4c6e916,770e56575bf64e112580ab0bbc5a8bafef40c41ca3bff8fefc920becd4c6e916,True,0
train,259,871,2530,bc8cad4c046484a8feb5666194f9f6c3407f4e463dc034c199991fa2f205cbdc,True,1,4488,4487,bc8cad4c046484a8feb5666194f9f6c3407f4e463dc034c199991fa2f205cbdc,bc8cad4c046484a8feb5666194f9f6c3407f4e463dc034c199991fa2f205cbdc,True,0
train,260,880,973,874bd3e8c460374dd25a3a6aab54d97b43829e2e1f03fecaa6fb042f44e64074,True,1,4488,4487,874bd3e8c460374dd25a3a6aab54d97b43829e2e1f03fecaa6fb042f44e64074,874bd3e8c460374dd25a3a6aab54d97b43829e2e1f03fecaa6fb042f44e64074,True,0
train,261,881,1155,f4d5a238a889ab927bc649147f0ff2a2a6579f730e71907a442ba572d4a2d794,True,1,4488,4487,f4d5a238a889ab927bc649147f0ff2a2a6579f730e71907a442ba572d4a2d794,f4d5a238a889ab927bc649147f0ff2a2a6579f730e71907a442ba572d4a2d794,True,0
train,262,883,933,00aed4087c5cafa724f414265698d41ae2b6275d9e587a0575692eca014bd4e9,True,1,4488,4487,00aed4087c5cafa724f414265698d41ae2b6275d9e587a0575692eca014bd4e9,00aed4087c5cafa724f414265698d41ae2b6275d9e587a0575692eca014bd4e9,True,0
train,263,887,910,a25274662364f7e3e27cfebdd79d0d81a35a3d4dbe5746efb5f9c2ac843440c6,True,1,4488,4487,a25274662364f7e3e27cfebdd79d0d81a35a3d4dbe5746efb5f9c2ac843440c6,a25274662364f7e3e27cfebdd79d0d81a35a3d4dbe5746efb5f9c2ac843440c6,True,0
train,264,889,1831,29de8aa05807fe54d84ca45abed25b7165a80dd52f9f4fb8995bae796ea8ac6c,True,1,4488,4487,29de8aa05807fe54d84ca45abed25b7165a80dd52f9f4fb8995bae796ea8ac6c,29de8aa05807fe54d84ca45abed25b7165a80dd52f9f4fb8995bae796ea8ac6c,True,0
train,265,901,2073,871f599a81c6938b5a6a428bd1ef72c1a135a80e51a3cd69b82bde8552adaabb,True,1,4488,4487,871f599a81c6938b5a6a428bd1ef72c1a135a80e51a3cd69b82bde8552adaabb,871f599a81c6938b5a6a428bd1ef72c1a135a80e51a3cd69b82bde8552adaabb,True,0
train,266,901,2199,076c4185127783024df1a1c7beac125eab6d0d7506e6664b6a56d09b9327df89,True,1,4488,4487,076c4185127783024df1a1c7beac125eab6d0d7506e6664b6a56d09b9327df89,076c4185127783024df1a1c7beac125eab6d0d7506e6664b6a56d09b9327df89,True,0
train,267,903,2030,7a36f3e02a5e2c9695e10c9d69e9750fb95f3fab169d8368a3ffe1a1a56d2d94,True,1,4488,4487,7a36f3e02a5e2c9695e10c9d69e9750fb95f3fab169d8368a3ffe1a1a56d2d94,7a36f3e02a5e2c9695e10c9d69e9750fb95f3fab169d8368a3ffe1a1a56d2d94,True,0
train,268,911,1534,0fb1e2b9834d473caa688f803ed6e399a84ce16dc706592b167a88e5f34b300c,True,1,4488,4487,0fb1e2b9834d473caa688f803ed6e399a84ce16dc706592b167a88e5f34b300c,0fb1e2b9834d473caa688f803ed6e399a84ce16dc706592b167a88e5f34b300c,True,0
train,269,927,1316,8782749165af154b67a07e4b0b1cc1d7eb62d06de350ec0dc0cc26f01d5a29d9,True,1,4488,4487,8782749165af154b67a07e4b0b1cc1d7eb62d06de350ec0dc0cc26f01d5a29d9,8782749165af154b67a07e4b0b1cc1d7eb62d06de350ec0dc0cc26f01d5a29d9,True,0
train,270,930,2569,9552c9253f3faf2360d7ebecc927feaeccfc3a1058aa9f8cbbe80baa5553544a,True,1,4488,4487,9552c9253f3faf2360d7ebecc927feaeccfc3a1058aa9f8cbbe80baa5553544a,9552c9253f3faf2360d7ebecc927feaeccfc3a1058aa9f8cbbe80baa5553544a,True,0
train,271,935,1873,96543ffaa9de0375bdf0c00fa8618cc1110f5799c3a6f2415e664b6313693189,True,1,4488,4487,96543ffaa9de0375bdf0c00fa8618cc1110f5799c3a6f2415e664b6313693189,96543ffaa9de0375bdf0c00fa8618cc1110f5799c3a6f2415e664b6313693189,True,0
train,272,937,1304,de9b913c814daca9ece7f04c0b76605677f84c061f0b4c39d99a1900d9748377,True,1,4488,4487,de9b913c814daca9ece7f04c0b76605677f84c061f0b4c39d99a1900d9748377,de9b913c814daca9ece7f04c0b76605677f84c061f0b4c39d99a1900d9748377,True,0
train,273,938,2230,1c20bf8d4074b5103950e2f8a4025d705609c85a42803cede052d1d6b82d0cf0,True,1,4488,4487,1c20bf8d4074b5103950e2f8a4025d705609c85a42803cede052d1d6b82d0cf0,1c20bf8d4074b5103950e2f8a4025d705609c85a42803cede052d1d6b82d0cf0,True,0
train,274,939,2173,faa465ad0153706167ed3c7bee19f062fc9b98d720fabd01139463cc977df549,True,1,4488,4487,faa465ad0153706167ed3c7bee19f062fc9b98d720fabd01139463cc977df549,faa465ad0153706167ed3c7bee19f062fc9b98d720fabd01139463cc977df549,True,0
train,275,942,1952,2ade06219af7892dd36c3de6dc406d9463aff4c19346ec4e44f148ea7a6499ef,True,1,4488,4487,2ade06219af7892dd36c3de6dc406d9463aff4c19346ec4e44f148ea7a6499ef,2ade06219af7892dd36c3de6dc406d9463aff4c19346ec4e44f148ea7a6499ef,True,0
train,276,945,1072,0a64860b98d5a3ecef62cdcb5e7d3a11013714e6a45c3322158d2f1de9cbc817,True,1,4488,4487,0a64860b98d5a3ecef62cdcb5e7d3a11013714e6a45c3322158d2f1de9cbc817,0a64860b98d5a3ecef62cdcb5e7d3a11013714e6a45c3322158d2f1de9cbc817,True,0
train,277,957,1154,d2397a84feb0897747e6018e930e6e44aaec6d9559fba93d7f1862c6c2b860d8,True,1,4488,4487,d2397a84feb0897747e6018e930e6e44aaec6d9559fba93d7f1862c6c2b860d8,d2397a84feb0897747e6018e930e6e44aaec6d9559fba93d7f1862c6c2b860d8,True,0
train,278,957,2083,3786f7378b77b4f872509e814475ae46a71c6858fa685d6536ab048bea04c325,True,1,4488,4487,3786f7378b77b4f872509e814475ae46a71c6858fa685d6536ab048bea04c325,3786f7378b77b4f872509e814475ae46a71c6858fa685d6536ab048bea04c325,True,0
train,279,962,1810,4181212c97a545e7f27d53ab6f17d01cb24d62f5a9b28b9f635f0ecd3ab03b46,True,1,4488,4487,4181212c97a545e7f27d53ab6f17d01cb24d62f5a9b28b9f635f0ecd3ab03b46,4181212c97a545e7f27d53ab6f17d01cb24d62f5a9b28b9f635f0ecd3ab03b46,True,0
train,280,963,1443,382c048c2fc1cdc79f8a1c147bfe5bcbd7ed5914cd23d6867ae7794c848e20f2,True,1,4488,4487,382c048c2fc1cdc79f8a1c147bfe5bcbd7ed5914cd23d6867ae7794c848e20f2,382c048c2fc1cdc79f8a1c147bfe5bcbd7ed5914cd23d6867ae7794c848e20f2,True,0
train,281,963,1785,f9dae5900668a2564f4c39835b9eb0f4a246ee514b5e1b8f7144e81387d2dbc2,True,1,4488,4487,f9dae5900668a2564f4c39835b9eb0f4a246ee514b5e1b8f7144e81387d2dbc2,f9dae5900668a2564f4c39835b9eb0f4a246ee514b5e1b8f7144e81387d2dbc2,True,0
train,282,967,2659,b35a3efd35c86d95bc73e543eb8ef8f075b42f3ec67d5aed3a6a8f52c7c72210,True,1,4488,4487,b35a3efd35c86d95bc73e543eb8ef8f075b42f3ec67d5aed3a6a8f52c7c72210,b35a3efd35c86d95bc73e543eb8ef8f075b42f3ec67d5aed3a6a8f52c7c72210,True,0
train,283,969,1483,4d485931c8f104edd37e07ce7508d62e3fe5931277433acf0b43f70f8949be81,True,1,4488,4487,4d485931c8f104edd37e07ce7508d62e3fe5931277433acf0b43f70f8949be81,4d485931c8f104edd37e07ce7508d62e3fe5931277433acf0b43f70f8949be81,True,0
train,284,973,2019,c5391e2d006f2a1e82bd0753abb667ae80ec23381f3f0648cb1cf435ae69d8fc,True,1,4488,4487,c5391e2d006f2a1e82bd0753abb667ae80ec23381f3f0648cb1cf435ae69d8fc,c5391e2d006f2a1e82bd0753abb667ae80ec23381f3f0648cb1cf435ae69d8fc,True,0
train,285,982,1091,b22c812100b9d060d13c56bfec2e713d4038f05c03cf0d015aa9aff721424703,True,1,4488,4487,b22c812100b9d060d13c56bfec2e713d4038f05c03cf0d015aa9aff721424703,b22c812100b9d060d13c56bfec2e713d4038f05c03cf0d015aa9aff721424703,True,0
train,286,984,1068,d86c63b3a319847e1a3c71254d4608996722f62edb67af11ef78df64cb306c61,True,1,4488,4487,d86c63b3a319847e1a3c71254d4608996722f62edb67af11ef78df64cb306c61,d86c63b3a319847e1a3c71254d4608996722f62edb67af11ef78df64cb306c61,True,0
train,287,989,2285,05c8657ff1e554abf05c653fd27a865a746cd1eb49cbd854a561e82b336f8777,True,1,4488,4487,05c8657ff1e554abf05c653fd27a865a746cd1eb49cbd854a561e82b336f8777,05c8657ff1e554abf05c653fd27a865a746cd1eb49cbd854a561e82b336f8777,True,0
train,288,996,1135,a72f8193f9e42503b7cdbab97f185f7b6b333e7e8f80d8915b8308b66354fb9a,True,1,4488,4487,a72f8193f9e42503b7cdbab97f185f7b6b333e7e8f80d8915b8308b66354fb9a,a72f8193f9e42503b7cdbab97f185f7b6b333e7e8f80d8915b8308b66354fb9a,True,0
train,289,998,1284,151cc64f82731ccd668ab2968690ff7cc1591d9024bf781d27dd83acc625d44e,True,1,4488,4487,151cc64f82731ccd668ab2968690ff7cc1591d9024bf781d27dd83acc625d44e,151cc64f82731ccd668ab2968690ff7cc1591d9024bf781d27dd83acc625d44e,True,0
train,290,1007,1154,2d9d2a398440197340639b8c0a6ed767ccc250a5c398d3c84697a1d17805bfaf,True,1,4488,4487,2d9d2a398440197340639b8c0a6ed767ccc250a5c398d3c84697a1d17805bfaf,2d9d2a398440197340639b8c0a6ed767ccc250a5c398d3c84697a1d17805bfaf,True,0
train,291,1013,1729,083c45e74a557c234c4968bab9f0325c6ce2523020cedfc96143e9f7997f85b3,True,1,4488,4487,083c45e74a557c234c4968bab9f0325c6ce2523020cedfc96143e9f7997f85b3,083c45e74a557c234c4968bab9f0325c6ce2523020cedfc96143e9f7997f85b3,True,0
train,292,1013,1851,4dd811cbf243019f4ad4ce43d8f173ffbe0a64fe06aa0a307cafc3b53f83c530,True,1,4488,4487,4dd811cbf243019f4ad4ce43d8f173ffbe0a64fe06aa0a307cafc3b53f83c530,4dd811cbf243019f4ad4ce43d8f173ffbe0a64fe06aa0a307cafc3b53f83c530,True,0
train,293,1015,1143,8d5e43454129fe43aea2b6c8874afd2dec50a3559d132f5ced857685ccee0cae,True,1,4488,4487,8d5e43454129fe43aea2b6c8874afd2dec50a3559d132f5ced857685ccee0cae,8d5e43454129fe43aea2b6c8874afd2dec50a3559d132f5ced857685ccee0cae,True,0
train,294,1018,2378,7ddf3b0268eb5ed111ac47b6b8bed5d2b0d24bc9e5c29b3b99bd4929160d8bdc,True,1,4488,4487,7ddf3b0268eb5ed111ac47b6b8bed5d2b0d24bc9e5c29b3b99bd4929160d8bdc,7ddf3b0268eb5ed111ac47b6b8bed5d2b0d24bc9e5c29b3b99bd4929160d8bdc,True,0
train,295,1023,1986,f787d1b38a97f84c647ba6b0dad2de4fc4b8ffe9238791fe26b38013caf42251,True,1,4488,4487,f787d1b38a97f84c647ba6b0dad2de4fc4b8ffe9238791fe26b38013caf42251,f787d1b38a97f84c647ba6b0dad2de4fc4b8ffe9238791fe26b38013caf42251,True,0
train,296,1026,2531,f8419015c6c7152bce77679adaf1fcba71a5f144906b641ee083be47b90af442,True,1,4488,4487,f8419015c6c7152bce77679adaf1fcba71a5f144906b641ee083be47b90af442,f8419015c6c7152bce77679adaf1fcba71a5f144906b641ee083be47b90af442,True,0
train,297,1035,1433,d411cf705a4dc6e3453193fe7211923994a3eb98ed3872a1c30a7b60bb4b1fd1,True,1,4488,4487,d411cf705a4dc6e3453193fe7211923994a3eb98ed3872a1c30a7b60bb4b1fd1,d411cf705a4dc6e3453193fe7211923994a3eb98ed3872a1c30a7b60bb4b1fd1,True,0
train,298,1041,1358,a2716f0d2f8f40c33a864494362b4ee57a918860f3e389e254b83d904b80c081,True,1,4488,4487,a2716f0d2f8f40c33a864494362b4ee57a918860f3e389e254b83d904b80c081,a2716f0d2f8f40c33a864494362b4ee57a918860f3e389e254b83d904b80c081,True,0
train,299,1041,2390,3beeee729b6f38efe035dee7b64ac8af6a319944bd2f1213e348d997303af71a,True,1,4488,4487,3beeee729b6f38efe035dee7b64ac8af6a319944bd2f1213e348d997303af71a,3beeee729b6f38efe035dee7b64ac8af6a319944bd2f1213e348d997303af71a,True,0
train,300,1042,1047,d362ec5d28334850fc50c9ecf538c958b25779d10585d3d9e2e7517d7e8e8742,True,1,4488,4487,d362ec5d28334850fc50c9ecf538c958b25779d10585d3d9e2e7517d7e8e8742,d362ec5d28334850fc50c9ecf538c958b25779d10585d3d9e2e7517d7e8e8742,True,0
train,301,1042,2054,23dde48cfbb02128708bef62cd723cfbcdf2c7efe84afb7b381a050e127c3d47,True,1,4488,4487,23dde48cfbb02128708bef62cd723cfbcdf2c7efe84afb7b381a050e127c3d47,23dde48cfbb02128708bef62cd723cfbcdf2c7efe84afb7b381a050e127c3d47,True,0
train,302,1042,2333,9f03e53e760735c0ba80ae3322cc7cdad4cf26f48108b25f307b0eca1fc54e24,True,1,4488,4487,9f03e53e760735c0ba80ae3322cc7cdad4cf26f48108b25f307b0eca1fc54e24,9f03e53e760735c0ba80ae3322cc7cdad4cf26f48108b25f307b0eca1fc54e24,True,0
train,303,1046,2387,4c2db6c94198416a90c86d25f79fb247dff0acabe28b67ef8aff617fd4c01500,True,1,4488,4487,4c2db6c94198416a90c86d25f79fb247dff0acabe28b67ef8aff617fd4c01500,4c2db6c94198416a90c86d25f79fb247dff0acabe28b67ef8aff617fd4c01500,True,0
train,304,1049,1894,15d9e7175108bf3108f5d3a40d002dd9f38e742f69666f0ec86678d0b6f8962c,True,1,4488,4487,15d9e7175108bf3108f5d3a40d002dd9f38e742f69666f0ec86678d0b6f8962c,15d9e7175108bf3108f5d3a40d002dd9f38e742f69666f0ec86678d0b6f8962c,True,0
train,305,1054,1950,0198833a820c313d7bdb8cb9ceab729a8d9d32e603281682b57df5b28a36311a,True,1,4488,4487,0198833a820c313d7bdb8cb9ceab729a8d9d32e603281682b57df5b28a36311a,0198833a820c313d7bdb8cb9ceab729a8d9d32e603281682b57df5b28a36311a,True,0
train,306,1067,2448,97886892068a5db01887ffbdab540c2f577409d97d64952584f664b1533e575a,True,1,4488,4487,97886892068a5db01887ffbdab540c2f577409d97d64952584f664b1533e575a,97886892068a5db01887ffbdab540c2f577409d97d64952584f664b1533e575a,True,0
train,307,1072,1483,ceb04f9cbcac571cfa56cfc9bec3435d288db7971776c634088948bc6dd32fa2,True,1,4488,4487,ceb04f9cbcac571cfa56cfc9bec3435d288db7971776c634088948bc6dd32fa2,ceb04f9cbcac571cfa56cfc9bec3435d288db7971776c634088948bc6dd32fa2,True,0
train,308,1086,2247,8cd90d7f68c50d72d4e60e4f90c4cfdf98dfec7faa74c14c7dd135147e30f430,True,1,4488,4487,8cd90d7f68c50d72d4e60e4f90c4cfdf98dfec7faa74c14c7dd135147e30f430,8cd90d7f68c50d72d4e60e4f90c4cfdf98dfec7faa74c14c7dd135147e30f430,True,0
train,309,1103,1760,0c9b7ee014bcd055867aeb0adc6e5dc05e3901b6c1a2419a6ad3b6ac494f78fe,True,1,4488,4487,0c9b7ee014bcd055867aeb0adc6e5dc05e3901b6c1a2419a6ad3b6ac494f78fe,0c9b7ee014bcd055867aeb0adc6e5dc05e3901b6c1a2419a6ad3b6ac494f78fe,True,0
train,310,1103,1888,058c4262d94fb6b5a4b4d0a81cd06439b97f31b7577cdbaf6f8acffc3af76890,True,1,4488,4487,058c4262d94fb6b5a4b4d0a81cd06439b97f31b7577cdbaf6f8acffc3af76890,058c4262d94fb6b5a4b4d0a81cd06439b97f31b7577cdbaf6f8acffc3af76890,True,0
train,311,1106,1874,393116ed612b9e01a8cd0971337e28d406695816ff4a54053466a8d1517160e8,True,1,4488,4487,393116ed612b9e01a8cd0971337e28d406695816ff4a54053466a8d1517160e8,393116ed612b9e01a8cd0971337e28d406695816ff4a54053466a8d1517160e8,True,0
train,312,1111,1273,97c1f94b0b8e83995b9047638423004b51dbd61f39a558e1b38984f497687c2e,True,1,4488,4487,97c1f94b0b8e83995b9047638423004b51dbd61f39a558e1b38984f497687c2e,97c1f94b0b8e83995b9047638423004b51dbd61f39a558e1b38984f497687c2e,True,0
train,313,1114,2560,7c02301f929bdd7706c81e081431a4442e9222b3b129ea4490608275e3411826,True,1,4488,4487,7c02301f929bdd7706c81e081431a4442e9222b3b129ea4490608275e3411826,7c02301f929bdd7706c81e081431a4442e9222b3b129ea4490608275e3411826,True,0
train,314,1116,1223,7e15fcc51e47d528365803b3a319302f6dd247dd8fd9eeddd452bf21c9b0e810,True,1,4488,4487,7e15fcc51e47d528365803b3a319302f6dd247dd8fd9eeddd452bf21c9b0e810,7e15fcc51e47d528365803b3a319302f6dd247dd8fd9eeddd452bf21c9b0e810,True,0
train,315,1117,1628,84250ee558f9a191c6ef757b6ca50ebaccdfcfd32ec4219e3dc58c3e01152f75,True,1,4488,4487,84250ee558f9a191c6ef757b6ca50ebaccdfcfd32ec4219e3dc58c3e01152f75,84250ee558f9a191c6ef757b6ca50ebaccdfcfd32ec4219e3dc58c3e01152f75,True,0
train,316,1117,2499,07ed751536a7779cd672e3ce3ab3ab6de616dac5cc0c650121531ba9299303a9,True,1,4488,4487,07ed751536a7779cd672e3ce3ab3ab6de616dac5cc0c650121531ba9299303a9,07ed751536a7779cd672e3ce3ab3ab6de616dac5cc0c650121531ba9299303a9,True,0
train,317,1119,1462,9ae206f9fd6a2fd44b0aa889f04480590c310c49d59798b71e343f2b769c6a2b,True,1,4488,4487,9ae206f9fd6a2fd44b0aa889f04480590c310c49d59798b71e343f2b769c6a2b,9ae206f9fd6a2fd44b0aa889f04480590c310c49d59798b71e343f2b769c6a2b,True,0
train,318,1119,2125,8e931c6c33ae2c01faad784d31f561f54fc43b31975a3da0cbe41a3b711a8e91,True,1,4488,4487,8e931c6c33ae2c01faad784d31f561f54fc43b31975a3da0cbe41a3b711a8e91,8e931c6c33ae2c01faad784d31f561f54fc43b31975a3da0cbe41a3b711a8e91,True,0
train,319,1119,2126,c2654ec3ba9962e7fbbd8cca3d24b867623d3e25f26579829b7390d02f126d07,True,1,4488,4487,c2654ec3ba9962e7fbbd8cca3d24b867623d3e25f26579829b7390d02f126d07,c2654ec3ba9962e7fbbd8cca3d24b867623d3e25f26579829b7390d02f126d07,True,0
train,320,1120,2194,613e2292b5a5349abf11d973a59f8efc95818c489c7976db71e9852babb17198,True,1,4488,4487,613e2292b5a5349abf11d973a59f8efc95818c489c7976db71e9852babb17198,613e2292b5a5349abf11d973a59f8efc95818c489c7976db71e9852babb17198,True,0
train,321,1131,1215,02bab3659907a7b34df0b8e36f75a17b721fa427288b266cb658d0b02f8a901f,True,1,4488,4487,02bab3659907a7b34df0b8e36f75a17b721fa427288b266cb658d0b02f8a901f,02bab3659907a7b34df0b8e36f75a17b721fa427288b266cb658d0b02f8a901f,True,0
train,322,1131,1930,28572b3eb2982db033b1cf6466d0bab2732e7fb8365cdba5c1b311642e2cfe49,True,1,4488,4487,28572b3eb2982db033b1cf6466d0bab2732e7fb8365cdba5c1b311642e2cfe49,28572b3eb2982db033b1cf6466d0bab2732e7fb8365cdba5c1b311642e2cfe49,True,0
train,323,1133,1538,3f8cb352ce3fa81d54a236ae8a3cbc6bc4ad40491dde881314686af67cfefd23,True,1,4488,4487,3f8cb352ce3fa81d54a236ae8a3cbc6bc4ad40491dde881314686af67cfefd23,3f8cb352ce3fa81d54a236ae8a3cbc6bc4ad40491dde881314686af67cfefd23,True,0
train,324,1145,1169,aa3f46f9c8ca6d3f437c69e8b6a5cdf16d9d961b5211e2bbfc30f79fbd748635,True,1,4488,4487,aa3f46f9c8ca6d3f437c69e8b6a5cdf16d9d961b5211e2bbfc30f79fbd748635,aa3f46f9c8ca6d3f437c69e8b6a5cdf16d9d961b5211e2bbfc30f79fbd748635,True,0
train,325,1147,1598,7443b592f1cabb9af0b2b937060fefba539bbe5ed68aa2705b0bfeb0d0cbcbf1,True,1,4488,4487,7443b592f1cabb9af0b2b937060fefba539bbe5ed68aa2705b0bfeb0d0cbcbf1,7443b592f1cabb9af0b2b937060fefba539bbe5ed68aa2705b0bfeb0d0cbcbf1,True,0
train,326,1149,1358,2edc83d07eef92b52c421a1867cc7242b1851ebfb341b14ec3a9655e65e1a7b6,True,1,4488,4487,2edc83d07eef92b52c421a1867cc7242b1851ebfb341b14ec3a9655e65e1a7b6,2edc83d07eef92b52c421a1867cc7242b1851ebfb341b14ec3a9655e65e1a7b6,True,0
train,327,1151,2570,2ae5829c17e7cbcdc8e5e6605220c0cfd73f6993cd96c74a6b7aafca1a6f8008,True,1,4488,4487,2ae5829c17e7cbcdc8e5e6605220c0cfd73f6993cd96c74a6b7aafca1a6f8008,2ae5829c17e7cbcdc8e5e6605220c0cfd73f6993cd96c74a6b7aafca1a6f8008,True,0
train,328,1166,2582,adbfafd281a52fd9c93f2c1b391734fc730890fe1dbed5f04febc8e380d76053,True,1,4488,4487,adbfafd281a52fd9c93f2c1b391734fc730890fe1dbed5f04febc8e380d76053,adbfafd281a52fd9c93f2c1b391734fc730890fe1dbed5f04febc8e380d76053,True,0
train,329,1169,2220,eff3993ddad9ebc8e828c564ae332e2732b77b5769b03e513f4bea5ccf5e939e,True,1,4488,4487,eff3993ddad9ebc8e828c564ae332e2732b77b5769b03e513f4bea5ccf5e939e,eff3993ddad9ebc8e828c564ae332e2732b77b5769b03e513f4bea5ccf5e939e,True,0
train,330,1169,2492,8aabb9eb471fa115fd328232fa3d6b6f0e8803e878d0298a29eb77886b587d7e,True,1,4488,4487,8aabb9eb471fa115fd328232fa3d6b6f0e8803e878d0298a29eb77886b587d7e,8aabb9eb471fa115fd328232fa3d6b6f0e8803e878d0298a29eb77886b587d7e,True,0
train,331,1174,2394,923b330f55eb26ad7f50c3cd79d20327950aba66938caa2cd706ca4d8f0f6bac,True,1,4488,4487,923b330f55eb26ad7f50c3cd79d20327950aba66938caa2cd706ca4d8f0f6bac,923b330f55eb26ad7f50c3cd79d20327950aba66938caa2cd706ca4d8f0f6bac,True,0
train,332,1185,2358,b504f5be8b84d9cb20b875e6dca6bb7a12094bb28799f3ef88762aaf1d0d952b,True,1,4488,4487,b504f5be8b84d9cb20b875e6dca6bb7a12094bb28799f3ef88762aaf1d0d952b,b504f5be8b84d9cb20b875e6dca6bb7a12094bb28799f3ef88762aaf1d0d952b,True,0
train,333,1189,1358,ba97d7ab1b25ac499f43fc9580733a0f5a201defe921f7f61cb6757019a94078,True,1,4488,4487,ba97d7ab1b25ac499f43fc9580733a0f5a201defe921f7f61cb6757019a94078,ba97d7ab1b25ac499f43fc9580733a0f5a201defe921f7f61cb6757019a94078,True,0
train,334,1199,1599,40a5f4288fd3507b63ee527721fc354c362496aa184a60a3394237d4b667397d,True,1,4488,4487,40a5f4288fd3507b63ee527721fc354c362496aa184a60a3394237d4b667397d,40a5f4288fd3507b63ee527721fc354c362496aa184a60a3394237d4b667397d,True,0
train,335,1202,2524,7854a5a5322cf394099a85a6524c4d97b327b48f5d8eecd82e1a7d5f51ebfd8b,True,1,4488,4487,7854a5a5322cf394099a85a6524c4d97b327b48f5d8eecd82e1a7d5f51ebfd8b,7854a5a5322cf394099a85a6524c4d97b327b48f5d8eecd82e1a7d5f51ebfd8b,True,0
train,336,1204,1602,9756bf2b7e385101b955633bd3d2963170d4841a3f815ddc15631faab10c603f,True,1,4488,4487,9756bf2b7e385101b955633bd3d2963170d4841a3f815ddc15631faab10c603f,9756bf2b7e385101b955633bd3d2963170d4841a3f815ddc15631faab10c603f,True,0
train,337,1221,1607,2c066c3602ab2b97057cfdb467c29ee61aeae95d6177791a0401534d4f39d991,True,1,4488,4487,2c066c3602ab2b97057cfdb467c29ee61aeae95d6177791a0401534d4f39d991,2c066c3602ab2b97057cfdb467c29ee61aeae95d6177791a0401534d4f39d991,True,0
train,338,1222,1224,ead925fc3205f796b1e64ff29049ef1909b82ea544bbdf65dfedff325f939c0e,True,1,4488,4487,ead925fc3205f796b1e64ff29049ef1909b82ea544bbdf65dfedff325f939c0e,ead925fc3205f796b1e64ff29049ef1909b82ea544bbdf65dfedff325f939c0e,True,0
train,339,1224,2152,edbc34d7db427f0b8b87bbda6cb5b362710475bf17a7a5cc8d21a1eac92b12d8,True,1,4488,4487,edbc34d7db427f0b8b87bbda6cb5b362710475bf17a7a5cc8d21a1eac92b12d8,edbc34d7db427f0b8b87bbda6cb5b362710475bf17a7a5cc8d21a1eac92b12d8,True,0
train,340,1224,2155,230bbca729085077e7387e2d67497f9680e4134e0b0c5c8904a28e283a63700c,True,1,4488,4487,230bbca729085077e7387e2d67497f9680e4134e0b0c5c8904a28e283a63700c,230bbca729085077e7387e2d67497f9680e4134e0b0c5c8904a28e283a63700c,True,0
train,341,1229,1308,bb602b4f676a35a6be7746957cb7e7fdcd4e34140fa56715481dc01823489396,True,1,4488,4487,bb602b4f676a35a6be7746957cb7e7fdcd4e34140fa56715481dc01823489396,bb602b4f676a35a6be7746957cb7e7fdcd4e34140fa56715481dc01823489396,True,0
train,342,1229,1506,81c5cdb319c40bcb8f77ace9494ec57459e5e3fb9f5e042e24e687f7c9888eb5,True,1,4488,4487,81c5cdb319c40bcb8f77ace9494ec57459e5e3fb9f5e042e24e687f7c9888eb5,81c5cdb319c40bcb8f77ace9494ec57459e5e3fb9f5e042e24e687f7c9888eb5,True,0
train,343,1230,1342,7a99671ec622c172ff59f2e047aa984664511cdaeb997f7e66f0b8337964e0dd,True,1,4488,4487,7a99671ec622c172ff59f2e047aa984664511cdaeb997f7e66f0b8337964e0dd,7a99671ec622c172ff59f2e047aa984664511cdaeb997f7e66f0b8337964e0dd,True,0
train,344,1241,1950,f9d7cd2ac1285638034e3c2afefc4e49ad593bab01df7227f51a7cd4e2ded839,True,1,4488,4487,f9d7cd2ac1285638034e3c2afefc4e49ad593bab01df7227f51a7cd4e2ded839,f9d7cd2ac1285638034e3c2afefc4e49ad593bab01df7227f51a7cd4e2ded839,True,0
train,345,1247,1679,f5240f3e8a8123673f0f7088bc1f63d6c8f710fa87d617654c5e5b8bcc9655dd,True,1,4488,4487,f5240f3e8a8123673f0f7088bc1f63d6c8f710fa87d617654c5e5b8bcc9655dd,f5240f3e8a8123673f0f7088bc1f63d6c8f710fa87d617654c5e5b8bcc9655dd,True,0
train,346,1251,1448,3594a4b66437686ad5e852626606672ac54ee76fba4504ed90a58b52e3a437d9,True,1,4488,4487,3594a4b66437686ad5e852626606672ac54ee76fba4504ed90a58b52e3a437d9,3594a4b66437686ad5e852626606672ac54ee76fba4504ed90a58b52e3a437d9,True,0
train,347,1257,2518,b4cf6f659d91e782f1fd65915a8a8e7e92e4daf2428812c7c62d9b01d1b815e8,True,1,4488,4487,b4cf6f659d91e782f1fd65915a8a8e7e92e4daf2428812c7c62d9b01d1b815e8,b4cf6f659d91e782f1fd65915a8a8e7e92e4daf2428812c7c62d9b01d1b815e8,True,0
train,348,1273,2034,a3614e17d9f3bdbb82316011cdcb0514fddf81aaf0c10ac01b09b1318520444f,True,1,4488,4487,a3614e17d9f3bdbb82316011cdcb0514fddf81aaf0c10ac01b09b1318520444f,a3614e17d9f3bdbb82316011cdcb0514fddf81aaf0c10ac01b09b1318520444f,True,0
train,349,1276,1962,81642e8bbda9678b2490894b122cd30f164c6f01443ab4398bc19b020b6dff3f,True,1,4488,4487,81642e8bbda9678b2490894b122cd30f164c6f01443ab4398bc19b020b6dff3f,81642e8bbda9678b2490894b122cd30f164c6f01443ab4398bc19b020b6dff3f,True,0
train,350,1282,1483,eeb435be30aa7c1fdd2d7e557d5ee49b73df31ac28e2bd8a0886032174414489,True,1,4488,4487,eeb435be30aa7c1fdd2d7e557d5ee49b73df31ac28e2bd8a0886032174414489,eeb435be30aa7c1fdd2d7e557d5ee49b73df31ac28e2bd8a0886032174414489,True,0
train,351,1291,2154,57df244eb51bba047a44495c888a42f13dddc641cc7f224471ae8b6bb27ff8dd,True,1,4488,4487,57df244eb51bba047a44495c888a42f13dddc641cc7f224471ae8b6bb27ff8dd,57df244eb51bba047a44495c888a42f13dddc641cc7f224471ae8b6bb27ff8dd,True,0
train,352,1296,1913,7594bd7016c816dda6713718fa7a6d2b4a9cb97def29145cb9853cf40e54b6df,True,1,4488,4487,7594bd7016c816dda6713718fa7a6d2b4a9cb97def29145cb9853cf40e54b6df,7594bd7016c816dda6713718fa7a6d2b4a9cb97def29145cb9853cf40e54b6df,True,0
train,353,1306,1317,f4e3ce3dbcec852dca16f791c9550709fdd13d26d40ae0a22bd41de7a3185ac5,True,1,4488,4487,f4e3ce3dbcec852dca16f791c9550709fdd13d26d40ae0a22bd41de7a3185ac5,f4e3ce3dbcec852dca16f791c9550709fdd13d26d40ae0a22bd41de7a3185ac5,True,0
train,354,1309,2102,783e8c4725d56ee8f204c2763baa9c915992927ad6903ce82dc78e7c11f44bb4,True,1,4488,4487,783e8c4725d56ee8f204c2763baa9c915992927ad6903ce82dc78e7c11f44bb4,783e8c4725d56ee8f204c2763baa9c915992927ad6903ce82dc78e7c11f44bb4,True,0
train,355,1309,2103,e0a9caf3db0a20021bbc44fe7d7e4a471db8692f35754e8fffe833b6cec0df80,True,1,4488,4487,e0a9caf3db0a20021bbc44fe7d7e4a471db8692f35754e8fffe833b6cec0df80,e0a9caf3db0a20021bbc44fe7d7e4a471db8692f35754e8fffe833b6cec0df80,True,0
train,356,1311,1312,06d4439861ee82f9578ff5fe687a8743a301337ed57269ce7e018e3186a903be,True,1,4488,4487,06d4439861ee82f9578ff5fe687a8743a301337ed57269ce7e018e3186a903be,06d4439861ee82f9578ff5fe687a8743a301337ed57269ce7e018e3186a903be,True,0
train,357,1311,2080,8173652836e31181d470f4331c06bc7d203efb8d4d73e263b0861a880e620667,True,1,4488,4487,8173652836e31181d470f4331c06bc7d203efb8d4d73e263b0861a880e620667,8173652836e31181d470f4331c06bc7d203efb8d4d73e263b0861a880e620667,True,0
train,358,1317,2221,a5be6debbdcdf349019384db56918f238052925323d5b04f5c7e8f6e238ecdb4,True,1,4488,4487,a5be6debbdcdf349019384db56918f238052925323d5b04f5c7e8f6e238ecdb4,a5be6debbdcdf349019384db56918f238052925323d5b04f5c7e8f6e238ecdb4,True,0
train,359,1321,2501,60d08a21b0d1797f7b72dd9915802bc3f5c1f910ad5579c26b116d3d56b35f8d,True,1,4488,4487,60d08a21b0d1797f7b72dd9915802bc3f5c1f910ad5579c26b116d3d56b35f8d,60d08a21b0d1797f7b72dd9915802bc3f5c1f910ad5579c26b116d3d56b35f8d,True,0
train,360,1323,1701,6fcfdd59aaa53b8f811a16c911c4a5bb97e5627729699a9a68bb95d2db0d882f,True,1,4488,4487,6fcfdd59aaa53b8f811a16c911c4a5bb97e5627729699a9a68bb95d2db0d882f,6fcfdd59aaa53b8f811a16c911c4a5bb97e5627729699a9a68bb95d2db0d882f,True,0
train,361,1325,2063,65db95b75c0c7174906afd84ba1a99d3be2557b9067899cafaff4afe483e6346,True,1,4488,4487,65db95b75c0c7174906afd84ba1a99d3be2557b9067899cafaff4afe483e6346,65db95b75c0c7174906afd84ba1a99d3be2557b9067899cafaff4afe483e6346,True,0
train,362,1333,1973,0907242936691af88bb43177b4d2a51ccd64b7f838674fa1c02bb8d0f241819f,True,1,4488,4487,0907242936691af88bb43177b4d2a51ccd64b7f838674fa1c02bb8d0f241819f,0907242936691af88bb43177b4d2a51ccd64b7f838674fa1c02bb8d0f241819f,True,0
train,363,1335,1856,9d61fdeadcdb115e244524fbfa3c50affa75e50fb8811b54bbbf65ec847a3b66,True,1,4488,4487,9d61fdeadcdb115e244524fbfa3c50affa75e50fb8811b54bbbf65ec847a3b66,9d61fdeadcdb115e244524fbfa3c50affa75e50fb8811b54bbbf65ec847a3b66,True,0
train,364,1343,1645,5d955d0886c22a4f1e171d69fd4a7c4fca69fb8f69dd0a17d5ef0a5f39113081,True,1,4488,4487,5d955d0886c22a4f1e171d69fd4a7c4fca69fb8f69dd0a17d5ef0a5f39113081,5d955d0886c22a4f1e171d69fd4a7c4fca69fb8f69dd0a17d5ef0a5f39113081,True,0
train,365,1348,2605,2b4e63219797d09e025575423f469816dcf457c931e74d514d6b63a1a5ea8ca6,True,1,4488,4487,2b4e63219797d09e025575423f469816dcf457c931e74d514d6b63a1a5ea8ca6,2b4e63219797d09e025575423f469816dcf457c931e74d514d6b63a1a5ea8ca6,True,0
train,366,1358,1716,c177cd0ab0d2b01592da98d1711100113cffe3499857086b1bbfe384f8d900e5,True,1,4488,4487,c177cd0ab0d2b01592da98d1711100113cffe3499857086b1bbfe384f8d900e5,c177cd0ab0d2b01592da98d1711100113cffe3499857086b1bbfe384f8d900e5,True,0
train,367,1358,1729,12f4e0e34dd9c3a03377ded955fd09ae0cbb66238da4600022286f46721af0cf,True,1,4488,4487,12f4e0e34dd9c3a03377ded955fd09ae0cbb66238da4600022286f46721af0cf,12f4e0e34dd9c3a03377ded955fd09ae0cbb66238da4600022286f46721af0cf,True,0
train,368,1358,1750,85baac76a7860c6023a8b570e9889853e90212cf11954cca6720bfd9a469a1be,True,1,4488,4487,85baac76a7860c6023a8b570e9889853e90212cf11954cca6720bfd9a469a1be,85baac76a7860c6023a8b570e9889853e90212cf11954cca6720bfd9a469a1be,True,0
train,369,1358,1756,7f5d5885ce49091baa63480cac2512816414c90c9d8d49c7733d2e30e91b42f1,True,1,4488,4487,7f5d5885ce49091baa63480cac2512816414c90c9d8d49c7733d2e30e91b42f1,7f5d5885ce49091baa63480cac2512816414c90c9d8d49c7733d2e30e91b42f1,True,0
train,370,1358,1760,2511efc104a5b553b14ae2e30d91535f996e7f1765b04c787ceeb2edaffa1c3b,True,1,4488,4487,2511efc104a5b553b14ae2e30d91535f996e7f1765b04c787ceeb2edaffa1c3b,2511efc104a5b553b14ae2e30d91535f996e7f1765b04c787ceeb2edaffa1c3b,True,0
train,371,1358,1765,bb51aa6f25de6b6d13697fcac005d7e18a1e2163051c7d33843f4737f1a3823d,True,1,4488,4487,bb51aa6f25de6b6d13697fcac005d7e18a1e2163051c7d33843f4737f1a3823d,bb51aa6f25de6b6d13697fcac005d7e18a1e2163051c7d33843f4737f1a3823d,True,0
train,372,1361,1528,e3170c95397ebac2563276de2f76aa4585ebbc232773e4807b1cdde35e1a3f0c,True,1,4488,4487,e3170c95397ebac2563276de2f76aa4585ebbc232773e4807b1cdde35e1a3f0c,e3170c95397ebac2563276de2f76aa4585ebbc232773e4807b1cdde35e1a3f0c,True,0
train,373,1362,1372,75ee612134cb3f0bd07def407886d812dacede18ef060715a3df36d272537a1a,True,1,4488,4487,75ee612134cb3f0bd07def407886d812dacede18ef060715a3df36d272537a1a,75ee612134cb3f0bd07def407886d812dacede18ef060715a3df36d272537a1a,True,0
train,374,1365,2509,de70684b0e45235757ef4d4041bc93b178c93a57dd5e1bf235026c15d7db31b0,True,1,4488,4487,de70684b0e45235757ef4d4041bc93b178c93a57dd5e1bf235026c15d7db31b0,de70684b0e45235757ef4d4041bc93b178c93a57dd5e1bf235026c15d7db31b0,True,0
train,375,1370,1525,59ad473ab8751695f3a961372d24037e228fbaa9ec2b15843e6bda0bf2601a62,True,1,4488,4487,59ad473ab8751695f3a961372d24037e228fbaa9ec2b15843e6bda0bf2601a62,59ad473ab8751695f3a961372d24037e228fbaa9ec2b15843e6bda0bf2601a62,True,0
train,376,1370,2274,be538feef30e2b177e1abe99a20f3883b9e6fa4c510ec6e7b283a33d738cb06d,True,1,4488,4487,be538feef30e2b177e1abe99a20f3883b9e6fa4c510ec6e7b283a33d738cb06d,be538feef30e2b177e1abe99a20f3883b9e6fa4c510ec6e7b283a33d738cb06d,True,0
train,377,1377,1840,e43087365af501ec979bd197a824e2cd548c7c92651969070f5af6109b5ff8f9,True,1,4488,4487,e43087365af501ec979bd197a824e2cd548c7c92651969070f5af6109b5ff8f9,e43087365af501ec979bd197a824e2cd548c7c92651969070f5af6109b5ff8f9,True,0
train,378,1377,2070,850cb53c3cc5ce1dc9feb716057dcf3205705c976c9353e4bf47b8de6865ad38,True,1,4488,4487,850cb53c3cc5ce1dc9feb716057dcf3205705c976c9353e4bf47b8de6865ad38,850cb53c3cc5ce1dc9feb716057dcf3205705c976c9353e4bf47b8de6865ad38,True,0
train,379,1386,2570,7de5be602de785f70f0359c96d6fd1f4bd0ae90ffd076adff08c2ba4da369490,True,1,4488,4487,7de5be602de785f70f0359c96d6fd1f4bd0ae90ffd076adff08c2ba4da369490,7de5be602de785f70f0359c96d6fd1f4bd0ae90ffd076adff08c2ba4da369490,True,0
train,380,1389,2597,25afa7d87930c06353674b984edf9a5a76ee33ae20df75896159cc9f52c5644b,True,1,4488,4487,25afa7d87930c06353674b984edf9a5a76ee33ae20df75896159cc9f52c5644b,25afa7d87930c06353674b984edf9a5a76ee33ae20df75896159cc9f52c5644b,True,0
train,381,1399,1501,28f5eab2ea0cf343c133258b910dcbc007712db3342b8dfc29e572f633d1703c,True,1,4488,4487,28f5eab2ea0cf343c133258b910dcbc007712db3342b8dfc29e572f633d1703c,28f5eab2ea0cf343c133258b910dcbc007712db3342b8dfc29e572f633d1703c,True,0
train,382,1402,1919,cf6370bb250f7098d11d57f98f8061a9fc2fcbab93cd9ef9f13084891e9f7e1b,True,1,4488,4487,cf6370bb250f7098d11d57f98f8061a9fc2fcbab93cd9ef9f13084891e9f7e1b,cf6370bb250f7098d11d57f98f8061a9fc2fcbab93cd9ef9f13084891e9f7e1b,True,0
train,383,1408,1553,6e3e8efc8d915c7cec35a31ba8a12070e8cbf2d7a0d77441989add83ed89c801,True,1,4488,4487,6e3e8efc8d915c7cec35a31ba8a12070e8cbf2d7a0d77441989add83ed89c801,6e3e8efc8d915c7cec35a31ba8a12070e8cbf2d7a0d77441989add83ed89c801,True,0
train,384,1413,1935,1d7756cc844c32c338d55ee760436cf957f697c06caa3fb8b25f0b0b5880d1ff,True,1,4488,4487,1d7756cc844c32c338d55ee760436cf957f697c06caa3fb8b25f0b0b5880d1ff,1d7756cc844c32c338d55ee760436cf957f697c06caa3fb8b25f0b0b5880d1ff,True,0
train,385,1417,2350,2fd4ab96301b36069e2cef491f06766e60a350894937d717b4bed69c1ff902b2,True,1,4488,4487,2fd4ab96301b36069e2cef491f06766e60a350894937d717b4bed69c1ff902b2,2fd4ab96301b36069e2cef491f06766e60a350894937d717b4bed69c1ff902b2,True,0
train,386,1420,1421,9642231eb1d0a71db82a702f5d5ec1cc3e411f75c376bcddd5b4726db5da79ad,True,1,4488,4487,9642231eb1d0a71db82a702f5d5ec1cc3e411f75c376bcddd5b4726db5da79ad,9642231eb1d0a71db82a702f5d5ec1cc3e411f75c376bcddd5b4726db5da79ad,True,0
train,387,1423,1692,650839e4438493e93d9ca102f5cbb34318c88924655a69f74a8bd5766da5dd66,True,1,4488,4487,650839e4438493e93d9ca102f5cbb34318c88924655a69f74a8bd5766da5dd66,650839e4438493e93d9ca102f5cbb34318c88924655a69f74a8bd5766da5dd66,True,0
train,388,1428,2376,8ccebe8471e361aeed0cc82d0a7c9365aa2d2ceb4d711469bd120ad0c345a99c,True,1,4488,4487,8ccebe8471e361aeed0cc82d0a7c9365aa2d2ceb4d711469bd120ad0c345a99c,8ccebe8471e361aeed0cc82d0a7c9365aa2d2ceb4d711469bd120ad0c345a99c,True,0
train,389,1432,1950,a4b723eca3fc36db2e718c7eae2b9f3dd98cfaa8a47834c03048884966ed1426,True,1,4488,4487,a4b723eca3fc36db2e718c7eae2b9f3dd98cfaa8a47834c03048884966ed1426,a4b723eca3fc36db2e718c7eae2b9f3dd98cfaa8a47834c03048884966ed1426,True,0
train,390,1434,1986,13ca619a522df2c4f02adeb01324cde901e2d0877ad5459ac1323ba569911d5b,True,1,4488,4487,13ca619a522df2c4f02adeb01324cde901e2d0877ad5459ac1323ba569911d5b,13ca619a522df2c4f02adeb01324cde901e2d0877ad5459ac1323ba569911d5b,True,0
train,391,1435,1927,e7215697347e31428e02e3a134bd39fe16a63f89177975bbd6e4da163cad7075,True,1,4488,4487,e7215697347e31428e02e3a134bd39fe16a63f89177975bbd6e4da163cad7075,e7215697347e31428e02e3a134bd39fe16a63f89177975bbd6e4da163cad7075,True,0
train,392,1445,1446,017e553e09b0ae3d7b2371119d4ded507654f21e7d84d3a4d980bd4ca055ebb5,True,1,4488,4487,017e553e09b0ae3d7b2371119d4ded507654f21e7d84d3a4d980bd4ca055ebb5,017e553e09b0ae3d7b2371119d4ded507654f21e7d84d3a4d980bd4ca055ebb5,True,0
train,393,1459,2218,f4e0b0a3af5aee186b64d657fdf006046ff2d368c4bbfdf9a98e268d406eed07,True,1,4488,4487,f4e0b0a3af5aee186b64d657fdf006046ff2d368c4bbfdf9a98e268d406eed07,f4e0b0a3af5aee186b64d657fdf006046ff2d368c4bbfdf9a98e268d406eed07,True,0
train,394,1461,1634,5ff54657872704fa4d0da698072b1d0db79ea554b6f48c1b8efb7f5a683ce44e,True,1,4488,4487,5ff54657872704fa4d0da698072b1d0db79ea554b6f48c1b8efb7f5a683ce44e,5ff54657872704fa4d0da698072b1d0db79ea554b6f48c1b8efb7f5a683ce44e,True,0
train,395,1471,1646,a461e2d42bf79b2bcf2189729165adb13e63b5dbd04b44eaf9614173468459b6,True,1,4488,4487,a461e2d42bf79b2bcf2189729165adb13e63b5dbd04b44eaf9614173468459b6,a461e2d42bf79b2bcf2189729165adb13e63b5dbd04b44eaf9614173468459b6,True,0
train,396,1474,1908,5d17bbf6492de0e057c5ef00172528be68ff39181bfc0ccc677e13b981981c75,True,1,4488,4487,5d17bbf6492de0e057c5ef00172528be68ff39181bfc0ccc677e13b981981c75,5d17bbf6492de0e057c5ef00172528be68ff39181bfc0ccc677e13b981981c75,True,0
train,397,1475,2470,51ec6f0e79ef7de3c9362476a2855de414df5a0e254d0ad390ff4b2bb1270071,True,1,4488,4487,51ec6f0e79ef7de3c9362476a2855de414df5a0e254d0ad390ff4b2bb1270071,51ec6f0e79ef7de3c9362476a2855de414df5a0e254d0ad390ff4b2bb1270071,True,0
train,398,1484,2383,6668ebac498bdaaaf3198d7f37508834ffc1e74a74f0b11129ce7b69e1b1051f,True,1,4488,4487,6668ebac498bdaaaf3198d7f37508834ffc1e74a74f0b11129ce7b69e1b1051f,6668ebac498bdaaaf3198d7f37508834ffc1e74a74f0b11129ce7b69e1b1051f,True,0
train,399,1484,2498,20fe860620235009aac38f6c40315c7861ab7cd2c3ec39e3a9185f1c200f0be7,True,1,4488,4487,20fe860620235009aac38f6c40315c7861ab7cd2c3ec39e3a9185f1c200f0be7,20fe860620235009aac38f6c40315c7861ab7cd2c3ec39e3a9185f1c200f0be7,True,0
train,400,1487,2137,b92559e345ba75d4dc01d47f88892962aa35f92252f51ac3a3ab186d0dd812e7,True,1,4488,4487,b92559e345ba75d4dc01d47f88892962aa35f92252f51ac3a3ab186d0dd812e7,b92559e345ba75d4dc01d47f88892962aa35f92252f51ac3a3ab186d0dd812e7,True,0
train,401,1501,1676,fca03b06f0abe9714cf9a92388ded20bc59814b700842cee524882c774ec8f17,True,1,4488,4487,fca03b06f0abe9714cf9a92388ded20bc59814b700842cee524882c774ec8f17,fca03b06f0abe9714cf9a92388ded20bc59814b700842cee524882c774ec8f17,True,0
train,402,1504,1647,a506813d749a35a08af0a0b82cca06c8246a3682dcfc4f86936941cd8a1a860c,True,1,4488,4487,a506813d749a35a08af0a0b82cca06c8246a3682dcfc4f86936941cd8a1a860c,a506813d749a35a08af0a0b82cca06c8246a3682dcfc4f86936941cd8a1a860c,True,0
train,403,1505,1699,c97a4b244e62993b5a600eeaa086f3230c57f8f0860f54c6fd4e6a00594a007e,True,1,4488,4487,c97a4b244e62993b5a600eeaa086f3230c57f8f0860f54c6fd4e6a00594a007e,c97a4b244e62993b5a600eeaa086f3230c57f8f0860f54c6fd4e6a00594a007e,True,0
train,404,1510,2387,4fd0a4ef58c754e19f265e4d326b948b753c51433ca6ebdaa6e1ae58b3ff241d,True,1,4488,4487,4fd0a4ef58c754e19f265e4d326b948b753c51433ca6ebdaa6e1ae58b3ff241d,4fd0a4ef58c754e19f265e4d326b948b753c51433ca6ebdaa6e1ae58b3ff241d,True,0
train,405,1514,1692,0251b8f223e1cbc1fdd505c65d424ff3b9caa94592af64c0c54b4cef612bac29,True,1,4488,4487,0251b8f223e1cbc1fdd505c65d424ff3b9caa94592af64c0c54b4cef612bac29,0251b8f223e1cbc1fdd505c65d424ff3b9caa94592af64c0c54b4cef612bac29,True,0
train,406,1516,2612,99807e41ab02211d1503783de90fc2a1f02fadeeb59150240c288647e61165fc,True,1,4488,4487,99807e41ab02211d1503783de90fc2a1f02fadeeb59150240c288647e61165fc,99807e41ab02211d1503783de90fc2a1f02fadeeb59150240c288647e61165fc,True,0
train,407,1527,2450,d5001a0b3107db3cb3ecb9fd8fe3d73f830f9fd07e47969c9c5657e2c49e6561,True,1,4488,4487,d5001a0b3107db3cb3ecb9fd8fe3d73f830f9fd07e47969c9c5657e2c49e6561,d5001a0b3107db3cb3ecb9fd8fe3d73f830f9fd07e47969c9c5657e2c49e6561,True,0
train,408,1529,2350,213e3f1ea671133578f8690394c2c06ffc6dd5fe0c440beb21160a715fa52bb5,True,1,4488,4487,213e3f1ea671133578f8690394c2c06ffc6dd5fe0c440beb21160a715fa52bb5,213e3f1ea671133578f8690394c2c06ffc6dd5fe0c440beb21160a715fa52bb5,True,0
train,409,1542,1607,7c65eb862efb1a9cf7596e16efafb3b32f20845a1124051c094e9e1e3a7240e8,True,1,4488,4487,7c65eb862efb1a9cf7596e16efafb3b32f20845a1124051c094e9e1e3a7240e8,7c65eb862efb1a9cf7596e16efafb3b32f20845a1124051c094e9e1e3a7240e8,True,0
train,410,1543,2029,ba46d81114c125db803f8b49f996222bb31169bdbea4cc029464c68f55021e1a,True,1,4488,4487,ba46d81114c125db803f8b49f996222bb31169bdbea4cc029464c68f55021e1a,ba46d81114c125db803f8b49f996222bb31169bdbea4cc029464c68f55021e1a,True,0
train,411,1549,1901,e8dde1d9992cba1fd78b3e51884ac6c3c944e3cb15b02f3d3f732cfafb4c736d,True,1,4488,4487,e8dde1d9992cba1fd78b3e51884ac6c3c944e3cb15b02f3d3f732cfafb4c736d,e8dde1d9992cba1fd78b3e51884ac6c3c944e3cb15b02f3d3f732cfafb4c736d,True,0
train,412,1558,2340,30322061fa672e22bb4ef5f108e8255ead8d4a9a244df2bc20a6f1b82ad86ba3,True,1,4488,4487,30322061fa672e22bb4ef5f108e8255ead8d4a9a244df2bc20a6f1b82ad86ba3,30322061fa672e22bb4ef5f108e8255ead8d4a9a244df2bc20a6f1b82ad86ba3,True,0
train,413,1566,1895,474c9863f912f9f8057e7713db9667e02d822ad34e88fd68c6c4bd7a73aac0ed,True,1,4488,4487,474c9863f912f9f8057e7713db9667e02d822ad34e88fd68c6c4bd7a73aac0ed,474c9863f912f9f8057e7713db9667e02d822ad34e88fd68c6c4bd7a73aac0ed,True,0
train,414,1567,1654,32bce4c29176adf5eee8aa282b983e9dd3f37bd3146084762f1c330464b6dc24,True,1,4488,4487,32bce4c29176adf5eee8aa282b983e9dd3f37bd3146084762f1c330464b6dc24,32bce4c29176adf5eee8aa282b983e9dd3f37bd3146084762f1c330464b6dc24,True,0
train,415,1576,1810,a6c7ffb84e40c0e359a41c26542fe8931a5d5753cc7e5666897f7e4e9802efca,True,1,4488,4487,a6c7ffb84e40c0e359a41c26542fe8931a5d5753cc7e5666897f7e4e9802efca,a6c7ffb84e40c0e359a41c26542fe8931a5d5753cc7e5666897f7e4e9802efca,True,0
train,416,1586,2168,e1ccd1cf6dc6ea6568666938cc2f926e7a3babdd1a7c68765d454b67bb3c3dd7,True,1,4488,4487,e1ccd1cf6dc6ea6568666938cc2f926e7a3babdd1a7c68765d454b67bb3c3dd7,e1ccd1cf6dc6ea6568666938cc2f926e7a3babdd1a7c68765d454b67bb3c3dd7,True,0
train,417,1587,2154,ed4893ecaebc9c63657b79e1cceaceab74b8b3be07ad2d3c8d1344bb462cc215,True,1,4488,4487,ed4893ecaebc9c63657b79e1cceaceab74b8b3be07ad2d3c8d1344bb462cc215,ed4893ecaebc9c63657b79e1cceaceab74b8b3be07ad2d3c8d1344bb462cc215,True,0
train,418,1591,2541,c61e63d3ab47b7d244ba2bc775a96f8ef0ce852229a6494d88eb83c4683754c0,True,1,4488,4487,c61e63d3ab47b7d244ba2bc775a96f8ef0ce852229a6494d88eb83c4683754c0,c61e63d3ab47b7d244ba2bc775a96f8ef0ce852229a6494d88eb83c4683754c0,True,0
train,419,1592,1914,b2bc7bbc5c98be6f18dcccea5a1a9c24a41fe798cf35c030a249e4bead291914,True,1,4488,4487,b2bc7bbc5c98be6f18dcccea5a1a9c24a41fe798cf35c030a249e4bead291914,b2bc7bbc5c98be6f18dcccea5a1a9c24a41fe798cf35c030a249e4bead291914,True,0
train,420,1610,2557,02a4932a50dac2bb5248663376aeea7aa747c29fa65811d999f0bd66ef9863fb,True,1,4488,4487,02a4932a50dac2bb5248663376aeea7aa747c29fa65811d999f0bd66ef9863fb,02a4932a50dac2bb5248663376aeea7aa747c29fa65811d999f0bd66ef9863fb,True,0
train,421,1624,1777,f433de87f8645aea2d253ca42f5ce138e99794d4e6b52cbd673795ee9479ece1,True,1,4488,4487,f433de87f8645aea2d253ca42f5ce138e99794d4e6b52cbd673795ee9479ece1,f433de87f8645aea2d253ca42f5ce138e99794d4e6b52cbd673795ee9479ece1,True,0
train,422,1624,1785,de68cf9efb4ef22a9f3af039527c1499747a42ec4907a80690a4e923a6182312,True,1,4488,4487,de68cf9efb4ef22a9f3af039527c1499747a42ec4907a80690a4e923a6182312,de68cf9efb4ef22a9f3af039527c1499747a42ec4907a80690a4e923a6182312,True,0
train,423,1629,1711,988fa7828d581e1e306dff782140cfaf09c3eedbb81bf7232e2126e4dbf4f002,True,1,4488,4487,988fa7828d581e1e306dff782140cfaf09c3eedbb81bf7232e2126e4dbf4f002,988fa7828d581e1e306dff782140cfaf09c3eedbb81bf7232e2126e4dbf4f002,True,0
train,424,1636,2141,52ef5abd66da5b8f8c68cc1131630ad5460dac2e3327cf8f2fa744c33a5e67dc,True,1,4488,4487,52ef5abd66da5b8f8c68cc1131630ad5460dac2e3327cf8f2fa744c33a5e67dc,52ef5abd66da5b8f8c68cc1131630ad5460dac2e3327cf8f2fa744c33a5e67dc,True,0
train,425,1654,2034,af27524bd277711cc5c3812b6b46deba4bd6090a5b3092790fc089523096756a,True,1,4488,4487,af27524bd277711cc5c3812b6b46deba4bd6090a5b3092790fc089523096756a,af27524bd277711cc5c3812b6b46deba4bd6090a5b3092790fc089523096756a,True,0
train,426,1662,2381,478c2432d144e370b0e99d1b5b0ad0779180b10f2697f08626dedf3990744027,True,1,4488,4487,478c2432d144e370b0e99d1b5b0ad0779180b10f2697f08626dedf3990744027,478c2432d144e370b0e99d1b5b0ad0779180b10f2697f08626dedf3990744027,True,0
train,427,1665,2034,a491f26ef5d73a8e43f6d02969fb03fc324ad1e84a7c32c23e4ab91440ac7881,True,1,4488,4487,a491f26ef5d73a8e43f6d02969fb03fc324ad1e84a7c32c23e4ab91440ac7881,a491f26ef5d73a8e43f6d02969fb03fc324ad1e84a7c32c23e4ab91440ac7881,True,0
train,428,1675,1676,6224c835c3df8bf28382aa3033e228c4790b6fceb60081fae5633195ad4652bd,True,1,4488,4487,6224c835c3df8bf28382aa3033e228c4790b6fceb60081fae5633195ad4652bd,6224c835c3df8bf28382aa3033e228c4790b6fceb60081fae5633195ad4652bd,True,0
train,429,1681,2318,ac504b3e6245ceb53600892c7c5ae253a372c4d0b387f37c66dec0f00abb47dc,True,1,4488,4487,ac504b3e6245ceb53600892c7c5ae253a372c4d0b387f37c66dec0f00abb47dc,ac504b3e6245ceb53600892c7c5ae253a372c4d0b387f37c66dec0f00abb47dc,True,0
train,430,1682,2320,4ccf4c715743f9c7907317c6eb553b6a6eb44832a24bc7f9cd2533754a9a6a3f,True,1,4488,4487,4ccf4c715743f9c7907317c6eb553b6a6eb44832a24bc7f9cd2533754a9a6a3f,4ccf4c715743f9c7907317c6eb553b6a6eb44832a24bc7f9cd2533754a9a6a3f,True,0
train,431,1688,2671,f8bb3431dc9405a442e799ed7e85849dd28f85725c28748cab176d3c76b01d9d,True,1,4488,4487,f8bb3431dc9405a442e799ed7e85849dd28f85725c28748cab176d3c76b01d9d,f8bb3431dc9405a442e799ed7e85849dd28f85725c28748cab176d3c76b01d9d,True,0
train,432,1692,2345,d7b42233c37206f373069e6862583cdb9aa4c44f7ba7f8300a08a17aa0e0df43,True,1,4488,4487,d7b42233c37206f373069e6862583cdb9aa4c44f7ba7f8300a08a17aa0e0df43,d7b42233c37206f373069e6862583cdb9aa4c44f7ba7f8300a08a17aa0e0df43,True,0
train,433,1692,2349,cdcdd2fae756b67e5a64891ff84404cc5dbe4047de6558234db25a3b2e076b40,True,1,4488,4487,cdcdd2fae756b67e5a64891ff84404cc5dbe4047de6558234db25a3b2e076b40,cdcdd2fae756b67e5a64891ff84404cc5dbe4047de6558234db25a3b2e076b40,True,0
train,434,1693,2408,741fe21617f6874cd46e360b1a4316fc8645764c356704e0e697ced31136a443,True,1,4488,4487,741fe21617f6874cd46e360b1a4316fc8645764c356704e0e697ced31136a443,741fe21617f6874cd46e360b1a4316fc8645764c356704e0e697ced31136a443,True,0
train,435,1701,1846,1df929637aedc95d0c22dfd70991d2535b41045e025ddcebc6ba72003b7513e3,True,1,4488,4487,1df929637aedc95d0c22dfd70991d2535b41045e025ddcebc6ba72003b7513e3,1df929637aedc95d0c22dfd70991d2535b41045e025ddcebc6ba72003b7513e3,True,0
train,436,1701,1853,9d88a11bbf4d2831129132477b332e35917bebd06050ac745bb91918b03706ae,True,1,4488,4487,9d88a11bbf4d2831129132477b332e35917bebd06050ac745bb91918b03706ae,9d88a11bbf4d2831129132477b332e35917bebd06050ac745bb91918b03706ae,True,0
train,437,1701,1857,f37e116ebf0ca6e0d773755e2c8d266c508f9061cc2f04364beac62780757350,True,1,4488,4487,f37e116ebf0ca6e0d773755e2c8d266c508f9061cc2f04364beac62780757350,f37e116ebf0ca6e0d773755e2c8d266c508f9061cc2f04364beac62780757350,True,0
train,438,1701,1869,72c7a90f83ea7dccb9589941ececebd27b4b0596b437428f405468a9d2b3c42a,True,1,4488,4487,72c7a90f83ea7dccb9589941ececebd27b4b0596b437428f405468a9d2b3c42a,72c7a90f83ea7dccb9589941ececebd27b4b0596b437428f405468a9d2b3c42a,True,0
train,439,1701,1875,34f97e092d87a651cd23fb004ad552787fc86a69000de3e6b2f7b53bff1f3b80,True,1,4488,4487,34f97e092d87a651cd23fb004ad552787fc86a69000de3e6b2f7b53bff1f3b80,34f97e092d87a651cd23fb004ad552787fc86a69000de3e6b2f7b53bff1f3b80,True,0
train,440,1701,1876,e96212bbdd27b152c6f00a326b233666edc1d842247131a52f8e074fbae1910e,True,1,4488,4487,e96212bbdd27b152c6f00a326b233666edc1d842247131a52f8e074fbae1910e,e96212bbdd27b152c6f00a326b233666edc1d842247131a52f8e074fbae1910e,True,0
train,441,1703,1966,91ecf9c081406d75c69084cfb48c064a1c1b237d5ea2cbfc69f82a398770b318,True,1,4488,4487,91ecf9c081406d75c69084cfb48c064a1c1b237d5ea2cbfc69f82a398770b318,91ecf9c081406d75c69084cfb48c064a1c1b237d5ea2cbfc69f82a398770b318,True,0
train,442,1708,2314,02bca8ca092f8a5656663caaac830c3f00baa8869479a1ebc478b3beccf86b17,True,1,4488,4487,02bca8ca092f8a5656663caaac830c3f00baa8869479a1ebc478b3beccf86b17,02bca8ca092f8a5656663caaac830c3f00baa8869479a1ebc478b3beccf86b17,True,0
train,443,1718,2685,1feb5bfac326e376f60a46c289612103ba248557950c783c584122050320f3c5,True,1,4488,4487,1feb5bfac326e376f60a46c289612103ba248557950c783c584122050320f3c5,1feb5bfac326e376f60a46c289612103ba248557950c783c584122050320f3c5,True,0
train,444,1728,2257,273175aeffdef3db2ff206d80a9ced222821e30ff01a39c2ee8b475d7c87b758,True,1,4488,4487,273175aeffdef3db2ff206d80a9ced222821e30ff01a39c2ee8b475d7c87b758,273175aeffdef3db2ff206d80a9ced222821e30ff01a39c2ee8b475d7c87b758,True,0
train,445,1736,1763,67958ef3e4baa1e7d52f621a150966bd3ba7b44426fd61c933f6c3b476fb5ba7,True,1,4488,4487,67958ef3e4baa1e7d52f621a150966bd3ba7b44426fd61c933f6c3b476fb5ba7,67958ef3e4baa1e7d52f621a150966bd3ba7b44426fd61c933f6c3b476fb5ba7,True,0
train,446,1740,1804,3b0cfb9d183fd4e6e77ba329095ebb45d757b9ff65cc4d60f65ab8f3a7922584,True,1,4488,4487,3b0cfb9d183fd4e6e77ba329095ebb45d757b9ff65cc4d60f65ab8f3a7922584,3b0cfb9d183fd4e6e77ba329095ebb45d757b9ff65cc4d60f65ab8f3a7922584,True,0
train,447,1771,1778,4532c8d406372b45900577f5ebdfb6e15de39e613f18c57a0ce199d2ae32c83b,True,1,4488,4487,4532c8d406372b45900577f5ebdfb6e15de39e613f18c57a0ce199d2ae32c83b,4532c8d406372b45900577f5ebdfb6e15de39e613f18c57a0ce199d2ae32c83b,True,0
train,448,1796,2297,519a135fe1443360f15c5e0f487df537a57b74faf3403c80d8a50e13541d8e2f,True,1,4488,4487,519a135fe1443360f15c5e0f487df537a57b74faf3403c80d8a50e13541d8e2f,519a135fe1443360f15c5e0f487df537a57b74faf3403c80d8a50e13541d8e2f,True,0
train,449,1802,2079,f58fbdcdf30c185c6012545ed5758bddc6e78063260c748c97ebe1be604b6b15,True,1,4488,4487,f58fbdcdf30c185c6012545ed5758bddc6e78063260c748c97ebe1be604b6b15,f58fbdcdf30c185c6012545ed5758bddc6e78063260c748c97ebe1be604b6b15,True,0
train,450,1806,1809,7b160f06860cca4384d7f09165195ed1add024f063c80883680a47172758d7b0,True,1,4488,4487,7b160f06860cca4384d7f09165195ed1add024f063c80883680a47172758d7b0,7b160f06860cca4384d7f09165195ed1add024f063c80883680a47172758d7b0,True,0
train,451,1810,1817,2f28628399e2b14369b60be7e9fcd2c4e9fc2ee114b4730484ed98c832258665,True,1,4488,4487,2f28628399e2b14369b60be7e9fcd2c4e9fc2ee114b4730484ed98c832258665,2f28628399e2b14369b60be7e9fcd2c4e9fc2ee114b4730484ed98c832258665,True,0
train,452,1810,1819,8ce30b6620049359f8c33af905193001be1e8e3bb34254d9298cc31a3cfd85ad,True,1,4488,4487,8ce30b6620049359f8c33af905193001be1e8e3bb34254d9298cc31a3cfd85ad,8ce30b6620049359f8c33af905193001be1e8e3bb34254d9298cc31a3cfd85ad,True,0
train,453,1811,1822,0e716e03b48f5e86314e6aa4faebef90c5067850bf4842c1ea589619c6675908,True,1,4488,4487,0e716e03b48f5e86314e6aa4faebef90c5067850bf4842c1ea589619c6675908,0e716e03b48f5e86314e6aa4faebef90c5067850bf4842c1ea589619c6675908,True,0
train,454,1812,2550,7b59f8fe82c19a4c473daa2a8f9a1cac1e08cc4fd8414ee45a7f7812bf38a377,True,1,4488,4487,7b59f8fe82c19a4c473daa2a8f9a1cac1e08cc4fd8414ee45a7f7812bf38a377,7b59f8fe82c19a4c473daa2a8f9a1cac1e08cc4fd8414ee45a7f7812bf38a377,True,0
train,455,1818,2306,f8ea9e2bb739a570dd41446ba33eccc38477266b5b65351f13bce4587714d309,True,1,4488,4487,f8ea9e2bb739a570dd41446ba33eccc38477266b5b65351f13bce4587714d309,f8ea9e2bb739a570dd41446ba33eccc38477266b5b65351f13bce4587714d309,True,0
train,456,1826,1827,beebfee198b9fdec483622b6d726c7a0e217b986f81ab39c3349cd97bcaa6feb,True,1,4488,4487,beebfee198b9fdec483622b6d726c7a0e217b986f81ab39c3349cd97bcaa6feb,beebfee198b9fdec483622b6d726c7a0e217b986f81ab39c3349cd97bcaa6feb,True,0
train,457,1833,1834,518dc6cb95caceaf83be532e03fded00927aec863f2db0c72bf9b16b42955404,True,1,4488,4487,518dc6cb95caceaf83be532e03fded00927aec863f2db0c72bf9b16b42955404,518dc6cb95caceaf83be532e03fded00927aec863f2db0c72bf9b16b42955404,True,0
train,458,1841,2056,d1e4dbb54eeadcae6037b98059dd460406c14d26b59155cf853808711d414c3c,True,1,4488,4487,d1e4dbb54eeadcae6037b98059dd460406c14d26b59155cf853808711d414c3c,d1e4dbb54eeadcae6037b98059dd460406c14d26b59155cf853808711d414c3c,True,0
train,459,1846,2357,c5c05680882f74fbccbf2e9e14dcc68383a1935631a2933a6da538f2bf8b4b26,True,1,4488,4487,c5c05680882f74fbccbf2e9e14dcc68383a1935631a2933a6da538f2bf8b4b26,c5c05680882f74fbccbf2e9e14dcc68383a1935631a2933a6da538f2bf8b4b26,True,0
train,460,1859,1986,3a8dd7f2d808c7ae6e7cb1f7fdeca6034842ba24e0af8722a25f2af1b785bb29,True,1,4488,4487,3a8dd7f2d808c7ae6e7cb1f7fdeca6034842ba24e0af8722a25f2af1b785bb29,3a8dd7f2d808c7ae6e7cb1f7fdeca6034842ba24e0af8722a25f2af1b785bb29,True,0
train,461,1874,2500,5809db753ef7073360ddd4d693cc94df6fec89ba074b04a72d3b07c45c433724,True,1,4488,4487,5809db753ef7073360ddd4d693cc94df6fec89ba074b04a72d3b07c45c433724,5809db753ef7073360ddd4d693cc94df6fec89ba074b04a72d3b07c45c433724,True,0
train,462,1878,2256,f6b487764de570b591f2eba276ee5e55b58f689b87c883f6cb6e434cab78ef29,True,1,4488,4487,f6b487764de570b591f2eba276ee5e55b58f689b87c883f6cb6e434cab78ef29,f6b487764de570b591f2eba276ee5e55b58f689b87c883f6cb6e434cab78ef29,True,0
train,463,1881,1958,cef406b5468f0bed603a8f5a7907af947fc8799af0df9065060cef938b889b37,True,1,4488,4487,cef406b5468f0bed603a8f5a7907af947fc8799af0df9065060cef938b889b37,cef406b5468f0bed603a8f5a7907af947fc8799af0df9065060cef938b889b37,True,0
train,464,1889,1893,284b77618ff3a7248e666f02474b29174106490fa7628aac62e540f611a767f4,True,1,4488,4487,284b77618ff3a7248e666f02474b29174106490fa7628aac62e540f611a767f4,284b77618ff3a7248e666f02474b29174106490fa7628aac62e540f611a767f4,True,0
train,465,1889,2034,d61d5c54dda8fef017ca2dccd77580af6a1623f583f2236cd2c35a97f9929e3b,True,1,4488,4487,d61d5c54dda8fef017ca2dccd77580af6a1623f583f2236cd2c35a97f9929e3b,d61d5c54dda8fef017ca2dccd77580af6a1623f583f2236cd2c35a97f9929e3b,True,0
train,466,1889,2039,a3632a8b745a8caf30681020036239da299876a19356b183c905f3d2a61c5d7e,True,1,4488,4487,a3632a8b745a8caf30681020036239da299876a19356b183c905f3d2a61c5d7e,a3632a8b745a8caf30681020036239da299876a19356b183c905f3d2a61c5d7e,True,0
train,467,1891,2130,2c110560934817176c6ebbc866a68e9d2d65ea8376b10de11465922abe0f2fcd,True,1,4488,4487,2c110560934817176c6ebbc866a68e9d2d65ea8376b10de11465922abe0f2fcd,2c110560934817176c6ebbc866a68e9d2d65ea8376b10de11465922abe0f2fcd,True,0
train,468,1899,2510,75456f3498a91d76fe7e992248b2dd7107ac6d73681aafdd435a609b279828e8,True,1,4488,4487,75456f3498a91d76fe7e992248b2dd7107ac6d73681aafdd435a609b279828e8,75456f3498a91d76fe7e992248b2dd7107ac6d73681aafdd435a609b279828e8,True,0
train,469,1909,2305,7cec9a4d95f1d394efc09f0302f15718f0aa6dd3dd45c055b856edd8f4469968,True,1,4488,4487,7cec9a4d95f1d394efc09f0302f15718f0aa6dd3dd45c055b856edd8f4469968,7cec9a4d95f1d394efc09f0302f15718f0aa6dd3dd45c055b856edd8f4469968,True,0
train,470,1945,1946,16cb050010720f3868ed30614ff2c08af88925a02bdc29028b76f44e414d8254,True,1,4488,4487,16cb050010720f3868ed30614ff2c08af88925a02bdc29028b76f44e414d8254,16cb050010720f3868ed30614ff2c08af88925a02bdc29028b76f44e414d8254,True,0
train,471,1952,2206,2d49f470093ff91f30210fe5e33a2baf26ff6adb9f05d4a0763bf5177170bbbf,True,1,4488,4487,2d49f470093ff91f30210fe5e33a2baf26ff6adb9f05d4a0763bf5177170bbbf,2d49f470093ff91f30210fe5e33a2baf26ff6adb9f05d4a0763bf5177170bbbf,True,0
train,472,1957,2241,53cbef108af7980792b9685a0755e4ace4c0e9a0568d8c3984538dd81080b27a,True,1,4488,4487,53cbef108af7980792b9685a0755e4ace4c0e9a0568d8c3984538dd81080b27a,53cbef108af7980792b9685a0755e4ace4c0e9a0568d8c3984538dd81080b27a,True,0
train,473,1973,1974,d4a300b64eadc055d68cf08d21e88f189735089638697dddbccf349cd985a073,True,1,4488,4487,d4a300b64eadc055d68cf08d21e88f189735089638697dddbccf349cd985a073,d4a300b64eadc055d68cf08d21e88f189735089638697dddbccf349cd985a073,True,0
train,474,1975,2109,0e0d96332a02f086b83b91bb90da73ed0f154a191d89eb1af1a0e3805e6bf205,True,1,4488,4487,0e0d96332a02f086b83b91bb90da73ed0f154a191d89eb1af1a0e3805e6bf205,0e0d96332a02f086b83b91bb90da73ed0f154a191d89eb1af1a0e3805e6bf205,True,0
train,475,1997,2412,8eb9fe059cca871f3dd652c82f246ae3f7ac489196e86ddc0cdf891e1ce41267,True,1,4488,4487,8eb9fe059cca871f3dd652c82f246ae3f7ac489196e86ddc0cdf891e1ce41267,8eb9fe059cca871f3dd652c82f246ae3f7ac489196e86ddc0cdf891e1ce41267,True,0
train,476,1998,2326,2a7a3cc061b6b58e1df00c9334ab696e4e69912068dcef3e65ba2a3cfb2c41ad,True,1,4488,4487,2a7a3cc061b6b58e1df00c9334ab696e4e69912068dcef3e65ba2a3cfb2c41ad,2a7a3cc061b6b58e1df00c9334ab696e4e69912068dcef3e65ba2a3cfb2c41ad,True,0
train,477,2015,2071,c015d9f4da1b75a2c7a289e135a31f1e4b6c70274f3c646d995ada9ee63e6671,True,1,4488,4487,c015d9f4da1b75a2c7a289e135a31f1e4b6c70274f3c646d995ada9ee63e6671,c015d9f4da1b75a2c7a289e135a31f1e4b6c70274f3c646d995ada9ee63e6671,True,0
train,478,2023,2217,b38fc7358cdef66e2d6d1b9e12c5d40571ab7478f9e88c74d513b41ad41e8de7,True,1,4488,4487,b38fc7358cdef66e2d6d1b9e12c5d40571ab7478f9e88c74d513b41ad41e8de7,b38fc7358cdef66e2d6d1b9e12c5d40571ab7478f9e88c74d513b41ad41e8de7,True,0
train,479,2024,2178,a52180f41baff82f52db2b8e8b35c2255f9ccedfbe6d4b90393c40bec6f8e670,True,1,4488,4487,a52180f41baff82f52db2b8e8b35c2255f9ccedfbe6d4b90393c40bec6f8e670,a52180f41baff82f52db2b8e8b35c2255f9ccedfbe6d4b90393c40bec6f8e670,True,0
train,480,2025,2028,370a6fa94b2241c42ffa58c96125cf46f4caef229e5333023001bc0a7682b13e,True,1,4488,4487,370a6fa94b2241c42ffa58c96125cf46f4caef229e5333023001bc0a7682b13e,370a6fa94b2241c42ffa58c96125cf46f4caef229e5333023001bc0a7682b13e,True,0
train,481,2034,2038,63d615cd12685fb14da8cba99938368b1246ca7137e6e6d133b398dec85c6d85,True,1,4488,4487,63d615cd12685fb14da8cba99938368b1246ca7137e6e6d133b398dec85c6d85,63d615cd12685fb14da8cba99938368b1246ca7137e6e6d133b398dec85c6d85,True,0
train,482,2034,2041,80a363fd94f1947ebda0b99f55c99d9ecb86a00b28385a7473cb383800338db8,True,1,4488,4487,80a363fd94f1947ebda0b99f55c99d9ecb86a00b28385a7473cb383800338db8,80a363fd94f1947ebda0b99f55c99d9ecb86a00b28385a7473cb383800338db8,True,0
train,483,2046,2048,c2d282446361c7f2c069b6765c3a3184e144be47593c36b1e00a694ba1a4818d,True,1,4488,4487,c2d282446361c7f2c069b6765c3a3184e144be47593c36b1e00a694ba1a4818d,c2d282446361c7f2c069b6765c3a3184e144be47593c36b1e00a694ba1a4818d,True,0
train,484,2074,2181,d4160b268f187ab41567880e2a98bba33222d0de83c5b7a88cfaeb2fb2064574,True,1,4488,4487,d4160b268f187ab41567880e2a98bba33222d0de83c5b7a88cfaeb2fb2064574,d4160b268f187ab41567880e2a98bba33222d0de83c5b7a88cfaeb2fb2064574,True,0
train,485,2074,2277,c7e99bfb23ea3d86873eda8bdf04763273892080a9c5ebd2ed6fed8799cecd45,True,1,4488,4487,c7e99bfb23ea3d86873eda8bdf04763273892080a9c5ebd2ed6fed8799cecd45,c7e99bfb23ea3d86873eda8bdf04763273892080a9c5ebd2ed6fed8799cecd45,True,0
train,486,2099,2425,9854e6b289e715e97569bc5797074bef90d75a0bedeccb9e9c2e182931a1acc1,True,1,4488,4487,9854e6b289e715e97569bc5797074bef90d75a0bedeccb9e9c2e182931a1acc1,9854e6b289e715e97569bc5797074bef90d75a0bedeccb9e9c2e182931a1acc1,True,0
train,487,2114,2509,5bd6d3240b9f6d56b227447ff937b5b0422cdec62ca63881f1c00f9de9b43ebc,True,1,4488,4487,5bd6d3240b9f6d56b227447ff937b5b0422cdec62ca63881f1c00f9de9b43ebc,5bd6d3240b9f6d56b227447ff937b5b0422cdec62ca63881f1c00f9de9b43ebc,True,0
train,488,2120,2637,44b8bbcf6c8a13c3e72068822afebf322666aac40383d2521e3a260ea8906774,True,1,4488,4487,44b8bbcf6c8a13c3e72068822afebf322666aac40383d2521e3a260ea8906774,44b8bbcf6c8a13c3e72068822afebf322666aac40383d2521e3a260ea8906774,True,0
train,489,2128,2129,02ce142c85a3de03b2ed3d96c5516c5bb8c83b940a938d88593d540b2a38214f,True,1,4488,4487,02ce142c85a3de03b2ed3d96c5516c5bb8c83b940a938d88593d540b2a38214f,02ce142c85a3de03b2ed3d96c5516c5bb8c83b940a938d88593d540b2a38214f,True,0
train,490,2133,2182,effa5af5596eb7b6f15bab5c968171c95fc8bd274ab556f81ce4193ce4919db1,True,1,4488,4487,effa5af5596eb7b6f15bab5c968171c95fc8bd274ab556f81ce4193ce4919db1,effa5af5596eb7b6f15bab5c968171c95fc8bd274ab556f81ce4193ce4919db1,True,0
train,491,2168,2169,8e54e0d8275a0fb506b1d7b97bc2f6d635d994bd149e063d04b5d137042f383b,True,1,4488,4487,8e54e0d8275a0fb506b1d7b97bc2f6d635d994bd149e063d04b5d137042f383b,8e54e0d8275a0fb506b1d7b97bc2f6d635d994bd149e063d04b5d137042f383b,True,0
train,492,2173,2174,032d0f110ac38a2fa64fab35258eb76eab63ecec194f37e91ed19a1f6b54c972,True,1,4488,4487,032d0f110ac38a2fa64fab35258eb76eab63ecec194f37e91ed19a1f6b54c972,032d0f110ac38a2fa64fab35258eb76eab63ecec194f37e91ed19a1f6b54c972,True,0
train,493,2177,2367,06cd18a310b2580b611bc081db73c8a49bc29d70837c35bd72cfc453f690feb2,True,1,4488,4487,06cd18a310b2580b611bc081db73c8a49bc29d70837c35bd72cfc453f690feb2,06cd18a310b2580b611bc081db73c8a49bc29d70837c35bd72cfc453f690feb2,True,0
train,494,2199,2200,b7f2040cef3ee92d43d3f06369194e8110ec15a00b04f4f29b104aa2a29bf1f4,True,1,4488,4487,b7f2040cef3ee92d43d3f06369194e8110ec15a00b04f4f29b104aa2a29bf1f4,b7f2040cef3ee92d43d3f06369194e8110ec15a00b04f4f29b104aa2a29bf1f4,True,0
train,495,2243,2246,02b54bec0b30421b216733a1988a370c49d33e009a9240092ad65a0e3b8cd34d,True,1,4488,4487,02b54bec0b30421b216733a1988a370c49d33e009a9240092ad65a0e3b8cd34d,02b54bec0b30421b216733a1988a370c49d33e009a9240092ad65a0e3b8cd34d,True,0
train,496,2247,2509,14edc1f9fcb2c0c9abc4ad42c0d393123ed6fa5d165674a3d3c1a769b37c4371,True,1,4488,4487,14edc1f9fcb2c0c9abc4ad42c0d393123ed6fa5d165674a3d3c1a769b37c4371,14edc1f9fcb2c0c9abc4ad42c0d393123ed6fa5d165674a3d3c1a769b37c4371,True,0
train,497,2289,2464,490f37a71f6a8001bee4c6d4452eb3efc26bcbfbfbc83de25adbb337a281d4da,True,1,4488,4487,490f37a71f6a8001bee4c6d4452eb3efc26bcbfbfbc83de25adbb337a281d4da,490f37a71f6a8001bee4c6d4452eb3efc26bcbfbfbc83de25adbb337a281d4da,True,0
train,498,2290,2464,dbd55d173e7268035d050bb29b8f32b1403ccd4aa8f27d9559290751ab28b284,True,1,4488,4487,dbd55d173e7268035d050bb29b8f32b1403ccd4aa8f27d9559290751ab28b284,dbd55d173e7268035d050bb29b8f32b1403ccd4aa8f27d9559290751ab28b284,True,0
train,499,2297,2298,f011c4082259efe1f5e305c6d0ef3729b8dd472f4fbe26722a90b50b0569cbb8,True,1,4488,4487,f011c4082259efe1f5e305c6d0ef3729b8dd472f4fbe26722a90b50b0569cbb8,f011c4082259efe1f5e305c6d0ef3729b8dd472f4fbe26722a90b50b0569cbb8,True,0
train,500,2344,2475,c1781c08a77ae3f74e5e6d974a5c8988cadf4f5fa9d33852d16842813ad25497,True,1,4488,4487,c1781c08a77ae3f74e5e6d974a5c8988cadf4f5fa9d33852d16842813ad25497,c1781c08a77ae3f74e5e6d974a5c8988cadf4f5fa9d33852d16842813ad25497,True,0
train,501,2355,2357,0930eb206818eddfe21e0a1b4d136de8cd1a6178e387b24bdfce3889318c4b80,True,1,4488,4487,0930eb206818eddfe21e0a1b4d136de8cd1a6178e387b24bdfce3889318c4b80,0930eb206818eddfe21e0a1b4d136de8cd1a6178e387b24bdfce3889318c4b80,True,0
train,502,2390,2391,08f9aaf849b879bfe164a2b319965040a880fb790f726fa95e090d6f076a869b,True,1,4488,4487,08f9aaf849b879bfe164a2b319965040a880fb790f726fa95e090d6f076a869b,08f9aaf849b879bfe164a2b319965040a880fb790f726fa95e090d6f076a869b,True,0
train,503,2392,2451,27d32ef146c32ff3873b44c97b9de7c4645663ec4c4523d703df41b16e208f27,True,1,4488,4487,27d32ef146c32ff3873b44c97b9de7c4645663ec4c4523d703df41b16e208f27,27d32ef146c32ff3873b44c97b9de7c4645663ec4c4523d703df41b16e208f27,True,0
train,504,2394,2396,19d89af8ecbf29c23f10db11e1807bc5255dc8080172581412acd9fa3aa8b13c,True,1,4488,4487,19d89af8ecbf29c23f10db11e1807bc5255dc8080172581412acd9fa3aa8b13c,19d89af8ecbf29c23f10db11e1807bc5255dc8080172581412acd9fa3aa8b13c,True,0
train,505,2413,2414,ee41a807e0571f86169a682165ea1392e05630648984c2444fb95e7b45b2a278,True,1,4488,4487,ee41a807e0571f86169a682165ea1392e05630648984c2444fb95e7b45b2a278,ee41a807e0571f86169a682165ea1392e05630648984c2444fb95e7b45b2a278,True,0
train,506,2415,2597,54dd49a61621ad649f07fbd1aa3f6ea43917a97ea5ebcd0558d4e701943e71fc,True,1,4488,4487,54dd49a61621ad649f07fbd1aa3f6ea43917a97ea5ebcd0558d4e701943e71fc,54dd49a61621ad649f07fbd1aa3f6ea43917a97ea5ebcd0558d4e701943e71fc,True,0
train,507,2446,2447,c46b4ec071b2be9c41bf76c1684807673b57c92a971a0eddfa56fc215963d140,True,1,4488,4487,c46b4ec071b2be9c41bf76c1684807673b57c92a971a0eddfa56fc215963d140,c46b4ec071b2be9c41bf76c1684807673b57c92a971a0eddfa56fc215963d140,True,0
train,508,2473,2648,038e5306b0d43d4af9d878f143bd557d0e29c878b7285ad91c6df3791d0ca403,True,1,4488,4487,038e5306b0d43d4af9d878f143bd557d0e29c878b7285ad91c6df3791d0ca403,038e5306b0d43d4af9d878f143bd557d0e29c878b7285ad91c6df3791d0ca403,True,0
train,509,2516,2517,197242261b07210d2db3218016bde930ae02be3ee4ba60e6e6324c54d07c1445,True,1,4488,4487,197242261b07210d2db3218016bde930ae02be3ee4ba60e6e6324c54d07c1445,197242261b07210d2db3218016bde930ae02be3ee4ba60e6e6324c54d07c1445,True,0
train,510,2565,2567,0ee72625da2762fb75c5147a8d4557da68cbb99e6d3050616911aa918607b3b1,True,1,4488,4487,0ee72625da2762fb75c5147a8d4557da68cbb99e6d3050616911aa918607b3b1,0ee72625da2762fb75c5147a8d4557da68cbb99e6d3050616911aa918607b3b1,True,0
train,511,2625,2626,228c88ee09652d970752a824a328467bfbb94c73ae03326564fa879f6f8dfa15,True,1,4488,4487,228c88ee09652d970752a824a328467bfbb94c73ae03326564fa879f6f8dfa15,228c88ee09652d970752a824a328467bfbb94c73ae03326564fa879f6f8dfa15,True,0
valid,0,1151,2700,cf8bee4faf9f1e67678d45b7cd8c350d04e95baeead6b79c4cff607556fb7129,False,0,4488,4488,cf8bee4faf9f1e67678d45b7cd8c350d04e95baeead6b79c4cff607556fb7129,cf8bee4faf9f1e67678d45b7cd8c350d04e95baeead6b79c4cff607556fb7129,True,0
valid,1,438,1667,cf8bee4faf9f1e67678d45b7cd8c350d04e95baeead6b79c4cff607556fb7129,False,0,4488,4488,cf8bee4faf9f1e67678d45b7cd8c350d04e95baeead6b79c4cff607556fb7129,cf8bee4faf9f1e67678d45b7cd8c350d04e95baeead6b79c4cff607556fb7129,True,0
valid,2,357,2652,cf8bee4faf9f1e67678d45b7cd8c350d04e95baeead6b79c4cff607556fb7129,False,0,4488,4488,cf8bee4faf9f1e67678d45b7cd8c350d04e95baeead6b79c4cff607556fb7129,cf8bee4faf9f1e67678d45b7cd8c350d04e95baeead6b79c4cff607556fb7129,True,0
valid,3,734,1388,cf8bee4faf9f1e67678d45b7cd8c350d04e95baeead6b79c4cff607556fb7129,False,0,4488,4488,cf8bee4faf9f1e67678d45b7cd8c350d04e95baeead6b79c4cff607556fb7129,cf8bee4faf9f1e67678d45b7cd8c350d04e95baeead6b79c4cff607556fb7129,True,0
valid,4,997,1837,cf8bee4faf9f1e67678d45b7cd8c350d04e95baeead6b79c4cff607556fb7129,False,0,4488,4488,cf8bee4faf9f1e67678d45b7cd8c350d04e95baeead6b79c4cff607556fb7129,cf8bee4faf9f1e67678d45b7cd8c350d04e95baeead6b79c4cff607556fb7129,True,0
valid,5,1725,2413,cf8bee4faf9f1e67678d45b7cd8c350d04e95baeead6b79c4cff607556fb7129,False,0,4488,4488,cf8bee4faf9f1e67678d45b7cd8c350d04e95baeead6b79c4cff607556fb7129,cf8bee4faf9f1e67678d45b7cd8c350d04e95baeead6b79c4cff607556fb7129,True,0
valid,6,26,99,cf8bee4faf9f1e67678d45b7cd8c350d04e95baeead6b79c4cff607556fb7129,False,0,4488,4488,cf8bee4faf9f1e67678d45b7cd8c350d04e95baeead6b79c4cff607556fb7129,cf8bee4faf9f1e67678d45b7cd8c350d04e95baeead6b79c4cff607556fb7129,True,0
valid,7,1003,1373,cf8bee4faf9f1e67678d45b7cd8c350d04e95baeead6b79c4cff607556fb7129,False,0,4488,4488,cf8bee4faf9f1e67678d45b7cd8c350d04e95baeead6b79c4cff607556fb7129,cf8bee4faf9f1e67678d45b7cd8c350d04e95baeead6b79c4cff607556fb7129,True,0
valid,8,1041,1466,cf8bee4faf9f1e67678d45b7cd8c350d04e95baeead6b79c4cff607556fb7129,False,0,4488,4488,cf8bee4faf9f1e67678d45b7cd8c350d04e95baeead6b79c4cff607556fb7129,cf8bee4faf9f1e67678d45b7cd8c350d04e95baeead6b79c4cff607556fb7129,True,0
valid,9,374,2146,cf8bee4faf9f1e67678d45b7cd8c350d04e95baeead6b79c4cff607556fb7129,False,0,4488,4488,cf8bee4faf9f1e67678d45b7cd8c350d04e95baeead6b79c4cff607556fb7129,cf8bee4faf9f1e67678d45b7cd8c350d04e95baeead6b79c4cff607556fb7129,True,0
valid,10,534,629,cf8bee4faf9f1e67678d45b7cd8c350d04e95baeead6b79c4cff607556fb7129,False,0,4488,4488,cf8bee4faf9f1e67678d45b7cd8c350d04e95baeead6b79c4cff607556fb7129,cf8bee4faf9f1e67678d45b7cd8c350d04e95baeead6b79c4cff607556fb7129,True,0
valid,11,994,1329,cf8bee4faf9f1e67678d45b7cd8c350d04e95baeead6b79c4cff607556fb7129,False,0,4488,4488,cf8bee4faf9f1e67678d45b7cd8c350d04e95baeead6b79c4cff607556fb7129,cf8bee4faf9f1e67678d45b7cd8c350d04e95baeead6b79c4cff607556fb7129,True,0
valid,12,1196,1367,cf8bee4faf9f1e67678d45b7cd8c350d04e95baeead6b79c4cff607556fb7129,False,0,4488,4488,cf8bee4faf9f1e67678d45b7cd8c350d04e95baeead6b79c4cff607556fb7129,cf8bee4faf9f1e67678d45b7cd8c350d04e95baeead6b79c4cff607556fb7129,True,0
valid,13,444,623,cf8bee4faf9f1e67678d45b7cd8c350d04e95baeead6b79c4cff607556fb7129,False,0,4488,4488,cf8bee4faf9f1e67678d45b7cd8c350d04e95baeead6b79c4cff607556fb7129,cf8bee4faf9f1e67678d45b7cd8c350d04e95baeead6b79c4cff607556fb7129,True,0
valid,14,1792,2485,cf8bee4faf9f1e67678d45b7cd8c350d04e95baeead6b79c4cff607556fb7129,False,0,4488,4488,cf8bee4faf9f1e67678d45b7cd8c350d04e95baeead6b79c4cff607556fb7129,cf8bee4faf9f1e67678d45b7cd8c350d04e95baeead6b79c4cff607556fb7129,True,0
valid,15,1233,2433,cf8bee4faf9f1e67678d45b7cd8c350d04e95baeead6b79c4cff607556fb7129,False,0,4488,4488,cf8bee4faf9f1e67678d45b7cd8c350d04e95baeead6b79c4cff607556fb7129,cf8bee4faf9f1e67678d45b7cd8c350d04e95baeead6b79c4cff607556fb7129,True,0
valid,16,203,1115,cf8bee4faf9f1e67678d45b7cd8c350d04e95baeead6b79c4cff607556fb7129,False,0,4488,4488,cf8bee4faf9f1e67678d45b7cd8c350d04e95baeead6b79c4cff607556fb7129,cf8bee4faf9f1e67678d45b7cd8c350d04e95baeead6b79c4cff607556fb7129,True,0
valid,17,28,1687,cf8bee4faf9f1e67678d45b7cd8c350d04e95baeead6b79c4cff607556fb7129,False,0,4488,4488,cf8bee4faf9f1e67678d45b7cd8c350d04e95baeead6b79c4cff607556fb7129,cf8bee4faf9f1e67678d45b7cd8c350d04e95baeead6b79c4cff607556fb7129,True,0
valid,18,1209,1737,cf8bee4faf9f1e67678d45b7cd8c350d04e95baeead6b79c4cff607556fb7129,False,0,4488,4488,cf8bee4faf9f1e67678d45b7cd8c350d04e95baeead6b79c4cff607556fb7129,cf8bee4faf9f1e67678d45b7cd8c350d04e95baeead6b79c4cff607556fb7129,True,0
valid,19,817,1736,cf8bee4faf9f1e67678d45b7cd8c350d04e95baeead6b79c4cff607556fb7129,False,0,4488,4488,cf8bee4faf9f1e67678d45b7cd8c350d04e95baeead6b79c4cff607556fb7129,cf8bee4faf9f1e67678d45b7cd8c350d04e95baeead6b79c4cff607556fb7129,True,0
valid,20,383,733,cf8bee4faf9f1e67678d45b7cd8c350d04e95baeead6b79c4cff607556fb7129,False,0,4488,4488,cf8bee4faf9f1e67678d45b7cd8c350d04e95baeead6b79c4cff607556fb7129,cf8bee4faf9f1e67678d45b7cd8c350d04e95baeead6b79c4cff607556fb7129,True,0
valid,21,1185,1460,cf8bee4faf9f1e67678d45b7cd8c350d04e95baeead6b79c4cff607556fb7129,False,0,4488,4488,cf8bee4faf9f1e67678d45b7cd8c350d04e95baeead6b79c4cff607556fb7129,cf8bee4faf9f1e67678d45b7cd8c350d04e95baeead6b79c4cff607556fb7129,True,0
valid,22,48,2205,cf8bee4faf9f1e67678d45b7cd8c350d04e95baeead6b79c4cff607556fb7129,False,0,4488,4488,cf8bee4faf9f1e67678d45b7cd8c350d04e95baeead6b79c4cff607556fb7129,cf8bee4faf9f1e67678d45b7cd8c350d04e95baeead6b79c4cff607556fb7129,True,0
valid,23,251,812,cf8bee4faf9f1e67678d45b7cd8c350d04e95baeead6b79c4cff607556fb7129,False,0,4488,4488,cf8bee4faf9f1e67678d45b7cd8c350d04e95baeead6b79c4cff607556fb7129,cf8bee4faf9f1e67678d45b7cd8c350d04e95baeead6b79c4cff607556fb7129,True,0
valid,24,2130,2249,cf8bee4faf9f1e67678d45b7cd8c350d04e95baeead6b79c4cff607556fb7129,False,0,4488,4488,cf8bee4faf9f1e67678d45b7cd8c350d04e95baeead6b79c4cff607556fb7129,cf8bee4faf9f1e67678d45b7cd8c350d04e95baeead6b79c4cff607556fb7129,True,0
valid,25,1376,2232,cf8bee4faf9f1e67678d45b7cd8c350d04e95baeead6b79c4cff607556fb7129,False,0,4488,4488,cf8bee4faf9f1e67678d45b7cd8c350d04e95baeead6b79c4cff607556fb7129,cf8bee4faf9f1e67678d45b7cd8c350d04e95baeead6b79c4cff607556fb7129,True,0
valid,26,788,1952,cf8bee4faf9f1e67678d45b7cd8c350d04e95baeead6b79c4cff607556fb7129,False,0,4488,4488,cf8bee4faf9f1e67678d45b7cd8c350d04e95baeead6b79c4cff607556fb7129,cf8bee4faf9f1e67678d45b7cd8c350d04e95baeead6b79c4cff607556fb7129,True,0
valid,27,519,1670,cf8bee4faf9f1e67678d45b7cd8c350d04e95baeead6b79c4cff607556fb7129,False,0,4488,4488,cf8bee4faf9f1e67678d45b7cd8c350d04e95baeead6b79c4cff607556fb7129,cf8bee4faf9f1e67678d45b7cd8c350d04e95baeead6b79c4cff607556fb7129,True,0
valid,28,2618,2619,cf8bee4faf9f1e67678d45b7cd8c350d04e95baeead6b79c4cff607556fb7129,False,0,4488,4488,cf8bee4faf9f1e67678d45b7cd8c350d04e95baeead6b79c4cff607556fb7129,cf8bee4faf9f1e67678d45b7cd8c350d04e95baeead6b79c4cff607556fb7129,True,0
valid,29,440,1296,cf8bee4faf9f1e67678d45b7cd8c350d04e95baeead6b79c4cff607556fb7129,False,0,4488,4488,cf8bee4faf9f1e67678d45b7cd8c350d04e95baeead6b79c4cff607556fb7129,cf8bee4faf9f1e67678d45b7cd8c350d04e95baeead6b79c4cff607556fb7129,True,0
valid,30,378,602,cf8bee4faf9f1e67678d45b7cd8c350d04e95baeead6b79c4cff607556fb7129,False,0,4488,4488,cf8bee4faf9f1e67678d45b7cd8c350d04e95baeead6b79c4cff607556fb7129,cf8bee4faf9f1e67678d45b7cd8c350d04e95baeead6b79c4cff607556fb7129,True,0
valid,31,1952,2205,cf8bee4faf9f1e67678d45b7cd8c350d04e95baeead6b79c4cff607556fb7129,False,0,4488,4488,cf8bee4faf9f1e67678d45b7cd8c350d04e95baeead6b79c4cff607556fb7129,cf8bee4faf9f1e67678d45b7cd8c350d04e95baeead6b79c4cff607556fb7129,True,0
valid,32,793,2592,cf8bee4faf9f1e67678d45b7cd8c350d04e95baeead6b79c4cff607556fb7129,False,0,4488,4488,cf8bee4faf9f1e67678d45b7cd8c350d04e95baeead6b79c4cff607556fb7129,cf8bee4faf9f1e67678d45b7cd8c350d04e95baeead6b79c4cff607556fb7129,True,0
valid,33,661,830,cf8bee4faf9f1e67678d45b7cd8c350d04e95baeead6b79c4cff607556fb7129,False,0,4488,4488,cf8bee4faf9f1e67678d45b7cd8c350d04e95baeead6b79c4cff607556fb7129,cf8bee4faf9f1e67678d45b7cd8c350d04e95baeead6b79c4cff607556fb7129,True,0
valid,34,895,1913,cf8bee4faf9f1e67678d45b7cd8c350d04e95baeead6b79c4cff607556fb7129,False,0,4488,4488,cf8bee4faf9f1e67678d45b7cd8c350d04e95baeead6b79c4cff607556fb7129,cf8bee4faf9f1e67678d45b7cd8c350d04e95baeead6b79c4cff607556fb7129,True,0
valid,35,1631,2196,cf8bee4faf9f1e67678d45b7cd8c350d04e95baeead6b79c4cff607556fb7129,False,0,4488,4488,cf8bee4faf9f1e67678d45b7cd8c350d04e95baeead6b79c4cff607556fb7129,cf8bee4faf9f1e67678d45b7cd8c350d04e95baeead6b79c4cff607556fb7129,True,0
valid,36,1358,1758,cf8bee4faf9f1e67678d45b7cd8c350d04e95baeead6b79c4cff607556fb7129,False,0,4488,4488,cf8bee4faf9f1e67678d45b7cd8c350d04e95baeead6b79c4cff607556fb7129,cf8bee4faf9f1e67678d45b7cd8c350d04e95baeead6b79c4cff607556fb7129,True,0
valid,37,121,2251,cf8bee4faf9f1e67678d45b7cd8c350d04e95baeead6b79c4cff607556fb7129,False,0,4488,4488,cf8bee4faf9f1e67678d45b7cd8c350d04e95baeead6b79c4cff607556fb7129,cf8bee4faf9f1e67678d45b7cd8c350d04e95baeead6b79c4cff607556fb7129,True,0
valid,38,95,2182,cf8bee4faf9f1e67678d45b7cd8c350d04e95baeead6b79c4cff607556fb7129,False,0,4488,4488,cf8bee4faf9f1e67678d45b7cd8c350d04e95baeead6b79c4cff607556fb7129,cf8bee4faf9f1e67678d45b7cd8c350d04e95baeead6b79c4cff607556fb7129,True,0
valid,39,1229,2440,cf8bee4faf9f1e67678d45b7cd8c350d04e95baeead6b79c4cff607556fb7129,False,0,4488,4488,cf8bee4faf9f1e67678d45b7cd8c350d04e95baeead6b79c4cff607556fb7129,cf8bee4faf9f1e67678d45b7cd8c350d04e95baeead6b79c4cff607556fb7129,True,0
valid,40,201,1986,cf8bee4faf9f1e67678d45b7cd8c350d04e95baeead6b79c4cff607556fb7129,False,0,4488,4488,cf8bee4faf9f1e67678d45b7cd8c350d04e95baeead6b79c4cff607556fb7129,cf8bee4faf9f1e67678d45b7cd8c350d04e95baeead6b79c4cff607556fb7129,True,0
valid,41,88,1741,cf8bee4faf9f1e67678d45b7cd8c350d04e95baeead6b79c4cff607556fb7129,False,0,4488,4488,cf8bee4faf9f1e67678d45b7cd8c350d04e95baeead6b79c4cff607556fb7129,cf8bee4faf9f1e67678d45b7cd8c350d04e95baeead6b79c4cff607556fb7129,True,0
valid,42,279,838,cf8bee4faf9f1e67678d45b7cd8c350d04e95baeead6b79c4cff607556fb7129,False,0,4488,4488,cf8bee4faf9f1e67678d45b7cd8c350d04e95baeead6b79c4cff607556fb7129,cf8bee4faf9f1e67678d45b7cd8c350d04e95baeead6b79c4cff607556fb7129,True,0
valid,43,454,973,cf8bee4faf9f1e67678d45b7cd8c350d04e95baeead6b79c4cff607556fb7129,False,0,4488,4488,cf8bee4faf9f1e67678d45b7cd8c350d04e95baeead6b79c4cff607556fb7129,cf8bee4faf9f1e67678d45b7cd8c350d04e95baeead6b79c4cff607556fb7129,True,0
valid,44,29,2645,cf8bee4faf9f1e67678d45b7cd8c350d04e95baeead6b79c4cff607556fb7129,False,0,4488,4488,cf8bee4faf9f1e67678d45b7cd8c350d04e95baeead6b79c4cff607556fb7129,cf8bee4faf9f1e67678d45b7cd8c350d04e95baeead6b79c4cff607556fb7129,True,0
valid,45,20,2269,cf8bee4faf9f1e67678d45b7cd8c350d04e95baeead6b79c4cff607556fb7129,False,0,4488,4488,cf8bee4faf9f1e67678d45b7cd8c350d04e95baeead6b79c4cff607556fb7129,cf8bee4faf9f1e67678d45b7cd8c350d04e95baeead6b79c4cff607556fb7129,True,0
valid,46,1144,1245,cf8bee4faf9f1e67678d45b7cd8c350d04e95baeead6b79c4cff607556fb7129,False,0,4488,4488,cf8bee4faf9f1e67678d45b7cd8c350d04e95baeead6b79c4cff607556fb7129,cf8bee4faf9f1e67678d45b7cd8c350d04e95baeead6b79c4cff607556fb7129,True,0
valid,47,1986,1997,cf8bee4faf9f1e67678d45b7cd8c350d04e95baeead6b79c4cff607556fb7129,False,0,4488,4488,cf8bee4faf9f1e67678d45b7cd8c350d04e95baeead6b79c4cff607556fb7129,cf8bee4faf9f1e67678d45b7cd8c350d04e95baeead6b79c4cff607556fb7129,True,0
valid,48,1451,2564,cf8bee4faf9f1e67678d45b7cd8c350d04e95baeead6b79c4cff607556fb7129,False,0,4488,4488,cf8bee4faf9f1e67678d45b7cd8c350d04e95baeead6b79c4cff607556fb7129,cf8bee4faf9f1e67678d45b7cd8c350d04e95baeead6b79c4cff607556fb7129,True,0
valid,49,1772,2045,cf8bee4faf9f1e67678d45b7cd8c350d04e95baeead6b79c4cff607556fb7129,False,0,4488,4488,cf8bee4faf9f1e67678d45b7cd8c350d04e95baeead6b79c4cff607556fb7129,cf8bee4faf9f1e67678d45b7cd8c350d04e95baeead6b79c4cff607556fb7129,True,0
valid,50,306,1805,cf8bee4faf9f1e67678d45b7cd8c350d04e95baeead6b79c4cff607556fb7129,False,0,4488,4488,cf8bee4faf9f1e67678d45b7cd8c350d04e95baeead6b79c4cff607556fb7129,cf8bee4faf9f1e67678d45b7cd8c350d04e95baeead6b79c4cff607556fb7129,True,0
valid,51,88,2011,cf8bee4faf9f1e67678d45b7cd8c350d04e95baeead6b79c4cff607556fb7129,False,0,4488,4488,cf8bee4faf9f1e67678d45b7cd8c350d04e95baeead6b79c4cff607556fb7129,cf8bee4faf9f1e67678d45b7cd8c350d04e95baeead6b79c4cff607556fb7129,True,0
valid,52,325,787,cf8bee4faf9f1e67678d45b7cd8c350d04e95baeead6b79c4cff607556fb7129,False,0,4488,4488,cf8bee4faf9f1e67678d45b7cd8c350d04e95baeead6b79c4cff607556fb7129,cf8bee4faf9f1e67678d45b7cd8c350d04e95baeead6b79c4cff607556fb7129,True,0
valid,53,1050,1380,cf8bee4faf9f1e67678d45b7cd8c350d04e95baeead6b79c4cff607556fb7129,False,0,4488,4488,cf8bee4faf9f1e67678d45b7cd8c350d04e95baeead6b79c4cff607556fb7129,cf8bee4faf9f1e67678d45b7cd8c350d04e95baeead6b79c4cff607556fb7129,True,0
valid,54,444,2464,cf8bee4faf9f1e67678d45b7cd8c350d04e95baeead6b79c4cff607556fb7129,False,0,4488,4488,cf8bee4faf9f1e67678d45b7cd8c350d04e95baeead6b79c4cff607556fb7129,cf8bee4faf9f1e67678d45b7cd8c350d04e95baeead6b79c4cff607556fb7129,True,0
valid,55,25,2317,cf8bee4faf9f1e67678d45b7cd8c350d04e95baeead6b79c4cff607556fb7129,False,0,4488,4488,cf8bee4faf9f1e67678d45b7cd8c350d04e95baeead6b79c4cff607556fb7129,cf8bee4faf9f1e67678d45b7cd8c350d04e95baeead6b79c4cff607556fb7129,True,0
valid,56,133,2082,cf8bee4faf9f1e67678d45b7cd8c350d04e95baeead6b79c4cff607556fb7129,False,0,4488,4488,cf8bee4faf9f1e67678d45b7cd8c350d04e95baeead6b79c4cff607556fb7129,cf8bee4faf9f1e67678d45b7cd8c350d04e95baeead6b79c4cff607556fb7129,True,0
valid,57,489,2391,cf8bee4faf9f1e67678d45b7cd8c350d04e95baeead6b79c4cff607556fb7129,False,0,4488,4488,cf8bee4faf9f1e67678d45b7cd8c350d04e95baeead6b79c4cff607556fb7129,cf8bee4faf9f1e67678d45b7cd8c350d04e95baeead6b79c4cff607556fb7129,True,0
valid,58,1107,2243,cf8bee4faf9f1e67678d45b7cd8c350d04e95baeead6b79c4cff607556fb7129,False,0,4488,4488,cf8bee4faf9f1e67678d45b7cd8c350d04e95baeead6b79c4cff607556fb7129,cf8bee4faf9f1e67678d45b7cd8c350d04e95baeead6b79c4cff607556fb7129,True,0
valid,59,306,1640,cf8bee4faf9f1e67678d45b7cd8c350d04e95baeead6b79c4cff607556fb7129,False,0,4488,4488,cf8bee4faf9f1e67678d45b7cd8c350d04e95baeead6b79c4cff607556fb7129,cf8bee4faf9f1e67678d45b7cd8c350d04e95baeead6b79c4cff607556fb7129,True,0
valid,60,2114,2519,cf8bee4faf9f1e67678d45b7cd8c350d04e95baeead6b79c4cff607556fb7129,False,0,4488,4488,cf8bee4faf9f1e67678d45b7cd8c350d04e95baeead6b79c4cff607556fb7129,cf8bee4faf9f1e67678d45b7cd8c350d04e95baeead6b79c4cff607556fb7129,True,0
valid,61,1427,1742,cf8bee4faf9f1e67678d45b7cd8c350d04e95baeead6b79c4cff607556fb7129,False,0,4488,4488,cf8bee4faf9f1e67678d45b7cd8c350d04e95baeead6b79c4cff607556fb7129,cf8bee4faf9f1e67678d45b7cd8c350d04e95baeead6b79c4cff607556fb7129,True,0
valid,62,1497,2034,cf8bee4faf9f1e67678d45b7cd8c350d04e95baeead6b79c4cff607556fb7129,False,0,4488,4488,cf8bee4faf9f1e67678d45b7cd8c350d04e95baeead6b79c4cff607556fb7129,cf8bee4faf9f1e67678d45b7cd8c350d04e95baeead6b79c4cff607556fb7129,True,0
valid,63,1330,1837,cf8bee4faf9f1e67678d45b7cd8c350d04e95baeead6b79c4cff607556fb7129,False,0,4488,4488,cf8bee4faf9f1e67678d45b7cd8c350d04e95baeead6b79c4cff607556fb7129,cf8bee4faf9f1e67678d45b7cd8c350d04e95baeead6b79c4cff607556fb7129,True,0
valid,64,18,1786,cf8bee4faf9f1e67678d45b7cd8c350d04e95baeead6b79c4cff607556fb7129,False,0,4488,4488,cf8bee4faf9f1e67678d45b7cd8c350d04e95baeead6b79c4cff607556fb7129,cf8bee4faf9f1e67678d45b7cd8c350d04e95baeead6b79c4cff607556fb7129,True,0
valid,65,1009,2096,cf8bee4faf9f1e67678d45b7cd8c350d04e95baeead6b79c4cff607556fb7129,False,0,4488,4488,cf8bee4faf9f1e67678d45b7cd8c350d04e95baeead6b79c4cff607556fb7129,cf8bee4faf9f1e67678d45b7cd8c350d04e95baeead6b79c4cff607556fb7129,True,0
valid,66,766,845,cf8bee4faf9f1e67678d45b7cd8c350d04e95baeead6b79c4cff607556fb7129,False,0,4488,4488,cf8bee4faf9f1e67678d45b7cd8c350d04e95baeead6b79c4cff607556fb7129,cf8bee4faf9f1e67678d45b7cd8c350d04e95baeead6b79c4cff607556fb7129,True,0
valid,67,2335,2336,cf8bee4faf9f1e67678d45b7cd8c350d04e95baeead6b79c4cff607556fb7129,False,0,4488,4488,cf8bee4faf9f1e67678d45b7cd8c350d04e95baeead6b79c4cff607556fb7129,cf8bee4faf9f1e67678d45b7cd8c350d04e95baeead6b79c4cff607556fb7129,True,0
valid,68,616,1358,cf8bee4faf9f1e67678d45b7cd8c350d04e95baeead6b79c4cff607556fb7129,False,0,4488,4488,cf8bee4faf9f1e67678d45b7cd8c350d04e95baeead6b79c4cff607556fb7129,cf8bee4faf9f1e67678d45b7cd8c350d04e95baeead6b79c4cff607556fb7129,True,0
valid,69,182,997,cf8bee4faf9f1e67678d45b7cd8c350d04e95baeead6b79c4cff607556fb7129,False,0,4488,4488,cf8bee4faf9f1e67678d45b7cd8c350d04e95baeead6b79c4cff607556fb7129,cf8bee4faf9f1e67678d45b7cd8c350d04e95baeead6b79c4cff607556fb7129,True,0
valid,70,1242,2148,cf8bee4faf9f1e67678d45b7cd8c350d04e95baeead6b79c4cff607556fb7129,False,0,4488,4488,cf8bee4faf9f1e67678d45b7cd8c350d04e95baeead6b79c4cff607556fb7129,cf8bee4faf9f1e67678d45b7cd8c350d04e95baeead6b79c4cff607556fb7129,True,0
valid,71,441,1455,cf8bee4faf9f1e67678d45b7cd8c350d04e95baeead6b79c4cff607556fb7129,False,0,4488,4488,cf8bee4faf9f1e67678d45b7cd8c350d04e95baeead6b79c4cff607556fb7129,cf8bee4faf9f1e67678d45b7cd8c350d04e95baeead6b79c4cff607556fb7129,True,0
valid,72,1456,1457,cf8bee4faf9f1e67678d45b7cd8c350d04e95baeead6b79c4cff607556fb7129,False,0,4488,4488,cf8bee4faf9f1e67678d45b7cd8c350d04e95baeead6b79c4cff607556fb7129,cf8bee4faf9f1e67678d45b7cd8c350d04e95baeead6b79c4cff607556fb7129,True,0
valid,73,1519,2335,cf8bee4faf9f1e67678d45b7cd8c350d04e95baeead6b79c4cff607556fb7129,False,0,4488,4488,cf8bee4faf9f1e67678d45b7cd8c350d04e95baeead6b79c4cff607556fb7129,cf8bee4faf9f1e67678d45b7cd8c350d04e95baeead6b79c4cff607556fb7129,True,0
valid,74,1193,1705,cf8bee4faf9f1e67678d45b7cd8c350d04e95baeead6b79c4cff607556fb7129,False,0,4488,4488,cf8bee4faf9f1e67678d45b7cd8c350d04e95baeead6b79c4cff607556fb7129,cf8bee4faf9f1e67678d45b7cd8c350d04e95baeead6b79c4cff607556fb7129,True,0
valid,75,1589,2596,cf8bee4faf9f1e67678d45b7cd8c350d04e95baeead6b79c4cff607556fb7129,False,0,4488,4488,cf8bee4faf9f1e67678d45b7cd8c350d04e95baeead6b79c4cff607556fb7129,cf8bee4faf9f1e67678d45b7cd8c350d04e95baeead6b79c4cff607556fb7129,True,0
valid,76,836,1572,cf8bee4faf9f1e67678d45b7cd8c350d04e95baeead6b79c4cff607556fb7129,False,0,4488,4488,cf8bee4faf9f1e67678d45b7cd8c350d04e95baeead6b79c4cff607556fb7129,cf8bee4faf9f1e67678d45b7cd8c350d04e95baeead6b79c4cff607556fb7129,True,0
valid,77,877,1300,cf8bee4faf9f1e67678d45b7cd8c350d04e95baeead6b79c4cff607556fb7129,False,0,4488,4488,cf8bee4faf9f1e67678d45b7cd8c350d04e95baeead6b79c4cff607556fb7129,cf8bee4faf9f1e67678d45b7cd8c350d04e95baeead6b79c4cff607556fb7129,True,0
valid,78,1317,1719,cf8bee4faf9f1e67678d45b7cd8c350d04e95baeead6b79c4cff607556fb7129,False,0,4488,4488,cf8bee4faf9f1e67678d45b7cd8c350d04e95baeead6b79c4cff607556fb7129,cf8bee4faf9f1e67678d45b7cd8c350d04e95baeead6b79c4cff607556fb7129,True,0
valid,79,1426,1751,cf8bee4faf9f1e67678d45b7cd8c350d04e95baeead6b79c4cff607556fb7129,False,0,4488,4488,cf8bee4faf9f1e67678d45b7cd8c350d04e95baeead6b79c4cff607556fb7129,cf8bee4faf9f1e67678d45b7cd8c350d04e95baeead6b79c4cff607556fb7129,True,0
valid,80,107,541,cf8bee4faf9f1e67678d45b7cd8c350d04e95baeead6b79c4cff607556fb7129,False,0,4488,4488,cf8bee4faf9f1e67678d45b7cd8c350d04e95baeead6b79c4cff607556fb7129,cf8bee4faf9f1e67678d45b7cd8c350d04e95baeead6b79c4cff607556fb7129,True,0
valid,81,191,2385,cf8bee4faf9f1e67678d45b7cd8c350d04e95baeead6b79c4cff607556fb7129,False,0,4488,4488,cf8bee4faf9f1e67678d45b7cd8c350d04e95baeead6b79c4cff607556fb7129,cf8bee4faf9f1e67678d45b7cd8c350d04e95baeead6b79c4cff607556fb7129,True,0
valid,82,1042,2055,cf8bee4faf9f1e67678d45b7cd8c350d04e95baeead6b79c4cff607556fb7129,False,0,4488,4488,cf8bee4faf9f1e67678d45b7cd8c350d04e95baeead6b79c4cff607556fb7129,cf8bee4faf9f1e67678d45b7cd8c350d04e95baeead6b79c4cff607556fb7129,True,0
valid,83,1050,1569,cf8bee4faf9f1e67678d45b7cd8c350d04e95baeead6b79c4cff607556fb7129,False,0,4488,4488,cf8bee4faf9f1e67678d45b7cd8c350d04e95baeead6b79c4cff607556fb7129,cf8bee4faf9f1e67678d45b7cd8c350d04e95baeead6b79c4cff607556fb7129,True,0
valid,84,197,2412,cf8bee4faf9f1e67678d45b7cd8c350d04e95baeead6b79c4cff607556fb7129,False,0,4488,4488,cf8bee4faf9f1e67678d45b7cd8c350d04e95baeead6b79c4cff607556fb7129,cf8bee4faf9f1e67678d45b7cd8c350d04e95baeead6b79c4cff607556fb7129,True,0
valid,85,1051,2122,cf8bee4faf9f1e67678d45b7cd8c350d04e95baeead6b79c4cff607556fb7129,False,0,4488,4488,cf8bee4faf9f1e67678d45b7cd8c350d04e95baeead6b79c4cff607556fb7129,cf8bee4faf9f1e67678d45b7cd8c350d04e95baeead6b79c4cff607556fb7129,True,0
valid,86,306,910,cf8bee4faf9f1e67678d45b7cd8c350d04e95baeead6b79c4cff607556fb7129,False,0,4488,4488,cf8bee4faf9f1e67678d45b7cd8c350d04e95baeead6b79c4cff607556fb7129,cf8bee4faf9f1e67678d45b7cd8c350d04e95baeead6b79c4cff607556fb7129,True,0
valid,87,523,949,cf8bee4faf9f1e67678d45b7cd8c350d04e95baeead6b79c4cff607556fb7129,False,0,4488,4488,cf8bee4faf9f1e67678d45b7cd8c350d04e95baeead6b79c4cff607556fb7129,cf8bee4faf9f1e67678d45b7cd8c350d04e95baeead6b79c4cff607556fb7129,True,0
valid,88,306,1781,cf8bee4faf9f1e67678d45b7cd8c350d04e95baeead6b79c4cff607556fb7129,False,0,4488,4488,cf8bee4faf9f1e67678d45b7cd8c350d04e95baeead6b79c4cff607556fb7129,cf8bee4faf9f1e67678d45b7cd8c350d04e95baeead6b79c4cff607556fb7129,True,0
valid,89,153,236,cf8bee4faf9f1e67678d45b7cd8c350d04e95baeead6b79c4cff607556fb7129,False,0,4488,4488,cf8bee4faf9f1e67678d45b7cd8c350d04e95baeead6b79c4cff607556fb7129,cf8bee4faf9f1e67678d45b7cd8c350d04e95baeead6b79c4cff607556fb7129,True,0
valid,90,442,1051,cf8bee4faf9f1e67678d45b7cd8c350d04e95baeead6b79c4cff607556fb7129,False,0,4488,4488,cf8bee4faf9f1e67678d45b7cd8c350d04e95baeead6b79c4cff607556fb7129,cf8bee4faf9f1e67678d45b7cd8c350d04e95baeead6b79c4cff607556fb7129,True,0
valid,91,903,2031,cf8bee4faf9f1e67678d45b7cd8c350d04e95baeead6b79c4cff607556fb7129,False,0,4488,4488,cf8bee4faf9f1e67678d45b7cd8c350d04e95baeead6b79c4cff607556fb7129,cf8bee4faf9f1e67678d45b7cd8c350d04e95baeead6b79c4cff607556fb7129,True,0
valid,92,30,697,cf8bee4faf9f1e67678d45b7cd8c350d04e95baeead6b79c4cff607556fb7129,False,0,4488,4488,cf8bee4faf9f1e67678d45b7cd8c350d04e95baeead6b79c4cff607556fb7129,cf8bee4faf9f1e67678d45b7cd8c350d04e95baeead6b79c4cff607556fb7129,True,0
valid,93,951,1358,cf8bee4faf9f1e67678d45b7cd8c350d04e95baeead6b79c4cff607556fb7129,False,0,4488,4488,cf8bee4faf9f1e67678d45b7cd8c350d04e95baeead6b79c4cff607556fb7129,cf8bee4faf9f1e67678d45b7cd8c350d04e95baeead6b79c4cff607556fb7129,True,0
valid,94,94,1966,cf8bee4faf9f1e67678d45b7cd8c350d04e95baeead6b79c4cff607556fb7129,False,0,4488,4488,cf8bee4faf9f1e67678d45b7cd8c350d04e95baeead6b79c4cff607556fb7129,cf8bee4faf9f1e67678d45b7cd8c350d04e95baeead6b79c4cff607556fb7129,True,0
valid,95,1064,2351,cf8bee4faf9f1e67678d45b7cd8c350d04e95baeead6b79c4cff607556fb7129,False,0,4488,4488,cf8bee4faf9f1e67678d45b7cd8c350d04e95baeead6b79c4cff607556fb7129,cf8bee4faf9f1e67678d45b7cd8c350d04e95baeead6b79c4cff607556fb7129,True,0
valid,96,687,1358,cf8bee4faf9f1e67678d45b7cd8c350d04e95baeead6b79c4cff607556fb7129,False,0,4488,4488,cf8bee4faf9f1e67678d45b7cd8c350d04e95baeead6b79c4cff607556fb7129,cf8bee4faf9f1e67678d45b7cd8c350d04e95baeead6b79c4cff607556fb7129,True,0
valid,97,565,1723,cf8bee4faf9f1e67678d45b7cd8c350d04e95baeead6b79c4cff607556fb7129,False,0,4488,4488,cf8bee4faf9f1e67678d45b7cd8c350d04e95baeead6b79c4cff607556fb7129,cf8bee4faf9f1e67678d45b7cd8c350d04e95baeead6b79c4cff607556fb7129,True,0
valid,98,907,1916,cf8bee4faf9f1e67678d45b7cd8c350d04e95baeead6b79c4cff607556fb7129,False,0,4488,4488,cf8bee4faf9f1e67678d45b7cd8c350d04e95baeead6b79c4cff607556fb7129,cf8bee4faf9f1e67678d45b7cd8c350d04e95baeead6b79c4cff607556fb7129,True,0
valid,99,389,1743,cf8bee4faf9f1e67678d45b7cd8c350d04e95baeead6b79c4cff607556fb7129,False,0,4488,4488,cf8bee4faf9f1e67678d45b7cd8c350d04e95baeead6b79c4cff607556fb7129,cf8bee4faf9f1e67678d45b7cd8c350d04e95baeead6b79c4cff607556fb7129,True,0
valid,100,407,409,cf8bee4faf9f1e67678d45b7cd8c350d04e95baeead6b79c4cff607556fb7129,False,0,4488,4488,cf8bee4faf9f1e67678d45b7cd8c350d04e95baeead6b79c4cff607556fb7129,cf8bee4faf9f1e67678d45b7cd8c350d04e95baeead6b79c4cff607556fb7129,True,0
valid,101,833,2495,cf8bee4faf9f1e67678d45b7cd8c350d04e95baeead6b79c4cff607556fb7129,False,0,4488,4488,cf8bee4faf9f1e67678d45b7cd8c350d04e95baeead6b79c4cff607556fb7129,cf8bee4faf9f1e67678d45b7cd8c350d04e95baeead6b79c4cff607556fb7129,True,0
valid,102,2124,2125,cf8bee4faf9f1e67678d45b7cd8c350d04e95baeead6b79c4cff607556fb7129,False,0,4488,4488,cf8bee4faf9f1e67678d45b7cd8c350d04e95baeead6b79c4cff607556fb7129,cf8bee4faf9f1e67678d45b7cd8c350d04e95baeead6b79c4cff607556fb7129,True,0
valid,103,2006,2477,cf8bee4faf9f1e67678d45b7cd8c350d04e95baeead6b79c4cff607556fb7129,False,0,4488,4488,cf8bee4faf9f1e67678d45b7cd8c350d04e95baeead6b79c4cff607556fb7129,cf8bee4faf9f1e67678d45b7cd8c350d04e95baeead6b79c4cff607556fb7129,True,0
valid,104,1413,1932,cf8bee4faf9f1e67678d45b7cd8c350d04e95baeead6b79c4cff607556fb7129,False,0,4488,4488,cf8bee4faf9f1e67678d45b7cd8c350d04e95baeead6b79c4cff607556fb7129,cf8bee4faf9f1e67678d45b7cd8c350d04e95baeead6b79c4cff607556fb7129,True,0
valid,105,70,2184,cf8bee4faf9f1e67678d45b7cd8c350d04e95baeead6b79c4cff607556fb7129,False,0,4488,4488,cf8bee4faf9f1e67678d45b7cd8c350d04e95baeead6b79c4cff607556fb7129,cf8bee4faf9f1e67678d45b7cd8c350d04e95baeead6b79c4cff607556fb7129,True,0
valid,106,27,1810,cf8bee4faf9f1e67678d45b7cd8c350d04e95baeead6b79c4cff607556fb7129,False,0,4488,4488,cf8bee4faf9f1e67678d45b7cd8c350d04e95baeead6b79c4cff607556fb7129,cf8bee4faf9f1e67678d45b7cd8c350d04e95baeead6b79c4cff607556fb7129,True,0
valid,107,2103,2385,cf8bee4faf9f1e67678d45b7cd8c350d04e95baeead6b79c4cff607556fb7129,False,0,4488,4488,cf8bee4faf9f1e67678d45b7cd8c350d04e95baeead6b79c4cff607556fb7129,cf8bee4faf9f1e67678d45b7cd8c350d04e95baeead6b79c4cff607556fb7129,True,0
valid,108,898,1836,cf8bee4faf9f1e67678d45b7cd8c350d04e95baeead6b79c4cff607556fb7129,False,0,4488,4488,cf8bee4faf9f1e67678d45b7cd8c350d04e95baeead6b79c4cff607556fb7129,cf8bee4faf9f1e67678d45b7cd8c350d04e95baeead6b79c4cff607556fb7129,True,0
valid,109,1739,1886,cf8bee4faf9f1e67678d45b7cd8c350d04e95baeead6b79c4cff607556fb7129,False,0,4488,4488,cf8bee4faf9f1e67678d45b7cd8c350d04e95baeead6b79c4cff607556fb7129,cf8bee4faf9f1e67678d45b7cd8c350d04e95baeead6b79c4cff607556fb7129,True,0
valid,110,607,1213,cf8bee4faf9f1e67678d45b7cd8c350d04e95baeead6b79c4cff607556fb7129,False,0,4488,4488,cf8bee4faf9f1e67678d45b7cd8c350d04e95baeead6b79c4cff607556fb7129,cf8bee4faf9f1e67678d45b7cd8c350d04e95baeead6b79c4cff607556fb7129,True,0
valid,111,1171,1355,cf8bee4faf9f1e67678d45b7cd8c350d04e95baeead6b79c4cff607556fb7129,False,0,4488,4488,cf8bee4faf9f1e67678d45b7cd8c350d04e95baeead6b79c4cff607556fb7129,cf8bee4faf9f1e67678d45b7cd8c350d04e95baeead6b79c4cff607556fb7129,True,0
valid,112,1226,1956,cf8bee4faf9f1e67678d45b7cd8c350d04e95baeead6b79c4cff607556fb7129,False,0,4488,4488,cf8bee4faf9f1e67678d45b7cd8c350d04e95baeead6b79c4cff607556fb7129,cf8bee4faf9f1e67678d45b7cd8c350d04e95baeead6b79c4cff607556fb7129,True,0
valid,113,1920,2422,cf8bee4faf9f1e67678d45b7cd8c350d04e95baeead6b79c4cff607556fb7129,False,0,4488,4488,cf8bee4faf9f1e67678d45b7cd8c350d04e95baeead6b79c4cff607556fb7129,cf8bee4faf9f1e67678d45b7cd8c350d04e95baeead6b79c4cff607556fb7129,True,0
valid,114,1701,1858,cf8bee4faf9f1e67678d45b7cd8c350d04e95baeead6b79c4cff607556fb7129,False,0,4488,4488,cf8bee4faf9f1e67678d45b7cd8c350d04e95baeead6b79c4cff607556fb7129,cf8bee4faf9f1e67678d45b7cd8c350d04e95baeead6b79c4cff607556fb7129,True,0
valid,115,1033,2168,cf8bee4faf9f1e67678d45b7cd8c350d04e95baeead6b79c4cff607556fb7129,False,0,4488,4488,cf8bee4faf9f1e67678d45b7cd8c350d04e95baeead6b79c4cff607556fb7129,cf8bee4faf9f1e67678d45b7cd8c350d04e95baeead6b79c4cff607556fb7129,True,0
valid,116,1698,2160,cf8bee4faf9f1e67678d45b7cd8c350d04e95baeead6b79c4cff607556fb7129,False,0,4488,4488,cf8bee4faf9f1e67678d45b7cd8c350d04e95baeead6b79c4cff607556fb7129,cf8bee4faf9f1e67678d45b7cd8c350d04e95baeead6b79c4cff607556fb7129,True,0
valid,117,2113,2450,cf8bee4faf9f1e67678d45b7cd8c350d04e95baeead6b79c4cff607556fb7129,False,0,4488,4488,cf8bee4faf9f1e67678d45b7cd8c350d04e95baeead6b79c4cff607556fb7129,cf8bee4faf9f1e67678d45b7cd8c350d04e95baeead6b79c4cff607556fb7129,True,0
valid,118,833,2595,cf8bee4faf9f1e67678d45b7cd8c350d04e95baeead6b79c4cff607556fb7129,False,0,4488,4488,cf8bee4faf9f1e67678d45b7cd8c350d04e95baeead6b79c4cff607556fb7129,cf8bee4faf9f1e67678d45b7cd8c350d04e95baeead6b79c4cff607556fb7129,True,0
valid,119,1687,1721,cf8bee4faf9f1e67678d45b7cd8c350d04e95baeead6b79c4cff607556fb7129,False,0,4488,4488,cf8bee4faf9f1e67678d45b7cd8c350d04e95baeead6b79c4cff607556fb7129,cf8bee4faf9f1e67678d45b7cd8c350d04e95baeead6b79c4cff607556fb7129,True,0
valid,120,23,2159,cf8bee4faf9f1e67678d45b7cd8c350d04e95baeead6b79c4cff607556fb7129,False,0,4488,4488,cf8bee4faf9f1e67678d45b7cd8c350d04e95baeead6b79c4cff607556fb7129,cf8bee4faf9f1e67678d45b7cd8c350d04e95baeead6b79c4cff607556fb7129,True,0
valid,121,394,577,cf8bee4faf9f1e67678d45b7cd8c350d04e95baeead6b79c4cff607556fb7129,False,0,4488,4488,cf8bee4faf9f1e67678d45b7cd8c350d04e95baeead6b79c4cff607556fb7129,cf8bee4faf9f1e67678d45b7cd8c350d04e95baeead6b79c4cff607556fb7129,True,0
valid,122,444,828,cf8bee4faf9f1e67678d45b7cd8c350d04e95baeead6b79c4cff607556fb7129,False,0,4488,4488,cf8bee4faf9f1e67678d45b7cd8c350d04e95baeead6b79c4cff607556fb7129,cf8bee4faf9f1e67678d45b7cd8c350d04e95baeead6b79c4cff607556fb7129,True,0
valid,123,316,1073,cf8bee4faf9f1e67678d45b7cd8c350d04e95baeead6b79c4cff607556fb7129,False,0,4488,4488,cf8bee4faf9f1e67678d45b7cd8c350d04e95baeead6b79c4cff607556fb7129,cf8bee4faf9f1e67678d45b7cd8c350d04e95baeead6b79c4cff607556fb7129,True,0
valid,124,2679,2682,cf8bee4faf9f1e67678d45b7cd8c350d04e95baeead6b79c4cff607556fb7129,False,0,4488,4488,cf8bee4faf9f1e67678d45b7cd8c350d04e95baeead6b79c4cff607556fb7129,cf8bee4faf9f1e67678d45b7cd8c350d04e95baeead6b79c4cff607556fb7129,True,0
valid,125,800,889,cf8bee4faf9f1e67678d45b7cd8c350d04e95baeead6b79c4cff607556fb7129,False,0,4488,4488,cf8bee4faf9f1e67678d45b7cd8c350d04e95baeead6b79c4cff607556fb7129,cf8bee4faf9f1e67678d45b7cd8c350d04e95baeead6b79c4cff607556fb7129,True,0
valid,126,819,1606,cf8bee4faf9f1e67678d45b7cd8c350d04e95baeead6b79c4cff607556fb7129,False,0,4488,4488,cf8bee4faf9f1e67678d45b7cd8c350d04e95baeead6b79c4cff607556fb7129,cf8bee4faf9f1e67678d45b7cd8c350d04e95baeead6b79c4cff607556fb7129,True,0
valid,127,74,1118,cf8bee4faf9f1e67678d45b7cd8c350d04e95baeead6b79c4cff607556fb7129,False,0,4488,4488,cf8bee4faf9f1e67678d45b7cd8c350d04e95baeead6b79c4cff607556fb7129,cf8bee4faf9f1e67678d45b7cd8c350d04e95baeead6b79c4cff607556fb7129,True,0
valid,128,505,1251,cf8bee4faf9f1e67678d45b7cd8c350d04e95baeead6b79c4cff607556fb7129,False,0,4488,4488,cf8bee4faf9f1e67678d45b7cd8c350d04e95baeead6b79c4cff607556fb7129,cf8bee4faf9f1e67678d45b7cd8c350d04e95baeead6b79c4cff607556fb7129,True,0
valid,129,942,1924,cf8bee4faf9f1e67678d45b7cd8c350d04e95baeead6b79c4cff607556fb7129,False,0,4488,4488,cf8bee4faf9f1e67678d45b7cd8c350d04e95baeead6b79c4cff607556fb7129,cf8bee4faf9f1e67678d45b7cd8c350d04e95baeead6b79c4cff607556fb7129,True,0
valid,130,2483,2484,cf8bee4faf9f1e67678d45b7cd8c350d04e95baeead6b79c4cff607556fb7129,False,0,4488,4488,cf8bee4faf9f1e67678d45b7cd8c350d04e95baeead6b79c4cff607556fb7129,cf8bee4faf9f1e67678d45b7cd8c350d04e95baeead6b79c4cff607556fb7129,True,0
valid,131,230,577,cf8bee4faf9f1e67678d45b7cd8c350d04e95baeead6b79c4cff607556fb7129,False,0,4488,4488,cf8bee4faf9f1e67678d45b7cd8c350d04e95baeead6b79c4cff607556fb7129,cf8bee4faf9f1e67678d45b7cd8c350d04e95baeead6b79c4cff607556fb7129,True,0
valid,132,1671,1968,cf8bee4faf9f1e67678d45b7cd8c350d04e95baeead6b79c4cff607556fb7129,False,0,4488,4488,cf8bee4faf9f1e67678d45b7cd8c350d04e95baeead6b79c4cff607556fb7129,cf8bee4faf9f1e67678d45b7cd8c350d04e95baeead6b79c4cff607556fb7129,True,0
valid,133,239,2021,cf8bee4faf9f1e67678d45b7cd8c350d04e95baeead6b79c4cff607556fb7129,False,0,4488,4488,cf8bee4faf9f1e67678d45b7cd8c350d04e95baeead6b79c4cff607556fb7129,cf8bee4faf9f1e67678d45b7cd8c350d04e95baeead6b79c4cff607556fb7129,True,0
valid,134,596,992,cf8bee4faf9f1e67678d45b7cd8c350d04e95baeead6b79c4cff607556fb7129,False,0,4488,4488,cf8bee4faf9f1e67678d45b7cd8c350d04e95baeead6b79c4cff607556fb7129,cf8bee4faf9f1e67678d45b7cd8c350d04e95baeead6b79c4cff607556fb7129,True,0
valid,135,1226,2528,cf8bee4faf9f1e67678d45b7cd8c350d04e95baeead6b79c4cff607556fb7129,False,0,4488,4488,cf8bee4faf9f1e67678d45b7cd8c350d04e95baeead6b79c4cff607556fb7129,cf8bee4faf9f1e67678d45b7cd8c350d04e95baeead6b79c4cff607556fb7129,True,0
valid,136,1013,1625,cf8bee4faf9f1e67678d45b7cd8c350d04e95baeead6b79c4cff607556fb7129,False,0,4488,4488,cf8bee4faf9f1e67678d45b7cd8c350d04e95baeead6b79c4cff607556fb7129,cf8bee4faf9f1e67678d45b7cd8c350d04e95baeead6b79c4cff607556fb7129,True,0
valid,137,912,2130,cf8bee4faf9f1e67678d45b7cd8c350d04e95baeead6b79c4cff607556fb7129,False,0,4488,4488,cf8bee4faf9f1e67678d45b7cd8c350d04e95baeead6b79c4cff607556fb7129,cf8bee4faf9f1e67678d45b7cd8c350d04e95baeead6b79c4cff607556fb7129,True,0
valid,138,399,1769,cf8bee4faf9f1e67678d45b7cd8c350d04e95baeead6b79c4cff607556fb7129,False,0,4488,4488,cf8bee4faf9f1e67678d45b7cd8c350d04e95baeead6b79c4cff607556fb7129,cf8bee4faf9f1e67678d45b7cd8c350d04e95baeead6b79c4cff607556fb7129,True,0
valid,139,704,2450,cf8bee4faf9f1e67678d45b7cd8c350d04e95baeead6b79c4cff607556fb7129,False,0,4488,4488,cf8bee4faf9f1e67678d45b7cd8c350d04e95baeead6b79c4cff607556fb7129,cf8bee4faf9f1e67678d45b7cd8c350d04e95baeead6b79c4cff607556fb7129,True,0
valid,140,1309,2178,cf8bee4faf9f1e67678d45b7cd8c350d04e95baeead6b79c4cff607556fb7129,False,0,4488,4488,cf8bee4faf9f1e67678d45b7cd8c350d04e95baeead6b79c4cff607556fb7129,cf8bee4faf9f1e67678d45b7cd8c350d04e95baeead6b79c4cff607556fb7129,True,0
valid,141,583,2224,cf8bee4faf9f1e67678d45b7cd8c350d04e95baeead6b79c4cff607556fb7129,False,0,4488,4488,cf8bee4faf9f1e67678d45b7cd8c350d04e95baeead6b79c4cff607556fb7129,cf8bee4faf9f1e67678d45b7cd8c350d04e95baeead6b79c4cff607556fb7129,True,0
valid,142,1395,2189,cf8bee4faf9f1e67678d45b7cd8c350d04e95baeead6b79c4cff607556fb7129,False,0,4488,4488,cf8bee4faf9f1e67678d45b7cd8c350d04e95baeead6b79c4cff607556fb7129,cf8bee4faf9f1e67678d45b7cd8c350d04e95baeead6b79c4cff607556fb7129,True,0
valid,143,429,1669,cf8bee4faf9f1e67678d45b7cd8c350d04e95baeead6b79c4cff607556fb7129,False,0,4488,4488,cf8bee4faf9f1e67678d45b7cd8c350d04e95baeead6b79c4cff607556fb7129,cf8bee4faf9f1e67678d45b7cd8c350d04e95baeead6b79c4cff607556fb7129,True,0
valid,144,1184,1190,cf8bee4faf9f1e67678d45b7cd8c350d04e95baeead6b79c4cff607556fb7129,False,0,4488,4488,cf8bee4faf9f1e67678d45b7cd8c350d04e95baeead6b79c4cff607556fb7129,cf8bee4faf9f1e67678d45b7cd8c350d04e95baeead6b79c4cff607556fb7129,True,0
valid,145,778,1224,cf8bee4faf9f1e67678d45b7cd8c350d04e95baeead6b79c4cff607556fb7129,False,0,4488,4488,cf8bee4faf9f1e67678d45b7cd8c350d04e95baeead6b79c4cff607556fb7129,cf8bee4faf9f1e67678d45b7cd8c350d04e95baeead6b79c4cff607556fb7129,True,0
valid,146,318,563,cf8bee4faf9f1e67678d45b7cd8c350d04e95baeead6b79c4cff607556fb7129,False,0,4488,4488,cf8bee4faf9f1e67678d45b7cd8c350d04e95baeead6b79c4cff607556fb7129,cf8bee4faf9f1e67678d45b7cd8c350d04e95baeead6b79c4cff607556fb7129,True,0
valid,147,261,1479,cf8bee4faf9f1e67678d45b7cd8c350d04e95baeead6b79c4cff607556fb7129,False,0,4488,4488,cf8bee4faf9f1e67678d45b7cd8c350d04e95baeead6b79c4cff607556fb7129,cf8bee4faf9f1e67678d45b7cd8c350d04e95baeead6b79c4cff607556fb7129,True,0
valid,148,281,746,cf8bee4faf9f1e67678d45b7cd8c350d04e95baeead6b79c4cff607556fb7129,False,0,4488,4488,cf8bee4faf9f1e67678d45b7cd8c350d04e95baeead6b79c4cff607556fb7129,cf8bee4faf9f1e67678d45b7cd8c350d04e95baeead6b79c4cff607556fb7129,True,0
valid,149,1317,2220,cf8bee4faf9f1e67678d45b7cd8c350d04e95baeead6b79c4cff607556fb7129,False,0,4488,4488,cf8bee4faf9f1e67678d45b7cd8c350d04e95baeead6b79c4cff607556fb7129,cf8bee4faf9f1e67678d45b7cd8c350d04e95baeead6b79c4cff607556fb7129,True,0
valid,150,718,2261,cf8bee4faf9f1e67678d45b7cd8c350d04e95baeead6b79c4cff607556fb7129,False,0,4488,4488,cf8bee4faf9f1e67678d45b7cd8c350d04e95baeead6b79c4cff607556fb7129,cf8bee4faf9f1e67678d45b7cd8c350d04e95baeead6b79c4cff607556fb7129,True,0
valid,151,243,2648,cf8bee4faf9f1e67678d45b7cd8c350d04e95baeead6b79c4cff607556fb7129,False,0,4488,4488,cf8bee4faf9f1e67678d45b7cd8c350d04e95baeead6b79c4cff607556fb7129,cf8bee4faf9f1e67678d45b7cd8c350d04e95baeead6b79c4cff607556fb7129,True,0
valid,152,415,851,cf8bee4faf9f1e67678d45b7cd8c350d04e95baeead6b79c4cff607556fb7129,False,0,4488,4488,cf8bee4faf9f1e67678d45b7cd8c350d04e95baeead6b79c4cff607556fb7129,cf8bee4faf9f1e67678d45b7cd8c350d04e95baeead6b79c4cff607556fb7129,True,0
valid,153,368,1194,cf8bee4faf9f1e67678d45b7cd8c350d04e95baeead6b79c4cff607556fb7129,False,0,4488,4488,cf8bee4faf9f1e67678d45b7cd8c350d04e95baeead6b79c4cff607556fb7129,cf8bee4faf9f1e67678d45b7cd8c350d04e95baeead6b79c4cff607556fb7129,True,0
valid,154,1183,1825,cf8bee4faf9f1e67678d45b7cd8c350d04e95baeead6b79c4cff607556fb7129,False,0,4488,4488,cf8bee4faf9f1e67678d45b7cd8c350d04e95baeead6b79c4cff607556fb7129,cf8bee4faf9f1e67678d45b7cd8c350d04e95baeead6b79c4cff607556fb7129,True,0
valid,155,979,2207,cf8bee4faf9f1e67678d45b7cd8c350d04e95baeead6b79c4cff607556fb7129,False,0,4488,4488,cf8bee4faf9f1e67678d45b7cd8c350d04e95baeead6b79c4cff607556fb7129,cf8bee4faf9f1e67678d45b7cd8c350d04e95baeead6b79c4cff607556fb7129,True,0
valid,156,341,1358,cf8bee4faf9f1e67678d45b7cd8c350d04e95baeead6b79c4cff607556fb7129,False,0,4488,4488,cf8bee4faf9f1e67678d45b7cd8c350d04e95baeead6b79c4cff607556fb7129,cf8bee4faf9f1e67678d45b7cd8c350d04e95baeead6b79c4cff607556fb7129,True,0
valid,157,695,1998,cf8bee4faf9f1e67678d45b7cd8c350d04e95baeead6b79c4cff607556fb7129,False,0,4488,4488,cf8bee4faf9f1e67678d45b7cd8c350d04e95baeead6b79c4cff607556fb7129,cf8bee4faf9f1e67678d45b7cd8c350d04e95baeead6b79c4cff607556fb7129,True,0
valid,158,1358,1516,cf8bee4faf9f1e67678d45b7cd8c350d04e95baeead6b79c4cff607556fb7129,False,0,4488,4488,cf8bee4faf9f1e67678d45b7cd8c350d04e95baeead6b79c4cff607556fb7129,cf8bee4faf9f1e67678d45b7cd8c350d04e95baeead6b79c4cff607556fb7129,True,0
valid,159,546,2127,cf8bee4faf9f1e67678d45b7cd8c350d04e95baeead6b79c4cff607556fb7129,False,0,4488,4488,cf8bee4faf9f1e67678d45b7cd8c350d04e95baeead6b79c4cff607556fb7129,cf8bee4faf9f1e67678d45b7cd8c350d04e95baeead6b79c4cff607556fb7129,True,0
valid,160,1795,1796,cf8bee4faf9f1e67678d45b7cd8c350d04e95baeead6b79c4cff607556fb7129,False,0,4488,4488,cf8bee4faf9f1e67678d45b7cd8c350d04e95baeead6b79c4cff607556fb7129,cf8bee4faf9f1e67678d45b7cd8c350d04e95baeead6b79c4cff607556fb7129,True,0
valid,161,111,1762,cf8bee4faf9f1e67678d45b7cd8c350d04e95baeead6b79c4cff607556fb7129,False,0,4488,4488,cf8bee4faf9f1e67678d45b7cd8c350d04e95baeead6b79c4cff607556fb7129,cf8bee4faf9f1e67678d45b7cd8c350d04e95baeead6b79c4cff607556fb7129,True,0
valid,162,975,2097,cf8bee4faf9f1e67678d45b7cd8c350d04e95baeead6b79c4cff607556fb7129,False,0,4488,4488,cf8bee4faf9f1e67678d45b7cd8c350d04e95baeead6b79c4cff607556fb7129,cf8bee4faf9f1e67678d45b7cd8c350d04e95baeead6b79c4cff607556fb7129,True,0
valid,163,297,598,cf8bee4faf9f1e67678d45b7cd8c350d04e95baeead6b79c4cff607556fb7129,False,0,4488,4488,cf8bee4faf9f1e67678d45b7cd8c350d04e95baeead6b79c4cff607556fb7129,cf8bee4faf9f1e67678d45b7cd8c350d04e95baeead6b79c4cff607556fb7129,True,0
valid,164,121,802,cf8bee4faf9f1e67678d45b7cd8c350d04e95baeead6b79c4cff607556fb7129,False,0,4488,4488,cf8bee4faf9f1e67678d45b7cd8c350d04e95baeead6b79c4cff607556fb7129,cf8bee4faf9f1e67678d45b7cd8c350d04e95baeead6b79c4cff607556fb7129,True,0
valid,165,1973,1975,cf8bee4faf9f1e67678d45b7cd8c350d04e95baeead6b79c4cff607556fb7129,False,0,4488,4488,cf8bee4faf9f1e67678d45b7cd8c350d04e95baeead6b79c4cff607556fb7129,cf8bee4faf9f1e67678d45b7cd8c350d04e95baeead6b79c4cff607556fb7129,True,0
valid,166,897,1494,cf8bee4faf9f1e67678d45b7cd8c350d04e95baeead6b79c4cff607556fb7129,False,0,4488,4488,cf8bee4faf9f1e67678d45b7cd8c350d04e95baeead6b79c4cff607556fb7129,cf8bee4faf9f1e67678d45b7cd8c350d04e95baeead6b79c4cff607556fb7129,True,0
valid,167,65,619,cf8bee4faf9f1e67678d45b7cd8c350d04e95baeead6b79c4cff607556fb7129,False,0,4488,4488,cf8bee4faf9f1e67678d45b7cd8c350d04e95baeead6b79c4cff607556fb7129,cf8bee4faf9f1e67678d45b7cd8c350d04e95baeead6b79c4cff607556fb7129,True,0
valid,168,1163,2132,cf8bee4faf9f1e67678d45b7cd8c350d04e95baeead6b79c4cff607556fb7129,False,0,4488,4488,cf8bee4faf9f1e67678d45b7cd8c350d04e95baeead6b79c4cff607556fb7129,cf8bee4faf9f1e67678d45b7cd8c350d04e95baeead6b79c4cff607556fb7129,True,0
valid,169,490,2099,cf8bee4faf9f1e67678d45b7cd8c350d04e95baeead6b79c4cff607556fb7129,False,0,4488,4488,cf8bee4faf9f1e67678d45b7cd8c350d04e95baeead6b79c4cff607556fb7129,cf8bee4faf9f1e67678d45b7cd8c350d04e95baeead6b79c4cff607556fb7129,True,0
valid,170,1131,1500,cf8bee4faf9f1e67678d45b7cd8c350d04e95baeead6b79c4cff607556fb7129,False,0,4488,4488,cf8bee4faf9f1e67678d45b7cd8c350d04e95baeead6b79c4cff607556fb7129,cf8bee4faf9f1e67678d45b7cd8c350d04e95baeead6b79c4cff607556fb7129,True,0
valid,171,2155,2295,cf8bee4faf9f1e67678d45b7cd8c350d04e95baeead6b79c4cff607556fb7129,False,0,4488,4488,cf8bee4faf9f1e67678d45b7cd8c350d04e95baeead6b79c4cff607556fb7129,cf8bee4faf9f1e67678d45b7cd8c350d04e95baeead6b79c4cff607556fb7129,True,0
valid,172,1658,2018,cf8bee4faf9f1e67678d45b7cd8c350d04e95baeead6b79c4cff607556fb7129,False,0,4488,4488,cf8bee4faf9f1e67678d45b7cd8c350d04e95baeead6b79c4cff607556fb7129,cf8bee4faf9f1e67678d45b7cd8c350d04e95baeead6b79c4cff607556fb7129,True,0
valid,173,861,2068,cf8bee4faf9f1e67678d45b7cd8c350d04e95baeead6b79c4cff607556fb7129,False,0,4488,4488,cf8bee4faf9f1e67678d45b7cd8c350d04e95baeead6b79c4cff607556fb7129,cf8bee4faf9f1e67678d45b7cd8c350d04e95baeead6b79c4cff607556fb7129,True,0
valid,174,1665,1701,cf8bee4faf9f1e67678d45b7cd8c350d04e95baeead6b79c4cff607556fb7129,False,0,4488,4488,cf8bee4faf9f1e67678d45b7cd8c350d04e95baeead6b79c4cff607556fb7129,cf8bee4faf9f1e67678d45b7cd8c350d04e95baeead6b79c4cff607556fb7129,True,0
valid,175,239,1909,cf8bee4faf9f1e67678d45b7cd8c350d04e95baeead6b79c4cff607556fb7129,False,0,4488,4488,cf8bee4faf9f1e67678d45b7cd8c350d04e95baeead6b79c4cff607556fb7129,cf8bee4faf9f1e67678d45b7cd8c350d04e95baeead6b79c4cff607556fb7129,True,0
valid,176,368,1545,cf8bee4faf9f1e67678d45b7cd8c350d04e95baeead6b79c4cff607556fb7129,False,0,4488,4488,cf8bee4faf9f1e67678d45b7cd8c350d04e95baeead6b79c4cff607556fb7129,cf8bee4faf9f1e67678d45b7cd8c350d04e95baeead6b79c4cff607556fb7129,True,0
valid,177,1144,1623,cf8bee4faf9f1e67678d45b7cd8c350d04e95baeead6b79c4cff607556fb7129,False,0,4488,4488,cf8bee4faf9f1e67678d45b7cd8c350d04e95baeead6b79c4cff607556fb7129,cf8bee4faf9f1e67678d45b7cd8c350d04e95baeead6b79c4cff607556fb7129,True,0
valid,178,591,1423,cf8bee4faf9f1e67678d45b7cd8c350d04e95baeead6b79c4cff607556fb7129,False,0,4488,4488,cf8bee4faf9f1e67678d45b7cd8c350d04e95baeead6b79c4cff607556fb7129,cf8bee4faf9f1e67678d45b7cd8c350d04e95baeead6b79c4cff607556fb7129,True,0
valid,179,1240,1443,cf8bee4faf9f1e67678d45b7cd8c350d04e95baeead6b79c4cff607556fb7129,False,0,4488,4488,cf8bee4faf9f1e67678d45b7cd8c350d04e95baeead6b79c4cff607556fb7129,cf8bee4faf9f1e67678d45b7cd8c350d04e95baeead6b79c4cff607556fb7129,True,0
valid,180,719,1810,cf8bee4faf9f1e67678d45b7cd8c350d04e95baeead6b79c4cff607556fb7129,False,0,4488,4488,cf8bee4faf9f1e67678d45b7cd8c350d04e95baeead6b79c4cff607556fb7129,cf8bee4faf9f1e67678d45b7cd8c350d04e95baeead6b79c4cff607556fb7129,True,0
valid,181,695,948,cf8bee4faf9f1e67678d45b7cd8c350d04e95baeead6b79c4cff607556fb7129,False,0,4488,4488,cf8bee4faf9f1e67678d45b7cd8c350d04e95baeead6b79c4cff607556fb7129,cf8bee4faf9f1e67678d45b7cd8c350d04e95baeead6b79c4cff607556fb7129,True,0
valid,182,33,911,cf8bee4faf9f1e67678d45b7cd8c350d04e95baeead6b79c4cff607556fb7129,False,0,4488,4488,cf8bee4faf9f1e67678d45b7cd8c350d04e95baeead6b79c4cff607556fb7129,cf8bee4faf9f1e67678d45b7cd8c350d04e95baeead6b79c4cff607556fb7129,True,0
valid,183,1016,1256,cf8bee4faf9f1e67678d45b7cd8c350d04e95baeead6b79c4cff607556fb7129,False,0,4488,4488,cf8bee4faf9f1e67678d45b7cd8c350d04e95baeead6b79c4cff607556fb7129,cf8bee4faf9f1e67678d45b7cd8c350d04e95baeead6b79c4cff607556fb7129,True,0
valid,184,147,1976,cf8bee4faf9f1e67678d45b7cd8c350d04e95baeead6b79c4cff607556fb7129,False,0,4488,4488,cf8bee4faf9f1e67678d45b7cd8c350d04e95baeead6b79c4cff607556fb7129,cf8bee4faf9f1e67678d45b7cd8c350d04e95baeead6b79c4cff607556fb7129,True,0
valid,185,71,206,cf8bee4faf9f1e67678d45b7cd8c350d04e95baeead6b79c4cff607556fb7129,False,0,4488,4488,cf8bee4faf9f1e67678d45b7cd8c350d04e95baeead6b79c4cff607556fb7129,cf8bee4faf9f1e67678d45b7cd8c350d04e95baeead6b79c4cff607556fb7129,True,0
valid,186,2615,2696,cf8bee4faf9f1e67678d45b7cd8c350d04e95baeead6b79c4cff607556fb7129,False,0,4488,4488,cf8bee4faf9f1e67678d45b7cd8c350d04e95baeead6b79c4cff607556fb7129,cf8bee4faf9f1e67678d45b7cd8c350d04e95baeead6b79c4cff607556fb7129,True,0
valid,187,741,1282,cf8bee4faf9f1e67678d45b7cd8c350d04e95baeead6b79c4cff607556fb7129,False,0,4488,4488,cf8bee4faf9f1e67678d45b7cd8c350d04e95baeead6b79c4cff607556fb7129,cf8bee4faf9f1e67678d45b7cd8c350d04e95baeead6b79c4cff607556fb7129,True,0
valid,188,623,2464,cf8bee4faf9f1e67678d45b7cd8c350d04e95baeead6b79c4cff607556fb7129,False,0,4488,4488,cf8bee4faf9f1e67678d45b7cd8c350d04e95baeead6b79c4cff607556fb7129,cf8bee4faf9f1e67678d45b7cd8c350d04e95baeead6b79c4cff607556fb7129,True,0
valid,189,570,2430,cf8bee4faf9f1e67678d45b7cd8c350d04e95baeead6b79c4cff607556fb7129,False,0,4488,4488,cf8bee4faf9f1e67678d45b7cd8c350d04e95baeead6b79c4cff607556fb7129,cf8bee4faf9f1e67678d45b7cd8c350d04e95baeead6b79c4cff607556fb7129,True,0
valid,190,643,2407,cf8bee4faf9f1e67678d45b7cd8c350d04e95baeead6b79c4cff607556fb7129,False,0,4488,4488,cf8bee4faf9f1e67678d45b7cd8c350d04e95baeead6b79c4cff607556fb7129,cf8bee4faf9f1e67678d45b7cd8c350d04e95baeead6b79c4cff607556fb7129,True,0
valid,191,1609,1791,cf8bee4faf9f1e67678d45b7cd8c350d04e95baeead6b79c4cff607556fb7129,False,0,4488,4488,cf8bee4faf9f1e67678d45b7cd8c350d04e95baeead6b79c4cff607556fb7129,cf8bee4faf9f1e67678d45b7cd8c350d04e95baeead6b79c4cff607556fb7129,True,0
valid,192,1464,1482,cf8bee4faf9f1e67678d45b7cd8c350d04e95baeead6b79c4cff607556fb7129,False,0,4488,4488,cf8bee4faf9f1e67678d45b7cd8c350d04e95baeead6b79c4cff607556fb7129,cf8bee4faf9f1e67678d45b7cd8c350d04e95baeead6b79c4cff607556fb7129,True,0
valid,193,2367,2369,cf8bee4faf9f1e67678d45b7cd8c350d04e95baeead6b79c4cff607556fb7129,False,0,4488,4488,cf8bee4faf9f1e67678d45b7cd8c350d04e95baeead6b79c4cff607556fb7129,cf8bee4faf9f1e67678d45b7cd8c350d04e95baeead6b79c4cff607556fb7129,True,0
valid,194,55,2021,cf8bee4faf9f1e67678d45b7cd8c350d04e95baeead6b79c4cff607556fb7129,False,0,4488,4488,cf8bee4faf9f1e67678d45b7cd8c350d04e95baeead6b79c4cff607556fb7129,cf8bee4faf9f1e67678d45b7cd8c350d04e95baeead6b79c4cff607556fb7129,True,0
valid,195,438,718,cf8bee4faf9f1e67678d45b7cd8c350d04e95baeead6b79c4cff607556fb7129,False,0,4488,4488,cf8bee4faf9f1e67678d45b7cd8c350d04e95baeead6b79c4cff607556fb7129,cf8bee4faf9f1e67678d45b7cd8c350d04e95baeead6b79c4cff607556fb7129,True,0
valid,196,877,1542,cf8bee4faf9f1e67678d45b7cd8c350d04e95baeead6b79c4cff607556fb7129,False,0,4488,4488,cf8bee4faf9f1e67678d45b7cd8c350d04e95baeead6b79c4cff607556fb7129,cf8bee4faf9f1e67678d45b7cd8c350d04e95baeead6b79c4cff607556fb7129,True,0
valid,197,1441,1700,cf8bee4faf9f1e67678d45b7cd8c350d04e95baeead6b79c4cff607556fb7129,False,0,4488,4488,cf8bee4faf9f1e67678d45b7cd8c350d04e95baeead6b79c4cff607556fb7129,cf8bee4faf9f1e67678d45b7cd8c350d04e95baeead6b79c4cff607556fb7129,True,0
valid,198,1810,1869,cf8bee4faf9f1e67678d45b7cd8c350d04e95baeead6b79c4cff607556fb7129,False,0,4488,4488,cf8bee4faf9f1e67678d45b7cd8c350d04e95baeead6b79c4cff607556fb7129,cf8bee4faf9f1e67678d45b7cd8c350d04e95baeead6b79c4cff607556fb7129,True,0
valid,199,392,1415,cf8bee4faf9f1e67678d45b7cd8c350d04e95baeead6b79c4cff607556fb7129,False,0,4488,4488,cf8bee4faf9f1e67678d45b7cd8c350d04e95baeead6b79c4cff607556fb7129,cf8bee4faf9f1e67678d45b7cd8c350d04e95baeead6b79c4cff607556fb7129,True,0
valid,200,41,1914,cf8bee4faf9f1e67678d45b7cd8c350d04e95baeead6b79c4cff607556fb7129,False,0,4488,4488,cf8bee4faf9f1e67678d45b7cd8c350d04e95baeead6b79c4cff607556fb7129,cf8bee4faf9f1e67678d45b7cd8c350d04e95baeead6b79c4cff607556fb7129,True,0
valid,201,1282,1283,cf8bee4faf9f1e67678d45b7cd8c350d04e95baeead6b79c4cff607556fb7129,False,0,4488,4488,cf8bee4faf9f1e67678d45b7cd8c350d04e95baeead6b79c4cff607556fb7129,cf8bee4faf9f1e67678d45b7cd8c350d04e95baeead6b79c4cff607556fb7129,True,0
valid,202,248,1531,cf8bee4faf9f1e67678d45b7cd8c350d04e95baeead6b79c4cff607556fb7129,False,0,4488,4488,cf8bee4faf9f1e67678d45b7cd8c350d04e95baeead6b79c4cff607556fb7129,cf8bee4faf9f1e67678d45b7cd8c350d04e95baeead6b79c4cff607556fb7129,True,0
valid,203,621,1332,cf8bee4faf9f1e67678d45b7cd8c350d04e95baeead6b79c4cff607556fb7129,False,0,4488,4488,cf8bee4faf9f1e67678d45b7cd8c350d04e95baeead6b79c4cff607556fb7129,cf8bee4faf9f1e67678d45b7cd8c350d04e95baeead6b79c4cff607556fb7129,True,0
valid,204,95,1580,cf8bee4faf9f1e67678d45b7cd8c350d04e95baeead6b79c4cff607556fb7129,False,0,4488,4488,cf8bee4faf9f1e67678d45b7cd8c350d04e95baeead6b79c4cff607556fb7129,cf8bee4faf9f1e67678d45b7cd8c350d04e95baeead6b79c4cff607556fb7129,True,0
valid,205,487,1772,cf8bee4faf9f1e67678d45b7cd8c350d04e95baeead6b79c4cff607556fb7129,False,0,4488,4488,cf8bee4faf9f1e67678d45b7cd8c350d04e95baeead6b79c4cff607556fb7129,cf8bee4faf9f1e67678d45b7cd8c350d04e95baeead6b79c4cff607556fb7129,True,0
valid,206,487,1798,cf8bee4faf9f1e67678d45b7cd8c350d04e95baeead6b79c4cff607556fb7129,False,0,4488,4488,cf8bee4faf9f1e67678d45b7cd8c350d04e95baeead6b79c4cff607556fb7129,cf8bee4faf9f1e67678d45b7cd8c350d04e95baeead6b79c4cff607556fb7129,True,0
valid,207,1212,1701,cf8bee4faf9f1e67678d45b7cd8c350d04e95baeead6b79c4cff607556fb7129,False,0,4488,4488,cf8bee4faf9f1e67678d45b7cd8c350d04e95baeead6b79c4cff607556fb7129,cf8bee4faf9f1e67678d45b7cd8c350d04e95baeead6b79c4cff607556fb7129,True,0
valid,208,454,581,cf8bee4faf9f1e67678d45b7cd8c350d04e95baeead6b79c4cff607556fb7129,False,0,4488,4488,cf8bee4faf9f1e67678d45b7cd8c350d04e95baeead6b79c4cff607556fb7129,cf8bee4faf9f1e67678d45b7cd8c350d04e95baeead6b79c4cff607556fb7129,True,0
valid,209,1376,1848,cf8bee4faf9f1e67678d45b7cd8c350d04e95baeead6b79c4cff607556fb7129,False,0,4488,4488,cf8bee4faf9f1e67678d45b7cd8c350d04e95baeead6b79c4cff607556fb7129,cf8bee4faf9f1e67678d45b7cd8c350d04e95baeead6b79c4cff607556fb7129,True,0
valid,210,1169,1737,cf8bee4faf9f1e67678d45b7cd8c350d04e95baeead6b79c4cff607556fb7129,False,0,4488,4488,cf8bee4faf9f1e67678d45b7cd8c350d04e95baeead6b79c4cff607556fb7129,cf8bee4faf9f1e67678d45b7cd8c350d04e95baeead6b79c4cff607556fb7129,True,0
valid,211,36,1640,cf8bee4faf9f1e67678d45b7cd8c350d04e95baeead6b79c4cff607556fb7129,False,0,4488,4488,cf8bee4faf9f1e67678d45b7cd8c350d04e95baeead6b79c4cff607556fb7129,cf8bee4faf9f1e67678d45b7cd8c350d04e95baeead6b79c4cff607556fb7129,True,0
valid,212,1022,1962,cf8bee4faf9f1e67678d45b7cd8c350d04e95baeead6b79c4cff607556fb7129,False,0,4488,4488,cf8bee4faf9f1e67678d45b7cd8c350d04e95baeead6b79c4cff607556fb7129,cf8bee4faf9f1e67678d45b7cd8c350d04e95baeead6b79c4cff607556fb7129,True,0
valid,213,227,534,cf8bee4faf9f1e67678d45b7cd8c350d04e95baeead6b79c4cff607556fb7129,False,0,4488,4488,cf8bee4faf9f1e67678d45b7cd8c350d04e95baeead6b79c4cff607556fb7129,cf8bee4faf9f1e67678d45b7cd8c350d04e95baeead6b79c4cff607556fb7129,True,0
valid,214,1061,2376,cf8bee4faf9f1e67678d45b7cd8c350d04e95baeead6b79c4cff607556fb7129,False,0,4488,4488,cf8bee4faf9f1e67678d45b7cd8c350d04e95baeead6b79c4cff607556fb7129,cf8bee4faf9f1e67678d45b7cd8c350d04e95baeead6b79c4cff607556fb7129,True,0
valid,215,1183,1824,cf8bee4faf9f1e67678d45b7cd8c350d04e95baeead6b79c4cff607556fb7129,False,0,4488,4488,cf8bee4faf9f1e67678d45b7cd8c350d04e95baeead6b79c4cff607556fb7129,cf8bee4faf9f1e67678d45b7cd8c350d04e95baeead6b79c4cff607556fb7129,True,0
valid,216,22,2238,cf8bee4faf9f1e67678d45b7cd8c350d04e95baeead6b79c4cff607556fb7129,False,0,4488,4488,cf8bee4faf9f1e67678d45b7cd8c350d04e95baeead6b79c4cff607556fb7129,cf8bee4faf9f1e67678d45b7cd8c350d04e95baeead6b79c4cff607556fb7129,True,0
valid,217,1067,1216,cf8bee4faf9f1e67678d45b7cd8c350d04e95baeead6b79c4cff607556fb7129,False,0,4488,4488,cf8bee4faf9f1e67678d45b7cd8c350d04e95baeead6b79c4cff607556fb7129,cf8bee4faf9f1e67678d45b7cd8c350d04e95baeead6b79c4cff607556fb7129,True,0
valid,218,834,2168,cf8bee4faf9f1e67678d45b7cd8c350d04e95baeead6b79c4cff607556fb7129,False,0,4488,4488,cf8bee4faf9f1e67678d45b7cd8c350d04e95baeead6b79c4cff607556fb7129,cf8bee4faf9f1e67678d45b7cd8c350d04e95baeead6b79c4cff607556fb7129,True,0
valid,219,177,2682,cf8bee4faf9f1e67678d45b7cd8c350d04e95baeead6b79c4cff607556fb7129,False,0,4488,4488,cf8bee4faf9f1e67678d45b7cd8c350d04e95baeead6b79c4cff607556fb7129,cf8bee4faf9f1e67678d45b7cd8c350d04e95baeead6b79c4cff607556fb7129,True,0
valid,220,778,1370,cf8bee4faf9f1e67678d45b7cd8c350d04e95baeead6b79c4cff607556fb7129,False,0,4488,4488,cf8bee4faf9f1e67678d45b7cd8c350d04e95baeead6b79c4cff607556fb7129,cf8bee4faf9f1e67678d45b7cd8c350d04e95baeead6b79c4cff607556fb7129,True,0
valid,221,779,1914,cf8bee4faf9f1e67678d45b7cd8c350d04e95baeead6b79c4cff607556fb7129,False,0,4488,4488,cf8bee4faf9f1e67678d45b7cd8c350d04e95baeead6b79c4cff607556fb7129,cf8bee4faf9f1e67678d45b7cd8c350d04e95baeead6b79c4cff607556fb7129,True,0
valid,222,449,1280,cf8bee4faf9f1e67678d45b7cd8c350d04e95baeead6b79c4cff607556fb7129,False,0,4488,4488,cf8bee4faf9f1e67678d45b7cd8c350d04e95baeead6b79c4cff607556fb7129,cf8bee4faf9f1e67678d45b7cd8c350d04e95baeead6b79c4cff607556fb7129,True,0
valid,223,333,1358,cf8bee4faf9f1e67678d45b7cd8c350d04e95baeead6b79c4cff607556fb7129,False,0,4488,4488,cf8bee4faf9f1e67678d45b7cd8c350d04e95baeead6b79c4cff607556fb7129,cf8bee4faf9f1e67678d45b7cd8c350d04e95baeead6b79c4cff607556fb7129,True,0
valid,224,1508,1894,cf8bee4faf9f1e67678d45b7cd8c350d04e95baeead6b79c4cff607556fb7129,False,0,4488,4488,cf8bee4faf9f1e67678d45b7cd8c350d04e95baeead6b79c4cff607556fb7129,cf8bee4faf9f1e67678d45b7cd8c350d04e95baeead6b79c4cff607556fb7129,True,0
valid,225,306,1158,cf8bee4faf9f1e67678d45b7cd8c350d04e95baeead6b79c4cff607556fb7129,False,0,4488,4488,cf8bee4faf9f1e67678d45b7cd8c350d04e95baeead6b79c4cff607556fb7129,cf8bee4faf9f1e67678d45b7cd8c350d04e95baeead6b79c4cff607556fb7129,True,0
valid,226,1228,1536,cf8bee4faf9f1e67678d45b7cd8c350d04e95baeead6b79c4cff607556fb7129,False,0,4488,4488,cf8bee4faf9f1e67678d45b7cd8c350d04e95baeead6b79c4cff607556fb7129,cf8bee4faf9f1e67678d45b7cd8c350d04e95baeead6b79c4cff607556fb7129,True,0
valid,227,55,1983,cf8bee4faf9f1e67678d45b7cd8c350d04e95baeead6b79c4cff607556fb7129,False,0,4488,4488,cf8bee4faf9f1e67678d45b7cd8c350d04e95baeead6b79c4cff607556fb7129,cf8bee4faf9f1e67678d45b7cd8c350d04e95baeead6b79c4cff607556fb7129,True,0
valid,228,1178,1984,cf8bee4faf9f1e67678d45b7cd8c350d04e95baeead6b79c4cff607556fb7129,False,0,4488,4488,cf8bee4faf9f1e67678d45b7cd8c350d04e95baeead6b79c4cff607556fb7129,cf8bee4faf9f1e67678d45b7cd8c350d04e95baeead6b79c4cff607556fb7129,True,0
valid,229,84,2223,cf8bee4faf9f1e67678d45b7cd8c350d04e95baeead6b79c4cff607556fb7129,False,0,4488,4488,cf8bee4faf9f1e67678d45b7cd8c350d04e95baeead6b79c4cff607556fb7129,cf8bee4faf9f1e67678d45b7cd8c350d04e95baeead6b79c4cff607556fb7129,True,0
valid,230,133,452,cf8bee4faf9f1e67678d45b7cd8c350d04e95baeead6b79c4cff607556fb7129,False,0,4488,4488,cf8bee4faf9f1e67678d45b7cd8c350d04e95baeead6b79c4cff607556fb7129,cf8bee4faf9f1e67678d45b7cd8c350d04e95baeead6b79c4cff607556fb7129,True,0
valid,231,1542,1577,cf8bee4faf9f1e67678d45b7cd8c350d04e95baeead6b79c4cff607556fb7129,False,0,4488,4488,cf8bee4faf9f1e67678d45b7cd8c350d04e95baeead6b79c4cff607556fb7129,cf8bee4faf9f1e67678d45b7cd8c350d04e95baeead6b79c4cff607556fb7129,True,0
valid,232,754,1483,cf8bee4faf9f1e67678d45b7cd8c350d04e95baeead6b79c4cff607556fb7129,False,0,4488,4488,cf8bee4faf9f1e67678d45b7cd8c350d04e95baeead6b79c4cff607556fb7129,cf8bee4faf9f1e67678d45b7cd8c350d04e95baeead6b79c4cff607556fb7129,True,0
valid,233,822,1973,cf8bee4faf9f1e67678d45b7cd8c350d04e95baeead6b79c4cff607556fb7129,False,0,4488,4488,cf8bee4faf9f1e67678d45b7cd8c350d04e95baeead6b79c4cff607556fb7129,cf8bee4faf9f1e67678d45b7cd8c350d04e95baeead6b79c4cff607556fb7129,True,0
valid,234,109,426,cf8bee4faf9f1e67678d45b7cd8c350d04e95baeead6b79c4cff607556fb7129,False,0,4488,4488,cf8bee4faf9f1e67678d45b7cd8c350d04e95baeead6b79c4cff607556fb7129,cf8bee4faf9f1e67678d45b7cd8c350d04e95baeead6b79c4cff607556fb7129,True,0
valid,235,610,826,cf8bee4faf9f1e67678d45b7cd8c350d04e95baeead6b79c4cff607556fb7129,False,0,4488,4488,cf8bee4faf9f1e67678d45b7cd8c350d04e95baeead6b79c4cff607556fb7129,cf8bee4faf9f1e67678d45b7cd8c350d04e95baeead6b79c4cff607556fb7129,True,0
valid,236,566,1986,cf8bee4faf9f1e67678d45b7cd8c350d04e95baeead6b79c4cff607556fb7129,False,0,4488,4488,cf8bee4faf9f1e67678d45b7cd8c350d04e95baeead6b79c4cff607556fb7129,cf8bee4faf9f1e67678d45b7cd8c350d04e95baeead6b79c4cff607556fb7129,True,0
valid,237,1165,1593,cf8bee4faf9f1e67678d45b7cd8c350d04e95baeead6b79c4cff607556fb7129,False,0,4488,4488,cf8bee4faf9f1e67678d45b7cd8c350d04e95baeead6b79c4cff607556fb7129,cf8bee4faf9f1e67678d45b7cd8c350d04e95baeead6b79c4cff607556fb7129,True,0
valid,238,595,2176,cf8bee4faf9f1e67678d45b7cd8c350d04e95baeead6b79c4cff607556fb7129,False,0,4488,4488,cf8bee4faf9f1e67678d45b7cd8c350d04e95baeead6b79c4cff607556fb7129,cf8bee4faf9f1e67678d45b7cd8c350d04e95baeead6b79c4cff607556fb7129,True,0
valid,239,76,2178,cf8bee4faf9f1e67678d45b7cd8c350d04e95baeead6b79c4cff607556fb7129,False,0,4488,4488,cf8bee4faf9f1e67678d45b7cd8c350d04e95baeead6b79c4cff607556fb7129,cf8bee4faf9f1e67678d45b7cd8c350d04e95baeead6b79c4cff607556fb7129,True,0
valid,240,598,2707,cf8bee4faf9f1e67678d45b7cd8c350d04e95baeead6b79c4cff607556fb7129,False,0,4488,4488,cf8bee4faf9f1e67678d45b7cd8c350d04e95baeead6b79c4cff607556fb7129,cf8bee4faf9f1e67678d45b7cd8c350d04e95baeead6b79c4cff607556fb7129,True,0
valid,241,88,1288,cf8bee4faf9f1e67678d45b7cd8c350d04e95baeead6b79c4cff607556fb7129,False,0,4488,4488,cf8bee4faf9f1e67678d45b7cd8c350d04e95baeead6b79c4cff607556fb7129,cf8bee4faf9f1e67678d45b7cd8c350d04e95baeead6b79c4cff607556fb7129,True,0
valid,242,2636,2693,cf8bee4faf9f1e67678d45b7cd8c350d04e95baeead6b79c4cff607556fb7129,False,0,4488,4488,cf8bee4faf9f1e67678d45b7cd8c350d04e95baeead6b79c4cff607556fb7129,cf8bee4faf9f1e67678d45b7cd8c350d04e95baeead6b79c4cff607556fb7129,True,0
valid,243,823,1169,cf8bee4faf9f1e67678d45b7cd8c350d04e95baeead6b79c4cff607556fb7129,False,0,4488,4488,cf8bee4faf9f1e67678d45b7cd8c350d04e95baeead6b79c4cff607556fb7129,cf8bee4faf9f1e67678d45b7cd8c350d04e95baeead6b79c4cff607556fb7129,True,0
valid,244,1360,1650,cf8bee4faf9f1e67678d45b7cd8c350d04e95baeead6b79c4cff607556fb7129,False,0,4488,4488,cf8bee4faf9f1e67678d45b7cd8c350d04e95baeead6b79c4cff607556fb7129,cf8bee4faf9f1e67678d45b7cd8c350d04e95baeead6b79c4cff607556fb7129,True,0
valid,245,802,1307,cf8bee4faf9f1e67678d45b7cd8c350d04e95baeead6b79c4cff607556fb7129,False,0,4488,4488,cf8bee4faf9f1e67678d45b7cd8c350d04e95baeead6b79c4cff607556fb7129,cf8bee4faf9f1e67678d45b7cd8c350d04e95baeead6b79c4cff607556fb7129,True,0
valid,246,1623,1780,cf8bee4faf9f1e67678d45b7cd8c350d04e95baeead6b79c4cff607556fb7129,False,0,4488,4488,cf8bee4faf9f1e67678d45b7cd8c350d04e95baeead6b79c4cff607556fb7129,cf8bee4faf9f1e67678d45b7cd8c350d04e95baeead6b79c4cff607556fb7129,True,0
valid,247,805,2236,cf8bee4faf9f1e67678d45b7cd8c350d04e95baeead6b79c4cff607556fb7129,False,0,4488,4488,cf8bee4faf9f1e67678d45b7cd8c350d04e95baeead6b79c4cff607556fb7129,cf8bee4faf9f1e67678d45b7cd8c350d04e95baeead6b79c4cff607556fb7129,True,0
valid,248,9,723,cf8bee4faf9f1e67678d45b7cd8c350d04e95baeead6b79c4cff607556fb7129,False,0,4488,4488,cf8bee4faf9f1e67678d45b7cd8c350d04e95baeead6b79c4cff607556fb7129,cf8bee4faf9f1e67678d45b7cd8c350d04e95baeead6b79c4cff607556fb7129,True,0
valid,249,571,1570,cf8bee4faf9f1e67678d45b7cd8c350d04e95baeead6b79c4cff607556fb7129,False,0,4488,4488,cf8bee4faf9f1e67678d45b7cd8c350d04e95baeead6b79c4cff607556fb7129,cf8bee4faf9f1e67678d45b7cd8c350d04e95baeead6b79c4cff607556fb7129,True,0
valid,250,146,2059,cf8bee4faf9f1e67678d45b7cd8c350d04e95baeead6b79c4cff607556fb7129,False,0,4488,4488,cf8bee4faf9f1e67678d45b7cd8c350d04e95baeead6b79c4cff607556fb7129,cf8bee4faf9f1e67678d45b7cd8c350d04e95baeead6b79c4cff607556fb7129,True,0
valid,251,631,2358,cf8bee4faf9f1e67678d45b7cd8c350d04e95baeead6b79c4cff607556fb7129,False,0,4488,4488,cf8bee4faf9f1e67678d45b7cd8c350d04e95baeead6b79c4cff607556fb7129,cf8bee4faf9f1e67678d45b7cd8c350d04e95baeead6b79c4cff607556fb7129,True,0
valid,252,1106,2501,cf8bee4faf9f1e67678d45b7cd8c350d04e95baeead6b79c4cff607556fb7129,False,0,4488,4488,cf8bee4faf9f1e67678d45b7cd8c350d04e95baeead6b79c4cff607556fb7129,cf8bee4faf9f1e67678d45b7cd8c350d04e95baeead6b79c4cff607556fb7129,True,0
valid,253,239,1376,cf8bee4faf9f1e67678d45b7cd8c350d04e95baeead6b79c4cff607556fb7129,False,0,4488,4488,cf8bee4faf9f1e67678d45b7cd8c350d04e95baeead6b79c4cff607556fb7129,cf8bee4faf9f1e67678d45b7cd8c350d04e95baeead6b79c4cff607556fb7129,True,0
valid,254,647,1360,cf8bee4faf9f1e67678d45b7cd8c350d04e95baeead6b79c4cff607556fb7129,False,0,4488,4488,cf8bee4faf9f1e67678d45b7cd8c350d04e95baeead6b79c4cff607556fb7129,cf8bee4faf9f1e67678d45b7cd8c350d04e95baeead6b79c4cff607556fb7129,True,0
valid,255,1554,2688,cf8bee4faf9f1e67678d45b7cd8c350d04e95baeead6b79c4cff607556fb7129,False,0,4488,4488,cf8bee4faf9f1e67678d45b7cd8c350d04e95baeead6b79c4cff607556fb7129,cf8bee4faf9f1e67678d45b7cd8c350d04e95baeead6b79c4cff607556fb7129,True,0
valid,256,1703,1968,cf8bee4faf9f1e67678d45b7cd8c350d04e95baeead6b79c4cff607556fb7129,False,0,4488,4488,cf8bee4faf9f1e67678d45b7cd8c350d04e95baeead6b79c4cff607556fb7129,cf8bee4faf9f1e67678d45b7cd8c350d04e95baeead6b79c4cff607556fb7129,True,0
valid,257,107,971,cf8bee4faf9f1e67678d45b7cd8c350d04e95baeead6b79c4cff607556fb7129,False,0,4488,4488,cf8bee4faf9f1e67678d45b7cd8c350d04e95baeead6b79c4cff607556fb7129,cf8bee4faf9f1e67678d45b7cd8c350d04e95baeead6b79c4cff607556fb7129,True,0
valid,258,805,963,cf8bee4faf9f1e67678d45b7cd8c350d04e95baeead6b79c4cff607556fb7129,False,0,4488,4488,cf8bee4faf9f1e67678d45b7cd8c350d04e95baeead6b79c4cff607556fb7129,cf8bee4faf9f1e67678d45b7cd8c350d04e95baeead6b79c4cff607556fb7129,True,0
valid,259,1666,2381,cf8bee4faf9f1e67678d45b7cd8c350d04e95baeead6b79c4cff607556fb7129,False,0,4488,4488,cf8bee4faf9f1e67678d45b7cd8c350d04e95baeead6b79c4cff607556fb7129,cf8bee4faf9f1e67678d45b7cd8c350d04e95baeead6b79c4cff607556fb7129,True,0
valid,260,1432,2663,cf8bee4faf9f1e67678d45b7cd8c350d04e95baeead6b79c4cff607556fb7129,False,0,4488,4488,cf8bee4faf9f1e67678d45b7cd8c350d04e95baeead6b79c4cff607556fb7129,cf8bee4faf9f1e67678d45b7cd8c350d04e95baeead6b79c4cff607556fb7129,True,0
valid,261,2554,2689,cf8bee4faf9f1e67678d45b7cd8c350d04e95baeead6b79c4cff607556fb7129,False,0,4488,4488,cf8bee4faf9f1e67678d45b7cd8c350d04e95baeead6b79c4cff607556fb7129,cf8bee4faf9f1e67678d45b7cd8c350d04e95baeead6b79c4cff607556fb7129,True,0
valid,262,1248,2045,cf8bee4faf9f1e67678d45b7cd8c350d04e95baeead6b79c4cff607556fb7129,False,0,4488,4488,cf8bee4faf9f1e67678d45b7cd8c350d04e95baeead6b79c4cff607556fb7129,cf8bee4faf9f1e67678d45b7cd8c350d04e95baeead6b79c4cff607556fb7129,True,0
test,0,733,1062,cf8bee4faf9f1e67678d45b7cd8c350d04e95baeead6b79c4cff607556fb7129,False,0,4488,4488,cf8bee4faf9f1e67678d45b7cd8c350d04e95baeead6b79c4cff607556fb7129,cf8bee4faf9f1e67678d45b7cd8c350d04e95baeead6b79c4cff607556fb7129,True,0
test,1,1416,1468,cf8bee4faf9f1e67678d45b7cd8c350d04e95baeead6b79c4cff607556fb7129,False,0,4488,4488,cf8bee4faf9f1e67678d45b7cd8c350d04e95baeead6b79c4cff607556fb7129,cf8bee4faf9f1e67678d45b7cd8c350d04e95baeead6b79c4cff607556fb7129,True,0
test,2,350,1778,cf8bee4faf9f1e67678d45b7cd8c350d04e95baeead6b79c4cff607556fb7129,False,0,4488,4488,cf8bee4faf9f1e67678d45b7cd8c350d04e95baeead6b79c4cff607556fb7129,cf8bee4faf9f1e67678d45b7cd8c350d04e95baeead6b79c4cff607556fb7129,True,0
test,3,1602,2073,cf8bee4faf9f1e67678d45b7cd8c350d04e95baeead6b79c4cff607556fb7129,False,0,4488,4488,cf8bee4faf9f1e67678d45b7cd8c350d04e95baeead6b79c4cff607556fb7129,cf8bee4faf9f1e67678d45b7cd8c350d04e95baeead6b79c4cff607556fb7129,True,0
test,4,507,1300,cf8bee4faf9f1e67678d45b7cd8c350d04e95baeead6b79c4cff607556fb7129,False,0,4488,4488,cf8bee4faf9f1e67678d45b7cd8c350d04e95baeead6b79c4cff607556fb7129,cf8bee4faf9f1e67678d45b7cd8c350d04e95baeead6b79c4cff607556fb7129,True,0
test,5,1682,2189,cf8bee4faf9f1e67678d45b7cd8c350d04e95baeead6b79c4cff607556fb7129,False,0,4488,4488,cf8bee4faf9f1e67678d45b7cd8c350d04e95baeead6b79c4cff607556fb7129,cf8bee4faf9f1e67678d45b7cd8c350d04e95baeead6b79c4cff607556fb7129,True,0
test,6,306,1798,cf8bee4faf9f1e67678d45b7cd8c350d04e95baeead6b79c4cff607556fb7129,False,0,4488,4488,cf8bee4faf9f1e67678d45b7cd8c350d04e95baeead6b79c4cff607556fb7129,cf8bee4faf9f1e67678d45b7cd8c350d04e95baeead6b79c4cff607556fb7129,True,0
test,7,661,1878,cf8bee4faf9f1e67678d45b7cd8c350d04e95baeead6b79c4cff607556fb7129,False,0,4488,4488,cf8bee4faf9f1e67678d45b7cd8c350d04e95baeead6b79c4cff607556fb7129,cf8bee4faf9f1e67678d45b7cd8c350d04e95baeead6b79c4cff607556fb7129,True,0
test,8,2446,2448,cf8bee4faf9f1e67678d45b7cd8c350d04e95baeead6b79c4cff607556fb7129,False,0,4488,4488,cf8bee4faf9f1e67678d45b7cd8c350d04e95baeead6b79c4cff607556fb7129,cf8bee4faf9f1e67678d45b7cd8c350d04e95baeead6b79c4cff607556fb7129,True,0
test,9,1704,1912,cf8bee4faf9f1e67678d45b7cd8c350d04e95baeead6b79c4cff607556fb7129,False,0,4488,4488,cf8bee4faf9f1e67678d45b7cd8c350d04e95baeead6b79c4cff607556fb7129,cf8bee4faf9f1e67678d45b7cd8c350d04e95baeead6b79c4cff607556fb7129,True,0
test,10,4,1761,cf8bee4faf9f1e67678d45b7cd8c350d04e95baeead6b79c4cff607556fb7129,False,0,4488,4488,cf8bee4faf9f1e67678d45b7cd8c350d04e95baeead6b79c4cff607556fb7129,cf8bee4faf9f1e67678d45b7cd8c350d04e95baeead6b79c4cff607556fb7129,True,0
test,11,236,2046,cf8bee4faf9f1e67678d45b7cd8c350d04e95baeead6b79c4cff607556fb7129,False,0,4488,4488,cf8bee4faf9f1e67678d45b7cd8c350d04e95baeead6b79c4cff607556fb7129,cf8bee4faf9f1e67678d45b7cd8c350d04e95baeead6b79c4cff607556fb7129,True,0
test,12,1411,2218,cf8bee4faf9f1e67678d45b7cd8c350d04e95baeead6b79c4cff607556fb7129,False,0,4488,4488,cf8bee4faf9f1e67678d45b7cd8c350d04e95baeead6b79c4cff607556fb7129,cf8bee4faf9f1e67678d45b7cd8c350d04e95baeead6b79c4cff607556fb7129,True,0
test,13,1359,1914,cf8bee4faf9f1e67678d45b7cd8c350d04e95baeead6b79c4cff607556fb7129,False,0,4488,4488,cf8bee4faf9f1e67678d45b7cd8c350d04e95baeead6b79c4cff607556fb7129,cf8bee4faf9f1e67678d45b7cd8c350d04e95baeead6b79c4cff607556fb7129,True,0
test,14,1013,1844,cf8bee4faf9f1e67678d45b7cd8c350d04e95baeead6b79c4cff607556fb7129,False,0,4488,4488,cf8bee4faf9f1e67678d45b7cd8c350d04e95baeead6b79c4cff607556fb7129,cf8bee4faf9f1e67678d45b7cd8c350d04e95baeead6b79c4cff607556fb7129,True,0
test,15,2263,2490,cf8bee4faf9f1e67678d45b7cd8c350d04e95baeead6b79c4cff607556fb7129,False,0,4488,4488,cf8bee4faf9f1e67678d45b7cd8c350d04e95baeead6b79c4cff607556fb7129,cf8bee4faf9f1e67678d45b7cd8c350d04e95baeead6b79c4cff607556fb7129,True,0
test,16,1072,1802,cf8bee4faf9f1e67678d45b7cd8c350d04e95baeead6b79c4cff607556fb7129,False,0,4488,4488,cf8bee4faf9f1e67678d45b7cd8c350d04e95baeead6b79c4cff607556fb7129,cf8bee4faf9f1e67678d45b7cd8c350d04e95baeead6b79c4cff607556fb7129,True,0
test,17,968,1986,cf8bee4faf9f1e67678d45b7cd8c350d04e95baeead6b79c4cff607556fb7129,False,0,4488,4488,cf8bee4faf9f1e67678d45b7cd8c350d04e95baeead6b79c4cff607556fb7129,cf8bee4faf9f1e67678d45b7cd8c350d04e95baeead6b79c4cff607556fb7129,True,0
test,18,968,1603,cf8bee4faf9f1e67678d45b7cd8c350d04e95baeead6b79c4cff607556fb7129,False,0,4488,4488,cf8bee4faf9f1e67678d45b7cd8c350d04e95baeead6b79c4cff607556fb7129,cf8bee4faf9f1e67678d45b7cd8c350d04e95baeead6b79c4cff607556fb7129,True,0
test,19,650,1486,cf8bee4faf9f1e67678d45b7cd8c350d04e95baeead6b79c4cff607556fb7129,False,0,4488,4488,cf8bee4faf9f1e67678d45b7cd8c350d04e95baeead6b79c4cff607556fb7129,cf8bee4faf9f1e67678d45b7cd8c350d04e95baeead6b79c4cff607556fb7129,True,0
test,20,73,1751,cf8bee4faf9f1e67678d45b7cd8c350d04e95baeead6b79c4cff607556fb7129,False,0,4488,4488,cf8bee4faf9f1e67678d45b7cd8c350d04e95baeead6b79c4cff607556fb7129,cf8bee4faf9f1e67678d45b7cd8c350d04e95baeead6b79c4cff607556fb7129,True,0
test,21,1602,2074,cf8bee4faf9f1e67678d45b7cd8c350d04e95baeead6b79c4cff607556fb7129,False,0,4488,4488,cf8bee4faf9f1e67678d45b7cd8c350d04e95baeead6b79c4cff607556fb7129,cf8bee4faf9f1e67678d45b7cd8c350d04e95baeead6b79c4cff607556fb7129,True,0
test,22,1599,2614,cf8bee4faf9f1e67678d45b7cd8c350d04e95baeead6b79c4cff607556fb7129,False,0,4488,4488,cf8bee4faf9f1e67678d45b7cd8c350d04e95baeead6b79c4cff607556fb7129,cf8bee4faf9f1e67678d45b7cd8c350d04e95baeead6b79c4cff607556fb7129,True,0
test,23,1201,2533,cf8bee4faf9f1e67678d45b7cd8c350d04e95baeead6b79c4cff607556fb7129,False,0,4488,4488,cf8bee4faf9f1e67678d45b7cd8c350d04e95baeead6b79c4cff607556fb7129,cf8bee4faf9f1e67678d45b7cd8c350d04e95baeead6b79c4cff607556fb7129,True,0
test,24,1409,1826,cf8bee4faf9f1e67678d45b7cd8c350d04e95baeead6b79c4cff607556fb7129,False,0,4488,4488,cf8bee4faf9f1e67678d45b7cd8c350d04e95baeead6b79c4cff607556fb7129,cf8bee4faf9f1e67678d45b7cd8c350d04e95baeead6b79c4cff607556fb7129,True,0
test,25,756,885,cf8bee4faf9f1e67678d45b7cd8c350d04e95baeead6b79c4cff607556fb7129,False,0,4488,4488,cf8bee4faf9f1e67678d45b7cd8c350d04e95baeead6b79c4cff607556fb7129,cf8bee4faf9f1e67678d45b7cd8c350d04e95baeead6b79c4cff607556fb7129,True,0
test,26,1153,1401,cf8bee4faf9f1e67678d45b7cd8c350d04e95baeead6b79c4cff607556fb7129,False,0,4488,4488,cf8bee4faf9f1e67678d45b7cd8c350d04e95baeead6b79c4cff607556fb7129,cf8bee4faf9f1e67678d45b7cd8c350d04e95baeead6b79c4cff607556fb7129,True,0
test,27,102,1251,cf8bee4faf9f1e67678d45b7cd8c350d04e95baeead6b79c4cff607556fb7129,False,0,4488,4488,cf8bee4faf9f1e67678d45b7cd8c350d04e95baeead6b79c4cff607556fb7129,cf8bee4faf9f1e67678d45b7cd8c350d04e95baeead6b79c4cff607556fb7129,True,0
test,28,567,1513,cf8bee4faf9f1e67678d45b7cd8c350d04e95baeead6b79c4cff607556fb7129,False,0,4488,4488,cf8bee4faf9f1e67678d45b7cd8c350d04e95baeead6b79c4cff607556fb7129,cf8bee4faf9f1e67678d45b7cd8c350d04e95baeead6b79c4cff607556fb7129,True,0
test,29,1282,1735,cf8bee4faf9f1e67678d45b7cd8c350d04e95baeead6b79c4cff607556fb7129,False,0,4488,4488,cf8bee4faf9f1e67678d45b7cd8c350d04e95baeead6b79c4cff607556fb7129,cf8bee4faf9f1e67678d45b7cd8c350d04e95baeead6b79c4cff607556fb7129,True,0
test,30,1440,1701,cf8bee4faf9f1e67678d45b7cd8c350d04e95baeead6b79c4cff607556fb7129,False,0,4488,4488,cf8bee4faf9f1e67678d45b7cd8c350d04e95baeead6b79c4cff607556fb7129,cf8bee4faf9f1e67678d45b7cd8c350d04e95baeead6b79c4cff607556fb7129,True,0
test,31,118,581,cf8bee4faf9f1e67678d45b7cd8c350d04e95baeead6b79c4cff607556fb7129,False,0,4488,4488,cf8bee4faf9f1e67678d45b7cd8c350d04e95baeead6b79c4cff607556fb7129,cf8bee4faf9f1e67678d45b7cd8c350d04e95baeead6b79c4cff607556fb7129,True,0
test,32,124,1367,cf8bee4faf9f1e67678d45b7cd8c350d04e95baeead6b79c4cff607556fb7129,False,0,4488,4488,cf8bee4faf9f1e67678d45b7cd8c350d04e95baeead6b79c4cff607556fb7129,cf8bee4faf9f1e67678d45b7cd8c350d04e95baeead6b79c4cff607556fb7129,True,0
test,33,1042,1517,cf8bee4faf9f1e67678d45b7cd8c350d04e95baeead6b79c4cff607556fb7129,False,0,4488,4488,cf8bee4faf9f1e67678d45b7cd8c350d04e95baeead6b79c4cff607556fb7129,cf8bee4faf9f1e67678d45b7cd8c350d04e95baeead6b79c4cff607556fb7129,True,0
test,34,492,1533,cf8bee4faf9f1e67678d45b7cd8c350d04e95baeead6b79c4cff607556fb7129,False,0,4488,4488,cf8bee4faf9f1e67678d45b7cd8c350d04e95baeead6b79c4cff607556fb7129,cf8bee4faf9f1e67678d45b7cd8c350d04e95baeead6b79c4cff607556fb7129,True,0
test,35,972,1000,cf8bee4faf9f1e67678d45b7cd8c350d04e95baeead6b79c4cff607556fb7129,False,0,4488,4488,cf8bee4faf9f1e67678d45b7cd8c350d04e95baeead6b79c4cff607556fb7129,cf8bee4faf9f1e67678d45b7cd8c350d04e95baeead6b79c4cff607556fb7129,True,0
test,36,468,647,cf8bee4faf9f1e67678d45b7cd8c350d04e95baeead6b79c4cff607556fb7129,False,0,4488,4488,cf8bee4faf9f1e67678d45b7cd8c350d04e95baeead6b79c4cff607556fb7129,cf8bee4faf9f1e67678d45b7cd8c350d04e95baeead6b79c4cff607556fb7129,True,0
test,37,121,1910,cf8bee4faf9f1e67678d45b7cd8c350d04e95baeead6b79c4cff607556fb7129,False,0,4488,4488,cf8bee4faf9f1e67678d45b7cd8c350d04e95baeead6b79c4cff607556fb7129,cf8bee4faf9f1e67678d45b7cd8c350d04e95baeead6b79c4cff607556fb7129,True,0
test,38,547,598,cf8bee4faf9f1e67678d45b7cd8c350d04e95baeead6b79c4cff607556fb7129,False,0,4488,4488,cf8bee4faf9f1e67678d45b7cd8c350d04e95baeead6b79c4cff607556fb7129,cf8bee4faf9f1e67678d45b7cd8c350d04e95baeead6b79c4cff607556fb7129,True,0
test,39,452,1258,cf8bee4faf9f1e67678d45b7cd8c350d04e95baeead6b79c4cff607556fb7129,False,0,4488,4488,cf8bee4faf9f1e67678d45b7cd8c350d04e95baeead6b79c4cff607556fb7129,cf8bee4faf9f1e67678d45b7cd8c350d04e95baeead6b79c4cff607556fb7129,True,0
test,40,1109,2671,cf8bee4faf9f1e67678d45b7cd8c350d04e95baeead6b79c4cff607556fb7129,False,0,4488,4488,cf8bee4faf9f1e67678d45b7cd8c350d04e95baeead6b79c4cff607556fb7129,cf8bee4faf9f1e67678d45b7cd8c350d04e95baeead6b79c4cff607556fb7129,True,0
test,41,1365,1702,cf8bee4faf9f1e67678d45b7cd8c350d04e95baeead6b79c4cff607556fb7129,False,0,4488,4488,cf8bee4faf9f1e67678d45b7cd8c350d04e95baeead6b79c4cff607556fb7129,cf8bee4faf9f1e67678d45b7cd8c350d04e95baeead6b79c4cff607556fb7129,True,0
test,42,326,1358,cf8bee4faf9f1e67678d45b7cd8c350d04e95baeead6b79c4cff607556fb7129,False,0,4488,4488,cf8bee4faf9f1e67678d45b7cd8c350d04e95baeead6b79c4cff607556fb7129,cf8bee4faf9f1e67678d45b7cd8c350d04e95baeead6b79c4cff607556fb7129,True,0
test,43,718,2059,cf8bee4faf9f1e67678d45b7cd8c350d04e95baeead6b79c4cff607556fb7129,False,0,4488,4488,cf8bee4faf9f1e67678d45b7cd8c350d04e95baeead6b79c4cff607556fb7129,cf8bee4faf9f1e67678d45b7cd8c350d04e95baeead6b79c4cff607556fb7129,True,0
test,44,1085,1421,cf8bee4faf9f1e67678d45b7cd8c350d04e95baeead6b79c4cff607556fb7129,False,0,4488,4488,cf8bee4faf9f1e67678d45b7cd8c350d04e95baeead6b79c4cff607556fb7129,cf8bee4faf9f1e67678d45b7cd8c350d04e95baeead6b79c4cff607556fb7129,True,0
test,45,166,2617,cf8bee4faf9f1e67678d45b7cd8c350d04e95baeead6b79c4cff607556fb7129,False,0,4488,4488,cf8bee4faf9f1e67678d45b7cd8c350d04e95baeead6b79c4cff607556fb7129,cf8bee4faf9f1e67678d45b7cd8c350d04e95baeead6b79c4cff607556fb7129,True,0
test,46,1856,2045,cf8bee4faf9f1e67678d45b7cd8c350d04e95baeead6b79c4cff607556fb7129,False,0,4488,4488,cf8bee4faf9f1e67678d45b7cd8c350d04e95baeead6b79c4cff607556fb7129,cf8bee4faf9f1e67678d45b7cd8c350d04e95baeead6b79c4cff607556fb7129,True,0
test,47,307,991,cf8bee4faf9f1e67678d45b7cd8c350d04e95baeead6b79c4cff607556fb7129,False,0,4488,4488,cf8bee4faf9f1e67678d45b7cd8c350d04e95baeead6b79c4cff607556fb7129,cf8bee4faf9f1e67678d45b7cd8c350d04e95baeead6b79c4cff607556fb7129,True,0
test,48,958,1798,cf8bee4faf9f1e67678d45b7cd8c350d04e95baeead6b79c4cff607556fb7129,False,0,4488,4488,cf8bee4faf9f1e67678d45b7cd8c350d04e95baeead6b79c4cff607556fb7129,cf8bee4faf9f1e67678d45b7cd8c350d04e95baeead6b79c4cff607556fb7129,True,0
test,49,1358,1568,cf8bee4faf9f1e67678d45b7cd8c350d04e95baeead6b79c4cff607556fb7129,False,0,4488,4488,cf8bee4faf9f1e67678d45b7cd8c350d04e95baeead6b79c4cff607556fb7129,cf8bee4faf9f1e67678d45b7cd8c350d04e95baeead6b79c4cff607556fb7129,True,0
test,50,1501,2228,cf8bee4faf9f1e67678d45b7cd8c350d04e95baeead6b79c4cff607556fb7129,False,0,4488,4488,cf8bee4faf9f1e67678d45b7cd8c350d04e95baeead6b79c4cff607556fb7129,cf8bee4faf9f1e67678d45b7cd8c350d04e95baeead6b79c4cff607556fb7129,True,0
test,51,14,2668,cf8bee4faf9f1e67678d45b7cd8c350d04e95baeead6b79c4cff607556fb7129,False,0,4488,4488,cf8bee4faf9f1e67678d45b7cd8c350d04e95baeead6b79c4cff607556fb7129,cf8bee4faf9f1e67678d45b7cd8c350d04e95baeead6b79c4cff607556fb7129,True,0
test,52,1038,1358,cf8bee4faf9f1e67678d45b7cd8c350d04e95baeead6b79c4cff607556fb7129,False,0,4488,4488,cf8bee4faf9f1e67678d45b7cd8c350d04e95baeead6b79c4cff607556fb7129,cf8bee4faf9f1e67678d45b7cd8c350d04e95baeead6b79c4cff607556fb7129,True,0
test,53,1385,2335,cf8bee4faf9f1e67678d45b7cd8c350d04e95baeead6b79c4cff607556fb7129,False,0,4488,4488,cf8bee4faf9f1e67678d45b7cd8c350d04e95baeead6b79c4cff607556fb7129,cf8bee4faf9f1e67678d45b7cd8c350d04e95baeead6b79c4cff607556fb7129,True,0
test,54,647,904,cf8bee4faf9f1e67678d45b7cd8c350d04e95baeead6b79c4cff607556fb7129,False,0,4488,4488,cf8bee4faf9f1e67678d45b7cd8c350d04e95baeead6b79c4cff607556fb7129,cf8bee4faf9f1e67678d45b7cd8c350d04e95baeead6b79c4cff607556fb7129,True,0
test,55,1849,1914,cf8bee4faf9f1e67678d45b7cd8c350d04e95baeead6b79c4cff607556fb7129,False,0,4488,4488,cf8bee4faf9f1e67678d45b7cd8c350d04e95baeead6b79c4cff607556fb7129,cf8bee4faf9f1e67678d45b7cd8c350d04e95baeead6b79c4cff607556fb7129,True,0
test,56,1773,1780,cf8bee4faf9f1e67678d45b7cd8c350d04e95baeead6b79c4cff607556fb7129,False,0,4488,4488,cf8bee4faf9f1e67678d45b7cd8c350d04e95baeead6b79c4cff607556fb7129,cf8bee4faf9f1e67678d45b7cd8c350d04e95baeead6b79c4cff607556fb7129,True,0
test,57,306,656,cf8bee4faf9f1e67678d45b7cd8c350d04e95baeead6b79c4cff607556fb7129,False,0,4488,4488,cf8bee4faf9f1e67678d45b7cd8c350d04e95baeead6b79c4cff607556fb7129,cf8bee4faf9f1e67678d45b7cd8c350d04e95baeead6b79c4cff607556fb7129,True,0
test,58,1351,1535,cf8bee4faf9f1e67678d45b7cd8c350d04e95baeead6b79c4cff607556fb7129,False,0,4488,4488,cf8bee4faf9f1e67678d45b7cd8c350d04e95baeead6b79c4cff607556fb7129,cf8bee4faf9f1e67678d45b7cd8c350d04e95baeead6b79c4cff607556fb7129,True,0
test,59,2457,2458,cf8bee4faf9f1e67678d45b7cd8c350d04e95baeead6b79c4cff607556fb7129,False,0,4488,4488,cf8bee4faf9f1e67678d45b7cd8c350d04e95baeead6b79c4cff607556fb7129,cf8bee4faf9f1e67678d45b7cd8c350d04e95baeead6b79c4cff607556fb7129,True,0
test,60,109,1805,cf8bee4faf9f1e67678d45b7cd8c350d04e95baeead6b79c4cff607556fb7129,False,0,4488,4488,cf8bee4faf9f1e67678d45b7cd8c350d04e95baeead6b79c4cff607556fb7129,cf8bee4faf9f1e67678d45b7cd8c350d04e95baeead6b79c4cff607556fb7129,True,0
test,61,907,1351,cf8bee4faf9f1e67678d45b7cd8c350d04e95baeead6b79c4cff607556fb7129,False,0,4488,4488,cf8bee4faf9f1e67678d45b7cd8c350d04e95baeead6b79c4cff607556fb7129,cf8bee4faf9f1e67678d45b7cd8c350d04e95baeead6b79c4cff607556fb7129,True,0
test,62,748,1617,cf8bee4faf9f1e67678d45b7cd8c350d04e95baeead6b79c4cff607556fb7129,False,0,4488,4488,cf8bee4faf9f1e67678d45b7cd8c350d04e95baeead6b79c4cff607556fb7129,cf8bee4faf9f1e67678d45b7cd8c350d04e95baeead6b79c4cff607556fb7129,True,0
test,63,1357,2170,cf8bee4faf9f1e67678d45b7cd8c350d04e95baeead6b79c4cff607556fb7129,False,0,4488,4488,cf8bee4faf9f1e67678d45b7cd8c350d04e95baeead6b79c4cff607556fb7129,cf8bee4faf9f1e67678d45b7cd8c350d04e95baeead6b79c4cff607556fb7129,True,0
test,64,645,1495,cf8bee4faf9f1e67678d45b7cd8c350d04e95baeead6b79c4cff607556fb7129,False,0,4488,4488,cf8bee4faf9f1e67678d45b7cd8c350d04e95baeead6b79c4cff607556fb7129,cf8bee4faf9f1e67678d45b7cd8c350d04e95baeead6b79c4cff607556fb7129,True,0
test,65,56,1849,cf8bee4faf9f1e67678d45b7cd8c350d04e95baeead6b79c4cff607556fb7129,False,0,4488,4488,cf8bee4faf9f1e67678d45b7cd8c350d04e95baeead6b79c4cff607556fb7129,cf8bee4faf9f1e67678d45b7cd8c350d04e95baeead6b79c4cff607556fb7129,True,0
test,66,743,1570,cf8bee4faf9f1e67678d45b7cd8c350d04e95baeead6b79c4cff607556fb7129,False,0,4488,4488,cf8bee4faf9f1e67678d45b7cd8c350d04e95baeead6b79c4cff607556fb7129,cf8bee4faf9f1e67678d45b7cd8c350d04e95baeead6b79c4cff607556fb7129,True,0
test,67,8,281,cf8bee4faf9f1e67678d45b7cd8c350d04e95baeead6b79c4cff607556fb7129,False,0,4488,4488,cf8bee4faf9f1e67678d45b7cd8c350d04e95baeead6b79c4cff607556fb7129,cf8bee4faf9f1e67678d45b7cd8c350d04e95baeead6b79c4cff607556fb7129,True,0
test,68,598,1301,cf8bee4faf9f1e67678d45b7cd8c350d04e95baeead6b79c4cff607556fb7129,False,0,4488,4488,cf8bee4faf9f1e67678d45b7cd8c350d04e95baeead6b79c4cff607556fb7129,cf8bee4faf9f1e67678d45b7cd8c350d04e95baeead6b79c4cff607556fb7129,True,0
test,69,1388,2181,cf8bee4faf9f1e67678d45b7cd8c350d04e95baeead6b79c4cff607556fb7129,False,0,4488,4488,cf8bee4faf9f1e67678d45b7cd8c350d04e95baeead6b79c4cff607556fb7129,cf8bee4faf9f1e67678d45b7cd8c350d04e95baeead6b79c4cff607556fb7129,True,0
test,70,1818,2305,cf8bee4faf9f1e67678d45b7cd8c350d04e95baeead6b79c4cff607556fb7129,False,0,4488,4488,cf8bee4faf9f1e67678d45b7cd8c350d04e95baeead6b79c4cff607556fb7129,cf8bee4faf9f1e67678d45b7cd8c350d04e95baeead6b79c4cff607556fb7129,True,0
test,71,2228,2394,cf8bee4faf9f1e67678d45b7cd8c350d04e95baeead6b79c4cff607556fb7129,False,0,4488,4488,cf8bee4faf9f1e67678d45b7cd8c350d04e95baeead6b79c4cff607556fb7129,cf8bee4faf9f1e67678d45b7cd8c350d04e95baeead6b79c4cff607556fb7129,True,0
test,72,2303,2541,cf8bee4faf9f1e67678d45b7cd8c350d04e95baeead6b79c4cff607556fb7129,False,0,4488,4488,cf8bee4faf9f1e67678d45b7cd8c350d04e95baeead6b79c4cff607556fb7129,cf8bee4faf9f1e67678d45b7cd8c350d04e95baeead6b79c4cff607556fb7129,True,0
test,73,661,1879,cf8bee4faf9f1e67678d45b7cd8c350d04e95baeead6b79c4cff607556fb7129,False,0,4488,4488,cf8bee4faf9f1e67678d45b7cd8c350d04e95baeead6b79c4cff607556fb7129,cf8bee4faf9f1e67678d45b7cd8c350d04e95baeead6b79c4cff607556fb7129,True,0
test,74,1395,2072,cf8bee4faf9f1e67678d45b7cd8c350d04e95baeead6b79c4cff607556fb7129,False,0,4488,4488,cf8bee4faf9f1e67678d45b7cd8c350d04e95baeead6b79c4cff607556fb7129,cf8bee4faf9f1e67678d45b7cd8c350d04e95baeead6b79c4cff607556fb7129,True,0
test,75,1091,2176,cf8bee4faf9f1e67678d45b7cd8c350d04e95baeead6b79c4cff607556fb7129,False,0,4488,4488,cf8bee4faf9f1e67678d45b7cd8c350d04e95baeead6b79c4cff607556fb7129,cf8bee4faf9f1e67678d45b7cd8c350d04e95baeead6b79c4cff607556fb7129,True,0
test,76,387,2191,cf8bee4faf9f1e67678d45b7cd8c350d04e95baeead6b79c4cff607556fb7129,False,0,4488,4488,cf8bee4faf9f1e67678d45b7cd8c350d04e95baeead6b79c4cff607556fb7129,cf8bee4faf9f1e67678d45b7cd8c350d04e95baeead6b79c4cff607556fb7129,True,0
test,77,1300,2508,cf8bee4faf9f1e67678d45b7cd8c350d04e95baeead6b79c4cff607556fb7129,False,0,4488,4488,cf8bee4faf9f1e67678d45b7cd8c350d04e95baeead6b79c4cff607556fb7129,cf8bee4faf9f1e67678d45b7cd8c350d04e95baeead6b79c4cff607556fb7129,True,0
test,78,926,1862,cf8bee4faf9f1e67678d45b7cd8c350d04e95baeead6b79c4cff607556fb7129,False,0,4488,4488,cf8bee4faf9f1e67678d45b7cd8c350d04e95baeead6b79c4cff607556fb7129,cf8bee4faf9f1e67678d45b7cd8c350d04e95baeead6b79c4cff607556fb7129,True,0
test,79,1125,2332,cf8bee4faf9f1e67678d45b7cd8c350d04e95baeead6b79c4cff607556fb7129,False,0,4488,4488,cf8bee4faf9f1e67678d45b7cd8c350d04e95baeead6b79c4cff607556fb7129,cf8bee4faf9f1e67678d45b7cd8c350d04e95baeead6b79c4cff607556fb7129,True,0
test,80,577,2351,cf8bee4faf9f1e67678d45b7cd8c350d04e95baeead6b79c4cff607556fb7129,False,0,4488,4488,cf8bee4faf9f1e67678d45b7cd8c350d04e95baeead6b79c4cff607556fb7129,cf8bee4faf9f1e67678d45b7cd8c350d04e95baeead6b79c4cff607556fb7129,True,0
test,81,45,2667,cf8bee4faf9f1e67678d45b7cd8c350d04e95baeead6b79c4cff607556fb7129,False,0,4488,4488,cf8bee4faf9f1e67678d45b7cd8c350d04e95baeead6b79c4cff607556fb7129,cf8bee4faf9f1e67678d45b7cd8c350d04e95baeead6b79c4cff607556fb7129,True,0
test,82,1273,2125,cf8bee4faf9f1e67678d45b7cd8c350d04e95baeead6b79c4cff607556fb7129,False,0,4488,4488,cf8bee4faf9f1e67678d45b7cd8c350d04e95baeead6b79c4cff607556fb7129,cf8bee4faf9f1e67678d45b7cd8c350d04e95baeead6b79c4cff607556fb7129,True,0
test,83,2045,2047,cf8bee4faf9f1e67678d45b7cd8c350d04e95baeead6b79c4cff607556fb7129,False,0,4488,4488,cf8bee4faf9f1e67678d45b7cd8c350d04e95baeead6b79c4cff607556fb7129,cf8bee4faf9f1e67678d45b7cd8c350d04e95baeead6b79c4cff607556fb7129,True,0
test,84,341,2045,cf8bee4faf9f1e67678d45b7cd8c350d04e95baeead6b79c4cff607556fb7129,False,0,4488,4488,cf8bee4faf9f1e67678d45b7cd8c350d04e95baeead6b79c4cff607556fb7129,cf8bee4faf9f1e67678d45b7cd8c350d04e95baeead6b79c4cff607556fb7129,True,0
test,85,6,1042,cf8bee4faf9f1e67678d45b7cd8c350d04e95baeead6b79c4cff607556fb7129,False,0,4488,4488,cf8bee4faf9f1e67678d45b7cd8c350d04e95baeead6b79c4cff607556fb7129,cf8bee4faf9f1e67678d45b7cd8c350d04e95baeead6b79c4cff607556fb7129,True,0
test,86,1920,1926,cf8bee4faf9f1e67678d45b7cd8c350d04e95baeead6b79c4cff607556fb7129,False,0,4488,4488,cf8bee4faf9f1e67678d45b7cd8c350d04e95baeead6b79c4cff607556fb7129,cf8bee4faf9f1e67678d45b7cd8c350d04e95baeead6b79c4cff607556fb7129,True,0
test,87,1568,1729,cf8bee4faf9f1e67678d45b7cd8c350d04e95baeead6b79c4cff607556fb7129,False,0,4488,4488,cf8bee4faf9f1e67678d45b7cd8c350d04e95baeead6b79c4cff607556fb7129,cf8bee4faf9f1e67678d45b7cd8c350d04e95baeead6b79c4cff607556fb7129,True,0
test,88,360,1824,cf8bee4faf9f1e67678d45b7cd8c350d04e95baeead6b79c4cff607556fb7129,False,0,4488,4488,cf8bee4faf9f1e67678d45b7cd8c350d04e95baeead6b79c4cff607556fb7129,cf8bee4faf9f1e67678d45b7cd8c350d04e95baeead6b79c4cff607556fb7129,True,0
test,89,482,2308,cf8bee4faf9f1e67678d45b7cd8c350d04e95baeead6b79c4cff607556fb7129,False,0,4488,4488,cf8bee4faf9f1e67678d45b7cd8c350d04e95baeead6b79c4cff607556fb7129,cf8bee4faf9f1e67678d45b7cd8c350d04e95baeead6b79c4cff607556fb7129,True,0
test,90,1522,1697,cf8bee4faf9f1e67678d45b7cd8c350d04e95baeead6b79c4cff607556fb7129,False,0,4488,4488,cf8bee4faf9f1e67678d45b7cd8c350d04e95baeead6b79c4cff607556fb7129,cf8bee4faf9f1e67678d45b7cd8c350d04e95baeead6b79c4cff607556fb7129,True,0
test,91,741,1088,cf8bee4faf9f1e67678d45b7cd8c350d04e95baeead6b79c4cff607556fb7129,False,0,4488,4488,cf8bee4faf9f1e67678d45b7cd8c350d04e95baeead6b79c4cff607556fb7129,cf8bee4faf9f1e67678d45b7cd8c350d04e95baeead6b79c4cff607556fb7129,True,0
test,92,1191,1558,cf8bee4faf9f1e67678d45b7cd8c350d04e95baeead6b79c4cff607556fb7129,False,0,4488,4488,cf8bee4faf9f1e67678d45b7cd8c350d04e95baeead6b79c4cff607556fb7129,cf8bee4faf9f1e67678d45b7cd8c350d04e95baeead6b79c4cff607556fb7129,True,0
test,93,306,2078,cf8bee4faf9f1e67678d45b7cd8c350d04e95baeead6b79c4cff607556fb7129,False,0,4488,4488,cf8bee4faf9f1e67678d45b7cd8c350d04e95baeead6b79c4cff607556fb7129,cf8bee4faf9f1e67678d45b7cd8c350d04e95baeead6b79c4cff607556fb7129,True,0
test,94,86,2295,cf8bee4faf9f1e67678d45b7cd8c350d04e95baeead6b79c4cff607556fb7129,False,0,4488,4488,cf8bee4faf9f1e67678d45b7cd8c350d04e95baeead6b79c4cff607556fb7129,cf8bee4faf9f1e67678d45b7cd8c350d04e95baeead6b79c4cff607556fb7129,True,0
test,95,364,1632,cf8bee4faf9f1e67678d45b7cd8c350d04e95baeead6b79c4cff607556fb7129,False,0,4488,4488,cf8bee4faf9f1e67678d45b7cd8c350d04e95baeead6b79c4cff607556fb7129,cf8bee4faf9f1e67678d45b7cd8c350d04e95baeead6b79c4cff607556fb7129,True,0
test,96,1358,1742,cf8bee4faf9f1e67678d45b7cd8c350d04e95baeead6b79c4cff607556fb7129,False,0,4488,4488,cf8bee4faf9f1e67678d45b7cd8c350d04e95baeead6b79c4cff607556fb7129,cf8bee4faf9f1e67678d45b7cd8c350d04e95baeead6b79c4cff607556fb7129,True,0
test,97,109,176,cf8bee4faf9f1e67678d45b7cd8c350d04e95baeead6b79c4cff607556fb7129,False,0,4488,4488,cf8bee4faf9f1e67678d45b7cd8c350d04e95baeead6b79c4cff607556fb7129,cf8bee4faf9f1e67678d45b7cd8c350d04e95baeead6b79c4cff607556fb7129,True,0
test,98,52,2053,cf8bee4faf9f1e67678d45b7cd8c350d04e95baeead6b79c4cff607556fb7129,False,0,4488,4488,cf8bee4faf9f1e67678d45b7cd8c350d04e95baeead6b79c4cff607556fb7129,cf8bee4faf9f1e67678d45b7cd8c350d04e95baeead6b79c4cff607556fb7129,True,0
test,99,1240,2237,cf8bee4faf9f1e67678d45b7cd8c350d04e95baeead6b79c4cff607556fb7129,False,0,4488,4488,cf8bee4faf9f1e67678d45b7cd8c350d04e95baeead6b79c4cff607556fb7129,cf8bee4faf9f1e67678d45b7cd8c350d04e95baeead6b79c4cff607556fb7129,True,0
test,100,779,1370,cf8bee4faf9f1e67678d45b7cd8c350d04e95baeead6b79c4cff607556fb7129,False,0,4488,4488,cf8bee4faf9f1e67678d45b7cd8c350d04e95baeead6b79c4cff607556fb7129,cf8bee4faf9f1e67678d45b7cd8c350d04e95baeead6b79c4cff607556fb7129,True,0
test,101,2509,2519,cf8bee4faf9f1e67678d45b7cd8c350d04e95baeead6b79c4cff607556fb7129,False,0,4488,4488,cf8bee4faf9f1e67678d45b7cd8c350d04e95baeead6b79c4cff607556fb7129,cf8bee4faf9f1e67678d45b7cd8c350d04e95baeead6b79c4cff607556fb7129,True,0
test,102,71,1986,cf8bee4faf9f1e67678d45b7cd8c350d04e95baeead6b79c4cff607556fb7129,False,0,4488,4488,cf8bee4faf9f1e67678d45b7cd8c350d04e95baeead6b79c4cff607556fb7129,cf8bee4faf9f1e67678d45b7cd8c350d04e95baeead6b79c4cff607556fb7129,True,0
test,103,2139,2140,cf8bee4faf9f1e67678d45b7cd8c350d04e95baeead6b79c4cff607556fb7129,False,0,4488,4488,cf8bee4faf9f1e67678d45b7cd8c350d04e95baeead6b79c4cff607556fb7129,cf8bee4faf9f1e67678d45b7cd8c350d04e95baeead6b79c4cff607556fb7129,True,0
test,104,249,621,cf8bee4faf9f1e67678d45b7cd8c350d04e95baeead6b79c4cff607556fb7129,False,0,4488,4488,cf8bee4faf9f1e67678d45b7cd8c350d04e95baeead6b79c4cff607556fb7129,cf8bee4faf9f1e67678d45b7cd8c350d04e95baeead6b79c4cff607556fb7129,True,0
test,105,1194,1366,cf8bee4faf9f1e67678d45b7cd8c350d04e95baeead6b79c4cff607556fb7129,False,0,4488,4488,cf8bee4faf9f1e67678d45b7cd8c350d04e95baeead6b79c4cff607556fb7129,cf8bee4faf9f1e67678d45b7cd8c350d04e95baeead6b79c4cff607556fb7129,True,0
test,106,963,2400,cf8bee4faf9f1e67678d45b7cd8c350d04e95baeead6b79c4cff607556fb7129,False,0,4488,4488,cf8bee4faf9f1e67678d45b7cd8c350d04e95baeead6b79c4cff607556fb7129,cf8bee4faf9f1e67678d45b7cd8c350d04e95baeead6b79c4cff607556fb7129,True,0
test,107,649,1457,cf8bee4faf9f1e67678d45b7cd8c350d04e95baeead6b79c4cff607556fb7129,False,0,4488,4488,cf8bee4faf9f1e67678d45b7cd8c350d04e95baeead6b79c4cff607556fb7129,cf8bee4faf9f1e67678d45b7cd8c350d04e95baeead6b79c4cff607556fb7129,True,0
test,108,873,1358,cf8bee4faf9f1e67678d45b7cd8c350d04e95baeead6b79c4cff607556fb7129,False,0,4488,4488,cf8bee4faf9f1e67678d45b7cd8c350d04e95baeead6b79c4cff607556fb7129,cf8bee4faf9f1e67678d45b7cd8c350d04e95baeead6b79c4cff607556fb7129,True,0
test,109,152,2238,cf8bee4faf9f1e67678d45b7cd8c350d04e95baeead6b79c4cff607556fb7129,False,0,4488,4488,cf8bee4faf9f1e67678d45b7cd8c350d04e95baeead6b79c4cff607556fb7129,cf8bee4faf9f1e67678d45b7cd8c350d04e95baeead6b79c4cff607556fb7129,True,0
test,110,438,1985,cf8bee4faf9f1e67678d45b7cd8c350d04e95baeead6b79c4cff607556fb7129,False,0,4488,4488,cf8bee4faf9f1e67678d45b7cd8c350d04e95baeead6b79c4cff607556fb7129,cf8bee4faf9f1e67678d45b7cd8c350d04e95baeead6b79c4cff607556fb7129,True,0
test,111,241,1441,cf8bee4faf9f1e67678d45b7cd8c350d04e95baeead6b79c4cff607556fb7129,False,0,4488,4488,cf8bee4faf9f1e67678d45b7cd8c350d04e95baeead6b79c4cff607556fb7129,cf8bee4faf9f1e67678d45b7cd8c350d04e95baeead6b79c4cff607556fb7129,True,0
test,112,1013,1120,cf8bee4faf9f1e67678d45b7cd8c350d04e95baeead6b79c4cff607556fb7129,False,0,4488,4488,cf8bee4faf9f1e67678d45b7cd8c350d04e95baeead6b79c4cff607556fb7129,cf8bee4faf9f1e67678d45b7cd8c350d04e95baeead6b79c4cff607556fb7129,True,0
test,113,315,1602,cf8bee4faf9f1e67678d45b7cd8c350d04e95baeead6b79c4cff607556fb7129,False,0,4488,4488,cf8bee4faf9f1e67678d45b7cd8c350d04e95baeead6b79c4cff607556fb7129,cf8bee4faf9f1e67678d45b7cd8c350d04e95baeead6b79c4cff607556fb7129,True,0
test,114,889,1832,cf8bee4faf9f1e67678d45b7cd8c350d04e95baeead6b79c4cff607556fb7129,False,0,4488,4488,cf8bee4faf9f1e67678d45b7cd8c350d04e95baeead6b79c4cff607556fb7129,cf8bee4faf9f1e67678d45b7cd8c350d04e95baeead6b79c4cff607556fb7129,True,0
test,115,404,1170,cf8bee4faf9f1e67678d45b7cd8c350d04e95baeead6b79c4cff607556fb7129,False,0,4488,4488,cf8bee4faf9f1e67678d45b7cd8c350d04e95baeead6b79c4cff607556fb7129,cf8bee4faf9f1e67678d45b7cd8c350d04e95baeead6b79c4cff607556fb7129,True,0
test,116,154,1358,cf8bee4faf9f1e67678d45b7cd8c350d04e95baeead6b79c4cff607556fb7129,False,0,4488,4488,cf8bee4faf9f1e67678d45b7cd8c350d04e95baeead6b79c4cff607556fb7129,cf8bee4faf9f1e67678d45b7cd8c350d04e95baeead6b79c4cff607556fb7129,True,0
test,117,1623,1767,cf8bee4faf9f1e67678d45b7cd8c350d04e95baeead6b79c4cff607556fb7129,False,0,4488,4488,cf8bee4faf9f1e67678d45b7cd8c350d04e95baeead6b79c4cff607556fb7129,cf8bee4faf9f1e67678d45b7cd8c350d04e95baeead6b79c4cff607556fb7129,True,0
test,118,606,1666,cf8bee4faf9f1e67678d45b7cd8c350d04e95baeead6b79c4cff607556fb7129,False,0,4488,4488,cf8bee4faf9f1e67678d45b7cd8c350d04e95baeead6b79c4cff607556fb7129,cf8bee4faf9f1e67678d45b7cd8c350d04e95baeead6b79c4cff607556fb7129,True,0
test,119,155,1358,cf8bee4faf9f1e67678d45b7cd8c350d04e95baeead6b79c4cff607556fb7129,False,0,4488,4488,cf8bee4faf9f1e67678d45b7cd8c350d04e95baeead6b79c4cff607556fb7129,cf8bee4faf9f1e67678d45b7cd8c350d04e95baeead6b79c4cff607556fb7129,True,0
test,120,354,1803,cf8bee4faf9f1e67678d45b7cd8c350d04e95baeead6b79c4cff607556fb7129,False,0,4488,4488,cf8bee4faf9f1e67678d45b7cd8c350d04e95baeead6b79c4cff607556fb7129,cf8bee4faf9f1e67678d45b7cd8c350d04e95baeead6b79c4cff607556fb7129,True,0
test,121,738,2162,cf8bee4faf9f1e67678d45b7cd8c350d04e95baeead6b79c4cff607556fb7129,False,0,4488,4488,cf8bee4faf9f1e67678d45b7cd8c350d04e95baeead6b79c4cff607556fb7129,cf8bee4faf9f1e67678d45b7cd8c350d04e95baeead6b79c4cff607556fb7129,True,0
test,122,1421,1975,cf8bee4faf9f1e67678d45b7cd8c350d04e95baeead6b79c4cff607556fb7129,False,0,4488,4488,cf8bee4faf9f1e67678d45b7cd8c350d04e95baeead6b79c4cff607556fb7129,cf8bee4faf9f1e67678d45b7cd8c350d04e95baeead6b79c4cff607556fb7129,True,0
test,123,1844,2276,cf8bee4faf9f1e67678d45b7cd8c350d04e95baeead6b79c4cff607556fb7129,False,0,4488,4488,cf8bee4faf9f1e67678d45b7cd8c350d04e95baeead6b79c4cff607556fb7129,cf8bee4faf9f1e67678d45b7cd8c350d04e95baeead6b79c4cff607556fb7129,True,0
test,124,1526,1977,cf8bee4faf9f1e67678d45b7cd8c350d04e95baeead6b79c4cff607556fb7129,False,0,4488,4488,cf8bee4faf9f1e67678d45b7cd8c350d04e95baeead6b79c4cff607556fb7129,cf8bee4faf9f1e67678d45b7cd8c350d04e95baeead6b79c4cff607556fb7129,True,0
test,125,171,775,cf8bee4faf9f1e67678d45b7cd8c350d04e95baeead6b79c4cff607556fb7129,False,0,4488,4488,cf8bee4faf9f1e67678d45b7cd8c350d04e95baeead6b79c4cff607556fb7129,cf8bee4faf9f1e67678d45b7cd8c350d04e95baeead6b79c4cff607556fb7129,True,0
test,126,1752,1754,cf8bee4faf9f1e67678d45b7cd8c350d04e95baeead6b79c4cff607556fb7129,False,0,4488,4488,cf8bee4faf9f1e67678d45b7cd8c350d04e95baeead6b79c4cff607556fb7129,cf8bee4faf9f1e67678d45b7cd8c350d04e95baeead6b79c4cff607556fb7129,True,0
test,127,331,2480,cf8bee4faf9f1e67678d45b7cd8c350d04e95baeead6b79c4cff607556fb7129,False,0,4488,4488,cf8bee4faf9f1e67678d45b7cd8c350d04e95baeead6b79c4cff607556fb7129,cf8bee4faf9f1e67678d45b7cd8c350d04e95baeead6b79c4cff607556fb7129,True,0
test,128,1015,1452,cf8bee4faf9f1e67678d45b7cd8c350d04e95baeead6b79c4cff607556fb7129,False,0,4488,4488,cf8bee4faf9f1e67678d45b7cd8c350d04e95baeead6b79c4cff607556fb7129,cf8bee4faf9f1e67678d45b7cd8c350d04e95baeead6b79c4cff607556fb7129,True,0
test,129,1206,2671,cf8bee4faf9f1e67678d45b7cd8c350d04e95baeead6b79c4cff607556fb7129,False,0,4488,4488,cf8bee4faf9f1e67678d45b7cd8c350d04e95baeead6b79c4cff607556fb7129,cf8bee4faf9f1e67678d45b7cd8c350d04e95baeead6b79c4cff607556fb7129,True,0
test,130,1136,1189,cf8bee4faf9f1e67678d45b7cd8c350d04e95baeead6b79c4cff607556fb7129,False,0,4488,4488,cf8bee4faf9f1e67678d45b7cd8c350d04e95baeead6b79c4cff607556fb7129,cf8bee4faf9f1e67678d45b7cd8c350d04e95baeead6b79c4cff607556fb7129,True,0
test,131,1469,2590,cf8bee4faf9f1e67678d45b7cd8c350d04e95baeead6b79c4cff607556fb7129,False,0,4488,4488,cf8bee4faf9f1e67678d45b7cd8c350d04e95baeead6b79c4cff607556fb7129,cf8bee4faf9f1e67678d45b7cd8c350d04e95baeead6b79c4cff607556fb7129,True,0
test,132,332,2122,cf8bee4faf9f1e67678d45b7cd8c350d04e95baeead6b79c4cff607556fb7129,False,0,4488,4488,cf8bee4faf9f1e67678d45b7cd8c350d04e95baeead6b79c4cff607556fb7129,cf8bee4faf9f1e67678d45b7cd8c350d04e95baeead6b79c4cff607556fb7129,True,0
test,133,306,2086,cf8bee4faf9f1e67678d45b7cd8c350d04e95baeead6b79c4cff607556fb7129,False,0,4488,4488,cf8bee4faf9f1e67678d45b7cd8c350d04e95baeead6b79c4cff607556fb7129,cf8bee4faf9f1e67678d45b7cd8c350d04e95baeead6b79c4cff607556fb7129,True,0
test,134,177,726,cf8bee4faf9f1e67678d45b7cd8c350d04e95baeead6b79c4cff607556fb7129,False,0,4488,4488,cf8bee4faf9f1e67678d45b7cd8c350d04e95baeead6b79c4cff607556fb7129,cf8bee4faf9f1e67678d45b7cd8c350d04e95baeead6b79c4cff607556fb7129,True,0
test,135,486,2668,cf8bee4faf9f1e67678d45b7cd8c350d04e95baeead6b79c4cff607556fb7129,False,0,4488,4488,cf8bee4faf9f1e67678d45b7cd8c350d04e95baeead6b79c4cff607556fb7129,cf8bee4faf9f1e67678d45b7cd8c350d04e95baeead6b79c4cff607556fb7129,True,0
test,136,33,698,cf8bee4faf9f1e67678d45b7cd8c350d04e95baeead6b79c4cff607556fb7129,False,0,4488,4488,cf8bee4faf9f1e67678d45b7cd8c350d04e95baeead6b79c4cff607556fb7129,cf8bee4faf9f1e67678d45b7cd8c350d04e95baeead6b79c4cff607556fb7129,True,0
test,137,231,551,cf8bee4faf9f1e67678d45b7cd8c350d04e95baeead6b79c4cff607556fb7129,False,0,4488,4488,cf8bee4faf9f1e67678d45b7cd8c350d04e95baeead6b79c4cff607556fb7129,cf8bee4faf9f1e67678d45b7cd8c350d04e95baeead6b79c4cff607556fb7129,True,0
test,138,277,973,cf8bee4faf9f1e67678d45b7cd8c350d04e95baeead6b79c4cff607556fb7129,False,0,4488,4488,cf8bee4faf9f1e67678d45b7cd8c350d04e95baeead6b79c4cff607556fb7129,cf8bee4faf9f1e67678d45b7cd8c350d04e95baeead6b79c4cff607556fb7129,True,0
test,139,1289,1705,cf8bee4faf9f1e67678d45b7cd8c350d04e95baeead6b79c4cff607556fb7129,False,0,4488,4488,cf8bee4faf9f1e67678d45b7cd8c350d04e95baeead6b79c4cff607556fb7129,cf8bee4faf9f1e67678d45b7cd8c350d04e95baeead6b79c4cff607556fb7129,True,0
test,140,371,1354,cf8bee4faf9f1e67678d45b7cd8c350d04e95baeead6b79c4cff607556fb7129,False,0,4488,4488,cf8bee4faf9f1e67678d45b7cd8c350d04e95baeead6b79c4cff607556fb7129,cf8bee4faf9f1e67678d45b7cd8c350d04e95baeead6b79c4cff607556fb7129,True,0
test,141,1042,2052,cf8bee4faf9f1e67678d45b7cd8c350d04e95baeead6b79c4cff607556fb7129,False,0,4488,4488,cf8bee4faf9f1e67678d45b7cd8c350d04e95baeead6b79c4cff607556fb7129,cf8bee4faf9f1e67678d45b7cd8c350d04e95baeead6b79c4cff607556fb7129,True,0
test,142,372,1834,cf8bee4faf9f1e67678d45b7cd8c350d04e95baeead6b79c4cff607556fb7129,False,0,4488,4488,cf8bee4faf9f1e67678d45b7cd8c350d04e95baeead6b79c4cff607556fb7129,cf8bee4faf9f1e67678d45b7cd8c350d04e95baeead6b79c4cff607556fb7129,True,0
test,143,541,647,cf8bee4faf9f1e67678d45b7cd8c350d04e95baeead6b79c4cff607556fb7129,False,0,4488,4488,cf8bee4faf9f1e67678d45b7cd8c350d04e95baeead6b79c4cff607556fb7129,cf8bee4faf9f1e67678d45b7cd8c350d04e95baeead6b79c4cff607556fb7129,True,0
test,144,297,899,cf8bee4faf9f1e67678d45b7cd8c350d04e95baeead6b79c4cff607556fb7129,False,0,4488,4488,cf8bee4faf9f1e67678d45b7cd8c350d04e95baeead6b79c4cff607556fb7129,cf8bee4faf9f1e67678d45b7cd8c350d04e95baeead6b79c4cff607556fb7129,True,0
test,145,13,1701,cf8bee4faf9f1e67678d45b7cd8c350d04e95baeead6b79c4cff607556fb7129,False,0,4488,4488,cf8bee4faf9f1e67678d45b7cd8c350d04e95baeead6b79c4cff607556fb7129,cf8bee4faf9f1e67678d45b7cd8c350d04e95baeead6b79c4cff607556fb7129,True,0
test,146,210,1671,cf8bee4faf9f1e67678d45b7cd8c350d04e95baeead6b79c4cff607556fb7129,False,0,4488,4488,cf8bee4faf9f1e67678d45b7cd8c350d04e95baeead6b79c4cff607556fb7129,cf8bee4faf9f1e67678d45b7cd8c350d04e95baeead6b79c4cff607556fb7129,True,0
test,147,1709,1739,cf8bee4faf9f1e67678d45b7cd8c350d04e95baeead6b79c4cff607556fb7129,False,0,4488,4488,cf8bee4faf9f1e67678d45b7cd8c350d04e95baeead6b79c4cff607556fb7129,cf8bee4faf9f1e67678d45b7cd8c350d04e95baeead6b79c4cff607556fb7129,True,0
test,148,876,1358,cf8bee4faf9f1e67678d45b7cd8c350d04e95baeead6b79c4cff607556fb7129,False,0,4488,4488,cf8bee4faf9f1e67678d45b7cd8c350d04e95baeead6b79c4cff607556fb7129,cf8bee4faf9f1e67678d45b7cd8c350d04e95baeead6b79c4cff607556fb7129,True,0
test,149,725,1652,cf8bee4faf9f1e67678d45b7cd8c350d04e95baeead6b79c4cff607556fb7129,False,0,4488,4488,cf8bee4faf9f1e67678d45b7cd8c350d04e95baeead6b79c4cff607556fb7129,cf8bee4faf9f1e67678d45b7cd8c350d04e95baeead6b79c4cff607556fb7129,True,0
test,150,1624,1705,cf8bee4faf9f1e67678d45b7cd8c350d04e95baeead6b79c4cff607556fb7129,False,0,4488,4488,cf8bee4faf9f1e67678d45b7cd8c350d04e95baeead6b79c4cff607556fb7129,cf8bee4faf9f1e67678d45b7cd8c350d04e95baeead6b79c4cff607556fb7129,True,0
test,151,2382,2383,cf8bee4faf9f1e67678d45b7cd8c350d04e95baeead6b79c4cff607556fb7129,False,0,4488,4488,cf8bee4faf9f1e67678d45b7cd8c350d04e95baeead6b79c4cff607556fb7129,cf8bee4faf9f1e67678d45b7cd8c350d04e95baeead6b79c4cff607556fb7129,True,0
test,152,1257,2677,cf8bee4faf9f1e67678d45b7cd8c350d04e95baeead6b79c4cff607556fb7129,False,0,4488,4488,cf8bee4faf9f1e67678d45b7cd8c350d04e95baeead6b79c4cff607556fb7129,cf8bee4faf9f1e67678d45b7cd8c350d04e95baeead6b79c4cff607556fb7129,True,0
test,153,1282,1776,cf8bee4faf9f1e67678d45b7cd8c350d04e95baeead6b79c4cff607556fb7129,False,0,4488,4488,cf8bee4faf9f1e67678d45b7cd8c350d04e95baeead6b79c4cff607556fb7129,cf8bee4faf9f1e67678d45b7cd8c350d04e95baeead6b79c4cff607556fb7129,True,0
test,154,681,1445,cf8bee4faf9f1e67678d45b7cd8c350d04e95baeead6b79c4cff607556fb7129,False,0,4488,4488,cf8bee4faf9f1e67678d45b7cd8c350d04e95baeead6b79c4cff607556fb7129,cf8bee4faf9f1e67678d45b7cd8c350d04e95baeead6b79c4cff607556fb7129,True,0
test,155,513,1528,cf8bee4faf9f1e67678d45b7cd8c350d04e95baeead6b79c4cff607556fb7129,False,0,4488,4488,cf8bee4faf9f1e67678d45b7cd8c350d04e95baeead6b79c4cff607556fb7129,cf8bee4faf9f1e67678d45b7cd8c350d04e95baeead6b79c4cff607556fb7129,True,0
test,156,310,1950,cf8bee4faf9f1e67678d45b7cd8c350d04e95baeead6b79c4cff607556fb7129,False,0,4488,4488,cf8bee4faf9f1e67678d45b7cd8c350d04e95baeead6b79c4cff607556fb7129,cf8bee4faf9f1e67678d45b7cd8c350d04e95baeead6b79c4cff607556fb7129,True,0
test,157,88,696,cf8bee4faf9f1e67678d45b7cd8c350d04e95baeead6b79c4cff607556fb7129,False,0,4488,4488,cf8bee4faf9f1e67678d45b7cd8c350d04e95baeead6b79c4cff607556fb7129,cf8bee4faf9f1e67678d45b7cd8c350d04e95baeead6b79c4cff607556fb7129,True,0
test,158,832,2600,cf8bee4faf9f1e67678d45b7cd8c350d04e95baeead6b79c4cff607556fb7129,False,0,4488,4488,cf8bee4faf9f1e67678d45b7cd8c350d04e95baeead6b79c4cff607556fb7129,cf8bee4faf9f1e67678d45b7cd8c350d04e95baeead6b79c4cff607556fb7129,True,0
test,159,1731,1755,cf8bee4faf9f1e67678d45b7cd8c350d04e95baeead6b79c4cff607556fb7129,False,0,4488,4488,cf8bee4faf9f1e67678d45b7cd8c350d04e95baeead6b79c4cff607556fb7129,cf8bee4faf9f1e67678d45b7cd8c350d04e95baeead6b79c4cff607556fb7129,True,0
test,160,291,1692,cf8bee4faf9f1e67678d45b7cd8c350d04e95baeead6b79c4cff607556fb7129,False,0,4488,4488,cf8bee4faf9f1e67678d45b7cd8c350d04e95baeead6b79c4cff607556fb7129,cf8bee4faf9f1e67678d45b7cd8c350d04e95baeead6b79c4cff607556fb7129,True,0
test,161,876,2584,cf8bee4faf9f1e67678d45b7cd8c350d04e95baeead6b79c4cff607556fb7129,False,0,4488,4488,cf8bee4faf9f1e67678d45b7cd8c350d04e95baeead6b79c4cff607556fb7129,cf8bee4faf9f1e67678d45b7cd8c350d04e95baeead6b79c4cff607556fb7129,True,0
test,162,51,1392,cf8bee4faf9f1e67678d45b7cd8c350d04e95baeead6b79c4cff607556fb7129,False,0,4488,4488,cf8bee4faf9f1e67678d45b7cd8c350d04e95baeead6b79c4cff607556fb7129,cf8bee4faf9f1e67678d45b7cd8c350d04e95baeead6b79c4cff607556fb7129,True,0
test,163,1254,1308,cf8bee4faf9f1e67678d45b7cd8c350d04e95baeead6b79c4cff607556fb7129,False,0,4488,4488,cf8bee4faf9f1e67678d45b7cd8c350d04e95baeead6b79c4cff607556fb7129,cf8bee4faf9f1e67678d45b7cd8c350d04e95baeead6b79c4cff607556fb7129,True,0
test,164,124,306,cf8bee4faf9f1e67678d45b7cd8c350d04e95baeead6b79c4cff607556fb7129,False,0,4488,4488,cf8bee4faf9f1e67678d45b7cd8c350d04e95baeead6b79c4cff607556fb7129,cf8bee4faf9f1e67678d45b7cd8c350d04e95baeead6b79c4cff607556fb7129,True,0
test,165,571,696,cf8bee4faf9f1e67678d45b7cd8c350d04e95baeead6b79c4cff607556fb7129,False,0,4488,4488,cf8bee4faf9f1e67678d45b7cd8c350d04e95baeead6b79c4cff607556fb7129,cf8bee4faf9f1e67678d45b7cd8c350d04e95baeead6b79c4cff607556fb7129,True,0
test,166,426,1789,cf8bee4faf9f1e67678d45b7cd8c350d04e95baeead6b79c4cff607556fb7129,False,0,4488,4488,cf8bee4faf9f1e67678d45b7cd8c350d04e95baeead6b79c4cff607556fb7129,cf8bee4faf9f1e67678d45b7cd8c350d04e95baeead6b79c4cff607556fb7129,True,0
test,167,2001,2335,cf8bee4faf9f1e67678d45b7cd8c350d04e95baeead6b79c4cff607556fb7129,False,0,4488,4488,cf8bee4faf9f1e67678d45b7cd8c350d04e95baeead6b79c4cff607556fb7129,cf8bee4faf9f1e67678d45b7cd8c350d04e95baeead6b79c4cff607556fb7129,True,0
test,168,36,1552,cf8bee4faf9f1e67678d45b7cd8c350d04e95baeead6b79c4cff607556fb7129,False,0,4488,4488,cf8bee4faf9f1e67678d45b7cd8c350d04e95baeead6b79c4cff607556fb7129,cf8bee4faf9f1e67678d45b7cd8c350d04e95baeead6b79c4cff607556fb7129,True,0
test,169,217,2473,cf8bee4faf9f1e67678d45b7cd8c350d04e95baeead6b79c4cff607556fb7129,False,0,4488,4488,cf8bee4faf9f1e67678d45b7cd8c350d04e95baeead6b79c4cff607556fb7129,cf8bee4faf9f1e67678d45b7cd8c350d04e95baeead6b79c4cff607556fb7129,True,0
test,170,2164,2217,cf8bee4faf9f1e67678d45b7cd8c350d04e95baeead6b79c4cff607556fb7129,False,0,4488,4488,cf8bee4faf9f1e67678d45b7cd8c350d04e95baeead6b79c4cff607556fb7129,cf8bee4faf9f1e67678d45b7cd8c350d04e95baeead6b79c4cff607556fb7129,True,0
test,171,1701,1867,cf8bee4faf9f1e67678d45b7cd8c350d04e95baeead6b79c4cff607556fb7129,False,0,4488,4488,cf8bee4faf9f1e67678d45b7cd8c350d04e95baeead6b79c4cff607556fb7129,cf8bee4faf9f1e67678d45b7cd8c350d04e95baeead6b79c4cff607556fb7129,True,0
test,172,549,1497,cf8bee4faf9f1e67678d45b7cd8c350d04e95baeead6b79c4cff607556fb7129,False,0,4488,4488,cf8bee4faf9f1e67678d45b7cd8c350d04e95baeead6b79c4cff607556fb7129,cf8bee4faf9f1e67678d45b7cd8c350d04e95baeead6b79c4cff607556fb7129,True,0
test,173,308,1670,cf8bee4faf9f1e67678d45b7cd8c350d04e95baeead6b79c4cff607556fb7129,False,0,4488,4488,cf8bee4faf9f1e67678d45b7cd8c350d04e95baeead6b79c4cff607556fb7129,cf8bee4faf9f1e67678d45b7cd8c350d04e95baeead6b79c4cff607556fb7129,True,0
test,174,1102,2464,cf8bee4faf9f1e67678d45b7cd8c350d04e95baeead6b79c4cff607556fb7129,False,0,4488,4488,cf8bee4faf9f1e67678d45b7cd8c350d04e95baeead6b79c4cff607556fb7129,cf8bee4faf9f1e67678d45b7cd8c350d04e95baeead6b79c4cff607556fb7129,True,0
test,175,1396,2394,cf8bee4faf9f1e67678d45b7cd8c350d04e95baeead6b79c4cff607556fb7129,False,0,4488,4488,cf8bee4faf9f1e67678d45b7cd8c350d04e95baeead6b79c4cff607556fb7129,cf8bee4faf9f1e67678d45b7cd8c350d04e95baeead6b79c4cff607556fb7129,True,0
test,176,294,306,cf8bee4faf9f1e67678d45b7cd8c350d04e95baeead6b79c4cff607556fb7129,False,0,4488,4488,cf8bee4faf9f1e67678d45b7cd8c350d04e95baeead6b79c4cff607556fb7129,cf8bee4faf9f1e67678d45b7cd8c350d04e95baeead6b79c4cff607556fb7129,True,0
test,177,1876,1986,cf8bee4faf9f1e67678d45b7cd8c350d04e95baeead6b79c4cff607556fb7129,False,0,4488,4488,cf8bee4faf9f1e67678d45b7cd8c350d04e95baeead6b79c4cff607556fb7129,cf8bee4faf9f1e67678d45b7cd8c350d04e95baeead6b79c4cff607556fb7129,True,0
test,178,1050,1320,cf8bee4faf9f1e67678d45b7cd8c350d04e95baeead6b79c4cff607556fb7129,False,0,4488,4488,cf8bee4faf9f1e67678d45b7cd8c350d04e95baeead6b79c4cff607556fb7129,cf8bee4faf9f1e67678d45b7cd8c350d04e95baeead6b79c4cff607556fb7129,True,0
test,179,561,1016,cf8bee4faf9f1e67678d45b7cd8c350d04e95baeead6b79c4cff607556fb7129,False,0,4488,4488,cf8bee4faf9f1e67678d45b7cd8c350d04e95baeead6b79c4cff607556fb7129,cf8bee4faf9f1e67678d45b7cd8c350d04e95baeead6b79c4cff607556fb7129,True,0
test,180,858,2182,cf8bee4faf9f1e67678d45b7cd8c350d04e95baeead6b79c4cff607556fb7129,False,0,4488,4488,cf8bee4faf9f1e67678d45b7cd8c350d04e95baeead6b79c4cff607556fb7129,cf8bee4faf9f1e67678d45b7cd8c350d04e95baeead6b79c4cff607556fb7129,True,0
test,181,151,2238,cf8bee4faf9f1e67678d45b7cd8c350d04e95baeead6b79c4cff607556fb7129,False,0,4488,4488,cf8bee4faf9f1e67678d45b7cd8c350d04e95baeead6b79c4cff607556fb7129,cf8bee4faf9f1e67678d45b7cd8c350d04e95baeead6b79c4cff607556fb7129,True,0
test,182,1171,1909,cf8bee4faf9f1e67678d45b7cd8c350d04e95baeead6b79c4cff607556fb7129,False,0,4488,4488,cf8bee4faf9f1e67678d45b7cd8c350d04e95baeead6b79c4cff607556fb7129,cf8bee4faf9f1e67678d45b7cd8c350d04e95baeead6b79c4cff607556fb7129,True,0
test,183,611,2690,cf8bee4faf9f1e67678d45b7cd8c350d04e95baeead6b79c4cff607556fb7129,False,0,4488,4488,cf8bee4faf9f1e67678d45b7cd8c350d04e95baeead6b79c4cff607556fb7129,cf8bee4faf9f1e67678d45b7cd8c350d04e95baeead6b79c4cff607556fb7129,True,0
test,184,1154,1358,cf8bee4faf9f1e67678d45b7cd8c350d04e95baeead6b79c4cff607556fb7129,False,0,4488,4488,cf8bee4faf9f1e67678d45b7cd8c350d04e95baeead6b79c4cff607556fb7129,cf8bee4faf9f1e67678d45b7cd8c350d04e95baeead6b79c4cff607556fb7129,True,0
test,185,541,1022,cf8bee4faf9f1e67678d45b7cd8c350d04e95baeead6b79c4cff607556fb7129,False,0,4488,4488,cf8bee4faf9f1e67678d45b7cd8c350d04e95baeead6b79c4cff607556fb7129,cf8bee4faf9f1e67678d45b7cd8c350d04e95baeead6b79c4cff607556fb7129,True,0
test,186,132,379,cf8bee4faf9f1e67678d45b7cd8c350d04e95baeead6b79c4cff607556fb7129,False,0,4488,4488,cf8bee4faf9f1e67678d45b7cd8c350d04e95baeead6b79c4cff607556fb7129,cf8bee4faf9f1e67678d45b7cd8c350d04e95baeead6b79c4cff607556fb7129,True,0
test,187,1203,1410,cf8bee4faf9f1e67678d45b7cd8c350d04e95baeead6b79c4cff607556fb7129,False,0,4488,4488,cf8bee4faf9f1e67678d45b7cd8c350d04e95baeead6b79c4cff607556fb7129,cf8bee4faf9f1e67678d45b7cd8c350d04e95baeead6b79c4cff607556fb7129,True,0
test,188,2151,2423,cf8bee4faf9f1e67678d45b7cd8c350d04e95baeead6b79c4cff607556fb7129,False,0,4488,4488,cf8bee4faf9f1e67678d45b7cd8c350d04e95baeead6b79c4cff607556fb7129,cf8bee4faf9f1e67678d45b7cd8c350d04e95baeead6b79c4cff607556fb7129,True,0
test,189,1641,2495,cf8bee4faf9f1e67678d45b7cd8c350d04e95baeead6b79c4cff607556fb7129,False,0,4488,4488,cf8bee4faf9f1e67678d45b7cd8c350d04e95baeead6b79c4cff607556fb7129,cf8bee4faf9f1e67678d45b7cd8c350d04e95baeead6b79c4cff607556fb7129,True,0
test,190,478,514,cf8bee4faf9f1e67678d45b7cd8c350d04e95baeead6b79c4cff607556fb7129,False,0,4488,4488,cf8bee4faf9f1e67678d45b7cd8c350d04e95baeead6b79c4cff607556fb7129,cf8bee4faf9f1e67678d45b7cd8c350d04e95baeead6b79c4cff607556fb7129,True,0
test,191,2471,2493,cf8bee4faf9f1e67678d45b7cd8c350d04e95baeead6b79c4cff607556fb7129,False,0,4488,4488,cf8bee4faf9f1e67678d45b7cd8c350d04e95baeead6b79c4cff607556fb7129,cf8bee4faf9f1e67678d45b7cd8c350d04e95baeead6b79c4cff607556fb7129,True,0
test,192,793,1902,cf8bee4faf9f1e67678d45b7cd8c350d04e95baeead6b79c4cff607556fb7129,False,0,4488,4488,cf8bee4faf9f1e67678d45b7cd8c350d04e95baeead6b79c4cff607556fb7129,cf8bee4faf9f1e67678d45b7cd8c350d04e95baeead6b79c4cff607556fb7129,True,0
test,193,30,738,cf8bee4faf9f1e67678d45b7cd8c350d04e95baeead6b79c4cff607556fb7129,False,0,4488,4488,cf8bee4faf9f1e67678d45b7cd8c350d04e95baeead6b79c4cff607556fb7129,cf8bee4faf9f1e67678d45b7cd8c350d04e95baeead6b79c4cff607556fb7129,True,0
test,194,424,436,cf8bee4faf9f1e67678d45b7cd8c350d04e95baeead6b79c4cff607556fb7129,False,0,4488,4488,cf8bee4faf9f1e67678d45b7cd8c350d04e95baeead6b79c4cff607556fb7129,cf8bee4faf9f1e67678d45b7cd8c350d04e95baeead6b79c4cff607556fb7129,True,0
test,195,417,1072,cf8bee4faf9f1e67678d45b7cd8c350d04e95baeead6b79c4cff607556fb7129,False,0,4488,4488,cf8bee4faf9f1e67678d45b7cd8c350d04e95baeead6b79c4cff607556fb7129,cf8bee4faf9f1e67678d45b7cd8c350d04e95baeead6b79c4cff607556fb7129,True,0
test,196,1675,1914,cf8bee4faf9f1e67678d45b7cd8c350d04e95baeead6b79c4cff607556fb7129,False,0,4488,4488,cf8bee4faf9f1e67678d45b7cd8c350d04e95baeead6b79c4cff607556fb7129,cf8bee4faf9f1e67678d45b7cd8c350d04e95baeead6b79c4cff607556fb7129,True,0
test,197,405,2059,cf8bee4faf9f1e67678d45b7cd8c350d04e95baeead6b79c4cff607556fb7129,False,0,4488,4488,cf8bee4faf9f1e67678d45b7cd8c350d04e95baeead6b79c4cff607556fb7129,cf8bee4faf9f1e67678d45b7cd8c350d04e95baeead6b79c4cff607556fb7129,True,0
test,198,1623,1769,cf8bee4faf9f1e67678d45b7cd8c350d04e95baeead6b79c4cff607556fb7129,False,0,4488,4488,cf8bee4faf9f1e67678d45b7cd8c350d04e95baeead6b79c4cff607556fb7129,cf8bee4faf9f1e67678d45b7cd8c350d04e95baeead6b79c4cff607556fb7129,True,0
test,199,1194,2670,cf8bee4faf9f1e67678d45b7cd8c350d04e95baeead6b79c4cff607556fb7129,False,0,4488,4488,cf8bee4faf9f1e67678d45b7cd8c350d04e95baeead6b79c4cff607556fb7129,cf8bee4faf9f1e67678d45b7cd8c350d04e95baeead6b79c4cff607556fb7129,True,0
test,200,85,2488,cf8bee4faf9f1e67678d45b7cd8c350d04e95baeead6b79c4cff607556fb7129,False,0,4488,4488,cf8bee4faf9f1e67678d45b7cd8c350d04e95baeead6b79c4cff607556fb7129,cf8bee4faf9f1e67678d45b7cd8c350d04e95baeead6b79c4cff607556fb7129,True,0
test,201,2251,2252,cf8bee4faf9f1e67678d45b7cd8c350d04e95baeead6b79c4cff607556fb7129,False,0,4488,4488,cf8bee4faf9f1e67678d45b7cd8c350d04e95baeead6b79c4cff607556fb7129,cf8bee4faf9f1e67678d45b7cd8c350d04e95baeead6b79c4cff607556fb7129,True,0
test,202,472,2029,cf8bee4faf9f1e67678d45b7cd8c350d04e95baeead6b79c4cff607556fb7129,False,0,4488,4488,cf8bee4faf9f1e67678d45b7cd8c350d04e95baeead6b79c4cff607556fb7129,cf8bee4faf9f1e67678d45b7cd8c350d04e95baeead6b79c4cff607556fb7129,True,0
test,203,267,2000,cf8bee4faf9f1e67678d45b7cd8c350d04e95baeead6b79c4cff607556fb7129,False,0,4488,4488,cf8bee4faf9f1e67678d45b7cd8c350d04e95baeead6b79c4cff607556fb7129,cf8bee4faf9f1e67678d45b7cd8c350d04e95baeead6b79c4cff607556fb7129,True,0
test,204,1889,1890,cf8bee4faf9f1e67678d45b7cd8c350d04e95baeead6b79c4cff607556fb7129,False,0,4488,4488,cf8bee4faf9f1e67678d45b7cd8c350d04e95baeead6b79c4cff607556fb7129,cf8bee4faf9f1e67678d45b7cd8c350d04e95baeead6b79c4cff607556fb7129,True,0
test,205,1134,2296,cf8bee4faf9f1e67678d45b7cd8c350d04e95baeead6b79c4cff607556fb7129,False,0,4488,4488,cf8bee4faf9f1e67678d45b7cd8c350d04e95baeead6b79c4cff607556fb7129,cf8bee4faf9f1e67678d45b7cd8c350d04e95baeead6b79c4cff607556fb7129,True,0
test,206,1635,2383,cf8bee4faf9f1e67678d45b7cd8c350d04e95baeead6b79c4cff607556fb7129,False,0,4488,4488,cf8bee4faf9f1e67678d45b7cd8c350d04e95baeead6b79c4cff607556fb7129,cf8bee4faf9f1e67678d45b7cd8c350d04e95baeead6b79c4cff607556fb7129,True,0
test,207,423,525,cf8bee4faf9f1e67678d45b7cd8c350d04e95baeead6b79c4cff607556fb7129,False,0,4488,4488,cf8bee4faf9f1e67678d45b7cd8c350d04e95baeead6b79c4cff607556fb7129,cf8bee4faf9f1e67678d45b7cd8c350d04e95baeead6b79c4cff607556fb7129,True,0
test,208,252,973,cf8bee4faf9f1e67678d45b7cd8c350d04e95baeead6b79c4cff607556fb7129,False,0,4488,4488,cf8bee4faf9f1e67678d45b7cd8c350d04e95baeead6b79c4cff607556fb7129,cf8bee4faf9f1e67678d45b7cd8c350d04e95baeead6b79c4cff607556fb7129,True,0
test,209,1224,1370,cf8bee4faf9f1e67678d45b7cd8c350d04e95baeead6b79c4cff607556fb7129,False,0,4488,4488,cf8bee4faf9f1e67678d45b7cd8c350d04e95baeead6b79c4cff607556fb7129,cf8bee4faf9f1e67678d45b7cd8c350d04e95baeead6b79c4cff607556fb7129,True,0
test,210,109,1772,cf8bee4faf9f1e67678d45b7cd8c350d04e95baeead6b79c4cff607556fb7129,False,0,4488,4488,cf8bee4faf9f1e67678d45b7cd8c350d04e95baeead6b79c4cff607556fb7129,cf8bee4faf9f1e67678d45b7cd8c350d04e95baeead6b79c4cff607556fb7129,True,0
test,211,402,776,cf8bee4faf9f1e67678d45b7cd8c350d04e95baeead6b79c4cff607556fb7129,False,0,4488,4488,cf8bee4faf9f1e67678d45b7cd8c350d04e95baeead6b79c4cff607556fb7129,cf8bee4faf9f1e67678d45b7cd8c350d04e95baeead6b79c4cff607556fb7129,True,0
test,212,1013,1293,cf8bee4faf9f1e67678d45b7cd8c350d04e95baeead6b79c4cff607556fb7129,False,0,4488,4488,cf8bee4faf9f1e67678d45b7cd8c350d04e95baeead6b79c4cff607556fb7129,cf8bee4faf9f1e67678d45b7cd8c350d04e95baeead6b79c4cff607556fb7129,True,0
test,213,560,2526,cf8bee4faf9f1e67678d45b7cd8c350d04e95baeead6b79c4cff607556fb7129,False,0,4488,4488,cf8bee4faf9f1e67678d45b7cd8c350d04e95baeead6b79c4cff607556fb7129,cf8bee4faf9f1e67678d45b7cd8c350d04e95baeead6b79c4cff607556fb7129,True,0
test,214,306,308,cf8bee4faf9f1e67678d45b7cd8c350d04e95baeead6b79c4cff607556fb7129,False,0,4488,4488,cf8bee4faf9f1e67678d45b7cd8c350d04e95baeead6b79c4cff607556fb7129,cf8bee4faf9f1e67678d45b7cd8c350d04e95baeead6b79c4cff607556fb7129,True,0
test,215,1142,2326,cf8bee4faf9f1e67678d45b7cd8c350d04e95baeead6b79c4cff607556fb7129,False,0,4488,4488,cf8bee4faf9f1e67678d45b7cd8c350d04e95baeead6b79c4cff607556fb7129,cf8bee4faf9f1e67678d45b7cd8c350d04e95baeead6b79c4cff607556fb7129,True,0
test,216,71,2691,cf8bee4faf9f1e67678d45b7cd8c350d04e95baeead6b79c4cff607556fb7129,False,0,4488,4488,cf8bee4faf9f1e67678d45b7cd8c350d04e95baeead6b79c4cff607556fb7129,cf8bee4faf9f1e67678d45b7cd8c350d04e95baeead6b79c4cff607556fb7129,True,0
test,217,460,1989,cf8bee4faf9f1e67678d45b7cd8c350d04e95baeead6b79c4cff607556fb7129,False,0,4488,4488,cf8bee4faf9f1e67678d45b7cd8c350d04e95baeead6b79c4cff607556fb7129,cf8bee4faf9f1e67678d45b7cd8c350d04e95baeead6b79c4cff607556fb7129,True,0
test,218,1531,1889,cf8bee4faf9f1e67678d45b7cd8c350d04e95baeead6b79c4cff607556fb7129,False,0,4488,4488,cf8bee4faf9f1e67678d45b7cd8c350d04e95baeead6b79c4cff607556fb7129,cf8bee4faf9f1e67678d45b7cd8c350d04e95baeead6b79c4cff607556fb7129,True,0
test,219,1070,1470,cf8bee4faf9f1e67678d45b7cd8c350d04e95baeead6b79c4cff607556fb7129,False,0,4488,4488,cf8bee4faf9f1e67678d45b7cd8c350d04e95baeead6b79c4cff607556fb7129,cf8bee4faf9f1e67678d45b7cd8c350d04e95baeead6b79c4cff607556fb7129,True,0
test,220,825,1765,cf8bee4faf9f1e67678d45b7cd8c350d04e95baeead6b79c4cff607556fb7129,False,0,4488,4488,cf8bee4faf9f1e67678d45b7cd8c350d04e95baeead6b79c4cff607556fb7129,cf8bee4faf9f1e67678d45b7cd8c350d04e95baeead6b79c4cff607556fb7129,True,0
test,221,1399,2227,cf8bee4faf9f1e67678d45b7cd8c350d04e95baeead6b79c4cff607556fb7129,False,0,4488,4488,cf8bee4faf9f1e67678d45b7cd8c350d04e95baeead6b79c4cff607556fb7129,cf8bee4faf9f1e67678d45b7cd8c350d04e95baeead6b79c4cff607556fb7129,True,0
test,222,1920,2310,cf8bee4faf9f1e67678d45b7cd8c350d04e95baeead6b79c4cff607556fb7129,False,0,4488,4488,cf8bee4faf9f1e67678d45b7cd8c350d04e95baeead6b79c4cff607556fb7129,cf8bee4faf9f1e67678d45b7cd8c350d04e95baeead6b79c4cff607556fb7129,True,0
test,223,310,1241,cf8bee4faf9f1e67678d45b7cd8c350d04e95baeead6b79c4cff607556fb7129,False,0,4488,4488,cf8bee4faf9f1e67678d45b7cd8c350d04e95baeead6b79c4cff607556fb7129,cf8bee4faf9f1e67678d45b7cd8c350d04e95baeead6b79c4cff607556fb7129,True,0
test,224,653,1231,cf8bee4faf9f1e67678d45b7cd8c350d04e95baeead6b79c4cff607556fb7129,False,0,4488,4488,cf8bee4faf9f1e67678d45b7cd8c350d04e95baeead6b79c4cff607556fb7129,cf8bee4faf9f1e67678d45b7cd8c350d04e95baeead6b79c4cff607556fb7129,True,0
test,225,472,1182,cf8bee4faf9f1e67678d45b7cd8c350d04e95baeead6b79c4cff607556fb7129,False,0,4488,4488,cf8bee4faf9f1e67678d45b7cd8c350d04e95baeead6b79c4cff607556fb7129,cf8bee4faf9f1e67678d45b7cd8c350d04e95baeead6b79c4cff607556fb7129,True,0
test,226,634,2227,cf8bee4faf9f1e67678d45b7cd8c350d04e95baeead6b79c4cff607556fb7129,False,0,4488,4488,cf8bee4faf9f1e67678d45b7cd8c350d04e95baeead6b79c4cff607556fb7129,cf8bee4faf9f1e67678d45b7cd8c350d04e95baeead6b79c4cff607556fb7129,True,0
test,227,165,2706,cf8bee4faf9f1e67678d45b7cd8c350d04e95baeead6b79c4cff607556fb7129,False,0,4488,4488,cf8bee4faf9f1e67678d45b7cd8c350d04e95baeead6b79c4cff607556fb7129,cf8bee4faf9f1e67678d45b7cd8c350d04e95baeead6b79c4cff607556fb7129,True,0
test,228,1200,2414,cf8bee4faf9f1e67678d45b7cd8c350d04e95baeead6b79c4cff607556fb7129,False,0,4488,4488,cf8bee4faf9f1e67678d45b7cd8c350d04e95baeead6b79c4cff607556fb7129,cf8bee4faf9f1e67678d45b7cd8c350d04e95baeead6b79c4cff607556fb7129,True,0
test,229,839,965,cf8bee4faf9f1e67678d45b7cd8c350d04e95baeead6b79c4cff607556fb7129,False,0,4488,4488,cf8bee4faf9f1e67678d45b7cd8c350d04e95baeead6b79c4cff607556fb7129,cf8bee4faf9f1e67678d45b7cd8c350d04e95baeead6b79c4cff607556fb7129,True,0
test,230,456,2347,cf8bee4faf9f1e67678d45b7cd8c350d04e95baeead6b79c4cff607556fb7129,False,0,4488,4488,cf8bee4faf9f1e67678d45b7cd8c350d04e95baeead6b79c4cff607556fb7129,cf8bee4faf9f1e67678d45b7cd8c350d04e95baeead6b79c4cff607556fb7129,True,0
test,231,1224,1525,cf8bee4faf9f1e67678d45b7cd8c350d04e95baeead6b79c4cff607556fb7129,False,0,4488,4488,cf8bee4faf9f1e67678d45b7cd8c350d04e95baeead6b79c4cff607556fb7129,cf8bee4faf9f1e67678d45b7cd8c350d04e95baeead6b79c4cff607556fb7129,True,0
test,232,1725,2597,cf8bee4faf9f1e67678d45b7cd8c350d04e95baeead6b79c4cff607556fb7129,False,0,4488,4488,cf8bee4faf9f1e67678d45b7cd8c350d04e95baeead6b79c4cff607556fb7129,cf8bee4faf9f1e67678d45b7cd8c350d04e95baeead6b79c4cff607556fb7129,True,0
test,233,186,1672,cf8bee4faf9f1e67678d45b7cd8c350d04e95baeead6b79c4cff607556fb7129,False,0,4488,4488,cf8bee4faf9f1e67678d45b7cd8c350d04e95baeead6b79c4cff607556fb7129,cf8bee4faf9f1e67678d45b7cd8c350d04e95baeead6b79c4cff607556fb7129,True,0
test,234,281,2247,cf8bee4faf9f1e67678d45b7cd8c350d04e95baeead6b79c4cff607556fb7129,False,0,4488,4488,cf8bee4faf9f1e67678d45b7cd8c350d04e95baeead6b79c4cff607556fb7129,cf8bee4faf9f1e67678d45b7cd8c350d04e95baeead6b79c4cff607556fb7129,True,0
test,235,1148,1317,cf8bee4faf9f1e67678d45b7cd8c350d04e95baeead6b79c4cff607556fb7129,False,0,4488,4488,cf8bee4faf9f1e67678d45b7cd8c350d04e95baeead6b79c4cff607556fb7129,cf8bee4faf9f1e67678d45b7cd8c350d04e95baeead6b79c4cff607556fb7129,True,0
test,236,2221,2507,cf8bee4faf9f1e67678d45b7cd8c350d04e95baeead6b79c4cff607556fb7129,False,0,4488,4488,cf8bee4faf9f1e67678d45b7cd8c350d04e95baeead6b79c4cff607556fb7129,cf8bee4faf9f1e67678d45b7cd8c350d04e95baeead6b79c4cff607556fb7129,True,0
test,237,676,1955,cf8bee4faf9f1e67678d45b7cd8c350d04e95baeead6b79c4cff607556fb7129,False,0,4488,4488,cf8bee4faf9f1e67678d45b7cd8c350d04e95baeead6b79c4cff607556fb7129,cf8bee4faf9f1e67678d45b7cd8c350d04e95baeead6b79c4cff607556fb7129,True,0
test,238,1072,1725,cf8bee4faf9f1e67678d45b7cd8c350d04e95baeead6b79c4cff607556fb7129,False,0,4488,4488,cf8bee4faf9f1e67678d45b7cd8c350d04e95baeead6b79c4cff607556fb7129,cf8bee4faf9f1e67678d45b7cd8c350d04e95baeead6b79c4cff607556fb7129,True,0
test,239,764,1358,cf8bee4faf9f1e67678d45b7cd8c350d04e95baeead6b79c4cff607556fb7129,False,0,4488,4488,cf8bee4faf9f1e67678d45b7cd8c350d04e95baeead6b79c4cff607556fb7129,cf8bee4faf9f1e67678d45b7cd8c350d04e95baeead6b79c4cff607556fb7129,True,0
test,240,639,900,cf8bee4faf9f1e67678d45b7cd8c350d04e95baeead6b79c4cff607556fb7129,False,0,4488,4488,cf8bee4faf9f1e67678d45b7cd8c350d04e95baeead6b79c4cff607556fb7129,cf8bee4faf9f1e67678d45b7cd8c350d04e95baeead6b79c4cff607556fb7129,True,0
test,241,1901,2284,cf8bee4faf9f1e67678d45b7cd8c350d04e95baeead6b79c4cff607556fb7129,False,0,4488,4488,cf8bee4faf9f1e67678d45b7cd8c350d04e95baeead6b79c4cff607556fb7129,cf8bee4faf9f1e67678d45b7cd8c350d04e95baeead6b79c4cff607556fb7129,True,0
test,242,90,155,cf8bee4faf9f1e67678d45b7cd8c350d04e95baeead6b79c4cff607556fb7129,False,0,4488,4488,cf8bee4faf9f1e67678d45b7cd8c350d04e95baeead6b79c4cff607556fb7129,cf8bee4faf9f1e67678d45b7cd8c350d04e95baeead6b79c4cff607556fb7129,True,0
test,243,1037,2654,cf8bee4faf9f1e67678d45b7cd8c350d04e95baeead6b79c4cff607556fb7129,False,0,4488,4488,cf8bee4faf9f1e67678d45b7cd8c350d04e95baeead6b79c4cff607556fb7129,cf8bee4faf9f1e67678d45b7cd8c350d04e95baeead6b79c4cff607556fb7129,True,0
test,244,609,2448,cf8bee4faf9f1e67678d45b7cd8c350d04e95baeead6b79c4cff607556fb7129,False,0,4488,4488,cf8bee4faf9f1e67678d45b7cd8c350d04e95baeead6b79c4cff607556fb7129,cf8bee4faf9f1e67678d45b7cd8c350d04e95baeead6b79c4cff607556fb7129,True,0
test,245,434,1524,cf8bee4faf9f1e67678d45b7cd8c350d04e95baeead6b79c4cff607556fb7129,False,0,4488,4488,cf8bee4faf9f1e67678d45b7cd8c350d04e95baeead6b79c4cff607556fb7129,cf8bee4faf9f1e67678d45b7cd8c350d04e95baeead6b79c4cff607556fb7129,True,0
test,246,1676,1914,cf8bee4faf9f1e67678d45b7cd8c350d04e95baeead6b79c4cff607556fb7129,False,0,4488,4488,cf8bee4faf9f1e67678d45b7cd8c350d04e95baeead6b79c4cff607556fb7129,cf8bee4faf9f1e67678d45b7cd8c350d04e95baeead6b79c4cff607556fb7129,True,0
test,247,449,2581,cf8bee4faf9f1e67678d45b7cd8c350d04e95baeead6b79c4cff607556fb7129,False,0,4488,4488,cf8bee4faf9f1e67678d45b7cd8c350d04e95baeead6b79c4cff607556fb7129,cf8bee4faf9f1e67678d45b7cd8c350d04e95baeead6b79c4cff607556fb7129,True,0
test,248,487,1773,cf8bee4faf9f1e67678d45b7cd8c350d04e95baeead6b79c4cff607556fb7129,False,0,4488,4488,cf8bee4faf9f1e67678d45b7cd8c350d04e95baeead6b79c4cff607556fb7129,cf8bee4faf9f1e67678d45b7cd8c350d04e95baeead6b79c4cff607556fb7129,True,0
test,249,666,1973,cf8bee4faf9f1e67678d45b7cd8c350d04e95baeead6b79c4cff607556fb7129,False,0,4488,4488,cf8bee4faf9f1e67678d45b7cd8c350d04e95baeead6b79c4cff607556fb7129,cf8bee4faf9f1e67678d45b7cd8c350d04e95baeead6b79c4cff607556fb7129,True,0
test,250,873,2313,cf8bee4faf9f1e67678d45b7cd8c350d04e95baeead6b79c4cff607556fb7129,False,0,4488,4488,cf8bee4faf9f1e67678d45b7cd8c350d04e95baeead6b79c4cff607556fb7129,cf8bee4faf9f1e67678d45b7cd8c350d04e95baeead6b79c4cff607556fb7129,True,0
test,251,1986,1991,cf8bee4faf9f1e67678d45b7cd8c350d04e95baeead6b79c4cff607556fb7129,False,0,4488,4488,cf8bee4faf9f1e67678d45b7cd8c350d04e95baeead6b79c4cff607556fb7129,cf8bee4faf9f1e67678d45b7cd8c350d04e95baeead6b79c4cff607556fb7129,True,0
test,252,210,1079,cf8bee4faf9f1e67678d45b7cd8c350d04e95baeead6b79c4cff607556fb7129,False,0,4488,4488,cf8bee4faf9f1e67678d45b7cd8c350d04e95baeead6b79c4cff607556fb7129,cf8bee4faf9f1e67678d45b7cd8c350d04e95baeead6b79c4cff607556fb7129,True,0
test,253,108,2157,cf8bee4faf9f1e67678d45b7cd8c350d04e95baeead6b79c4cff607556fb7129,False,0,4488,4488,cf8bee4faf9f1e67678d45b7cd8c350d04e95baeead6b79c4cff607556fb7129,cf8bee4faf9f1e67678d45b7cd8c350d04e95baeead6b79c4cff607556fb7129,True,0
test,254,534,609,cf8bee4faf9f1e67678d45b7cd8c350d04e95baeead6b79c4cff607556fb7129,False,0,4488,4488,cf8bee4faf9f1e67678d45b7cd8c350d04e95baeead6b79c4cff607556fb7129,cf8bee4faf9f1e67678d45b7cd8c350d04e95baeead6b79c4cff607556fb7129,True,0
test,255,1807,2034,cf8bee4faf9f1e67678d45b7cd8c350d04e95baeead6b79c4cff607556fb7129,False,0,4488,4488,cf8bee4faf9f1e67678d45b7cd8c350d04e95baeead6b79c4cff607556fb7129,cf8bee4faf9f1e67678d45b7cd8c350d04e95baeead6b79c4cff607556fb7129,True,0
test,256,1310,2692,cf8bee4faf9f1e67678d45b7cd8c350d04e95baeead6b79c4cff607556fb7129,False,0,4488,4488,cf8bee4faf9f1e67678d45b7cd8c350d04e95baeead6b79c4cff607556fb7129,cf8bee4faf9f1e67678d45b7cd8c350d04e95baeead6b79c4cff607556fb7129,True,0
test,257,201,1701,cf8bee4faf9f1e67678d45b7cd8c350d04e95baeead6b79c4cff607556fb7129,False,0,4488,4488,cf8bee4faf9f1e67678d45b7cd8c350d04e95baeead6b79c4cff607556fb7129,cf8bee4faf9f1e67678d45b7cd8c350d04e95baeead6b79c4cff607556fb7129,True,0
test,258,2075,2077,cf8bee4faf9f1e67678d45b7cd8c350d04e95baeead6b79c4cff607556fb7129,False,0,4488,4488,cf8bee4faf9f1e67678d45b7cd8c350d04e95baeead6b79c4cff607556fb7129,cf8bee4faf9f1e67678d45b7cd8c350d04e95baeead6b79c4cff607556fb7129,True,0
test,259,367,2451,cf8bee4faf9f1e67678d45b7cd8c350d04e95baeead6b79c4cff607556fb7129,False,0,4488,4488,cf8bee4faf9f1e67678d45b7cd8c350d04e95baeead6b79c4cff607556fb7129,cf8bee4faf9f1e67678d45b7cd8c350d04e95baeead6b79c4cff607556fb7129,True,0
test,260,40,1364,cf8bee4faf9f1e67678d45b7cd8c350d04e95baeead6b79c4cff607556fb7129,False,0,4488,4488,cf8bee4faf9f1e67678d45b7cd8c350d04e95baeead6b79c4cff607556fb7129,cf8bee4faf9f1e67678d45b7cd8c350d04e95baeead6b79c4cff607556fb7129,True,0
test,261,110,567,cf8bee4faf9f1e67678d45b7cd8c350d04e95baeead6b79c4cff607556fb7129,False,0,4488,4488,cf8bee4faf9f1e67678d45b7cd8c350d04e95baeead6b79c4cff607556fb7129,cf8bee4faf9f1e67678d45b7cd8c350d04e95baeead6b79c4cff607556fb7129,True,0
test,262,961,2555,cf8bee4faf9f1e67678d45b7cd8c350d04e95baeead6b79c4cff607556fb7129,False,0,4488,4488,cf8bee4faf9f1e67678d45b7cd8c350d04e95baeead6b79c4cff607556fb7129,cf8bee4faf9f1e67678d45b7cd8c350d04e95baeead6b79c4cff607556fb7129,True,0
test,263,444,2289,cf8bee4faf9f1e67678d45b7cd8c350d04e95baeead6b79c4cff607556fb7129,False,0,4488,4488,cf8bee4faf9f1e67678d45b7cd8c350d04e95baeead6b79c4cff607556fb7129,cf8bee4faf9f1e67678d45b7cd8c350d04e95baeead6b79c4cff607556fb7129,True,0
test,264,142,1628,cf8bee4faf9f1e67678d45b7cd8c350d04e95baeead6b79c4cff607556fb7129,False,0,4488,4488,cf8bee4faf9f1e67678d45b7cd8c350d04e95baeead6b79c4cff607556fb7129,cf8bee4faf9f1e67678d45b7cd8c350d04e95baeead6b79c4cff607556fb7129,True,0
test,265,290,1765,cf8bee4faf9f1e67678d45b7cd8c350d04e95baeead6b79c4cff607556fb7129,False,0,4488,4488,cf8bee4faf9f1e67678d45b7cd8c350d04e95baeead6b79c4cff607556fb7129,cf8bee4faf9f1e67678d45b7cd8c350d04e95baeead6b79c4cff607556fb7129,True,0
test,266,167,1056,cf8bee4faf9f1e67678d45b7cd8c350d04e95baeead6b79c4cff607556fb7129,False,0,4488,4488,cf8bee4faf9f1e67678d45b7cd8c350d04e95baeead6b79c4cff607556fb7129,cf8bee4faf9f1e67678d45b7cd8c350d04e95baeead6b79c4cff607556fb7129,True,0
test,267,353,1345,cf8bee4faf9f1e67678d45b7cd8c350d04e95baeead6b79c4cff607556fb7129,False,0,4488,4488,cf8bee4faf9f1e67678d45b7cd8c350d04e95baeead6b79c4cff607556fb7129,cf8bee4faf9f1e67678d45b7cd8c350d04e95baeead6b79c4cff607556fb7129,True,0
test,268,2304,2385,cf8bee4faf9f1e67678d45b7cd8c350d04e95baeead6b79c4cff607556fb7129,False,0,4488,4488,cf8bee4faf9f1e67678d45b7cd8c350d04e95baeead6b79c4cff607556fb7129,cf8bee4faf9f1e67678d45b7cd8c350d04e95baeead6b79c4cff607556fb7129,True,0
test,269,306,2080,cf8bee4faf9f1e67678d45b7cd8c350d04e95baeead6b79c4cff607556fb7129,False,0,4488,4488,cf8bee4faf9f1e67678d45b7cd8c350d04e95baeead6b79c4cff607556fb7129,cf8bee4faf9f1e67678d45b7cd8c350d04e95baeead6b79c4cff607556fb7129,True,0
test,270,918,1098,cf8bee4faf9f1e67678d45b7cd8c350d04e95baeead6b79c4cff607556fb7129,False,0,4488,4488,cf8bee4faf9f1e67678d45b7cd8c350d04e95baeead6b79c4cff607556fb7129,cf8bee4faf9f1e67678d45b7cd8c350d04e95baeead6b79c4cff607556fb7129,True,0
test,271,962,1809,cf8bee4faf9f1e67678d45b7cd8c350d04e95baeead6b79c4cff607556fb7129,False,0,4488,4488,cf8bee4faf9f1e67678d45b7cd8c350d04e95baeead6b79c4cff607556fb7129,cf8bee4faf9f1e67678d45b7cd8c350d04e95baeead6b79c4cff607556fb7129,True,0
test,272,1721,2476,cf8bee4faf9f1e67678d45b7cd8c350d04e95baeead6b79c4cff607556fb7129,False,0,4488,4488,cf8bee4faf9f1e67678d45b7cd8c350d04e95baeead6b79c4cff607556fb7129,cf8bee4faf9f1e67678d45b7cd8c350d04e95baeead6b79c4cff607556fb7129,True,0
test,273,347,408,cf8bee4faf9f1e67678d45b7cd8c350d04e95baeead6b79c4cff607556fb7129,False,0,4488,4488,cf8bee4faf9f1e67678d45b7cd8c350d04e95baeead6b79c4cff607556fb7129,cf8bee4faf9f1e67678d45b7cd8c350d04e95baeead6b79c4cff607556fb7129,True,0
test,274,526,1007,cf8bee4faf9f1e67678d45b7cd8c350d04e95baeead6b79c4cff607556fb7129,False,0,4488,4488,cf8bee4faf9f1e67678d45b7cd8c350d04e95baeead6b79c4cff607556fb7129,cf8bee4faf9f1e67678d45b7cd8c350d04e95baeead6b79c4cff607556fb7129,True,0
test,275,309,2305,cf8bee4faf9f1e67678d45b7cd8c350d04e95baeead6b79c4cff607556fb7129,False,0,4488,4488,cf8bee4faf9f1e67678d45b7cd8c350d04e95baeead6b79c4cff607556fb7129,cf8bee4faf9f1e67678d45b7cd8c350d04e95baeead6b79c4cff607556fb7129,True,0
test,276,717,1907,cf8bee4faf9f1e67678d45b7cd8c350d04e95baeead6b79c4cff607556fb7129,False,0,4488,4488,cf8bee4faf9f1e67678d45b7cd8c350d04e95baeead6b79c4cff607556fb7129,cf8bee4faf9f1e67678d45b7cd8c350d04e95baeead6b79c4cff607556fb7129,True,0
test,277,482,2230,cf8bee4faf9f1e67678d45b7cd8c350d04e95baeead6b79c4cff607556fb7129,False,0,4488,4488,cf8bee4faf9f1e67678d45b7cd8c350d04e95baeead6b79c4cff607556fb7129,cf8bee4faf9f1e67678d45b7cd8c350d04e95baeead6b79c4cff607556fb7129,True,0
test,278,1623,1772,cf8bee4faf9f1e67678d45b7cd8c350d04e95baeead6b79c4cff607556fb7129,False,0,4488,4488,cf8bee4faf9f1e67678d45b7cd8c350d04e95baeead6b79c4cff607556fb7129,cf8bee4faf9f1e67678d45b7cd8c350d04e95baeead6b79c4cff607556fb7129,True,0
test,279,870,1119,cf8bee4faf9f1e67678d45b7cd8c350d04e95baeead6b79c4cff607556fb7129,False,0,4488,4488,cf8bee4faf9f1e67678d45b7cd8c350d04e95baeead6b79c4cff607556fb7129,cf8bee4faf9f1e67678d45b7cd8c350d04e95baeead6b79c4cff607556fb7129,True,0
test,280,833,1678,cf8bee4faf9f1e67678d45b7cd8c350d04e95baeead6b79c4cff607556fb7129,False,0,4488,4488,cf8bee4faf9f1e67678d45b7cd8c350d04e95baeead6b79c4cff607556fb7129,cf8bee4faf9f1e67678d45b7cd8c350d04e95baeead6b79c4cff607556fb7129,True,0
test,281,1133,1500,cf8bee4faf9f1e67678d45b7cd8c350d04e95baeead6b79c4cff607556fb7129,False,0,4488,4488,cf8bee4faf9f1e67678d45b7cd8c350d04e95baeead6b79c4cff607556fb7129,cf8bee4faf9f1e67678d45b7cd8c350d04e95baeead6b79c4cff607556fb7129,True,0
test,282,733,862,cf8bee4faf9f1e67678d45b7cd8c350d04e95baeead6b79c4cff607556fb7129,False,0,4488,4488,cf8bee4faf9f1e67678d45b7cd8c350d04e95baeead6b79c4cff607556fb7129,cf8bee4faf9f1e67678d45b7cd8c350d04e95baeead6b79c4cff607556fb7129,True,0
test,283,1301,2140,cf8bee4faf9f1e67678d45b7cd8c350d04e95baeead6b79c4cff607556fb7129,False,0,4488,4488,cf8bee4faf9f1e67678d45b7cd8c350d04e95baeead6b79c4cff607556fb7129,cf8bee4faf9f1e67678d45b7cd8c350d04e95baeead6b79c4cff607556fb7129,True,0
test,284,551,2388,cf8bee4faf9f1e67678d45b7cd8c350d04e95baeead6b79c4cff607556fb7129,False,0,4488,4488,cf8bee4faf9f1e67678d45b7cd8c350d04e95baeead6b79c4cff607556fb7129,cf8bee4faf9f1e67678d45b7cd8c350d04e95baeead6b79c4cff607556fb7129,True,0
test,285,269,321,cf8bee4faf9f1e67678d45b7cd8c350d04e95baeead6b79c4cff607556fb7129,False,0,4488,4488,cf8bee4faf9f1e67678d45b7cd8c350d04e95baeead6b79c4cff607556fb7129,cf8bee4faf9f1e67678d45b7cd8c350d04e95baeead6b79c4cff607556fb7129,True,0
test,286,88,415,cf8bee4faf9f1e67678d45b7cd8c350d04e95baeead6b79c4cff607556fb7129,False,0,4488,4488,cf8bee4faf9f1e67678d45b7cd8c350d04e95baeead6b79c4cff607556fb7129,cf8bee4faf9f1e67678d45b7cd8c350d04e95baeead6b79c4cff607556fb7129,True,0
test,287,1955,2235,cf8bee4faf9f1e67678d45b7cd8c350d04e95baeead6b79c4cff607556fb7129,False,0,4488,4488,cf8bee4faf9f1e67678d45b7cd8c350d04e95baeead6b79c4cff607556fb7129,cf8bee4faf9f1e67678d45b7cd8c350d04e95baeead6b79c4cff607556fb7129,True,0
test,288,657,2522,cf8bee4faf9f1e67678d45b7cd8c350d04e95baeead6b79c4cff607556fb7129,False,0,4488,4488,cf8bee4faf9f1e67678d45b7cd8c350d04e95baeead6b79c4cff607556fb7129,cf8bee4faf9f1e67678d45b7cd8c350d04e95baeead6b79c4cff607556fb7129,True,0
test,289,901,1042,cf8bee4faf9f1e67678d45b7cd8c350d04e95baeead6b79c4cff607556fb7129,False,0,4488,4488,cf8bee4faf9f1e67678d45b7cd8c350d04e95baeead6b79c4cff607556fb7129,cf8bee4faf9f1e67678d45b7cd8c350d04e95baeead6b79c4cff607556fb7129,True,0
test,290,119,1549,cf8bee4faf9f1e67678d45b7cd8c350d04e95baeead6b79c4cff607556fb7129,False,0,4488,4488,cf8bee4faf9f1e67678d45b7cd8c350d04e95baeead6b79c4cff607556fb7129,cf8bee4faf9f1e67678d45b7cd8c350d04e95baeead6b79c4cff607556fb7129,True,0
test,291,482,1810,cf8bee4faf9f1e67678d45b7cd8c350d04e95baeead6b79c4cff607556fb7129,False,0,4488,4488,cf8bee4faf9f1e67678d45b7cd8c350d04e95baeead6b79c4cff607556fb7129,cf8bee4faf9f1e67678d45b7cd8c350d04e95baeead6b79c4cff607556fb7129,True,0
test,292,48,598,cf8bee4faf9f1e67678d45b7cd8c350d04e95baeead6b79c4cff607556fb7129,False,0,4488,4488,cf8bee4faf9f1e67678d45b7cd8c350d04e95baeead6b79c4cff607556fb7129,cf8bee4faf9f1e67678d45b7cd8c350d04e95baeead6b79c4cff607556fb7129,True,0
test,293,744,1154,cf8bee4faf9f1e67678d45b7cd8c350d04e95baeead6b79c4cff607556fb7129,False,0,4488,4488,cf8bee4faf9f1e67678d45b7cd8c350d04e95baeead6b79c4cff607556fb7129,cf8bee4faf9f1e67678d45b7cd8c350d04e95baeead6b79c4cff607556fb7129,True,0
test,294,1951,2206,cf8bee4faf9f1e67678d45b7cd8c350d04e95baeead6b79c4cff607556fb7129,False,0,4488,4488,cf8bee4faf9f1e67678d45b7cd8c350d04e95baeead6b79c4cff607556fb7129,cf8bee4faf9f1e67678d45b7cd8c350d04e95baeead6b79c4cff607556fb7129,True,0
test,295,537,1165,cf8bee4faf9f1e67678d45b7cd8c350d04e95baeead6b79c4cff607556fb7129,False,0,4488,4488,cf8bee4faf9f1e67678d45b7cd8c350d04e95baeead6b79c4cff607556fb7129,cf8bee4faf9f1e67678d45b7cd8c350d04e95baeead6b79c4cff607556fb7129,True,0
test,296,439,1169,cf8bee4faf9f1e67678d45b7cd8c350d04e95baeead6b79c4cff607556fb7129,False,0,4488,4488,cf8bee4faf9f1e67678d45b7cd8c350d04e95baeead6b79c4cff607556fb7129,cf8bee4faf9f1e67678d45b7cd8c350d04e95baeead6b79c4cff607556fb7129,True,0
test,297,649,1171,cf8bee4faf9f1e67678d45b7cd8c350d04e95baeead6b79c4cff607556fb7129,False,0,4488,4488,cf8bee4faf9f1e67678d45b7cd8c350d04e95baeead6b79c4cff607556fb7129,cf8bee4faf9f1e67678d45b7cd8c350d04e95baeead6b79c4cff607556fb7129,True,0
test,298,117,259,cf8bee4faf9f1e67678d45b7cd8c350d04e95baeead6b79c4cff607556fb7129,False,0,4488,4488,cf8bee4faf9f1e67678d45b7cd8c350d04e95baeead6b79c4cff607556fb7129,cf8bee4faf9f1e67678d45b7cd8c350d04e95baeead6b79c4cff607556fb7129,True,0
test,299,760,985,cf8bee4faf9f1e67678d45b7cd8c350d04e95baeead6b79c4cff607556fb7129,False,0,4488,4488,cf8bee4faf9f1e67678d45b7cd8c350d04e95baeead6b79c4cff607556fb7129,cf8bee4faf9f1e67678d45b7cd8c350d04e95baeead6b79c4cff607556fb7129,True,0
test,300,1724,2215,cf8bee4faf9f1e67678d45b7cd8c350d04e95baeead6b79c4cff607556fb7129,False,0,4488,4488,cf8bee4faf9f1e67678d45b7cd8c350d04e95baeead6b79c4cff607556fb7129,cf8bee4faf9f1e67678d45b7cd8c350d04e95baeead6b79c4cff607556fb7129,True,0
test,301,2181,2196,cf8bee4faf9f1e67678d45b7cd8c350d04e95baeead6b79c4cff607556fb7129,False,0,4488,4488,cf8bee4faf9f1e67678d45b7cd8c350d04e95baeead6b79c4cff607556fb7129,cf8bee4faf9f1e67678d45b7cd8c350d04e95baeead6b79c4cff607556fb7129,True,0
test,302,56,447,cf8bee4faf9f1e67678d45b7cd8c350d04e95baeead6b79c4cff607556fb7129,False,0,4488,4488,cf8bee4faf9f1e67678d45b7cd8c350d04e95baeead6b79c4cff607556fb7129,cf8bee4faf9f1e67678d45b7cd8c350d04e95baeead6b79c4cff607556fb7129,True,0
test,303,1061,1196,cf8bee4faf9f1e67678d45b7cd8c350d04e95baeead6b79c4cff607556fb7129,False,0,4488,4488,cf8bee4faf9f1e67678d45b7cd8c350d04e95baeead6b79c4cff607556fb7129,cf8bee4faf9f1e67678d45b7cd8c350d04e95baeead6b79c4cff607556fb7129,True,0
test,304,1131,1909,cf8bee4faf9f1e67678d45b7cd8c350d04e95baeead6b79c4cff607556fb7129,False,0,4488,4488,cf8bee4faf9f1e67678d45b7cd8c350d04e95baeead6b79c4cff607556fb7129,cf8bee4faf9f1e67678d45b7cd8c350d04e95baeead6b79c4cff607556fb7129,True,0
test,305,448,1826,cf8bee4faf9f1e67678d45b7cd8c350d04e95baeead6b79c4cff607556fb7129,False,0,4488,4488,cf8bee4faf9f1e67678d45b7cd8c350d04e95baeead6b79c4cff607556fb7129,cf8bee4faf9f1e67678d45b7cd8c350d04e95baeead6b79c4cff607556fb7129,True,0
test,306,133,1623,cf8bee4faf9f1e67678d45b7cd8c350d04e95baeead6b79c4cff607556fb7129,False,0,4488,4488,cf8bee4faf9f1e67678d45b7cd8c350d04e95baeead6b79c4cff607556fb7129,cf8bee4faf9f1e67678d45b7cd8c350d04e95baeead6b79c4cff607556fb7129,True,0
test,307,985,1073,cf8bee4faf9f1e67678d45b7cd8c350d04e95baeead6b79c4cff607556fb7129,False,0,4488,4488,cf8bee4faf9f1e67678d45b7cd8c350d04e95baeead6b79c4cff607556fb7129,cf8bee4faf9f1e67678d45b7cd8c350d04e95baeead6b79c4cff607556fb7129,True,0
test,308,701,2062,cf8bee4faf9f1e67678d45b7cd8c350d04e95baeead6b79c4cff607556fb7129,False,0,4488,4488,cf8bee4faf9f1e67678d45b7cd8c350d04e95baeead6b79c4cff607556fb7129,cf8bee4faf9f1e67678d45b7cd8c350d04e95baeead6b79c4cff607556fb7129,True,0
test,309,1712,1725,cf8bee4faf9f1e67678d45b7cd8c350d04e95baeead6b79c4cff607556fb7129,False,0,4488,4488,cf8bee4faf9f1e67678d45b7cd8c350d04e95baeead6b79c4cff607556fb7129,cf8bee4faf9f1e67678d45b7cd8c350d04e95baeead6b79c4cff607556fb7129,True,0
test,310,6,373,cf8bee4faf9f1e67678d45b7cd8c350d04e95baeead6b79c4cff607556fb7129,False,0,4488,4488,cf8bee4faf9f1e67678d45b7cd8c350d04e95baeead6b79c4cff607556fb7129,cf8bee4faf9f1e67678d45b7cd8c350d04e95baeead6b79c4cff607556fb7129,True,0
test,311,1463,2133,cf8bee4faf9f1e67678d45b7cd8c350d04e95baeead6b79c4cff607556fb7129,False,0,4488,4488,cf8bee4faf9f1e67678d45b7cd8c350d04e95baeead6b79c4cff607556fb7129,cf8bee4faf9f1e67678d45b7cd8c350d04e95baeead6b79c4cff607556fb7129,True,0
test,312,229,1894,cf8bee4faf9f1e67678d45b7cd8c350d04e95baeead6b79c4cff607556fb7129,False,0,4488,4488,cf8bee4faf9f1e67678d45b7cd8c350d04e95baeead6b79c4cff607556fb7129,cf8bee4faf9f1e67678d45b7cd8c350d04e95baeead6b79c4cff607556fb7129,True,0
test,313,1358,1745,cf8bee4faf9f1e67678d45b7cd8c350d04e95baeead6b79c4cff607556fb7129,False,0,4488,4488,cf8bee4faf9f1e67678d45b7cd8c350d04e95baeead6b79c4cff607556fb7129,cf8bee4faf9f1e67678d45b7cd8c350d04e95baeead6b79c4cff607556fb7129,True,0
test,314,1334,1542,cf8bee4faf9f1e67678d45b7cd8c350d04e95baeead6b79c4cff607556fb7129,False,0,4488,4488,cf8bee4faf9f1e67678d45b7cd8c350d04e95baeead6b79c4cff607556fb7129,cf8bee4faf9f1e67678d45b7cd8c350d04e95baeead6b79c4cff607556fb7129,True,0
test,315,442,2362,cf8bee4faf9f1e67678d45b7cd8c350d04e95baeead6b79c4cff607556fb7129,False,0,4488,4488,cf8bee4faf9f1e67678d45b7cd8c350d04e95baeead6b79c4cff607556fb7129,cf8bee4faf9f1e67678d45b7cd8c350d04e95baeead6b79c4cff607556fb7129,True,0
test,316,383,2268,cf8bee4faf9f1e67678d45b7cd8c350d04e95baeead6b79c4cff607556fb7129,False,0,4488,4488,cf8bee4faf9f1e67678d45b7cd8c350d04e95baeead6b79c4cff607556fb7129,cf8bee4faf9f1e67678d45b7cd8c350d04e95baeead6b79c4cff607556fb7129,True,0
test,317,525,1628,cf8bee4faf9f1e67678d45b7cd8c350d04e95baeead6b79c4cff607556fb7129,False,0,4488,4488,cf8bee4faf9f1e67678d45b7cd8c350d04e95baeead6b79c4cff607556fb7129,cf8bee4faf9f1e67678d45b7cd8c350d04e95baeead6b79c4cff607556fb7129,True,0
test,318,1899,1902,cf8bee4faf9f1e67678d45b7cd8c350d04e95baeead6b79c4cff607556fb7129,False,0,4488,4488,cf8bee4faf9f1e67678d45b7cd8c350d04e95baeead6b79c4cff607556fb7129,cf8bee4faf9f1e67678d45b7cd8c350d04e95baeead6b79c4cff607556fb7129,True,0
test,319,1358,1761,cf8bee4faf9f1e67678d45b7cd8c350d04e95baeead6b79c4cff607556fb7129,False,0,4488,4488,cf8bee4faf9f1e67678d45b7cd8c350d04e95baeead6b79c4cff607556fb7129,cf8bee4faf9f1e67678d45b7cd8c350d04e95baeead6b79c4cff607556fb7129,True,0
test,320,32,518,cf8bee4faf9f1e67678d45b7cd8c350d04e95baeead6b79c4cff607556fb7129,False,0,4488,4488,cf8bee4faf9f1e67678d45b7cd8c350d04e95baeead6b79c4cff607556fb7129,cf8bee4faf9f1e67678d45b7cd8c350d04e95baeead6b79c4cff607556fb7129,True,0
test,321,1427,2446,cf8bee4faf9f1e67678d45b7cd8c350d04e95baeead6b79c4cff607556fb7129,False,0,4488,4488,cf8bee4faf9f1e67678d45b7cd8c350d04e95baeead6b79c4cff607556fb7129,cf8bee4faf9f1e67678d45b7cd8c350d04e95baeead6b79c4cff607556fb7129,True,0
test,322,368,428,cf8bee4faf9f1e67678d45b7cd8c350d04e95baeead6b79c4cff607556fb7129,False,0,4488,4488,cf8bee4faf9f1e67678d45b7cd8c350d04e95baeead6b79c4cff607556fb7129,cf8bee4faf9f1e67678d45b7cd8c350d04e95baeead6b79c4cff607556fb7129,True,0
test,323,47,163,cf8bee4faf9f1e67678d45b7cd8c350d04e95baeead6b79c4cff607556fb7129,False,0,4488,4488,cf8bee4faf9f1e67678d45b7cd8c350d04e95baeead6b79c4cff607556fb7129,cf8bee4faf9f1e67678d45b7cd8c350d04e95baeead6b79c4cff607556fb7129,True,0
test,324,1671,2137,cf8bee4faf9f1e67678d45b7cd8c350d04e95baeead6b79c4cff607556fb7129,False,0,4488,4488,cf8bee4faf9f1e67678d45b7cd8c350d04e95baeead6b79c4cff607556fb7129,cf8bee4faf9f1e67678d45b7cd8c350d04e95baeead6b79c4cff607556fb7129,True,0
test,325,710,2212,cf8bee4faf9f1e67678d45b7cd8c350d04e95baeead6b79c4cff607556fb7129,False,0,4488,4488,cf8bee4faf9f1e67678d45b7cd8c350d04e95baeead6b79c4cff607556fb7129,cf8bee4faf9f1e67678d45b7cd8c350d04e95baeead6b79c4cff607556fb7129,True,0
test,326,218,2119,cf8bee4faf9f1e67678d45b7cd8c350d04e95baeead6b79c4cff607556fb7129,False,0,4488,4488,cf8bee4faf9f1e67678d45b7cd8c350d04e95baeead6b79c4cff607556fb7129,cf8bee4faf9f1e67678d45b7cd8c350d04e95baeead6b79c4cff607556fb7129,True,0
test,327,441,1537,cf8bee4faf9f1e67678d45b7cd8c350d04e95baeead6b79c4cff607556fb7129,False,0,4488,4488,cf8bee4faf9f1e67678d45b7cd8c350d04e95baeead6b79c4cff607556fb7129,cf8bee4faf9f1e67678d45b7cd8c350d04e95baeead6b79c4cff607556fb7129,True,0
test,328,665,2122,cf8bee4faf9f1e67678d45b7cd8c350d04e95baeead6b79c4cff607556fb7129,False,0,4488,4488,cf8bee4faf9f1e67678d45b7cd8c350d04e95baeead6b79c4cff607556fb7129,cf8bee4faf9f1e67678d45b7cd8c350d04e95baeead6b79c4cff607556fb7129,True,0
test,329,325,1848,cf8bee4faf9f1e67678d45b7cd8c350d04e95baeead6b79c4cff607556fb7129,False,0,4488,4488,cf8bee4faf9f1e67678d45b7cd8c350d04e95baeead6b79c4cff607556fb7129,cf8bee4faf9f1e67678d45b7cd8c350d04e95baeead6b79c4cff607556fb7129,True,0
test,330,120,2405,cf8bee4faf9f1e67678d45b7cd8c350d04e95baeead6b79c4cff607556fb7129,False,0,4488,4488,cf8bee4faf9f1e67678d45b7cd8c350d04e95baeead6b79c4cff607556fb7129,cf8bee4faf9f1e67678d45b7cd8c350d04e95baeead6b79c4cff607556fb7129,True,0
test,331,1215,1894,cf8bee4faf9f1e67678d45b7cd8c350d04e95baeead6b79c4cff607556fb7129,False,0,4488,4488,cf8bee4faf9f1e67678d45b7cd8c350d04e95baeead6b79c4cff607556fb7129,cf8bee4faf9f1e67678d45b7cd8c350d04e95baeead6b79c4cff607556fb7129,True,0
test,332,1206,1257,cf8bee4faf9f1e67678d45b7cd8c350d04e95baeead6b79c4cff607556fb7129,False,0,4488,4488,cf8bee4faf9f1e67678d45b7cd8c350d04e95baeead6b79c4cff607556fb7129,cf8bee4faf9f1e67678d45b7cd8c350d04e95baeead6b79c4cff607556fb7129,True,0
test,333,50,1441,cf8bee4faf9f1e67678d45b7cd8c350d04e95baeead6b79c4cff607556fb7129,False,0,4488,4488,cf8bee4faf9f1e67678d45b7cd8c350d04e95baeead6b79c4cff607556fb7129,cf8bee4faf9f1e67678d45b7cd8c350d04e95baeead6b79c4cff607556fb7129,True,0
test,334,1185,1992,cf8bee4faf9f1e67678d45b7cd8c350d04e95baeead6b79c4cff607556fb7129,False,0,4488,4488,cf8bee4faf9f1e67678d45b7cd8c350d04e95baeead6b79c4cff607556fb7129,cf8bee4faf9f1e67678d45b7cd8c350d04e95baeead6b79c4cff607556fb7129,True,0
test,335,1090,2367,cf8bee4faf9f1e67678d45b7cd8c350d04e95baeead6b79c4cff607556fb7129,False,0,4488,4488,cf8bee4faf9f1e67678d45b7cd8c350d04e95baeead6b79c4cff607556fb7129,cf8bee4faf9f1e67678d45b7cd8c350d04e95baeead6b79c4cff607556fb7129,True,0
test,336,1041,2448,cf8bee4faf9f1e67678d45b7cd8c350d04e95baeead6b79c4cff607556fb7129,False,0,4488,4488,cf8bee4faf9f1e67678d45b7cd8c350d04e95baeead6b79c4cff607556fb7129,cf8bee4faf9f1e67678d45b7cd8c350d04e95baeead6b79c4cff607556fb7129,True,0
test,337,86,1336,cf8bee4faf9f1e67678d45b7cd8c350d04e95baeead6b79c4cff607556fb7129,False,0,4488,4488,cf8bee4faf9f1e67678d45b7cd8c350d04e95baeead6b79c4cff607556fb7129,cf8bee4faf9f1e67678d45b7cd8c350d04e95baeead6b79c4cff607556fb7129,True,0
test,338,1462,1663,cf8bee4faf9f1e67678d45b7cd8c350d04e95baeead6b79c4cff607556fb7129,False,0,4488,4488,cf8bee4faf9f1e67678d45b7cd8c350d04e95baeead6b79c4cff607556fb7129,cf8bee4faf9f1e67678d45b7cd8c350d04e95baeead6b79c4cff607556fb7129,True,0
test,339,542,1245,cf8bee4faf9f1e67678d45b7cd8c350d04e95baeead6b79c4cff607556fb7129,False,0,4488,4488,cf8bee4faf9f1e67678d45b7cd8c350d04e95baeead6b79c4cff607556fb7129,cf8bee4faf9f1e67678d45b7cd8c350d04e95baeead6b79c4cff607556fb7129,True,0
test,340,1224,1660,cf8bee4faf9f1e67678d45b7cd8c350d04e95baeead6b79c4cff607556fb7129,False,0,4488,4488,cf8bee4faf9f1e67678d45b7cd8c350d04e95baeead6b79c4cff607556fb7129,cf8bee4faf9f1e67678d45b7cd8c350d04e95baeead6b79c4cff607556fb7129,True,0
test,341,219,507,cf8bee4faf9f1e67678d45b7cd8c350d04e95baeead6b79c4cff607556fb7129,False,0,4488,4488,cf8bee4faf9f1e67678d45b7cd8c350d04e95baeead6b79c4cff607556fb7129,cf8bee4faf9f1e67678d45b7cd8c350d04e95baeead6b79c4cff607556fb7129,True,0
test,342,372,626,cf8bee4faf9f1e67678d45b7cd8c350d04e95baeead6b79c4cff607556fb7129,False,0,4488,4488,cf8bee4faf9f1e67678d45b7cd8c350d04e95baeead6b79c4cff607556fb7129,cf8bee4faf9f1e67678d45b7cd8c350d04e95baeead6b79c4cff607556fb7129,True,0
test,343,59,1725,cf8bee4faf9f1e67678d45b7cd8c350d04e95baeead6b79c4cff607556fb7129,False,0,4488,4488,cf8bee4faf9f1e67678d45b7cd8c350d04e95baeead6b79c4cff607556fb7129,cf8bee4faf9f1e67678d45b7cd8c350d04e95baeead6b79c4cff607556fb7129,True,0
test,344,1424,1621,cf8bee4faf9f1e67678d45b7cd8c350d04e95baeead6b79c4cff607556fb7129,False,0,4488,4488,cf8bee4faf9f1e67678d45b7cd8c350d04e95baeead6b79c4cff607556fb7129,cf8bee4faf9f1e67678d45b7cd8c350d04e95baeead6b79c4cff607556fb7129,True,0
test,345,868,2099,cf8bee4faf9f1e67678d45b7cd8c350d04e95baeead6b79c4cff607556fb7129,False,0,4488,4488,cf8bee4faf9f1e67678d45b7cd8c350d04e95baeead6b79c4cff607556fb7129,cf8bee4faf9f1e67678d45b7cd8c350d04e95baeead6b79c4cff607556fb7129,True,0
test,346,1281,1746,cf8bee4faf9f1e67678d45b7cd8c350d04e95baeead6b79c4cff607556fb7129,False,0,4488,4488,cf8bee4faf9f1e67678d45b7cd8c350d04e95baeead6b79c4cff607556fb7129,cf8bee4faf9f1e67678d45b7cd8c350d04e95baeead6b79c4cff607556fb7129,True,0
test,347,443,1264,cf8bee4faf9f1e67678d45b7cd8c350d04e95baeead6b79c4cff607556fb7129,False,0,4488,4488,cf8bee4faf9f1e67678d45b7cd8c350d04e95baeead6b79c4cff607556fb7129,cf8bee4faf9f1e67678d45b7cd8c350d04e95baeead6b79c4cff607556fb7129,True,0
test,348,807,1956,cf8bee4faf9f1e67678d45b7cd8c350d04e95baeead6b79c4cff607556fb7129,False,0,4488,4488,cf8bee4faf9f1e67678d45b7cd8c350d04e95baeead6b79c4cff607556fb7129,cf8bee4faf9f1e67678d45b7cd8c350d04e95baeead6b79c4cff607556fb7129,True,0
test,349,1204,1839,cf8bee4faf9f1e67678d45b7cd8c350d04e95baeead6b79c4cff607556fb7129,False,0,4488,4488,cf8bee4faf9f1e67678d45b7cd8c350d04e95baeead6b79c4cff607556fb7129,cf8bee4faf9f1e67678d45b7cd8c350d04e95baeead6b79c4cff607556fb7129,True,0
test,350,750,1441,cf8bee4faf9f1e67678d45b7cd8c350d04e95baeead6b79c4cff607556fb7129,False,0,4488,4488,cf8bee4faf9f1e67678d45b7cd8c350d04e95baeead6b79c4cff607556fb7129,cf8bee4faf9f1e67678d45b7cd8c350d04e95baeead6b79c4cff607556fb7129,True,0
test,351,2112,2436,cf8bee4faf9f1e67678d45b7cd8c350d04e95baeead6b79c4cff607556fb7129,False,0,4488,4488,cf8bee4faf9f1e67678d45b7cd8c350d04e95baeead6b79c4cff607556fb7129,cf8bee4faf9f1e67678d45b7cd8c350d04e95baeead6b79c4cff607556fb7129,True,0
test,352,624,1232,cf8bee4faf9f1e67678d45b7cd8c350d04e95baeead6b79c4cff607556fb7129,False,0,4488,4488,cf8bee4faf9f1e67678d45b7cd8c350d04e95baeead6b79c4cff607556fb7129,cf8bee4faf9f1e67678d45b7cd8c350d04e95baeead6b79c4cff607556fb7129,True,0
test,353,205,1701,cf8bee4faf9f1e67678d45b7cd8c350d04e95baeead6b79c4cff607556fb7129,False,0,4488,4488,cf8bee4faf9f1e67678d45b7cd8c350d04e95baeead6b79c4cff607556fb7129,cf8bee4faf9f1e67678d45b7cd8c350d04e95baeead6b79c4cff607556fb7129,True,0
test,354,921,1914,cf8bee4faf9f1e67678d45b7cd8c350d04e95baeead6b79c4cff607556fb7129,False,0,4488,4488,cf8bee4faf9f1e67678d45b7cd8c350d04e95baeead6b79c4cff607556fb7129,cf8bee4faf9f1e67678d45b7cd8c350d04e95baeead6b79c4cff607556fb7129,True,0
test,355,519,598,cf8bee4faf9f1e67678d45b7cd8c350d04e95baeead6b79c4cff607556fb7129,False,0,4488,4488,cf8bee4faf9f1e67678d45b7cd8c350d04e95baeead6b79c4cff607556fb7129,cf8bee4faf9f1e67678d45b7cd8c350d04e95baeead6b79c4cff607556fb7129,True,0
test,356,1515,2234,cf8bee4faf9f1e67678d45b7cd8c350d04e95baeead6b79c4cff607556fb7129,False,0,4488,4488,cf8bee4faf9f1e67678d45b7cd8c350d04e95baeead6b79c4cff607556fb7129,cf8bee4faf9f1e67678d45b7cd8c350d04e95baeead6b79c4cff607556fb7129,True,0
test,357,469,2412,cf8bee4faf9f1e67678d45b7cd8c350d04e95baeead6b79c4cff607556fb7129,False,0,4488,4488,cf8bee4faf9f1e67678d45b7cd8c350d04e95baeead6b79c4cff607556fb7129,cf8bee4faf9f1e67678d45b7cd8c350d04e95baeead6b79c4cff607556fb7129,True,0
test,358,64,1209,cf8bee4faf9f1e67678d45b7cd8c350d04e95baeead6b79c4cff607556fb7129,False,0,4488,4488,cf8bee4faf9f1e67678d45b7cd8c350d04e95baeead6b79c4cff607556fb7129,cf8bee4faf9f1e67678d45b7cd8c350d04e95baeead6b79c4cff607556fb7129,True,0
test,359,306,1779,cf8bee4faf9f1e67678d45b7cd8c350d04e95baeead6b79c4cff607556fb7129,False,0,4488,4488,cf8bee4faf9f1e67678d45b7cd8c350d04e95baeead6b79c4cff607556fb7129,cf8bee4faf9f1e67678d45b7cd8c350d04e95baeead6b79c4cff607556fb7129,True,0
test,360,1433,2359,cf8bee4faf9f1e67678d45b7cd8c350d04e95baeead6b79c4cff607556fb7129,False,0,4488,4488,cf8bee4faf9f1e67678d45b7cd8c350d04e95baeead6b79c4cff607556fb7129,cf8bee4faf9f1e67678d45b7cd8c350d04e95baeead6b79c4cff607556fb7129,True,0
test,361,1070,1358,cf8bee4faf9f1e67678d45b7cd8c350d04e95baeead6b79c4cff607556fb7129,False,0,4488,4488,cf8bee4faf9f1e67678d45b7cd8c350d04e95baeead6b79c4cff607556fb7129,cf8bee4faf9f1e67678d45b7cd8c350d04e95baeead6b79c4cff607556fb7129,True,0
test,362,1810,1812,cf8bee4faf9f1e67678d45b7cd8c350d04e95baeead6b79c4cff607556fb7129,False,0,4488,4488,cf8bee4faf9f1e67678d45b7cd8c350d04e95baeead6b79c4cff607556fb7129,cf8bee4faf9f1e67678d45b7cd8c350d04e95baeead6b79c4cff607556fb7129,True,0
test,363,695,1336,cf8bee4faf9f1e67678d45b7cd8c350d04e95baeead6b79c4cff607556fb7129,False,0,4488,4488,cf8bee4faf9f1e67678d45b7cd8c350d04e95baeead6b79c4cff607556fb7129,cf8bee4faf9f1e67678d45b7cd8c350d04e95baeead6b79c4cff607556fb7129,True,0
test,364,667,2364,cf8bee4faf9f1e67678d45b7cd8c350d04e95baeead6b79c4cff607556fb7129,False,0,4488,4488,cf8bee4faf9f1e67678d45b7cd8c350d04e95baeead6b79c4cff607556fb7129,cf8bee4faf9f1e67678d45b7cd8c350d04e95baeead6b79c4cff607556fb7129,True,0
test,365,945,2388,cf8bee4faf9f1e67678d45b7cd8c350d04e95baeead6b79c4cff607556fb7129,False,0,4488,4488,cf8bee4faf9f1e67678d45b7cd8c350d04e95baeead6b79c4cff607556fb7129,cf8bee4faf9f1e67678d45b7cd8c350d04e95baeead6b79c4cff607556fb7129,True,0
test,366,843,2542,cf8bee4faf9f1e67678d45b7cd8c350d04e95baeead6b79c4cff607556fb7129,False,0,4488,4488,cf8bee4faf9f1e67678d45b7cd8c350d04e95baeead6b79c4cff607556fb7129,cf8bee4faf9f1e67678d45b7cd8c350d04e95baeead6b79c4cff607556fb7129,True,0
test,367,1358,1713,cf8bee4faf9f1e67678d45b7cd8c350d04e95baeead6b79c4cff607556fb7129,False,0,4488,4488,cf8bee4faf9f1e67678d45b7cd8c350d04e95baeead6b79c4cff607556fb7129,cf8bee4faf9f1e67678d45b7cd8c350d04e95baeead6b79c4cff607556fb7129,True,0
test,368,905,1483,cf8bee4faf9f1e67678d45b7cd8c350d04e95baeead6b79c4cff607556fb7129,False,0,4488,4488,cf8bee4faf9f1e67678d45b7cd8c350d04e95baeead6b79c4cff607556fb7129,cf8bee4faf9f1e67678d45b7cd8c350d04e95baeead6b79c4cff607556fb7129,True,0
test,369,1059,1600,cf8bee4faf9f1e67678d45b7cd8c350d04e95baeead6b79c4cff607556fb7129,False,0,4488,4488,cf8bee4faf9f1e67678d45b7cd8c350d04e95baeead6b79c4cff607556fb7129,cf8bee4faf9f1e67678d45b7cd8c350d04e95baeead6b79c4cff607556fb7129,True,0
test,370,403,806,cf8bee4faf9f1e67678d45b7cd8c350d04e95baeead6b79c4cff607556fb7129,False,0,4488,4488,cf8bee4faf9f1e67678d45b7cd8c350d04e95baeead6b79c4cff607556fb7129,cf8bee4faf9f1e67678d45b7cd8c350d04e95baeead6b79c4cff607556fb7129,True,0
test,371,228,322,cf8bee4faf9f1e67678d45b7cd8c350d04e95baeead6b79c4cff607556fb7129,False,0,4488,4488,cf8bee4faf9f1e67678d45b7cd8c350d04e95baeead6b79c4cff607556fb7129,cf8bee4faf9f1e67678d45b7cd8c350d04e95baeead6b79c4cff607556fb7129,True,0
test,372,1148,2220,cf8bee4faf9f1e67678d45b7cd8c350d04e95baeead6b79c4cff607556fb7129,False,0,4488,4488,cf8bee4faf9f1e67678d45b7cd8c350d04e95baeead6b79c4cff607556fb7129,cf8bee4faf9f1e67678d45b7cd8c350d04e95baeead6b79c4cff607556fb7129,True,0
test,373,1317,1720,cf8bee4faf9f1e67678d45b7cd8c350d04e95baeead6b79c4cff607556fb7129,False,0,4488,4488,cf8bee4faf9f1e67678d45b7cd8c350d04e95baeead6b79c4cff607556fb7129,cf8bee4faf9f1e67678d45b7cd8c350d04e95baeead6b79c4cff607556fb7129,True,0
test,374,1553,1827,cf8bee4faf9f1e67678d45b7cd8c350d04e95baeead6b79c4cff607556fb7129,False,0,4488,4488,cf8bee4faf9f1e67678d45b7cd8c350d04e95baeead6b79c4cff607556fb7129,cf8bee4faf9f1e67678d45b7cd8c350d04e95baeead6b79c4cff607556fb7129,True,0
test,375,2147,2486,cf8bee4faf9f1e67678d45b7cd8c350d04e95baeead6b79c4cff607556fb7129,False,0,4488,4488,cf8bee4faf9f1e67678d45b7cd8c350d04e95baeead6b79c4cff607556fb7129,cf8bee4faf9f1e67678d45b7cd8c350d04e95baeead6b79c4cff607556fb7129,True,0
test,376,604,1914,cf8bee4faf9f1e67678d45b7cd8c350d04e95baeead6b79c4cff607556fb7129,False,0,4488,4488,cf8bee4faf9f1e67678d45b7cd8c350d04e95baeead6b79c4cff607556fb7129,cf8bee4faf9f1e67678d45b7cd8c350d04e95baeead6b79c4cff607556fb7129,True,0
test,377,2164,2282,cf8bee4faf9f1e67678d45b7cd8c350d04e95baeead6b79c4cff607556fb7129,False,0,4488,4488,cf8bee4faf9f1e67678d45b7cd8c350d04e95baeead6b79c4cff607556fb7129,cf8bee4faf9f1e67678d45b7cd8c350d04e95baeead6b79c4cff607556fb7129,True,0
test,378,175,2217,cf8bee4faf9f1e67678d45b7cd8c350d04e95baeead6b79c4cff607556fb7129,False,0,4488,4488,cf8bee4faf9f1e67678d45b7cd8c350d04e95baeead6b79c4cff607556fb7129,cf8bee4faf9f1e67678d45b7cd8c350d04e95baeead6b79c4cff607556fb7129,True,0
test,379,1957,2630,cf8bee4faf9f1e67678d45b7cd8c350d04e95baeead6b79c4cff607556fb7129,False,0,4488,4488,cf8bee4faf9f1e67678d45b7cd8c350d04e95baeead6b79c4cff607556fb7129,cf8bee4faf9f1e67678d45b7cd8c350d04e95baeead6b79c4cff607556fb7129,True,0
test,380,1054,1432,cf8bee4faf9f1e67678d45b7cd8c350d04e95baeead6b79c4cff607556fb7129,False,0,4488,4488,cf8bee4faf9f1e67678d45b7cd8c350d04e95baeead6b79c4cff607556fb7129,cf8bee4faf9f1e67678d45b7cd8c350d04e95baeead6b79c4cff607556fb7129,True,0
test,381,466,1305,cf8bee4faf9f1e67678d45b7cd8c350d04e95baeead6b79c4cff607556fb7129,False,0,4488,4488,cf8bee4faf9f1e67678d45b7cd8c350d04e95baeead6b79c4cff607556fb7129,cf8bee4faf9f1e67678d45b7cd8c350d04e95baeead6b79c4cff607556fb7129,True,0
test,382,1098,2067,cf8bee4faf9f1e67678d45b7cd8c350d04e95baeead6b79c4cff607556fb7129,False,0,4488,4488,cf8bee4faf9f1e67678d45b7cd8c350d04e95baeead6b79c4cff607556fb7129,cf8bee4faf9f1e67678d45b7cd8c350d04e95baeead6b79c4cff607556fb7129,True,0
test,383,293,2038,cf8bee4faf9f1e67678d45b7cd8c350d04e95baeead6b79c4cff607556fb7129,False,0,4488,4488,cf8bee4faf9f1e67678d45b7cd8c350d04e95baeead6b79c4cff607556fb7129,cf8bee4faf9f1e67678d45b7cd8c350d04e95baeead6b79c4cff607556fb7129,True,0
test,384,1270,2034,cf8bee4faf9f1e67678d45b7cd8c350d04e95baeead6b79c4cff607556fb7129,False,0,4488,4488,cf8bee4faf9f1e67678d45b7cd8c350d04e95baeead6b79c4cff607556fb7129,cf8bee4faf9f1e67678d45b7cd8c350d04e95baeead6b79c4cff607556fb7129,True,0
test,385,618,938,cf8bee4faf9f1e67678d45b7cd8c350d04e95baeead6b79c4cff607556fb7129,False,0,4488,4488,cf8bee4faf9f1e67678d45b7cd8c350d04e95baeead6b79c4cff607556fb7129,cf8bee4faf9f1e67678d45b7cd8c350d04e95baeead6b79c4cff607556fb7129,True,0
test,386,1197,1791,cf8bee4faf9f1e67678d45b7cd8c350d04e95baeead6b79c4cff607556fb7129,False,0,4488,4488,cf8bee4faf9f1e67678d45b7cd8c350d04e95baeead6b79c4cff607556fb7129,cf8bee4faf9f1e67678d45b7cd8c350d04e95baeead6b79c4cff607556fb7129,True,0
test,387,1098,1477,cf8bee4faf9f1e67678d45b7cd8c350d04e95baeead6b79c4cff607556fb7129,False,0,4488,4488,cf8bee4faf9f1e67678d45b7cd8c350d04e95baeead6b79c4cff607556fb7129,cf8bee4faf9f1e67678d45b7cd8c350d04e95baeead6b79c4cff607556fb7129,True,0
test,388,266,809,cf8bee4faf9f1e67678d45b7cd8c350d04e95baeead6b79c4cff607556fb7129,False,0,4488,4488,cf8bee4faf9f1e67678d45b7cd8c350d04e95baeead6b79c4cff607556fb7129,cf8bee4faf9f1e67678d45b7cd8c350d04e95baeead6b79c4cff607556fb7129,True,0
test,389,131,2169,cf8bee4faf9f1e67678d45b7cd8c350d04e95baeead6b79c4cff607556fb7129,False,0,4488,4488,cf8bee4faf9f1e67678d45b7cd8c350d04e95baeead6b79c4cff607556fb7129,cf8bee4faf9f1e67678d45b7cd8c350d04e95baeead6b79c4cff607556fb7129,True,0
test,390,1147,2371,cf8bee4faf9f1e67678d45b7cd8c350d04e95baeead6b79c4cff607556fb7129,False,0,4488,4488,cf8bee4faf9f1e67678d45b7cd8c350d04e95baeead6b79c4cff607556fb7129,cf8bee4faf9f1e67678d45b7cd8c350d04e95baeead6b79c4cff607556fb7129,True,0
test,391,142,2181,cf8bee4faf9f1e67678d45b7cd8c350d04e95baeead6b79c4cff607556fb7129,False,0,4488,4488,cf8bee4faf9f1e67678d45b7cd8c350d04e95baeead6b79c4cff607556fb7129,cf8bee4faf9f1e67678d45b7cd8c350d04e95baeead6b79c4cff607556fb7129,True,0
test,392,1236,2479,cf8bee4faf9f1e67678d45b7cd8c350d04e95baeead6b79c4cff607556fb7129,False,0,4488,4488,cf8bee4faf9f1e67678d45b7cd8c350d04e95baeead6b79c4cff607556fb7129,cf8bee4faf9f1e67678d45b7cd8c350d04e95baeead6b79c4cff607556fb7129,True,0
test,393,18,2082,cf8bee4faf9f1e67678d45b7cd8c350d04e95baeead6b79c4cff607556fb7129,False,0,4488,4488,cf8bee4faf9f1e67678d45b7cd8c350d04e95baeead6b79c4cff607556fb7129,cf8bee4faf9f1e67678d45b7cd8c350d04e95baeead6b79c4cff607556fb7129,True,0
test,394,531,606,cf8bee4faf9f1e67678d45b7cd8c350d04e95baeead6b79c4cff607556fb7129,False,0,4488,4488,cf8bee4faf9f1e67678d45b7cd8c350d04e95baeead6b79c4cff607556fb7129,cf8bee4faf9f1e67678d45b7cd8c350d04e95baeead6b79c4cff607556fb7129,True,0
test,395,1682,2319,cf8bee4faf9f1e67678d45b7cd8c350d04e95baeead6b79c4cff607556fb7129,False,0,4488,4488,cf8bee4faf9f1e67678d45b7cd8c350d04e95baeead6b79c4cff607556fb7129,cf8bee4faf9f1e67678d45b7cd8c350d04e95baeead6b79c4cff607556fb7129,True,0
test,396,405,1275,cf8bee4faf9f1e67678d45b7cd8c350d04e95baeead6b79c4cff607556fb7129,False,0,4488,4488,cf8bee4faf9f1e67678d45b7cd8c350d04e95baeead6b79c4cff607556fb7129,cf8bee4faf9f1e67678d45b7cd8c350d04e95baeead6b79c4cff607556fb7129,True,0
test,397,429,2043,cf8bee4faf9f1e67678d45b7cd8c350d04e95baeead6b79c4cff607556fb7129,False,0,4488,4488,cf8bee4faf9f1e67678d45b7cd8c350d04e95baeead6b79c4cff607556fb7129,cf8bee4faf9f1e67678d45b7cd8c350d04e95baeead6b79c4cff607556fb7129,True,0
test,398,836,2403,cf8bee4faf9f1e67678d45b7cd8c350d04e95baeead6b79c4cff607556fb7129,False,0,4488,4488,cf8bee4faf9f1e67678d45b7cd8c350d04e95baeead6b79c4cff607556fb7129,cf8bee4faf9f1e67678d45b7cd8c350d04e95baeead6b79c4cff607556fb7129,True,0
test,399,2181,2202,cf8bee4faf9f1e67678d45b7cd8c350d04e95baeead6b79c4cff607556fb7129,False,0,4488,4488,cf8bee4faf9f1e67678d45b7cd8c350d04e95baeead6b79c4cff607556fb7129,cf8bee4faf9f1e67678d45b7cd8c350d04e95baeead6b79c4cff607556fb7129,True,0
test,400,296,2685,cf8bee4faf9f1e67678d45b7cd8c350d04e95baeead6b79c4cff607556fb7129,False,0,4488,4488,cf8bee4faf9f1e67678d45b7cd8c350d04e95baeead6b79c4cff607556fb7129,cf8bee4faf9f1e67678d45b7cd8c350d04e95baeead6b79c4cff607556fb7129,True,0
test,401,468,1311,cf8bee4faf9f1e67678d45b7cd8c350d04e95baeead6b79c4cff607556fb7129,False,0,4488,4488,cf8bee4faf9f1e67678d45b7cd8c350d04e95baeead6b79c4cff607556fb7129,cf8bee4faf9f1e67678d45b7cd8c350d04e95baeead6b79c4cff607556fb7129,True,0
test,402,577,2352,cf8bee4faf9f1e67678d45b7cd8c350d04e95baeead6b79c4cff607556fb7129,False,0,4488,4488,cf8bee4faf9f1e67678d45b7cd8c350d04e95baeead6b79c4cff607556fb7129,cf8bee4faf9f1e67678d45b7cd8c350d04e95baeead6b79c4cff607556fb7129,True,0
test,403,830,1914,cf8bee4faf9f1e67678d45b7cd8c350d04e95baeead6b79c4cff607556fb7129,False,0,4488,4488,cf8bee4faf9f1e67678d45b7cd8c350d04e95baeead6b79c4cff607556fb7129,cf8bee4faf9f1e67678d45b7cd8c350d04e95baeead6b79c4cff607556fb7129,True,0
test,404,1072,1801,cf8bee4faf9f1e67678d45b7cd8c350d04e95baeead6b79c4cff607556fb7129,False,0,4488,4488,cf8bee4faf9f1e67678d45b7cd8c350d04e95baeead6b79c4cff607556fb7129,cf8bee4faf9f1e67678d45b7cd8c350d04e95baeead6b79c4cff607556fb7129,True,0
test,405,57,2418,cf8bee4faf9f1e67678d45b7cd8c350d04e95baeead6b79c4cff607556fb7129,False,0,4488,4488,cf8bee4faf9f1e67678d45b7cd8c350d04e95baeead6b79c4cff607556fb7129,cf8bee4faf9f1e67678d45b7cd8c350d04e95baeead6b79c4cff607556fb7129,True,0
test,406,374,2147,cf8bee4faf9f1e67678d45b7cd8c350d04e95baeead6b79c4cff607556fb7129,False,0,4488,4488,cf8bee4faf9f1e67678d45b7cd8c350d04e95baeead6b79c4cff607556fb7129,cf8bee4faf9f1e67678d45b7cd8c350d04e95baeead6b79c4cff607556fb7129,True,0
test,407,380,930,cf8bee4faf9f1e67678d45b7cd8c350d04e95baeead6b79c4cff607556fb7129,False,0,4488,4488,cf8bee4faf9f1e67678d45b7cd8c350d04e95baeead6b79c4cff607556fb7129,cf8bee4faf9f1e67678d45b7cd8c350d04e95baeead6b79c4cff607556fb7129,True,0
test,408,1441,2272,cf8bee4faf9f1e67678d45b7cd8c350d04e95baeead6b79c4cff607556fb7129,False,0,4488,4488,cf8bee4faf9f1e67678d45b7cd8c350d04e95baeead6b79c4cff607556fb7129,cf8bee4faf9f1e67678d45b7cd8c350d04e95baeead6b79c4cff607556fb7129,True,0
test,409,2034,2042,cf8bee4faf9f1e67678d45b7cd8c350d04e95baeead6b79c4cff607556fb7129,False,0,4488,4488,cf8bee4faf9f1e67678d45b7cd8c350d04e95baeead6b79c4cff607556fb7129,cf8bee4faf9f1e67678d45b7cd8c350d04e95baeead6b79c4cff607556fb7129,True,0
test,410,445,909,cf8bee4faf9f1e67678d45b7cd8c350d04e95baeead6b79c4cff607556fb7129,False,0,4488,4488,cf8bee4faf9f1e67678d45b7cd8c350d04e95baeead6b79c4cff607556fb7129,cf8bee4faf9f1e67678d45b7cd8c350d04e95baeead6b79c4cff607556fb7129,True,0
test,411,302,1158,cf8bee4faf9f1e67678d45b7cd8c350d04e95baeead6b79c4cff607556fb7129,False,0,4488,4488,cf8bee4faf9f1e67678d45b7cd8c350d04e95baeead6b79c4cff607556fb7129,cf8bee4faf9f1e67678d45b7cd8c350d04e95baeead6b79c4cff607556fb7129,True,0
test,412,91,2380,cf8bee4faf9f1e67678d45b7cd8c350d04e95baeead6b79c4cff607556fb7129,False,0,4488,4488,cf8bee4faf9f1e67678d45b7cd8c350d04e95baeead6b79c4cff607556fb7129,cf8bee4faf9f1e67678d45b7cd8c350d04e95baeead6b79c4cff607556fb7129,True,0
test,413,651,2156,cf8bee4faf9f1e67678d45b7cd8c350d04e95baeead6b79c4cff607556fb7129,False,0,4488,4488,cf8bee4faf9f1e67678d45b7cd8c350d04e95baeead6b79c4cff607556fb7129,cf8bee4faf9f1e67678d45b7cd8c350d04e95baeead6b79c4cff607556fb7129,True,0
test,414,95,734,cf8bee4faf9f1e67678d45b7cd8c350d04e95baeead6b79c4cff607556fb7129,False,0,4488,4488,cf8bee4faf9f1e67678d45b7cd8c350d04e95baeead6b79c4cff607556fb7129,cf8bee4faf9f1e67678d45b7cd8c350d04e95baeead6b79c4cff607556fb7129,True,0
test,415,55,2020,cf8bee4faf9f1e67678d45b7cd8c350d04e95baeead6b79c4cff607556fb7129,False,0,4488,4488,cf8bee4faf9f1e67678d45b7cd8c350d04e95baeead6b79c4cff607556fb7129,cf8bee4faf9f1e67678d45b7cd8c350d04e95baeead6b79c4cff607556fb7129,True,0
test,416,1097,1115,cf8bee4faf9f1e67678d45b7cd8c350d04e95baeead6b79c4cff607556fb7129,False,0,4488,4488,cf8bee4faf9f1e67678d45b7cd8c350d04e95baeead6b79c4cff607556fb7129,cf8bee4faf9f1e67678d45b7cd8c350d04e95baeead6b79c4cff607556fb7129,True,0
test,417,513,565,cf8bee4faf9f1e67678d45b7cd8c350d04e95baeead6b79c4cff607556fb7129,False,0,4488,4488,cf8bee4faf9f1e67678d45b7cd8c350d04e95baeead6b79c4cff607556fb7129,cf8bee4faf9f1e67678d45b7cd8c350d04e95baeead6b79c4cff607556fb7129,True,0
test,418,1848,2419,cf8bee4faf9f1e67678d45b7cd8c350d04e95baeead6b79c4cff607556fb7129,False,0,4488,4488,cf8bee4faf9f1e67678d45b7cd8c350d04e95baeead6b79c4cff607556fb7129,cf8bee4faf9f1e67678d45b7cd8c350d04e95baeead6b79c4cff607556fb7129,True,0
test,419,596,644,cf8bee4faf9f1e67678d45b7cd8c350d04e95baeead6b79c4cff607556fb7129,False,0,4488,4488,cf8bee4faf9f1e67678d45b7cd8c350d04e95baeead6b79c4cff607556fb7129,cf8bee4faf9f1e67678d45b7cd8c350d04e95baeead6b79c4cff607556fb7129,True,0
test,420,506,1013,cf8bee4faf9f1e67678d45b7cd8c350d04e95baeead6b79c4cff607556fb7129,False,0,4488,4488,cf8bee4faf9f1e67678d45b7cd8c350d04e95baeead6b79c4cff607556fb7129,cf8bee4faf9f1e67678d45b7cd8c350d04e95baeead6b79c4cff607556fb7129,True,0
test,421,1110,1224,cf8bee4faf9f1e67678d45b7cd8c350d04e95baeead6b79c4cff607556fb7129,False,0,4488,4488,cf8bee4faf9f1e67678d45b7cd8c350d04e95baeead6b79c4cff607556fb7129,cf8bee4faf9f1e67678d45b7cd8c350d04e95baeead6b79c4cff607556fb7129,True,0
test,422,458,1953,cf8bee4faf9f1e67678d45b7cd8c350d04e95baeead6b79c4cff607556fb7129,False,0,4488,4488,cf8bee4faf9f1e67678d45b7cd8c350d04e95baeead6b79c4cff607556fb7129,cf8bee4faf9f1e67678d45b7cd8c350d04e95baeead6b79c4cff607556fb7129,True,0
test,423,693,2108,cf8bee4faf9f1e67678d45b7cd8c350d04e95baeead6b79c4cff607556fb7129,False,0,4488,4488,cf8bee4faf9f1e67678d45b7cd8c350d04e95baeead6b79c4cff607556fb7129,cf8bee4faf9f1e67678d45b7cd8c350d04e95baeead6b79c4cff607556fb7129,True,0
test,424,1229,1254,cf8bee4faf9f1e67678d45b7cd8c350d04e95baeead6b79c4cff607556fb7129,False,0,4488,4488,cf8bee4faf9f1e67678d45b7cd8c350d04e95baeead6b79c4cff607556fb7129,cf8bee4faf9f1e67678d45b7cd8c350d04e95baeead6b79c4cff607556fb7129,True,0
test,425,1158,2251,cf8bee4faf9f1e67678d45b7cd8c350d04e95baeead6b79c4cff607556fb7129,False,0,4488,4488,cf8bee4faf9f1e67678d45b7cd8c350d04e95baeead6b79c4cff607556fb7129,cf8bee4faf9f1e67678d45b7cd8c350d04e95baeead6b79c4cff607556fb7129,True,0
test,426,2222,2225,cf8bee4faf9f1e67678d45b7cd8c350d04e95baeead6b79c4cff607556fb7129,False,0,4488,4488,cf8bee4faf9f1e67678d45b7cd8c350d04e95baeead6b79c4cff607556fb7129,cf8bee4faf9f1e67678d45b7cd8c350d04e95baeead6b79c4cff607556fb7129,True,0
test,427,303,1670,cf8bee4faf9f1e67678d45b7cd8c350d04e95baeead6b79c4cff607556fb7129,False,0,4488,4488,cf8bee4faf9f1e67678d45b7cd8c350d04e95baeead6b79c4cff607556fb7129,cf8bee4faf9f1e67678d45b7cd8c350d04e95baeead6b79c4cff607556fb7129,True,0
test,428,380,477,cf8bee4faf9f1e67678d45b7cd8c350d04e95baeead6b79c4cff607556fb7129,False,0,4488,4488,cf8bee4faf9f1e67678d45b7cd8c350d04e95baeead6b79c4cff607556fb7129,cf8bee4faf9f1e67678d45b7cd8c350d04e95baeead6b79c4cff607556fb7129,True,0
test,429,1757,2451,cf8bee4faf9f1e67678d45b7cd8c350d04e95baeead6b79c4cff607556fb7129,False,0,4488,4488,cf8bee4faf9f1e67678d45b7cd8c350d04e95baeead6b79c4cff607556fb7129,cf8bee4faf9f1e67678d45b7cd8c350d04e95baeead6b79c4cff607556fb7129,True,0
test,430,1255,2248,cf8bee4faf9f1e67678d45b7cd8c350d04e95baeead6b79c4cff607556fb7129,False,0,4488,4488,cf8bee4faf9f1e67678d45b7cd8c350d04e95baeead6b79c4cff607556fb7129,cf8bee4faf9f1e67678d45b7cd8c350d04e95baeead6b79c4cff607556fb7129,True,0
test,431,368,2393,cf8bee4faf9f1e67678d45b7cd8c350d04e95baeead6b79c4cff607556fb7129,False,0,4488,4488,cf8bee4faf9f1e67678d45b7cd8c350d04e95baeead6b79c4cff607556fb7129,cf8bee4faf9f1e67678d45b7cd8c350d04e95baeead6b79c4cff607556fb7129,True,0
test,432,388,1899,cf8bee4faf9f1e67678d45b7cd8c350d04e95baeead6b79c4cff607556fb7129,False,0,4488,4488,cf8bee4faf9f1e67678d45b7cd8c350d04e95baeead6b79c4cff607556fb7129,cf8bee4faf9f1e67678d45b7cd8c350d04e95baeead6b79c4cff607556fb7129,True,0
test,433,89,1157,cf8bee4faf9f1e67678d45b7cd8c350d04e95baeead6b79c4cff607556fb7129,False,0,4488,4488,cf8bee4faf9f1e67678d45b7cd8c350d04e95baeead6b79c4cff607556fb7129,cf8bee4faf9f1e67678d45b7cd8c350d04e95baeead6b79c4cff607556fb7129,True,0
test,434,1580,2200,cf8bee4faf9f1e67678d45b7cd8c350d04e95baeead6b79c4cff607556fb7129,False,0,4488,4488,cf8bee4faf9f1e67678d45b7cd8c350d04e95baeead6b79c4cff607556fb7129,cf8bee4faf9f1e67678d45b7cd8c350d04e95baeead6b79c4cff607556fb7129,True,0
test,435,492,688,cf8bee4faf9f1e67678d45b7cd8c350d04e95baeead6b79c4cff607556fb7129,False,0,4488,4488,cf8bee4faf9f1e67678d45b7cd8c350d04e95baeead6b79c4cff607556fb7129,cf8bee4faf9f1e67678d45b7cd8c350d04e95baeead6b79c4cff607556fb7129,True,0
test,436,335,1986,cf8bee4faf9f1e67678d45b7cd8c350d04e95baeead6b79c4cff607556fb7129,False,0,4488,4488,cf8bee4faf9f1e67678d45b7cd8c350d04e95baeead6b79c4cff607556fb7129,cf8bee4faf9f1e67678d45b7cd8c350d04e95baeead6b79c4cff607556fb7129,True,0
test,437,346,1358,cf8bee4faf9f1e67678d45b7cd8c350d04e95baeead6b79c4cff607556fb7129,False,0,4488,4488,cf8bee4faf9f1e67678d45b7cd8c350d04e95baeead6b79c4cff607556fb7129,cf8bee4faf9f1e67678d45b7cd8c350d04e95baeead6b79c4cff607556fb7129,True,0
test,438,2034,2035,cf8bee4faf9f1e67678d45b7cd8c350d04e95baeead6b79c4cff607556fb7129,False,0,4488,4488,cf8bee4faf9f1e67678d45b7cd8c350d04e95baeead6b79c4cff607556fb7129,cf8bee4faf9f1e67678d45b7cd8c350d04e95baeead6b79c4cff607556fb7129,True,0
test,439,1554,2687,cf8bee4faf9f1e67678d45b7cd8c350d04e95baeead6b79c4cff607556fb7129,False,0,4488,4488,cf8bee4faf9f1e67678d45b7cd8c350d04e95baeead6b79c4cff607556fb7129,cf8bee4faf9f1e67678d45b7cd8c350d04e95baeead6b79c4cff607556fb7129,True,0
test,440,695,1681,cf8bee4faf9f1e67678d45b7cd8c350d04e95baeead6b79c4cff607556fb7129,False,0,4488,4488,cf8bee4faf9f1e67678d45b7cd8c350d04e95baeead6b79c4cff607556fb7129,cf8bee4faf9f1e67678d45b7cd8c350d04e95baeead6b79c4cff607556fb7129,True,0
test,441,1358,1709,cf8bee4faf9f1e67678d45b7cd8c350d04e95baeead6b79c4cff607556fb7129,False,0,4488,4488,cf8bee4faf9f1e67678d45b7cd8c350d04e95baeead6b79c4cff607556fb7129,cf8bee4faf9f1e67678d45b7cd8c350d04e95baeead6b79c4cff607556fb7129,True,0
test,442,1889,1891,cf8bee4faf9f1e67678d45b7cd8c350d04e95baeead6b79c4cff607556fb7129,False,0,4488,4488,cf8bee4faf9f1e67678d45b7cd8c350d04e95baeead6b79c4cff607556fb7129,cf8bee4faf9f1e67678d45b7cd8c350d04e95baeead6b79c4cff607556fb7129,True,0
test,443,1207,2290,cf8bee4faf9f1e67678d45b7cd8c350d04e95baeead6b79c4cff607556fb7129,False,0,4488,4488,cf8bee4faf9f1e67678d45b7cd8c350d04e95baeead6b79c4cff607556fb7129,cf8bee4faf9f1e67678d45b7cd8c350d04e95baeead6b79c4cff607556fb7129,True,0
test,444,1705,2322,cf8bee4faf9f1e67678d45b7cd8c350d04e95baeead6b79c4cff607556fb7129,False,0,4488,4488,cf8bee4faf9f1e67678d45b7cd8c350d04e95baeead6b79c4cff607556fb7129,cf8bee4faf9f1e67678d45b7cd8c350d04e95baeead6b79c4cff607556fb7129,True,0
test,445,15,1271,cf8bee4faf9f1e67678d45b7cd8c350d04e95baeead6b79c4cff607556fb7129,False,0,4488,4488,cf8bee4faf9f1e67678d45b7cd8c350d04e95baeead6b79c4cff607556fb7129,cf8bee4faf9f1e67678d45b7cd8c350d04e95baeead6b79c4cff607556fb7129,True,0
test,446,22,1234,cf8bee4faf9f1e67678d45b7cd8c350d04e95baeead6b79c4cff607556fb7129,False,0,4488,4488,cf8bee4faf9f1e67678d45b7cd8c350d04e95baeead6b79c4cff607556fb7129,cf8bee4faf9f1e67678d45b7cd8c350d04e95baeead6b79c4cff607556fb7129,True,0
test,447,901,1279,cf8bee4faf9f1e67678d45b7cd8c350d04e95baeead6b79c4cff607556fb7129,False,0,4488,4488,cf8bee4faf9f1e67678d45b7cd8c350d04e95baeead6b79c4cff607556fb7129,cf8bee4faf9f1e67678d45b7cd8c350d04e95baeead6b79c4cff607556fb7129,True,0
test,448,1708,2313,cf8bee4faf9f1e67678d45b7cd8c350d04e95baeead6b79c4cff607556fb7129,False,0,4488,4488,cf8bee4faf9f1e67678d45b7cd8c350d04e95baeead6b79c4cff607556fb7129,cf8bee4faf9f1e67678d45b7cd8c350d04e95baeead6b79c4cff607556fb7129,True,0
test,449,477,930,cf8bee4faf9f1e67678d45b7cd8c350d04e95baeead6b79c4cff607556fb7129,False,0,4488,4488,cf8bee4faf9f1e67678d45b7cd8c350d04e95baeead6b79c4cff607556fb7129,cf8bee4faf9f1e67678d45b7cd8c350d04e95baeead6b79c4cff607556fb7129,True,0
test,450,334,693,cf8bee4faf9f1e67678d45b7cd8c350d04e95baeead6b79c4cff607556fb7129,False,0,4488,4488,cf8bee4faf9f1e67678d45b7cd8c350d04e95baeead6b79c4cff607556fb7129,cf8bee4faf9f1e67678d45b7cd8c350d04e95baeead6b79c4cff607556fb7129,True,0
test,451,1358,1740,cf8bee4faf9f1e67678d45b7cd8c350d04e95baeead6b79c4cff607556fb7129,False,0,4488,4488,cf8bee4faf9f1e67678d45b7cd8c350d04e95baeead6b79c4cff607556fb7129,cf8bee4faf9f1e67678d45b7cd8c350d04e95baeead6b79c4cff607556fb7129,True,0
test,452,174,1742,cf8bee4faf9f1e67678d45b7cd8c350d04e95baeead6b79c4cff607556fb7129,False,0,4488,4488,cf8bee4faf9f1e67678d45b7cd8c350d04e95baeead6b79c4cff607556fb7129,cf8bee4faf9f1e67678d45b7cd8c350d04e95baeead6b79c4cff607556fb7129,True,0
test,453,1739,1750,cf8bee4faf9f1e67678d45b7cd8c350d04e95baeead6b79c4cff607556fb7129,False,0,4488,4488,cf8bee4faf9f1e67678d45b7cd8c350d04e95baeead6b79c4cff607556fb7129,cf8bee4faf9f1e67678d45b7cd8c350d04e95baeead6b79c4cff607556fb7129,True,0
test,454,1,2,cf8bee4faf9f1e67678d45b7cd8c350d04e95baeead6b79c4cff607556fb7129,False,0,4488,4488,cf8bee4faf9f1e67678d45b7cd8c350d04e95baeead6b79c4cff607556fb7129,cf8bee4faf9f1e67678d45b7cd8c350d04e95baeead6b79c4cff607556fb7129,True,0
test,455,97,661,cf8bee4faf9f1e67678d45b7cd8c350d04e95baeead6b79c4cff607556fb7129,False,0,4488,4488,cf8bee4faf9f1e67678d45b7cd8c350d04e95baeead6b79c4cff607556fb7129,cf8bee4faf9f1e67678d45b7cd8c350d04e95baeead6b79c4cff607556fb7129,True,0
test,456,1358,1751,cf8bee4faf9f1e67678d45b7cd8c350d04e95baeead6b79c4cff607556fb7129,False,0,4488,4488,cf8bee4faf9f1e67678d45b7cd8c350d04e95baeead6b79c4cff607556fb7129,cf8bee4faf9f1e67678d45b7cd8c350d04e95baeead6b79c4cff607556fb7129,True,0
test,457,229,1053,cf8bee4faf9f1e67678d45b7cd8c350d04e95baeead6b79c4cff607556fb7129,False,0,4488,4488,cf8bee4faf9f1e67678d45b7cd8c350d04e95baeead6b79c4cff607556fb7129,cf8bee4faf9f1e67678d45b7cd8c350d04e95baeead6b79c4cff607556fb7129,True,0
test,458,2227,2228,cf8bee4faf9f1e67678d45b7cd8c350d04e95baeead6b79c4cff607556fb7129,False,0,4488,4488,cf8bee4faf9f1e67678d45b7cd8c350d04e95baeead6b79c4cff607556fb7129,cf8bee4faf9f1e67678d45b7cd8c350d04e95baeead6b79c4cff607556fb7129,True,0
test,459,1842,2281,cf8bee4faf9f1e67678d45b7cd8c350d04e95baeead6b79c4cff607556fb7129,False,0,4488,4488,cf8bee4faf9f1e67678d45b7cd8c350d04e95baeead6b79c4cff607556fb7129,cf8bee4faf9f1e67678d45b7cd8c350d04e95baeead6b79c4cff607556fb7129,True,0
test,460,838,2280,cf8bee4faf9f1e67678d45b7cd8c350d04e95baeead6b79c4cff607556fb7129,False,0,4488,4488,cf8bee4faf9f1e67678d45b7cd8c350d04e95baeead6b79c4cff607556fb7129,cf8bee4faf9f1e67678d45b7cd8c350d04e95baeead6b79c4cff607556fb7129,True,0
test,461,831,1733,cf8bee4faf9f1e67678d45b7cd8c350d04e95baeead6b79c4cff607556fb7129,False,0,4488,4488,cf8bee4faf9f1e67678d45b7cd8c350d04e95baeead6b79c4cff607556fb7129,cf8bee4faf9f1e67678d45b7cd8c350d04e95baeead6b79c4cff607556fb7129,True,0
test,462,702,822,cf8bee4faf9f1e67678d45b7cd8c350d04e95baeead6b79c4cff607556fb7129,False,0,4488,4488,cf8bee4faf9f1e67678d45b7cd8c350d04e95baeead6b79c4cff607556fb7129,cf8bee4faf9f1e67678d45b7cd8c350d04e95baeead6b79c4cff607556fb7129,True,0
test,463,44,2624,cf8bee4faf9f1e67678d45b7cd8c350d04e95baeead6b79c4cff607556fb7129,False,0,4488,4488,cf8bee4faf9f1e67678d45b7cd8c350d04e95baeead6b79c4cff607556fb7129,cf8bee4faf9f1e67678d45b7cd8c350d04e95baeead6b79c4cff607556fb7129,True,0
test,464,1229,1384,cf8bee4faf9f1e67678d45b7cd8c350d04e95baeead6b79c4cff607556fb7129,False,0,4488,4488,cf8bee4faf9f1e67678d45b7cd8c350d04e95baeead6b79c4cff607556fb7129,cf8bee4faf9f1e67678d45b7cd8c350d04e95baeead6b79c4cff607556fb7129,True,0
test,465,414,711,cf8bee4faf9f1e67678d45b7cd8c350d04e95baeead6b79c4cff607556fb7129,False,0,4488,4488,cf8bee4faf9f1e67678d45b7cd8c350d04e95baeead6b79c4cff607556fb7129,cf8bee4faf9f1e67678d45b7cd8c350d04e95baeead6b79c4cff607556fb7129,True,0
test,466,524,2476,cf8bee4faf9f1e67678d45b7cd8c350d04e95baeead6b79c4cff607556fb7129,False,0,4488,4488,cf8bee4faf9f1e67678d45b7cd8c350d04e95baeead6b79c4cff607556fb7129,cf8bee4faf9f1e67678d45b7cd8c350d04e95baeead6b79c4cff607556fb7129,True,0
test,467,1040,1358,cf8bee4faf9f1e67678d45b7cd8c350d04e95baeead6b79c4cff607556fb7129,False,0,4488,4488,cf8bee4faf9f1e67678d45b7cd8c350d04e95baeead6b79c4cff607556fb7129,cf8bee4faf9f1e67678d45b7cd8c350d04e95baeead6b79c4cff607556fb7129,True,0
test,468,1546,2169,cf8bee4faf9f1e67678d45b7cd8c350d04e95baeead6b79c4cff607556fb7129,False,0,4488,4488,cf8bee4faf9f1e67678d45b7cd8c350d04e95baeead6b79c4cff607556fb7129,cf8bee4faf9f1e67678d45b7cd8c350d04e95baeead6b79c4cff607556fb7129,True,0
test,469,844,1902,cf8bee4faf9f1e67678d45b7cd8c350d04e95baeead6b79c4cff607556fb7129,False,0,4488,4488,cf8bee4faf9f1e67678d45b7cd8c350d04e95baeead6b79c4cff607556fb7129,cf8bee4faf9f1e67678d45b7cd8c350d04e95baeead6b79c4cff607556fb7129,True,0
test,470,229,2118,cf8bee4faf9f1e67678d45b7cd8c350d04e95baeead6b79c4cff607556fb7129,False,0,4488,4488,cf8bee4faf9f1e67678d45b7cd8c350d04e95baeead6b79c4cff607556fb7129,cf8bee4faf9f1e67678d45b7cd8c350d04e95baeead6b79c4cff607556fb7129,True,0
test,471,1202,2376,cf8bee4faf9f1e67678d45b7cd8c350d04e95baeead6b79c4cff607556fb7129,False,0,4488,4488,cf8bee4faf9f1e67678d45b7cd8c350d04e95baeead6b79c4cff607556fb7129,cf8bee4faf9f1e67678d45b7cd8c350d04e95baeead6b79c4cff607556fb7129,True,0
test,472,8,1996,cf8bee4faf9f1e67678d45b7cd8c350d04e95baeead6b79c4cff607556fb7129,False,0,4488,4488,cf8bee4faf9f1e67678d45b7cd8c350d04e95baeead6b79c4cff607556fb7129,cf8bee4faf9f1e67678d45b7cd8c350d04e95baeead6b79c4cff607556fb7129,True,0
test,473,90,1358,cf8bee4faf9f1e67678d45b7cd8c350d04e95baeead6b79c4cff607556fb7129,False,0,4488,4488,cf8bee4faf9f1e67678d45b7cd8c350d04e95baeead6b79c4cff607556fb7129,cf8bee4faf9f1e67678d45b7cd8c350d04e95baeead6b79c4cff607556fb7129,True,0
test,474,598,1821,cf8bee4faf9f1e67678d45b7cd8c350d04e95baeead6b79c4cff607556fb7129,False,0,4488,4488,cf8bee4faf9f1e67678d45b7cd8c350d04e95baeead6b79c4cff607556fb7129,cf8bee4faf9f1e67678d45b7cd8c350d04e95baeead6b79c4cff607556fb7129,True,0
test,475,1951,2204,cf8bee4faf9f1e67678d45b7cd8c350d04e95baeead6b79c4cff607556fb7129,False,0,4488,4488,cf8bee4faf9f1e67678d45b7cd8c350d04e95baeead6b79c4cff607556fb7129,cf8bee4faf9f1e67678d45b7cd8c350d04e95baeead6b79c4cff607556fb7129,True,0
test,476,1444,2323,cf8bee4faf9f1e67678d45b7cd8c350d04e95baeead6b79c4cff607556fb7129,False,0,4488,4488,cf8bee4faf9f1e67678d45b7cd8c350d04e95baeead6b79c4cff607556fb7129,cf8bee4faf9f1e67678d45b7cd8c350d04e95baeead6b79c4cff607556fb7129,True,0
test,477,885,2386,cf8bee4faf9f1e67678d45b7cd8c350d04e95baeead6b79c4cff607556fb7129,False,0,4488,4488,cf8bee4faf9f1e67678d45b7cd8c350d04e95baeead6b79c4cff607556fb7129,cf8bee4faf9f1e67678d45b7cd8c350d04e95baeead6b79c4cff607556fb7129,True,0
test,478,577,906,cf8bee4faf9f1e67678d45b7cd8c350d04e95baeead6b79c4cff607556fb7129,False,0,4488,4488,cf8bee4faf9f1e67678d45b7cd8c350d04e95baeead6b79c4cff607556fb7129,cf8bee4faf9f1e67678d45b7cd8c350d04e95baeead6b79c4cff607556fb7129,True,0
test,479,203,857,cf8bee4faf9f1e67678d45b7cd8c350d04e95baeead6b79c4cff607556fb7129,False,0,4488,4488,cf8bee4faf9f1e67678d45b7cd8c350d04e95baeead6b79c4cff607556fb7129,cf8bee4faf9f1e67678d45b7cd8c350d04e95baeead6b79c4cff607556fb7129,True,0
test,480,1340,1413,cf8bee4faf9f1e67678d45b7cd8c350d04e95baeead6b79c4cff607556fb7129,False,0,4488,4488,cf8bee4faf9f1e67678d45b7cd8c350d04e95baeead6b79c4cff607556fb7129,cf8bee4faf9f1e67678d45b7cd8c350d04e95baeead6b79c4cff607556fb7129,True,0
test,481,1589,1745,cf8bee4faf9f1e67678d45b7cd8c350d04e95baeead6b79c4cff607556fb7129,False,0,4488,4488,cf8bee4faf9f1e67678d45b7cd8c350d04e95baeead6b79c4cff607556fb7129,cf8bee4faf9f1e67678d45b7cd8c350d04e95baeead6b79c4cff607556fb7129,True,0
test,482,487,1705,cf8bee4faf9f1e67678d45b7cd8c350d04e95baeead6b79c4cff607556fb7129,False,0,4488,4488,cf8bee4faf9f1e67678d45b7cd8c350d04e95baeead6b79c4cff607556fb7129,cf8bee4faf9f1e67678d45b7cd8c350d04e95baeead6b79c4cff607556fb7129,True,0
test,483,893,911,cf8bee4faf9f1e67678d45b7cd8c350d04e95baeead6b79c4cff607556fb7129,False,0,4488,4488,cf8bee4faf9f1e67678d45b7cd8c350d04e95baeead6b79c4cff607556fb7129,cf8bee4faf9f1e67678d45b7cd8c350d04e95baeead6b79c4cff607556fb7129,True,0
test,484,628,1764,cf8bee4faf9f1e67678d45b7cd8c350d04e95baeead6b79c4cff607556fb7129,False,0,4488,4488,cf8bee4faf9f1e67678d45b7cd8c350d04e95baeead6b79c4cff607556fb7129,cf8bee4faf9f1e67678d45b7cd8c350d04e95baeead6b79c4cff607556fb7129,True,0
test,485,264,1902,cf8bee4faf9f1e67678d45b7cd8c350d04e95baeead6b79c4cff607556fb7129,False,0,4488,4488,cf8bee4faf9f1e67678d45b7cd8c350d04e95baeead6b79c4cff607556fb7129,cf8bee4faf9f1e67678d45b7cd8c350d04e95baeead6b79c4cff607556fb7129,True,0
test,486,229,1405,cf8bee4faf9f1e67678d45b7cd8c350d04e95baeead6b79c4cff607556fb7129,False,0,4488,4488,cf8bee4faf9f1e67678d45b7cd8c350d04e95baeead6b79c4cff607556fb7129,cf8bee4faf9f1e67678d45b7cd8c350d04e95baeead6b79c4cff607556fb7129,True,0
test,487,733,2304,cf8bee4faf9f1e67678d45b7cd8c350d04e95baeead6b79c4cff607556fb7129,False,0,4488,4488,cf8bee4faf9f1e67678d45b7cd8c350d04e95baeead6b79c4cff607556fb7129,cf8bee4faf9f1e67678d45b7cd8c350d04e95baeead6b79c4cff607556fb7129,True,0
test,488,795,1645,cf8bee4faf9f1e67678d45b7cd8c350d04e95baeead6b79c4cff607556fb7129,False,0,4488,4488,cf8bee4faf9f1e67678d45b7cd8c350d04e95baeead6b79c4cff607556fb7129,cf8bee4faf9f1e67678d45b7cd8c350d04e95baeead6b79c4cff607556fb7129,True,0
test,489,505,1258,cf8bee4faf9f1e67678d45b7cd8c350d04e95baeead6b79c4cff607556fb7129,False,0,4488,4488,cf8bee4faf9f1e67678d45b7cd8c350d04e95baeead6b79c4cff607556fb7129,cf8bee4faf9f1e67678d45b7cd8c350d04e95baeead6b79c4cff607556fb7129,True,0
test,490,63,1322,cf8bee4faf9f1e67678d45b7cd8c350d04e95baeead6b79c4cff607556fb7129,False,0,4488,4488,cf8bee4faf9f1e67678d45b7cd8c350d04e95baeead6b79c4cff607556fb7129,cf8bee4faf9f1e67678d45b7cd8c350d04e95baeead6b79c4cff607556fb7129,True,0
test,491,1430,1718,cf8bee4faf9f1e67678d45b7cd8c350d04e95baeead6b79c4cff607556fb7129,False,0,4488,4488,cf8bee4faf9f1e67678d45b7cd8c350d04e95baeead6b79c4cff607556fb7129,cf8bee4faf9f1e67678d45b7cd8c350d04e95baeead6b79c4cff607556fb7129,True,0
test,492,1750,1765,cf8bee4faf9f1e67678d45b7cd8c350d04e95baeead6b79c4cff607556fb7129,False,0,4488,4488,cf8bee4faf9f1e67678d45b7cd8c350d04e95baeead6b79c4cff607556fb7129,cf8bee4faf9f1e67678d45b7cd8c350d04e95baeead6b79c4cff607556fb7129,True,0
test,493,779,1919,cf8bee4faf9f1e67678d45b7cd8c350d04e95baeead6b79c4cff607556fb7129,False,0,4488,4488,cf8bee4faf9f1e67678d45b7cd8c350d04e95baeead6b79c4cff607556fb7129,cf8bee4faf9f1e67678d45b7cd8c350d04e95baeead6b79c4cff607556fb7129,True,0
test,494,986,2697,cf8bee4faf9f1e67678d45b7cd8c350d04e95baeead6b79c4cff607556fb7129,False,0,4488,4488,cf8bee4faf9f1e67678d45b7cd8c350d04e95baeead6b79c4cff607556fb7129,cf8bee4faf9f1e67678d45b7cd8c350d04e95baeead6b79c4cff607556fb7129,True,0
test,495,576,1810,cf8bee4faf9f1e67678d45b7cd8c350d04e95baeead6b79c4cff607556fb7129,False,0,4488,4488,cf8bee4faf9f1e67678d45b7cd8c350d04e95baeead6b79c4cff607556fb7129,cf8bee4faf9f1e67678d45b7cd8c350d04e95baeead6b79c4cff607556fb7129,True,0
test,496,274,749,cf8bee4faf9f1e67678d45b7cd8c350d04e95baeead6b79c4cff607556fb7129,False,0,4488,4488,cf8bee4faf9f1e67678d45b7cd8c350d04e95baeead6b79c4cff607556fb7129,cf8bee4faf9f1e67678d45b7cd8c350d04e95baeead6b79c4cff607556fb7129,True,0
test,497,1224,1587,cf8bee4faf9f1e67678d45b7cd8c350d04e95baeead6b79c4cff607556fb7129,False,0,4488,4488,cf8bee4faf9f1e67678d45b7cd8c350d04e95baeead6b79c4cff607556fb7129,cf8bee4faf9f1e67678d45b7cd8c350d04e95baeead6b79c4cff607556fb7129,True,0
test,498,610,2481,cf8bee4faf9f1e67678d45b7cd8c350d04e95baeead6b79c4cff607556fb7129,False,0,4488,4488,cf8bee4faf9f1e67678d45b7cd8c350d04e95baeead6b79c4cff607556fb7129,cf8bee4faf9f1e67678d45b7cd8c350d04e95baeead6b79c4cff607556fb7129,True,0
test,499,1903,2269,cf8bee4faf9f1e67678d45b7cd8c350d04e95baeead6b79c4cff607556fb7129,False,0,4488,4488,cf8bee4faf9f1e67678d45b7cd8c350d04e95baeead6b79c4cff607556fb7129,cf8bee4faf9f1e67678d45b7cd8c350d04e95baeead6b79c4cff607556fb7129,True,0
test,500,1358,1741,cf8bee4faf9f1e67678d45b7cd8c350d04e95baeead6b79c4cff607556fb7129,False,0,4488,4488,cf8bee4faf9f1e67678d45b7cd8c350d04e95baeead6b79c4cff607556fb7129,cf8bee4faf9f1e67678d45b7cd8c350d04e95baeead6b79c4cff607556fb7129,True,0
test,501,336,1950,cf8bee4faf9f1e67678d45b7cd8c350d04e95baeead6b79c4cff607556fb7129,False,0,4488,4488,cf8bee4faf9f1e67678d45b7cd8c350d04e95baeead6b79c4cff607556fb7129,cf8bee4faf9f1e67678d45b7cd8c350d04e95baeead6b79c4cff607556fb7129,True,0
test,502,146,897,cf8bee4faf9f1e67678d45b7cd8c350d04e95baeead6b79c4cff607556fb7129,False,0,4488,4488,cf8bee4faf9f1e67678d45b7cd8c350d04e95baeead6b79c4cff607556fb7129,cf8bee4faf9f1e67678d45b7cd8c350d04e95baeead6b79c4cff607556fb7129,True,0
test,503,154,364,cf8bee4faf9f1e67678d45b7cd8c350d04e95baeead6b79c4cff607556fb7129,False,0,4488,4488,cf8bee4faf9f1e67678d45b7cd8c350d04e95baeead6b79c4cff607556fb7129,cf8bee4faf9f1e67678d45b7cd8c350d04e95baeead6b79c4cff607556fb7129,True,0
test,504,1042,2198,cf8bee4faf9f1e67678d45b7cd8c350d04e95baeead6b79c4cff607556fb7129,False,0,4488,4488,cf8bee4faf9f1e67678d45b7cd8c350d04e95baeead6b79c4cff607556fb7129,cf8bee4faf9f1e67678d45b7cd8c350d04e95baeead6b79c4cff607556fb7129,True,0
test,505,167,168,cf8bee4faf9f1e67678d45b7cd8c350d04e95baeead6b79c4cff607556fb7129,False,0,4488,4488,cf8bee4faf9f1e67678d45b7cd8c350d04e95baeead6b79c4cff607556fb7129,cf8bee4faf9f1e67678d45b7cd8c350d04e95baeead6b79c4cff607556fb7129,True,0
test,506,1566,2071,cf8bee4faf9f1e67678d45b7cd8c350d04e95baeead6b79c4cff607556fb7129,False,0,4488,4488,cf8bee4faf9f1e67678d45b7cd8c350d04e95baeead6b79c4cff607556fb7129,cf8bee4faf9f1e67678d45b7cd8c350d04e95baeead6b79c4cff607556fb7129,True,0
test,507,603,795,cf8bee4faf9f1e67678d45b7cd8c350d04e95baeead6b79c4cff607556fb7129,False,0,4488,4488,cf8bee4faf9f1e67678d45b7cd8c350d04e95baeead6b79c4cff607556fb7129,cf8bee4faf9f1e67678d45b7cd8c350d04e95baeead6b79c4cff607556fb7129,True,0
test,508,55,210,cf8bee4faf9f1e67678d45b7cd8c350d04e95baeead6b79c4cff607556fb7129,False,0,4488,4488,cf8bee4faf9f1e67678d45b7cd8c350d04e95baeead6b79c4cff607556fb7129,cf8bee4faf9f1e67678d45b7cd8c350d04e95baeead6b79c4cff607556fb7129,True,0
test,509,1229,2439,cf8bee4faf9f1e67678d45b7cd8c350d04e95baeead6b79c4cff607556fb7129,False,0,4488,4488,cf8bee4faf9f1e67678d45b7cd8c350d04e95baeead6b79c4cff607556fb7129,cf8bee4faf9f1e67678d45b7cd8c350d04e95baeead6b79c4cff607556fb7129,True,0
test,510,963,2434,cf8bee4faf9f1e67678d45b7cd8c350d04e95baeead6b79c4cff607556fb7129,False,0,4488,4488,cf8bee4faf9f1e67678d45b7cd8c350d04e95baeead6b79c4cff607556fb7129,cf8bee4faf9f1e67678d45b7cd8c350d04e95baeead6b79c4cff607556fb7129,True,0
test,511,170,1358,cf8bee4faf9f1e67678d45b7cd8c350d04e95baeead6b79c4cff607556fb7129,False,0,4488,4488,cf8bee4faf9f1e67678d45b7cd8c350d04e95baeead6b79c4cff607556fb7129,cf8bee4faf9f1e67678d45b7cd8c350d04e95baeead6b79c4cff607556fb7129,True,0
train,0,2,1986,86a8bc057fa7ce152829b9ba31e21e650c3c1aeb1242d75084d16be163675b0b,True,1,4488,4487,86a8bc057fa7ce152829b9ba31e21e650c3c1aeb1242d75084d16be163675b0b,86a8bc057fa7ce152829b9ba31e21e650c3c1aeb1242d75084d16be163675b0b,True,1
train,1,7,208,0cbee01b31b074136e3d7e0b8a7382ed27f14fe3694bdc0f2ac203b513c34c16,True,1,4488,4487,0cbee01b31b074136e3d7e0b8a7382ed27f14fe3694bdc0f2ac203b513c34c16,0cbee01b31b074136e3d7e0b8a7382ed27f14fe3694bdc0f2ac203b513c34c16,True,1
train,2,9,2614,06403c247b854909135d301f8eab569f07b065456c275d3e188af3a63caf8e78,True,1,4488,4487,06403c247b854909135d301f8eab569f07b065456c275d3e188af3a63caf8e78,06403c247b854909135d301f8eab569f07b065456c275d3e188af3a63caf8e78,True,1
train,3,14,2034,24d5f97b40764332eb19442627de6d7fbf2300c15bbfcac39d4760c19615a412,True,1,4488,4487,24d5f97b40764332eb19442627de6d7fbf2300c15bbfcac39d4760c19615a412,24d5f97b40764332eb19442627de6d7fbf2300c15bbfcac39d4760c19615a412,True,1
train,4,14,2075,a3f765033b5b2ab53de88d6881979dd2a271c4fe219c496c44657a97272cd3e6,True,1,4488,4487,a3f765033b5b2ab53de88d6881979dd2a271c4fe219c496c44657a97272cd3e6,a3f765033b5b2ab53de88d6881979dd2a271c4fe219c496c44657a97272cd3e6,True,1
train,5,14,2077,9121616be68361d800cc46a967ed0a8e04642017694621dcce6a4a13ae39d9ca,True,1,4488,4487,9121616be68361d800cc46a967ed0a8e04642017694621dcce6a4a13ae39d9ca,9121616be68361d800cc46a967ed0a8e04642017694621dcce6a4a13ae39d9ca,True,1
train,6,18,139,8ec12a76ed05b4ee20033c736f6eb9b373747c93daf04cfee1ffb0dec9cb58d2,True,1,4488,4487,8ec12a76ed05b4ee20033c736f6eb9b373747c93daf04cfee1ffb0dec9cb58d2,8ec12a76ed05b4ee20033c736f6eb9b373747c93daf04cfee1ffb0dec9cb58d2,True,1
train,7,20,1072,aeddcfd87d93462cab38347f2b306e951cf2190fc586f288c1266fe16d396c1e,True,1,4488,4487,aeddcfd87d93462cab38347f2b306e951cf2190fc586f288c1266fe16d396c1e,aeddcfd87d93462cab38347f2b306e951cf2190fc586f288c1266fe16d396c1e,True,1
train,8,25,1344,69c6f00d7102d17a86385da57548bf6128ab98c3d520d0293b2e787542fbfcd3,True,1,4488,4487,69c6f00d7102d17a86385da57548bf6128ab98c3d520d0293b2e787542fbfcd3,69c6f00d7102d17a86385da57548bf6128ab98c3d520d0293b2e787542fbfcd3,True,1
train,9,27,2578,03e24920231914a30ad79430af6254ca50351ee4d7531e4bed404b176fd1a76e,True,1,4488,4487,03e24920231914a30ad79430af6254ca50351ee4d7531e4bed404b176fd1a76e,03e24920231914a30ad79430af6254ca50351ee4d7531e4bed404b176fd1a76e,True,1
train,10,30,2343,e9971601ace7991d9048d4155c00debafd96283ee86a217498d741c71ba70d9e,True,1,4488,4487,e9971601ace7991d9048d4155c00debafd96283ee86a217498d741c71ba70d9e,e9971601ace7991d9048d4155c00debafd96283ee86a217498d741c71ba70d9e,True,1
train,11,33,2040,c548b1f98c05bb8c1c2fdac37c43c68746246f517110071b36c34ed7f2ae6e9b,True,1,4488,4487,c548b1f98c05bb8c1c2fdac37c43c68746246f517110071b36c34ed7f2ae6e9b,c548b1f98c05bb8c1c2fdac37c43c68746246f517110071b36c34ed7f2ae6e9b,True,1
train,12,33,2121,9c777af198ad6a8d333c75e327298d7ad4580c91313c1bc751b364c36143c782,True,1,4488,4487,9c777af198ad6a8d333c75e327298d7ad4580c91313c1bc751b364c36143c782,9c777af198ad6a8d333c75e327298d7ad4580c91313c1bc751b364c36143c782,True,1
train,13,36,1505,4bc76645e22771853e412d7c4bc533fbf3527bb6efc6658ea3618391a96b35ee,True,1,4488,4487,4bc76645e22771853e412d7c4bc533fbf3527bb6efc6658ea3618391a96b35ee,4bc76645e22771853e412d7c4bc533fbf3527bb6efc6658ea3618391a96b35ee,True,1
train,14,36,1781,0e293764a513d26896d1a37860368e811835c55f53024921e5e6536c776f4844,True,1,4488,4487,0e293764a513d26896d1a37860368e811835c55f53024921e5e6536c776f4844,0e293764a513d26896d1a37860368e811835c55f53024921e5e6536c776f4844,True,1
train,15,36,2094,7212a54f423448c8ca715234d846f2cf98b133921c026e232ca5b7edeaa6a08d,True,1,4488,4487,7212a54f423448c8ca715234d846f2cf98b133921c026e232ca5b7edeaa6a08d,7212a54f423448c8ca715234d846f2cf98b133921c026e232ca5b7edeaa6a08d,True,1
train,16,38,862,5399c51478555a4776459413b7a47de1a8f03399bce243adf262b8a5a11a5b48,True,1,4488,4487,5399c51478555a4776459413b7a47de1a8f03399bce243adf262b8a5a11a5b48,5399c51478555a4776459413b7a47de1a8f03399bce243adf262b8a5a11a5b48,True,1
train,17,38,1160,551207103c71d7ff08c948f865fd7fffbeb5d85b83b80b8deb1b67fcd0ae80c5,True,1,4488,4487,551207103c71d7ff08c948f865fd7fffbeb5d85b83b80b8deb1b67fcd0ae80c5,551207103c71d7ff08c948f865fd7fffbeb5d85b83b80b8deb1b67fcd0ae80c5,True,1
train,18,39,1522,cf30234b6c0e7a9b1fda0c289e5eadb983f02b541bc078ac92cf9efc030ca149,True,1,4488,4487,cf30234b6c0e7a9b1fda0c289e5eadb983f02b541bc078ac92cf9efc030ca149,cf30234b6c0e7a9b1fda0c289e5eadb983f02b541bc078ac92cf9efc030ca149,True,1
train,19,43,152,491e619a5f63042bb9d6af2a8ff4ba5ae2015d33bd2f64c8723b802443745d3d,True,1,4488,4487,491e619a5f63042bb9d6af2a8ff4ba5ae2015d33bd2f64c8723b802443745d3d,491e619a5f63042bb9d6af2a8ff4ba5ae2015d33bd2f64c8723b802443745d3d,True,1
train,20,44,1582,94ed454bbe40a6549001a7f3b1c3191af8261106599f769b699aed11682a688e,True,1,4488,4487,94ed454bbe40a6549001a7f3b1c3191af8261106599f769b699aed11682a688e,94ed454bbe40a6549001a7f3b1c3191af8261106599f769b699aed11682a688e,True,1
train,21,45,1219,edb945e4767c17d61e1c2f569245409d1b7037d30382be8a8e0bae56c94a1504,True,1,4488,4487,edb945e4767c17d61e1c2f569245409d1b7037d30382be8a8e0bae56c94a1504,edb945e4767c17d61e1c2f569245409d1b7037d30382be8a8e0bae56c94a1504,True,1
train,22,46,1604,bcd5977c8edc9c24c2f484af8d2e9d955184eeb9649a0bccdc0ac21f6fce5164,True,1,4488,4487,bcd5977c8edc9c24c2f484af8d2e9d955184eeb9649a0bccdc0ac21f6fce5164,bcd5977c8edc9c24c2f484af8d2e9d955184eeb9649a0bccdc0ac21f6fce5164,True,1
train,23,49,2034,aea68e765004669f40e83b0f93aa0e12afd11946dd9e2622d8d9d0243ed95814,True,1,4488,4487,aea68e765004669f40e83b0f93aa0e12afd11946dd9e2622d8d9d0243ed95814,aea68e765004669f40e83b0f93aa0e12afd11946dd9e2622d8d9d0243ed95814,True,1
train,24,55,60,9b49ec46f15b05cf0cf84cf2016a17344ec987f93a1639969350a53e9e50f036,True,1,4488,4487,9b49ec46f15b05cf0cf84cf2016a17344ec987f93a1639969350a53e9e50f036,9b49ec46f15b05cf0cf84cf2016a17344ec987f93a1639969350a53e9e50f036,True,1
train,25,59,105,1dc029a6eed9abea2de74c1a9ec7364538c0d502be63cd9b4af0087c60567b2d,True,1,4488,4487,1dc029a6eed9abea2de74c1a9ec7364538c0d502be63cd9b4af0087c60567b2d,1dc029a6eed9abea2de74c1a9ec7364538c0d502be63cd9b4af0087c60567b2d,True,1
train,26,59,609,03ce72fb2f77e6f198e4ea9c1fcb4478de2b6b2faa56f65e3ef7e77d02209672,True,1,4488,4487,03ce72fb2f77e6f198e4ea9c1fcb4478de2b6b2faa56f65e3ef7e77d02209672,03ce72fb2f77e6f198e4ea9c1fcb4478de2b6b2faa56f65e3ef7e77d02209672,True,1
train,27,61,1309,74e383b4d8595cd20ff64f9baaa396e1d63f16f65f9f9476539e7a5738f2cc81,True,1,4488,4487,74e383b4d8595cd20ff64f9baaa396e1d63f16f65f9f9476539e7a5738f2cc81,74e383b4d8595cd20ff64f9baaa396e1d63f16f65f9f9476539e7a5738f2cc81,True,1
train,28,61,1416,af4633b585e587fcf87f2134d8287c3329d6b828386fa5fe51db7d1a833c7bd5,True,1,4488,4487,af4633b585e587fcf87f2134d8287c3329d6b828386fa5fe51db7d1a833c7bd5,af4633b585e587fcf87f2134d8287c3329d6b828386fa5fe51db7d1a833c7bd5,True,1
train,29,64,2616,98f1611a7c508548ee4a1b5cb23a4989bc2a435ac92ec57eef6417e86df8641b,True,1,4488,4487,98f1611a7c508548ee4a1b5cb23a4989bc2a435ac92ec57eef6417e86df8641b,98f1611a7c508548ee4a1b5cb23a4989bc2a435ac92ec57eef6417e86df8641b,True,1
train,30,65,2418,dffdbc49d6c14b7105398b2e955356bf8bd3f4aa367f79ac1cc5028b60fca767,True,1,4488,4487,dffdbc49d6c14b7105398b2e955356bf8bd3f4aa367f79ac1cc5028b60fca767,dffdbc49d6c14b7105398b2e955356bf8bd3f4aa367f79ac1cc5028b60fca767,True,1
train,31,70,441,624f53dff1980a1b67b83e4899b30ffcb8d0fec4681c47eb26216d0a58a63e08,True,1,4488,4487,624f53dff1980a1b67b83e4899b30ffcb8d0fec4681c47eb26216d0a58a63e08,624f53dff1980a1b67b83e4899b30ffcb8d0fec4681c47eb26216d0a58a63e08,True,1
train,32,73,1035,b1e9ad41ab3fdcbf9cd0871de2d4c13cdb56917cec0770b6933c0bd21ede046a,True,1,4488,4487,b1e9ad41ab3fdcbf9cd0871de2d4c13cdb56917cec0770b6933c0bd21ede046a,b1e9ad41ab3fdcbf9cd0871de2d4c13cdb56917cec0770b6933c0bd21ede046a,True,1
train,33,74,1042,2dddaaf2edc500f67c1a0d3d1befacfe1b213d2ab459b333292eb4f8825eac3a,True,1,4488,4487,2dddaaf2edc500f67c1a0d3d1befacfe1b213d2ab459b333292eb4f8825eac3a,2dddaaf2edc500f67c1a0d3d1befacfe1b213d2ab459b333292eb4f8825eac3a,True,1
train,34,75,2222,8d1b09dffb5caf431e9d451de627925707d263eaa61ef8655a4861adf3c9d67f,True,1,4488,4487,8d1b09dffb5caf431e9d451de627925707d263eaa61ef8655a4861adf3c9d67f,8d1b09dffb5caf431e9d451de627925707d263eaa61ef8655a4861adf3c9d67f,True,1
train,35,76,88,40720e865178895a20feeb8e5ddd58baaa31c5ccb182edb0e4d4ad2077a37d34,True,1,4488,4487,40720e865178895a20feeb8e5ddd58baaa31c5ccb182edb0e4d4ad2077a37d34,40720e865178895a20feeb8e5ddd58baaa31c5ccb182edb0e4d4ad2077a37d34,True,1
train,36,81,423,655d2e0ee8bd4bd737d6d9e9fee6fec25a7b2eeaecd1e89c08d966e92ab88458,True,1,4488,4487,655d2e0ee8bd4bd737d6d9e9fee6fec25a7b2eeaecd1e89c08d966e92ab88458,655d2e0ee8bd4bd737d6d9e9fee6fec25a7b2eeaecd1e89c08d966e92ab88458,True,1
train,37,82,1634,5c1554f17e2a6be80d234c29b3363d7aaf157e8feb39f44d7b403311f6e4494d,True,1,4488,4487,5c1554f17e2a6be80d234c29b3363d7aaf157e8feb39f44d7b403311f6e4494d,5c1554f17e2a6be80d234c29b3363d7aaf157e8feb39f44d7b403311f6e4494d,True,1
train,38,88,162,965a026932f000e6f9096698d11664864c8ee096340343238def3c595239a8e3,True,1,4488,4487,965a026932f000e6f9096698d11664864c8ee096340343238def3c595239a8e3,965a026932f000e6f9096698d11664864c8ee096340343238def3c595239a8e3,True,1
train,39,88,1677,67161bcd6efed9547594b5ec503c8de9cbab26fbc9b6e545ad803ee7b9667f8a,True,1,4488,4487,67161bcd6efed9547594b5ec503c8de9cbab26fbc9b6e545ad803ee7b9667f8a,67161bcd6efed9547594b5ec503c8de9cbab26fbc9b6e545ad803ee7b9667f8a,True,1
train,40,88,2017,66e7e46cb02efde04d2d71251b6a17d8b5817dd54df76051b0c7dad1864a434c,True,1,4488,4487,66e7e46cb02efde04d2d71251b6a17d8b5817dd54df76051b0c7dad1864a434c,66e7e46cb02efde04d2d71251b6a17d8b5817dd54df76051b0c7dad1864a434c,True,1
train,41,88,2178,be7c591501c3c733f2efe1fa92b63ded30255cca669989aeb6302ba87e309527,True,1,4488,4487,be7c591501c3c733f2efe1fa92b63ded30255cca669989aeb6302ba87e309527,be7c591501c3c733f2efe1fa92b63ded30255cca669989aeb6302ba87e309527,True,1
train,42,88,2394,905fa0e9d513e50f4c1519df022cd7badde7403521ef06cd4e171ef2098cad86,True,1,4488,4487,905fa0e9d513e50f4c1519df022cd7badde7403521ef06cd4e171ef2098cad86,905fa0e9d513e50f4c1519df022cd7badde7403521ef06cd4e171ef2098cad86,True,1
train,43,89,884,d86b531b61d2b2c3412b6504bff986195433748294cea1d0499890373ada81a5,True,1,4488,4487,d86b531b61d2b2c3412b6504bff986195433748294cea1d0499890373ada81a5,d86b531b61d2b2c3412b6504bff986195433748294cea1d0499890373ada81a5,True,1
train,44,91,2122,9ac1abe0acd6b3a6c95ead333d0e9d6276ac4cd9c023c209983f0595a5f55736,True,1,4488,4487,9ac1abe0acd6b3a6c95ead333d0e9d6276ac4cd9c023c209983f0595a5f55736,9ac1abe0acd6b3a6c95ead333d0e9d6276ac4cd9c023c209983f0595a5f55736,True,1
train,45,92,898,bafa746767ded91126df408bb6e601b81624c04e37fc3fd14fa88d250dd11ca4,True,1,4488,4487,bafa746767ded91126df408bb6e601b81624c04e37fc3fd14fa88d250dd11ca4,bafa746767ded91126df408bb6e601b81624c04e37fc3fd14fa88d250dd11ca4,True,1
train,46,92,1836,44b2c1cd4040a0229206db218b8fbe992a3b8e0db7c18eae1210e16a4cc5f01c,True,1,4488,4487,44b2c1cd4040a0229206db218b8fbe992a3b8e0db7c18eae1210e16a4cc5f01c,44b2c1cd4040a0229206db218b8fbe992a3b8e0db7c18eae1210e16a4cc5f01c,True,1
train,47,95,1303,0e2c293b8b996ac8963802626c2fedd53a3ee0c6fff1a00bfd2ff1fb797e6112,True,1,4488,4487,0e2c293b8b996ac8963802626c2fedd53a3ee0c6fff1a00bfd2ff1fb797e6112,0e2c293b8b996ac8963802626c2fedd53a3ee0c6fff1a00bfd2ff1fb797e6112,True,1
train,48,95,2199,7fbed48263b5ef7bfd51e47da5c056e8e029d0daec419ab2918f87d771f55249,True,1,4488,4487,7fbed48263b5ef7bfd51e47da5c056e8e029d0daec419ab2918f87d771f55249,7fbed48263b5ef7bfd51e47da5c056e8e029d0daec419ab2918f87d771f55249,True,1
train,49,98,1521,21d33d23e0f42bb3f2dd6b261b5143cc5bb1b3d4887923641961a102f6fd0537,True,1,4488,4487,21d33d23e0f42bb3f2dd6b261b5143cc5bb1b3d4887923641961a102f6fd0537,21d33d23e0f42bb3f2dd6b261b5143cc5bb1b3d4887923641961a102f6fd0537,True,1
train,50,102,1878,f9beb179e268df30cfaab028c778ea4917581461ee6e1231af99b41f292b0510,True,1,4488,4487,f9beb179e268df30cfaab028c778ea4917581461ee6e1231af99b41f292b0510,f9beb179e268df30cfaab028c778ea4917581461ee6e1231af99b41f292b0510,True,1
train,51,103,306,cc80cf3ffb34a32ff60ec7427ff6bcb7202c226f642944158f2dc766e3c84cd5,True,1,4488,4487,cc80cf3ffb34a32ff60ec7427ff6bcb7202c226f642944158f2dc766e3c84cd5,cc80cf3ffb34a32ff60ec7427ff6bcb7202c226f642944158f2dc766e3c84cd5,True,1
train,52,109,306,e7ff13fb141448cd17c1aa4fd075e9cdab06e4a2cb6b7185a3cf5efbce2072bc,True,1,4488,4487,e7ff13fb141448cd17c1aa4fd075e9cdab06e4a2cb6b7185a3cf5efbce2072bc,e7ff13fb141448cd17c1aa4fd075e9cdab06e4a2cb6b7185a3cf5efbce2072bc,True,1
train,53,109,563,0e2d151fde3449f2237c68b743433446c67a1112d8ca2904a1ac097135a23181,True,1,4488,4487,0e2d151fde3449f2237c68b743433446c67a1112d8ca2904a1ac097135a23181,0e2d151fde3449f2237c68b743433446c67a1112d8ca2904a1ac097135a23181,True,1
train,54,109,610,c528360c5beb29318f67d3386d05b7718c4ebdeab2844b8d5338a2d1ac473ff8,True,1,4488,4487,c528360c5beb29318f67d3386d05b7718c4ebdeab2844b8d5338a2d1ac473ff8,c528360c5beb29318f67d3386d05b7718c4ebdeab2844b8d5338a2d1ac473ff8,True,1
train,55,109,2045,ad0cd17b063309fdb7e381d61b18d4da4549dfa291001007df53537abde6aaeb,True,1,4488,4487,ad0cd17b063309fdb7e381d61b18d4da4549dfa291001007df53537abde6aaeb,ad0cd17b063309fdb7e381d61b18d4da4549dfa291001007df53537abde6aaeb,True,1
train,56,110,2279,3d95d619a3b3dddfd4c64c8078e6baeecfa54f723df70a9201f14fabe7267b73,True,1,4488,4487,3d95d619a3b3dddfd4c64c8078e6baeecfa54f723df70a9201f14fabe7267b73,3d95d619a3b3dddfd4c64c8078e6baeecfa54f723df70a9201f14fabe7267b73,True,1
train,57,113,540,627e3726d0187318a3f92de39bfb9e9941332343d69c48f62e8fc0f220a90cca,True,1,4488,4487,627e3726d0187318a3f92de39bfb9e9941332343d69c48f62e8fc0f220a90cca,627e3726d0187318a3f92de39bfb9e9941332343d69c48f62e8fc0f220a90cca,True,1
train,58,118,1690,7998234e1b2df71b9f85e76f342245bc6c895ae1e29f4a28f75851102b8ded52,True,1,4488,4487,7998234e1b2df71b9f85e76f342245bc6c895ae1e29f4a28f75851102b8ded52,7998234e1b2df71b9f85e76f342245bc6c895ae1e29f4a28f75851102b8ded52,True,1
train,59,121,980,0c1d160e02d12d43346183ea842b5bd49b03a2cdc0e1462f0b274636163ef5fa,True,1,4488,4487,0c1d160e02d12d43346183ea842b5bd49b03a2cdc0e1462f0b274636163ef5fa,0c1d160e02d12d43346183ea842b5bd49b03a2cdc0e1462f0b274636163ef5fa,True,1
train,60,122,2455,461e1294642ec913a7aba6f6cb5011f03ba8a5513b70341719f8583bc5cdcd8b,True,1,4488,4487,461e1294642ec913a7aba6f6cb5011f03ba8a5513b70341719f8583bc5cdcd8b,461e1294642ec913a7aba6f6cb5011f03ba8a5513b70341719f8583bc5cdcd8b,True,1
train,61,125,458,982e9c1ab046fa8ff023b6783a1498cdc59bd0d2e37d2a89c8c3359f3354c493,True,1,4488,4487,982e9c1ab046fa8ff023b6783a1498cdc59bd0d2e37d2a89c8c3359f3354c493,982e9c1ab046fa8ff023b6783a1498cdc59bd0d2e37d2a89c8c3359f3354c493,True,1
train,62,126,1623,1271d77fb70d7f04f006d057d262e80650c7cb7c8463a67d297a7aacc783c978,True,1,4488,4487,1271d77fb70d7f04f006d057d262e80650c7cb7c8463a67d297a7aacc783c978,1271d77fb70d7f04f006d057d262e80650c7cb7c8463a67d297a7aacc783c978,True,1
train,63,127,2604,6a3a6e2ebf35aadd040c716a0343b9aaf23066feb2c919dfd3d53adf427bf17c,True,1,4488,4487,6a3a6e2ebf35aadd040c716a0343b9aaf23066feb2c919dfd3d53adf427bf17c,6a3a6e2ebf35aadd040c716a0343b9aaf23066feb2c919dfd3d53adf427bf17c,True,1
train,64,130,2017,0a3cfb08664eef55a94f2dd02c664b16755e07ed3c12a9dd3eede4ee5ff4e84f,True,1,4488,4487,0a3cfb08664eef55a94f2dd02c664b16755e07ed3c12a9dd3eede4ee5ff4e84f,0a3cfb08664eef55a94f2dd02c664b16755e07ed3c12a9dd3eede4ee5ff4e84f,True,1
train,65,133,2045,b26ddc28436a732df58b157faaf2c9f6de80015a97b019c4bbdb9117c183f9ed,True,1,4488,4487,b26ddc28436a732df58b157faaf2c9f6de80015a97b019c4bbdb9117c183f9ed,b26ddc28436a732df58b157faaf2c9f6de80015a97b019c4bbdb9117c183f9ed,True,1
train,66,137,2144,e48a23d5c1d3c99e9776cb10fd8aba9e13facd48a159116b69c736721c06b860,True,1,4488,4487,e48a23d5c1d3c99e9776cb10fd8aba9e13facd48a159116b69c736721c06b860,e48a23d5c1d3c99e9776cb10fd8aba9e13facd48a159116b69c736721c06b860,True,1
train,67,138,306,8a34578deed34f10a4f213d61860a0deb1b6c8cf096e705e6beb32126873fdf4,True,1,4488,4487,8a34578deed34f10a4f213d61860a0deb1b6c8cf096e705e6beb32126873fdf4,8a34578deed34f10a4f213d61860a0deb1b6c8cf096e705e6beb32126873fdf4,True,1
train,68,139,1780,3a917084daf55b41bd25844845f41e32750dfc793ed07fd0a471371524fa17b1,True,1,4488,4487,3a917084daf55b41bd25844845f41e32750dfc793ed07fd0a471371524fa17b1,3a917084daf55b41bd25844845f41e32750dfc793ed07fd0a471371524fa17b1,True,1
train,69,143,1701,64dba16e58bc4fd6b85a78b38c98c5096b4e7c72e5ed0bb76b63e2f474a6df68,True,1,4488,4487,64dba16e58bc4fd6b85a78b38c98c5096b4e7c72e5ed0bb76b63e2f474a6df68,64dba16e58bc4fd6b85a78b38c98c5096b4e7c72e5ed0bb76b63e2f474a6df68,True,1
train,70,145,537,c1d93384ae6b4d5d30c623df93ca6e3b8558749ee272379a3a7265ac8b8df71c,True,1,4488,4487,c1d93384ae6b4d5d30c623df93ca6e3b8558749ee272379a3a7265ac8b8df71c,c1d93384ae6b4d5d30c623df93ca6e3b8558749ee272379a3a7265ac8b8df71c,True,1
train,71,151,2236,e160417f8012f49e2d259989e79c7d8f66daee03c602d13469f800df0f09916b,True,1,4488,4487,e160417f8012f49e2d259989e79c7d8f66daee03c602d13469f800df0f09916b,e160417f8012f49e2d259989e79c7d8f66daee03c602d13469f800df0f09916b,True,1
train,72,154,1339,a6812e0de170fce5ea949162e1bbb02c51fc43225b5020e1b4e697103ea65a31,True,1,4488,4487,a6812e0de170fce5ea949162e1bbb02c51fc43225b5020e1b4e697103ea65a31,a6812e0de170fce5ea949162e1bbb02c51fc43225b5020e1b4e697103ea65a31,True,1
train,73,155,1736,74a1eb1b17d62abd388e56618b5417d0010b8d42dd91b4bdc76dc6ac32921b5d,True,1,4488,4487,74a1eb1b17d62abd388e56618b5417d0010b8d42dd91b4bdc76dc6ac32921b5d,74a1eb1b17d62abd388e56618b5417d0010b8d42dd91b4bdc76dc6ac32921b5d,True,1
train,74,168,2438,75af0b2226f07076f2a0cff4b87a71271fcee72439ed6e2f18c4598f2273fc52,True,1,4488,4487,75af0b2226f07076f2a0cff4b87a71271fcee72439ed6e2f18c4598f2273fc52,75af0b2226f07076f2a0cff4b87a71271fcee72439ed6e2f18c4598f2273fc52,True,1
train,75,175,955,24059c187fab7158f65061524b808570980e24caad5a74d27310b77c12323c83,True,1,4488,4487,24059c187fab7158f65061524b808570980e24caad5a74d27310b77c12323c83,24059c187fab7158f65061524b808570980e24caad5a74d27310b77c12323c83,True,1
train,76,175,2135,cfce5e1b39f1af48b61b9973c5d7b4da0c929430cce3a29432abac071645cf3e,True,1,4488,4487,cfce5e1b39f1af48b61b9973c5d7b4da0c929430cce3a29432abac071645cf3e,cfce5e1b39f1af48b61b9973c5d7b4da0c929430cce3a29432abac071645cf3e,True,1
train,77,180,1020,0fb0021e39f497a6453fa69053ea5daee713fc3d09a317eb29d7f6536d318a14,True,1,4488,4487,0fb0021e39f497a6453fa69053ea5daee713fc3d09a317eb29d7f6536d318a14,0fb0021e39f497a6453fa69053ea5daee713fc3d09a317eb29d7f6536d318a14,True,1
train,78,181,1464,758a427ad9aa73f8951395007602a83bed4447897b7f1b029baec3cf43f7f056,True,1,4488,4487,758a427ad9aa73f8951395007602a83bed4447897b7f1b029baec3cf43f7f056,758a427ad9aa73f8951395007602a83bed4447897b7f1b029baec3cf43f7f056,True,1
train,79,185,297,fdf41cfffb3f3c12cd78319f3307cb0b208b59aee4ab0d00897650f49adff9a9,True,1,4488,4487,fdf41cfffb3f3c12cd78319f3307cb0b208b59aee4ab0d00897650f49adff9a9,fdf41cfffb3f3c12cd78319f3307cb0b208b59aee4ab0d00897650f49adff9a9,True,1
train,80,189,1262,f022b21e91d7348f7bdee3c47278427ba1a42bd0ddd8b4748d9b6f95943065ea,True,1,4488,4487,f022b21e91d7348f7bdee3c47278427ba1a42bd0ddd8b4748d9b6f95943065ea,f022b21e91d7348f7bdee3c47278427ba1a42bd0ddd8b4748d9b6f95943065ea,True,1
train,81,190,491,8a289a0f456537e36d82a062df3a3d958a6420bb61d2c8b32fa3c8ddda1a49d3,True,1,4488,4487,8a289a0f456537e36d82a062df3a3d958a6420bb61d2c8b32fa3c8ddda1a49d3,8a289a0f456537e36d82a062df3a3d958a6420bb61d2c8b32fa3c8ddda1a49d3,True,1
train,82,199,1869,321fb55bfb0cf4f349d797441a75bb16067b97e0f451ba532108e50f85617163,True,1,4488,4487,321fb55bfb0cf4f349d797441a75bb16067b97e0f451ba532108e50f85617163,321fb55bfb0cf4f349d797441a75bb16067b97e0f451ba532108e50f85617163,True,1
train,83,201,2430,0c4e6a9154f2914ab69d49690fb02390f7a08887bbfa967d3e14736e059e3532,True,1,4488,4487,0c4e6a9154f2914ab69d49690fb02390f7a08887bbfa967d3e14736e059e3532,0c4e6a9154f2914ab69d49690fb02390f7a08887bbfa967d3e14736e059e3532,True,1
train,84,202,1345,fe35ed41669fd89807d9d2c7d024a2292707786c8f8a982b1cb0d862f09d0ff3,True,1,4488,4487,fe35ed41669fd89807d9d2c7d024a2292707786c8f8a982b1cb0d862f09d0ff3,fe35ed41669fd89807d9d2c7d024a2292707786c8f8a982b1cb0d862f09d0ff3,True,1
train,85,204,415,e03b2e0c680c07720a7a2f14b9d8c2ddd30fc36218ff398ded06109dd9c5e728,True,1,4488,4487,e03b2e0c680c07720a7a2f14b9d8c2ddd30fc36218ff398ded06109dd9c5e728,e03b2e0c680c07720a7a2f14b9d8c2ddd30fc36218ff398ded06109dd9c5e728,True,1
train,86,210,1614,1b5a25ae802480f7b043c114b824f54e7c8a49e22a7a4249f1da03269508b3cb,True,1,4488,4487,1b5a25ae802480f7b043c114b824f54e7c8a49e22a7a4249f1da03269508b3cb,1b5a25ae802480f7b043c114b824f54e7c8a49e22a7a4249f1da03269508b3cb,True,1
train,87,212,1290,b43a1e0fcba2f974e2a3035ff43fd5bd20297a8e0ad0d0778f1e68565bac7f04,True,1,4488,4487,b43a1e0fcba2f974e2a3035ff43fd5bd20297a8e0ad0d0778f1e68565bac7f04,b43a1e0fcba2f974e2a3035ff43fd5bd20297a8e0ad0d0778f1e68565bac7f04,True,1
train,88,219,1413,ff34b8f04e840e77eaa7d13612809d83a5d9f3781868639ccebb90dee9ced797,True,1,4488,4487,ff34b8f04e840e77eaa7d13612809d83a5d9f3781868639ccebb90dee9ced797,ff34b8f04e840e77eaa7d13612809d83a5d9f3781868639ccebb90dee9ced797,True,1
train,89,220,913,2c53f92d21c32c79284f262e9bcc9155cd157b22b7805a020e026de46bf90a41,True,1,4488,4487,2c53f92d21c32c79284f262e9bcc9155cd157b22b7805a020e026de46bf90a41,2c53f92d21c32c79284f262e9bcc9155cd157b22b7805a020e026de46bf90a41,True,1
train,90,225,2255,f3d7ecd8e3f5794e24b432bc9222fb7c981a8b5c75725146b67c3d7238d16c3d,True,1,4488,4487,f3d7ecd8e3f5794e24b432bc9222fb7c981a8b5c75725146b67c3d7238d16c3d,f3d7ecd8e3f5794e24b432bc9222fb7c981a8b5c75725146b67c3d7238d16c3d,True,1
train,91,230,1810,2d662437d157b1531af1d914891299f04fe0c71e51d0ef2a4626944a553bd70d,True,1,4488,4487,2d662437d157b1531af1d914891299f04fe0c71e51d0ef2a4626944a553bd70d,2d662437d157b1531af1d914891299f04fe0c71e51d0ef2a4626944a553bd70d,True,1
train,92,240,512,b273ad6efb0a3f689b8c165ae71dfd451909e5cd7a92c0c0fd18b5fb43a7ddeb,True,1,4488,4487,b273ad6efb0a3f689b8c165ae71dfd451909e5cd7a92c0c0fd18b5fb43a7ddeb,b273ad6efb0a3f689b8c165ae71dfd451909e5cd7a92c0c0fd18b5fb43a7ddeb,True,1
train,93,244,1072,ae26a513b53d2fd9a2b94ecb5b8cfbf8aec8e456914704885cf2a611f99482b5,True,1,4488,4487,ae26a513b53d2fd9a2b94ecb5b8cfbf8aec8e456914704885cf2a611f99482b5,ae26a513b53d2fd9a2b94ecb5b8cfbf8aec8e456914704885cf2a611f99482b5,True,1
train,94,246,2515,4acb1530b89e75b7088b52b162b241f2e09674f3f1f4e3887ccd341ce58614b7,True,1,4488,4487,4acb1530b89e75b7088b52b162b241f2e09674f3f1f4e3887ccd341ce58614b7,4acb1530b89e75b7088b52b162b241f2e09674f3f1f4e3887ccd341ce58614b7,True,1
train,95,255,2112,58a8f8990f50f0b9e81c55fbe1c8b3979f68b6a3ac25e8441b0e97eb21a7a37b,True,1,4488,4487,58a8f8990f50f0b9e81c55fbe1c8b3979f68b6a3ac25e8441b0e97eb21a7a37b,58a8f8990f50f0b9e81c55fbe1c8b3979f68b6a3ac25e8441b0e97eb21a7a37b,True,1
train,96,257,2180,5dffd624d26ec53ba0c5602da8215b6a1a208fe2a89eb7e2a2b8c5ea95c38ec4,True,1,4488,4487,5dffd624d26ec53ba0c5602da8215b6a1a208fe2a89eb7e2a2b8c5ea95c38ec4,5dffd624d26ec53ba0c5602da8215b6a1a208fe2a89eb7e2a2b8c5ea95c38ec4,True,1
train,97,263,732,5aaae3e7ef885793d7f72b7240e246b002db02b2cb8d2bac8be2bf2faecc22df,True,1,4488,4487,5aaae3e7ef885793d7f72b7240e246b002db02b2cb8d2bac8be2bf2faecc22df,5aaae3e7ef885793d7f72b7240e246b002db02b2cb8d2bac8be2bf2faecc22df,True,1
train,98,263,1103,a10a1b268429295c9ca2992cbe6cac31ba6bd2e43daf02cd36281888c5c1935d,True,1,4488,4487,a10a1b268429295c9ca2992cbe6cac31ba6bd2e43daf02cd36281888c5c1935d,a10a1b268429295c9ca2992cbe6cac31ba6bd2e43daf02cd36281888c5c1935d,True,1
train,99,266,2229,1389682e4055d440bbab33494ff1369513f12de314f928baf1dff4b19e03c2af,True,1,4488,4487,1389682e4055d440bbab33494ff1369513f12de314f928baf1dff4b19e03c2af,1389682e4055d440bbab33494ff1369513f12de314f928baf1dff4b19e03c2af,True,1
train,100,276,2133,d6348fe5832d9d5435ef7e90cf2faa29e91be8ca65cbeb0743c053cb0a06095d,True,1,4488,4487,d6348fe5832d9d5435ef7e90cf2faa29e91be8ca65cbeb0743c053cb0a06095d,d6348fe5832d9d5435ef7e90cf2faa29e91be8ca65cbeb0743c053cb0a06095d,True,1
train,101,279,304,3fe5c31c7455551ab65b5d5a51467e02b117beaee2c080913506f8f0f93796fe,True,1,4488,4487,3fe5c31c7455551ab65b5d5a51467e02b117beaee2c080913506f8f0f93796fe,3fe5c31c7455551ab65b5d5a51467e02b117beaee2c080913506f8f0f93796fe,True,1
train,102,281,1347,d944e0271e23c39a14156876bbf7c4ab6de281890a6c8ef1c4b65fdde9b26630,True,1,4488,4487,d944e0271e23c39a14156876bbf7c4ab6de281890a6c8ef1c4b65fdde9b26630,d944e0271e23c39a14156876bbf7c4ab6de281890a6c8ef1c4b65fdde9b26630,True,1
train,103,281,2244,56b1ab3b5db69e64d18980e7281719567d0c87045762066b4fc1b24b69c4479a,True,1,4488,4487,56b1ab3b5db69e64d18980e7281719567d0c87045762066b4fc1b24b69c4479a,56b1ab3b5db69e64d18980e7281719567d0c87045762066b4fc1b24b69c4479a,True,1
train,104,283,2250,04f3520410c70c28a90b1b197e8c420560c07637db8feca644b19e84d3b16a52,True,1,4488,4487,04f3520410c70c28a90b1b197e8c420560c07637db8feca644b19e84d3b16a52,04f3520410c70c28a90b1b197e8c420560c07637db8feca644b19e84d3b16a52,True,1
train,105,284,2222,f8ff9dfbf69d11eefa2269e66f29412da2314b40d6bea7bc83923f4ede6921d4,True,1,4488,4487,f8ff9dfbf69d11eefa2269e66f29412da2314b40d6bea7bc83923f4ede6921d4,f8ff9dfbf69d11eefa2269e66f29412da2314b40d6bea7bc83923f4ede6921d4,True,1
train,106,288,618,afc40108e140b135c370e0f1c7c3cfe6596cf7f934734a2082a69111bd0828e2,True,1,4488,4487,afc40108e140b135c370e0f1c7c3cfe6596cf7f934734a2082a69111bd0828e2,afc40108e140b135c370e0f1c7c3cfe6596cf7f934734a2082a69111bd0828e2,True,1
train,107,290,567,811cea385f5aa8beca1434a9077fbb9b92696c021ee5a83992166c05c87cb859,True,1,4488,4487,811cea385f5aa8beca1434a9077fbb9b92696c021ee5a83992166c05c87cb859,811cea385f5aa8beca1434a9077fbb9b92696c021ee5a83992166c05c87cb859,True,1
train,108,295,1176,c879d645bab6429e71863a32ca718098b541e80d1f53d3856285e3494501eb18,True,1,4488,4487,c879d645bab6429e71863a32ca718098b541e80d1f53d3856285e3494501eb18,c879d645bab6429e71863a32ca718098b541e80d1f53d3856285e3494501eb18,True,1
train,109,295,1177,37fa5c7f5174ad6b3feedce7b26c8db93f0eea8d6345db45d5b9ee85fad983e3,True,1,4488,4487,37fa5c7f5174ad6b3feedce7b26c8db93f0eea8d6345db45d5b9ee85fad983e3,37fa5c7f5174ad6b3feedce7b26c8db93f0eea8d6345db45d5b9ee85fad983e3,True,1
train,110,299,2498,95c753547b9cad02f7c5c744d5bf718cd0f809e56862e95b315434ae3e9c2d39,True,1,4488,4487,95c753547b9cad02f7c5c744d5bf718cd0f809e56862e95b315434ae3e9c2d39,95c753547b9cad02f7c5c744d5bf718cd0f809e56862e95b315434ae3e9c2d39,True,1
train,111,306,519,17f8b9da06c42a552e2749edbd7f3ca67ba91bc22675453914e551aa17491bcf,True,1,4488,4487,17f8b9da06c42a552e2749edbd7f3ca67ba91bc22675453914e551aa17491bcf,17f8b9da06c42a552e2749edbd7f3ca67ba91bc22675453914e551aa17491bcf,True,1
train,112,306,573,8725c17ddf3acd3b2918ec1e984bf07b6d36512fcb618e56a94b4ad54784bf46,True,1,4488,4487,8725c17ddf3acd3b2918ec1e984bf07b6d36512fcb618e56a94b4ad54784bf46,8725c17ddf3acd3b2918ec1e984bf07b6d36512fcb618e56a94b4ad54784bf46,True,1
train,113,306,887,b69210c4fbd370b6ec8e1cc591d910620c1223ae4877ff5115bfe69f7edbbac9,True,1,4488,4487,b69210c4fbd370b6ec8e1cc591d910620c1223ae4877ff5115bfe69f7edbbac9,b69210c4fbd370b6ec8e1cc591d910620c1223ae4877ff5115bfe69f7edbbac9,True,1
train,114,306,1193,eb84201f847a31c49ab1e6557794d13680bd05019a578747b184172ef47bdcee,True,1,4488,4487,eb84201f847a31c49ab1e6557794d13680bd05019a578747b184172ef47bdcee,eb84201f847a31c49ab1e6557794d13680bd05019a578747b184172ef47bdcee,True,1
train,115,306,1346,3843b6413ba1700a0b95aee3b75a66314ea3c2ac9e72b8b94b874ec38ddea83e,True,1,4488,4487,3843b6413ba1700a0b95aee3b75a66314ea3c2ac9e72b8b94b874ec38ddea83e,3843b6413ba1700a0b95aee3b75a66314ea3c2ac9e72b8b94b874ec38ddea83e,True,1
train,116,306,1490,b96f96e7ea431c9814ff54248728657375dbae87cd05d5b9aeef3d8359c7d2ea,True,1,4488,4487,b96f96e7ea431c9814ff54248728657375dbae87cd05d5b9aeef3d8359c7d2ea,b96f96e7ea431c9814ff54248728657375dbae87cd05d5b9aeef3d8359c7d2ea,True,1
train,117,306,1584,ad92a524256a4f3d2b56ebcaf31e8ed5f564dff4bdc38a683fe00cb7e005575d,True,1,4488,4487,ad92a524256a4f3d2b56ebcaf31e8ed5f564dff4bdc38a683fe00cb7e005575d,ad92a524256a4f3d2b56ebcaf31e8ed5f564dff4bdc38a683fe00cb7e005575d,True,1
train,118,306,1656,029c6c69711408dc6600776c3769739f2155520ea45d3305e83f320b3ddb1e99,True,1,4488,4487,029c6c69711408dc6600776c3769739f2155520ea45d3305e83f320b3ddb1e99,029c6c69711408dc6600776c3769739f2155520ea45d3305e83f320b3ddb1e99,True,1
train,119,306,2084,f2cad5344252beee7b46ce4a9fb3b86870054d45d8de260d3963f4815c92806b,True,1,4488,4487,f2cad5344252beee7b46ce4a9fb3b86870054d45d8de260d3963f4815c92806b,f2cad5344252beee7b46ce4a9fb3b86870054d45d8de260d3963f4815c92806b,True,1
train,120,306,2089,1005256016b11499458061e286d284770808af61795041ce19a0ac01991105c9,True,1,4488,4487,1005256016b11499458061e286d284770808af61795041ce19a0ac01991105c9,1005256016b11499458061e286d284770808af61795041ce19a0ac01991105c9,True,1
train,121,306,2091,5a12c1f8b5314e65541cdb7851129a413e39a29259e8d81a1fc2881eab06c618,True,1,4488,4487,5a12c1f8b5314e65541cdb7851129a413e39a29259e8d81a1fc2881eab06c618,5a12c1f8b5314e65541cdb7851129a413e39a29259e8d81a1fc2881eab06c618,True,1
train,122,310,1815,7a1f3477666e2b1decdb59bd094cbdded6ab7a4662981b04ba1c613857409505,True,1,4488,4487,7a1f3477666e2b1decdb59bd094cbdded6ab7a4662981b04ba1c613857409505,7a1f3477666e2b1decdb59bd094cbdded6ab7a4662981b04ba1c613857409505,True,1
train,123,310,1947,5e71fd3247d14f34903bde313c79f96e62ab992ef5fab4cd5e294414655837e9,True,1,4488,4487,5e71fd3247d14f34903bde313c79f96e62ab992ef5fab4cd5e294414655837e9,5e71fd3247d14f34903bde313c79f96e62ab992ef5fab4cd5e294414655837e9,True,1
train,124,312,1722,4fcab89e07b7cc7e343bd056852efba674d9a8080bf3d6c7b94012fa62a35eb7,True,1,4488,4487,4fcab89e07b7cc7e343bd056852efba674d9a8080bf3d6c7b94012fa62a35eb7,4fcab89e07b7cc7e343bd056852efba674d9a8080bf3d6c7b94012fa62a35eb7,True,1
train,125,316,766,8882fee59764472a3c9270ec50e693dcb6260b09a02a87600d6d21aa5b092e0e,True,1,4488,4487,8882fee59764472a3c9270ec50e693dcb6260b09a02a87600d6d21aa5b092e0e,8882fee59764472a3c9270ec50e693dcb6260b09a02a87600d6d21aa5b092e0e,True,1
train,126,316,1297,b7f9edecf8db70ba52b2fb5290f946742b5e64c557370a4d998b1ad42d426068,True,1,4488,4487,b7f9edecf8db70ba52b2fb5290f946742b5e64c557370a4d998b1ad42d426068,b7f9edecf8db70ba52b2fb5290f946742b5e64c557370a4d998b1ad42d426068,True,1
train,127,316,1821,252d12e6c114646ae5690a12fa88ae47e83a427e1484ad2d815de989cf4ab8f0,True,1,4488,4487,252d12e6c114646ae5690a12fa88ae47e83a427e1484ad2d815de989cf4ab8f0,252d12e6c114646ae5690a12fa88ae47e83a427e1484ad2d815de989cf4ab8f0,True,1
train,128,317,1785,c7615423f407c0a2d82c0f5afb5245b6df6438be904eb70b134ed165f2e73df2,True,1,4488,4487,c7615423f407c0a2d82c0f5afb5245b6df6438be904eb70b134ed165f2e73df2,c7615423f407c0a2d82c0f5afb5245b6df6438be904eb70b134ed165f2e73df2,True,1
train,129,321,1450,7ce313685b956941b3fe24427e84f22a042e4cec83a5f040b4e828f74fc6c66d,True,1,4488,4487,7ce313685b956941b3fe24427e84f22a042e4cec83a5f040b4e828f74fc6c66d,7ce313685b956941b3fe24427e84f22a042e4cec83a5f040b4e828f74fc6c66d,True,1
train,130,324,2194,b805ba00e9d70b28c9a35bf9c5c536f0c27ecb711b69eb1fa52ad45b64bd14d3,True,1,4488,4487,b805ba00e9d70b28c9a35bf9c5c536f0c27ecb711b69eb1fa52ad45b64bd14d3,b805ba00e9d70b28c9a35bf9c5c536f0c27ecb711b69eb1fa52ad45b64bd14d3,True,1
train,131,339,813,459ef4f8f79f2f57bb901776d0242ce0da5cc40a23d0798e50df5316a47aa649,True,1,4488,4487,459ef4f8f79f2f57bb901776d0242ce0da5cc40a23d0798e50df5316a47aa649,459ef4f8f79f2f57bb901776d0242ce0da5cc40a23d0798e50df5316a47aa649,True,1
train,132,344,854,b77a44af1f1b46afb7a4047a3a06f65b88b84d8dd93a872f21e53e2b456b01f7,True,1,4488,4487,b77a44af1f1b46afb7a4047a3a06f65b88b84d8dd93a872f21e53e2b456b01f7,b77a44af1f1b46afb7a4047a3a06f65b88b84d8dd93a872f21e53e2b456b01f7,True,1
train,133,349,419,a0273c6f110bc2d7dbccc6ea2452b5f95afec182340462d10bd2dbd07c096613,True,1,4488,4487,a0273c6f110bc2d7dbccc6ea2452b5f95afec182340462d10bd2dbd07c096613,a0273c6f110bc2d7dbccc6ea2452b5f95afec182340462d10bd2dbd07c096613,True,1
train,134,350,2085,a3a7597df27ae4263a38344f1d9fece59a5c07e6c44118b817eb34ae9326face,True,1,4488,4487,a3a7597df27ae4263a38344f1d9fece59a5c07e6c44118b817eb34ae9326face,a3a7597df27ae4263a38344f1d9fece59a5c07e6c44118b817eb34ae9326face,True,1
train,135,360,1409,1b62d6d6108a0246d960bf95ad9cdf869318dbaadd13e06c8e77c136c24d9006,True,1,4488,4487,1b62d6d6108a0246d960bf95ad9cdf869318dbaadd13e06c8e77c136c24d9006,1b62d6d6108a0246d960bf95ad9cdf869318dbaadd13e06c8e77c136c24d9006,True,1
train,136,364,1306,3d77bb653ab810f096e5ca8f21fdcf32c3227ac8bfd1ba1bec3257b6f9130c4f,True,1,4488,4487,3d77bb653ab810f096e5ca8f21fdcf32c3227ac8bfd1ba1bec3257b6f9130c4f,3d77bb653ab810f096e5ca8f21fdcf32c3227ac8bfd1ba1bec3257b6f9130c4f,True,1
train,137,364,1756,22eea61c1070089d02911e1125f598685b219bda06191915010acfb6c7541351,True,1,4488,4487,22eea61c1070089d02911e1125f598685b219bda06191915010acfb6c7541351,22eea61c1070089d02911e1125f598685b219bda06191915010acfb6c7541351,True,1
train,138,369,385,fcbea85d6a07591dec5ed069d1f4c909dc959db3252d5021af91b0a2f06f6dc4,True,1,4488,4487,fcbea85d6a07591dec5ed069d1f4c909dc959db3252d5021af91b0a2f06f6dc4,fcbea85d6a07591dec5ed069d1f4c909dc959db3252d5021af91b0a2f06f6dc4,True,1
train,139,370,1414,eaf04cea482cf42e82f90d84b53c0cb19bafcd17bda26f40cbac07b04f0751a3,True,1,4488,4487,eaf04cea482cf42e82f90d84b53c0cb19bafcd17bda26f40cbac07b04f0751a3,eaf04cea482cf42e82f90d84b53c0cb19bafcd17bda26f40cbac07b04f0751a3,True,1
train,140,377,678,dced0b32e61f398a88a5181c64bf6d117626b9a74404ad8cdc0351a090aef8f3,True,1,4488,4487,dced0b32e61f398a88a5181c64bf6d117626b9a74404ad8cdc0351a090aef8f3,dced0b32e61f398a88a5181c64bf6d117626b9a74404ad8cdc0351a090aef8f3,True,1
train,141,379,1022,35b051f3b85a8f795ce4d9007a0dce9ec9452f3e361de02d56a52ed310de7e7d,True,1,4488,4487,35b051f3b85a8f795ce4d9007a0dce9ec9452f3e361de02d56a52ed310de7e7d,35b051f3b85a8f795ce4d9007a0dce9ec9452f3e361de02d56a52ed310de7e7d,True,1
train,142,379,1959,89322affc3540f003b2dea2aa518dd68a04bb5c393270e466b9335590a26ded4,True,1,4488,4487,89322affc3540f003b2dea2aa518dd68a04bb5c393270e466b9335590a26ded4,89322affc3540f003b2dea2aa518dd68a04bb5c393270e466b9335590a26ded4,True,1
train,143,383,1704,f6014bf0f10b37aebee9baf3437b7080eb89c5151ba64eac68c4c61f6a7009ef,True,1,4488,4487,f6014bf0f10b37aebee9baf3437b7080eb89c5151ba64eac68c4c61f6a7009ef,f6014bf0f10b37aebee9baf3437b7080eb89c5151ba64eac68c4c61f6a7009ef,True,1
train,144,387,519,1b4eec7ee55791518b8999bd29c41eae874df2e3663fc9864bb77504969c681d,True,1,4488,4487,1b4eec7ee55791518b8999bd29c41eae874df2e3663fc9864bb77504969c681d,1b4eec7ee55791518b8999bd29c41eae874df2e3663fc9864bb77504969c681d,True,1
train,145,389,2450,d79bdc0fd0cf3e27a942cd29f07a0c214db607a66effef76dc074c9c2703577c,True,1,4488,4487,d79bdc0fd0cf3e27a942cd29f07a0c214db607a66effef76dc074c9c2703577c,d79bdc0fd0cf3e27a942cd29f07a0c214db607a66effef76dc074c9c2703577c,True,1
train,146,390,1108,6dc309ddb805fdc2710d74c23a93d06f4d47b68908097038c5207986135c8cee,True,1,4488,4487,6dc309ddb805fdc2710d74c23a93d06f4d47b68908097038c5207986135c8cee,6dc309ddb805fdc2710d74c23a93d06f4d47b68908097038c5207986135c8cee,True,1
train,147,392,1619,fab1e429c96e227e8496afe3a2f454a11f9206ced00a6400c1e4c17766826d91,True,1,4488,4487,fab1e429c96e227e8496afe3a2f454a11f9206ced00a6400c1e4c17766826d91,fab1e429c96e227e8496afe3a2f454a11f9206ced00a6400c1e4c17766826d91,True,1
train,148,394,849,6239c89586e7faa2785bc1e86c593bd815ef8fc389aaecaf2db98fdc6bfd9be5,True,1,4488,4487,6239c89586e7faa2785bc1e86c593bd815ef8fc389aaecaf2db98fdc6bfd9be5,6239c89586e7faa2785bc1e86c593bd815ef8fc389aaecaf2db98fdc6bfd9be5,True,1
train,149,395,1147,55cb8fa2e99732cb2c8a19c5db3ccf6cd3aad4e5bf9fc85afb15f469af80e6e0,True,1,4488,4487,55cb8fa2e99732cb2c8a19c5db3ccf6cd3aad4e5bf9fc85afb15f469af80e6e0,55cb8fa2e99732cb2c8a19c5db3ccf6cd3aad4e5bf9fc85afb15f469af80e6e0,True,1
train,150,396,1988,3535ad57f5917c18bd7428cfc4fd8fa1a94b48ff966ca15ff6a1ab8f05e209f2,True,1,4488,4487,3535ad57f5917c18bd7428cfc4fd8fa1a94b48ff966ca15ff6a1ab8f05e209f2,3535ad57f5917c18bd7428cfc4fd8fa1a94b48ff966ca15ff6a1ab8f05e209f2,True,1
train,151,397,1096,0bb11da4a1f38162c86aa0638c2fa6122401c2831c62f8f28db0a3162198b67f,True,1,4488,4487,0bb11da4a1f38162c86aa0638c2fa6122401c2831c62f8f28db0a3162198b67f,0bb11da4a1f38162c86aa0638c2fa6122401c2831c62f8f28db0a3162198b67f,True,1
train,152,403,1383,37264deab7851f24abb62c9a45518dd4a7a258de18e32a1346188b963b1364ee,True,1,4488,4487,37264deab7851f24abb62c9a45518dd4a7a258de18e32a1346188b963b1364ee,37264deab7851f24abb62c9a45518dd4a7a258de18e32a1346188b963b1364ee,True,1
train,153,404,1476,f839faf35c8dc82bc57093d744aa7d9ffbda1471bbf779813dcbe854a2f77df8,True,1,4488,4487,f839faf35c8dc82bc57093d744aa7d9ffbda1471bbf779813dcbe854a2f77df8,f839faf35c8dc82bc57093d744aa7d9ffbda1471bbf779813dcbe854a2f77df8,True,1
train,154,405,1927,7be680829b289b9d677e7729a860cf5405aa34416a2606a00f267f1489a84d35,True,1,4488,4487,7be680829b289b9d677e7729a860cf5405aa34416a2606a00f267f1489a84d35,7be680829b289b9d677e7729a860cf5405aa34416a2606a00f267f1489a84d35,True,1
train,155,408,1841,ed7f82c73efababa51b64289e6cf2094d5c6b52ce42d1b9b20aacc7fc061c1ac,True,1,4488,4487,ed7f82c73efababa51b64289e6cf2094d5c6b52ce42d1b9b20aacc7fc061c1ac,ed7f82c73efababa51b64289e6cf2094d5c6b52ce42d1b9b20aacc7fc061c1ac,True,1
train,156,410,676,82b9e90ddd68c10b131fdf7314837dadb5e1d4f5ba6d023c978f1511e5db3cd8,True,1,4488,4487,82b9e90ddd68c10b131fdf7314837dadb5e1d4f5ba6d023c978f1511e5db3cd8,82b9e90ddd68c10b131fdf7314837dadb5e1d4f5ba6d023c978f1511e5db3cd8,True,1
train,157,415,1174,29fc07ac5d99382e0c03dfcf13d3b934b3df89f9057dfac1c9076480819efc58,True,1,4488,4487,29fc07ac5d99382e0c03dfcf13d3b934b3df89f9057dfac1c9076480819efc58,29fc07ac5d99382e0c03dfcf13d3b934b3df89f9057dfac1c9076480819efc58,True,1
train,158,426,487,7fac32d42dbb81372860b14850044c6d67a0ba61c2cfe0896e1e688055921b91,True,1,4488,4487,7fac32d42dbb81372860b14850044c6d67a0ba61c2cfe0896e1e688055921b91,7fac32d42dbb81372860b14850044c6d67a0ba61c2cfe0896e1e688055921b91,True,1
train,159,428,1257,509e9c74462d04a6aeeda527420d7664fa0834214951dd645171f4e5298e46f0,True,1,4488,4487,509e9c74462d04a6aeeda527420d7664fa0834214951dd645171f4e5298e46f0,509e9c74462d04a6aeeda527420d7664fa0834214951dd645171f4e5298e46f0,True,1
train,160,436,1978,34b337c11f4e2926606553c85b03616f85a7b109b3c3b0f5a181c7f9f73080aa,True,1,4488,4487,34b337c11f4e2926606553c85b03616f85a7b109b3c3b0f5a181c7f9f73080aa,34b337c11f4e2926606553c85b03616f85a7b109b3c3b0f5a181c7f9f73080aa,True,1
train,161,436,1981,97e1cf03b253c1d9d4c2b865276f8760408c038112efb9fb8fba3c4996ad174a,True,1,4488,4487,97e1cf03b253c1d9d4c2b865276f8760408c038112efb9fb8fba3c4996ad174a,97e1cf03b253c1d9d4c2b865276f8760408c038112efb9fb8fba3c4996ad174a,True,1
train,162,437,950,073f0303b2df57b1d25766b8bac4c91e70bd20452ac35744cf921c8b847be674,True,1,4488,4487,073f0303b2df57b1d25766b8bac4c91e70bd20452ac35744cf921c8b847be674,073f0303b2df57b1d25766b8bac4c91e70bd20452ac35744cf921c8b847be674,True,1
train,163,438,1983,4ab54b7c22fa4c4e2185345214518684683d0750b5e878209012e4dc734cd744,True,1,4488,4487,4ab54b7c22fa4c4e2185345214518684683d0750b5e878209012e4dc734cd744,4ab54b7c22fa4c4e2185345214518684683d0750b5e878209012e4dc734cd744,True,1
train,164,440,895,5f6a1ef9e6ad41e5ce92289574ba7223c4c377398492a8a2b0040882d74454d6,True,1,4488,4487,5f6a1ef9e6ad41e5ce92289574ba7223c4c377398492a8a2b0040882d74454d6,5f6a1ef9e6ad41e5ce92289574ba7223c4c377398492a8a2b0040882d74454d6,True,1
train,165,441,2094,00b4361d49c8a00bfe413313d5176d90eb2a779d2234e5e35f70d5f528730fcc,True,1,4488,4487,00b4361d49c8a00bfe413313d5176d90eb2a779d2234e5e35f70d5f528730fcc,00b4361d49c8a00bfe413313d5176d90eb2a779d2234e5e35f70d5f528730fcc,True,1
train,166,446,1507,eb9b66981736302f4c7938a2cdcf06cf16d0e777900266f29451794709120f77,True,1,4488,4487,eb9b66981736302f4c7938a2cdcf06cf16d0e777900266f29451794709120f77,eb9b66981736302f4c7938a2cdcf06cf16d0e777900266f29451794709120f77,True,1
train,167,460,2532,7e9a87610ba7605b801aa55ae52f6837a26453161d24c3558b543d7aef573a90,True,1,4488,4487,7e9a87610ba7605b801aa55ae52f6837a26453161d24c3558b543d7aef573a90,7e9a87610ba7605b801aa55ae52f6837a26453161d24c3558b543d7aef573a90,True,1
train,168,465,1869,ee918603b713ae42a3bc4f141a4e73f5f20623b0b706526719d31020f6ce077f,True,1,4488,4487,ee918603b713ae42a3bc4f141a4e73f5f20623b0b706526719d31020f6ce077f,ee918603b713ae42a3bc4f141a4e73f5f20623b0b706526719d31020f6ce077f,True,1
train,169,471,1013,068d1c3accff8e465290f84768be046c2118646d54067815ca9600b08b698a71,True,1,4488,4487,068d1c3accff8e465290f84768be046c2118646d54067815ca9600b08b698a71,068d1c3accff8e465290f84768be046c2118646d54067815ca9600b08b698a71,True,1
train,170,472,559,bd689988bbbdd088437a66fb88f499063f911e13b2a976a5b8499740337d16c2,True,1,4488,4487,bd689988bbbdd088437a66fb88f499063f911e13b2a976a5b8499740337d16c2,bd689988bbbdd088437a66fb88f499063f911e13b2a976a5b8499740337d16c2,True,1
train,171,487,2080,5404bf6c025d88cbda9cdfd41a680eb94b0d76f3cb69d6e2ee9196e750258013,True,1,4488,4487,5404bf6c025d88cbda9cdfd41a680eb94b0d76f3cb69d6e2ee9196e750258013,5404bf6c025d88cbda9cdfd41a680eb94b0d76f3cb69d6e2ee9196e750258013,True,1
train,172,488,2547,64ae1aacc482a8f5dca6f19d9838acf50625e9f5d5def0603cbe8f566072acba,True,1,4488,4487,64ae1aacc482a8f5dca6f19d9838acf50625e9f5d5def0603cbe8f566072acba,64ae1aacc482a8f5dca6f19d9838acf50625e9f5d5def0603cbe8f566072acba,True,1
train,173,490,1973,a927fe8fcc639f564d98317f4a0b40772afa84e6db08c61448bf7a89e277c1a6,True,1,4488,4487,a927fe8fcc639f564d98317f4a0b40772afa84e6db08c61448bf7a89e277c1a6,a927fe8fcc639f564d98317f4a0b40772afa84e6db08c61448bf7a89e277c1a6,True,1
train,174,500,2241,569a1f4e0edcd9ce637532eeb6df4422b63eb9eb33132301023aa62ed1f25168,True,1,4488,4487,569a1f4e0edcd9ce637532eeb6df4422b63eb9eb33132301023aa62ed1f25168,569a1f4e0edcd9ce637532eeb6df4422b63eb9eb33132301023aa62ed1f25168,True,1
train,175,501,1765,130460f7283d5dfa4c136e1e09cca1ebc4050ded4fb8c824f27594a75bc3afd2,True,1,4488,4487,130460f7283d5dfa4c136e1e09cca1ebc4050ded4fb8c824f27594a75bc3afd2,130460f7283d5dfa4c136e1e09cca1ebc4050ded4fb8c824f27594a75bc3afd2,True,1
train,176,502,1976,cf65e72099fd991e841dc73f47576a559a8b749e4665ca25e0f490a9953b04b9,True,1,4488,4487,cf65e72099fd991e841dc73f47576a559a8b749e4665ca25e0f490a9953b04b9,cf65e72099fd991e841dc73f47576a559a8b749e4665ca25e0f490a9953b04b9,True,1
train,177,504,2394,9fbf6c8459c1baf8ec2cbcc3c6ff1c86a3dc149d725b18c5782ca3823783dd10,True,1,4488,4487,9fbf6c8459c1baf8ec2cbcc3c6ff1c86a3dc149d725b18c5782ca3823783dd10,9fbf6c8459c1baf8ec2cbcc3c6ff1c86a3dc149d725b18c5782ca3823783dd10,True,1
train,178,507,1176,ad5fca7d03cda886a8e4012dea71b76a7dc296bbc4bb1c60c7bf32005211754e,True,1,4488,4487,ad5fca7d03cda886a8e4012dea71b76a7dc296bbc4bb1c60c7bf32005211754e,ad5fca7d03cda886a8e4012dea71b76a7dc296bbc4bb1c60c7bf32005211754e,True,1
train,179,511,1810,7a8b5810042fbab25afeabf5f145a10efd6c6308d0c6b71f5201fa51ce47a237,True,1,4488,4487,7a8b5810042fbab25afeabf5f145a10efd6c6308d0c6b71f5201fa51ce47a237,7a8b5810042fbab25afeabf5f145a10efd6c6308d0c6b71f5201fa51ce47a237,True,1
train,180,514,1314,dc70c564f060e2f6825da6696fee37e6d85915b4dba8aad98c03abe12690f324,True,1,4488,4487,dc70c564f060e2f6825da6696fee37e6d85915b4dba8aad98c03abe12690f324,dc70c564f060e2f6825da6696fee37e6d85915b4dba8aad98c03abe12690f324,True,1
train,181,514,1882,894ce10e8dcc982c80cef3e73ff4a574be9b0870bcedd7c398af59d6d53dfb46,True,1,4488,4487,894ce10e8dcc982c80cef3e73ff4a574be9b0870bcedd7c398af59d6d53dfb46,894ce10e8dcc982c80cef3e73ff4a574be9b0870bcedd7c398af59d6d53dfb46,True,1
train,182,515,2547,6686ae6cd4d6b0e2dbea6485770c1981948d498b6a7bf84188783a4f2a0a4ac6,True,1,4488,4487,6686ae6cd4d6b0e2dbea6485770c1981948d498b6a7bf84188783a4f2a0a4ac6,6686ae6cd4d6b0e2dbea6485770c1981948d498b6a7bf84188783a4f2a0a4ac6,True,1
train,183,521,598,b013fafd2e9c025ed977d0d295adc7c9245fa1edba15cca82d3b83d7dd3e80ae,True,1,4488,4487,b013fafd2e9c025ed977d0d295adc7c9245fa1edba15cca82d3b83d7dd3e80ae,b013fafd2e9c025ed977d0d295adc7c9245fa1edba15cca82d3b83d7dd3e80ae,True,1
train,184,522,2097,d70a5d38f272341c576a662f1fd5c7b95df3dbb525a1088878eecd0f6344088e,True,1,4488,4487,d70a5d38f272341c576a662f1fd5c7b95df3dbb525a1088878eecd0f6344088e,d70a5d38f272341c576a662f1fd5c7b95df3dbb525a1088878eecd0f6344088e,True,1
train,185,526,565,34c6014f3e7ca16b5216b12e4b9739cd69ba0b6c0912b413b6af67ec8700b4c6,True,1,4488,4487,34c6014f3e7ca16b5216b12e4b9739cd69ba0b6c0912b413b6af67ec8700b4c6,34c6014f3e7ca16b5216b12e4b9739cd69ba0b6c0912b413b6af67ec8700b4c6,True,1
train,186,532,1701,b56e5916a92e3cefdbfaf6e0c585aa33d97b69c936f15c7bff1b294d03e5a9b5,True,1,4488,4487,b56e5916a92e3cefdbfaf6e0c585aa33d97b69c936f15c7bff1b294d03e5a9b5,b56e5916a92e3cefdbfaf6e0c585aa33d97b69c936f15c7bff1b294d03e5a9b5,True,1
train,187,541,1360,d51893c212420cf2e8b9dfdc8b18cdf83af72ae7ca64a73d3259c68cdfd95be1,True,1,4488,4487,d51893c212420cf2e8b9dfdc8b18cdf83af72ae7ca64a73d3259c68cdfd95be1,d51893c212420cf2e8b9dfdc8b18cdf83af72ae7ca64a73d3259c68cdfd95be1,True,1
train,188,542,1623,7d6599a6538de29e9bbbf079e5972a1d3cf5581997cbc4739c7636d6152a23d5,True,1,4488,4487,7d6599a6538de29e9bbbf079e5972a1d3cf5581997cbc4739c7636d6152a23d5,7d6599a6538de29e9bbbf079e5972a1d3cf5581997cbc4739c7636d6152a23d5,True,1
train,189,544,1580,d725d9ac58360d1311b874a3206726006527c2d00410d835abd2c7c0a8bbe102,True,1,4488,4487,d725d9ac58360d1311b874a3206726006527c2d00410d835abd2c7c0a8bbe102,d725d9ac58360d1311b874a3206726006527c2d00410d835abd2c7c0a8bbe102,True,1
train,190,544,1769,4599bb494d61fbf870e74c6eeb5d2e7b7a09e93e03d70dbaf46d0ff12a614cb6,True,1,4488,4487,4599bb494d61fbf870e74c6eeb5d2e7b7a09e93e03d70dbaf46d0ff12a614cb6,4599bb494d61fbf870e74c6eeb5d2e7b7a09e93e03d70dbaf46d0ff12a614cb6,True,1
train,191,544,2199,70f310c404017cb1a15f3efde05eae5644241deeb3e31ead04f9c39aeb005c6e,True,1,4488,4487,70f310c404017cb1a15f3efde05eae5644241deeb3e31ead04f9c39aeb005c6e,70f310c404017cb1a15f3efde05eae5644241deeb3e31ead04f9c39aeb005c6e,True,1
train,192,544,2347,55ee48fb509b5cd05ebd1f58cf5a2400fff4d017b8910bb37010403ee4e0fc3a,True,1,4488,4487,55ee48fb509b5cd05ebd1f58cf5a2400fff4d017b8910bb37010403ee4e0fc3a,55ee48fb509b5cd05ebd1f58cf5a2400fff4d017b8910bb37010403ee4e0fc3a,True,1
train,193,547,1701,63d58ce5863c8a5a97f8af44637a8ad8491eef58db3e07726d397b443cf6021c,True,1,4488,4487,63d58ce5863c8a5a97f8af44637a8ad8491eef58db3e07726d397b443cf6021c,63d58ce5863c8a5a97f8af44637a8ad8491eef58db3e07726d397b443cf6021c,True,1
train,194,552,2201,1a99db1dd17ca27d69219263e24adf8feee948bf75087d84e07f81df5d4310e4,True,1,4488,4487,1a99db1dd17ca27d69219263e24adf8feee948bf75087d84e07f81df5d4310e4,1a99db1dd17ca27d69219263e24adf8feee948bf75087d84e07f81df5d4310e4,True,1
train,195,558,876,b9a950508d2c2759693a8e73e23b78e1151267ddbeb674797c55a7a82234fef5,True,1,4488,4487,b9a950508d2c2759693a8e73e23b78e1151267ddbeb674797c55a7a82234fef5,b9a950508d2c2759693a8e73e23b78e1151267ddbeb674797c55a7a82234fef5,True,1
train,196,562,2450,5c36d82bb862e52fb02bcd48fc89a5de50619825311a31e2843751d5c7289f87,True,1,4488,4487,5c36d82bb862e52fb02bcd48fc89a5de50619825311a31e2843751d5c7289f87,5c36d82bb862e52fb02bcd48fc89a5de50619825311a31e2843751d5c7289f87,True,1
train,197,565,687,62fd7d5b50482177804719d528513978c451bf0d6e85714af27b4d622109f933,True,1,4488,4487,62fd7d5b50482177804719d528513978c451bf0d6e85714af27b4d622109f933,62fd7d5b50482177804719d528513978c451bf0d6e85714af27b4d622109f933,True,1
train,198,568,1810,d715fc81658f3dcea8cf7bc2b6df054cf143b7385c488c95dcbd0fb65547bc1e,True,1,4488,4487,d715fc81658f3dcea8cf7bc2b6df054cf143b7385c488c95dcbd0fb65547bc1e,d715fc81658f3dcea8cf7bc2b6df054cf143b7385c488c95dcbd0fb65547bc1e,True,1
train,199,576,665,61bd0d1d697602f4bfb778796efe9e498d6d9c2c19c4d1effef19a93839094da,True,1,4488,4487,61bd0d1d697602f4bfb778796efe9e498d6d9c2c19c4d1effef19a93839094da,61bd0d1d697602f4bfb778796efe9e498d6d9c2c19c4d1effef19a93839094da,True,1
train,200,577,2354,9cb4c3b2ca279ee025bb42c8af6d0a81e73a3bea16e1b901f5280aa8ae591b0d,True,1,4488,4487,9cb4c3b2ca279ee025bb42c8af6d0a81e73a3bea16e1b901f5280aa8ae591b0d,9cb4c3b2ca279ee025bb42c8af6d0a81e73a3bea16e1b901f5280aa8ae591b0d,True,1
train,201,578,1879,86074587a9ddef5474926ed18079514938fe04795087e82dff1889c6ce5e3525,True,1,4488,4487,86074587a9ddef5474926ed18079514938fe04795087e82dff1889c6ce5e3525,86074587a9ddef5474926ed18079514938fe04795087e82dff1889c6ce5e3525,True,1
train,202,578,1974,7a9adc4dffaefa1b0fa61511e331558c984fc5e4828966393529d1f9f3eef8bf,True,1,4488,4487,7a9adc4dffaefa1b0fa61511e331558c984fc5e4828966393529d1f9f3eef8bf,7a9adc4dffaefa1b0fa61511e331558c984fc5e4828966393529d1f9f3eef8bf,True,1
train,203,585,2526,b46c1bffa37ce40d363f320a833408210138275bab043c227e94e871b820e37c,True,1,4488,4487,b46c1bffa37ce40d363f320a833408210138275bab043c227e94e871b820e37c,b46c1bffa37ce40d363f320a833408210138275bab043c227e94e871b820e37c,True,1
train,204,601,2229,4504f80f14cca616411785d122c39624a7df50a4e032f52494bce2b48d5ba1b4,True,1,4488,4487,4504f80f14cca616411785d122c39624a7df50a4e032f52494bce2b48d5ba1b4,4504f80f14cca616411785d122c39624a7df50a4e032f52494bce2b48d5ba1b4,True,1
train,205,605,2534,284bd15acd1b849ccfd10caf53c954034296c2b92a330f003cbc8e693824358f,True,1,4488,4487,284bd15acd1b849ccfd10caf53c954034296c2b92a330f003cbc8e693824358f,284bd15acd1b849ccfd10caf53c954034296c2b92a330f003cbc8e693824358f,True,1
train,206,608,1623,73070deef2e7995e3927bd22331de93b917768097e9ad1078e4616cba0fa207a,True,1,4488,4487,73070deef2e7995e3927bd22331de93b917768097e9ad1078e4616cba0fa207a,73070deef2e7995e3927bd22331de93b917768097e9ad1078e4616cba0fa207a,True,1
train,207,614,1475,33050ca29239023a8c6cc36dea10ed056a6774d2b5641f0e9f9c52ea6480cafa,True,1,4488,4487,33050ca29239023a8c6cc36dea10ed056a6774d2b5641f0e9f9c52ea6480cafa,33050ca29239023a8c6cc36dea10ed056a6774d2b5641f0e9f9c52ea6480cafa,True,1
train,208,616,2365,8f9cc601b750c601e3278ccfb6bb199a98223b91dc60f2bae070d1b704c88610,True,1,4488,4487,8f9cc601b750c601e3278ccfb6bb199a98223b91dc60f2bae070d1b704c88610,8f9cc601b750c601e3278ccfb6bb199a98223b91dc60f2bae070d1b704c88610,True,1
train,209,644,711,b1339a2e27aa779cb343447dc212bd1e323e1687b4b65026ea410a3ea2b8dc3e,True,1,4488,4487,b1339a2e27aa779cb343447dc212bd1e323e1687b4b65026ea410a3ea2b8dc3e,b1339a2e27aa779cb343447dc212bd1e323e1687b4b65026ea410a3ea2b8dc3e,True,1
train,210,645,1267,8809d5cae206d78c0651db7da761df6200d3d6925e6f6d46f1bf5b210c5ee403,True,1,4488,4487,8809d5cae206d78c0651db7da761df6200d3d6925e6f6d46f1bf5b210c5ee403,8809d5cae206d78c0651db7da761df6200d3d6925e6f6d46f1bf5b210c5ee403,True,1
train,211,645,1895,63eb8043b3148c73dd1c6ddadda2f76bbb45d5563aef6426191c8014f745a695,True,1,4488,4487,63eb8043b3148c73dd1c6ddadda2f76bbb45d5563aef6426191c8014f745a695,63eb8043b3148c73dd1c6ddadda2f76bbb45d5563aef6426191c8014f745a695,True,1
train,212,645,1900,301979776b06ca8719306a92c76391e6c55573e70ac4374feefd159eb52b6ede,True,1,4488,4487,301979776b06ca8719306a92c76391e6c55573e70ac4374feefd159eb52b6ede,301979776b06ca8719306a92c76391e6c55573e70ac4374feefd159eb52b6ede,True,1
train,213,650,1756,63fec1ffb6579cfdba62276bbe6e3fff1759af57e9efa5298400be8880783748,True,1,4488,4487,63fec1ffb6579cfdba62276bbe6e3fff1759af57e9efa5298400be8880783748,63fec1ffb6579cfdba62276bbe6e3fff1759af57e9efa5298400be8880783748,True,1
train,214,651,885,17c6621e500075b6c6f10cd59bfad38a87f4883da7f635b2209d453fe29cec79,True,1,4488,4487,17c6621e500075b6c6f10cd59bfad38a87f4883da7f635b2209d453fe29cec79,17c6621e500075b6c6f10cd59bfad38a87f4883da7f635b2209d453fe29cec79,True,1
train,215,656,2090,eb777c6941023225007d252ad8ac943605cd07179ff184507e32e0c4a4755a46,True,1,4488,4487,eb777c6941023225007d252ad8ac943605cd07179ff184507e32e0c4a4755a46,eb777c6941023225007d252ad8ac943605cd07179ff184507e32e0c4a4755a46,True,1
train,216,661,1881,6600684be5ccc42ba394d6e34218024278c16e3422fce1a858f43c0a42430be0,True,1,4488,4487,6600684be5ccc42ba394d6e34218024278c16e3422fce1a858f43c0a42430be0,6600684be5ccc42ba394d6e34218024278c16e3422fce1a858f43c0a42430be0,True,1
train,217,662,932,8b65c68557649a2c13ad68eb1f2da711976fbf474c06a26c2a6c1ace164cd917,True,1,4488,4487,8b65c68557649a2c13ad68eb1f2da711976fbf474c06a26c2a6c1ace164cd917,8b65c68557649a2c13ad68eb1f2da711976fbf474c06a26c2a6c1ace164cd917,True,1
train,218,673,1986,4ac1d994100e3531c2a5459c88565bd88bf1bb06a7f4de348613f3aabd5ab7ed,True,1,4488,4487,4ac1d994100e3531c2a5459c88565bd88bf1bb06a7f4de348613f3aabd5ab7ed,4ac1d994100e3531c2a5459c88565bd88bf1bb06a7f4de348613f3aabd5ab7ed,True,1
train,219,687,1721,a7017bd962cabae7a3cec2b544b468a6d828344be25573bb41b6ca111258e351,True,1,4488,4487,a7017bd962cabae7a3cec2b544b468a6d828344be25573bb41b6ca111258e351,a7017bd962cabae7a3cec2b544b468a6d828344be25573bb41b6ca111258e351,True,1
train,220,702,993,24ab568b7fc513c2505d00a9cf9505f21fbfab84f4a4bcc99194419e52343da0,True,1,4488,4487,24ab568b7fc513c2505d00a9cf9505f21fbfab84f4a4bcc99194419e52343da0,24ab568b7fc513c2505d00a9cf9505f21fbfab84f4a4bcc99194419e52343da0,True,1
train,221,719,1623,2c61f2ce1759458dae7df74f7ce71adcd27018a888d2052a7f2cd8d7f5d5b311,True,1,4488,4487,2c61f2ce1759458dae7df74f7ce71adcd27018a888d2052a7f2cd8d7f5d5b311,2c61f2ce1759458dae7df74f7ce71adcd27018a888d2052a7f2cd8d7f5d5b311,True,1
train,222,722,1874,f8ffa541b126ba479f15f77b2b409389f44bd1aef62fb52fdbeb817c915487c1,True,1,4488,4487,f8ffa541b126ba479f15f77b2b409389f44bd1aef62fb52fdbeb817c915487c1,f8ffa541b126ba479f15f77b2b409389f44bd1aef62fb52fdbeb817c915487c1,True,1
train,223,726,1533,83d9a6a85a66da73b8a4bd9dc8aedf54a8f4e2b6580fe2f287cc7b88731fdb87,True,1,4488,4487,83d9a6a85a66da73b8a4bd9dc8aedf54a8f4e2b6580fe2f287cc7b88731fdb87,83d9a6a85a66da73b8a4bd9dc8aedf54a8f4e2b6580fe2f287cc7b88731fdb87,True,1
train,224,727,1386,d6a8703ba12b24a46b31dec036e363a388e1a7fe100d02a8788a2c324443f074,True,1,4488,4487,d6a8703ba12b24a46b31dec036e363a388e1a7fe100d02a8788a2c324443f074,d6a8703ba12b24a46b31dec036e363a388e1a7fe100d02a8788a2c324443f074,True,1
train,225,728,1296,257c5e34603ad62be4fe82aeb2070a21c50bfc1a31a24cce77ffb64b26ee61b4,True,1,4488,4487,257c5e34603ad62be4fe82aeb2070a21c50bfc1a31a24cce77ffb64b26ee61b4,257c5e34603ad62be4fe82aeb2070a21c50bfc1a31a24cce77ffb64b26ee61b4,True,1
train,226,733,2008,d60a9f972ffa7822b3a7fab08f9dbb66e003da10091203dfb46ba26b5d1534f8,True,1,4488,4487,d60a9f972ffa7822b3a7fab08f9dbb66e003da10091203dfb46ba26b5d1534f8,d60a9f972ffa7822b3a7fab08f9dbb66e003da10091203dfb46ba26b5d1534f8,True,1
train,227,733,2011,25a0d41aef9a1cb5644a189d6821fd75c57c9c3f1574c4a37844e04f157481b3,True,1,4488,4487,25a0d41aef9a1cb5644a189d6821fd75c57c9c3f1574c4a37844e04f157481b3,25a0d41aef9a1cb5644a189d6821fd75c57c9c3f1574c4a37844e04f157481b3,True,1
train,228,733,2268,dc3450012687e8b2958da1bbaead1da245d020c6ac5d8b0ba1c8259e8a85cda0,True,1,4488,4487,dc3450012687e8b2958da1bbaead1da245d020c6ac5d8b0ba1c8259e8a85cda0,dc3450012687e8b2958da1bbaead1da245d020c6ac5d8b0ba1c8259e8a85cda0,True,1
train,229,733,2303,1a89cd9ec9234aadbf1ff076ce1823b34923e69e02bbae05b4b1eb0257ccc418,True,1,4488,4487,1a89cd9ec9234aadbf1ff076ce1823b34923e69e02bbae05b4b1eb0257ccc418,1a89cd9ec9234aadbf1ff076ce1823b34923e69e02bbae05b4b1eb0257ccc418,True,1
train,230,734,1841,de16a737a1a384a11fc68048221af4ba9866d33c1c442dc81782d4dcb474a4bc,True,1,4488,4487,de16a737a1a384a11fc68048221af4ba9866d33c1c442dc81782d4dcb474a4bc,de16a737a1a384a11fc68048221af4ba9866d33c1c442dc81782d4dcb474a4bc,True,1
train,231,735,1543,ff0e90c9071df20865f1b343feeb9be73a33daaeb848282ee820f58872e0bed8,True,1,4488,4487,ff0e90c9071df20865f1b343feeb9be73a33daaeb848282ee820f58872e0bed8,ff0e90c9071df20865f1b343feeb9be73a33daaeb848282ee820f58872e0bed8,True,1
train,232,736,1388,7c25b6fc6827ca91e072d34090996409828533c64e50afaf88e75ba23847c738,True,1,4488,4487,7c25b6fc6827ca91e072d34090996409828533c64e50afaf88e75ba23847c738,7c25b6fc6827ca91e072d34090996409828533c64e50afaf88e75ba23847c738,True,1
train,233,736,1841,d927a5c7bc5a23ecbb002fe42aaf16529a5364e4f40a08d0d47bcaecf23ce8d6,True,1,4488,4487,d927a5c7bc5a23ecbb002fe42aaf16529a5364e4f40a08d0d47bcaecf23ce8d6,d927a5c7bc5a23ecbb002fe42aaf16529a5364e4f40a08d0d47bcaecf23ce8d6,True,1
train,234,736,2202,758dec30f8a9116d4209b49240bd18b64d2b24f3716623ed29119a8529f2d57c,True,1,4488,4487,758dec30f8a9116d4209b49240bd18b64d2b24f3716623ed29119a8529f2d57c,758dec30f8a9116d4209b49240bd18b64d2b24f3716623ed29119a8529f2d57c,True,1
train,235,737,1269,4924630c6a89e057d79745ddb69df1e1fb795bf54c53f71aaa136f1f0d209393,True,1,4488,4487,4924630c6a89e057d79745ddb69df1e1fb795bf54c53f71aaa136f1f0d209393,4924630c6a89e057d79745ddb69df1e1fb795bf54c53f71aaa136f1f0d209393,True,1
train,236,737,1974,406a64c43e146b168dba9aa488eea53bf5c1354dce192b9c21f00e31023b5df9,True,1,4488,4487,406a64c43e146b168dba9aa488eea53bf5c1354dce192b9c21f00e31023b5df9,406a64c43e146b168dba9aa488eea53bf5c1354dce192b9c21f00e31023b5df9,True,1
train,237,739,1543,81c599b9be535e5cdc4b80bf7afc8e0d7f9849622298212e0111dd8adea7b1ba,True,1,4488,4487,81c599b9be535e5cdc4b80bf7afc8e0d7f9849622298212e0111dd8adea7b1ba,81c599b9be535e5cdc4b80bf7afc8e0d7f9849622298212e0111dd8adea7b1ba,True,1
train,238,742,1743,97d50487c253686f079943d1bdb0fbbc6581447a47d92260805688ba5801a599,True,1,4488,4487,97d50487c253686f079943d1bdb0fbbc6581447a47d92260805688ba5801a599,97d50487c253686f079943d1bdb0fbbc6581447a47d92260805688ba5801a599,True,1
train,239,744,1358,6d09d4ce3b2b2c9e4c121f9fcbb69e2509a713c7a1cab1be7a71e42a1e9a4cc5,True,1,4488,4487,6d09d4ce3b2b2c9e4c121f9fcbb69e2509a713c7a1cab1be7a71e42a1e9a4cc5,6d09d4ce3b2b2c9e4c121f9fcbb69e2509a713c7a1cab1be7a71e42a1e9a4cc5,True,1
train,240,745,1127,a2ac41080b6ea451692606eeea53d5f97e2cba8d5cf4230e7c0b7d204ac5bec3,True,1,4488,4487,a2ac41080b6ea451692606eeea53d5f97e2cba8d5cf4230e7c0b7d204ac5bec3,a2ac41080b6ea451692606eeea53d5f97e2cba8d5cf4230e7c0b7d204ac5bec3,True,1
train,241,752,2451,dd9e244e561770317be8aac28d1bcadee2e5f4e95bb04d048fb787a047113e74,True,1,4488,4487,dd9e244e561770317be8aac28d1bcadee2e5f4e95bb04d048fb787a047113e74,dd9e244e561770317be8aac28d1bcadee2e5f4e95bb04d048fb787a047113e74,True,1
train,242,756,1692,7dc65c4a3f9d4b69750eb5e5dc98fef5e54ecd1cefa189dc6f28c45fe069d1c2,True,1,4488,4487,7dc65c4a3f9d4b69750eb5e5dc98fef5e54ecd1cefa189dc6f28c45fe069d1c2,7dc65c4a3f9d4b69750eb5e5dc98fef5e54ecd1cefa189dc6f28c45fe069d1c2,True,1
train,243,756,2187,27377dabe2ca2465e1d9cbbbb5e595aecddea393a2e4ef0bc56fda290dcf27a7,True,1,4488,4487,27377dabe2ca2465e1d9cbbbb5e595aecddea393a2e4ef0bc56fda290dcf27a7,27377dabe2ca2465e1d9cbbbb5e595aecddea393a2e4ef0bc56fda290dcf27a7,True,1
train,244,757,1284,1b498cbedbdd29a5fdc76bd3ebd88ba3cf221ee19a447f15fc5c62344fa700cb,True,1,4488,4487,1b498cbedbdd29a5fdc76bd3ebd88ba3cf221ee19a447f15fc5c62344fa700cb,1b498cbedbdd29a5fdc76bd3ebd88ba3cf221ee19a447f15fc5c62344fa700cb,True,1
train,245,757,2421,1d9b5cc13e274e4ce2a6a2d7ccfcf28607284aa134cb65f0f5862892a845473f,True,1,4488,4487,1d9b5cc13e274e4ce2a6a2d7ccfcf28607284aa134cb65f0f5862892a845473f,1d9b5cc13e274e4ce2a6a2d7ccfcf28607284aa134cb65f0f5862892a845473f,True,1
train,246,763,1635,3b577f121d7e4b049ce8d185adb34c320405035d2356e732e52c9dd33198546c,True,1,4488,4487,3b577f121d7e4b049ce8d185adb34c320405035d2356e732e52c9dd33198546c,3b577f121d7e4b049ce8d185adb34c320405035d2356e732e52c9dd33198546c,True,1
train,247,766,1868,66803372b12e8c832bdcd19921e88299cff381937c05ad1f9742b129243ff0c3,True,1,4488,4487,66803372b12e8c832bdcd19921e88299cff381937c05ad1f9742b129243ff0c3,66803372b12e8c832bdcd19921e88299cff381937c05ad1f9742b129243ff0c3,True,1
train,248,771,1156,427251d73445ecd3b19422ede3b09c1900c97f47decffd503f11aeda75455dfa,True,1,4488,4487,427251d73445ecd3b19422ede3b09c1900c97f47decffd503f11aeda75455dfa,427251d73445ecd3b19422ede3b09c1900c97f47decffd503f11aeda75455dfa,True,1
train,249,773,1505,e08c3ac3483340596c9877143bb33ebc8578cc194ea47aed6e8c00b57a5d4346,True,1,4488,4487,e08c3ac3483340596c9877143bb33ebc8578cc194ea47aed6e8c00b57a5d4346,e08c3ac3483340596c9877143bb33ebc8578cc194ea47aed6e8c00b57a5d4346,True,1
train,250,776,1542,16d4dab2377f6ec222609f760cda50e1d1ad15a9ccb0acf0245d394cc67691d1,True,1,4488,4487,16d4dab2377f6ec222609f760cda50e1d1ad15a9ccb0acf0245d394cc67691d1,16d4dab2377f6ec222609f760cda50e1d1ad15a9ccb0acf0245d394cc67691d1,True,1
train,251,781,2402,879039fdf61ebfefc8e7db9d1bb411f8f34366d078e5566f7979a45d713c41fc,True,1,4488,4487,879039fdf61ebfefc8e7db9d1bb411f8f34366d078e5566f7979a45d713c41fc,879039fdf61ebfefc8e7db9d1bb411f8f34366d078e5566f7979a45d713c41fc,True,1
train,252,783,1143,f32e02e097ee5fd4b6c5f844b4c9c2c3c8f49ff9de6589c969d19b054754d61e,True,1,4488,4487,f32e02e097ee5fd4b6c5f844b4c9c2c3c8f49ff9de6589c969d19b054754d61e,f32e02e097ee5fd4b6c5f844b4c9c2c3c8f49ff9de6589c969d19b054754d61e,True,1
train,253,788,1031,0d518f5a26ed7a7871e652a4d6adea7b76e7f94c8a5598f2b4d49d93d493e365,True,1,4488,4487,0d518f5a26ed7a7871e652a4d6adea7b76e7f94c8a5598f2b4d49d93d493e365,0d518f5a26ed7a7871e652a4d6adea7b76e7f94c8a5598f2b4d49d93d493e365,True,1
train,254,792,1488,7538c73df17ff25bdd5e34cd46673b67b382aff45702202161966247f8558213,True,1,4488,4487,7538c73df17ff25bdd5e34cd46673b67b382aff45702202161966247f8558213,7538c73df17ff25bdd5e34cd46673b67b382aff45702202161966247f8558213,True,1
train,255,792,2555,00c7cd54ada0f64a409521a1ad59174e11ca0d3f9031c6901fbff55e326bba32,True,1,4488,4487,00c7cd54ada0f64a409521a1ad59174e11ca0d3f9031c6901fbff55e326bba32,00c7cd54ada0f64a409521a1ad59174e11ca0d3f9031c6901fbff55e326bba32,True,1
train,256,795,1810,889348c0303f2a8187a792097ef3b8f2332ace9facd7c1a27b9995b35b3a4f7f,True,1,4488,4487,889348c0303f2a8187a792097ef3b8f2332ace9facd7c1a27b9995b35b3a4f7f,889348c0303f2a8187a792097ef3b8f2332ace9facd7c1a27b9995b35b3a4f7f,True,1
train,257,796,1103,8669f4e3cabcc1e48e18b2f7377b1d2d4b0f5d96ee888e9e8ddcac3dc89b66a9,True,1,4488,4487,8669f4e3cabcc1e48e18b2f7377b1d2d4b0f5d96ee888e9e8ddcac3dc89b66a9,8669f4e3cabcc1e48e18b2f7377b1d2d4b0f5d96ee888e9e8ddcac3dc89b66a9,True,1
train,258,798,1794,c86663130cc6b31ae3d952298114a8b53c1b3e7dc46586a48e2588da75834c9d,True,1,4488,4487,c86663130cc6b31ae3d952298114a8b53c1b3e7dc46586a48e2588da75834c9d,c86663130cc6b31ae3d952298114a8b53c1b3e7dc46586a48e2588da75834c9d,True,1
train,259,813,2376,642013f9517f895adf454fa63d5d174767c2665eb9e86c59350e52639a897a57,True,1,4488,4487,642013f9517f895adf454fa63d5d174767c2665eb9e86c59350e52639a897a57,642013f9517f895adf454fa63d5d174767c2665eb9e86c59350e52639a897a57,True,1
train,260,814,2382,37c13fb239230f81ee9b28e78edc1ad97e6bb869b00bfb6ff02733d828441453,True,1,4488,4487,37c13fb239230f81ee9b28e78edc1ad97e6bb869b00bfb6ff02733d828441453,37c13fb239230f81ee9b28e78edc1ad97e6bb869b00bfb6ff02733d828441453,True,1
train,261,814,2383,094833ea34413b0564dc3a4092da1073debcad56b56c71e10a44592a58db8ea1,True,1,4488,4487,094833ea34413b0564dc3a4092da1073debcad56b56c71e10a44592a58db8ea1,094833ea34413b0564dc3a4092da1073debcad56b56c71e10a44592a58db8ea1,True,1
train,262,815,1344,be569e65b037e34d1dfe7757c3a43030d0e3a571ceed9c75b012f3ad8c1d67b2,True,1,4488,4487,be569e65b037e34d1dfe7757c3a43030d0e3a571ceed9c75b012f3ad8c1d67b2,be569e65b037e34d1dfe7757c3a43030d0e3a571ceed9c75b012f3ad8c1d67b2,True,1
train,263,829,1816,63990dfb41ad6c88e93b53e68336a6def29e1654ebad5acaf38fa0bafa400be1,True,1,4488,4487,63990dfb41ad6c88e93b53e68336a6def29e1654ebad5acaf38fa0bafa400be1,63990dfb41ad6c88e93b53e68336a6def29e1654ebad5acaf38fa0bafa400be1,True,1
train,264,831,1358,c3ba5f6b8a955e7d05be08b1e1c1ec5f247e5a0177cb6837c3f726b41dab4479,True,1,4488,4487,c3ba5f6b8a955e7d05be08b1e1c1ec5f247e5a0177cb6837c3f726b41dab4479,c3ba5f6b8a955e7d05be08b1e1c1ec5f247e5a0177cb6837c3f726b41dab4479,True,1
train,265,833,1130,ffd27b4cb348dc5960ead05675a610f2d80e1567a9a55ba3129def2556dad174,True,1,4488,4487,ffd27b4cb348dc5960ead05675a610f2d80e1567a9a55ba3129def2556dad174,ffd27b4cb348dc5960ead05675a610f2d80e1567a9a55ba3129def2556dad174,True,1
train,266,833,1641,d6d85930a43076848d3e4f72370faf20c713955e9f469a25c4e4fdd32c913df7,True,1,4488,4487,d6d85930a43076848d3e4f72370faf20c713955e9f469a25c4e4fdd32c913df7,d6d85930a43076848d3e4f72370faf20c713955e9f469a25c4e4fdd32c913df7,True,1
train,267,837,1422,a42ed78df92638ce5397a18f1876ab763ac1054e1cecbe119a45fbdbc96db781,True,1,4488,4487,a42ed78df92638ce5397a18f1876ab763ac1054e1cecbe119a45fbdbc96db781,a42ed78df92638ce5397a18f1876ab763ac1054e1cecbe119a45fbdbc96db781,True,1
train,268,840,1903,aee668daea4d3de5c61f1b64af8eb560d044219aec00066000b3eae1c6a4a23e,True,1,4488,4487,aee668daea4d3de5c61f1b64af8eb560d044219aec00066000b3eae1c6a4a23e,aee668daea4d3de5c61f1b64af8eb560d044219aec00066000b3eae1c6a4a23e,True,1
train,269,841,2034,07cb05788ec38e76824d2e53375cebfb188c5ca1af14e375b31d885ec354cd87,True,1,4488,4487,07cb05788ec38e76824d2e53375cebfb188c5ca1af14e375b31d885ec354cd87,07cb05788ec38e76824d2e53375cebfb188c5ca1af14e375b31d885ec354cd87,True,1
train,270,859,2096,55dd10c7a6d7f9b5b3be6b2b1751e30045427314f6998a141939d4321042d8bb,True,1,4488,4487,55dd10c7a6d7f9b5b3be6b2b1751e30045427314f6998a141939d4321042d8bb,55dd10c7a6d7f9b5b3be6b2b1751e30045427314f6998a141939d4321042d8bb,True,1
train,271,863,1590,e3b3771e795165dbbbbe2f88780788f8c51e82d7480d85325e14303f95ab7603,True,1,4488,4487,e3b3771e795165dbbbbe2f88780788f8c51e82d7480d85325e14303f95ab7603,e3b3771e795165dbbbbe2f88780788f8c51e82d7480d85325e14303f95ab7603,True,1
train,272,865,2653,d7bae511100217f840ffb1e0ce9b7abb4e177f8f47f84e387503081fdda28499,True,1,4488,4487,d7bae511100217f840ffb1e0ce9b7abb4e177f8f47f84e387503081fdda28499,d7bae511100217f840ffb1e0ce9b7abb4e177f8f47f84e387503081fdda28499,True,1
train,273,875,914,41244bbc28a7a52e1c5fe4b986e6498a101e17e882683470712cc5256de8bbf5,True,1,4488,4487,41244bbc28a7a52e1c5fe4b986e6498a101e17e882683470712cc5256de8bbf5,41244bbc28a7a52e1c5fe4b986e6498a101e17e882683470712cc5256de8bbf5,True,1
train,274,878,885,9f081db3352de6c2312783a3396bbf55df71a42efaa4ce6b750a8af464218cb7,True,1,4488,4487,9f081db3352de6c2312783a3396bbf55df71a42efaa4ce6b750a8af464218cb7,9f081db3352de6c2312783a3396bbf55df71a42efaa4ce6b750a8af464218cb7,True,1
train,275,881,1199,740927ec2f209a0c6b6936b247bd61ca5a1db8970da8b60b759ec56bca875936,True,1,4488,4487,740927ec2f209a0c6b6936b247bd61ca5a1db8970da8b60b759ec56bca875936,740927ec2f209a0c6b6936b247bd61ca5a1db8970da8b60b759ec56bca875936,True,1
train,276,885,2024,86ecc682246eda925122736e04c96663cf2f1768c26e3c8d007c1b355d3d50bf,True,1,4488,4487,86ecc682246eda925122736e04c96663cf2f1768c26e3c8d007c1b355d3d50bf,86ecc682246eda925122736e04c96663cf2f1768c26e3c8d007c1b355d3d50bf,True,1
train,277,890,1314,a34a79facd18e8481d9a5ee2e14b92432a422ff368c1023e1e6f957c80add22f,True,1,4488,4487,a34a79facd18e8481d9a5ee2e14b92432a422ff368c1023e1e6f957c80add22f,a34a79facd18e8481d9a5ee2e14b92432a422ff368c1023e1e6f957c80add22f,True,1
train,278,897,1156,9e18588fb0830eaf107602230cb4d80a306de8d60964888fce51ca3c7da23e1c,True,1,4488,4487,9e18588fb0830eaf107602230cb4d80a306de8d60964888fce51ca3c7da23e1c,9e18588fb0830eaf107602230cb4d80a306de8d60964888fce51ca3c7da23e1c,True,1
train,279,899,1986,bcd4b99613b4e19d65c7faa717bf2520a298e1b9ad78b42a4d080462470fc1b0,True,1,4488,4487,bcd4b99613b4e19d65c7faa717bf2520a298e1b9ad78b42a4d080462470fc1b0,bcd4b99613b4e19d65c7faa717bf2520a298e1b9ad78b42a4d080462470fc1b0,True,1
train,280,904,1959,4a81f72e0102d3b4455d6e20ce5678bbbc48cad40813d8b6a20d724d99f83136,True,1,4488,4487,4a81f72e0102d3b4455d6e20ce5678bbbc48cad40813d8b6a20d724d99f83136,4a81f72e0102d3b4455d6e20ce5678bbbc48cad40813d8b6a20d724d99f83136,True,1
train,281,910,1623,c03693ace7f3651d471d2c01a631f2448dd71275e81e97ea4c86fda32b029239,True,1,4488,4487,c03693ace7f3651d471d2c01a631f2448dd71275e81e97ea4c86fda32b029239,c03693ace7f3651d471d2c01a631f2448dd71275e81e97ea4c86fda32b029239,True,1
train,282,911,1051,11526d39ffda31cd58a415302d1df2ed0633adcf5bc53cd3fdcbec35a52eefe5,True,1,4488,4487,11526d39ffda31cd58a415302d1df2ed0633adcf5bc53cd3fdcbec35a52eefe5,11526d39ffda31cd58a415302d1df2ed0633adcf5bc53cd3fdcbec35a52eefe5,True,1
train,283,915,1035,1562fc6564ea419f3eba61537b37dc83afb3e47f6cba1a87e251637044ae387c,True,1,4488,4487,1562fc6564ea419f3eba61537b37dc83afb3e47f6cba1a87e251637044ae387c,1562fc6564ea419f3eba61537b37dc83afb3e47f6cba1a87e251637044ae387c,True,1
train,284,916,1026,4e8d62abf14ac9a4b80db85b749a0adce7d7fc0749f6f4ea18a780b9e888910d,True,1,4488,4487,4e8d62abf14ac9a4b80db85b749a0adce7d7fc0749f6f4ea18a780b9e888910d,4e8d62abf14ac9a4b80db85b749a0adce7d7fc0749f6f4ea18a780b9e888910d,True,1
train,285,920,1893,5a146ea0faf66f0fe4aa676878df47c0556ea70bf13550b02facc8a9b36b12c0,True,1,4488,4487,5a146ea0faf66f0fe4aa676878df47c0556ea70bf13550b02facc8a9b36b12c0,5a146ea0faf66f0fe4aa676878df47c0556ea70bf13550b02facc8a9b36b12c0,True,1
train,286,937,1180,e4e46a6aa57848d3edadf28a2a5ebb8628af80cfab7121013a1a68fdd459a2f5,True,1,4488,4487,e4e46a6aa57848d3edadf28a2a5ebb8628af80cfab7121013a1a68fdd459a2f5,e4e46a6aa57848d3edadf28a2a5ebb8628af80cfab7121013a1a68fdd459a2f5,True,1
train,287,944,2138,3232bd82c9220f0c1d5f2fe4b723e488f795d45434ffbc2e9f3c1e852dbc1fb6,True,1,4488,4487,3232bd82c9220f0c1d5f2fe4b723e488f795d45434ffbc2e9f3c1e852dbc1fb6,3232bd82c9220f0c1d5f2fe4b723e488f795d45434ffbc2e9f3c1e852dbc1fb6,True,1
train,288,948,1681,6681200845d0161e6e78227e7afee4ed5a9aec61ee1d962327b658e1655f3db0,True,1,4488,4487,6681200845d0161e6e78227e7afee4ed5a9aec61ee1d962327b658e1655f3db0,6681200845d0161e6e78227e7afee4ed5a9aec61ee1d962327b658e1655f3db0,True,1
train,289,948,1682,3f1da4269134bda8a7edbb068d2a08d4668af9396e10ad8189f8834aafd8c146,True,1,4488,4487,3f1da4269134bda8a7edbb068d2a08d4668af9396e10ad8189f8834aafd8c146,3f1da4269134bda8a7edbb068d2a08d4668af9396e10ad8189f8834aafd8c146,True,1
train,290,957,1757,064373bad07c0cf1123b55bcf474d73153fe302e5ada37e634616ca2de3db691,True,1,4488,4487,064373bad07c0cf1123b55bcf474d73153fe302e5ada37e634616ca2de3db691,064373bad07c0cf1123b55bcf474d73153fe302e5ada37e634616ca2de3db691,True,1
train,291,962,1806,243f44ebc11149e611489dab41a6515b27505bb00d4a0286d1f31567d1220c1d,True,1,4488,4487,243f44ebc11149e611489dab41a6515b27505bb00d4a0286d1f31567d1220c1d,243f44ebc11149e611489dab41a6515b27505bb00d4a0286d1f31567d1220c1d,True,1
train,292,963,1703,efebb927b11d51e27a79a3e3689ed0a71ee74be93224d80eca62f576ea7236e5,True,1,4488,4487,efebb927b11d51e27a79a3e3689ed0a71ee74be93224d80eca62f576ea7236e5,efebb927b11d51e27a79a3e3689ed0a71ee74be93224d80eca62f576ea7236e5,True,1
train,293,970,2365,ddad2eac76c69fae66e6555e72abe542cd4159b6be8b65031c793cef669845cf,True,1,4488,4487,ddad2eac76c69fae66e6555e72abe542cd4159b6be8b65031c793cef669845cf,ddad2eac76c69fae66e6555e72abe542cd4159b6be8b65031c793cef669845cf,True,1
train,294,974,1496,ef32193c658598787b8a9db12f256c27505b1ba776cdd7cfb081c5b1bf53316e,True,1,4488,4487,ef32193c658598787b8a9db12f256c27505b1ba776cdd7cfb081c5b1bf53316e,ef32193c658598787b8a9db12f256c27505b1ba776cdd7cfb081c5b1bf53316e,True,1
train,295,976,1431,00f8a62d2694eebf6906b999a94ebd4d85b5ce789c5a2889eeaa147fdf10d3dc,True,1,4488,4487,00f8a62d2694eebf6906b999a94ebd4d85b5ce789c5a2889eeaa147fdf10d3dc,00f8a62d2694eebf6906b999a94ebd4d85b5ce789c5a2889eeaa147fdf10d3dc,True,1
train,296,982,1091,b22c812100b9d060d13c56bfec2e713d4038f05c03cf0d015aa9aff721424703,True,1,4488,4487,b22c812100b9d060d13c56bfec2e713d4038f05c03cf0d015aa9aff721424703,b22c812100b9d060d13c56bfec2e713d4038f05c03cf0d015aa9aff721424703,True,1
train,297,987,1175,9b37df62868c1c7f614f905a66439979089ecfa543674e108136139c9bfd0da6,True,1,4488,4487,9b37df62868c1c7f614f905a66439979089ecfa543674e108136139c9bfd0da6,9b37df62868c1c7f614f905a66439979089ecfa543674e108136139c9bfd0da6,True,1
train,298,998,1103,9dcf5a92e5a3c0094597dcc03456686d40426ced02a09b74c8c257bc716decae,True,1,4488,4487,9dcf5a92e5a3c0094597dcc03456686d40426ced02a09b74c8c257bc716decae,9dcf5a92e5a3c0094597dcc03456686d40426ced02a09b74c8c257bc716decae,True,1
train,299,1004,1810,3f5c0225c9886c14b774f6551af61f308df0f824b29fcb1716976bb09b3470b6,True,1,4488,4487,3f5c0225c9886c14b774f6551af61f308df0f824b29fcb1716976bb09b3470b6,3f5c0225c9886c14b774f6551af61f308df0f824b29fcb1716976bb09b3470b6,True,1
train,300,1013,1644,6ccadc4a6f0fb9bbc3d2640bbe3aca31e9289328757b753e055a981b6b651d63,True,1,4488,4487,6ccadc4a6f0fb9bbc3d2640bbe3aca31e9289328757b753e055a981b6b651d63,6ccadc4a6f0fb9bbc3d2640bbe3aca31e9289328757b753e055a981b6b651d63,True,1
train,301,1013,1675,6efae52e0ee3358ee350e19cf701f497ff46fbb688d5a747d68005a52d0f9bf2,True,1,4488,4487,6efae52e0ee3358ee350e19cf701f497ff46fbb688d5a747d68005a52d0f9bf2,6efae52e0ee3358ee350e19cf701f497ff46fbb688d5a747d68005a52d0f9bf2,True,1
train,302,1013,1846,c1ec071292d16415cf6f46b9223a21378915af8f139e718dc24f2f1f5fc24279,True,1,4488,4487,c1ec071292d16415cf6f46b9223a21378915af8f139e718dc24f2f1f5fc24279,c1ec071292d16415cf6f46b9223a21378915af8f139e718dc24f2f1f5fc24279,True,1
train,303,1013,1850,122864b3c69b3f471e8de8161b994ba3ebdb9335511bfa067720933932d64928,True,1,4488,4487,122864b3c69b3f471e8de8161b994ba3ebdb9335511bfa067720933932d64928,122864b3c69b3f471e8de8161b994ba3ebdb9335511bfa067720933932d64928,True,1
train,304,1015,1481,46105e9ca8d050c62dd76761be7a6a0eb3692869c3f6869d48eb16447899c3a8,True,1,4488,4487,46105e9ca8d050c62dd76761be7a6a0eb3692869c3f6869d48eb16447899c3a8,46105e9ca8d050c62dd76761be7a6a0eb3692869c3f6869d48eb16447899c3a8,True,1
train,305,1036,2562,2993168bd82fc3220328c0626cb536c44318b651ee94f78805fe99523ee2d6ef,True,1,4488,4487,2993168bd82fc3220328c0626cb536c44318b651ee94f78805fe99523ee2d6ef,2993168bd82fc3220328c0626cb536c44318b651ee94f78805fe99523ee2d6ef,True,1
train,306,1038,2503,286bfbfecd1bc01129c2092b3b97b38da7a666e86cfd467b31a0686e3f5874a0,True,1,4488,4487,286bfbfecd1bc01129c2092b3b97b38da7a666e86cfd467b31a0686e3f5874a0,286bfbfecd1bc01129c2092b3b97b38da7a666e86cfd467b31a0686e3f5874a0,True,1
train,307,1040,1169,16c70cf9b0f4e1c3e5c2e69619c5abd5c63723c1a069d5cf0746152ea6d57ef2,True,1,4488,4487,16c70cf9b0f4e1c3e5c2e69619c5abd5c63723c1a069d5cf0746152ea6d57ef2,16c70cf9b0f4e1c3e5c2e69619c5abd5c63723c1a069d5cf0746152ea6d57ef2,True,1
train,308,1040,1765,b1f3bdf2cb33c929e3aa5f7859800d89121dcd57df757cab01afe952a5b4ba92,True,1,4488,4487,b1f3bdf2cb33c929e3aa5f7859800d89121dcd57df757cab01afe952a5b4ba92,b1f3bdf2cb33c929e3aa5f7859800d89121dcd57df757cab01afe952a5b4ba92,True,1
train,309,1046,2387,4c2db6c94198416a90c86d25f79fb247dff0acabe28b67ef8aff617fd4c01500,True,1,4488,4487,4c2db6c94198416a90c86d25f79fb247dff0acabe28b67ef8aff617fd4c01500,4c2db6c94198416a90c86d25f79fb247dff0acabe28b67ef8aff617fd4c01500,True,1
train,310,1047,2333,1a4f705290280878ba1633a5e9c04b52630699bbe519b5a65cfb54dc081f1c7e,True,1,4488,4487,1a4f705290280878ba1633a5e9c04b52630699bbe519b5a65cfb54dc081f1c7e,1a4f705290280878ba1633a5e9c04b52630699bbe519b5a65cfb54dc081f1c7e,True,1
train,311,1049,1894,15d9e7175108bf3108f5d3a40d002dd9f38e742f69666f0ec86678d0b6f8962c,True,1,4488,4487,15d9e7175108bf3108f5d3a40d002dd9f38e742f69666f0ec86678d0b6f8962c,15d9e7175108bf3108f5d3a40d002dd9f38e742f69666f0ec86678d0b6f8962c,True,1
train,312,1050,1230,879442b8a3e88f25aabba5f0585cd133b2970bd8f44b0f7eb6b6205f8b6efb50,True,1,4488,4487,879442b8a3e88f25aabba5f0585cd133b2970bd8f44b0f7eb6b6205f8b6efb50,879442b8a3e88f25aabba5f0585cd133b2970bd8f44b0f7eb6b6205f8b6efb50,True,1
train,313,1070,1725,b2ca51bd8af469fbde7a43ae84c6ea85afb7bc6e139c6076d2e96a000e4df5f8,True,1,4488,4487,b2ca51bd8af469fbde7a43ae84c6ea85afb7bc6e139c6076d2e96a000e4df5f8,b2ca51bd8af469fbde7a43ae84c6ea85afb7bc6e139c6076d2e96a000e4df5f8,True,1
train,314,1071,1135,7ef031412dc1b9486d2990f2ee9dc10e75207b93893e5a635b698a21e3fac9b9,True,1,4488,4487,7ef031412dc1b9486d2990f2ee9dc10e75207b93893e5a635b698a21e3fac9b9,7ef031412dc1b9486d2990f2ee9dc10e75207b93893e5a635b698a21e3fac9b9,True,1
train,315,1072,1803,76f8065d970a646f042ebba497d9d188ec4e9ea835af3dc500f820f770d098e0,True,1,4488,4487,76f8065d970a646f042ebba497d9d188ec4e9ea835af3dc500f820f770d098e0,76f8065d970a646f042ebba497d9d188ec4e9ea835af3dc500f820f770d098e0,True,1
train,316,1077,1483,16ec080abdaa5d513cab6c655ac2fd515ab3727b0f58c325228d27bc8933293c,True,1,4488,4487,16ec080abdaa5d513cab6c655ac2fd515ab3727b0f58c325228d27bc8933293c,16ec080abdaa5d513cab6c655ac2fd515ab3727b0f58c325228d27bc8933293c,True,1
train,317,1077,2450,c2dcfd03fb5d4a38e6df30a8ba11b741eecaf0f81de6331c028e43e210d4f76d,True,1,4488,4487,c2dcfd03fb5d4a38e6df30a8ba11b741eecaf0f81de6331c028e43e210d4f76d,c2dcfd03fb5d4a38e6df30a8ba11b741eecaf0f81de6331c028e43e210d4f76d,True,1
train,318,1083,2114,da3dde9221a317d8f0d9309e01c340a13ae87bf1b9a74aa68a58e86e781f73a1,True,1,4488,4487,da3dde9221a317d8f0d9309e01c340a13ae87bf1b9a74aa68a58e86e781f73a1,da3dde9221a317d8f0d9309e01c340a13ae87bf1b9a74aa68a58e86e781f73a1,True,1
train,319,1090,1598,44936c553e7b6fd03d8b469d4d620b683e9d81f7fd70048d6da5ecd18a7d26fa,True,1,4488,4487,44936c553e7b6fd03d8b469d4d620b683e9d81f7fd70048d6da5ecd18a7d26fa,44936c553e7b6fd03d8b469d4d620b683e9d81f7fd70048d6da5ecd18a7d26fa,True,1
train,320,1099,1607,04389b45cdcbde4bf23f3223608a317d97fec12636c04c4ad2dd12ec7ce87f7c,True,1,4488,4487,04389b45cdcbde4bf23f3223608a317d97fec12636c04c4ad2dd12ec7ce87f7c,04389b45cdcbde4bf23f3223608a317d97fec12636c04c4ad2dd12ec7ce87f7c,True,1
train,321,1114,1717,5fc275101f1bed75f9ca8675c537dda580241331fcac382b6c39a879120da6f7,True,1,4488,4487,5fc275101f1bed75f9ca8675c537dda580241331fcac382b6c39a879120da6f7,5fc275101f1bed75f9ca8675c537dda580241331fcac382b6c39a879120da6f7,True,1
train,322,1117,2499,07ed751536a7779cd672e3ce3ab3ab6de616dac5cc0c650121531ba9299303a9,True,1,4488,4487,07ed751536a7779cd672e3ce3ab3ab6de616dac5cc0c650121531ba9299303a9,07ed751536a7779cd672e3ce3ab3ab6de616dac5cc0c650121531ba9299303a9,True,1
train,323,1121,1810,01086d14fc418416a2d02f83d5e015b17cb05a78dcbb48b45d27afaa8a098432,True,1,4488,4487,01086d14fc418416a2d02f83d5e015b17cb05a78dcbb48b45d27afaa8a098432,01086d14fc418416a2d02f83d5e015b17cb05a78dcbb48b45d27afaa8a098432,True,1
train,324,1123,1358,4a9539fdec47cde847ccb8c1188d81c4e4b7444a89a41f2d09f8ba2b0f61e6d4,True,1,4488,4487,4a9539fdec47cde847ccb8c1188d81c4e4b7444a89a41f2d09f8ba2b0f61e6d4,4a9539fdec47cde847ccb8c1188d81c4e4b7444a89a41f2d09f8ba2b0f61e6d4,True,1
train,325,1128,1441,5d056a9cb61964bed6b3701844de92ca35457a9e55027faaad8a817ff1a9c982,True,1,4488,4487,5d056a9cb61964bed6b3701844de92ca35457a9e55027faaad8a817ff1a9c982,5d056a9cb61964bed6b3701844de92ca35457a9e55027faaad8a817ff1a9c982,True,1
train,326,1129,1518,70610c0400d6e06da0756c1e9b55dfd1c236a8fa86786c228075cf6dd82bfc7d,True,1,4488,4487,70610c0400d6e06da0756c1e9b55dfd1c236a8fa86786c228075cf6dd82bfc7d,70610c0400d6e06da0756c1e9b55dfd1c236a8fa86786c228075cf6dd82bfc7d,True,1
train,327,1131,1224,993ed4b08ec915fed3560b2b7be71d3da14be3513a294b220ec6686a4708abdc,True,1,4488,4487,993ed4b08ec915fed3560b2b7be71d3da14be3513a294b220ec6686a4708abdc,993ed4b08ec915fed3560b2b7be71d3da14be3513a294b220ec6686a4708abdc,True,1
train,328,1154,1715,9c3e1448b9c7d6f8d15c735d403e0cc4f5e6780cf3ba5b628921840267889a68,True,1,4488,4487,9c3e1448b9c7d6f8d15c735d403e0cc4f5e6780cf3ba5b628921840267889a68,9c3e1448b9c7d6f8d15c735d403e0cc4f5e6780cf3ba5b628921840267889a68,True,1
train,329,1169,1358,13e95f72a76f16e8b6512c98859d5baebd1ad8e849ca9d2037d35aecc4bb0e9f,True,1,4488,4487,13e95f72a76f16e8b6512c98859d5baebd1ad8e849ca9d2037d35aecc4bb0e9f,13e95f72a76f16e8b6512c98859d5baebd1ad8e849ca9d2037d35aecc4bb0e9f,True,1
train,330,1192,1621,9dea00a8a01f355b42500fca6ad192262d8ed7c8986db81fa87d796b6d502e34,True,1,4488,4487,9dea00a8a01f355b42500fca6ad192262d8ed7c8986db81fa87d796b6d502e34,9dea00a8a01f355b42500fca6ad192262d8ed7c8986db81fa87d796b6d502e34,True,1
train,331,1202,2336,829c0d9de9d812efa9afc5525f15112b9a9215dc385e146b516c43ef63c3148b,True,1,4488,4487,829c0d9de9d812efa9afc5525f15112b9a9215dc385e146b516c43ef63c3148b,829c0d9de9d812efa9afc5525f15112b9a9215dc385e146b516c43ef63c3148b,True,1
train,332,1210,1648,e2489884eb27e6d4891eb16946a60086101dd9eb3a2bd47c74a819a3f5166b7f,True,1,4488,4487,e2489884eb27e6d4891eb16946a60086101dd9eb3a2bd47c74a819a3f5166b7f,e2489884eb27e6d4891eb16946a60086101dd9eb3a2bd47c74a819a3f5166b7f,True,1
train,333,1214,1745,71ae20efb5b997fe21bd53d0b9f82b7683725893c61edceb2c51530215785fb1,True,1,4488,4487,71ae20efb5b997fe21bd53d0b9f82b7683725893c61edceb2c51530215785fb1,71ae20efb5b997fe21bd53d0b9f82b7683725893c61edceb2c51530215785fb1,True,1
train,334,1224,1851,8b0f649cc1b0c2a3d737439c09d08219efec1f52c357fd5407ab3919589522a8,True,1,4488,4487,8b0f649cc1b0c2a3d737439c09d08219efec1f52c357fd5407ab3919589522a8,8b0f649cc1b0c2a3d737439c09d08219efec1f52c357fd5407ab3919589522a8,True,1
train,335,1224,2151,c3803a9709cfa1756f7627bbea9748c51e1d61584c1cb0650d33ea2e56e7d6fc,True,1,4488,4487,c3803a9709cfa1756f7627bbea9748c51e1d61584c1cb0650d33ea2e56e7d6fc,c3803a9709cfa1756f7627bbea9748c51e1d61584c1cb0650d33ea2e56e7d6fc,True,1
train,336,1229,1506,81c5cdb319c40bcb8f77ace9494ec57459e5e3fb9f5e042e24e687f7c9888eb5,True,1,4488,4487,81c5cdb319c40bcb8f77ace9494ec57459e5e3fb9f5e042e24e687f7c9888eb5,81c5cdb319c40bcb8f77ace9494ec57459e5e3fb9f5e042e24e687f7c9888eb5,True,1
train,337,1234,1702,3b7c2bd46bc4e4c3f7542e22026f3f19ed629016905fd7ef66578a8a27799a29,True,1,4488,4487,3b7c2bd46bc4e4c3f7542e22026f3f19ed629016905fd7ef66578a8a27799a29,3b7c2bd46bc4e4c3f7542e22026f3f19ed629016905fd7ef66578a8a27799a29,True,1
train,338,1237,1958,f0e519af80feb0d9ce7b94b289d9b64ea4f5f9142711133990d3524ce4b32e12,True,1,4488,4487,f0e519af80feb0d9ce7b94b289d9b64ea4f5f9142711133990d3524ce4b32e12,f0e519af80feb0d9ce7b94b289d9b64ea4f5f9142711133990d3524ce4b32e12,True,1
train,339,1239,2027,bb463ef97e2fa8e199a8b9266cb6ad26a2bb6a06c1df77a61c50264205421b9c,True,1,4488,4487,bb463ef97e2fa8e199a8b9266cb6ad26a2bb6a06c1df77a61c50264205421b9c,bb463ef97e2fa8e199a8b9266cb6ad26a2bb6a06c1df77a61c50264205421b9c,True,1
train,340,1247,1679,f5240f3e8a8123673f0f7088bc1f63d6c8f710fa87d617654c5e5b8bcc9655dd,True,1,4488,4487,f5240f3e8a8123673f0f7088bc1f63d6c8f710fa87d617654c5e5b8bcc9655dd,f5240f3e8a8123673f0f7088bc1f63d6c8f710fa87d617654c5e5b8bcc9655dd,True,1
train,341,1272,1945,3373a560350fbdc8553cc386b088a454681e63dc9ce34e467a1895b27f07a649,True,1,4488,4487,3373a560350fbdc8553cc386b088a454681e63dc9ce34e467a1895b27f07a649,3373a560350fbdc8553cc386b088a454681e63dc9ce34e467a1895b27f07a649,True,1
train,342,1272,1947,296705f716ccc6f5c4fc52fe313d15332eb00348b7fd779b145d3de6241d69a3,True,1,4488,4487,296705f716ccc6f5c4fc52fe313d15332eb00348b7fd779b145d3de6241d69a3,296705f716ccc6f5c4fc52fe313d15332eb00348b7fd779b145d3de6241d69a3,True,1
train,343,1278,2268,c5dd7cc58f9cb5df3aef87eaa57e50f96680bf3a9efb5d1c96fda47d39389415,True,1,4488,4487,c5dd7cc58f9cb5df3aef87eaa57e50f96680bf3a9efb5d1c96fda47d39389415,c5dd7cc58f9cb5df3aef87eaa57e50f96680bf3a9efb5d1c96fda47d39389415,True,1
train,344,1278,2306,e60eb788159ba0729c1c9f4d338f4a24512410610db7f658ace00cc4ad6ecbd9,True,1,4488,4487,e60eb788159ba0729c1c9f4d338f4a24512410610db7f658ace00cc4ad6ecbd9,e60eb788159ba0729c1c9f4d338f4a24512410610db7f658ace00cc4ad6ecbd9,True,1
train,345,1280,2612,4714d1fb44cdfe4833167720f9d511764903e33b3dd8631fad116a9b1abf45e1,True,1,4488,4487,4714d1fb44cdfe4833167720f9d511764903e33b3dd8631fad116a9b1abf45e1,4714d1fb44cdfe4833167720f9d511764903e33b3dd8631fad116a9b1abf45e1,True,1
train,346,1288,1309,1c33e8f1147d50d9f8f2206175b8913943638b905a6c7316f69793f4c67aecc9,True,1,4488,4487,1c33e8f1147d50d9f8f2206175b8913943638b905a6c7316f69793f4c67aecc9,1c33e8f1147d50d9f8f2206175b8913943638b905a6c7316f69793f4c67aecc9,True,1
train,347,1296,1912,b11bf42395cd568a930332cf61801f6020e666c221fdbde2a7fca13bf581533c,True,1,4488,4487,b11bf42395cd568a930332cf61801f6020e666c221fdbde2a7fca13bf581533c,b11bf42395cd568a930332cf61801f6020e666c221fdbde2a7fca13bf581533c,True,1
train,348,1296,1913,7594bd7016c816dda6713718fa7a6d2b4a9cb97def29145cb9853cf40e54b6df,True,1,4488,4487,7594bd7016c816dda6713718fa7a6d2b4a9cb97def29145cb9853cf40e54b6df,7594bd7016c816dda6713718fa7a6d2b4a9cb97def29145cb9853cf40e54b6df,True,1
train,349,1309,1625,cacf02b59191bf0ad8cebe65fcf38bb952c5e3f70259f6d454c6c00e7e35de11,True,1,4488,4487,cacf02b59191bf0ad8cebe65fcf38bb952c5e3f70259f6d454c6c00e7e35de11,cacf02b59191bf0ad8cebe65fcf38bb952c5e3f70259f6d454c6c00e7e35de11,True,1
train,350,1309,1677,97e1e23f968f5f8984c1007647fb0c223acd039b8261f26bb839a9ff367532c7,True,1,4488,4487,97e1e23f968f5f8984c1007647fb0c223acd039b8261f26bb839a9ff367532c7,97e1e23f968f5f8984c1007647fb0c223acd039b8261f26bb839a9ff367532c7,True,1
train,351,1309,1882,bb6c71b7501b307018c205fa72b06b4416900cf0e61a17fb9146bd9b74f67b4a,True,1,4488,4487,bb6c71b7501b307018c205fa72b06b4416900cf0e61a17fb9146bd9b74f67b4a,bb6c71b7501b307018c205fa72b06b4416900cf0e61a17fb9146bd9b74f67b4a,True,1
train,352,1318,2662,0261ae67f628d761cc84922322d561dbf10d357e5b106da06d38bb7e42f05e76,True,1,4488,4487,0261ae67f628d761cc84922322d561dbf10d357e5b106da06d38bb7e42f05e76,0261ae67f628d761cc84922322d561dbf10d357e5b106da06d38bb7e42f05e76,True,1
train,353,1320,1491,ec8308c7db6948cb4d63076003a36a99d2f1714806c3faab75d58cac108dd4ed,True,1,4488,4487,ec8308c7db6948cb4d63076003a36a99d2f1714806c3faab75d58cac108dd4ed,ec8308c7db6948cb4d63076003a36a99d2f1714806c3faab75d58cac108dd4ed,True,1
train,354,1323,1701,6fcfdd59aaa53b8f811a16c911c4a5bb97e5627729699a9a68bb95d2db0d882f,True,1,4488,4487,6fcfdd59aaa53b8f811a16c911c4a5bb97e5627729699a9a68bb95d2db0d882f,6fcfdd59aaa53b8f811a16c911c4a5bb97e5627729699a9a68bb95d2db0d882f,True,1
train,355,1327,2161,2d66d53f4161ee2241f3a7e2495dc152dab24aa819299ba6d9e72e9d73cec632,True,1,4488,4487,2d66d53f4161ee2241f3a7e2495dc152dab24aa819299ba6d9e72e9d73cec632,2d66d53f4161ee2241f3a7e2495dc152dab24aa819299ba6d9e72e9d73cec632,True,1
train,356,1328,2160,dae0f5ac7a31dd3ed0915135b4805e85f9f325def9dca3ded37867d1d7dac9c5,True,1,4488,4487,dae0f5ac7a31dd3ed0915135b4805e85f9f325def9dca3ded37867d1d7dac9c5,dae0f5ac7a31dd3ed0915135b4805e85f9f325def9dca3ded37867d1d7dac9c5,True,1
train,357,1331,1810,9af2a3ea7a4c6f7e8d84e412ad25e2d70d6e216428fe4553bd675b4290d593bb,True,1,4488,4487,9af2a3ea7a4c6f7e8d84e412ad25e2d70d6e216428fe4553bd675b4290d593bb,9af2a3ea7a4c6f7e8d84e412ad25e2d70d6e216428fe4553bd675b4290d593bb,True,1
train,358,1333,1973,0907242936691af88bb43177b4d2a51ccd64b7f838674fa1c02bb8d0f241819f,True,1,4488,4487,0907242936691af88bb43177b4d2a51ccd64b7f838674fa1c02bb8d0f241819f,0907242936691af88bb43177b4d2a51ccd64b7f838674fa1c02bb8d0f241819f,True,1
train,359,1337,2045,6415abf4386d1f075869529dc10654c3c98bbf50ae791c22b558145a457ef5ed,True,1,4488,4487,6415abf4386d1f075869529dc10654c3c98bbf50ae791c22b558145a457ef5ed,6415abf4386d1f075869529dc10654c3c98bbf50ae791c22b558145a457ef5ed,True,1
train,360,1339,1358,3f4e3fe50103008b700e4ac45d6dd04c70dcf4eeddf771ef6d4d675940e6bff9,True,1,4488,4487,3f4e3fe50103008b700e4ac45d6dd04c70dcf4eeddf771ef6d4d675940e6bff9,3f4e3fe50103008b700e4ac45d6dd04c70dcf4eeddf771ef6d4d675940e6bff9,True,1
train,361,1340,1943,16ee9dbf3888b64bdf66f3d016664eeb06ed9ea7dab49d6f611f91224147a59b,True,1,4488,4487,16ee9dbf3888b64bdf66f3d016664eeb06ed9ea7dab49d6f611f91224147a59b,16ee9dbf3888b64bdf66f3d016664eeb06ed9ea7dab49d6f611f91224147a59b,True,1
train,362,1343,1645,5d955d0886c22a4f1e171d69fd4a7c4fca69fb8f69dd0a17d5ef0a5f39113081,True,1,4488,4487,5d955d0886c22a4f1e171d69fd4a7c4fca69fb8f69dd0a17d5ef0a5f39113081,5d955d0886c22a4f1e171d69fd4a7c4fca69fb8f69dd0a17d5ef0a5f39113081,True,1
train,363,1351,1972,48ce9233701e3d0f1ef8776c72d10ee824468b61ed0e8dc801b1a1efa34a7db4,True,1,4488,4487,48ce9233701e3d0f1ef8776c72d10ee824468b61ed0e8dc801b1a1efa34a7db4,48ce9233701e3d0f1ef8776c72d10ee824468b61ed0e8dc801b1a1efa34a7db4,True,1
train,364,1358,1384,07ce54e6cd57e14ad697744ed9b6c299cdd3522719ba8c78769481cfa93a2c1e,True,1,4488,4487,07ce54e6cd57e14ad697744ed9b6c299cdd3522719ba8c78769481cfa93a2c1e,07ce54e6cd57e14ad697744ed9b6c299cdd3522719ba8c78769481cfa93a2c1e,True,1
train,365,1358,1480,18962093e13cf71454c84b780f40c594f5f1bd00dbcc1ae221be9e9997b202c3,True,1,4488,4487,18962093e13cf71454c84b780f40c594f5f1bd00dbcc1ae221be9e9997b202c3,18962093e13cf71454c84b780f40c594f5f1bd00dbcc1ae221be9e9997b202c3,True,1
train,366,1358,1599,4f90e75f2c4ce40b9a65f54e02d1bd9b7e0d5809df86dad32a2e98786e0976ce,True,1,4488,4487,4f90e75f2c4ce40b9a65f54e02d1bd9b7e0d5809df86dad32a2e98786e0976ce,4f90e75f2c4ce40b9a65f54e02d1bd9b7e0d5809df86dad32a2e98786e0976ce,True,1
train,367,1358,1716,c177cd0ab0d2b01592da98d1711100113cffe3499857086b1bbfe384f8d900e5,True,1,4488,4487,c177cd0ab0d2b01592da98d1711100113cffe3499857086b1bbfe384f8d900e5,c177cd0ab0d2b01592da98d1711100113cffe3499857086b1bbfe384f8d900e5,True,1
train,368,1358,1717,6328bd0802ed478e5261522519f6fbf2e3e1506aabc06cb66ecf04e6c505ee01,True,1,4488,4487,6328bd0802ed478e5261522519f6fbf2e3e1506aabc06cb66ecf04e6c505ee01,6328bd0802ed478e5261522519f6fbf2e3e1506aabc06cb66ecf04e6c505ee01,True,1
train,369,1358,1725,ff9fd889d482d5e311fa379fa54e9d765044e7916927c59c46ac3914b79c43eb,True,1,4488,4487,ff9fd889d482d5e311fa379fa54e9d765044e7916927c59c46ac3914b79c43eb,ff9fd889d482d5e311fa379fa54e9d765044e7916927c59c46ac3914b79c43eb,True,1
train,370,1358,1727,d412d2bb6014a574d1ac52225865052a267852c35ff89de1be548383c37be602,True,1,4488,4487,d412d2bb6014a574d1ac52225865052a267852c35ff89de1be548383c37be602,d412d2bb6014a574d1ac52225865052a267852c35ff89de1be548383c37be602,True,1
train,371,1358,1728,1c2c0b14dd245e06e913470100515173685f03987102216dd54014e202f096b2,True,1,4488,4487,1c2c0b14dd245e06e913470100515173685f03987102216dd54014e202f096b2,1c2c0b14dd245e06e913470100515173685f03987102216dd54014e202f096b2,True,1
train,372,1358,1730,1111074b6a3eda3705e6614ba368d9c5d306f18790434bd1e69392399f030ff0,True,1,4488,4487,1111074b6a3eda3705e6614ba368d9c5d306f18790434bd1e69392399f030ff0,1111074b6a3eda3705e6614ba368d9c5d306f18790434bd1e69392399f030ff0,True,1
train,373,1358,1747,b5719550bf044b62f73ca3914a6764ad0dee466579739ae63aeabc05b13c1ca1,True,1,4488,4487,b5719550bf044b62f73ca3914a6764ad0dee466579739ae63aeabc05b13c1ca1,b5719550bf044b62f73ca3914a6764ad0dee466579739ae63aeabc05b13c1ca1,True,1
train,374,1367,1778,3e151f7b3546df2c95cf775e3f829e1bf1b19a347c2e9752ea5094250e65cece,True,1,4488,4487,3e151f7b3546df2c95cf775e3f829e1bf1b19a347c2e9752ea5094250e65cece,3e151f7b3546df2c95cf775e3f829e1bf1b19a347c2e9752ea5094250e65cece,True,1
train,375,1370,1975,6d652ccf111bde6c24897bb8027d60a47331d86559e4ac10be502ab0869364cc,True,1,4488,4487,6d652ccf111bde6c24897bb8027d60a47331d86559e4ac10be502ab0869364cc,6d652ccf111bde6c24897bb8027d60a47331d86559e4ac10be502ab0869364cc,True,1
train,376,1377,2388,4fff28301476d06ad6eaf768adead863a716f683a6288d513267ea91a7993d4f,True,1,4488,4487,4fff28301476d06ad6eaf768adead863a716f683a6288d513267ea91a7993d4f,4fff28301476d06ad6eaf768adead863a716f683a6288d513267ea91a7993d4f,True,1
train,377,1379,1380,581e5b3b5a6caf81f9ab0107fe371ba86535437f8c1729387248b2fb8f42a2d3,True,1,4488,4487,581e5b3b5a6caf81f9ab0107fe371ba86535437f8c1729387248b2fb8f42a2d3,581e5b3b5a6caf81f9ab0107fe371ba86535437f8c1729387248b2fb8f42a2d3,True,1
train,378,1392,2212,ec65d2c6fd300b132fed68bdfe3b10ad2769927d12322cd0ebfa47047f1c0bd1,True,1,4488,4487,ec65d2c6fd300b132fed68bdfe3b10ad2769927d12322cd0ebfa47047f1c0bd1,ec65d2c6fd300b132fed68bdfe3b10ad2769927d12322cd0ebfa47047f1c0bd1,True,1
train,379,1399,2309,3aa077e3ae3eed1c8d59e0eb3dba4677978f2ccfc54c1bc9b444511b3f07782d,True,1,4488,4487,3aa077e3ae3eed1c8d59e0eb3dba4677978f2ccfc54c1bc9b444511b3f07782d,3aa077e3ae3eed1c8d59e0eb3dba4677978f2ccfc54c1bc9b444511b3f07782d,True,1
train,380,1402,1616,5e4e07062d0c4e9722e3650b0cab9ea879de533e9f129a042d2015ef1ef8db7c,True,1,4488,4487,5e4e07062d0c4e9722e3650b0cab9ea879de533e9f129a042d2015ef1ef8db7c,5e4e07062d0c4e9722e3650b0cab9ea879de533e9f129a042d2015ef1ef8db7c,True,1
train,381,1405,1894,630d0c88b54228eb2f85d64a3cb447e2942c44a0b5d21d79d2509dd51e840fd8,True,1,4488,4487,630d0c88b54228eb2f85d64a3cb447e2942c44a0b5d21d79d2509dd51e840fd8,630d0c88b54228eb2f85d64a3cb447e2942c44a0b5d21d79d2509dd51e840fd8,True,1
train,382,1412,1483,b5a2f9f94f98135c33f8074b721834c576726d06f48d09478674a3eb9a298577,True,1,4488,4487,b5a2f9f94f98135c33f8074b721834c576726d06f48d09478674a3eb9a298577,b5a2f9f94f98135c33f8074b721834c576726d06f48d09478674a3eb9a298577,True,1
train,383,1416,1602,3767e8376d515f2ebf1525087b6771c8ad1fd39ce290e84dfe8dc307e3bb73da,True,1,4488,4487,3767e8376d515f2ebf1525087b6771c8ad1fd39ce290e84dfe8dc307e3bb73da,3767e8376d515f2ebf1525087b6771c8ad1fd39ce290e84dfe8dc307e3bb73da,True,1
train,384,1428,1429,04861868d983cd8d71543a4b0c99d4c4af2e242bebf7b22fa20ca5d333e4b659,True,1,4488,4487,04861868d983cd8d71543a4b0c99d4c4af2e242bebf7b22fa20ca5d333e4b659,04861868d983cd8d71543a4b0c99d4c4af2e242bebf7b22fa20ca5d333e4b659,True,1
train,385,1428,1534,d528563bba4627f67d1437c352013d3daf3e9280d9d70b58c914705552cec6d2,True,1,4488,4487,d528563bba4627f67d1437c352013d3daf3e9280d9d70b58c914705552cec6d2,d528563bba4627f67d1437c352013d3daf3e9280d9d70b58c914705552cec6d2,True,1
train,386,1429,1534,6b9c5c74e7b68b884747c4e71f30841b7d6565893293f1c2a7f6e45dd0e746b3,True,1,4488,4487,6b9c5c74e7b68b884747c4e71f30841b7d6565893293f1c2a7f6e45dd0e746b3,6b9c5c74e7b68b884747c4e71f30841b7d6565893293f1c2a7f6e45dd0e746b3,True,1
train,387,1438,2664,36a84f4d84b4ac32b97cebcb25c7b7767cb0c4802380a56eaf5293fd15a7f6d7,True,1,4488,4487,36a84f4d84b4ac32b97cebcb25c7b7767cb0c4802380a56eaf5293fd15a7f6d7,36a84f4d84b4ac32b97cebcb25c7b7767cb0c4802380a56eaf5293fd15a7f6d7,True,1
train,388,1441,1707,24415f165960a23d15acf06980d556a6fb424275577733f9a175ce13ae32fd1e,True,1,4488,4487,24415f165960a23d15acf06980d556a6fb424275577733f9a175ce13ae32fd1e,24415f165960a23d15acf06980d556a6fb424275577733f9a175ce13ae32fd1e,True,1
train,389,1445,1446,017e553e09b0ae3d7b2371119d4ded507654f21e7d84d3a4d980bd4ca055ebb5,True,1,4488,4487,017e553e09b0ae3d7b2371119d4ded507654f21e7d84d3a4d980bd4ca055ebb5,017e553e09b0ae3d7b2371119d4ded507654f21e7d84d3a4d980bd4ca055ebb5,True,1
train,390,1459,2080,82137b101dc7612e380c0a1b842efecf87d5b3091aa50b0670e90daf67d43b61,True,1,4488,4487,82137b101dc7612e380c0a1b842efecf87d5b3091aa50b0670e90daf67d43b61,82137b101dc7612e380c0a1b842efecf87d5b3091aa50b0670e90daf67d43b61,True,1
train,391,1462,1611,edee032f803bc9c13eab17434a9e18fb4ecdeb75e43db2f736429e630ac8ccbb,True,1,4488,4487,edee032f803bc9c13eab17434a9e18fb4ecdeb75e43db2f736429e630ac8ccbb,edee032f803bc9c13eab17434a9e18fb4ecdeb75e43db2f736429e630ac8ccbb,True,1
train,392,1469,2349,be4039572f9bcaac2cf549c1c59831e728a54af79f74b43f7c0a9c956090fdee,True,1,4488,4487,be4039572f9bcaac2cf549c1c59831e728a54af79f74b43f7c0a9c956090fdee,be4039572f9bcaac2cf549c1c59831e728a54af79f74b43f7c0a9c956090fdee,True,1
train,393,1474,1908,5d17bbf6492de0e057c5ef00172528be68ff39181bfc0ccc677e13b981981c75,True,1,4488,4487,5d17bbf6492de0e057c5ef00172528be68ff39181bfc0ccc677e13b981981c75,5d17bbf6492de0e057c5ef00172528be68ff39181bfc0ccc677e13b981981c75,True,1
train,394,1475,2469,87a74f7d55e518d09c498ec800f28f796a6084e66d2e33766719fb3676b4c298,True,1,4488,4487,87a74f7d55e518d09c498ec800f28f796a6084e66d2e33766719fb3676b4c298,87a74f7d55e518d09c498ec800f28f796a6084e66d2e33766719fb3676b4c298,True,1
train,395,1487,1849,37b8adfeec32da6b8d52df0e2552700bbc1074a78f24a72dc7b60f5fd3ae5a28,True,1,4488,4487,37b8adfeec32da6b8d52df0e2552700bbc1074a78f24a72dc7b60f5fd3ae5a28,37b8adfeec32da6b8d52df0e2552700bbc1074a78f24a72dc7b60f5fd3ae5a28,True,1
train,396,1487,2017,997c4ea576f5fedfac2be04f1d980b05a682dd25ac3cd559e008a071c4fe0e1c,True,1,4488,4487,997c4ea576f5fedfac2be04f1d980b05a682dd25ac3cd559e008a071c4fe0e1c,997c4ea576f5fedfac2be04f1d980b05a682dd25ac3cd559e008a071c4fe0e1c,True,1
train,397,1498,2025,0c3e09212a40a859684cbc7d2a1396d2f8a47662d6411672299e080a72773580,True,1,4488,4487,0c3e09212a40a859684cbc7d2a1396d2f8a47662d6411672299e080a72773580,0c3e09212a40a859684cbc7d2a1396d2f8a47662d6411672299e080a72773580,True,1
train,398,1505,1624,d29a906d1876e5bb4fd59eede4d43c2dea3691a2e144234c9d1e6bee31534808,True,1,4488,4487,d29a906d1876e5bb4fd59eede4d43c2dea3691a2e144234c9d1e6bee31534808,d29a906d1876e5bb4fd59eede4d43c2dea3691a2e144234c9d1e6bee31534808,True,1
train,399,1505,1699,c97a4b244e62993b5a600eeaa086f3230c57f8f0860f54c6fd4e6a00594a007e,True,1,4488,4487,c97a4b244e62993b5a600eeaa086f3230c57f8f0860f54c6fd4e6a00594a007e,c97a4b244e62993b5a600eeaa086f3230c57f8f0860f54c6fd4e6a00594a007e,True,1
train,400,1513,1830,61989a7bb1c27cc2b3d9ca279ded7c4ee66e9145b7b71825f2be2afe123ee583,True,1,4488,4487,61989a7bb1c27cc2b3d9ca279ded7c4ee66e9145b7b71825f2be2afe123ee583,61989a7bb1c27cc2b3d9ca279ded7c4ee66e9145b7b71825f2be2afe123ee583,True,1
train,401,1516,2612,99807e41ab02211d1503783de90fc2a1f02fadeeb59150240c288647e61165fc,True,1,4488,4487,99807e41ab02211d1503783de90fc2a1f02fadeeb59150240c288647e61165fc,99807e41ab02211d1503783de90fc2a1f02fadeeb59150240c288647e61165fc,True,1
train,402,1519,2108,a6c6682df1cee16f8c8bc80b719605719a6c0fb2e395040c976ff28035ff48b3,True,1,4488,4487,a6c6682df1cee16f8c8bc80b719605719a6c0fb2e395040c976ff28035ff48b3,a6c6682df1cee16f8c8bc80b719605719a6c0fb2e395040c976ff28035ff48b3,True,1
train,403,1525,1914,92b458e1bd447009d622404881b6bc70947ad0042acbe4e935673e1a971e4411,True,1,4488,4487,92b458e1bd447009d622404881b6bc70947ad0042acbe4e935673e1a971e4411,92b458e1bd447009d622404881b6bc70947ad0042acbe4e935673e1a971e4411,True,1
train,404,1525,1973,d3b82d4397a53ef89b91d5157764016862e33f88dd47617c73c64b5c24a9c46d,True,1,4488,4487,d3b82d4397a53ef89b91d5157764016862e33f88dd47617c73c64b5c24a9c46d,d3b82d4397a53ef89b91d5157764016862e33f88dd47617c73c64b5c24a9c46d,True,1
train,405,1526,2099,f1588c733c3342809a5ec925dd1582127cd00c082f857c99308cdf64464cfa93,True,1,4488,4487,f1588c733c3342809a5ec925dd1582127cd00c082f857c99308cdf64464cfa93,f1588c733c3342809a5ec925dd1582127cd00c082f857c99308cdf64464cfa93,True,1
train,406,1527,1668,dc7c278f9b806911f9a59a385570bc3a4c2602ab959704270b4337ba4a996acb,True,1,4488,4487,dc7c278f9b806911f9a59a385570bc3a4c2602ab959704270b4337ba4a996acb,dc7c278f9b806911f9a59a385570bc3a4c2602ab959704270b4337ba4a996acb,True,1
train,407,1538,1842,9683fbe2c665d11fc05375814d06771c75d4c42e634f3d40326fae47a0796274,True,1,4488,4487,9683fbe2c665d11fc05375814d06771c75d4c42e634f3d40326fae47a0796274,9683fbe2c665d11fc05375814d06771c75d4c42e634f3d40326fae47a0796274,True,1
train,408,1538,2185,bc2d5539852a0662b8c10328e684969eca77e933bfb020e8a26935ac51971de4,True,1,4488,4487,bc2d5539852a0662b8c10328e684969eca77e933bfb020e8a26935ac51971de4,bc2d5539852a0662b8c10328e684969eca77e933bfb020e8a26935ac51971de4,True,1
train,409,1540,1628,34aa361bc7cd6b23db5c70a9721a3d76f2fc4122a65f96858ef119362a1828b2,True,1,4488,4487,34aa361bc7cd6b23db5c70a9721a3d76f2fc4122a65f96858ef119362a1828b2,34aa361bc7cd6b23db5c70a9721a3d76f2fc4122a65f96858ef119362a1828b2,True,1
train,410,1542,1935,ab63cc4385cef9a12ad06addb3ca6fe50294646ccd41663347c14ee62a3f5cdf,True,1,4488,4487,ab63cc4385cef9a12ad06addb3ca6fe50294646ccd41663347c14ee62a3f5cdf,ab63cc4385cef9a12ad06addb3ca6fe50294646ccd41663347c14ee62a3f5cdf,True,1
train,411,1554,2686,535a890c44c5f4b8382249cee67795ada42245d49bbf5906024405486c4a7e3b,True,1,4488,4487,535a890c44c5f4b8382249cee67795ada42245d49bbf5906024405486c4a7e3b,535a890c44c5f4b8382249cee67795ada42245d49bbf5906024405486c4a7e3b,True,1
train,412,1557,2168,05caf8de57a9645b5450de66d17543cf449b2e5655a3f46ed6dace5cb5dca346,True,1,4488,4487,05caf8de57a9645b5450de66d17543cf449b2e5655a3f46ed6dace5cb5dca346,05caf8de57a9645b5450de66d17543cf449b2e5655a3f46ed6dace5cb5dca346,True,1
train,413,1564,1772,b87a655aeba732a23f8c008833c5b74c8b4924b9e561e09c096170388e34bf9f,True,1,4488,4487,b87a655aeba732a23f8c008833c5b74c8b4924b9e561e09c096170388e34bf9f,b87a655aeba732a23f8c008833c5b74c8b4924b9e561e09c096170388e34bf9f,True,1
train,414,1567,2500,5e35f9cdb9930dafb55966971da5344faec758da5ca850cd48993508d1b6859d,True,1,4488,4487,5e35f9cdb9930dafb55966971da5344faec758da5ca850cd48993508d1b6859d,5e35f9cdb9930dafb55966971da5344faec758da5ca850cd48993508d1b6859d,True,1
train,415,1573,2698,96956e4aebfc167b4c6f5f3d2d6aebf72aaa8470edfaa70b10433f5a2819f427,True,1,4488,4487,96956e4aebfc167b4c6f5f3d2d6aebf72aaa8470edfaa70b10433f5a2819f427,96956e4aebfc167b4c6f5f3d2d6aebf72aaa8470edfaa70b10433f5a2819f427,True,1
train,416,1578,2497,97ae73f9b2b30933bb8f8bb057ff287656f2a014d7b297b5820805644f36d484,True,1,4488,4487,97ae73f9b2b30933bb8f8bb057ff287656f2a014d7b297b5820805644f36d484,97ae73f9b2b30933bb8f8bb057ff287656f2a014d7b297b5820805644f36d484,True,1
train,417,1592,2071,e5d1b87cc63d99c0c29472bc8d52becc94ccd5f3bb27284ea180160e58e59ff0,True,1,4488,4487,e5d1b87cc63d99c0c29472bc8d52becc94ccd5f3bb27284ea180160e58e59ff0,e5d1b87cc63d99c0c29472bc8d52becc94ccd5f3bb27284ea180160e58e59ff0,True,1
train,418,1605,1950,bcab225c0173718f0ca5f762b612fb80f71be6b1b6e2fe397a28cc5c133563db,True,1,4488,4487,bcab225c0173718f0ca5f762b612fb80f71be6b1b6e2fe397a28cc5c133563db,bcab225c0173718f0ca5f762b612fb80f71be6b1b6e2fe397a28cc5c133563db,True,1
train,419,1608,2489,8887921e01ce2ce4bfc8cacf91ce95513d333ddc73e14eed9708c2713c611f01,True,1,4488,4487,8887921e01ce2ce4bfc8cacf91ce95513d333ddc73e14eed9708c2713c611f01,8887921e01ce2ce4bfc8cacf91ce95513d333ddc73e14eed9708c2713c611f01,True,1
train,420,1610,2557,02a4932a50dac2bb5248663376aeea7aa747c29fa65811d999f0bd66ef9863fb,True,1,4488,4487,02a4932a50dac2bb5248663376aeea7aa747c29fa65811d999f0bd66ef9863fb,02a4932a50dac2bb5248663376aeea7aa747c29fa65811d999f0bd66ef9863fb,True,1
train,421,1614,1671,8d82a20f133cc3d7c765bf18f042fae1f5daf22d0930d530e38903998f4f66f6,True,1,4488,4487,8d82a20f133cc3d7c765bf18f042fae1f5daf22d0930d530e38903998f4f66f6,8d82a20f133cc3d7c765bf18f042fae1f5daf22d0930d530e38903998f4f66f6,True,1
train,422,1623,1781,bb3f5fb5761e5736542933f82c2b4deb6e996cda25e4299e25f6e5a080646be6,True,1,4488,4487,bb3f5fb5761e5736542933f82c2b4deb6e996cda25e4299e25f6e5a080646be6,bb3f5fb5761e5736542933f82c2b4deb6e996cda25e4299e25f6e5a080646be6,True,1
train,423,1624,1777,f433de87f8645aea2d253ca42f5ce138e99794d4e6b52cbd673795ee9479ece1,True,1,4488,4487,f433de87f8645aea2d253ca42f5ce138e99794d4e6b52cbd673795ee9479ece1,f433de87f8645aea2d253ca42f5ce138e99794d4e6b52cbd673795ee9479ece1,True,1
train,424,1624,1778,c45cb84fdd548db9a46aa3f51665eda9e9b490cf58c57b69feb2a84012aeb938,True,1,4488,4487,c45cb84fdd548db9a46aa3f51665eda9e9b490cf58c57b69feb2a84012aeb938,c45cb84fdd548db9a46aa3f51665eda9e9b490cf58c57b69feb2a84012aeb938,True,1
train,425,1636,1701,a1dd0e7f0f6653331b119ac879ec773728d6419ce5a5f6525bbbd8987a3639e3,True,1,4488,4487,a1dd0e7f0f6653331b119ac879ec773728d6419ce5a5f6525bbbd8987a3639e3,a1dd0e7f0f6653331b119ac879ec773728d6419ce5a5f6525bbbd8987a3639e3,True,1
train,426,1642,2657,aebf72823e0cca63327071ab3a076c5af4322ea6884417a2bae77f4beec99939,True,1,4488,4487,aebf72823e0cca63327071ab3a076c5af4322ea6884417a2bae77f4beec99939,aebf72823e0cca63327071ab3a076c5af4322ea6884417a2bae77f4beec99939,True,1
train,427,1655,1842,222482295c8f38f1b3ec23ab13453e2854817b466d472d89160fa755e5505ffb,True,1,4488,4487,222482295c8f38f1b3ec23ab13453e2854817b466d472d89160fa755e5505ffb,222482295c8f38f1b3ec23ab13453e2854817b466d472d89160fa755e5505ffb,True,1
train,428,1655,1894,9eb6d6233a2245ff2bdcf290ae00a34293dbf471a7c38440ac30bd95d8d5ddfe,True,1,4488,4487,9eb6d6233a2245ff2bdcf290ae00a34293dbf471a7c38440ac30bd95d8d5ddfe,9eb6d6233a2245ff2bdcf290ae00a34293dbf471a7c38440ac30bd95d8d5ddfe,True,1
train,429,1655,2136,a6fc3f87d7c3ff1ba1e64dec7e358dc9a5ef454930cc046b4895dd14dbcd5e10,True,1,4488,4487,a6fc3f87d7c3ff1ba1e64dec7e358dc9a5ef454930cc046b4895dd14dbcd5e10,a6fc3f87d7c3ff1ba1e64dec7e358dc9a5ef454930cc046b4895dd14dbcd5e10,True,1
train,430,1661,1851,586a60af224782f5ad7816f879cd7cecb7903ede3ebd76d6f5130aefdb7a49f7,True,1,4488,4487,586a60af224782f5ad7816f879cd7cecb7903ede3ebd76d6f5130aefdb7a49f7,586a60af224782f5ad7816f879cd7cecb7903ede3ebd76d6f5130aefdb7a49f7,True,1
train,431,1669,1892,41ffc7da825ae4796eb6451e84021b134e4728f976272265c402b8cd6e2215bd,True,1,4488,4487,41ffc7da825ae4796eb6451e84021b134e4728f976272265c402b8cd6e2215bd,41ffc7da825ae4796eb6451e84021b134e4728f976272265c402b8cd6e2215bd,True,1
train,432,1676,1975,6dd2128115ab5a6d36fa5132c5eb499751d6a2b34a371066ba1d5252483e779b,True,1,4488,4487,6dd2128115ab5a6d36fa5132c5eb499751d6a2b34a371066ba1d5252483e779b,6dd2128115ab5a6d36fa5132c5eb499751d6a2b34a371066ba1d5252483e779b,True,1
train,433,1684,2513,b0175eb267e85796280e2371fee05dfc55f1c827e6e9efc774ade37694d7221f,True,1,4488,4487,b0175eb267e85796280e2371fee05dfc55f1c827e6e9efc774ade37694d7221f,b0175eb267e85796280e2371fee05dfc55f1c827e6e9efc774ade37694d7221f,True,1
train,434,1692,2187,6acd72a12a6dd6a44e1571c9a96a201c5c5725e3c745ceb7d66fe0076ac3fff0,True,1,4488,4487,6acd72a12a6dd6a44e1571c9a96a201c5c5725e3c745ceb7d66fe0076ac3fff0,6acd72a12a6dd6a44e1571c9a96a201c5c5725e3c745ceb7d66fe0076ac3fff0,True,1
train,435,1701,1857,f37e116ebf0ca6e0d773755e2c8d266c508f9061cc2f04364beac62780757350,True,1,4488,4487,f37e116ebf0ca6e0d773755e2c8d266c508f9061cc2f04364beac62780757350,f37e116ebf0ca6e0d773755e2c8d266c508f9061cc2f04364beac62780757350,True,1
train,436,1701,1859,295f86068fce79f505bfe41fef8eecdd65a344be79f579b3b736ff2e23ff8e41,True,1,4488,4487,295f86068fce79f505bfe41fef8eecdd65a344be79f579b3b736ff2e23ff8e41,295f86068fce79f505bfe41fef8eecdd65a344be79f579b3b736ff2e23ff8e41,True,1
train,437,1702,2238,51f0b514b65d818b93844dc6776cbd90a2b72c76a99f51f9b5c4a111427d07bb,True,1,4488,4487,51f0b514b65d818b93844dc6776cbd90a2b72c76a99f51f9b5c4a111427d07bb,51f0b514b65d818b93844dc6776cbd90a2b72c76a99f51f9b5c4a111427d07bb,True,1
train,438,1705,2081,44373657fac6fdfe2753b3144c5dd4bd1c9b7dcf07bef661f6c2fed0bb4a64f7,True,1,4488,4487,44373657fac6fdfe2753b3144c5dd4bd1c9b7dcf07bef661f6c2fed0bb4a64f7,44373657fac6fdfe2753b3144c5dd4bd1c9b7dcf07bef661f6c2fed0bb4a64f7,True,1
train,439,1709,1738,4514a07658cc4db684fb29ce6ea2c9b88047595263a7ff87966e424641c972b5,True,1,4488,4487,4514a07658cc4db684fb29ce6ea2c9b88047595263a7ff87966e424641c972b5,4514a07658cc4db684fb29ce6ea2c9b88047595263a7ff87966e424641c972b5,True,1
train,440,1712,2446,5015a636021346ecc8fbf21db76b158e9ccc277124b423eddddbae8bf8e64238,True,1,4488,4487,5015a636021346ecc8fbf21db76b158e9ccc277124b423eddddbae8bf8e64238,5015a636021346ecc8fbf21db76b158e9ccc277124b423eddddbae8bf8e64238,True,1
train,441,1716,2446,8dff1d255654d0169be1cfb1c776d8eb4ab1bdf41cbfb24a953b8882a4c72c82,True,1,4488,4487,8dff1d255654d0169be1cfb1c776d8eb4ab1bdf41cbfb24a953b8882a4c72c82,8dff1d255654d0169be1cfb1c776d8eb4ab1bdf41cbfb24a953b8882a4c72c82,True,1
train,442,1725,1734,56b1b6b8075c6d6367641669615487b7f6454be80017e10e428df76da6650a9d,True,1,4488,4487,56b1b6b8075c6d6367641669615487b7f6454be80017e10e428df76da6650a9d,56b1b6b8075c6d6367641669615487b7f6454be80017e10e428df76da6650a9d,True,1
train,443,1725,2596,52bd81946b8e67c53a9eda45cdf25fff8f7efe6fc88472c229de85292ea34687,True,1,4488,4487,52bd81946b8e67c53a9eda45cdf25fff8f7efe6fc88472c229de85292ea34687,52bd81946b8e67c53a9eda45cdf25fff8f7efe6fc88472c229de85292ea34687,True,1
train,444,1726,2168,b8233fe4d4313386d82c53f1277b82a6452fea716a7121d51c170b17cd7e6895,True,1,4488,4487,b8233fe4d4313386d82c53f1277b82a6452fea716a7121d51c170b17cd7e6895,b8233fe4d4313386d82c53f1277b82a6452fea716a7121d51c170b17cd7e6895,True,1
train,445,1728,2257,273175aeffdef3db2ff206d80a9ced222821e30ff01a39c2ee8b475d7c87b758,True,1,4488,4487,273175aeffdef3db2ff206d80a9ced222821e30ff01a39c2ee8b475d7c87b758,273175aeffdef3db2ff206d80a9ced222821e30ff01a39c2ee8b475d7c87b758,True,1
train,446,1728,2599,9ee8fbd5cc257254d382ae84e40277701e9fb7ce5fc0169d9153d8648cb338be,True,1,4488,4487,9ee8fbd5cc257254d382ae84e40277701e9fb7ce5fc0169d9153d8648cb338be,9ee8fbd5cc257254d382ae84e40277701e9fb7ce5fc0169d9153d8648cb338be,True,1
train,447,1739,2221,adc968b6ae087370336c5acb70a517b749d785700a58e8b6942b9f415c0d120a,True,1,4488,4487,adc968b6ae087370336c5acb70a517b749d785700a58e8b6942b9f415c0d120a,adc968b6ae087370336c5acb70a517b749d785700a58e8b6942b9f415c0d120a,True,1
train,448,1741,2593,94e400bd677f1e67c6f26b9d54a4e954cf6b77548eecf555a09db4d4cc4a61d3,True,1,4488,4487,94e400bd677f1e67c6f26b9d54a4e954cf6b77548eecf555a09db4d4cc4a61d3,94e400bd677f1e67c6f26b9d54a4e954cf6b77548eecf555a09db4d4cc4a61d3,True,1
train,449,1742,1749,bf8d0e93fc6eb867222c3b3237e5c397b32c80c5e4f12ed5201cc17adcd79515,True,1,4488,4487,bf8d0e93fc6eb867222c3b3237e5c397b32c80c5e4f12ed5201cc17adcd79515,bf8d0e93fc6eb867222c3b3237e5c397b32c80c5e4f12ed5201cc17adcd79515,True,1
train,450,1779,2318,d44de6d804d66d9d3679bcbd8174510185efdf9a1970e9931dfbd3f419c4f79f,True,1,4488,4487,d44de6d804d66d9d3679bcbd8174510185efdf9a1970e9931dfbd3f419c4f79f,d44de6d804d66d9d3679bcbd8174510185efdf9a1970e9931dfbd3f419c4f79f,True,1
train,451,1782,2326,b15340addfee1a2b4a8ad555173186e2dd04c9c27a0919539fa06a2cc5c0768d,True,1,4488,4487,b15340addfee1a2b4a8ad555173186e2dd04c9c27a0919539fa06a2cc5c0768d,b15340addfee1a2b4a8ad555173186e2dd04c9c27a0919539fa06a2cc5c0768d,True,1
train,452,1784,2045,38e844f096ac5fd2d33df25942666f9014dfd624a1c0e6b19e9108d2f09f617f,True,1,4488,4487,38e844f096ac5fd2d33df25942666f9014dfd624a1c0e6b19e9108d2f09f617f,38e844f096ac5fd2d33df25942666f9014dfd624a1c0e6b19e9108d2f09f617f,True,1
train,453,1797,2088,a75989f85bc3f74973a907e8df975d95652167733ff9dab045aa7e7e730cda3d,True,1,4488,4487,a75989f85bc3f74973a907e8df975d95652167733ff9dab045aa7e7e730cda3d,a75989f85bc3f74973a907e8df975d95652167733ff9dab045aa7e7e730cda3d,True,1
train,454,1808,1810,d36508facbd46e00be0f769cba7382b6d4f702042e544d8dda1f408ad824a9f0,True,1,4488,4487,d36508facbd46e00be0f769cba7382b6d4f702042e544d8dda1f408ad824a9f0,d36508facbd46e00be0f769cba7382b6d4f702042e544d8dda1f408ad824a9f0,True,1
train,455,1810,1814,49050f015c27153a403c5cc6ec740689ce443d98e256d00ba8b1292115e6e1bc,True,1,4488,4487,49050f015c27153a403c5cc6ec740689ce443d98e256d00ba8b1292115e6e1bc,49050f015c27153a403c5cc6ec740689ce443d98e256d00ba8b1292115e6e1bc,True,1
train,456,1812,2034,4e2c9e48155e7e8b0bc0d3e3f922b382d20b2815888048bce6a75aca31961860,True,1,4488,4487,4e2c9e48155e7e8b0bc0d3e3f922b382d20b2815888048bce6a75aca31961860,4e2c9e48155e7e8b0bc0d3e3f922b382d20b2815888048bce6a75aca31961860,True,1
train,457,1820,1873,865d6f4986738dda26f36ac3c8a172b59f4d9d2a3dc15dbc4970dc76cb9217d9,True,1,4488,4487,865d6f4986738dda26f36ac3c8a172b59f4d9d2a3dc15dbc4970dc76cb9217d9,865d6f4986738dda26f36ac3c8a172b59f4d9d2a3dc15dbc4970dc76cb9217d9,True,1
train,458,1830,2045,ce0b06967c0f710d8bf6bcd6aa4ce37aa1138084cad052eb7cb4aa3152c6e069,True,1,4488,4487,ce0b06967c0f710d8bf6bcd6aa4ce37aa1138084cad052eb7cb4aa3152c6e069,ce0b06967c0f710d8bf6bcd6aa4ce37aa1138084cad052eb7cb4aa3152c6e069,True,1
train,459,1884,1885,56fb4a015a32b447ae7dd47dc722fd21c5594a3ff68e484b058559eb11758663,True,1,4488,4487,56fb4a015a32b447ae7dd47dc722fd21c5594a3ff68e484b058559eb11758663,56fb4a015a32b447ae7dd47dc722fd21c5594a3ff68e484b058559eb11758663,True,1
train,460,1891,2130,2c110560934817176c6ebbc866a68e9d2d65ea8376b10de11465922abe0f2fcd,True,1,4488,4487,2c110560934817176c6ebbc866a68e9d2d65ea8376b10de11465922abe0f2fcd,2c110560934817176c6ebbc866a68e9d2d65ea8376b10de11465922abe0f2fcd,True,1
train,461,1896,1897,a2ea2f3853665a7de9408bcf2b348d55b82a9feae506e4a1b330e61f28773105,True,1,4488,4487,a2ea2f3853665a7de9408bcf2b348d55b82a9feae506e4a1b330e61f28773105,a2ea2f3853665a7de9408bcf2b348d55b82a9feae506e4a1b330e61f28773105,True,1
train,462,1899,2491,87f047903789a401a23963d3b44929b8618d3e159ded8c24c12a0dfb137f4f90,True,1,4488,4487,87f047903789a401a23963d3b44929b8618d3e159ded8c24c12a0dfb137f4f90,87f047903789a401a23963d3b44929b8618d3e159ded8c24c12a0dfb137f4f90,True,1
train,463,1902,1904,7d6426b8d2cd08c4270a9580e21711f9a2ff9e24cb1fd6310543c13c65ea1eac,True,1,4488,4487,7d6426b8d2cd08c4270a9580e21711f9a2ff9e24cb1fd6310543c13c65ea1eac,7d6426b8d2cd08c4270a9580e21711f9a2ff9e24cb1fd6310543c13c65ea1eac,True,1
train,464,1914,2388,aeb1a5015fc7b3cee4ac85fad100dffe9a3b8dea083477ac90bde0c2b66a6c6a,True,1,4488,4487,aeb1a5015fc7b3cee4ac85fad100dffe9a3b8dea083477ac90bde0c2b66a6c6a,aeb1a5015fc7b3cee4ac85fad100dffe9a3b8dea083477ac90bde0c2b66a6c6a,True,1
train,465,1932,1936,e76b7747b3c8507e6dcfa6f09b504b54d45dacbdf3d52f164d6bf013d33b8780,True,1,4488,4487,e76b7747b3c8507e6dcfa6f09b504b54d45dacbdf3d52f164d6bf013d33b8780,e76b7747b3c8507e6dcfa6f09b504b54d45dacbdf3d52f164d6bf013d33b8780,True,1
train,466,1945,1946,16cb050010720f3868ed30614ff2c08af88925a02bdc29028b76f44e414d8254,True,1,4488,4487,16cb050010720f3868ed30614ff2c08af88925a02bdc29028b76f44e414d8254,16cb050010720f3868ed30614ff2c08af88925a02bdc29028b76f44e414d8254,True,1
train,467,1964,1965,e5a902f28f8f4172972d9365acc858496c28036e587bb9b716454e2d65458d96,True,1,4488,4487,e5a902f28f8f4172972d9365acc858496c28036e587bb9b716454e2d65458d96,e5a902f28f8f4172972d9365acc858496c28036e587bb9b716454e2d65458d96,True,1
train,468,1975,2109,0e0d96332a02f086b83b91bb90da73ed0f154a191d89eb1af1a0e3805e6bf205,True,1,4488,4487,0e0d96332a02f086b83b91bb90da73ed0f154a191d89eb1af1a0e3805e6bf205,0e0d96332a02f086b83b91bb90da73ed0f154a191d89eb1af1a0e3805e6bf205,True,1
train,469,1975,2110,e4ea6bf2de593739e04ab356575804e6de9ad9197b7c645c6eef372562a3583d,True,1,4488,4487,e4ea6bf2de593739e04ab356575804e6de9ad9197b7c645c6eef372562a3583d,e4ea6bf2de593739e04ab356575804e6de9ad9197b7c645c6eef372562a3583d,True,1
train,470,1986,1988,4cd084ab5b27197a4fa5129a58b3216158d23d9e3c2ea5ae1ed80cb104d4b14f,True,1,4488,4487,4cd084ab5b27197a4fa5129a58b3216158d23d9e3c2ea5ae1ed80cb104d4b14f,4cd084ab5b27197a4fa5129a58b3216158d23d9e3c2ea5ae1ed80cb104d4b14f,True,1
train,471,1996,2064,6b4dd1e6366793ccae71cb70d51d113e97a69023cd65e757f88b1584c386983f,True,1,4488,4487,6b4dd1e6366793ccae71cb70d51d113e97a69023cd65e757f88b1584c386983f,6b4dd1e6366793ccae71cb70d51d113e97a69023cd65e757f88b1584c386983f,True,1
train,472,2001,2044,05c815e4fca30db564ebd5e7fe57e4f6ef6b1bd6d9c5bb394bb171878cbf8fe7,True,1,4488,4487,05c815e4fca30db564ebd5e7fe57e4f6ef6b1bd6d9c5bb394bb171878cbf8fe7,05c815e4fca30db564ebd5e7fe57e4f6ef6b1bd6d9c5bb394bb171878cbf8fe7,True,1
train,473,2001,2378,e48914c3ab86016bab83f705289c4abd9025303bb854bc63dea4ae2ea71e4c30,True,1,4488,4487,e48914c3ab86016bab83f705289c4abd9025303bb854bc63dea4ae2ea71e4c30,e48914c3ab86016bab83f705289c4abd9025303bb854bc63dea4ae2ea71e4c30,True,1
train,474,2025,2028,370a6fa94b2241c42ffa58c96125cf46f4caef229e5333023001bc0a7682b13e,True,1,4488,4487,370a6fa94b2241c42ffa58c96125cf46f4caef229e5333023001bc0a7682b13e,370a6fa94b2241c42ffa58c96125cf46f4caef229e5333023001bc0a7682b13e,True,1
train,475,2026,2045,945c5f88519fae2fa6478b510ee4795ac9f51d137fe583f095c55ee818551e58,True,1,4488,4487,945c5f88519fae2fa6478b510ee4795ac9f51d137fe583f095c55ee818551e58,945c5f88519fae2fa6478b510ee4795ac9f51d137fe583f095c55ee818551e58,True,1
train,476,2034,2041,80a363fd94f1947ebda0b99f55c99d9ecb86a00b28385a7473cb383800338db8,True,1,4488,4487,80a363fd94f1947ebda0b99f55c99d9ecb86a00b28385a7473cb383800338db8,80a363fd94f1947ebda0b99f55c99d9ecb86a00b28385a7473cb383800338db8,True,1
train,477,2045,2048,60a66661987bea77651539fd5d190adedecbb9c52ff828171c665d09e517717e,True,1,4488,4487,60a66661987bea77651539fd5d190adedecbb9c52ff828171c665d09e517717e,60a66661987bea77651539fd5d190adedecbb9c52ff828171c665d09e517717e,True,1
train,478,2054,2133,924d51d4f81eb32d3b74f802049ffb1795208850d1e229b267bc0cdbeb2d8eb6,True,1,4488,4487,924d51d4f81eb32d3b74f802049ffb1795208850d1e229b267bc0cdbeb2d8eb6,924d51d4f81eb32d3b74f802049ffb1795208850d1e229b267bc0cdbeb2d8eb6,True,1
train,479,2074,2181,d4160b268f187ab41567880e2a98bba33222d0de83c5b7a88cfaeb2fb2064574,True,1,4488,4487,d4160b268f187ab41567880e2a98bba33222d0de83c5b7a88cfaeb2fb2064574,d4160b268f187ab41567880e2a98bba33222d0de83c5b7a88cfaeb2fb2064574,True,1
train,480,2097,2098,6e79fd8a43b62ce3bff11540969dd58e60e286d0e75d62c80cb3791c887a3242,True,1,4488,4487,6e79fd8a43b62ce3bff11540969dd58e60e286d0e75d62c80cb3791c887a3242,6e79fd8a43b62ce3bff11540969dd58e60e286d0e75d62c80cb3791c887a3242,True,1
train,481,2099,2425,9854e6b289e715e97569bc5797074bef90d75a0bedeccb9e9c2e182931a1acc1,True,1,4488,4487,9854e6b289e715e97569bc5797074bef90d75a0bedeccb9e9c2e182931a1acc1,9854e6b289e715e97569bc5797074bef90d75a0bedeccb9e9c2e182931a1acc1,True,1
train,482,2114,2509,5bd6d3240b9f6d56b227447ff937b5b0422cdec62ca63881f1c00f9de9b43ebc,True,1,4488,4487,5bd6d3240b9f6d56b227447ff937b5b0422cdec62ca63881f1c00f9de9b43ebc,5bd6d3240b9f6d56b227447ff937b5b0422cdec62ca63881f1c00f9de9b43ebc,True,1
train,483,2117,2118,dab11be6d2a7acd9bf382a5d118f9f399611af7892bda8635464ae20d5e5a530,True,1,4488,4487,dab11be6d2a7acd9bf382a5d118f9f399611af7892bda8635464ae20d5e5a530,dab11be6d2a7acd9bf382a5d118f9f399611af7892bda8635464ae20d5e5a530,True,1
train,484,2128,2129,02ce142c85a3de03b2ed3d96c5516c5bb8c83b940a938d88593d540b2a38214f,True,1,4488,4487,02ce142c85a3de03b2ed3d96c5516c5bb8c83b940a938d88593d540b2a38214f,02ce142c85a3de03b2ed3d96c5516c5bb8c83b940a938d88593d540b2a38214f,True,1
train,485,2144,2145,7a9af8b7d955d621b9c9184a670ab5dd984a8c1ba0b3bf7558a2925331bd6044,True,1,4488,4487,7a9af8b7d955d621b9c9184a670ab5dd984a8c1ba0b3bf7558a2925331bd6044,7a9af8b7d955d621b9c9184a670ab5dd984a8c1ba0b3bf7558a2925331bd6044,True,1
train,486,2155,2293,25b5a65ebab249c8b9751079c3bc1099dd16efadd3dfe5acb5a055201fdc91c7,True,1,4488,4487,25b5a65ebab249c8b9751079c3bc1099dd16efadd3dfe5acb5a055201fdc91c7,25b5a65ebab249c8b9751079c3bc1099dd16efadd3dfe5acb5a055201fdc91c7,True,1
train,487,2203,2330,3c2bd322fa34653d75f731029cba6c900d83373e724fc9850d963ce19dbde7cc,True,1,4488,4487,3c2bd322fa34653d75f731029cba6c900d83373e724fc9850d963ce19dbde7cc,3c2bd322fa34653d75f731029cba6c900d83373e724fc9850d963ce19dbde7cc,True,1
train,488,2207,2241,1962ba96fc1bc5905d60df364c742bc59b82a033a08494bb6d4def34d81e1c95,True,1,4488,4487,1962ba96fc1bc5905d60df364c742bc59b82a033a08494bb6d4def34d81e1c95,1962ba96fc1bc5905d60df364c742bc59b82a033a08494bb6d4def34d81e1c95,True,1
train,489,2211,2356,aaeea67f1c22c304a7b8bec9ae40ca3a5cf94348473e2bcd021c91c867a97f51,True,1,4488,4487,aaeea67f1c22c304a7b8bec9ae40ca3a5cf94348473e2bcd021c91c867a97f51,aaeea67f1c22c304a7b8bec9ae40ca3a5cf94348473e2bcd021c91c867a97f51,True,1
train,490,2214,2216,0366817f742cf18087bf7e30fed487ee4598448b1d1a268e68a9f0ac078550b1,True,1,4488,4487,0366817f742cf18087bf7e30fed487ee4598448b1d1a268e68a9f0ac078550b1,0366817f742cf18087bf7e30fed487ee4598448b1d1a268e68a9f0ac078550b1,True,1
train,491,2243,2245,c19662910442b04d5ffc12823410db28649cbeb7ecb0a7d77ee0aad91f00707f,True,1,4488,4487,c19662910442b04d5ffc12823410db28649cbeb7ecb0a7d77ee0aad91f00707f,c19662910442b04d5ffc12823410db28649cbeb7ecb0a7d77ee0aad91f00707f,True,1
train,492,2247,2509,14edc1f9fcb2c0c9abc4ad42c0d393123ed6fa5d165674a3d3c1a769b37c4371,True,1,4488,4487,14edc1f9fcb2c0c9abc4ad42c0d393123ed6fa5d165674a3d3c1a769b37c4371,14edc1f9fcb2c0c9abc4ad42c0d393123ed6fa5d165674a3d3c1a769b37c4371,True,1
train,493,2248,2249,6bd3da7e3f166efa0cbba4e2a5b64da338f4e71b3fbb311b1867d52dd3cf7fe5,True,1,4488,4487,6bd3da7e3f166efa0cbba4e2a5b64da338f4e71b3fbb311b1867d52dd3cf7fe5,6bd3da7e3f166efa0cbba4e2a5b64da338f4e71b3fbb311b1867d52dd3cf7fe5,True,1
train,494,2249,2671,770c1dfe5e23b8bcf3094199c94189b94bc838a5c87a455f3213a67690699960,True,1,4488,4487,770c1dfe5e23b8bcf3094199c94189b94bc838a5c87a455f3213a67690699960,770c1dfe5e23b8bcf3094199c94189b94bc838a5c87a455f3213a67690699960,True,1
train,495,2268,2291,34edf604f72529949969bd2afc8d41be579d0aada11d6f827ec83096afdfa44b,True,1,4488,4487,34edf604f72529949969bd2afc8d41be579d0aada11d6f827ec83096afdfa44b,34edf604f72529949969bd2afc8d41be579d0aada11d6f827ec83096afdfa44b,True,1
train,496,2270,2375,e7ffd099dd77cae22224419221b32af4da11a74a8538fec9973b45fcb88b8e9f,True,1,4488,4487,e7ffd099dd77cae22224419221b32af4da11a74a8538fec9973b45fcb88b8e9f,e7ffd099dd77cae22224419221b32af4da11a74a8538fec9973b45fcb88b8e9f,True,1
train,497,2306,2552,281d017316cccb017f019f2a81209b4e03584650c283b2a3d95dba794281eee8,True,1,4488,4487,281d017316cccb017f019f2a81209b4e03584650c283b2a3d95dba794281eee8,281d017316cccb017f019f2a81209b4e03584650c283b2a3d95dba794281eee8,True,1
train,498,2343,2344,7d2ed2b1feb6ef8d60dd8f81ead5dace4249a81c654b115fc7748a2ae7485646,True,1,4488,4487,7d2ed2b1feb6ef8d60dd8f81ead5dace4249a81c654b115fc7748a2ae7485646,7d2ed2b1feb6ef8d60dd8f81ead5dace4249a81c654b115fc7748a2ae7485646,True,1
train,499,2394,2395,1cc757949b618ce1dcf7c3598fe39b1587e425e22a5c74a40bbb0c26e7d6af4c,True,1,4488,4487,1cc757949b618ce1dcf7c3598fe39b1587e425e22a5c74a40bbb0c26e7d6af4c,1cc757949b618ce1dcf7c3598fe39b1587e425e22a5c74a40bbb0c26e7d6af4c,True,1
train,500,2398,2493,869770e750021deb2a511ef7fdf5270970343a732f3a5ce3a03414a5c13cc6e5,True,1,4488,4487,869770e750021deb2a511ef7fdf5270970343a732f3a5ce3a03414a5c13cc6e5,869770e750021deb2a511ef7fdf5270970343a732f3a5ce3a03414a5c13cc6e5,True,1
train,501,2401,2435,eea04a595b90b93ecb1d53c55a043cd0d3acc8b13ecb9b443ca187e4b32ae80c,True,1,4488,4487,eea04a595b90b93ecb1d53c55a043cd0d3acc8b13ecb9b443ca187e4b32ae80c,eea04a595b90b93ecb1d53c55a043cd0d3acc8b13ecb9b443ca187e4b32ae80c,True,1
train,502,2410,2411,43ae283a11d5355754ecf793ab4add71203323166124b426e3399b2b56632fa8,True,1,4488,4487,43ae283a11d5355754ecf793ab4add71203323166124b426e3399b2b56632fa8,43ae283a11d5355754ecf793ab4add71203323166124b426e3399b2b56632fa8,True,1
train,503,2415,2597,54dd49a61621ad649f07fbd1aa3f6ea43917a97ea5ebcd0558d4e701943e71fc,True,1,4488,4487,54dd49a61621ad649f07fbd1aa3f6ea43917a97ea5ebcd0558d4e701943e71fc,54dd49a61621ad649f07fbd1aa3f6ea43917a97ea5ebcd0558d4e701943e71fc,True,1
train,504,2416,2417,3a4f12f7ff1519ff053dfc731c04b6aefb226a381d9ba97b7195b0af35ee74fe,True,1,4488,4487,3a4f12f7ff1519ff053dfc731c04b6aefb226a381d9ba97b7195b0af35ee74fe,3a4f12f7ff1519ff053dfc731c04b6aefb226a381d9ba97b7195b0af35ee74fe,True,1
train,505,2431,2432,ba1b1e98c356577784a43975aa1526e73bdcbcd503194fc21e7815a17b8ac811,True,1,4488,4487,ba1b1e98c356577784a43975aa1526e73bdcbcd503194fc21e7815a17b8ac811,ba1b1e98c356577784a43975aa1526e73bdcbcd503194fc21e7815a17b8ac811,True,1
train,506,2439,2530,987a2a0b063caa316feb79bebff57059af52735cc64b56c0e60384ce5b970c5f,True,1,4488,4487,987a2a0b063caa316feb79bebff57059af52735cc64b56c0e60384ce5b970c5f,987a2a0b063caa316feb79bebff57059af52735cc64b56c0e60384ce5b970c5f,True,1
train,507,2446,2447,c46b4ec071b2be9c41bf76c1684807673b57c92a971a0eddfa56fc215963d140,True,1,4488,4487,c46b4ec071b2be9c41bf76c1684807673b57c92a971a0eddfa56fc215963d140,c46b4ec071b2be9c41bf76c1684807673b57c92a971a0eddfa56fc215963d140,True,1
train,508,2539,2632,6a3a2b5778060781ea3d5f84ccbbe92f417c902cbec8af768a25897c0b5d1f19,True,1,4488,4487,6a3a2b5778060781ea3d5f84ccbbe92f417c902cbec8af768a25897c0b5d1f19,6a3a2b5778060781ea3d5f84ccbbe92f417c902cbec8af768a25897c0b5d1f19,True,1
train,509,2570,2572,850e5403c292ea4eb6a477c72a35ed794e55f21c448a72df1ffdb3fe33e64652,True,1,4488,4487,850e5403c292ea4eb6a477c72a35ed794e55f21c448a72df1ffdb3fe33e64652,850e5403c292ea4eb6a477c72a35ed794e55f21c448a72df1ffdb3fe33e64652,True,1
train,510,2594,2680,55a259d1aade905b426e0b8acb3d644ed8b7bc2f43fab13329b7b0a84d7aff37,True,1,4488,4487,55a259d1aade905b426e0b8acb3d644ed8b7bc2f43fab13329b7b0a84d7aff37,55a259d1aade905b426e0b8acb3d644ed8b7bc2f43fab13329b7b0a84d7aff37,True,1
train,511,2634,2636,ee4941d522fb718efc521c49b334c73cbc94348269a6cae3d42e0c5124b03d29,True,1,4488,4487,ee4941d522fb718efc521c49b334c73cbc94348269a6cae3d42e0c5124b03d29,ee4941d522fb718efc521c49b334c73cbc94348269a6cae3d42e0c5124b03d29,True,1
valid,0,1151,2700,cf8bee4faf9f1e67678d45b7cd8c350d04e95baeead6b79c4cff607556fb7129,False,0,4488,4488,cf8bee4faf9f1e67678d45b7cd8c350d04e95baeead6b79c4cff607556fb7129,cf8bee4faf9f1e67678d45b7cd8c350d04e95baeead6b79c4cff607556fb7129,True,1
valid,1,438,1667,cf8bee4faf9f1e67678d45b7cd8c350d04e95baeead6b79c4cff607556fb7129,False,0,4488,4488,cf8bee4faf9f1e67678d45b7cd8c350d04e95baeead6b79c4cff607556fb7129,cf8bee4faf9f1e67678d45b7cd8c350d04e95baeead6b79c4cff607556fb7129,True,1
valid,2,357,2652,cf8bee4faf9f1e67678d45b7cd8c350d04e95baeead6b79c4cff607556fb7129,False,0,4488,4488,cf8bee4faf9f1e67678d45b7cd8c350d04e95baeead6b79c4cff607556fb7129,cf8bee4faf9f1e67678d45b7cd8c350d04e95baeead6b79c4cff607556fb7129,True,1
valid,3,734,1388,cf8bee4faf9f1e67678d45b7cd8c350d04e95baeead6b79c4cff607556fb7129,False,0,4488,4488,cf8bee4faf9f1e67678d45b7cd8c350d04e95baeead6b79c4cff607556fb7129,cf8bee4faf9f1e67678d45b7cd8c350d04e95baeead6b79c4cff607556fb7129,True,1
valid,4,997,1837,cf8bee4faf9f1e67678d45b7cd8c350d04e95baeead6b79c4cff607556fb7129,False,0,4488,4488,cf8bee4faf9f1e67678d45b7cd8c350d04e95baeead6b79c4cff607556fb7129,cf8bee4faf9f1e67678d45b7cd8c350d04e95baeead6b79c4cff607556fb7129,True,1
valid,5,1725,2413,cf8bee4faf9f1e67678d45b7cd8c350d04e95baeead6b79c4cff607556fb7129,False,0,4488,4488,cf8bee4faf9f1e67678d45b7cd8c350d04e95baeead6b79c4cff607556fb7129,cf8bee4faf9f1e67678d45b7cd8c350d04e95baeead6b79c4cff607556fb7129,True,1
valid,6,26,99,cf8bee4faf9f1e67678d45b7cd8c350d04e95baeead6b79c4cff607556fb7129,False,0,4488,4488,cf8bee4faf9f1e67678d45b7cd8c350d04e95baeead6b79c4cff607556fb7129,cf8bee4faf9f1e67678d45b7cd8c350d04e95baeead6b79c4cff607556fb7129,True,1
valid,7,1003,1373,cf8bee4faf9f1e67678d45b7cd8c350d04e95baeead6b79c4cff607556fb7129,False,0,4488,4488,cf8bee4faf9f1e67678d45b7cd8c350d04e95baeead6b79c4cff607556fb7129,cf8bee4faf9f1e67678d45b7cd8c350d04e95baeead6b79c4cff607556fb7129,True,1
valid,8,1041,1466,cf8bee4faf9f1e67678d45b7cd8c350d04e95baeead6b79c4cff607556fb7129,False,0,4488,4488,cf8bee4faf9f1e67678d45b7cd8c350d04e95baeead6b79c4cff607556fb7129,cf8bee4faf9f1e67678d45b7cd8c350d04e95baeead6b79c4cff607556fb7129,True,1
valid,9,374,2146,cf8bee4faf9f1e67678d45b7cd8c350d04e95baeead6b79c4cff607556fb7129,False,0,4488,4488,cf8bee4faf9f1e67678d45b7cd8c350d04e95baeead6b79c4cff607556fb7129,cf8bee4faf9f1e67678d45b7cd8c350d04e95baeead6b79c4cff607556fb7129,True,1
valid,10,534,629,cf8bee4faf9f1e67678d45b7cd8c350d04e95baeead6b79c4cff607556fb7129,False,0,4488,4488,cf8bee4faf9f1e67678d45b7cd8c350d04e95baeead6b79c4cff607556fb7129,cf8bee4faf9f1e67678d45b7cd8c350d04e95baeead6b79c4cff607556fb7129,True,1
valid,11,994,1329,cf8bee4faf9f1e67678d45b7cd8c350d04e95baeead6b79c4cff607556fb7129,False,0,4488,4488,cf8bee4faf9f1e67678d45b7cd8c350d04e95baeead6b79c4cff607556fb7129,cf8bee4faf9f1e67678d45b7cd8c350d04e95baeead6b79c4cff607556fb7129,True,1
valid,12,1196,1367,cf8bee4faf9f1e67678d45b7cd8c350d04e95baeead6b79c4cff607556fb7129,False,0,4488,4488,cf8bee4faf9f1e67678d45b7cd8c350d04e95baeead6b79c4cff607556fb7129,cf8bee4faf9f1e67678d45b7cd8c350d04e95baeead6b79c4cff607556fb7129,True,1
valid,13,444,623,cf8bee4faf9f1e67678d45b7cd8c350d04e95baeead6b79c4cff607556fb7129,False,0,4488,4488,cf8bee4faf9f1e67678d45b7cd8c350d04e95baeead6b79c4cff607556fb7129,cf8bee4faf9f1e67678d45b7cd8c350d04e95baeead6b79c4cff607556fb7129,True,1
valid,14,1792,2485,cf8bee4faf9f1e67678d45b7cd8c350d04e95baeead6b79c4cff607556fb7129,False,0,4488,4488,cf8bee4faf9f1e67678d45b7cd8c350d04e95baeead6b79c4cff607556fb7129,cf8bee4faf9f1e67678d45b7cd8c350d04e95baeead6b79c4cff607556fb7129,True,1
valid,15,1233,2433,cf8bee4faf9f1e67678d45b7cd8c350d04e95baeead6b79c4cff607556fb7129,False,0,4488,4488,cf8bee4faf9f1e67678d45b7cd8c350d04e95baeead6b79c4cff607556fb7129,cf8bee4faf9f1e67678d45b7cd8c350d04e95baeead6b79c4cff607556fb7129,True,1
valid,16,203,1115,cf8bee4faf9f1e67678d45b7cd8c350d04e95baeead6b79c4cff607556fb7129,False,0,4488,4488,cf8bee4faf9f1e67678d45b7cd8c350d04e95baeead6b79c4cff607556fb7129,cf8bee4faf9f1e67678d45b7cd8c350d04e95baeead6b79c4cff607556fb7129,True,1
valid,17,28,1687,cf8bee4faf9f1e67678d45b7cd8c350d04e95baeead6b79c4cff607556fb7129,False,0,4488,4488,cf8bee4faf9f1e67678d45b7cd8c350d04e95baeead6b79c4cff607556fb7129,cf8bee4faf9f1e67678d45b7cd8c350d04e95baeead6b79c4cff607556fb7129,True,1
valid,18,1209,1737,cf8bee4faf9f1e67678d45b7cd8c350d04e95baeead6b79c4cff607556fb7129,False,0,4488,4488,cf8bee4faf9f1e67678d45b7cd8c350d04e95baeead6b79c4cff607556fb7129,cf8bee4faf9f1e67678d45b7cd8c350d04e95baeead6b79c4cff607556fb7129,True,1
valid,19,817,1736,cf8bee4faf9f1e67678d45b7cd8c350d04e95baeead6b79c4cff607556fb7129,False,0,4488,4488,cf8bee4faf9f1e67678d45b7cd8c350d04e95baeead6b79c4cff607556fb7129,cf8bee4faf9f1e67678d45b7cd8c350d04e95baeead6b79c4cff607556fb7129,True,1
valid,20,383,733,cf8bee4faf9f1e67678d45b7cd8c350d04e95baeead6b79c4cff607556fb7129,False,0,4488,4488,cf8bee4faf9f1e67678d45b7cd8c350d04e95baeead6b79c4cff607556fb7129,cf8bee4faf9f1e67678d45b7cd8c350d04e95baeead6b79c4cff607556fb7129,True,1
valid,21,1185,1460,cf8bee4faf9f1e67678d45b7cd8c350d04e95baeead6b79c4cff607556fb7129,False,0,4488,4488,cf8bee4faf9f1e67678d45b7cd8c350d04e95baeead6b79c4cff607556fb7129,cf8bee4faf9f1e67678d45b7cd8c350d04e95baeead6b79c4cff607556fb7129,True,1
valid,22,48,2205,cf8bee4faf9f1e67678d45b7cd8c350d04e95baeead6b79c4cff607556fb7129,False,0,4488,4488,cf8bee4faf9f1e67678d45b7cd8c350d04e95baeead6b79c4cff607556fb7129,cf8bee4faf9f1e67678d45b7cd8c350d04e95baeead6b79c4cff607556fb7129,True,1
valid,23,251,812,cf8bee4faf9f1e67678d45b7cd8c350d04e95baeead6b79c4cff607556fb7129,False,0,4488,4488,cf8bee4faf9f1e67678d45b7cd8c350d04e95baeead6b79c4cff607556fb7129,cf8bee4faf9f1e67678d45b7cd8c350d04e95baeead6b79c4cff607556fb7129,True,1
valid,24,2130,2249,cf8bee4faf9f1e67678d45b7cd8c350d04e95baeead6b79c4cff607556fb7129,False,0,4488,4488,cf8bee4faf9f1e67678d45b7cd8c350d04e95baeead6b79c4cff607556fb7129,cf8bee4faf9f1e67678d45b7cd8c350d04e95baeead6b79c4cff607556fb7129,True,1
valid,25,1376,2232,cf8bee4faf9f1e67678d45b7cd8c350d04e95baeead6b79c4cff607556fb7129,False,0,4488,4488,cf8bee4faf9f1e67678d45b7cd8c350d04e95baeead6b79c4cff607556fb7129,cf8bee4faf9f1e67678d45b7cd8c350d04e95baeead6b79c4cff607556fb7129,True,1
valid,26,788,1952,cf8bee4faf9f1e67678d45b7cd8c350d04e95baeead6b79c4cff607556fb7129,False,0,4488,4488,cf8bee4faf9f1e67678d45b7cd8c350d04e95baeead6b79c4cff607556fb7129,cf8bee4faf9f1e67678d45b7cd8c350d04e95baeead6b79c4cff607556fb7129,True,1
valid,27,519,1670,cf8bee4faf9f1e67678d45b7cd8c350d04e95baeead6b79c4cff607556fb7129,False,0,4488,4488,cf8bee4faf9f1e67678d45b7cd8c350d04e95baeead6b79c4cff607556fb7129,cf8bee4faf9f1e67678d45b7cd8c350d04e95baeead6b79c4cff607556fb7129,True,1
valid,28,2618,2619,cf8bee4faf9f1e67678d45b7cd8c350d04e95baeead6b79c4cff607556fb7129,False,0,4488,4488,cf8bee4faf9f1e67678d45b7cd8c350d04e95baeead6b79c4cff607556fb7129,cf8bee4faf9f1e67678d45b7cd8c350d04e95baeead6b79c4cff607556fb7129,True,1
valid,29,440,1296,cf8bee4faf9f1e67678d45b7cd8c350d04e95baeead6b79c4cff607556fb7129,False,0,4488,4488,cf8bee4faf9f1e67678d45b7cd8c350d04e95baeead6b79c4cff607556fb7129,cf8bee4faf9f1e67678d45b7cd8c350d04e95baeead6b79c4cff607556fb7129,True,1
valid,30,378,602,cf8bee4faf9f1e67678d45b7cd8c350d04e95baeead6b79c4cff607556fb7129,False,0,4488,4488,cf8bee4faf9f1e67678d45b7cd8c350d04e95baeead6b79c4cff607556fb7129,cf8bee4faf9f1e67678d45b7cd8c350d04e95baeead6b79c4cff607556fb7129,True,1
valid,31,1952,2205,cf8bee4faf9f1e67678d45b7cd8c350d04e95baeead6b79c4cff607556fb7129,False,0,4488,4488,cf8bee4faf9f1e67678d45b7cd8c350d04e95baeead6b79c4cff607556fb7129,cf8bee4faf9f1e67678d45b7cd8c350d04e95baeead6b79c4cff607556fb7129,True,1
valid,32,793,2592,cf8bee4faf9f1e67678d45b7cd8c350d04e95baeead6b79c4cff607556fb7129,False,0,4488,4488,cf8bee4faf9f1e67678d45b7cd8c350d04e95baeead6b79c4cff607556fb7129,cf8bee4faf9f1e67678d45b7cd8c350d04e95baeead6b79c4cff607556fb7129,True,1
valid,33,661,830,cf8bee4faf9f1e67678d45b7cd8c350d04e95baeead6b79c4cff607556fb7129,False,0,4488,4488,cf8bee4faf9f1e67678d45b7cd8c350d04e95baeead6b79c4cff607556fb7129,cf8bee4faf9f1e67678d45b7cd8c350d04e95baeead6b79c4cff607556fb7129,True,1
valid,34,895,1913,cf8bee4faf9f1e67678d45b7cd8c350d04e95baeead6b79c4cff607556fb7129,False,0,4488,4488,cf8bee4faf9f1e67678d45b7cd8c350d04e95baeead6b79c4cff607556fb7129,cf8bee4faf9f1e67678d45b7cd8c350d04e95baeead6b79c4cff607556fb7129,True,1
valid,35,1631,2196,cf8bee4faf9f1e67678d45b7cd8c350d04e95baeead6b79c4cff607556fb7129,False,0,4488,4488,cf8bee4faf9f1e67678d45b7cd8c350d04e95baeead6b79c4cff607556fb7129,cf8bee4faf9f1e67678d45b7cd8c350d04e95baeead6b79c4cff607556fb7129,True,1
valid,36,1358,1758,cf8bee4faf9f1e67678d45b7cd8c350d04e95baeead6b79c4cff607556fb7129,False,0,4488,4488,cf8bee4faf9f1e67678d45b7cd8c350d04e95baeead6b79c4cff607556fb7129,cf8bee4faf9f1e67678d45b7cd8c350d04e95baeead6b79c4cff607556fb7129,True,1
valid,37,121,2251,cf8bee4faf9f1e67678d45b7cd8c350d04e95baeead6b79c4cff607556fb7129,False,0,4488,4488,cf8bee4faf9f1e67678d45b7cd8c350d04e95baeead6b79c4cff607556fb7129,cf8bee4faf9f1e67678d45b7cd8c350d04e95baeead6b79c4cff607556fb7129,True,1
valid,38,95,2182,cf8bee4faf9f1e67678d45b7cd8c350d04e95baeead6b79c4cff607556fb7129,False,0,4488,4488,cf8bee4faf9f1e67678d45b7cd8c350d04e95baeead6b79c4cff607556fb7129,cf8bee4faf9f1e67678d45b7cd8c350d04e95baeead6b79c4cff607556fb7129,True,1
valid,39,1229,2440,cf8bee4faf9f1e67678d45b7cd8c350d04e95baeead6b79c4cff607556fb7129,False,0,4488,4488,cf8bee4faf9f1e67678d45b7cd8c350d04e95baeead6b79c4cff607556fb7129,cf8bee4faf9f1e67678d45b7cd8c350d04e95baeead6b79c4cff607556fb7129,True,1
valid,40,201,1986,cf8bee4faf9f1e67678d45b7cd8c350d04e95baeead6b79c4cff607556fb7129,False,0,4488,4488,cf8bee4faf9f1e67678d45b7cd8c350d04e95baeead6b79c4cff607556fb7129,cf8bee4faf9f1e67678d45b7cd8c350d04e95baeead6b79c4cff607556fb7129,True,1
valid,41,88,1741,cf8bee4faf9f1e67678d45b7cd8c350d04e95baeead6b79c4cff607556fb7129,False,0,4488,4488,cf8bee4faf9f1e67678d45b7cd8c350d04e95baeead6b79c4cff607556fb7129,cf8bee4faf9f1e67678d45b7cd8c350d04e95baeead6b79c4cff607556fb7129,True,1
valid,42,279,838,cf8bee4faf9f1e67678d45b7cd8c350d04e95baeead6b79c4cff607556fb7129,False,0,4488,4488,cf8bee4faf9f1e67678d45b7cd8c350d04e95baeead6b79c4cff607556fb7129,cf8bee4faf9f1e67678d45b7cd8c350d04e95baeead6b79c4cff607556fb7129,True,1
valid,43,454,973,cf8bee4faf9f1e67678d45b7cd8c350d04e95baeead6b79c4cff607556fb7129,False,0,4488,4488,cf8bee4faf9f1e67678d45b7cd8c350d04e95baeead6b79c4cff607556fb7129,cf8bee4faf9f1e67678d45b7cd8c350d04e95baeead6b79c4cff607556fb7129,True,1
valid,44,29,2645,cf8bee4faf9f1e67678d45b7cd8c350d04e95baeead6b79c4cff607556fb7129,False,0,4488,4488,cf8bee4faf9f1e67678d45b7cd8c350d04e95baeead6b79c4cff607556fb7129,cf8bee4faf9f1e67678d45b7cd8c350d04e95baeead6b79c4cff607556fb7129,True,1
valid,45,20,2269,cf8bee4faf9f1e67678d45b7cd8c350d04e95baeead6b79c4cff607556fb7129,False,0,4488,4488,cf8bee4faf9f1e67678d45b7cd8c350d04e95baeead6b79c4cff607556fb7129,cf8bee4faf9f1e67678d45b7cd8c350d04e95baeead6b79c4cff607556fb7129,True,1
valid,46,1144,1245,cf8bee4faf9f1e67678d45b7cd8c350d04e95baeead6b79c4cff607556fb7129,False,0,4488,4488,cf8bee4faf9f1e67678d45b7cd8c350d04e95baeead6b79c4cff607556fb7129,cf8bee4faf9f1e67678d45b7cd8c350d04e95baeead6b79c4cff607556fb7129,True,1
valid,47,1986,1997,cf8bee4faf9f1e67678d45b7cd8c350d04e95baeead6b79c4cff607556fb7129,False,0,4488,4488,cf8bee4faf9f1e67678d45b7cd8c350d04e95baeead6b79c4cff607556fb7129,cf8bee4faf9f1e67678d45b7cd8c350d04e95baeead6b79c4cff607556fb7129,True,1
valid,48,1451,2564,cf8bee4faf9f1e67678d45b7cd8c350d04e95baeead6b79c4cff607556fb7129,False,0,4488,4488,cf8bee4faf9f1e67678d45b7cd8c350d04e95baeead6b79c4cff607556fb7129,cf8bee4faf9f1e67678d45b7cd8c350d04e95baeead6b79c4cff607556fb7129,True,1
valid,49,1772,2045,cf8bee4faf9f1e67678d45b7cd8c350d04e95baeead6b79c4cff607556fb7129,False,0,4488,4488,cf8bee4faf9f1e67678d45b7cd8c350d04e95baeead6b79c4cff607556fb7129,cf8bee4faf9f1e67678d45b7cd8c350d04e95baeead6b79c4cff607556fb7129,True,1
valid,50,306,1805,cf8bee4faf9f1e67678d45b7cd8c350d04e95baeead6b79c4cff607556fb7129,False,0,4488,4488,cf8bee4faf9f1e67678d45b7cd8c350d04e95baeead6b79c4cff607556fb7129,cf8bee4faf9f1e67678d45b7cd8c350d04e95baeead6b79c4cff607556fb7129,True,1
valid,51,88,2011,cf8bee4faf9f1e67678d45b7cd8c350d04e95baeead6b79c4cff607556fb7129,False,0,4488,4488,cf8bee4faf9f1e67678d45b7cd8c350d04e95baeead6b79c4cff607556fb7129,cf8bee4faf9f1e67678d45b7cd8c350d04e95baeead6b79c4cff607556fb7129,True,1
valid,52,325,787,cf8bee4faf9f1e67678d45b7cd8c350d04e95baeead6b79c4cff607556fb7129,False,0,4488,4488,cf8bee4faf9f1e67678d45b7cd8c350d04e95baeead6b79c4cff607556fb7129,cf8bee4faf9f1e67678d45b7cd8c350d04e95baeead6b79c4cff607556fb7129,True,1
valid,53,1050,1380,cf8bee4faf9f1e67678d45b7cd8c350d04e95baeead6b79c4cff607556fb7129,False,0,4488,4488,cf8bee4faf9f1e67678d45b7cd8c350d04e95baeead6b79c4cff607556fb7129,cf8bee4faf9f1e67678d45b7cd8c350d04e95baeead6b79c4cff607556fb7129,True,1
valid,54,444,2464,cf8bee4faf9f1e67678d45b7cd8c350d04e95baeead6b79c4cff607556fb7129,False,0,4488,4488,cf8bee4faf9f1e67678d45b7cd8c350d04e95baeead6b79c4cff607556fb7129,cf8bee4faf9f1e67678d45b7cd8c350d04e95baeead6b79c4cff607556fb7129,True,1
valid,55,25,2317,cf8bee4faf9f1e67678d45b7cd8c350d04e95baeead6b79c4cff607556fb7129,False,0,4488,4488,cf8bee4faf9f1e67678d45b7cd8c350d04e95baeead6b79c4cff607556fb7129,cf8bee4faf9f1e67678d45b7cd8c350d04e95baeead6b79c4cff607556fb7129,True,1
valid,56,133,2082,cf8bee4faf9f1e67678d45b7cd8c350d04e95baeead6b79c4cff607556fb7129,False,0,4488,4488,cf8bee4faf9f1e67678d45b7cd8c350d04e95baeead6b79c4cff607556fb7129,cf8bee4faf9f1e67678d45b7cd8c350d04e95baeead6b79c4cff607556fb7129,True,1
valid,57,489,2391,cf8bee4faf9f1e67678d45b7cd8c350d04e95baeead6b79c4cff607556fb7129,False,0,4488,4488,cf8bee4faf9f1e67678d45b7cd8c350d04e95baeead6b79c4cff607556fb7129,cf8bee4faf9f1e67678d45b7cd8c350d04e95baeead6b79c4cff607556fb7129,True,1
valid,58,1107,2243,cf8bee4faf9f1e67678d45b7cd8c350d04e95baeead6b79c4cff607556fb7129,False,0,4488,4488,cf8bee4faf9f1e67678d45b7cd8c350d04e95baeead6b79c4cff607556fb7129,cf8bee4faf9f1e67678d45b7cd8c350d04e95baeead6b79c4cff607556fb7129,True,1
valid,59,306,1640,cf8bee4faf9f1e67678d45b7cd8c350d04e95baeead6b79c4cff607556fb7129,False,0,4488,4488,cf8bee4faf9f1e67678d45b7cd8c350d04e95baeead6b79c4cff607556fb7129,cf8bee4faf9f1e67678d45b7cd8c350d04e95baeead6b79c4cff607556fb7129,True,1
valid,60,2114,2519,cf8bee4faf9f1e67678d45b7cd8c350d04e95baeead6b79c4cff607556fb7129,False,0,4488,4488,cf8bee4faf9f1e67678d45b7cd8c350d04e95baeead6b79c4cff607556fb7129,cf8bee4faf9f1e67678d45b7cd8c350d04e95baeead6b79c4cff607556fb7129,True,1
valid,61,1427,1742,cf8bee4faf9f1e67678d45b7cd8c350d04e95baeead6b79c4cff607556fb7129,False,0,4488,4488,cf8bee4faf9f1e67678d45b7cd8c350d04e95baeead6b79c4cff607556fb7129,cf8bee4faf9f1e67678d45b7cd8c350d04e95baeead6b79c4cff607556fb7129,True,1
valid,62,1497,2034,cf8bee4faf9f1e67678d45b7cd8c350d04e95baeead6b79c4cff607556fb7129,False,0,4488,4488,cf8bee4faf9f1e67678d45b7cd8c350d04e95baeead6b79c4cff607556fb7129,cf8bee4faf9f1e67678d45b7cd8c350d04e95baeead6b79c4cff607556fb7129,True,1
valid,63,1330,1837,cf8bee4faf9f1e67678d45b7cd8c350d04e95baeead6b79c4cff607556fb7129,False,0,4488,4488,cf8bee4faf9f1e67678d45b7cd8c350d04e95baeead6b79c4cff607556fb7129,cf8bee4faf9f1e67678d45b7cd8c350d04e95baeead6b79c4cff607556fb7129,True,1
valid,64,18,1786,cf8bee4faf9f1e67678d45b7cd8c350d04e95baeead6b79c4cff607556fb7129,False,0,4488,4488,cf8bee4faf9f1e67678d45b7cd8c350d04e95baeead6b79c4cff607556fb7129,cf8bee4faf9f1e67678d45b7cd8c350d04e95baeead6b79c4cff607556fb7129,True,1
valid,65,1009,2096,cf8bee4faf9f1e67678d45b7cd8c350d04e95baeead6b79c4cff607556fb7129,False,0,4488,4488,cf8bee4faf9f1e67678d45b7cd8c350d04e95baeead6b79c4cff607556fb7129,cf8bee4faf9f1e67678d45b7cd8c350d04e95baeead6b79c4cff607556fb7129,True,1
valid,66,766,845,cf8bee4faf9f1e67678d45b7cd8c350d04e95baeead6b79c4cff607556fb7129,False,0,4488,4488,cf8bee4faf9f1e67678d45b7cd8c350d04e95baeead6b79c4cff607556fb7129,cf8bee4faf9f1e67678d45b7cd8c350d04e95baeead6b79c4cff607556fb7129,True,1
valid,67,2335,2336,cf8bee4faf9f1e67678d45b7cd8c350d04e95baeead6b79c4cff607556fb7129,False,0,4488,4488,cf8bee4faf9f1e67678d45b7cd8c350d04e95baeead6b79c4cff607556fb7129,cf8bee4faf9f1e67678d45b7cd8c350d04e95baeead6b79c4cff607556fb7129,True,1
valid,68,616,1358,cf8bee4faf9f1e67678d45b7cd8c350d04e95baeead6b79c4cff607556fb7129,False,0,4488,4488,cf8bee4faf9f1e67678d45b7cd8c350d04e95baeead6b79c4cff607556fb7129,cf8bee4faf9f1e67678d45b7cd8c350d04e95baeead6b79c4cff607556fb7129,True,1
valid,69,182,997,cf8bee4faf9f1e67678d45b7cd8c350d04e95baeead6b79c4cff607556fb7129,False,0,4488,4488,cf8bee4faf9f1e67678d45b7cd8c350d04e95baeead6b79c4cff607556fb7129,cf8bee4faf9f1e67678d45b7cd8c350d04e95baeead6b79c4cff607556fb7129,True,1
valid,70,1242,2148,cf8bee4faf9f1e67678d45b7cd8c350d04e95baeead6b79c4cff607556fb7129,False,0,4488,4488,cf8bee4faf9f1e67678d45b7cd8c350d04e95baeead6b79c4cff607556fb7129,cf8bee4faf9f1e67678d45b7cd8c350d04e95baeead6b79c4cff607556fb7129,True,1
valid,71,441,1455,cf8bee4faf9f1e67678d45b7cd8c350d04e95baeead6b79c4cff607556fb7129,False,0,4488,4488,cf8bee4faf9f1e67678d45b7cd8c350d04e95baeead6b79c4cff607556fb7129,cf8bee4faf9f1e67678d45b7cd8c350d04e95baeead6b79c4cff607556fb7129,True,1
valid,72,1456,1457,cf8bee4faf9f1e67678d45b7cd8c350d04e95baeead6b79c4cff607556fb7129,False,0,4488,4488,cf8bee4faf9f1e67678d45b7cd8c350d04e95baeead6b79c4cff607556fb7129,cf8bee4faf9f1e67678d45b7cd8c350d04e95baeead6b79c4cff607556fb7129,True,1
valid,73,1519,2335,cf8bee4faf9f1e67678d45b7cd8c350d04e95baeead6b79c4cff607556fb7129,False,0,4488,4488,cf8bee4faf9f1e67678d45b7cd8c350d04e95baeead6b79c4cff607556fb7129,cf8bee4faf9f1e67678d45b7cd8c350d04e95baeead6b79c4cff607556fb7129,True,1
valid,74,1193,1705,cf8bee4faf9f1e67678d45b7cd8c350d04e95baeead6b79c4cff607556fb7129,False,0,4488,4488,cf8bee4faf9f1e67678d45b7cd8c350d04e95baeead6b79c4cff607556fb7129,cf8bee4faf9f1e67678d45b7cd8c350d04e95baeead6b79c4cff607556fb7129,True,1
valid,75,1589,2596,cf8bee4faf9f1e67678d45b7cd8c350d04e95baeead6b79c4cff607556fb7129,False,0,4488,4488,cf8bee4faf9f1e67678d45b7cd8c350d04e95baeead6b79c4cff607556fb7129,cf8bee4faf9f1e67678d45b7cd8c350d04e95baeead6b79c4cff607556fb7129,True,1
valid,76,836,1572,cf8bee4faf9f1e67678d45b7cd8c350d04e95baeead6b79c4cff607556fb7129,False,0,4488,4488,cf8bee4faf9f1e67678d45b7cd8c350d04e95baeead6b79c4cff607556fb7129,cf8bee4faf9f1e67678d45b7cd8c350d04e95baeead6b79c4cff607556fb7129,True,1
valid,77,877,1300,cf8bee4faf9f1e67678d45b7cd8c350d04e95baeead6b79c4cff607556fb7129,False,0,4488,4488,cf8bee4faf9f1e67678d45b7cd8c350d04e95baeead6b79c4cff607556fb7129,cf8bee4faf9f1e67678d45b7cd8c350d04e95baeead6b79c4cff607556fb7129,True,1
valid,78,1317,1719,cf8bee4faf9f1e67678d45b7cd8c350d04e95baeead6b79c4cff607556fb7129,False,0,4488,4488,cf8bee4faf9f1e67678d45b7cd8c350d04e95baeead6b79c4cff607556fb7129,cf8bee4faf9f1e67678d45b7cd8c350d04e95baeead6b79c4cff607556fb7129,True,1
valid,79,1426,1751,cf8bee4faf9f1e67678d45b7cd8c350d04e95baeead6b79c4cff607556fb7129,False,0,4488,4488,cf8bee4faf9f1e67678d45b7cd8c350d04e95baeead6b79c4cff607556fb7129,cf8bee4faf9f1e67678d45b7cd8c350d04e95baeead6b79c4cff607556fb7129,True,1
valid,80,107,541,cf8bee4faf9f1e67678d45b7cd8c350d04e95baeead6b79c4cff607556fb7129,False,0,4488,4488,cf8bee4faf9f1e67678d45b7cd8c350d04e95baeead6b79c4cff607556fb7129,cf8bee4faf9f1e67678d45b7cd8c350d04e95baeead6b79c4cff607556fb7129,True,1
valid,81,191,2385,cf8bee4faf9f1e67678d45b7cd8c350d04e95baeead6b79c4cff607556fb7129,False,0,4488,4488,cf8bee4faf9f1e67678d45b7cd8c350d04e95baeead6b79c4cff607556fb7129,cf8bee4faf9f1e67678d45b7cd8c350d04e95baeead6b79c4cff607556fb7129,True,1
valid,82,1042,2055,cf8bee4faf9f1e67678d45b7cd8c350d04e95baeead6b79c4cff607556fb7129,False,0,4488,4488,cf8bee4faf9f1e67678d45b7cd8c350d04e95baeead6b79c4cff607556fb7129,cf8bee4faf9f1e67678d45b7cd8c350d04e95baeead6b79c4cff607556fb7129,True,1
valid,83,1050,1569,cf8bee4faf9f1e67678d45b7cd8c350d04e95baeead6b79c4cff607556fb7129,False,0,4488,4488,cf8bee4faf9f1e67678d45b7cd8c350d04e95baeead6b79c4cff607556fb7129,cf8bee4faf9f1e67678d45b7cd8c350d04e95baeead6b79c4cff607556fb7129,True,1
valid,84,197,2412,cf8bee4faf9f1e67678d45b7cd8c350d04e95baeead6b79c4cff607556fb7129,False,0,4488,4488,cf8bee4faf9f1e67678d45b7cd8c350d04e95baeead6b79c4cff607556fb7129,cf8bee4faf9f1e67678d45b7cd8c350d04e95baeead6b79c4cff607556fb7129,True,1
valid,85,1051,2122,cf8bee4faf9f1e67678d45b7cd8c350d04e95baeead6b79c4cff607556fb7129,False,0,4488,4488,cf8bee4faf9f1e67678d45b7cd8c350d04e95baeead6b79c4cff607556fb7129,cf8bee4faf9f1e67678d45b7cd8c350d04e95baeead6b79c4cff607556fb7129,True,1
valid,86,306,910,cf8bee4faf9f1e67678d45b7cd8c350d04e95baeead6b79c4cff607556fb7129,False,0,4488,4488,cf8bee4faf9f1e67678d45b7cd8c350d04e95baeead6b79c4cff607556fb7129,cf8bee4faf9f1e67678d45b7cd8c350d04e95baeead6b79c4cff607556fb7129,True,1
valid,87,523,949,cf8bee4faf9f1e67678d45b7cd8c350d04e95baeead6b79c4cff607556fb7129,False,0,4488,4488,cf8bee4faf9f1e67678d45b7cd8c350d04e95baeead6b79c4cff607556fb7129,cf8bee4faf9f1e67678d45b7cd8c350d04e95baeead6b79c4cff607556fb7129,True,1
valid,88,306,1781,cf8bee4faf9f1e67678d45b7cd8c350d04e95baeead6b79c4cff607556fb7129,False,0,4488,4488,cf8bee4faf9f1e67678d45b7cd8c350d04e95baeead6b79c4cff607556fb7129,cf8bee4faf9f1e67678d45b7cd8c350d04e95baeead6b79c4cff607556fb7129,True,1
valid,89,153,236,cf8bee4faf9f1e67678d45b7cd8c350d04e95baeead6b79c4cff607556fb7129,False,0,4488,4488,cf8bee4faf9f1e67678d45b7cd8c350d04e95baeead6b79c4cff607556fb7129,cf8bee4faf9f1e67678d45b7cd8c350d04e95baeead6b79c4cff607556fb7129,True,1
valid,90,442,1051,cf8bee4faf9f1e67678d45b7cd8c350d04e95baeead6b79c4cff607556fb7129,False,0,4488,4488,cf8bee4faf9f1e67678d45b7cd8c350d04e95baeead6b79c4cff607556fb7129,cf8bee4faf9f1e67678d45b7cd8c350d04e95baeead6b79c4cff607556fb7129,True,1
valid,91,903,2031,cf8bee4faf9f1e67678d45b7cd8c350d04e95baeead6b79c4cff607556fb7129,False,0,4488,4488,cf8bee4faf9f1e67678d45b7cd8c350d04e95baeead6b79c4cff607556fb7129,cf8bee4faf9f1e67678d45b7cd8c350d04e95baeead6b79c4cff607556fb7129,True,1
valid,92,30,697,cf8bee4faf9f1e67678d45b7cd8c350d04e95baeead6b79c4cff607556fb7129,False,0,4488,4488,cf8bee4faf9f1e67678d45b7cd8c350d04e95baeead6b79c4cff607556fb7129,cf8bee4faf9f1e67678d45b7cd8c350d04e95baeead6b79c4cff607556fb7129,True,1
valid,93,951,1358,cf8bee4faf9f1e67678d45b7cd8c350d04e95baeead6b79c4cff607556fb7129,False,0,4488,4488,cf8bee4faf9f1e67678d45b7cd8c350d04e95baeead6b79c4cff607556fb7129,cf8bee4faf9f1e67678d45b7cd8c350d04e95baeead6b79c4cff607556fb7129,True,1
valid,94,94,1966,cf8bee4faf9f1e67678d45b7cd8c350d04e95baeead6b79c4cff607556fb7129,False,0,4488,4488,cf8bee4faf9f1e67678d45b7cd8c350d04e95baeead6b79c4cff607556fb7129,cf8bee4faf9f1e67678d45b7cd8c350d04e95baeead6b79c4cff607556fb7129,True,1
valid,95,1064,2351,cf8bee4faf9f1e67678d45b7cd8c350d04e95baeead6b79c4cff607556fb7129,False,0,4488,4488,cf8bee4faf9f1e67678d45b7cd8c350d04e95baeead6b79c4cff607556fb7129,cf8bee4faf9f1e67678d45b7cd8c350d04e95baeead6b79c4cff607556fb7129,True,1
valid,96,687,1358,cf8bee4faf9f1e67678d45b7cd8c350d04e95baeead6b79c4cff607556fb7129,False,0,4488,4488,cf8bee4faf9f1e67678d45b7cd8c350d04e95baeead6b79c4cff607556fb7129,cf8bee4faf9f1e67678d45b7cd8c350d04e95baeead6b79c4cff607556fb7129,True,1
valid,97,565,1723,cf8bee4faf9f1e67678d45b7cd8c350d04e95baeead6b79c4cff607556fb7129,False,0,4488,4488,cf8bee4faf9f1e67678d45b7cd8c350d04e95baeead6b79c4cff607556fb7129,cf8bee4faf9f1e67678d45b7cd8c350d04e95baeead6b79c4cff607556fb7129,True,1
valid,98,907,1916,cf8bee4faf9f1e67678d45b7cd8c350d04e95baeead6b79c4cff607556fb7129,False,0,4488,4488,cf8bee4faf9f1e67678d45b7cd8c350d04e95baeead6b79c4cff607556fb7129,cf8bee4faf9f1e67678d45b7cd8c350d04e95baeead6b79c4cff607556fb7129,True,1
valid,99,389,1743,cf8bee4faf9f1e67678d45b7cd8c350d04e95baeead6b79c4cff607556fb7129,False,0,4488,4488,cf8bee4faf9f1e67678d45b7cd8c350d04e95baeead6b79c4cff607556fb7129,cf8bee4faf9f1e67678d45b7cd8c350d04e95baeead6b79c4cff607556fb7129,True,1
valid,100,407,409,cf8bee4faf9f1e67678d45b7cd8c350d04e95baeead6b79c4cff607556fb7129,False,0,4488,4488,cf8bee4faf9f1e67678d45b7cd8c350d04e95baeead6b79c4cff607556fb7129,cf8bee4faf9f1e67678d45b7cd8c350d04e95baeead6b79c4cff607556fb7129,True,1
valid,101,833,2495,cf8bee4faf9f1e67678d45b7cd8c350d04e95baeead6b79c4cff607556fb7129,False,0,4488,4488,cf8bee4faf9f1e67678d45b7cd8c350d04e95baeead6b79c4cff607556fb7129,cf8bee4faf9f1e67678d45b7cd8c350d04e95baeead6b79c4cff607556fb7129,True,1
valid,102,2124,2125,cf8bee4faf9f1e67678d45b7cd8c350d04e95baeead6b79c4cff607556fb7129,False,0,4488,4488,cf8bee4faf9f1e67678d45b7cd8c350d04e95baeead6b79c4cff607556fb7129,cf8bee4faf9f1e67678d45b7cd8c350d04e95baeead6b79c4cff607556fb7129,True,1
valid,103,2006,2477,cf8bee4faf9f1e67678d45b7cd8c350d04e95baeead6b79c4cff607556fb7129,False,0,4488,4488,cf8bee4faf9f1e67678d45b7cd8c350d04e95baeead6b79c4cff607556fb7129,cf8bee4faf9f1e67678d45b7cd8c350d04e95baeead6b79c4cff607556fb7129,True,1
valid,104,1413,1932,cf8bee4faf9f1e67678d45b7cd8c350d04e95baeead6b79c4cff607556fb7129,False,0,4488,4488,cf8bee4faf9f1e67678d45b7cd8c350d04e95baeead6b79c4cff607556fb7129,cf8bee4faf9f1e67678d45b7cd8c350d04e95baeead6b79c4cff607556fb7129,True,1
valid,105,70,2184,cf8bee4faf9f1e67678d45b7cd8c350d04e95baeead6b79c4cff607556fb7129,False,0,4488,4488,cf8bee4faf9f1e67678d45b7cd8c350d04e95baeead6b79c4cff607556fb7129,cf8bee4faf9f1e67678d45b7cd8c350d04e95baeead6b79c4cff607556fb7129,True,1
valid,106,27,1810,cf8bee4faf9f1e67678d45b7cd8c350d04e95baeead6b79c4cff607556fb7129,False,0,4488,4488,cf8bee4faf9f1e67678d45b7cd8c350d04e95baeead6b79c4cff607556fb7129,cf8bee4faf9f1e67678d45b7cd8c350d04e95baeead6b79c4cff607556fb7129,True,1
valid,107,2103,2385,cf8bee4faf9f1e67678d45b7cd8c350d04e95baeead6b79c4cff607556fb7129,False,0,4488,4488,cf8bee4faf9f1e67678d45b7cd8c350d04e95baeead6b79c4cff607556fb7129,cf8bee4faf9f1e67678d45b7cd8c350d04e95baeead6b79c4cff607556fb7129,True,1
valid,108,898,1836,cf8bee4faf9f1e67678d45b7cd8c350d04e95baeead6b79c4cff607556fb7129,False,0,4488,4488,cf8bee4faf9f1e67678d45b7cd8c350d04e95baeead6b79c4cff607556fb7129,cf8bee4faf9f1e67678d45b7cd8c350d04e95baeead6b79c4cff607556fb7129,True,1
valid,109,1739,1886,cf8bee4faf9f1e67678d45b7cd8c350d04e95baeead6b79c4cff607556fb7129,False,0,4488,4488,cf8bee4faf9f1e67678d45b7cd8c350d04e95baeead6b79c4cff607556fb7129,cf8bee4faf9f1e67678d45b7cd8c350d04e95baeead6b79c4cff607556fb7129,True,1
valid,110,607,1213,cf8bee4faf9f1e67678d45b7cd8c350d04e95baeead6b79c4cff607556fb7129,False,0,4488,4488,cf8bee4faf9f1e67678d45b7cd8c350d04e95baeead6b79c4cff607556fb7129,cf8bee4faf9f1e67678d45b7cd8c350d04e95baeead6b79c4cff607556fb7129,True,1
valid,111,1171,1355,cf8bee4faf9f1e67678d45b7cd8c350d04e95baeead6b79c4cff607556fb7129,False,0,4488,4488,cf8bee4faf9f1e67678d45b7cd8c350d04e95baeead6b79c4cff607556fb7129,cf8bee4faf9f1e67678d45b7cd8c350d04e95baeead6b79c4cff607556fb7129,True,1
valid,112,1226,1956,cf8bee4faf9f1e67678d45b7cd8c350d04e95baeead6b79c4cff607556fb7129,False,0,4488,4488,cf8bee4faf9f1e67678d45b7cd8c350d04e95baeead6b79c4cff607556fb7129,cf8bee4faf9f1e67678d45b7cd8c350d04e95baeead6b79c4cff607556fb7129,True,1
valid,113,1920,2422,cf8bee4faf9f1e67678d45b7cd8c350d04e95baeead6b79c4cff607556fb7129,False,0,4488,4488,cf8bee4faf9f1e67678d45b7cd8c350d04e95baeead6b79c4cff607556fb7129,cf8bee4faf9f1e67678d45b7cd8c350d04e95baeead6b79c4cff607556fb7129,True,1
valid,114,1701,1858,cf8bee4faf9f1e67678d45b7cd8c350d04e95baeead6b79c4cff607556fb7129,False,0,4488,4488,cf8bee4faf9f1e67678d45b7cd8c350d04e95baeead6b79c4cff607556fb7129,cf8bee4faf9f1e67678d45b7cd8c350d04e95baeead6b79c4cff607556fb7129,True,1
valid,115,1033,2168,cf8bee4faf9f1e67678d45b7cd8c350d04e95baeead6b79c4cff607556fb7129,False,0,4488,4488,cf8bee4faf9f1e67678d45b7cd8c350d04e95baeead6b79c4cff607556fb7129,cf8bee4faf9f1e67678d45b7cd8c350d04e95baeead6b79c4cff607556fb7129,True,1
valid,116,1698,2160,cf8bee4faf9f1e67678d45b7cd8c350d04e95baeead6b79c4cff607556fb7129,False,0,4488,4488,cf8bee4faf9f1e67678d45b7cd8c350d04e95baeead6b79c4cff607556fb7129,cf8bee4faf9f1e67678d45b7cd8c350d04e95baeead6b79c4cff607556fb7129,True,1
valid,117,2113,2450,cf8bee4faf9f1e67678d45b7cd8c350d04e95baeead6b79c4cff607556fb7129,False,0,4488,4488,cf8bee4faf9f1e67678d45b7cd8c350d04e95baeead6b79c4cff607556fb7129,cf8bee4faf9f1e67678d45b7cd8c350d04e95baeead6b79c4cff607556fb7129,True,1
valid,118,833,2595,cf8bee4faf9f1e67678d45b7cd8c350d04e95baeead6b79c4cff607556fb7129,False,0,4488,4488,cf8bee4faf9f1e67678d45b7cd8c350d04e95baeead6b79c4cff607556fb7129,cf8bee4faf9f1e67678d45b7cd8c350d04e95baeead6b79c4cff607556fb7129,True,1
valid,119,1687,1721,cf8bee4faf9f1e67678d45b7cd8c350d04e95baeead6b79c4cff607556fb7129,False,0,4488,4488,cf8bee4faf9f1e67678d45b7cd8c350d04e95baeead6b79c4cff607556fb7129,cf8bee4faf9f1e67678d45b7cd8c350d04e95baeead6b79c4cff607556fb7129,True,1
valid,120,23,2159,cf8bee4faf9f1e67678d45b7cd8c350d04e95baeead6b79c4cff607556fb7129,False,0,4488,4488,cf8bee4faf9f1e67678d45b7cd8c350d04e95baeead6b79c4cff607556fb7129,cf8bee4faf9f1e67678d45b7cd8c350d04e95baeead6b79c4cff607556fb7129,True,1
valid,121,394,577,cf8bee4faf9f1e67678d45b7cd8c350d04e95baeead6b79c4cff607556fb7129,False,0,4488,4488,cf8bee4faf9f1e67678d45b7cd8c350d04e95baeead6b79c4cff607556fb7129,cf8bee4faf9f1e67678d45b7cd8c350d04e95baeead6b79c4cff607556fb7129,True,1
valid,122,444,828,cf8bee4faf9f1e67678d45b7cd8c350d04e95baeead6b79c4cff607556fb7129,False,0,4488,4488,cf8bee4faf9f1e67678d45b7cd8c350d04e95baeead6b79c4cff607556fb7129,cf8bee4faf9f1e67678d45b7cd8c350d04e95baeead6b79c4cff607556fb7129,True,1
valid,123,316,1073,cf8bee4faf9f1e67678d45b7cd8c350d04e95baeead6b79c4cff607556fb7129,False,0,4488,4488,cf8bee4faf9f1e67678d45b7cd8c350d04e95baeead6b79c4cff607556fb7129,cf8bee4faf9f1e67678d45b7cd8c350d04e95baeead6b79c4cff607556fb7129,True,1
valid,124,2679,2682,cf8bee4faf9f1e67678d45b7cd8c350d04e95baeead6b79c4cff607556fb7129,False,0,4488,4488,cf8bee4faf9f1e67678d45b7cd8c350d04e95baeead6b79c4cff607556fb7129,cf8bee4faf9f1e67678d45b7cd8c350d04e95baeead6b79c4cff607556fb7129,True,1
valid,125,800,889,cf8bee4faf9f1e67678d45b7cd8c350d04e95baeead6b79c4cff607556fb7129,False,0,4488,4488,cf8bee4faf9f1e67678d45b7cd8c350d04e95baeead6b79c4cff607556fb7129,cf8bee4faf9f1e67678d45b7cd8c350d04e95baeead6b79c4cff607556fb7129,True,1
valid,126,819,1606,cf8bee4faf9f1e67678d45b7cd8c350d04e95baeead6b79c4cff607556fb7129,False,0,4488,4488,cf8bee4faf9f1e67678d45b7cd8c350d04e95baeead6b79c4cff607556fb7129,cf8bee4faf9f1e67678d45b7cd8c350d04e95baeead6b79c4cff607556fb7129,True,1
valid,127,74,1118,cf8bee4faf9f1e67678d45b7cd8c350d04e95baeead6b79c4cff607556fb7129,False,0,4488,4488,cf8bee4faf9f1e67678d45b7cd8c350d04e95baeead6b79c4cff607556fb7129,cf8bee4faf9f1e67678d45b7cd8c350d04e95baeead6b79c4cff607556fb7129,True,1
valid,128,505,1251,cf8bee4faf9f1e67678d45b7cd8c350d04e95baeead6b79c4cff607556fb7129,False,0,4488,4488,cf8bee4faf9f1e67678d45b7cd8c350d04e95baeead6b79c4cff607556fb7129,cf8bee4faf9f1e67678d45b7cd8c350d04e95baeead6b79c4cff607556fb7129,True,1
valid,129,942,1924,cf8bee4faf9f1e67678d45b7cd8c350d04e95baeead6b79c4cff607556fb7129,False,0,4488,4488,cf8bee4faf9f1e67678d45b7cd8c350d04e95baeead6b79c4cff607556fb7129,cf8bee4faf9f1e67678d45b7cd8c350d04e95baeead6b79c4cff607556fb7129,True,1
valid,130,2483,2484,cf8bee4faf9f1e67678d45b7cd8c350d04e95baeead6b79c4cff607556fb7129,False,0,4488,4488,cf8bee4faf9f1e67678d45b7cd8c350d04e95baeead6b79c4cff607556fb7129,cf8bee4faf9f1e67678d45b7cd8c350d04e95baeead6b79c4cff607556fb7129,True,1
valid,131,230,577,cf8bee4faf9f1e67678d45b7cd8c350d04e95baeead6b79c4cff607556fb7129,False,0,4488,4488,cf8bee4faf9f1e67678d45b7cd8c350d04e95baeead6b79c4cff607556fb7129,cf8bee4faf9f1e67678d45b7cd8c350d04e95baeead6b79c4cff607556fb7129,True,1
valid,132,1671,1968,cf8bee4faf9f1e67678d45b7cd8c350d04e95baeead6b79c4cff607556fb7129,False,0,4488,4488,cf8bee4faf9f1e67678d45b7cd8c350d04e95baeead6b79c4cff607556fb7129,cf8bee4faf9f1e67678d45b7cd8c350d04e95baeead6b79c4cff607556fb7129,True,1
valid,133,239,2021,cf8bee4faf9f1e67678d45b7cd8c350d04e95baeead6b79c4cff607556fb7129,False,0,4488,4488,cf8bee4faf9f1e67678d45b7cd8c350d04e95baeead6b79c4cff607556fb7129,cf8bee4faf9f1e67678d45b7cd8c350d04e95baeead6b79c4cff607556fb7129,True,1
valid,134,596,992,cf8bee4faf9f1e67678d45b7cd8c350d04e95baeead6b79c4cff607556fb7129,False,0,4488,4488,cf8bee4faf9f1e67678d45b7cd8c350d04e95baeead6b79c4cff607556fb7129,cf8bee4faf9f1e67678d45b7cd8c350d04e95baeead6b79c4cff607556fb7129,True,1
valid,135,1226,2528,cf8bee4faf9f1e67678d45b7cd8c350d04e95baeead6b79c4cff607556fb7129,False,0,4488,4488,cf8bee4faf9f1e67678d45b7cd8c350d04e95baeead6b79c4cff607556fb7129,cf8bee4faf9f1e67678d45b7cd8c350d04e95baeead6b79c4cff607556fb7129,True,1
valid,136,1013,1625,cf8bee4faf9f1e67678d45b7cd8c350d04e95baeead6b79c4cff607556fb7129,False,0,4488,4488,cf8bee4faf9f1e67678d45b7cd8c350d04e95baeead6b79c4cff607556fb7129,cf8bee4faf9f1e67678d45b7cd8c350d04e95baeead6b79c4cff607556fb7129,True,1
valid,137,912,2130,cf8bee4faf9f1e67678d45b7cd8c350d04e95baeead6b79c4cff607556fb7129,False,0,4488,4488,cf8bee4faf9f1e67678d45b7cd8c350d04e95baeead6b79c4cff607556fb7129,cf8bee4faf9f1e67678d45b7cd8c350d04e95baeead6b79c4cff607556fb7129,True,1
valid,138,399,1769,cf8bee4faf9f1e67678d45b7cd8c350d04e95baeead6b79c4cff607556fb7129,False,0,4488,4488,cf8bee4faf9f1e67678d45b7cd8c350d04e95baeead6b79c4cff607556fb7129,cf8bee4faf9f1e67678d45b7cd8c350d04e95baeead6b79c4cff607556fb7129,True,1
valid,139,704,2450,cf8bee4faf9f1e67678d45b7cd8c350d04e95baeead6b79c4cff607556fb7129,False,0,4488,4488,cf8bee4faf9f1e67678d45b7cd8c350d04e95baeead6b79c4cff607556fb7129,cf8bee4faf9f1e67678d45b7cd8c350d04e95baeead6b79c4cff607556fb7129,True,1
valid,140,1309,2178,cf8bee4faf9f1e67678d45b7cd8c350d04e95baeead6b79c4cff607556fb7129,False,0,4488,4488,cf8bee4faf9f1e67678d45b7cd8c350d04e95baeead6b79c4cff607556fb7129,cf8bee4faf9f1e67678d45b7cd8c350d04e95baeead6b79c4cff607556fb7129,True,1
valid,141,583,2224,cf8bee4faf9f1e67678d45b7cd8c350d04e95baeead6b79c4cff607556fb7129,False,0,4488,4488,cf8bee4faf9f1e67678d45b7cd8c350d04e95baeead6b79c4cff607556fb7129,cf8bee4faf9f1e67678d45b7cd8c350d04e95baeead6b79c4cff607556fb7129,True,1
valid,142,1395,2189,cf8bee4faf9f1e67678d45b7cd8c350d04e95baeead6b79c4cff607556fb7129,False,0,4488,4488,cf8bee4faf9f1e67678d45b7cd8c350d04e95baeead6b79c4cff607556fb7129,cf8bee4faf9f1e67678d45b7cd8c350d04e95baeead6b79c4cff607556fb7129,True,1
valid,143,429,1669,cf8bee4faf9f1e67678d45b7cd8c350d04e95baeead6b79c4cff607556fb7129,False,0,4488,4488,cf8bee4faf9f1e67678d45b7cd8c350d04e95baeead6b79c4cff607556fb7129,cf8bee4faf9f1e67678d45b7cd8c350d04e95baeead6b79c4cff607556fb7129,True,1
valid,144,1184,1190,cf8bee4faf9f1e67678d45b7cd8c350d04e95baeead6b79c4cff607556fb7129,False,0,4488,4488,cf8bee4faf9f1e67678d45b7cd8c350d04e95baeead6b79c4cff607556fb7129,cf8bee4faf9f1e67678d45b7cd8c350d04e95baeead6b79c4cff607556fb7129,True,1
valid,145,778,1224,cf8bee4faf9f1e67678d45b7cd8c350d04e95baeead6b79c4cff607556fb7129,False,0,4488,4488,cf8bee4faf9f1e67678d45b7cd8c350d04e95baeead6b79c4cff607556fb7129,cf8bee4faf9f1e67678d45b7cd8c350d04e95baeead6b79c4cff607556fb7129,True,1
valid,146,318,563,cf8bee4faf9f1e67678d45b7cd8c350d04e95baeead6b79c4cff607556fb7129,False,0,4488,4488,cf8bee4faf9f1e67678d45b7cd8c350d04e95baeead6b79c4cff607556fb7129,cf8bee4faf9f1e67678d45b7cd8c350d04e95baeead6b79c4cff607556fb7129,True,1
valid,147,261,1479,cf8bee4faf9f1e67678d45b7cd8c350d04e95baeead6b79c4cff607556fb7129,False,0,4488,4488,cf8bee4faf9f1e67678d45b7cd8c350d04e95baeead6b79c4cff607556fb7129,cf8bee4faf9f1e67678d45b7cd8c350d04e95baeead6b79c4cff607556fb7129,True,1
valid,148,281,746,cf8bee4faf9f1e67678d45b7cd8c350d04e95baeead6b79c4cff607556fb7129,False,0,4488,4488,cf8bee4faf9f1e67678d45b7cd8c350d04e95baeead6b79c4cff607556fb7129,cf8bee4faf9f1e67678d45b7cd8c350d04e95baeead6b79c4cff607556fb7129,True,1
valid,149,1317,2220,cf8bee4faf9f1e67678d45b7cd8c350d04e95baeead6b79c4cff607556fb7129,False,0,4488,4488,cf8bee4faf9f1e67678d45b7cd8c350d04e95baeead6b79c4cff607556fb7129,cf8bee4faf9f1e67678d45b7cd8c350d04e95baeead6b79c4cff607556fb7129,True,1
valid,150,718,2261,cf8bee4faf9f1e67678d45b7cd8c350d04e95baeead6b79c4cff607556fb7129,False,0,4488,4488,cf8bee4faf9f1e67678d45b7cd8c350d04e95baeead6b79c4cff607556fb7129,cf8bee4faf9f1e67678d45b7cd8c350d04e95baeead6b79c4cff607556fb7129,True,1
valid,151,243,2648,cf8bee4faf9f1e67678d45b7cd8c350d04e95baeead6b79c4cff607556fb7129,False,0,4488,4488,cf8bee4faf9f1e67678d45b7cd8c350d04e95baeead6b79c4cff607556fb7129,cf8bee4faf9f1e67678d45b7cd8c350d04e95baeead6b79c4cff607556fb7129,True,1
valid,152,415,851,cf8bee4faf9f1e67678d45b7cd8c350d04e95baeead6b79c4cff607556fb7129,False,0,4488,4488,cf8bee4faf9f1e67678d45b7cd8c350d04e95baeead6b79c4cff607556fb7129,cf8bee4faf9f1e67678d45b7cd8c350d04e95baeead6b79c4cff607556fb7129,True,1
valid,153,368,1194,cf8bee4faf9f1e67678d45b7cd8c350d04e95baeead6b79c4cff607556fb7129,False,0,4488,4488,cf8bee4faf9f1e67678d45b7cd8c350d04e95baeead6b79c4cff607556fb7129,cf8bee4faf9f1e67678d45b7cd8c350d04e95baeead6b79c4cff607556fb7129,True,1
valid,154,1183,1825,cf8bee4faf9f1e67678d45b7cd8c350d04e95baeead6b79c4cff607556fb7129,False,0,4488,4488,cf8bee4faf9f1e67678d45b7cd8c350d04e95baeead6b79c4cff607556fb7129,cf8bee4faf9f1e67678d45b7cd8c350d04e95baeead6b79c4cff607556fb7129,True,1
valid,155,979,2207,cf8bee4faf9f1e67678d45b7cd8c350d04e95baeead6b79c4cff607556fb7129,False,0,4488,4488,cf8bee4faf9f1e67678d45b7cd8c350d04e95baeead6b79c4cff607556fb7129,cf8bee4faf9f1e67678d45b7cd8c350d04e95baeead6b79c4cff607556fb7129,True,1
valid,156,341,1358,cf8bee4faf9f1e67678d45b7cd8c350d04e95baeead6b79c4cff607556fb7129,False,0,4488,4488,cf8bee4faf9f1e67678d45b7cd8c350d04e95baeead6b79c4cff607556fb7129,cf8bee4faf9f1e67678d45b7cd8c350d04e95baeead6b79c4cff607556fb7129,True,1
valid,157,695,1998,cf8bee4faf9f1e67678d45b7cd8c350d04e95baeead6b79c4cff607556fb7129,False,0,4488,4488,cf8bee4faf9f1e67678d45b7cd8c350d04e95baeead6b79c4cff607556fb7129,cf8bee4faf9f1e67678d45b7cd8c350d04e95baeead6b79c4cff607556fb7129,True,1
valid,158,1358,1516,cf8bee4faf9f1e67678d45b7cd8c350d04e95baeead6b79c4cff607556fb7129,False,0,4488,4488,cf8bee4faf9f1e67678d45b7cd8c350d04e95baeead6b79c4cff607556fb7129,cf8bee4faf9f1e67678d45b7cd8c350d04e95baeead6b79c4cff607556fb7129,True,1
valid,159,546,2127,cf8bee4faf9f1e67678d45b7cd8c350d04e95baeead6b79c4cff607556fb7129,False,0,4488,4488,cf8bee4faf9f1e67678d45b7cd8c350d04e95baeead6b79c4cff607556fb7129,cf8bee4faf9f1e67678d45b7cd8c350d04e95baeead6b79c4cff607556fb7129,True,1
valid,160,1795,1796,cf8bee4faf9f1e67678d45b7cd8c350d04e95baeead6b79c4cff607556fb7129,False,0,4488,4488,cf8bee4faf9f1e67678d45b7cd8c350d04e95baeead6b79c4cff607556fb7129,cf8bee4faf9f1e67678d45b7cd8c350d04e95baeead6b79c4cff607556fb7129,True,1
valid,161,111,1762,cf8bee4faf9f1e67678d45b7cd8c350d04e95baeead6b79c4cff607556fb7129,False,0,4488,4488,cf8bee4faf9f1e67678d45b7cd8c350d04e95baeead6b79c4cff607556fb7129,cf8bee4faf9f1e67678d45b7cd8c350d04e95baeead6b79c4cff607556fb7129,True,1
valid,162,975,2097,cf8bee4faf9f1e67678d45b7cd8c350d04e95baeead6b79c4cff607556fb7129,False,0,4488,4488,cf8bee4faf9f1e67678d45b7cd8c350d04e95baeead6b79c4cff607556fb7129,cf8bee4faf9f1e67678d45b7cd8c350d04e95baeead6b79c4cff607556fb7129,True,1
valid,163,297,598,cf8bee4faf9f1e67678d45b7cd8c350d04e95baeead6b79c4cff607556fb7129,False,0,4488,4488,cf8bee4faf9f1e67678d45b7cd8c350d04e95baeead6b79c4cff607556fb7129,cf8bee4faf9f1e67678d45b7cd8c350d04e95baeead6b79c4cff607556fb7129,True,1
valid,164,121,802,cf8bee4faf9f1e67678d45b7cd8c350d04e95baeead6b79c4cff607556fb7129,False,0,4488,4488,cf8bee4faf9f1e67678d45b7cd8c350d04e95baeead6b79c4cff607556fb7129,cf8bee4faf9f1e67678d45b7cd8c350d04e95baeead6b79c4cff607556fb7129,True,1
valid,165,1973,1975,cf8bee4faf9f1e67678d45b7cd8c350d04e95baeead6b79c4cff607556fb7129,False,0,4488,4488,cf8bee4faf9f1e67678d45b7cd8c350d04e95baeead6b79c4cff607556fb7129,cf8bee4faf9f1e67678d45b7cd8c350d04e95baeead6b79c4cff607556fb7129,True,1
valid,166,897,1494,cf8bee4faf9f1e67678d45b7cd8c350d04e95baeead6b79c4cff607556fb7129,False,0,4488,4488,cf8bee4faf9f1e67678d45b7cd8c350d04e95baeead6b79c4cff607556fb7129,cf8bee4faf9f1e67678d45b7cd8c350d04e95baeead6b79c4cff607556fb7129,True,1
valid,167,65,619,cf8bee4faf9f1e67678d45b7cd8c350d04e95baeead6b79c4cff607556fb7129,False,0,4488,4488,cf8bee4faf9f1e67678d45b7cd8c350d04e95baeead6b79c4cff607556fb7129,cf8bee4faf9f1e67678d45b7cd8c350d04e95baeead6b79c4cff607556fb7129,True,1
valid,168,1163,2132,cf8bee4faf9f1e67678d45b7cd8c350d04e95baeead6b79c4cff607556fb7129,False,0,4488,4488,cf8bee4faf9f1e67678d45b7cd8c350d04e95baeead6b79c4cff607556fb7129,cf8bee4faf9f1e67678d45b7cd8c350d04e95baeead6b79c4cff607556fb7129,True,1
valid,169,490,2099,cf8bee4faf9f1e67678d45b7cd8c350d04e95baeead6b79c4cff607556fb7129,False,0,4488,4488,cf8bee4faf9f1e67678d45b7cd8c350d04e95baeead6b79c4cff607556fb7129,cf8bee4faf9f1e67678d45b7cd8c350d04e95baeead6b79c4cff607556fb7129,True,1
valid,170,1131,1500,cf8bee4faf9f1e67678d45b7cd8c350d04e95baeead6b79c4cff607556fb7129,False,0,4488,4488,cf8bee4faf9f1e67678d45b7cd8c350d04e95baeead6b79c4cff607556fb7129,cf8bee4faf9f1e67678d45b7cd8c350d04e95baeead6b79c4cff607556fb7129,True,1
valid,171,2155,2295,cf8bee4faf9f1e67678d45b7cd8c350d04e95baeead6b79c4cff607556fb7129,False,0,4488,4488,cf8bee4faf9f1e67678d45b7cd8c350d04e95baeead6b79c4cff607556fb7129,cf8bee4faf9f1e67678d45b7cd8c350d04e95baeead6b79c4cff607556fb7129,True,1
valid,172,1658,2018,cf8bee4faf9f1e67678d45b7cd8c350d04e95baeead6b79c4cff607556fb7129,False,0,4488,4488,cf8bee4faf9f1e67678d45b7cd8c350d04e95baeead6b79c4cff607556fb7129,cf8bee4faf9f1e67678d45b7cd8c350d04e95baeead6b79c4cff607556fb7129,True,1
valid,173,861,2068,cf8bee4faf9f1e67678d45b7cd8c350d04e95baeead6b79c4cff607556fb7129,False,0,4488,4488,cf8bee4faf9f1e67678d45b7cd8c350d04e95baeead6b79c4cff607556fb7129,cf8bee4faf9f1e67678d45b7cd8c350d04e95baeead6b79c4cff607556fb7129,True,1
valid,174,1665,1701,cf8bee4faf9f1e67678d45b7cd8c350d04e95baeead6b79c4cff607556fb7129,False,0,4488,4488,cf8bee4faf9f1e67678d45b7cd8c350d04e95baeead6b79c4cff607556fb7129,cf8bee4faf9f1e67678d45b7cd8c350d04e95baeead6b79c4cff607556fb7129,True,1
valid,175,239,1909,cf8bee4faf9f1e67678d45b7cd8c350d04e95baeead6b79c4cff607556fb7129,False,0,4488,4488,cf8bee4faf9f1e67678d45b7cd8c350d04e95baeead6b79c4cff607556fb7129,cf8bee4faf9f1e67678d45b7cd8c350d04e95baeead6b79c4cff607556fb7129,True,1
valid,176,368,1545,cf8bee4faf9f1e67678d45b7cd8c350d04e95baeead6b79c4cff607556fb7129,False,0,4488,4488,cf8bee4faf9f1e67678d45b7cd8c350d04e95baeead6b79c4cff607556fb7129,cf8bee4faf9f1e67678d45b7cd8c350d04e95baeead6b79c4cff607556fb7129,True,1
valid,177,1144,1623,cf8bee4faf9f1e67678d45b7cd8c350d04e95baeead6b79c4cff607556fb7129,False,0,4488,4488,cf8bee4faf9f1e67678d45b7cd8c350d04e95baeead6b79c4cff607556fb7129,cf8bee4faf9f1e67678d45b7cd8c350d04e95baeead6b79c4cff607556fb7129,True,1
valid,178,591,1423,cf8bee4faf9f1e67678d45b7cd8c350d04e95baeead6b79c4cff607556fb7129,False,0,4488,4488,cf8bee4faf9f1e67678d45b7cd8c350d04e95baeead6b79c4cff607556fb7129,cf8bee4faf9f1e67678d45b7cd8c350d04e95baeead6b79c4cff607556fb7129,True,1
valid,179,1240,1443,cf8bee4faf9f1e67678d45b7cd8c350d04e95baeead6b79c4cff607556fb7129,False,0,4488,4488,cf8bee4faf9f1e67678d45b7cd8c350d04e95baeead6b79c4cff607556fb7129,cf8bee4faf9f1e67678d45b7cd8c350d04e95baeead6b79c4cff607556fb7129,True,1
valid,180,719,1810,cf8bee4faf9f1e67678d45b7cd8c350d04e95baeead6b79c4cff607556fb7129,False,0,4488,4488,cf8bee4faf9f1e67678d45b7cd8c350d04e95baeead6b79c4cff607556fb7129,cf8bee4faf9f1e67678d45b7cd8c350d04e95baeead6b79c4cff607556fb7129,True,1
valid,181,695,948,cf8bee4faf9f1e67678d45b7cd8c350d04e95baeead6b79c4cff607556fb7129,False,0,4488,4488,cf8bee4faf9f1e67678d45b7cd8c350d04e95baeead6b79c4cff607556fb7129,cf8bee4faf9f1e67678d45b7cd8c350d04e95baeead6b79c4cff607556fb7129,True,1
valid,182,33,911,cf8bee4faf9f1e67678d45b7cd8c350d04e95baeead6b79c4cff607556fb7129,False,0,4488,4488,cf8bee4faf9f1e67678d45b7cd8c350d04e95baeead6b79c4cff607556fb7129,cf8bee4faf9f1e67678d45b7cd8c350d04e95baeead6b79c4cff607556fb7129,True,1
valid,183,1016,1256,cf8bee4faf9f1e67678d45b7cd8c350d04e95baeead6b79c4cff607556fb7129,False,0,4488,4488,cf8bee4faf9f1e67678d45b7cd8c350d04e95baeead6b79c4cff607556fb7129,cf8bee4faf9f1e67678d45b7cd8c350d04e95baeead6b79c4cff607556fb7129,True,1
valid,184,147,1976,cf8bee4faf9f1e67678d45b7cd8c350d04e95baeead6b79c4cff607556fb7129,False,0,4488,4488,cf8bee4faf9f1e67678d45b7cd8c350d04e95baeead6b79c4cff607556fb7129,cf8bee4faf9f1e67678d45b7cd8c350d04e95baeead6b79c4cff607556fb7129,True,1
valid,185,71,206,cf8bee4faf9f1e67678d45b7cd8c350d04e95baeead6b79c4cff607556fb7129,False,0,4488,4488,cf8bee4faf9f1e67678d45b7cd8c350d04e95baeead6b79c4cff607556fb7129,cf8bee4faf9f1e67678d45b7cd8c350d04e95baeead6b79c4cff607556fb7129,True,1
valid,186,2615,2696,cf8bee4faf9f1e67678d45b7cd8c350d04e95baeead6b79c4cff607556fb7129,False,0,4488,4488,cf8bee4faf9f1e67678d45b7cd8c350d04e95baeead6b79c4cff607556fb7129,cf8bee4faf9f1e67678d45b7cd8c350d04e95baeead6b79c4cff607556fb7129,True,1
valid,187,741,1282,cf8bee4faf9f1e67678d45b7cd8c350d04e95baeead6b79c4cff607556fb7129,False,0,4488,4488,cf8bee4faf9f1e67678d45b7cd8c350d04e95baeead6b79c4cff607556fb7129,cf8bee4faf9f1e67678d45b7cd8c350d04e95baeead6b79c4cff607556fb7129,True,1
valid,188,623,2464,cf8bee4faf9f1e67678d45b7cd8c350d04e95baeead6b79c4cff607556fb7129,False,0,4488,4488,cf8bee4faf9f1e67678d45b7cd8c350d04e95baeead6b79c4cff607556fb7129,cf8bee4faf9f1e67678d45b7cd8c350d04e95baeead6b79c4cff607556fb7129,True,1
valid,189,570,2430,cf8bee4faf9f1e67678d45b7cd8c350d04e95baeead6b79c4cff607556fb7129,False,0,4488,4488,cf8bee4faf9f1e67678d45b7cd8c350d04e95baeead6b79c4cff607556fb7129,cf8bee4faf9f1e67678d45b7cd8c350d04e95baeead6b79c4cff607556fb7129,True,1
valid,190,643,2407,cf8bee4faf9f1e67678d45b7cd8c350d04e95baeead6b79c4cff607556fb7129,False,0,4488,4488,cf8bee4faf9f1e67678d45b7cd8c350d04e95baeead6b79c4cff607556fb7129,cf8bee4faf9f1e67678d45b7cd8c350d04e95baeead6b79c4cff607556fb7129,True,1
valid,191,1609,1791,cf8bee4faf9f1e67678d45b7cd8c350d04e95baeead6b79c4cff607556fb7129,False,0,4488,4488,cf8bee4faf9f1e67678d45b7cd8c350d04e95baeead6b79c4cff607556fb7129,cf8bee4faf9f1e67678d45b7cd8c350d04e95baeead6b79c4cff607556fb7129,True,1
valid,192,1464,1482,cf8bee4faf9f1e67678d45b7cd8c350d04e95baeead6b79c4cff607556fb7129,False,0,4488,4488,cf8bee4faf9f1e67678d45b7cd8c350d04e95baeead6b79c4cff607556fb7129,cf8bee4faf9f1e67678d45b7cd8c350d04e95baeead6b79c4cff607556fb7129,True,1
valid,193,2367,2369,cf8bee4faf9f1e67678d45b7cd8c350d04e95baeead6b79c4cff607556fb7129,False,0,4488,4488,cf8bee4faf9f1e67678d45b7cd8c350d04e95baeead6b79c4cff607556fb7129,cf8bee4faf9f1e67678d45b7cd8c350d04e95baeead6b79c4cff607556fb7129,True,1
valid,194,55,2021,cf8bee4faf9f1e67678d45b7cd8c350d04e95baeead6b79c4cff607556fb7129,False,0,4488,4488,cf8bee4faf9f1e67678d45b7cd8c350d04e95baeead6b79c4cff607556fb7129,cf8bee4faf9f1e67678d45b7cd8c350d04e95baeead6b79c4cff607556fb7129,True,1
valid,195,438,718,cf8bee4faf9f1e67678d45b7cd8c350d04e95baeead6b79c4cff607556fb7129,False,0,4488,4488,cf8bee4faf9f1e67678d45b7cd8c350d04e95baeead6b79c4cff607556fb7129,cf8bee4faf9f1e67678d45b7cd8c350d04e95baeead6b79c4cff607556fb7129,True,1
valid,196,877,1542,cf8bee4faf9f1e67678d45b7cd8c350d04e95baeead6b79c4cff607556fb7129,False,0,4488,4488,cf8bee4faf9f1e67678d45b7cd8c350d04e95baeead6b79c4cff607556fb7129,cf8bee4faf9f1e67678d45b7cd8c350d04e95baeead6b79c4cff607556fb7129,True,1
valid,197,1441,1700,cf8bee4faf9f1e67678d45b7cd8c350d04e95baeead6b79c4cff607556fb7129,False,0,4488,4488,cf8bee4faf9f1e67678d45b7cd8c350d04e95baeead6b79c4cff607556fb7129,cf8bee4faf9f1e67678d45b7cd8c350d04e95baeead6b79c4cff607556fb7129,True,1
valid,198,1810,1869,cf8bee4faf9f1e67678d45b7cd8c350d04e95baeead6b79c4cff607556fb7129,False,0,4488,4488,cf8bee4faf9f1e67678d45b7cd8c350d04e95baeead6b79c4cff607556fb7129,cf8bee4faf9f1e67678d45b7cd8c350d04e95baeead6b79c4cff607556fb7129,True,1
valid,199,392,1415,cf8bee4faf9f1e67678d45b7cd8c350d04e95baeead6b79c4cff607556fb7129,False,0,4488,4488,cf8bee4faf9f1e67678d45b7cd8c350d04e95baeead6b79c4cff607556fb7129,cf8bee4faf9f1e67678d45b7cd8c350d04e95baeead6b79c4cff607556fb7129,True,1
valid,200,41,1914,cf8bee4faf9f1e67678d45b7cd8c350d04e95baeead6b79c4cff607556fb7129,False,0,4488,4488,cf8bee4faf9f1e67678d45b7cd8c350d04e95baeead6b79c4cff607556fb7129,cf8bee4faf9f1e67678d45b7cd8c350d04e95baeead6b79c4cff607556fb7129,True,1
valid,201,1282,1283,cf8bee4faf9f1e67678d45b7cd8c350d04e95baeead6b79c4cff607556fb7129,False,0,4488,4488,cf8bee4faf9f1e67678d45b7cd8c350d04e95baeead6b79c4cff607556fb7129,cf8bee4faf9f1e67678d45b7cd8c350d04e95baeead6b79c4cff607556fb7129,True,1
valid,202,248,1531,cf8bee4faf9f1e67678d45b7cd8c350d04e95baeead6b79c4cff607556fb7129,False,0,4488,4488,cf8bee4faf9f1e67678d45b7cd8c350d04e95baeead6b79c4cff607556fb7129,cf8bee4faf9f1e67678d45b7cd8c350d04e95baeead6b79c4cff607556fb7129,True,1
valid,203,621,1332,cf8bee4faf9f1e67678d45b7cd8c350d04e95baeead6b79c4cff607556fb7129,False,0,4488,4488,cf8bee4faf9f1e67678d45b7cd8c350d04e95baeead6b79c4cff607556fb7129,cf8bee4faf9f1e67678d45b7cd8c350d04e95baeead6b79c4cff607556fb7129,True,1
valid,204,95,1580,cf8bee4faf9f1e67678d45b7cd8c350d04e95baeead6b79c4cff607556fb7129,False,0,4488,4488,cf8bee4faf9f1e67678d45b7cd8c350d04e95baeead6b79c4cff607556fb7129,cf8bee4faf9f1e67678d45b7cd8c350d04e95baeead6b79c4cff607556fb7129,True,1
valid,205,487,1772,cf8bee4faf9f1e67678d45b7cd8c350d04e95baeead6b79c4cff607556fb7129,False,0,4488,4488,cf8bee4faf9f1e67678d45b7cd8c350d04e95baeead6b79c4cff607556fb7129,cf8bee4faf9f1e67678d45b7cd8c350d04e95baeead6b79c4cff607556fb7129,True,1
valid,206,487,1798,cf8bee4faf9f1e67678d45b7cd8c350d04e95baeead6b79c4cff607556fb7129,False,0,4488,4488,cf8bee4faf9f1e67678d45b7cd8c350d04e95baeead6b79c4cff607556fb7129,cf8bee4faf9f1e67678d45b7cd8c350d04e95baeead6b79c4cff607556fb7129,True,1
valid,207,1212,1701,cf8bee4faf9f1e67678d45b7cd8c350d04e95baeead6b79c4cff607556fb7129,False,0,4488,4488,cf8bee4faf9f1e67678d45b7cd8c350d04e95baeead6b79c4cff607556fb7129,cf8bee4faf9f1e67678d45b7cd8c350d04e95baeead6b79c4cff607556fb7129,True,1
valid,208,454,581,cf8bee4faf9f1e67678d45b7cd8c350d04e95baeead6b79c4cff607556fb7129,False,0,4488,4488,cf8bee4faf9f1e67678d45b7cd8c350d04e95baeead6b79c4cff607556fb7129,cf8bee4faf9f1e67678d45b7cd8c350d04e95baeead6b79c4cff607556fb7129,True,1
valid,209,1376,1848,cf8bee4faf9f1e67678d45b7cd8c350d04e95baeead6b79c4cff607556fb7129,False,0,4488,4488,cf8bee4faf9f1e67678d45b7cd8c350d04e95baeead6b79c4cff607556fb7129,cf8bee4faf9f1e67678d45b7cd8c350d04e95baeead6b79c4cff607556fb7129,True,1
valid,210,1169,1737,cf8bee4faf9f1e67678d45b7cd8c350d04e95baeead6b79c4cff607556fb7129,False,0,4488,4488,cf8bee4faf9f1e67678d45b7cd8c350d04e95baeead6b79c4cff607556fb7129,cf8bee4faf9f1e67678d45b7cd8c350d04e95baeead6b79c4cff607556fb7129,True,1
valid,211,36,1640,cf8bee4faf9f1e67678d45b7cd8c350d04e95baeead6b79c4cff607556fb7129,False,0,4488,4488,cf8bee4faf9f1e67678d45b7cd8c350d04e95baeead6b79c4cff607556fb7129,cf8bee4faf9f1e67678d45b7cd8c350d04e95baeead6b79c4cff607556fb7129,True,1
valid,212,1022,1962,cf8bee4faf9f1e67678d45b7cd8c350d04e95baeead6b79c4cff607556fb7129,False,0,4488,4488,cf8bee4faf9f1e67678d45b7cd8c350d04e95baeead6b79c4cff607556fb7129,cf8bee4faf9f1e67678d45b7cd8c350d04e95baeead6b79c4cff607556fb7129,True,1
valid,213,227,534,cf8bee4faf9f1e67678d45b7cd8c350d04e95baeead6b79c4cff607556fb7129,False,0,4488,4488,cf8bee4faf9f1e67678d45b7cd8c350d04e95baeead6b79c4cff607556fb7129,cf8bee4faf9f1e67678d45b7cd8c350d04e95baeead6b79c4cff607556fb7129,True,1
valid,214,1061,2376,cf8bee4faf9f1e67678d45b7cd8c350d04e95baeead6b79c4cff607556fb7129,False,0,4488,4488,cf8bee4faf9f1e67678d45b7cd8c350d04e95baeead6b79c4cff607556fb7129,cf8bee4faf9f1e67678d45b7cd8c350d04e95baeead6b79c4cff607556fb7129,True,1
valid,215,1183,1824,cf8bee4faf9f1e67678d45b7cd8c350d04e95baeead6b79c4cff607556fb7129,False,0,4488,4488,cf8bee4faf9f1e67678d45b7cd8c350d04e95baeead6b79c4cff607556fb7129,cf8bee4faf9f1e67678d45b7cd8c350d04e95baeead6b79c4cff607556fb7129,True,1
valid,216,22,2238,cf8bee4faf9f1e67678d45b7cd8c350d04e95baeead6b79c4cff607556fb7129,False,0,4488,4488,cf8bee4faf9f1e67678d45b7cd8c350d04e95baeead6b79c4cff607556fb7129,cf8bee4faf9f1e67678d45b7cd8c350d04e95baeead6b79c4cff607556fb7129,True,1
valid,217,1067,1216,cf8bee4faf9f1e67678d45b7cd8c350d04e95baeead6b79c4cff607556fb7129,False,0,4488,4488,cf8bee4faf9f1e67678d45b7cd8c350d04e95baeead6b79c4cff607556fb7129,cf8bee4faf9f1e67678d45b7cd8c350d04e95baeead6b79c4cff607556fb7129,True,1
valid,218,834,2168,cf8bee4faf9f1e67678d45b7cd8c350d04e95baeead6b79c4cff607556fb7129,False,0,4488,4488,cf8bee4faf9f1e67678d45b7cd8c350d04e95baeead6b79c4cff607556fb7129,cf8bee4faf9f1e67678d45b7cd8c350d04e95baeead6b79c4cff607556fb7129,True,1
valid,219,177,2682,cf8bee4faf9f1e67678d45b7cd8c350d04e95baeead6b79c4cff607556fb7129,False,0,4488,4488,cf8bee4faf9f1e67678d45b7cd8c350d04e95baeead6b79c4cff607556fb7129,cf8bee4faf9f1e67678d45b7cd8c350d04e95baeead6b79c4cff607556fb7129,True,1
valid,220,778,1370,cf8bee4faf9f1e67678d45b7cd8c350d04e95baeead6b79c4cff607556fb7129,False,0,4488,4488,cf8bee4faf9f1e67678d45b7cd8c350d04e95baeead6b79c4cff607556fb7129,cf8bee4faf9f1e67678d45b7cd8c350d04e95baeead6b79c4cff607556fb7129,True,1
valid,221,779,1914,cf8bee4faf9f1e67678d45b7cd8c350d04e95baeead6b79c4cff607556fb7129,False,0,4488,4488,cf8bee4faf9f1e67678d45b7cd8c350d04e95baeead6b79c4cff607556fb7129,cf8bee4faf9f1e67678d45b7cd8c350d04e95baeead6b79c4cff607556fb7129,True,1
valid,222,449,1280,cf8bee4faf9f1e67678d45b7cd8c350d04e95baeead6b79c4cff607556fb7129,False,0,4488,4488,cf8bee4faf9f1e67678d45b7cd8c350d04e95baeead6b79c4cff607556fb7129,cf8bee4faf9f1e67678d45b7cd8c350d04e95baeead6b79c4cff607556fb7129,True,1
valid,223,333,1358,cf8bee4faf9f1e67678d45b7cd8c350d04e95baeead6b79c4cff607556fb7129,False,0,4488,4488,cf8bee4faf9f1e67678d45b7cd8c350d04e95baeead6b79c4cff607556fb7129,cf8bee4faf9f1e67678d45b7cd8c350d04e95baeead6b79c4cff607556fb7129,True,1
valid,224,1508,1894,cf8bee4faf9f1e67678d45b7cd8c350d04e95baeead6b79c4cff607556fb7129,False,0,4488,4488,cf8bee4faf9f1e67678d45b7cd8c350d04e95baeead6b79c4cff607556fb7129,cf8bee4faf9f1e67678d45b7cd8c350d04e95baeead6b79c4cff607556fb7129,True,1
valid,225,306,1158,cf8bee4faf9f1e67678d45b7cd8c350d04e95baeead6b79c4cff607556fb7129,False,0,4488,4488,cf8bee4faf9f1e67678d45b7cd8c350d04e95baeead6b79c4cff607556fb7129,cf8bee4faf9f1e67678d45b7cd8c350d04e95baeead6b79c4cff607556fb7129,True,1
valid,226,1228,1536,cf8bee4faf9f1e67678d45b7cd8c350d04e95baeead6b79c4cff607556fb7129,False,0,4488,4488,cf8bee4faf9f1e67678d45b7cd8c350d04e95baeead6b79c4cff607556fb7129,cf8bee4faf9f1e67678d45b7cd8c350d04e95baeead6b79c4cff607556fb7129,True,1
valid,227,55,1983,cf8bee4faf9f1e67678d45b7cd8c350d04e95baeead6b79c4cff607556fb7129,False,0,4488,4488,cf8bee4faf9f1e67678d45b7cd8c350d04e95baeead6b79c4cff607556fb7129,cf8bee4faf9f1e67678d45b7cd8c350d04e95baeead6b79c4cff607556fb7129,True,1
valid,228,1178,1984,cf8bee4faf9f1e67678d45b7cd8c350d04e95baeead6b79c4cff607556fb7129,False,0,4488,4488,cf8bee4faf9f1e67678d45b7cd8c350d04e95baeead6b79c4cff607556fb7129,cf8bee4faf9f1e67678d45b7cd8c350d04e95baeead6b79c4cff607556fb7129,True,1
valid,229,84,2223,cf8bee4faf9f1e67678d45b7cd8c350d04e95baeead6b79c4cff607556fb7129,False,0,4488,4488,cf8bee4faf9f1e67678d45b7cd8c350d04e95baeead6b79c4cff607556fb7129,cf8bee4faf9f1e67678d45b7cd8c350d04e95baeead6b79c4cff607556fb7129,True,1
valid,230,133,452,cf8bee4faf9f1e67678d45b7cd8c350d04e95baeead6b79c4cff607556fb7129,False,0,4488,4488,cf8bee4faf9f1e67678d45b7cd8c350d04e95baeead6b79c4cff607556fb7129,cf8bee4faf9f1e67678d45b7cd8c350d04e95baeead6b79c4cff607556fb7129,True,1
valid,231,1542,1577,cf8bee4faf9f1e67678d45b7cd8c350d04e95baeead6b79c4cff607556fb7129,False,0,4488,4488,cf8bee4faf9f1e67678d45b7cd8c350d04e95baeead6b79c4cff607556fb7129,cf8bee4faf9f1e67678d45b7cd8c350d04e95baeead6b79c4cff607556fb7129,True,1
valid,232,754,1483,cf8bee4faf9f1e67678d45b7cd8c350d04e95baeead6b79c4cff607556fb7129,False,0,4488,4488,cf8bee4faf9f1e67678d45b7cd8c350d04e95baeead6b79c4cff607556fb7129,cf8bee4faf9f1e67678d45b7cd8c350d04e95baeead6b79c4cff607556fb7129,True,1
valid,233,822,1973,cf8bee4faf9f1e67678d45b7cd8c350d04e95baeead6b79c4cff607556fb7129,False,0,4488,4488,cf8bee4faf9f1e67678d45b7cd8c350d04e95baeead6b79c4cff607556fb7129,cf8bee4faf9f1e67678d45b7cd8c350d04e95baeead6b79c4cff607556fb7129,True,1
valid,234,109,426,cf8bee4faf9f1e67678d45b7cd8c350d04e95baeead6b79c4cff607556fb7129,False,0,4488,4488,cf8bee4faf9f1e67678d45b7cd8c350d04e95baeead6b79c4cff607556fb7129,cf8bee4faf9f1e67678d45b7cd8c350d04e95baeead6b79c4cff607556fb7129,True,1
valid,235,610,826,cf8bee4faf9f1e67678d45b7cd8c350d04e95baeead6b79c4cff607556fb7129,False,0,4488,4488,cf8bee4faf9f1e67678d45b7cd8c350d04e95baeead6b79c4cff607556fb7129,cf8bee4faf9f1e67678d45b7cd8c350d04e95baeead6b79c4cff607556fb7129,True,1
valid,236,566,1986,cf8bee4faf9f1e67678d45b7cd8c350d04e95baeead6b79c4cff607556fb7129,False,0,4488,4488,cf8bee4faf9f1e67678d45b7cd8c350d04e95baeead6b79c4cff607556fb7129,cf8bee4faf9f1e67678d45b7cd8c350d04e95baeead6b79c4cff607556fb7129,True,1
valid,237,1165,1593,cf8bee4faf9f1e67678d45b7cd8c350d04e95baeead6b79c4cff607556fb7129,False,0,4488,4488,cf8bee4faf9f1e67678d45b7cd8c350d04e95baeead6b79c4cff607556fb7129,cf8bee4faf9f1e67678d45b7cd8c350d04e95baeead6b79c4cff607556fb7129,True,1
valid,238,595,2176,cf8bee4faf9f1e67678d45b7cd8c350d04e95baeead6b79c4cff607556fb7129,False,0,4488,4488,cf8bee4faf9f1e67678d45b7cd8c350d04e95baeead6b79c4cff607556fb7129,cf8bee4faf9f1e67678d45b7cd8c350d04e95baeead6b79c4cff607556fb7129,True,1
valid,239,76,2178,cf8bee4faf9f1e67678d45b7cd8c350d04e95baeead6b79c4cff607556fb7129,False,0,4488,4488,cf8bee4faf9f1e67678d45b7cd8c350d04e95baeead6b79c4cff607556fb7129,cf8bee4faf9f1e67678d45b7cd8c350d04e95baeead6b79c4cff607556fb7129,True,1
valid,240,598,2707,cf8bee4faf9f1e67678d45b7cd8c350d04e95baeead6b79c4cff607556fb7129,False,0,4488,4488,cf8bee4faf9f1e67678d45b7cd8c350d04e95baeead6b79c4cff607556fb7129,cf8bee4faf9f1e67678d45b7cd8c350d04e95baeead6b79c4cff607556fb7129,True,1
valid,241,88,1288,cf8bee4faf9f1e67678d45b7cd8c350d04e95baeead6b79c4cff607556fb7129,False,0,4488,4488,cf8bee4faf9f1e67678d45b7cd8c350d04e95baeead6b79c4cff607556fb7129,cf8bee4faf9f1e67678d45b7cd8c350d04e95baeead6b79c4cff607556fb7129,True,1
valid,242,2636,2693,cf8bee4faf9f1e67678d45b7cd8c350d04e95baeead6b79c4cff607556fb7129,False,0,4488,4488,cf8bee4faf9f1e67678d45b7cd8c350d04e95baeead6b79c4cff607556fb7129,cf8bee4faf9f1e67678d45b7cd8c350d04e95baeead6b79c4cff607556fb7129,True,1
valid,243,823,1169,cf8bee4faf9f1e67678d45b7cd8c350d04e95baeead6b79c4cff607556fb7129,False,0,4488,4488,cf8bee4faf9f1e67678d45b7cd8c350d04e95baeead6b79c4cff607556fb7129,cf8bee4faf9f1e67678d45b7cd8c350d04e95baeead6b79c4cff607556fb7129,True,1
valid,244,1360,1650,cf8bee4faf9f1e67678d45b7cd8c350d04e95baeead6b79c4cff607556fb7129,False,0,4488,4488,cf8bee4faf9f1e67678d45b7cd8c350d04e95baeead6b79c4cff607556fb7129,cf8bee4faf9f1e67678d45b7cd8c350d04e95baeead6b79c4cff607556fb7129,True,1
valid,245,802,1307,cf8bee4faf9f1e67678d45b7cd8c350d04e95baeead6b79c4cff607556fb7129,False,0,4488,4488,cf8bee4faf9f1e67678d45b7cd8c350d04e95baeead6b79c4cff607556fb7129,cf8bee4faf9f1e67678d45b7cd8c350d04e95baeead6b79c4cff607556fb7129,True,1
valid,246,1623,1780,cf8bee4faf9f1e67678d45b7cd8c350d04e95baeead6b79c4cff607556fb7129,False,0,4488,4488,cf8bee4faf9f1e67678d45b7cd8c350d04e95baeead6b79c4cff607556fb7129,cf8bee4faf9f1e67678d45b7cd8c350d04e95baeead6b79c4cff607556fb7129,True,1
valid,247,805,2236,cf8bee4faf9f1e67678d45b7cd8c350d04e95baeead6b79c4cff607556fb7129,False,0,4488,4488,cf8bee4faf9f1e67678d45b7cd8c350d04e95baeead6b79c4cff607556fb7129,cf8bee4faf9f1e67678d45b7cd8c350d04e95baeead6b79c4cff607556fb7129,True,1
valid,248,9,723,cf8bee4faf9f1e67678d45b7cd8c350d04e95baeead6b79c4cff607556fb7129,False,0,4488,4488,cf8bee4faf9f1e67678d45b7cd8c350d04e95baeead6b79c4cff607556fb7129,cf8bee4faf9f1e67678d45b7cd8c350d04e95baeead6b79c4cff607556fb7129,True,1
valid,249,571,1570,cf8bee4faf9f1e67678d45b7cd8c350d04e95baeead6b79c4cff607556fb7129,False,0,4488,4488,cf8bee4faf9f1e67678d45b7cd8c350d04e95baeead6b79c4cff607556fb7129,cf8bee4faf9f1e67678d45b7cd8c350d04e95baeead6b79c4cff607556fb7129,True,1
valid,250,146,2059,cf8bee4faf9f1e67678d45b7cd8c350d04e95baeead6b79c4cff607556fb7129,False,0,4488,4488,cf8bee4faf9f1e67678d45b7cd8c350d04e95baeead6b79c4cff607556fb7129,cf8bee4faf9f1e67678d45b7cd8c350d04e95baeead6b79c4cff607556fb7129,True,1
valid,251,631,2358,cf8bee4faf9f1e67678d45b7cd8c350d04e95baeead6b79c4cff607556fb7129,False,0,4488,4488,cf8bee4faf9f1e67678d45b7cd8c350d04e95baeead6b79c4cff607556fb7129,cf8bee4faf9f1e67678d45b7cd8c350d04e95baeead6b79c4cff607556fb7129,True,1
valid,252,1106,2501,cf8bee4faf9f1e67678d45b7cd8c350d04e95baeead6b79c4cff607556fb7129,False,0,4488,4488,cf8bee4faf9f1e67678d45b7cd8c350d04e95baeead6b79c4cff607556fb7129,cf8bee4faf9f1e67678d45b7cd8c350d04e95baeead6b79c4cff607556fb7129,True,1
valid,253,239,1376,cf8bee4faf9f1e67678d45b7cd8c350d04e95baeead6b79c4cff607556fb7129,False,0,4488,4488,cf8bee4faf9f1e67678d45b7cd8c350d04e95baeead6b79c4cff607556fb7129,cf8bee4faf9f1e67678d45b7cd8c350d04e95baeead6b79c4cff607556fb7129,True,1
valid,254,647,1360,cf8bee4faf9f1e67678d45b7cd8c350d04e95baeead6b79c4cff607556fb7129,False,0,4488,4488,cf8bee4faf9f1e67678d45b7cd8c350d04e95baeead6b79c4cff607556fb7129,cf8bee4faf9f1e67678d45b7cd8c350d04e95baeead6b79c4cff607556fb7129,True,1
valid,255,1554,2688,cf8bee4faf9f1e67678d45b7cd8c350d04e95baeead6b79c4cff607556fb7129,False,0,4488,4488,cf8bee4faf9f1e67678d45b7cd8c350d04e95baeead6b79c4cff607556fb7129,cf8bee4faf9f1e67678d45b7cd8c350d04e95baeead6b79c4cff607556fb7129,True,1
valid,256,1703,1968,cf8bee4faf9f1e67678d45b7cd8c350d04e95baeead6b79c4cff607556fb7129,False,0,4488,4488,cf8bee4faf9f1e67678d45b7cd8c350d04e95baeead6b79c4cff607556fb7129,cf8bee4faf9f1e67678d45b7cd8c350d04e95baeead6b79c4cff607556fb7129,True,1
valid,257,107,971,cf8bee4faf9f1e67678d45b7cd8c350d04e95baeead6b79c4cff607556fb7129,False,0,4488,4488,cf8bee4faf9f1e67678d45b7cd8c350d04e95baeead6b79c4cff607556fb7129,cf8bee4faf9f1e67678d45b7cd8c350d04e95baeead6b79c4cff607556fb7129,True,1
valid,258,805,963,cf8bee4faf9f1e67678d45b7cd8c350d04e95baeead6b79c4cff607556fb7129,False,0,4488,4488,cf8bee4faf9f1e67678d45b7cd8c350d04e95baeead6b79c4cff607556fb7129,cf8bee4faf9f1e67678d45b7cd8c350d04e95baeead6b79c4cff607556fb7129,True,1
valid,259,1666,2381,cf8bee4faf9f1e67678d45b7cd8c350d04e95baeead6b79c4cff607556fb7129,False,0,4488,4488,cf8bee4faf9f1e67678d45b7cd8c350d04e95baeead6b79c4cff607556fb7129,cf8bee4faf9f1e67678d45b7cd8c350d04e95baeead6b79c4cff607556fb7129,True,1
valid,260,1432,2663,cf8bee4faf9f1e67678d45b7cd8c350d04e95baeead6b79c4cff607556fb7129,False,0,4488,4488,cf8bee4faf9f1e67678d45b7cd8c350d04e95baeead6b79c4cff607556fb7129,cf8bee4faf9f1e67678d45b7cd8c350d04e95baeead6b79c4cff607556fb7129,True,1
valid,261,2554,2689,cf8bee4faf9f1e67678d45b7cd8c350d04e95baeead6b79c4cff607556fb7129,False,0,4488,4488,cf8bee4faf9f1e67678d45b7cd8c350d04e95baeead6b79c4cff607556fb7129,cf8bee4faf9f1e67678d45b7cd8c350d04e95baeead6b79c4cff607556fb7129,True,1
valid,262,1248,2045,cf8bee4faf9f1e67678d45b7cd8c350d04e95baeead6b79c4cff607556fb7129,False,0,4488,4488,cf8bee4faf9f1e67678d45b7cd8c350d04e95baeead6b79c4cff607556fb7129,cf8bee4faf9f1e67678d45b7cd8c350d04e95baeead6b79c4cff607556fb7129,True,1
test,0,733,1062,cf8bee4faf9f1e67678d45b7cd8c350d04e95baeead6b79c4cff607556fb7129,False,0,4488,4488,cf8bee4faf9f1e67678d45b7cd8c350d04e95baeead6b79c4cff607556fb7129,cf8bee4faf9f1e67678d45b7cd8c350d04e95baeead6b79c4cff607556fb7129,True,1
test,1,1416,1468,cf8bee4faf9f1e67678d45b7cd8c350d04e95baeead6b79c4cff607556fb7129,False,0,4488,4488,cf8bee4faf9f1e67678d45b7cd8c350d04e95baeead6b79c4cff607556fb7129,cf8bee4faf9f1e67678d45b7cd8c350d04e95baeead6b79c4cff607556fb7129,True,1
test,2,350,1778,cf8bee4faf9f1e67678d45b7cd8c350d04e95baeead6b79c4cff607556fb7129,False,0,4488,4488,cf8bee4faf9f1e67678d45b7cd8c350d04e95baeead6b79c4cff607556fb7129,cf8bee4faf9f1e67678d45b7cd8c350d04e95baeead6b79c4cff607556fb7129,True,1
test,3,657,1740,cf8bee4faf9f1e67678d45b7cd8c350d04e95baeead6b79c4cff607556fb7129,False,0,4488,4488,cf8bee4faf9f1e67678d45b7cd8c350d04e95baeead6b79c4cff607556fb7129,cf8bee4faf9f1e67678d45b7cd8c350d04e95baeead6b79c4cff607556fb7129,True,1
test,4,1602,2073,cf8bee4faf9f1e67678d45b7cd8c350d04e95baeead6b79c4cff607556fb7129,False,0,4488,4488,cf8bee4faf9f1e67678d45b7cd8c350d04e95baeead6b79c4cff607556fb7129,cf8bee4faf9f1e67678d45b7cd8c350d04e95baeead6b79c4cff607556fb7129,True,1
test,5,507,1300,cf8bee4faf9f1e67678d45b7cd8c350d04e95baeead6b79c4cff607556fb7129,False,0,4488,4488,cf8bee4faf9f1e67678d45b7cd8c350d04e95baeead6b79c4cff607556fb7129,cf8bee4faf9f1e67678d45b7cd8c350d04e95baeead6b79c4cff607556fb7129,True,1
test,6,1682,2189,cf8bee4faf9f1e67678d45b7cd8c350d04e95baeead6b79c4cff607556fb7129,False,0,4488,4488,cf8bee4faf9f1e67678d45b7cd8c350d04e95baeead6b79c4cff607556fb7129,cf8bee4faf9f1e67678d45b7cd8c350d04e95baeead6b79c4cff607556fb7129,True,1
test,7,306,1798,cf8bee4faf9f1e67678d45b7cd8c350d04e95baeead6b79c4cff607556fb7129,False,0,4488,4488,cf8bee4faf9f1e67678d45b7cd8c350d04e95baeead6b79c4cff607556fb7129,cf8bee4faf9f1e67678d45b7cd8c350d04e95baeead6b79c4cff607556fb7129,True,1
test,8,661,1878,cf8bee4faf9f1e67678d45b7cd8c350d04e95baeead6b79c4cff607556fb7129,False,0,4488,4488,cf8bee4faf9f1e67678d45b7cd8c350d04e95baeead6b79c4cff607556fb7129,cf8bee4faf9f1e67678d45b7cd8c350d04e95baeead6b79c4cff607556fb7129,True,1
test,9,2446,2448,cf8bee4faf9f1e67678d45b7cd8c350d04e95baeead6b79c4cff607556fb7129,False,0,4488,4488,cf8bee4faf9f1e67678d45b7cd8c350d04e95baeead6b79c4cff607556fb7129,cf8bee4faf9f1e67678d45b7cd8c350d04e95baeead6b79c4cff607556fb7129,True,1
test,10,1704,1912,cf8bee4faf9f1e67678d45b7cd8c350d04e95baeead6b79c4cff607556fb7129,False,0,4488,4488,cf8bee4faf9f1e67678d45b7cd8c350d04e95baeead6b79c4cff607556fb7129,cf8bee4faf9f1e67678d45b7cd8c350d04e95baeead6b79c4cff607556fb7129,True,1
test,11,4,1761,cf8bee4faf9f1e67678d45b7cd8c350d04e95baeead6b79c4cff607556fb7129,False,0,4488,4488,cf8bee4faf9f1e67678d45b7cd8c350d04e95baeead6b79c4cff607556fb7129,cf8bee4faf9f1e67678d45b7cd8c350d04e95baeead6b79c4cff607556fb7129,True,1
test,12,236,2046,cf8bee4faf9f1e67678d45b7cd8c350d04e95baeead6b79c4cff607556fb7129,False,0,4488,4488,cf8bee4faf9f1e67678d45b7cd8c350d04e95baeead6b79c4cff607556fb7129,cf8bee4faf9f1e67678d45b7cd8c350d04e95baeead6b79c4cff607556fb7129,True,1
test,13,1411,2218,cf8bee4faf9f1e67678d45b7cd8c350d04e95baeead6b79c4cff607556fb7129,False,0,4488,4488,cf8bee4faf9f1e67678d45b7cd8c350d04e95baeead6b79c4cff607556fb7129,cf8bee4faf9f1e67678d45b7cd8c350d04e95baeead6b79c4cff607556fb7129,True,1
test,14,1359,1914,cf8bee4faf9f1e67678d45b7cd8c350d04e95baeead6b79c4cff607556fb7129,False,0,4488,4488,cf8bee4faf9f1e67678d45b7cd8c350d04e95baeead6b79c4cff607556fb7129,cf8bee4faf9f1e67678d45b7cd8c350d04e95baeead6b79c4cff607556fb7129,True,1
test,15,1013,1844,cf8bee4faf9f1e67678d45b7cd8c350d04e95baeead6b79c4cff607556fb7129,False,0,4488,4488,cf8bee4faf9f1e67678d45b7cd8c350d04e95baeead6b79c4cff607556fb7129,cf8bee4faf9f1e67678d45b7cd8c350d04e95baeead6b79c4cff607556fb7129,True,1
test,16,1072,1802,cf8bee4faf9f1e67678d45b7cd8c350d04e95baeead6b79c4cff607556fb7129,False,0,4488,4488,cf8bee4faf9f1e67678d45b7cd8c350d04e95baeead6b79c4cff607556fb7129,cf8bee4faf9f1e67678d45b7cd8c350d04e95baeead6b79c4cff607556fb7129,True,1
test,17,968,1986,cf8bee4faf9f1e67678d45b7cd8c350d04e95baeead6b79c4cff607556fb7129,False,0,4488,4488,cf8bee4faf9f1e67678d45b7cd8c350d04e95baeead6b79c4cff607556fb7129,cf8bee4faf9f1e67678d45b7cd8c350d04e95baeead6b79c4cff607556fb7129,True,1
test,18,968,1603,cf8bee4faf9f1e67678d45b7cd8c350d04e95baeead6b79c4cff607556fb7129,False,0,4488,4488,cf8bee4faf9f1e67678d45b7cd8c350d04e95baeead6b79c4cff607556fb7129,cf8bee4faf9f1e67678d45b7cd8c350d04e95baeead6b79c4cff607556fb7129,True,1
test,19,650,1486,cf8bee4faf9f1e67678d45b7cd8c350d04e95baeead6b79c4cff607556fb7129,False,0,4488,4488,cf8bee4faf9f1e67678d45b7cd8c350d04e95baeead6b79c4cff607556fb7129,cf8bee4faf9f1e67678d45b7cd8c350d04e95baeead6b79c4cff607556fb7129,True,1
test,20,73,1751,cf8bee4faf9f1e67678d45b7cd8c350d04e95baeead6b79c4cff607556fb7129,False,0,4488,4488,cf8bee4faf9f1e67678d45b7cd8c350d04e95baeead6b79c4cff607556fb7129,cf8bee4faf9f1e67678d45b7cd8c350d04e95baeead6b79c4cff607556fb7129,True,1
test,21,1599,2614,cf8bee4faf9f1e67678d45b7cd8c350d04e95baeead6b79c4cff607556fb7129,False,0,4488,4488,cf8bee4faf9f1e67678d45b7cd8c350d04e95baeead6b79c4cff607556fb7129,cf8bee4faf9f1e67678d45b7cd8c350d04e95baeead6b79c4cff607556fb7129,True,1
test,22,1201,2533,cf8bee4faf9f1e67678d45b7cd8c350d04e95baeead6b79c4cff607556fb7129,False,0,4488,4488,cf8bee4faf9f1e67678d45b7cd8c350d04e95baeead6b79c4cff607556fb7129,cf8bee4faf9f1e67678d45b7cd8c350d04e95baeead6b79c4cff607556fb7129,True,1
test,23,1409,1826,cf8bee4faf9f1e67678d45b7cd8c350d04e95baeead6b79c4cff607556fb7129,False,0,4488,4488,cf8bee4faf9f1e67678d45b7cd8c350d04e95baeead6b79c4cff607556fb7129,cf8bee4faf9f1e67678d45b7cd8c350d04e95baeead6b79c4cff607556fb7129,True,1
test,24,756,885,cf8bee4faf9f1e67678d45b7cd8c350d04e95baeead6b79c4cff607556fb7129,False,0,4488,4488,cf8bee4faf9f1e67678d45b7cd8c350d04e95baeead6b79c4cff607556fb7129,cf8bee4faf9f1e67678d45b7cd8c350d04e95baeead6b79c4cff607556fb7129,True,1
test,25,1153,1401,cf8bee4faf9f1e67678d45b7cd8c350d04e95baeead6b79c4cff607556fb7129,False,0,4488,4488,cf8bee4faf9f1e67678d45b7cd8c350d04e95baeead6b79c4cff607556fb7129,cf8bee4faf9f1e67678d45b7cd8c350d04e95baeead6b79c4cff607556fb7129,True,1
test,26,102,1251,cf8bee4faf9f1e67678d45b7cd8c350d04e95baeead6b79c4cff607556fb7129,False,0,4488,4488,cf8bee4faf9f1e67678d45b7cd8c350d04e95baeead6b79c4cff607556fb7129,cf8bee4faf9f1e67678d45b7cd8c350d04e95baeead6b79c4cff607556fb7129,True,1
test,27,567,1513,cf8bee4faf9f1e67678d45b7cd8c350d04e95baeead6b79c4cff607556fb7129,False,0,4488,4488,cf8bee4faf9f1e67678d45b7cd8c350d04e95baeead6b79c4cff607556fb7129,cf8bee4faf9f1e67678d45b7cd8c350d04e95baeead6b79c4cff607556fb7129,True,1
test,28,1282,1735,cf8bee4faf9f1e67678d45b7cd8c350d04e95baeead6b79c4cff607556fb7129,False,0,4488,4488,cf8bee4faf9f1e67678d45b7cd8c350d04e95baeead6b79c4cff607556fb7129,cf8bee4faf9f1e67678d45b7cd8c350d04e95baeead6b79c4cff607556fb7129,True,1
test,29,1440,1701,cf8bee4faf9f1e67678d45b7cd8c350d04e95baeead6b79c4cff607556fb7129,False,0,4488,4488,cf8bee4faf9f1e67678d45b7cd8c350d04e95baeead6b79c4cff607556fb7129,cf8bee4faf9f1e67678d45b7cd8c350d04e95baeead6b79c4cff607556fb7129,True,1
test,30,118,581,cf8bee4faf9f1e67678d45b7cd8c350d04e95baeead6b79c4cff607556fb7129,False,0,4488,4488,cf8bee4faf9f1e67678d45b7cd8c350d04e95baeead6b79c4cff607556fb7129,cf8bee4faf9f1e67678d45b7cd8c350d04e95baeead6b79c4cff607556fb7129,True,1
test,31,124,1367,cf8bee4faf9f1e67678d45b7cd8c350d04e95baeead6b79c4cff607556fb7129,False,0,4488,4488,cf8bee4faf9f1e67678d45b7cd8c350d04e95baeead6b79c4cff607556fb7129,cf8bee4faf9f1e67678d45b7cd8c350d04e95baeead6b79c4cff607556fb7129,True,1
test,32,1042,1517,cf8bee4faf9f1e67678d45b7cd8c350d04e95baeead6b79c4cff607556fb7129,False,0,4488,4488,cf8bee4faf9f1e67678d45b7cd8c350d04e95baeead6b79c4cff607556fb7129,cf8bee4faf9f1e67678d45b7cd8c350d04e95baeead6b79c4cff607556fb7129,True,1
test,33,492,1533,cf8bee4faf9f1e67678d45b7cd8c350d04e95baeead6b79c4cff607556fb7129,False,0,4488,4488,cf8bee4faf9f1e67678d45b7cd8c350d04e95baeead6b79c4cff607556fb7129,cf8bee4faf9f1e67678d45b7cd8c350d04e95baeead6b79c4cff607556fb7129,True,1
test,34,972,1000,cf8bee4faf9f1e67678d45b7cd8c350d04e95baeead6b79c4cff607556fb7129,False,0,4488,4488,cf8bee4faf9f1e67678d45b7cd8c350d04e95baeead6b79c4cff607556fb7129,cf8bee4faf9f1e67678d45b7cd8c350d04e95baeead6b79c4cff607556fb7129,True,1
test,35,468,647,cf8bee4faf9f1e67678d45b7cd8c350d04e95baeead6b79c4cff607556fb7129,False,0,4488,4488,cf8bee4faf9f1e67678d45b7cd8c350d04e95baeead6b79c4cff607556fb7129,cf8bee4faf9f1e67678d45b7cd8c350d04e95baeead6b79c4cff607556fb7129,True,1
test,36,121,1910,cf8bee4faf9f1e67678d45b7cd8c350d04e95baeead6b79c4cff607556fb7129,False,0,4488,4488,cf8bee4faf9f1e67678d45b7cd8c350d04e95baeead6b79c4cff607556fb7129,cf8bee4faf9f1e67678d45b7cd8c350d04e95baeead6b79c4cff607556fb7129,True,1
test,37,547,598,cf8bee4faf9f1e67678d45b7cd8c350d04e95baeead6b79c4cff607556fb7129,False,0,4488,4488,cf8bee4faf9f1e67678d45b7cd8c350d04e95baeead6b79c4cff607556fb7129,cf8bee4faf9f1e67678d45b7cd8c350d04e95baeead6b79c4cff607556fb7129,True,1
test,38,452,1258,cf8bee4faf9f1e67678d45b7cd8c350d04e95baeead6b79c4cff607556fb7129,False,0,4488,4488,cf8bee4faf9f1e67678d45b7cd8c350d04e95baeead6b79c4cff607556fb7129,cf8bee4faf9f1e67678d45b7cd8c350d04e95baeead6b79c4cff607556fb7129,True,1
test,39,1109,2671,cf8bee4faf9f1e67678d45b7cd8c350d04e95baeead6b79c4cff607556fb7129,False,0,4488,4488,cf8bee4faf9f1e67678d45b7cd8c350d04e95baeead6b79c4cff607556fb7129,cf8bee4faf9f1e67678d45b7cd8c350d04e95baeead6b79c4cff607556fb7129,True,1
test,40,1365,1702,cf8bee4faf9f1e67678d45b7cd8c350d04e95baeead6b79c4cff607556fb7129,False,0,4488,4488,cf8bee4faf9f1e67678d45b7cd8c350d04e95baeead6b79c4cff607556fb7129,cf8bee4faf9f1e67678d45b7cd8c350d04e95baeead6b79c4cff607556fb7129,True,1
test,41,326,1358,cf8bee4faf9f1e67678d45b7cd8c350d04e95baeead6b79c4cff607556fb7129,False,0,4488,4488,cf8bee4faf9f1e67678d45b7cd8c350d04e95baeead6b79c4cff607556fb7129,cf8bee4faf9f1e67678d45b7cd8c350d04e95baeead6b79c4cff607556fb7129,True,1
test,42,718,2059,cf8bee4faf9f1e67678d45b7cd8c350d04e95baeead6b79c4cff607556fb7129,False,0,4488,4488,cf8bee4faf9f1e67678d45b7cd8c350d04e95baeead6b79c4cff607556fb7129,cf8bee4faf9f1e67678d45b7cd8c350d04e95baeead6b79c4cff607556fb7129,True,1
test,43,1085,1421,cf8bee4faf9f1e67678d45b7cd8c350d04e95baeead6b79c4cff607556fb7129,False,0,4488,4488,cf8bee4faf9f1e67678d45b7cd8c350d04e95baeead6b79c4cff607556fb7129,cf8bee4faf9f1e67678d45b7cd8c350d04e95baeead6b79c4cff607556fb7129,True,1
test,44,166,2617,cf8bee4faf9f1e67678d45b7cd8c350d04e95baeead6b79c4cff607556fb7129,False,0,4488,4488,cf8bee4faf9f1e67678d45b7cd8c350d04e95baeead6b79c4cff607556fb7129,cf8bee4faf9f1e67678d45b7cd8c350d04e95baeead6b79c4cff607556fb7129,True,1
test,45,1856,2045,cf8bee4faf9f1e67678d45b7cd8c350d04e95baeead6b79c4cff607556fb7129,False,0,4488,4488,cf8bee4faf9f1e67678d45b7cd8c350d04e95baeead6b79c4cff607556fb7129,cf8bee4faf9f1e67678d45b7cd8c350d04e95baeead6b79c4cff607556fb7129,True,1
test,46,307,991,cf8bee4faf9f1e67678d45b7cd8c350d04e95baeead6b79c4cff607556fb7129,False,0,4488,4488,cf8bee4faf9f1e67678d45b7cd8c350d04e95baeead6b79c4cff607556fb7129,cf8bee4faf9f1e67678d45b7cd8c350d04e95baeead6b79c4cff607556fb7129,True,1
test,47,958,1798,cf8bee4faf9f1e67678d45b7cd8c350d04e95baeead6b79c4cff607556fb7129,False,0,4488,4488,cf8bee4faf9f1e67678d45b7cd8c350d04e95baeead6b79c4cff607556fb7129,cf8bee4faf9f1e67678d45b7cd8c350d04e95baeead6b79c4cff607556fb7129,True,1
test,48,1358,1568,cf8bee4faf9f1e67678d45b7cd8c350d04e95baeead6b79c4cff607556fb7129,False,0,4488,4488,cf8bee4faf9f1e67678d45b7cd8c350d04e95baeead6b79c4cff607556fb7129,cf8bee4faf9f1e67678d45b7cd8c350d04e95baeead6b79c4cff607556fb7129,True,1
test,49,1501,2228,cf8bee4faf9f1e67678d45b7cd8c350d04e95baeead6b79c4cff607556fb7129,False,0,4488,4488,cf8bee4faf9f1e67678d45b7cd8c350d04e95baeead6b79c4cff607556fb7129,cf8bee4faf9f1e67678d45b7cd8c350d04e95baeead6b79c4cff607556fb7129,True,1
test,50,14,2668,cf8bee4faf9f1e67678d45b7cd8c350d04e95baeead6b79c4cff607556fb7129,False,0,4488,4488,cf8bee4faf9f1e67678d45b7cd8c350d04e95baeead6b79c4cff607556fb7129,cf8bee4faf9f1e67678d45b7cd8c350d04e95baeead6b79c4cff607556fb7129,True,1
test,51,1038,1358,cf8bee4faf9f1e67678d45b7cd8c350d04e95baeead6b79c4cff607556fb7129,False,0,4488,4488,cf8bee4faf9f1e67678d45b7cd8c350d04e95baeead6b79c4cff607556fb7129,cf8bee4faf9f1e67678d45b7cd8c350d04e95baeead6b79c4cff607556fb7129,True,1
test,52,1385,2335,cf8bee4faf9f1e67678d45b7cd8c350d04e95baeead6b79c4cff607556fb7129,False,0,4488,4488,cf8bee4faf9f1e67678d45b7cd8c350d04e95baeead6b79c4cff607556fb7129,cf8bee4faf9f1e67678d45b7cd8c350d04e95baeead6b79c4cff607556fb7129,True,1
test,53,647,904,cf8bee4faf9f1e67678d45b7cd8c350d04e95baeead6b79c4cff607556fb7129,False,0,4488,4488,cf8bee4faf9f1e67678d45b7cd8c350d04e95baeead6b79c4cff607556fb7129,cf8bee4faf9f1e67678d45b7cd8c350d04e95baeead6b79c4cff607556fb7129,True,1
test,54,1849,1914,cf8bee4faf9f1e67678d45b7cd8c350d04e95baeead6b79c4cff607556fb7129,False,0,4488,4488,cf8bee4faf9f1e67678d45b7cd8c350d04e95baeead6b79c4cff607556fb7129,cf8bee4faf9f1e67678d45b7cd8c350d04e95baeead6b79c4cff607556fb7129,True,1
test,55,1773,1780,cf8bee4faf9f1e67678d45b7cd8c350d04e95baeead6b79c4cff607556fb7129,False,0,4488,4488,cf8bee4faf9f1e67678d45b7cd8c350d04e95baeead6b79c4cff607556fb7129,cf8bee4faf9f1e67678d45b7cd8c350d04e95baeead6b79c4cff607556fb7129,True,1
test,56,306,656,cf8bee4faf9f1e67678d45b7cd8c350d04e95baeead6b79c4cff607556fb7129,False,0,4488,4488,cf8bee4faf9f1e67678d45b7cd8c350d04e95baeead6b79c4cff607556fb7129,cf8bee4faf9f1e67678d45b7cd8c350d04e95baeead6b79c4cff607556fb7129,True,1
test,57,1351,1535,cf8bee4faf9f1e67678d45b7cd8c350d04e95baeead6b79c4cff607556fb7129,False,0,4488,4488,cf8bee4faf9f1e67678d45b7cd8c350d04e95baeead6b79c4cff607556fb7129,cf8bee4faf9f1e67678d45b7cd8c350d04e95baeead6b79c4cff607556fb7129,True,1
test,58,2457,2458,cf8bee4faf9f1e67678d45b7cd8c350d04e95baeead6b79c4cff607556fb7129,False,0,4488,4488,cf8bee4faf9f1e67678d45b7cd8c350d04e95baeead6b79c4cff607556fb7129,cf8bee4faf9f1e67678d45b7cd8c350d04e95baeead6b79c4cff607556fb7129,True,1
test,59,109,1805,cf8bee4faf9f1e67678d45b7cd8c350d04e95baeead6b79c4cff607556fb7129,False,0,4488,4488,cf8bee4faf9f1e67678d45b7cd8c350d04e95baeead6b79c4cff607556fb7129,cf8bee4faf9f1e67678d45b7cd8c350d04e95baeead6b79c4cff607556fb7129,True,1
test,60,907,1351,cf8bee4faf9f1e67678d45b7cd8c350d04e95baeead6b79c4cff607556fb7129,False,0,4488,4488,cf8bee4faf9f1e67678d45b7cd8c350d04e95baeead6b79c4cff607556fb7129,cf8bee4faf9f1e67678d45b7cd8c350d04e95baeead6b79c4cff607556fb7129,True,1
test,61,748,1617,cf8bee4faf9f1e67678d45b7cd8c350d04e95baeead6b79c4cff607556fb7129,False,0,4488,4488,cf8bee4faf9f1e67678d45b7cd8c350d04e95baeead6b79c4cff607556fb7129,cf8bee4faf9f1e67678d45b7cd8c350d04e95baeead6b79c4cff607556fb7129,True,1
test,62,1357,2170,cf8bee4faf9f1e67678d45b7cd8c350d04e95baeead6b79c4cff607556fb7129,False,0,4488,4488,cf8bee4faf9f1e67678d45b7cd8c350d04e95baeead6b79c4cff607556fb7129,cf8bee4faf9f1e67678d45b7cd8c350d04e95baeead6b79c4cff607556fb7129,True,1
test,63,645,1495,cf8bee4faf9f1e67678d45b7cd8c350d04e95baeead6b79c4cff607556fb7129,False,0,4488,4488,cf8bee4faf9f1e67678d45b7cd8c350d04e95baeead6b79c4cff607556fb7129,cf8bee4faf9f1e67678d45b7cd8c350d04e95baeead6b79c4cff607556fb7129,True,1
test,64,56,1849,cf8bee4faf9f1e67678d45b7cd8c350d04e95baeead6b79c4cff607556fb7129,False,0,4488,4488,cf8bee4faf9f1e67678d45b7cd8c350d04e95baeead6b79c4cff607556fb7129,cf8bee4faf9f1e67678d45b7cd8c350d04e95baeead6b79c4cff607556fb7129,True,1
test,65,743,1570,cf8bee4faf9f1e67678d45b7cd8c350d04e95baeead6b79c4cff607556fb7129,False,0,4488,4488,cf8bee4faf9f1e67678d45b7cd8c350d04e95baeead6b79c4cff607556fb7129,cf8bee4faf9f1e67678d45b7cd8c350d04e95baeead6b79c4cff607556fb7129,True,1
test,66,8,281,cf8bee4faf9f1e67678d45b7cd8c350d04e95baeead6b79c4cff607556fb7129,False,0,4488,4488,cf8bee4faf9f1e67678d45b7cd8c350d04e95baeead6b79c4cff607556fb7129,cf8bee4faf9f1e67678d45b7cd8c350d04e95baeead6b79c4cff607556fb7129,True,1
test,67,598,1301,cf8bee4faf9f1e67678d45b7cd8c350d04e95baeead6b79c4cff607556fb7129,False,0,4488,4488,cf8bee4faf9f1e67678d45b7cd8c350d04e95baeead6b79c4cff607556fb7129,cf8bee4faf9f1e67678d45b7cd8c350d04e95baeead6b79c4cff607556fb7129,True,1
test,68,1388,2181,cf8bee4faf9f1e67678d45b7cd8c350d04e95baeead6b79c4cff607556fb7129,False,0,4488,4488,cf8bee4faf9f1e67678d45b7cd8c350d04e95baeead6b79c4cff607556fb7129,cf8bee4faf9f1e67678d45b7cd8c350d04e95baeead6b79c4cff607556fb7129,True,1
test,69,1818,2305,cf8bee4faf9f1e67678d45b7cd8c350d04e95baeead6b79c4cff607556fb7129,False,0,4488,4488,cf8bee4faf9f1e67678d45b7cd8c350d04e95baeead6b79c4cff607556fb7129,cf8bee4faf9f1e67678d45b7cd8c350d04e95baeead6b79c4cff607556fb7129,True,1
test,70,2228,2394,cf8bee4faf9f1e67678d45b7cd8c350d04e95baeead6b79c4cff607556fb7129,False,0,4488,4488,cf8bee4faf9f1e67678d45b7cd8c350d04e95baeead6b79c4cff607556fb7129,cf8bee4faf9f1e67678d45b7cd8c350d04e95baeead6b79c4cff607556fb7129,True,1
test,71,2303,2541,cf8bee4faf9f1e67678d45b7cd8c350d04e95baeead6b79c4cff607556fb7129,False,0,4488,4488,cf8bee4faf9f1e67678d45b7cd8c350d04e95baeead6b79c4cff607556fb7129,cf8bee4faf9f1e67678d45b7cd8c350d04e95baeead6b79c4cff607556fb7129,True,1
test,72,661,1879,cf8bee4faf9f1e67678d45b7cd8c350d04e95baeead6b79c4cff607556fb7129,False,0,4488,4488,cf8bee4faf9f1e67678d45b7cd8c350d04e95baeead6b79c4cff607556fb7129,cf8bee4faf9f1e67678d45b7cd8c350d04e95baeead6b79c4cff607556fb7129,True,1
test,73,1395,2072,cf8bee4faf9f1e67678d45b7cd8c350d04e95baeead6b79c4cff607556fb7129,False,0,4488,4488,cf8bee4faf9f1e67678d45b7cd8c350d04e95baeead6b79c4cff607556fb7129,cf8bee4faf9f1e67678d45b7cd8c350d04e95baeead6b79c4cff607556fb7129,True,1
test,74,1091,2176,cf8bee4faf9f1e67678d45b7cd8c350d04e95baeead6b79c4cff607556fb7129,False,0,4488,4488,cf8bee4faf9f1e67678d45b7cd8c350d04e95baeead6b79c4cff607556fb7129,cf8bee4faf9f1e67678d45b7cd8c350d04e95baeead6b79c4cff607556fb7129,True,1
test,75,1300,2508,cf8bee4faf9f1e67678d45b7cd8c350d04e95baeead6b79c4cff607556fb7129,False,0,4488,4488,cf8bee4faf9f1e67678d45b7cd8c350d04e95baeead6b79c4cff607556fb7129,cf8bee4faf9f1e67678d45b7cd8c350d04e95baeead6b79c4cff607556fb7129,True,1
test,76,926,1862,cf8bee4faf9f1e67678d45b7cd8c350d04e95baeead6b79c4cff607556fb7129,False,0,4488,4488,cf8bee4faf9f1e67678d45b7cd8c350d04e95baeead6b79c4cff607556fb7129,cf8bee4faf9f1e67678d45b7cd8c350d04e95baeead6b79c4cff607556fb7129,True,1
test,77,1125,2332,cf8bee4faf9f1e67678d45b7cd8c350d04e95baeead6b79c4cff607556fb7129,False,0,4488,4488,cf8bee4faf9f1e67678d45b7cd8c350d04e95baeead6b79c4cff607556fb7129,cf8bee4faf9f1e67678d45b7cd8c350d04e95baeead6b79c4cff607556fb7129,True,1
test,78,577,2351,cf8bee4faf9f1e67678d45b7cd8c350d04e95baeead6b79c4cff607556fb7129,False,0,4488,4488,cf8bee4faf9f1e67678d45b7cd8c350d04e95baeead6b79c4cff607556fb7129,cf8bee4faf9f1e67678d45b7cd8c350d04e95baeead6b79c4cff607556fb7129,True,1
test,79,45,2667,cf8bee4faf9f1e67678d45b7cd8c350d04e95baeead6b79c4cff607556fb7129,False,0,4488,4488,cf8bee4faf9f1e67678d45b7cd8c350d04e95baeead6b79c4cff607556fb7129,cf8bee4faf9f1e67678d45b7cd8c350d04e95baeead6b79c4cff607556fb7129,True,1
test,80,1273,2125,cf8bee4faf9f1e67678d45b7cd8c350d04e95baeead6b79c4cff607556fb7129,False,0,4488,4488,cf8bee4faf9f1e67678d45b7cd8c350d04e95baeead6b79c4cff607556fb7129,cf8bee4faf9f1e67678d45b7cd8c350d04e95baeead6b79c4cff607556fb7129,True,1
test,81,2045,2047,cf8bee4faf9f1e67678d45b7cd8c350d04e95baeead6b79c4cff607556fb7129,False,0,4488,4488,cf8bee4faf9f1e67678d45b7cd8c350d04e95baeead6b79c4cff607556fb7129,cf8bee4faf9f1e67678d45b7cd8c350d04e95baeead6b79c4cff607556fb7129,True,1
test,82,341,2045,cf8bee4faf9f1e67678d45b7cd8c350d04e95baeead6b79c4cff607556fb7129,False,0,4488,4488,cf8bee4faf9f1e67678d45b7cd8c350d04e95baeead6b79c4cff607556fb7129,cf8bee4faf9f1e67678d45b7cd8c350d04e95baeead6b79c4cff607556fb7129,True,1
test,83,6,1042,cf8bee4faf9f1e67678d45b7cd8c350d04e95baeead6b79c4cff607556fb7129,False,0,4488,4488,cf8bee4faf9f1e67678d45b7cd8c350d04e95baeead6b79c4cff607556fb7129,cf8bee4faf9f1e67678d45b7cd8c350d04e95baeead6b79c4cff607556fb7129,True,1
test,84,1920,1926,cf8bee4faf9f1e67678d45b7cd8c350d04e95baeead6b79c4cff607556fb7129,False,0,4488,4488,cf8bee4faf9f1e67678d45b7cd8c350d04e95baeead6b79c4cff607556fb7129,cf8bee4faf9f1e67678d45b7cd8c350d04e95baeead6b79c4cff607556fb7129,True,1
test,85,1568,1729,cf8bee4faf9f1e67678d45b7cd8c350d04e95baeead6b79c4cff607556fb7129,False,0,4488,4488,cf8bee4faf9f1e67678d45b7cd8c350d04e95baeead6b79c4cff607556fb7129,cf8bee4faf9f1e67678d45b7cd8c350d04e95baeead6b79c4cff607556fb7129,True,1
test,86,360,1824,cf8bee4faf9f1e67678d45b7cd8c350d04e95baeead6b79c4cff607556fb7129,False,0,4488,4488,cf8bee4faf9f1e67678d45b7cd8c350d04e95baeead6b79c4cff607556fb7129,cf8bee4faf9f1e67678d45b7cd8c350d04e95baeead6b79c4cff607556fb7129,True,1
test,87,482,2308,cf8bee4faf9f1e67678d45b7cd8c350d04e95baeead6b79c4cff607556fb7129,False,0,4488,4488,cf8bee4faf9f1e67678d45b7cd8c350d04e95baeead6b79c4cff607556fb7129,cf8bee4faf9f1e67678d45b7cd8c350d04e95baeead6b79c4cff607556fb7129,True,1
test,88,1522,1697,cf8bee4faf9f1e67678d45b7cd8c350d04e95baeead6b79c4cff607556fb7129,False,0,4488,4488,cf8bee4faf9f1e67678d45b7cd8c350d04e95baeead6b79c4cff607556fb7129,cf8bee4faf9f1e67678d45b7cd8c350d04e95baeead6b79c4cff607556fb7129,True,1
test,89,741,1088,cf8bee4faf9f1e67678d45b7cd8c350d04e95baeead6b79c4cff607556fb7129,False,0,4488,4488,cf8bee4faf9f1e67678d45b7cd8c350d04e95baeead6b79c4cff607556fb7129,cf8bee4faf9f1e67678d45b7cd8c350d04e95baeead6b79c4cff607556fb7129,True,1
test,90,306,2078,cf8bee4faf9f1e67678d45b7cd8c350d04e95baeead6b79c4cff607556fb7129,False,0,4488,4488,cf8bee4faf9f1e67678d45b7cd8c350d04e95baeead6b79c4cff607556fb7129,cf8bee4faf9f1e67678d45b7cd8c350d04e95baeead6b79c4cff607556fb7129,True,1
test,91,86,2295,cf8bee4faf9f1e67678d45b7cd8c350d04e95baeead6b79c4cff607556fb7129,False,0,4488,4488,cf8bee4faf9f1e67678d45b7cd8c350d04e95baeead6b79c4cff607556fb7129,cf8bee4faf9f1e67678d45b7cd8c350d04e95baeead6b79c4cff607556fb7129,True,1
test,92,364,1632,cf8bee4faf9f1e67678d45b7cd8c350d04e95baeead6b79c4cff607556fb7129,False,0,4488,4488,cf8bee4faf9f1e67678d45b7cd8c350d04e95baeead6b79c4cff607556fb7129,cf8bee4faf9f1e67678d45b7cd8c350d04e95baeead6b79c4cff607556fb7129,True,1
test,93,1358,1742,cf8bee4faf9f1e67678d45b7cd8c350d04e95baeead6b79c4cff607556fb7129,False,0,4488,4488,cf8bee4faf9f1e67678d45b7cd8c350d04e95baeead6b79c4cff607556fb7129,cf8bee4faf9f1e67678d45b7cd8c350d04e95baeead6b79c4cff607556fb7129,True,1
test,94,109,176,cf8bee4faf9f1e67678d45b7cd8c350d04e95baeead6b79c4cff607556fb7129,False,0,4488,4488,cf8bee4faf9f1e67678d45b7cd8c350d04e95baeead6b79c4cff607556fb7129,cf8bee4faf9f1e67678d45b7cd8c350d04e95baeead6b79c4cff607556fb7129,True,1
test,95,52,2053,cf8bee4faf9f1e67678d45b7cd8c350d04e95baeead6b79c4cff607556fb7129,False,0,4488,4488,cf8bee4faf9f1e67678d45b7cd8c350d04e95baeead6b79c4cff607556fb7129,cf8bee4faf9f1e67678d45b7cd8c350d04e95baeead6b79c4cff607556fb7129,True,1
test,96,1240,2237,cf8bee4faf9f1e67678d45b7cd8c350d04e95baeead6b79c4cff607556fb7129,False,0,4488,4488,cf8bee4faf9f1e67678d45b7cd8c350d04e95baeead6b79c4cff607556fb7129,cf8bee4faf9f1e67678d45b7cd8c350d04e95baeead6b79c4cff607556fb7129,True,1
test,97,779,1370,cf8bee4faf9f1e67678d45b7cd8c350d04e95baeead6b79c4cff607556fb7129,False,0,4488,4488,cf8bee4faf9f1e67678d45b7cd8c350d04e95baeead6b79c4cff607556fb7129,cf8bee4faf9f1e67678d45b7cd8c350d04e95baeead6b79c4cff607556fb7129,True,1
test,98,2509,2519,cf8bee4faf9f1e67678d45b7cd8c350d04e95baeead6b79c4cff607556fb7129,False,0,4488,4488,cf8bee4faf9f1e67678d45b7cd8c350d04e95baeead6b79c4cff607556fb7129,cf8bee4faf9f1e67678d45b7cd8c350d04e95baeead6b79c4cff607556fb7129,True,1
test,99,71,1986,cf8bee4faf9f1e67678d45b7cd8c350d04e95baeead6b79c4cff607556fb7129,False,0,4488,4488,cf8bee4faf9f1e67678d45b7cd8c350d04e95baeead6b79c4cff607556fb7129,cf8bee4faf9f1e67678d45b7cd8c350d04e95baeead6b79c4cff607556fb7129,True,1
test,100,2139,2140,cf8bee4faf9f1e67678d45b7cd8c350d04e95baeead6b79c4cff607556fb7129,False,0,4488,4488,cf8bee4faf9f1e67678d45b7cd8c350d04e95baeead6b79c4cff607556fb7129,cf8bee4faf9f1e67678d45b7cd8c350d04e95baeead6b79c4cff607556fb7129,True,1
test,101,249,621,cf8bee4faf9f1e67678d45b7cd8c350d04e95baeead6b79c4cff607556fb7129,False,0,4488,4488,cf8bee4faf9f1e67678d45b7cd8c350d04e95baeead6b79c4cff607556fb7129,cf8bee4faf9f1e67678d45b7cd8c350d04e95baeead6b79c4cff607556fb7129,True,1
test,102,1194,1366,cf8bee4faf9f1e67678d45b7cd8c350d04e95baeead6b79c4cff607556fb7129,False,0,4488,4488,cf8bee4faf9f1e67678d45b7cd8c350d04e95baeead6b79c4cff607556fb7129,cf8bee4faf9f1e67678d45b7cd8c350d04e95baeead6b79c4cff607556fb7129,True,1
test,103,963,2400,cf8bee4faf9f1e67678d45b7cd8c350d04e95baeead6b79c4cff607556fb7129,False,0,4488,4488,cf8bee4faf9f1e67678d45b7cd8c350d04e95baeead6b79c4cff607556fb7129,cf8bee4faf9f1e67678d45b7cd8c350d04e95baeead6b79c4cff607556fb7129,True,1
test,104,649,1457,cf8bee4faf9f1e67678d45b7cd8c350d04e95baeead6b79c4cff607556fb7129,False,0,4488,4488,cf8bee4faf9f1e67678d45b7cd8c350d04e95baeead6b79c4cff607556fb7129,cf8bee4faf9f1e67678d45b7cd8c350d04e95baeead6b79c4cff607556fb7129,True,1
test,105,873,1358,cf8bee4faf9f1e67678d45b7cd8c350d04e95baeead6b79c4cff607556fb7129,False,0,4488,4488,cf8bee4faf9f1e67678d45b7cd8c350d04e95baeead6b79c4cff607556fb7129,cf8bee4faf9f1e67678d45b7cd8c350d04e95baeead6b79c4cff607556fb7129,True,1
test,106,152,2238,cf8bee4faf9f1e67678d45b7cd8c350d04e95baeead6b79c4cff607556fb7129,False,0,4488,4488,cf8bee4faf9f1e67678d45b7cd8c350d04e95baeead6b79c4cff607556fb7129,cf8bee4faf9f1e67678d45b7cd8c350d04e95baeead6b79c4cff607556fb7129,True,1
test,107,438,1985,cf8bee4faf9f1e67678d45b7cd8c350d04e95baeead6b79c4cff607556fb7129,False,0,4488,4488,cf8bee4faf9f1e67678d45b7cd8c350d04e95baeead6b79c4cff607556fb7129,cf8bee4faf9f1e67678d45b7cd8c350d04e95baeead6b79c4cff607556fb7129,True,1
test,108,241,1441,cf8bee4faf9f1e67678d45b7cd8c350d04e95baeead6b79c4cff607556fb7129,False,0,4488,4488,cf8bee4faf9f1e67678d45b7cd8c350d04e95baeead6b79c4cff607556fb7129,cf8bee4faf9f1e67678d45b7cd8c350d04e95baeead6b79c4cff607556fb7129,True,1
test,109,876,2168,cf8bee4faf9f1e67678d45b7cd8c350d04e95baeead6b79c4cff607556fb7129,False,0,4488,4488,cf8bee4faf9f1e67678d45b7cd8c350d04e95baeead6b79c4cff607556fb7129,cf8bee4faf9f1e67678d45b7cd8c350d04e95baeead6b79c4cff607556fb7129,True,1
test,110,1013,1120,cf8bee4faf9f1e67678d45b7cd8c350d04e95baeead6b79c4cff607556fb7129,False,0,4488,4488,cf8bee4faf9f1e67678d45b7cd8c350d04e95baeead6b79c4cff607556fb7129,cf8bee4faf9f1e67678d45b7cd8c350d04e95baeead6b79c4cff607556fb7129,True,1
test,111,315,1602,cf8bee4faf9f1e67678d45b7cd8c350d04e95baeead6b79c4cff607556fb7129,False,0,4488,4488,cf8bee4faf9f1e67678d45b7cd8c350d04e95baeead6b79c4cff607556fb7129,cf8bee4faf9f1e67678d45b7cd8c350d04e95baeead6b79c4cff607556fb7129,True,1
test,112,889,1832,cf8bee4faf9f1e67678d45b7cd8c350d04e95baeead6b79c4cff607556fb7129,False,0,4488,4488,cf8bee4faf9f1e67678d45b7cd8c350d04e95baeead6b79c4cff607556fb7129,cf8bee4faf9f1e67678d45b7cd8c350d04e95baeead6b79c4cff607556fb7129,True,1
test,113,404,1170,cf8bee4faf9f1e67678d45b7cd8c350d04e95baeead6b79c4cff607556fb7129,False,0,4488,4488,cf8bee4faf9f1e67678d45b7cd8c350d04e95baeead6b79c4cff607556fb7129,cf8bee4faf9f1e67678d45b7cd8c350d04e95baeead6b79c4cff607556fb7129,True,1
test,114,154,1358,cf8bee4faf9f1e67678d45b7cd8c350d04e95baeead6b79c4cff607556fb7129,False,0,4488,4488,cf8bee4faf9f1e67678d45b7cd8c350d04e95baeead6b79c4cff607556fb7129,cf8bee4faf9f1e67678d45b7cd8c350d04e95baeead6b79c4cff607556fb7129,True,1
test,115,1623,1767,cf8bee4faf9f1e67678d45b7cd8c350d04e95baeead6b79c4cff607556fb7129,False,0,4488,4488,cf8bee4faf9f1e67678d45b7cd8c350d04e95baeead6b79c4cff607556fb7129,cf8bee4faf9f1e67678d45b7cd8c350d04e95baeead6b79c4cff607556fb7129,True,1
test,116,606,1666,cf8bee4faf9f1e67678d45b7cd8c350d04e95baeead6b79c4cff607556fb7129,False,0,4488,4488,cf8bee4faf9f1e67678d45b7cd8c350d04e95baeead6b79c4cff607556fb7129,cf8bee4faf9f1e67678d45b7cd8c350d04e95baeead6b79c4cff607556fb7129,True,1
test,117,354,1803,cf8bee4faf9f1e67678d45b7cd8c350d04e95baeead6b79c4cff607556fb7129,False,0,4488,4488,cf8bee4faf9f1e67678d45b7cd8c350d04e95baeead6b79c4cff607556fb7129,cf8bee4faf9f1e67678d45b7cd8c350d04e95baeead6b79c4cff607556fb7129,True,1
test,118,738,2162,cf8bee4faf9f1e67678d45b7cd8c350d04e95baeead6b79c4cff607556fb7129,False,0,4488,4488,cf8bee4faf9f1e67678d45b7cd8c350d04e95baeead6b79c4cff607556fb7129,cf8bee4faf9f1e67678d45b7cd8c350d04e95baeead6b79c4cff607556fb7129,True,1
test,119,1421,1975,cf8bee4faf9f1e67678d45b7cd8c350d04e95baeead6b79c4cff607556fb7129,False,0,4488,4488,cf8bee4faf9f1e67678d45b7cd8c350d04e95baeead6b79c4cff607556fb7129,cf8bee4faf9f1e67678d45b7cd8c350d04e95baeead6b79c4cff607556fb7129,True,1
test,120,1844,2276,cf8bee4faf9f1e67678d45b7cd8c350d04e95baeead6b79c4cff607556fb7129,False,0,4488,4488,cf8bee4faf9f1e67678d45b7cd8c350d04e95baeead6b79c4cff607556fb7129,cf8bee4faf9f1e67678d45b7cd8c350d04e95baeead6b79c4cff607556fb7129,True,1
test,121,1526,1977,cf8bee4faf9f1e67678d45b7cd8c350d04e95baeead6b79c4cff607556fb7129,False,0,4488,4488,cf8bee4faf9f1e67678d45b7cd8c350d04e95baeead6b79c4cff607556fb7129,cf8bee4faf9f1e67678d45b7cd8c350d04e95baeead6b79c4cff607556fb7129,True,1
test,122,171,775,cf8bee4faf9f1e67678d45b7cd8c350d04e95baeead6b79c4cff607556fb7129,False,0,4488,4488,cf8bee4faf9f1e67678d45b7cd8c350d04e95baeead6b79c4cff607556fb7129,cf8bee4faf9f1e67678d45b7cd8c350d04e95baeead6b79c4cff607556fb7129,True,1
test,123,1752,1754,cf8bee4faf9f1e67678d45b7cd8c350d04e95baeead6b79c4cff607556fb7129,False,0,4488,4488,cf8bee4faf9f1e67678d45b7cd8c350d04e95baeead6b79c4cff607556fb7129,cf8bee4faf9f1e67678d45b7cd8c350d04e95baeead6b79c4cff607556fb7129,True,1
test,124,331,2480,cf8bee4faf9f1e67678d45b7cd8c350d04e95baeead6b79c4cff607556fb7129,False,0,4488,4488,cf8bee4faf9f1e67678d45b7cd8c350d04e95baeead6b79c4cff607556fb7129,cf8bee4faf9f1e67678d45b7cd8c350d04e95baeead6b79c4cff607556fb7129,True,1
test,125,1015,1452,cf8bee4faf9f1e67678d45b7cd8c350d04e95baeead6b79c4cff607556fb7129,False,0,4488,4488,cf8bee4faf9f1e67678d45b7cd8c350d04e95baeead6b79c4cff607556fb7129,cf8bee4faf9f1e67678d45b7cd8c350d04e95baeead6b79c4cff607556fb7129,True,1
test,126,1206,2671,cf8bee4faf9f1e67678d45b7cd8c350d04e95baeead6b79c4cff607556fb7129,False,0,4488,4488,cf8bee4faf9f1e67678d45b7cd8c350d04e95baeead6b79c4cff607556fb7129,cf8bee4faf9f1e67678d45b7cd8c350d04e95baeead6b79c4cff607556fb7129,True,1
test,127,1136,1189,cf8bee4faf9f1e67678d45b7cd8c350d04e95baeead6b79c4cff607556fb7129,False,0,4488,4488,cf8bee4faf9f1e67678d45b7cd8c350d04e95baeead6b79c4cff607556fb7129,cf8bee4faf9f1e67678d45b7cd8c350d04e95baeead6b79c4cff607556fb7129,True,1
test,128,1469,2590,cf8bee4faf9f1e67678d45b7cd8c350d04e95baeead6b79c4cff607556fb7129,False,0,4488,4488,cf8bee4faf9f1e67678d45b7cd8c350d04e95baeead6b79c4cff607556fb7129,cf8bee4faf9f1e67678d45b7cd8c350d04e95baeead6b79c4cff607556fb7129,True,1
test,129,332,2122,cf8bee4faf9f1e67678d45b7cd8c350d04e95baeead6b79c4cff607556fb7129,False,0,4488,4488,cf8bee4faf9f1e67678d45b7cd8c350d04e95baeead6b79c4cff607556fb7129,cf8bee4faf9f1e67678d45b7cd8c350d04e95baeead6b79c4cff607556fb7129,True,1
test,130,306,2086,cf8bee4faf9f1e67678d45b7cd8c350d04e95baeead6b79c4cff607556fb7129,False,0,4488,4488,cf8bee4faf9f1e67678d45b7cd8c350d04e95baeead6b79c4cff607556fb7129,cf8bee4faf9f1e67678d45b7cd8c350d04e95baeead6b79c4cff607556fb7129,True,1
test,131,177,726,cf8bee4faf9f1e67678d45b7cd8c350d04e95baeead6b79c4cff607556fb7129,False,0,4488,4488,cf8bee4faf9f1e67678d45b7cd8c350d04e95baeead6b79c4cff607556fb7129,cf8bee4faf9f1e67678d45b7cd8c350d04e95baeead6b79c4cff607556fb7129,True,1
test,132,486,2668,cf8bee4faf9f1e67678d45b7cd8c350d04e95baeead6b79c4cff607556fb7129,False,0,4488,4488,cf8bee4faf9f1e67678d45b7cd8c350d04e95baeead6b79c4cff607556fb7129,cf8bee4faf9f1e67678d45b7cd8c350d04e95baeead6b79c4cff607556fb7129,True,1
test,133,242,2280,cf8bee4faf9f1e67678d45b7cd8c350d04e95baeead6b79c4cff607556fb7129,False,0,4488,4488,cf8bee4faf9f1e67678d45b7cd8c350d04e95baeead6b79c4cff607556fb7129,cf8bee4faf9f1e67678d45b7cd8c350d04e95baeead6b79c4cff607556fb7129,True,1
test,134,33,698,cf8bee4faf9f1e67678d45b7cd8c350d04e95baeead6b79c4cff607556fb7129,False,0,4488,4488,cf8bee4faf9f1e67678d45b7cd8c350d04e95baeead6b79c4cff607556fb7129,cf8bee4faf9f1e67678d45b7cd8c350d04e95baeead6b79c4cff607556fb7129,True,1
test,135,231,551,cf8bee4faf9f1e67678d45b7cd8c350d04e95baeead6b79c4cff607556fb7129,False,0,4488,4488,cf8bee4faf9f1e67678d45b7cd8c350d04e95baeead6b79c4cff607556fb7129,cf8bee4faf9f1e67678d45b7cd8c350d04e95baeead6b79c4cff607556fb7129,True,1
test,136,1026,1303,cf8bee4faf9f1e67678d45b7cd8c350d04e95baeead6b79c4cff607556fb7129,False,0,4488,4488,cf8bee4faf9f1e67678d45b7cd8c350d04e95baeead6b79c4cff607556fb7129,cf8bee4faf9f1e67678d45b7cd8c350d04e95baeead6b79c4cff607556fb7129,True,1
test,137,964,965,cf8bee4faf9f1e67678d45b7cd8c350d04e95baeead6b79c4cff607556fb7129,False,0,4488,4488,cf8bee4faf9f1e67678d45b7cd8c350d04e95baeead6b79c4cff607556fb7129,cf8bee4faf9f1e67678d45b7cd8c350d04e95baeead6b79c4cff607556fb7129,True,1
test,138,277,973,cf8bee4faf9f1e67678d45b7cd8c350d04e95baeead6b79c4cff607556fb7129,False,0,4488,4488,cf8bee4faf9f1e67678d45b7cd8c350d04e95baeead6b79c4cff607556fb7129,cf8bee4faf9f1e67678d45b7cd8c350d04e95baeead6b79c4cff607556fb7129,True,1
test,139,1289,1705,cf8bee4faf9f1e67678d45b7cd8c350d04e95baeead6b79c4cff607556fb7129,False,0,4488,4488,cf8bee4faf9f1e67678d45b7cd8c350d04e95baeead6b79c4cff607556fb7129,cf8bee4faf9f1e67678d45b7cd8c350d04e95baeead6b79c4cff607556fb7129,True,1
test,140,371,1354,cf8bee4faf9f1e67678d45b7cd8c350d04e95baeead6b79c4cff607556fb7129,False,0,4488,4488,cf8bee4faf9f1e67678d45b7cd8c350d04e95baeead6b79c4cff607556fb7129,cf8bee4faf9f1e67678d45b7cd8c350d04e95baeead6b79c4cff607556fb7129,True,1
test,141,1042,2052,cf8bee4faf9f1e67678d45b7cd8c350d04e95baeead6b79c4cff607556fb7129,False,0,4488,4488,cf8bee4faf9f1e67678d45b7cd8c350d04e95baeead6b79c4cff607556fb7129,cf8bee4faf9f1e67678d45b7cd8c350d04e95baeead6b79c4cff607556fb7129,True,1
test,142,372,1834,cf8bee4faf9f1e67678d45b7cd8c350d04e95baeead6b79c4cff607556fb7129,False,0,4488,4488,cf8bee4faf9f1e67678d45b7cd8c350d04e95baeead6b79c4cff607556fb7129,cf8bee4faf9f1e67678d45b7cd8c350d04e95baeead6b79c4cff607556fb7129,True,1
test,143,541,647,cf8bee4faf9f1e67678d45b7cd8c350d04e95baeead6b79c4cff607556fb7129,False,0,4488,4488,cf8bee4faf9f1e67678d45b7cd8c350d04e95baeead6b79c4cff607556fb7129,cf8bee4faf9f1e67678d45b7cd8c350d04e95baeead6b79c4cff607556fb7129,True,1
test,144,297,899,cf8bee4faf9f1e67678d45b7cd8c350d04e95baeead6b79c4cff607556fb7129,False,0,4488,4488,cf8bee4faf9f1e67678d45b7cd8c350d04e95baeead6b79c4cff607556fb7129,cf8bee4faf9f1e67678d45b7cd8c350d04e95baeead6b79c4cff607556fb7129,True,1
test,145,13,1701,cf8bee4faf9f1e67678d45b7cd8c350d04e95baeead6b79c4cff607556fb7129,False,0,4488,4488,cf8bee4faf9f1e67678d45b7cd8c350d04e95baeead6b79c4cff607556fb7129,cf8bee4faf9f1e67678d45b7cd8c350d04e95baeead6b79c4cff607556fb7129,True,1
test,146,210,1671,cf8bee4faf9f1e67678d45b7cd8c350d04e95baeead6b79c4cff607556fb7129,False,0,4488,4488,cf8bee4faf9f1e67678d45b7cd8c350d04e95baeead6b79c4cff607556fb7129,cf8bee4faf9f1e67678d45b7cd8c350d04e95baeead6b79c4cff607556fb7129,True,1
test,147,1709,1739,cf8bee4faf9f1e67678d45b7cd8c350d04e95baeead6b79c4cff607556fb7129,False,0,4488,4488,cf8bee4faf9f1e67678d45b7cd8c350d04e95baeead6b79c4cff607556fb7129,cf8bee4faf9f1e67678d45b7cd8c350d04e95baeead6b79c4cff607556fb7129,True,1
test,148,876,1358,cf8bee4faf9f1e67678d45b7cd8c350d04e95baeead6b79c4cff607556fb7129,False,0,4488,4488,cf8bee4faf9f1e67678d45b7cd8c350d04e95baeead6b79c4cff607556fb7129,cf8bee4faf9f1e67678d45b7cd8c350d04e95baeead6b79c4cff607556fb7129,True,1
test,149,725,1652,cf8bee4faf9f1e67678d45b7cd8c350d04e95baeead6b79c4cff607556fb7129,False,0,4488,4488,cf8bee4faf9f1e67678d45b7cd8c350d04e95baeead6b79c4cff607556fb7129,cf8bee4faf9f1e67678d45b7cd8c350d04e95baeead6b79c4cff607556fb7129,True,1
test,150,1624,1705,cf8bee4faf9f1e67678d45b7cd8c350d04e95baeead6b79c4cff607556fb7129,False,0,4488,4488,cf8bee4faf9f1e67678d45b7cd8c350d04e95baeead6b79c4cff607556fb7129,cf8bee4faf9f1e67678d45b7cd8c350d04e95baeead6b79c4cff607556fb7129,True,1
test,151,2382,2383,cf8bee4faf9f1e67678d45b7cd8c350d04e95baeead6b79c4cff607556fb7129,False,0,4488,4488,cf8bee4faf9f1e67678d45b7cd8c350d04e95baeead6b79c4cff607556fb7129,cf8bee4faf9f1e67678d45b7cd8c350d04e95baeead6b79c4cff607556fb7129,True,1
test,152,1257,2677,cf8bee4faf9f1e67678d45b7cd8c350d04e95baeead6b79c4cff607556fb7129,False,0,4488,4488,cf8bee4faf9f1e67678d45b7cd8c350d04e95baeead6b79c4cff607556fb7129,cf8bee4faf9f1e67678d45b7cd8c350d04e95baeead6b79c4cff607556fb7129,True,1
test,153,1282,1776,cf8bee4faf9f1e67678d45b7cd8c350d04e95baeead6b79c4cff607556fb7129,False,0,4488,4488,cf8bee4faf9f1e67678d45b7cd8c350d04e95baeead6b79c4cff607556fb7129,cf8bee4faf9f1e67678d45b7cd8c350d04e95baeead6b79c4cff607556fb7129,True,1
test,154,681,1445,cf8bee4faf9f1e67678d45b7cd8c350d04e95baeead6b79c4cff607556fb7129,False,0,4488,4488,cf8bee4faf9f1e67678d45b7cd8c350d04e95baeead6b79c4cff607556fb7129,cf8bee4faf9f1e67678d45b7cd8c350d04e95baeead6b79c4cff607556fb7129,True,1
test,155,513,1528,cf8bee4faf9f1e67678d45b7cd8c350d04e95baeead6b79c4cff607556fb7129,False,0,4488,4488,cf8bee4faf9f1e67678d45b7cd8c350d04e95baeead6b79c4cff607556fb7129,cf8bee4faf9f1e67678d45b7cd8c350d04e95baeead6b79c4cff607556fb7129,True,1
test,156,310,1950,cf8bee4faf9f1e67678d45b7cd8c350d04e95baeead6b79c4cff607556fb7129,False,0,4488,4488,cf8bee4faf9f1e67678d45b7cd8c350d04e95baeead6b79c4cff607556fb7129,cf8bee4faf9f1e67678d45b7cd8c350d04e95baeead6b79c4cff607556fb7129,True,1
test,157,88,696,cf8bee4faf9f1e67678d45b7cd8c350d04e95baeead6b79c4cff607556fb7129,False,0,4488,4488,cf8bee4faf9f1e67678d45b7cd8c350d04e95baeead6b79c4cff607556fb7129,cf8bee4faf9f1e67678d45b7cd8c350d04e95baeead6b79c4cff607556fb7129,True,1
test,158,832,2600,cf8bee4faf9f1e67678d45b7cd8c350d04e95baeead6b79c4cff607556fb7129,False,0,4488,4488,cf8bee4faf9f1e67678d45b7cd8c350d04e95baeead6b79c4cff607556fb7129,cf8bee4faf9f1e67678d45b7cd8c350d04e95baeead6b79c4cff607556fb7129,True,1
test,159,1731,1755,cf8bee4faf9f1e67678d45b7cd8c350d04e95baeead6b79c4cff607556fb7129,False,0,4488,4488,cf8bee4faf9f1e67678d45b7cd8c350d04e95baeead6b79c4cff607556fb7129,cf8bee4faf9f1e67678d45b7cd8c350d04e95baeead6b79c4cff607556fb7129,True,1
test,160,291,1692,cf8bee4faf9f1e67678d45b7cd8c350d04e95baeead6b79c4cff607556fb7129,False,0,4488,4488,cf8bee4faf9f1e67678d45b7cd8c350d04e95baeead6b79c4cff607556fb7129,cf8bee4faf9f1e67678d45b7cd8c350d04e95baeead6b79c4cff607556fb7129,True,1
test,161,51,1392,cf8bee4faf9f1e67678d45b7cd8c350d04e95baeead6b79c4cff607556fb7129,False,0,4488,4488,cf8bee4faf9f1e67678d45b7cd8c350d04e95baeead6b79c4cff607556fb7129,cf8bee4faf9f1e67678d45b7cd8c350d04e95baeead6b79c4cff607556fb7129,True,1
test,162,1254,1308,cf8bee4faf9f1e67678d45b7cd8c350d04e95baeead6b79c4cff607556fb7129,False,0,4488,4488,cf8bee4faf9f1e67678d45b7cd8c350d04e95baeead6b79c4cff607556fb7129,cf8bee4faf9f1e67678d45b7cd8c350d04e95baeead6b79c4cff607556fb7129,True,1
test,163,124,306,cf8bee4faf9f1e67678d45b7cd8c350d04e95baeead6b79c4cff607556fb7129,False,0,4488,4488,cf8bee4faf9f1e67678d45b7cd8c350d04e95baeead6b79c4cff607556fb7129,cf8bee4faf9f1e67678d45b7cd8c350d04e95baeead6b79c4cff607556fb7129,True,1
test,164,571,696,cf8bee4faf9f1e67678d45b7cd8c350d04e95baeead6b79c4cff607556fb7129,False,0,4488,4488,cf8bee4faf9f1e67678d45b7cd8c350d04e95baeead6b79c4cff607556fb7129,cf8bee4faf9f1e67678d45b7cd8c350d04e95baeead6b79c4cff607556fb7129,True,1
test,165,426,1789,cf8bee4faf9f1e67678d45b7cd8c350d04e95baeead6b79c4cff607556fb7129,False,0,4488,4488,cf8bee4faf9f1e67678d45b7cd8c350d04e95baeead6b79c4cff607556fb7129,cf8bee4faf9f1e67678d45b7cd8c350d04e95baeead6b79c4cff607556fb7129,True,1
test,166,2001,2335,cf8bee4faf9f1e67678d45b7cd8c350d04e95baeead6b79c4cff607556fb7129,False,0,4488,4488,cf8bee4faf9f1e67678d45b7cd8c350d04e95baeead6b79c4cff607556fb7129,cf8bee4faf9f1e67678d45b7cd8c350d04e95baeead6b79c4cff607556fb7129,True,1
test,167,36,1552,cf8bee4faf9f1e67678d45b7cd8c350d04e95baeead6b79c4cff607556fb7129,False,0,4488,4488,cf8bee4faf9f1e67678d45b7cd8c350d04e95baeead6b79c4cff607556fb7129,cf8bee4faf9f1e67678d45b7cd8c350d04e95baeead6b79c4cff607556fb7129,True,1
test,168,217,2473,cf8bee4faf9f1e67678d45b7cd8c350d04e95baeead6b79c4cff607556fb7129,False,0,4488,4488,cf8bee4faf9f1e67678d45b7cd8c350d04e95baeead6b79c4cff607556fb7129,cf8bee4faf9f1e67678d45b7cd8c350d04e95baeead6b79c4cff607556fb7129,True,1
test,169,2164,2217,cf8bee4faf9f1e67678d45b7cd8c350d04e95baeead6b79c4cff607556fb7129,False,0,4488,4488,cf8bee4faf9f1e67678d45b7cd8c350d04e95baeead6b79c4cff607556fb7129,cf8bee4faf9f1e67678d45b7cd8c350d04e95baeead6b79c4cff607556fb7129,True,1
test,170,549,1497,cf8bee4faf9f1e67678d45b7cd8c350d04e95baeead6b79c4cff607556fb7129,False,0,4488,4488,cf8bee4faf9f1e67678d45b7cd8c350d04e95baeead6b79c4cff607556fb7129,cf8bee4faf9f1e67678d45b7cd8c350d04e95baeead6b79c4cff607556fb7129,True,1
test,171,308,1670,cf8bee4faf9f1e67678d45b7cd8c350d04e95baeead6b79c4cff607556fb7129,False,0,4488,4488,cf8bee4faf9f1e67678d45b7cd8c350d04e95baeead6b79c4cff607556fb7129,cf8bee4faf9f1e67678d45b7cd8c350d04e95baeead6b79c4cff607556fb7129,True,1
test,172,1102,2464,cf8bee4faf9f1e67678d45b7cd8c350d04e95baeead6b79c4cff607556fb7129,False,0,4488,4488,cf8bee4faf9f1e67678d45b7cd8c350d04e95baeead6b79c4cff607556fb7129,cf8bee4faf9f1e67678d45b7cd8c350d04e95baeead6b79c4cff607556fb7129,True,1
test,173,836,2078,cf8bee4faf9f1e67678d45b7cd8c350d04e95baeead6b79c4cff607556fb7129,False,0,4488,4488,cf8bee4faf9f1e67678d45b7cd8c350d04e95baeead6b79c4cff607556fb7129,cf8bee4faf9f1e67678d45b7cd8c350d04e95baeead6b79c4cff607556fb7129,True,1
test,174,1396,2394,cf8bee4faf9f1e67678d45b7cd8c350d04e95baeead6b79c4cff607556fb7129,False,0,4488,4488,cf8bee4faf9f1e67678d45b7cd8c350d04e95baeead6b79c4cff607556fb7129,cf8bee4faf9f1e67678d45b7cd8c350d04e95baeead6b79c4cff607556fb7129,True,1
test,175,294,306,cf8bee4faf9f1e67678d45b7cd8c350d04e95baeead6b79c4cff607556fb7129,False,0,4488,4488,cf8bee4faf9f1e67678d45b7cd8c350d04e95baeead6b79c4cff607556fb7129,cf8bee4faf9f1e67678d45b7cd8c350d04e95baeead6b79c4cff607556fb7129,True,1
test,176,1876,1986,cf8bee4faf9f1e67678d45b7cd8c350d04e95baeead6b79c4cff607556fb7129,False,0,4488,4488,cf8bee4faf9f1e67678d45b7cd8c350d04e95baeead6b79c4cff607556fb7129,cf8bee4faf9f1e67678d45b7cd8c350d04e95baeead6b79c4cff607556fb7129,True,1
test,177,1050,1320,cf8bee4faf9f1e67678d45b7cd8c350d04e95baeead6b79c4cff607556fb7129,False,0,4488,4488,cf8bee4faf9f1e67678d45b7cd8c350d04e95baeead6b79c4cff607556fb7129,cf8bee4faf9f1e67678d45b7cd8c350d04e95baeead6b79c4cff607556fb7129,True,1
test,178,561,1016,cf8bee4faf9f1e67678d45b7cd8c350d04e95baeead6b79c4cff607556fb7129,False,0,4488,4488,cf8bee4faf9f1e67678d45b7cd8c350d04e95baeead6b79c4cff607556fb7129,cf8bee4faf9f1e67678d45b7cd8c350d04e95baeead6b79c4cff607556fb7129,True,1
test,179,858,2182,cf8bee4faf9f1e67678d45b7cd8c350d04e95baeead6b79c4cff607556fb7129,False,0,4488,4488,cf8bee4faf9f1e67678d45b7cd8c350d04e95baeead6b79c4cff607556fb7129,cf8bee4faf9f1e67678d45b7cd8c350d04e95baeead6b79c4cff607556fb7129,True,1
test,180,151,2238,cf8bee4faf9f1e67678d45b7cd8c350d04e95baeead6b79c4cff607556fb7129,False,0,4488,4488,cf8bee4faf9f1e67678d45b7cd8c350d04e95baeead6b79c4cff607556fb7129,cf8bee4faf9f1e67678d45b7cd8c350d04e95baeead6b79c4cff607556fb7129,True,1
test,181,1171,1909,cf8bee4faf9f1e67678d45b7cd8c350d04e95baeead6b79c4cff607556fb7129,False,0,4488,4488,cf8bee4faf9f1e67678d45b7cd8c350d04e95baeead6b79c4cff607556fb7129,cf8bee4faf9f1e67678d45b7cd8c350d04e95baeead6b79c4cff607556fb7129,True,1
test,182,611,2690,cf8bee4faf9f1e67678d45b7cd8c350d04e95baeead6b79c4cff607556fb7129,False,0,4488,4488,cf8bee4faf9f1e67678d45b7cd8c350d04e95baeead6b79c4cff607556fb7129,cf8bee4faf9f1e67678d45b7cd8c350d04e95baeead6b79c4cff607556fb7129,True,1
test,183,1154,1358,cf8bee4faf9f1e67678d45b7cd8c350d04e95baeead6b79c4cff607556fb7129,False,0,4488,4488,cf8bee4faf9f1e67678d45b7cd8c350d04e95baeead6b79c4cff607556fb7129,cf8bee4faf9f1e67678d45b7cd8c350d04e95baeead6b79c4cff607556fb7129,True,1
test,184,541,1022,cf8bee4faf9f1e67678d45b7cd8c350d04e95baeead6b79c4cff607556fb7129,False,0,4488,4488,cf8bee4faf9f1e67678d45b7cd8c350d04e95baeead6b79c4cff607556fb7129,cf8bee4faf9f1e67678d45b7cd8c350d04e95baeead6b79c4cff607556fb7129,True,1
test,185,132,379,cf8bee4faf9f1e67678d45b7cd8c350d04e95baeead6b79c4cff607556fb7129,False,0,4488,4488,cf8bee4faf9f1e67678d45b7cd8c350d04e95baeead6b79c4cff607556fb7129,cf8bee4faf9f1e67678d45b7cd8c350d04e95baeead6b79c4cff607556fb7129,True,1
test,186,1203,1410,cf8bee4faf9f1e67678d45b7cd8c350d04e95baeead6b79c4cff607556fb7129,False,0,4488,4488,cf8bee4faf9f1e67678d45b7cd8c350d04e95baeead6b79c4cff607556fb7129,cf8bee4faf9f1e67678d45b7cd8c350d04e95baeead6b79c4cff607556fb7129,True,1
test,187,2151,2423,cf8bee4faf9f1e67678d45b7cd8c350d04e95baeead6b79c4cff607556fb7129,False,0,4488,4488,cf8bee4faf9f1e67678d45b7cd8c350d04e95baeead6b79c4cff607556fb7129,cf8bee4faf9f1e67678d45b7cd8c350d04e95baeead6b79c4cff607556fb7129,True,1
test,188,1641,2495,cf8bee4faf9f1e67678d45b7cd8c350d04e95baeead6b79c4cff607556fb7129,False,0,4488,4488,cf8bee4faf9f1e67678d45b7cd8c350d04e95baeead6b79c4cff607556fb7129,cf8bee4faf9f1e67678d45b7cd8c350d04e95baeead6b79c4cff607556fb7129,True,1
test,189,478,514,cf8bee4faf9f1e67678d45b7cd8c350d04e95baeead6b79c4cff607556fb7129,False,0,4488,4488,cf8bee4faf9f1e67678d45b7cd8c350d04e95baeead6b79c4cff607556fb7129,cf8bee4faf9f1e67678d45b7cd8c350d04e95baeead6b79c4cff607556fb7129,True,1
test,190,2471,2493,cf8bee4faf9f1e67678d45b7cd8c350d04e95baeead6b79c4cff607556fb7129,False,0,4488,4488,cf8bee4faf9f1e67678d45b7cd8c350d04e95baeead6b79c4cff607556fb7129,cf8bee4faf9f1e67678d45b7cd8c350d04e95baeead6b79c4cff607556fb7129,True,1
test,191,42,87,cf8bee4faf9f1e67678d45b7cd8c350d04e95baeead6b79c4cff607556fb7129,False,0,4488,4488,cf8bee4faf9f1e67678d45b7cd8c350d04e95baeead6b79c4cff607556fb7129,cf8bee4faf9f1e67678d45b7cd8c350d04e95baeead6b79c4cff607556fb7129,True,1
test,192,793,1902,cf8bee4faf9f1e67678d45b7cd8c350d04e95baeead6b79c4cff607556fb7129,False,0,4488,4488,cf8bee4faf9f1e67678d45b7cd8c350d04e95baeead6b79c4cff607556fb7129,cf8bee4faf9f1e67678d45b7cd8c350d04e95baeead6b79c4cff607556fb7129,True,1
test,193,30,738,cf8bee4faf9f1e67678d45b7cd8c350d04e95baeead6b79c4cff607556fb7129,False,0,4488,4488,cf8bee4faf9f1e67678d45b7cd8c350d04e95baeead6b79c4cff607556fb7129,cf8bee4faf9f1e67678d45b7cd8c350d04e95baeead6b79c4cff607556fb7129,True,1
test,194,424,436,cf8bee4faf9f1e67678d45b7cd8c350d04e95baeead6b79c4cff607556fb7129,False,0,4488,4488,cf8bee4faf9f1e67678d45b7cd8c350d04e95baeead6b79c4cff607556fb7129,cf8bee4faf9f1e67678d45b7cd8c350d04e95baeead6b79c4cff607556fb7129,True,1
test,195,417,1072,cf8bee4faf9f1e67678d45b7cd8c350d04e95baeead6b79c4cff607556fb7129,False,0,4488,4488,cf8bee4faf9f1e67678d45b7cd8c350d04e95baeead6b79c4cff607556fb7129,cf8bee4faf9f1e67678d45b7cd8c350d04e95baeead6b79c4cff607556fb7129,True,1
test,196,1675,1914,cf8bee4faf9f1e67678d45b7cd8c350d04e95baeead6b79c4cff607556fb7129,False,0,4488,4488,cf8bee4faf9f1e67678d45b7cd8c350d04e95baeead6b79c4cff607556fb7129,cf8bee4faf9f1e67678d45b7cd8c350d04e95baeead6b79c4cff607556fb7129,True,1
test,197,405,2059,cf8bee4faf9f1e67678d45b7cd8c350d04e95baeead6b79c4cff607556fb7129,False,0,4488,4488,cf8bee4faf9f1e67678d45b7cd8c350d04e95baeead6b79c4cff607556fb7129,cf8bee4faf9f1e67678d45b7cd8c350d04e95baeead6b79c4cff607556fb7129,True,1
test,198,1623,1769,cf8bee4faf9f1e67678d45b7cd8c350d04e95baeead6b79c4cff607556fb7129,False,0,4488,4488,cf8bee4faf9f1e67678d45b7cd8c350d04e95baeead6b79c4cff607556fb7129,cf8bee4faf9f1e67678d45b7cd8c350d04e95baeead6b79c4cff607556fb7129,True,1
test,199,1194,2670,cf8bee4faf9f1e67678d45b7cd8c350d04e95baeead6b79c4cff607556fb7129,False,0,4488,4488,cf8bee4faf9f1e67678d45b7cd8c350d04e95baeead6b79c4cff607556fb7129,cf8bee4faf9f1e67678d45b7cd8c350d04e95baeead6b79c4cff607556fb7129,True,1
test,200,85,2488,cf8bee4faf9f1e67678d45b7cd8c350d04e95baeead6b79c4cff607556fb7129,False,0,4488,4488,cf8bee4faf9f1e67678d45b7cd8c350d04e95baeead6b79c4cff607556fb7129,cf8bee4faf9f1e67678d45b7cd8c350d04e95baeead6b79c4cff607556fb7129,True,1
test,201,2251,2252,cf8bee4faf9f1e67678d45b7cd8c350d04e95baeead6b79c4cff607556fb7129,False,0,4488,4488,cf8bee4faf9f1e67678d45b7cd8c350d04e95baeead6b79c4cff607556fb7129,cf8bee4faf9f1e67678d45b7cd8c350d04e95baeead6b79c4cff607556fb7129,True,1
test,202,472,2029,cf8bee4faf9f1e67678d45b7cd8c350d04e95baeead6b79c4cff607556fb7129,False,0,4488,4488,cf8bee4faf9f1e67678d45b7cd8c350d04e95baeead6b79c4cff607556fb7129,cf8bee4faf9f1e67678d45b7cd8c350d04e95baeead6b79c4cff607556fb7129,True,1
test,203,267,2000,cf8bee4faf9f1e67678d45b7cd8c350d04e95baeead6b79c4cff607556fb7129,False,0,4488,4488,cf8bee4faf9f1e67678d45b7cd8c350d04e95baeead6b79c4cff607556fb7129,cf8bee4faf9f1e67678d45b7cd8c350d04e95baeead6b79c4cff607556fb7129,True,1
test,204,1889,1890,cf8bee4faf9f1e67678d45b7cd8c350d04e95baeead6b79c4cff607556fb7129,False,0,4488,4488,cf8bee4faf9f1e67678d45b7cd8c350d04e95baeead6b79c4cff607556fb7129,cf8bee4faf9f1e67678d45b7cd8c350d04e95baeead6b79c4cff607556fb7129,True,1
test,205,1134,2296,cf8bee4faf9f1e67678d45b7cd8c350d04e95baeead6b79c4cff607556fb7129,False,0,4488,4488,cf8bee4faf9f1e67678d45b7cd8c350d04e95baeead6b79c4cff607556fb7129,cf8bee4faf9f1e67678d45b7cd8c350d04e95baeead6b79c4cff607556fb7129,True,1
test,206,1635,2383,cf8bee4faf9f1e67678d45b7cd8c350d04e95baeead6b79c4cff607556fb7129,False,0,4488,4488,cf8bee4faf9f1e67678d45b7cd8c350d04e95baeead6b79c4cff607556fb7129,cf8bee4faf9f1e67678d45b7cd8c350d04e95baeead6b79c4cff607556fb7129,True,1
test,207,423,525,cf8bee4faf9f1e67678d45b7cd8c350d04e95baeead6b79c4cff607556fb7129,False,0,4488,4488,cf8bee4faf9f1e67678d45b7cd8c350d04e95baeead6b79c4cff607556fb7129,cf8bee4faf9f1e67678d45b7cd8c350d04e95baeead6b79c4cff607556fb7129,True,1
test,208,252,973,cf8bee4faf9f1e67678d45b7cd8c350d04e95baeead6b79c4cff607556fb7129,False,0,4488,4488,cf8bee4faf9f1e67678d45b7cd8c350d04e95baeead6b79c4cff607556fb7129,cf8bee4faf9f1e67678d45b7cd8c350d04e95baeead6b79c4cff607556fb7129,True,1
test,209,1224,1370,cf8bee4faf9f1e67678d45b7cd8c350d04e95baeead6b79c4cff607556fb7129,False,0,4488,4488,cf8bee4faf9f1e67678d45b7cd8c350d04e95baeead6b79c4cff607556fb7129,cf8bee4faf9f1e67678d45b7cd8c350d04e95baeead6b79c4cff607556fb7129,True,1
test,210,109,1772,cf8bee4faf9f1e67678d45b7cd8c350d04e95baeead6b79c4cff607556fb7129,False,0,4488,4488,cf8bee4faf9f1e67678d45b7cd8c350d04e95baeead6b79c4cff607556fb7129,cf8bee4faf9f1e67678d45b7cd8c350d04e95baeead6b79c4cff607556fb7129,True,1
test,211,402,776,cf8bee4faf9f1e67678d45b7cd8c350d04e95baeead6b79c4cff607556fb7129,False,0,4488,4488,cf8bee4faf9f1e67678d45b7cd8c350d04e95baeead6b79c4cff607556fb7129,cf8bee4faf9f1e67678d45b7cd8c350d04e95baeead6b79c4cff607556fb7129,True,1
test,212,1013,1293,cf8bee4faf9f1e67678d45b7cd8c350d04e95baeead6b79c4cff607556fb7129,False,0,4488,4488,cf8bee4faf9f1e67678d45b7cd8c350d04e95baeead6b79c4cff607556fb7129,cf8bee4faf9f1e67678d45b7cd8c350d04e95baeead6b79c4cff607556fb7129,True,1
test,213,560,2526,cf8bee4faf9f1e67678d45b7cd8c350d04e95baeead6b79c4cff607556fb7129,False,0,4488,4488,cf8bee4faf9f1e67678d45b7cd8c350d04e95baeead6b79c4cff607556fb7129,cf8bee4faf9f1e67678d45b7cd8c350d04e95baeead6b79c4cff607556fb7129,True,1
test,214,306,308,cf8bee4faf9f1e67678d45b7cd8c350d04e95baeead6b79c4cff607556fb7129,False,0,4488,4488,cf8bee4faf9f1e67678d45b7cd8c350d04e95baeead6b79c4cff607556fb7129,cf8bee4faf9f1e67678d45b7cd8c350d04e95baeead6b79c4cff607556fb7129,True,1
test,215,1142,2326,cf8bee4faf9f1e67678d45b7cd8c350d04e95baeead6b79c4cff607556fb7129,False,0,4488,4488,cf8bee4faf9f1e67678d45b7cd8c350d04e95baeead6b79c4cff607556fb7129,cf8bee4faf9f1e67678d45b7cd8c350d04e95baeead6b79c4cff607556fb7129,True,1
test,216,71,2691,cf8bee4faf9f1e67678d45b7cd8c350d04e95baeead6b79c4cff607556fb7129,False,0,4488,4488,cf8bee4faf9f1e67678d45b7cd8c350d04e95baeead6b79c4cff607556fb7129,cf8bee4faf9f1e67678d45b7cd8c350d04e95baeead6b79c4cff607556fb7129,True,1
test,217,460,1989,cf8bee4faf9f1e67678d45b7cd8c350d04e95baeead6b79c4cff607556fb7129,False,0,4488,4488,cf8bee4faf9f1e67678d45b7cd8c350d04e95baeead6b79c4cff607556fb7129,cf8bee4faf9f1e67678d45b7cd8c350d04e95baeead6b79c4cff607556fb7129,True,1
test,218,1531,1889,cf8bee4faf9f1e67678d45b7cd8c350d04e95baeead6b79c4cff607556fb7129,False,0,4488,4488,cf8bee4faf9f1e67678d45b7cd8c350d04e95baeead6b79c4cff607556fb7129,cf8bee4faf9f1e67678d45b7cd8c350d04e95baeead6b79c4cff607556fb7129,True,1
test,219,1070,1470,cf8bee4faf9f1e67678d45b7cd8c350d04e95baeead6b79c4cff607556fb7129,False,0,4488,4488,cf8bee4faf9f1e67678d45b7cd8c350d04e95baeead6b79c4cff607556fb7129,cf8bee4faf9f1e67678d45b7cd8c350d04e95baeead6b79c4cff607556fb7129,True,1
test,220,825,1765,cf8bee4faf9f1e67678d45b7cd8c350d04e95baeead6b79c4cff607556fb7129,False,0,4488,4488,cf8bee4faf9f1e67678d45b7cd8c350d04e95baeead6b79c4cff607556fb7129,cf8bee4faf9f1e67678d45b7cd8c350d04e95baeead6b79c4cff607556fb7129,True,1
test,221,1399,2227,cf8bee4faf9f1e67678d45b7cd8c350d04e95baeead6b79c4cff607556fb7129,False,0,4488,4488,cf8bee4faf9f1e67678d45b7cd8c350d04e95baeead6b79c4cff607556fb7129,cf8bee4faf9f1e67678d45b7cd8c350d04e95baeead6b79c4cff607556fb7129,True,1
test,222,1920,2310,cf8bee4faf9f1e67678d45b7cd8c350d04e95baeead6b79c4cff607556fb7129,False,0,4488,4488,cf8bee4faf9f1e67678d45b7cd8c350d04e95baeead6b79c4cff607556fb7129,cf8bee4faf9f1e67678d45b7cd8c350d04e95baeead6b79c4cff607556fb7129,True,1
test,223,310,1241,cf8bee4faf9f1e67678d45b7cd8c350d04e95baeead6b79c4cff607556fb7129,False,0,4488,4488,cf8bee4faf9f1e67678d45b7cd8c350d04e95baeead6b79c4cff607556fb7129,cf8bee4faf9f1e67678d45b7cd8c350d04e95baeead6b79c4cff607556fb7129,True,1
test,224,653,1231,cf8bee4faf9f1e67678d45b7cd8c350d04e95baeead6b79c4cff607556fb7129,False,0,4488,4488,cf8bee4faf9f1e67678d45b7cd8c350d04e95baeead6b79c4cff607556fb7129,cf8bee4faf9f1e67678d45b7cd8c350d04e95baeead6b79c4cff607556fb7129,True,1
test,225,472,1182,cf8bee4faf9f1e67678d45b7cd8c350d04e95baeead6b79c4cff607556fb7129,False,0,4488,4488,cf8bee4faf9f1e67678d45b7cd8c350d04e95baeead6b79c4cff607556fb7129,cf8bee4faf9f1e67678d45b7cd8c350d04e95baeead6b79c4cff607556fb7129,True,1
test,226,634,2227,cf8bee4faf9f1e67678d45b7cd8c350d04e95baeead6b79c4cff607556fb7129,False,0,4488,4488,cf8bee4faf9f1e67678d45b7cd8c350d04e95baeead6b79c4cff607556fb7129,cf8bee4faf9f1e67678d45b7cd8c350d04e95baeead6b79c4cff607556fb7129,True,1
test,227,165,2706,cf8bee4faf9f1e67678d45b7cd8c350d04e95baeead6b79c4cff607556fb7129,False,0,4488,4488,cf8bee4faf9f1e67678d45b7cd8c350d04e95baeead6b79c4cff607556fb7129,cf8bee4faf9f1e67678d45b7cd8c350d04e95baeead6b79c4cff607556fb7129,True,1
test,228,1200,2414,cf8bee4faf9f1e67678d45b7cd8c350d04e95baeead6b79c4cff607556fb7129,False,0,4488,4488,cf8bee4faf9f1e67678d45b7cd8c350d04e95baeead6b79c4cff607556fb7129,cf8bee4faf9f1e67678d45b7cd8c350d04e95baeead6b79c4cff607556fb7129,True,1
test,229,839,965,cf8bee4faf9f1e67678d45b7cd8c350d04e95baeead6b79c4cff607556fb7129,False,0,4488,4488,cf8bee4faf9f1e67678d45b7cd8c350d04e95baeead6b79c4cff607556fb7129,cf8bee4faf9f1e67678d45b7cd8c350d04e95baeead6b79c4cff607556fb7129,True,1
test,230,456,2347,cf8bee4faf9f1e67678d45b7cd8c350d04e95baeead6b79c4cff607556fb7129,False,0,4488,4488,cf8bee4faf9f1e67678d45b7cd8c350d04e95baeead6b79c4cff607556fb7129,cf8bee4faf9f1e67678d45b7cd8c350d04e95baeead6b79c4cff607556fb7129,True,1
test,231,1224,1525,cf8bee4faf9f1e67678d45b7cd8c350d04e95baeead6b79c4cff607556fb7129,False,0,4488,4488,cf8bee4faf9f1e67678d45b7cd8c350d04e95baeead6b79c4cff607556fb7129,cf8bee4faf9f1e67678d45b7cd8c350d04e95baeead6b79c4cff607556fb7129,True,1
test,232,1725,2597,cf8bee4faf9f1e67678d45b7cd8c350d04e95baeead6b79c4cff607556fb7129,False,0,4488,4488,cf8bee4faf9f1e67678d45b7cd8c350d04e95baeead6b79c4cff607556fb7129,cf8bee4faf9f1e67678d45b7cd8c350d04e95baeead6b79c4cff607556fb7129,True,1
test,233,186,1672,cf8bee4faf9f1e67678d45b7cd8c350d04e95baeead6b79c4cff607556fb7129,False,0,4488,4488,cf8bee4faf9f1e67678d45b7cd8c350d04e95baeead6b79c4cff607556fb7129,cf8bee4faf9f1e67678d45b7cd8c350d04e95baeead6b79c4cff607556fb7129,True,1
test,234,281,2247,cf8bee4faf9f1e67678d45b7cd8c350d04e95baeead6b79c4cff607556fb7129,False,0,4488,4488,cf8bee4faf9f1e67678d45b7cd8c350d04e95baeead6b79c4cff607556fb7129,cf8bee4faf9f1e67678d45b7cd8c350d04e95baeead6b79c4cff607556fb7129,True,1
test,235,1148,1317,cf8bee4faf9f1e67678d45b7cd8c350d04e95baeead6b79c4cff607556fb7129,False,0,4488,4488,cf8bee4faf9f1e67678d45b7cd8c350d04e95baeead6b79c4cff607556fb7129,cf8bee4faf9f1e67678d45b7cd8c350d04e95baeead6b79c4cff607556fb7129,True,1
test,236,2221,2507,cf8bee4faf9f1e67678d45b7cd8c350d04e95baeead6b79c4cff607556fb7129,False,0,4488,4488,cf8bee4faf9f1e67678d45b7cd8c350d04e95baeead6b79c4cff607556fb7129,cf8bee4faf9f1e67678d45b7cd8c350d04e95baeead6b79c4cff607556fb7129,True,1
test,237,2247,2543,cf8bee4faf9f1e67678d45b7cd8c350d04e95baeead6b79c4cff607556fb7129,False,0,4488,4488,cf8bee4faf9f1e67678d45b7cd8c350d04e95baeead6b79c4cff607556fb7129,cf8bee4faf9f1e67678d45b7cd8c350d04e95baeead6b79c4cff607556fb7129,True,1
test,238,676,1955,cf8bee4faf9f1e67678d45b7cd8c350d04e95baeead6b79c4cff607556fb7129,False,0,4488,4488,cf8bee4faf9f1e67678d45b7cd8c350d04e95baeead6b79c4cff607556fb7129,cf8bee4faf9f1e67678d45b7cd8c350d04e95baeead6b79c4cff607556fb7129,True,1
test,239,1072,1725,cf8bee4faf9f1e67678d45b7cd8c350d04e95baeead6b79c4cff607556fb7129,False,0,4488,4488,cf8bee4faf9f1e67678d45b7cd8c350d04e95baeead6b79c4cff607556fb7129,cf8bee4faf9f1e67678d45b7cd8c350d04e95baeead6b79c4cff607556fb7129,True,1
test,240,764,1358,cf8bee4faf9f1e67678d45b7cd8c350d04e95baeead6b79c4cff607556fb7129,False,0,4488,4488,cf8bee4faf9f1e67678d45b7cd8c350d04e95baeead6b79c4cff607556fb7129,cf8bee4faf9f1e67678d45b7cd8c350d04e95baeead6b79c4cff607556fb7129,True,1
test,241,639,900,cf8bee4faf9f1e67678d45b7cd8c350d04e95baeead6b79c4cff607556fb7129,False,0,4488,4488,cf8bee4faf9f1e67678d45b7cd8c350d04e95baeead6b79c4cff607556fb7129,cf8bee4faf9f1e67678d45b7cd8c350d04e95baeead6b79c4cff607556fb7129,True,1
test,242,1901,2284,cf8bee4faf9f1e67678d45b7cd8c350d04e95baeead6b79c4cff607556fb7129,False,0,4488,4488,cf8bee4faf9f1e67678d45b7cd8c350d04e95baeead6b79c4cff607556fb7129,cf8bee4faf9f1e67678d45b7cd8c350d04e95baeead6b79c4cff607556fb7129,True,1
test,243,90,155,cf8bee4faf9f1e67678d45b7cd8c350d04e95baeead6b79c4cff607556fb7129,False,0,4488,4488,cf8bee4faf9f1e67678d45b7cd8c350d04e95baeead6b79c4cff607556fb7129,cf8bee4faf9f1e67678d45b7cd8c350d04e95baeead6b79c4cff607556fb7129,True,1
test,244,1037,2654,cf8bee4faf9f1e67678d45b7cd8c350d04e95baeead6b79c4cff607556fb7129,False,0,4488,4488,cf8bee4faf9f1e67678d45b7cd8c350d04e95baeead6b79c4cff607556fb7129,cf8bee4faf9f1e67678d45b7cd8c350d04e95baeead6b79c4cff607556fb7129,True,1
test,245,609,2448,cf8bee4faf9f1e67678d45b7cd8c350d04e95baeead6b79c4cff607556fb7129,False,0,4488,4488,cf8bee4faf9f1e67678d45b7cd8c350d04e95baeead6b79c4cff607556fb7129,cf8bee4faf9f1e67678d45b7cd8c350d04e95baeead6b79c4cff607556fb7129,True,1
test,246,454,1441,cf8bee4faf9f1e67678d45b7cd8c350d04e95baeead6b79c4cff607556fb7129,False,0,4488,4488,cf8bee4faf9f1e67678d45b7cd8c350d04e95baeead6b79c4cff607556fb7129,cf8bee4faf9f1e67678d45b7cd8c350d04e95baeead6b79c4cff607556fb7129,True,1
test,247,434,1524,cf8bee4faf9f1e67678d45b7cd8c350d04e95baeead6b79c4cff607556fb7129,False,0,4488,4488,cf8bee4faf9f1e67678d45b7cd8c350d04e95baeead6b79c4cff607556fb7129,cf8bee4faf9f1e67678d45b7cd8c350d04e95baeead6b79c4cff607556fb7129,True,1
test,248,1676,1914,cf8bee4faf9f1e67678d45b7cd8c350d04e95baeead6b79c4cff607556fb7129,False,0,4488,4488,cf8bee4faf9f1e67678d45b7cd8c350d04e95baeead6b79c4cff607556fb7129,cf8bee4faf9f1e67678d45b7cd8c350d04e95baeead6b79c4cff607556fb7129,True,1
test,249,449,2581,cf8bee4faf9f1e67678d45b7cd8c350d04e95baeead6b79c4cff607556fb7129,False,0,4488,4488,cf8bee4faf9f1e67678d45b7cd8c350d04e95baeead6b79c4cff607556fb7129,cf8bee4faf9f1e67678d45b7cd8c350d04e95baeead6b79c4cff607556fb7129,True,1
test,250,487,1773,cf8bee4faf9f1e67678d45b7cd8c350d04e95baeead6b79c4cff607556fb7129,False,0,4488,4488,cf8bee4faf9f1e67678d45b7cd8c350d04e95baeead6b79c4cff607556fb7129,cf8bee4faf9f1e67678d45b7cd8c350d04e95baeead6b79c4cff607556fb7129,True,1
test,251,666,1973,cf8bee4faf9f1e67678d45b7cd8c350d04e95baeead6b79c4cff607556fb7129,False,0,4488,4488,cf8bee4faf9f1e67678d45b7cd8c350d04e95baeead6b79c4cff607556fb7129,cf8bee4faf9f1e67678d45b7cd8c350d04e95baeead6b79c4cff607556fb7129,True,1
test,252,873,2313,cf8bee4faf9f1e67678d45b7cd8c350d04e95baeead6b79c4cff607556fb7129,False,0,4488,4488,cf8bee4faf9f1e67678d45b7cd8c350d04e95baeead6b79c4cff607556fb7129,cf8bee4faf9f1e67678d45b7cd8c350d04e95baeead6b79c4cff607556fb7129,True,1
test,253,1986,1991,cf8bee4faf9f1e67678d45b7cd8c350d04e95baeead6b79c4cff607556fb7129,False,0,4488,4488,cf8bee4faf9f1e67678d45b7cd8c350d04e95baeead6b79c4cff607556fb7129,cf8bee4faf9f1e67678d45b7cd8c350d04e95baeead6b79c4cff607556fb7129,True,1
test,254,210,1079,cf8bee4faf9f1e67678d45b7cd8c350d04e95baeead6b79c4cff607556fb7129,False,0,4488,4488,cf8bee4faf9f1e67678d45b7cd8c350d04e95baeead6b79c4cff607556fb7129,cf8bee4faf9f1e67678d45b7cd8c350d04e95baeead6b79c4cff607556fb7129,True,1
test,255,108,2157,cf8bee4faf9f1e67678d45b7cd8c350d04e95baeead6b79c4cff607556fb7129,False,0,4488,4488,cf8bee4faf9f1e67678d45b7cd8c350d04e95baeead6b79c4cff607556fb7129,cf8bee4faf9f1e67678d45b7cd8c350d04e95baeead6b79c4cff607556fb7129,True,1
test,256,534,609,cf8bee4faf9f1e67678d45b7cd8c350d04e95baeead6b79c4cff607556fb7129,False,0,4488,4488,cf8bee4faf9f1e67678d45b7cd8c350d04e95baeead6b79c4cff607556fb7129,cf8bee4faf9f1e67678d45b7cd8c350d04e95baeead6b79c4cff607556fb7129,True,1
test,257,1807,2034,cf8bee4faf9f1e67678d45b7cd8c350d04e95baeead6b79c4cff607556fb7129,False,0,4488,4488,cf8bee4faf9f1e67678d45b7cd8c350d04e95baeead6b79c4cff607556fb7129,cf8bee4faf9f1e67678d45b7cd8c350d04e95baeead6b79c4cff607556fb7129,True,1
test,258,1310,2692,cf8bee4faf9f1e67678d45b7cd8c350d04e95baeead6b79c4cff607556fb7129,False,0,4488,4488,cf8bee4faf9f1e67678d45b7cd8c350d04e95baeead6b79c4cff607556fb7129,cf8bee4faf9f1e67678d45b7cd8c350d04e95baeead6b79c4cff607556fb7129,True,1
test,259,201,1701,cf8bee4faf9f1e67678d45b7cd8c350d04e95baeead6b79c4cff607556fb7129,False,0,4488,4488,cf8bee4faf9f1e67678d45b7cd8c350d04e95baeead6b79c4cff607556fb7129,cf8bee4faf9f1e67678d45b7cd8c350d04e95baeead6b79c4cff607556fb7129,True,1
test,260,2075,2077,cf8bee4faf9f1e67678d45b7cd8c350d04e95baeead6b79c4cff607556fb7129,False,0,4488,4488,cf8bee4faf9f1e67678d45b7cd8c350d04e95baeead6b79c4cff607556fb7129,cf8bee4faf9f1e67678d45b7cd8c350d04e95baeead6b79c4cff607556fb7129,True,1
test,261,367,2451,cf8bee4faf9f1e67678d45b7cd8c350d04e95baeead6b79c4cff607556fb7129,False,0,4488,4488,cf8bee4faf9f1e67678d45b7cd8c350d04e95baeead6b79c4cff607556fb7129,cf8bee4faf9f1e67678d45b7cd8c350d04e95baeead6b79c4cff607556fb7129,True,1
test,262,40,1364,cf8bee4faf9f1e67678d45b7cd8c350d04e95baeead6b79c4cff607556fb7129,False,0,4488,4488,cf8bee4faf9f1e67678d45b7cd8c350d04e95baeead6b79c4cff607556fb7129,cf8bee4faf9f1e67678d45b7cd8c350d04e95baeead6b79c4cff607556fb7129,True,1
test,263,110,567,cf8bee4faf9f1e67678d45b7cd8c350d04e95baeead6b79c4cff607556fb7129,False,0,4488,4488,cf8bee4faf9f1e67678d45b7cd8c350d04e95baeead6b79c4cff607556fb7129,cf8bee4faf9f1e67678d45b7cd8c350d04e95baeead6b79c4cff607556fb7129,True,1
test,264,961,2555,cf8bee4faf9f1e67678d45b7cd8c350d04e95baeead6b79c4cff607556fb7129,False,0,4488,4488,cf8bee4faf9f1e67678d45b7cd8c350d04e95baeead6b79c4cff607556fb7129,cf8bee4faf9f1e67678d45b7cd8c350d04e95baeead6b79c4cff607556fb7129,True,1
test,265,444,2289,cf8bee4faf9f1e67678d45b7cd8c350d04e95baeead6b79c4cff607556fb7129,False,0,4488,4488,cf8bee4faf9f1e67678d45b7cd8c350d04e95baeead6b79c4cff607556fb7129,cf8bee4faf9f1e67678d45b7cd8c350d04e95baeead6b79c4cff607556fb7129,True,1
test,266,142,1628,cf8bee4faf9f1e67678d45b7cd8c350d04e95baeead6b79c4cff607556fb7129,False,0,4488,4488,cf8bee4faf9f1e67678d45b7cd8c350d04e95baeead6b79c4cff607556fb7129,cf8bee4faf9f1e67678d45b7cd8c350d04e95baeead6b79c4cff607556fb7129,True,1
test,267,290,1765,cf8bee4faf9f1e67678d45b7cd8c350d04e95baeead6b79c4cff607556fb7129,False,0,4488,4488,cf8bee4faf9f1e67678d45b7cd8c350d04e95baeead6b79c4cff607556fb7129,cf8bee4faf9f1e67678d45b7cd8c350d04e95baeead6b79c4cff607556fb7129,True,1
test,268,167,1056,cf8bee4faf9f1e67678d45b7cd8c350d04e95baeead6b79c4cff607556fb7129,False,0,4488,4488,cf8bee4faf9f1e67678d45b7cd8c350d04e95baeead6b79c4cff607556fb7129,cf8bee4faf9f1e67678d45b7cd8c350d04e95baeead6b79c4cff607556fb7129,True,1
test,269,353,1345,cf8bee4faf9f1e67678d45b7cd8c350d04e95baeead6b79c4cff607556fb7129,False,0,4488,4488,cf8bee4faf9f1e67678d45b7cd8c350d04e95baeead6b79c4cff607556fb7129,cf8bee4faf9f1e67678d45b7cd8c350d04e95baeead6b79c4cff607556fb7129,True,1
test,270,2304,2385,cf8bee4faf9f1e67678d45b7cd8c350d04e95baeead6b79c4cff607556fb7129,False,0,4488,4488,cf8bee4faf9f1e67678d45b7cd8c350d04e95baeead6b79c4cff607556fb7129,cf8bee4faf9f1e67678d45b7cd8c350d04e95baeead6b79c4cff607556fb7129,True,1
test,271,306,2080,cf8bee4faf9f1e67678d45b7cd8c350d04e95baeead6b79c4cff607556fb7129,False,0,4488,4488,cf8bee4faf9f1e67678d45b7cd8c350d04e95baeead6b79c4cff607556fb7129,cf8bee4faf9f1e67678d45b7cd8c350d04e95baeead6b79c4cff607556fb7129,True,1
test,272,918,1098,cf8bee4faf9f1e67678d45b7cd8c350d04e95baeead6b79c4cff607556fb7129,False,0,4488,4488,cf8bee4faf9f1e67678d45b7cd8c350d04e95baeead6b79c4cff607556fb7129,cf8bee4faf9f1e67678d45b7cd8c350d04e95baeead6b79c4cff607556fb7129,True,1
test,273,962,1809,cf8bee4faf9f1e67678d45b7cd8c350d04e95baeead6b79c4cff607556fb7129,False,0,4488,4488,cf8bee4faf9f1e67678d45b7cd8c350d04e95baeead6b79c4cff607556fb7129,cf8bee4faf9f1e67678d45b7cd8c350d04e95baeead6b79c4cff607556fb7129,True,1
test,274,1721,2476,cf8bee4faf9f1e67678d45b7cd8c350d04e95baeead6b79c4cff607556fb7129,False,0,4488,4488,cf8bee4faf9f1e67678d45b7cd8c350d04e95baeead6b79c4cff607556fb7129,cf8bee4faf9f1e67678d45b7cd8c350d04e95baeead6b79c4cff607556fb7129,True,1
test,275,347,408,cf8bee4faf9f1e67678d45b7cd8c350d04e95baeead6b79c4cff607556fb7129,False,0,4488,4488,cf8bee4faf9f1e67678d45b7cd8c350d04e95baeead6b79c4cff607556fb7129,cf8bee4faf9f1e67678d45b7cd8c350d04e95baeead6b79c4cff607556fb7129,True,1
test,276,526,1007,cf8bee4faf9f1e67678d45b7cd8c350d04e95baeead6b79c4cff607556fb7129,False,0,4488,4488,cf8bee4faf9f1e67678d45b7cd8c350d04e95baeead6b79c4cff607556fb7129,cf8bee4faf9f1e67678d45b7cd8c350d04e95baeead6b79c4cff607556fb7129,True,1
test,277,309,2305,cf8bee4faf9f1e67678d45b7cd8c350d04e95baeead6b79c4cff607556fb7129,False,0,4488,4488,cf8bee4faf9f1e67678d45b7cd8c350d04e95baeead6b79c4cff607556fb7129,cf8bee4faf9f1e67678d45b7cd8c350d04e95baeead6b79c4cff607556fb7129,True,1
test,278,717,1907,cf8bee4faf9f1e67678d45b7cd8c350d04e95baeead6b79c4cff607556fb7129,False,0,4488,4488,cf8bee4faf9f1e67678d45b7cd8c350d04e95baeead6b79c4cff607556fb7129,cf8bee4faf9f1e67678d45b7cd8c350d04e95baeead6b79c4cff607556fb7129,True,1
test,279,482,2230,cf8bee4faf9f1e67678d45b7cd8c350d04e95baeead6b79c4cff607556fb7129,False,0,4488,4488,cf8bee4faf9f1e67678d45b7cd8c350d04e95baeead6b79c4cff607556fb7129,cf8bee4faf9f1e67678d45b7cd8c350d04e95baeead6b79c4cff607556fb7129,True,1
test,280,1623,1772,cf8bee4faf9f1e67678d45b7cd8c350d04e95baeead6b79c4cff607556fb7129,False,0,4488,4488,cf8bee4faf9f1e67678d45b7cd8c350d04e95baeead6b79c4cff607556fb7129,cf8bee4faf9f1e67678d45b7cd8c350d04e95baeead6b79c4cff607556fb7129,True,1
test,281,870,1119,cf8bee4faf9f1e67678d45b7cd8c350d04e95baeead6b79c4cff607556fb7129,False,0,4488,4488,cf8bee4faf9f1e67678d45b7cd8c350d04e95baeead6b79c4cff607556fb7129,cf8bee4faf9f1e67678d45b7cd8c350d04e95baeead6b79c4cff607556fb7129,True,1
test,282,833,1678,cf8bee4faf9f1e67678d45b7cd8c350d04e95baeead6b79c4cff607556fb7129,False,0,4488,4488,cf8bee4faf9f1e67678d45b7cd8c350d04e95baeead6b79c4cff607556fb7129,cf8bee4faf9f1e67678d45b7cd8c350d04e95baeead6b79c4cff607556fb7129,True,1
test,283,1133,1500,cf8bee4faf9f1e67678d45b7cd8c350d04e95baeead6b79c4cff607556fb7129,False,0,4488,4488,cf8bee4faf9f1e67678d45b7cd8c350d04e95baeead6b79c4cff607556fb7129,cf8bee4faf9f1e67678d45b7cd8c350d04e95baeead6b79c4cff607556fb7129,True,1
test,284,733,862,cf8bee4faf9f1e67678d45b7cd8c350d04e95baeead6b79c4cff607556fb7129,False,0,4488,4488,cf8bee4faf9f1e67678d45b7cd8c350d04e95baeead6b79c4cff607556fb7129,cf8bee4faf9f1e67678d45b7cd8c350d04e95baeead6b79c4cff607556fb7129,True,1
test,285,1301,2140,cf8bee4faf9f1e67678d45b7cd8c350d04e95baeead6b79c4cff607556fb7129,False,0,4488,4488,cf8bee4faf9f1e67678d45b7cd8c350d04e95baeead6b79c4cff607556fb7129,cf8bee4faf9f1e67678d45b7cd8c350d04e95baeead6b79c4cff607556fb7129,True,1
test,286,551,2388,cf8bee4faf9f1e67678d45b7cd8c350d04e95baeead6b79c4cff607556fb7129,False,0,4488,4488,cf8bee4faf9f1e67678d45b7cd8c350d04e95baeead6b79c4cff607556fb7129,cf8bee4faf9f1e67678d45b7cd8c350d04e95baeead6b79c4cff607556fb7129,True,1
test,287,269,321,cf8bee4faf9f1e67678d45b7cd8c350d04e95baeead6b79c4cff607556fb7129,False,0,4488,4488,cf8bee4faf9f1e67678d45b7cd8c350d04e95baeead6b79c4cff607556fb7129,cf8bee4faf9f1e67678d45b7cd8c350d04e95baeead6b79c4cff607556fb7129,True,1
test,288,88,415,cf8bee4faf9f1e67678d45b7cd8c350d04e95baeead6b79c4cff607556fb7129,False,0,4488,4488,cf8bee4faf9f1e67678d45b7cd8c350d04e95baeead6b79c4cff607556fb7129,cf8bee4faf9f1e67678d45b7cd8c350d04e95baeead6b79c4cff607556fb7129,True,1
test,289,1955,2235,cf8bee4faf9f1e67678d45b7cd8c350d04e95baeead6b79c4cff607556fb7129,False,0,4488,4488,cf8bee4faf9f1e67678d45b7cd8c350d04e95baeead6b79c4cff607556fb7129,cf8bee4faf9f1e67678d45b7cd8c350d04e95baeead6b79c4cff607556fb7129,True,1
test,290,657,2522,cf8bee4faf9f1e67678d45b7cd8c350d04e95baeead6b79c4cff607556fb7129,False,0,4488,4488,cf8bee4faf9f1e67678d45b7cd8c350d04e95baeead6b79c4cff607556fb7129,cf8bee4faf9f1e67678d45b7cd8c350d04e95baeead6b79c4cff607556fb7129,True,1
test,291,901,1042,cf8bee4faf9f1e67678d45b7cd8c350d04e95baeead6b79c4cff607556fb7129,False,0,4488,4488,cf8bee4faf9f1e67678d45b7cd8c350d04e95baeead6b79c4cff607556fb7129,cf8bee4faf9f1e67678d45b7cd8c350d04e95baeead6b79c4cff607556fb7129,True,1
test,292,119,1549,cf8bee4faf9f1e67678d45b7cd8c350d04e95baeead6b79c4cff607556fb7129,False,0,4488,4488,cf8bee4faf9f1e67678d45b7cd8c350d04e95baeead6b79c4cff607556fb7129,cf8bee4faf9f1e67678d45b7cd8c350d04e95baeead6b79c4cff607556fb7129,True,1
test,293,482,1810,cf8bee4faf9f1e67678d45b7cd8c350d04e95baeead6b79c4cff607556fb7129,False,0,4488,4488,cf8bee4faf9f1e67678d45b7cd8c350d04e95baeead6b79c4cff607556fb7129,cf8bee4faf9f1e67678d45b7cd8c350d04e95baeead6b79c4cff607556fb7129,True,1
test,294,48,598,cf8bee4faf9f1e67678d45b7cd8c350d04e95baeead6b79c4cff607556fb7129,False,0,4488,4488,cf8bee4faf9f1e67678d45b7cd8c350d04e95baeead6b79c4cff607556fb7129,cf8bee4faf9f1e67678d45b7cd8c350d04e95baeead6b79c4cff607556fb7129,True,1
test,295,744,1154,cf8bee4faf9f1e67678d45b7cd8c350d04e95baeead6b79c4cff607556fb7129,False,0,4488,4488,cf8bee4faf9f1e67678d45b7cd8c350d04e95baeead6b79c4cff607556fb7129,cf8bee4faf9f1e67678d45b7cd8c350d04e95baeead6b79c4cff607556fb7129,True,1
test,296,1951,2206,cf8bee4faf9f1e67678d45b7cd8c350d04e95baeead6b79c4cff607556fb7129,False,0,4488,4488,cf8bee4faf9f1e67678d45b7cd8c350d04e95baeead6b79c4cff607556fb7129,cf8bee4faf9f1e67678d45b7cd8c350d04e95baeead6b79c4cff607556fb7129,True,1
test,297,537,1165,cf8bee4faf9f1e67678d45b7cd8c350d04e95baeead6b79c4cff607556fb7129,False,0,4488,4488,cf8bee4faf9f1e67678d45b7cd8c350d04e95baeead6b79c4cff607556fb7129,cf8bee4faf9f1e67678d45b7cd8c350d04e95baeead6b79c4cff607556fb7129,True,1
test,298,439,1169,cf8bee4faf9f1e67678d45b7cd8c350d04e95baeead6b79c4cff607556fb7129,False,0,4488,4488,cf8bee4faf9f1e67678d45b7cd8c350d04e95baeead6b79c4cff607556fb7129,cf8bee4faf9f1e67678d45b7cd8c350d04e95baeead6b79c4cff607556fb7129,True,1
test,299,649,1171,cf8bee4faf9f1e67678d45b7cd8c350d04e95baeead6b79c4cff607556fb7129,False,0,4488,4488,cf8bee4faf9f1e67678d45b7cd8c350d04e95baeead6b79c4cff607556fb7129,cf8bee4faf9f1e67678d45b7cd8c350d04e95baeead6b79c4cff607556fb7129,True,1
test,300,117,259,cf8bee4faf9f1e67678d45b7cd8c350d04e95baeead6b79c4cff607556fb7129,False,0,4488,4488,cf8bee4faf9f1e67678d45b7cd8c350d04e95baeead6b79c4cff607556fb7129,cf8bee4faf9f1e67678d45b7cd8c350d04e95baeead6b79c4cff607556fb7129,True,1
test,301,760,985,cf8bee4faf9f1e67678d45b7cd8c350d04e95baeead6b79c4cff607556fb7129,False,0,4488,4488,cf8bee4faf9f1e67678d45b7cd8c350d04e95baeead6b79c4cff607556fb7129,cf8bee4faf9f1e67678d45b7cd8c350d04e95baeead6b79c4cff607556fb7129,True,1
test,302,1724,2215,cf8bee4faf9f1e67678d45b7cd8c350d04e95baeead6b79c4cff607556fb7129,False,0,4488,4488,cf8bee4faf9f1e67678d45b7cd8c350d04e95baeead6b79c4cff607556fb7129,cf8bee4faf9f1e67678d45b7cd8c350d04e95baeead6b79c4cff607556fb7129,True,1
test,303,2181,2196,cf8bee4faf9f1e67678d45b7cd8c350d04e95baeead6b79c4cff607556fb7129,False,0,4488,4488,cf8bee4faf9f1e67678d45b7cd8c350d04e95baeead6b79c4cff607556fb7129,cf8bee4faf9f1e67678d45b7cd8c350d04e95baeead6b79c4cff607556fb7129,True,1
test,304,56,447,cf8bee4faf9f1e67678d45b7cd8c350d04e95baeead6b79c4cff607556fb7129,False,0,4488,4488,cf8bee4faf9f1e67678d45b7cd8c350d04e95baeead6b79c4cff607556fb7129,cf8bee4faf9f1e67678d45b7cd8c350d04e95baeead6b79c4cff607556fb7129,True,1
test,305,1061,1196,cf8bee4faf9f1e67678d45b7cd8c350d04e95baeead6b79c4cff607556fb7129,False,0,4488,4488,cf8bee4faf9f1e67678d45b7cd8c350d04e95baeead6b79c4cff607556fb7129,cf8bee4faf9f1e67678d45b7cd8c350d04e95baeead6b79c4cff607556fb7129,True,1
test,306,1131,1909,cf8bee4faf9f1e67678d45b7cd8c350d04e95baeead6b79c4cff607556fb7129,False,0,4488,4488,cf8bee4faf9f1e67678d45b7cd8c350d04e95baeead6b79c4cff607556fb7129,cf8bee4faf9f1e67678d45b7cd8c350d04e95baeead6b79c4cff607556fb7129,True,1
test,307,448,1826,cf8bee4faf9f1e67678d45b7cd8c350d04e95baeead6b79c4cff607556fb7129,False,0,4488,4488,cf8bee4faf9f1e67678d45b7cd8c350d04e95baeead6b79c4cff607556fb7129,cf8bee4faf9f1e67678d45b7cd8c350d04e95baeead6b79c4cff607556fb7129,True,1
test,308,133,1623,cf8bee4faf9f1e67678d45b7cd8c350d04e95baeead6b79c4cff607556fb7129,False,0,4488,4488,cf8bee4faf9f1e67678d45b7cd8c350d04e95baeead6b79c4cff607556fb7129,cf8bee4faf9f1e67678d45b7cd8c350d04e95baeead6b79c4cff607556fb7129,True,1
test,309,985,1073,cf8bee4faf9f1e67678d45b7cd8c350d04e95baeead6b79c4cff607556fb7129,False,0,4488,4488,cf8bee4faf9f1e67678d45b7cd8c350d04e95baeead6b79c4cff607556fb7129,cf8bee4faf9f1e67678d45b7cd8c350d04e95baeead6b79c4cff607556fb7129,True,1
test,310,701,2062,cf8bee4faf9f1e67678d45b7cd8c350d04e95baeead6b79c4cff607556fb7129,False,0,4488,4488,cf8bee4faf9f1e67678d45b7cd8c350d04e95baeead6b79c4cff607556fb7129,cf8bee4faf9f1e67678d45b7cd8c350d04e95baeead6b79c4cff607556fb7129,True,1
test,311,767,873,cf8bee4faf9f1e67678d45b7cd8c350d04e95baeead6b79c4cff607556fb7129,False,0,4488,4488,cf8bee4faf9f1e67678d45b7cd8c350d04e95baeead6b79c4cff607556fb7129,cf8bee4faf9f1e67678d45b7cd8c350d04e95baeead6b79c4cff607556fb7129,True,1
test,312,1712,1725,cf8bee4faf9f1e67678d45b7cd8c350d04e95baeead6b79c4cff607556fb7129,False,0,4488,4488,cf8bee4faf9f1e67678d45b7cd8c350d04e95baeead6b79c4cff607556fb7129,cf8bee4faf9f1e67678d45b7cd8c350d04e95baeead6b79c4cff607556fb7129,True,1
test,313,6,373,cf8bee4faf9f1e67678d45b7cd8c350d04e95baeead6b79c4cff607556fb7129,False,0,4488,4488,cf8bee4faf9f1e67678d45b7cd8c350d04e95baeead6b79c4cff607556fb7129,cf8bee4faf9f1e67678d45b7cd8c350d04e95baeead6b79c4cff607556fb7129,True,1
test,314,1463,2133,cf8bee4faf9f1e67678d45b7cd8c350d04e95baeead6b79c4cff607556fb7129,False,0,4488,4488,cf8bee4faf9f1e67678d45b7cd8c350d04e95baeead6b79c4cff607556fb7129,cf8bee4faf9f1e67678d45b7cd8c350d04e95baeead6b79c4cff607556fb7129,True,1
test,315,229,1894,cf8bee4faf9f1e67678d45b7cd8c350d04e95baeead6b79c4cff607556fb7129,False,0,4488,4488,cf8bee4faf9f1e67678d45b7cd8c350d04e95baeead6b79c4cff607556fb7129,cf8bee4faf9f1e67678d45b7cd8c350d04e95baeead6b79c4cff607556fb7129,True,1
test,316,1358,1745,cf8bee4faf9f1e67678d45b7cd8c350d04e95baeead6b79c4cff607556fb7129,False,0,4488,4488,cf8bee4faf9f1e67678d45b7cd8c350d04e95baeead6b79c4cff607556fb7129,cf8bee4faf9f1e67678d45b7cd8c350d04e95baeead6b79c4cff607556fb7129,True,1
test,317,1334,1542,cf8bee4faf9f1e67678d45b7cd8c350d04e95baeead6b79c4cff607556fb7129,False,0,4488,4488,cf8bee4faf9f1e67678d45b7cd8c350d04e95baeead6b79c4cff607556fb7129,cf8bee4faf9f1e67678d45b7cd8c350d04e95baeead6b79c4cff607556fb7129,True,1
test,318,442,2362,cf8bee4faf9f1e67678d45b7cd8c350d04e95baeead6b79c4cff607556fb7129,False,0,4488,4488,cf8bee4faf9f1e67678d45b7cd8c350d04e95baeead6b79c4cff607556fb7129,cf8bee4faf9f1e67678d45b7cd8c350d04e95baeead6b79c4cff607556fb7129,True,1
test,319,383,2268,cf8bee4faf9f1e67678d45b7cd8c350d04e95baeead6b79c4cff607556fb7129,False,0,4488,4488,cf8bee4faf9f1e67678d45b7cd8c350d04e95baeead6b79c4cff607556fb7129,cf8bee4faf9f1e67678d45b7cd8c350d04e95baeead6b79c4cff607556fb7129,True,1
test,320,525,1628,cf8bee4faf9f1e67678d45b7cd8c350d04e95baeead6b79c4cff607556fb7129,False,0,4488,4488,cf8bee4faf9f1e67678d45b7cd8c350d04e95baeead6b79c4cff607556fb7129,cf8bee4faf9f1e67678d45b7cd8c350d04e95baeead6b79c4cff607556fb7129,True,1
test,321,1899,1902,cf8bee4faf9f1e67678d45b7cd8c350d04e95baeead6b79c4cff607556fb7129,False,0,4488,4488,cf8bee4faf9f1e67678d45b7cd8c350d04e95baeead6b79c4cff607556fb7129,cf8bee4faf9f1e67678d45b7cd8c350d04e95baeead6b79c4cff607556fb7129,True,1
test,322,1986,2001,cf8bee4faf9f1e67678d45b7cd8c350d04e95baeead6b79c4cff607556fb7129,False,0,4488,4488,cf8bee4faf9f1e67678d45b7cd8c350d04e95baeead6b79c4cff607556fb7129,cf8bee4faf9f1e67678d45b7cd8c350d04e95baeead6b79c4cff607556fb7129,True,1
test,323,1358,1761,cf8bee4faf9f1e67678d45b7cd8c350d04e95baeead6b79c4cff607556fb7129,False,0,4488,4488,cf8bee4faf9f1e67678d45b7cd8c350d04e95baeead6b79c4cff607556fb7129,cf8bee4faf9f1e67678d45b7cd8c350d04e95baeead6b79c4cff607556fb7129,True,1
test,324,745,1986,cf8bee4faf9f1e67678d45b7cd8c350d04e95baeead6b79c4cff607556fb7129,False,0,4488,4488,cf8bee4faf9f1e67678d45b7cd8c350d04e95baeead6b79c4cff607556fb7129,cf8bee4faf9f1e67678d45b7cd8c350d04e95baeead6b79c4cff607556fb7129,True,1
test,325,32,518,cf8bee4faf9f1e67678d45b7cd8c350d04e95baeead6b79c4cff607556fb7129,False,0,4488,4488,cf8bee4faf9f1e67678d45b7cd8c350d04e95baeead6b79c4cff607556fb7129,cf8bee4faf9f1e67678d45b7cd8c350d04e95baeead6b79c4cff607556fb7129,True,1
test,326,1427,2446,cf8bee4faf9f1e67678d45b7cd8c350d04e95baeead6b79c4cff607556fb7129,False,0,4488,4488,cf8bee4faf9f1e67678d45b7cd8c350d04e95baeead6b79c4cff607556fb7129,cf8bee4faf9f1e67678d45b7cd8c350d04e95baeead6b79c4cff607556fb7129,True,1
test,327,368,428,cf8bee4faf9f1e67678d45b7cd8c350d04e95baeead6b79c4cff607556fb7129,False,0,4488,4488,cf8bee4faf9f1e67678d45b7cd8c350d04e95baeead6b79c4cff607556fb7129,cf8bee4faf9f1e67678d45b7cd8c350d04e95baeead6b79c4cff607556fb7129,True,1
test,328,47,163,cf8bee4faf9f1e67678d45b7cd8c350d04e95baeead6b79c4cff607556fb7129,False,0,4488,4488,cf8bee4faf9f1e67678d45b7cd8c350d04e95baeead6b79c4cff607556fb7129,cf8bee4faf9f1e67678d45b7cd8c350d04e95baeead6b79c4cff607556fb7129,True,1
test,329,1671,2137,cf8bee4faf9f1e67678d45b7cd8c350d04e95baeead6b79c4cff607556fb7129,False,0,4488,4488,cf8bee4faf9f1e67678d45b7cd8c350d04e95baeead6b79c4cff607556fb7129,cf8bee4faf9f1e67678d45b7cd8c350d04e95baeead6b79c4cff607556fb7129,True,1
test,330,710,2212,cf8bee4faf9f1e67678d45b7cd8c350d04e95baeead6b79c4cff607556fb7129,False,0,4488,4488,cf8bee4faf9f1e67678d45b7cd8c350d04e95baeead6b79c4cff607556fb7129,cf8bee4faf9f1e67678d45b7cd8c350d04e95baeead6b79c4cff607556fb7129,True,1
test,331,218,2119,cf8bee4faf9f1e67678d45b7cd8c350d04e95baeead6b79c4cff607556fb7129,False,0,4488,4488,cf8bee4faf9f1e67678d45b7cd8c350d04e95baeead6b79c4cff607556fb7129,cf8bee4faf9f1e67678d45b7cd8c350d04e95baeead6b79c4cff607556fb7129,True,1
test,332,441,1537,cf8bee4faf9f1e67678d45b7cd8c350d04e95baeead6b79c4cff607556fb7129,False,0,4488,4488,cf8bee4faf9f1e67678d45b7cd8c350d04e95baeead6b79c4cff607556fb7129,cf8bee4faf9f1e67678d45b7cd8c350d04e95baeead6b79c4cff607556fb7129,True,1
test,333,665,2122,cf8bee4faf9f1e67678d45b7cd8c350d04e95baeead6b79c4cff607556fb7129,False,0,4488,4488,cf8bee4faf9f1e67678d45b7cd8c350d04e95baeead6b79c4cff607556fb7129,cf8bee4faf9f1e67678d45b7cd8c350d04e95baeead6b79c4cff607556fb7129,True,1
test,334,325,1848,cf8bee4faf9f1e67678d45b7cd8c350d04e95baeead6b79c4cff607556fb7129,False,0,4488,4488,cf8bee4faf9f1e67678d45b7cd8c350d04e95baeead6b79c4cff607556fb7129,cf8bee4faf9f1e67678d45b7cd8c350d04e95baeead6b79c4cff607556fb7129,True,1
test,335,120,2405,cf8bee4faf9f1e67678d45b7cd8c350d04e95baeead6b79c4cff607556fb7129,False,0,4488,4488,cf8bee4faf9f1e67678d45b7cd8c350d04e95baeead6b79c4cff607556fb7129,cf8bee4faf9f1e67678d45b7cd8c350d04e95baeead6b79c4cff607556fb7129,True,1
test,336,1215,1894,cf8bee4faf9f1e67678d45b7cd8c350d04e95baeead6b79c4cff607556fb7129,False,0,4488,4488,cf8bee4faf9f1e67678d45b7cd8c350d04e95baeead6b79c4cff607556fb7129,cf8bee4faf9f1e67678d45b7cd8c350d04e95baeead6b79c4cff607556fb7129,True,1
test,337,1206,1257,cf8bee4faf9f1e67678d45b7cd8c350d04e95baeead6b79c4cff607556fb7129,False,0,4488,4488,cf8bee4faf9f1e67678d45b7cd8c350d04e95baeead6b79c4cff607556fb7129,cf8bee4faf9f1e67678d45b7cd8c350d04e95baeead6b79c4cff607556fb7129,True,1
test,338,50,1441,cf8bee4faf9f1e67678d45b7cd8c350d04e95baeead6b79c4cff607556fb7129,False,0,4488,4488,cf8bee4faf9f1e67678d45b7cd8c350d04e95baeead6b79c4cff607556fb7129,cf8bee4faf9f1e67678d45b7cd8c350d04e95baeead6b79c4cff607556fb7129,True,1
test,339,1185,1992,cf8bee4faf9f1e67678d45b7cd8c350d04e95baeead6b79c4cff607556fb7129,False,0,4488,4488,cf8bee4faf9f1e67678d45b7cd8c350d04e95baeead6b79c4cff607556fb7129,cf8bee4faf9f1e67678d45b7cd8c350d04e95baeead6b79c4cff607556fb7129,True,1
test,340,1090,2367,cf8bee4faf9f1e67678d45b7cd8c350d04e95baeead6b79c4cff607556fb7129,False,0,4488,4488,cf8bee4faf9f1e67678d45b7cd8c350d04e95baeead6b79c4cff607556fb7129,cf8bee4faf9f1e67678d45b7cd8c350d04e95baeead6b79c4cff607556fb7129,True,1
test,341,1041,2448,cf8bee4faf9f1e67678d45b7cd8c350d04e95baeead6b79c4cff607556fb7129,False,0,4488,4488,cf8bee4faf9f1e67678d45b7cd8c350d04e95baeead6b79c4cff607556fb7129,cf8bee4faf9f1e67678d45b7cd8c350d04e95baeead6b79c4cff607556fb7129,True,1
test,342,86,1336,cf8bee4faf9f1e67678d45b7cd8c350d04e95baeead6b79c4cff607556fb7129,False,0,4488,4488,cf8bee4faf9f1e67678d45b7cd8c350d04e95baeead6b79c4cff607556fb7129,cf8bee4faf9f1e67678d45b7cd8c350d04e95baeead6b79c4cff607556fb7129,True,1
test,343,542,1245,cf8bee4faf9f1e67678d45b7cd8c350d04e95baeead6b79c4cff607556fb7129,False,0,4488,4488,cf8bee4faf9f1e67678d45b7cd8c350d04e95baeead6b79c4cff607556fb7129,cf8bee4faf9f1e67678d45b7cd8c350d04e95baeead6b79c4cff607556fb7129,True,1
test,344,1224,1660,cf8bee4faf9f1e67678d45b7cd8c350d04e95baeead6b79c4cff607556fb7129,False,0,4488,4488,cf8bee4faf9f1e67678d45b7cd8c350d04e95baeead6b79c4cff607556fb7129,cf8bee4faf9f1e67678d45b7cd8c350d04e95baeead6b79c4cff607556fb7129,True,1
test,345,219,507,cf8bee4faf9f1e67678d45b7cd8c350d04e95baeead6b79c4cff607556fb7129,False,0,4488,4488,cf8bee4faf9f1e67678d45b7cd8c350d04e95baeead6b79c4cff607556fb7129,cf8bee4faf9f1e67678d45b7cd8c350d04e95baeead6b79c4cff607556fb7129,True,1
test,346,372,626,cf8bee4faf9f1e67678d45b7cd8c350d04e95baeead6b79c4cff607556fb7129,False,0,4488,4488,cf8bee4faf9f1e67678d45b7cd8c350d04e95baeead6b79c4cff607556fb7129,cf8bee4faf9f1e67678d45b7cd8c350d04e95baeead6b79c4cff607556fb7129,True,1
test,347,59,1725,cf8bee4faf9f1e67678d45b7cd8c350d04e95baeead6b79c4cff607556fb7129,False,0,4488,4488,cf8bee4faf9f1e67678d45b7cd8c350d04e95baeead6b79c4cff607556fb7129,cf8bee4faf9f1e67678d45b7cd8c350d04e95baeead6b79c4cff607556fb7129,True,1
test,348,1424,1621,cf8bee4faf9f1e67678d45b7cd8c350d04e95baeead6b79c4cff607556fb7129,False,0,4488,4488,cf8bee4faf9f1e67678d45b7cd8c350d04e95baeead6b79c4cff607556fb7129,cf8bee4faf9f1e67678d45b7cd8c350d04e95baeead6b79c4cff607556fb7129,True,1
test,349,868,2099,cf8bee4faf9f1e67678d45b7cd8c350d04e95baeead6b79c4cff607556fb7129,False,0,4488,4488,cf8bee4faf9f1e67678d45b7cd8c350d04e95baeead6b79c4cff607556fb7129,cf8bee4faf9f1e67678d45b7cd8c350d04e95baeead6b79c4cff607556fb7129,True,1
test,350,1281,1746,cf8bee4faf9f1e67678d45b7cd8c350d04e95baeead6b79c4cff607556fb7129,False,0,4488,4488,cf8bee4faf9f1e67678d45b7cd8c350d04e95baeead6b79c4cff607556fb7129,cf8bee4faf9f1e67678d45b7cd8c350d04e95baeead6b79c4cff607556fb7129,True,1
test,351,443,1264,cf8bee4faf9f1e67678d45b7cd8c350d04e95baeead6b79c4cff607556fb7129,False,0,4488,4488,cf8bee4faf9f1e67678d45b7cd8c350d04e95baeead6b79c4cff607556fb7129,cf8bee4faf9f1e67678d45b7cd8c350d04e95baeead6b79c4cff607556fb7129,True,1
test,352,1204,1839,cf8bee4faf9f1e67678d45b7cd8c350d04e95baeead6b79c4cff607556fb7129,False,0,4488,4488,cf8bee4faf9f1e67678d45b7cd8c350d04e95baeead6b79c4cff607556fb7129,cf8bee4faf9f1e67678d45b7cd8c350d04e95baeead6b79c4cff607556fb7129,True,1
test,353,750,1441,cf8bee4faf9f1e67678d45b7cd8c350d04e95baeead6b79c4cff607556fb7129,False,0,4488,4488,cf8bee4faf9f1e67678d45b7cd8c350d04e95baeead6b79c4cff607556fb7129,cf8bee4faf9f1e67678d45b7cd8c350d04e95baeead6b79c4cff607556fb7129,True,1
test,354,2112,2436,cf8bee4faf9f1e67678d45b7cd8c350d04e95baeead6b79c4cff607556fb7129,False,0,4488,4488,cf8bee4faf9f1e67678d45b7cd8c350d04e95baeead6b79c4cff607556fb7129,cf8bee4faf9f1e67678d45b7cd8c350d04e95baeead6b79c4cff607556fb7129,True,1
test,355,624,1232,cf8bee4faf9f1e67678d45b7cd8c350d04e95baeead6b79c4cff607556fb7129,False,0,4488,4488,cf8bee4faf9f1e67678d45b7cd8c350d04e95baeead6b79c4cff607556fb7129,cf8bee4faf9f1e67678d45b7cd8c350d04e95baeead6b79c4cff607556fb7129,True,1
test,356,205,1701,cf8bee4faf9f1e67678d45b7cd8c350d04e95baeead6b79c4cff607556fb7129,False,0,4488,4488,cf8bee4faf9f1e67678d45b7cd8c350d04e95baeead6b79c4cff607556fb7129,cf8bee4faf9f1e67678d45b7cd8c350d04e95baeead6b79c4cff607556fb7129,True,1
test,357,921,1914,cf8bee4faf9f1e67678d45b7cd8c350d04e95baeead6b79c4cff607556fb7129,False,0,4488,4488,cf8bee4faf9f1e67678d45b7cd8c350d04e95baeead6b79c4cff607556fb7129,cf8bee4faf9f1e67678d45b7cd8c350d04e95baeead6b79c4cff607556fb7129,True,1
test,358,519,598,cf8bee4faf9f1e67678d45b7cd8c350d04e95baeead6b79c4cff607556fb7129,False,0,4488,4488,cf8bee4faf9f1e67678d45b7cd8c350d04e95baeead6b79c4cff607556fb7129,cf8bee4faf9f1e67678d45b7cd8c350d04e95baeead6b79c4cff607556fb7129,True,1
test,359,1515,2234,cf8bee4faf9f1e67678d45b7cd8c350d04e95baeead6b79c4cff607556fb7129,False,0,4488,4488,cf8bee4faf9f1e67678d45b7cd8c350d04e95baeead6b79c4cff607556fb7129,cf8bee4faf9f1e67678d45b7cd8c350d04e95baeead6b79c4cff607556fb7129,True,1
test,360,469,2412,cf8bee4faf9f1e67678d45b7cd8c350d04e95baeead6b79c4cff607556fb7129,False,0,4488,4488,cf8bee4faf9f1e67678d45b7cd8c350d04e95baeead6b79c4cff607556fb7129,cf8bee4faf9f1e67678d45b7cd8c350d04e95baeead6b79c4cff607556fb7129,True,1
test,361,64,1209,cf8bee4faf9f1e67678d45b7cd8c350d04e95baeead6b79c4cff607556fb7129,False,0,4488,4488,cf8bee4faf9f1e67678d45b7cd8c350d04e95baeead6b79c4cff607556fb7129,cf8bee4faf9f1e67678d45b7cd8c350d04e95baeead6b79c4cff607556fb7129,True,1
test,362,306,1779,cf8bee4faf9f1e67678d45b7cd8c350d04e95baeead6b79c4cff607556fb7129,False,0,4488,4488,cf8bee4faf9f1e67678d45b7cd8c350d04e95baeead6b79c4cff607556fb7129,cf8bee4faf9f1e67678d45b7cd8c350d04e95baeead6b79c4cff607556fb7129,True,1
test,363,1433,2359,cf8bee4faf9f1e67678d45b7cd8c350d04e95baeead6b79c4cff607556fb7129,False,0,4488,4488,cf8bee4faf9f1e67678d45b7cd8c350d04e95baeead6b79c4cff607556fb7129,cf8bee4faf9f1e67678d45b7cd8c350d04e95baeead6b79c4cff607556fb7129,True,1
test,364,1070,1358,cf8bee4faf9f1e67678d45b7cd8c350d04e95baeead6b79c4cff607556fb7129,False,0,4488,4488,cf8bee4faf9f1e67678d45b7cd8c350d04e95baeead6b79c4cff607556fb7129,cf8bee4faf9f1e67678d45b7cd8c350d04e95baeead6b79c4cff607556fb7129,True,1
test,365,1810,1812,cf8bee4faf9f1e67678d45b7cd8c350d04e95baeead6b79c4cff607556fb7129,False,0,4488,4488,cf8bee4faf9f1e67678d45b7cd8c350d04e95baeead6b79c4cff607556fb7129,cf8bee4faf9f1e67678d45b7cd8c350d04e95baeead6b79c4cff607556fb7129,True,1
test,366,695,1336,cf8bee4faf9f1e67678d45b7cd8c350d04e95baeead6b79c4cff607556fb7129,False,0,4488,4488,cf8bee4faf9f1e67678d45b7cd8c350d04e95baeead6b79c4cff607556fb7129,cf8bee4faf9f1e67678d45b7cd8c350d04e95baeead6b79c4cff607556fb7129,True,1
test,367,667,2364,cf8bee4faf9f1e67678d45b7cd8c350d04e95baeead6b79c4cff607556fb7129,False,0,4488,4488,cf8bee4faf9f1e67678d45b7cd8c350d04e95baeead6b79c4cff607556fb7129,cf8bee4faf9f1e67678d45b7cd8c350d04e95baeead6b79c4cff607556fb7129,True,1
test,368,945,2388,cf8bee4faf9f1e67678d45b7cd8c350d04e95baeead6b79c4cff607556fb7129,False,0,4488,4488,cf8bee4faf9f1e67678d45b7cd8c350d04e95baeead6b79c4cff607556fb7129,cf8bee4faf9f1e67678d45b7cd8c350d04e95baeead6b79c4cff607556fb7129,True,1
test,369,843,2542,cf8bee4faf9f1e67678d45b7cd8c350d04e95baeead6b79c4cff607556fb7129,False,0,4488,4488,cf8bee4faf9f1e67678d45b7cd8c350d04e95baeead6b79c4cff607556fb7129,cf8bee4faf9f1e67678d45b7cd8c350d04e95baeead6b79c4cff607556fb7129,True,1
test,370,905,1483,cf8bee4faf9f1e67678d45b7cd8c350d04e95baeead6b79c4cff607556fb7129,False,0,4488,4488,cf8bee4faf9f1e67678d45b7cd8c350d04e95baeead6b79c4cff607556fb7129,cf8bee4faf9f1e67678d45b7cd8c350d04e95baeead6b79c4cff607556fb7129,True,1
test,371,1059,1600,cf8bee4faf9f1e67678d45b7cd8c350d04e95baeead6b79c4cff607556fb7129,False,0,4488,4488,cf8bee4faf9f1e67678d45b7cd8c350d04e95baeead6b79c4cff607556fb7129,cf8bee4faf9f1e67678d45b7cd8c350d04e95baeead6b79c4cff607556fb7129,True,1
test,372,403,806,cf8bee4faf9f1e67678d45b7cd8c350d04e95baeead6b79c4cff607556fb7129,False,0,4488,4488,cf8bee4faf9f1e67678d45b7cd8c350d04e95baeead6b79c4cff607556fb7129,cf8bee4faf9f1e67678d45b7cd8c350d04e95baeead6b79c4cff607556fb7129,True,1
test,373,228,322,cf8bee4faf9f1e67678d45b7cd8c350d04e95baeead6b79c4cff607556fb7129,False,0,4488,4488,cf8bee4faf9f1e67678d45b7cd8c350d04e95baeead6b79c4cff607556fb7129,cf8bee4faf9f1e67678d45b7cd8c350d04e95baeead6b79c4cff607556fb7129,True,1
test,374,1148,2220,cf8bee4faf9f1e67678d45b7cd8c350d04e95baeead6b79c4cff607556fb7129,False,0,4488,4488,cf8bee4faf9f1e67678d45b7cd8c350d04e95baeead6b79c4cff607556fb7129,cf8bee4faf9f1e67678d45b7cd8c350d04e95baeead6b79c4cff607556fb7129,True,1
test,375,1317,1720,cf8bee4faf9f1e67678d45b7cd8c350d04e95baeead6b79c4cff607556fb7129,False,0,4488,4488,cf8bee4faf9f1e67678d45b7cd8c350d04e95baeead6b79c4cff607556fb7129,cf8bee4faf9f1e67678d45b7cd8c350d04e95baeead6b79c4cff607556fb7129,True,1
test,376,1553,1827,cf8bee4faf9f1e67678d45b7cd8c350d04e95baeead6b79c4cff607556fb7129,False,0,4488,4488,cf8bee4faf9f1e67678d45b7cd8c350d04e95baeead6b79c4cff607556fb7129,cf8bee4faf9f1e67678d45b7cd8c350d04e95baeead6b79c4cff607556fb7129,True,1
test,377,2147,2486,cf8bee4faf9f1e67678d45b7cd8c350d04e95baeead6b79c4cff607556fb7129,False,0,4488,4488,cf8bee4faf9f1e67678d45b7cd8c350d04e95baeead6b79c4cff607556fb7129,cf8bee4faf9f1e67678d45b7cd8c350d04e95baeead6b79c4cff607556fb7129,True,1
test,378,604,1914,cf8bee4faf9f1e67678d45b7cd8c350d04e95baeead6b79c4cff607556fb7129,False,0,4488,4488,cf8bee4faf9f1e67678d45b7cd8c350d04e95baeead6b79c4cff607556fb7129,cf8bee4faf9f1e67678d45b7cd8c350d04e95baeead6b79c4cff607556fb7129,True,1
test,379,2164,2282,cf8bee4faf9f1e67678d45b7cd8c350d04e95baeead6b79c4cff607556fb7129,False,0,4488,4488,cf8bee4faf9f1e67678d45b7cd8c350d04e95baeead6b79c4cff607556fb7129,cf8bee4faf9f1e67678d45b7cd8c350d04e95baeead6b79c4cff607556fb7129,True,1
test,380,175,2217,cf8bee4faf9f1e67678d45b7cd8c350d04e95baeead6b79c4cff607556fb7129,False,0,4488,4488,cf8bee4faf9f1e67678d45b7cd8c350d04e95baeead6b79c4cff607556fb7129,cf8bee4faf9f1e67678d45b7cd8c350d04e95baeead6b79c4cff607556fb7129,True,1
test,381,1957,2630,cf8bee4faf9f1e67678d45b7cd8c350d04e95baeead6b79c4cff607556fb7129,False,0,4488,4488,cf8bee4faf9f1e67678d45b7cd8c350d04e95baeead6b79c4cff607556fb7129,cf8bee4faf9f1e67678d45b7cd8c350d04e95baeead6b79c4cff607556fb7129,True,1
test,382,1054,1432,cf8bee4faf9f1e67678d45b7cd8c350d04e95baeead6b79c4cff607556fb7129,False,0,4488,4488,cf8bee4faf9f1e67678d45b7cd8c350d04e95baeead6b79c4cff607556fb7129,cf8bee4faf9f1e67678d45b7cd8c350d04e95baeead6b79c4cff607556fb7129,True,1
test,383,289,1722,cf8bee4faf9f1e67678d45b7cd8c350d04e95baeead6b79c4cff607556fb7129,False,0,4488,4488,cf8bee4faf9f1e67678d45b7cd8c350d04e95baeead6b79c4cff607556fb7129,cf8bee4faf9f1e67678d45b7cd8c350d04e95baeead6b79c4cff607556fb7129,True,1
test,384,466,1305,cf8bee4faf9f1e67678d45b7cd8c350d04e95baeead6b79c4cff607556fb7129,False,0,4488,4488,cf8bee4faf9f1e67678d45b7cd8c350d04e95baeead6b79c4cff607556fb7129,cf8bee4faf9f1e67678d45b7cd8c350d04e95baeead6b79c4cff607556fb7129,True,1
test,385,1098,2067,cf8bee4faf9f1e67678d45b7cd8c350d04e95baeead6b79c4cff607556fb7129,False,0,4488,4488,cf8bee4faf9f1e67678d45b7cd8c350d04e95baeead6b79c4cff607556fb7129,cf8bee4faf9f1e67678d45b7cd8c350d04e95baeead6b79c4cff607556fb7129,True,1
test,386,981,1221,cf8bee4faf9f1e67678d45b7cd8c350d04e95baeead6b79c4cff607556fb7129,False,0,4488,4488,cf8bee4faf9f1e67678d45b7cd8c350d04e95baeead6b79c4cff607556fb7129,cf8bee4faf9f1e67678d45b7cd8c350d04e95baeead6b79c4cff607556fb7129,True,1
test,387,293,2038,cf8bee4faf9f1e67678d45b7cd8c350d04e95baeead6b79c4cff607556fb7129,False,0,4488,4488,cf8bee4faf9f1e67678d45b7cd8c350d04e95baeead6b79c4cff607556fb7129,cf8bee4faf9f1e67678d45b7cd8c350d04e95baeead6b79c4cff607556fb7129,True,1
test,388,1270,2034,cf8bee4faf9f1e67678d45b7cd8c350d04e95baeead6b79c4cff607556fb7129,False,0,4488,4488,cf8bee4faf9f1e67678d45b7cd8c350d04e95baeead6b79c4cff607556fb7129,cf8bee4faf9f1e67678d45b7cd8c350d04e95baeead6b79c4cff607556fb7129,True,1
test,389,618,938,cf8bee4faf9f1e67678d45b7cd8c350d04e95baeead6b79c4cff607556fb7129,False,0,4488,4488,cf8bee4faf9f1e67678d45b7cd8c350d04e95baeead6b79c4cff607556fb7129,cf8bee4faf9f1e67678d45b7cd8c350d04e95baeead6b79c4cff607556fb7129,True,1
test,390,1197,1791,cf8bee4faf9f1e67678d45b7cd8c350d04e95baeead6b79c4cff607556fb7129,False,0,4488,4488,cf8bee4faf9f1e67678d45b7cd8c350d04e95baeead6b79c4cff607556fb7129,cf8bee4faf9f1e67678d45b7cd8c350d04e95baeead6b79c4cff607556fb7129,True,1
test,391,1098,1477,cf8bee4faf9f1e67678d45b7cd8c350d04e95baeead6b79c4cff607556fb7129,False,0,4488,4488,cf8bee4faf9f1e67678d45b7cd8c350d04e95baeead6b79c4cff607556fb7129,cf8bee4faf9f1e67678d45b7cd8c350d04e95baeead6b79c4cff607556fb7129,True,1
test,392,266,809,cf8bee4faf9f1e67678d45b7cd8c350d04e95baeead6b79c4cff607556fb7129,False,0,4488,4488,cf8bee4faf9f1e67678d45b7cd8c350d04e95baeead6b79c4cff607556fb7129,cf8bee4faf9f1e67678d45b7cd8c350d04e95baeead6b79c4cff607556fb7129,True,1
test,393,131,2169,cf8bee4faf9f1e67678d45b7cd8c350d04e95baeead6b79c4cff607556fb7129,False,0,4488,4488,cf8bee4faf9f1e67678d45b7cd8c350d04e95baeead6b79c4cff607556fb7129,cf8bee4faf9f1e67678d45b7cd8c350d04e95baeead6b79c4cff607556fb7129,True,1
test,394,1147,2371,cf8bee4faf9f1e67678d45b7cd8c350d04e95baeead6b79c4cff607556fb7129,False,0,4488,4488,cf8bee4faf9f1e67678d45b7cd8c350d04e95baeead6b79c4cff607556fb7129,cf8bee4faf9f1e67678d45b7cd8c350d04e95baeead6b79c4cff607556fb7129,True,1
test,395,142,2181,cf8bee4faf9f1e67678d45b7cd8c350d04e95baeead6b79c4cff607556fb7129,False,0,4488,4488,cf8bee4faf9f1e67678d45b7cd8c350d04e95baeead6b79c4cff607556fb7129,cf8bee4faf9f1e67678d45b7cd8c350d04e95baeead6b79c4cff607556fb7129,True,1
test,396,1236,2479,cf8bee4faf9f1e67678d45b7cd8c350d04e95baeead6b79c4cff607556fb7129,False,0,4488,4488,cf8bee4faf9f1e67678d45b7cd8c350d04e95baeead6b79c4cff607556fb7129,cf8bee4faf9f1e67678d45b7cd8c350d04e95baeead6b79c4cff607556fb7129,True,1
test,397,18,2082,cf8bee4faf9f1e67678d45b7cd8c350d04e95baeead6b79c4cff607556fb7129,False,0,4488,4488,cf8bee4faf9f1e67678d45b7cd8c350d04e95baeead6b79c4cff607556fb7129,cf8bee4faf9f1e67678d45b7cd8c350d04e95baeead6b79c4cff607556fb7129,True,1
test,398,531,606,cf8bee4faf9f1e67678d45b7cd8c350d04e95baeead6b79c4cff607556fb7129,False,0,4488,4488,cf8bee4faf9f1e67678d45b7cd8c350d04e95baeead6b79c4cff607556fb7129,cf8bee4faf9f1e67678d45b7cd8c350d04e95baeead6b79c4cff607556fb7129,True,1
test,399,1682,2319,cf8bee4faf9f1e67678d45b7cd8c350d04e95baeead6b79c4cff607556fb7129,False,0,4488,4488,cf8bee4faf9f1e67678d45b7cd8c350d04e95baeead6b79c4cff607556fb7129,cf8bee4faf9f1e67678d45b7cd8c350d04e95baeead6b79c4cff607556fb7129,True,1
test,400,405,1275,cf8bee4faf9f1e67678d45b7cd8c350d04e95baeead6b79c4cff607556fb7129,False,0,4488,4488,cf8bee4faf9f1e67678d45b7cd8c350d04e95baeead6b79c4cff607556fb7129,cf8bee4faf9f1e67678d45b7cd8c350d04e95baeead6b79c4cff607556fb7129,True,1
test,401,429,2043,cf8bee4faf9f1e67678d45b7cd8c350d04e95baeead6b79c4cff607556fb7129,False,0,4488,4488,cf8bee4faf9f1e67678d45b7cd8c350d04e95baeead6b79c4cff607556fb7129,cf8bee4faf9f1e67678d45b7cd8c350d04e95baeead6b79c4cff607556fb7129,True,1
test,402,836,2403,cf8bee4faf9f1e67678d45b7cd8c350d04e95baeead6b79c4cff607556fb7129,False,0,4488,4488,cf8bee4faf9f1e67678d45b7cd8c350d04e95baeead6b79c4cff607556fb7129,cf8bee4faf9f1e67678d45b7cd8c350d04e95baeead6b79c4cff607556fb7129,True,1
test,403,2181,2202,cf8bee4faf9f1e67678d45b7cd8c350d04e95baeead6b79c4cff607556fb7129,False,0,4488,4488,cf8bee4faf9f1e67678d45b7cd8c350d04e95baeead6b79c4cff607556fb7129,cf8bee4faf9f1e67678d45b7cd8c350d04e95baeead6b79c4cff607556fb7129,True,1
test,404,296,2685,cf8bee4faf9f1e67678d45b7cd8c350d04e95baeead6b79c4cff607556fb7129,False,0,4488,4488,cf8bee4faf9f1e67678d45b7cd8c350d04e95baeead6b79c4cff607556fb7129,cf8bee4faf9f1e67678d45b7cd8c350d04e95baeead6b79c4cff607556fb7129,True,1
test,405,1701,1865,cf8bee4faf9f1e67678d45b7cd8c350d04e95baeead6b79c4cff607556fb7129,False,0,4488,4488,cf8bee4faf9f1e67678d45b7cd8c350d04e95baeead6b79c4cff607556fb7129,cf8bee4faf9f1e67678d45b7cd8c350d04e95baeead6b79c4cff607556fb7129,True,1
test,406,468,1311,cf8bee4faf9f1e67678d45b7cd8c350d04e95baeead6b79c4cff607556fb7129,False,0,4488,4488,cf8bee4faf9f1e67678d45b7cd8c350d04e95baeead6b79c4cff607556fb7129,cf8bee4faf9f1e67678d45b7cd8c350d04e95baeead6b79c4cff607556fb7129,True,1
test,407,577,2352,cf8bee4faf9f1e67678d45b7cd8c350d04e95baeead6b79c4cff607556fb7129,False,0,4488,4488,cf8bee4faf9f1e67678d45b7cd8c350d04e95baeead6b79c4cff607556fb7129,cf8bee4faf9f1e67678d45b7cd8c350d04e95baeead6b79c4cff607556fb7129,True,1
test,408,830,1914,cf8bee4faf9f1e67678d45b7cd8c350d04e95baeead6b79c4cff607556fb7129,False,0,4488,4488,cf8bee4faf9f1e67678d45b7cd8c350d04e95baeead6b79c4cff607556fb7129,cf8bee4faf9f1e67678d45b7cd8c350d04e95baeead6b79c4cff607556fb7129,True,1
test,409,1072,1801,cf8bee4faf9f1e67678d45b7cd8c350d04e95baeead6b79c4cff607556fb7129,False,0,4488,4488,cf8bee4faf9f1e67678d45b7cd8c350d04e95baeead6b79c4cff607556fb7129,cf8bee4faf9f1e67678d45b7cd8c350d04e95baeead6b79c4cff607556fb7129,True,1
test,410,57,2418,cf8bee4faf9f1e67678d45b7cd8c350d04e95baeead6b79c4cff607556fb7129,False,0,4488,4488,cf8bee4faf9f1e67678d45b7cd8c350d04e95baeead6b79c4cff607556fb7129,cf8bee4faf9f1e67678d45b7cd8c350d04e95baeead6b79c4cff607556fb7129,True,1
test,411,374,2147,cf8bee4faf9f1e67678d45b7cd8c350d04e95baeead6b79c4cff607556fb7129,False,0,4488,4488,cf8bee4faf9f1e67678d45b7cd8c350d04e95baeead6b79c4cff607556fb7129,cf8bee4faf9f1e67678d45b7cd8c350d04e95baeead6b79c4cff607556fb7129,True,1
test,412,380,930,cf8bee4faf9f1e67678d45b7cd8c350d04e95baeead6b79c4cff607556fb7129,False,0,4488,4488,cf8bee4faf9f1e67678d45b7cd8c350d04e95baeead6b79c4cff607556fb7129,cf8bee4faf9f1e67678d45b7cd8c350d04e95baeead6b79c4cff607556fb7129,True,1
test,413,1441,2272,cf8bee4faf9f1e67678d45b7cd8c350d04e95baeead6b79c4cff607556fb7129,False,0,4488,4488,cf8bee4faf9f1e67678d45b7cd8c350d04e95baeead6b79c4cff607556fb7129,cf8bee4faf9f1e67678d45b7cd8c350d04e95baeead6b79c4cff607556fb7129,True,1
test,414,2034,2042,cf8bee4faf9f1e67678d45b7cd8c350d04e95baeead6b79c4cff607556fb7129,False,0,4488,4488,cf8bee4faf9f1e67678d45b7cd8c350d04e95baeead6b79c4cff607556fb7129,cf8bee4faf9f1e67678d45b7cd8c350d04e95baeead6b79c4cff607556fb7129,True,1
test,415,445,909,cf8bee4faf9f1e67678d45b7cd8c350d04e95baeead6b79c4cff607556fb7129,False,0,4488,4488,cf8bee4faf9f1e67678d45b7cd8c350d04e95baeead6b79c4cff607556fb7129,cf8bee4faf9f1e67678d45b7cd8c350d04e95baeead6b79c4cff607556fb7129,True,1
test,416,302,1158,cf8bee4faf9f1e67678d45b7cd8c350d04e95baeead6b79c4cff607556fb7129,False,0,4488,4488,cf8bee4faf9f1e67678d45b7cd8c350d04e95baeead6b79c4cff607556fb7129,cf8bee4faf9f1e67678d45b7cd8c350d04e95baeead6b79c4cff607556fb7129,True,1
test,417,91,2380,cf8bee4faf9f1e67678d45b7cd8c350d04e95baeead6b79c4cff607556fb7129,False,0,4488,4488,cf8bee4faf9f1e67678d45b7cd8c350d04e95baeead6b79c4cff607556fb7129,cf8bee4faf9f1e67678d45b7cd8c350d04e95baeead6b79c4cff607556fb7129,True,1
test,418,651,2156,cf8bee4faf9f1e67678d45b7cd8c350d04e95baeead6b79c4cff607556fb7129,False,0,4488,4488,cf8bee4faf9f1e67678d45b7cd8c350d04e95baeead6b79c4cff607556fb7129,cf8bee4faf9f1e67678d45b7cd8c350d04e95baeead6b79c4cff607556fb7129,True,1
test,419,95,734,cf8bee4faf9f1e67678d45b7cd8c350d04e95baeead6b79c4cff607556fb7129,False,0,4488,4488,cf8bee4faf9f1e67678d45b7cd8c350d04e95baeead6b79c4cff607556fb7129,cf8bee4faf9f1e67678d45b7cd8c350d04e95baeead6b79c4cff607556fb7129,True,1
test,420,55,2020,cf8bee4faf9f1e67678d45b7cd8c350d04e95baeead6b79c4cff607556fb7129,False,0,4488,4488,cf8bee4faf9f1e67678d45b7cd8c350d04e95baeead6b79c4cff607556fb7129,cf8bee4faf9f1e67678d45b7cd8c350d04e95baeead6b79c4cff607556fb7129,True,1
test,421,1097,1115,cf8bee4faf9f1e67678d45b7cd8c350d04e95baeead6b79c4cff607556fb7129,False,0,4488,4488,cf8bee4faf9f1e67678d45b7cd8c350d04e95baeead6b79c4cff607556fb7129,cf8bee4faf9f1e67678d45b7cd8c350d04e95baeead6b79c4cff607556fb7129,True,1
test,422,513,565,cf8bee4faf9f1e67678d45b7cd8c350d04e95baeead6b79c4cff607556fb7129,False,0,4488,4488,cf8bee4faf9f1e67678d45b7cd8c350d04e95baeead6b79c4cff607556fb7129,cf8bee4faf9f1e67678d45b7cd8c350d04e95baeead6b79c4cff607556fb7129,True,1
test,423,1848,2419,cf8bee4faf9f1e67678d45b7cd8c350d04e95baeead6b79c4cff607556fb7129,False,0,4488,4488,cf8bee4faf9f1e67678d45b7cd8c350d04e95baeead6b79c4cff607556fb7129,cf8bee4faf9f1e67678d45b7cd8c350d04e95baeead6b79c4cff607556fb7129,True,1
test,424,596,644,cf8bee4faf9f1e67678d45b7cd8c350d04e95baeead6b79c4cff607556fb7129,False,0,4488,4488,cf8bee4faf9f1e67678d45b7cd8c350d04e95baeead6b79c4cff607556fb7129,cf8bee4faf9f1e67678d45b7cd8c350d04e95baeead6b79c4cff607556fb7129,True,1
test,425,506,1013,cf8bee4faf9f1e67678d45b7cd8c350d04e95baeead6b79c4cff607556fb7129,False,0,4488,4488,cf8bee4faf9f1e67678d45b7cd8c350d04e95baeead6b79c4cff607556fb7129,cf8bee4faf9f1e67678d45b7cd8c350d04e95baeead6b79c4cff607556fb7129,True,1
test,426,1110,1224,cf8bee4faf9f1e67678d45b7cd8c350d04e95baeead6b79c4cff607556fb7129,False,0,4488,4488,cf8bee4faf9f1e67678d45b7cd8c350d04e95baeead6b79c4cff607556fb7129,cf8bee4faf9f1e67678d45b7cd8c350d04e95baeead6b79c4cff607556fb7129,True,1
test,427,1229,1254,cf8bee4faf9f1e67678d45b7cd8c350d04e95baeead6b79c4cff607556fb7129,False,0,4488,4488,cf8bee4faf9f1e67678d45b7cd8c350d04e95baeead6b79c4cff607556fb7129,cf8bee4faf9f1e67678d45b7cd8c350d04e95baeead6b79c4cff607556fb7129,True,1
test,428,1158,2251,cf8bee4faf9f1e67678d45b7cd8c350d04e95baeead6b79c4cff607556fb7129,False,0,4488,4488,cf8bee4faf9f1e67678d45b7cd8c350d04e95baeead6b79c4cff607556fb7129,cf8bee4faf9f1e67678d45b7cd8c350d04e95baeead6b79c4cff607556fb7129,True,1
test,429,2222,2225,cf8bee4faf9f1e67678d45b7cd8c350d04e95baeead6b79c4cff607556fb7129,False,0,4488,4488,cf8bee4faf9f1e67678d45b7cd8c350d04e95baeead6b79c4cff607556fb7129,cf8bee4faf9f1e67678d45b7cd8c350d04e95baeead6b79c4cff607556fb7129,True,1
test,430,303,1670,cf8bee4faf9f1e67678d45b7cd8c350d04e95baeead6b79c4cff607556fb7129,False,0,4488,4488,cf8bee4faf9f1e67678d45b7cd8c350d04e95baeead6b79c4cff607556fb7129,cf8bee4faf9f1e67678d45b7cd8c350d04e95baeead6b79c4cff607556fb7129,True,1
test,431,380,477,cf8bee4faf9f1e67678d45b7cd8c350d04e95baeead6b79c4cff607556fb7129,False,0,4488,4488,cf8bee4faf9f1e67678d45b7cd8c350d04e95baeead6b79c4cff607556fb7129,cf8bee4faf9f1e67678d45b7cd8c350d04e95baeead6b79c4cff607556fb7129,True,1
test,432,1757,2451,cf8bee4faf9f1e67678d45b7cd8c350d04e95baeead6b79c4cff607556fb7129,False,0,4488,4488,cf8bee4faf9f1e67678d45b7cd8c350d04e95baeead6b79c4cff607556fb7129,cf8bee4faf9f1e67678d45b7cd8c350d04e95baeead6b79c4cff607556fb7129,True,1
test,433,1255,2248,cf8bee4faf9f1e67678d45b7cd8c350d04e95baeead6b79c4cff607556fb7129,False,0,4488,4488,cf8bee4faf9f1e67678d45b7cd8c350d04e95baeead6b79c4cff607556fb7129,cf8bee4faf9f1e67678d45b7cd8c350d04e95baeead6b79c4cff607556fb7129,True,1
test,434,368,2393,cf8bee4faf9f1e67678d45b7cd8c350d04e95baeead6b79c4cff607556fb7129,False,0,4488,4488,cf8bee4faf9f1e67678d45b7cd8c350d04e95baeead6b79c4cff607556fb7129,cf8bee4faf9f1e67678d45b7cd8c350d04e95baeead6b79c4cff607556fb7129,True,1
test,435,388,1899,cf8bee4faf9f1e67678d45b7cd8c350d04e95baeead6b79c4cff607556fb7129,False,0,4488,4488,cf8bee4faf9f1e67678d45b7cd8c350d04e95baeead6b79c4cff607556fb7129,cf8bee4faf9f1e67678d45b7cd8c350d04e95baeead6b79c4cff607556fb7129,True,1
test,436,89,1157,cf8bee4faf9f1e67678d45b7cd8c350d04e95baeead6b79c4cff607556fb7129,False,0,4488,4488,cf8bee4faf9f1e67678d45b7cd8c350d04e95baeead6b79c4cff607556fb7129,cf8bee4faf9f1e67678d45b7cd8c350d04e95baeead6b79c4cff607556fb7129,True,1
test,437,1580,2200,cf8bee4faf9f1e67678d45b7cd8c350d04e95baeead6b79c4cff607556fb7129,False,0,4488,4488,cf8bee4faf9f1e67678d45b7cd8c350d04e95baeead6b79c4cff607556fb7129,cf8bee4faf9f1e67678d45b7cd8c350d04e95baeead6b79c4cff607556fb7129,True,1
test,438,492,688,cf8bee4faf9f1e67678d45b7cd8c350d04e95baeead6b79c4cff607556fb7129,False,0,4488,4488,cf8bee4faf9f1e67678d45b7cd8c350d04e95baeead6b79c4cff607556fb7129,cf8bee4faf9f1e67678d45b7cd8c350d04e95baeead6b79c4cff607556fb7129,True,1
test,439,335,1986,cf8bee4faf9f1e67678d45b7cd8c350d04e95baeead6b79c4cff607556fb7129,False,0,4488,4488,cf8bee4faf9f1e67678d45b7cd8c350d04e95baeead6b79c4cff607556fb7129,cf8bee4faf9f1e67678d45b7cd8c350d04e95baeead6b79c4cff607556fb7129,True,1
test,440,346,1358,cf8bee4faf9f1e67678d45b7cd8c350d04e95baeead6b79c4cff607556fb7129,False,0,4488,4488,cf8bee4faf9f1e67678d45b7cd8c350d04e95baeead6b79c4cff607556fb7129,cf8bee4faf9f1e67678d45b7cd8c350d04e95baeead6b79c4cff607556fb7129,True,1
test,441,2034,2035,cf8bee4faf9f1e67678d45b7cd8c350d04e95baeead6b79c4cff607556fb7129,False,0,4488,4488,cf8bee4faf9f1e67678d45b7cd8c350d04e95baeead6b79c4cff607556fb7129,cf8bee4faf9f1e67678d45b7cd8c350d04e95baeead6b79c4cff607556fb7129,True,1
test,442,1554,2687,cf8bee4faf9f1e67678d45b7cd8c350d04e95baeead6b79c4cff607556fb7129,False,0,4488,4488,cf8bee4faf9f1e67678d45b7cd8c350d04e95baeead6b79c4cff607556fb7129,cf8bee4faf9f1e67678d45b7cd8c350d04e95baeead6b79c4cff607556fb7129,True,1
test,443,695,1681,cf8bee4faf9f1e67678d45b7cd8c350d04e95baeead6b79c4cff607556fb7129,False,0,4488,4488,cf8bee4faf9f1e67678d45b7cd8c350d04e95baeead6b79c4cff607556fb7129,cf8bee4faf9f1e67678d45b7cd8c350d04e95baeead6b79c4cff607556fb7129,True,1
test,444,1358,1709,cf8bee4faf9f1e67678d45b7cd8c350d04e95baeead6b79c4cff607556fb7129,False,0,4488,4488,cf8bee4faf9f1e67678d45b7cd8c350d04e95baeead6b79c4cff607556fb7129,cf8bee4faf9f1e67678d45b7cd8c350d04e95baeead6b79c4cff607556fb7129,True,1
test,445,1889,1891,cf8bee4faf9f1e67678d45b7cd8c350d04e95baeead6b79c4cff607556fb7129,False,0,4488,4488,cf8bee4faf9f1e67678d45b7cd8c350d04e95baeead6b79c4cff607556fb7129,cf8bee4faf9f1e67678d45b7cd8c350d04e95baeead6b79c4cff607556fb7129,True,1
test,446,1207,2290,cf8bee4faf9f1e67678d45b7cd8c350d04e95baeead6b79c4cff607556fb7129,False,0,4488,4488,cf8bee4faf9f1e67678d45b7cd8c350d04e95baeead6b79c4cff607556fb7129,cf8bee4faf9f1e67678d45b7cd8c350d04e95baeead6b79c4cff607556fb7129,True,1
test,447,1705,2322,cf8bee4faf9f1e67678d45b7cd8c350d04e95baeead6b79c4cff607556fb7129,False,0,4488,4488,cf8bee4faf9f1e67678d45b7cd8c350d04e95baeead6b79c4cff607556fb7129,cf8bee4faf9f1e67678d45b7cd8c350d04e95baeead6b79c4cff607556fb7129,True,1
test,448,15,1271,cf8bee4faf9f1e67678d45b7cd8c350d04e95baeead6b79c4cff607556fb7129,False,0,4488,4488,cf8bee4faf9f1e67678d45b7cd8c350d04e95baeead6b79c4cff607556fb7129,cf8bee4faf9f1e67678d45b7cd8c350d04e95baeead6b79c4cff607556fb7129,True,1
test,449,22,1234,cf8bee4faf9f1e67678d45b7cd8c350d04e95baeead6b79c4cff607556fb7129,False,0,4488,4488,cf8bee4faf9f1e67678d45b7cd8c350d04e95baeead6b79c4cff607556fb7129,cf8bee4faf9f1e67678d45b7cd8c350d04e95baeead6b79c4cff607556fb7129,True,1
test,450,1708,2313,cf8bee4faf9f1e67678d45b7cd8c350d04e95baeead6b79c4cff607556fb7129,False,0,4488,4488,cf8bee4faf9f1e67678d45b7cd8c350d04e95baeead6b79c4cff607556fb7129,cf8bee4faf9f1e67678d45b7cd8c350d04e95baeead6b79c4cff607556fb7129,True,1
test,451,477,930,cf8bee4faf9f1e67678d45b7cd8c350d04e95baeead6b79c4cff607556fb7129,False,0,4488,4488,cf8bee4faf9f1e67678d45b7cd8c350d04e95baeead6b79c4cff607556fb7129,cf8bee4faf9f1e67678d45b7cd8c350d04e95baeead6b79c4cff607556fb7129,True,1
test,452,334,693,cf8bee4faf9f1e67678d45b7cd8c350d04e95baeead6b79c4cff607556fb7129,False,0,4488,4488,cf8bee4faf9f1e67678d45b7cd8c350d04e95baeead6b79c4cff607556fb7129,cf8bee4faf9f1e67678d45b7cd8c350d04e95baeead6b79c4cff607556fb7129,True,1
test,453,1358,1740,cf8bee4faf9f1e67678d45b7cd8c350d04e95baeead6b79c4cff607556fb7129,False,0,4488,4488,cf8bee4faf9f1e67678d45b7cd8c350d04e95baeead6b79c4cff607556fb7129,cf8bee4faf9f1e67678d45b7cd8c350d04e95baeead6b79c4cff607556fb7129,True,1
test,454,174,1742,cf8bee4faf9f1e67678d45b7cd8c350d04e95baeead6b79c4cff607556fb7129,False,0,4488,4488,cf8bee4faf9f1e67678d45b7cd8c350d04e95baeead6b79c4cff607556fb7129,cf8bee4faf9f1e67678d45b7cd8c350d04e95baeead6b79c4cff607556fb7129,True,1
test,455,1739,1750,cf8bee4faf9f1e67678d45b7cd8c350d04e95baeead6b79c4cff607556fb7129,False,0,4488,4488,cf8bee4faf9f1e67678d45b7cd8c350d04e95baeead6b79c4cff607556fb7129,cf8bee4faf9f1e67678d45b7cd8c350d04e95baeead6b79c4cff607556fb7129,True,1
test,456,1,2,cf8bee4faf9f1e67678d45b7cd8c350d04e95baeead6b79c4cff607556fb7129,False,0,4488,4488,cf8bee4faf9f1e67678d45b7cd8c350d04e95baeead6b79c4cff607556fb7129,cf8bee4faf9f1e67678d45b7cd8c350d04e95baeead6b79c4cff607556fb7129,True,1
test,457,97,661,cf8bee4faf9f1e67678d45b7cd8c350d04e95baeead6b79c4cff607556fb7129,False,0,4488,4488,cf8bee4faf9f1e67678d45b7cd8c350d04e95baeead6b79c4cff607556fb7129,cf8bee4faf9f1e67678d45b7cd8c350d04e95baeead6b79c4cff607556fb7129,True,1
test,458,1358,1751,cf8bee4faf9f1e67678d45b7cd8c350d04e95baeead6b79c4cff607556fb7129,False,0,4488,4488,cf8bee4faf9f1e67678d45b7cd8c350d04e95baeead6b79c4cff607556fb7129,cf8bee4faf9f1e67678d45b7cd8c350d04e95baeead6b79c4cff607556fb7129,True,1
test,459,229,1053,cf8bee4faf9f1e67678d45b7cd8c350d04e95baeead6b79c4cff607556fb7129,False,0,4488,4488,cf8bee4faf9f1e67678d45b7cd8c350d04e95baeead6b79c4cff607556fb7129,cf8bee4faf9f1e67678d45b7cd8c350d04e95baeead6b79c4cff607556fb7129,True,1
test,460,2227,2228,cf8bee4faf9f1e67678d45b7cd8c350d04e95baeead6b79c4cff607556fb7129,False,0,4488,4488,cf8bee4faf9f1e67678d45b7cd8c350d04e95baeead6b79c4cff607556fb7129,cf8bee4faf9f1e67678d45b7cd8c350d04e95baeead6b79c4cff607556fb7129,True,1
test,461,1842,2281,cf8bee4faf9f1e67678d45b7cd8c350d04e95baeead6b79c4cff607556fb7129,False,0,4488,4488,cf8bee4faf9f1e67678d45b7cd8c350d04e95baeead6b79c4cff607556fb7129,cf8bee4faf9f1e67678d45b7cd8c350d04e95baeead6b79c4cff607556fb7129,True,1
test,462,838,2280,cf8bee4faf9f1e67678d45b7cd8c350d04e95baeead6b79c4cff607556fb7129,False,0,4488,4488,cf8bee4faf9f1e67678d45b7cd8c350d04e95baeead6b79c4cff607556fb7129,cf8bee4faf9f1e67678d45b7cd8c350d04e95baeead6b79c4cff607556fb7129,True,1
test,463,831,1733,cf8bee4faf9f1e67678d45b7cd8c350d04e95baeead6b79c4cff607556fb7129,False,0,4488,4488,cf8bee4faf9f1e67678d45b7cd8c350d04e95baeead6b79c4cff607556fb7129,cf8bee4faf9f1e67678d45b7cd8c350d04e95baeead6b79c4cff607556fb7129,True,1
test,464,702,822,cf8bee4faf9f1e67678d45b7cd8c350d04e95baeead6b79c4cff607556fb7129,False,0,4488,4488,cf8bee4faf9f1e67678d45b7cd8c350d04e95baeead6b79c4cff607556fb7129,cf8bee4faf9f1e67678d45b7cd8c350d04e95baeead6b79c4cff607556fb7129,True,1
test,465,44,2624,cf8bee4faf9f1e67678d45b7cd8c350d04e95baeead6b79c4cff607556fb7129,False,0,4488,4488,cf8bee4faf9f1e67678d45b7cd8c350d04e95baeead6b79c4cff607556fb7129,cf8bee4faf9f1e67678d45b7cd8c350d04e95baeead6b79c4cff607556fb7129,True,1
test,466,1229,1384,cf8bee4faf9f1e67678d45b7cd8c350d04e95baeead6b79c4cff607556fb7129,False,0,4488,4488,cf8bee4faf9f1e67678d45b7cd8c350d04e95baeead6b79c4cff607556fb7129,cf8bee4faf9f1e67678d45b7cd8c350d04e95baeead6b79c4cff607556fb7129,True,1
test,467,414,711,cf8bee4faf9f1e67678d45b7cd8c350d04e95baeead6b79c4cff607556fb7129,False,0,4488,4488,cf8bee4faf9f1e67678d45b7cd8c350d04e95baeead6b79c4cff607556fb7129,cf8bee4faf9f1e67678d45b7cd8c350d04e95baeead6b79c4cff607556fb7129,True,1
test,468,524,2476,cf8bee4faf9f1e67678d45b7cd8c350d04e95baeead6b79c4cff607556fb7129,False,0,4488,4488,cf8bee4faf9f1e67678d45b7cd8c350d04e95baeead6b79c4cff607556fb7129,cf8bee4faf9f1e67678d45b7cd8c350d04e95baeead6b79c4cff607556fb7129,True,1
test,469,1040,1358,cf8bee4faf9f1e67678d45b7cd8c350d04e95baeead6b79c4cff607556fb7129,False,0,4488,4488,cf8bee4faf9f1e67678d45b7cd8c350d04e95baeead6b79c4cff607556fb7129,cf8bee4faf9f1e67678d45b7cd8c350d04e95baeead6b79c4cff607556fb7129,True,1
test,470,1546,2169,cf8bee4faf9f1e67678d45b7cd8c350d04e95baeead6b79c4cff607556fb7129,False,0,4488,4488,cf8bee4faf9f1e67678d45b7cd8c350d04e95baeead6b79c4cff607556fb7129,cf8bee4faf9f1e67678d45b7cd8c350d04e95baeead6b79c4cff607556fb7129,True,1
test,471,844,1902,cf8bee4faf9f1e67678d45b7cd8c350d04e95baeead6b79c4cff607556fb7129,False,0,4488,4488,cf8bee4faf9f1e67678d45b7cd8c350d04e95baeead6b79c4cff607556fb7129,cf8bee4faf9f1e67678d45b7cd8c350d04e95baeead6b79c4cff607556fb7129,True,1
test,472,229,2118,cf8bee4faf9f1e67678d45b7cd8c350d04e95baeead6b79c4cff607556fb7129,False,0,4488,4488,cf8bee4faf9f1e67678d45b7cd8c350d04e95baeead6b79c4cff607556fb7129,cf8bee4faf9f1e67678d45b7cd8c350d04e95baeead6b79c4cff607556fb7129,True,1
test,473,1202,2376,cf8bee4faf9f1e67678d45b7cd8c350d04e95baeead6b79c4cff607556fb7129,False,0,4488,4488,cf8bee4faf9f1e67678d45b7cd8c350d04e95baeead6b79c4cff607556fb7129,cf8bee4faf9f1e67678d45b7cd8c350d04e95baeead6b79c4cff607556fb7129,True,1
test,474,8,1996,cf8bee4faf9f1e67678d45b7cd8c350d04e95baeead6b79c4cff607556fb7129,False,0,4488,4488,cf8bee4faf9f1e67678d45b7cd8c350d04e95baeead6b79c4cff607556fb7129,cf8bee4faf9f1e67678d45b7cd8c350d04e95baeead6b79c4cff607556fb7129,True,1
test,475,598,1821,cf8bee4faf9f1e67678d45b7cd8c350d04e95baeead6b79c4cff607556fb7129,False,0,4488,4488,cf8bee4faf9f1e67678d45b7cd8c350d04e95baeead6b79c4cff607556fb7129,cf8bee4faf9f1e67678d45b7cd8c350d04e95baeead6b79c4cff607556fb7129,True,1
test,476,1951,2204,cf8bee4faf9f1e67678d45b7cd8c350d04e95baeead6b79c4cff607556fb7129,False,0,4488,4488,cf8bee4faf9f1e67678d45b7cd8c350d04e95baeead6b79c4cff607556fb7129,cf8bee4faf9f1e67678d45b7cd8c350d04e95baeead6b79c4cff607556fb7129,True,1
test,477,1444,2323,cf8bee4faf9f1e67678d45b7cd8c350d04e95baeead6b79c4cff607556fb7129,False,0,4488,4488,cf8bee4faf9f1e67678d45b7cd8c350d04e95baeead6b79c4cff607556fb7129,cf8bee4faf9f1e67678d45b7cd8c350d04e95baeead6b79c4cff607556fb7129,True,1
test,478,885,2386,cf8bee4faf9f1e67678d45b7cd8c350d04e95baeead6b79c4cff607556fb7129,False,0,4488,4488,cf8bee4faf9f1e67678d45b7cd8c350d04e95baeead6b79c4cff607556fb7129,cf8bee4faf9f1e67678d45b7cd8c350d04e95baeead6b79c4cff607556fb7129,True,1
test,479,577,906,cf8bee4faf9f1e67678d45b7cd8c350d04e95baeead6b79c4cff607556fb7129,False,0,4488,4488,cf8bee4faf9f1e67678d45b7cd8c350d04e95baeead6b79c4cff607556fb7129,cf8bee4faf9f1e67678d45b7cd8c350d04e95baeead6b79c4cff607556fb7129,True,1
test,480,203,857,cf8bee4faf9f1e67678d45b7cd8c350d04e95baeead6b79c4cff607556fb7129,False,0,4488,4488,cf8bee4faf9f1e67678d45b7cd8c350d04e95baeead6b79c4cff607556fb7129,cf8bee4faf9f1e67678d45b7cd8c350d04e95baeead6b79c4cff607556fb7129,True,1
test,481,1340,1413,cf8bee4faf9f1e67678d45b7cd8c350d04e95baeead6b79c4cff607556fb7129,False,0,4488,4488,cf8bee4faf9f1e67678d45b7cd8c350d04e95baeead6b79c4cff607556fb7129,cf8bee4faf9f1e67678d45b7cd8c350d04e95baeead6b79c4cff607556fb7129,True,1
test,482,1589,1745,cf8bee4faf9f1e67678d45b7cd8c350d04e95baeead6b79c4cff607556fb7129,False,0,4488,4488,cf8bee4faf9f1e67678d45b7cd8c350d04e95baeead6b79c4cff607556fb7129,cf8bee4faf9f1e67678d45b7cd8c350d04e95baeead6b79c4cff607556fb7129,True,1
test,483,487,1705,cf8bee4faf9f1e67678d45b7cd8c350d04e95baeead6b79c4cff607556fb7129,False,0,4488,4488,cf8bee4faf9f1e67678d45b7cd8c350d04e95baeead6b79c4cff607556fb7129,cf8bee4faf9f1e67678d45b7cd8c350d04e95baeead6b79c4cff607556fb7129,True,1
test,484,893,911,cf8bee4faf9f1e67678d45b7cd8c350d04e95baeead6b79c4cff607556fb7129,False,0,4488,4488,cf8bee4faf9f1e67678d45b7cd8c350d04e95baeead6b79c4cff607556fb7129,cf8bee4faf9f1e67678d45b7cd8c350d04e95baeead6b79c4cff607556fb7129,True,1
test,485,628,1764,cf8bee4faf9f1e67678d45b7cd8c350d04e95baeead6b79c4cff607556fb7129,False,0,4488,4488,cf8bee4faf9f1e67678d45b7cd8c350d04e95baeead6b79c4cff607556fb7129,cf8bee4faf9f1e67678d45b7cd8c350d04e95baeead6b79c4cff607556fb7129,True,1
test,486,264,1902,cf8bee4faf9f1e67678d45b7cd8c350d04e95baeead6b79c4cff607556fb7129,False,0,4488,4488,cf8bee4faf9f1e67678d45b7cd8c350d04e95baeead6b79c4cff607556fb7129,cf8bee4faf9f1e67678d45b7cd8c350d04e95baeead6b79c4cff607556fb7129,True,1
test,487,229,1405,cf8bee4faf9f1e67678d45b7cd8c350d04e95baeead6b79c4cff607556fb7129,False,0,4488,4488,cf8bee4faf9f1e67678d45b7cd8c350d04e95baeead6b79c4cff607556fb7129,cf8bee4faf9f1e67678d45b7cd8c350d04e95baeead6b79c4cff607556fb7129,True,1
test,488,733,2304,cf8bee4faf9f1e67678d45b7cd8c350d04e95baeead6b79c4cff607556fb7129,False,0,4488,4488,cf8bee4faf9f1e67678d45b7cd8c350d04e95baeead6b79c4cff607556fb7129,cf8bee4faf9f1e67678d45b7cd8c350d04e95baeead6b79c4cff607556fb7129,True,1
test,489,795,1645,cf8bee4faf9f1e67678d45b7cd8c350d04e95baeead6b79c4cff607556fb7129,False,0,4488,4488,cf8bee4faf9f1e67678d45b7cd8c350d04e95baeead6b79c4cff607556fb7129,cf8bee4faf9f1e67678d45b7cd8c350d04e95baeead6b79c4cff607556fb7129,True,1
test,490,505,1258,cf8bee4faf9f1e67678d45b7cd8c350d04e95baeead6b79c4cff607556fb7129,False,0,4488,4488,cf8bee4faf9f1e67678d45b7cd8c350d04e95baeead6b79c4cff607556fb7129,cf8bee4faf9f1e67678d45b7cd8c350d04e95baeead6b79c4cff607556fb7129,True,1
test,491,63,1322,cf8bee4faf9f1e67678d45b7cd8c350d04e95baeead6b79c4cff607556fb7129,False,0,4488,4488,cf8bee4faf9f1e67678d45b7cd8c350d04e95baeead6b79c4cff607556fb7129,cf8bee4faf9f1e67678d45b7cd8c350d04e95baeead6b79c4cff607556fb7129,True,1
test,492,1430,1718,cf8bee4faf9f1e67678d45b7cd8c350d04e95baeead6b79c4cff607556fb7129,False,0,4488,4488,cf8bee4faf9f1e67678d45b7cd8c350d04e95baeead6b79c4cff607556fb7129,cf8bee4faf9f1e67678d45b7cd8c350d04e95baeead6b79c4cff607556fb7129,True,1
test,493,1750,1765,cf8bee4faf9f1e67678d45b7cd8c350d04e95baeead6b79c4cff607556fb7129,False,0,4488,4488,cf8bee4faf9f1e67678d45b7cd8c350d04e95baeead6b79c4cff607556fb7129,cf8bee4faf9f1e67678d45b7cd8c350d04e95baeead6b79c4cff607556fb7129,True,1
test,494,986,2697,cf8bee4faf9f1e67678d45b7cd8c350d04e95baeead6b79c4cff607556fb7129,False,0,4488,4488,cf8bee4faf9f1e67678d45b7cd8c350d04e95baeead6b79c4cff607556fb7129,cf8bee4faf9f1e67678d45b7cd8c350d04e95baeead6b79c4cff607556fb7129,True,1
test,495,576,1810,cf8bee4faf9f1e67678d45b7cd8c350d04e95baeead6b79c4cff607556fb7129,False,0,4488,4488,cf8bee4faf9f1e67678d45b7cd8c350d04e95baeead6b79c4cff607556fb7129,cf8bee4faf9f1e67678d45b7cd8c350d04e95baeead6b79c4cff607556fb7129,True,1
test,496,274,749,cf8bee4faf9f1e67678d45b7cd8c350d04e95baeead6b79c4cff607556fb7129,False,0,4488,4488,cf8bee4faf9f1e67678d45b7cd8c350d04e95baeead6b79c4cff607556fb7129,cf8bee4faf9f1e67678d45b7cd8c350d04e95baeead6b79c4cff607556fb7129,True,1
test,497,1224,1587,cf8bee4faf9f1e67678d45b7cd8c350d04e95baeead6b79c4cff607556fb7129,False,0,4488,4488,cf8bee4faf9f1e67678d45b7cd8c350d04e95baeead6b79c4cff607556fb7129,cf8bee4faf9f1e67678d45b7cd8c350d04e95baeead6b79c4cff607556fb7129,True,1
test,498,610,2481,cf8bee4faf9f1e67678d45b7cd8c350d04e95baeead6b79c4cff607556fb7129,False,0,4488,4488,cf8bee4faf9f1e67678d45b7cd8c350d04e95baeead6b79c4cff607556fb7129,cf8bee4faf9f1e67678d45b7cd8c350d04e95baeead6b79c4cff607556fb7129,True,1
test,499,1903,2269,cf8bee4faf9f1e67678d45b7cd8c350d04e95baeead6b79c4cff607556fb7129,False,0,4488,4488,cf8bee4faf9f1e67678d45b7cd8c350d04e95baeead6b79c4cff607556fb7129,cf8bee4faf9f1e67678d45b7cd8c350d04e95baeead6b79c4cff607556fb7129,True,1
test,500,1358,1741,cf8bee4faf9f1e67678d45b7cd8c350d04e95baeead6b79c4cff607556fb7129,False,0,4488,4488,cf8bee4faf9f1e67678d45b7cd8c350d04e95baeead6b79c4cff607556fb7129,cf8bee4faf9f1e67678d45b7cd8c350d04e95baeead6b79c4cff607556fb7129,True,1
test,501,336,1950,cf8bee4faf9f1e67678d45b7cd8c350d04e95baeead6b79c4cff607556fb7129,False,0,4488,4488,cf8bee4faf9f1e67678d45b7cd8c350d04e95baeead6b79c4cff607556fb7129,cf8bee4faf9f1e67678d45b7cd8c350d04e95baeead6b79c4cff607556fb7129,True,1
test,502,146,897,cf8bee4faf9f1e67678d45b7cd8c350d04e95baeead6b79c4cff607556fb7129,False,0,4488,4488,cf8bee4faf9f1e67678d45b7cd8c350d04e95baeead6b79c4cff607556fb7129,cf8bee4faf9f1e67678d45b7cd8c350d04e95baeead6b79c4cff607556fb7129,True,1
test,503,154,364,cf8bee4faf9f1e67678d45b7cd8c350d04e95baeead6b79c4cff607556fb7129,False,0,4488,4488,cf8bee4faf9f1e67678d45b7cd8c350d04e95baeead6b79c4cff607556fb7129,cf8bee4faf9f1e67678d45b7cd8c350d04e95baeead6b79c4cff607556fb7129,True,1
test,504,1042,2198,cf8bee4faf9f1e67678d45b7cd8c350d04e95baeead6b79c4cff607556fb7129,False,0,4488,4488,cf8bee4faf9f1e67678d45b7cd8c350d04e95baeead6b79c4cff607556fb7129,cf8bee4faf9f1e67678d45b7cd8c350d04e95baeead6b79c4cff607556fb7129,True,1
test,505,167,168,cf8bee4faf9f1e67678d45b7cd8c350d04e95baeead6b79c4cff607556fb7129,False,0,4488,4488,cf8bee4faf9f1e67678d45b7cd8c350d04e95baeead6b79c4cff607556fb7129,cf8bee4faf9f1e67678d45b7cd8c350d04e95baeead6b79c4cff607556fb7129,True,1
test,506,1566,2071,cf8bee4faf9f1e67678d45b7cd8c350d04e95baeead6b79c4cff607556fb7129,False,0,4488,4488,cf8bee4faf9f1e67678d45b7cd8c350d04e95baeead6b79c4cff607556fb7129,cf8bee4faf9f1e67678d45b7cd8c350d04e95baeead6b79c4cff607556fb7129,True,1
test,507,603,795,cf8bee4faf9f1e67678d45b7cd8c350d04e95baeead6b79c4cff607556fb7129,False,0,4488,4488,cf8bee4faf9f1e67678d45b7cd8c350d04e95baeead6b79c4cff607556fb7129,cf8bee4faf9f1e67678d45b7cd8c350d04e95baeead6b79c4cff607556fb7129,True,1
test,508,55,210,cf8bee4faf9f1e67678d45b7cd8c350d04e95baeead6b79c4cff607556fb7129,False,0,4488,4488,cf8bee4faf9f1e67678d45b7cd8c350d04e95baeead6b79c4cff607556fb7129,cf8bee4faf9f1e67678d45b7cd8c350d04e95baeead6b79c4cff607556fb7129,True,1
test,509,1229,2439,cf8bee4faf9f1e67678d45b7cd8c350d04e95baeead6b79c4cff607556fb7129,False,0,4488,4488,cf8bee4faf9f1e67678d45b7cd8c350d04e95baeead6b79c4cff607556fb7129,cf8bee4faf9f1e67678d45b7cd8c350d04e95baeead6b79c4cff607556fb7129,True,1
test,510,963,2434,cf8bee4faf9f1e67678d45b7cd8c350d04e95baeead6b79c4cff607556fb7129,False,0,4488,4488,cf8bee4faf9f1e67678d45b7cd8c350d04e95baeead6b79c4cff607556fb7129,cf8bee4faf9f1e67678d45b7cd8c350d04e95baeead6b79c4cff607556fb7129,True,1
test,511,170,1358,cf8bee4faf9f1e67678d45b7cd8c350d04e95baeead6b79c4cff607556fb7129,False,0,4488,4488,cf8bee4faf9f1e67678d45b7cd8c350d04e95baeead6b79c4cff607556fb7129,cf8bee4faf9f1e67678d45b7cd8c350d04e95baeead6b79c4cff607556fb7129,True,1
train,0,4,2175,298c4dffa230726d17a4258b8b5615b8888474fa9d6cf25dc3c64713eb2904b4,True,1,4488,4487,298c4dffa230726d17a4258b8b5615b8888474fa9d6cf25dc3c64713eb2904b4,298c4dffa230726d17a4258b8b5615b8888474fa9d6cf25dc3c64713eb2904b4,True,2
train,1,17,1316,cd7f649a6ce337b98ef91de18688f651ffe211a42ff2255c0f2fd710f9f13c9e,True,1,4488,4487,cd7f649a6ce337b98ef91de18688f651ffe211a42ff2255c0f2fd710f9f13c9e,cd7f649a6ce337b98ef91de18688f651ffe211a42ff2255c0f2fd710f9f13c9e,True,2
train,2,17,2140,5b7838c9e975751f15424ee2b616f84326d915f88e066c6bfe2788d52b0d6bcf,True,1,4488,4487,5b7838c9e975751f15424ee2b616f84326d915f88e066c6bfe2788d52b0d6bcf,5b7838c9e975751f15424ee2b616f84326d915f88e066c6bfe2788d52b0d6bcf,True,2
train,3,26,2455,a5f828f57758691e71b973b4968cfb2f8f7987180fa8cc7cc11c4a670a0f4042,True,1,4488,4487,a5f828f57758691e71b973b4968cfb2f8f7987180fa8cc7cc11c4a670a0f4042,a5f828f57758691e71b973b4968cfb2f8f7987180fa8cc7cc11c4a670a0f4042,True,2
train,4,27,2360,9cdd1f954407981a81b26dfe9c484e684a7e31e59a67808290516c4d6197d543,True,1,4488,4487,9cdd1f954407981a81b26dfe9c484e684a7e31e59a67808290516c4d6197d543,9cdd1f954407981a81b26dfe9c484e684a7e31e59a67808290516c4d6197d543,True,2
train,5,32,1973,44e9d6b4c1ea2840e3e1e839ae6dc023ce9d42e81594f330869447c84d707214,True,1,4488,4487,44e9d6b4c1ea2840e3e1e839ae6dc023ce9d42e81594f330869447c84d707214,44e9d6b4c1ea2840e3e1e839ae6dc023ce9d42e81594f330869447c84d707214,True,2
train,6,38,862,5399c51478555a4776459413b7a47de1a8f03399bce243adf262b8a5a11a5b48,True,1,4488,4487,5399c51478555a4776459413b7a47de1a8f03399bce243adf262b8a5a11a5b48,5399c51478555a4776459413b7a47de1a8f03399bce243adf262b8a5a11a5b48,True,2
train,7,39,1634,3d91b5d6997d72adaced147c80a2cdfd77cc675e80094e298fcaf84fa3fa2528,True,1,4488,4487,3d91b5d6997d72adaced147c80a2cdfd77cc675e80094e298fcaf84fa3fa2528,3d91b5d6997d72adaced147c80a2cdfd77cc675e80094e298fcaf84fa3fa2528,True,2
train,8,41,644,5a30ab2171e430d9fb17238b3adaa14e3fff7373d7a3c144b2fdd1afbed2405c,True,1,4488,4487,5a30ab2171e430d9fb17238b3adaa14e3fff7373d7a3c144b2fdd1afbed2405c,5a30ab2171e430d9fb17238b3adaa14e3fff7373d7a3c144b2fdd1afbed2405c,True,2
train,9,43,1653,6c6dfe996840f2f3e468f51722f55a66d887a3c855d575344f3ace5233e665b4,True,1,4488,4487,6c6dfe996840f2f3e468f51722f55a66d887a3c855d575344f3ace5233e665b4,6c6dfe996840f2f3e468f51722f55a66d887a3c855d575344f3ace5233e665b4,True,2
train,10,43,2399,0c9ecbe9849e9b61e8178c1a81cea16f36a3e235edac18b668631569f8616261,True,1,4488,4487,0c9ecbe9849e9b61e8178c1a81cea16f36a3e235edac18b668631569f8616261,0c9ecbe9849e9b61e8178c1a81cea16f36a3e235edac18b668631569f8616261,True,2
train,11,45,1986,d50f612135a5e3e7946d5fdc53e12079b6316a87305d49ff3ec7f3ef4b3d824f,True,1,4488,4487,d50f612135a5e3e7946d5fdc53e12079b6316a87305d49ff3ec7f3ef4b3d824f,d50f612135a5e3e7946d5fdc53e12079b6316a87305d49ff3ec7f3ef4b3d824f,True,2
train,12,48,1666,1aedb0655131dda50182f3e75b0e0f1405672660c8afde3fd53f59baa467f5a8,True,1,4488,4487,1aedb0655131dda50182f3e75b0e0f1405672660c8afde3fd53f59baa467f5a8,1aedb0655131dda50182f3e75b0e0f1405672660c8afde3fd53f59baa467f5a8,True,2
train,13,53,1103,43c66f0c23cc1837eb8f2557a1a0b882ec98208b4d24ce86baee94a99eb898ca,True,1,4488,4487,43c66f0c23cc1837eb8f2557a1a0b882ec98208b4d24ce86baee94a99eb898ca,43c66f0c23cc1837eb8f2557a1a0b882ec98208b4d24ce86baee94a99eb898ca,True,2
train,14,55,787,772f2aa46be56d1f510301a9cdb9389eab11107f33c6b9f3dd0f0e433fa1ae3f,True,1,4488,4487,772f2aa46be56d1f510301a9cdb9389eab11107f33c6b9f3dd0f0e433fa1ae3f,772f2aa46be56d1f510301a9cdb9389eab11107f33c6b9f3dd0f0e433fa1ae3f,True,2
train,15,59,2651,5222234c44e3f090e204e1e03e534bf6eed8d8c211fc9639951895b255b63f9e,True,1,4488,4487,5222234c44e3f090e204e1e03e534bf6eed8d8c211fc9639951895b255b63f9e,5222234c44e3f090e204e1e03e534bf6eed8d8c211fc9639951895b255b63f9e,True,2
train,16,61,2162,69365b7abcdd6d17355547161b3a151fded3ee8ed5848bdebf76e5639902f406,True,1,4488,4487,69365b7abcdd6d17355547161b3a151fded3ee8ed5848bdebf76e5639902f406,69365b7abcdd6d17355547161b3a151fded3ee8ed5848bdebf76e5639902f406,True,2
train,17,65,2021,5907ae93d8494837c6722321fef714585b2503a05edb4aa22c1051afdf50d3c6,True,1,4488,4487,5907ae93d8494837c6722321fef714585b2503a05edb4aa22c1051afdf50d3c6,5907ae93d8494837c6722321fef714585b2503a05edb4aa22c1051afdf50d3c6,True,2
train,18,65,2418,dffdbc49d6c14b7105398b2e955356bf8bd3f4aa367f79ac1cc5028b60fca767,True,1,4488,4487,dffdbc49d6c14b7105398b2e955356bf8bd3f4aa367f79ac1cc5028b60fca767,dffdbc49d6c14b7105398b2e955356bf8bd3f4aa367f79ac1cc5028b60fca767,True,2
train,19,65,2419,9ee53e92ad21e0206ecbff9b881cb09bd1d4729cca85f1a74597a5aed1e198b3,True,1,4488,4487,9ee53e92ad21e0206ecbff9b881cb09bd1d4729cca85f1a74597a5aed1e198b3,9ee53e92ad21e0206ecbff9b881cb09bd1d4729cca85f1a74597a5aed1e198b3,True,2
train,20,69,1920,569e8eed6e7d97470e6c9e60418b6caf38d2eb928ed05ead342121196bdc34b4,True,1,4488,4487,569e8eed6e7d97470e6c9e60418b6caf38d2eb928ed05ead342121196bdc34b4,569e8eed6e7d97470e6c9e60418b6caf38d2eb928ed05ead342121196bdc34b4,True,2
train,21,73,797,878d298bf4660f7dc66ecda3d321116f9582960412914c7fa7ceb553ed9c50ce,True,1,4488,4487,878d298bf4660f7dc66ecda3d321116f9582960412914c7fa7ceb553ed9c50ce,878d298bf4660f7dc66ecda3d321116f9582960412914c7fa7ceb553ed9c50ce,True,2
train,22,74,1517,47b4aadaf3e77c4ebb35b66281ce2145cf391fbe9163dcfb1705a989f8e6a72d,True,1,4488,4487,47b4aadaf3e77c4ebb35b66281ce2145cf391fbe9163dcfb1705a989f8e6a72d,47b4aadaf3e77c4ebb35b66281ce2145cf391fbe9163dcfb1705a989f8e6a72d,True,2
train,23,76,88,40720e865178895a20feeb8e5ddd58baaa31c5ccb182edb0e4d4ad2077a37d34,True,1,4488,4487,40720e865178895a20feeb8e5ddd58baaa31c5ccb182edb0e4d4ad2077a37d34,40720e865178895a20feeb8e5ddd58baaa31c5ccb182edb0e4d4ad2077a37d34,True,2
train,24,83,1520,d67cd35df703c3809f1cbb0b864caaa5d32964ea27ab7425e84a0bc41e8eb63f,True,1,4488,4487,d67cd35df703c3809f1cbb0b864caaa5d32964ea27ab7425e84a0bc41e8eb63f,d67cd35df703c3809f1cbb0b864caaa5d32964ea27ab7425e84a0bc41e8eb63f,True,2
train,25,88,1658,c7173da7e3ca54fb8b70addf1c6f396a55a60b1a13fddb0c81cf26998424f4f3,True,1,4488,4487,c7173da7e3ca54fb8b70addf1c6f396a55a60b1a13fddb0c81cf26998424f4f3,c7173da7e3ca54fb8b70addf1c6f396a55a60b1a13fddb0c81cf26998424f4f3,True,2
train,26,88,1882,f8de7fb4f2bc3c3c02de507b982923247fdda8cd0bb58160e93cde5050742285,True,1,4488,4487,f8de7fb4f2bc3c3c02de507b982923247fdda8cd0bb58160e93cde5050742285,f8de7fb4f2bc3c3c02de507b982923247fdda8cd0bb58160e93cde5050742285,True,2
train,27,89,884,d86b531b61d2b2c3412b6504bff986195433748294cea1d0499890373ada81a5,True,1,4488,4487,d86b531b61d2b2c3412b6504bff986195433748294cea1d0499890373ada81a5,d86b531b61d2b2c3412b6504bff986195433748294cea1d0499890373ada81a5,True,2
train,28,90,817,281bbdb265b465eca5dab3232fe58e0b0aa0c1a97a60d938508f1523ff52e422,True,1,4488,4487,281bbdb265b465eca5dab3232fe58e0b0aa0c1a97a60d938508f1523ff52e422,281bbdb265b465eca5dab3232fe58e0b0aa0c1a97a60d938508f1523ff52e422,True,2
train,29,93,950,e92dbc36bb2d1d0b656a8e02d7f7288c957577ee0d1a81fef2393687301038df,True,1,4488,4487,e92dbc36bb2d1d0b656a8e02d7f7288c957577ee0d1a81fef2393687301038df,e92dbc36bb2d1d0b656a8e02d7f7288c957577ee0d1a81fef2393687301038df,True,2
train,30,94,2263,5405160c44f3b35fb495e4eb5f8a1114072d295cfad39b837350bad321bcfe7b,True,1,4488,4487,5405160c44f3b35fb495e4eb5f8a1114072d295cfad39b837350bad321bcfe7b,5405160c44f3b35fb495e4eb5f8a1114072d295cfad39b837350bad321bcfe7b,True,2
train,31,95,1628,319bce7e0f4d78478049fa59d23130688b8c8bbe46f8a67503c34aecc40c59bb,True,1,4488,4487,319bce7e0f4d78478049fa59d23130688b8c8bbe46f8a67503c34aecc40c59bb,319bce7e0f4d78478049fa59d23130688b8c8bbe46f8a67503c34aecc40c59bb,True,2
train,32,99,123,6fcb84c1b681f60504f75d40f16624b97a84730fb371ad61b03d86db4d56c246,True,1,4488,4487,6fcb84c1b681f60504f75d40f16624b97a84730fb371ad61b03d86db4d56c246,6fcb84c1b681f60504f75d40f16624b97a84730fb371ad61b03d86db4d56c246,True,2
train,33,99,2454,fd1d70dbf451c17a94a3417ca4a10cb38ce5aafbd5e531b8c24e1461e3b4cc7b,True,1,4488,4487,fd1d70dbf451c17a94a3417ca4a10cb38ce5aafbd5e531b8c24e1461e3b4cc7b,fd1d70dbf451c17a94a3417ca4a10cb38ce5aafbd5e531b8c24e1461e3b4cc7b,True,2
train,34,99,2455,b831fc13deac0a83f5ad7f58e472c2a3c919fe37fa981a1e266580ed78e975eb,True,1,4488,4487,b831fc13deac0a83f5ad7f58e472c2a3c919fe37fa981a1e266580ed78e975eb,b831fc13deac0a83f5ad7f58e472c2a3c919fe37fa981a1e266580ed78e975eb,True,2
train,35,101,1589,91dbed020625bb8413422d370f87fabfa417cbec8b28b0b4f4b101f02a0bc33b,True,1,4488,4487,91dbed020625bb8413422d370f87fabfa417cbec8b28b0b4f4b101f02a0bc33b,91dbed020625bb8413422d370f87fabfa417cbec8b28b0b4f4b101f02a0bc33b,True,2
train,36,102,109,713e126edd5146792dc1faa747c6509a11470a00b290d6a0143752fe43d02a25,True,1,4488,4487,713e126edd5146792dc1faa747c6509a11470a00b290d6a0143752fe43d02a25,713e126edd5146792dc1faa747c6509a11470a00b290d6a0143752fe43d02a25,True,2
train,37,103,1775,1d464c3733137226044d7934c9b93d92a3ea8e246bfd42515d6c0dbb498b9e88,True,1,4488,4487,1d464c3733137226044d7934c9b93d92a3ea8e246bfd42515d6c0dbb498b9e88,1d464c3733137226044d7934c9b93d92a3ea8e246bfd42515d6c0dbb498b9e88,True,2
train,38,104,864,cd8419018d9b06fad2b2200d011d5752c67789fcbaa596b29efb378cafe586d1,True,1,4488,4487,cd8419018d9b06fad2b2200d011d5752c67789fcbaa596b29efb378cafe586d1,cd8419018d9b06fad2b2200d011d5752c67789fcbaa596b29efb378cafe586d1,True,2
train,39,105,2651,af4a384206c381a60c4084d58cfb342e0321ab8c36dc8780e50baf5808a6d7bf,True,1,4488,4487,af4a384206c381a60c4084d58cfb342e0321ab8c36dc8780e50baf5808a6d7bf,af4a384206c381a60c4084d58cfb342e0321ab8c36dc8780e50baf5808a6d7bf,True,2
train,40,107,1113,0478bf6f6400235cd6b3d78d9e014fd2854b096573b0412a1e51eace6acba9c9,True,1,4488,4487,0478bf6f6400235cd6b3d78d9e014fd2854b096573b0412a1e51eace6acba9c9,0478bf6f6400235cd6b3d78d9e014fd2854b096573b0412a1e51eace6acba9c9,True,2
train,41,109,236,e61cdf65f38c8973b332011b21809af39610484a4a83eabc628335cbe30e2229,True,1,4488,4487,e61cdf65f38c8973b332011b21809af39610484a4a83eabc628335cbe30e2229,e61cdf65f38c8973b332011b21809af39610484a4a83eabc628335cbe30e2229,True,2
train,42,109,318,8e52bacd93badfd413be9a145fd7db3be8e8f5df662f95164f1f7a4af1687bcf,True,1,4488,4487,8e52bacd93badfd413be9a145fd7db3be8e8f5df662f95164f1f7a4af1687bcf,8e52bacd93badfd413be9a145fd7db3be8e8f5df662f95164f1f7a4af1687bcf,True,2
train,43,109,1661,3b7a93e9d9fbe4b7fa11cde9816c33ed7509f575bfd5a2485a5556ef395b10ad,True,1,4488,4487,3b7a93e9d9fbe4b7fa11cde9816c33ed7509f575bfd5a2485a5556ef395b10ad,3b7a93e9d9fbe4b7fa11cde9816c33ed7509f575bfd5a2485a5556ef395b10ad,True,2
train,44,109,1769,03f32eea38268c8fd888d3cfe9677d975d504f9463fbbfee52a62fc7653c66bd,True,1,4488,4487,03f32eea38268c8fd888d3cfe9677d975d504f9463fbbfee52a62fc7653c66bd,03f32eea38268c8fd888d3cfe9677d975d504f9463fbbfee52a62fc7653c66bd,True,2
train,45,109,1785,3a8ec4831f1de5a02e527e84be7caf7916c5829df9bd745663e4675ebbffcd8c,True,1,4488,4487,3a8ec4831f1de5a02e527e84be7caf7916c5829df9bd745663e4675ebbffcd8c,3a8ec4831f1de5a02e527e84be7caf7916c5829df9bd745663e4675ebbffcd8c,True,2
train,46,110,2279,3d95d619a3b3dddfd4c64c8078e6baeecfa54f723df70a9201f14fabe7267b73,True,1,4488,4487,3d95d619a3b3dddfd4c64c8078e6baeecfa54f723df70a9201f14fabe7267b73,3d95d619a3b3dddfd4c64c8078e6baeecfa54f723df70a9201f14fabe7267b73,True,2
train,47,115,973,9bb242407d45c67a4cf376c7985c7fd3fad46b7c82837999ec308aa38398a044,True,1,4488,4487,9bb242407d45c67a4cf376c7985c7fd3fad46b7c82837999ec308aa38398a044,9bb242407d45c67a4cf376c7985c7fd3fad46b7c82837999ec308aa38398a044,True,2
train,48,117,2537,7e8394cf0030f17ea7c6b732c77ab28d56cee61dc601e639e8858f7a31abce22,True,1,4488,4487,7e8394cf0030f17ea7c6b732c77ab28d56cee61dc601e639e8858f7a31abce22,7e8394cf0030f17ea7c6b732c77ab28d56cee61dc601e639e8858f7a31abce22,True,2
train,49,119,379,b99c7a26649bb184786842aebe4ddeec32090c5e6fde091b3b7ca70118004d62,True,1,4488,4487,b99c7a26649bb184786842aebe4ddeec32090c5e6fde091b3b7ca70118004d62,b99c7a26649bb184786842aebe4ddeec32090c5e6fde091b3b7ca70118004d62,True,2
train,50,123,2604,422734293ac5869bd90f4de911a3ee528ec5425a0093942e54e8197ba23b2e7d,True,1,4488,4487,422734293ac5869bd90f4de911a3ee528ec5425a0093942e54e8197ba23b2e7d,422734293ac5869bd90f4de911a3ee528ec5425a0093942e54e8197ba23b2e7d,True,2
train,51,126,2045,fc45e556adb05194b84e85002356eb8a95869da3e29ed77b93ed94013cc50e00,True,1,4488,4487,fc45e556adb05194b84e85002356eb8a95869da3e29ed77b93ed94013cc50e00,fc45e556adb05194b84e85002356eb8a95869da3e29ed77b93ed94013cc50e00,True,2
train,52,132,479,ff4735c439310df0939870ce993a9a7c71a95973fea218772f3b41d510b51884,True,1,4488,4487,ff4735c439310df0939870ce993a9a7c71a95973fea218772f3b41d510b51884,ff4735c439310df0939870ce993a9a7c71a95973fea218772f3b41d510b51884,True,2
train,53,133,2045,b26ddc28436a732df58b157faaf2c9f6de80015a97b019c4bbdb9117c183f9ed,True,1,4488,4487,b26ddc28436a732df58b157faaf2c9f6de80015a97b019c4bbdb9117c183f9ed,b26ddc28436a732df58b157faaf2c9f6de80015a97b019c4bbdb9117c183f9ed,True,2
train,54,136,831,56f79005402f34df86290535ccbc713d63d42ddc25015b1db22712d231027dd1,True,1,4488,4487,56f79005402f34df86290535ccbc713d63d42ddc25015b1db22712d231027dd1,56f79005402f34df86290535ccbc713d63d42ddc25015b1db22712d231027dd1,True,2
train,55,143,1701,64dba16e58bc4fd6b85a78b38c98c5096b4e7c72e5ed0bb76b63e2f474a6df68,True,1,4488,4487,64dba16e58bc4fd6b85a78b38c98c5096b4e7c72e5ed0bb76b63e2f474a6df68,64dba16e58bc4fd6b85a78b38c98c5096b4e7c72e5ed0bb76b63e2f474a6df68,True,2
train,56,144,145,196bbe904d2fc9fc7b61d3b46ea4f73b90c5c99f1e3bbd95714367e02e5fc291,True,1,4488,4487,196bbe904d2fc9fc7b61d3b46ea4f73b90c5c99f1e3bbd95714367e02e5fc291,196bbe904d2fc9fc7b61d3b46ea4f73b90c5c99f1e3bbd95714367e02e5fc291,True,2
train,57,145,537,c1d93384ae6b4d5d30c623df93ca6e3b8558749ee272379a3a7265ac8b8df71c,True,1,4488,4487,c1d93384ae6b4d5d30c623df93ca6e3b8558749ee272379a3a7265ac8b8df71c,c1d93384ae6b4d5d30c623df93ca6e3b8558749ee272379a3a7265ac8b8df71c,True,2
train,58,146,1907,72dba089ae527c3b5eac49704841b9bfdde141b86d9175bee5950b5a088925ce,True,1,4488,4487,72dba089ae527c3b5eac49704841b9bfdde141b86d9175bee5950b5a088925ce,72dba089ae527c3b5eac49704841b9bfdde141b86d9175bee5950b5a088925ce,True,2
train,59,148,378,71952a119bee5231d27ee4790230301a30b74122c637fc56bfacc7d257a3259e,True,1,4488,4487,71952a119bee5231d27ee4790230301a30b74122c637fc56bfacc7d257a3259e,71952a119bee5231d27ee4790230301a30b74122c637fc56bfacc7d257a3259e,True,2
train,60,148,602,7dda79addd7c587db9bea0b09d0071508bd086bbb5af9f169ec5359cc6d99a85,True,1,4488,4487,7dda79addd7c587db9bea0b09d0071508bd086bbb5af9f169ec5359cc6d99a85,7dda79addd7c587db9bea0b09d0071508bd086bbb5af9f169ec5359cc6d99a85,True,2
train,61,152,884,7dda5dafca77b990d72d9ef8707a37f8b2bd3d23c959cc3628203dd0f53a019e,True,1,4488,4487,7dda5dafca77b990d72d9ef8707a37f8b2bd3d23c959cc3628203dd0f53a019e,7dda5dafca77b990d72d9ef8707a37f8b2bd3d23c959cc3628203dd0f53a019e,True,2
train,62,153,306,154d522b3cfa727429a5e071a43be9087b91ed2c3e909d03180c163f6d4dd48b,True,1,4488,4487,154d522b3cfa727429a5e071a43be9087b91ed2c3e909d03180c163f6d4dd48b,154d522b3cfa727429a5e071a43be9087b91ed2c3e909d03180c163f6d4dd48b,True,2
train,63,154,1753,b79e4b92542e6bcf739b01c81ab74a643c6a95ae6b0383d1d099ad8f5829bdf0,True,1,4488,4487,b79e4b92542e6bcf739b01c81ab74a643c6a95ae6b0383d1d099ad8f5829bdf0,b79e4b92542e6bcf739b01c81ab74a643c6a95ae6b0383d1d099ad8f5829bdf0,True,2
train,64,155,1763,278366185577b46c7379a70507bec898c14ec8fab7cf8ef8d15e9aaaa86ab4ba,True,1,4488,4487,278366185577b46c7379a70507bec898c14ec8fab7cf8ef8d15e9aaaa86ab4ba,278366185577b46c7379a70507bec898c14ec8fab7cf8ef8d15e9aaaa86ab4ba,True,2
train,65,156,817,b5fea3151ab59d2f0a301779c353558543f6b0aac389ee94f3ac72bab142f1e0,True,1,4488,4487,b5fea3151ab59d2f0a301779c353558543f6b0aac389ee94f3ac72bab142f1e0,b5fea3151ab59d2f0a301779c353558543f6b0aac389ee94f3ac72bab142f1e0,True,2
train,66,157,1870,625283cd24584f898fc5db77111af03196361dfde7ad65cb8c53e936fe951a6d,True,1,4488,4487,625283cd24584f898fc5db77111af03196361dfde7ad65cb8c53e936fe951a6d,625283cd24584f898fc5db77111af03196361dfde7ad65cb8c53e936fe951a6d,True,2
train,67,167,2437,761d7aed7791d4f6e698370edb611587c906c031ef280e0aaa83954eee9fba79,True,1,4488,4487,761d7aed7791d4f6e698370edb611587c906c031ef280e0aaa83954eee9fba79,761d7aed7791d4f6e698370edb611587c906c031ef280e0aaa83954eee9fba79,True,2
train,68,176,231,cf975080a3f9696a4b53e8b71815e8819c7f87c854a2a9bf690dae798dfff915,True,1,4488,4487,cf975080a3f9696a4b53e8b71815e8819c7f87c854a2a9bf690dae798dfff915,cf975080a3f9696a4b53e8b71815e8819c7f87c854a2a9bf690dae798dfff915,True,2
train,69,178,833,c4d6e2b0ee8a82c645ac31f3736e0f4ebd6f2bd6c0d8c0de7d4e66c60d93f8ed,True,1,4488,4487,c4d6e2b0ee8a82c645ac31f3736e0f4ebd6f2bd6c0d8c0de7d4e66c60d93f8ed,c4d6e2b0ee8a82c645ac31f3736e0f4ebd6f2bd6c0d8c0de7d4e66c60d93f8ed,True,2
train,70,184,520,d0925ea9e07465a4b98fe8b8a96a19b97a434450a07aa7539b6c7ca517d6ab02,True,1,4488,4487,d0925ea9e07465a4b98fe8b8a96a19b97a434450a07aa7539b6c7ca517d6ab02,d0925ea9e07465a4b98fe8b8a96a19b97a434450a07aa7539b6c7ca517d6ab02,True,2
train,71,186,2702,04bbd000c3697364b2ff6ecffca12b3dc572c8a8c08a0fc97863499d186e583e,True,1,4488,4487,04bbd000c3697364b2ff6ecffca12b3dc572c8a8c08a0fc97863499d186e583e,04bbd000c3697364b2ff6ecffca12b3dc572c8a8c08a0fc97863499d186e583e,True,2
train,72,189,1072,df09da054f6c2957fa082153f785e4f7e705ab03dae75ab84d5c6e2e2d8d74d2,True,1,4488,4487,df09da054f6c2957fa082153f785e4f7e705ab03dae75ab84d5c6e2e2d8d74d2,df09da054f6c2957fa082153f785e4f7e705ab03dae75ab84d5c6e2e2d8d74d2,True,2
train,73,190,491,8a289a0f456537e36d82a062df3a3d958a6420bb61d2c8b32fa3c8ddda1a49d3,True,1,4488,4487,8a289a0f456537e36d82a062df3a3d958a6420bb61d2c8b32fa3c8ddda1a49d3,8a289a0f456537e36d82a062df3a3d958a6420bb61d2c8b32fa3c8ddda1a49d3,True,2
train,74,191,382,b23d99e783f7c5ab3b2f5ded3d112a3b4b30cd4edae73962aaef9cd9ec8e4e28,True,1,4488,4487,b23d99e783f7c5ab3b2f5ded3d112a3b4b30cd4edae73962aaef9cd9ec8e4e28,b23d99e783f7c5ab3b2f5ded3d112a3b4b30cd4edae73962aaef9cd9ec8e4e28,True,2
train,75,194,1451,a901ea9c26e499b4f00c97346857514033285425d08448d73df616a9ad090454,True,1,4488,4487,a901ea9c26e499b4f00c97346857514033285425d08448d73df616a9ad090454,a901ea9c26e499b4f00c97346857514033285425d08448d73df616a9ad090454,True,2
train,76,203,1869,754a9805369008f7fd224131a1fab0a9a59418761d910a3df2b1f3d8a6ca0e1a,True,1,4488,4487,754a9805369008f7fd224131a1fab0a9a59418761d910a3df2b1f3d8a6ca0e1a,754a9805369008f7fd224131a1fab0a9a59418761d910a3df2b1f3d8a6ca0e1a,True,2
train,77,210,1907,b572bce6c46e48a20bfe23dbfcdacebe64bcfd7f4c9479308d4cc4ef063e0f59,True,1,4488,4487,b572bce6c46e48a20bfe23dbfcdacebe64bcfd7f4c9479308d4cc4ef063e0f59,b572bce6c46e48a20bfe23dbfcdacebe64bcfd7f4c9479308d4cc4ef063e0f59,True,2
train,78,211,1909,7ba2d4d0a25def04b08c1f0c32399b2f6a38bc7dd912f3caa0ad7e563235dafb,True,1,4488,4487,7ba2d4d0a25def04b08c1f0c32399b2f6a38bc7dd912f3caa0ad7e563235dafb,7ba2d4d0a25def04b08c1f0c32399b2f6a38bc7dd912f3caa0ad7e563235dafb,True,2
train,79,221,817,fa2c600aa21f8bb3069703aaea5b48d0fe98182e20dd5d1281e9565ee1b5e240,True,1,4488,4487,fa2c600aa21f8bb3069703aaea5b48d0fe98182e20dd5d1281e9565ee1b5e240,fa2c600aa21f8bb3069703aaea5b48d0fe98182e20dd5d1281e9565ee1b5e240,True,2
train,80,224,1810,6ef4c23c4f2da46fa681c5959ce9009160cd0a15a1b62d33d4baf7b0a713f1c6,True,1,4488,4487,6ef4c23c4f2da46fa681c5959ce9009160cd0a15a1b62d33d4baf7b0a713f1c6,6ef4c23c4f2da46fa681c5959ce9009160cd0a15a1b62d33d4baf7b0a713f1c6,True,2
train,81,228,848,9b77c5337b33efda6219ef785e6a55fca7fc6db4ce3b56ecf553a8efb1a5343a,True,1,4488,4487,9b77c5337b33efda6219ef785e6a55fca7fc6db4ce3b56ecf553a8efb1a5343a,9b77c5337b33efda6219ef785e6a55fca7fc6db4ce3b56ecf553a8efb1a5343a,True,2
train,82,228,1721,ccba4e684351cee2cd0eacc94f8fc2e364f833072577185e88eb58fa4f55a723,True,1,4488,4487,ccba4e684351cee2cd0eacc94f8fc2e364f833072577185e88eb58fa4f55a723,ccba4e684351cee2cd0eacc94f8fc2e364f833072577185e88eb58fa4f55a723,True,2
train,83,231,387,6d7f658276ed2889bdff3f63802f9a01688247bb1d9b9b00d89cecc8e3874b5f,True,1,4488,4487,6d7f658276ed2889bdff3f63802f9a01688247bb1d9b9b00d89cecc8e3874b5f,6d7f658276ed2889bdff3f63802f9a01688247bb1d9b9b00d89cecc8e3874b5f,True,2
train,84,235,1701,8f148d8a0b8e786dbd55bc59ade2266147623a1a5ee74c508cd800e83ca73ebd,True,1,4488,4487,8f148d8a0b8e786dbd55bc59ade2266147623a1a5ee74c508cd800e83ca73ebd,8f148d8a0b8e786dbd55bc59ade2266147623a1a5ee74c508cd800e83ca73ebd,True,2
train,85,239,1759,a5b6d8d157b808b17c12ab0c4a28e05d8c1c17b7611a9291aef59d7712f8141c,True,1,4488,4487,a5b6d8d157b808b17c12ab0c4a28e05d8c1c17b7611a9291aef59d7712f8141c,a5b6d8d157b808b17c12ab0c4a28e05d8c1c17b7611a9291aef59d7712f8141c,True,2
train,86,242,1131,01993434644833ecce35ba3b6c4b9b78016a8e75c6c278ebe267e39ed816517e,True,1,4488,4487,01993434644833ecce35ba3b6c4b9b78016a8e75c6c278ebe267e39ed816517e,01993434644833ecce35ba3b6c4b9b78016a8e75c6c278ebe267e39ed816517e,True,2
train,87,243,2647,2df7124d3e9735953f732177cc4dc8e9c0fb1c9340bf214699ff0a09781314c6,True,1,4488,4487,2df7124d3e9735953f732177cc4dc8e9c0fb1c9340bf214699ff0a09781314c6,2df7124d3e9735953f732177cc4dc8e9c0fb1c9340bf214699ff0a09781314c6,True,2
train,88,244,1358,41fef78a6798c107add87b2b8cf4a05100f66f7eb006bfbcf2ccd48b5da8dd4b,True,1,4488,4487,41fef78a6798c107add87b2b8cf4a05100f66f7eb006bfbcf2ccd48b5da8dd4b,41fef78a6798c107add87b2b8cf4a05100f66f7eb006bfbcf2ccd48b5da8dd4b,True,2
train,89,257,1388,7f99e4bd622f323a83db5bc4d47a22de9abb95c036b602f551d2243211b85171,True,1,4488,4487,7f99e4bd622f323a83db5bc4d47a22de9abb95c036b602f551d2243211b85171,7f99e4bd622f323a83db5bc4d47a22de9abb95c036b602f551d2243211b85171,True,2
train,90,267,2373,ea8dbd298c729ea2dae8d7bc2b988bb5121f206838215799db7c199310956347,True,1,4488,4487,ea8dbd298c729ea2dae8d7bc2b988bb5121f206838215799db7c199310956347,ea8dbd298c729ea2dae8d7bc2b988bb5121f206838215799db7c199310956347,True,2
train,91,277,553,fc689512d107a1367589260fc2f3d1d677cf7b33b31354248baa211671e2ff6a,True,1,4488,4487,fc689512d107a1367589260fc2f3d1d677cf7b33b31354248baa211671e2ff6a,fc689512d107a1367589260fc2f3d1d677cf7b33b31354248baa211671e2ff6a,True,2
train,92,279,2280,0459b8955905a47f519dbd651e16adaf1078843e1a97d24bec6b05f4f753e273,True,1,4488,4487,0459b8955905a47f519dbd651e16adaf1078843e1a97d24bec6b05f4f753e273,0459b8955905a47f519dbd651e16adaf1078843e1a97d24bec6b05f4f753e273,True,2
train,93,286,442,93bcd1db8511b71f8302eeb4d9e86fb34566065a0ce57bc9d8f81aa0e09c0009,True,1,4488,4487,93bcd1db8511b71f8302eeb4d9e86fb34566065a0ce57bc9d8f81aa0e09c0009,93bcd1db8511b71f8302eeb4d9e86fb34566065a0ce57bc9d8f81aa0e09c0009,True,2
train,94,295,1176,c879d645bab6429e71863a32ca718098b541e80d1f53d3856285e3494501eb18,True,1,4488,4487,c879d645bab6429e71863a32ca718098b541e80d1f53d3856285e3494501eb18,c879d645bab6429e71863a32ca718098b541e80d1f53d3856285e3494501eb18,True,2
train,95,296,732,5dd40794210e359fb26b25cc1d1af6f415812a4fb9f03ddcf4ebb64e0bb8cae3,True,1,4488,4487,5dd40794210e359fb26b25cc1d1af6f415812a4fb9f03ddcf4ebb64e0bb8cae3,5dd40794210e359fb26b25cc1d1af6f415812a4fb9f03ddcf4ebb64e0bb8cae3,True,2
train,96,299,2383,01b797510a3652e474bfa3feb9c4c0e596d536851e2d358e01d94f1978b3bf57,True,1,4488,4487,01b797510a3652e474bfa3feb9c4c0e596d536851e2d358e01d94f1978b3bf57,01b797510a3652e474bfa3feb9c4c0e596d536851e2d358e01d94f1978b3bf57,True,2
train,97,306,487,f8fb772638a9432518217692f8b24a3ade14803c58d7776e86e5a61853043665,True,1,4488,4487,f8fb772638a9432518217692f8b24a3ade14803c58d7776e86e5a61853043665,f8fb772638a9432518217692f8b24a3ade14803c58d7776e86e5a61853043665,True,2
train,98,306,608,38fed9acf9f594142823dc831b181e0d631a6f4cc79889a1c2f47c479e80d3b7,True,1,4488,4487,38fed9acf9f594142823dc831b181e0d631a6f4cc79889a1c2f47c479e80d3b7,38fed9acf9f594142823dc831b181e0d631a6f4cc79889a1c2f47c479e80d3b7,True,2
train,99,306,887,b69210c4fbd370b6ec8e1cc591d910620c1223ae4877ff5115bfe69f7edbbac9,True,1,4488,4487,b69210c4fbd370b6ec8e1cc591d910620c1223ae4877ff5115bfe69f7edbbac9,b69210c4fbd370b6ec8e1cc591d910620c1223ae4877ff5115bfe69f7edbbac9,True,2
train,100,306,973,507c92a435a9160bcb9954ac7142ade38e87b6a5fcfac4387738c7be18189755,True,1,4488,4487,507c92a435a9160bcb9954ac7142ade38e87b6a5fcfac4387738c7be18189755,507c92a435a9160bcb9954ac7142ade38e87b6a5fcfac4387738c7be18189755,True,2
train,101,306,1705,0528dccde4876a90bca49e66aa6c950b76bcff776341af3b9aafd39cbe0b3db8,True,1,4488,4487,0528dccde4876a90bca49e66aa6c950b76bcff776341af3b9aafd39cbe0b3db8,0528dccde4876a90bca49e66aa6c950b76bcff776341af3b9aafd39cbe0b3db8,True,2
train,102,306,1802,b44e918efff72ba46b09a884ec46dc6563ced4114249f5da986f1f5ac0d12849,True,1,4488,4487,b44e918efff72ba46b09a884ec46dc6563ced4114249f5da986f1f5ac0d12849,b44e918efff72ba46b09a884ec46dc6563ced4114249f5da986f1f5ac0d12849,True,2
train,103,306,2089,1005256016b11499458061e286d284770808af61795041ce19a0ac01991105c9,True,1,4488,4487,1005256016b11499458061e286d284770808af61795041ce19a0ac01991105c9,1005256016b11499458061e286d284770808af61795041ce19a0ac01991105c9,True,2
train,104,310,892,8364513c4469018ac33aa49ee27610ce8dc8a3a5f2c5bfa80c2bef3db3058a7d,True,1,4488,4487,8364513c4469018ac33aa49ee27610ce8dc8a3a5f2c5bfa80c2bef3db3058a7d,8364513c4469018ac33aa49ee27610ce8dc8a3a5f2c5bfa80c2bef3db3058a7d,True,2
train,105,310,1581,f896b77a789080896b3248d05f43ddc24b5f811e71bf63b6547679c919d3aa74,True,1,4488,4487,f896b77a789080896b3248d05f43ddc24b5f811e71bf63b6547679c919d3aa74,f896b77a789080896b3248d05f43ddc24b5f811e71bf63b6547679c919d3aa74,True,2
train,106,316,598,f7da3f552e1fb0e8205a02f58ffbd5660c3b7d54cf43822f61938bce5080b804,True,1,4488,4487,f7da3f552e1fb0e8205a02f58ffbd5660c3b7d54cf43822f61938bce5080b804,f7da3f552e1fb0e8205a02f58ffbd5660c3b7d54cf43822f61938bce5080b804,True,2
train,107,320,348,b28712343e2303daa20918a554650f2461be664fed2bd99b34f66fe261ba9909,True,1,4488,4487,b28712343e2303daa20918a554650f2461be664fed2bd99b34f66fe261ba9909,b28712343e2303daa20918a554650f2461be664fed2bd99b34f66fe261ba9909,True,2
train,108,320,1597,28822177a715e24bffc17bc5637374f31a1ed7ce20f3f7c2b21859db7fc1b547,True,1,4488,4487,28822177a715e24bffc17bc5637374f31a1ed7ce20f3f7c2b21859db7fc1b547,28822177a715e24bffc17bc5637374f31a1ed7ce20f3f7c2b21859db7fc1b547,True,2
train,109,327,2064,3dd2a5e1a31fcd8b1a8b056e957141dc8d1596518a0cea306000e8e8b22fa835,True,1,4488,4487,3dd2a5e1a31fcd8b1a8b056e957141dc8d1596518a0cea306000e8e8b22fa835,3dd2a5e1a31fcd8b1a8b056e957141dc8d1596518a0cea306000e8e8b22fa835,True,2
train,110,329,1798,06b3edd71c6656ec80714ff43340aa15bf7d7132b07386e5cb472f072a6abdf0,True,1,4488,4487,06b3edd71c6656ec80714ff43340aa15bf7d7132b07386e5cb472f072a6abdf0,06b3edd71c6656ec80714ff43340aa15bf7d7132b07386e5cb472f072a6abdf0,True,2
train,111,329,2598,01a27b05c986ca757b51ee14e7f7d3d244f8b4a8fcae40a3cd139b50c17649b6,True,1,4488,4487,01a27b05c986ca757b51ee14e7f7d3d244f8b4a8fcae40a3cd139b50c17649b6,01a27b05c986ca757b51ee14e7f7d3d244f8b4a8fcae40a3cd139b50c17649b6,True,2
train,112,335,1701,1c784b560af8658ce1c853cfb750539ca0b64e08631b41e616206b227e1b0fda,True,1,4488,4487,1c784b560af8658ce1c853cfb750539ca0b64e08631b41e616206b227e1b0fda,1c784b560af8658ce1c853cfb750539ca0b64e08631b41e616206b227e1b0fda,True,2
train,113,338,1542,93c1efe98803646087c7da159d8745f45320c8bbbd11a075889ad8ededfb7964,True,1,4488,4487,93c1efe98803646087c7da159d8745f45320c8bbbd11a075889ad8ededfb7964,93c1efe98803646087c7da159d8745f45320c8bbbd11a075889ad8ededfb7964,True,2
train,114,341,1546,4629f506bad6502907aafa8cf5d882e8405e668f64e7be6699b50b1bb85d64f3,True,1,4488,4487,4629f506bad6502907aafa8cf5d882e8405e668f64e7be6699b50b1bb85d64f3,4629f506bad6502907aafa8cf5d882e8405e668f64e7be6699b50b1bb85d64f3,True,2
train,115,348,2250,13791c64700c6a4c185e765cab4b29c4bcc30dcd367f79c6276f5fa340217707,True,1,4488,4487,13791c64700c6a4c185e765cab4b29c4bcc30dcd367f79c6276f5fa340217707,13791c64700c6a4c185e765cab4b29c4bcc30dcd367f79c6276f5fa340217707,True,2
train,116,355,1668,b1811ee2ac4f106d4217f4ff73115817403de389e75c4951f4741e55243afb30,True,1,4488,4487,b1811ee2ac4f106d4217f4ff73115817403de389e75c4951f4741e55243afb30,b1811ee2ac4f106d4217f4ff73115817403de389e75c4951f4741e55243afb30,True,2
train,117,356,498,cb19cfa0cfeb66be77e854a029677e0faffc2798c04000e884bdc8c661c463c7,True,1,4488,4487,cb19cfa0cfeb66be77e854a029677e0faffc2798c04000e884bdc8c661c463c7,cb19cfa0cfeb66be77e854a029677e0faffc2798c04000e884bdc8c661c463c7,True,2
train,118,356,1259,5a856180a8de34d0ad1be57c71ecf1a1e54fc107dea8b1d3f1126438b81ce8ff,True,1,4488,4487,5a856180a8de34d0ad1be57c71ecf1a1e54fc107dea8b1d3f1126438b81ce8ff,5a856180a8de34d0ad1be57c71ecf1a1e54fc107dea8b1d3f1126438b81ce8ff,True,2
train,119,357,1358,350824d45e255f2459ecdd91f003203adf659995a971b6aba51efb8484b39078,True,1,4488,4487,350824d45e255f2459ecdd91f003203adf659995a971b6aba51efb8484b39078,350824d45e255f2459ecdd91f003203adf659995a971b6aba51efb8484b39078,True,2
train,120,359,1620,d3ce82c7b6c4b87ff461a9d566785037aadfe2943d05e8b0974df268ff33fa0b,True,1,4488,4487,d3ce82c7b6c4b87ff461a9d566785037aadfe2943d05e8b0974df268ff33fa0b,d3ce82c7b6c4b87ff461a9d566785037aadfe2943d05e8b0974df268ff33fa0b,True,2
train,121,364,1306,3d77bb653ab810f096e5ca8f21fdcf32c3227ac8bfd1ba1bec3257b6f9130c4f,True,1,4488,4487,3d77bb653ab810f096e5ca8f21fdcf32c3227ac8bfd1ba1bec3257b6f9130c4f,3d77bb653ab810f096e5ca8f21fdcf32c3227ac8bfd1ba1bec3257b6f9130c4f,True,2
train,122,364,1358,56971999b778bf64536669bdf25b8f28e6c9d0ea85c02039f04eebda067f8e9b,True,1,4488,4487,56971999b778bf64536669bdf25b8f28e6c9d0ea85c02039f04eebda067f8e9b,56971999b778bf64536669bdf25b8f28e6c9d0ea85c02039f04eebda067f8e9b,True,2
train,123,364,2642,04cf9c4c88c144f278a7278e552d57021c53ed33594050250f5be3704c324af3,True,1,4488,4487,04cf9c4c88c144f278a7278e552d57021c53ed33594050250f5be3704c324af3,04cf9c4c88c144f278a7278e552d57021c53ed33594050250f5be3704c324af3,True,2
train,124,366,745,16cf2402352354f65f47eac8cbd3aaea31b3ec7e2aa4ed185b4c8babb0e8068f,True,1,4488,4487,16cf2402352354f65f47eac8cbd3aaea31b3ec7e2aa4ed185b4c8babb0e8068f,16cf2402352354f65f47eac8cbd3aaea31b3ec7e2aa4ed185b4c8babb0e8068f,True,2
train,125,368,1366,4d9581099e88dd28bb59b7a2a90b525ae30a55cd7546b54a56bf63d54a4dafac,True,1,4488,4487,4d9581099e88dd28bb59b7a2a90b525ae30a55cd7546b54a56bf63d54a4dafac,4d9581099e88dd28bb59b7a2a90b525ae30a55cd7546b54a56bf63d54a4dafac,True,2
train,126,369,2484,a024c48c4de082beb58042172b966414ca2f470c1899efcd9074dd98b87b04b3,True,1,4488,4487,a024c48c4de082beb58042172b966414ca2f470c1899efcd9074dd98b87b04b3,a024c48c4de082beb58042172b966414ca2f470c1899efcd9074dd98b87b04b3,True,2
train,127,371,1414,cd036d933a22cf62e9b5b7dbf868900377cbea1be890c2acbc2857c09168dbed,True,1,4488,4487,cd036d933a22cf62e9b5b7dbf868900377cbea1be890c2acbc2857c09168dbed,cd036d933a22cf62e9b5b7dbf868900377cbea1be890c2acbc2857c09168dbed,True,2
train,128,371,1553,63569a2aa2679cc1a8624998bc41dbd266d885da76f5b72fb844cef48508f757,True,1,4488,4487,63569a2aa2679cc1a8624998bc41dbd266d885da76f5b72fb844cef48508f757,63569a2aa2679cc1a8624998bc41dbd266d885da76f5b72fb844cef48508f757,True,2
train,129,374,846,18368948ee167e052fab3282cf618acadbde7a4a923ee97434d08be2c36ea657,True,1,4488,4487,18368948ee167e052fab3282cf618acadbde7a4a923ee97434d08be2c36ea657,18368948ee167e052fab3282cf618acadbde7a4a923ee97434d08be2c36ea657,True,2
train,130,399,2107,572546086568dedd2edb65c89ce20fa1539e5528d5c4d88a0e3d086cc865aa4b,True,1,4488,4487,572546086568dedd2edb65c89ce20fa1539e5528d5c4d88a0e3d086cc865aa4b,572546086568dedd2edb65c89ce20fa1539e5528d5c4d88a0e3d086cc865aa4b,True,2
train,131,405,738,672660f6a68e9c210aa515d504ae278cd9e17251a3abf7a29d6d5f57ea90fcc3,True,1,4488,4487,672660f6a68e9c210aa515d504ae278cd9e17251a3abf7a29d6d5f57ea90fcc3,672660f6a68e9c210aa515d504ae278cd9e17251a3abf7a29d6d5f57ea90fcc3,True,2
train,132,411,1096,c9de874d05c110f04b92d4419a4e8a8a5a4d0c95547f81edc9e4459c4b375d22,True,1,4488,4487,c9de874d05c110f04b92d4419a4e8a8a5a4d0c95547f81edc9e4459c4b375d22,c9de874d05c110f04b92d4419a4e8a8a5a4d0c95547f81edc9e4459c4b375d22,True,2
train,133,415,593,e87b1dee24e9e05c42208639089c8b643642a4952acce0d7efc95f454e64bad5,True,1,4488,4487,e87b1dee24e9e05c42208639089c8b643642a4952acce0d7efc95f454e64bad5,e87b1dee24e9e05c42208639089c8b643642a4952acce0d7efc95f454e64bad5,True,2
train,134,415,966,fd59aea496758964165a185a5c069ff6b1af7416e8bd2d0611a56b5c81581168,True,1,4488,4487,fd59aea496758964165a185a5c069ff6b1af7416e8bd2d0611a56b5c81581168,fd59aea496758964165a185a5c069ff6b1af7416e8bd2d0611a56b5c81581168,True,2
train,135,421,2216,32bf4f3177f0da2695db8351dbc3b738d09126de83845e4d2be59e41173e20ce,True,1,4488,4487,32bf4f3177f0da2695db8351dbc3b738d09126de83845e4d2be59e41173e20ce,32bf4f3177f0da2695db8351dbc3b738d09126de83845e4d2be59e41173e20ce,True,2
train,136,424,1203,29f2f15df90cf547c1bb45feef8836438ca49101fe2004e5fec87a54eadaa646,True,1,4488,4487,29f2f15df90cf547c1bb45feef8836438ca49101fe2004e5fec87a54eadaa646,29f2f15df90cf547c1bb45feef8836438ca49101fe2004e5fec87a54eadaa646,True,2
train,137,429,794,62cb1937382af7b5436d03bdacf8582bf94659ec3e9827278041c2c21d4349c6,True,1,4488,4487,62cb1937382af7b5436d03bdacf8582bf94659ec3e9827278041c2c21d4349c6,62cb1937382af7b5436d03bdacf8582bf94659ec3e9827278041c2c21d4349c6,True,2
train,138,429,1618,a5d596609c3486c90c561b1aa435ad89b30e27a7e93a169aa4f0bc25009c8787,True,1,4488,4487,a5d596609c3486c90c561b1aa435ad89b30e27a7e93a169aa4f0bc25009c8787,a5d596609c3486c90c561b1aa435ad89b30e27a7e93a169aa4f0bc25009c8787,True,2
train,139,429,2041,9f39c4318933e877c4dbef8768f9d452264cfd7320a562e909d361005eb3f7b5,True,1,4488,4487,9f39c4318933e877c4dbef8768f9d452264cfd7320a562e909d361005eb3f7b5,9f39c4318933e877c4dbef8768f9d452264cfd7320a562e909d361005eb3f7b5,True,2
train,140,430,2130,a84e480acc9ac08628d88fffd5aa6d79dcce469e060c8714ec115aadc12c3740,True,1,4488,4487,a84e480acc9ac08628d88fffd5aa6d79dcce469e060c8714ec115aadc12c3740,a84e480acc9ac08628d88fffd5aa6d79dcce469e060c8714ec115aadc12c3740,True,2
train,141,432,1597,910d919854862b018f5e7cb7cc1d3886f6796609e098d65f300542602c00a630,True,1,4488,4487,910d919854862b018f5e7cb7cc1d3886f6796609e098d65f300542602c00a630,910d919854862b018f5e7cb7cc1d3886f6796609e098d65f300542602c00a630,True,2
train,142,436,1131,dfe13fe70ba8a868d4fec6bf2677f0de50d55f9248c2fa82840b257cb1dfd477,True,1,4488,4487,dfe13fe70ba8a868d4fec6bf2677f0de50d55f9248c2fa82840b257cb1dfd477,dfe13fe70ba8a868d4fec6bf2677f0de50d55f9248c2fa82840b257cb1dfd477,True,2
train,143,439,1642,b946bf22ce11f015f6cacf36c88c3f87e092b4509120e9f1fd2e4da5ef8d0b1c,True,1,4488,4487,b946bf22ce11f015f6cacf36c88c3f87e092b4509120e9f1fd2e4da5ef8d0b1c,b946bf22ce11f015f6cacf36c88c3f87e092b4509120e9f1fd2e4da5ef8d0b1c,True,2
train,144,441,454,796b58658ee8cc9f2d1ec922a1b88d104d57556767c6f13b9bfd1ce06e203921,True,1,4488,4487,796b58658ee8cc9f2d1ec922a1b88d104d57556767c6f13b9bfd1ce06e203921,796b58658ee8cc9f2d1ec922a1b88d104d57556767c6f13b9bfd1ce06e203921,True,2
train,145,442,588,79cba1cc257ed3fe7c32c5e233be7717c6fb8db814742dd47d6c8e3f028b0a44,True,1,4488,4487,79cba1cc257ed3fe7c32c5e233be7717c6fb8db814742dd47d6c8e3f028b0a44,79cba1cc257ed3fe7c32c5e233be7717c6fb8db814742dd47d6c8e3f028b0a44,True,2
train,146,442,627,c0d60121ae1c6a240d30379723f79ef1d4773dcb3d99975309faac48634ca4bf,True,1,4488,4487,c0d60121ae1c6a240d30379723f79ef1d4773dcb3d99975309faac48634ca4bf,c0d60121ae1c6a240d30379723f79ef1d4773dcb3d99975309faac48634ca4bf,True,2
train,147,447,1849,994b81485007ee9111ae5e154f58fbd4692317918716deea9342a7b7598fd798,True,1,4488,4487,994b81485007ee9111ae5e154f58fbd4692317918716deea9342a7b7598fd798,994b81485007ee9111ae5e154f58fbd4692317918716deea9342a7b7598fd798,True,2
train,148,456,525,de1454317b835f66d73499aaf3eeac1a29dbcbd089b60757cbd79e9c54d82968,True,1,4488,4487,de1454317b835f66d73499aaf3eeac1a29dbcbd089b60757cbd79e9c54d82968,de1454317b835f66d73499aaf3eeac1a29dbcbd089b60757cbd79e9c54d82968,True,2
train,149,461,1203,168eb6798245cf705546efefd5cd27e0419727ffacbcb675bed4d9eaa800c803,True,1,4488,4487,168eb6798245cf705546efefd5cd27e0419727ffacbcb675bed4d9eaa800c803,168eb6798245cf705546efefd5cd27e0419727ffacbcb675bed4d9eaa800c803,True,2
train,150,466,970,7fb930724c286e4d773deddf7856142889cbe096bdb10ab9fdeed9cfd5253009,True,1,4488,4487,7fb930724c286e4d773deddf7856142889cbe096bdb10ab9fdeed9cfd5253009,7fb930724c286e4d773deddf7856142889cbe096bdb10ab9fdeed9cfd5253009,True,2
train,151,476,1986,6946d96c020f821e1f1fd36eb598a2df20632c384cd990160cff2edf6aa74dea,True,1,4488,4487,6946d96c020f821e1f1fd36eb598a2df20632c384cd990160cff2edf6aa74dea,6946d96c020f821e1f1fd36eb598a2df20632c384cd990160cff2edf6aa74dea,True,2
train,152,481,1810,848ccabf19d05d0764e6f2c1bbf249dfe2a5f6b062592968367fe681f328533f,True,1,4488,4487,848ccabf19d05d0764e6f2c1bbf249dfe2a5f6b062592968367fe681f328533f,848ccabf19d05d0764e6f2c1bbf249dfe2a5f6b062592968367fe681f328533f,True,2
train,153,482,1812,145cfe0553affbb30ba97e84a165fcb7ff3767ab9e8d94bc517cb8a5359685ca,True,1,4488,4487,145cfe0553affbb30ba97e84a165fcb7ff3767ab9e8d94bc517cb8a5359685ca,145cfe0553affbb30ba97e84a165fcb7ff3767ab9e8d94bc517cb8a5359685ca,True,2
train,154,487,655,4bdac70192b54886f2e558d90bcd3646a6c5fc43f67b04466cf222b800fcc66d,True,1,4488,4487,4bdac70192b54886f2e558d90bcd3646a6c5fc43f67b04466cf222b800fcc66d,4bdac70192b54886f2e558d90bcd3646a6c5fc43f67b04466cf222b800fcc66d,True,2
train,155,490,1131,f86c19049932c06d8d4835a8098d17c12ee30994c0a292e46c8deb91f4247c68,True,1,4488,4487,f86c19049932c06d8d4835a8098d17c12ee30994c0a292e46c8deb91f4247c68,f86c19049932c06d8d4835a8098d17c12ee30994c0a292e46c8deb91f4247c68,True,2
train,156,490,1879,92e007ce58456ffd0d8be0174c8a3ab439e5d57adc1878372aad4ec7840b26e5,True,1,4488,4487,92e007ce58456ffd0d8be0174c8a3ab439e5d57adc1878372aad4ec7840b26e5,92e007ce58456ffd0d8be0174c8a3ab439e5d57adc1878372aad4ec7840b26e5,True,2
train,157,490,2105,6ebec4b2b6882bce77b0e403ea82f8796e90a7ed306194bea3f0eba93fca91a3,True,1,4488,4487,6ebec4b2b6882bce77b0e403ea82f8796e90a7ed306194bea3f0eba93fca91a3,6ebec4b2b6882bce77b0e403ea82f8796e90a7ed306194bea3f0eba93fca91a3,True,2
train,158,493,1759,00c4cd02a69766a3090be1e0c452b43704053a1236e3c030140129d7920cead5,True,1,4488,4487,00c4cd02a69766a3090be1e0c452b43704053a1236e3c030140129d7920cead5,00c4cd02a69766a3090be1e0c452b43704053a1236e3c030140129d7920cead5,True,2
train,159,503,1692,77e56db5dd3336a27d1f33164e65846c5e38d07bbcfd9602bd2252131fde4990,True,1,4488,4487,77e56db5dd3336a27d1f33164e65846c5e38d07bbcfd9602bd2252131fde4990,77e56db5dd3336a27d1f33164e65846c5e38d07bbcfd9602bd2252131fde4990,True,2
train,160,503,2001,44112ff7e60088238038298986cc5365c2060d467743b77da8e8b12bf4a23653,True,1,4488,4487,44112ff7e60088238038298986cc5365c2060d467743b77da8e8b12bf4a23653,44112ff7e60088238038298986cc5365c2060d467743b77da8e8b12bf4a23653,True,2
train,161,507,1940,fec3eba122383e870904c7da4e1b8f40f7ebb4d713dfdd51dbde5f2979de0117,True,1,4488,4487,fec3eba122383e870904c7da4e1b8f40f7ebb4d713dfdd51dbde5f2979de0117,fec3eba122383e870904c7da4e1b8f40f7ebb4d713dfdd51dbde5f2979de0117,True,2
train,162,507,2508,14aa1b29c828f9359c9920c4c99906a8c5dcabab4c474971e39768313a4ac654,True,1,4488,4487,14aa1b29c828f9359c9920c4c99906a8c5dcabab4c474971e39768313a4ac654,14aa1b29c828f9359c9920c4c99906a8c5dcabab4c474971e39768313a4ac654,True,2
train,163,510,1171,ea28f37e04317c829339bf7f7a882b88aa68dbf839c5c1cb346116e8464435e0,True,1,4488,4487,ea28f37e04317c829339bf7f7a882b88aa68dbf839c5c1cb346116e8464435e0,ea28f37e04317c829339bf7f7a882b88aa68dbf839c5c1cb346116e8464435e0,True,2
train,164,514,1882,894ce10e8dcc982c80cef3e73ff4a574be9b0870bcedd7c398af59d6d53dfb46,True,1,4488,4487,894ce10e8dcc982c80cef3e73ff4a574be9b0870bcedd7c398af59d6d53dfb46,894ce10e8dcc982c80cef3e73ff4a574be9b0870bcedd7c398af59d6d53dfb46,True,2
train,165,519,836,5d8ecc07fe775466f61ff166b26950094ca16aa66454ad47d7c64fdbc7e39820,True,1,4488,4487,5d8ecc07fe775466f61ff166b26950094ca16aa66454ad47d7c64fdbc7e39820,5d8ecc07fe775466f61ff166b26950094ca16aa66454ad47d7c64fdbc7e39820,True,2
train,166,522,2097,d70a5d38f272341c576a662f1fd5c7b95df3dbb525a1088878eecd0f6344088e,True,1,4488,4487,d70a5d38f272341c576a662f1fd5c7b95df3dbb525a1088878eecd0f6344088e,d70a5d38f272341c576a662f1fd5c7b95df3dbb525a1088878eecd0f6344088e,True,2
train,167,523,2406,72dea323f97aa658a143fb963eb7ee81396fe954c9fb8c13a3b8a4af47eb7671,True,1,4488,4487,72dea323f97aa658a143fb963eb7ee81396fe954c9fb8c13a3b8a4af47eb7671,72dea323f97aa658a143fb963eb7ee81396fe954c9fb8c13a3b8a4af47eb7671,True,2
train,168,530,1013,6dd201db66c487802a37349c988cabefc4e9127d0e91d2c1dd4d4b1627c6d37f,True,1,4488,4487,6dd201db66c487802a37349c988cabefc4e9127d0e91d2c1dd4d4b1627c6d37f,6dd201db66c487802a37349c988cabefc4e9127d0e91d2c1dd4d4b1627c6d37f,True,2
train,169,533,1742,ab961b524e26618e3eef88ebb0f9fd519f08a660a78cec1261167a852f1cb166,True,1,4488,4487,ab961b524e26618e3eef88ebb0f9fd519f08a660a78cec1261167a852f1cb166,ab961b524e26618e3eef88ebb0f9fd519f08a660a78cec1261167a852f1cb166,True,2
train,170,536,567,42fb3f9748e21618380c3c42eb43fd1a32ae7f5a7d6f67327f0d6581eac8f3fc,True,1,4488,4487,42fb3f9748e21618380c3c42eb43fd1a32ae7f5a7d6f67327f0d6581eac8f3fc,42fb3f9748e21618380c3c42eb43fd1a32ae7f5a7d6f67327f0d6581eac8f3fc,True,2
train,171,538,1286,71cd09ba7684ac7ed7fc70b70570c4bf3fa54c07cc21f1e777799036a5be6e77,True,1,4488,4487,71cd09ba7684ac7ed7fc70b70570c4bf3fa54c07cc21f1e777799036a5be6e77,71cd09ba7684ac7ed7fc70b70570c4bf3fa54c07cc21f1e777799036a5be6e77,True,2
train,172,553,745,54adf34c61ce86bbeabbb3eeeeb6eff7188457d46438aace3ed634e1767e6015,True,1,4488,4487,54adf34c61ce86bbeabbb3eeeeb6eff7188457d46438aace3ed634e1767e6015,54adf34c61ce86bbeabbb3eeeeb6eff7188457d46438aace3ed634e1767e6015,True,2
train,173,557,1725,851c4bcea9bbcd65f81c408da78705d63899d43f9b2ddbc277c45b88f33647c6,True,1,4488,4487,851c4bcea9bbcd65f81c408da78705d63899d43f9b2ddbc277c45b88f33647c6,851c4bcea9bbcd65f81c408da78705d63899d43f9b2ddbc277c45b88f33647c6,True,2
train,174,559,1579,19e122f395129d4e738f37b871ea0a2d32f28194dba53e25fbdf5f62efeb3928,True,1,4488,4487,19e122f395129d4e738f37b871ea0a2d32f28194dba53e25fbdf5f62efeb3928,19e122f395129d4e738f37b871ea0a2d32f28194dba53e25fbdf5f62efeb3928,True,2
train,175,563,1337,bc809369452a06034145bb397637ecf22b1fb85ff47d63c36452822c8e35d005,True,1,4488,4487,bc809369452a06034145bb397637ecf22b1fb85ff47d63c36452822c8e35d005,bc809369452a06034145bb397637ecf22b1fb85ff47d63c36452822c8e35d005,True,2
train,176,565,2279,585fb5ff1e10d39ecee561557f011ba62364198d2f73dd0f03e98bd71eed6849,True,1,4488,4487,585fb5ff1e10d39ecee561557f011ba62364198d2f73dd0f03e98bd71eed6849,585fb5ff1e10d39ecee561557f011ba62364198d2f73dd0f03e98bd71eed6849,True,2
train,177,567,631,f26948144afb0511aef243937fe54bf1d2c9875e6224e9e5bcfdfbb50e91ec56,True,1,4488,4487,f26948144afb0511aef243937fe54bf1d2c9875e6224e9e5bcfdfbb50e91ec56,f26948144afb0511aef243937fe54bf1d2c9875e6224e9e5bcfdfbb50e91ec56,True,2
train,178,569,1759,9737e6050e14cf10f4c091e696ff1013383fddb86b7636094cac794ca21e39bb,True,1,4488,4487,9737e6050e14cf10f4c091e696ff1013383fddb86b7636094cac794ca21e39bb,9737e6050e14cf10f4c091e696ff1013383fddb86b7636094cac794ca21e39bb,True,2
train,179,574,576,4654ff0cc5deaf6624c68ee7fdb3a83268916764206eec9d4811c6021408d157,True,1,4488,4487,4654ff0cc5deaf6624c68ee7fdb3a83268916764206eec9d4811c6021408d157,4654ff0cc5deaf6624c68ee7fdb3a83268916764206eec9d4811c6021408d157,True,2
train,180,578,1105,3006d7979cab1fb1eeac608d5b3eaee53b810d36468387e43a2c24a81864eee8,True,1,4488,4487,3006d7979cab1fb1eeac608d5b3eaee53b810d36468387e43a2c24a81864eee8,3006d7979cab1fb1eeac608d5b3eaee53b810d36468387e43a2c24a81864eee8,True,2
train,181,578,1974,7a9adc4dffaefa1b0fa61511e331558c984fc5e4828966393529d1f9f3eef8bf,True,1,4488,4487,7a9adc4dffaefa1b0fa61511e331558c984fc5e4828966393529d1f9f3eef8bf,7a9adc4dffaefa1b0fa61511e331558c984fc5e4828966393529d1f9f3eef8bf,True,2
train,182,584,2463,be0961774d8fa8c26f5d31bf6049877836c4fc5c6c9de17930aa9f9fa7af6b9c,True,1,4488,4487,be0961774d8fa8c26f5d31bf6049877836c4fc5c6c9de17930aa9f9fa7af6b9c,be0961774d8fa8c26f5d31bf6049877836c4fc5c6c9de17930aa9f9fa7af6b9c,True,2
train,183,592,2669,6bd969ca922ad9c2b202e2a45c84e15cd927df1de5d3bf25cd8bdf15bdd7e5dc,True,1,4488,4487,6bd969ca922ad9c2b202e2a45c84e15cd927df1de5d3bf25cd8bdf15bdd7e5dc,6bd969ca922ad9c2b202e2a45c84e15cd927df1de5d3bf25cd8bdf15bdd7e5dc,True,2
train,184,593,1474,dcac97279d25732534ce73418d302dfff55e3ac68f58251d7469cc0eba6c9982,True,1,4488,4487,dcac97279d25732534ce73418d302dfff55e3ac68f58251d7469cc0eba6c9982,dcac97279d25732534ce73418d302dfff55e3ac68f58251d7469cc0eba6c9982,True,2
train,185,597,1104,7e991ee6767ede8ac56fca4523daf1850fa8255b35ce2cd8b5d2420f713e79f4,True,1,4488,4487,7e991ee6767ede8ac56fca4523daf1850fa8255b35ce2cd8b5d2420f713e79f4,7e991ee6767ede8ac56fca4523daf1850fa8255b35ce2cd8b5d2420f713e79f4,True,2
train,186,598,845,71606f1123cc658b6fc8c2b978b52c5b0f9f36f58bec27f84c38633f725e21d1,True,1,4488,4487,71606f1123cc658b6fc8c2b978b52c5b0f9f36f58bec27f84c38633f725e21d1,71606f1123cc658b6fc8c2b978b52c5b0f9f36f58bec27f84c38633f725e21d1,True,2
train,187,598,1870,a5da7726a2b8e209d5dfb30dc9e7cec0a08d57fd74406e40f48f82fbcc37a4b4,True,1,4488,4487,a5da7726a2b8e209d5dfb30dc9e7cec0a08d57fd74406e40f48f82fbcc37a4b4,a5da7726a2b8e209d5dfb30dc9e7cec0a08d57fd74406e40f48f82fbcc37a4b4,True,2
train,188,598,2138,407061d48df363d5febbc63a88ca1fba50109f42533c03601e923b7f9f643fed,True,1,4488,4487,407061d48df363d5febbc63a88ca1fba50109f42533c03601e923b7f9f643fed,407061d48df363d5febbc63a88ca1fba50109f42533c03601e923b7f9f643fed,True,2
train,189,608,2080,0637a7e26794f719d63acbf325e11d34ba8687704fc9db9a5eb036b3953ca58b,True,1,4488,4487,0637a7e26794f719d63acbf325e11d34ba8687704fc9db9a5eb036b3953ca58b,0637a7e26794f719d63acbf325e11d34ba8687704fc9db9a5eb036b3953ca58b,True,2
train,190,609,2447,8a21cdf3d5888ddfb032ba9c1bd4809a317e3254ccdafbac64650176de5611e7,True,1,4488,4487,8a21cdf3d5888ddfb032ba9c1bd4809a317e3254ccdafbac64650176de5611e7,8a21cdf3d5888ddfb032ba9c1bd4809a317e3254ccdafbac64650176de5611e7,True,2
train,191,614,2470,d1c856e4a9100a1986bc5612e5a0f1c376392b2ba74b4761a331e060af31e961,True,1,4488,4487,d1c856e4a9100a1986bc5612e5a0f1c376392b2ba74b4761a331e060af31e961,d1c856e4a9100a1986bc5612e5a0f1c376392b2ba74b4761a331e060af31e961,True,2
train,192,616,2503,5e83b74591f163f22cadb94a996474c91d2886b7cfe13efc7d3364513ed2900b,True,1,4488,4487,5e83b74591f163f22cadb94a996474c91d2886b7cfe13efc7d3364513ed2900b,5e83b74591f163f22cadb94a996474c91d2886b7cfe13efc7d3364513ed2900b,True,2
train,193,624,1042,5ea7942b981cbdeb7242e0cc99550361964a05f8c8c31041e3e002d25eafcaa4,True,1,4488,4487,5ea7942b981cbdeb7242e0cc99550361964a05f8c8c31041e3e002d25eafcaa4,5ea7942b981cbdeb7242e0cc99550361964a05f8c8c31041e3e002d25eafcaa4,True,2
train,194,640,1090,3b98235eff524f9a38d78cbba11599b06af82b25e36cb1cdfb39c6f7643f9611,True,1,4488,4487,3b98235eff524f9a38d78cbba11599b06af82b25e36cb1cdfb39c6f7643f9611,3b98235eff524f9a38d78cbba11599b06af82b25e36cb1cdfb39c6f7643f9611,True,2
train,195,645,1267,8809d5cae206d78c0651db7da761df6200d3d6925e6f6d46f1bf5b210c5ee403,True,1,4488,4487,8809d5cae206d78c0651db7da761df6200d3d6925e6f6d46f1bf5b210c5ee403,8809d5cae206d78c0651db7da761df6200d3d6925e6f6d46f1bf5b210c5ee403,True,2
train,196,645,1901,82a145fea057af457a0f39937c8211ab9f75ec9096ef3de7a37b60a205800ae5,True,1,4488,4487,82a145fea057af457a0f39937c8211ab9f75ec9096ef3de7a37b60a205800ae5,82a145fea057af457a0f39937c8211ab9f75ec9096ef3de7a37b60a205800ae5,True,2
train,197,651,885,17c6621e500075b6c6f10cd59bfad38a87f4883da7f635b2209d453fe29cec79,True,1,4488,4487,17c6621e500075b6c6f10cd59bfad38a87f4883da7f635b2209d453fe29cec79,17c6621e500075b6c6f10cd59bfad38a87f4883da7f635b2209d453fe29cec79,True,2
train,198,659,1803,0a3347a6751b17d0836924a6a6e6c005de7b97ea490988dd89228ef88e9bb7ef,True,1,4488,4487,0a3347a6751b17d0836924a6a6e6c005de7b97ea490988dd89228ef88e9bb7ef,0a3347a6751b17d0836924a6a6e6c005de7b97ea490988dd89228ef88e9bb7ef,True,2
train,199,661,807,db230692f25343f0c6ce052d26afce700c5c85fbb52c3fa87d8e9167a5229a39,True,1,4488,4487,db230692f25343f0c6ce052d26afce700c5c85fbb52c3fa87d8e9167a5229a39,db230692f25343f0c6ce052d26afce700c5c85fbb52c3fa87d8e9167a5229a39,True,2
train,200,661,1881,6600684be5ccc42ba394d6e34218024278c16e3422fce1a858f43c0a42430be0,True,1,4488,4487,6600684be5ccc42ba394d6e34218024278c16e3422fce1a858f43c0a42430be0,6600684be5ccc42ba394d6e34218024278c16e3422fce1a858f43c0a42430be0,True,2
train,201,664,1701,94d9b3c306bbb425ff34b2545de4c5fc7a49df17515522bc3f8bee186d0d8ebd,True,1,4488,4487,94d9b3c306bbb425ff34b2545de4c5fc7a49df17515522bc3f8bee186d0d8ebd,94d9b3c306bbb425ff34b2545de4c5fc7a49df17515522bc3f8bee186d0d8ebd,True,2
train,202,669,1086,fd42d52292e81584457d4db88c5251009aacf4e1ece3e344b43b1e495f8bed71,True,1,4488,4487,fd42d52292e81584457d4db88c5251009aacf4e1ece3e344b43b1e495f8bed71,fd42d52292e81584457d4db88c5251009aacf4e1ece3e344b43b1e495f8bed71,True,2
train,203,677,954,e5570f5930b37f290086384bbce93b05b3a851ae4eca1165f4f31b0f4e52238d,True,1,4488,4487,e5570f5930b37f290086384bbce93b05b3a851ae4eca1165f4f31b0f4e52238d,e5570f5930b37f290086384bbce93b05b3a851ae4eca1165f4f31b0f4e52238d,True,2
train,204,680,2199,dcb5693d8722879ac556873a58d32e828223d873a666b962cfe0d0f6a5b988ed,True,1,4488,4487,dcb5693d8722879ac556873a58d32e828223d873a666b962cfe0d0f6a5b988ed,dcb5693d8722879ac556873a58d32e828223d873a666b962cfe0d0f6a5b988ed,True,2
train,205,681,1171,0ac9857371d1806ffdcec4c8a97921ee91ac3618bbd3f77422f10393df105039,True,1,4488,4487,0ac9857371d1806ffdcec4c8a97921ee91ac3618bbd3f77422f10393df105039,0ac9857371d1806ffdcec4c8a97921ee91ac3618bbd3f77422f10393df105039,True,2
train,206,681,1986,9902d70a40447ea36887220d05530ba9c1c4eaeadc1e0c39e2f89d8de778820c,True,1,4488,4487,9902d70a40447ea36887220d05530ba9c1c4eaeadc1e0c39e2f89d8de778820c,9902d70a40447ea36887220d05530ba9c1c4eaeadc1e0c39e2f89d8de778820c,True,2
train,207,684,1282,4035b174bb1e1ed3bad61a2600298b959a1acf25e2ede42162e4fdf32884773c,True,1,4488,4487,4035b174bb1e1ed3bad61a2600298b959a1acf25e2ede42162e4fdf32884773c,4035b174bb1e1ed3bad61a2600298b959a1acf25e2ede42162e4fdf32884773c,True,2
train,208,687,1546,0c2426b4abf8bea21f8fcb6df984c2d784efd904536d193bd1e7851e9f95941f,True,1,4488,4487,0c2426b4abf8bea21f8fcb6df984c2d784efd904536d193bd1e7851e9f95941f,0c2426b4abf8bea21f8fcb6df984c2d784efd904536d193bd1e7851e9f95941f,True,2
train,209,693,1851,3f49737f08b183d87aa79cbd0013d45edf2434026bf88c125c6c81e5e436cc18,True,1,4488,4487,3f49737f08b183d87aa79cbd0013d45edf2434026bf88c125c6c81e5e436cc18,3f49737f08b183d87aa79cbd0013d45edf2434026bf88c125c6c81e5e436cc18,True,2
train,210,711,2113,57b5f9a1d7d5b647b964027c2a4f9d61c21d6389c741f57948db0a465217e5fc,True,1,4488,4487,57b5f9a1d7d5b647b964027c2a4f9d61c21d6389c741f57948db0a465217e5fc,57b5f9a1d7d5b647b964027c2a4f9d61c21d6389c741f57948db0a465217e5fc,True,2
train,211,718,1416,ef1f468d8c7b12d2f6bc3b36dc8e3daf879c53f2b0bdbb95bbfc98ba78df6064,True,1,4488,4487,ef1f468d8c7b12d2f6bc3b36dc8e3daf879c53f2b0bdbb95bbfc98ba78df6064,ef1f468d8c7b12d2f6bc3b36dc8e3daf879c53f2b0bdbb95bbfc98ba78df6064,True,2
train,212,722,1273,3a49d096aa2d5e2ec184e953e0940d7c68b06d8fab4ab082337d6810d3cdf839,True,1,4488,4487,3a49d096aa2d5e2ec184e953e0940d7c68b06d8fab4ab082337d6810d3cdf839,3a49d096aa2d5e2ec184e953e0940d7c68b06d8fab4ab082337d6810d3cdf839,True,2
train,213,731,1279,55ab231649347410e28fe907cf42862a7306b360a3b76c5ac4323237c298d9f7,True,1,4488,4487,55ab231649347410e28fe907cf42862a7306b360a3b76c5ac4323237c298d9f7,55ab231649347410e28fe907cf42862a7306b360a3b76c5ac4323237c298d9f7,True,2
train,214,733,794,60ce027ad304c5e2416a1a460c824394caed9fe50aab04059dd2f5d31586cea0,True,1,4488,4487,60ce027ad304c5e2416a1a460c824394caed9fe50aab04059dd2f5d31586cea0,60ce027ad304c5e2416a1a460c824394caed9fe50aab04059dd2f5d31586cea0,True,2
train,215,733,2268,dc3450012687e8b2958da1bbaead1da245d020c6ac5d8b0ba1c8259e8a85cda0,True,1,4488,4487,dc3450012687e8b2958da1bbaead1da245d020c6ac5d8b0ba1c8259e8a85cda0,dc3450012687e8b2958da1bbaead1da245d020c6ac5d8b0ba1c8259e8a85cda0,True,2
train,216,733,2301,a3dbdeca1fac3a4570a7f595baebe66ba32d29642f8e5092c6534cf7a74495c8,True,1,4488,4487,a3dbdeca1fac3a4570a7f595baebe66ba32d29642f8e5092c6534cf7a74495c8,a3dbdeca1fac3a4570a7f595baebe66ba32d29642f8e5092c6534cf7a74495c8,True,2
train,217,733,2302,277414971bac3788e4cfb07d482c83e67de6eb3f1f834b45ac19e23b83b03b91,True,1,4488,4487,277414971bac3788e4cfb07d482c83e67de6eb3f1f834b45ac19e23b83b03b91,277414971bac3788e4cfb07d482c83e67de6eb3f1f834b45ac19e23b83b03b91,True,2
train,218,733,2303,1a89cd9ec9234aadbf1ff076ce1823b34923e69e02bbae05b4b1eb0257ccc418,True,1,4488,4487,1a89cd9ec9234aadbf1ff076ce1823b34923e69e02bbae05b4b1eb0257ccc418,1a89cd9ec9234aadbf1ff076ce1823b34923e69e02bbae05b4b1eb0257ccc418,True,2
train,219,734,2056,ce115401ac9b4f69ef5ab392013e743786055edba233d93c0643c1642f2cc3eb,True,1,4488,4487,ce115401ac9b4f69ef5ab392013e743786055edba233d93c0643c1642f2cc3eb,ce115401ac9b4f69ef5ab392013e743786055edba233d93c0643c1642f2cc3eb,True,2
train,220,735,1881,887277056b1ca1b27cba39fff3273209ea52ed70c27d7e0601d4e4d1844695c2,True,1,4488,4487,887277056b1ca1b27cba39fff3273209ea52ed70c27d7e0601d4e4d1844695c2,887277056b1ca1b27cba39fff3273209ea52ed70c27d7e0601d4e4d1844695c2,True,2
train,221,735,2062,8ddb1026697e36ca498cf73e1e2017ca65b12f144c0603a89336b5c71dd7ce59,True,1,4488,4487,8ddb1026697e36ca498cf73e1e2017ca65b12f144c0603a89336b5c71dd7ce59,8ddb1026697e36ca498cf73e1e2017ca65b12f144c0603a89336b5c71dd7ce59,True,2
train,222,736,1631,c1b75d42056fe584729f4f487f6df376d6fc1bb07e531e7b9fa7378df7f0fe82,True,1,4488,4487,c1b75d42056fe584729f4f487f6df376d6fc1bb07e531e7b9fa7378df7f0fe82,c1b75d42056fe584729f4f487f6df376d6fc1bb07e531e7b9fa7378df7f0fe82,True,2
train,223,739,1543,81c599b9be535e5cdc4b80bf7afc8e0d7f9849622298212e0111dd8adea7b1ba,True,1,4488,4487,81c599b9be535e5cdc4b80bf7afc8e0d7f9849622298212e0111dd8adea7b1ba,81c599b9be535e5cdc4b80bf7afc8e0d7f9849622298212e0111dd8adea7b1ba,True,2
train,224,748,1145,74d04cc4483970d385afb85368e282a74a7b97b71f2b7907d4cff524c35fcadc,True,1,4488,4487,74d04cc4483970d385afb85368e282a74a7b97b71f2b7907d4cff524c35fcadc,74d04cc4483970d385afb85368e282a74a7b97b71f2b7907d4cff524c35fcadc,True,2
train,225,748,1374,f1eb2b796691a404caf174a562b9006f634edc4c7c612a5e1ddb3d654d68d280,True,1,4488,4487,f1eb2b796691a404caf174a562b9006f634edc4c7c612a5e1ddb3d654d68d280,f1eb2b796691a404caf174a562b9006f634edc4c7c612a5e1ddb3d654d68d280,True,2
train,226,753,1880,0356c74ca81f079f49080fcbbfff9a931c07fe909c30119eba68b1be39a82037,True,1,4488,4487,0356c74ca81f079f49080fcbbfff9a931c07fe909c30119eba68b1be39a82037,0356c74ca81f079f49080fcbbfff9a931c07fe909c30119eba68b1be39a82037,True,2
train,227,754,1358,0f925d6887743b215196a5b1e6338f372c2e50ec5bc401fc39eab038bded75dd,True,1,4488,4487,0f925d6887743b215196a5b1e6338f372c2e50ec5bc401fc39eab038bded75dd,0f925d6887743b215196a5b1e6338f372c2e50ec5bc401fc39eab038bded75dd,True,2
train,228,756,1469,e4efc819da230894ce50bc2f8665d181dcaca176bb68f12440d15b259e59c228,True,1,4488,4487,e4efc819da230894ce50bc2f8665d181dcaca176bb68f12440d15b259e59c228,e4efc819da230894ce50bc2f8665d181dcaca176bb68f12440d15b259e59c228,True,2
train,229,760,2460,eca9aae79d008e8ce6ca8bf32e19c9ee3379090f052596f29a2bd3fdbc568128,True,1,4488,4487,eca9aae79d008e8ce6ca8bf32e19c9ee3379090f052596f29a2bd3fdbc568128,eca9aae79d008e8ce6ca8bf32e19c9ee3379090f052596f29a2bd3fdbc568128,True,2
train,230,762,859,f7a61b2ade55bf950cb6b7f6af8c9e387cbf119d9dba3cbb6fe6ec53b5148972,True,1,4488,4487,f7a61b2ade55bf950cb6b7f6af8c9e387cbf119d9dba3cbb6fe6ec53b5148972,f7a61b2ade55bf950cb6b7f6af8c9e387cbf119d9dba3cbb6fe6ec53b5148972,True,2
train,231,763,1635,3b577f121d7e4b049ce8d185adb34c320405035d2356e732e52c9dd33198546c,True,1,4488,4487,3b577f121d7e4b049ce8d185adb34c320405035d2356e732e52c9dd33198546c,3b577f121d7e4b049ce8d185adb34c320405035d2356e732e52c9dd33198546c,True,2
train,232,766,1868,66803372b12e8c832bdcd19921e88299cff381937c05ad1f9742b129243ff0c3,True,1,4488,4487,66803372b12e8c832bdcd19921e88299cff381937c05ad1f9742b129243ff0c3,66803372b12e8c832bdcd19921e88299cff381937c05ad1f9742b129243ff0c3,True,2
train,233,775,2075,ec6dc0587caf59b1383f587d93e9c5a93c14f549af47038aadec556b23f3cfea,True,1,4488,4487,ec6dc0587caf59b1383f587d93e9c5a93c14f549af47038aadec556b23f3cfea,ec6dc0587caf59b1383f587d93e9c5a93c14f549af47038aadec556b23f3cfea,True,2
train,234,780,2341,730d10416399988e584e39ce7d41560c0c4427ef6df4e1eb807f1a821197cd06,True,1,4488,4487,730d10416399988e584e39ce7d41560c0c4427ef6df4e1eb807f1a821197cd06,730d10416399988e584e39ce7d41560c0c4427ef6df4e1eb807f1a821197cd06,True,2
train,235,788,2205,44810fc195814340d03706cfe1d867fbfa00d897d02b36d626e2100898569ead,True,1,4488,4487,44810fc195814340d03706cfe1d867fbfa00d897d02b36d626e2100898569ead,44810fc195814340d03706cfe1d867fbfa00d897d02b36d626e2100898569ead,True,2
train,236,792,1558,6b66f4c2ea82f31ecfbb18344a0e46891da0642106e97fd53c763cebdaf6749b,True,1,4488,4487,6b66f4c2ea82f31ecfbb18344a0e46891da0642106e97fd53c763cebdaf6749b,6b66f4c2ea82f31ecfbb18344a0e46891da0642106e97fd53c763cebdaf6749b,True,2
train,237,792,1986,f17985eeb38d980eb4694a56363d3e90bf6920c7c85e2620555127aa8404fa94,True,1,4488,4487,f17985eeb38d980eb4694a56363d3e90bf6920c7c85e2620555127aa8404fa94,f17985eeb38d980eb4694a56363d3e90bf6920c7c85e2620555127aa8404fa94,True,2
train,238,796,1317,3f9f0fc3e505061a7821799022d5be5d5f300863991fcdb2662c44ef8821f796,True,1,4488,4487,3f9f0fc3e505061a7821799022d5be5d5f300863991fcdb2662c44ef8821f796,3f9f0fc3e505061a7821799022d5be5d5f300863991fcdb2662c44ef8821f796,True,2
train,239,797,2359,0f342cefa847a95dabb3bf875106503c1a412d4039b287cb2e3bc2dff8830483,True,1,4488,4487,0f342cefa847a95dabb3bf875106503c1a412d4039b287cb2e3bc2dff8830483,0f342cefa847a95dabb3bf875106503c1a412d4039b287cb2e3bc2dff8830483,True,2
train,240,798,1794,c86663130cc6b31ae3d952298114a8b53c1b3e7dc46586a48e2588da75834c9d,True,1,4488,4487,c86663130cc6b31ae3d952298114a8b53c1b3e7dc46586a48e2588da75834c9d,c86663130cc6b31ae3d952298114a8b53c1b3e7dc46586a48e2588da75834c9d,True,2
train,241,800,1834,094d2d70ece360da23b7e30b34ce1f79611985034bdccadfcd6b668b7f882c54,True,1,4488,4487,094d2d70ece360da23b7e30b34ce1f79611985034bdccadfcd6b668b7f882c54,094d2d70ece360da23b7e30b34ce1f79611985034bdccadfcd6b668b7f882c54,True,2
train,242,804,1307,abef6b8a1d82aba91e93b9521a42c0c1b7338d84105f9a30c950bd6e8f4dc61c,True,1,4488,4487,abef6b8a1d82aba91e93b9521a42c0c1b7338d84105f9a30c950bd6e8f4dc61c,abef6b8a1d82aba91e93b9521a42c0c1b7338d84105f9a30c950bd6e8f4dc61c,True,2
train,243,808,1785,a77ac9ff21a3bfe9e717f167a79173c1e32903faa1955ecb4b73024727221496,True,1,4488,4487,a77ac9ff21a3bfe9e717f167a79173c1e32903faa1955ecb4b73024727221496,a77ac9ff21a3bfe9e717f167a79173c1e32903faa1955ecb4b73024727221496,True,2
train,244,833,1641,d6d85930a43076848d3e4f72370faf20c713955e9f469a25c4e4fdd32c913df7,True,1,4488,4487,d6d85930a43076848d3e4f72370faf20c713955e9f469a25c4e4fdd32c913df7,d6d85930a43076848d3e4f72370faf20c713955e9f469a25c4e4fdd32c913df7,True,2
train,245,835,1810,88a6ea707df025929388d52d6aec5366c78713d17bb10d2427d09c600c35b585,True,1,4488,4487,88a6ea707df025929388d52d6aec5366c78713d17bb10d2427d09c600c35b585,88a6ea707df025929388d52d6aec5366c78713d17bb10d2427d09c600c35b585,True,2
train,246,849,2351,67baa8ad1e32058072ae81a3e7ae69dce9f2c0b54c63dd5104d3e0afc79b623a,True,1,4488,4487,67baa8ad1e32058072ae81a3e7ae69dce9f2c0b54c63dd5104d3e0afc79b623a,67baa8ad1e32058072ae81a3e7ae69dce9f2c0b54c63dd5104d3e0afc79b623a,True,2
train,247,851,1309,97aa6954ca0ac701210684f74218c26ab33166837281d3ee7d703908636f7763,True,1,4488,4487,97aa6954ca0ac701210684f74218c26ab33166837281d3ee7d703908636f7763,97aa6954ca0ac701210684f74218c26ab33166837281d3ee7d703908636f7763,True,2
train,248,853,1358,5625fec2a23b1696c8881be0e797831e100e7f93d13475e9f17bfc391aa89721,True,1,4488,4487,5625fec2a23b1696c8881be0e797831e100e7f93d13475e9f17bfc391aa89721,5625fec2a23b1696c8881be0e797831e100e7f93d13475e9f17bfc391aa89721,True,2
train,249,867,2522,db7b5d60553281fec65dd586d81c14d9f2805ae5ffdb07c3369b23a746104a36,True,1,4488,4487,db7b5d60553281fec65dd586d81c14d9f2805ae5ffdb07c3369b23a746104a36,db7b5d60553281fec65dd586d81c14d9f2805ae5ffdb07c3369b23a746104a36,True,2
train,250,868,1341,56cc5317ec85e7eaa5438ba3f817d1bd2d6f4d6b79f2237144d0da0a3e687c69,True,1,4488,4487,56cc5317ec85e7eaa5438ba3f817d1bd2d6f4d6b79f2237144d0da0a3e687c69,56cc5317ec85e7eaa5438ba3f817d1bd2d6f4d6b79f2237144d0da0a3e687c69,True,2
train,251,871,2652,f03609aaa110f39f5f7dc027b449583a411a00b1ccc8e8f117b204e713dd65d7,True,1,4488,4487,f03609aaa110f39f5f7dc027b449583a411a00b1ccc8e8f117b204e713dd65d7,f03609aaa110f39f5f7dc027b449583a411a00b1ccc8e8f117b204e713dd65d7,True,2
train,252,875,1950,77128f1bd0e7dd016bdc4abc022acd211a5ae0ff5dbc284c58796e10b72c284c,True,1,4488,4487,77128f1bd0e7dd016bdc4abc022acd211a5ae0ff5dbc284c58796e10b72c284c,77128f1bd0e7dd016bdc4abc022acd211a5ae0ff5dbc284c58796e10b72c284c,True,2
train,253,882,1358,f7228d081ba5cf1c6acaafaeb7f4561a2aa20024d84531bc07d0c102e8b96d88,True,1,4488,4487,f7228d081ba5cf1c6acaafaeb7f4561a2aa20024d84531bc07d0c102e8b96d88,f7228d081ba5cf1c6acaafaeb7f4561a2aa20024d84531bc07d0c102e8b96d88,True,2
train,254,889,1831,29de8aa05807fe54d84ca45abed25b7165a80dd52f9f4fb8995bae796ea8ac6c,True,1,4488,4487,29de8aa05807fe54d84ca45abed25b7165a80dd52f9f4fb8995bae796ea8ac6c,29de8aa05807fe54d84ca45abed25b7165a80dd52f9f4fb8995bae796ea8ac6c,True,2
train,255,910,1623,c03693ace7f3651d471d2c01a631f2448dd71275e81e97ea4c86fda32b029239,True,1,4488,4487,c03693ace7f3651d471d2c01a631f2448dd71275e81e97ea4c86fda32b029239,c03693ace7f3651d471d2c01a631f2448dd71275e81e97ea4c86fda32b029239,True,2
train,256,911,1051,11526d39ffda31cd58a415302d1df2ed0633adcf5bc53cd3fdcbec35a52eefe5,True,1,4488,4487,11526d39ffda31cd58a415302d1df2ed0633adcf5bc53cd3fdcbec35a52eefe5,11526d39ffda31cd58a415302d1df2ed0633adcf5bc53cd3fdcbec35a52eefe5,True,2
train,257,922,1406,ac9267c57a8980bdb829913ad58a716e62f782225e7d3defd7e30723165c035f,True,1,4488,4487,ac9267c57a8980bdb829913ad58a716e62f782225e7d3defd7e30723165c035f,ac9267c57a8980bdb829913ad58a716e62f782225e7d3defd7e30723165c035f,True,2
train,258,928,1326,93a47c02a89fc066dff6ce261ab44015d6150febac23bb2654e5b354fd6a33a2,True,1,4488,4487,93a47c02a89fc066dff6ce261ab44015d6150febac23bb2654e5b354fd6a33a2,93a47c02a89fc066dff6ce261ab44015d6150febac23bb2654e5b354fd6a33a2,True,2
train,259,939,2173,faa465ad0153706167ed3c7bee19f062fc9b98d720fabd01139463cc977df549,True,1,4488,4487,faa465ad0153706167ed3c7bee19f062fc9b98d720fabd01139463cc977df549,faa465ad0153706167ed3c7bee19f062fc9b98d720fabd01139463cc977df549,True,2
train,260,945,1072,0a64860b98d5a3ecef62cdcb5e7d3a11013714e6a45c3322158d2f1de9cbc817,True,1,4488,4487,0a64860b98d5a3ecef62cdcb5e7d3a11013714e6a45c3322158d2f1de9cbc817,0a64860b98d5a3ecef62cdcb5e7d3a11013714e6a45c3322158d2f1de9cbc817,True,2
train,261,948,1395,5bbdf7b2504bfd17a81ff31d2303fd58a0d70b85fa17887dc797dc80a01fffd1,True,1,4488,4487,5bbdf7b2504bfd17a81ff31d2303fd58a0d70b85fa17887dc797dc80a01fffd1,5bbdf7b2504bfd17a81ff31d2303fd58a0d70b85fa17887dc797dc80a01fffd1,True,2
train,262,952,2546,f45e8c66084d930b510102e763d6ffe97e682daec61482a3e8db7b97f8326c9e,True,1,4488,4487,f45e8c66084d930b510102e763d6ffe97e682daec61482a3e8db7b97f8326c9e,f45e8c66084d930b510102e763d6ffe97e682daec61482a3e8db7b97f8326c9e,True,2
train,263,954,1112,66c04518f3053719ac0b9490c3f186e9cb92a46fc3f4c7ce59ce2bc1e5857fd5,True,1,4488,4487,66c04518f3053719ac0b9490c3f186e9cb92a46fc3f4c7ce59ce2bc1e5857fd5,66c04518f3053719ac0b9490c3f186e9cb92a46fc3f4c7ce59ce2bc1e5857fd5,True,2
train,264,955,1482,bd44ad4cf93af1443c8633395d0a15bb5f62214a4db794df9d2115296b7b23be,True,1,4488,4487,bd44ad4cf93af1443c8633395d0a15bb5f62214a4db794df9d2115296b7b23be,bd44ad4cf93af1443c8633395d0a15bb5f62214a4db794df9d2115296b7b23be,True,2
train,265,961,1728,9e0c7357149a6cc7b309bc38af26d49f8c8906e9bbc925466b8cfec46fc4c5d4,True,1,4488,4487,9e0c7357149a6cc7b309bc38af26d49f8c8906e9bbc925466b8cfec46fc4c5d4,9e0c7357149a6cc7b309bc38af26d49f8c8906e9bbc925466b8cfec46fc4c5d4,True,2
train,266,963,2399,7c405688564208b30b7802090406323323a52cf488dc337d3857b9e387538b7d,True,1,4488,4487,7c405688564208b30b7802090406323323a52cf488dc337d3857b9e387538b7d,7c405688564208b30b7802090406323323a52cf488dc337d3857b9e387538b7d,True,2
train,267,969,1483,4d485931c8f104edd37e07ce7508d62e3fe5931277433acf0b43f70f8949be81,True,1,4488,4487,4d485931c8f104edd37e07ce7508d62e3fe5931277433acf0b43f70f8949be81,4d485931c8f104edd37e07ce7508d62e3fe5931277433acf0b43f70f8949be81,True,2
train,268,972,2579,c923f2c50d606e11e2f7442a04b787eab2117455139449f849550acd6d8cc2b5,True,1,4488,4487,c923f2c50d606e11e2f7442a04b787eab2117455139449f849550acd6d8cc2b5,c923f2c50d606e11e2f7442a04b787eab2117455139449f849550acd6d8cc2b5,True,2
train,269,973,1142,8b9334f744611135191883f92dff9b124c7e2e6a2b281611639caa56d17ddfc8,True,1,4488,4487,8b9334f744611135191883f92dff9b124c7e2e6a2b281611639caa56d17ddfc8,8b9334f744611135191883f92dff9b124c7e2e6a2b281611639caa56d17ddfc8,True,2
train,270,973,2153,3f4bfbf6b6440c86a8c28fa013bb9d81c762f1f76571ef264f840eb5c00f6d2a,True,1,4488,4487,3f4bfbf6b6440c86a8c28fa013bb9d81c762f1f76571ef264f840eb5c00f6d2a,3f4bfbf6b6440c86a8c28fa013bb9d81c762f1f76571ef264f840eb5c00f6d2a,True,2
train,271,974,1496,ef32193c658598787b8a9db12f256c27505b1ba776cdd7cfb081c5b1bf53316e,True,1,4488,4487,ef32193c658598787b8a9db12f256c27505b1ba776cdd7cfb081c5b1bf53316e,ef32193c658598787b8a9db12f256c27505b1ba776cdd7cfb081c5b1bf53316e,True,2
train,272,979,1503,e3a71027bf620e797de23b23ad6cc71d29101996f7ac3870555bf8e1492a2e1d,True,1,4488,4487,e3a71027bf620e797de23b23ad6cc71d29101996f7ac3870555bf8e1492a2e1d,e3a71027bf620e797de23b23ad6cc71d29101996f7ac3870555bf8e1492a2e1d,True,2
train,273,980,1367,d8ca6f77783c6c26737c3693a21f7953d2682c79b56034b38864c07ddf48ceb4,True,1,4488,4487,d8ca6f77783c6c26737c3693a21f7953d2682c79b56034b38864c07ddf48ceb4,d8ca6f77783c6c26737c3693a21f7953d2682c79b56034b38864c07ddf48ceb4,True,2
train,274,982,1458,6168b5d36f9a6168457f5f076a6ced983c669162c35ae21561f2bc85b95bdeae,True,1,4488,4487,6168b5d36f9a6168457f5f076a6ced983c669162c35ae21561f2bc85b95bdeae,6168b5d36f9a6168457f5f076a6ced983c669162c35ae21561f2bc85b95bdeae,True,2
train,275,984,2265,6421232e91bafb5b85c68982e79176b85e8a9b31af7e1ed3f771458b7f79b6bd,True,1,4488,4487,6421232e91bafb5b85c68982e79176b85e8a9b31af7e1ed3f771458b7f79b6bd,6421232e91bafb5b85c68982e79176b85e8a9b31af7e1ed3f771458b7f79b6bd,True,2
train,276,987,1175,9b37df62868c1c7f614f905a66439979089ecfa543674e108136139c9bfd0da6,True,1,4488,4487,9b37df62868c1c7f614f905a66439979089ecfa543674e108136139c9bfd0da6,9b37df62868c1c7f614f905a66439979089ecfa543674e108136139c9bfd0da6,True,2
train,277,989,2436,701ccafcf0b6de602385692d6ebaa6ea0019d8d4a060018a73314a0d83f8360c,True,1,4488,4487,701ccafcf0b6de602385692d6ebaa6ea0019d8d4a060018a73314a0d83f8360c,701ccafcf0b6de602385692d6ebaa6ea0019d8d4a060018a73314a0d83f8360c,True,2
train,278,990,1542,af6548aa2604f7a240ab20f91908b589c5e5a321e044802bb1abb36c393f8057,True,1,4488,4487,af6548aa2604f7a240ab20f91908b589c5e5a321e044802bb1abb36c393f8057,af6548aa2604f7a240ab20f91908b589c5e5a321e044802bb1abb36c393f8057,True,2
train,279,994,1219,c76bd5aa496173ba6e1e4fd91d3b462f403466d8c538270bb212c35dee9199a4,True,1,4488,4487,c76bd5aa496173ba6e1e4fd91d3b462f403466d8c538270bb212c35dee9199a4,c76bd5aa496173ba6e1e4fd91d3b462f403466d8c538270bb212c35dee9199a4,True,2
train,280,998,1431,f77de36f8c06a3fd9048d808ba18038390bc1dc442bec694c6fa8cd7ca7f0e8c,True,1,4488,4487,f77de36f8c06a3fd9048d808ba18038390bc1dc442bec694c6fa8cd7ca7f0e8c,f77de36f8c06a3fd9048d808ba18038390bc1dc442bec694c6fa8cd7ca7f0e8c,True,2
train,281,998,2365,b8ec1961a56c9082de2ed8076ad86c651fe6eed9ef8355f76147644432517b09,True,1,4488,4487,b8ec1961a56c9082de2ed8076ad86c651fe6eed9ef8355f76147644432517b09,b8ec1961a56c9082de2ed8076ad86c651fe6eed9ef8355f76147644432517b09,True,2
train,282,1002,1952,d6846896d7f2a95cb3a203174632ddcdae71d91fbf17f8d7505682f84a7bd932,True,1,4488,4487,d6846896d7f2a95cb3a203174632ddcdae71d91fbf17f8d7505682f84a7bd932,d6846896d7f2a95cb3a203174632ddcdae71d91fbf17f8d7505682f84a7bd932,True,2
train,283,1012,1336,6a33de8febfa0e2bfd91e1bfc680f5824bb0eb4d6220dcf94cea99e5550afbd6,True,1,4488,4487,6a33de8febfa0e2bfd91e1bfc680f5824bb0eb4d6220dcf94cea99e5550afbd6,6a33de8febfa0e2bfd91e1bfc680f5824bb0eb4d6220dcf94cea99e5550afbd6,True,2
train,284,1013,1841,ebbef0fac8e787142b8c1d76efd4d96ebcc2e690a3f82b3be4fbc3f9a4d2856c,True,1,4488,4487,ebbef0fac8e787142b8c1d76efd4d96ebcc2e690a3f82b3be4fbc3f9a4d2856c,ebbef0fac8e787142b8c1d76efd4d96ebcc2e690a3f82b3be4fbc3f9a4d2856c,True,2
train,285,1013,1845,6e81c9072859ec81cf75638d4331cc11d6b5ab55ba2819af80d44b4935ad6e32,True,1,4488,4487,6e81c9072859ec81cf75638d4331cc11d6b5ab55ba2819af80d44b4935ad6e32,6e81c9072859ec81cf75638d4331cc11d6b5ab55ba2819af80d44b4935ad6e32,True,2
train,286,1015,2262,8c07f269267a21011db8ca7ba2c3d79a9bd403202743d949faa9e3c3b5e2c4fc,True,1,4488,4487,8c07f269267a21011db8ca7ba2c3d79a9bd403202743d949faa9e3c3b5e2c4fc,8c07f269267a21011db8ca7ba2c3d79a9bd403202743d949faa9e3c3b5e2c4fc,True,2
train,287,1020,2075,af6fc4ca4e42abb33712650072121c704d43b7ca94e6b058a3f5c3574203cf8c,True,1,4488,4487,af6fc4ca4e42abb33712650072121c704d43b7ca94e6b058a3f5c3574203cf8c,af6fc4ca4e42abb33712650072121c704d43b7ca94e6b058a3f5c3574203cf8c,True,2
train,288,1029,2166,7bf30651087858afdf2ec947108433e0700cf53ec825992f6e8be3f94e600076,True,1,4488,4487,7bf30651087858afdf2ec947108433e0700cf53ec825992f6e8be3f94e600076,7bf30651087858afdf2ec947108433e0700cf53ec825992f6e8be3f94e600076,True,2
train,289,1035,1740,4170040c5104131183f8f9b966a289a44128dd86bcb229b84e0551d89e122243,True,1,4488,4487,4170040c5104131183f8f9b966a289a44128dd86bcb229b84e0551d89e122243,4170040c5104131183f8f9b966a289a44128dd86bcb229b84e0551d89e122243,True,2
train,290,1038,2503,286bfbfecd1bc01129c2092b3b97b38da7a666e86cfd467b31a0686e3f5874a0,True,1,4488,4487,286bfbfecd1bc01129c2092b3b97b38da7a666e86cfd467b31a0686e3f5874a0,286bfbfecd1bc01129c2092b3b97b38da7a666e86cfd467b31a0686e3f5874a0,True,2
train,291,1042,1925,b5ae244f2e255741664df2dd53937e2a490f625fad622a5a2d5e3189390039b4,True,1,4488,4487,b5ae244f2e255741664df2dd53937e2a490f625fad622a5a2d5e3189390039b4,b5ae244f2e255741664df2dd53937e2a490f625fad622a5a2d5e3189390039b4,True,2
train,292,1045,1571,0bde56522efd8d71d2a94f0b159724e6a3ed5f4bcec100a4a9b69e77794781de,True,1,4488,4487,0bde56522efd8d71d2a94f0b159724e6a3ed5f4bcec100a4a9b69e77794781de,0bde56522efd8d71d2a94f0b159724e6a3ed5f4bcec100a4a9b69e77794781de,True,2
train,293,1062,1810,e0ee653d032ded1b24e20c1cc87ea91ec8369a91c9f3af0d496c0f66dd15d3c8,True,1,4488,4487,e0ee653d032ded1b24e20c1cc87ea91ec8369a91c9f3af0d496c0f66dd15d3c8,e0ee653d032ded1b24e20c1cc87ea91ec8369a91c9f3af0d496c0f66dd15d3c8,True,2
train,294,1065,1699,c286a94dce22b8b9901048b544f2263038f9cb01f69d93686438f13465306530,True,1,4488,4487,c286a94dce22b8b9901048b544f2263038f9cb01f69d93686438f13465306530,c286a94dce22b8b9901048b544f2263038f9cb01f69d93686438f13465306530,True,2
train,295,1072,1483,ceb04f9cbcac571cfa56cfc9bec3435d288db7971776c634088948bc6dd32fa2,True,1,4488,4487,ceb04f9cbcac571cfa56cfc9bec3435d288db7971776c634088948bc6dd32fa2,ceb04f9cbcac571cfa56cfc9bec3435d288db7971776c634088948bc6dd32fa2,True,2
train,296,1072,1803,76f8065d970a646f042ebba497d9d188ec4e9ea835af3dc500f820f770d098e0,True,1,4488,4487,76f8065d970a646f042ebba497d9d188ec4e9ea835af3dc500f820f770d098e0,76f8065d970a646f042ebba497d9d188ec4e9ea835af3dc500f820f770d098e0,True,2
train,297,1077,2450,c2dcfd03fb5d4a38e6df30a8ba11b741eecaf0f81de6331c028e43e210d4f76d,True,1,4488,4487,c2dcfd03fb5d4a38e6df30a8ba11b741eecaf0f81de6331c028e43e210d4f76d,c2dcfd03fb5d4a38e6df30a8ba11b741eecaf0f81de6331c028e43e210d4f76d,True,2
train,298,1082,1534,b2f277f580ca5a85e76d91426021afb93a8eddcde0caa7df85f0f0f5c09a730d,True,1,4488,4487,b2f277f580ca5a85e76d91426021afb93a8eddcde0caa7df85f0f0f5c09a730d,b2f277f580ca5a85e76d91426021afb93a8eddcde0caa7df85f0f0f5c09a730d,True,2
train,299,1086,2247,8cd90d7f68c50d72d4e60e4f90c4cfdf98dfec7faa74c14c7dd135147e30f430,True,1,4488,4487,8cd90d7f68c50d72d4e60e4f90c4cfdf98dfec7faa74c14c7dd135147e30f430,8cd90d7f68c50d72d4e60e4f90c4cfdf98dfec7faa74c14c7dd135147e30f430,True,2
train,300,1088,1089,0fb168e206cc411ae90466c476d98478a40531ea75aaed4042d908904993c002,True,1,4488,4487,0fb168e206cc411ae90466c476d98478a40531ea75aaed4042d908904993c002,0fb168e206cc411ae90466c476d98478a40531ea75aaed4042d908904993c002,True,2
train,301,1092,1106,4e3ffc898dc35672a44583ca9aa8a152b698dcc7d4e01b2c04dfdc99e32cd2c0,True,1,4488,4487,4e3ffc898dc35672a44583ca9aa8a152b698dcc7d4e01b2c04dfdc99e32cd2c0,4e3ffc898dc35672a44583ca9aa8a152b698dcc7d4e01b2c04dfdc99e32cd2c0,True,2
train,302,1093,2367,13ee87acfb042e08cbad41ac2c3c64ef6f498977604371f5b43cb15ddeb4a8b6,True,1,4488,4487,13ee87acfb042e08cbad41ac2c3c64ef6f498977604371f5b43cb15ddeb4a8b6,13ee87acfb042e08cbad41ac2c3c64ef6f498977604371f5b43cb15ddeb4a8b6,True,2
train,303,1095,1986,a1526b9b860444466d5375fdfcf94f1c45bc2b11810ea86af34396a355631e6c,True,1,4488,4487,a1526b9b860444466d5375fdfcf94f1c45bc2b11810ea86af34396a355631e6c,a1526b9b860444466d5375fdfcf94f1c45bc2b11810ea86af34396a355631e6c,True,2
train,304,1097,1869,f7c158fc08f8ae5fa565eea50aaf6bc0f7a6d9d6e4a792652a0b4416b34c4e21,True,1,4488,4487,f7c158fc08f8ae5fa565eea50aaf6bc0f7a6d9d6e4a792652a0b4416b34c4e21,f7c158fc08f8ae5fa565eea50aaf6bc0f7a6d9d6e4a792652a0b4416b34c4e21,True,2
train,305,1098,2066,c904256193011c53e1db3a143b87d331099184d0e6fa0ab3f0ecce62798914e2,True,1,4488,4487,c904256193011c53e1db3a143b87d331099184d0e6fa0ab3f0ecce62798914e2,c904256193011c53e1db3a143b87d331099184d0e6fa0ab3f0ecce62798914e2,True,2
train,306,1099,1607,04389b45cdcbde4bf23f3223608a317d97fec12636c04c4ad2dd12ec7ce87f7c,True,1,4488,4487,04389b45cdcbde4bf23f3223608a317d97fec12636c04c4ad2dd12ec7ce87f7c,04389b45cdcbde4bf23f3223608a317d97fec12636c04c4ad2dd12ec7ce87f7c,True,2
train,307,1102,1207,0d6d027844d0e41e1bf575519ea8e188c137d596d75bd9ceb4e9301cf8cda134,True,1,4488,4487,0d6d027844d0e41e1bf575519ea8e188c137d596d75bd9ceb4e9301cf8cda134,0d6d027844d0e41e1bf575519ea8e188c137d596d75bd9ceb4e9301cf8cda134,True,2
train,308,1103,1284,169d13973e4dbc4e76e5575ec84f6e008bbb832c3fde883fce919849a1cacf3e,True,1,4488,4487,169d13973e4dbc4e76e5575ec84f6e008bbb832c3fde883fce919849a1cacf3e,169d13973e4dbc4e76e5575ec84f6e008bbb832c3fde883fce919849a1cacf3e,True,2
train,309,1103,1480,99846e983118ff49cb0d8d102cdaaf92ad338b7d0b623c1076b2ecf76e8085ac,True,1,4488,4487,99846e983118ff49cb0d8d102cdaaf92ad338b7d0b623c1076b2ecf76e8085ac,99846e983118ff49cb0d8d102cdaaf92ad338b7d0b623c1076b2ecf76e8085ac,True,2
train,310,1103,1888,058c4262d94fb6b5a4b4d0a81cd06439b97f31b7577cdbaf6f8acffc3af76890,True,1,4488,4487,058c4262d94fb6b5a4b4d0a81cd06439b97f31b7577cdbaf6f8acffc3af76890,058c4262d94fb6b5a4b4d0a81cd06439b97f31b7577cdbaf6f8acffc3af76890,True,2
train,311,1107,2379,ece27313cb3da90cc3ab8138d5d28388edb49257a5b32c62a820d85e4b974043,True,1,4488,4487,ece27313cb3da90cc3ab8138d5d28388edb49257a5b32c62a820d85e4b974043,ece27313cb3da90cc3ab8138d5d28388edb49257a5b32c62a820d85e4b974043,True,2
train,312,1109,1533,897695ea573476b3ad84a049ac8015cb90b3673859f3f358f6c7b0c429ba075a,True,1,4488,4487,897695ea573476b3ad84a049ac8015cb90b3673859f3f358f6c7b0c429ba075a,897695ea573476b3ad84a049ac8015cb90b3673859f3f358f6c7b0c429ba075a,True,2
train,313,1110,1120,02d479865a41490f823dbc22bd1ecd3d79b051cba3a181bd1654e31229ad8713,True,1,4488,4487,02d479865a41490f823dbc22bd1ecd3d79b051cba3a181bd1654e31229ad8713,02d479865a41490f823dbc22bd1ecd3d79b051cba3a181bd1654e31229ad8713,True,2
train,314,1117,1628,84250ee558f9a191c6ef757b6ca50ebaccdfcfd32ec4219e3dc58c3e01152f75,True,1,4488,4487,84250ee558f9a191c6ef757b6ca50ebaccdfcfd32ec4219e3dc58c3e01152f75,84250ee558f9a191c6ef757b6ca50ebaccdfcfd32ec4219e3dc58c3e01152f75,True,2
train,315,1118,1416,04cb7c5e3e76908dba721c189ff3422f92adae043c62b03e6a21ee329cf3d76e,True,1,4488,4487,04cb7c5e3e76908dba721c189ff3422f92adae043c62b03e6a21ee329cf3d76e,04cb7c5e3e76908dba721c189ff3422f92adae043c62b03e6a21ee329cf3d76e,True,2
train,316,1121,1810,01086d14fc418416a2d02f83d5e015b17cb05a78dcbb48b45d27afaa8a098432,True,1,4488,4487,01086d14fc418416a2d02f83d5e015b17cb05a78dcbb48b45d27afaa8a098432,01086d14fc418416a2d02f83d5e015b17cb05a78dcbb48b45d27afaa8a098432,True,2
train,317,1126,1823,231ee92f529458091adb2fcb63f1fcf3630983d6e3da46e2b7f8a45643060240,True,1,4488,4487,231ee92f529458091adb2fcb63f1fcf3630983d6e3da46e2b7f8a45643060240,231ee92f529458091adb2fcb63f1fcf3630983d6e3da46e2b7f8a45643060240,True,2
train,318,1127,1986,71c2a9907e308a64a59ae7c4da9244b5fb9c2dc2dbff2859cffcc20bc3f7073a,True,1,4488,4487,71c2a9907e308a64a59ae7c4da9244b5fb9c2dc2dbff2859cffcc20bc3f7073a,71c2a9907e308a64a59ae7c4da9244b5fb9c2dc2dbff2859cffcc20bc3f7073a,True,2
train,319,1135,2518,73a003673a52dc4aa1b23c0a63c17d8aadd4614c8a373702ad049ac95db9511f,True,1,4488,4487,73a003673a52dc4aa1b23c0a63c17d8aadd4614c8a373702ad049ac95db9511f,73a003673a52dc4aa1b23c0a63c17d8aadd4614c8a373702ad049ac95db9511f,True,2
train,320,1141,2294,7ee90221882c53e0030f147c1ebd27a0d82d90edf60ef6b9fc318d4c24b9b25a,True,1,4488,4487,7ee90221882c53e0030f147c1ebd27a0d82d90edf60ef6b9fc318d4c24b9b25a,7ee90221882c53e0030f147c1ebd27a0d82d90edf60ef6b9fc318d4c24b9b25a,True,2
train,321,1149,1986,cb16d0c61011212ba799c1a79fb7cd23a09108279e5b25e7e7a6e90b7ba80b2c,True,1,4488,4487,cb16d0c61011212ba799c1a79fb7cd23a09108279e5b25e7e7a6e90b7ba80b2c,cb16d0c61011212ba799c1a79fb7cd23a09108279e5b25e7e7a6e90b7ba80b2c,True,2
train,322,1154,1742,9d70b9209958b5c4d83efb4f1c151bcf50de52bfb5626a97bcfec05e53cdec96,True,1,4488,4487,9d70b9209958b5c4d83efb4f1c151bcf50de52bfb5626a97bcfec05e53cdec96,9d70b9209958b5c4d83efb4f1c151bcf50de52bfb5626a97bcfec05e53cdec96,True,2
train,323,1154,2515,12668524cca820e3b8f882dfedc72560395564975b7e69512d18e8eb8221e2a9,True,1,4488,4487,12668524cca820e3b8f882dfedc72560395564975b7e69512d18e8eb8221e2a9,12668524cca820e3b8f882dfedc72560395564975b7e69512d18e8eb8221e2a9,True,2
train,324,1160,2268,a68bab7336412308039ef76d14a3cac10841b95c4dffc1bcd6c51b8408426da6,True,1,4488,4487,a68bab7336412308039ef76d14a3cac10841b95c4dffc1bcd6c51b8408426da6,a68bab7336412308039ef76d14a3cac10841b95c4dffc1bcd6c51b8408426da6,True,2
train,325,1180,1304,4d9dba3ee8ac1271a4e6e8fff2a1f831a8709c49bb02a3f8ee2e0e3c0c02c663,True,1,4488,4487,4d9dba3ee8ac1271a4e6e8fff2a1f831a8709c49bb02a3f8ee2e0e3c0c02c663,4d9dba3ee8ac1271a4e6e8fff2a1f831a8709c49bb02a3f8ee2e0e3c0c02c663,True,2
train,326,1190,1387,d327cc538cf2a03d8d0937790423123dd597c2b2a38330c4915883949a0a18cb,True,1,4488,4487,d327cc538cf2a03d8d0937790423123dd597c2b2a38330c4915883949a0a18cb,d327cc538cf2a03d8d0937790423123dd597c2b2a38330c4915883949a0a18cb,True,2
train,327,1196,1624,2e8eca69e19485d6e0802154e7e7e36f11abcb8a0dbeab1c29a1a809fc784774,True,1,4488,4487,2e8eca69e19485d6e0802154e7e7e36f11abcb8a0dbeab1c29a1a809fc784774,2e8eca69e19485d6e0802154e7e7e36f11abcb8a0dbeab1c29a1a809fc784774,True,2
train,328,1199,1566,206c174fed6f43f81c3bd21d88df24d543acf639deb3e9b4fc2842a5f217ef20,True,1,4488,4487,206c174fed6f43f81c3bd21d88df24d543acf639deb3e9b4fc2842a5f217ef20,206c174fed6f43f81c3bd21d88df24d543acf639deb3e9b4fc2842a5f217ef20,True,2
train,329,1201,2214,f98e7d9422e661acf2526d609c9ef95cbca2408aa6bcec53c0806a7d7cf3b2ea,True,1,4488,4487,f98e7d9422e661acf2526d609c9ef95cbca2408aa6bcec53c0806a7d7cf3b2ea,f98e7d9422e661acf2526d609c9ef95cbca2408aa6bcec53c0806a7d7cf3b2ea,True,2
train,330,1204,1330,2016c38cf3c3dbd774589c7213680e7c32963a76c23295c3ed56c5fc616f60dd,True,1,4488,4487,2016c38cf3c3dbd774589c7213680e7c32963a76c23295c3ed56c5fc616f60dd,2016c38cf3c3dbd774589c7213680e7c32963a76c23295c3ed56c5fc616f60dd,True,2
train,331,1213,1290,abbb782cf2772a260dbceec43f08fa85112a4dc7baadca163eee0dd5d919c85a,True,1,4488,4487,abbb782cf2772a260dbceec43f08fa85112a4dc7baadca163eee0dd5d919c85a,abbb782cf2772a260dbceec43f08fa85112a4dc7baadca163eee0dd5d919c85a,True,2
train,332,1214,1745,71ae20efb5b997fe21bd53d0b9f82b7683725893c61edceb2c51530215785fb1,True,1,4488,4487,71ae20efb5b997fe21bd53d0b9f82b7683725893c61edceb2c51530215785fb1,71ae20efb5b997fe21bd53d0b9f82b7683725893c61edceb2c51530215785fb1,True,2
train,333,1224,1851,8b0f649cc1b0c2a3d737439c09d08219efec1f52c357fd5407ab3919589522a8,True,1,4488,4487,8b0f649cc1b0c2a3d737439c09d08219efec1f52c357fd5407ab3919589522a8,8b0f649cc1b0c2a3d737439c09d08219efec1f52c357fd5407ab3919589522a8,True,2
train,334,1224,2152,edbc34d7db427f0b8b87bbda6cb5b362710475bf17a7a5cc8d21a1eac92b12d8,True,1,4488,4487,edbc34d7db427f0b8b87bbda6cb5b362710475bf17a7a5cc8d21a1eac92b12d8,edbc34d7db427f0b8b87bbda6cb5b362710475bf17a7a5cc8d21a1eac92b12d8,True,2
train,335,1224,2153,52cda121e3eb6eb1ba307bd0a6094ba3c5f7aaaf0dd1f9a0ad6dde1b113a9ddb,True,1,4488,4487,52cda121e3eb6eb1ba307bd0a6094ba3c5f7aaaf0dd1f9a0ad6dde1b113a9ddb,52cda121e3eb6eb1ba307bd0a6094ba3c5f7aaaf0dd1f9a0ad6dde1b113a9ddb,True,2
train,336,1234,1702,3b7c2bd46bc4e4c3f7542e22026f3f19ed629016905fd7ef66578a8a27799a29,True,1,4488,4487,3b7c2bd46bc4e4c3f7542e22026f3f19ed629016905fd7ef66578a8a27799a29,3b7c2bd46bc4e4c3f7542e22026f3f19ed629016905fd7ef66578a8a27799a29,True,2
train,337,1245,2080,a865252edf9401dd101a6edd1134fab7c563f64045f475753d5b2f5043bac869,True,1,4488,4487,a865252edf9401dd101a6edd1134fab7c563f64045f475753d5b2f5043bac869,a865252edf9401dd101a6edd1134fab7c563f64045f475753d5b2f5043bac869,True,2
train,338,1257,2679,41f7d7d153535fa1bec7bd7cdd87cb959fbf59bcf2ce97c8a0ea70af77ecc9b8,True,1,4488,4487,41f7d7d153535fa1bec7bd7cdd87cb959fbf59bcf2ce97c8a0ea70af77ecc9b8,41f7d7d153535fa1bec7bd7cdd87cb959fbf59bcf2ce97c8a0ea70af77ecc9b8,True,2
train,339,1260,2250,0bbe555f6c0294e7e08e1fb4e46b668183d919b25e1b1c5bb350238892f3131f,True,1,4488,4487,0bbe555f6c0294e7e08e1fb4e46b668183d919b25e1b1c5bb350238892f3131f,0bbe555f6c0294e7e08e1fb4e46b668183d919b25e1b1c5bb350238892f3131f,True,2
train,340,1266,1984,d5e9f8ee2762ffafb5d6c10522527001a58191e47dd81d1f2d6561c6ff6d4727,True,1,4488,4487,d5e9f8ee2762ffafb5d6c10522527001a58191e47dd81d1f2d6561c6ff6d4727,d5e9f8ee2762ffafb5d6c10522527001a58191e47dd81d1f2d6561c6ff6d4727,True,2
train,341,1269,1630,95377fedbd9e3edd115bcd3cc86608943125d62d16ed929305a05add8e930f39,True,1,4488,4487,95377fedbd9e3edd115bcd3cc86608943125d62d16ed929305a05add8e930f39,95377fedbd9e3edd115bcd3cc86608943125d62d16ed929305a05add8e930f39,True,2
train,342,1270,1622,18a2b3d9ef338f5d7c71a9695cf02b20cd52f45085003518fb3cf8f3bb8b5f78,True,1,4488,4487,18a2b3d9ef338f5d7c71a9695cf02b20cd52f45085003518fb3cf8f3bb8b5f78,18a2b3d9ef338f5d7c71a9695cf02b20cd52f45085003518fb3cf8f3bb8b5f78,True,2
train,343,1271,2367,fc4cc892478ce7ad5871005c2d3a0c7eccbe38f1293157e0f1fbd9a6c64e138d,True,1,4488,4487,fc4cc892478ce7ad5871005c2d3a0c7eccbe38f1293157e0f1fbd9a6c64e138d,fc4cc892478ce7ad5871005c2d3a0c7eccbe38f1293157e0f1fbd9a6c64e138d,True,2
train,344,1276,1962,81642e8bbda9678b2490894b122cd30f164c6f01443ab4398bc19b020b6dff3f,True,1,4488,4487,81642e8bbda9678b2490894b122cd30f164c6f01443ab4398bc19b020b6dff3f,81642e8bbda9678b2490894b122cd30f164c6f01443ab4398bc19b020b6dff3f,True,2
train,345,1279,2203,ed2a0881d2ad3a806179f4f60ed721c0980c2367d90dbcd2199644273ec439aa,True,1,4488,4487,ed2a0881d2ad3a806179f4f60ed721c0980c2367d90dbcd2199644273ec439aa,ed2a0881d2ad3a806179f4f60ed721c0980c2367d90dbcd2199644273ec439aa,True,2
train,346,1281,1748,4fc055b179415141555e4d9c01d7fb04c8fde71a70b3139e5997a53857123391,True,1,4488,4487,4fc055b179415141555e4d9c01d7fb04c8fde71a70b3139e5997a53857123391,4fc055b179415141555e4d9c01d7fb04c8fde71a70b3139e5997a53857123391,True,2
train,347,1287,1358,68749bc409557bb3f3aef417eb0f952f190743f15960ab285be469399ce26e72,True,1,4488,4487,68749bc409557bb3f3aef417eb0f952f190743f15960ab285be469399ce26e72,68749bc409557bb3f3aef417eb0f952f190743f15960ab285be469399ce26e72,True,2
train,348,1291,1660,1d2b4da9b9a957924ba030344362222662e49adf05b2c80f9372b98e0462eb4c,True,1,4488,4487,1d2b4da9b9a957924ba030344362222662e49adf05b2c80f9372b98e0462eb4c,1d2b4da9b9a957924ba030344362222662e49adf05b2c80f9372b98e0462eb4c,True,2
train,349,1295,1987,d74d33bfa4892108d1d7a1a00d4a978575ebfd3d7dce3c5aa16227b1389b8285,True,1,4488,4487,d74d33bfa4892108d1d7a1a00d4a978575ebfd3d7dce3c5aa16227b1389b8285,d74d33bfa4892108d1d7a1a00d4a978575ebfd3d7dce3c5aa16227b1389b8285,True,2
train,350,1305,1358,d61604a1379b5fb97cb79ce9f5401d12ff7a894955efb84764712234ea2e1e9b,True,1,4488,4487,d61604a1379b5fb97cb79ce9f5401d12ff7a894955efb84764712234ea2e1e9b,d61604a1379b5fb97cb79ce9f5401d12ff7a894955efb84764712234ea2e1e9b,True,2
train,351,1309,2102,783e8c4725d56ee8f204c2763baa9c915992927ad6903ce82dc78e7c11f44bb4,True,1,4488,4487,783e8c4725d56ee8f204c2763baa9c915992927ad6903ce82dc78e7c11f44bb4,783e8c4725d56ee8f204c2763baa9c915992927ad6903ce82dc78e7c11f44bb4,True,2
train,352,1311,2080,8173652836e31181d470f4331c06bc7d203efb8d4d73e263b0861a880e620667,True,1,4488,4487,8173652836e31181d470f4331c06bc7d203efb8d4d73e263b0861a880e620667,8173652836e31181d470f4331c06bc7d203efb8d4d73e263b0861a880e620667,True,2
train,353,1327,1328,b12337b7535f91b5e1b389d67fdae40dff7be88b29d6a89204d39f464cb6755f,True,1,4488,4487,b12337b7535f91b5e1b389d67fdae40dff7be88b29d6a89204d39f464cb6755f,b12337b7535f91b5e1b389d67fdae40dff7be88b29d6a89204d39f464cb6755f,True,2
train,354,1337,2045,6415abf4386d1f075869529dc10654c3c98bbf50ae791c22b558145a457ef5ed,True,1,4488,4487,6415abf4386d1f075869529dc10654c3c98bbf50ae791c22b558145a457ef5ed,6415abf4386d1f075869529dc10654c3c98bbf50ae791c22b558145a457ef5ed,True,2
train,355,1347,1997,6fcbd38d159133814a60e10541fddb7a61e1e84d833d86d7007e0a795c446406,True,1,4488,4487,6fcbd38d159133814a60e10541fddb7a61e1e84d833d86d7007e0a795c446406,6fcbd38d159133814a60e10541fddb7a61e1e84d833d86d7007e0a795c446406,True,2
train,356,1354,2270,b57c86b85552c9e7d8ed11c5c4c8c3f4bc86f50726b59d7ec948e0ab8df6d5ab,True,1,4488,4487,b57c86b85552c9e7d8ed11c5c4c8c3f4bc86f50726b59d7ec948e0ab8df6d5ab,b57c86b85552c9e7d8ed11c5c4c8c3f4bc86f50726b59d7ec948e0ab8df6d5ab,True,2
train,357,1358,1719,74efff2a88dff3e07f431fa6ca6783b8b8e8531c544dd2efeaa1f14e71f92ffd,True,1,4488,4487,74efff2a88dff3e07f431fa6ca6783b8b8e8531c544dd2efeaa1f14e71f92ffd,74efff2a88dff3e07f431fa6ca6783b8b8e8531c544dd2efeaa1f14e71f92ffd,True,2
train,358,1358,1724,d36334dca041a52c443f533465b4fbbd6e4f8a7b174ea53a25d77c582c4bf75e,True,1,4488,4487,d36334dca041a52c443f533465b4fbbd6e4f8a7b174ea53a25d77c582c4bf75e,d36334dca041a52c443f533465b4fbbd6e4f8a7b174ea53a25d77c582c4bf75e,True,2
train,359,1358,1726,5b88ab717f71126ff8b9985e7994637dd525102a1e530688f9baffc39b45a8bc,True,1,4488,4487,5b88ab717f71126ff8b9985e7994637dd525102a1e530688f9baffc39b45a8bc,5b88ab717f71126ff8b9985e7994637dd525102a1e530688f9baffc39b45a8bc,True,2
train,360,1358,1732,37e78862726496aa4a5ac2d5d00386d9e4b538005976f4c9704e34ff359c8f99,True,1,4488,4487,37e78862726496aa4a5ac2d5d00386d9e4b538005976f4c9704e34ff359c8f99,37e78862726496aa4a5ac2d5d00386d9e4b538005976f4c9704e34ff359c8f99,True,2
train,361,1358,1733,4db30b33c64e639b276f853b84f56913489e4e6e56f0e7be144aaa88f7ffbf2a,True,1,4488,4487,4db30b33c64e639b276f853b84f56913489e4e6e56f0e7be144aaa88f7ffbf2a,4db30b33c64e639b276f853b84f56913489e4e6e56f0e7be144aaa88f7ffbf2a,True,2
train,362,1358,1735,5f207aaba1f8138a848dd2daf673dd1fde261ab19e75404bf267e17950eabf7b,True,1,4488,4487,5f207aaba1f8138a848dd2daf673dd1fde261ab19e75404bf267e17950eabf7b,5f207aaba1f8138a848dd2daf673dd1fde261ab19e75404bf267e17950eabf7b,True,2
train,363,1358,1737,96dc45d1c4bfa6735935ca7bbe7c2f069771fe130cc4861967be24ff90dde23f,True,1,4488,4487,96dc45d1c4bfa6735935ca7bbe7c2f069771fe130cc4861967be24ff90dde23f,96dc45d1c4bfa6735935ca7bbe7c2f069771fe130cc4861967be24ff90dde23f,True,2
train,364,1358,1743,ed4425842947622a607dbf0ec9ed48a9e56cbfdaf8bffd18295ef93f96994b9d,True,1,4488,4487,ed4425842947622a607dbf0ec9ed48a9e56cbfdaf8bffd18295ef93f96994b9d,ed4425842947622a607dbf0ec9ed48a9e56cbfdaf8bffd18295ef93f96994b9d,True,2
train,365,1358,1748,7771a4081010d8a91bdb703f7fde641f9a91e00d9f41a70dae949749baf1bb3f,True,1,4488,4487,7771a4081010d8a91bdb703f7fde641f9a91e00d9f41a70dae949749baf1bb3f,7771a4081010d8a91bdb703f7fde641f9a91e00d9f41a70dae949749baf1bb3f,True,2
train,366,1358,1750,85baac76a7860c6023a8b570e9889853e90212cf11954cca6720bfd9a469a1be,True,1,4488,4487,85baac76a7860c6023a8b570e9889853e90212cf11954cca6720bfd9a469a1be,85baac76a7860c6023a8b570e9889853e90212cf11954cca6720bfd9a469a1be,True,2
train,367,1358,1755,a74e566a7b7139ae8d7390c21f1d3712f4793b5047b462e3ef452561b7dd246d,True,1,4488,4487,a74e566a7b7139ae8d7390c21f1d3712f4793b5047b462e3ef452561b7dd246d,a74e566a7b7139ae8d7390c21f1d3712f4793b5047b462e3ef452561b7dd246d,True,2
train,368,1360,2491,5b5baf5e36aada3289e884f9e94b0eb64ccdcdb8e93f1d556a96d5b3b82bd1e6,True,1,4488,4487,5b5baf5e36aada3289e884f9e94b0eb64ccdcdb8e93f1d556a96d5b3b82bd1e6,5b5baf5e36aada3289e884f9e94b0eb64ccdcdb8e93f1d556a96d5b3b82bd1e6,True,2
train,369,1377,2070,850cb53c3cc5ce1dc9feb716057dcf3205705c976c9353e4bf47b8de6865ad38,True,1,4488,4487,850cb53c3cc5ce1dc9feb716057dcf3205705c976c9353e4bf47b8de6865ad38,850cb53c3cc5ce1dc9feb716057dcf3205705c976c9353e4bf47b8de6865ad38,True,2
train,370,1378,2150,6692d9d1054312816aad0a5e75c8e37226e2c43bcead3751f45aa996a79ae1ac,True,1,4488,4487,6692d9d1054312816aad0a5e75c8e37226e2c43bcead3751f45aa996a79ae1ac,6692d9d1054312816aad0a5e75c8e37226e2c43bcead3751f45aa996a79ae1ac,True,2
train,371,1389,2597,25afa7d87930c06353674b984edf9a5a76ee33ae20df75896159cc9f52c5644b,True,1,4488,4487,25afa7d87930c06353674b984edf9a5a76ee33ae20df75896159cc9f52c5644b,25afa7d87930c06353674b984edf9a5a76ee33ae20df75896159cc9f52c5644b,True,2
train,372,1390,2681,ed83895b4ae4813c50df51a29b06f4cd86951f6d8a2350401886c2c59f6509f7,True,1,4488,4487,ed83895b4ae4813c50df51a29b06f4cd86951f6d8a2350401886c2c59f6509f7,ed83895b4ae4813c50df51a29b06f4cd86951f6d8a2350401886c2c59f6509f7,True,2
train,373,1398,1528,d0ba3f6d33efbd3e8d3f522ed8632411cdeecd075c0787b261e5009384e7907d,True,1,4488,4487,d0ba3f6d33efbd3e8d3f522ed8632411cdeecd075c0787b261e5009384e7907d,d0ba3f6d33efbd3e8d3f522ed8632411cdeecd075c0787b261e5009384e7907d,True,2
train,374,1399,1501,28f5eab2ea0cf343c133258b910dcbc007712db3342b8dfc29e572f633d1703c,True,1,4488,4487,28f5eab2ea0cf343c133258b910dcbc007712db3342b8dfc29e572f633d1703c,28f5eab2ea0cf343c133258b910dcbc007712db3342b8dfc29e572f633d1703c,True,2
train,375,1409,1828,e07b17d3710ff87b4d3ed96273e4432a2674b33e96bf51c11a2b22f386bbc49b,True,1,4488,4487,e07b17d3710ff87b4d3ed96273e4432a2674b33e96bf51c11a2b22f386bbc49b,e07b17d3710ff87b4d3ed96273e4432a2674b33e96bf51c11a2b22f386bbc49b,True,2
train,376,1412,1483,b5a2f9f94f98135c33f8074b721834c576726d06f48d09478674a3eb9a298577,True,1,4488,4487,b5a2f9f94f98135c33f8074b721834c576726d06f48d09478674a3eb9a298577,b5a2f9f94f98135c33f8074b721834c576726d06f48d09478674a3eb9a298577,True,2
train,377,1412,1735,036b07e1ebbf17717b0a5e1bd96897ed0103f303d14a2e1ff4c4722360225d94,True,1,4488,4487,036b07e1ebbf17717b0a5e1bd96897ed0103f303d14a2e1ff4c4722360225d94,036b07e1ebbf17717b0a5e1bd96897ed0103f303d14a2e1ff4c4722360225d94,True,2
train,378,1414,2270,74ca2383f7c876390686e408daae6f66e7e17f7ce9bd7324ae22e28ada15cd99,True,1,4488,4487,74ca2383f7c876390686e408daae6f66e7e17f7ce9bd7324ae22e28ada15cd99,74ca2383f7c876390686e408daae6f66e7e17f7ce9bd7324ae22e28ada15cd99,True,2
train,379,1415,2269,f3da7318b63d12bfc6a0837370aec10d78e5bc91cd76e71bf94e5dff3b4e46b0,True,1,4488,4487,f3da7318b63d12bfc6a0837370aec10d78e5bc91cd76e71bf94e5dff3b4e46b0,f3da7318b63d12bfc6a0837370aec10d78e5bc91cd76e71bf94e5dff3b4e46b0,True,2
train,380,1417,1452,c46593b4f7e97df48a5ffc8c47fb72a81f9cd24dfb0a676b89fb25a237c12b90,True,1,4488,4487,c46593b4f7e97df48a5ffc8c47fb72a81f9cd24dfb0a676b89fb25a237c12b90,c46593b4f7e97df48a5ffc8c47fb72a81f9cd24dfb0a676b89fb25a237c12b90,True,2
train,381,1419,2259,d6a756537270420e404513c0575a2fcf289b2c93f9cfd8917debc1b038285f03,True,1,4488,4487,d6a756537270420e404513c0575a2fcf289b2c93f9cfd8917debc1b038285f03,d6a756537270420e404513c0575a2fcf289b2c93f9cfd8917debc1b038285f03,True,2
train,382,1420,2396,d2271d39118f94ffa5523ea102c8916c29e12c459bf57db5d15149ec19b99441,True,1,4488,4487,d2271d39118f94ffa5523ea102c8916c29e12c459bf57db5d15149ec19b99441,d2271d39118f94ffa5523ea102c8916c29e12c459bf57db5d15149ec19b99441,True,2
train,383,1423,1692,650839e4438493e93d9ca102f5cbb34318c88924655a69f74a8bd5766da5dd66,True,1,4488,4487,650839e4438493e93d9ca102f5cbb34318c88924655a69f74a8bd5766da5dd66,650839e4438493e93d9ca102f5cbb34318c88924655a69f74a8bd5766da5dd66,True,2
train,384,1441,1954,86b948b40c30c64f8caa311bc14a62ee9a795dedfc62fd6e882d1a29a9e3ea44,True,1,4488,4487,86b948b40c30c64f8caa311bc14a62ee9a795dedfc62fd6e882d1a29a9e3ea44,86b948b40c30c64f8caa311bc14a62ee9a795dedfc62fd6e882d1a29a9e3ea44,True,2
train,385,1445,1446,017e553e09b0ae3d7b2371119d4ded507654f21e7d84d3a4d980bd4ca055ebb5,True,1,4488,4487,017e553e09b0ae3d7b2371119d4ded507654f21e7d84d3a4d980bd4ca055ebb5,017e553e09b0ae3d7b2371119d4ded507654f21e7d84d3a4d980bd4ca055ebb5,True,2
train,386,1455,1537,cb00f1ec26bb7f9cc6abec1a0dafbaac210e7e999ab9d3928ae4241954375652,True,1,4488,4487,cb00f1ec26bb7f9cc6abec1a0dafbaac210e7e999ab9d3928ae4241954375652,cb00f1ec26bb7f9cc6abec1a0dafbaac210e7e999ab9d3928ae4241954375652,True,2
train,387,1464,1683,4bb29a7f260710d94ee99037afd5b1341a0eb9ebbb44e85f54b7e82bcadac56a,True,1,4488,4487,4bb29a7f260710d94ee99037afd5b1341a0eb9ebbb44e85f54b7e82bcadac56a,4bb29a7f260710d94ee99037afd5b1341a0eb9ebbb44e85f54b7e82bcadac56a,True,2
train,388,1474,2261,47fd1e429af4feff25ca6fc7bb306bbfe5a6b3052b84a8299867aa3e9f23c564,True,1,4488,4487,47fd1e429af4feff25ca6fc7bb306bbfe5a6b3052b84a8299867aa3e9f23c564,47fd1e429af4feff25ca6fc7bb306bbfe5a6b3052b84a8299867aa3e9f23c564,True,2
train,389,1474,2335,6114977d907ce7416800797f697024d66c408a2ad86b11197673e63bbc833167,True,1,4488,4487,6114977d907ce7416800797f697024d66c408a2ad86b11197673e63bbc833167,6114977d907ce7416800797f697024d66c408a2ad86b11197673e63bbc833167,True,2
train,390,1475,2470,51ec6f0e79ef7de3c9362476a2855de414df5a0e254d0ad390ff4b2bb1270071,True,1,4488,4487,51ec6f0e79ef7de3c9362476a2855de414df5a0e254d0ad390ff4b2bb1270071,51ec6f0e79ef7de3c9362476a2855de414df5a0e254d0ad390ff4b2bb1270071,True,2
train,391,1512,2145,5574748b050f9c92b1e7abacf9f10a4106dc311a6197981151c1ef0aeb85ee59,True,1,4488,4487,5574748b050f9c92b1e7abacf9f10a4106dc311a6197981151c1ef0aeb85ee59,5574748b050f9c92b1e7abacf9f10a4106dc311a6197981151c1ef0aeb85ee59,True,2
train,392,1522,2680,045ebc8653b7735f04c4bd0bb89c4543a431888b21b0e02acb827414ae92e7bf,True,1,4488,4487,045ebc8653b7735f04c4bd0bb89c4543a431888b21b0e02acb827414ae92e7bf,045ebc8653b7735f04c4bd0bb89c4543a431888b21b0e02acb827414ae92e7bf,True,2
train,393,1526,1981,60a986acad52a84292f5a16a033e0fbe3142a865e1f7e4decaa1c601b7ee0b5c,True,1,4488,4487,60a986acad52a84292f5a16a033e0fbe3142a865e1f7e4decaa1c601b7ee0b5c,60a986acad52a84292f5a16a033e0fbe3142a865e1f7e4decaa1c601b7ee0b5c,True,2
train,394,1530,2464,d8981c604884d8317072ddc1567d6708f7994af77d69411632e5e75c26c6f89d,True,1,4488,4487,d8981c604884d8317072ddc1567d6708f7994af77d69411632e5e75c26c6f89d,d8981c604884d8317072ddc1567d6708f7994af77d69411632e5e75c26c6f89d,True,2
train,395,1540,2054,d4e7492195a044fe5e2738628a58908c3531dc3f0bcb2d131e6edc195278ecaf,True,1,4488,4487,d4e7492195a044fe5e2738628a58908c3531dc3f0bcb2d131e6edc195278ecaf,d4e7492195a044fe5e2738628a58908c3531dc3f0bcb2d131e6edc195278ecaf,True,2
train,396,1542,1940,83c7902c719219f53b1196353ec8668dc080e100ffd555441dfd312314d663a3,True,1,4488,4487,83c7902c719219f53b1196353ec8668dc080e100ffd555441dfd312314d663a3,83c7902c719219f53b1196353ec8668dc080e100ffd555441dfd312314d663a3,True,2
train,397,1542,1941,a68a282594ed051a522c3b83254a99f71811e91c70a8653d62ea7b53b0401888,True,1,4488,4487,a68a282594ed051a522c3b83254a99f71811e91c70a8653d62ea7b53b0401888,a68a282594ed051a522c3b83254a99f71811e91c70a8653d62ea7b53b0401888,True,2
train,398,1545,2248,24af4f0e16e47ae3f77f275f8897c759794c1d99693354e9aa62c3ee0d1d270b,True,1,4488,4487,24af4f0e16e47ae3f77f275f8897c759794c1d99693354e9aa62c3ee0d1d270b,24af4f0e16e47ae3f77f275f8897c759794c1d99693354e9aa62c3ee0d1d270b,True,2
train,399,1555,1953,b707f878eac56b2a908c6825d885378a9b32e3fddd488bc477a28788c9cf139d,True,1,4488,4487,b707f878eac56b2a908c6825d885378a9b32e3fddd488bc477a28788c9cf139d,b707f878eac56b2a908c6825d885378a9b32e3fddd488bc477a28788c9cf139d,True,2
train,400,1567,2500,5e35f9cdb9930dafb55966971da5344faec758da5ca850cd48993508d1b6859d,True,1,4488,4487,5e35f9cdb9930dafb55966971da5344faec758da5ca850cd48993508d1b6859d,5e35f9cdb9930dafb55966971da5344faec758da5ca850cd48993508d1b6859d,True,2
train,401,1588,2333,d153d0ae808b50c417ae07de3dff194a8535ba69b24463fc7287c029b26b19a6,True,1,4488,4487,d153d0ae808b50c417ae07de3dff194a8535ba69b24463fc7287c029b26b19a6,d153d0ae808b50c417ae07de3dff194a8535ba69b24463fc7287c029b26b19a6,True,2
train,402,1592,2071,e5d1b87cc63d99c0c29472bc8d52becc94ccd5f3bb27284ea180160e58e59ff0,True,1,4488,4487,e5d1b87cc63d99c0c29472bc8d52becc94ccd5f3bb27284ea180160e58e59ff0,e5d1b87cc63d99c0c29472bc8d52becc94ccd5f3bb27284ea180160e58e59ff0,True,2
train,403,1595,2246,99a15cff4e79ce98f216bebdb5c764f47d87806c18fe764abeba154445e95b7a,True,1,4488,4487,99a15cff4e79ce98f216bebdb5c764f47d87806c18fe764abeba154445e95b7a,99a15cff4e79ce98f216bebdb5c764f47d87806c18fe764abeba154445e95b7a,True,2
train,404,1599,2460,28bfb540a52bd0f0818edf72552bf0fd51b8a89f3f03e4d83f426cf6d19337cd,True,1,4488,4487,28bfb540a52bd0f0818edf72552bf0fd51b8a89f3f03e4d83f426cf6d19337cd,28bfb540a52bd0f0818edf72552bf0fd51b8a89f3f03e4d83f426cf6d19337cd,True,2
train,405,1609,1912,567afe471553f755d5d8ca6677877dd9904f880ac90cdea6f209e8e9cc15a3df,True,1,4488,4487,567afe471553f755d5d8ca6677877dd9904f880ac90cdea6f209e8e9cc15a3df,567afe471553f755d5d8ca6677877dd9904f880ac90cdea6f209e8e9cc15a3df,True,2
train,406,1610,2558,bcbc29d8566d81ff4ee781d17f33d29f04ff0277104946c067672759ede1b86c,True,1,4488,4487,bcbc29d8566d81ff4ee781d17f33d29f04ff0277104946c067672759ede1b86c,bcbc29d8566d81ff4ee781d17f33d29f04ff0277104946c067672759ede1b86c,True,2
train,407,1615,1665,ded348a364b46609670bfd647de71c4889cb0ddab83bebaf819cf4d84352bd82,True,1,4488,4487,ded348a364b46609670bfd647de71c4889cb0ddab83bebaf819cf4d84352bd82,ded348a364b46609670bfd647de71c4889cb0ddab83bebaf819cf4d84352bd82,True,2
train,408,1623,1777,108dd10a5246102619f916820206a3a3aa3494988da62b80a857b838e61ab193,True,1,4488,4487,108dd10a5246102619f916820206a3a3aa3494988da62b80a857b838e61ab193,108dd10a5246102619f916820206a3a3aa3494988da62b80a857b838e61ab193,True,2
train,409,1624,1788,95e97783cf30328e41f5052c3adbe3f5550ee89b1bb1c4a68390f33a48139b1c,True,1,4488,4487,95e97783cf30328e41f5052c3adbe3f5550ee89b1bb1c4a68390f33a48139b1c,95e97783cf30328e41f5052c3adbe3f5550ee89b1bb1c4a68390f33a48139b1c,True,2
train,410,1628,2055,cf254599318c8590c5c7662fc11436a2d8e35a1e761935c4aa8d2912d3e4f9db,True,1,4488,4487,cf254599318c8590c5c7662fc11436a2d8e35a1e761935c4aa8d2912d3e4f9db,cf254599318c8590c5c7662fc11436a2d8e35a1e761935c4aa8d2912d3e4f9db,True,2
train,411,1636,2141,52ef5abd66da5b8f8c68cc1131630ad5460dac2e3327cf8f2fa744c33a5e67dc,True,1,4488,4487,52ef5abd66da5b8f8c68cc1131630ad5460dac2e3327cf8f2fa744c33a5e67dc,52ef5abd66da5b8f8c68cc1131630ad5460dac2e3327cf8f2fa744c33a5e67dc,True,2
train,412,1639,2679,bd641ab3af1f59112c36e6ea941e317c57a2045e4b8ee131b34352fa40c9ed60,True,1,4488,4487,bd641ab3af1f59112c36e6ea941e317c57a2045e4b8ee131b34352fa40c9ed60,bd641ab3af1f59112c36e6ea941e317c57a2045e4b8ee131b34352fa40c9ed60,True,2
train,413,1647,2160,dc254de6e46e84d4adafbefbd88d03fcbe363bb964b9b624d18af1033c2b8ab1,True,1,4488,4487,dc254de6e46e84d4adafbefbd88d03fcbe363bb964b9b624d18af1033c2b8ab1,dc254de6e46e84d4adafbefbd88d03fcbe363bb964b9b624d18af1033c2b8ab1,True,2
train,414,1655,1839,d7952ba4add7b44603dd8cdadb2a84989be6c550684119dddc41b35b6136cff3,True,1,4488,4487,d7952ba4add7b44603dd8cdadb2a84989be6c550684119dddc41b35b6136cff3,d7952ba4add7b44603dd8cdadb2a84989be6c550684119dddc41b35b6136cff3,True,2
train,415,1656,1798,331f9a72ae75c3c33e1bbac3c26a7ac7be21e3966a61e4047467be4bc58ab7f9,True,1,4488,4487,331f9a72ae75c3c33e1bbac3c26a7ac7be21e3966a61e4047467be4bc58ab7f9,331f9a72ae75c3c33e1bbac3c26a7ac7be21e3966a61e4047467be4bc58ab7f9,True,2
train,416,1682,2320,4ccf4c715743f9c7907317c6eb553b6a6eb44832a24bc7f9cd2533754a9a6a3f,True,1,4488,4487,4ccf4c715743f9c7907317c6eb553b6a6eb44832a24bc7f9cd2533754a9a6a3f,4ccf4c715743f9c7907317c6eb553b6a6eb44832a24bc7f9cd2533754a9a6a3f,True,2
train,417,1690,2112,e82c011c1cb8dfd8e478098393087581f959b2fbcfbfaeefcfd91c5a4ccee7cd,True,1,4488,4487,e82c011c1cb8dfd8e478098393087581f959b2fbcfbfaeefcfd91c5a4ccee7cd,e82c011c1cb8dfd8e478098393087581f959b2fbcfbfaeefcfd91c5a4ccee7cd,True,2
train,418,1697,1986,8306f3eda961f0079b731d39aebff5df2f5de2fed0fec25e6bf59c7c5cc01586,True,1,4488,4487,8306f3eda961f0079b731d39aebff5df2f5de2fed0fec25e6bf59c7c5cc01586,8306f3eda961f0079b731d39aebff5df2f5de2fed0fec25e6bf59c7c5cc01586,True,2
train,419,1697,2253,25124eec0ec7370ec8ff75915f5b8554834c60c63085c5eb217bc90a143dc747,True,1,4488,4487,25124eec0ec7370ec8ff75915f5b8554834c60c63085c5eb217bc90a143dc747,25124eec0ec7370ec8ff75915f5b8554834c60c63085c5eb217bc90a143dc747,True,2
train,420,1701,1854,8cce8878e6a59342ab19f840db4e1145e84b77535f253bc19293d08cd527337d,True,1,4488,4487,8cce8878e6a59342ab19f840db4e1145e84b77535f253bc19293d08cd527337d,8cce8878e6a59342ab19f840db4e1145e84b77535f253bc19293d08cd527337d,True,2
train,421,1701,1856,62b8799bbd869c718ebe30224bf744257df8abfe04de555021b472cf28748779,True,1,4488,4487,62b8799bbd869c718ebe30224bf744257df8abfe04de555021b472cf28748779,62b8799bbd869c718ebe30224bf744257df8abfe04de555021b472cf28748779,True,2
train,422,1701,1857,f37e116ebf0ca6e0d773755e2c8d266c508f9061cc2f04364beac62780757350,True,1,4488,4487,f37e116ebf0ca6e0d773755e2c8d266c508f9061cc2f04364beac62780757350,f37e116ebf0ca6e0d773755e2c8d266c508f9061cc2f04364beac62780757350,True,2
train,423,1701,1872,031529786bbad7e64f0efdb1624569836092b6e13f21a169d324f57bfa3a920c,True,1,4488,4487,031529786bbad7e64f0efdb1624569836092b6e13f21a169d324f57bfa3a920c,031529786bbad7e64f0efdb1624569836092b6e13f21a169d324f57bfa3a920c,True,2
train,424,1701,1877,8279b4f821c8b09ec3a1fac3d9eede59f111e5344972859c9a8a804d7a68fd7c,True,1,4488,4487,8279b4f821c8b09ec3a1fac3d9eede59f111e5344972859c9a8a804d7a68fd7c,8279b4f821c8b09ec3a1fac3d9eede59f111e5344972859c9a8a804d7a68fd7c,True,2
train,425,1702,1966,981e1883ee865bdb6589b0466ea532aeee337ec81e8c6f98da6a4135df9604b8,True,1,4488,4487,981e1883ee865bdb6589b0466ea532aeee337ec81e8c6f98da6a4135df9604b8,981e1883ee865bdb6589b0466ea532aeee337ec81e8c6f98da6a4135df9604b8,True,2
train,426,1703,1969,112d56ffeb9aa1466e25edc28ec399e6e89c9349e1ace820be12759661ab3881,True,1,4488,4487,112d56ffeb9aa1466e25edc28ec399e6e89c9349e1ace820be12759661ab3881,112d56ffeb9aa1466e25edc28ec399e6e89c9349e1ace820be12759661ab3881,True,2
train,427,1704,2077,7463593eac0e696354f9ba75d4bbb261bb4904eae85676a4078acddf804621ed,True,1,4488,4487,7463593eac0e696354f9ba75d4bbb261bb4904eae85676a4078acddf804621ed,7463593eac0e696354f9ba75d4bbb261bb4904eae85676a4078acddf804621ed,True,2
train,428,1716,2446,8dff1d255654d0169be1cfb1c776d8eb4ab1bdf41cbfb24a953b8882a4c72c82,True,1,4488,4487,8dff1d255654d0169be1cfb1c776d8eb4ab1bdf41cbfb24a953b8882a4c72c82,8dff1d255654d0169be1cfb1c776d8eb4ab1bdf41cbfb24a953b8882a4c72c82,True,2
train,429,1717,1731,8ae1b1a780ef8aa9cb774e0cb8ef949386e4d44604d588f9c2a4d6699f3d1c4d,True,1,4488,4487,8ae1b1a780ef8aa9cb774e0cb8ef949386e4d44604d588f9c2a4d6699f3d1c4d,8ae1b1a780ef8aa9cb774e0cb8ef949386e4d44604d588f9c2a4d6699f3d1c4d,True,2
train,430,1728,2599,9ee8fbd5cc257254d382ae84e40277701e9fb7ce5fc0169d9153d8648cb338be,True,1,4488,4487,9ee8fbd5cc257254d382ae84e40277701e9fb7ce5fc0169d9153d8648cb338be,9ee8fbd5cc257254d382ae84e40277701e9fb7ce5fc0169d9153d8648cb338be,True,2
train,431,1734,2597,d1405b99daeb8dcf8faf8a41b6a4b49382cf5b11d2fcdcc731240914cea5f473,True,1,4488,4487,d1405b99daeb8dcf8faf8a41b6a4b49382cf5b11d2fcdcc731240914cea5f473,d1405b99daeb8dcf8faf8a41b6a4b49382cf5b11d2fcdcc731240914cea5f473,True,2
train,432,1735,1776,b622e40e4e665b318ec8dc0a552e37ae5bb0965efa32133b409d9a4d6f09364b,True,1,4488,4487,b622e40e4e665b318ec8dc0a552e37ae5bb0965efa32133b409d9a4d6f09364b,b622e40e4e665b318ec8dc0a552e37ae5bb0965efa32133b409d9a4d6f09364b,True,2
train,433,1735,2324,06a0a1d93ae5f3c43284dd6c227638587603e7b3acaeedf115eaf9ca117ab5c4,True,1,4488,4487,06a0a1d93ae5f3c43284dd6c227638587603e7b3acaeedf115eaf9ca117ab5c4,06a0a1d93ae5f3c43284dd6c227638587603e7b3acaeedf115eaf9ca117ab5c4,True,2
train,434,1736,1763,67958ef3e4baa1e7d52f621a150966bd3ba7b44426fd61c933f6c3b476fb5ba7,True,1,4488,4487,67958ef3e4baa1e7d52f621a150966bd3ba7b44426fd61c933f6c3b476fb5ba7,67958ef3e4baa1e7d52f621a150966bd3ba7b44426fd61c933f6c3b476fb5ba7,True,2
train,435,1742,2444,83e044c33c7de332a5a8fd37a95fc901d02676d9a7e58c903c6c166090a07b8e,True,1,4488,4487,83e044c33c7de332a5a8fd37a95fc901d02676d9a7e58c903c6c166090a07b8e,83e044c33c7de332a5a8fd37a95fc901d02676d9a7e58c903c6c166090a07b8e,True,2
train,436,1743,2113,84dda84fbf8accb4940c43b78ec08c068a0413ae6ad1ce4ac5321dedbe288316,True,1,4488,4487,84dda84fbf8accb4940c43b78ec08c068a0413ae6ad1ce4ac5321dedbe288316,84dda84fbf8accb4940c43b78ec08c068a0413ae6ad1ce4ac5321dedbe288316,True,2
train,437,1743,2450,83f937bdca5bad6298ead239422c6e90974cfade7505717dbe57766d7310bf22,True,1,4488,4487,83f937bdca5bad6298ead239422c6e90974cfade7505717dbe57766d7310bf22,83f937bdca5bad6298ead239422c6e90974cfade7505717dbe57766d7310bf22,True,2
train,438,1744,1765,5e69f6f5e1ad8137662ce4b1373e07dcf15103d85379b2866a89c22405f88a34,True,1,4488,4487,5e69f6f5e1ad8137662ce4b1373e07dcf15103d85379b2866a89c22405f88a34,5e69f6f5e1ad8137662ce4b1373e07dcf15103d85379b2866a89c22405f88a34,True,2
train,439,1755,1765,74d561882abb46a81ec711d41922783e86c5146087515ac572a920f44845a677,True,1,4488,4487,74d561882abb46a81ec711d41922783e86c5146087515ac572a920f44845a677,74d561882abb46a81ec711d41922783e86c5146087515ac572a920f44845a677,True,2
train,440,1758,2466,52a161903158bee95c56826d446ebbc2a0271c9cb4d363caca7f3095d938a4f7,True,1,4488,4487,52a161903158bee95c56826d446ebbc2a0271c9cb4d363caca7f3095d938a4f7,52a161903158bee95c56826d446ebbc2a0271c9cb4d363caca7f3095d938a4f7,True,2
train,441,1761,2175,a072a55240fd297ccaf41bf0b5ba15188fe772b2815b39beb1773503939bb523,True,1,4488,4487,a072a55240fd297ccaf41bf0b5ba15188fe772b2815b39beb1773503939bb523,a072a55240fd297ccaf41bf0b5ba15188fe772b2815b39beb1773503939bb523,True,2
train,442,1771,1778,4532c8d406372b45900577f5ebdfb6e15de39e613f18c57a0ce199d2ae32c83b,True,1,4488,4487,4532c8d406372b45900577f5ebdfb6e15de39e613f18c57a0ce199d2ae32c83b,4532c8d406372b45900577f5ebdfb6e15de39e613f18c57a0ce199d2ae32c83b,True,2
train,443,1782,1798,42a0198bf757c1eea7f2ddb0ded4816a92f678b156f72cdd4b1b817a2c9b6fc1,True,1,4488,4487,42a0198bf757c1eea7f2ddb0ded4816a92f678b156f72cdd4b1b817a2c9b6fc1,42a0198bf757c1eea7f2ddb0ded4816a92f678b156f72cdd4b1b817a2c9b6fc1,True,2
train,444,1810,1811,25d23ff170f7507f2a7992c8ab001915e941eac2fd6bdcd2db87a62348fde4de,True,1,4488,4487,25d23ff170f7507f2a7992c8ab001915e941eac2fd6bdcd2db87a62348fde4de,25d23ff170f7507f2a7992c8ab001915e941eac2fd6bdcd2db87a62348fde4de,True,2
train,445,1810,1813,0f6d5a6dec681b19937baa91d4a9e99d366c166e49355b747c79c2c7abc0ddd1,True,1,4488,4487,0f6d5a6dec681b19937baa91d4a9e99d366c166e49355b747c79c2c7abc0ddd1,0f6d5a6dec681b19937baa91d4a9e99d366c166e49355b747c79c2c7abc0ddd1,True,2
train,446,1810,1814,49050f015c27153a403c5cc6ec740689ce443d98e256d00ba8b1292115e6e1bc,True,1,4488,4487,49050f015c27153a403c5cc6ec740689ce443d98e256d00ba8b1292115e6e1bc,49050f015c27153a403c5cc6ec740689ce443d98e256d00ba8b1292115e6e1bc,True,2
train,447,1810,1819,8ce30b6620049359f8c33af905193001be1e8e3bb34254d9298cc31a3cfd85ad,True,1,4488,4487,8ce30b6620049359f8c33af905193001be1e8e3bb34254d9298cc31a3cfd85ad,8ce30b6620049359f8c33af905193001be1e8e3bb34254d9298cc31a3cfd85ad,True,2
train,448,1815,1950,5e70f22d800cd8b70b38d154400e884f0a22fb58c7b634289b1e069f3d65ead4,True,1,4488,4487,5e70f22d800cd8b70b38d154400e884f0a22fb58c7b634289b1e069f3d65ead4,5e70f22d800cd8b70b38d154400e884f0a22fb58c7b634289b1e069f3d65ead4,True,2
train,449,1820,1873,865d6f4986738dda26f36ac3c8a172b59f4d9d2a3dc15dbc4970dc76cb9217d9,True,1,4488,4487,865d6f4986738dda26f36ac3c8a172b59f4d9d2a3dc15dbc4970dc76cb9217d9,865d6f4986738dda26f36ac3c8a172b59f4d9d2a3dc15dbc4970dc76cb9217d9,True,2
train,450,1827,1828,802769364c6180e4710cae6c599620d6d119b557831c4eec600895db82096eeb,True,1,4488,4487,802769364c6180e4710cae6c599620d6d119b557831c4eec600895db82096eeb,802769364c6180e4710cae6c599620d6d119b557831c4eec600895db82096eeb,True,2
train,451,1841,2056,d1e4dbb54eeadcae6037b98059dd460406c14d26b59155cf853808711d414c3c,True,1,4488,4487,d1e4dbb54eeadcae6037b98059dd460406c14d26b59155cf853808711d414c3c,d1e4dbb54eeadcae6037b98059dd460406c14d26b59155cf853808711d414c3c,True,2
train,452,1862,2582,24ea750c35663bd521d6f32f419259e089acbbbbfa17d74e21ee9e43e595338d,True,1,4488,4487,24ea750c35663bd521d6f32f419259e089acbbbbfa17d74e21ee9e43e595338d,24ea750c35663bd521d6f32f419259e089acbbbbfa17d74e21ee9e43e595338d,True,2
train,453,1870,1986,ede6f19f04db3d0ffb9e7b71b3f3f253d667131016ac20a2dfada1429cdd21bf,True,1,4488,4487,ede6f19f04db3d0ffb9e7b71b3f3f253d667131016ac20a2dfada1429cdd21bf,ede6f19f04db3d0ffb9e7b71b3f3f253d667131016ac20a2dfada1429cdd21bf,True,2
train,454,1878,2256,f6b487764de570b591f2eba276ee5e55b58f689b87c883f6cb6e434cab78ef29,True,1,4488,4487,f6b487764de570b591f2eba276ee5e55b58f689b87c883f6cb6e434cab78ef29,f6b487764de570b591f2eba276ee5e55b58f689b87c883f6cb6e434cab78ef29,True,2
train,455,1884,1885,56fb4a015a32b447ae7dd47dc722fd21c5594a3ff68e484b058559eb11758663,True,1,4488,4487,56fb4a015a32b447ae7dd47dc722fd21c5594a3ff68e484b058559eb11758663,56fb4a015a32b447ae7dd47dc722fd21c5594a3ff68e484b058559eb11758663,True,2
train,456,1885,2644,17552e22abe80f87686b821d1b26abc73391c999e32b8735ee66061c85d5c36b,True,1,4488,4487,17552e22abe80f87686b821d1b26abc73391c999e32b8735ee66061c85d5c36b,17552e22abe80f87686b821d1b26abc73391c999e32b8735ee66061c85d5c36b,True,2
train,457,1896,1897,a2ea2f3853665a7de9408bcf2b348d55b82a9feae506e4a1b330e61f28773105,True,1,4488,4487,a2ea2f3853665a7de9408bcf2b348d55b82a9feae506e4a1b330e61f28773105,a2ea2f3853665a7de9408bcf2b348d55b82a9feae506e4a1b330e61f28773105,True,2
train,458,1902,1904,7d6426b8d2cd08c4270a9580e21711f9a2ff9e24cb1fd6310543c13c65ea1eac,True,1,4488,4487,7d6426b8d2cd08c4270a9580e21711f9a2ff9e24cb1fd6310543c13c65ea1eac,7d6426b8d2cd08c4270a9580e21711f9a2ff9e24cb1fd6310543c13c65ea1eac,True,2
train,459,1903,1960,aeed06a15eaf29d55365be6cdd7e2329ab230ec2b3ace6db5ea6284ffc079efa,True,1,4488,4487,aeed06a15eaf29d55365be6cdd7e2329ab230ec2b3ace6db5ea6284ffc079efa,aeed06a15eaf29d55365be6cdd7e2329ab230ec2b3ace6db5ea6284ffc079efa,True,2
train,460,1914,1917,20883a46d0a1a92485dce84933465ec599974457d580d7e545e8db24e92c8f92,True,1,4488,4487,20883a46d0a1a92485dce84933465ec599974457d580d7e545e8db24e92c8f92,20883a46d0a1a92485dce84933465ec599974457d580d7e545e8db24e92c8f92,True,2
train,461,1925,2620,23a3380f9854db99e012d95d5ebf6576f53638e6afd59d26e133a5c7d9c411e1,True,1,4488,4487,23a3380f9854db99e012d95d5ebf6576f53638e6afd59d26e133a5c7d9c411e1,23a3380f9854db99e012d95d5ebf6576f53638e6afd59d26e133a5c7d9c411e1,True,2
train,462,1928,2317,b82bab0f931f221862f0ccfe27559ae7e24866acbcf13a7786473c89dd537025,True,1,4488,4487,b82bab0f931f221862f0ccfe27559ae7e24866acbcf13a7786473c89dd537025,b82bab0f931f221862f0ccfe27559ae7e24866acbcf13a7786473c89dd537025,True,2
train,463,1944,1950,71a4bc21c3e87aac105e16240bf70918aa878be072047221a8f45b9cad9a6f4f,True,1,4488,4487,71a4bc21c3e87aac105e16240bf70918aa878be072047221a8f45b9cad9a6f4f,71a4bc21c3e87aac105e16240bf70918aa878be072047221a8f45b9cad9a6f4f,True,2
train,464,1957,2241,53cbef108af7980792b9685a0755e4ace4c0e9a0568d8c3984538dd81080b27a,True,1,4488,4487,53cbef108af7980792b9685a0755e4ace4c0e9a0568d8c3984538dd81080b27a,53cbef108af7980792b9685a0755e4ace4c0e9a0568d8c3984538dd81080b27a,True,2
train,465,1962,1963,0a76bada6e054be33cf0b1513d4e858a262f1256dd2797b822896e896b93fa0d,True,1,4488,4487,0a76bada6e054be33cf0b1513d4e858a262f1256dd2797b822896e896b93fa0d,0a76bada6e054be33cf0b1513d4e858a262f1256dd2797b822896e896b93fa0d,True,2
train,466,1973,1976,e66e51385c72502379d7f14ec207d3d371192b6a5c9ad1ccf6f3bb4b08963c9c,True,1,4488,4487,e66e51385c72502379d7f14ec207d3d371192b6a5c9ad1ccf6f3bb4b08963c9c,e66e51385c72502379d7f14ec207d3d371192b6a5c9ad1ccf6f3bb4b08963c9c,True,2
train,467,1975,2109,0e0d96332a02f086b83b91bb90da73ed0f154a191d89eb1af1a0e3805e6bf205,True,1,4488,4487,0e0d96332a02f086b83b91bb90da73ed0f154a191d89eb1af1a0e3805e6bf205,0e0d96332a02f086b83b91bb90da73ed0f154a191d89eb1af1a0e3805e6bf205,True,2
train,468,1975,2110,e4ea6bf2de593739e04ab356575804e6de9ad9197b7c645c6eef372562a3583d,True,1,4488,4487,e4ea6bf2de593739e04ab356575804e6de9ad9197b7c645c6eef372562a3583d,e4ea6bf2de593739e04ab356575804e6de9ad9197b7c645c6eef372562a3583d,True,2
train,469,1979,1980,1284cc1f3188231b37a90ae79af989f8d3c8fccb00f0fffbd874588c1e733a03,True,1,4488,4487,1284cc1f3188231b37a90ae79af989f8d3c8fccb00f0fffbd874588c1e733a03,1284cc1f3188231b37a90ae79af989f8d3c8fccb00f0fffbd874588c1e733a03,True,2
train,470,1986,1995,f245e158ee98861d5ad3c46136f24225754b40bb6392de8acc51842536a8d91a,True,1,4488,4487,f245e158ee98861d5ad3c46136f24225754b40bb6392de8acc51842536a8d91a,f245e158ee98861d5ad3c46136f24225754b40bb6392de8acc51842536a8d91a,True,2
train,471,1986,2002,2e186f5cdbad39be541ef1963704d93dccab0fa4202aaa756b1ebf4a92d1a5c2,True,1,4488,4487,2e186f5cdbad39be541ef1963704d93dccab0fa4202aaa756b1ebf4a92d1a5c2,2e186f5cdbad39be541ef1963704d93dccab0fa4202aaa756b1ebf4a92d1a5c2,True,2
train,472,1986,2003,2dbe4088733a11db8e0a59c4f9e311d712692e12d3da348c0657468caa642a8e,True,1,4488,4487,2dbe4088733a11db8e0a59c4f9e311d712692e12d3da348c0657468caa642a8e,2dbe4088733a11db8e0a59c4f9e311d712692e12d3da348c0657468caa642a8e,True,2
train,473,1986,2006,328593e7493caf89598c2972bb558739607d7e7c36e5100b748f1bb6821c4839,True,1,4488,4487,328593e7493caf89598c2972bb558739607d7e7c36e5100b748f1bb6821c4839,328593e7493caf89598c2972bb558739607d7e7c36e5100b748f1bb6821c4839,True,2
train,474,1991,2325,3dc98ca163049c07ae4b74d2cc19d5d222ef04e32ebb22e1aa1b6aa6571e07f8,True,1,4488,4487,3dc98ca163049c07ae4b74d2cc19d5d222ef04e32ebb22e1aa1b6aa6571e07f8,3dc98ca163049c07ae4b74d2cc19d5d222ef04e32ebb22e1aa1b6aa6571e07f8,True,2
train,475,1997,2412,8eb9fe059cca871f3dd652c82f246ae3f7ac489196e86ddc0cdf891e1ce41267,True,1,4488,4487,8eb9fe059cca871f3dd652c82f246ae3f7ac489196e86ddc0cdf891e1ce41267,8eb9fe059cca871f3dd652c82f246ae3f7ac489196e86ddc0cdf891e1ce41267,True,2
train,476,2001,2003,46b327b43ba9318a39350a7c4a67f9385c747d25d99fd54428207ef721fc9db0,True,1,4488,4487,46b327b43ba9318a39350a7c4a67f9385c747d25d99fd54428207ef721fc9db0,46b327b43ba9318a39350a7c4a67f9385c747d25d99fd54428207ef721fc9db0,True,2
train,477,2001,2121,919072f962ac38126323ead9deba595347cebc7223ac41be588a2e971b62e520,True,1,4488,4487,919072f962ac38126323ead9deba595347cebc7223ac41be588a2e971b62e520,919072f962ac38126323ead9deba595347cebc7223ac41be588a2e971b62e520,True,2
train,478,2016,2071,885813e54ec57f6d75f151334b873a59f6f7333657e176b0a6a889067d50d837,True,1,4488,4487,885813e54ec57f6d75f151334b873a59f6f7333657e176b0a6a889067d50d837,885813e54ec57f6d75f151334b873a59f6f7333657e176b0a6a889067d50d837,True,2
train,479,2018,2019,76df01508207667c01463a51f86f4868120945cd72e07c1fc70fc56859595105,True,1,4488,4487,76df01508207667c01463a51f86f4868120945cd72e07c1fc70fc56859595105,76df01508207667c01463a51f86f4868120945cd72e07c1fc70fc56859595105,True,2
train,480,2023,2217,b38fc7358cdef66e2d6d1b9e12c5d40571ab7478f9e88c74d513b41ad41e8de7,True,1,4488,4487,b38fc7358cdef66e2d6d1b9e12c5d40571ab7478f9e88c74d513b41ad41e8de7,b38fc7358cdef66e2d6d1b9e12c5d40571ab7478f9e88c74d513b41ad41e8de7,True,2
train,481,2030,2112,ab1a4e9cd81a40fba6b1760962ca8d23ad78fc46df38fdda0be348c55af1f191,True,1,4488,4487,ab1a4e9cd81a40fba6b1760962ca8d23ad78fc46df38fdda0be348c55af1f191,ab1a4e9cd81a40fba6b1760962ca8d23ad78fc46df38fdda0be348c55af1f191,True,2
train,482,2086,2094,667680ac8975cc6b2c96d89bbd80106b68bb744e424b44605b0367d739f0a28b,True,1,4488,4487,667680ac8975cc6b2c96d89bbd80106b68bb744e424b44605b0367d739f0a28b,667680ac8975cc6b2c96d89bbd80106b68bb744e424b44605b0367d739f0a28b,True,2
train,483,2095,2329,55bd8e03c9faebeeaa0c7a91ac83e17400f2d596c29c92c491a4d0c939b71721,True,1,4488,4487,55bd8e03c9faebeeaa0c7a91ac83e17400f2d596c29c92c491a4d0c939b71721,55bd8e03c9faebeeaa0c7a91ac83e17400f2d596c29c92c491a4d0c939b71721,True,2
train,484,2117,2118,dab11be6d2a7acd9bf382a5d118f9f399611af7892bda8635464ae20d5e5a530,True,1,4488,4487,dab11be6d2a7acd9bf382a5d118f9f399611af7892bda8635464ae20d5e5a530,dab11be6d2a7acd9bf382a5d118f9f399611af7892bda8635464ae20d5e5a530,True,2
train,485,2124,2127,29f64c0d3b07b04535ebb63a7bbd8b6a5ea58424a509077a35a21d7676a21a44,True,1,4488,4487,29f64c0d3b07b04535ebb63a7bbd8b6a5ea58424a509077a35a21d7676a21a44,29f64c0d3b07b04535ebb63a7bbd8b6a5ea58424a509077a35a21d7676a21a44,True,2
train,486,2128,2129,02ce142c85a3de03b2ed3d96c5516c5bb8c83b940a938d88593d540b2a38214f,True,1,4488,4487,02ce142c85a3de03b2ed3d96c5516c5bb8c83b940a938d88593d540b2a38214f,02ce142c85a3de03b2ed3d96c5516c5bb8c83b940a938d88593d540b2a38214f,True,2
train,487,2131,2182,443f11e8f4cf7b165e4ef3963f37519cf99fef87b02ecf5428a0a74daab9cafa,True,1,4488,4487,443f11e8f4cf7b165e4ef3963f37519cf99fef87b02ecf5428a0a74daab9cafa,443f11e8f4cf7b165e4ef3963f37519cf99fef87b02ecf5428a0a74daab9cafa,True,2
train,488,2141,2142,04a10c6ef0ca5ce75312908de8e38162e203f97bb7a14366c2ed8f0b8cbe2014,True,1,4488,4487,04a10c6ef0ca5ce75312908de8e38162e203f97bb7a14366c2ed8f0b8cbe2014,04a10c6ef0ca5ce75312908de8e38162e203f97bb7a14366c2ed8f0b8cbe2014,True,2
train,489,2152,2385,c9072c95f02c45d6e77aa3bb9022c670b32380732eb2c0c7e003a1ee7aef1843,True,1,4488,4487,c9072c95f02c45d6e77aa3bb9022c670b32380732eb2c0c7e003a1ee7aef1843,c9072c95f02c45d6e77aa3bb9022c670b32380732eb2c0c7e003a1ee7aef1843,True,2
train,490,2155,2293,25b5a65ebab249c8b9751079c3bc1099dd16efadd3dfe5acb5a055201fdc91c7,True,1,4488,4487,25b5a65ebab249c8b9751079c3bc1099dd16efadd3dfe5acb5a055201fdc91c7,25b5a65ebab249c8b9751079c3bc1099dd16efadd3dfe5acb5a055201fdc91c7,True,2
train,491,2157,2160,3943c574879b2979a0ed0a3da07b36c67e68a58068c3a794c58f1acff3f75102,True,1,4488,4487,3943c574879b2979a0ed0a3da07b36c67e68a58068c3a794c58f1acff3f75102,3943c574879b2979a0ed0a3da07b36c67e68a58068c3a794c58f1acff3f75102,True,2
train,492,2175,2176,2a28216d55bd3448219aa280713b9bdb648e7946e96a1384ff02efeea21252c1,True,1,4488,4487,2a28216d55bd3448219aa280713b9bdb648e7946e96a1384ff02efeea21252c1,2a28216d55bd3448219aa280713b9bdb648e7946e96a1384ff02efeea21252c1,True,2
train,493,2182,2198,803c4c84845ace65ad1c6926e538098f0948f9c4815c73e2c5dd1dbde7f71deb,True,1,4488,4487,803c4c84845ace65ad1c6926e538098f0948f9c4815c73e2c5dd1dbde7f71deb,803c4c84845ace65ad1c6926e538098f0948f9c4815c73e2c5dd1dbde7f71deb,True,2
train,494,2203,2330,3c2bd322fa34653d75f731029cba6c900d83373e724fc9850d963ce19dbde7cc,True,1,4488,4487,3c2bd322fa34653d75f731029cba6c900d83373e724fc9850d963ce19dbde7cc,3c2bd322fa34653d75f731029cba6c900d83373e724fc9850d963ce19dbde7cc,True,2
train,495,2223,2224,b577381863311ed091dc4ea1d10c25ec1f12fbde869c878a2970ab25650b1d30,True,1,4488,4487,b577381863311ed091dc4ea1d10c25ec1f12fbde869c878a2970ab25650b1d30,b577381863311ed091dc4ea1d10c25ec1f12fbde869c878a2970ab25650b1d30,True,2
train,496,2247,2509,14edc1f9fcb2c0c9abc4ad42c0d393123ed6fa5d165674a3d3c1a769b37c4371,True,1,4488,4487,14edc1f9fcb2c0c9abc4ad42c0d393123ed6fa5d165674a3d3c1a769b37c4371,14edc1f9fcb2c0c9abc4ad42c0d393123ed6fa5d165674a3d3c1a769b37c4371,True,2
train,497,2248,2249,6bd3da7e3f166efa0cbba4e2a5b64da338f4e71b3fbb311b1867d52dd3cf7fe5,True,1,4488,4487,6bd3da7e3f166efa0cbba4e2a5b64da338f4e71b3fbb311b1867d52dd3cf7fe5,6bd3da7e3f166efa0cbba4e2a5b64da338f4e71b3fbb311b1867d52dd3cf7fe5,True,2
train,498,2259,2337,d38639957945527d9a0b612649de7c1e10d243dd2cbf75967cb390df3a40d00b,True,1,4488,4487,d38639957945527d9a0b612649de7c1e10d243dd2cbf75967cb390df3a40d00b,d38639957945527d9a0b612649de7c1e10d243dd2cbf75967cb390df3a40d00b,True,2
train,499,2268,2291,34edf604f72529949969bd2afc8d41be579d0aada11d6f827ec83096afdfa44b,True,1,4488,4487,34edf604f72529949969bd2afc8d41be579d0aada11d6f827ec83096afdfa44b,34edf604f72529949969bd2afc8d41be579d0aada11d6f827ec83096afdfa44b,True,2
train,500,2305,2306,1b97998d0b1621afba99ae02c4cf6cf01decb5d4258094bb82dc9719473b97f1,True,1,4488,4487,1b97998d0b1621afba99ae02c4cf6cf01decb5d4258094bb82dc9719473b97f1,1b97998d0b1621afba99ae02c4cf6cf01decb5d4258094bb82dc9719473b97f1,True,2
train,501,2327,2328,7eeabaae80cfe0dfeff7731220c7603c3974b71066651dcd0d89f7df75bde04f,True,1,4488,4487,7eeabaae80cfe0dfeff7731220c7603c3974b71066651dcd0d89f7df75bde04f,7eeabaae80cfe0dfeff7731220c7603c3974b71066651dcd0d89f7df75bde04f,True,2
train,502,2329,2330,0930321ddf643ce741cbfd3604aeab6a031daf2be213aeecf6d4936a4a3e0690,True,1,4488,4487,0930321ddf643ce741cbfd3604aeab6a031daf2be213aeecf6d4936a4a3e0690,0930321ddf643ce741cbfd3604aeab6a031daf2be213aeecf6d4936a4a3e0690,True,2
train,503,2346,2349,0b9071f0698064eb6610e72a065bb6ac1f80009690c6d1ac303c8c38549b9ed2,True,1,4488,4487,0b9071f0698064eb6610e72a065bb6ac1f80009690c6d1ac303c8c38549b9ed2,0b9071f0698064eb6610e72a065bb6ac1f80009690c6d1ac303c8c38549b9ed2,True,2
train,504,2367,2371,0f81e29b7a146230c1a5868518cc75f2c802868a573ad5f80e57d4dc993903f3,True,1,4488,4487,0f81e29b7a146230c1a5868518cc75f2c802868a573ad5f80e57d4dc993903f3,0f81e29b7a146230c1a5868518cc75f2c802868a573ad5f80e57d4dc993903f3,True,2
train,505,2369,2370,09a5acf84661d1097b95adfe7aa86accbf4e6c498b87305c04e900a9becc5742,True,1,4488,4487,09a5acf84661d1097b95adfe7aa86accbf4e6c498b87305c04e900a9becc5742,09a5acf84661d1097b95adfe7aa86accbf4e6c498b87305c04e900a9becc5742,True,2
train,506,2410,2411,43ae283a11d5355754ecf793ab4add71203323166124b426e3399b2b56632fa8,True,1,4488,4487,43ae283a11d5355754ecf793ab4add71203323166124b426e3399b2b56632fa8,43ae283a11d5355754ecf793ab4add71203323166124b426e3399b2b56632fa8,True,2
train,507,2442,2614,e9bef0cd6034f36b1abcb5c10cab79948305ee3481d0a1d55ee875bb47484dc3,True,1,4488,4487,e9bef0cd6034f36b1abcb5c10cab79948305ee3481d0a1d55ee875bb47484dc3,e9bef0cd6034f36b1abcb5c10cab79948305ee3481d0a1d55ee875bb47484dc3,True,2
train,508,2444,2503,23e05e070efc8c4e364b71db3c5fff24e955ef698e34e0a9360a9b1c43b69c4b,True,1,4488,4487,23e05e070efc8c4e364b71db3c5fff24e955ef698e34e0a9360a9b1c43b69c4b,23e05e070efc8c4e364b71db3c5fff24e955ef698e34e0a9360a9b1c43b69c4b,True,2
train,509,2494,2495,3d60f99759c3170dd8bda6a4e50ef85c6ae8cac5e71f87695fe996015c76aa94,True,1,4488,4487,3d60f99759c3170dd8bda6a4e50ef85c6ae8cac5e71f87695fe996015c76aa94,3d60f99759c3170dd8bda6a4e50ef85c6ae8cac5e71f87695fe996015c76aa94,True,2
train,510,2565,2566,f71668dc74c4fc014f278e080e2be6e161027a6055273f0edd12515e42b0e7f5,True,1,4488,4487,f71668dc74c4fc014f278e080e2be6e161027a6055273f0edd12515e42b0e7f5,f71668dc74c4fc014f278e080e2be6e161027a6055273f0edd12515e42b0e7f5,True,2
train,511,2570,2572,850e5403c292ea4eb6a477c72a35ed794e55f21c448a72df1ffdb3fe33e64652,True,1,4488,4487,850e5403c292ea4eb6a477c72a35ed794e55f21c448a72df1ffdb3fe33e64652,850e5403c292ea4eb6a477c72a35ed794e55f21c448a72df1ffdb3fe33e64652,True,2
valid,0,1151,2700,cf8bee4faf9f1e67678d45b7cd8c350d04e95baeead6b79c4cff607556fb7129,False,0,4488,4488,cf8bee4faf9f1e67678d45b7cd8c350d04e95baeead6b79c4cff607556fb7129,cf8bee4faf9f1e67678d45b7cd8c350d04e95baeead6b79c4cff607556fb7129,True,2
valid,1,438,1667,cf8bee4faf9f1e67678d45b7cd8c350d04e95baeead6b79c4cff607556fb7129,False,0,4488,4488,cf8bee4faf9f1e67678d45b7cd8c350d04e95baeead6b79c4cff607556fb7129,cf8bee4faf9f1e67678d45b7cd8c350d04e95baeead6b79c4cff607556fb7129,True,2
valid,2,357,2652,cf8bee4faf9f1e67678d45b7cd8c350d04e95baeead6b79c4cff607556fb7129,False,0,4488,4488,cf8bee4faf9f1e67678d45b7cd8c350d04e95baeead6b79c4cff607556fb7129,cf8bee4faf9f1e67678d45b7cd8c350d04e95baeead6b79c4cff607556fb7129,True,2
valid,3,734,1388,cf8bee4faf9f1e67678d45b7cd8c350d04e95baeead6b79c4cff607556fb7129,False,0,4488,4488,cf8bee4faf9f1e67678d45b7cd8c350d04e95baeead6b79c4cff607556fb7129,cf8bee4faf9f1e67678d45b7cd8c350d04e95baeead6b79c4cff607556fb7129,True,2
valid,4,997,1837,cf8bee4faf9f1e67678d45b7cd8c350d04e95baeead6b79c4cff607556fb7129,False,0,4488,4488,cf8bee4faf9f1e67678d45b7cd8c350d04e95baeead6b79c4cff607556fb7129,cf8bee4faf9f1e67678d45b7cd8c350d04e95baeead6b79c4cff607556fb7129,True,2
valid,5,1725,2413,cf8bee4faf9f1e67678d45b7cd8c350d04e95baeead6b79c4cff607556fb7129,False,0,4488,4488,cf8bee4faf9f1e67678d45b7cd8c350d04e95baeead6b79c4cff607556fb7129,cf8bee4faf9f1e67678d45b7cd8c350d04e95baeead6b79c4cff607556fb7129,True,2
valid,6,26,99,cf8bee4faf9f1e67678d45b7cd8c350d04e95baeead6b79c4cff607556fb7129,False,0,4488,4488,cf8bee4faf9f1e67678d45b7cd8c350d04e95baeead6b79c4cff607556fb7129,cf8bee4faf9f1e67678d45b7cd8c350d04e95baeead6b79c4cff607556fb7129,True,2
valid,7,1003,1373,cf8bee4faf9f1e67678d45b7cd8c350d04e95baeead6b79c4cff607556fb7129,False,0,4488,4488,cf8bee4faf9f1e67678d45b7cd8c350d04e95baeead6b79c4cff607556fb7129,cf8bee4faf9f1e67678d45b7cd8c350d04e95baeead6b79c4cff607556fb7129,True,2
valid,8,1041,1466,cf8bee4faf9f1e67678d45b7cd8c350d04e95baeead6b79c4cff607556fb7129,False,0,4488,4488,cf8bee4faf9f1e67678d45b7cd8c350d04e95baeead6b79c4cff607556fb7129,cf8bee4faf9f1e67678d45b7cd8c350d04e95baeead6b79c4cff607556fb7129,True,2
valid,9,374,2146,cf8bee4faf9f1e67678d45b7cd8c350d04e95baeead6b79c4cff607556fb7129,False,0,4488,4488,cf8bee4faf9f1e67678d45b7cd8c350d04e95baeead6b79c4cff607556fb7129,cf8bee4faf9f1e67678d45b7cd8c350d04e95baeead6b79c4cff607556fb7129,True,2
valid,10,534,629,cf8bee4faf9f1e67678d45b7cd8c350d04e95baeead6b79c4cff607556fb7129,False,0,4488,4488,cf8bee4faf9f1e67678d45b7cd8c350d04e95baeead6b79c4cff607556fb7129,cf8bee4faf9f1e67678d45b7cd8c350d04e95baeead6b79c4cff607556fb7129,True,2
valid,11,994,1329,cf8bee4faf9f1e67678d45b7cd8c350d04e95baeead6b79c4cff607556fb7129,False,0,4488,4488,cf8bee4faf9f1e67678d45b7cd8c350d04e95baeead6b79c4cff607556fb7129,cf8bee4faf9f1e67678d45b7cd8c350d04e95baeead6b79c4cff607556fb7129,True,2
valid,12,1196,1367,cf8bee4faf9f1e67678d45b7cd8c350d04e95baeead6b79c4cff607556fb7129,False,0,4488,4488,cf8bee4faf9f1e67678d45b7cd8c350d04e95baeead6b79c4cff607556fb7129,cf8bee4faf9f1e67678d45b7cd8c350d04e95baeead6b79c4cff607556fb7129,True,2
valid,13,444,623,cf8bee4faf9f1e67678d45b7cd8c350d04e95baeead6b79c4cff607556fb7129,False,0,4488,4488,cf8bee4faf9f1e67678d45b7cd8c350d04e95baeead6b79c4cff607556fb7129,cf8bee4faf9f1e67678d45b7cd8c350d04e95baeead6b79c4cff607556fb7129,True,2
valid,14,1792,2485,cf8bee4faf9f1e67678d45b7cd8c350d04e95baeead6b79c4cff607556fb7129,False,0,4488,4488,cf8bee4faf9f1e67678d45b7cd8c350d04e95baeead6b79c4cff607556fb7129,cf8bee4faf9f1e67678d45b7cd8c350d04e95baeead6b79c4cff607556fb7129,True,2
valid,15,1233,2433,cf8bee4faf9f1e67678d45b7cd8c350d04e95baeead6b79c4cff607556fb7129,False,0,4488,4488,cf8bee4faf9f1e67678d45b7cd8c350d04e95baeead6b79c4cff607556fb7129,cf8bee4faf9f1e67678d45b7cd8c350d04e95baeead6b79c4cff607556fb7129,True,2
valid,16,203,1115,cf8bee4faf9f1e67678d45b7cd8c350d04e95baeead6b79c4cff607556fb7129,False,0,4488,4488,cf8bee4faf9f1e67678d45b7cd8c350d04e95baeead6b79c4cff607556fb7129,cf8bee4faf9f1e67678d45b7cd8c350d04e95baeead6b79c4cff607556fb7129,True,2
valid,17,28,1687,cf8bee4faf9f1e67678d45b7cd8c350d04e95baeead6b79c4cff607556fb7129,False,0,4488,4488,cf8bee4faf9f1e67678d45b7cd8c350d04e95baeead6b79c4cff607556fb7129,cf8bee4faf9f1e67678d45b7cd8c350d04e95baeead6b79c4cff607556fb7129,True,2
valid,18,1209,1737,cf8bee4faf9f1e67678d45b7cd8c350d04e95baeead6b79c4cff607556fb7129,False,0,4488,4488,cf8bee4faf9f1e67678d45b7cd8c350d04e95baeead6b79c4cff607556fb7129,cf8bee4faf9f1e67678d45b7cd8c350d04e95baeead6b79c4cff607556fb7129,True,2
valid,19,817,1736,cf8bee4faf9f1e67678d45b7cd8c350d04e95baeead6b79c4cff607556fb7129,False,0,4488,4488,cf8bee4faf9f1e67678d45b7cd8c350d04e95baeead6b79c4cff607556fb7129,cf8bee4faf9f1e67678d45b7cd8c350d04e95baeead6b79c4cff607556fb7129,True,2
valid,20,383,733,cf8bee4faf9f1e67678d45b7cd8c350d04e95baeead6b79c4cff607556fb7129,False,0,4488,4488,cf8bee4faf9f1e67678d45b7cd8c350d04e95baeead6b79c4cff607556fb7129,cf8bee4faf9f1e67678d45b7cd8c350d04e95baeead6b79c4cff607556fb7129,True,2
valid,21,1185,1460,cf8bee4faf9f1e67678d45b7cd8c350d04e95baeead6b79c4cff607556fb7129,False,0,4488,4488,cf8bee4faf9f1e67678d45b7cd8c350d04e95baeead6b79c4cff607556fb7129,cf8bee4faf9f1e67678d45b7cd8c350d04e95baeead6b79c4cff607556fb7129,True,2
valid,22,48,2205,cf8bee4faf9f1e67678d45b7cd8c350d04e95baeead6b79c4cff607556fb7129,False,0,4488,4488,cf8bee4faf9f1e67678d45b7cd8c350d04e95baeead6b79c4cff607556fb7129,cf8bee4faf9f1e67678d45b7cd8c350d04e95baeead6b79c4cff607556fb7129,True,2
valid,23,251,812,cf8bee4faf9f1e67678d45b7cd8c350d04e95baeead6b79c4cff607556fb7129,False,0,4488,4488,cf8bee4faf9f1e67678d45b7cd8c350d04e95baeead6b79c4cff607556fb7129,cf8bee4faf9f1e67678d45b7cd8c350d04e95baeead6b79c4cff607556fb7129,True,2
valid,24,2130,2249,cf8bee4faf9f1e67678d45b7cd8c350d04e95baeead6b79c4cff607556fb7129,False,0,4488,4488,cf8bee4faf9f1e67678d45b7cd8c350d04e95baeead6b79c4cff607556fb7129,cf8bee4faf9f1e67678d45b7cd8c350d04e95baeead6b79c4cff607556fb7129,True,2
valid,25,1376,2232,cf8bee4faf9f1e67678d45b7cd8c350d04e95baeead6b79c4cff607556fb7129,False,0,4488,4488,cf8bee4faf9f1e67678d45b7cd8c350d04e95baeead6b79c4cff607556fb7129,cf8bee4faf9f1e67678d45b7cd8c350d04e95baeead6b79c4cff607556fb7129,True,2
valid,26,788,1952,cf8bee4faf9f1e67678d45b7cd8c350d04e95baeead6b79c4cff607556fb7129,False,0,4488,4488,cf8bee4faf9f1e67678d45b7cd8c350d04e95baeead6b79c4cff607556fb7129,cf8bee4faf9f1e67678d45b7cd8c350d04e95baeead6b79c4cff607556fb7129,True,2
valid,27,519,1670,cf8bee4faf9f1e67678d45b7cd8c350d04e95baeead6b79c4cff607556fb7129,False,0,4488,4488,cf8bee4faf9f1e67678d45b7cd8c350d04e95baeead6b79c4cff607556fb7129,cf8bee4faf9f1e67678d45b7cd8c350d04e95baeead6b79c4cff607556fb7129,True,2
valid,28,2618,2619,cf8bee4faf9f1e67678d45b7cd8c350d04e95baeead6b79c4cff607556fb7129,False,0,4488,4488,cf8bee4faf9f1e67678d45b7cd8c350d04e95baeead6b79c4cff607556fb7129,cf8bee4faf9f1e67678d45b7cd8c350d04e95baeead6b79c4cff607556fb7129,True,2
valid,29,440,1296,cf8bee4faf9f1e67678d45b7cd8c350d04e95baeead6b79c4cff607556fb7129,False,0,4488,4488,cf8bee4faf9f1e67678d45b7cd8c350d04e95baeead6b79c4cff607556fb7129,cf8bee4faf9f1e67678d45b7cd8c350d04e95baeead6b79c4cff607556fb7129,True,2
valid,30,378,602,cf8bee4faf9f1e67678d45b7cd8c350d04e95baeead6b79c4cff607556fb7129,False,0,4488,4488,cf8bee4faf9f1e67678d45b7cd8c350d04e95baeead6b79c4cff607556fb7129,cf8bee4faf9f1e67678d45b7cd8c350d04e95baeead6b79c4cff607556fb7129,True,2
valid,31,1952,2205,cf8bee4faf9f1e67678d45b7cd8c350d04e95baeead6b79c4cff607556fb7129,False,0,4488,4488,cf8bee4faf9f1e67678d45b7cd8c350d04e95baeead6b79c4cff607556fb7129,cf8bee4faf9f1e67678d45b7cd8c350d04e95baeead6b79c4cff607556fb7129,True,2
valid,32,793,2592,cf8bee4faf9f1e67678d45b7cd8c350d04e95baeead6b79c4cff607556fb7129,False,0,4488,4488,cf8bee4faf9f1e67678d45b7cd8c350d04e95baeead6b79c4cff607556fb7129,cf8bee4faf9f1e67678d45b7cd8c350d04e95baeead6b79c4cff607556fb7129,True,2
valid,33,661,830,cf8bee4faf9f1e67678d45b7cd8c350d04e95baeead6b79c4cff607556fb7129,False,0,4488,4488,cf8bee4faf9f1e67678d45b7cd8c350d04e95baeead6b79c4cff607556fb7129,cf8bee4faf9f1e67678d45b7cd8c350d04e95baeead6b79c4cff607556fb7129,True,2
valid,34,895,1913,cf8bee4faf9f1e67678d45b7cd8c350d04e95baeead6b79c4cff607556fb7129,False,0,4488,4488,cf8bee4faf9f1e67678d45b7cd8c350d04e95baeead6b79c4cff607556fb7129,cf8bee4faf9f1e67678d45b7cd8c350d04e95baeead6b79c4cff607556fb7129,True,2
valid,35,1631,2196,cf8bee4faf9f1e67678d45b7cd8c350d04e95baeead6b79c4cff607556fb7129,False,0,4488,4488,cf8bee4faf9f1e67678d45b7cd8c350d04e95baeead6b79c4cff607556fb7129,cf8bee4faf9f1e67678d45b7cd8c350d04e95baeead6b79c4cff607556fb7129,True,2
valid,36,1358,1758,cf8bee4faf9f1e67678d45b7cd8c350d04e95baeead6b79c4cff607556fb7129,False,0,4488,4488,cf8bee4faf9f1e67678d45b7cd8c350d04e95baeead6b79c4cff607556fb7129,cf8bee4faf9f1e67678d45b7cd8c350d04e95baeead6b79c4cff607556fb7129,True,2
valid,37,121,2251,cf8bee4faf9f1e67678d45b7cd8c350d04e95baeead6b79c4cff607556fb7129,False,0,4488,4488,cf8bee4faf9f1e67678d45b7cd8c350d04e95baeead6b79c4cff607556fb7129,cf8bee4faf9f1e67678d45b7cd8c350d04e95baeead6b79c4cff607556fb7129,True,2
valid,38,95,2182,cf8bee4faf9f1e67678d45b7cd8c350d04e95baeead6b79c4cff607556fb7129,False,0,4488,4488,cf8bee4faf9f1e67678d45b7cd8c350d04e95baeead6b79c4cff607556fb7129,cf8bee4faf9f1e67678d45b7cd8c350d04e95baeead6b79c4cff607556fb7129,True,2
valid,39,1229,2440,cf8bee4faf9f1e67678d45b7cd8c350d04e95baeead6b79c4cff607556fb7129,False,0,4488,4488,cf8bee4faf9f1e67678d45b7cd8c350d04e95baeead6b79c4cff607556fb7129,cf8bee4faf9f1e67678d45b7cd8c350d04e95baeead6b79c4cff607556fb7129,True,2
valid,40,201,1986,cf8bee4faf9f1e67678d45b7cd8c350d04e95baeead6b79c4cff607556fb7129,False,0,4488,4488,cf8bee4faf9f1e67678d45b7cd8c350d04e95baeead6b79c4cff607556fb7129,cf8bee4faf9f1e67678d45b7cd8c350d04e95baeead6b79c4cff607556fb7129,True,2
valid,41,88,1741,cf8bee4faf9f1e67678d45b7cd8c350d04e95baeead6b79c4cff607556fb7129,False,0,4488,4488,cf8bee4faf9f1e67678d45b7cd8c350d04e95baeead6b79c4cff607556fb7129,cf8bee4faf9f1e67678d45b7cd8c350d04e95baeead6b79c4cff607556fb7129,True,2
valid,42,279,838,cf8bee4faf9f1e67678d45b7cd8c350d04e95baeead6b79c4cff607556fb7129,False,0,4488,4488,cf8bee4faf9f1e67678d45b7cd8c350d04e95baeead6b79c4cff607556fb7129,cf8bee4faf9f1e67678d45b7cd8c350d04e95baeead6b79c4cff607556fb7129,True,2
valid,43,454,973,cf8bee4faf9f1e67678d45b7cd8c350d04e95baeead6b79c4cff607556fb7129,False,0,4488,4488,cf8bee4faf9f1e67678d45b7cd8c350d04e95baeead6b79c4cff607556fb7129,cf8bee4faf9f1e67678d45b7cd8c350d04e95baeead6b79c4cff607556fb7129,True,2
valid,44,29,2645,cf8bee4faf9f1e67678d45b7cd8c350d04e95baeead6b79c4cff607556fb7129,False,0,4488,4488,cf8bee4faf9f1e67678d45b7cd8c350d04e95baeead6b79c4cff607556fb7129,cf8bee4faf9f1e67678d45b7cd8c350d04e95baeead6b79c4cff607556fb7129,True,2
valid,45,20,2269,cf8bee4faf9f1e67678d45b7cd8c350d04e95baeead6b79c4cff607556fb7129,False,0,4488,4488,cf8bee4faf9f1e67678d45b7cd8c350d04e95baeead6b79c4cff607556fb7129,cf8bee4faf9f1e67678d45b7cd8c350d04e95baeead6b79c4cff607556fb7129,True,2
valid,46,1144,1245,cf8bee4faf9f1e67678d45b7cd8c350d04e95baeead6b79c4cff607556fb7129,False,0,4488,4488,cf8bee4faf9f1e67678d45b7cd8c350d04e95baeead6b79c4cff607556fb7129,cf8bee4faf9f1e67678d45b7cd8c350d04e95baeead6b79c4cff607556fb7129,True,2
valid,47,1986,1997,cf8bee4faf9f1e67678d45b7cd8c350d04e95baeead6b79c4cff607556fb7129,False,0,4488,4488,cf8bee4faf9f1e67678d45b7cd8c350d04e95baeead6b79c4cff607556fb7129,cf8bee4faf9f1e67678d45b7cd8c350d04e95baeead6b79c4cff607556fb7129,True,2
valid,48,1451,2564,cf8bee4faf9f1e67678d45b7cd8c350d04e95baeead6b79c4cff607556fb7129,False,0,4488,4488,cf8bee4faf9f1e67678d45b7cd8c350d04e95baeead6b79c4cff607556fb7129,cf8bee4faf9f1e67678d45b7cd8c350d04e95baeead6b79c4cff607556fb7129,True,2
valid,49,1772,2045,cf8bee4faf9f1e67678d45b7cd8c350d04e95baeead6b79c4cff607556fb7129,False,0,4488,4488,cf8bee4faf9f1e67678d45b7cd8c350d04e95baeead6b79c4cff607556fb7129,cf8bee4faf9f1e67678d45b7cd8c350d04e95baeead6b79c4cff607556fb7129,True,2
valid,50,306,1805,cf8bee4faf9f1e67678d45b7cd8c350d04e95baeead6b79c4cff607556fb7129,False,0,4488,4488,cf8bee4faf9f1e67678d45b7cd8c350d04e95baeead6b79c4cff607556fb7129,cf8bee4faf9f1e67678d45b7cd8c350d04e95baeead6b79c4cff607556fb7129,True,2
valid,51,88,2011,cf8bee4faf9f1e67678d45b7cd8c350d04e95baeead6b79c4cff607556fb7129,False,0,4488,4488,cf8bee4faf9f1e67678d45b7cd8c350d04e95baeead6b79c4cff607556fb7129,cf8bee4faf9f1e67678d45b7cd8c350d04e95baeead6b79c4cff607556fb7129,True,2
valid,52,325,787,cf8bee4faf9f1e67678d45b7cd8c350d04e95baeead6b79c4cff607556fb7129,False,0,4488,4488,cf8bee4faf9f1e67678d45b7cd8c350d04e95baeead6b79c4cff607556fb7129,cf8bee4faf9f1e67678d45b7cd8c350d04e95baeead6b79c4cff607556fb7129,True,2
valid,53,1050,1380,cf8bee4faf9f1e67678d45b7cd8c350d04e95baeead6b79c4cff607556fb7129,False,0,4488,4488,cf8bee4faf9f1e67678d45b7cd8c350d04e95baeead6b79c4cff607556fb7129,cf8bee4faf9f1e67678d45b7cd8c350d04e95baeead6b79c4cff607556fb7129,True,2
valid,54,444,2464,cf8bee4faf9f1e67678d45b7cd8c350d04e95baeead6b79c4cff607556fb7129,False,0,4488,4488,cf8bee4faf9f1e67678d45b7cd8c350d04e95baeead6b79c4cff607556fb7129,cf8bee4faf9f1e67678d45b7cd8c350d04e95baeead6b79c4cff607556fb7129,True,2
valid,55,25,2317,cf8bee4faf9f1e67678d45b7cd8c350d04e95baeead6b79c4cff607556fb7129,False,0,4488,4488,cf8bee4faf9f1e67678d45b7cd8c350d04e95baeead6b79c4cff607556fb7129,cf8bee4faf9f1e67678d45b7cd8c350d04e95baeead6b79c4cff607556fb7129,True,2
valid,56,133,2082,cf8bee4faf9f1e67678d45b7cd8c350d04e95baeead6b79c4cff607556fb7129,False,0,4488,4488,cf8bee4faf9f1e67678d45b7cd8c350d04e95baeead6b79c4cff607556fb7129,cf8bee4faf9f1e67678d45b7cd8c350d04e95baeead6b79c4cff607556fb7129,True,2
valid,57,489,2391,cf8bee4faf9f1e67678d45b7cd8c350d04e95baeead6b79c4cff607556fb7129,False,0,4488,4488,cf8bee4faf9f1e67678d45b7cd8c350d04e95baeead6b79c4cff607556fb7129,cf8bee4faf9f1e67678d45b7cd8c350d04e95baeead6b79c4cff607556fb7129,True,2
valid,58,1107,2243,cf8bee4faf9f1e67678d45b7cd8c350d04e95baeead6b79c4cff607556fb7129,False,0,4488,4488,cf8bee4faf9f1e67678d45b7cd8c350d04e95baeead6b79c4cff607556fb7129,cf8bee4faf9f1e67678d45b7cd8c350d04e95baeead6b79c4cff607556fb7129,True,2
valid,59,306,1640,cf8bee4faf9f1e67678d45b7cd8c350d04e95baeead6b79c4cff607556fb7129,False,0,4488,4488,cf8bee4faf9f1e67678d45b7cd8c350d04e95baeead6b79c4cff607556fb7129,cf8bee4faf9f1e67678d45b7cd8c350d04e95baeead6b79c4cff607556fb7129,True,2
valid,60,2114,2519,cf8bee4faf9f1e67678d45b7cd8c350d04e95baeead6b79c4cff607556fb7129,False,0,4488,4488,cf8bee4faf9f1e67678d45b7cd8c350d04e95baeead6b79c4cff607556fb7129,cf8bee4faf9f1e67678d45b7cd8c350d04e95baeead6b79c4cff607556fb7129,True,2
valid,61,1427,1742,cf8bee4faf9f1e67678d45b7cd8c350d04e95baeead6b79c4cff607556fb7129,False,0,4488,4488,cf8bee4faf9f1e67678d45b7cd8c350d04e95baeead6b79c4cff607556fb7129,cf8bee4faf9f1e67678d45b7cd8c350d04e95baeead6b79c4cff607556fb7129,True,2
valid,62,1497,2034,cf8bee4faf9f1e67678d45b7cd8c350d04e95baeead6b79c4cff607556fb7129,False,0,4488,4488,cf8bee4faf9f1e67678d45b7cd8c350d04e95baeead6b79c4cff607556fb7129,cf8bee4faf9f1e67678d45b7cd8c350d04e95baeead6b79c4cff607556fb7129,True,2
valid,63,1330,1837,cf8bee4faf9f1e67678d45b7cd8c350d04e95baeead6b79c4cff607556fb7129,False,0,4488,4488,cf8bee4faf9f1e67678d45b7cd8c350d04e95baeead6b79c4cff607556fb7129,cf8bee4faf9f1e67678d45b7cd8c350d04e95baeead6b79c4cff607556fb7129,True,2
valid,64,18,1786,cf8bee4faf9f1e67678d45b7cd8c350d04e95baeead6b79c4cff607556fb7129,False,0,4488,4488,cf8bee4faf9f1e67678d45b7cd8c350d04e95baeead6b79c4cff607556fb7129,cf8bee4faf9f1e67678d45b7cd8c350d04e95baeead6b79c4cff607556fb7129,True,2
valid,65,1009,2096,cf8bee4faf9f1e67678d45b7cd8c350d04e95baeead6b79c4cff607556fb7129,False,0,4488,4488,cf8bee4faf9f1e67678d45b7cd8c350d04e95baeead6b79c4cff607556fb7129,cf8bee4faf9f1e67678d45b7cd8c350d04e95baeead6b79c4cff607556fb7129,True,2
valid,66,766,845,cf8bee4faf9f1e67678d45b7cd8c350d04e95baeead6b79c4cff607556fb7129,False,0,4488,4488,cf8bee4faf9f1e67678d45b7cd8c350d04e95baeead6b79c4cff607556fb7129,cf8bee4faf9f1e67678d45b7cd8c350d04e95baeead6b79c4cff607556fb7129,True,2
valid,67,2335,2336,cf8bee4faf9f1e67678d45b7cd8c350d04e95baeead6b79c4cff607556fb7129,False,0,4488,4488,cf8bee4faf9f1e67678d45b7cd8c350d04e95baeead6b79c4cff607556fb7129,cf8bee4faf9f1e67678d45b7cd8c350d04e95baeead6b79c4cff607556fb7129,True,2
valid,68,616,1358,cf8bee4faf9f1e67678d45b7cd8c350d04e95baeead6b79c4cff607556fb7129,False,0,4488,4488,cf8bee4faf9f1e67678d45b7cd8c350d04e95baeead6b79c4cff607556fb7129,cf8bee4faf9f1e67678d45b7cd8c350d04e95baeead6b79c4cff607556fb7129,True,2
valid,69,182,997,cf8bee4faf9f1e67678d45b7cd8c350d04e95baeead6b79c4cff607556fb7129,False,0,4488,4488,cf8bee4faf9f1e67678d45b7cd8c350d04e95baeead6b79c4cff607556fb7129,cf8bee4faf9f1e67678d45b7cd8c350d04e95baeead6b79c4cff607556fb7129,True,2
valid,70,1242,2148,cf8bee4faf9f1e67678d45b7cd8c350d04e95baeead6b79c4cff607556fb7129,False,0,4488,4488,cf8bee4faf9f1e67678d45b7cd8c350d04e95baeead6b79c4cff607556fb7129,cf8bee4faf9f1e67678d45b7cd8c350d04e95baeead6b79c4cff607556fb7129,True,2
valid,71,441,1455,cf8bee4faf9f1e67678d45b7cd8c350d04e95baeead6b79c4cff607556fb7129,False,0,4488,4488,cf8bee4faf9f1e67678d45b7cd8c350d04e95baeead6b79c4cff607556fb7129,cf8bee4faf9f1e67678d45b7cd8c350d04e95baeead6b79c4cff607556fb7129,True,2
valid,72,1456,1457,cf8bee4faf9f1e67678d45b7cd8c350d04e95baeead6b79c4cff607556fb7129,False,0,4488,4488,cf8bee4faf9f1e67678d45b7cd8c350d04e95baeead6b79c4cff607556fb7129,cf8bee4faf9f1e67678d45b7cd8c350d04e95baeead6b79c4cff607556fb7129,True,2
valid,73,1519,2335,cf8bee4faf9f1e67678d45b7cd8c350d04e95baeead6b79c4cff607556fb7129,False,0,4488,4488,cf8bee4faf9f1e67678d45b7cd8c350d04e95baeead6b79c4cff607556fb7129,cf8bee4faf9f1e67678d45b7cd8c350d04e95baeead6b79c4cff607556fb7129,True,2
valid,74,1193,1705,cf8bee4faf9f1e67678d45b7cd8c350d04e95baeead6b79c4cff607556fb7129,False,0,4488,4488,cf8bee4faf9f1e67678d45b7cd8c350d04e95baeead6b79c4cff607556fb7129,cf8bee4faf9f1e67678d45b7cd8c350d04e95baeead6b79c4cff607556fb7129,True,2
valid,75,1589,2596,cf8bee4faf9f1e67678d45b7cd8c350d04e95baeead6b79c4cff607556fb7129,False,0,4488,4488,cf8bee4faf9f1e67678d45b7cd8c350d04e95baeead6b79c4cff607556fb7129,cf8bee4faf9f1e67678d45b7cd8c350d04e95baeead6b79c4cff607556fb7129,True,2
valid,76,836,1572,cf8bee4faf9f1e67678d45b7cd8c350d04e95baeead6b79c4cff607556fb7129,False,0,4488,4488,cf8bee4faf9f1e67678d45b7cd8c350d04e95baeead6b79c4cff607556fb7129,cf8bee4faf9f1e67678d45b7cd8c350d04e95baeead6b79c4cff607556fb7129,True,2
valid,77,877,1300,cf8bee4faf9f1e67678d45b7cd8c350d04e95baeead6b79c4cff607556fb7129,False,0,4488,4488,cf8bee4faf9f1e67678d45b7cd8c350d04e95baeead6b79c4cff607556fb7129,cf8bee4faf9f1e67678d45b7cd8c350d04e95baeead6b79c4cff607556fb7129,True,2
valid,78,1317,1719,cf8bee4faf9f1e67678d45b7cd8c350d04e95baeead6b79c4cff607556fb7129,False,0,4488,4488,cf8bee4faf9f1e67678d45b7cd8c350d04e95baeead6b79c4cff607556fb7129,cf8bee4faf9f1e67678d45b7cd8c350d04e95baeead6b79c4cff607556fb7129,True,2
valid,79,1426,1751,cf8bee4faf9f1e67678d45b7cd8c350d04e95baeead6b79c4cff607556fb7129,False,0,4488,4488,cf8bee4faf9f1e67678d45b7cd8c350d04e95baeead6b79c4cff607556fb7129,cf8bee4faf9f1e67678d45b7cd8c350d04e95baeead6b79c4cff607556fb7129,True,2
valid,80,107,541,cf8bee4faf9f1e67678d45b7cd8c350d04e95baeead6b79c4cff607556fb7129,False,0,4488,4488,cf8bee4faf9f1e67678d45b7cd8c350d04e95baeead6b79c4cff607556fb7129,cf8bee4faf9f1e67678d45b7cd8c350d04e95baeead6b79c4cff607556fb7129,True,2
valid,81,191,2385,cf8bee4faf9f1e67678d45b7cd8c350d04e95baeead6b79c4cff607556fb7129,False,0,4488,4488,cf8bee4faf9f1e67678d45b7cd8c350d04e95baeead6b79c4cff607556fb7129,cf8bee4faf9f1e67678d45b7cd8c350d04e95baeead6b79c4cff607556fb7129,True,2
valid,82,1042,2055,cf8bee4faf9f1e67678d45b7cd8c350d04e95baeead6b79c4cff607556fb7129,False,0,4488,4488,cf8bee4faf9f1e67678d45b7cd8c350d04e95baeead6b79c4cff607556fb7129,cf8bee4faf9f1e67678d45b7cd8c350d04e95baeead6b79c4cff607556fb7129,True,2
valid,83,1050,1569,cf8bee4faf9f1e67678d45b7cd8c350d04e95baeead6b79c4cff607556fb7129,False,0,4488,4488,cf8bee4faf9f1e67678d45b7cd8c350d04e95baeead6b79c4cff607556fb7129,cf8bee4faf9f1e67678d45b7cd8c350d04e95baeead6b79c4cff607556fb7129,True,2
valid,84,197,2412,cf8bee4faf9f1e67678d45b7cd8c350d04e95baeead6b79c4cff607556fb7129,False,0,4488,4488,cf8bee4faf9f1e67678d45b7cd8c350d04e95baeead6b79c4cff607556fb7129,cf8bee4faf9f1e67678d45b7cd8c350d04e95baeead6b79c4cff607556fb7129,True,2
valid,85,1051,2122,cf8bee4faf9f1e67678d45b7cd8c350d04e95baeead6b79c4cff607556fb7129,False,0,4488,4488,cf8bee4faf9f1e67678d45b7cd8c350d04e95baeead6b79c4cff607556fb7129,cf8bee4faf9f1e67678d45b7cd8c350d04e95baeead6b79c4cff607556fb7129,True,2
valid,86,306,910,cf8bee4faf9f1e67678d45b7cd8c350d04e95baeead6b79c4cff607556fb7129,False,0,4488,4488,cf8bee4faf9f1e67678d45b7cd8c350d04e95baeead6b79c4cff607556fb7129,cf8bee4faf9f1e67678d45b7cd8c350d04e95baeead6b79c4cff607556fb7129,True,2
valid,87,523,949,cf8bee4faf9f1e67678d45b7cd8c350d04e95baeead6b79c4cff607556fb7129,False,0,4488,4488,cf8bee4faf9f1e67678d45b7cd8c350d04e95baeead6b79c4cff607556fb7129,cf8bee4faf9f1e67678d45b7cd8c350d04e95baeead6b79c4cff607556fb7129,True,2
valid,88,306,1781,cf8bee4faf9f1e67678d45b7cd8c350d04e95baeead6b79c4cff607556fb7129,False,0,4488,4488,cf8bee4faf9f1e67678d45b7cd8c350d04e95baeead6b79c4cff607556fb7129,cf8bee4faf9f1e67678d45b7cd8c350d04e95baeead6b79c4cff607556fb7129,True,2
valid,89,153,236,cf8bee4faf9f1e67678d45b7cd8c350d04e95baeead6b79c4cff607556fb7129,False,0,4488,4488,cf8bee4faf9f1e67678d45b7cd8c350d04e95baeead6b79c4cff607556fb7129,cf8bee4faf9f1e67678d45b7cd8c350d04e95baeead6b79c4cff607556fb7129,True,2
valid,90,442,1051,cf8bee4faf9f1e67678d45b7cd8c350d04e95baeead6b79c4cff607556fb7129,False,0,4488,4488,cf8bee4faf9f1e67678d45b7cd8c350d04e95baeead6b79c4cff607556fb7129,cf8bee4faf9f1e67678d45b7cd8c350d04e95baeead6b79c4cff607556fb7129,True,2
valid,91,903,2031,cf8bee4faf9f1e67678d45b7cd8c350d04e95baeead6b79c4cff607556fb7129,False,0,4488,4488,cf8bee4faf9f1e67678d45b7cd8c350d04e95baeead6b79c4cff607556fb7129,cf8bee4faf9f1e67678d45b7cd8c350d04e95baeead6b79c4cff607556fb7129,True,2
valid,92,30,697,cf8bee4faf9f1e67678d45b7cd8c350d04e95baeead6b79c4cff607556fb7129,False,0,4488,4488,cf8bee4faf9f1e67678d45b7cd8c350d04e95baeead6b79c4cff607556fb7129,cf8bee4faf9f1e67678d45b7cd8c350d04e95baeead6b79c4cff607556fb7129,True,2
valid,93,951,1358,cf8bee4faf9f1e67678d45b7cd8c350d04e95baeead6b79c4cff607556fb7129,False,0,4488,4488,cf8bee4faf9f1e67678d45b7cd8c350d04e95baeead6b79c4cff607556fb7129,cf8bee4faf9f1e67678d45b7cd8c350d04e95baeead6b79c4cff607556fb7129,True,2
valid,94,94,1966,cf8bee4faf9f1e67678d45b7cd8c350d04e95baeead6b79c4cff607556fb7129,False,0,4488,4488,cf8bee4faf9f1e67678d45b7cd8c350d04e95baeead6b79c4cff607556fb7129,cf8bee4faf9f1e67678d45b7cd8c350d04e95baeead6b79c4cff607556fb7129,True,2
valid,95,1064,2351,cf8bee4faf9f1e67678d45b7cd8c350d04e95baeead6b79c4cff607556fb7129,False,0,4488,4488,cf8bee4faf9f1e67678d45b7cd8c350d04e95baeead6b79c4cff607556fb7129,cf8bee4faf9f1e67678d45b7cd8c350d04e95baeead6b79c4cff607556fb7129,True,2
valid,96,687,1358,cf8bee4faf9f1e67678d45b7cd8c350d04e95baeead6b79c4cff607556fb7129,False,0,4488,4488,cf8bee4faf9f1e67678d45b7cd8c350d04e95baeead6b79c4cff607556fb7129,cf8bee4faf9f1e67678d45b7cd8c350d04e95baeead6b79c4cff607556fb7129,True,2
valid,97,565,1723,cf8bee4faf9f1e67678d45b7cd8c350d04e95baeead6b79c4cff607556fb7129,False,0,4488,4488,cf8bee4faf9f1e67678d45b7cd8c350d04e95baeead6b79c4cff607556fb7129,cf8bee4faf9f1e67678d45b7cd8c350d04e95baeead6b79c4cff607556fb7129,True,2
valid,98,907,1916,cf8bee4faf9f1e67678d45b7cd8c350d04e95baeead6b79c4cff607556fb7129,False,0,4488,4488,cf8bee4faf9f1e67678d45b7cd8c350d04e95baeead6b79c4cff607556fb7129,cf8bee4faf9f1e67678d45b7cd8c350d04e95baeead6b79c4cff607556fb7129,True,2
valid,99,389,1743,cf8bee4faf9f1e67678d45b7cd8c350d04e95baeead6b79c4cff607556fb7129,False,0,4488,4488,cf8bee4faf9f1e67678d45b7cd8c350d04e95baeead6b79c4cff607556fb7129,cf8bee4faf9f1e67678d45b7cd8c350d04e95baeead6b79c4cff607556fb7129,True,2
valid,100,407,409,cf8bee4faf9f1e67678d45b7cd8c350d04e95baeead6b79c4cff607556fb7129,False,0,4488,4488,cf8bee4faf9f1e67678d45b7cd8c350d04e95baeead6b79c4cff607556fb7129,cf8bee4faf9f1e67678d45b7cd8c350d04e95baeead6b79c4cff607556fb7129,True,2
valid,101,833,2495,cf8bee4faf9f1e67678d45b7cd8c350d04e95baeead6b79c4cff607556fb7129,False,0,4488,4488,cf8bee4faf9f1e67678d45b7cd8c350d04e95baeead6b79c4cff607556fb7129,cf8bee4faf9f1e67678d45b7cd8c350d04e95baeead6b79c4cff607556fb7129,True,2
valid,102,2124,2125,cf8bee4faf9f1e67678d45b7cd8c350d04e95baeead6b79c4cff607556fb7129,False,0,4488,4488,cf8bee4faf9f1e67678d45b7cd8c350d04e95baeead6b79c4cff607556fb7129,cf8bee4faf9f1e67678d45b7cd8c350d04e95baeead6b79c4cff607556fb7129,True,2
valid,103,2006,2477,cf8bee4faf9f1e67678d45b7cd8c350d04e95baeead6b79c4cff607556fb7129,False,0,4488,4488,cf8bee4faf9f1e67678d45b7cd8c350d04e95baeead6b79c4cff607556fb7129,cf8bee4faf9f1e67678d45b7cd8c350d04e95baeead6b79c4cff607556fb7129,True,2
valid,104,1413,1932,cf8bee4faf9f1e67678d45b7cd8c350d04e95baeead6b79c4cff607556fb7129,False,0,4488,4488,cf8bee4faf9f1e67678d45b7cd8c350d04e95baeead6b79c4cff607556fb7129,cf8bee4faf9f1e67678d45b7cd8c350d04e95baeead6b79c4cff607556fb7129,True,2
valid,105,70,2184,cf8bee4faf9f1e67678d45b7cd8c350d04e95baeead6b79c4cff607556fb7129,False,0,4488,4488,cf8bee4faf9f1e67678d45b7cd8c350d04e95baeead6b79c4cff607556fb7129,cf8bee4faf9f1e67678d45b7cd8c350d04e95baeead6b79c4cff607556fb7129,True,2
valid,106,27,1810,cf8bee4faf9f1e67678d45b7cd8c350d04e95baeead6b79c4cff607556fb7129,False,0,4488,4488,cf8bee4faf9f1e67678d45b7cd8c350d04e95baeead6b79c4cff607556fb7129,cf8bee4faf9f1e67678d45b7cd8c350d04e95baeead6b79c4cff607556fb7129,True,2
valid,107,2103,2385,cf8bee4faf9f1e67678d45b7cd8c350d04e95baeead6b79c4cff607556fb7129,False,0,4488,4488,cf8bee4faf9f1e67678d45b7cd8c350d04e95baeead6b79c4cff607556fb7129,cf8bee4faf9f1e67678d45b7cd8c350d04e95baeead6b79c4cff607556fb7129,True,2
valid,108,898,1836,cf8bee4faf9f1e67678d45b7cd8c350d04e95baeead6b79c4cff607556fb7129,False,0,4488,4488,cf8bee4faf9f1e67678d45b7cd8c350d04e95baeead6b79c4cff607556fb7129,cf8bee4faf9f1e67678d45b7cd8c350d04e95baeead6b79c4cff607556fb7129,True,2
valid,109,1739,1886,cf8bee4faf9f1e67678d45b7cd8c350d04e95baeead6b79c4cff607556fb7129,False,0,4488,4488,cf8bee4faf9f1e67678d45b7cd8c350d04e95baeead6b79c4cff607556fb7129,cf8bee4faf9f1e67678d45b7cd8c350d04e95baeead6b79c4cff607556fb7129,True,2
valid,110,607,1213,cf8bee4faf9f1e67678d45b7cd8c350d04e95baeead6b79c4cff607556fb7129,False,0,4488,4488,cf8bee4faf9f1e67678d45b7cd8c350d04e95baeead6b79c4cff607556fb7129,cf8bee4faf9f1e67678d45b7cd8c350d04e95baeead6b79c4cff607556fb7129,True,2
valid,111,1171,1355,cf8bee4faf9f1e67678d45b7cd8c350d04e95baeead6b79c4cff607556fb7129,False,0,4488,4488,cf8bee4faf9f1e67678d45b7cd8c350d04e95baeead6b79c4cff607556fb7129,cf8bee4faf9f1e67678d45b7cd8c350d04e95baeead6b79c4cff607556fb7129,True,2
valid,112,1226,1956,cf8bee4faf9f1e67678d45b7cd8c350d04e95baeead6b79c4cff607556fb7129,False,0,4488,4488,cf8bee4faf9f1e67678d45b7cd8c350d04e95baeead6b79c4cff607556fb7129,cf8bee4faf9f1e67678d45b7cd8c350d04e95baeead6b79c4cff607556fb7129,True,2
valid,113,1920,2422,cf8bee4faf9f1e67678d45b7cd8c350d04e95baeead6b79c4cff607556fb7129,False,0,4488,4488,cf8bee4faf9f1e67678d45b7cd8c350d04e95baeead6b79c4cff607556fb7129,cf8bee4faf9f1e67678d45b7cd8c350d04e95baeead6b79c4cff607556fb7129,True,2
valid,114,1701,1858,cf8bee4faf9f1e67678d45b7cd8c350d04e95baeead6b79c4cff607556fb7129,False,0,4488,4488,cf8bee4faf9f1e67678d45b7cd8c350d04e95baeead6b79c4cff607556fb7129,cf8bee4faf9f1e67678d45b7cd8c350d04e95baeead6b79c4cff607556fb7129,True,2
valid,115,1033,2168,cf8bee4faf9f1e67678d45b7cd8c350d04e95baeead6b79c4cff607556fb7129,False,0,4488,4488,cf8bee4faf9f1e67678d45b7cd8c350d04e95baeead6b79c4cff607556fb7129,cf8bee4faf9f1e67678d45b7cd8c350d04e95baeead6b79c4cff607556fb7129,True,2
valid,116,1698,2160,cf8bee4faf9f1e67678d45b7cd8c350d04e95baeead6b79c4cff607556fb7129,False,0,4488,4488,cf8bee4faf9f1e67678d45b7cd8c350d04e95baeead6b79c4cff607556fb7129,cf8bee4faf9f1e67678d45b7cd8c350d04e95baeead6b79c4cff607556fb7129,True,2
valid,117,2113,2450,cf8bee4faf9f1e67678d45b7cd8c350d04e95baeead6b79c4cff607556fb7129,False,0,4488,4488,cf8bee4faf9f1e67678d45b7cd8c350d04e95baeead6b79c4cff607556fb7129,cf8bee4faf9f1e67678d45b7cd8c350d04e95baeead6b79c4cff607556fb7129,True,2
valid,118,833,2595,cf8bee4faf9f1e67678d45b7cd8c350d04e95baeead6b79c4cff607556fb7129,False,0,4488,4488,cf8bee4faf9f1e67678d45b7cd8c350d04e95baeead6b79c4cff607556fb7129,cf8bee4faf9f1e67678d45b7cd8c350d04e95baeead6b79c4cff607556fb7129,True,2
valid,119,1687,1721,cf8bee4faf9f1e67678d45b7cd8c350d04e95baeead6b79c4cff607556fb7129,False,0,4488,4488,cf8bee4faf9f1e67678d45b7cd8c350d04e95baeead6b79c4cff607556fb7129,cf8bee4faf9f1e67678d45b7cd8c350d04e95baeead6b79c4cff607556fb7129,True,2
valid,120,23,2159,cf8bee4faf9f1e67678d45b7cd8c350d04e95baeead6b79c4cff607556fb7129,False,0,4488,4488,cf8bee4faf9f1e67678d45b7cd8c350d04e95baeead6b79c4cff607556fb7129,cf8bee4faf9f1e67678d45b7cd8c350d04e95baeead6b79c4cff607556fb7129,True,2
valid,121,394,577,cf8bee4faf9f1e67678d45b7cd8c350d04e95baeead6b79c4cff607556fb7129,False,0,4488,4488,cf8bee4faf9f1e67678d45b7cd8c350d04e95baeead6b79c4cff607556fb7129,cf8bee4faf9f1e67678d45b7cd8c350d04e95baeead6b79c4cff607556fb7129,True,2
valid,122,444,828,cf8bee4faf9f1e67678d45b7cd8c350d04e95baeead6b79c4cff607556fb7129,False,0,4488,4488,cf8bee4faf9f1e67678d45b7cd8c350d04e95baeead6b79c4cff607556fb7129,cf8bee4faf9f1e67678d45b7cd8c350d04e95baeead6b79c4cff607556fb7129,True,2
valid,123,316,1073,cf8bee4faf9f1e67678d45b7cd8c350d04e95baeead6b79c4cff607556fb7129,False,0,4488,4488,cf8bee4faf9f1e67678d45b7cd8c350d04e95baeead6b79c4cff607556fb7129,cf8bee4faf9f1e67678d45b7cd8c350d04e95baeead6b79c4cff607556fb7129,True,2
valid,124,2679,2682,cf8bee4faf9f1e67678d45b7cd8c350d04e95baeead6b79c4cff607556fb7129,False,0,4488,4488,cf8bee4faf9f1e67678d45b7cd8c350d04e95baeead6b79c4cff607556fb7129,cf8bee4faf9f1e67678d45b7cd8c350d04e95baeead6b79c4cff607556fb7129,True,2
valid,125,800,889,cf8bee4faf9f1e67678d45b7cd8c350d04e95baeead6b79c4cff607556fb7129,False,0,4488,4488,cf8bee4faf9f1e67678d45b7cd8c350d04e95baeead6b79c4cff607556fb7129,cf8bee4faf9f1e67678d45b7cd8c350d04e95baeead6b79c4cff607556fb7129,True,2
valid,126,819,1606,cf8bee4faf9f1e67678d45b7cd8c350d04e95baeead6b79c4cff607556fb7129,False,0,4488,4488,cf8bee4faf9f1e67678d45b7cd8c350d04e95baeead6b79c4cff607556fb7129,cf8bee4faf9f1e67678d45b7cd8c350d04e95baeead6b79c4cff607556fb7129,True,2
valid,127,74,1118,cf8bee4faf9f1e67678d45b7cd8c350d04e95baeead6b79c4cff607556fb7129,False,0,4488,4488,cf8bee4faf9f1e67678d45b7cd8c350d04e95baeead6b79c4cff607556fb7129,cf8bee4faf9f1e67678d45b7cd8c350d04e95baeead6b79c4cff607556fb7129,True,2
valid,128,505,1251,cf8bee4faf9f1e67678d45b7cd8c350d04e95baeead6b79c4cff607556fb7129,False,0,4488,4488,cf8bee4faf9f1e67678d45b7cd8c350d04e95baeead6b79c4cff607556fb7129,cf8bee4faf9f1e67678d45b7cd8c350d04e95baeead6b79c4cff607556fb7129,True,2
valid,129,942,1924,cf8bee4faf9f1e67678d45b7cd8c350d04e95baeead6b79c4cff607556fb7129,False,0,4488,4488,cf8bee4faf9f1e67678d45b7cd8c350d04e95baeead6b79c4cff607556fb7129,cf8bee4faf9f1e67678d45b7cd8c350d04e95baeead6b79c4cff607556fb7129,True,2
valid,130,2483,2484,cf8bee4faf9f1e67678d45b7cd8c350d04e95baeead6b79c4cff607556fb7129,False,0,4488,4488,cf8bee4faf9f1e67678d45b7cd8c350d04e95baeead6b79c4cff607556fb7129,cf8bee4faf9f1e67678d45b7cd8c350d04e95baeead6b79c4cff607556fb7129,True,2
valid,131,230,577,cf8bee4faf9f1e67678d45b7cd8c350d04e95baeead6b79c4cff607556fb7129,False,0,4488,4488,cf8bee4faf9f1e67678d45b7cd8c350d04e95baeead6b79c4cff607556fb7129,cf8bee4faf9f1e67678d45b7cd8c350d04e95baeead6b79c4cff607556fb7129,True,2
valid,132,1671,1968,cf8bee4faf9f1e67678d45b7cd8c350d04e95baeead6b79c4cff607556fb7129,False,0,4488,4488,cf8bee4faf9f1e67678d45b7cd8c350d04e95baeead6b79c4cff607556fb7129,cf8bee4faf9f1e67678d45b7cd8c350d04e95baeead6b79c4cff607556fb7129,True,2
valid,133,239,2021,cf8bee4faf9f1e67678d45b7cd8c350d04e95baeead6b79c4cff607556fb7129,False,0,4488,4488,cf8bee4faf9f1e67678d45b7cd8c350d04e95baeead6b79c4cff607556fb7129,cf8bee4faf9f1e67678d45b7cd8c350d04e95baeead6b79c4cff607556fb7129,True,2
valid,134,596,992,cf8bee4faf9f1e67678d45b7cd8c350d04e95baeead6b79c4cff607556fb7129,False,0,4488,4488,cf8bee4faf9f1e67678d45b7cd8c350d04e95baeead6b79c4cff607556fb7129,cf8bee4faf9f1e67678d45b7cd8c350d04e95baeead6b79c4cff607556fb7129,True,2
valid,135,1226,2528,cf8bee4faf9f1e67678d45b7cd8c350d04e95baeead6b79c4cff607556fb7129,False,0,4488,4488,cf8bee4faf9f1e67678d45b7cd8c350d04e95baeead6b79c4cff607556fb7129,cf8bee4faf9f1e67678d45b7cd8c350d04e95baeead6b79c4cff607556fb7129,True,2
valid,136,1013,1625,cf8bee4faf9f1e67678d45b7cd8c350d04e95baeead6b79c4cff607556fb7129,False,0,4488,4488,cf8bee4faf9f1e67678d45b7cd8c350d04e95baeead6b79c4cff607556fb7129,cf8bee4faf9f1e67678d45b7cd8c350d04e95baeead6b79c4cff607556fb7129,True,2
valid,137,912,2130,cf8bee4faf9f1e67678d45b7cd8c350d04e95baeead6b79c4cff607556fb7129,False,0,4488,4488,cf8bee4faf9f1e67678d45b7cd8c350d04e95baeead6b79c4cff607556fb7129,cf8bee4faf9f1e67678d45b7cd8c350d04e95baeead6b79c4cff607556fb7129,True,2
valid,138,399,1769,cf8bee4faf9f1e67678d45b7cd8c350d04e95baeead6b79c4cff607556fb7129,False,0,4488,4488,cf8bee4faf9f1e67678d45b7cd8c350d04e95baeead6b79c4cff607556fb7129,cf8bee4faf9f1e67678d45b7cd8c350d04e95baeead6b79c4cff607556fb7129,True,2
valid,139,704,2450,cf8bee4faf9f1e67678d45b7cd8c350d04e95baeead6b79c4cff607556fb7129,False,0,4488,4488,cf8bee4faf9f1e67678d45b7cd8c350d04e95baeead6b79c4cff607556fb7129,cf8bee4faf9f1e67678d45b7cd8c350d04e95baeead6b79c4cff607556fb7129,True,2
valid,140,1309,2178,cf8bee4faf9f1e67678d45b7cd8c350d04e95baeead6b79c4cff607556fb7129,False,0,4488,4488,cf8bee4faf9f1e67678d45b7cd8c350d04e95baeead6b79c4cff607556fb7129,cf8bee4faf9f1e67678d45b7cd8c350d04e95baeead6b79c4cff607556fb7129,True,2
valid,141,583,2224,cf8bee4faf9f1e67678d45b7cd8c350d04e95baeead6b79c4cff607556fb7129,False,0,4488,4488,cf8bee4faf9f1e67678d45b7cd8c350d04e95baeead6b79c4cff607556fb7129,cf8bee4faf9f1e67678d45b7cd8c350d04e95baeead6b79c4cff607556fb7129,True,2
valid,142,1395,2189,cf8bee4faf9f1e67678d45b7cd8c350d04e95baeead6b79c4cff607556fb7129,False,0,4488,4488,cf8bee4faf9f1e67678d45b7cd8c350d04e95baeead6b79c4cff607556fb7129,cf8bee4faf9f1e67678d45b7cd8c350d04e95baeead6b79c4cff607556fb7129,True,2
valid,143,429,1669,cf8bee4faf9f1e67678d45b7cd8c350d04e95baeead6b79c4cff607556fb7129,False,0,4488,4488,cf8bee4faf9f1e67678d45b7cd8c350d04e95baeead6b79c4cff607556fb7129,cf8bee4faf9f1e67678d45b7cd8c350d04e95baeead6b79c4cff607556fb7129,True,2
valid,144,1184,1190,cf8bee4faf9f1e67678d45b7cd8c350d04e95baeead6b79c4cff607556fb7129,False,0,4488,4488,cf8bee4faf9f1e67678d45b7cd8c350d04e95baeead6b79c4cff607556fb7129,cf8bee4faf9f1e67678d45b7cd8c350d04e95baeead6b79c4cff607556fb7129,True,2
valid,145,778,1224,cf8bee4faf9f1e67678d45b7cd8c350d04e95baeead6b79c4cff607556fb7129,False,0,4488,4488,cf8bee4faf9f1e67678d45b7cd8c350d04e95baeead6b79c4cff607556fb7129,cf8bee4faf9f1e67678d45b7cd8c350d04e95baeead6b79c4cff607556fb7129,True,2
valid,146,318,563,cf8bee4faf9f1e67678d45b7cd8c350d04e95baeead6b79c4cff607556fb7129,False,0,4488,4488,cf8bee4faf9f1e67678d45b7cd8c350d04e95baeead6b79c4cff607556fb7129,cf8bee4faf9f1e67678d45b7cd8c350d04e95baeead6b79c4cff607556fb7129,True,2
valid,147,261,1479,cf8bee4faf9f1e67678d45b7cd8c350d04e95baeead6b79c4cff607556fb7129,False,0,4488,4488,cf8bee4faf9f1e67678d45b7cd8c350d04e95baeead6b79c4cff607556fb7129,cf8bee4faf9f1e67678d45b7cd8c350d04e95baeead6b79c4cff607556fb7129,True,2
valid,148,281,746,cf8bee4faf9f1e67678d45b7cd8c350d04e95baeead6b79c4cff607556fb7129,False,0,4488,4488,cf8bee4faf9f1e67678d45b7cd8c350d04e95baeead6b79c4cff607556fb7129,cf8bee4faf9f1e67678d45b7cd8c350d04e95baeead6b79c4cff607556fb7129,True,2
valid,149,1317,2220,cf8bee4faf9f1e67678d45b7cd8c350d04e95baeead6b79c4cff607556fb7129,False,0,4488,4488,cf8bee4faf9f1e67678d45b7cd8c350d04e95baeead6b79c4cff607556fb7129,cf8bee4faf9f1e67678d45b7cd8c350d04e95baeead6b79c4cff607556fb7129,True,2
valid,150,718,2261,cf8bee4faf9f1e67678d45b7cd8c350d04e95baeead6b79c4cff607556fb7129,False,0,4488,4488,cf8bee4faf9f1e67678d45b7cd8c350d04e95baeead6b79c4cff607556fb7129,cf8bee4faf9f1e67678d45b7cd8c350d04e95baeead6b79c4cff607556fb7129,True,2
valid,151,243,2648,cf8bee4faf9f1e67678d45b7cd8c350d04e95baeead6b79c4cff607556fb7129,False,0,4488,4488,cf8bee4faf9f1e67678d45b7cd8c350d04e95baeead6b79c4cff607556fb7129,cf8bee4faf9f1e67678d45b7cd8c350d04e95baeead6b79c4cff607556fb7129,True,2
valid,152,415,851,cf8bee4faf9f1e67678d45b7cd8c350d04e95baeead6b79c4cff607556fb7129,False,0,4488,4488,cf8bee4faf9f1e67678d45b7cd8c350d04e95baeead6b79c4cff607556fb7129,cf8bee4faf9f1e67678d45b7cd8c350d04e95baeead6b79c4cff607556fb7129,True,2
valid,153,368,1194,cf8bee4faf9f1e67678d45b7cd8c350d04e95baeead6b79c4cff607556fb7129,False,0,4488,4488,cf8bee4faf9f1e67678d45b7cd8c350d04e95baeead6b79c4cff607556fb7129,cf8bee4faf9f1e67678d45b7cd8c350d04e95baeead6b79c4cff607556fb7129,True,2
valid,154,1183,1825,cf8bee4faf9f1e67678d45b7cd8c350d04e95baeead6b79c4cff607556fb7129,False,0,4488,4488,cf8bee4faf9f1e67678d45b7cd8c350d04e95baeead6b79c4cff607556fb7129,cf8bee4faf9f1e67678d45b7cd8c350d04e95baeead6b79c4cff607556fb7129,True,2
valid,155,979,2207,cf8bee4faf9f1e67678d45b7cd8c350d04e95baeead6b79c4cff607556fb7129,False,0,4488,4488,cf8bee4faf9f1e67678d45b7cd8c350d04e95baeead6b79c4cff607556fb7129,cf8bee4faf9f1e67678d45b7cd8c350d04e95baeead6b79c4cff607556fb7129,True,2
valid,156,341,1358,cf8bee4faf9f1e67678d45b7cd8c350d04e95baeead6b79c4cff607556fb7129,False,0,4488,4488,cf8bee4faf9f1e67678d45b7cd8c350d04e95baeead6b79c4cff607556fb7129,cf8bee4faf9f1e67678d45b7cd8c350d04e95baeead6b79c4cff607556fb7129,True,2
valid,157,695,1998,cf8bee4faf9f1e67678d45b7cd8c350d04e95baeead6b79c4cff607556fb7129,False,0,4488,4488,cf8bee4faf9f1e67678d45b7cd8c350d04e95baeead6b79c4cff607556fb7129,cf8bee4faf9f1e67678d45b7cd8c350d04e95baeead6b79c4cff607556fb7129,True,2
valid,158,1358,1516,cf8bee4faf9f1e67678d45b7cd8c350d04e95baeead6b79c4cff607556fb7129,False,0,4488,4488,cf8bee4faf9f1e67678d45b7cd8c350d04e95baeead6b79c4cff607556fb7129,cf8bee4faf9f1e67678d45b7cd8c350d04e95baeead6b79c4cff607556fb7129,True,2
valid,159,546,2127,cf8bee4faf9f1e67678d45b7cd8c350d04e95baeead6b79c4cff607556fb7129,False,0,4488,4488,cf8bee4faf9f1e67678d45b7cd8c350d04e95baeead6b79c4cff607556fb7129,cf8bee4faf9f1e67678d45b7cd8c350d04e95baeead6b79c4cff607556fb7129,True,2
valid,160,1795,1796,cf8bee4faf9f1e67678d45b7cd8c350d04e95baeead6b79c4cff607556fb7129,False,0,4488,4488,cf8bee4faf9f1e67678d45b7cd8c350d04e95baeead6b79c4cff607556fb7129,cf8bee4faf9f1e67678d45b7cd8c350d04e95baeead6b79c4cff607556fb7129,True,2
valid,161,111,1762,cf8bee4faf9f1e67678d45b7cd8c350d04e95baeead6b79c4cff607556fb7129,False,0,4488,4488,cf8bee4faf9f1e67678d45b7cd8c350d04e95baeead6b79c4cff607556fb7129,cf8bee4faf9f1e67678d45b7cd8c350d04e95baeead6b79c4cff607556fb7129,True,2
valid,162,975,2097,cf8bee4faf9f1e67678d45b7cd8c350d04e95baeead6b79c4cff607556fb7129,False,0,4488,4488,cf8bee4faf9f1e67678d45b7cd8c350d04e95baeead6b79c4cff607556fb7129,cf8bee4faf9f1e67678d45b7cd8c350d04e95baeead6b79c4cff607556fb7129,True,2
valid,163,297,598,cf8bee4faf9f1e67678d45b7cd8c350d04e95baeead6b79c4cff607556fb7129,False,0,4488,4488,cf8bee4faf9f1e67678d45b7cd8c350d04e95baeead6b79c4cff607556fb7129,cf8bee4faf9f1e67678d45b7cd8c350d04e95baeead6b79c4cff607556fb7129,True,2
valid,164,121,802,cf8bee4faf9f1e67678d45b7cd8c350d04e95baeead6b79c4cff607556fb7129,False,0,4488,4488,cf8bee4faf9f1e67678d45b7cd8c350d04e95baeead6b79c4cff607556fb7129,cf8bee4faf9f1e67678d45b7cd8c350d04e95baeead6b79c4cff607556fb7129,True,2
valid,165,1973,1975,cf8bee4faf9f1e67678d45b7cd8c350d04e95baeead6b79c4cff607556fb7129,False,0,4488,4488,cf8bee4faf9f1e67678d45b7cd8c350d04e95baeead6b79c4cff607556fb7129,cf8bee4faf9f1e67678d45b7cd8c350d04e95baeead6b79c4cff607556fb7129,True,2
valid,166,897,1494,cf8bee4faf9f1e67678d45b7cd8c350d04e95baeead6b79c4cff607556fb7129,False,0,4488,4488,cf8bee4faf9f1e67678d45b7cd8c350d04e95baeead6b79c4cff607556fb7129,cf8bee4faf9f1e67678d45b7cd8c350d04e95baeead6b79c4cff607556fb7129,True,2
valid,167,65,619,cf8bee4faf9f1e67678d45b7cd8c350d04e95baeead6b79c4cff607556fb7129,False,0,4488,4488,cf8bee4faf9f1e67678d45b7cd8c350d04e95baeead6b79c4cff607556fb7129,cf8bee4faf9f1e67678d45b7cd8c350d04e95baeead6b79c4cff607556fb7129,True,2
valid,168,1163,2132,cf8bee4faf9f1e67678d45b7cd8c350d04e95baeead6b79c4cff607556fb7129,False,0,4488,4488,cf8bee4faf9f1e67678d45b7cd8c350d04e95baeead6b79c4cff607556fb7129,cf8bee4faf9f1e67678d45b7cd8c350d04e95baeead6b79c4cff607556fb7129,True,2
valid,169,490,2099,cf8bee4faf9f1e67678d45b7cd8c350d04e95baeead6b79c4cff607556fb7129,False,0,4488,4488,cf8bee4faf9f1e67678d45b7cd8c350d04e95baeead6b79c4cff607556fb7129,cf8bee4faf9f1e67678d45b7cd8c350d04e95baeead6b79c4cff607556fb7129,True,2
valid,170,1131,1500,cf8bee4faf9f1e67678d45b7cd8c350d04e95baeead6b79c4cff607556fb7129,False,0,4488,4488,cf8bee4faf9f1e67678d45b7cd8c350d04e95baeead6b79c4cff607556fb7129,cf8bee4faf9f1e67678d45b7cd8c350d04e95baeead6b79c4cff607556fb7129,True,2
valid,171,2155,2295,cf8bee4faf9f1e67678d45b7cd8c350d04e95baeead6b79c4cff607556fb7129,False,0,4488,4488,cf8bee4faf9f1e67678d45b7cd8c350d04e95baeead6b79c4cff607556fb7129,cf8bee4faf9f1e67678d45b7cd8c350d04e95baeead6b79c4cff607556fb7129,True,2
valid,172,1658,2018,cf8bee4faf9f1e67678d45b7cd8c350d04e95baeead6b79c4cff607556fb7129,False,0,4488,4488,cf8bee4faf9f1e67678d45b7cd8c350d04e95baeead6b79c4cff607556fb7129,cf8bee4faf9f1e67678d45b7cd8c350d04e95baeead6b79c4cff607556fb7129,True,2
valid,173,861,2068,cf8bee4faf9f1e67678d45b7cd8c350d04e95baeead6b79c4cff607556fb7129,False,0,4488,4488,cf8bee4faf9f1e67678d45b7cd8c350d04e95baeead6b79c4cff607556fb7129,cf8bee4faf9f1e67678d45b7cd8c350d04e95baeead6b79c4cff607556fb7129,True,2
valid,174,1665,1701,cf8bee4faf9f1e67678d45b7cd8c350d04e95baeead6b79c4cff607556fb7129,False,0,4488,4488,cf8bee4faf9f1e67678d45b7cd8c350d04e95baeead6b79c4cff607556fb7129,cf8bee4faf9f1e67678d45b7cd8c350d04e95baeead6b79c4cff607556fb7129,True,2
valid,175,239,1909,cf8bee4faf9f1e67678d45b7cd8c350d04e95baeead6b79c4cff607556fb7129,False,0,4488,4488,cf8bee4faf9f1e67678d45b7cd8c350d04e95baeead6b79c4cff607556fb7129,cf8bee4faf9f1e67678d45b7cd8c350d04e95baeead6b79c4cff607556fb7129,True,2
valid,176,368,1545,cf8bee4faf9f1e67678d45b7cd8c350d04e95baeead6b79c4cff607556fb7129,False,0,4488,4488,cf8bee4faf9f1e67678d45b7cd8c350d04e95baeead6b79c4cff607556fb7129,cf8bee4faf9f1e67678d45b7cd8c350d04e95baeead6b79c4cff607556fb7129,True,2
valid,177,1144,1623,cf8bee4faf9f1e67678d45b7cd8c350d04e95baeead6b79c4cff607556fb7129,False,0,4488,4488,cf8bee4faf9f1e67678d45b7cd8c350d04e95baeead6b79c4cff607556fb7129,cf8bee4faf9f1e67678d45b7cd8c350d04e95baeead6b79c4cff607556fb7129,True,2
valid,178,591,1423,cf8bee4faf9f1e67678d45b7cd8c350d04e95baeead6b79c4cff607556fb7129,False,0,4488,4488,cf8bee4faf9f1e67678d45b7cd8c350d04e95baeead6b79c4cff607556fb7129,cf8bee4faf9f1e67678d45b7cd8c350d04e95baeead6b79c4cff607556fb7129,True,2
valid,179,1240,1443,cf8bee4faf9f1e67678d45b7cd8c350d04e95baeead6b79c4cff607556fb7129,False,0,4488,4488,cf8bee4faf9f1e67678d45b7cd8c350d04e95baeead6b79c4cff607556fb7129,cf8bee4faf9f1e67678d45b7cd8c350d04e95baeead6b79c4cff607556fb7129,True,2
valid,180,719,1810,cf8bee4faf9f1e67678d45b7cd8c350d04e95baeead6b79c4cff607556fb7129,False,0,4488,4488,cf8bee4faf9f1e67678d45b7cd8c350d04e95baeead6b79c4cff607556fb7129,cf8bee4faf9f1e67678d45b7cd8c350d04e95baeead6b79c4cff607556fb7129,True,2
valid,181,695,948,cf8bee4faf9f1e67678d45b7cd8c350d04e95baeead6b79c4cff607556fb7129,False,0,4488,4488,cf8bee4faf9f1e67678d45b7cd8c350d04e95baeead6b79c4cff607556fb7129,cf8bee4faf9f1e67678d45b7cd8c350d04e95baeead6b79c4cff607556fb7129,True,2
valid,182,33,911,cf8bee4faf9f1e67678d45b7cd8c350d04e95baeead6b79c4cff607556fb7129,False,0,4488,4488,cf8bee4faf9f1e67678d45b7cd8c350d04e95baeead6b79c4cff607556fb7129,cf8bee4faf9f1e67678d45b7cd8c350d04e95baeead6b79c4cff607556fb7129,True,2
valid,183,1016,1256,cf8bee4faf9f1e67678d45b7cd8c350d04e95baeead6b79c4cff607556fb7129,False,0,4488,4488,cf8bee4faf9f1e67678d45b7cd8c350d04e95baeead6b79c4cff607556fb7129,cf8bee4faf9f1e67678d45b7cd8c350d04e95baeead6b79c4cff607556fb7129,True,2
valid,184,147,1976,cf8bee4faf9f1e67678d45b7cd8c350d04e95baeead6b79c4cff607556fb7129,False,0,4488,4488,cf8bee4faf9f1e67678d45b7cd8c350d04e95baeead6b79c4cff607556fb7129,cf8bee4faf9f1e67678d45b7cd8c350d04e95baeead6b79c4cff607556fb7129,True,2
valid,185,71,206,cf8bee4faf9f1e67678d45b7cd8c350d04e95baeead6b79c4cff607556fb7129,False,0,4488,4488,cf8bee4faf9f1e67678d45b7cd8c350d04e95baeead6b79c4cff607556fb7129,cf8bee4faf9f1e67678d45b7cd8c350d04e95baeead6b79c4cff607556fb7129,True,2
valid,186,2615,2696,cf8bee4faf9f1e67678d45b7cd8c350d04e95baeead6b79c4cff607556fb7129,False,0,4488,4488,cf8bee4faf9f1e67678d45b7cd8c350d04e95baeead6b79c4cff607556fb7129,cf8bee4faf9f1e67678d45b7cd8c350d04e95baeead6b79c4cff607556fb7129,True,2
valid,187,741,1282,cf8bee4faf9f1e67678d45b7cd8c350d04e95baeead6b79c4cff607556fb7129,False,0,4488,4488,cf8bee4faf9f1e67678d45b7cd8c350d04e95baeead6b79c4cff607556fb7129,cf8bee4faf9f1e67678d45b7cd8c350d04e95baeead6b79c4cff607556fb7129,True,2
valid,188,623,2464,cf8bee4faf9f1e67678d45b7cd8c350d04e95baeead6b79c4cff607556fb7129,False,0,4488,4488,cf8bee4faf9f1e67678d45b7cd8c350d04e95baeead6b79c4cff607556fb7129,cf8bee4faf9f1e67678d45b7cd8c350d04e95baeead6b79c4cff607556fb7129,True,2
valid,189,570,2430,cf8bee4faf9f1e67678d45b7cd8c350d04e95baeead6b79c4cff607556fb7129,False,0,4488,4488,cf8bee4faf9f1e67678d45b7cd8c350d04e95baeead6b79c4cff607556fb7129,cf8bee4faf9f1e67678d45b7cd8c350d04e95baeead6b79c4cff607556fb7129,True,2
valid,190,643,2407,cf8bee4faf9f1e67678d45b7cd8c350d04e95baeead6b79c4cff607556fb7129,False,0,4488,4488,cf8bee4faf9f1e67678d45b7cd8c350d04e95baeead6b79c4cff607556fb7129,cf8bee4faf9f1e67678d45b7cd8c350d04e95baeead6b79c4cff607556fb7129,True,2
valid,191,1609,1791,cf8bee4faf9f1e67678d45b7cd8c350d04e95baeead6b79c4cff607556fb7129,False,0,4488,4488,cf8bee4faf9f1e67678d45b7cd8c350d04e95baeead6b79c4cff607556fb7129,cf8bee4faf9f1e67678d45b7cd8c350d04e95baeead6b79c4cff607556fb7129,True,2
valid,192,1464,1482,cf8bee4faf9f1e67678d45b7cd8c350d04e95baeead6b79c4cff607556fb7129,False,0,4488,4488,cf8bee4faf9f1e67678d45b7cd8c350d04e95baeead6b79c4cff607556fb7129,cf8bee4faf9f1e67678d45b7cd8c350d04e95baeead6b79c4cff607556fb7129,True,2
valid,193,2367,2369,cf8bee4faf9f1e67678d45b7cd8c350d04e95baeead6b79c4cff607556fb7129,False,0,4488,4488,cf8bee4faf9f1e67678d45b7cd8c350d04e95baeead6b79c4cff607556fb7129,cf8bee4faf9f1e67678d45b7cd8c350d04e95baeead6b79c4cff607556fb7129,True,2
valid,194,55,2021,cf8bee4faf9f1e67678d45b7cd8c350d04e95baeead6b79c4cff607556fb7129,False,0,4488,4488,cf8bee4faf9f1e67678d45b7cd8c350d04e95baeead6b79c4cff607556fb7129,cf8bee4faf9f1e67678d45b7cd8c350d04e95baeead6b79c4cff607556fb7129,True,2
valid,195,438,718,cf8bee4faf9f1e67678d45b7cd8c350d04e95baeead6b79c4cff607556fb7129,False,0,4488,4488,cf8bee4faf9f1e67678d45b7cd8c350d04e95baeead6b79c4cff607556fb7129,cf8bee4faf9f1e67678d45b7cd8c350d04e95baeead6b79c4cff607556fb7129,True,2
valid,196,877,1542,cf8bee4faf9f1e67678d45b7cd8c350d04e95baeead6b79c4cff607556fb7129,False,0,4488,4488,cf8bee4faf9f1e67678d45b7cd8c350d04e95baeead6b79c4cff607556fb7129,cf8bee4faf9f1e67678d45b7cd8c350d04e95baeead6b79c4cff607556fb7129,True,2
valid,197,1441,1700,cf8bee4faf9f1e67678d45b7cd8c350d04e95baeead6b79c4cff607556fb7129,False,0,4488,4488,cf8bee4faf9f1e67678d45b7cd8c350d04e95baeead6b79c4cff607556fb7129,cf8bee4faf9f1e67678d45b7cd8c350d04e95baeead6b79c4cff607556fb7129,True,2
valid,198,1810,1869,cf8bee4faf9f1e67678d45b7cd8c350d04e95baeead6b79c4cff607556fb7129,False,0,4488,4488,cf8bee4faf9f1e67678d45b7cd8c350d04e95baeead6b79c4cff607556fb7129,cf8bee4faf9f1e67678d45b7cd8c350d04e95baeead6b79c4cff607556fb7129,True,2
valid,199,392,1415,cf8bee4faf9f1e67678d45b7cd8c350d04e95baeead6b79c4cff607556fb7129,False,0,4488,4488,cf8bee4faf9f1e67678d45b7cd8c350d04e95baeead6b79c4cff607556fb7129,cf8bee4faf9f1e67678d45b7cd8c350d04e95baeead6b79c4cff607556fb7129,True,2
valid,200,41,1914,cf8bee4faf9f1e67678d45b7cd8c350d04e95baeead6b79c4cff607556fb7129,False,0,4488,4488,cf8bee4faf9f1e67678d45b7cd8c350d04e95baeead6b79c4cff607556fb7129,cf8bee4faf9f1e67678d45b7cd8c350d04e95baeead6b79c4cff607556fb7129,True,2
valid,201,1282,1283,cf8bee4faf9f1e67678d45b7cd8c350d04e95baeead6b79c4cff607556fb7129,False,0,4488,4488,cf8bee4faf9f1e67678d45b7cd8c350d04e95baeead6b79c4cff607556fb7129,cf8bee4faf9f1e67678d45b7cd8c350d04e95baeead6b79c4cff607556fb7129,True,2
valid,202,248,1531,cf8bee4faf9f1e67678d45b7cd8c350d04e95baeead6b79c4cff607556fb7129,False,0,4488,4488,cf8bee4faf9f1e67678d45b7cd8c350d04e95baeead6b79c4cff607556fb7129,cf8bee4faf9f1e67678d45b7cd8c350d04e95baeead6b79c4cff607556fb7129,True,2
valid,203,621,1332,cf8bee4faf9f1e67678d45b7cd8c350d04e95baeead6b79c4cff607556fb7129,False,0,4488,4488,cf8bee4faf9f1e67678d45b7cd8c350d04e95baeead6b79c4cff607556fb7129,cf8bee4faf9f1e67678d45b7cd8c350d04e95baeead6b79c4cff607556fb7129,True,2
valid,204,95,1580,cf8bee4faf9f1e67678d45b7cd8c350d04e95baeead6b79c4cff607556fb7129,False,0,4488,4488,cf8bee4faf9f1e67678d45b7cd8c350d04e95baeead6b79c4cff607556fb7129,cf8bee4faf9f1e67678d45b7cd8c350d04e95baeead6b79c4cff607556fb7129,True,2
valid,205,487,1772,cf8bee4faf9f1e67678d45b7cd8c350d04e95baeead6b79c4cff607556fb7129,False,0,4488,4488,cf8bee4faf9f1e67678d45b7cd8c350d04e95baeead6b79c4cff607556fb7129,cf8bee4faf9f1e67678d45b7cd8c350d04e95baeead6b79c4cff607556fb7129,True,2
valid,206,487,1798,cf8bee4faf9f1e67678d45b7cd8c350d04e95baeead6b79c4cff607556fb7129,False,0,4488,4488,cf8bee4faf9f1e67678d45b7cd8c350d04e95baeead6b79c4cff607556fb7129,cf8bee4faf9f1e67678d45b7cd8c350d04e95baeead6b79c4cff607556fb7129,True,2
valid,207,1212,1701,cf8bee4faf9f1e67678d45b7cd8c350d04e95baeead6b79c4cff607556fb7129,False,0,4488,4488,cf8bee4faf9f1e67678d45b7cd8c350d04e95baeead6b79c4cff607556fb7129,cf8bee4faf9f1e67678d45b7cd8c350d04e95baeead6b79c4cff607556fb7129,True,2
valid,208,454,581,cf8bee4faf9f1e67678d45b7cd8c350d04e95baeead6b79c4cff607556fb7129,False,0,4488,4488,cf8bee4faf9f1e67678d45b7cd8c350d04e95baeead6b79c4cff607556fb7129,cf8bee4faf9f1e67678d45b7cd8c350d04e95baeead6b79c4cff607556fb7129,True,2
valid,209,1376,1848,cf8bee4faf9f1e67678d45b7cd8c350d04e95baeead6b79c4cff607556fb7129,False,0,4488,4488,cf8bee4faf9f1e67678d45b7cd8c350d04e95baeead6b79c4cff607556fb7129,cf8bee4faf9f1e67678d45b7cd8c350d04e95baeead6b79c4cff607556fb7129,True,2
valid,210,1169,1737,cf8bee4faf9f1e67678d45b7cd8c350d04e95baeead6b79c4cff607556fb7129,False,0,4488,4488,cf8bee4faf9f1e67678d45b7cd8c350d04e95baeead6b79c4cff607556fb7129,cf8bee4faf9f1e67678d45b7cd8c350d04e95baeead6b79c4cff607556fb7129,True,2
valid,211,36,1640,cf8bee4faf9f1e67678d45b7cd8c350d04e95baeead6b79c4cff607556fb7129,False,0,4488,4488,cf8bee4faf9f1e67678d45b7cd8c350d04e95baeead6b79c4cff607556fb7129,cf8bee4faf9f1e67678d45b7cd8c350d04e95baeead6b79c4cff607556fb7129,True,2
valid,212,1022,1962,cf8bee4faf9f1e67678d45b7cd8c350d04e95baeead6b79c4cff607556fb7129,False,0,4488,4488,cf8bee4faf9f1e67678d45b7cd8c350d04e95baeead6b79c4cff607556fb7129,cf8bee4faf9f1e67678d45b7cd8c350d04e95baeead6b79c4cff607556fb7129,True,2
valid,213,227,534,cf8bee4faf9f1e67678d45b7cd8c350d04e95baeead6b79c4cff607556fb7129,False,0,4488,4488,cf8bee4faf9f1e67678d45b7cd8c350d04e95baeead6b79c4cff607556fb7129,cf8bee4faf9f1e67678d45b7cd8c350d04e95baeead6b79c4cff607556fb7129,True,2
valid,214,1061,2376,cf8bee4faf9f1e67678d45b7cd8c350d04e95baeead6b79c4cff607556fb7129,False,0,4488,4488,cf8bee4faf9f1e67678d45b7cd8c350d04e95baeead6b79c4cff607556fb7129,cf8bee4faf9f1e67678d45b7cd8c350d04e95baeead6b79c4cff607556fb7129,True,2
valid,215,1183,1824,cf8bee4faf9f1e67678d45b7cd8c350d04e95baeead6b79c4cff607556fb7129,False,0,4488,4488,cf8bee4faf9f1e67678d45b7cd8c350d04e95baeead6b79c4cff607556fb7129,cf8bee4faf9f1e67678d45b7cd8c350d04e95baeead6b79c4cff607556fb7129,True,2
valid,216,22,2238,cf8bee4faf9f1e67678d45b7cd8c350d04e95baeead6b79c4cff607556fb7129,False,0,4488,4488,cf8bee4faf9f1e67678d45b7cd8c350d04e95baeead6b79c4cff607556fb7129,cf8bee4faf9f1e67678d45b7cd8c350d04e95baeead6b79c4cff607556fb7129,True,2
valid,217,1067,1216,cf8bee4faf9f1e67678d45b7cd8c350d04e95baeead6b79c4cff607556fb7129,False,0,4488,4488,cf8bee4faf9f1e67678d45b7cd8c350d04e95baeead6b79c4cff607556fb7129,cf8bee4faf9f1e67678d45b7cd8c350d04e95baeead6b79c4cff607556fb7129,True,2
valid,218,834,2168,cf8bee4faf9f1e67678d45b7cd8c350d04e95baeead6b79c4cff607556fb7129,False,0,4488,4488,cf8bee4faf9f1e67678d45b7cd8c350d04e95baeead6b79c4cff607556fb7129,cf8bee4faf9f1e67678d45b7cd8c350d04e95baeead6b79c4cff607556fb7129,True,2
valid,219,177,2682,cf8bee4faf9f1e67678d45b7cd8c350d04e95baeead6b79c4cff607556fb7129,False,0,4488,4488,cf8bee4faf9f1e67678d45b7cd8c350d04e95baeead6b79c4cff607556fb7129,cf8bee4faf9f1e67678d45b7cd8c350d04e95baeead6b79c4cff607556fb7129,True,2
valid,220,778,1370,cf8bee4faf9f1e67678d45b7cd8c350d04e95baeead6b79c4cff607556fb7129,False,0,4488,4488,cf8bee4faf9f1e67678d45b7cd8c350d04e95baeead6b79c4cff607556fb7129,cf8bee4faf9f1e67678d45b7cd8c350d04e95baeead6b79c4cff607556fb7129,True,2
valid,221,779,1914,cf8bee4faf9f1e67678d45b7cd8c350d04e95baeead6b79c4cff607556fb7129,False,0,4488,4488,cf8bee4faf9f1e67678d45b7cd8c350d04e95baeead6b79c4cff607556fb7129,cf8bee4faf9f1e67678d45b7cd8c350d04e95baeead6b79c4cff607556fb7129,True,2
valid,222,449,1280,cf8bee4faf9f1e67678d45b7cd8c350d04e95baeead6b79c4cff607556fb7129,False,0,4488,4488,cf8bee4faf9f1e67678d45b7cd8c350d04e95baeead6b79c4cff607556fb7129,cf8bee4faf9f1e67678d45b7cd8c350d04e95baeead6b79c4cff607556fb7129,True,2
valid,223,333,1358,cf8bee4faf9f1e67678d45b7cd8c350d04e95baeead6b79c4cff607556fb7129,False,0,4488,4488,cf8bee4faf9f1e67678d45b7cd8c350d04e95baeead6b79c4cff607556fb7129,cf8bee4faf9f1e67678d45b7cd8c350d04e95baeead6b79c4cff607556fb7129,True,2
valid,224,1508,1894,cf8bee4faf9f1e67678d45b7cd8c350d04e95baeead6b79c4cff607556fb7129,False,0,4488,4488,cf8bee4faf9f1e67678d45b7cd8c350d04e95baeead6b79c4cff607556fb7129,cf8bee4faf9f1e67678d45b7cd8c350d04e95baeead6b79c4cff607556fb7129,True,2
valid,225,306,1158,cf8bee4faf9f1e67678d45b7cd8c350d04e95baeead6b79c4cff607556fb7129,False,0,4488,4488,cf8bee4faf9f1e67678d45b7cd8c350d04e95baeead6b79c4cff607556fb7129,cf8bee4faf9f1e67678d45b7cd8c350d04e95baeead6b79c4cff607556fb7129,True,2
valid,226,1228,1536,cf8bee4faf9f1e67678d45b7cd8c350d04e95baeead6b79c4cff607556fb7129,False,0,4488,4488,cf8bee4faf9f1e67678d45b7cd8c350d04e95baeead6b79c4cff607556fb7129,cf8bee4faf9f1e67678d45b7cd8c350d04e95baeead6b79c4cff607556fb7129,True,2
valid,227,55,1983,cf8bee4faf9f1e67678d45b7cd8c350d04e95baeead6b79c4cff607556fb7129,False,0,4488,4488,cf8bee4faf9f1e67678d45b7cd8c350d04e95baeead6b79c4cff607556fb7129,cf8bee4faf9f1e67678d45b7cd8c350d04e95baeead6b79c4cff607556fb7129,True,2
valid,228,1178,1984,cf8bee4faf9f1e67678d45b7cd8c350d04e95baeead6b79c4cff607556fb7129,False,0,4488,4488,cf8bee4faf9f1e67678d45b7cd8c350d04e95baeead6b79c4cff607556fb7129,cf8bee4faf9f1e67678d45b7cd8c350d04e95baeead6b79c4cff607556fb7129,True,2
valid,229,84,2223,cf8bee4faf9f1e67678d45b7cd8c350d04e95baeead6b79c4cff607556fb7129,False,0,4488,4488,cf8bee4faf9f1e67678d45b7cd8c350d04e95baeead6b79c4cff607556fb7129,cf8bee4faf9f1e67678d45b7cd8c350d04e95baeead6b79c4cff607556fb7129,True,2
valid,230,133,452,cf8bee4faf9f1e67678d45b7cd8c350d04e95baeead6b79c4cff607556fb7129,False,0,4488,4488,cf8bee4faf9f1e67678d45b7cd8c350d04e95baeead6b79c4cff607556fb7129,cf8bee4faf9f1e67678d45b7cd8c350d04e95baeead6b79c4cff607556fb7129,True,2
valid,231,1542,1577,cf8bee4faf9f1e67678d45b7cd8c350d04e95baeead6b79c4cff607556fb7129,False,0,4488,4488,cf8bee4faf9f1e67678d45b7cd8c350d04e95baeead6b79c4cff607556fb7129,cf8bee4faf9f1e67678d45b7cd8c350d04e95baeead6b79c4cff607556fb7129,True,2
valid,232,754,1483,cf8bee4faf9f1e67678d45b7cd8c350d04e95baeead6b79c4cff607556fb7129,False,0,4488,4488,cf8bee4faf9f1e67678d45b7cd8c350d04e95baeead6b79c4cff607556fb7129,cf8bee4faf9f1e67678d45b7cd8c350d04e95baeead6b79c4cff607556fb7129,True,2
valid,233,822,1973,cf8bee4faf9f1e67678d45b7cd8c350d04e95baeead6b79c4cff607556fb7129,False,0,4488,4488,cf8bee4faf9f1e67678d45b7cd8c350d04e95baeead6b79c4cff607556fb7129,cf8bee4faf9f1e67678d45b7cd8c350d04e95baeead6b79c4cff607556fb7129,True,2
valid,234,109,426,cf8bee4faf9f1e67678d45b7cd8c350d04e95baeead6b79c4cff607556fb7129,False,0,4488,4488,cf8bee4faf9f1e67678d45b7cd8c350d04e95baeead6b79c4cff607556fb7129,cf8bee4faf9f1e67678d45b7cd8c350d04e95baeead6b79c4cff607556fb7129,True,2
valid,235,610,826,cf8bee4faf9f1e67678d45b7cd8c350d04e95baeead6b79c4cff607556fb7129,False,0,4488,4488,cf8bee4faf9f1e67678d45b7cd8c350d04e95baeead6b79c4cff607556fb7129,cf8bee4faf9f1e67678d45b7cd8c350d04e95baeead6b79c4cff607556fb7129,True,2
valid,236,566,1986,cf8bee4faf9f1e67678d45b7cd8c350d04e95baeead6b79c4cff607556fb7129,False,0,4488,4488,cf8bee4faf9f1e67678d45b7cd8c350d04e95baeead6b79c4cff607556fb7129,cf8bee4faf9f1e67678d45b7cd8c350d04e95baeead6b79c4cff607556fb7129,True,2
valid,237,1165,1593,cf8bee4faf9f1e67678d45b7cd8c350d04e95baeead6b79c4cff607556fb7129,False,0,4488,4488,cf8bee4faf9f1e67678d45b7cd8c350d04e95baeead6b79c4cff607556fb7129,cf8bee4faf9f1e67678d45b7cd8c350d04e95baeead6b79c4cff607556fb7129,True,2
valid,238,595,2176,cf8bee4faf9f1e67678d45b7cd8c350d04e95baeead6b79c4cff607556fb7129,False,0,4488,4488,cf8bee4faf9f1e67678d45b7cd8c350d04e95baeead6b79c4cff607556fb7129,cf8bee4faf9f1e67678d45b7cd8c350d04e95baeead6b79c4cff607556fb7129,True,2
valid,239,76,2178,cf8bee4faf9f1e67678d45b7cd8c350d04e95baeead6b79c4cff607556fb7129,False,0,4488,4488,cf8bee4faf9f1e67678d45b7cd8c350d04e95baeead6b79c4cff607556fb7129,cf8bee4faf9f1e67678d45b7cd8c350d04e95baeead6b79c4cff607556fb7129,True,2
valid,240,598,2707,cf8bee4faf9f1e67678d45b7cd8c350d04e95baeead6b79c4cff607556fb7129,False,0,4488,4488,cf8bee4faf9f1e67678d45b7cd8c350d04e95baeead6b79c4cff607556fb7129,cf8bee4faf9f1e67678d45b7cd8c350d04e95baeead6b79c4cff607556fb7129,True,2
valid,241,88,1288,cf8bee4faf9f1e67678d45b7cd8c350d04e95baeead6b79c4cff607556fb7129,False,0,4488,4488,cf8bee4faf9f1e67678d45b7cd8c350d04e95baeead6b79c4cff607556fb7129,cf8bee4faf9f1e67678d45b7cd8c350d04e95baeead6b79c4cff607556fb7129,True,2
valid,242,2636,2693,cf8bee4faf9f1e67678d45b7cd8c350d04e95baeead6b79c4cff607556fb7129,False,0,4488,4488,cf8bee4faf9f1e67678d45b7cd8c350d04e95baeead6b79c4cff607556fb7129,cf8bee4faf9f1e67678d45b7cd8c350d04e95baeead6b79c4cff607556fb7129,True,2
valid,243,823,1169,cf8bee4faf9f1e67678d45b7cd8c350d04e95baeead6b79c4cff607556fb7129,False,0,4488,4488,cf8bee4faf9f1e67678d45b7cd8c350d04e95baeead6b79c4cff607556fb7129,cf8bee4faf9f1e67678d45b7cd8c350d04e95baeead6b79c4cff607556fb7129,True,2
valid,244,1360,1650,cf8bee4faf9f1e67678d45b7cd8c350d04e95baeead6b79c4cff607556fb7129,False,0,4488,4488,cf8bee4faf9f1e67678d45b7cd8c350d04e95baeead6b79c4cff607556fb7129,cf8bee4faf9f1e67678d45b7cd8c350d04e95baeead6b79c4cff607556fb7129,True,2
valid,245,802,1307,cf8bee4faf9f1e67678d45b7cd8c350d04e95baeead6b79c4cff607556fb7129,False,0,4488,4488,cf8bee4faf9f1e67678d45b7cd8c350d04e95baeead6b79c4cff607556fb7129,cf8bee4faf9f1e67678d45b7cd8c350d04e95baeead6b79c4cff607556fb7129,True,2
valid,246,1623,1780,cf8bee4faf9f1e67678d45b7cd8c350d04e95baeead6b79c4cff607556fb7129,False,0,4488,4488,cf8bee4faf9f1e67678d45b7cd8c350d04e95baeead6b79c4cff607556fb7129,cf8bee4faf9f1e67678d45b7cd8c350d04e95baeead6b79c4cff607556fb7129,True,2
valid,247,805,2236,cf8bee4faf9f1e67678d45b7cd8c350d04e95baeead6b79c4cff607556fb7129,False,0,4488,4488,cf8bee4faf9f1e67678d45b7cd8c350d04e95baeead6b79c4cff607556fb7129,cf8bee4faf9f1e67678d45b7cd8c350d04e95baeead6b79c4cff607556fb7129,True,2
valid,248,9,723,cf8bee4faf9f1e67678d45b7cd8c350d04e95baeead6b79c4cff607556fb7129,False,0,4488,4488,cf8bee4faf9f1e67678d45b7cd8c350d04e95baeead6b79c4cff607556fb7129,cf8bee4faf9f1e67678d45b7cd8c350d04e95baeead6b79c4cff607556fb7129,True,2
valid,249,571,1570,cf8bee4faf9f1e67678d45b7cd8c350d04e95baeead6b79c4cff607556fb7129,False,0,4488,4488,cf8bee4faf9f1e67678d45b7cd8c350d04e95baeead6b79c4cff607556fb7129,cf8bee4faf9f1e67678d45b7cd8c350d04e95baeead6b79c4cff607556fb7129,True,2
valid,250,146,2059,cf8bee4faf9f1e67678d45b7cd8c350d04e95baeead6b79c4cff607556fb7129,False,0,4488,4488,cf8bee4faf9f1e67678d45b7cd8c350d04e95baeead6b79c4cff607556fb7129,cf8bee4faf9f1e67678d45b7cd8c350d04e95baeead6b79c4cff607556fb7129,True,2
valid,251,631,2358,cf8bee4faf9f1e67678d45b7cd8c350d04e95baeead6b79c4cff607556fb7129,False,0,4488,4488,cf8bee4faf9f1e67678d45b7cd8c350d04e95baeead6b79c4cff607556fb7129,cf8bee4faf9f1e67678d45b7cd8c350d04e95baeead6b79c4cff607556fb7129,True,2
valid,252,1106,2501,cf8bee4faf9f1e67678d45b7cd8c350d04e95baeead6b79c4cff607556fb7129,False,0,4488,4488,cf8bee4faf9f1e67678d45b7cd8c350d04e95baeead6b79c4cff607556fb7129,cf8bee4faf9f1e67678d45b7cd8c350d04e95baeead6b79c4cff607556fb7129,True,2
valid,253,239,1376,cf8bee4faf9f1e67678d45b7cd8c350d04e95baeead6b79c4cff607556fb7129,False,0,4488,4488,cf8bee4faf9f1e67678d45b7cd8c350d04e95baeead6b79c4cff607556fb7129,cf8bee4faf9f1e67678d45b7cd8c350d04e95baeead6b79c4cff607556fb7129,True,2
valid,254,647,1360,cf8bee4faf9f1e67678d45b7cd8c350d04e95baeead6b79c4cff607556fb7129,False,0,4488,4488,cf8bee4faf9f1e67678d45b7cd8c350d04e95baeead6b79c4cff607556fb7129,cf8bee4faf9f1e67678d45b7cd8c350d04e95baeead6b79c4cff607556fb7129,True,2
valid,255,1554,2688,cf8bee4faf9f1e67678d45b7cd8c350d04e95baeead6b79c4cff607556fb7129,False,0,4488,4488,cf8bee4faf9f1e67678d45b7cd8c350d04e95baeead6b79c4cff607556fb7129,cf8bee4faf9f1e67678d45b7cd8c350d04e95baeead6b79c4cff607556fb7129,True,2
valid,256,1703,1968,cf8bee4faf9f1e67678d45b7cd8c350d04e95baeead6b79c4cff607556fb7129,False,0,4488,4488,cf8bee4faf9f1e67678d45b7cd8c350d04e95baeead6b79c4cff607556fb7129,cf8bee4faf9f1e67678d45b7cd8c350d04e95baeead6b79c4cff607556fb7129,True,2
valid,257,107,971,cf8bee4faf9f1e67678d45b7cd8c350d04e95baeead6b79c4cff607556fb7129,False,0,4488,4488,cf8bee4faf9f1e67678d45b7cd8c350d04e95baeead6b79c4cff607556fb7129,cf8bee4faf9f1e67678d45b7cd8c350d04e95baeead6b79c4cff607556fb7129,True,2
valid,258,805,963,cf8bee4faf9f1e67678d45b7cd8c350d04e95baeead6b79c4cff607556fb7129,False,0,4488,4488,cf8bee4faf9f1e67678d45b7cd8c350d04e95baeead6b79c4cff607556fb7129,cf8bee4faf9f1e67678d45b7cd8c350d04e95baeead6b79c4cff607556fb7129,True,2
valid,259,1666,2381,cf8bee4faf9f1e67678d45b7cd8c350d04e95baeead6b79c4cff607556fb7129,False,0,4488,4488,cf8bee4faf9f1e67678d45b7cd8c350d04e95baeead6b79c4cff607556fb7129,cf8bee4faf9f1e67678d45b7cd8c350d04e95baeead6b79c4cff607556fb7129,True,2
valid,260,1432,2663,cf8bee4faf9f1e67678d45b7cd8c350d04e95baeead6b79c4cff607556fb7129,False,0,4488,4488,cf8bee4faf9f1e67678d45b7cd8c350d04e95baeead6b79c4cff607556fb7129,cf8bee4faf9f1e67678d45b7cd8c350d04e95baeead6b79c4cff607556fb7129,True,2
valid,261,2554,2689,cf8bee4faf9f1e67678d45b7cd8c350d04e95baeead6b79c4cff607556fb7129,False,0,4488,4488,cf8bee4faf9f1e67678d45b7cd8c350d04e95baeead6b79c4cff607556fb7129,cf8bee4faf9f1e67678d45b7cd8c350d04e95baeead6b79c4cff607556fb7129,True,2
valid,262,1248,2045,cf8bee4faf9f1e67678d45b7cd8c350d04e95baeead6b79c4cff607556fb7129,False,0,4488,4488,cf8bee4faf9f1e67678d45b7cd8c350d04e95baeead6b79c4cff607556fb7129,cf8bee4faf9f1e67678d45b7cd8c350d04e95baeead6b79c4cff607556fb7129,True,2
test,0,733,1062,cf8bee4faf9f1e67678d45b7cd8c350d04e95baeead6b79c4cff607556fb7129,False,0,4488,4488,cf8bee4faf9f1e67678d45b7cd8c350d04e95baeead6b79c4cff607556fb7129,cf8bee4faf9f1e67678d45b7cd8c350d04e95baeead6b79c4cff607556fb7129,True,2
test,1,1416,1468,cf8bee4faf9f1e67678d45b7cd8c350d04e95baeead6b79c4cff607556fb7129,False,0,4488,4488,cf8bee4faf9f1e67678d45b7cd8c350d04e95baeead6b79c4cff607556fb7129,cf8bee4faf9f1e67678d45b7cd8c350d04e95baeead6b79c4cff607556fb7129,True,2
test,2,350,1778,cf8bee4faf9f1e67678d45b7cd8c350d04e95baeead6b79c4cff607556fb7129,False,0,4488,4488,cf8bee4faf9f1e67678d45b7cd8c350d04e95baeead6b79c4cff607556fb7129,cf8bee4faf9f1e67678d45b7cd8c350d04e95baeead6b79c4cff607556fb7129,True,2
test,3,657,1740,cf8bee4faf9f1e67678d45b7cd8c350d04e95baeead6b79c4cff607556fb7129,False,0,4488,4488,cf8bee4faf9f1e67678d45b7cd8c350d04e95baeead6b79c4cff607556fb7129,cf8bee4faf9f1e67678d45b7cd8c350d04e95baeead6b79c4cff607556fb7129,True,2
test,4,1602,2073,cf8bee4faf9f1e67678d45b7cd8c350d04e95baeead6b79c4cff607556fb7129,False,0,4488,4488,cf8bee4faf9f1e67678d45b7cd8c350d04e95baeead6b79c4cff607556fb7129,cf8bee4faf9f1e67678d45b7cd8c350d04e95baeead6b79c4cff607556fb7129,True,2
test,5,507,1300,cf8bee4faf9f1e67678d45b7cd8c350d04e95baeead6b79c4cff607556fb7129,False,0,4488,4488,cf8bee4faf9f1e67678d45b7cd8c350d04e95baeead6b79c4cff607556fb7129,cf8bee4faf9f1e67678d45b7cd8c350d04e95baeead6b79c4cff607556fb7129,True,2
test,6,1682,2189,cf8bee4faf9f1e67678d45b7cd8c350d04e95baeead6b79c4cff607556fb7129,False,0,4488,4488,cf8bee4faf9f1e67678d45b7cd8c350d04e95baeead6b79c4cff607556fb7129,cf8bee4faf9f1e67678d45b7cd8c350d04e95baeead6b79c4cff607556fb7129,True,2
test,7,306,1798,cf8bee4faf9f1e67678d45b7cd8c350d04e95baeead6b79c4cff607556fb7129,False,0,4488,4488,cf8bee4faf9f1e67678d45b7cd8c350d04e95baeead6b79c4cff607556fb7129,cf8bee4faf9f1e67678d45b7cd8c350d04e95baeead6b79c4cff607556fb7129,True,2
test,8,661,1878,cf8bee4faf9f1e67678d45b7cd8c350d04e95baeead6b79c4cff607556fb7129,False,0,4488,4488,cf8bee4faf9f1e67678d45b7cd8c350d04e95baeead6b79c4cff607556fb7129,cf8bee4faf9f1e67678d45b7cd8c350d04e95baeead6b79c4cff607556fb7129,True,2
test,9,2446,2448,cf8bee4faf9f1e67678d45b7cd8c350d04e95baeead6b79c4cff607556fb7129,False,0,4488,4488,cf8bee4faf9f1e67678d45b7cd8c350d04e95baeead6b79c4cff607556fb7129,cf8bee4faf9f1e67678d45b7cd8c350d04e95baeead6b79c4cff607556fb7129,True,2
test,10,1704,1912,cf8bee4faf9f1e67678d45b7cd8c350d04e95baeead6b79c4cff607556fb7129,False,0,4488,4488,cf8bee4faf9f1e67678d45b7cd8c350d04e95baeead6b79c4cff607556fb7129,cf8bee4faf9f1e67678d45b7cd8c350d04e95baeead6b79c4cff607556fb7129,True,2
test,11,4,1761,cf8bee4faf9f1e67678d45b7cd8c350d04e95baeead6b79c4cff607556fb7129,False,0,4488,4488,cf8bee4faf9f1e67678d45b7cd8c350d04e95baeead6b79c4cff607556fb7129,cf8bee4faf9f1e67678d45b7cd8c350d04e95baeead6b79c4cff607556fb7129,True,2
test,12,1411,2218,cf8bee4faf9f1e67678d45b7cd8c350d04e95baeead6b79c4cff607556fb7129,False,0,4488,4488,cf8bee4faf9f1e67678d45b7cd8c350d04e95baeead6b79c4cff607556fb7129,cf8bee4faf9f1e67678d45b7cd8c350d04e95baeead6b79c4cff607556fb7129,True,2
test,13,1359,1914,cf8bee4faf9f1e67678d45b7cd8c350d04e95baeead6b79c4cff607556fb7129,False,0,4488,4488,cf8bee4faf9f1e67678d45b7cd8c350d04e95baeead6b79c4cff607556fb7129,cf8bee4faf9f1e67678d45b7cd8c350d04e95baeead6b79c4cff607556fb7129,True,2
test,14,1013,1844,cf8bee4faf9f1e67678d45b7cd8c350d04e95baeead6b79c4cff607556fb7129,False,0,4488,4488,cf8bee4faf9f1e67678d45b7cd8c350d04e95baeead6b79c4cff607556fb7129,cf8bee4faf9f1e67678d45b7cd8c350d04e95baeead6b79c4cff607556fb7129,True,2
test,15,2263,2490,cf8bee4faf9f1e67678d45b7cd8c350d04e95baeead6b79c4cff607556fb7129,False,0,4488,4488,cf8bee4faf9f1e67678d45b7cd8c350d04e95baeead6b79c4cff607556fb7129,cf8bee4faf9f1e67678d45b7cd8c350d04e95baeead6b79c4cff607556fb7129,True,2
test,16,1072,1802,cf8bee4faf9f1e67678d45b7cd8c350d04e95baeead6b79c4cff607556fb7129,False,0,4488,4488,cf8bee4faf9f1e67678d45b7cd8c350d04e95baeead6b79c4cff607556fb7129,cf8bee4faf9f1e67678d45b7cd8c350d04e95baeead6b79c4cff607556fb7129,True,2
test,17,968,1986,cf8bee4faf9f1e67678d45b7cd8c350d04e95baeead6b79c4cff607556fb7129,False,0,4488,4488,cf8bee4faf9f1e67678d45b7cd8c350d04e95baeead6b79c4cff607556fb7129,cf8bee4faf9f1e67678d45b7cd8c350d04e95baeead6b79c4cff607556fb7129,True,2
test,18,968,1603,cf8bee4faf9f1e67678d45b7cd8c350d04e95baeead6b79c4cff607556fb7129,False,0,4488,4488,cf8bee4faf9f1e67678d45b7cd8c350d04e95baeead6b79c4cff607556fb7129,cf8bee4faf9f1e67678d45b7cd8c350d04e95baeead6b79c4cff607556fb7129,True,2
test,19,650,1486,cf8bee4faf9f1e67678d45b7cd8c350d04e95baeead6b79c4cff607556fb7129,False,0,4488,4488,cf8bee4faf9f1e67678d45b7cd8c350d04e95baeead6b79c4cff607556fb7129,cf8bee4faf9f1e67678d45b7cd8c350d04e95baeead6b79c4cff607556fb7129,True,2
test,20,73,1751,cf8bee4faf9f1e67678d45b7cd8c350d04e95baeead6b79c4cff607556fb7129,False,0,4488,4488,cf8bee4faf9f1e67678d45b7cd8c350d04e95baeead6b79c4cff607556fb7129,cf8bee4faf9f1e67678d45b7cd8c350d04e95baeead6b79c4cff607556fb7129,True,2
test,21,1602,2074,cf8bee4faf9f1e67678d45b7cd8c350d04e95baeead6b79c4cff607556fb7129,False,0,4488,4488,cf8bee4faf9f1e67678d45b7cd8c350d04e95baeead6b79c4cff607556fb7129,cf8bee4faf9f1e67678d45b7cd8c350d04e95baeead6b79c4cff607556fb7129,True,2
test,22,1599,2614,cf8bee4faf9f1e67678d45b7cd8c350d04e95baeead6b79c4cff607556fb7129,False,0,4488,4488,cf8bee4faf9f1e67678d45b7cd8c350d04e95baeead6b79c4cff607556fb7129,cf8bee4faf9f1e67678d45b7cd8c350d04e95baeead6b79c4cff607556fb7129,True,2
test,23,1201,2533,cf8bee4faf9f1e67678d45b7cd8c350d04e95baeead6b79c4cff607556fb7129,False,0,4488,4488,cf8bee4faf9f1e67678d45b7cd8c350d04e95baeead6b79c4cff607556fb7129,cf8bee4faf9f1e67678d45b7cd8c350d04e95baeead6b79c4cff607556fb7129,True,2
test,24,1409,1826,cf8bee4faf9f1e67678d45b7cd8c350d04e95baeead6b79c4cff607556fb7129,False,0,4488,4488,cf8bee4faf9f1e67678d45b7cd8c350d04e95baeead6b79c4cff607556fb7129,cf8bee4faf9f1e67678d45b7cd8c350d04e95baeead6b79c4cff607556fb7129,True,2
test,25,756,885,cf8bee4faf9f1e67678d45b7cd8c350d04e95baeead6b79c4cff607556fb7129,False,0,4488,4488,cf8bee4faf9f1e67678d45b7cd8c350d04e95baeead6b79c4cff607556fb7129,cf8bee4faf9f1e67678d45b7cd8c350d04e95baeead6b79c4cff607556fb7129,True,2
test,26,1153,1401,cf8bee4faf9f1e67678d45b7cd8c350d04e95baeead6b79c4cff607556fb7129,False,0,4488,4488,cf8bee4faf9f1e67678d45b7cd8c350d04e95baeead6b79c4cff607556fb7129,cf8bee4faf9f1e67678d45b7cd8c350d04e95baeead6b79c4cff607556fb7129,True,2
test,27,102,1251,cf8bee4faf9f1e67678d45b7cd8c350d04e95baeead6b79c4cff607556fb7129,False,0,4488,4488,cf8bee4faf9f1e67678d45b7cd8c350d04e95baeead6b79c4cff607556fb7129,cf8bee4faf9f1e67678d45b7cd8c350d04e95baeead6b79c4cff607556fb7129,True,2
test,28,567,1513,cf8bee4faf9f1e67678d45b7cd8c350d04e95baeead6b79c4cff607556fb7129,False,0,4488,4488,cf8bee4faf9f1e67678d45b7cd8c350d04e95baeead6b79c4cff607556fb7129,cf8bee4faf9f1e67678d45b7cd8c350d04e95baeead6b79c4cff607556fb7129,True,2
test,29,1282,1735,cf8bee4faf9f1e67678d45b7cd8c350d04e95baeead6b79c4cff607556fb7129,False,0,4488,4488,cf8bee4faf9f1e67678d45b7cd8c350d04e95baeead6b79c4cff607556fb7129,cf8bee4faf9f1e67678d45b7cd8c350d04e95baeead6b79c4cff607556fb7129,True,2
test,30,1440,1701,cf8bee4faf9f1e67678d45b7cd8c350d04e95baeead6b79c4cff607556fb7129,False,0,4488,4488,cf8bee4faf9f1e67678d45b7cd8c350d04e95baeead6b79c4cff607556fb7129,cf8bee4faf9f1e67678d45b7cd8c350d04e95baeead6b79c4cff607556fb7129,True,2
test,31,118,581,cf8bee4faf9f1e67678d45b7cd8c350d04e95baeead6b79c4cff607556fb7129,False,0,4488,4488,cf8bee4faf9f1e67678d45b7cd8c350d04e95baeead6b79c4cff607556fb7129,cf8bee4faf9f1e67678d45b7cd8c350d04e95baeead6b79c4cff607556fb7129,True,2
test,32,124,1367,cf8bee4faf9f1e67678d45b7cd8c350d04e95baeead6b79c4cff607556fb7129,False,0,4488,4488,cf8bee4faf9f1e67678d45b7cd8c350d04e95baeead6b79c4cff607556fb7129,cf8bee4faf9f1e67678d45b7cd8c350d04e95baeead6b79c4cff607556fb7129,True,2
test,33,1042,1517,cf8bee4faf9f1e67678d45b7cd8c350d04e95baeead6b79c4cff607556fb7129,False,0,4488,4488,cf8bee4faf9f1e67678d45b7cd8c350d04e95baeead6b79c4cff607556fb7129,cf8bee4faf9f1e67678d45b7cd8c350d04e95baeead6b79c4cff607556fb7129,True,2
test,34,492,1533,cf8bee4faf9f1e67678d45b7cd8c350d04e95baeead6b79c4cff607556fb7129,False,0,4488,4488,cf8bee4faf9f1e67678d45b7cd8c350d04e95baeead6b79c4cff607556fb7129,cf8bee4faf9f1e67678d45b7cd8c350d04e95baeead6b79c4cff607556fb7129,True,2
test,35,972,1000,cf8bee4faf9f1e67678d45b7cd8c350d04e95baeead6b79c4cff607556fb7129,False,0,4488,4488,cf8bee4faf9f1e67678d45b7cd8c350d04e95baeead6b79c4cff607556fb7129,cf8bee4faf9f1e67678d45b7cd8c350d04e95baeead6b79c4cff607556fb7129,True,2
test,36,468,647,cf8bee4faf9f1e67678d45b7cd8c350d04e95baeead6b79c4cff607556fb7129,False,0,4488,4488,cf8bee4faf9f1e67678d45b7cd8c350d04e95baeead6b79c4cff607556fb7129,cf8bee4faf9f1e67678d45b7cd8c350d04e95baeead6b79c4cff607556fb7129,True,2
test,37,121,1910,cf8bee4faf9f1e67678d45b7cd8c350d04e95baeead6b79c4cff607556fb7129,False,0,4488,4488,cf8bee4faf9f1e67678d45b7cd8c350d04e95baeead6b79c4cff607556fb7129,cf8bee4faf9f1e67678d45b7cd8c350d04e95baeead6b79c4cff607556fb7129,True,2
test,38,547,598,cf8bee4faf9f1e67678d45b7cd8c350d04e95baeead6b79c4cff607556fb7129,False,0,4488,4488,cf8bee4faf9f1e67678d45b7cd8c350d04e95baeead6b79c4cff607556fb7129,cf8bee4faf9f1e67678d45b7cd8c350d04e95baeead6b79c4cff607556fb7129,True,2
test,39,452,1258,cf8bee4faf9f1e67678d45b7cd8c350d04e95baeead6b79c4cff607556fb7129,False,0,4488,4488,cf8bee4faf9f1e67678d45b7cd8c350d04e95baeead6b79c4cff607556fb7129,cf8bee4faf9f1e67678d45b7cd8c350d04e95baeead6b79c4cff607556fb7129,True,2
test,40,1109,2671,cf8bee4faf9f1e67678d45b7cd8c350d04e95baeead6b79c4cff607556fb7129,False,0,4488,4488,cf8bee4faf9f1e67678d45b7cd8c350d04e95baeead6b79c4cff607556fb7129,cf8bee4faf9f1e67678d45b7cd8c350d04e95baeead6b79c4cff607556fb7129,True,2
test,41,1365,1702,cf8bee4faf9f1e67678d45b7cd8c350d04e95baeead6b79c4cff607556fb7129,False,0,4488,4488,cf8bee4faf9f1e67678d45b7cd8c350d04e95baeead6b79c4cff607556fb7129,cf8bee4faf9f1e67678d45b7cd8c350d04e95baeead6b79c4cff607556fb7129,True,2
test,42,326,1358,cf8bee4faf9f1e67678d45b7cd8c350d04e95baeead6b79c4cff607556fb7129,False,0,4488,4488,cf8bee4faf9f1e67678d45b7cd8c350d04e95baeead6b79c4cff607556fb7129,cf8bee4faf9f1e67678d45b7cd8c350d04e95baeead6b79c4cff607556fb7129,True,2
test,43,718,2059,cf8bee4faf9f1e67678d45b7cd8c350d04e95baeead6b79c4cff607556fb7129,False,0,4488,4488,cf8bee4faf9f1e67678d45b7cd8c350d04e95baeead6b79c4cff607556fb7129,cf8bee4faf9f1e67678d45b7cd8c350d04e95baeead6b79c4cff607556fb7129,True,2
test,44,1085,1421,cf8bee4faf9f1e67678d45b7cd8c350d04e95baeead6b79c4cff607556fb7129,False,0,4488,4488,cf8bee4faf9f1e67678d45b7cd8c350d04e95baeead6b79c4cff607556fb7129,cf8bee4faf9f1e67678d45b7cd8c350d04e95baeead6b79c4cff607556fb7129,True,2
test,45,166,2617,cf8bee4faf9f1e67678d45b7cd8c350d04e95baeead6b79c4cff607556fb7129,False,0,4488,4488,cf8bee4faf9f1e67678d45b7cd8c350d04e95baeead6b79c4cff607556fb7129,cf8bee4faf9f1e67678d45b7cd8c350d04e95baeead6b79c4cff607556fb7129,True,2
test,46,1856,2045,cf8bee4faf9f1e67678d45b7cd8c350d04e95baeead6b79c4cff607556fb7129,False,0,4488,4488,cf8bee4faf9f1e67678d45b7cd8c350d04e95baeead6b79c4cff607556fb7129,cf8bee4faf9f1e67678d45b7cd8c350d04e95baeead6b79c4cff607556fb7129,True,2
test,47,307,991,cf8bee4faf9f1e67678d45b7cd8c350d04e95baeead6b79c4cff607556fb7129,False,0,4488,4488,cf8bee4faf9f1e67678d45b7cd8c350d04e95baeead6b79c4cff607556fb7129,cf8bee4faf9f1e67678d45b7cd8c350d04e95baeead6b79c4cff607556fb7129,True,2
test,48,1358,1568,cf8bee4faf9f1e67678d45b7cd8c350d04e95baeead6b79c4cff607556fb7129,False,0,4488,4488,cf8bee4faf9f1e67678d45b7cd8c350d04e95baeead6b79c4cff607556fb7129,cf8bee4faf9f1e67678d45b7cd8c350d04e95baeead6b79c4cff607556fb7129,True,2
test,49,1501,2228,cf8bee4faf9f1e67678d45b7cd8c350d04e95baeead6b79c4cff607556fb7129,False,0,4488,4488,cf8bee4faf9f1e67678d45b7cd8c350d04e95baeead6b79c4cff607556fb7129,cf8bee4faf9f1e67678d45b7cd8c350d04e95baeead6b79c4cff607556fb7129,True,2
test,50,14,2668,cf8bee4faf9f1e67678d45b7cd8c350d04e95baeead6b79c4cff607556fb7129,False,0,4488,4488,cf8bee4faf9f1e67678d45b7cd8c350d04e95baeead6b79c4cff607556fb7129,cf8bee4faf9f1e67678d45b7cd8c350d04e95baeead6b79c4cff607556fb7129,True,2
test,51,1038,1358,cf8bee4faf9f1e67678d45b7cd8c350d04e95baeead6b79c4cff607556fb7129,False,0,4488,4488,cf8bee4faf9f1e67678d45b7cd8c350d04e95baeead6b79c4cff607556fb7129,cf8bee4faf9f1e67678d45b7cd8c350d04e95baeead6b79c4cff607556fb7129,True,2
test,52,647,904,cf8bee4faf9f1e67678d45b7cd8c350d04e95baeead6b79c4cff607556fb7129,False,0,4488,4488,cf8bee4faf9f1e67678d45b7cd8c350d04e95baeead6b79c4cff607556fb7129,cf8bee4faf9f1e67678d45b7cd8c350d04e95baeead6b79c4cff607556fb7129,True,2
test,53,1849,1914,cf8bee4faf9f1e67678d45b7cd8c350d04e95baeead6b79c4cff607556fb7129,False,0,4488,4488,cf8bee4faf9f1e67678d45b7cd8c350d04e95baeead6b79c4cff607556fb7129,cf8bee4faf9f1e67678d45b7cd8c350d04e95baeead6b79c4cff607556fb7129,True,2
test,54,1773,1780,cf8bee4faf9f1e67678d45b7cd8c350d04e95baeead6b79c4cff607556fb7129,False,0,4488,4488,cf8bee4faf9f1e67678d45b7cd8c350d04e95baeead6b79c4cff607556fb7129,cf8bee4faf9f1e67678d45b7cd8c350d04e95baeead6b79c4cff607556fb7129,True,2
test,55,306,656,cf8bee4faf9f1e67678d45b7cd8c350d04e95baeead6b79c4cff607556fb7129,False,0,4488,4488,cf8bee4faf9f1e67678d45b7cd8c350d04e95baeead6b79c4cff607556fb7129,cf8bee4faf9f1e67678d45b7cd8c350d04e95baeead6b79c4cff607556fb7129,True,2
test,56,1351,1535,cf8bee4faf9f1e67678d45b7cd8c350d04e95baeead6b79c4cff607556fb7129,False,0,4488,4488,cf8bee4faf9f1e67678d45b7cd8c350d04e95baeead6b79c4cff607556fb7129,cf8bee4faf9f1e67678d45b7cd8c350d04e95baeead6b79c4cff607556fb7129,True,2
test,57,2457,2458,cf8bee4faf9f1e67678d45b7cd8c350d04e95baeead6b79c4cff607556fb7129,False,0,4488,4488,cf8bee4faf9f1e67678d45b7cd8c350d04e95baeead6b79c4cff607556fb7129,cf8bee4faf9f1e67678d45b7cd8c350d04e95baeead6b79c4cff607556fb7129,True,2
test,58,109,1805,cf8bee4faf9f1e67678d45b7cd8c350d04e95baeead6b79c4cff607556fb7129,False,0,4488,4488,cf8bee4faf9f1e67678d45b7cd8c350d04e95baeead6b79c4cff607556fb7129,cf8bee4faf9f1e67678d45b7cd8c350d04e95baeead6b79c4cff607556fb7129,True,2
test,59,907,1351,cf8bee4faf9f1e67678d45b7cd8c350d04e95baeead6b79c4cff607556fb7129,False,0,4488,4488,cf8bee4faf9f1e67678d45b7cd8c350d04e95baeead6b79c4cff607556fb7129,cf8bee4faf9f1e67678d45b7cd8c350d04e95baeead6b79c4cff607556fb7129,True,2
test,60,748,1617,cf8bee4faf9f1e67678d45b7cd8c350d04e95baeead6b79c4cff607556fb7129,False,0,4488,4488,cf8bee4faf9f1e67678d45b7cd8c350d04e95baeead6b79c4cff607556fb7129,cf8bee4faf9f1e67678d45b7cd8c350d04e95baeead6b79c4cff607556fb7129,True,2
test,61,1357,2170,cf8bee4faf9f1e67678d45b7cd8c350d04e95baeead6b79c4cff607556fb7129,False,0,4488,4488,cf8bee4faf9f1e67678d45b7cd8c350d04e95baeead6b79c4cff607556fb7129,cf8bee4faf9f1e67678d45b7cd8c350d04e95baeead6b79c4cff607556fb7129,True,2
test,62,645,1495,cf8bee4faf9f1e67678d45b7cd8c350d04e95baeead6b79c4cff607556fb7129,False,0,4488,4488,cf8bee4faf9f1e67678d45b7cd8c350d04e95baeead6b79c4cff607556fb7129,cf8bee4faf9f1e67678d45b7cd8c350d04e95baeead6b79c4cff607556fb7129,True,2
test,63,56,1849,cf8bee4faf9f1e67678d45b7cd8c350d04e95baeead6b79c4cff607556fb7129,False,0,4488,4488,cf8bee4faf9f1e67678d45b7cd8c350d04e95baeead6b79c4cff607556fb7129,cf8bee4faf9f1e67678d45b7cd8c350d04e95baeead6b79c4cff607556fb7129,True,2
test,64,743,1570,cf8bee4faf9f1e67678d45b7cd8c350d04e95baeead6b79c4cff607556fb7129,False,0,4488,4488,cf8bee4faf9f1e67678d45b7cd8c350d04e95baeead6b79c4cff607556fb7129,cf8bee4faf9f1e67678d45b7cd8c350d04e95baeead6b79c4cff607556fb7129,True,2
test,65,8,281,cf8bee4faf9f1e67678d45b7cd8c350d04e95baeead6b79c4cff607556fb7129,False,0,4488,4488,cf8bee4faf9f1e67678d45b7cd8c350d04e95baeead6b79c4cff607556fb7129,cf8bee4faf9f1e67678d45b7cd8c350d04e95baeead6b79c4cff607556fb7129,True,2
test,66,598,1301,cf8bee4faf9f1e67678d45b7cd8c350d04e95baeead6b79c4cff607556fb7129,False,0,4488,4488,cf8bee4faf9f1e67678d45b7cd8c350d04e95baeead6b79c4cff607556fb7129,cf8bee4faf9f1e67678d45b7cd8c350d04e95baeead6b79c4cff607556fb7129,True,2
test,67,1388,2181,cf8bee4faf9f1e67678d45b7cd8c350d04e95baeead6b79c4cff607556fb7129,False,0,4488,4488,cf8bee4faf9f1e67678d45b7cd8c350d04e95baeead6b79c4cff607556fb7129,cf8bee4faf9f1e67678d45b7cd8c350d04e95baeead6b79c4cff607556fb7129,True,2
test,68,1818,2305,cf8bee4faf9f1e67678d45b7cd8c350d04e95baeead6b79c4cff607556fb7129,False,0,4488,4488,cf8bee4faf9f1e67678d45b7cd8c350d04e95baeead6b79c4cff607556fb7129,cf8bee4faf9f1e67678d45b7cd8c350d04e95baeead6b79c4cff607556fb7129,True,2
test,69,2228,2394,cf8bee4faf9f1e67678d45b7cd8c350d04e95baeead6b79c4cff607556fb7129,False,0,4488,4488,cf8bee4faf9f1e67678d45b7cd8c350d04e95baeead6b79c4cff607556fb7129,cf8bee4faf9f1e67678d45b7cd8c350d04e95baeead6b79c4cff607556fb7129,True,2
test,70,661,1879,cf8bee4faf9f1e67678d45b7cd8c350d04e95baeead6b79c4cff607556fb7129,False,0,4488,4488,cf8bee4faf9f1e67678d45b7cd8c350d04e95baeead6b79c4cff607556fb7129,cf8bee4faf9f1e67678d45b7cd8c350d04e95baeead6b79c4cff607556fb7129,True,2
test,71,1395,2072,cf8bee4faf9f1e67678d45b7cd8c350d04e95baeead6b79c4cff607556fb7129,False,0,4488,4488,cf8bee4faf9f1e67678d45b7cd8c350d04e95baeead6b79c4cff607556fb7129,cf8bee4faf9f1e67678d45b7cd8c350d04e95baeead6b79c4cff607556fb7129,True,2
test,72,1091,2176,cf8bee4faf9f1e67678d45b7cd8c350d04e95baeead6b79c4cff607556fb7129,False,0,4488,4488,cf8bee4faf9f1e67678d45b7cd8c350d04e95baeead6b79c4cff607556fb7129,cf8bee4faf9f1e67678d45b7cd8c350d04e95baeead6b79c4cff607556fb7129,True,2
test,73,387,2191,cf8bee4faf9f1e67678d45b7cd8c350d04e95baeead6b79c4cff607556fb7129,False,0,4488,4488,cf8bee4faf9f1e67678d45b7cd8c350d04e95baeead6b79c4cff607556fb7129,cf8bee4faf9f1e67678d45b7cd8c350d04e95baeead6b79c4cff607556fb7129,True,2
test,74,1300,2508,cf8bee4faf9f1e67678d45b7cd8c350d04e95baeead6b79c4cff607556fb7129,False,0,4488,4488,cf8bee4faf9f1e67678d45b7cd8c350d04e95baeead6b79c4cff607556fb7129,cf8bee4faf9f1e67678d45b7cd8c350d04e95baeead6b79c4cff607556fb7129,True,2
test,75,926,1862,cf8bee4faf9f1e67678d45b7cd8c350d04e95baeead6b79c4cff607556fb7129,False,0,4488,4488,cf8bee4faf9f1e67678d45b7cd8c350d04e95baeead6b79c4cff607556fb7129,cf8bee4faf9f1e67678d45b7cd8c350d04e95baeead6b79c4cff607556fb7129,True,2
test,76,1125,2332,cf8bee4faf9f1e67678d45b7cd8c350d04e95baeead6b79c4cff607556fb7129,False,0,4488,4488,cf8bee4faf9f1e67678d45b7cd8c350d04e95baeead6b79c4cff607556fb7129,cf8bee4faf9f1e67678d45b7cd8c350d04e95baeead6b79c4cff607556fb7129,True,2
test,77,577,2351,cf8bee4faf9f1e67678d45b7cd8c350d04e95baeead6b79c4cff607556fb7129,False,0,4488,4488,cf8bee4faf9f1e67678d45b7cd8c350d04e95baeead6b79c4cff607556fb7129,cf8bee4faf9f1e67678d45b7cd8c350d04e95baeead6b79c4cff607556fb7129,True,2
test,78,45,2667,cf8bee4faf9f1e67678d45b7cd8c350d04e95baeead6b79c4cff607556fb7129,False,0,4488,4488,cf8bee4faf9f1e67678d45b7cd8c350d04e95baeead6b79c4cff607556fb7129,cf8bee4faf9f1e67678d45b7cd8c350d04e95baeead6b79c4cff607556fb7129,True,2
test,79,1273,2125,cf8bee4faf9f1e67678d45b7cd8c350d04e95baeead6b79c4cff607556fb7129,False,0,4488,4488,cf8bee4faf9f1e67678d45b7cd8c350d04e95baeead6b79c4cff607556fb7129,cf8bee4faf9f1e67678d45b7cd8c350d04e95baeead6b79c4cff607556fb7129,True,2
test,80,2045,2047,cf8bee4faf9f1e67678d45b7cd8c350d04e95baeead6b79c4cff607556fb7129,False,0,4488,4488,cf8bee4faf9f1e67678d45b7cd8c350d04e95baeead6b79c4cff607556fb7129,cf8bee4faf9f1e67678d45b7cd8c350d04e95baeead6b79c4cff607556fb7129,True,2
test,81,341,2045,cf8bee4faf9f1e67678d45b7cd8c350d04e95baeead6b79c4cff607556fb7129,False,0,4488,4488,cf8bee4faf9f1e67678d45b7cd8c350d04e95baeead6b79c4cff607556fb7129,cf8bee4faf9f1e67678d45b7cd8c350d04e95baeead6b79c4cff607556fb7129,True,2
test,82,6,1042,cf8bee4faf9f1e67678d45b7cd8c350d04e95baeead6b79c4cff607556fb7129,False,0,4488,4488,cf8bee4faf9f1e67678d45b7cd8c350d04e95baeead6b79c4cff607556fb7129,cf8bee4faf9f1e67678d45b7cd8c350d04e95baeead6b79c4cff607556fb7129,True,2
test,83,1920,1926,cf8bee4faf9f1e67678d45b7cd8c350d04e95baeead6b79c4cff607556fb7129,False,0,4488,4488,cf8bee4faf9f1e67678d45b7cd8c350d04e95baeead6b79c4cff607556fb7129,cf8bee4faf9f1e67678d45b7cd8c350d04e95baeead6b79c4cff607556fb7129,True,2
test,84,1568,1729,cf8bee4faf9f1e67678d45b7cd8c350d04e95baeead6b79c4cff607556fb7129,False,0,4488,4488,cf8bee4faf9f1e67678d45b7cd8c350d04e95baeead6b79c4cff607556fb7129,cf8bee4faf9f1e67678d45b7cd8c350d04e95baeead6b79c4cff607556fb7129,True,2
test,85,360,1824,cf8bee4faf9f1e67678d45b7cd8c350d04e95baeead6b79c4cff607556fb7129,False,0,4488,4488,cf8bee4faf9f1e67678d45b7cd8c350d04e95baeead6b79c4cff607556fb7129,cf8bee4faf9f1e67678d45b7cd8c350d04e95baeead6b79c4cff607556fb7129,True,2
test,86,482,2308,cf8bee4faf9f1e67678d45b7cd8c350d04e95baeead6b79c4cff607556fb7129,False,0,4488,4488,cf8bee4faf9f1e67678d45b7cd8c350d04e95baeead6b79c4cff607556fb7129,cf8bee4faf9f1e67678d45b7cd8c350d04e95baeead6b79c4cff607556fb7129,True,2
test,87,1522,1697,cf8bee4faf9f1e67678d45b7cd8c350d04e95baeead6b79c4cff607556fb7129,False,0,4488,4488,cf8bee4faf9f1e67678d45b7cd8c350d04e95baeead6b79c4cff607556fb7129,cf8bee4faf9f1e67678d45b7cd8c350d04e95baeead6b79c4cff607556fb7129,True,2
test,88,741,1088,cf8bee4faf9f1e67678d45b7cd8c350d04e95baeead6b79c4cff607556fb7129,False,0,4488,4488,cf8bee4faf9f1e67678d45b7cd8c350d04e95baeead6b79c4cff607556fb7129,cf8bee4faf9f1e67678d45b7cd8c350d04e95baeead6b79c4cff607556fb7129,True,2
test,89,1191,1558,cf8bee4faf9f1e67678d45b7cd8c350d04e95baeead6b79c4cff607556fb7129,False,0,4488,4488,cf8bee4faf9f1e67678d45b7cd8c350d04e95baeead6b79c4cff607556fb7129,cf8bee4faf9f1e67678d45b7cd8c350d04e95baeead6b79c4cff607556fb7129,True,2
test,90,306,2078,cf8bee4faf9f1e67678d45b7cd8c350d04e95baeead6b79c4cff607556fb7129,False,0,4488,4488,cf8bee4faf9f1e67678d45b7cd8c350d04e95baeead6b79c4cff607556fb7129,cf8bee4faf9f1e67678d45b7cd8c350d04e95baeead6b79c4cff607556fb7129,True,2
test,91,86,2295,cf8bee4faf9f1e67678d45b7cd8c350d04e95baeead6b79c4cff607556fb7129,False,0,4488,4488,cf8bee4faf9f1e67678d45b7cd8c350d04e95baeead6b79c4cff607556fb7129,cf8bee4faf9f1e67678d45b7cd8c350d04e95baeead6b79c4cff607556fb7129,True,2
test,92,364,1632,cf8bee4faf9f1e67678d45b7cd8c350d04e95baeead6b79c4cff607556fb7129,False,0,4488,4488,cf8bee4faf9f1e67678d45b7cd8c350d04e95baeead6b79c4cff607556fb7129,cf8bee4faf9f1e67678d45b7cd8c350d04e95baeead6b79c4cff607556fb7129,True,2
test,93,1358,1742,cf8bee4faf9f1e67678d45b7cd8c350d04e95baeead6b79c4cff607556fb7129,False,0,4488,4488,cf8bee4faf9f1e67678d45b7cd8c350d04e95baeead6b79c4cff607556fb7129,cf8bee4faf9f1e67678d45b7cd8c350d04e95baeead6b79c4cff607556fb7129,True,2
test,94,109,176,cf8bee4faf9f1e67678d45b7cd8c350d04e95baeead6b79c4cff607556fb7129,False,0,4488,4488,cf8bee4faf9f1e67678d45b7cd8c350d04e95baeead6b79c4cff607556fb7129,cf8bee4faf9f1e67678d45b7cd8c350d04e95baeead6b79c4cff607556fb7129,True,2
test,95,52,2053,cf8bee4faf9f1e67678d45b7cd8c350d04e95baeead6b79c4cff607556fb7129,False,0,4488,4488,cf8bee4faf9f1e67678d45b7cd8c350d04e95baeead6b79c4cff607556fb7129,cf8bee4faf9f1e67678d45b7cd8c350d04e95baeead6b79c4cff607556fb7129,True,2
test,96,1240,2237,cf8bee4faf9f1e67678d45b7cd8c350d04e95baeead6b79c4cff607556fb7129,False,0,4488,4488,cf8bee4faf9f1e67678d45b7cd8c350d04e95baeead6b79c4cff607556fb7129,cf8bee4faf9f1e67678d45b7cd8c350d04e95baeead6b79c4cff607556fb7129,True,2
test,97,779,1370,cf8bee4faf9f1e67678d45b7cd8c350d04e95baeead6b79c4cff607556fb7129,False,0,4488,4488,cf8bee4faf9f1e67678d45b7cd8c350d04e95baeead6b79c4cff607556fb7129,cf8bee4faf9f1e67678d45b7cd8c350d04e95baeead6b79c4cff607556fb7129,True,2
test,98,2509,2519,cf8bee4faf9f1e67678d45b7cd8c350d04e95baeead6b79c4cff607556fb7129,False,0,4488,4488,cf8bee4faf9f1e67678d45b7cd8c350d04e95baeead6b79c4cff607556fb7129,cf8bee4faf9f1e67678d45b7cd8c350d04e95baeead6b79c4cff607556fb7129,True,2
test,99,71,1986,cf8bee4faf9f1e67678d45b7cd8c350d04e95baeead6b79c4cff607556fb7129,False,0,4488,4488,cf8bee4faf9f1e67678d45b7cd8c350d04e95baeead6b79c4cff607556fb7129,cf8bee4faf9f1e67678d45b7cd8c350d04e95baeead6b79c4cff607556fb7129,True,2
test,100,2139,2140,cf8bee4faf9f1e67678d45b7cd8c350d04e95baeead6b79c4cff607556fb7129,False,0,4488,4488,cf8bee4faf9f1e67678d45b7cd8c350d04e95baeead6b79c4cff607556fb7129,cf8bee4faf9f1e67678d45b7cd8c350d04e95baeead6b79c4cff607556fb7129,True,2
test,101,249,621,cf8bee4faf9f1e67678d45b7cd8c350d04e95baeead6b79c4cff607556fb7129,False,0,4488,4488,cf8bee4faf9f1e67678d45b7cd8c350d04e95baeead6b79c4cff607556fb7129,cf8bee4faf9f1e67678d45b7cd8c350d04e95baeead6b79c4cff607556fb7129,True,2
test,102,1194,1366,cf8bee4faf9f1e67678d45b7cd8c350d04e95baeead6b79c4cff607556fb7129,False,0,4488,4488,cf8bee4faf9f1e67678d45b7cd8c350d04e95baeead6b79c4cff607556fb7129,cf8bee4faf9f1e67678d45b7cd8c350d04e95baeead6b79c4cff607556fb7129,True,2
test,103,963,2400,cf8bee4faf9f1e67678d45b7cd8c350d04e95baeead6b79c4cff607556fb7129,False,0,4488,4488,cf8bee4faf9f1e67678d45b7cd8c350d04e95baeead6b79c4cff607556fb7129,cf8bee4faf9f1e67678d45b7cd8c350d04e95baeead6b79c4cff607556fb7129,True,2
test,104,649,1457,cf8bee4faf9f1e67678d45b7cd8c350d04e95baeead6b79c4cff607556fb7129,False,0,4488,4488,cf8bee4faf9f1e67678d45b7cd8c350d04e95baeead6b79c4cff607556fb7129,cf8bee4faf9f1e67678d45b7cd8c350d04e95baeead6b79c4cff607556fb7129,True,2
test,105,873,1358,cf8bee4faf9f1e67678d45b7cd8c350d04e95baeead6b79c4cff607556fb7129,False,0,4488,4488,cf8bee4faf9f1e67678d45b7cd8c350d04e95baeead6b79c4cff607556fb7129,cf8bee4faf9f1e67678d45b7cd8c350d04e95baeead6b79c4cff607556fb7129,True,2
test,106,152,2238,cf8bee4faf9f1e67678d45b7cd8c350d04e95baeead6b79c4cff607556fb7129,False,0,4488,4488,cf8bee4faf9f1e67678d45b7cd8c350d04e95baeead6b79c4cff607556fb7129,cf8bee4faf9f1e67678d45b7cd8c350d04e95baeead6b79c4cff607556fb7129,True,2
test,107,438,1985,cf8bee4faf9f1e67678d45b7cd8c350d04e95baeead6b79c4cff607556fb7129,False,0,4488,4488,cf8bee4faf9f1e67678d45b7cd8c350d04e95baeead6b79c4cff607556fb7129,cf8bee4faf9f1e67678d45b7cd8c350d04e95baeead6b79c4cff607556fb7129,True,2
test,108,241,1441,cf8bee4faf9f1e67678d45b7cd8c350d04e95baeead6b79c4cff607556fb7129,False,0,4488,4488,cf8bee4faf9f1e67678d45b7cd8c350d04e95baeead6b79c4cff607556fb7129,cf8bee4faf9f1e67678d45b7cd8c350d04e95baeead6b79c4cff607556fb7129,True,2
test,109,876,2168,cf8bee4faf9f1e67678d45b7cd8c350d04e95baeead6b79c4cff607556fb7129,False,0,4488,4488,cf8bee4faf9f1e67678d45b7cd8c350d04e95baeead6b79c4cff607556fb7129,cf8bee4faf9f1e67678d45b7cd8c350d04e95baeead6b79c4cff607556fb7129,True,2
test,110,1013,1120,cf8bee4faf9f1e67678d45b7cd8c350d04e95baeead6b79c4cff607556fb7129,False,0,4488,4488,cf8bee4faf9f1e67678d45b7cd8c350d04e95baeead6b79c4cff607556fb7129,cf8bee4faf9f1e67678d45b7cd8c350d04e95baeead6b79c4cff607556fb7129,True,2
test,111,315,1602,cf8bee4faf9f1e67678d45b7cd8c350d04e95baeead6b79c4cff607556fb7129,False,0,4488,4488,cf8bee4faf9f1e67678d45b7cd8c350d04e95baeead6b79c4cff607556fb7129,cf8bee4faf9f1e67678d45b7cd8c350d04e95baeead6b79c4cff607556fb7129,True,2
test,112,889,1832,cf8bee4faf9f1e67678d45b7cd8c350d04e95baeead6b79c4cff607556fb7129,False,0,4488,4488,cf8bee4faf9f1e67678d45b7cd8c350d04e95baeead6b79c4cff607556fb7129,cf8bee4faf9f1e67678d45b7cd8c350d04e95baeead6b79c4cff607556fb7129,True,2
test,113,404,1170,cf8bee4faf9f1e67678d45b7cd8c350d04e95baeead6b79c4cff607556fb7129,False,0,4488,4488,cf8bee4faf9f1e67678d45b7cd8c350d04e95baeead6b79c4cff607556fb7129,cf8bee4faf9f1e67678d45b7cd8c350d04e95baeead6b79c4cff607556fb7129,True,2
test,114,154,1358,cf8bee4faf9f1e67678d45b7cd8c350d04e95baeead6b79c4cff607556fb7129,False,0,4488,4488,cf8bee4faf9f1e67678d45b7cd8c350d04e95baeead6b79c4cff607556fb7129,cf8bee4faf9f1e67678d45b7cd8c350d04e95baeead6b79c4cff607556fb7129,True,2
test,115,1623,1767,cf8bee4faf9f1e67678d45b7cd8c350d04e95baeead6b79c4cff607556fb7129,False,0,4488,4488,cf8bee4faf9f1e67678d45b7cd8c350d04e95baeead6b79c4cff607556fb7129,cf8bee4faf9f1e67678d45b7cd8c350d04e95baeead6b79c4cff607556fb7129,True,2
test,116,606,1666,cf8bee4faf9f1e67678d45b7cd8c350d04e95baeead6b79c4cff607556fb7129,False,0,4488,4488,cf8bee4faf9f1e67678d45b7cd8c350d04e95baeead6b79c4cff607556fb7129,cf8bee4faf9f1e67678d45b7cd8c350d04e95baeead6b79c4cff607556fb7129,True,2
test,117,155,1358,cf8bee4faf9f1e67678d45b7cd8c350d04e95baeead6b79c4cff607556fb7129,False,0,4488,4488,cf8bee4faf9f1e67678d45b7cd8c350d04e95baeead6b79c4cff607556fb7129,cf8bee4faf9f1e67678d45b7cd8c350d04e95baeead6b79c4cff607556fb7129,True,2
test,118,354,1803,cf8bee4faf9f1e67678d45b7cd8c350d04e95baeead6b79c4cff607556fb7129,False,0,4488,4488,cf8bee4faf9f1e67678d45b7cd8c350d04e95baeead6b79c4cff607556fb7129,cf8bee4faf9f1e67678d45b7cd8c350d04e95baeead6b79c4cff607556fb7129,True,2
test,119,738,2162,cf8bee4faf9f1e67678d45b7cd8c350d04e95baeead6b79c4cff607556fb7129,False,0,4488,4488,cf8bee4faf9f1e67678d45b7cd8c350d04e95baeead6b79c4cff607556fb7129,cf8bee4faf9f1e67678d45b7cd8c350d04e95baeead6b79c4cff607556fb7129,True,2
test,120,1421,1975,cf8bee4faf9f1e67678d45b7cd8c350d04e95baeead6b79c4cff607556fb7129,False,0,4488,4488,cf8bee4faf9f1e67678d45b7cd8c350d04e95baeead6b79c4cff607556fb7129,cf8bee4faf9f1e67678d45b7cd8c350d04e95baeead6b79c4cff607556fb7129,True,2
test,121,1844,2276,cf8bee4faf9f1e67678d45b7cd8c350d04e95baeead6b79c4cff607556fb7129,False,0,4488,4488,cf8bee4faf9f1e67678d45b7cd8c350d04e95baeead6b79c4cff607556fb7129,cf8bee4faf9f1e67678d45b7cd8c350d04e95baeead6b79c4cff607556fb7129,True,2
test,122,1526,1977,cf8bee4faf9f1e67678d45b7cd8c350d04e95baeead6b79c4cff607556fb7129,False,0,4488,4488,cf8bee4faf9f1e67678d45b7cd8c350d04e95baeead6b79c4cff607556fb7129,cf8bee4faf9f1e67678d45b7cd8c350d04e95baeead6b79c4cff607556fb7129,True,2
test,123,171,775,cf8bee4faf9f1e67678d45b7cd8c350d04e95baeead6b79c4cff607556fb7129,False,0,4488,4488,cf8bee4faf9f1e67678d45b7cd8c350d04e95baeead6b79c4cff607556fb7129,cf8bee4faf9f1e67678d45b7cd8c350d04e95baeead6b79c4cff607556fb7129,True,2
test,124,1752,1754,cf8bee4faf9f1e67678d45b7cd8c350d04e95baeead6b79c4cff607556fb7129,False,0,4488,4488,cf8bee4faf9f1e67678d45b7cd8c350d04e95baeead6b79c4cff607556fb7129,cf8bee4faf9f1e67678d45b7cd8c350d04e95baeead6b79c4cff607556fb7129,True,2
test,125,331,2480,cf8bee4faf9f1e67678d45b7cd8c350d04e95baeead6b79c4cff607556fb7129,False,0,4488,4488,cf8bee4faf9f1e67678d45b7cd8c350d04e95baeead6b79c4cff607556fb7129,cf8bee4faf9f1e67678d45b7cd8c350d04e95baeead6b79c4cff607556fb7129,True,2
test,126,1015,1452,cf8bee4faf9f1e67678d45b7cd8c350d04e95baeead6b79c4cff607556fb7129,False,0,4488,4488,cf8bee4faf9f1e67678d45b7cd8c350d04e95baeead6b79c4cff607556fb7129,cf8bee4faf9f1e67678d45b7cd8c350d04e95baeead6b79c4cff607556fb7129,True,2
test,127,1206,2671,cf8bee4faf9f1e67678d45b7cd8c350d04e95baeead6b79c4cff607556fb7129,False,0,4488,4488,cf8bee4faf9f1e67678d45b7cd8c350d04e95baeead6b79c4cff607556fb7129,cf8bee4faf9f1e67678d45b7cd8c350d04e95baeead6b79c4cff607556fb7129,True,2
test,128,1136,1189,cf8bee4faf9f1e67678d45b7cd8c350d04e95baeead6b79c4cff607556fb7129,False,0,4488,4488,cf8bee4faf9f1e67678d45b7cd8c350d04e95baeead6b79c4cff607556fb7129,cf8bee4faf9f1e67678d45b7cd8c350d04e95baeead6b79c4cff607556fb7129,True,2
test,129,1469,2590,cf8bee4faf9f1e67678d45b7cd8c350d04e95baeead6b79c4cff607556fb7129,False,0,4488,4488,cf8bee4faf9f1e67678d45b7cd8c350d04e95baeead6b79c4cff607556fb7129,cf8bee4faf9f1e67678d45b7cd8c350d04e95baeead6b79c4cff607556fb7129,True,2
test,130,332,2122,cf8bee4faf9f1e67678d45b7cd8c350d04e95baeead6b79c4cff607556fb7129,False,0,4488,4488,cf8bee4faf9f1e67678d45b7cd8c350d04e95baeead6b79c4cff607556fb7129,cf8bee4faf9f1e67678d45b7cd8c350d04e95baeead6b79c4cff607556fb7129,True,2
test,131,306,2086,cf8bee4faf9f1e67678d45b7cd8c350d04e95baeead6b79c4cff607556fb7129,False,0,4488,4488,cf8bee4faf9f1e67678d45b7cd8c350d04e95baeead6b79c4cff607556fb7129,cf8bee4faf9f1e67678d45b7cd8c350d04e95baeead6b79c4cff607556fb7129,True,2
test,132,177,726,cf8bee4faf9f1e67678d45b7cd8c350d04e95baeead6b79c4cff607556fb7129,False,0,4488,4488,cf8bee4faf9f1e67678d45b7cd8c350d04e95baeead6b79c4cff607556fb7129,cf8bee4faf9f1e67678d45b7cd8c350d04e95baeead6b79c4cff607556fb7129,True,2
test,133,486,2668,cf8bee4faf9f1e67678d45b7cd8c350d04e95baeead6b79c4cff607556fb7129,False,0,4488,4488,cf8bee4faf9f1e67678d45b7cd8c350d04e95baeead6b79c4cff607556fb7129,cf8bee4faf9f1e67678d45b7cd8c350d04e95baeead6b79c4cff607556fb7129,True,2
test,134,242,2280,cf8bee4faf9f1e67678d45b7cd8c350d04e95baeead6b79c4cff607556fb7129,False,0,4488,4488,cf8bee4faf9f1e67678d45b7cd8c350d04e95baeead6b79c4cff607556fb7129,cf8bee4faf9f1e67678d45b7cd8c350d04e95baeead6b79c4cff607556fb7129,True,2
test,135,33,698,cf8bee4faf9f1e67678d45b7cd8c350d04e95baeead6b79c4cff607556fb7129,False,0,4488,4488,cf8bee4faf9f1e67678d45b7cd8c350d04e95baeead6b79c4cff607556fb7129,cf8bee4faf9f1e67678d45b7cd8c350d04e95baeead6b79c4cff607556fb7129,True,2
test,136,231,551,cf8bee4faf9f1e67678d45b7cd8c350d04e95baeead6b79c4cff607556fb7129,False,0,4488,4488,cf8bee4faf9f1e67678d45b7cd8c350d04e95baeead6b79c4cff607556fb7129,cf8bee4faf9f1e67678d45b7cd8c350d04e95baeead6b79c4cff607556fb7129,True,2
test,137,1026,1303,cf8bee4faf9f1e67678d45b7cd8c350d04e95baeead6b79c4cff607556fb7129,False,0,4488,4488,cf8bee4faf9f1e67678d45b7cd8c350d04e95baeead6b79c4cff607556fb7129,cf8bee4faf9f1e67678d45b7cd8c350d04e95baeead6b79c4cff607556fb7129,True,2
test,138,964,965,cf8bee4faf9f1e67678d45b7cd8c350d04e95baeead6b79c4cff607556fb7129,False,0,4488,4488,cf8bee4faf9f1e67678d45b7cd8c350d04e95baeead6b79c4cff607556fb7129,cf8bee4faf9f1e67678d45b7cd8c350d04e95baeead6b79c4cff607556fb7129,True,2
test,139,277,973,cf8bee4faf9f1e67678d45b7cd8c350d04e95baeead6b79c4cff607556fb7129,False,0,4488,4488,cf8bee4faf9f1e67678d45b7cd8c350d04e95baeead6b79c4cff607556fb7129,cf8bee4faf9f1e67678d45b7cd8c350d04e95baeead6b79c4cff607556fb7129,True,2
test,140,1289,1705,cf8bee4faf9f1e67678d45b7cd8c350d04e95baeead6b79c4cff607556fb7129,False,0,4488,4488,cf8bee4faf9f1e67678d45b7cd8c350d04e95baeead6b79c4cff607556fb7129,cf8bee4faf9f1e67678d45b7cd8c350d04e95baeead6b79c4cff607556fb7129,True,2
test,141,371,1354,cf8bee4faf9f1e67678d45b7cd8c350d04e95baeead6b79c4cff607556fb7129,False,0,4488,4488,cf8bee4faf9f1e67678d45b7cd8c350d04e95baeead6b79c4cff607556fb7129,cf8bee4faf9f1e67678d45b7cd8c350d04e95baeead6b79c4cff607556fb7129,True,2
test,142,1042,2052,cf8bee4faf9f1e67678d45b7cd8c350d04e95baeead6b79c4cff607556fb7129,False,0,4488,4488,cf8bee4faf9f1e67678d45b7cd8c350d04e95baeead6b79c4cff607556fb7129,cf8bee4faf9f1e67678d45b7cd8c350d04e95baeead6b79c4cff607556fb7129,True,2
test,143,372,1834,cf8bee4faf9f1e67678d45b7cd8c350d04e95baeead6b79c4cff607556fb7129,False,0,4488,4488,cf8bee4faf9f1e67678d45b7cd8c350d04e95baeead6b79c4cff607556fb7129,cf8bee4faf9f1e67678d45b7cd8c350d04e95baeead6b79c4cff607556fb7129,True,2
test,144,541,647,cf8bee4faf9f1e67678d45b7cd8c350d04e95baeead6b79c4cff607556fb7129,False,0,4488,4488,cf8bee4faf9f1e67678d45b7cd8c350d04e95baeead6b79c4cff607556fb7129,cf8bee4faf9f1e67678d45b7cd8c350d04e95baeead6b79c4cff607556fb7129,True,2
test,145,297,899,cf8bee4faf9f1e67678d45b7cd8c350d04e95baeead6b79c4cff607556fb7129,False,0,4488,4488,cf8bee4faf9f1e67678d45b7cd8c350d04e95baeead6b79c4cff607556fb7129,cf8bee4faf9f1e67678d45b7cd8c350d04e95baeead6b79c4cff607556fb7129,True,2
test,146,210,1671,cf8bee4faf9f1e67678d45b7cd8c350d04e95baeead6b79c4cff607556fb7129,False,0,4488,4488,cf8bee4faf9f1e67678d45b7cd8c350d04e95baeead6b79c4cff607556fb7129,cf8bee4faf9f1e67678d45b7cd8c350d04e95baeead6b79c4cff607556fb7129,True,2
test,147,1709,1739,cf8bee4faf9f1e67678d45b7cd8c350d04e95baeead6b79c4cff607556fb7129,False,0,4488,4488,cf8bee4faf9f1e67678d45b7cd8c350d04e95baeead6b79c4cff607556fb7129,cf8bee4faf9f1e67678d45b7cd8c350d04e95baeead6b79c4cff607556fb7129,True,2
test,148,876,1358,cf8bee4faf9f1e67678d45b7cd8c350d04e95baeead6b79c4cff607556fb7129,False,0,4488,4488,cf8bee4faf9f1e67678d45b7cd8c350d04e95baeead6b79c4cff607556fb7129,cf8bee4faf9f1e67678d45b7cd8c350d04e95baeead6b79c4cff607556fb7129,True,2
test,149,725,1652,cf8bee4faf9f1e67678d45b7cd8c350d04e95baeead6b79c4cff607556fb7129,False,0,4488,4488,cf8bee4faf9f1e67678d45b7cd8c350d04e95baeead6b79c4cff607556fb7129,cf8bee4faf9f1e67678d45b7cd8c350d04e95baeead6b79c4cff607556fb7129,True,2
test,150,1624,1705,cf8bee4faf9f1e67678d45b7cd8c350d04e95baeead6b79c4cff607556fb7129,False,0,4488,4488,cf8bee4faf9f1e67678d45b7cd8c350d04e95baeead6b79c4cff607556fb7129,cf8bee4faf9f1e67678d45b7cd8c350d04e95baeead6b79c4cff607556fb7129,True,2
test,151,2382,2383,cf8bee4faf9f1e67678d45b7cd8c350d04e95baeead6b79c4cff607556fb7129,False,0,4488,4488,cf8bee4faf9f1e67678d45b7cd8c350d04e95baeead6b79c4cff607556fb7129,cf8bee4faf9f1e67678d45b7cd8c350d04e95baeead6b79c4cff607556fb7129,True,2
test,152,1257,2677,cf8bee4faf9f1e67678d45b7cd8c350d04e95baeead6b79c4cff607556fb7129,False,0,4488,4488,cf8bee4faf9f1e67678d45b7cd8c350d04e95baeead6b79c4cff607556fb7129,cf8bee4faf9f1e67678d45b7cd8c350d04e95baeead6b79c4cff607556fb7129,True,2
test,153,1282,1776,cf8bee4faf9f1e67678d45b7cd8c350d04e95baeead6b79c4cff607556fb7129,False,0,4488,4488,cf8bee4faf9f1e67678d45b7cd8c350d04e95baeead6b79c4cff607556fb7129,cf8bee4faf9f1e67678d45b7cd8c350d04e95baeead6b79c4cff607556fb7129,True,2
test,154,681,1445,cf8bee4faf9f1e67678d45b7cd8c350d04e95baeead6b79c4cff607556fb7129,False,0,4488,4488,cf8bee4faf9f1e67678d45b7cd8c350d04e95baeead6b79c4cff607556fb7129,cf8bee4faf9f1e67678d45b7cd8c350d04e95baeead6b79c4cff607556fb7129,True,2
test,155,513,1528,cf8bee4faf9f1e67678d45b7cd8c350d04e95baeead6b79c4cff607556fb7129,False,0,4488,4488,cf8bee4faf9f1e67678d45b7cd8c350d04e95baeead6b79c4cff607556fb7129,cf8bee4faf9f1e67678d45b7cd8c350d04e95baeead6b79c4cff607556fb7129,True,2
test,156,310,1950,cf8bee4faf9f1e67678d45b7cd8c350d04e95baeead6b79c4cff607556fb7129,False,0,4488,4488,cf8bee4faf9f1e67678d45b7cd8c350d04e95baeead6b79c4cff607556fb7129,cf8bee4faf9f1e67678d45b7cd8c350d04e95baeead6b79c4cff607556fb7129,True,2
test,157,88,696,cf8bee4faf9f1e67678d45b7cd8c350d04e95baeead6b79c4cff607556fb7129,False,0,4488,4488,cf8bee4faf9f1e67678d45b7cd8c350d04e95baeead6b79c4cff607556fb7129,cf8bee4faf9f1e67678d45b7cd8c350d04e95baeead6b79c4cff607556fb7129,True,2
test,158,832,2600,cf8bee4faf9f1e67678d45b7cd8c350d04e95baeead6b79c4cff607556fb7129,False,0,4488,4488,cf8bee4faf9f1e67678d45b7cd8c350d04e95baeead6b79c4cff607556fb7129,cf8bee4faf9f1e67678d45b7cd8c350d04e95baeead6b79c4cff607556fb7129,True,2
test,159,1731,1755,cf8bee4faf9f1e67678d45b7cd8c350d04e95baeead6b79c4cff607556fb7129,False,0,4488,4488,cf8bee4faf9f1e67678d45b7cd8c350d04e95baeead6b79c4cff607556fb7129,cf8bee4faf9f1e67678d45b7cd8c350d04e95baeead6b79c4cff607556fb7129,True,2
test,160,291,1692,cf8bee4faf9f1e67678d45b7cd8c350d04e95baeead6b79c4cff607556fb7129,False,0,4488,4488,cf8bee4faf9f1e67678d45b7cd8c350d04e95baeead6b79c4cff607556fb7129,cf8bee4faf9f1e67678d45b7cd8c350d04e95baeead6b79c4cff607556fb7129,True,2
test,161,876,2584,cf8bee4faf9f1e67678d45b7cd8c350d04e95baeead6b79c4cff607556fb7129,False,0,4488,4488,cf8bee4faf9f1e67678d45b7cd8c350d04e95baeead6b79c4cff607556fb7129,cf8bee4faf9f1e67678d45b7cd8c350d04e95baeead6b79c4cff607556fb7129,True,2
test,162,51,1392,cf8bee4faf9f1e67678d45b7cd8c350d04e95baeead6b79c4cff607556fb7129,False,0,4488,4488,cf8bee4faf9f1e67678d45b7cd8c350d04e95baeead6b79c4cff607556fb7129,cf8bee4faf9f1e67678d45b7cd8c350d04e95baeead6b79c4cff607556fb7129,True,2
test,163,1254,1308,cf8bee4faf9f1e67678d45b7cd8c350d04e95baeead6b79c4cff607556fb7129,False,0,4488,4488,cf8bee4faf9f1e67678d45b7cd8c350d04e95baeead6b79c4cff607556fb7129,cf8bee4faf9f1e67678d45b7cd8c350d04e95baeead6b79c4cff607556fb7129,True,2
test,164,124,306,cf8bee4faf9f1e67678d45b7cd8c350d04e95baeead6b79c4cff607556fb7129,False,0,4488,4488,cf8bee4faf9f1e67678d45b7cd8c350d04e95baeead6b79c4cff607556fb7129,cf8bee4faf9f1e67678d45b7cd8c350d04e95baeead6b79c4cff607556fb7129,True,2
test,165,571,696,cf8bee4faf9f1e67678d45b7cd8c350d04e95baeead6b79c4cff607556fb7129,False,0,4488,4488,cf8bee4faf9f1e67678d45b7cd8c350d04e95baeead6b79c4cff607556fb7129,cf8bee4faf9f1e67678d45b7cd8c350d04e95baeead6b79c4cff607556fb7129,True,2
test,166,2001,2335,cf8bee4faf9f1e67678d45b7cd8c350d04e95baeead6b79c4cff607556fb7129,False,0,4488,4488,cf8bee4faf9f1e67678d45b7cd8c350d04e95baeead6b79c4cff607556fb7129,cf8bee4faf9f1e67678d45b7cd8c350d04e95baeead6b79c4cff607556fb7129,True,2
test,167,36,1552,cf8bee4faf9f1e67678d45b7cd8c350d04e95baeead6b79c4cff607556fb7129,False,0,4488,4488,cf8bee4faf9f1e67678d45b7cd8c350d04e95baeead6b79c4cff607556fb7129,cf8bee4faf9f1e67678d45b7cd8c350d04e95baeead6b79c4cff607556fb7129,True,2
test,168,217,2473,cf8bee4faf9f1e67678d45b7cd8c350d04e95baeead6b79c4cff607556fb7129,False,0,4488,4488,cf8bee4faf9f1e67678d45b7cd8c350d04e95baeead6b79c4cff607556fb7129,cf8bee4faf9f1e67678d45b7cd8c350d04e95baeead6b79c4cff607556fb7129,True,2
test,169,2164,2217,cf8bee4faf9f1e67678d45b7cd8c350d04e95baeead6b79c4cff607556fb7129,False,0,4488,4488,cf8bee4faf9f1e67678d45b7cd8c350d04e95baeead6b79c4cff607556fb7129,cf8bee4faf9f1e67678d45b7cd8c350d04e95baeead6b79c4cff607556fb7129,True,2
test,170,1701,1867,cf8bee4faf9f1e67678d45b7cd8c350d04e95baeead6b79c4cff607556fb7129,False,0,4488,4488,cf8bee4faf9f1e67678d45b7cd8c350d04e95baeead6b79c4cff607556fb7129,cf8bee4faf9f1e67678d45b7cd8c350d04e95baeead6b79c4cff607556fb7129,True,2
test,171,549,1497,cf8bee4faf9f1e67678d45b7cd8c350d04e95baeead6b79c4cff607556fb7129,False,0,4488,4488,cf8bee4faf9f1e67678d45b7cd8c350d04e95baeead6b79c4cff607556fb7129,cf8bee4faf9f1e67678d45b7cd8c350d04e95baeead6b79c4cff607556fb7129,True,2
test,172,308,1670,cf8bee4faf9f1e67678d45b7cd8c350d04e95baeead6b79c4cff607556fb7129,False,0,4488,4488,cf8bee4faf9f1e67678d45b7cd8c350d04e95baeead6b79c4cff607556fb7129,cf8bee4faf9f1e67678d45b7cd8c350d04e95baeead6b79c4cff607556fb7129,True,2
test,173,1102,2464,cf8bee4faf9f1e67678d45b7cd8c350d04e95baeead6b79c4cff607556fb7129,False,0,4488,4488,cf8bee4faf9f1e67678d45b7cd8c350d04e95baeead6b79c4cff607556fb7129,cf8bee4faf9f1e67678d45b7cd8c350d04e95baeead6b79c4cff607556fb7129,True,2
test,174,836,2078,cf8bee4faf9f1e67678d45b7cd8c350d04e95baeead6b79c4cff607556fb7129,False,0,4488,4488,cf8bee4faf9f1e67678d45b7cd8c350d04e95baeead6b79c4cff607556fb7129,cf8bee4faf9f1e67678d45b7cd8c350d04e95baeead6b79c4cff607556fb7129,True,2
test,175,1396,2394,cf8bee4faf9f1e67678d45b7cd8c350d04e95baeead6b79c4cff607556fb7129,False,0,4488,4488,cf8bee4faf9f1e67678d45b7cd8c350d04e95baeead6b79c4cff607556fb7129,cf8bee4faf9f1e67678d45b7cd8c350d04e95baeead6b79c4cff607556fb7129,True,2
test,176,294,306,cf8bee4faf9f1e67678d45b7cd8c350d04e95baeead6b79c4cff607556fb7129,False,0,4488,4488,cf8bee4faf9f1e67678d45b7cd8c350d04e95baeead6b79c4cff607556fb7129,cf8bee4faf9f1e67678d45b7cd8c350d04e95baeead6b79c4cff607556fb7129,True,2
test,177,1876,1986,cf8bee4faf9f1e67678d45b7cd8c350d04e95baeead6b79c4cff607556fb7129,False,0,4488,4488,cf8bee4faf9f1e67678d45b7cd8c350d04e95baeead6b79c4cff607556fb7129,cf8bee4faf9f1e67678d45b7cd8c350d04e95baeead6b79c4cff607556fb7129,True,2
test,178,1050,1320,cf8bee4faf9f1e67678d45b7cd8c350d04e95baeead6b79c4cff607556fb7129,False,0,4488,4488,cf8bee4faf9f1e67678d45b7cd8c350d04e95baeead6b79c4cff607556fb7129,cf8bee4faf9f1e67678d45b7cd8c350d04e95baeead6b79c4cff607556fb7129,True,2
test,179,561,1016,cf8bee4faf9f1e67678d45b7cd8c350d04e95baeead6b79c4cff607556fb7129,False,0,4488,4488,cf8bee4faf9f1e67678d45b7cd8c350d04e95baeead6b79c4cff607556fb7129,cf8bee4faf9f1e67678d45b7cd8c350d04e95baeead6b79c4cff607556fb7129,True,2
test,180,858,2182,cf8bee4faf9f1e67678d45b7cd8c350d04e95baeead6b79c4cff607556fb7129,False,0,4488,4488,cf8bee4faf9f1e67678d45b7cd8c350d04e95baeead6b79c4cff607556fb7129,cf8bee4faf9f1e67678d45b7cd8c350d04e95baeead6b79c4cff607556fb7129,True,2
test,181,151,2238,cf8bee4faf9f1e67678d45b7cd8c350d04e95baeead6b79c4cff607556fb7129,False,0,4488,4488,cf8bee4faf9f1e67678d45b7cd8c350d04e95baeead6b79c4cff607556fb7129,cf8bee4faf9f1e67678d45b7cd8c350d04e95baeead6b79c4cff607556fb7129,True,2
test,182,1171,1909,cf8bee4faf9f1e67678d45b7cd8c350d04e95baeead6b79c4cff607556fb7129,False,0,4488,4488,cf8bee4faf9f1e67678d45b7cd8c350d04e95baeead6b79c4cff607556fb7129,cf8bee4faf9f1e67678d45b7cd8c350d04e95baeead6b79c4cff607556fb7129,True,2
test,183,611,2690,cf8bee4faf9f1e67678d45b7cd8c350d04e95baeead6b79c4cff607556fb7129,False,0,4488,4488,cf8bee4faf9f1e67678d45b7cd8c350d04e95baeead6b79c4cff607556fb7129,cf8bee4faf9f1e67678d45b7cd8c350d04e95baeead6b79c4cff607556fb7129,True,2
test,184,1154,1358,cf8bee4faf9f1e67678d45b7cd8c350d04e95baeead6b79c4cff607556fb7129,False,0,4488,4488,cf8bee4faf9f1e67678d45b7cd8c350d04e95baeead6b79c4cff607556fb7129,cf8bee4faf9f1e67678d45b7cd8c350d04e95baeead6b79c4cff607556fb7129,True,2
test,185,541,1022,cf8bee4faf9f1e67678d45b7cd8c350d04e95baeead6b79c4cff607556fb7129,False,0,4488,4488,cf8bee4faf9f1e67678d45b7cd8c350d04e95baeead6b79c4cff607556fb7129,cf8bee4faf9f1e67678d45b7cd8c350d04e95baeead6b79c4cff607556fb7129,True,2
test,186,132,379,cf8bee4faf9f1e67678d45b7cd8c350d04e95baeead6b79c4cff607556fb7129,False,0,4488,4488,cf8bee4faf9f1e67678d45b7cd8c350d04e95baeead6b79c4cff607556fb7129,cf8bee4faf9f1e67678d45b7cd8c350d04e95baeead6b79c4cff607556fb7129,True,2
test,187,1203,1410,cf8bee4faf9f1e67678d45b7cd8c350d04e95baeead6b79c4cff607556fb7129,False,0,4488,4488,cf8bee4faf9f1e67678d45b7cd8c350d04e95baeead6b79c4cff607556fb7129,cf8bee4faf9f1e67678d45b7cd8c350d04e95baeead6b79c4cff607556fb7129,True,2
test,188,2151,2423,cf8bee4faf9f1e67678d45b7cd8c350d04e95baeead6b79c4cff607556fb7129,False,0,4488,4488,cf8bee4faf9f1e67678d45b7cd8c350d04e95baeead6b79c4cff607556fb7129,cf8bee4faf9f1e67678d45b7cd8c350d04e95baeead6b79c4cff607556fb7129,True,2
test,189,1641,2495,cf8bee4faf9f1e67678d45b7cd8c350d04e95baeead6b79c4cff607556fb7129,False,0,4488,4488,cf8bee4faf9f1e67678d45b7cd8c350d04e95baeead6b79c4cff607556fb7129,cf8bee4faf9f1e67678d45b7cd8c350d04e95baeead6b79c4cff607556fb7129,True,2
test,190,478,514,cf8bee4faf9f1e67678d45b7cd8c350d04e95baeead6b79c4cff607556fb7129,False,0,4488,4488,cf8bee4faf9f1e67678d45b7cd8c350d04e95baeead6b79c4cff607556fb7129,cf8bee4faf9f1e67678d45b7cd8c350d04e95baeead6b79c4cff607556fb7129,True,2
test,191,2471,2493,cf8bee4faf9f1e67678d45b7cd8c350d04e95baeead6b79c4cff607556fb7129,False,0,4488,4488,cf8bee4faf9f1e67678d45b7cd8c350d04e95baeead6b79c4cff607556fb7129,cf8bee4faf9f1e67678d45b7cd8c350d04e95baeead6b79c4cff607556fb7129,True,2
test,192,42,87,cf8bee4faf9f1e67678d45b7cd8c350d04e95baeead6b79c4cff607556fb7129,False,0,4488,4488,cf8bee4faf9f1e67678d45b7cd8c350d04e95baeead6b79c4cff607556fb7129,cf8bee4faf9f1e67678d45b7cd8c350d04e95baeead6b79c4cff607556fb7129,True,2
test,193,793,1902,cf8bee4faf9f1e67678d45b7cd8c350d04e95baeead6b79c4cff607556fb7129,False,0,4488,4488,cf8bee4faf9f1e67678d45b7cd8c350d04e95baeead6b79c4cff607556fb7129,cf8bee4faf9f1e67678d45b7cd8c350d04e95baeead6b79c4cff607556fb7129,True,2
test,194,30,738,cf8bee4faf9f1e67678d45b7cd8c350d04e95baeead6b79c4cff607556fb7129,False,0,4488,4488,cf8bee4faf9f1e67678d45b7cd8c350d04e95baeead6b79c4cff607556fb7129,cf8bee4faf9f1e67678d45b7cd8c350d04e95baeead6b79c4cff607556fb7129,True,2
test,195,424,436,cf8bee4faf9f1e67678d45b7cd8c350d04e95baeead6b79c4cff607556fb7129,False,0,4488,4488,cf8bee4faf9f1e67678d45b7cd8c350d04e95baeead6b79c4cff607556fb7129,cf8bee4faf9f1e67678d45b7cd8c350d04e95baeead6b79c4cff607556fb7129,True,2
test,196,417,1072,cf8bee4faf9f1e67678d45b7cd8c350d04e95baeead6b79c4cff607556fb7129,False,0,4488,4488,cf8bee4faf9f1e67678d45b7cd8c350d04e95baeead6b79c4cff607556fb7129,cf8bee4faf9f1e67678d45b7cd8c350d04e95baeead6b79c4cff607556fb7129,True,2
test,197,1675,1914,cf8bee4faf9f1e67678d45b7cd8c350d04e95baeead6b79c4cff607556fb7129,False,0,4488,4488,cf8bee4faf9f1e67678d45b7cd8c350d04e95baeead6b79c4cff607556fb7129,cf8bee4faf9f1e67678d45b7cd8c350d04e95baeead6b79c4cff607556fb7129,True,2
test,198,405,2059,cf8bee4faf9f1e67678d45b7cd8c350d04e95baeead6b79c4cff607556fb7129,False,0,4488,4488,cf8bee4faf9f1e67678d45b7cd8c350d04e95baeead6b79c4cff607556fb7129,cf8bee4faf9f1e67678d45b7cd8c350d04e95baeead6b79c4cff607556fb7129,True,2
test,199,1623,1769,cf8bee4faf9f1e67678d45b7cd8c350d04e95baeead6b79c4cff607556fb7129,False,0,4488,4488,cf8bee4faf9f1e67678d45b7cd8c350d04e95baeead6b79c4cff607556fb7129,cf8bee4faf9f1e67678d45b7cd8c350d04e95baeead6b79c4cff607556fb7129,True,2
test,200,1194,2670,cf8bee4faf9f1e67678d45b7cd8c350d04e95baeead6b79c4cff607556fb7129,False,0,4488,4488,cf8bee4faf9f1e67678d45b7cd8c350d04e95baeead6b79c4cff607556fb7129,cf8bee4faf9f1e67678d45b7cd8c350d04e95baeead6b79c4cff607556fb7129,True,2
test,201,85,2488,cf8bee4faf9f1e67678d45b7cd8c350d04e95baeead6b79c4cff607556fb7129,False,0,4488,4488,cf8bee4faf9f1e67678d45b7cd8c350d04e95baeead6b79c4cff607556fb7129,cf8bee4faf9f1e67678d45b7cd8c350d04e95baeead6b79c4cff607556fb7129,True,2
test,202,2251,2252,cf8bee4faf9f1e67678d45b7cd8c350d04e95baeead6b79c4cff607556fb7129,False,0,4488,4488,cf8bee4faf9f1e67678d45b7cd8c350d04e95baeead6b79c4cff607556fb7129,cf8bee4faf9f1e67678d45b7cd8c350d04e95baeead6b79c4cff607556fb7129,True,2
test,203,472,2029,cf8bee4faf9f1e67678d45b7cd8c350d04e95baeead6b79c4cff607556fb7129,False,0,4488,4488,cf8bee4faf9f1e67678d45b7cd8c350d04e95baeead6b79c4cff607556fb7129,cf8bee4faf9f1e67678d45b7cd8c350d04e95baeead6b79c4cff607556fb7129,True,2
test,204,267,2000,cf8bee4faf9f1e67678d45b7cd8c350d04e95baeead6b79c4cff607556fb7129,False,0,4488,4488,cf8bee4faf9f1e67678d45b7cd8c350d04e95baeead6b79c4cff607556fb7129,cf8bee4faf9f1e67678d45b7cd8c350d04e95baeead6b79c4cff607556fb7129,True,2
test,205,1889,1890,cf8bee4faf9f1e67678d45b7cd8c350d04e95baeead6b79c4cff607556fb7129,False,0,4488,4488,cf8bee4faf9f1e67678d45b7cd8c350d04e95baeead6b79c4cff607556fb7129,cf8bee4faf9f1e67678d45b7cd8c350d04e95baeead6b79c4cff607556fb7129,True,2
test,206,1134,2296,cf8bee4faf9f1e67678d45b7cd8c350d04e95baeead6b79c4cff607556fb7129,False,0,4488,4488,cf8bee4faf9f1e67678d45b7cd8c350d04e95baeead6b79c4cff607556fb7129,cf8bee4faf9f1e67678d45b7cd8c350d04e95baeead6b79c4cff607556fb7129,True,2
test,207,1635,2383,cf8bee4faf9f1e67678d45b7cd8c350d04e95baeead6b79c4cff607556fb7129,False,0,4488,4488,cf8bee4faf9f1e67678d45b7cd8c350d04e95baeead6b79c4cff607556fb7129,cf8bee4faf9f1e67678d45b7cd8c350d04e95baeead6b79c4cff607556fb7129,True,2
test,208,423,525,cf8bee4faf9f1e67678d45b7cd8c350d04e95baeead6b79c4cff607556fb7129,False,0,4488,4488,cf8bee4faf9f1e67678d45b7cd8c350d04e95baeead6b79c4cff607556fb7129,cf8bee4faf9f1e67678d45b7cd8c350d04e95baeead6b79c4cff607556fb7129,True,2
test,209,252,973,cf8bee4faf9f1e67678d45b7cd8c350d04e95baeead6b79c4cff607556fb7129,False,0,4488,4488,cf8bee4faf9f1e67678d45b7cd8c350d04e95baeead6b79c4cff607556fb7129,cf8bee4faf9f1e67678d45b7cd8c350d04e95baeead6b79c4cff607556fb7129,True,2
test,210,1224,1370,cf8bee4faf9f1e67678d45b7cd8c350d04e95baeead6b79c4cff607556fb7129,False,0,4488,4488,cf8bee4faf9f1e67678d45b7cd8c350d04e95baeead6b79c4cff607556fb7129,cf8bee4faf9f1e67678d45b7cd8c350d04e95baeead6b79c4cff607556fb7129,True,2
test,211,109,1772,cf8bee4faf9f1e67678d45b7cd8c350d04e95baeead6b79c4cff607556fb7129,False,0,4488,4488,cf8bee4faf9f1e67678d45b7cd8c350d04e95baeead6b79c4cff607556fb7129,cf8bee4faf9f1e67678d45b7cd8c350d04e95baeead6b79c4cff607556fb7129,True,2
test,212,402,776,cf8bee4faf9f1e67678d45b7cd8c350d04e95baeead6b79c4cff607556fb7129,False,0,4488,4488,cf8bee4faf9f1e67678d45b7cd8c350d04e95baeead6b79c4cff607556fb7129,cf8bee4faf9f1e67678d45b7cd8c350d04e95baeead6b79c4cff607556fb7129,True,2
test,213,1013,1293,cf8bee4faf9f1e67678d45b7cd8c350d04e95baeead6b79c4cff607556fb7129,False,0,4488,4488,cf8bee4faf9f1e67678d45b7cd8c350d04e95baeead6b79c4cff607556fb7129,cf8bee4faf9f1e67678d45b7cd8c350d04e95baeead6b79c4cff607556fb7129,True,2
test,214,560,2526,cf8bee4faf9f1e67678d45b7cd8c350d04e95baeead6b79c4cff607556fb7129,False,0,4488,4488,cf8bee4faf9f1e67678d45b7cd8c350d04e95baeead6b79c4cff607556fb7129,cf8bee4faf9f1e67678d45b7cd8c350d04e95baeead6b79c4cff607556fb7129,True,2
test,215,306,308,cf8bee4faf9f1e67678d45b7cd8c350d04e95baeead6b79c4cff607556fb7129,False,0,4488,4488,cf8bee4faf9f1e67678d45b7cd8c350d04e95baeead6b79c4cff607556fb7129,cf8bee4faf9f1e67678d45b7cd8c350d04e95baeead6b79c4cff607556fb7129,True,2
test,216,1142,2326,cf8bee4faf9f1e67678d45b7cd8c350d04e95baeead6b79c4cff607556fb7129,False,0,4488,4488,cf8bee4faf9f1e67678d45b7cd8c350d04e95baeead6b79c4cff607556fb7129,cf8bee4faf9f1e67678d45b7cd8c350d04e95baeead6b79c4cff607556fb7129,True,2
test,217,71,2691,cf8bee4faf9f1e67678d45b7cd8c350d04e95baeead6b79c4cff607556fb7129,False,0,4488,4488,cf8bee4faf9f1e67678d45b7cd8c350d04e95baeead6b79c4cff607556fb7129,cf8bee4faf9f1e67678d45b7cd8c350d04e95baeead6b79c4cff607556fb7129,True,2
test,218,460,1989,cf8bee4faf9f1e67678d45b7cd8c350d04e95baeead6b79c4cff607556fb7129,False,0,4488,4488,cf8bee4faf9f1e67678d45b7cd8c350d04e95baeead6b79c4cff607556fb7129,cf8bee4faf9f1e67678d45b7cd8c350d04e95baeead6b79c4cff607556fb7129,True,2
test,219,1531,1889,cf8bee4faf9f1e67678d45b7cd8c350d04e95baeead6b79c4cff607556fb7129,False,0,4488,4488,cf8bee4faf9f1e67678d45b7cd8c350d04e95baeead6b79c4cff607556fb7129,cf8bee4faf9f1e67678d45b7cd8c350d04e95baeead6b79c4cff607556fb7129,True,2
test,220,1070,1470,cf8bee4faf9f1e67678d45b7cd8c350d04e95baeead6b79c4cff607556fb7129,False,0,4488,4488,cf8bee4faf9f1e67678d45b7cd8c350d04e95baeead6b79c4cff607556fb7129,cf8bee4faf9f1e67678d45b7cd8c350d04e95baeead6b79c4cff607556fb7129,True,2
test,221,825,1765,cf8bee4faf9f1e67678d45b7cd8c350d04e95baeead6b79c4cff607556fb7129,False,0,4488,4488,cf8bee4faf9f1e67678d45b7cd8c350d04e95baeead6b79c4cff607556fb7129,cf8bee4faf9f1e67678d45b7cd8c350d04e95baeead6b79c4cff607556fb7129,True,2
test,222,1399,2227,cf8bee4faf9f1e67678d45b7cd8c350d04e95baeead6b79c4cff607556fb7129,False,0,4488,4488,cf8bee4faf9f1e67678d45b7cd8c350d04e95baeead6b79c4cff607556fb7129,cf8bee4faf9f1e67678d45b7cd8c350d04e95baeead6b79c4cff607556fb7129,True,2
test,223,1920,2310,cf8bee4faf9f1e67678d45b7cd8c350d04e95baeead6b79c4cff607556fb7129,False,0,4488,4488,cf8bee4faf9f1e67678d45b7cd8c350d04e95baeead6b79c4cff607556fb7129,cf8bee4faf9f1e67678d45b7cd8c350d04e95baeead6b79c4cff607556fb7129,True,2
test,224,310,1241,cf8bee4faf9f1e67678d45b7cd8c350d04e95baeead6b79c4cff607556fb7129,False,0,4488,4488,cf8bee4faf9f1e67678d45b7cd8c350d04e95baeead6b79c4cff607556fb7129,cf8bee4faf9f1e67678d45b7cd8c350d04e95baeead6b79c4cff607556fb7129,True,2
test,225,653,1231,cf8bee4faf9f1e67678d45b7cd8c350d04e95baeead6b79c4cff607556fb7129,False,0,4488,4488,cf8bee4faf9f1e67678d45b7cd8c350d04e95baeead6b79c4cff607556fb7129,cf8bee4faf9f1e67678d45b7cd8c350d04e95baeead6b79c4cff607556fb7129,True,2
test,226,472,1182,cf8bee4faf9f1e67678d45b7cd8c350d04e95baeead6b79c4cff607556fb7129,False,0,4488,4488,cf8bee4faf9f1e67678d45b7cd8c350d04e95baeead6b79c4cff607556fb7129,cf8bee4faf9f1e67678d45b7cd8c350d04e95baeead6b79c4cff607556fb7129,True,2
test,227,634,2227,cf8bee4faf9f1e67678d45b7cd8c350d04e95baeead6b79c4cff607556fb7129,False,0,4488,4488,cf8bee4faf9f1e67678d45b7cd8c350d04e95baeead6b79c4cff607556fb7129,cf8bee4faf9f1e67678d45b7cd8c350d04e95baeead6b79c4cff607556fb7129,True,2
test,228,165,2706,cf8bee4faf9f1e67678d45b7cd8c350d04e95baeead6b79c4cff607556fb7129,False,0,4488,4488,cf8bee4faf9f1e67678d45b7cd8c350d04e95baeead6b79c4cff607556fb7129,cf8bee4faf9f1e67678d45b7cd8c350d04e95baeead6b79c4cff607556fb7129,True,2
test,229,1200,2414,cf8bee4faf9f1e67678d45b7cd8c350d04e95baeead6b79c4cff607556fb7129,False,0,4488,4488,cf8bee4faf9f1e67678d45b7cd8c350d04e95baeead6b79c4cff607556fb7129,cf8bee4faf9f1e67678d45b7cd8c350d04e95baeead6b79c4cff607556fb7129,True,2
test,230,839,965,cf8bee4faf9f1e67678d45b7cd8c350d04e95baeead6b79c4cff607556fb7129,False,0,4488,4488,cf8bee4faf9f1e67678d45b7cd8c350d04e95baeead6b79c4cff607556fb7129,cf8bee4faf9f1e67678d45b7cd8c350d04e95baeead6b79c4cff607556fb7129,True,2
test,231,456,2347,cf8bee4faf9f1e67678d45b7cd8c350d04e95baeead6b79c4cff607556fb7129,False,0,4488,4488,cf8bee4faf9f1e67678d45b7cd8c350d04e95baeead6b79c4cff607556fb7129,cf8bee4faf9f1e67678d45b7cd8c350d04e95baeead6b79c4cff607556fb7129,True,2
test,232,1224,1525,cf8bee4faf9f1e67678d45b7cd8c350d04e95baeead6b79c4cff607556fb7129,False,0,4488,4488,cf8bee4faf9f1e67678d45b7cd8c350d04e95baeead6b79c4cff607556fb7129,cf8bee4faf9f1e67678d45b7cd8c350d04e95baeead6b79c4cff607556fb7129,True,2
test,233,1725,2597,cf8bee4faf9f1e67678d45b7cd8c350d04e95baeead6b79c4cff607556fb7129,False,0,4488,4488,cf8bee4faf9f1e67678d45b7cd8c350d04e95baeead6b79c4cff607556fb7129,cf8bee4faf9f1e67678d45b7cd8c350d04e95baeead6b79c4cff607556fb7129,True,2
test,234,186,1672,cf8bee4faf9f1e67678d45b7cd8c350d04e95baeead6b79c4cff607556fb7129,False,0,4488,4488,cf8bee4faf9f1e67678d45b7cd8c350d04e95baeead6b79c4cff607556fb7129,cf8bee4faf9f1e67678d45b7cd8c350d04e95baeead6b79c4cff607556fb7129,True,2
test,235,281,2247,cf8bee4faf9f1e67678d45b7cd8c350d04e95baeead6b79c4cff607556fb7129,False,0,4488,4488,cf8bee4faf9f1e67678d45b7cd8c350d04e95baeead6b79c4cff607556fb7129,cf8bee4faf9f1e67678d45b7cd8c350d04e95baeead6b79c4cff607556fb7129,True,2
test,236,1148,1317,cf8bee4faf9f1e67678d45b7cd8c350d04e95baeead6b79c4cff607556fb7129,False,0,4488,4488,cf8bee4faf9f1e67678d45b7cd8c350d04e95baeead6b79c4cff607556fb7129,cf8bee4faf9f1e67678d45b7cd8c350d04e95baeead6b79c4cff607556fb7129,True,2
test,237,2221,2507,cf8bee4faf9f1e67678d45b7cd8c350d04e95baeead6b79c4cff607556fb7129,False,0,4488,4488,cf8bee4faf9f1e67678d45b7cd8c350d04e95baeead6b79c4cff607556fb7129,cf8bee4faf9f1e67678d45b7cd8c350d04e95baeead6b79c4cff607556fb7129,True,2
test,238,2247,2543,cf8bee4faf9f1e67678d45b7cd8c350d04e95baeead6b79c4cff607556fb7129,False,0,4488,4488,cf8bee4faf9f1e67678d45b7cd8c350d04e95baeead6b79c4cff607556fb7129,cf8bee4faf9f1e67678d45b7cd8c350d04e95baeead6b79c4cff607556fb7129,True,2
test,239,676,1955,cf8bee4faf9f1e67678d45b7cd8c350d04e95baeead6b79c4cff607556fb7129,False,0,4488,4488,cf8bee4faf9f1e67678d45b7cd8c350d04e95baeead6b79c4cff607556fb7129,cf8bee4faf9f1e67678d45b7cd8c350d04e95baeead6b79c4cff607556fb7129,True,2
test,240,1072,1725,cf8bee4faf9f1e67678d45b7cd8c350d04e95baeead6b79c4cff607556fb7129,False,0,4488,4488,cf8bee4faf9f1e67678d45b7cd8c350d04e95baeead6b79c4cff607556fb7129,cf8bee4faf9f1e67678d45b7cd8c350d04e95baeead6b79c4cff607556fb7129,True,2
test,241,764,1358,cf8bee4faf9f1e67678d45b7cd8c350d04e95baeead6b79c4cff607556fb7129,False,0,4488,4488,cf8bee4faf9f1e67678d45b7cd8c350d04e95baeead6b79c4cff607556fb7129,cf8bee4faf9f1e67678d45b7cd8c350d04e95baeead6b79c4cff607556fb7129,True,2
test,242,639,900,cf8bee4faf9f1e67678d45b7cd8c350d04e95baeead6b79c4cff607556fb7129,False,0,4488,4488,cf8bee4faf9f1e67678d45b7cd8c350d04e95baeead6b79c4cff607556fb7129,cf8bee4faf9f1e67678d45b7cd8c350d04e95baeead6b79c4cff607556fb7129,True,2
test,243,1901,2284,cf8bee4faf9f1e67678d45b7cd8c350d04e95baeead6b79c4cff607556fb7129,False,0,4488,4488,cf8bee4faf9f1e67678d45b7cd8c350d04e95baeead6b79c4cff607556fb7129,cf8bee4faf9f1e67678d45b7cd8c350d04e95baeead6b79c4cff607556fb7129,True,2
test,244,90,155,cf8bee4faf9f1e67678d45b7cd8c350d04e95baeead6b79c4cff607556fb7129,False,0,4488,4488,cf8bee4faf9f1e67678d45b7cd8c350d04e95baeead6b79c4cff607556fb7129,cf8bee4faf9f1e67678d45b7cd8c350d04e95baeead6b79c4cff607556fb7129,True,2
test,245,1037,2654,cf8bee4faf9f1e67678d45b7cd8c350d04e95baeead6b79c4cff607556fb7129,False,0,4488,4488,cf8bee4faf9f1e67678d45b7cd8c350d04e95baeead6b79c4cff607556fb7129,cf8bee4faf9f1e67678d45b7cd8c350d04e95baeead6b79c4cff607556fb7129,True,2
test,246,454,1441,cf8bee4faf9f1e67678d45b7cd8c350d04e95baeead6b79c4cff607556fb7129,False,0,4488,4488,cf8bee4faf9f1e67678d45b7cd8c350d04e95baeead6b79c4cff607556fb7129,cf8bee4faf9f1e67678d45b7cd8c350d04e95baeead6b79c4cff607556fb7129,True,2
test,247,434,1524,cf8bee4faf9f1e67678d45b7cd8c350d04e95baeead6b79c4cff607556fb7129,False,0,4488,4488,cf8bee4faf9f1e67678d45b7cd8c350d04e95baeead6b79c4cff607556fb7129,cf8bee4faf9f1e67678d45b7cd8c350d04e95baeead6b79c4cff607556fb7129,True,2
test,248,1676,1914,cf8bee4faf9f1e67678d45b7cd8c350d04e95baeead6b79c4cff607556fb7129,False,0,4488,4488,cf8bee4faf9f1e67678d45b7cd8c350d04e95baeead6b79c4cff607556fb7129,cf8bee4faf9f1e67678d45b7cd8c350d04e95baeead6b79c4cff607556fb7129,True,2
test,249,449,2581,cf8bee4faf9f1e67678d45b7cd8c350d04e95baeead6b79c4cff607556fb7129,False,0,4488,4488,cf8bee4faf9f1e67678d45b7cd8c350d04e95baeead6b79c4cff607556fb7129,cf8bee4faf9f1e67678d45b7cd8c350d04e95baeead6b79c4cff607556fb7129,True,2
test,250,487,1773,cf8bee4faf9f1e67678d45b7cd8c350d04e95baeead6b79c4cff607556fb7129,False,0,4488,4488,cf8bee4faf9f1e67678d45b7cd8c350d04e95baeead6b79c4cff607556fb7129,cf8bee4faf9f1e67678d45b7cd8c350d04e95baeead6b79c4cff607556fb7129,True,2
test,251,666,1973,cf8bee4faf9f1e67678d45b7cd8c350d04e95baeead6b79c4cff607556fb7129,False,0,4488,4488,cf8bee4faf9f1e67678d45b7cd8c350d04e95baeead6b79c4cff607556fb7129,cf8bee4faf9f1e67678d45b7cd8c350d04e95baeead6b79c4cff607556fb7129,True,2
test,252,873,2313,cf8bee4faf9f1e67678d45b7cd8c350d04e95baeead6b79c4cff607556fb7129,False,0,4488,4488,cf8bee4faf9f1e67678d45b7cd8c350d04e95baeead6b79c4cff607556fb7129,cf8bee4faf9f1e67678d45b7cd8c350d04e95baeead6b79c4cff607556fb7129,True,2
test,253,1986,1991,cf8bee4faf9f1e67678d45b7cd8c350d04e95baeead6b79c4cff607556fb7129,False,0,4488,4488,cf8bee4faf9f1e67678d45b7cd8c350d04e95baeead6b79c4cff607556fb7129,cf8bee4faf9f1e67678d45b7cd8c350d04e95baeead6b79c4cff607556fb7129,True,2
test,254,210,1079,cf8bee4faf9f1e67678d45b7cd8c350d04e95baeead6b79c4cff607556fb7129,False,0,4488,4488,cf8bee4faf9f1e67678d45b7cd8c350d04e95baeead6b79c4cff607556fb7129,cf8bee4faf9f1e67678d45b7cd8c350d04e95baeead6b79c4cff607556fb7129,True,2
test,255,108,2157,cf8bee4faf9f1e67678d45b7cd8c350d04e95baeead6b79c4cff607556fb7129,False,0,4488,4488,cf8bee4faf9f1e67678d45b7cd8c350d04e95baeead6b79c4cff607556fb7129,cf8bee4faf9f1e67678d45b7cd8c350d04e95baeead6b79c4cff607556fb7129,True,2
test,256,534,609,cf8bee4faf9f1e67678d45b7cd8c350d04e95baeead6b79c4cff607556fb7129,False,0,4488,4488,cf8bee4faf9f1e67678d45b7cd8c350d04e95baeead6b79c4cff607556fb7129,cf8bee4faf9f1e67678d45b7cd8c350d04e95baeead6b79c4cff607556fb7129,True,2
test,257,1807,2034,cf8bee4faf9f1e67678d45b7cd8c350d04e95baeead6b79c4cff607556fb7129,False,0,4488,4488,cf8bee4faf9f1e67678d45b7cd8c350d04e95baeead6b79c4cff607556fb7129,cf8bee4faf9f1e67678d45b7cd8c350d04e95baeead6b79c4cff607556fb7129,True,2
test,258,1310,2692,cf8bee4faf9f1e67678d45b7cd8c350d04e95baeead6b79c4cff607556fb7129,False,0,4488,4488,cf8bee4faf9f1e67678d45b7cd8c350d04e95baeead6b79c4cff607556fb7129,cf8bee4faf9f1e67678d45b7cd8c350d04e95baeead6b79c4cff607556fb7129,True,2
test,259,201,1701,cf8bee4faf9f1e67678d45b7cd8c350d04e95baeead6b79c4cff607556fb7129,False,0,4488,4488,cf8bee4faf9f1e67678d45b7cd8c350d04e95baeead6b79c4cff607556fb7129,cf8bee4faf9f1e67678d45b7cd8c350d04e95baeead6b79c4cff607556fb7129,True,2
test,260,2075,2077,cf8bee4faf9f1e67678d45b7cd8c350d04e95baeead6b79c4cff607556fb7129,False,0,4488,4488,cf8bee4faf9f1e67678d45b7cd8c350d04e95baeead6b79c4cff607556fb7129,cf8bee4faf9f1e67678d45b7cd8c350d04e95baeead6b79c4cff607556fb7129,True,2
test,261,367,2451,cf8bee4faf9f1e67678d45b7cd8c350d04e95baeead6b79c4cff607556fb7129,False,0,4488,4488,cf8bee4faf9f1e67678d45b7cd8c350d04e95baeead6b79c4cff607556fb7129,cf8bee4faf9f1e67678d45b7cd8c350d04e95baeead6b79c4cff607556fb7129,True,2
test,262,40,1364,cf8bee4faf9f1e67678d45b7cd8c350d04e95baeead6b79c4cff607556fb7129,False,0,4488,4488,cf8bee4faf9f1e67678d45b7cd8c350d04e95baeead6b79c4cff607556fb7129,cf8bee4faf9f1e67678d45b7cd8c350d04e95baeead6b79c4cff607556fb7129,True,2
test,263,110,567,cf8bee4faf9f1e67678d45b7cd8c350d04e95baeead6b79c4cff607556fb7129,False,0,4488,4488,cf8bee4faf9f1e67678d45b7cd8c350d04e95baeead6b79c4cff607556fb7129,cf8bee4faf9f1e67678d45b7cd8c350d04e95baeead6b79c4cff607556fb7129,True,2
test,264,961,2555,cf8bee4faf9f1e67678d45b7cd8c350d04e95baeead6b79c4cff607556fb7129,False,0,4488,4488,cf8bee4faf9f1e67678d45b7cd8c350d04e95baeead6b79c4cff607556fb7129,cf8bee4faf9f1e67678d45b7cd8c350d04e95baeead6b79c4cff607556fb7129,True,2
test,265,444,2289,cf8bee4faf9f1e67678d45b7cd8c350d04e95baeead6b79c4cff607556fb7129,False,0,4488,4488,cf8bee4faf9f1e67678d45b7cd8c350d04e95baeead6b79c4cff607556fb7129,cf8bee4faf9f1e67678d45b7cd8c350d04e95baeead6b79c4cff607556fb7129,True,2
test,266,142,1628,cf8bee4faf9f1e67678d45b7cd8c350d04e95baeead6b79c4cff607556fb7129,False,0,4488,4488,cf8bee4faf9f1e67678d45b7cd8c350d04e95baeead6b79c4cff607556fb7129,cf8bee4faf9f1e67678d45b7cd8c350d04e95baeead6b79c4cff607556fb7129,True,2
test,267,290,1765,cf8bee4faf9f1e67678d45b7cd8c350d04e95baeead6b79c4cff607556fb7129,False,0,4488,4488,cf8bee4faf9f1e67678d45b7cd8c350d04e95baeead6b79c4cff607556fb7129,cf8bee4faf9f1e67678d45b7cd8c350d04e95baeead6b79c4cff607556fb7129,True,2
test,268,167,1056,cf8bee4faf9f1e67678d45b7cd8c350d04e95baeead6b79c4cff607556fb7129,False,0,4488,4488,cf8bee4faf9f1e67678d45b7cd8c350d04e95baeead6b79c4cff607556fb7129,cf8bee4faf9f1e67678d45b7cd8c350d04e95baeead6b79c4cff607556fb7129,True,2
test,269,353,1345,cf8bee4faf9f1e67678d45b7cd8c350d04e95baeead6b79c4cff607556fb7129,False,0,4488,4488,cf8bee4faf9f1e67678d45b7cd8c350d04e95baeead6b79c4cff607556fb7129,cf8bee4faf9f1e67678d45b7cd8c350d04e95baeead6b79c4cff607556fb7129,True,2
test,270,2304,2385,cf8bee4faf9f1e67678d45b7cd8c350d04e95baeead6b79c4cff607556fb7129,False,0,4488,4488,cf8bee4faf9f1e67678d45b7cd8c350d04e95baeead6b79c4cff607556fb7129,cf8bee4faf9f1e67678d45b7cd8c350d04e95baeead6b79c4cff607556fb7129,True,2
test,271,306,2080,cf8bee4faf9f1e67678d45b7cd8c350d04e95baeead6b79c4cff607556fb7129,False,0,4488,4488,cf8bee4faf9f1e67678d45b7cd8c350d04e95baeead6b79c4cff607556fb7129,cf8bee4faf9f1e67678d45b7cd8c350d04e95baeead6b79c4cff607556fb7129,True,2
test,272,918,1098,cf8bee4faf9f1e67678d45b7cd8c350d04e95baeead6b79c4cff607556fb7129,False,0,4488,4488,cf8bee4faf9f1e67678d45b7cd8c350d04e95baeead6b79c4cff607556fb7129,cf8bee4faf9f1e67678d45b7cd8c350d04e95baeead6b79c4cff607556fb7129,True,2
test,273,962,1809,cf8bee4faf9f1e67678d45b7cd8c350d04e95baeead6b79c4cff607556fb7129,False,0,4488,4488,cf8bee4faf9f1e67678d45b7cd8c350d04e95baeead6b79c4cff607556fb7129,cf8bee4faf9f1e67678d45b7cd8c350d04e95baeead6b79c4cff607556fb7129,True,2
test,274,1721,2476,cf8bee4faf9f1e67678d45b7cd8c350d04e95baeead6b79c4cff607556fb7129,False,0,4488,4488,cf8bee4faf9f1e67678d45b7cd8c350d04e95baeead6b79c4cff607556fb7129,cf8bee4faf9f1e67678d45b7cd8c350d04e95baeead6b79c4cff607556fb7129,True,2
test,275,347,408,cf8bee4faf9f1e67678d45b7cd8c350d04e95baeead6b79c4cff607556fb7129,False,0,4488,4488,cf8bee4faf9f1e67678d45b7cd8c350d04e95baeead6b79c4cff607556fb7129,cf8bee4faf9f1e67678d45b7cd8c350d04e95baeead6b79c4cff607556fb7129,True,2
test,276,309,2305,cf8bee4faf9f1e67678d45b7cd8c350d04e95baeead6b79c4cff607556fb7129,False,0,4488,4488,cf8bee4faf9f1e67678d45b7cd8c350d04e95baeead6b79c4cff607556fb7129,cf8bee4faf9f1e67678d45b7cd8c350d04e95baeead6b79c4cff607556fb7129,True,2
test,277,717,1907,cf8bee4faf9f1e67678d45b7cd8c350d04e95baeead6b79c4cff607556fb7129,False,0,4488,4488,cf8bee4faf9f1e67678d45b7cd8c350d04e95baeead6b79c4cff607556fb7129,cf8bee4faf9f1e67678d45b7cd8c350d04e95baeead6b79c4cff607556fb7129,True,2
test,278,482,2230,cf8bee4faf9f1e67678d45b7cd8c350d04e95baeead6b79c4cff607556fb7129,False,0,4488,4488,cf8bee4faf9f1e67678d45b7cd8c350d04e95baeead6b79c4cff607556fb7129,cf8bee4faf9f1e67678d45b7cd8c350d04e95baeead6b79c4cff607556fb7129,True,2
test,279,1623,1772,cf8bee4faf9f1e67678d45b7cd8c350d04e95baeead6b79c4cff607556fb7129,False,0,4488,4488,cf8bee4faf9f1e67678d45b7cd8c350d04e95baeead6b79c4cff607556fb7129,cf8bee4faf9f1e67678d45b7cd8c350d04e95baeead6b79c4cff607556fb7129,True,2
test,280,870,1119,cf8bee4faf9f1e67678d45b7cd8c350d04e95baeead6b79c4cff607556fb7129,False,0,4488,4488,cf8bee4faf9f1e67678d45b7cd8c350d04e95baeead6b79c4cff607556fb7129,cf8bee4faf9f1e67678d45b7cd8c350d04e95baeead6b79c4cff607556fb7129,True,2
test,281,833,1678,cf8bee4faf9f1e67678d45b7cd8c350d04e95baeead6b79c4cff607556fb7129,False,0,4488,4488,cf8bee4faf9f1e67678d45b7cd8c350d04e95baeead6b79c4cff607556fb7129,cf8bee4faf9f1e67678d45b7cd8c350d04e95baeead6b79c4cff607556fb7129,True,2
test,282,1133,1500,cf8bee4faf9f1e67678d45b7cd8c350d04e95baeead6b79c4cff607556fb7129,False,0,4488,4488,cf8bee4faf9f1e67678d45b7cd8c350d04e95baeead6b79c4cff607556fb7129,cf8bee4faf9f1e67678d45b7cd8c350d04e95baeead6b79c4cff607556fb7129,True,2
test,283,733,862,cf8bee4faf9f1e67678d45b7cd8c350d04e95baeead6b79c4cff607556fb7129,False,0,4488,4488,cf8bee4faf9f1e67678d45b7cd8c350d04e95baeead6b79c4cff607556fb7129,cf8bee4faf9f1e67678d45b7cd8c350d04e95baeead6b79c4cff607556fb7129,True,2
test,284,1301,2140,cf8bee4faf9f1e67678d45b7cd8c350d04e95baeead6b79c4cff607556fb7129,False,0,4488,4488,cf8bee4faf9f1e67678d45b7cd8c350d04e95baeead6b79c4cff607556fb7129,cf8bee4faf9f1e67678d45b7cd8c350d04e95baeead6b79c4cff607556fb7129,True,2
test,285,551,2388,cf8bee4faf9f1e67678d45b7cd8c350d04e95baeead6b79c4cff607556fb7129,False,0,4488,4488,cf8bee4faf9f1e67678d45b7cd8c350d04e95baeead6b79c4cff607556fb7129,cf8bee4faf9f1e67678d45b7cd8c350d04e95baeead6b79c4cff607556fb7129,True,2
test,286,269,321,cf8bee4faf9f1e67678d45b7cd8c350d04e95baeead6b79c4cff607556fb7129,False,0,4488,4488,cf8bee4faf9f1e67678d45b7cd8c350d04e95baeead6b79c4cff607556fb7129,cf8bee4faf9f1e67678d45b7cd8c350d04e95baeead6b79c4cff607556fb7129,True,2
test,287,88,415,cf8bee4faf9f1e67678d45b7cd8c350d04e95baeead6b79c4cff607556fb7129,False,0,4488,4488,cf8bee4faf9f1e67678d45b7cd8c350d04e95baeead6b79c4cff607556fb7129,cf8bee4faf9f1e67678d45b7cd8c350d04e95baeead6b79c4cff607556fb7129,True,2
test,288,1955,2235,cf8bee4faf9f1e67678d45b7cd8c350d04e95baeead6b79c4cff607556fb7129,False,0,4488,4488,cf8bee4faf9f1e67678d45b7cd8c350d04e95baeead6b79c4cff607556fb7129,cf8bee4faf9f1e67678d45b7cd8c350d04e95baeead6b79c4cff607556fb7129,True,2
test,289,657,2522,cf8bee4faf9f1e67678d45b7cd8c350d04e95baeead6b79c4cff607556fb7129,False,0,4488,4488,cf8bee4faf9f1e67678d45b7cd8c350d04e95baeead6b79c4cff607556fb7129,cf8bee4faf9f1e67678d45b7cd8c350d04e95baeead6b79c4cff607556fb7129,True,2
test,290,901,1042,cf8bee4faf9f1e67678d45b7cd8c350d04e95baeead6b79c4cff607556fb7129,False,0,4488,4488,cf8bee4faf9f1e67678d45b7cd8c350d04e95baeead6b79c4cff607556fb7129,cf8bee4faf9f1e67678d45b7cd8c350d04e95baeead6b79c4cff607556fb7129,True,2
test,291,119,1549,cf8bee4faf9f1e67678d45b7cd8c350d04e95baeead6b79c4cff607556fb7129,False,0,4488,4488,cf8bee4faf9f1e67678d45b7cd8c350d04e95baeead6b79c4cff607556fb7129,cf8bee4faf9f1e67678d45b7cd8c350d04e95baeead6b79c4cff607556fb7129,True,2
test,292,482,1810,cf8bee4faf9f1e67678d45b7cd8c350d04e95baeead6b79c4cff607556fb7129,False,0,4488,4488,cf8bee4faf9f1e67678d45b7cd8c350d04e95baeead6b79c4cff607556fb7129,cf8bee4faf9f1e67678d45b7cd8c350d04e95baeead6b79c4cff607556fb7129,True,2
test,293,48,598,cf8bee4faf9f1e67678d45b7cd8c350d04e95baeead6b79c4cff607556fb7129,False,0,4488,4488,cf8bee4faf9f1e67678d45b7cd8c350d04e95baeead6b79c4cff607556fb7129,cf8bee4faf9f1e67678d45b7cd8c350d04e95baeead6b79c4cff607556fb7129,True,2
test,294,744,1154,cf8bee4faf9f1e67678d45b7cd8c350d04e95baeead6b79c4cff607556fb7129,False,0,4488,4488,cf8bee4faf9f1e67678d45b7cd8c350d04e95baeead6b79c4cff607556fb7129,cf8bee4faf9f1e67678d45b7cd8c350d04e95baeead6b79c4cff607556fb7129,True,2
test,295,1951,2206,cf8bee4faf9f1e67678d45b7cd8c350d04e95baeead6b79c4cff607556fb7129,False,0,4488,4488,cf8bee4faf9f1e67678d45b7cd8c350d04e95baeead6b79c4cff607556fb7129,cf8bee4faf9f1e67678d45b7cd8c350d04e95baeead6b79c4cff607556fb7129,True,2
test,296,537,1165,cf8bee4faf9f1e67678d45b7cd8c350d04e95baeead6b79c4cff607556fb7129,False,0,4488,4488,cf8bee4faf9f1e67678d45b7cd8c350d04e95baeead6b79c4cff607556fb7129,cf8bee4faf9f1e67678d45b7cd8c350d04e95baeead6b79c4cff607556fb7129,True,2
test,297,439,1169,cf8bee4faf9f1e67678d45b7cd8c350d04e95baeead6b79c4cff607556fb7129,False,0,4488,4488,cf8bee4faf9f1e67678d45b7cd8c350d04e95baeead6b79c4cff607556fb7129,cf8bee4faf9f1e67678d45b7cd8c350d04e95baeead6b79c4cff607556fb7129,True,2
test,298,649,1171,cf8bee4faf9f1e67678d45b7cd8c350d04e95baeead6b79c4cff607556fb7129,False,0,4488,4488,cf8bee4faf9f1e67678d45b7cd8c350d04e95baeead6b79c4cff607556fb7129,cf8bee4faf9f1e67678d45b7cd8c350d04e95baeead6b79c4cff607556fb7129,True,2
test,299,117,259,cf8bee4faf9f1e67678d45b7cd8c350d04e95baeead6b79c4cff607556fb7129,False,0,4488,4488,cf8bee4faf9f1e67678d45b7cd8c350d04e95baeead6b79c4cff607556fb7129,cf8bee4faf9f1e67678d45b7cd8c350d04e95baeead6b79c4cff607556fb7129,True,2
test,300,760,985,cf8bee4faf9f1e67678d45b7cd8c350d04e95baeead6b79c4cff607556fb7129,False,0,4488,4488,cf8bee4faf9f1e67678d45b7cd8c350d04e95baeead6b79c4cff607556fb7129,cf8bee4faf9f1e67678d45b7cd8c350d04e95baeead6b79c4cff607556fb7129,True,2
test,301,1724,2215,cf8bee4faf9f1e67678d45b7cd8c350d04e95baeead6b79c4cff607556fb7129,False,0,4488,4488,cf8bee4faf9f1e67678d45b7cd8c350d04e95baeead6b79c4cff607556fb7129,cf8bee4faf9f1e67678d45b7cd8c350d04e95baeead6b79c4cff607556fb7129,True,2
test,302,2181,2196,cf8bee4faf9f1e67678d45b7cd8c350d04e95baeead6b79c4cff607556fb7129,False,0,4488,4488,cf8bee4faf9f1e67678d45b7cd8c350d04e95baeead6b79c4cff607556fb7129,cf8bee4faf9f1e67678d45b7cd8c350d04e95baeead6b79c4cff607556fb7129,True,2
test,303,56,447,cf8bee4faf9f1e67678d45b7cd8c350d04e95baeead6b79c4cff607556fb7129,False,0,4488,4488,cf8bee4faf9f1e67678d45b7cd8c350d04e95baeead6b79c4cff607556fb7129,cf8bee4faf9f1e67678d45b7cd8c350d04e95baeead6b79c4cff607556fb7129,True,2
test,304,1061,1196,cf8bee4faf9f1e67678d45b7cd8c350d04e95baeead6b79c4cff607556fb7129,False,0,4488,4488,cf8bee4faf9f1e67678d45b7cd8c350d04e95baeead6b79c4cff607556fb7129,cf8bee4faf9f1e67678d45b7cd8c350d04e95baeead6b79c4cff607556fb7129,True,2
test,305,1131,1909,cf8bee4faf9f1e67678d45b7cd8c350d04e95baeead6b79c4cff607556fb7129,False,0,4488,4488,cf8bee4faf9f1e67678d45b7cd8c350d04e95baeead6b79c4cff607556fb7129,cf8bee4faf9f1e67678d45b7cd8c350d04e95baeead6b79c4cff607556fb7129,True,2
test,306,448,1826,cf8bee4faf9f1e67678d45b7cd8c350d04e95baeead6b79c4cff607556fb7129,False,0,4488,4488,cf8bee4faf9f1e67678d45b7cd8c350d04e95baeead6b79c4cff607556fb7129,cf8bee4faf9f1e67678d45b7cd8c350d04e95baeead6b79c4cff607556fb7129,True,2
test,307,133,1623,cf8bee4faf9f1e67678d45b7cd8c350d04e95baeead6b79c4cff607556fb7129,False,0,4488,4488,cf8bee4faf9f1e67678d45b7cd8c350d04e95baeead6b79c4cff607556fb7129,cf8bee4faf9f1e67678d45b7cd8c350d04e95baeead6b79c4cff607556fb7129,True,2
test,308,985,1073,cf8bee4faf9f1e67678d45b7cd8c350d04e95baeead6b79c4cff607556fb7129,False,0,4488,4488,cf8bee4faf9f1e67678d45b7cd8c350d04e95baeead6b79c4cff607556fb7129,cf8bee4faf9f1e67678d45b7cd8c350d04e95baeead6b79c4cff607556fb7129,True,2
test,309,701,2062,cf8bee4faf9f1e67678d45b7cd8c350d04e95baeead6b79c4cff607556fb7129,False,0,4488,4488,cf8bee4faf9f1e67678d45b7cd8c350d04e95baeead6b79c4cff607556fb7129,cf8bee4faf9f1e67678d45b7cd8c350d04e95baeead6b79c4cff607556fb7129,True,2
test,310,767,873,cf8bee4faf9f1e67678d45b7cd8c350d04e95baeead6b79c4cff607556fb7129,False,0,4488,4488,cf8bee4faf9f1e67678d45b7cd8c350d04e95baeead6b79c4cff607556fb7129,cf8bee4faf9f1e67678d45b7cd8c350d04e95baeead6b79c4cff607556fb7129,True,2
test,311,1712,1725,cf8bee4faf9f1e67678d45b7cd8c350d04e95baeead6b79c4cff607556fb7129,False,0,4488,4488,cf8bee4faf9f1e67678d45b7cd8c350d04e95baeead6b79c4cff607556fb7129,cf8bee4faf9f1e67678d45b7cd8c350d04e95baeead6b79c4cff607556fb7129,True,2
test,312,6,373,cf8bee4faf9f1e67678d45b7cd8c350d04e95baeead6b79c4cff607556fb7129,False,0,4488,4488,cf8bee4faf9f1e67678d45b7cd8c350d04e95baeead6b79c4cff607556fb7129,cf8bee4faf9f1e67678d45b7cd8c350d04e95baeead6b79c4cff607556fb7129,True,2
test,313,1463,2133,cf8bee4faf9f1e67678d45b7cd8c350d04e95baeead6b79c4cff607556fb7129,False,0,4488,4488,cf8bee4faf9f1e67678d45b7cd8c350d04e95baeead6b79c4cff607556fb7129,cf8bee4faf9f1e67678d45b7cd8c350d04e95baeead6b79c4cff607556fb7129,True,2
test,314,229,1894,cf8bee4faf9f1e67678d45b7cd8c350d04e95baeead6b79c4cff607556fb7129,False,0,4488,4488,cf8bee4faf9f1e67678d45b7cd8c350d04e95baeead6b79c4cff607556fb7129,cf8bee4faf9f1e67678d45b7cd8c350d04e95baeead6b79c4cff607556fb7129,True,2
test,315,1358,1745,cf8bee4faf9f1e67678d45b7cd8c350d04e95baeead6b79c4cff607556fb7129,False,0,4488,4488,cf8bee4faf9f1e67678d45b7cd8c350d04e95baeead6b79c4cff607556fb7129,cf8bee4faf9f1e67678d45b7cd8c350d04e95baeead6b79c4cff607556fb7129,True,2
test,316,1334,1542,cf8bee4faf9f1e67678d45b7cd8c350d04e95baeead6b79c4cff607556fb7129,False,0,4488,4488,cf8bee4faf9f1e67678d45b7cd8c350d04e95baeead6b79c4cff607556fb7129,cf8bee4faf9f1e67678d45b7cd8c350d04e95baeead6b79c4cff607556fb7129,True,2
test,317,442,2362,cf8bee4faf9f1e67678d45b7cd8c350d04e95baeead6b79c4cff607556fb7129,False,0,4488,4488,cf8bee4faf9f1e67678d45b7cd8c350d04e95baeead6b79c4cff607556fb7129,cf8bee4faf9f1e67678d45b7cd8c350d04e95baeead6b79c4cff607556fb7129,True,2
test,318,383,2268,cf8bee4faf9f1e67678d45b7cd8c350d04e95baeead6b79c4cff607556fb7129,False,0,4488,4488,cf8bee4faf9f1e67678d45b7cd8c350d04e95baeead6b79c4cff607556fb7129,cf8bee4faf9f1e67678d45b7cd8c350d04e95baeead6b79c4cff607556fb7129,True,2
test,319,525,1628,cf8bee4faf9f1e67678d45b7cd8c350d04e95baeead6b79c4cff607556fb7129,False,0,4488,4488,cf8bee4faf9f1e67678d45b7cd8c350d04e95baeead6b79c4cff607556fb7129,cf8bee4faf9f1e67678d45b7cd8c350d04e95baeead6b79c4cff607556fb7129,True,2
test,320,1899,1902,cf8bee4faf9f1e67678d45b7cd8c350d04e95baeead6b79c4cff607556fb7129,False,0,4488,4488,cf8bee4faf9f1e67678d45b7cd8c350d04e95baeead6b79c4cff607556fb7129,cf8bee4faf9f1e67678d45b7cd8c350d04e95baeead6b79c4cff607556fb7129,True,2
test,321,1986,2001,cf8bee4faf9f1e67678d45b7cd8c350d04e95baeead6b79c4cff607556fb7129,False,0,4488,4488,cf8bee4faf9f1e67678d45b7cd8c350d04e95baeead6b79c4cff607556fb7129,cf8bee4faf9f1e67678d45b7cd8c350d04e95baeead6b79c4cff607556fb7129,True,2
test,322,1358,1761,cf8bee4faf9f1e67678d45b7cd8c350d04e95baeead6b79c4cff607556fb7129,False,0,4488,4488,cf8bee4faf9f1e67678d45b7cd8c350d04e95baeead6b79c4cff607556fb7129,cf8bee4faf9f1e67678d45b7cd8c350d04e95baeead6b79c4cff607556fb7129,True,2
test,323,745,1986,cf8bee4faf9f1e67678d45b7cd8c350d04e95baeead6b79c4cff607556fb7129,False,0,4488,4488,cf8bee4faf9f1e67678d45b7cd8c350d04e95baeead6b79c4cff607556fb7129,cf8bee4faf9f1e67678d45b7cd8c350d04e95baeead6b79c4cff607556fb7129,True,2
test,324,32,518,cf8bee4faf9f1e67678d45b7cd8c350d04e95baeead6b79c4cff607556fb7129,False,0,4488,4488,cf8bee4faf9f1e67678d45b7cd8c350d04e95baeead6b79c4cff607556fb7129,cf8bee4faf9f1e67678d45b7cd8c350d04e95baeead6b79c4cff607556fb7129,True,2
test,325,1427,2446,cf8bee4faf9f1e67678d45b7cd8c350d04e95baeead6b79c4cff607556fb7129,False,0,4488,4488,cf8bee4faf9f1e67678d45b7cd8c350d04e95baeead6b79c4cff607556fb7129,cf8bee4faf9f1e67678d45b7cd8c350d04e95baeead6b79c4cff607556fb7129,True,2
test,326,368,428,cf8bee4faf9f1e67678d45b7cd8c350d04e95baeead6b79c4cff607556fb7129,False,0,4488,4488,cf8bee4faf9f1e67678d45b7cd8c350d04e95baeead6b79c4cff607556fb7129,cf8bee4faf9f1e67678d45b7cd8c350d04e95baeead6b79c4cff607556fb7129,True,2
test,327,47,163,cf8bee4faf9f1e67678d45b7cd8c350d04e95baeead6b79c4cff607556fb7129,False,0,4488,4488,cf8bee4faf9f1e67678d45b7cd8c350d04e95baeead6b79c4cff607556fb7129,cf8bee4faf9f1e67678d45b7cd8c350d04e95baeead6b79c4cff607556fb7129,True,2
test,328,1671,2137,cf8bee4faf9f1e67678d45b7cd8c350d04e95baeead6b79c4cff607556fb7129,False,0,4488,4488,cf8bee4faf9f1e67678d45b7cd8c350d04e95baeead6b79c4cff607556fb7129,cf8bee4faf9f1e67678d45b7cd8c350d04e95baeead6b79c4cff607556fb7129,True,2
test,329,710,2212,cf8bee4faf9f1e67678d45b7cd8c350d04e95baeead6b79c4cff607556fb7129,False,0,4488,4488,cf8bee4faf9f1e67678d45b7cd8c350d04e95baeead6b79c4cff607556fb7129,cf8bee4faf9f1e67678d45b7cd8c350d04e95baeead6b79c4cff607556fb7129,True,2
test,330,218,2119,cf8bee4faf9f1e67678d45b7cd8c350d04e95baeead6b79c4cff607556fb7129,False,0,4488,4488,cf8bee4faf9f1e67678d45b7cd8c350d04e95baeead6b79c4cff607556fb7129,cf8bee4faf9f1e67678d45b7cd8c350d04e95baeead6b79c4cff607556fb7129,True,2
test,331,441,1537,cf8bee4faf9f1e67678d45b7cd8c350d04e95baeead6b79c4cff607556fb7129,False,0,4488,4488,cf8bee4faf9f1e67678d45b7cd8c350d04e95baeead6b79c4cff607556fb7129,cf8bee4faf9f1e67678d45b7cd8c350d04e95baeead6b79c4cff607556fb7129,True,2
test,332,665,2122,cf8bee4faf9f1e67678d45b7cd8c350d04e95baeead6b79c4cff607556fb7129,False,0,4488,4488,cf8bee4faf9f1e67678d45b7cd8c350d04e95baeead6b79c4cff607556fb7129,cf8bee4faf9f1e67678d45b7cd8c350d04e95baeead6b79c4cff607556fb7129,True,2
test,333,325,1848,cf8bee4faf9f1e67678d45b7cd8c350d04e95baeead6b79c4cff607556fb7129,False,0,4488,4488,cf8bee4faf9f1e67678d45b7cd8c350d04e95baeead6b79c4cff607556fb7129,cf8bee4faf9f1e67678d45b7cd8c350d04e95baeead6b79c4cff607556fb7129,True,2
test,334,120,2405,cf8bee4faf9f1e67678d45b7cd8c350d04e95baeead6b79c4cff607556fb7129,False,0,4488,4488,cf8bee4faf9f1e67678d45b7cd8c350d04e95baeead6b79c4cff607556fb7129,cf8bee4faf9f1e67678d45b7cd8c350d04e95baeead6b79c4cff607556fb7129,True,2
test,335,1215,1894,cf8bee4faf9f1e67678d45b7cd8c350d04e95baeead6b79c4cff607556fb7129,False,0,4488,4488,cf8bee4faf9f1e67678d45b7cd8c350d04e95baeead6b79c4cff607556fb7129,cf8bee4faf9f1e67678d45b7cd8c350d04e95baeead6b79c4cff607556fb7129,True,2
test,336,1206,1257,cf8bee4faf9f1e67678d45b7cd8c350d04e95baeead6b79c4cff607556fb7129,False,0,4488,4488,cf8bee4faf9f1e67678d45b7cd8c350d04e95baeead6b79c4cff607556fb7129,cf8bee4faf9f1e67678d45b7cd8c350d04e95baeead6b79c4cff607556fb7129,True,2
test,337,50,1441,cf8bee4faf9f1e67678d45b7cd8c350d04e95baeead6b79c4cff607556fb7129,False,0,4488,4488,cf8bee4faf9f1e67678d45b7cd8c350d04e95baeead6b79c4cff607556fb7129,cf8bee4faf9f1e67678d45b7cd8c350d04e95baeead6b79c4cff607556fb7129,True,2
test,338,1185,1992,cf8bee4faf9f1e67678d45b7cd8c350d04e95baeead6b79c4cff607556fb7129,False,0,4488,4488,cf8bee4faf9f1e67678d45b7cd8c350d04e95baeead6b79c4cff607556fb7129,cf8bee4faf9f1e67678d45b7cd8c350d04e95baeead6b79c4cff607556fb7129,True,2
test,339,1090,2367,cf8bee4faf9f1e67678d45b7cd8c350d04e95baeead6b79c4cff607556fb7129,False,0,4488,4488,cf8bee4faf9f1e67678d45b7cd8c350d04e95baeead6b79c4cff607556fb7129,cf8bee4faf9f1e67678d45b7cd8c350d04e95baeead6b79c4cff607556fb7129,True,2
test,340,1041,2448,cf8bee4faf9f1e67678d45b7cd8c350d04e95baeead6b79c4cff607556fb7129,False,0,4488,4488,cf8bee4faf9f1e67678d45b7cd8c350d04e95baeead6b79c4cff607556fb7129,cf8bee4faf9f1e67678d45b7cd8c350d04e95baeead6b79c4cff607556fb7129,True,2
test,341,86,1336,cf8bee4faf9f1e67678d45b7cd8c350d04e95baeead6b79c4cff607556fb7129,False,0,4488,4488,cf8bee4faf9f1e67678d45b7cd8c350d04e95baeead6b79c4cff607556fb7129,cf8bee4faf9f1e67678d45b7cd8c350d04e95baeead6b79c4cff607556fb7129,True,2
test,342,1462,1663,cf8bee4faf9f1e67678d45b7cd8c350d04e95baeead6b79c4cff607556fb7129,False,0,4488,4488,cf8bee4faf9f1e67678d45b7cd8c350d04e95baeead6b79c4cff607556fb7129,cf8bee4faf9f1e67678d45b7cd8c350d04e95baeead6b79c4cff607556fb7129,True,2
test,343,542,1245,cf8bee4faf9f1e67678d45b7cd8c350d04e95baeead6b79c4cff607556fb7129,False,0,4488,4488,cf8bee4faf9f1e67678d45b7cd8c350d04e95baeead6b79c4cff607556fb7129,cf8bee4faf9f1e67678d45b7cd8c350d04e95baeead6b79c4cff607556fb7129,True,2
test,344,1224,1660,cf8bee4faf9f1e67678d45b7cd8c350d04e95baeead6b79c4cff607556fb7129,False,0,4488,4488,cf8bee4faf9f1e67678d45b7cd8c350d04e95baeead6b79c4cff607556fb7129,cf8bee4faf9f1e67678d45b7cd8c350d04e95baeead6b79c4cff607556fb7129,True,2
test,345,219,507,cf8bee4faf9f1e67678d45b7cd8c350d04e95baeead6b79c4cff607556fb7129,False,0,4488,4488,cf8bee4faf9f1e67678d45b7cd8c350d04e95baeead6b79c4cff607556fb7129,cf8bee4faf9f1e67678d45b7cd8c350d04e95baeead6b79c4cff607556fb7129,True,2
test,346,372,626,cf8bee4faf9f1e67678d45b7cd8c350d04e95baeead6b79c4cff607556fb7129,False,0,4488,4488,cf8bee4faf9f1e67678d45b7cd8c350d04e95baeead6b79c4cff607556fb7129,cf8bee4faf9f1e67678d45b7cd8c350d04e95baeead6b79c4cff607556fb7129,True,2
test,347,59,1725,cf8bee4faf9f1e67678d45b7cd8c350d04e95baeead6b79c4cff607556fb7129,False,0,4488,4488,cf8bee4faf9f1e67678d45b7cd8c350d04e95baeead6b79c4cff607556fb7129,cf8bee4faf9f1e67678d45b7cd8c350d04e95baeead6b79c4cff607556fb7129,True,2
test,348,1424,1621,cf8bee4faf9f1e67678d45b7cd8c350d04e95baeead6b79c4cff607556fb7129,False,0,4488,4488,cf8bee4faf9f1e67678d45b7cd8c350d04e95baeead6b79c4cff607556fb7129,cf8bee4faf9f1e67678d45b7cd8c350d04e95baeead6b79c4cff607556fb7129,True,2
test,349,868,2099,cf8bee4faf9f1e67678d45b7cd8c350d04e95baeead6b79c4cff607556fb7129,False,0,4488,4488,cf8bee4faf9f1e67678d45b7cd8c350d04e95baeead6b79c4cff607556fb7129,cf8bee4faf9f1e67678d45b7cd8c350d04e95baeead6b79c4cff607556fb7129,True,2
test,350,1281,1746,cf8bee4faf9f1e67678d45b7cd8c350d04e95baeead6b79c4cff607556fb7129,False,0,4488,4488,cf8bee4faf9f1e67678d45b7cd8c350d04e95baeead6b79c4cff607556fb7129,cf8bee4faf9f1e67678d45b7cd8c350d04e95baeead6b79c4cff607556fb7129,True,2
test,351,443,1264,cf8bee4faf9f1e67678d45b7cd8c350d04e95baeead6b79c4cff607556fb7129,False,0,4488,4488,cf8bee4faf9f1e67678d45b7cd8c350d04e95baeead6b79c4cff607556fb7129,cf8bee4faf9f1e67678d45b7cd8c350d04e95baeead6b79c4cff607556fb7129,True,2
test,352,807,1956,cf8bee4faf9f1e67678d45b7cd8c350d04e95baeead6b79c4cff607556fb7129,False,0,4488,4488,cf8bee4faf9f1e67678d45b7cd8c350d04e95baeead6b79c4cff607556fb7129,cf8bee4faf9f1e67678d45b7cd8c350d04e95baeead6b79c4cff607556fb7129,True,2
test,353,1204,1839,cf8bee4faf9f1e67678d45b7cd8c350d04e95baeead6b79c4cff607556fb7129,False,0,4488,4488,cf8bee4faf9f1e67678d45b7cd8c350d04e95baeead6b79c4cff607556fb7129,cf8bee4faf9f1e67678d45b7cd8c350d04e95baeead6b79c4cff607556fb7129,True,2
test,354,750,1441,cf8bee4faf9f1e67678d45b7cd8c350d04e95baeead6b79c4cff607556fb7129,False,0,4488,4488,cf8bee4faf9f1e67678d45b7cd8c350d04e95baeead6b79c4cff607556fb7129,cf8bee4faf9f1e67678d45b7cd8c350d04e95baeead6b79c4cff607556fb7129,True,2
test,355,2112,2436,cf8bee4faf9f1e67678d45b7cd8c350d04e95baeead6b79c4cff607556fb7129,False,0,4488,4488,cf8bee4faf9f1e67678d45b7cd8c350d04e95baeead6b79c4cff607556fb7129,cf8bee4faf9f1e67678d45b7cd8c350d04e95baeead6b79c4cff607556fb7129,True,2
test,356,624,1232,cf8bee4faf9f1e67678d45b7cd8c350d04e95baeead6b79c4cff607556fb7129,False,0,4488,4488,cf8bee4faf9f1e67678d45b7cd8c350d04e95baeead6b79c4cff607556fb7129,cf8bee4faf9f1e67678d45b7cd8c350d04e95baeead6b79c4cff607556fb7129,True,2
test,357,205,1701,cf8bee4faf9f1e67678d45b7cd8c350d04e95baeead6b79c4cff607556fb7129,False,0,4488,4488,cf8bee4faf9f1e67678d45b7cd8c350d04e95baeead6b79c4cff607556fb7129,cf8bee4faf9f1e67678d45b7cd8c350d04e95baeead6b79c4cff607556fb7129,True,2
test,358,921,1914,cf8bee4faf9f1e67678d45b7cd8c350d04e95baeead6b79c4cff607556fb7129,False,0,4488,4488,cf8bee4faf9f1e67678d45b7cd8c350d04e95baeead6b79c4cff607556fb7129,cf8bee4faf9f1e67678d45b7cd8c350d04e95baeead6b79c4cff607556fb7129,True,2
test,359,519,598,cf8bee4faf9f1e67678d45b7cd8c350d04e95baeead6b79c4cff607556fb7129,False,0,4488,4488,cf8bee4faf9f1e67678d45b7cd8c350d04e95baeead6b79c4cff607556fb7129,cf8bee4faf9f1e67678d45b7cd8c350d04e95baeead6b79c4cff607556fb7129,True,2
test,360,1515,2234,cf8bee4faf9f1e67678d45b7cd8c350d04e95baeead6b79c4cff607556fb7129,False,0,4488,4488,cf8bee4faf9f1e67678d45b7cd8c350d04e95baeead6b79c4cff607556fb7129,cf8bee4faf9f1e67678d45b7cd8c350d04e95baeead6b79c4cff607556fb7129,True,2
test,361,469,2412,cf8bee4faf9f1e67678d45b7cd8c350d04e95baeead6b79c4cff607556fb7129,False,0,4488,4488,cf8bee4faf9f1e67678d45b7cd8c350d04e95baeead6b79c4cff607556fb7129,cf8bee4faf9f1e67678d45b7cd8c350d04e95baeead6b79c4cff607556fb7129,True,2
test,362,64,1209,cf8bee4faf9f1e67678d45b7cd8c350d04e95baeead6b79c4cff607556fb7129,False,0,4488,4488,cf8bee4faf9f1e67678d45b7cd8c350d04e95baeead6b79c4cff607556fb7129,cf8bee4faf9f1e67678d45b7cd8c350d04e95baeead6b79c4cff607556fb7129,True,2
test,363,306,1779,cf8bee4faf9f1e67678d45b7cd8c350d04e95baeead6b79c4cff607556fb7129,False,0,4488,4488,cf8bee4faf9f1e67678d45b7cd8c350d04e95baeead6b79c4cff607556fb7129,cf8bee4faf9f1e67678d45b7cd8c350d04e95baeead6b79c4cff607556fb7129,True,2
test,364,1433,2359,cf8bee4faf9f1e67678d45b7cd8c350d04e95baeead6b79c4cff607556fb7129,False,0,4488,4488,cf8bee4faf9f1e67678d45b7cd8c350d04e95baeead6b79c4cff607556fb7129,cf8bee4faf9f1e67678d45b7cd8c350d04e95baeead6b79c4cff607556fb7129,True,2
test,365,1070,1358,cf8bee4faf9f1e67678d45b7cd8c350d04e95baeead6b79c4cff607556fb7129,False,0,4488,4488,cf8bee4faf9f1e67678d45b7cd8c350d04e95baeead6b79c4cff607556fb7129,cf8bee4faf9f1e67678d45b7cd8c350d04e95baeead6b79c4cff607556fb7129,True,2
test,366,1810,1812,cf8bee4faf9f1e67678d45b7cd8c350d04e95baeead6b79c4cff607556fb7129,False,0,4488,4488,cf8bee4faf9f1e67678d45b7cd8c350d04e95baeead6b79c4cff607556fb7129,cf8bee4faf9f1e67678d45b7cd8c350d04e95baeead6b79c4cff607556fb7129,True,2
test,367,695,1336,cf8bee4faf9f1e67678d45b7cd8c350d04e95baeead6b79c4cff607556fb7129,False,0,4488,4488,cf8bee4faf9f1e67678d45b7cd8c350d04e95baeead6b79c4cff607556fb7129,cf8bee4faf9f1e67678d45b7cd8c350d04e95baeead6b79c4cff607556fb7129,True,2
test,368,667,2364,cf8bee4faf9f1e67678d45b7cd8c350d04e95baeead6b79c4cff607556fb7129,False,0,4488,4488,cf8bee4faf9f1e67678d45b7cd8c350d04e95baeead6b79c4cff607556fb7129,cf8bee4faf9f1e67678d45b7cd8c350d04e95baeead6b79c4cff607556fb7129,True,2
test,369,945,2388,cf8bee4faf9f1e67678d45b7cd8c350d04e95baeead6b79c4cff607556fb7129,False,0,4488,4488,cf8bee4faf9f1e67678d45b7cd8c350d04e95baeead6b79c4cff607556fb7129,cf8bee4faf9f1e67678d45b7cd8c350d04e95baeead6b79c4cff607556fb7129,True,2
test,370,843,2542,cf8bee4faf9f1e67678d45b7cd8c350d04e95baeead6b79c4cff607556fb7129,False,0,4488,4488,cf8bee4faf9f1e67678d45b7cd8c350d04e95baeead6b79c4cff607556fb7129,cf8bee4faf9f1e67678d45b7cd8c350d04e95baeead6b79c4cff607556fb7129,True,2
test,371,1358,1713,cf8bee4faf9f1e67678d45b7cd8c350d04e95baeead6b79c4cff607556fb7129,False,0,4488,4488,cf8bee4faf9f1e67678d45b7cd8c350d04e95baeead6b79c4cff607556fb7129,cf8bee4faf9f1e67678d45b7cd8c350d04e95baeead6b79c4cff607556fb7129,True,2
test,372,1059,1600,cf8bee4faf9f1e67678d45b7cd8c350d04e95baeead6b79c4cff607556fb7129,False,0,4488,4488,cf8bee4faf9f1e67678d45b7cd8c350d04e95baeead6b79c4cff607556fb7129,cf8bee4faf9f1e67678d45b7cd8c350d04e95baeead6b79c4cff607556fb7129,True,2
test,373,403,806,cf8bee4faf9f1e67678d45b7cd8c350d04e95baeead6b79c4cff607556fb7129,False,0,4488,4488,cf8bee4faf9f1e67678d45b7cd8c350d04e95baeead6b79c4cff607556fb7129,cf8bee4faf9f1e67678d45b7cd8c350d04e95baeead6b79c4cff607556fb7129,True,2
test,374,228,322,cf8bee4faf9f1e67678d45b7cd8c350d04e95baeead6b79c4cff607556fb7129,False,0,4488,4488,cf8bee4faf9f1e67678d45b7cd8c350d04e95baeead6b79c4cff607556fb7129,cf8bee4faf9f1e67678d45b7cd8c350d04e95baeead6b79c4cff607556fb7129,True,2
test,375,1148,2220,cf8bee4faf9f1e67678d45b7cd8c350d04e95baeead6b79c4cff607556fb7129,False,0,4488,4488,cf8bee4faf9f1e67678d45b7cd8c350d04e95baeead6b79c4cff607556fb7129,cf8bee4faf9f1e67678d45b7cd8c350d04e95baeead6b79c4cff607556fb7129,True,2
test,376,1317,1720,cf8bee4faf9f1e67678d45b7cd8c350d04e95baeead6b79c4cff607556fb7129,False,0,4488,4488,cf8bee4faf9f1e67678d45b7cd8c350d04e95baeead6b79c4cff607556fb7129,cf8bee4faf9f1e67678d45b7cd8c350d04e95baeead6b79c4cff607556fb7129,True,2
test,377,1553,1827,cf8bee4faf9f1e67678d45b7cd8c350d04e95baeead6b79c4cff607556fb7129,False,0,4488,4488,cf8bee4faf9f1e67678d45b7cd8c350d04e95baeead6b79c4cff607556fb7129,cf8bee4faf9f1e67678d45b7cd8c350d04e95baeead6b79c4cff607556fb7129,True,2
test,378,2147,2486,cf8bee4faf9f1e67678d45b7cd8c350d04e95baeead6b79c4cff607556fb7129,False,0,4488,4488,cf8bee4faf9f1e67678d45b7cd8c350d04e95baeead6b79c4cff607556fb7129,cf8bee4faf9f1e67678d45b7cd8c350d04e95baeead6b79c4cff607556fb7129,True,2
test,379,604,1914,cf8bee4faf9f1e67678d45b7cd8c350d04e95baeead6b79c4cff607556fb7129,False,0,4488,4488,cf8bee4faf9f1e67678d45b7cd8c350d04e95baeead6b79c4cff607556fb7129,cf8bee4faf9f1e67678d45b7cd8c350d04e95baeead6b79c4cff607556fb7129,True,2
test,380,2164,2282,cf8bee4faf9f1e67678d45b7cd8c350d04e95baeead6b79c4cff607556fb7129,False,0,4488,4488,cf8bee4faf9f1e67678d45b7cd8c350d04e95baeead6b79c4cff607556fb7129,cf8bee4faf9f1e67678d45b7cd8c350d04e95baeead6b79c4cff607556fb7129,True,2
test,381,175,2217,cf8bee4faf9f1e67678d45b7cd8c350d04e95baeead6b79c4cff607556fb7129,False,0,4488,4488,cf8bee4faf9f1e67678d45b7cd8c350d04e95baeead6b79c4cff607556fb7129,cf8bee4faf9f1e67678d45b7cd8c350d04e95baeead6b79c4cff607556fb7129,True,2
test,382,1957,2630,cf8bee4faf9f1e67678d45b7cd8c350d04e95baeead6b79c4cff607556fb7129,False,0,4488,4488,cf8bee4faf9f1e67678d45b7cd8c350d04e95baeead6b79c4cff607556fb7129,cf8bee4faf9f1e67678d45b7cd8c350d04e95baeead6b79c4cff607556fb7129,True,2
test,383,1054,1432,cf8bee4faf9f1e67678d45b7cd8c350d04e95baeead6b79c4cff607556fb7129,False,0,4488,4488,cf8bee4faf9f1e67678d45b7cd8c350d04e95baeead6b79c4cff607556fb7129,cf8bee4faf9f1e67678d45b7cd8c350d04e95baeead6b79c4cff607556fb7129,True,2
test,384,289,1722,cf8bee4faf9f1e67678d45b7cd8c350d04e95baeead6b79c4cff607556fb7129,False,0,4488,4488,cf8bee4faf9f1e67678d45b7cd8c350d04e95baeead6b79c4cff607556fb7129,cf8bee4faf9f1e67678d45b7cd8c350d04e95baeead6b79c4cff607556fb7129,True,2
test,385,1098,2067,cf8bee4faf9f1e67678d45b7cd8c350d04e95baeead6b79c4cff607556fb7129,False,0,4488,4488,cf8bee4faf9f1e67678d45b7cd8c350d04e95baeead6b79c4cff607556fb7129,cf8bee4faf9f1e67678d45b7cd8c350d04e95baeead6b79c4cff607556fb7129,True,2
test,386,981,1221,cf8bee4faf9f1e67678d45b7cd8c350d04e95baeead6b79c4cff607556fb7129,False,0,4488,4488,cf8bee4faf9f1e67678d45b7cd8c350d04e95baeead6b79c4cff607556fb7129,cf8bee4faf9f1e67678d45b7cd8c350d04e95baeead6b79c4cff607556fb7129,True,2
test,387,293,2038,cf8bee4faf9f1e67678d45b7cd8c350d04e95baeead6b79c4cff607556fb7129,False,0,4488,4488,cf8bee4faf9f1e67678d45b7cd8c350d04e95baeead6b79c4cff607556fb7129,cf8bee4faf9f1e67678d45b7cd8c350d04e95baeead6b79c4cff607556fb7129,True,2
test,388,1270,2034,cf8bee4faf9f1e67678d45b7cd8c350d04e95baeead6b79c4cff607556fb7129,False,0,4488,4488,cf8bee4faf9f1e67678d45b7cd8c350d04e95baeead6b79c4cff607556fb7129,cf8bee4faf9f1e67678d45b7cd8c350d04e95baeead6b79c4cff607556fb7129,True,2
test,389,618,938,cf8bee4faf9f1e67678d45b7cd8c350d04e95baeead6b79c4cff607556fb7129,False,0,4488,4488,cf8bee4faf9f1e67678d45b7cd8c350d04e95baeead6b79c4cff607556fb7129,cf8bee4faf9f1e67678d45b7cd8c350d04e95baeead6b79c4cff607556fb7129,True,2
test,390,1197,1791,cf8bee4faf9f1e67678d45b7cd8c350d04e95baeead6b79c4cff607556fb7129,False,0,4488,4488,cf8bee4faf9f1e67678d45b7cd8c350d04e95baeead6b79c4cff607556fb7129,cf8bee4faf9f1e67678d45b7cd8c350d04e95baeead6b79c4cff607556fb7129,True,2
test,391,1098,1477,cf8bee4faf9f1e67678d45b7cd8c350d04e95baeead6b79c4cff607556fb7129,False,0,4488,4488,cf8bee4faf9f1e67678d45b7cd8c350d04e95baeead6b79c4cff607556fb7129,cf8bee4faf9f1e67678d45b7cd8c350d04e95baeead6b79c4cff607556fb7129,True,2
test,392,266,809,cf8bee4faf9f1e67678d45b7cd8c350d04e95baeead6b79c4cff607556fb7129,False,0,4488,4488,cf8bee4faf9f1e67678d45b7cd8c350d04e95baeead6b79c4cff607556fb7129,cf8bee4faf9f1e67678d45b7cd8c350d04e95baeead6b79c4cff607556fb7129,True,2
test,393,131,2169,cf8bee4faf9f1e67678d45b7cd8c350d04e95baeead6b79c4cff607556fb7129,False,0,4488,4488,cf8bee4faf9f1e67678d45b7cd8c350d04e95baeead6b79c4cff607556fb7129,cf8bee4faf9f1e67678d45b7cd8c350d04e95baeead6b79c4cff607556fb7129,True,2
test,394,1147,2371,cf8bee4faf9f1e67678d45b7cd8c350d04e95baeead6b79c4cff607556fb7129,False,0,4488,4488,cf8bee4faf9f1e67678d45b7cd8c350d04e95baeead6b79c4cff607556fb7129,cf8bee4faf9f1e67678d45b7cd8c350d04e95baeead6b79c4cff607556fb7129,True,2
test,395,142,2181,cf8bee4faf9f1e67678d45b7cd8c350d04e95baeead6b79c4cff607556fb7129,False,0,4488,4488,cf8bee4faf9f1e67678d45b7cd8c350d04e95baeead6b79c4cff607556fb7129,cf8bee4faf9f1e67678d45b7cd8c350d04e95baeead6b79c4cff607556fb7129,True,2
test,396,1236,2479,cf8bee4faf9f1e67678d45b7cd8c350d04e95baeead6b79c4cff607556fb7129,False,0,4488,4488,cf8bee4faf9f1e67678d45b7cd8c350d04e95baeead6b79c4cff607556fb7129,cf8bee4faf9f1e67678d45b7cd8c350d04e95baeead6b79c4cff607556fb7129,True,2
test,397,18,2082,cf8bee4faf9f1e67678d45b7cd8c350d04e95baeead6b79c4cff607556fb7129,False,0,4488,4488,cf8bee4faf9f1e67678d45b7cd8c350d04e95baeead6b79c4cff607556fb7129,cf8bee4faf9f1e67678d45b7cd8c350d04e95baeead6b79c4cff607556fb7129,True,2
test,398,531,606,cf8bee4faf9f1e67678d45b7cd8c350d04e95baeead6b79c4cff607556fb7129,False,0,4488,4488,cf8bee4faf9f1e67678d45b7cd8c350d04e95baeead6b79c4cff607556fb7129,cf8bee4faf9f1e67678d45b7cd8c350d04e95baeead6b79c4cff607556fb7129,True,2
test,399,1682,2319,cf8bee4faf9f1e67678d45b7cd8c350d04e95baeead6b79c4cff607556fb7129,False,0,4488,4488,cf8bee4faf9f1e67678d45b7cd8c350d04e95baeead6b79c4cff607556fb7129,cf8bee4faf9f1e67678d45b7cd8c350d04e95baeead6b79c4cff607556fb7129,True,2
test,400,405,1275,cf8bee4faf9f1e67678d45b7cd8c350d04e95baeead6b79c4cff607556fb7129,False,0,4488,4488,cf8bee4faf9f1e67678d45b7cd8c350d04e95baeead6b79c4cff607556fb7129,cf8bee4faf9f1e67678d45b7cd8c350d04e95baeead6b79c4cff607556fb7129,True,2
test,401,429,2043,cf8bee4faf9f1e67678d45b7cd8c350d04e95baeead6b79c4cff607556fb7129,False,0,4488,4488,cf8bee4faf9f1e67678d45b7cd8c350d04e95baeead6b79c4cff607556fb7129,cf8bee4faf9f1e67678d45b7cd8c350d04e95baeead6b79c4cff607556fb7129,True,2
test,402,836,2403,cf8bee4faf9f1e67678d45b7cd8c350d04e95baeead6b79c4cff607556fb7129,False,0,4488,4488,cf8bee4faf9f1e67678d45b7cd8c350d04e95baeead6b79c4cff607556fb7129,cf8bee4faf9f1e67678d45b7cd8c350d04e95baeead6b79c4cff607556fb7129,True,2
test,403,2181,2202,cf8bee4faf9f1e67678d45b7cd8c350d04e95baeead6b79c4cff607556fb7129,False,0,4488,4488,cf8bee4faf9f1e67678d45b7cd8c350d04e95baeead6b79c4cff607556fb7129,cf8bee4faf9f1e67678d45b7cd8c350d04e95baeead6b79c4cff607556fb7129,True,2
test,404,296,2685,cf8bee4faf9f1e67678d45b7cd8c350d04e95baeead6b79c4cff607556fb7129,False,0,4488,4488,cf8bee4faf9f1e67678d45b7cd8c350d04e95baeead6b79c4cff607556fb7129,cf8bee4faf9f1e67678d45b7cd8c350d04e95baeead6b79c4cff607556fb7129,True,2
test,405,1701,1865,cf8bee4faf9f1e67678d45b7cd8c350d04e95baeead6b79c4cff607556fb7129,False,0,4488,4488,cf8bee4faf9f1e67678d45b7cd8c350d04e95baeead6b79c4cff607556fb7129,cf8bee4faf9f1e67678d45b7cd8c350d04e95baeead6b79c4cff607556fb7129,True,2
test,406,468,1311,cf8bee4faf9f1e67678d45b7cd8c350d04e95baeead6b79c4cff607556fb7129,False,0,4488,4488,cf8bee4faf9f1e67678d45b7cd8c350d04e95baeead6b79c4cff607556fb7129,cf8bee4faf9f1e67678d45b7cd8c350d04e95baeead6b79c4cff607556fb7129,True,2
test,407,577,2352,cf8bee4faf9f1e67678d45b7cd8c350d04e95baeead6b79c4cff607556fb7129,False,0,4488,4488,cf8bee4faf9f1e67678d45b7cd8c350d04e95baeead6b79c4cff607556fb7129,cf8bee4faf9f1e67678d45b7cd8c350d04e95baeead6b79c4cff607556fb7129,True,2
test,408,830,1914,cf8bee4faf9f1e67678d45b7cd8c350d04e95baeead6b79c4cff607556fb7129,False,0,4488,4488,cf8bee4faf9f1e67678d45b7cd8c350d04e95baeead6b79c4cff607556fb7129,cf8bee4faf9f1e67678d45b7cd8c350d04e95baeead6b79c4cff607556fb7129,True,2
test,409,1072,1801,cf8bee4faf9f1e67678d45b7cd8c350d04e95baeead6b79c4cff607556fb7129,False,0,4488,4488,cf8bee4faf9f1e67678d45b7cd8c350d04e95baeead6b79c4cff607556fb7129,cf8bee4faf9f1e67678d45b7cd8c350d04e95baeead6b79c4cff607556fb7129,True,2
test,410,57,2418,cf8bee4faf9f1e67678d45b7cd8c350d04e95baeead6b79c4cff607556fb7129,False,0,4488,4488,cf8bee4faf9f1e67678d45b7cd8c350d04e95baeead6b79c4cff607556fb7129,cf8bee4faf9f1e67678d45b7cd8c350d04e95baeead6b79c4cff607556fb7129,True,2
test,411,374,2147,cf8bee4faf9f1e67678d45b7cd8c350d04e95baeead6b79c4cff607556fb7129,False,0,4488,4488,cf8bee4faf9f1e67678d45b7cd8c350d04e95baeead6b79c4cff607556fb7129,cf8bee4faf9f1e67678d45b7cd8c350d04e95baeead6b79c4cff607556fb7129,True,2
test,412,380,930,cf8bee4faf9f1e67678d45b7cd8c350d04e95baeead6b79c4cff607556fb7129,False,0,4488,4488,cf8bee4faf9f1e67678d45b7cd8c350d04e95baeead6b79c4cff607556fb7129,cf8bee4faf9f1e67678d45b7cd8c350d04e95baeead6b79c4cff607556fb7129,True,2
test,413,1441,2272,cf8bee4faf9f1e67678d45b7cd8c350d04e95baeead6b79c4cff607556fb7129,False,0,4488,4488,cf8bee4faf9f1e67678d45b7cd8c350d04e95baeead6b79c4cff607556fb7129,cf8bee4faf9f1e67678d45b7cd8c350d04e95baeead6b79c4cff607556fb7129,True,2
test,414,2034,2042,cf8bee4faf9f1e67678d45b7cd8c350d04e95baeead6b79c4cff607556fb7129,False,0,4488,4488,cf8bee4faf9f1e67678d45b7cd8c350d04e95baeead6b79c4cff607556fb7129,cf8bee4faf9f1e67678d45b7cd8c350d04e95baeead6b79c4cff607556fb7129,True,2
test,415,445,909,cf8bee4faf9f1e67678d45b7cd8c350d04e95baeead6b79c4cff607556fb7129,False,0,4488,4488,cf8bee4faf9f1e67678d45b7cd8c350d04e95baeead6b79c4cff607556fb7129,cf8bee4faf9f1e67678d45b7cd8c350d04e95baeead6b79c4cff607556fb7129,True,2
test,416,302,1158,cf8bee4faf9f1e67678d45b7cd8c350d04e95baeead6b79c4cff607556fb7129,False,0,4488,4488,cf8bee4faf9f1e67678d45b7cd8c350d04e95baeead6b79c4cff607556fb7129,cf8bee4faf9f1e67678d45b7cd8c350d04e95baeead6b79c4cff607556fb7129,True,2
test,417,91,2380,cf8bee4faf9f1e67678d45b7cd8c350d04e95baeead6b79c4cff607556fb7129,False,0,4488,4488,cf8bee4faf9f1e67678d45b7cd8c350d04e95baeead6b79c4cff607556fb7129,cf8bee4faf9f1e67678d45b7cd8c350d04e95baeead6b79c4cff607556fb7129,True,2
test,418,651,2156,cf8bee4faf9f1e67678d45b7cd8c350d04e95baeead6b79c4cff607556fb7129,False,0,4488,4488,cf8bee4faf9f1e67678d45b7cd8c350d04e95baeead6b79c4cff607556fb7129,cf8bee4faf9f1e67678d45b7cd8c350d04e95baeead6b79c4cff607556fb7129,True,2
test,419,95,734,cf8bee4faf9f1e67678d45b7cd8c350d04e95baeead6b79c4cff607556fb7129,False,0,4488,4488,cf8bee4faf9f1e67678d45b7cd8c350d04e95baeead6b79c4cff607556fb7129,cf8bee4faf9f1e67678d45b7cd8c350d04e95baeead6b79c4cff607556fb7129,True,2
test,420,55,2020,cf8bee4faf9f1e67678d45b7cd8c350d04e95baeead6b79c4cff607556fb7129,False,0,4488,4488,cf8bee4faf9f1e67678d45b7cd8c350d04e95baeead6b79c4cff607556fb7129,cf8bee4faf9f1e67678d45b7cd8c350d04e95baeead6b79c4cff607556fb7129,True,2
test,421,1097,1115,cf8bee4faf9f1e67678d45b7cd8c350d04e95baeead6b79c4cff607556fb7129,False,0,4488,4488,cf8bee4faf9f1e67678d45b7cd8c350d04e95baeead6b79c4cff607556fb7129,cf8bee4faf9f1e67678d45b7cd8c350d04e95baeead6b79c4cff607556fb7129,True,2
test,422,513,565,cf8bee4faf9f1e67678d45b7cd8c350d04e95baeead6b79c4cff607556fb7129,False,0,4488,4488,cf8bee4faf9f1e67678d45b7cd8c350d04e95baeead6b79c4cff607556fb7129,cf8bee4faf9f1e67678d45b7cd8c350d04e95baeead6b79c4cff607556fb7129,True,2
test,423,1848,2419,cf8bee4faf9f1e67678d45b7cd8c350d04e95baeead6b79c4cff607556fb7129,False,0,4488,4488,cf8bee4faf9f1e67678d45b7cd8c350d04e95baeead6b79c4cff607556fb7129,cf8bee4faf9f1e67678d45b7cd8c350d04e95baeead6b79c4cff607556fb7129,True,2
test,424,596,644,cf8bee4faf9f1e67678d45b7cd8c350d04e95baeead6b79c4cff607556fb7129,False,0,4488,4488,cf8bee4faf9f1e67678d45b7cd8c350d04e95baeead6b79c4cff607556fb7129,cf8bee4faf9f1e67678d45b7cd8c350d04e95baeead6b79c4cff607556fb7129,True,2
test,425,506,1013,cf8bee4faf9f1e67678d45b7cd8c350d04e95baeead6b79c4cff607556fb7129,False,0,4488,4488,cf8bee4faf9f1e67678d45b7cd8c350d04e95baeead6b79c4cff607556fb7129,cf8bee4faf9f1e67678d45b7cd8c350d04e95baeead6b79c4cff607556fb7129,True,2
test,426,1110,1224,cf8bee4faf9f1e67678d45b7cd8c350d04e95baeead6b79c4cff607556fb7129,False,0,4488,4488,cf8bee4faf9f1e67678d45b7cd8c350d04e95baeead6b79c4cff607556fb7129,cf8bee4faf9f1e67678d45b7cd8c350d04e95baeead6b79c4cff607556fb7129,True,2
test,427,458,1953,cf8bee4faf9f1e67678d45b7cd8c350d04e95baeead6b79c4cff607556fb7129,False,0,4488,4488,cf8bee4faf9f1e67678d45b7cd8c350d04e95baeead6b79c4cff607556fb7129,cf8bee4faf9f1e67678d45b7cd8c350d04e95baeead6b79c4cff607556fb7129,True,2
test,428,1229,1254,cf8bee4faf9f1e67678d45b7cd8c350d04e95baeead6b79c4cff607556fb7129,False,0,4488,4488,cf8bee4faf9f1e67678d45b7cd8c350d04e95baeead6b79c4cff607556fb7129,cf8bee4faf9f1e67678d45b7cd8c350d04e95baeead6b79c4cff607556fb7129,True,2
test,429,1158,2251,cf8bee4faf9f1e67678d45b7cd8c350d04e95baeead6b79c4cff607556fb7129,False,0,4488,4488,cf8bee4faf9f1e67678d45b7cd8c350d04e95baeead6b79c4cff607556fb7129,cf8bee4faf9f1e67678d45b7cd8c350d04e95baeead6b79c4cff607556fb7129,True,2
test,430,2222,2225,cf8bee4faf9f1e67678d45b7cd8c350d04e95baeead6b79c4cff607556fb7129,False,0,4488,4488,cf8bee4faf9f1e67678d45b7cd8c350d04e95baeead6b79c4cff607556fb7129,cf8bee4faf9f1e67678d45b7cd8c350d04e95baeead6b79c4cff607556fb7129,True,2
test,431,303,1670,cf8bee4faf9f1e67678d45b7cd8c350d04e95baeead6b79c4cff607556fb7129,False,0,4488,4488,cf8bee4faf9f1e67678d45b7cd8c350d04e95baeead6b79c4cff607556fb7129,cf8bee4faf9f1e67678d45b7cd8c350d04e95baeead6b79c4cff607556fb7129,True,2
test,432,380,477,cf8bee4faf9f1e67678d45b7cd8c350d04e95baeead6b79c4cff607556fb7129,False,0,4488,4488,cf8bee4faf9f1e67678d45b7cd8c350d04e95baeead6b79c4cff607556fb7129,cf8bee4faf9f1e67678d45b7cd8c350d04e95baeead6b79c4cff607556fb7129,True,2
test,433,1757,2451,cf8bee4faf9f1e67678d45b7cd8c350d04e95baeead6b79c4cff607556fb7129,False,0,4488,4488,cf8bee4faf9f1e67678d45b7cd8c350d04e95baeead6b79c4cff607556fb7129,cf8bee4faf9f1e67678d45b7cd8c350d04e95baeead6b79c4cff607556fb7129,True,2
test,434,1255,2248,cf8bee4faf9f1e67678d45b7cd8c350d04e95baeead6b79c4cff607556fb7129,False,0,4488,4488,cf8bee4faf9f1e67678d45b7cd8c350d04e95baeead6b79c4cff607556fb7129,cf8bee4faf9f1e67678d45b7cd8c350d04e95baeead6b79c4cff607556fb7129,True,2
test,435,368,2393,cf8bee4faf9f1e67678d45b7cd8c350d04e95baeead6b79c4cff607556fb7129,False,0,4488,4488,cf8bee4faf9f1e67678d45b7cd8c350d04e95baeead6b79c4cff607556fb7129,cf8bee4faf9f1e67678d45b7cd8c350d04e95baeead6b79c4cff607556fb7129,True,2
test,436,388,1899,cf8bee4faf9f1e67678d45b7cd8c350d04e95baeead6b79c4cff607556fb7129,False,0,4488,4488,cf8bee4faf9f1e67678d45b7cd8c350d04e95baeead6b79c4cff607556fb7129,cf8bee4faf9f1e67678d45b7cd8c350d04e95baeead6b79c4cff607556fb7129,True,2
test,437,89,1157,cf8bee4faf9f1e67678d45b7cd8c350d04e95baeead6b79c4cff607556fb7129,False,0,4488,4488,cf8bee4faf9f1e67678d45b7cd8c350d04e95baeead6b79c4cff607556fb7129,cf8bee4faf9f1e67678d45b7cd8c350d04e95baeead6b79c4cff607556fb7129,True,2
test,438,1580,2200,cf8bee4faf9f1e67678d45b7cd8c350d04e95baeead6b79c4cff607556fb7129,False,0,4488,4488,cf8bee4faf9f1e67678d45b7cd8c350d04e95baeead6b79c4cff607556fb7129,cf8bee4faf9f1e67678d45b7cd8c350d04e95baeead6b79c4cff607556fb7129,True,2
test,439,492,688,cf8bee4faf9f1e67678d45b7cd8c350d04e95baeead6b79c4cff607556fb7129,False,0,4488,4488,cf8bee4faf9f1e67678d45b7cd8c350d04e95baeead6b79c4cff607556fb7129,cf8bee4faf9f1e67678d45b7cd8c350d04e95baeead6b79c4cff607556fb7129,True,2
test,440,335,1986,cf8bee4faf9f1e67678d45b7cd8c350d04e95baeead6b79c4cff607556fb7129,False,0,4488,4488,cf8bee4faf9f1e67678d45b7cd8c350d04e95baeead6b79c4cff607556fb7129,cf8bee4faf9f1e67678d45b7cd8c350d04e95baeead6b79c4cff607556fb7129,True,2
test,441,346,1358,cf8bee4faf9f1e67678d45b7cd8c350d04e95baeead6b79c4cff607556fb7129,False,0,4488,4488,cf8bee4faf9f1e67678d45b7cd8c350d04e95baeead6b79c4cff607556fb7129,cf8bee4faf9f1e67678d45b7cd8c350d04e95baeead6b79c4cff607556fb7129,True,2
test,442,2034,2035,cf8bee4faf9f1e67678d45b7cd8c350d04e95baeead6b79c4cff607556fb7129,False,0,4488,4488,cf8bee4faf9f1e67678d45b7cd8c350d04e95baeead6b79c4cff607556fb7129,cf8bee4faf9f1e67678d45b7cd8c350d04e95baeead6b79c4cff607556fb7129,True,2
test,443,1554,2687,cf8bee4faf9f1e67678d45b7cd8c350d04e95baeead6b79c4cff607556fb7129,False,0,4488,4488,cf8bee4faf9f1e67678d45b7cd8c350d04e95baeead6b79c4cff607556fb7129,cf8bee4faf9f1e67678d45b7cd8c350d04e95baeead6b79c4cff607556fb7129,True,2
test,444,1358,1709,cf8bee4faf9f1e67678d45b7cd8c350d04e95baeead6b79c4cff607556fb7129,False,0,4488,4488,cf8bee4faf9f1e67678d45b7cd8c350d04e95baeead6b79c4cff607556fb7129,cf8bee4faf9f1e67678d45b7cd8c350d04e95baeead6b79c4cff607556fb7129,True,2
test,445,1889,1891,cf8bee4faf9f1e67678d45b7cd8c350d04e95baeead6b79c4cff607556fb7129,False,0,4488,4488,cf8bee4faf9f1e67678d45b7cd8c350d04e95baeead6b79c4cff607556fb7129,cf8bee4faf9f1e67678d45b7cd8c350d04e95baeead6b79c4cff607556fb7129,True,2
test,446,1207,2290,cf8bee4faf9f1e67678d45b7cd8c350d04e95baeead6b79c4cff607556fb7129,False,0,4488,4488,cf8bee4faf9f1e67678d45b7cd8c350d04e95baeead6b79c4cff607556fb7129,cf8bee4faf9f1e67678d45b7cd8c350d04e95baeead6b79c4cff607556fb7129,True,2
test,447,1705,2322,cf8bee4faf9f1e67678d45b7cd8c350d04e95baeead6b79c4cff607556fb7129,False,0,4488,4488,cf8bee4faf9f1e67678d45b7cd8c350d04e95baeead6b79c4cff607556fb7129,cf8bee4faf9f1e67678d45b7cd8c350d04e95baeead6b79c4cff607556fb7129,True,2
test,448,15,1271,cf8bee4faf9f1e67678d45b7cd8c350d04e95baeead6b79c4cff607556fb7129,False,0,4488,4488,cf8bee4faf9f1e67678d45b7cd8c350d04e95baeead6b79c4cff607556fb7129,cf8bee4faf9f1e67678d45b7cd8c350d04e95baeead6b79c4cff607556fb7129,True,2
test,449,22,1234,cf8bee4faf9f1e67678d45b7cd8c350d04e95baeead6b79c4cff607556fb7129,False,0,4488,4488,cf8bee4faf9f1e67678d45b7cd8c350d04e95baeead6b79c4cff607556fb7129,cf8bee4faf9f1e67678d45b7cd8c350d04e95baeead6b79c4cff607556fb7129,True,2
test,450,901,1279,cf8bee4faf9f1e67678d45b7cd8c350d04e95baeead6b79c4cff607556fb7129,False,0,4488,4488,cf8bee4faf9f1e67678d45b7cd8c350d04e95baeead6b79c4cff607556fb7129,cf8bee4faf9f1e67678d45b7cd8c350d04e95baeead6b79c4cff607556fb7129,True,2
test,451,1708,2313,cf8bee4faf9f1e67678d45b7cd8c350d04e95baeead6b79c4cff607556fb7129,False,0,4488,4488,cf8bee4faf9f1e67678d45b7cd8c350d04e95baeead6b79c4cff607556fb7129,cf8bee4faf9f1e67678d45b7cd8c350d04e95baeead6b79c4cff607556fb7129,True,2
test,452,477,930,cf8bee4faf9f1e67678d45b7cd8c350d04e95baeead6b79c4cff607556fb7129,False,0,4488,4488,cf8bee4faf9f1e67678d45b7cd8c350d04e95baeead6b79c4cff607556fb7129,cf8bee4faf9f1e67678d45b7cd8c350d04e95baeead6b79c4cff607556fb7129,True,2
test,453,334,693,cf8bee4faf9f1e67678d45b7cd8c350d04e95baeead6b79c4cff607556fb7129,False,0,4488,4488,cf8bee4faf9f1e67678d45b7cd8c350d04e95baeead6b79c4cff607556fb7129,cf8bee4faf9f1e67678d45b7cd8c350d04e95baeead6b79c4cff607556fb7129,True,2
test,454,1358,1740,cf8bee4faf9f1e67678d45b7cd8c350d04e95baeead6b79c4cff607556fb7129,False,0,4488,4488,cf8bee4faf9f1e67678d45b7cd8c350d04e95baeead6b79c4cff607556fb7129,cf8bee4faf9f1e67678d45b7cd8c350d04e95baeead6b79c4cff607556fb7129,True,2
test,455,174,1742,cf8bee4faf9f1e67678d45b7cd8c350d04e95baeead6b79c4cff607556fb7129,False,0,4488,4488,cf8bee4faf9f1e67678d45b7cd8c350d04e95baeead6b79c4cff607556fb7129,cf8bee4faf9f1e67678d45b7cd8c350d04e95baeead6b79c4cff607556fb7129,True,2
test,456,1739,1750,cf8bee4faf9f1e67678d45b7cd8c350d04e95baeead6b79c4cff607556fb7129,False,0,4488,4488,cf8bee4faf9f1e67678d45b7cd8c350d04e95baeead6b79c4cff607556fb7129,cf8bee4faf9f1e67678d45b7cd8c350d04e95baeead6b79c4cff607556fb7129,True,2
test,457,1,2,cf8bee4faf9f1e67678d45b7cd8c350d04e95baeead6b79c4cff607556fb7129,False,0,4488,4488,cf8bee4faf9f1e67678d45b7cd8c350d04e95baeead6b79c4cff607556fb7129,cf8bee4faf9f1e67678d45b7cd8c350d04e95baeead6b79c4cff607556fb7129,True,2
test,458,97,661,cf8bee4faf9f1e67678d45b7cd8c350d04e95baeead6b79c4cff607556fb7129,False,0,4488,4488,cf8bee4faf9f1e67678d45b7cd8c350d04e95baeead6b79c4cff607556fb7129,cf8bee4faf9f1e67678d45b7cd8c350d04e95baeead6b79c4cff607556fb7129,True,2
test,459,1358,1751,cf8bee4faf9f1e67678d45b7cd8c350d04e95baeead6b79c4cff607556fb7129,False,0,4488,4488,cf8bee4faf9f1e67678d45b7cd8c350d04e95baeead6b79c4cff607556fb7129,cf8bee4faf9f1e67678d45b7cd8c350d04e95baeead6b79c4cff607556fb7129,True,2
test,460,229,1053,cf8bee4faf9f1e67678d45b7cd8c350d04e95baeead6b79c4cff607556fb7129,False,0,4488,4488,cf8bee4faf9f1e67678d45b7cd8c350d04e95baeead6b79c4cff607556fb7129,cf8bee4faf9f1e67678d45b7cd8c350d04e95baeead6b79c4cff607556fb7129,True,2
test,461,2227,2228,cf8bee4faf9f1e67678d45b7cd8c350d04e95baeead6b79c4cff607556fb7129,False,0,4488,4488,cf8bee4faf9f1e67678d45b7cd8c350d04e95baeead6b79c4cff607556fb7129,cf8bee4faf9f1e67678d45b7cd8c350d04e95baeead6b79c4cff607556fb7129,True,2
test,462,1842,2281,cf8bee4faf9f1e67678d45b7cd8c350d04e95baeead6b79c4cff607556fb7129,False,0,4488,4488,cf8bee4faf9f1e67678d45b7cd8c350d04e95baeead6b79c4cff607556fb7129,cf8bee4faf9f1e67678d45b7cd8c350d04e95baeead6b79c4cff607556fb7129,True,2
test,463,838,2280,cf8bee4faf9f1e67678d45b7cd8c350d04e95baeead6b79c4cff607556fb7129,False,0,4488,4488,cf8bee4faf9f1e67678d45b7cd8c350d04e95baeead6b79c4cff607556fb7129,cf8bee4faf9f1e67678d45b7cd8c350d04e95baeead6b79c4cff607556fb7129,True,2
test,464,831,1733,cf8bee4faf9f1e67678d45b7cd8c350d04e95baeead6b79c4cff607556fb7129,False,0,4488,4488,cf8bee4faf9f1e67678d45b7cd8c350d04e95baeead6b79c4cff607556fb7129,cf8bee4faf9f1e67678d45b7cd8c350d04e95baeead6b79c4cff607556fb7129,True,2
test,465,702,822,cf8bee4faf9f1e67678d45b7cd8c350d04e95baeead6b79c4cff607556fb7129,False,0,4488,4488,cf8bee4faf9f1e67678d45b7cd8c350d04e95baeead6b79c4cff607556fb7129,cf8bee4faf9f1e67678d45b7cd8c350d04e95baeead6b79c4cff607556fb7129,True,2
test,466,44,2624,cf8bee4faf9f1e67678d45b7cd8c350d04e95baeead6b79c4cff607556fb7129,False,0,4488,4488,cf8bee4faf9f1e67678d45b7cd8c350d04e95baeead6b79c4cff607556fb7129,cf8bee4faf9f1e67678d45b7cd8c350d04e95baeead6b79c4cff607556fb7129,True,2
test,467,1229,1384,cf8bee4faf9f1e67678d45b7cd8c350d04e95baeead6b79c4cff607556fb7129,False,0,4488,4488,cf8bee4faf9f1e67678d45b7cd8c350d04e95baeead6b79c4cff607556fb7129,cf8bee4faf9f1e67678d45b7cd8c350d04e95baeead6b79c4cff607556fb7129,True,2
test,468,414,711,cf8bee4faf9f1e67678d45b7cd8c350d04e95baeead6b79c4cff607556fb7129,False,0,4488,4488,cf8bee4faf9f1e67678d45b7cd8c350d04e95baeead6b79c4cff607556fb7129,cf8bee4faf9f1e67678d45b7cd8c350d04e95baeead6b79c4cff607556fb7129,True,2
test,469,524,2476,cf8bee4faf9f1e67678d45b7cd8c350d04e95baeead6b79c4cff607556fb7129,False,0,4488,4488,cf8bee4faf9f1e67678d45b7cd8c350d04e95baeead6b79c4cff607556fb7129,cf8bee4faf9f1e67678d45b7cd8c350d04e95baeead6b79c4cff607556fb7129,True,2
test,470,1040,1358,cf8bee4faf9f1e67678d45b7cd8c350d04e95baeead6b79c4cff607556fb7129,False,0,4488,4488,cf8bee4faf9f1e67678d45b7cd8c350d04e95baeead6b79c4cff607556fb7129,cf8bee4faf9f1e67678d45b7cd8c350d04e95baeead6b79c4cff607556fb7129,True,2
test,471,1546,2169,cf8bee4faf9f1e67678d45b7cd8c350d04e95baeead6b79c4cff607556fb7129,False,0,4488,4488,cf8bee4faf9f1e67678d45b7cd8c350d04e95baeead6b79c4cff607556fb7129,cf8bee4faf9f1e67678d45b7cd8c350d04e95baeead6b79c4cff607556fb7129,True,2
test,472,229,2118,cf8bee4faf9f1e67678d45b7cd8c350d04e95baeead6b79c4cff607556fb7129,False,0,4488,4488,cf8bee4faf9f1e67678d45b7cd8c350d04e95baeead6b79c4cff607556fb7129,cf8bee4faf9f1e67678d45b7cd8c350d04e95baeead6b79c4cff607556fb7129,True,2
test,473,1202,2376,cf8bee4faf9f1e67678d45b7cd8c350d04e95baeead6b79c4cff607556fb7129,False,0,4488,4488,cf8bee4faf9f1e67678d45b7cd8c350d04e95baeead6b79c4cff607556fb7129,cf8bee4faf9f1e67678d45b7cd8c350d04e95baeead6b79c4cff607556fb7129,True,2
test,474,8,1996,cf8bee4faf9f1e67678d45b7cd8c350d04e95baeead6b79c4cff607556fb7129,False,0,4488,4488,cf8bee4faf9f1e67678d45b7cd8c350d04e95baeead6b79c4cff607556fb7129,cf8bee4faf9f1e67678d45b7cd8c350d04e95baeead6b79c4cff607556fb7129,True,2
test,475,90,1358,cf8bee4faf9f1e67678d45b7cd8c350d04e95baeead6b79c4cff607556fb7129,False,0,4488,4488,cf8bee4faf9f1e67678d45b7cd8c350d04e95baeead6b79c4cff607556fb7129,cf8bee4faf9f1e67678d45b7cd8c350d04e95baeead6b79c4cff607556fb7129,True,2
test,476,598,1821,cf8bee4faf9f1e67678d45b7cd8c350d04e95baeead6b79c4cff607556fb7129,False,0,4488,4488,cf8bee4faf9f1e67678d45b7cd8c350d04e95baeead6b79c4cff607556fb7129,cf8bee4faf9f1e67678d45b7cd8c350d04e95baeead6b79c4cff607556fb7129,True,2
test,477,1951,2204,cf8bee4faf9f1e67678d45b7cd8c350d04e95baeead6b79c4cff607556fb7129,False,0,4488,4488,cf8bee4faf9f1e67678d45b7cd8c350d04e95baeead6b79c4cff607556fb7129,cf8bee4faf9f1e67678d45b7cd8c350d04e95baeead6b79c4cff607556fb7129,True,2
test,478,1444,2323,cf8bee4faf9f1e67678d45b7cd8c350d04e95baeead6b79c4cff607556fb7129,False,0,4488,4488,cf8bee4faf9f1e67678d45b7cd8c350d04e95baeead6b79c4cff607556fb7129,cf8bee4faf9f1e67678d45b7cd8c350d04e95baeead6b79c4cff607556fb7129,True,2
test,479,577,906,cf8bee4faf9f1e67678d45b7cd8c350d04e95baeead6b79c4cff607556fb7129,False,0,4488,4488,cf8bee4faf9f1e67678d45b7cd8c350d04e95baeead6b79c4cff607556fb7129,cf8bee4faf9f1e67678d45b7cd8c350d04e95baeead6b79c4cff607556fb7129,True,2
test,480,203,857,cf8bee4faf9f1e67678d45b7cd8c350d04e95baeead6b79c4cff607556fb7129,False,0,4488,4488,cf8bee4faf9f1e67678d45b7cd8c350d04e95baeead6b79c4cff607556fb7129,cf8bee4faf9f1e67678d45b7cd8c350d04e95baeead6b79c4cff607556fb7129,True,2
test,481,1340,1413,cf8bee4faf9f1e67678d45b7cd8c350d04e95baeead6b79c4cff607556fb7129,False,0,4488,4488,cf8bee4faf9f1e67678d45b7cd8c350d04e95baeead6b79c4cff607556fb7129,cf8bee4faf9f1e67678d45b7cd8c350d04e95baeead6b79c4cff607556fb7129,True,2
test,482,1589,1745,cf8bee4faf9f1e67678d45b7cd8c350d04e95baeead6b79c4cff607556fb7129,False,0,4488,4488,cf8bee4faf9f1e67678d45b7cd8c350d04e95baeead6b79c4cff607556fb7129,cf8bee4faf9f1e67678d45b7cd8c350d04e95baeead6b79c4cff607556fb7129,True,2
test,483,487,1705,cf8bee4faf9f1e67678d45b7cd8c350d04e95baeead6b79c4cff607556fb7129,False,0,4488,4488,cf8bee4faf9f1e67678d45b7cd8c350d04e95baeead6b79c4cff607556fb7129,cf8bee4faf9f1e67678d45b7cd8c350d04e95baeead6b79c4cff607556fb7129,True,2
test,484,893,911,cf8bee4faf9f1e67678d45b7cd8c350d04e95baeead6b79c4cff607556fb7129,False,0,4488,4488,cf8bee4faf9f1e67678d45b7cd8c350d04e95baeead6b79c4cff607556fb7129,cf8bee4faf9f1e67678d45b7cd8c350d04e95baeead6b79c4cff607556fb7129,True,2
test,485,628,1764,cf8bee4faf9f1e67678d45b7cd8c350d04e95baeead6b79c4cff607556fb7129,False,0,4488,4488,cf8bee4faf9f1e67678d45b7cd8c350d04e95baeead6b79c4cff607556fb7129,cf8bee4faf9f1e67678d45b7cd8c350d04e95baeead6b79c4cff607556fb7129,True,2
test,486,264,1902,cf8bee4faf9f1e67678d45b7cd8c350d04e95baeead6b79c4cff607556fb7129,False,0,4488,4488,cf8bee4faf9f1e67678d45b7cd8c350d04e95baeead6b79c4cff607556fb7129,cf8bee4faf9f1e67678d45b7cd8c350d04e95baeead6b79c4cff607556fb7129,True,2
test,487,733,2304,cf8bee4faf9f1e67678d45b7cd8c350d04e95baeead6b79c4cff607556fb7129,False,0,4488,4488,cf8bee4faf9f1e67678d45b7cd8c350d04e95baeead6b79c4cff607556fb7129,cf8bee4faf9f1e67678d45b7cd8c350d04e95baeead6b79c4cff607556fb7129,True,2
test,488,795,1645,cf8bee4faf9f1e67678d45b7cd8c350d04e95baeead6b79c4cff607556fb7129,False,0,4488,4488,cf8bee4faf9f1e67678d45b7cd8c350d04e95baeead6b79c4cff607556fb7129,cf8bee4faf9f1e67678d45b7cd8c350d04e95baeead6b79c4cff607556fb7129,True,2
test,489,505,1258,cf8bee4faf9f1e67678d45b7cd8c350d04e95baeead6b79c4cff607556fb7129,False,0,4488,4488,cf8bee4faf9f1e67678d45b7cd8c350d04e95baeead6b79c4cff607556fb7129,cf8bee4faf9f1e67678d45b7cd8c350d04e95baeead6b79c4cff607556fb7129,True,2
test,490,63,1322,cf8bee4faf9f1e67678d45b7cd8c350d04e95baeead6b79c4cff607556fb7129,False,0,4488,4488,cf8bee4faf9f1e67678d45b7cd8c350d04e95baeead6b79c4cff607556fb7129,cf8bee4faf9f1e67678d45b7cd8c350d04e95baeead6b79c4cff607556fb7129,True,2
test,491,1430,1718,cf8bee4faf9f1e67678d45b7cd8c350d04e95baeead6b79c4cff607556fb7129,False,0,4488,4488,cf8bee4faf9f1e67678d45b7cd8c350d04e95baeead6b79c4cff607556fb7129,cf8bee4faf9f1e67678d45b7cd8c350d04e95baeead6b79c4cff607556fb7129,True,2
test,492,1750,1765,cf8bee4faf9f1e67678d45b7cd8c350d04e95baeead6b79c4cff607556fb7129,False,0,4488,4488,cf8bee4faf9f1e67678d45b7cd8c350d04e95baeead6b79c4cff607556fb7129,cf8bee4faf9f1e67678d45b7cd8c350d04e95baeead6b79c4cff607556fb7129,True,2
test,493,779,1919,cf8bee4faf9f1e67678d45b7cd8c350d04e95baeead6b79c4cff607556fb7129,False,0,4488,4488,cf8bee4faf9f1e67678d45b7cd8c350d04e95baeead6b79c4cff607556fb7129,cf8bee4faf9f1e67678d45b7cd8c350d04e95baeead6b79c4cff607556fb7129,True,2
test,494,986,2697,cf8bee4faf9f1e67678d45b7cd8c350d04e95baeead6b79c4cff607556fb7129,False,0,4488,4488,cf8bee4faf9f1e67678d45b7cd8c350d04e95baeead6b79c4cff607556fb7129,cf8bee4faf9f1e67678d45b7cd8c350d04e95baeead6b79c4cff607556fb7129,True,2
test,495,576,1810,cf8bee4faf9f1e67678d45b7cd8c350d04e95baeead6b79c4cff607556fb7129,False,0,4488,4488,cf8bee4faf9f1e67678d45b7cd8c350d04e95baeead6b79c4cff607556fb7129,cf8bee4faf9f1e67678d45b7cd8c350d04e95baeead6b79c4cff607556fb7129,True,2
test,496,274,749,cf8bee4faf9f1e67678d45b7cd8c350d04e95baeead6b79c4cff607556fb7129,False,0,4488,4488,cf8bee4faf9f1e67678d45b7cd8c350d04e95baeead6b79c4cff607556fb7129,cf8bee4faf9f1e67678d45b7cd8c350d04e95baeead6b79c4cff607556fb7129,True,2
test,497,1224,1587,cf8bee4faf9f1e67678d45b7cd8c350d04e95baeead6b79c4cff607556fb7129,False,0,4488,4488,cf8bee4faf9f1e67678d45b7cd8c350d04e95baeead6b79c4cff607556fb7129,cf8bee4faf9f1e67678d45b7cd8c350d04e95baeead6b79c4cff607556fb7129,True,2
test,498,610,2481,cf8bee4faf9f1e67678d45b7cd8c350d04e95baeead6b79c4cff607556fb7129,False,0,4488,4488,cf8bee4faf9f1e67678d45b7cd8c350d04e95baeead6b79c4cff607556fb7129,cf8bee4faf9f1e67678d45b7cd8c350d04e95baeead6b79c4cff607556fb7129,True,2
test,499,1903,2269,cf8bee4faf9f1e67678d45b7cd8c350d04e95baeead6b79c4cff607556fb7129,False,0,4488,4488,cf8bee4faf9f1e67678d45b7cd8c350d04e95baeead6b79c4cff607556fb7129,cf8bee4faf9f1e67678d45b7cd8c350d04e95baeead6b79c4cff607556fb7129,True,2
test,500,1358,1741,cf8bee4faf9f1e67678d45b7cd8c350d04e95baeead6b79c4cff607556fb7129,False,0,4488,4488,cf8bee4faf9f1e67678d45b7cd8c350d04e95baeead6b79c4cff607556fb7129,cf8bee4faf9f1e67678d45b7cd8c350d04e95baeead6b79c4cff607556fb7129,True,2
test,501,336,1950,cf8bee4faf9f1e67678d45b7cd8c350d04e95baeead6b79c4cff607556fb7129,False,0,4488,4488,cf8bee4faf9f1e67678d45b7cd8c350d04e95baeead6b79c4cff607556fb7129,cf8bee4faf9f1e67678d45b7cd8c350d04e95baeead6b79c4cff607556fb7129,True,2
test,502,146,897,cf8bee4faf9f1e67678d45b7cd8c350d04e95baeead6b79c4cff607556fb7129,False,0,4488,4488,cf8bee4faf9f1e67678d45b7cd8c350d04e95baeead6b79c4cff607556fb7129,cf8bee4faf9f1e67678d45b7cd8c350d04e95baeead6b79c4cff607556fb7129,True,2
test,503,154,364,cf8bee4faf9f1e67678d45b7cd8c350d04e95baeead6b79c4cff607556fb7129,False,0,4488,4488,cf8bee4faf9f1e67678d45b7cd8c350d04e95baeead6b79c4cff607556fb7129,cf8bee4faf9f1e67678d45b7cd8c350d04e95baeead6b79c4cff607556fb7129,True,2
test,504,1042,2198,cf8bee4faf9f1e67678d45b7cd8c350d04e95baeead6b79c4cff607556fb7129,False,0,4488,4488,cf8bee4faf9f1e67678d45b7cd8c350d04e95baeead6b79c4cff607556fb7129,cf8bee4faf9f1e67678d45b7cd8c350d04e95baeead6b79c4cff607556fb7129,True,2
test,505,167,168,cf8bee4faf9f1e67678d45b7cd8c350d04e95baeead6b79c4cff607556fb7129,False,0,4488,4488,cf8bee4faf9f1e67678d45b7cd8c350d04e95baeead6b79c4cff607556fb7129,cf8bee4faf9f1e67678d45b7cd8c350d04e95baeead6b79c4cff607556fb7129,True,2
test,506,1566,2071,cf8bee4faf9f1e67678d45b7cd8c350d04e95baeead6b79c4cff607556fb7129,False,0,4488,4488,cf8bee4faf9f1e67678d45b7cd8c350d04e95baeead6b79c4cff607556fb7129,cf8bee4faf9f1e67678d45b7cd8c350d04e95baeead6b79c4cff607556fb7129,True,2
test,507,603,795,cf8bee4faf9f1e67678d45b7cd8c350d04e95baeead6b79c4cff607556fb7129,False,0,4488,4488,cf8bee4faf9f1e67678d45b7cd8c350d04e95baeead6b79c4cff607556fb7129,cf8bee4faf9f1e67678d45b7cd8c350d04e95baeead6b79c4cff607556fb7129,True,2
test,508,55,210,cf8bee4faf9f1e67678d45b7cd8c350d04e95baeead6b79c4cff607556fb7129,False,0,4488,4488,cf8bee4faf9f1e67678d45b7cd8c350d04e95baeead6b79c4cff607556fb7129,cf8bee4faf9f1e67678d45b7cd8c350d04e95baeead6b79c4cff607556fb7129,True,2
test,509,1229,2439,cf8bee4faf9f1e67678d45b7cd8c350d04e95baeead6b79c4cff607556fb7129,False,0,4488,4488,cf8bee4faf9f1e67678d45b7cd8c350d04e95baeead6b79c4cff607556fb7129,cf8bee4faf9f1e67678d45b7cd8c350d04e95baeead6b79c4cff607556fb7129,True,2
test,510,963,2434,cf8bee4faf9f1e67678d45b7cd8c350d04e95baeead6b79c4cff607556fb7129,False,0,4488,4488,cf8bee4faf9f1e67678d45b7cd8c350d04e95baeead6b79c4cff607556fb7129,cf8bee4faf9f1e67678d45b7cd8c350d04e95baeead6b79c4cff607556fb7129,True,2
test,511,170,1358,cf8bee4faf9f1e67678d45b7cd8c350d04e95baeead6b79c4cff607556fb7129,False,0,4488,4488,cf8bee4faf9f1e67678d45b7cd8c350d04e95baeead6b79c4cff607556fb7129,cf8bee4faf9f1e67678d45b7cd8c350d04e95baeead6b79c4cff607556fb7129,True,2
